Lab,Subject,Condition,Trial,Electrode,Mean_Amplitude_uV,Item Number,Norming
EDIN,edin10,Violation_201,4.0,Pz,-10.42247,12.0,100.0
EDIN,edin10,Violation_201,4.0,Cz,2.663861,12.0,100.0
EDIN,edin10,Violation_201,4.0,CP1,-10.80192,12.0,100.0
EDIN,edin10,Violation_201,4.0,CP2,2.089304,12.0,100.0
EDIN,edin10,Violation_201,4.0,P3,-2.014854,12.0,100.0
EDIN,edin10,Violation_201,4.0,P4,-5.043684,12.0,100.0
EDIN,edin10,Violation_201,4.0,C3,-2.940167,12.0,100.0
EDIN,edin10,Violation_201,4.0,C4,-5.951912,12.0,100.0
EDIN,edin10,Violation_201,4.0,P7,-7.383487,12.0,100.0
EDIN,edin10,Violation_201,4.0,P8,4.32918,12.0,100.0
EDIN,edin10,Violation_201,4.0,O1,-3.650701,12.0,100.0
EDIN,edin10,Violation_201,4.0,O2,-9.078285,12.0,100.0
EDIN,edin10,Control_202,7.0,Pz,1.647795,13.0,97.0
EDIN,edin10,Control_202,7.0,Cz,-22.54137,13.0,97.0
EDIN,edin10,Control_202,7.0,CP1,-31.07604,13.0,97.0
EDIN,edin10,Control_202,7.0,CP2,-23.43881,13.0,97.0
EDIN,edin10,Control_202,7.0,P3,-20.30041,13.0,97.0
EDIN,edin10,Control_202,7.0,P4,-19.73433,13.0,97.0
EDIN,edin10,Control_202,7.0,C3,-33.60329,13.0,97.0
EDIN,edin10,Control_202,7.0,C4,-20.08332,13.0,97.0
EDIN,edin10,Control_202,7.0,P7,-24.02052,13.0,97.0
EDIN,edin10,Control_202,7.0,P8,-24.93981,13.0,97.0
EDIN,edin10,Control_202,7.0,O1,-12.4055,13.0,97.0
EDIN,edin10,Control_202,7.0,O2,-17.48409,13.0,97.0
EDIN,edin10,Violation_201,12.0,Pz,5.700102,3.0,100.0
EDIN,edin10,Violation_201,12.0,Cz,-21.97469,3.0,100.0
EDIN,edin10,Violation_201,12.0,CP1,15.7154,3.0,100.0
EDIN,edin10,Violation_201,12.0,CP2,1.217723,3.0,100.0
EDIN,edin10,Violation_201,12.0,P3,1.929509,3.0,100.0
EDIN,edin10,Violation_201,12.0,P4,0.3306278,3.0,100.0
EDIN,edin10,Violation_201,12.0,C3,-11.76252,3.0,100.0
EDIN,edin10,Violation_201,12.0,C4,1.014351,3.0,100.0
EDIN,edin10,Violation_201,12.0,P7,28.49796,3.0,100.0
EDIN,edin10,Violation_201,12.0,P8,-10.42092,3.0,100.0
EDIN,edin10,Violation_201,12.0,O1,-6.179789,3.0,100.0
EDIN,edin10,Violation_201,12.0,O2,-1.473271,3.0,100.0
EDIN,edin10,Control_202,11.0,Pz,1.434052,9.0,93.0
EDIN,edin10,Control_202,11.0,Cz,7.098618,9.0,93.0
EDIN,edin10,Control_202,11.0,CP1,3.986659,9.0,93.0
EDIN,edin10,Control_202,11.0,CP2,9.335833,9.0,93.0
EDIN,edin10,Control_202,11.0,P3,-3.16559,9.0,93.0
EDIN,edin10,Control_202,11.0,P4,3.115281,9.0,93.0
EDIN,edin10,Control_202,11.0,C3,10.96465,9.0,93.0
EDIN,edin10,Control_202,11.0,C4,3.90314,9.0,93.0
EDIN,edin10,Control_202,11.0,P7,-6.908463,9.0,93.0
EDIN,edin10,Control_202,11.0,P8,-0.6166936,9.0,93.0
EDIN,edin10,Control_202,11.0,O1,5.011374,9.0,93.0
EDIN,edin10,Control_202,11.0,O2,-12.47475,9.0,93.0
EDIN,edin10,Violation_201,8.0,Pz,4.080998,11.0,87.0
EDIN,edin10,Violation_201,8.0,Cz,-2.177938,11.0,87.0
EDIN,edin10,Violation_201,8.0,CP1,-2.683885,11.0,87.0
EDIN,edin10,Violation_201,8.0,CP2,0.9057309,11.0,87.0
EDIN,edin10,Violation_201,8.0,P3,-7.2316,11.0,87.0
EDIN,edin10,Violation_201,8.0,P4,-14.23266,11.0,87.0
EDIN,edin10,Violation_201,8.0,C3,10.40724,11.0,87.0
EDIN,edin10,Violation_201,8.0,C4,3.141694,11.0,87.0
EDIN,edin10,Violation_201,8.0,P7,-5.695282,11.0,87.0
EDIN,edin10,Violation_201,8.0,P8,-9.321396,11.0,87.0
EDIN,edin10,Violation_201,8.0,O1,3.532871,11.0,87.0
EDIN,edin10,Violation_201,8.0,O2,0.3875076,11.0,87.0
EDIN,edin10,Control_202,3.0,Pz,-4.543604,2.0,100.0
EDIN,edin10,Control_202,3.0,Cz,-15.66044,2.0,100.0
EDIN,edin10,Control_202,3.0,CP1,-16.64422,2.0,100.0
EDIN,edin10,Control_202,3.0,CP2,-25.53206,2.0,100.0
EDIN,edin10,Control_202,3.0,P3,-25.71571,2.0,100.0
EDIN,edin10,Control_202,3.0,P4,-14.64231,2.0,100.0
EDIN,edin10,Control_202,3.0,C3,-11.37212,2.0,100.0
EDIN,edin10,Control_202,3.0,C4,-28.52186,2.0,100.0
EDIN,edin10,Control_202,3.0,P7,-25.51758,2.0,100.0
EDIN,edin10,Control_202,3.0,P8,-25.67234,2.0,100.0
EDIN,edin10,Control_202,3.0,O1,-14.23688,2.0,100.0
EDIN,edin10,Control_202,3.0,O2,-24.5841,2.0,100.0
EDIN,edin10,Control_202,15.0,Pz,-9.462287,19.0,100.0
EDIN,edin10,Control_202,15.0,Cz,-1.504409,19.0,100.0
EDIN,edin10,Control_202,15.0,CP1,-16.01888,19.0,100.0
EDIN,edin10,Control_202,15.0,CP2,-10.23905,19.0,100.0
EDIN,edin10,Control_202,15.0,P3,-5.135163,19.0,100.0
EDIN,edin10,Control_202,15.0,P4,-0.4316709,19.0,100.0
EDIN,edin10,Control_202,15.0,C3,1.00727,19.0,100.0
EDIN,edin10,Control_202,15.0,C4,-2.176017,19.0,100.0
EDIN,edin10,Control_202,15.0,P7,-14.43143,19.0,100.0
EDIN,edin10,Control_202,15.0,P8,-6.49638,19.0,100.0
EDIN,edin10,Control_202,15.0,O1,-18.55985,19.0,100.0
EDIN,edin10,Control_202,15.0,O2,-7.31169,19.0,100.0
EDIN,edin10,Control_202,19.0,Pz,-18.60382,20.0,90.0
EDIN,edin10,Control_202,19.0,Cz,-10.36279,20.0,90.0
EDIN,edin10,Control_202,19.0,CP1,-18.74446,20.0,90.0
EDIN,edin10,Control_202,19.0,CP2,-12.30972,20.0,90.0
EDIN,edin10,Control_202,19.0,P3,-9.737325,20.0,90.0
EDIN,edin10,Control_202,19.0,P4,-12.99257,20.0,90.0
EDIN,edin10,Control_202,19.0,C3,-4.731444,20.0,90.0
EDIN,edin10,Control_202,19.0,C4,-18.54553,20.0,90.0
EDIN,edin10,Control_202,19.0,P7,-7.570269,20.0,90.0
EDIN,edin10,Control_202,19.0,P8,-19.71272,20.0,90.0
EDIN,edin10,Control_202,19.0,O1,7.074952,20.0,90.0
EDIN,edin10,Control_202,19.0,O2,-1.135483,20.0,90.0
EDIN,edin10,Violation_201,16.0,Pz,33.49161,16.0,93.0
EDIN,edin10,Violation_201,16.0,Cz,7.061679,16.0,93.0
EDIN,edin10,Violation_201,16.0,CP1,3.726072,16.0,93.0
EDIN,edin10,Violation_201,16.0,CP2,12.1197,16.0,93.0
EDIN,edin10,Violation_201,16.0,P3,4.727353,16.0,93.0
EDIN,edin10,Violation_201,16.0,P4,-0.1255567,16.0,93.0
EDIN,edin10,Violation_201,16.0,C3,12.41586,16.0,93.0
EDIN,edin10,Violation_201,16.0,C4,5.718874,16.0,93.0
EDIN,edin10,Violation_201,16.0,P7,18.29498,16.0,93.0
EDIN,edin10,Violation_201,16.0,P8,4.29462,16.0,93.0
EDIN,edin10,Violation_201,16.0,O1,28.15467,16.0,93.0
EDIN,edin10,Violation_201,16.0,O2,-4.236768,16.0,93.0
EDIN,edin10,Violation_201,20.0,Pz,-17.5321,5.0,93.0
EDIN,edin10,Violation_201,20.0,Cz,1.145494,5.0,93.0
EDIN,edin10,Violation_201,20.0,CP1,-2.044892,5.0,93.0
EDIN,edin10,Violation_201,20.0,CP2,1.872678,5.0,93.0
EDIN,edin10,Violation_201,20.0,P3,-1.792137,5.0,93.0
EDIN,edin10,Violation_201,20.0,P4,11.33227,5.0,93.0
EDIN,edin10,Violation_201,20.0,C3,-1.176208,5.0,93.0
EDIN,edin10,Violation_201,20.0,C4,5.746361,5.0,93.0
EDIN,edin10,Violation_201,20.0,P7,-1.4946,5.0,93.0
EDIN,edin10,Violation_201,20.0,P8,-15.74914,5.0,93.0
EDIN,edin10,Violation_201,20.0,O1,6.203858,5.0,93.0
EDIN,edin10,Violation_201,20.0,O2,3.057437,5.0,93.0
EDIN,edin10,Violation_201,36.0,Pz,-6.54811,32.0,80.0
EDIN,edin10,Violation_201,36.0,Cz,-8.891172,32.0,80.0
EDIN,edin10,Violation_201,36.0,CP1,-14.03797,32.0,80.0
EDIN,edin10,Violation_201,36.0,CP2,-9.80016,32.0,80.0
EDIN,edin10,Violation_201,36.0,P3,-7.252769,32.0,80.0
EDIN,edin10,Violation_201,36.0,P4,-5.979836,32.0,80.0
EDIN,edin10,Violation_201,36.0,C3,-11.40563,32.0,80.0
EDIN,edin10,Violation_201,36.0,C4,-2.803203,32.0,80.0
EDIN,edin10,Violation_201,36.0,P7,4.045821,32.0,80.0
EDIN,edin10,Violation_201,36.0,P8,-3.006367,32.0,80.0
EDIN,edin10,Violation_201,36.0,O1,-17.91318,32.0,80.0
EDIN,edin10,Violation_201,36.0,O2,-9.865607,32.0,80.0
EDIN,edin10,Violation_201,28.0,Pz,-11.51403,40.0,93.0
EDIN,edin10,Violation_201,28.0,Cz,11.47757,40.0,93.0
EDIN,edin10,Violation_201,28.0,CP1,11.72706,40.0,93.0
EDIN,edin10,Violation_201,28.0,CP2,1.946788,40.0,93.0
EDIN,edin10,Violation_201,28.0,P3,12.72789,40.0,93.0
EDIN,edin10,Violation_201,28.0,P4,3.929169,40.0,93.0
EDIN,edin10,Violation_201,28.0,C3,5.24406,40.0,93.0
EDIN,edin10,Violation_201,28.0,C4,-2.256044,40.0,93.0
EDIN,edin10,Violation_201,28.0,P7,31.38659,40.0,93.0
EDIN,edin10,Violation_201,28.0,P8,-2.478904,40.0,93.0
EDIN,edin10,Violation_201,28.0,O1,2.397579,40.0,93.0
EDIN,edin10,Violation_201,28.0,O2,11.43729,40.0,93.0
EDIN,edin10,Control_202,35.0,Pz,7.50638,31.0,77.0
EDIN,edin10,Control_202,35.0,Cz,-0.5837087,31.0,77.0
EDIN,edin10,Control_202,35.0,CP1,3.467644,31.0,77.0
EDIN,edin10,Control_202,35.0,CP2,-1.365459,31.0,77.0
EDIN,edin10,Control_202,35.0,P3,-4.570002,31.0,77.0
EDIN,edin10,Control_202,35.0,P4,-13.37715,31.0,77.0
EDIN,edin10,Control_202,35.0,C3,33.40525,31.0,77.0
EDIN,edin10,Control_202,35.0,C4,3.029275,31.0,77.0
EDIN,edin10,Control_202,35.0,P7,-17.95263,31.0,77.0
EDIN,edin10,Control_202,35.0,P8,-14.71464,31.0,77.0
EDIN,edin10,Control_202,35.0,O1,0.8751006,31.0,77.0
EDIN,edin10,Control_202,35.0,O2,-3.505915,31.0,77.0
EDIN,edin10,Violation_201,24.0,Pz,22.46804,38.0,93.0
EDIN,edin10,Violation_201,24.0,Cz,28.4776,38.0,93.0
EDIN,edin10,Violation_201,24.0,CP1,16.85841,38.0,93.0
EDIN,edin10,Violation_201,24.0,CP2,32.35609,38.0,93.0
EDIN,edin10,Violation_201,24.0,P3,22.23588,38.0,93.0
EDIN,edin10,Violation_201,24.0,P4,21.44254,38.0,93.0
EDIN,edin10,Violation_201,24.0,C3,28.37685,38.0,93.0
EDIN,edin10,Violation_201,24.0,C4,13.27982,38.0,93.0
EDIN,edin10,Violation_201,24.0,P7,-1.19168,38.0,93.0
EDIN,edin10,Violation_201,24.0,P8,3.618709,38.0,93.0
EDIN,edin10,Violation_201,24.0,O1,15.95225,38.0,93.0
EDIN,edin10,Violation_201,24.0,O2,-2.80077,38.0,93.0
EDIN,edin10,Violation_201,40.0,Pz,-3.995155,27.0,97.0
EDIN,edin10,Violation_201,40.0,Cz,-16.6817,27.0,97.0
EDIN,edin10,Violation_201,40.0,CP1,-15.70494,27.0,97.0
EDIN,edin10,Violation_201,40.0,CP2,-7.598716,27.0,97.0
EDIN,edin10,Violation_201,40.0,P3,-17.1059,27.0,97.0
EDIN,edin10,Violation_201,40.0,P4,-3.182781,27.0,97.0
EDIN,edin10,Violation_201,40.0,C3,-30.56512,27.0,97.0
EDIN,edin10,Violation_201,40.0,C4,2.275506,27.0,97.0
EDIN,edin10,Violation_201,40.0,P7,-31.86579,27.0,97.0
EDIN,edin10,Violation_201,40.0,P8,-17.16807,27.0,97.0
EDIN,edin10,Violation_201,40.0,O1,6.232105,27.0,97.0
EDIN,edin10,Violation_201,40.0,O2,0.3890447,27.0,97.0
EDIN,edin10,Control_202,39.0,Pz,-0.3075804,34.0,97.0
EDIN,edin10,Control_202,39.0,Cz,0.3436884,34.0,97.0
EDIN,edin10,Control_202,39.0,CP1,-4.978896,34.0,97.0
EDIN,edin10,Control_202,39.0,CP2,1.807906,34.0,97.0
EDIN,edin10,Control_202,39.0,P3,7.475186,34.0,97.0
EDIN,edin10,Control_202,39.0,P4,-10.00758,34.0,97.0
EDIN,edin10,Control_202,39.0,C3,-13.64291,34.0,97.0
EDIN,edin10,Control_202,39.0,C4,8.614144,34.0,97.0
EDIN,edin10,Control_202,39.0,P7,-28.0254,34.0,97.0
EDIN,edin10,Control_202,39.0,P8,4.056752,34.0,97.0
EDIN,edin10,Control_202,39.0,O1,1.744581,34.0,97.0
EDIN,edin10,Control_202,39.0,O2,-9.463071,34.0,97.0
EDIN,edin10,Control_202,23.0,Pz,-4.529394,28.0,27.0
EDIN,edin10,Control_202,23.0,Cz,-21.29624,28.0,27.0
EDIN,edin10,Control_202,23.0,CP1,-8.651758,28.0,27.0
EDIN,edin10,Control_202,23.0,CP2,-27.17561,28.0,27.0
EDIN,edin10,Control_202,23.0,P3,-23.03663,28.0,27.0
EDIN,edin10,Control_202,23.0,P4,-22.02734,28.0,27.0
EDIN,edin10,Control_202,23.0,C3,-20.98817,28.0,27.0
EDIN,edin10,Control_202,23.0,C4,-11.53488,28.0,27.0
EDIN,edin10,Control_202,23.0,P7,-26.50726,28.0,27.0
EDIN,edin10,Control_202,23.0,P8,-19.37494,28.0,27.0
EDIN,edin10,Control_202,23.0,O1,-11.13892,28.0,27.0
EDIN,edin10,Control_202,23.0,O2,-26.29086,28.0,27.0
EDIN,edin10,Control_202,31.0,Pz,-15.77303,21.0,77.0
EDIN,edin10,Control_202,31.0,Cz,-4.574025,21.0,77.0
EDIN,edin10,Control_202,31.0,CP1,-30.02745,21.0,77.0
EDIN,edin10,Control_202,31.0,CP2,-15.17307,21.0,77.0
EDIN,edin10,Control_202,31.0,P3,-26.35546,21.0,77.0
EDIN,edin10,Control_202,31.0,P4,-17.02955,21.0,77.0
EDIN,edin10,Control_202,31.0,C3,-33.17666,21.0,77.0
EDIN,edin10,Control_202,31.0,C4,14.81957,21.0,77.0
EDIN,edin10,Control_202,31.0,P7,0.06001751,21.0,77.0
EDIN,edin10,Control_202,31.0,P8,-6.003736,21.0,77.0
EDIN,edin10,Control_202,31.0,O1,-4.182154,21.0,77.0
EDIN,edin10,Control_202,31.0,O2,-15.6274,21.0,77.0
EDIN,edin10,Violation_201,32.0,Pz,4.885684,22.0,53.0
EDIN,edin10,Violation_201,32.0,Cz,9.423672,22.0,53.0
EDIN,edin10,Violation_201,32.0,CP1,-4.174654,22.0,53.0
EDIN,edin10,Violation_201,32.0,CP2,8.855821,22.0,53.0
EDIN,edin10,Violation_201,32.0,P3,-6.266367,22.0,53.0
EDIN,edin10,Violation_201,32.0,P4,3.451473,22.0,53.0
EDIN,edin10,Violation_201,32.0,C3,14.62641,22.0,53.0
EDIN,edin10,Violation_201,32.0,C4,2.037786,22.0,53.0
EDIN,edin10,Violation_201,32.0,P7,-4.397547,22.0,53.0
EDIN,edin10,Violation_201,32.0,P8,0.8836271,22.0,53.0
EDIN,edin10,Violation_201,32.0,O1,-11.05746,22.0,53.0
EDIN,edin10,Violation_201,32.0,O2,-7.243104,22.0,53.0
EDIN,edin10,Control_202,27.0,Pz,-3.198892,24.0,93.0
EDIN,edin10,Control_202,27.0,Cz,-6.75841,24.0,93.0
EDIN,edin10,Control_202,27.0,CP1,4.848618,24.0,93.0
EDIN,edin10,Control_202,27.0,CP2,-6.407866,24.0,93.0
EDIN,edin10,Control_202,27.0,P3,0.7496567,24.0,93.0
EDIN,edin10,Control_202,27.0,P4,0.8944085,24.0,93.0
EDIN,edin10,Control_202,27.0,C3,-9.641434,24.0,93.0
EDIN,edin10,Control_202,27.0,C4,-4.500743,24.0,93.0
EDIN,edin10,Control_202,27.0,P7,-13.43656,24.0,93.0
EDIN,edin10,Control_202,27.0,P8,18.24905,24.0,93.0
EDIN,edin10,Control_202,27.0,O1,3.904347,24.0,93.0
EDIN,edin10,Control_202,27.0,O2,3.833486,24.0,93.0
EDIN,edin10,Control_202,59.0,Pz,-2.228915,51.0,90.0
EDIN,edin10,Control_202,59.0,Cz,-24.14148,51.0,90.0
EDIN,edin10,Control_202,59.0,CP1,-22.34119,51.0,90.0
EDIN,edin10,Control_202,59.0,CP2,-30.52946,51.0,90.0
EDIN,edin10,Control_202,59.0,P3,-29.24058,51.0,90.0
EDIN,edin10,Control_202,59.0,P4,-18.55883,51.0,90.0
EDIN,edin10,Control_202,59.0,C3,-33.66832,51.0,90.0
EDIN,edin10,Control_202,59.0,C4,-24.3194,51.0,90.0
EDIN,edin10,Control_202,59.0,P7,-28.28629,51.0,90.0
EDIN,edin10,Control_202,59.0,P8,-20.2693,51.0,90.0
EDIN,edin10,Control_202,59.0,O1,-23.88912,51.0,90.0
EDIN,edin10,Control_202,59.0,O2,-29.33656,51.0,90.0
EDIN,edin10,Violation_201,48.0,Pz,17.733,42.0,37.0
EDIN,edin10,Violation_201,48.0,Cz,-0.572323,42.0,37.0
EDIN,edin10,Violation_201,48.0,CP1,-3.819984,42.0,37.0
EDIN,edin10,Violation_201,48.0,CP2,0.3325187,42.0,37.0
EDIN,edin10,Violation_201,48.0,P3,4.688823,42.0,37.0
EDIN,edin10,Violation_201,48.0,P4,1.74322,42.0,37.0
EDIN,edin10,Violation_201,48.0,C3,9.243549,42.0,37.0
EDIN,edin10,Violation_201,48.0,C4,7.036306,42.0,37.0
EDIN,edin10,Violation_201,48.0,P7,21.62942,42.0,37.0
EDIN,edin10,Violation_201,48.0,P8,-10.74714,42.0,37.0
EDIN,edin10,Violation_201,48.0,O1,16.44218,42.0,37.0
EDIN,edin10,Violation_201,48.0,O2,6.408309,42.0,37.0
EDIN,edin10,Violation_201,43.0,Pz,-8.191527,49.0,40.0
EDIN,edin10,Violation_201,43.0,Cz,8.06627,49.0,40.0
EDIN,edin10,Violation_201,43.0,CP1,13.09816,49.0,40.0
EDIN,edin10,Violation_201,43.0,CP2,-1.400783,49.0,40.0
EDIN,edin10,Violation_201,43.0,P3,0.2181394,49.0,40.0
EDIN,edin10,Violation_201,43.0,P4,-3.331014,49.0,40.0
EDIN,edin10,Violation_201,43.0,C3,17.42982,49.0,40.0
EDIN,edin10,Violation_201,43.0,C4,1.335693,49.0,40.0
EDIN,edin10,Violation_201,43.0,P7,12.99497,49.0,40.0
EDIN,edin10,Violation_201,43.0,P8,0.70186,49.0,40.0
EDIN,edin10,Violation_201,43.0,O1,9.514952,49.0,40.0
EDIN,edin10,Violation_201,43.0,O2,-0.9851998,49.0,40.0
EDIN,edin10,Violation_201,56.0,Pz,-3.803464,55.0,93.0
EDIN,edin10,Violation_201,56.0,Cz,-9.904012,55.0,93.0
EDIN,edin10,Violation_201,56.0,CP1,-2.266273,55.0,93.0
EDIN,edin10,Violation_201,56.0,CP2,-12.70018,55.0,93.0
EDIN,edin10,Violation_201,56.0,P3,-5.54365,55.0,93.0
EDIN,edin10,Violation_201,56.0,P4,-6.881505,55.0,93.0
EDIN,edin10,Violation_201,56.0,C3,-20.44134,55.0,93.0
EDIN,edin10,Violation_201,56.0,C4,-9.743776,55.0,93.0
EDIN,edin10,Violation_201,56.0,P7,-0.9485108,55.0,93.0
EDIN,edin10,Violation_201,56.0,P8,-24.66149,55.0,93.0
EDIN,edin10,Violation_201,56.0,O1,-10.31318,55.0,93.0
EDIN,edin10,Violation_201,56.0,O2,-24.25575,55.0,93.0
EDIN,edin10,Violation_201,60.0,Pz,-42.253,47.0,100.0
EDIN,edin10,Violation_201,60.0,Cz,-34.05782,47.0,100.0
EDIN,edin10,Violation_201,60.0,CP1,-33.83728,47.0,100.0
EDIN,edin10,Violation_201,60.0,CP2,-42.21761,47.0,100.0
EDIN,edin10,Violation_201,60.0,P3,-35.00295,47.0,100.0
EDIN,edin10,Violation_201,60.0,P4,-23.86564,47.0,100.0
EDIN,edin10,Violation_201,60.0,C3,-26.23419,47.0,100.0
EDIN,edin10,Violation_201,60.0,C4,-38.84516,47.0,100.0
EDIN,edin10,Violation_201,60.0,P7,-31.05032,47.0,100.0
EDIN,edin10,Violation_201,60.0,P8,-30.03027,47.0,100.0
EDIN,edin10,Violation_201,60.0,O1,-32.56144,47.0,100.0
EDIN,edin10,Violation_201,60.0,O2,-41.04678,47.0,100.0
EDIN,edin10,Violation_201,52.0,Pz,-19.33402,57.0,69.0
EDIN,edin10,Violation_201,52.0,Cz,3.533565,57.0,69.0
EDIN,edin10,Violation_201,52.0,CP1,-8.801712,57.0,69.0
EDIN,edin10,Violation_201,52.0,CP2,-15.129,57.0,69.0
EDIN,edin10,Violation_201,52.0,P3,-4.668284,57.0,69.0
EDIN,edin10,Violation_201,52.0,P4,-13.02747,57.0,69.0
EDIN,edin10,Violation_201,52.0,C3,9.260931,57.0,69.0
EDIN,edin10,Violation_201,52.0,C4,-0.07333393,57.0,69.0
EDIN,edin10,Violation_201,52.0,P7,-5.189953,57.0,69.0
EDIN,edin10,Violation_201,52.0,P8,-6.707554,57.0,69.0
EDIN,edin10,Violation_201,52.0,O1,0.754334,57.0,69.0
EDIN,edin10,Violation_201,52.0,O2,5.28688,57.0,69.0
EDIN,edin10,Control_202,55.0,Pz,-25.05938,50.0,37.0
EDIN,edin10,Control_202,55.0,Cz,-13.06557,50.0,37.0
EDIN,edin10,Control_202,55.0,CP1,-14.74692,50.0,37.0
EDIN,edin10,Control_202,55.0,CP2,-16.01707,50.0,37.0
EDIN,edin10,Control_202,55.0,P3,-20.24528,50.0,37.0
EDIN,edin10,Control_202,55.0,P4,-4.562865,50.0,37.0
EDIN,edin10,Control_202,55.0,C3,-29.08059,50.0,37.0
EDIN,edin10,Control_202,55.0,C4,-15.76783,50.0,37.0
EDIN,edin10,Control_202,55.0,P7,-26.14056,50.0,37.0
EDIN,edin10,Control_202,55.0,P8,-26.82505,50.0,37.0
EDIN,edin10,Control_202,55.0,O1,-20.14742,50.0,37.0
EDIN,edin10,Control_202,55.0,O2,-26.79614,50.0,37.0
EDIN,edin10,Control_202,44.0,Pz,33.14135,53.0,93.0
EDIN,edin10,Control_202,44.0,Cz,25.94591,53.0,93.0
EDIN,edin10,Control_202,44.0,CP1,9.16173,53.0,93.0
EDIN,edin10,Control_202,44.0,CP2,30.18636,53.0,93.0
EDIN,edin10,Control_202,44.0,P3,16.20211,53.0,93.0
EDIN,edin10,Control_202,44.0,P4,15.4735,53.0,93.0
EDIN,edin10,Control_202,44.0,C3,24.87586,53.0,93.0
EDIN,edin10,Control_202,44.0,C4,29.71835,53.0,93.0
EDIN,edin10,Control_202,44.0,P7,1.859027,53.0,93.0
EDIN,edin10,Control_202,44.0,P8,15.02896,53.0,93.0
EDIN,edin10,Control_202,44.0,O1,18.43672,53.0,93.0
EDIN,edin10,Control_202,44.0,O2,3.076693,53.0,93.0
EDIN,edin10,Control_202,51.0,Pz,6.553122,60.0,90.0
EDIN,edin10,Control_202,51.0,Cz,2.015905,60.0,90.0
EDIN,edin10,Control_202,51.0,CP1,4.314943,60.0,90.0
EDIN,edin10,Control_202,51.0,CP2,-0.5677373,60.0,90.0
EDIN,edin10,Control_202,51.0,P3,6.738962,60.0,90.0
EDIN,edin10,Control_202,51.0,P4,0.4347794,60.0,90.0
EDIN,edin10,Control_202,51.0,C3,1.953846,60.0,90.0
EDIN,edin10,Control_202,51.0,C4,-0.98063,60.0,90.0
EDIN,edin10,Control_202,51.0,P7,3.318958,60.0,90.0
EDIN,edin10,Control_202,51.0,P8,4.439756,60.0,90.0
EDIN,edin10,Control_202,51.0,O1,0.5565708,60.0,90.0
EDIN,edin10,Control_202,51.0,O2,6.538369,60.0,90.0
EDIN,edin10,Control_202,47.0,Pz,-16.43102,43.0,93.0
EDIN,edin10,Control_202,47.0,Cz,0.01189969,43.0,93.0
EDIN,edin10,Control_202,47.0,CP1,7.142045,43.0,93.0
EDIN,edin10,Control_202,47.0,CP2,-5.427084,43.0,93.0
EDIN,edin10,Control_202,47.0,P3,-3.195039,43.0,93.0
EDIN,edin10,Control_202,47.0,P4,-8.239929,43.0,93.0
EDIN,edin10,Control_202,47.0,C3,11.92158,43.0,93.0
EDIN,edin10,Control_202,47.0,C4,-8.71875,43.0,93.0
EDIN,edin10,Control_202,47.0,P7,-17.23576,43.0,93.0
EDIN,edin10,Control_202,47.0,P8,-1.631091,43.0,93.0
EDIN,edin10,Control_202,47.0,O1,-8.337748,43.0,93.0
EDIN,edin10,Control_202,47.0,O2,-5.473114,43.0,93.0
EDIN,edin10,Control_202,79.0,Pz,16.89326,73.0,80.0
EDIN,edin10,Control_202,79.0,Cz,10.31887,73.0,80.0
EDIN,edin10,Control_202,79.0,CP1,10.15548,73.0,80.0
EDIN,edin10,Control_202,79.0,CP2,16.86132,73.0,80.0
EDIN,edin10,Control_202,79.0,P3,21.81633,73.0,80.0
EDIN,edin10,Control_202,79.0,P4,17.49509,73.0,80.0
EDIN,edin10,Control_202,79.0,C3,23.53457,73.0,80.0
EDIN,edin10,Control_202,79.0,C4,25.11775,73.0,80.0
EDIN,edin10,Control_202,79.0,P7,37.43881,73.0,80.0
EDIN,edin10,Control_202,79.0,P8,14.05188,73.0,80.0
EDIN,edin10,Control_202,79.0,O1,17.27548,73.0,80.0
EDIN,edin10,Control_202,79.0,O2,-0.2584009,73.0,80.0
EDIN,edin10,Violation_201,64.0,Pz,-6.252001,78.0,97.0
EDIN,edin10,Violation_201,64.0,Cz,7.554669,78.0,97.0
EDIN,edin10,Violation_201,64.0,CP1,7.022228,78.0,97.0
EDIN,edin10,Violation_201,64.0,CP2,4.22203,78.0,97.0
EDIN,edin10,Violation_201,64.0,P3,0.6645901,78.0,97.0
EDIN,edin10,Violation_201,64.0,P4,0.8669804,78.0,97.0
EDIN,edin10,Violation_201,64.0,C3,14.81918,78.0,97.0
EDIN,edin10,Violation_201,64.0,C4,5.988278,78.0,97.0
EDIN,edin10,Violation_201,64.0,P7,-11.05774,78.0,97.0
EDIN,edin10,Violation_201,64.0,P8,0.9327992,78.0,97.0
EDIN,edin10,Violation_201,64.0,O1,-4.843451,78.0,97.0
EDIN,edin10,Violation_201,64.0,O2,9.807846,78.0,97.0
EDIN,edin10,Control_202,67.0,Pz,-18.43481,67.0,87.0
EDIN,edin10,Control_202,67.0,Cz,-8.375689,67.0,87.0
EDIN,edin10,Control_202,67.0,CP1,-14.56156,67.0,87.0
EDIN,edin10,Control_202,67.0,CP2,-18.72949,67.0,87.0
EDIN,edin10,Control_202,67.0,P3,-14.85876,67.0,87.0
EDIN,edin10,Control_202,67.0,P4,-10.90936,67.0,87.0
EDIN,edin10,Control_202,67.0,C3,-18.31685,67.0,87.0
EDIN,edin10,Control_202,67.0,C4,-16.99924,67.0,87.0
EDIN,edin10,Control_202,67.0,P7,-6.957805,67.0,87.0
EDIN,edin10,Control_202,67.0,P8,-16.2274,67.0,87.0
EDIN,edin10,Control_202,67.0,O1,-23.78196,67.0,87.0
EDIN,edin10,Control_202,67.0,O2,-16.40435,67.0,87.0
EDIN,edin10,Violation_201,72.0,Pz,-21.88248,63.0,83.0
EDIN,edin10,Violation_201,72.0,Cz,-17.35118,63.0,83.0
EDIN,edin10,Violation_201,72.0,CP1,7.47622,63.0,83.0
EDIN,edin10,Violation_201,72.0,CP2,-29.52624,63.0,83.0
EDIN,edin10,Violation_201,72.0,P3,-17.3823,63.0,83.0
EDIN,edin10,Violation_201,72.0,P4,-18.3273,63.0,83.0
EDIN,edin10,Violation_201,72.0,C3,1.447782,63.0,83.0
EDIN,edin10,Violation_201,72.0,C4,-22.21632,63.0,83.0
EDIN,edin10,Violation_201,72.0,P7,-0.7603924,63.0,83.0
EDIN,edin10,Violation_201,72.0,P8,-14.92329,63.0,83.0
EDIN,edin10,Violation_201,72.0,O1,-23.83582,63.0,83.0
EDIN,edin10,Violation_201,72.0,O2,-14.17029,63.0,83.0
EDIN,edin10,Violation_201,80.0,Pz,5.841622,71.0,90.0
EDIN,edin10,Violation_201,80.0,Cz,14.50156,71.0,90.0
EDIN,edin10,Violation_201,80.0,CP1,22.81778,71.0,90.0
EDIN,edin10,Violation_201,80.0,CP2,5.695405,71.0,90.0
EDIN,edin10,Violation_201,80.0,P3,9.942176,71.0,90.0
EDIN,edin10,Violation_201,80.0,P4,7.487244,71.0,90.0
EDIN,edin10,Violation_201,80.0,C3,13.78364,71.0,90.0
EDIN,edin10,Violation_201,80.0,C4,10.92382,71.0,90.0
EDIN,edin10,Violation_201,80.0,P7,-4.735508,71.0,90.0
EDIN,edin10,Violation_201,80.0,P8,16.00171,71.0,90.0
EDIN,edin10,Violation_201,80.0,O1,13.79315,71.0,90.0
EDIN,edin10,Violation_201,80.0,O2,31.82699,71.0,90.0
EDIN,edin10,Violation_201,68.0,Pz,3.987011,72.0,90.0
EDIN,edin10,Violation_201,68.0,Cz,8.912814,72.0,90.0
EDIN,edin10,Violation_201,68.0,CP1,3.017509,72.0,90.0
EDIN,edin10,Violation_201,68.0,CP2,1.132364,72.0,90.0
EDIN,edin10,Violation_201,68.0,P3,1.330132,72.0,90.0
EDIN,edin10,Violation_201,68.0,P4,9.487568,72.0,90.0
EDIN,edin10,Violation_201,68.0,C3,16.51867,72.0,90.0
EDIN,edin10,Violation_201,68.0,C4,-3.074749,72.0,90.0
EDIN,edin10,Violation_201,68.0,P7,4.870811,72.0,90.0
EDIN,edin10,Violation_201,68.0,P8,5.375961,72.0,90.0
EDIN,edin10,Violation_201,68.0,O1,-2.119696,72.0,90.0
EDIN,edin10,Violation_201,68.0,O2,-11.8924,72.0,90.0
EDIN,edin10,Control_202,63.0,Pz,-21.42566,79.0,97.0
EDIN,edin10,Control_202,63.0,Cz,-12.30667,79.0,97.0
EDIN,edin10,Control_202,63.0,CP1,-11.17772,79.0,97.0
EDIN,edin10,Control_202,63.0,CP2,-14.70551,79.0,97.0
EDIN,edin10,Control_202,63.0,P3,-10.96517,79.0,97.0
EDIN,edin10,Control_202,63.0,P4,-15.00101,79.0,97.0
EDIN,edin10,Control_202,63.0,C3,-9.594652,79.0,97.0
EDIN,edin10,Control_202,63.0,C4,-8.109669,79.0,97.0
EDIN,edin10,Control_202,63.0,P7,-15.23386,79.0,97.0
EDIN,edin10,Control_202,63.0,P8,-14.52797,79.0,97.0
EDIN,edin10,Control_202,63.0,O1,-10.40554,79.0,97.0
EDIN,edin10,Control_202,63.0,O2,-21.44582,79.0,97.0
EDIN,edin10,Violation_201,76.0,Pz,8.108868,62.0,70.0
EDIN,edin10,Violation_201,76.0,Cz,10.82716,62.0,70.0
EDIN,edin10,Violation_201,76.0,CP1,12.75526,62.0,70.0
EDIN,edin10,Violation_201,76.0,CP2,5.352226,62.0,70.0
EDIN,edin10,Violation_201,76.0,P3,9.064528,62.0,70.0
EDIN,edin10,Violation_201,76.0,P4,8.755713,62.0,70.0
EDIN,edin10,Violation_201,76.0,C3,11.38419,62.0,70.0
EDIN,edin10,Violation_201,76.0,C4,17.18669,62.0,70.0
EDIN,edin10,Violation_201,76.0,P7,4.02352,62.0,70.0
EDIN,edin10,Violation_201,76.0,P8,8.453465,62.0,70.0
EDIN,edin10,Violation_201,76.0,O1,18.00063,62.0,70.0
EDIN,edin10,Violation_201,76.0,O2,2.283598,62.0,70.0
EDIN,edin10,Control_202,75.0,Pz,-7.841323,75.0,60.0
EDIN,edin10,Control_202,75.0,Cz,-10.60458,75.0,60.0
EDIN,edin10,Control_202,75.0,CP1,-19.28285,75.0,60.0
EDIN,edin10,Control_202,75.0,CP2,-14.65725,75.0,60.0
EDIN,edin10,Control_202,75.0,P3,-18.82818,75.0,60.0
EDIN,edin10,Control_202,75.0,P4,-17.09305,75.0,60.0
EDIN,edin10,Control_202,75.0,C3,-15.86806,75.0,60.0
EDIN,edin10,Control_202,75.0,C4,-9.84483,75.0,60.0
EDIN,edin10,Control_202,75.0,P7,-23.60506,75.0,60.0
EDIN,edin10,Control_202,75.0,P8,-20.11666,75.0,60.0
EDIN,edin10,Control_202,75.0,O1,-10.67207,75.0,60.0
EDIN,edin10,Control_202,75.0,O2,-15.58023,75.0,60.0
EDIN,edin10,Control_202,71.0,Pz,-20.56479,68.0,27.0
EDIN,edin10,Control_202,71.0,Cz,-12.97222,68.0,27.0
EDIN,edin10,Control_202,71.0,CP1,-6.170437,68.0,27.0
EDIN,edin10,Control_202,71.0,CP2,-12.21944,68.0,27.0
EDIN,edin10,Control_202,71.0,P3,-2.762687,68.0,27.0
EDIN,edin10,Control_202,71.0,P4,-3.954628,68.0,27.0
EDIN,edin10,Control_202,71.0,C3,-12.8136,68.0,27.0
EDIN,edin10,Control_202,71.0,C4,-11.43958,68.0,27.0
EDIN,edin10,Control_202,71.0,P7,2.537241,68.0,27.0
EDIN,edin10,Control_202,71.0,P8,-7.001159,68.0,27.0
EDIN,edin10,Control_202,71.0,O1,-12.8163,68.0,27.0
EDIN,edin10,Control_202,71.0,O2,-11.59945,68.0,27.0
EDIN,edin11,Control_202,13.0,Pz,-15.17912,9.0,93.0
EDIN,edin11,Control_202,13.0,Cz,-23.23813,9.0,93.0
EDIN,edin11,Control_202,13.0,CP1,-18.23026,9.0,93.0
EDIN,edin11,Control_202,13.0,CP2,-23.79033,9.0,93.0
EDIN,edin11,Control_202,13.0,P3,-22.60617,9.0,93.0
EDIN,edin11,Control_202,13.0,P4,-18.61431,9.0,93.0
EDIN,edin11,Control_202,13.0,C3,-21.48786,9.0,93.0
EDIN,edin11,Control_202,13.0,C4,-24.35409,9.0,93.0
EDIN,edin11,Control_202,13.0,P7,0.2638939,9.0,93.0
EDIN,edin11,Control_202,13.0,P8,-11.73331,9.0,93.0
EDIN,edin11,Control_202,13.0,O1,-5.334443,9.0,93.0
EDIN,edin11,Control_202,13.0,O2,-10.43979,9.0,93.0
EDIN,edin11,Violation_201,10.0,Pz,-1.904181,15.0,90.0
EDIN,edin11,Violation_201,10.0,Cz,-6.828391,15.0,90.0
EDIN,edin11,Violation_201,10.0,CP1,-4.055541,15.0,90.0
EDIN,edin11,Violation_201,10.0,CP2,-0.2089003,15.0,90.0
EDIN,edin11,Violation_201,10.0,P3,-12.29596,15.0,90.0
EDIN,edin11,Violation_201,10.0,P4,0.7856916,15.0,90.0
EDIN,edin11,Violation_201,10.0,C3,-20.52997,15.0,90.0
EDIN,edin11,Violation_201,10.0,C4,-1.284225,15.0,90.0
EDIN,edin11,Violation_201,10.0,P7,-6.468623,15.0,90.0
EDIN,edin11,Violation_201,10.0,P8,4.293711,15.0,90.0
EDIN,edin11,Violation_201,10.0,O1,-4.156315,15.0,90.0
EDIN,edin11,Violation_201,10.0,O2,0.8665823,15.0,90.0
EDIN,edin11,Control_202,17.0,Pz,-3.340399,18.0,87.0
EDIN,edin11,Control_202,17.0,Cz,-5.217954,18.0,87.0
EDIN,edin11,Control_202,17.0,CP1,-1.648555,18.0,87.0
EDIN,edin11,Control_202,17.0,CP2,-8.119618,18.0,87.0
EDIN,edin11,Control_202,17.0,P3,-5.109474,18.0,87.0
EDIN,edin11,Control_202,17.0,P4,-13.94741,18.0,87.0
EDIN,edin11,Control_202,17.0,C3,-5.078552,18.0,87.0
EDIN,edin11,Control_202,17.0,C4,0.07362823,18.0,87.0
EDIN,edin11,Control_202,17.0,P7,-18.51064,18.0,87.0
EDIN,edin11,Control_202,17.0,P8,-6.850593,18.0,87.0
EDIN,edin11,Control_202,17.0,O1,-7.182089,18.0,87.0
EDIN,edin11,Control_202,17.0,O2,-7.720592,18.0,87.0
EDIN,edin11,Control_202,5.0,Pz,-32.71341,16.0,93.0
EDIN,edin11,Control_202,5.0,Cz,-39.18237,16.0,93.0
EDIN,edin11,Control_202,5.0,CP1,-26.36104,16.0,93.0
EDIN,edin11,Control_202,5.0,CP2,-29.53973,16.0,93.0
EDIN,edin11,Control_202,5.0,P3,-9.605947,16.0,93.0
EDIN,edin11,Control_202,5.0,P4,-31.97602,16.0,93.0
EDIN,edin11,Control_202,5.0,C3,-24.05979,16.0,93.0
EDIN,edin11,Control_202,5.0,C4,-29.08613,16.0,93.0
EDIN,edin11,Control_202,5.0,P7,-60.88924,16.0,93.0
EDIN,edin11,Control_202,5.0,P8,-39.28492,16.0,93.0
EDIN,edin11,Control_202,5.0,O1,-39.64046,16.0,93.0
EDIN,edin11,Control_202,5.0,O2,-44.57874,16.0,93.0
EDIN,edin11,Control_202,1.0,Pz,-0.4199358,13.0,97.0
EDIN,edin11,Control_202,1.0,Cz,8.890011,13.0,97.0
EDIN,edin11,Control_202,1.0,CP1,17.44722,13.0,97.0
EDIN,edin11,Control_202,1.0,CP2,9.9128,13.0,97.0
EDIN,edin11,Control_202,1.0,P3,4.594767,13.0,97.0
EDIN,edin11,Control_202,1.0,P4,4.338041,13.0,97.0
EDIN,edin11,Control_202,1.0,C3,20.15744,13.0,97.0
EDIN,edin11,Control_202,1.0,C4,16.51695,13.0,97.0
EDIN,edin11,Control_202,1.0,P7,17.73789,13.0,97.0
EDIN,edin11,Control_202,1.0,P8,3.003855,13.0,97.0
EDIN,edin11,Control_202,1.0,O1,1.917582,13.0,97.0
EDIN,edin11,Control_202,1.0,O2,-0.4053287,13.0,97.0
EDIN,edin11,Control_202,9.0,Pz,-1.818829,8.0,97.0
EDIN,edin11,Control_202,9.0,Cz,-7.094696,8.0,97.0
EDIN,edin11,Control_202,9.0,CP1,0.5199993,8.0,97.0
EDIN,edin11,Control_202,9.0,CP2,1.958738,8.0,97.0
EDIN,edin11,Control_202,9.0,P3,-7.394482,8.0,97.0
EDIN,edin11,Control_202,9.0,P4,3.342983,8.0,97.0
EDIN,edin11,Control_202,9.0,C3,-11.34123,8.0,97.0
EDIN,edin11,Control_202,9.0,C4,-6.950497,8.0,97.0
EDIN,edin11,Control_202,9.0,P7,44.40555,8.0,97.0
EDIN,edin11,Control_202,9.0,P8,-2.616447,8.0,97.0
EDIN,edin11,Control_202,9.0,O1,4.535093,8.0,97.0
EDIN,edin11,Control_202,9.0,O2,-0.380649,8.0,97.0
EDIN,edin11,Violation_201,6.0,Pz,-17.65668,10.0,80.0
EDIN,edin11,Violation_201,6.0,Cz,-35.82479,10.0,80.0
EDIN,edin11,Violation_201,6.0,CP1,-25.65205,10.0,80.0
EDIN,edin11,Violation_201,6.0,CP2,-18.3127,10.0,80.0
EDIN,edin11,Violation_201,6.0,P3,10.19857,10.0,80.0
EDIN,edin11,Violation_201,6.0,P4,-14.73262,10.0,80.0
EDIN,edin11,Violation_201,6.0,C3,-18.89721,10.0,80.0
EDIN,edin11,Violation_201,6.0,C4,-21.62771,10.0,80.0
EDIN,edin11,Violation_201,6.0,P7,-5.340501,10.0,80.0
EDIN,edin11,Violation_201,6.0,P8,-7.143425,10.0,80.0
EDIN,edin11,Violation_201,6.0,O1,-7.635087,10.0,80.0
EDIN,edin11,Violation_201,6.0,O2,-11.3219,10.0,80.0
EDIN,edin11,Violation_201,18.0,Pz,-24.34669,12.0,100.0
EDIN,edin11,Violation_201,18.0,Cz,-13.83304,12.0,100.0
EDIN,edin11,Violation_201,18.0,CP1,-19.11523,12.0,100.0
EDIN,edin11,Violation_201,18.0,CP2,-20.85204,12.0,100.0
EDIN,edin11,Violation_201,18.0,P3,-1.009178,12.0,100.0
EDIN,edin11,Violation_201,18.0,P4,-16.3604,12.0,100.0
EDIN,edin11,Violation_201,18.0,C3,-11.38602,12.0,100.0
EDIN,edin11,Violation_201,18.0,C4,-15.1533,12.0,100.0
EDIN,edin11,Violation_201,18.0,P7,-10.48894,12.0,100.0
EDIN,edin11,Violation_201,18.0,P8,-14.74309,12.0,100.0
EDIN,edin11,Violation_201,18.0,O1,-17.76894,12.0,100.0
EDIN,edin11,Violation_201,18.0,O2,-7.516281,12.0,100.0
EDIN,edin11,Violation_201,2.0,Pz,0.2992618,11.0,87.0
EDIN,edin11,Violation_201,2.0,Cz,20.32877,11.0,87.0
EDIN,edin11,Violation_201,2.0,CP1,9.414069,11.0,87.0
EDIN,edin11,Violation_201,2.0,CP2,15.43742,11.0,87.0
EDIN,edin11,Violation_201,2.0,P3,-9.643157,11.0,87.0
EDIN,edin11,Violation_201,2.0,P4,-2.698946,11.0,87.0
EDIN,edin11,Violation_201,2.0,C3,6.326763,11.0,87.0
EDIN,edin11,Violation_201,2.0,C4,4.317,11.0,87.0
EDIN,edin11,Violation_201,2.0,P7,-25.79475,11.0,87.0
EDIN,edin11,Violation_201,2.0,P8,1.257625,11.0,87.0
EDIN,edin11,Violation_201,2.0,O1,5.229565,11.0,87.0
EDIN,edin11,Violation_201,2.0,O2,5.112852,11.0,87.0
EDIN,edin11,Violation_201,14.0,Pz,-7.554652,6.0,100.0
EDIN,edin11,Violation_201,14.0,Cz,-18.02787,6.0,100.0
EDIN,edin11,Violation_201,14.0,CP1,-8.655097,6.0,100.0
EDIN,edin11,Violation_201,14.0,CP2,-6.93365,6.0,100.0
EDIN,edin11,Violation_201,14.0,P3,-2.938866,6.0,100.0
EDIN,edin11,Violation_201,14.0,P4,-11.01108,6.0,100.0
EDIN,edin11,Violation_201,14.0,C3,-4.486002,6.0,100.0
EDIN,edin11,Violation_201,14.0,C4,0.732271,6.0,100.0
EDIN,edin11,Violation_201,14.0,P7,-9.407295,6.0,100.0
EDIN,edin11,Violation_201,14.0,P8,-2.789689,6.0,100.0
EDIN,edin11,Violation_201,14.0,O1,-5.853338,6.0,100.0
EDIN,edin11,Violation_201,14.0,O2,1.413122,6.0,100.0
EDIN,edin11,Violation_201,29.0,Pz,3.809095,26.0,87.0
EDIN,edin11,Violation_201,29.0,Cz,23.15409,26.0,87.0
EDIN,edin11,Violation_201,29.0,CP1,21.13604,26.0,87.0
EDIN,edin11,Violation_201,29.0,CP2,17.96528,26.0,87.0
EDIN,edin11,Violation_201,29.0,P3,23.87179,26.0,87.0
EDIN,edin11,Violation_201,29.0,P4,8.640521,26.0,87.0
EDIN,edin11,Violation_201,29.0,C3,25.99834,26.0,87.0
EDIN,edin11,Violation_201,29.0,C4,18.47282,26.0,87.0
EDIN,edin11,Violation_201,29.0,P7,-2.756023,26.0,87.0
EDIN,edin11,Violation_201,29.0,P8,0.6663327,26.0,87.0
EDIN,edin11,Violation_201,29.0,O1,-4.073912,26.0,87.0
EDIN,edin11,Violation_201,29.0,O2,1.896395,26.0,87.0
EDIN,edin11,Control_202,21.0,Pz,-2.257824,29.0,90.0
EDIN,edin11,Control_202,21.0,Cz,-2.061734,29.0,90.0
EDIN,edin11,Control_202,21.0,CP1,0.7141144,29.0,90.0
EDIN,edin11,Control_202,21.0,CP2,-0.02320825,29.0,90.0
EDIN,edin11,Control_202,21.0,P3,7.912649,29.0,90.0
EDIN,edin11,Control_202,21.0,P4,-6.418207,29.0,90.0
EDIN,edin11,Control_202,21.0,C3,1.030314,29.0,90.0
EDIN,edin11,Control_202,21.0,C4,-8.383553,29.0,90.0
EDIN,edin11,Control_202,21.0,P7,-14.50085,29.0,90.0
EDIN,edin11,Control_202,21.0,P8,3.653051,29.0,90.0
EDIN,edin11,Control_202,21.0,O1,4.235441,29.0,90.0
EDIN,edin11,Control_202,21.0,O2,2.875306,29.0,90.0
EDIN,edin11,Control_202,37.0,Pz,-14.43638,28.0,27.0
EDIN,edin11,Control_202,37.0,Cz,-14.7608,28.0,27.0
EDIN,edin11,Control_202,37.0,CP1,-15.74701,28.0,27.0
EDIN,edin11,Control_202,37.0,CP2,-15.35725,28.0,27.0
EDIN,edin11,Control_202,37.0,P3,-13.64338,28.0,27.0
EDIN,edin11,Control_202,37.0,P4,-5.872675,28.0,27.0
EDIN,edin11,Control_202,37.0,C3,-27.30333,28.0,27.0
EDIN,edin11,Control_202,37.0,C4,-14.21257,28.0,27.0
EDIN,edin11,Control_202,37.0,P7,9.821534,28.0,27.0
EDIN,edin11,Control_202,37.0,P8,-6.431019,28.0,27.0
EDIN,edin11,Control_202,37.0,O1,4.743371,28.0,27.0
EDIN,edin11,Control_202,37.0,O2,-7.453144,28.0,27.0
EDIN,edin11,Violation_201,34.0,Pz,2.014839,27.0,97.0
EDIN,edin11,Violation_201,34.0,Cz,-19.42632,27.0,97.0
EDIN,edin11,Violation_201,34.0,CP1,7.430881,27.0,97.0
EDIN,edin11,Violation_201,34.0,CP2,-8.470722,27.0,97.0
EDIN,edin11,Violation_201,34.0,P3,11.79378,27.0,97.0
EDIN,edin11,Violation_201,34.0,P4,9.53982,27.0,97.0
EDIN,edin11,Violation_201,34.0,C3,1.365707,27.0,97.0
EDIN,edin11,Violation_201,34.0,C4,3.982028,27.0,97.0
EDIN,edin11,Violation_201,34.0,P7,-19.14762,27.0,97.0
EDIN,edin11,Violation_201,34.0,P8,1.200892,27.0,97.0
EDIN,edin11,Violation_201,34.0,O1,-7.028433,27.0,97.0
EDIN,edin11,Violation_201,34.0,O2,6.751187,27.0,97.0
EDIN,edin11,Control_202,33.0,Pz,5.459538,22.0,53.0
EDIN,edin11,Control_202,33.0,Cz,4.963501,22.0,53.0
EDIN,edin11,Control_202,33.0,CP1,8.195744,22.0,53.0
EDIN,edin11,Control_202,33.0,CP2,2.236357,22.0,53.0
EDIN,edin11,Control_202,33.0,P3,4.713652,22.0,53.0
EDIN,edin11,Control_202,33.0,P4,6.383071,22.0,53.0
EDIN,edin11,Control_202,33.0,C3,3.865258,22.0,53.0
EDIN,edin11,Control_202,33.0,C4,9.674812,22.0,53.0
EDIN,edin11,Control_202,33.0,P7,4.848717,22.0,53.0
EDIN,edin11,Control_202,33.0,P8,-3.7658,22.0,53.0
EDIN,edin11,Control_202,33.0,O1,-4.818066,22.0,53.0
EDIN,edin11,Control_202,33.0,O2,-1.112328,22.0,53.0
EDIN,edin11,Violation_201,26.0,Pz,-3.009699,31.0,77.0
EDIN,edin11,Violation_201,26.0,Cz,-8.220106,31.0,77.0
EDIN,edin11,Violation_201,26.0,CP1,1.372209,31.0,77.0
EDIN,edin11,Violation_201,26.0,CP2,-2.87578,31.0,77.0
EDIN,edin11,Violation_201,26.0,P3,1.654977,31.0,77.0
EDIN,edin11,Violation_201,26.0,P4,-5.181919,31.0,77.0
EDIN,edin11,Violation_201,26.0,C3,-9.432225,31.0,77.0
EDIN,edin11,Violation_201,26.0,C4,-2.61336,31.0,77.0
EDIN,edin11,Violation_201,26.0,P7,-12.79883,31.0,77.0
EDIN,edin11,Violation_201,26.0,P8,1.881097,31.0,77.0
EDIN,edin11,Violation_201,26.0,O1,3.940896,31.0,77.0
EDIN,edin11,Violation_201,26.0,O2,0.5243509,31.0,77.0
EDIN,edin11,Violation_201,22.0,Pz,0.02958536,21.0,77.0
EDIN,edin11,Violation_201,22.0,Cz,5.565439,21.0,77.0
EDIN,edin11,Violation_201,22.0,CP1,15.17979,21.0,77.0
EDIN,edin11,Violation_201,22.0,CP2,-7.946488,21.0,77.0
EDIN,edin11,Violation_201,22.0,P3,7.34384,21.0,77.0
EDIN,edin11,Violation_201,22.0,P4,-4.427368,21.0,77.0
EDIN,edin11,Violation_201,22.0,C3,3.93363,21.0,77.0
EDIN,edin11,Violation_201,22.0,C4,5.423314,21.0,77.0
EDIN,edin11,Violation_201,22.0,P7,23.44053,21.0,77.0
EDIN,edin11,Violation_201,22.0,P8,5.273344,21.0,77.0
EDIN,edin11,Violation_201,22.0,O1,6.726343,21.0,77.0
EDIN,edin11,Violation_201,22.0,O2,8.630969,21.0,77.0
EDIN,edin11,Control_202,25.0,Pz,12.96932,32.0,80.0
EDIN,edin11,Control_202,25.0,Cz,26.97415,32.0,80.0
EDIN,edin11,Control_202,25.0,CP1,26.41618,32.0,80.0
EDIN,edin11,Control_202,25.0,CP2,21.19231,32.0,80.0
EDIN,edin11,Control_202,25.0,P3,5.207301,32.0,80.0
EDIN,edin11,Control_202,25.0,P4,9.879602,32.0,80.0
EDIN,edin11,Control_202,25.0,C3,26.50078,32.0,80.0
EDIN,edin11,Control_202,25.0,C4,18.08447,32.0,80.0
EDIN,edin11,Control_202,25.0,P7,15.80666,32.0,80.0
EDIN,edin11,Control_202,25.0,P8,5.551984,32.0,80.0
EDIN,edin11,Control_202,25.0,O1,-7.779681,32.0,80.0
EDIN,edin11,Control_202,25.0,O2,-1.092203,32.0,80.0
EDIN,edin11,Violation_201,38.0,Pz,-3.116769,36.0,77.0
EDIN,edin11,Violation_201,38.0,Cz,9.674239,36.0,77.0
EDIN,edin11,Violation_201,38.0,CP1,-3.119097,36.0,77.0
EDIN,edin11,Violation_201,38.0,CP2,-4.079133,36.0,77.0
EDIN,edin11,Violation_201,38.0,P3,-10.88255,36.0,77.0
EDIN,edin11,Violation_201,38.0,P4,-11.47191,36.0,77.0
EDIN,edin11,Violation_201,38.0,C3,4.09966,36.0,77.0
EDIN,edin11,Violation_201,38.0,C4,-3.672671,36.0,77.0
EDIN,edin11,Violation_201,38.0,P7,-25.417,36.0,77.0
EDIN,edin11,Violation_201,38.0,P8,0.7369063,36.0,77.0
EDIN,edin11,Violation_201,38.0,O1,1.958066,36.0,77.0
EDIN,edin11,Violation_201,38.0,O2,-3.001495,36.0,77.0
EDIN,edin11,Violation_201,30.0,Pz,-20.10041,23.0,93.0
EDIN,edin11,Violation_201,30.0,Cz,-34.97878,23.0,93.0
EDIN,edin11,Violation_201,30.0,CP1,-24.7853,23.0,93.0
EDIN,edin11,Violation_201,30.0,CP2,-18.59263,23.0,93.0
EDIN,edin11,Violation_201,30.0,P3,-8.269939,23.0,93.0
EDIN,edin11,Violation_201,30.0,P4,-13.90516,23.0,93.0
EDIN,edin11,Violation_201,30.0,C3,-27.06197,23.0,93.0
EDIN,edin11,Violation_201,30.0,C4,-23.09449,23.0,93.0
EDIN,edin11,Violation_201,30.0,P7,-16.93975,23.0,93.0
EDIN,edin11,Violation_201,30.0,P8,-14.77284,23.0,93.0
EDIN,edin11,Violation_201,30.0,O1,-13.9205,23.0,93.0
EDIN,edin11,Violation_201,30.0,O2,-18.08775,23.0,93.0
EDIN,edin11,Control_202,45.0,Pz,-21.27865,49.0,40.0
EDIN,edin11,Control_202,45.0,Cz,-13.0057,49.0,40.0
EDIN,edin11,Control_202,45.0,CP1,-18.71917,49.0,40.0
EDIN,edin11,Control_202,45.0,CP2,-19.48052,49.0,40.0
EDIN,edin11,Control_202,45.0,P3,-32.29308,49.0,40.0
EDIN,edin11,Control_202,45.0,P4,-29.51437,49.0,40.0
EDIN,edin11,Control_202,45.0,C3,-7.017624,49.0,40.0
EDIN,edin11,Control_202,45.0,C4,-12.76975,49.0,40.0
EDIN,edin11,Control_202,45.0,P7,-22.63401,49.0,40.0
EDIN,edin11,Control_202,45.0,P8,-18.19475,49.0,40.0
EDIN,edin11,Control_202,45.0,O1,-12.37944,49.0,40.0
EDIN,edin11,Control_202,45.0,O2,-21.95457,49.0,40.0
EDIN,edin11,Violation_201,58.0,Pz,9.710986,59.0,73.0
EDIN,edin11,Violation_201,58.0,Cz,7.476961,59.0,73.0
EDIN,edin11,Violation_201,58.0,CP1,20.15368,59.0,73.0
EDIN,edin11,Violation_201,58.0,CP2,14.01708,59.0,73.0
EDIN,edin11,Violation_201,58.0,P3,0.5443362,59.0,73.0
EDIN,edin11,Violation_201,58.0,P4,9.343433,59.0,73.0
EDIN,edin11,Violation_201,58.0,C3,10.38905,59.0,73.0
EDIN,edin11,Violation_201,58.0,C4,10.39154,59.0,73.0
EDIN,edin11,Violation_201,58.0,P7,24.46046,59.0,73.0
EDIN,edin11,Violation_201,58.0,P8,8.075686,59.0,73.0
EDIN,edin11,Violation_201,58.0,O1,6.519114,59.0,73.0
EDIN,edin11,Violation_201,58.0,O2,1.460824,59.0,73.0
EDIN,edin11,Violation_201,46.0,Pz,1.29584,60.0,90.0
EDIN,edin11,Violation_201,46.0,Cz,8.551378,60.0,90.0
EDIN,edin11,Violation_201,46.0,CP1,-3.805681,60.0,90.0
EDIN,edin11,Violation_201,46.0,CP2,-7.197278,60.0,90.0
EDIN,edin11,Violation_201,46.0,P3,9.139615,60.0,90.0
EDIN,edin11,Violation_201,46.0,P4,-2.847402,60.0,90.0
EDIN,edin11,Violation_201,46.0,C3,5.693206,60.0,90.0
EDIN,edin11,Violation_201,46.0,C4,-4.142987,60.0,90.0
EDIN,edin11,Violation_201,46.0,P7,6.882249,60.0,90.0
EDIN,edin11,Violation_201,46.0,P8,-7.34649,60.0,90.0
EDIN,edin11,Violation_201,46.0,O1,-3.946363,60.0,90.0
EDIN,edin11,Violation_201,46.0,O2,-3.04326,60.0,90.0
EDIN,edin11,Violation_201,42.0,Pz,12.74772,58.0,73.0
EDIN,edin11,Violation_201,42.0,Cz,36.78418,58.0,73.0
EDIN,edin11,Violation_201,42.0,CP1,13.34541,58.0,73.0
EDIN,edin11,Violation_201,42.0,CP2,17.28687,58.0,73.0
EDIN,edin11,Violation_201,42.0,P3,15.89781,58.0,73.0
EDIN,edin11,Violation_201,42.0,P4,0.2297693,58.0,73.0
EDIN,edin11,Violation_201,42.0,C3,22.76041,58.0,73.0
EDIN,edin11,Violation_201,42.0,C4,10.41408,58.0,73.0
EDIN,edin11,Violation_201,42.0,P7,-1.290555,58.0,73.0
EDIN,edin11,Violation_201,42.0,P8,3.018923,58.0,73.0
EDIN,edin11,Violation_201,42.0,O1,3.69024,58.0,73.0
EDIN,edin11,Violation_201,42.0,O2,1.530093,58.0,73.0
EDIN,edin11,Control_202,49.0,Pz,26.56326,48.0,87.0
EDIN,edin11,Control_202,49.0,Cz,20.74991,48.0,87.0
EDIN,edin11,Control_202,49.0,CP1,26.14068,48.0,87.0
EDIN,edin11,Control_202,49.0,CP2,26.26394,48.0,87.0
EDIN,edin11,Control_202,49.0,P3,52.43875,48.0,87.0
EDIN,edin11,Control_202,49.0,P4,19.56987,48.0,87.0
EDIN,edin11,Control_202,49.0,C3,24.63789,48.0,87.0
EDIN,edin11,Control_202,49.0,C4,32.38454,48.0,87.0
EDIN,edin11,Control_202,49.0,P7,31.91138,48.0,87.0
EDIN,edin11,Control_202,49.0,P8,20.22479,48.0,87.0
EDIN,edin11,Control_202,49.0,O1,23.71313,48.0,87.0
EDIN,edin11,Control_202,49.0,O2,14.17178,48.0,87.0
EDIN,edin11,Violation_201,50.0,Pz,25.67345,53.0,93.0
EDIN,edin11,Violation_201,50.0,Cz,26.47241,53.0,93.0
EDIN,edin11,Violation_201,50.0,CP1,30.59452,53.0,93.0
EDIN,edin11,Violation_201,50.0,CP2,20.36479,53.0,93.0
EDIN,edin11,Violation_201,50.0,P3,16.88106,53.0,93.0
EDIN,edin11,Violation_201,50.0,P4,18.58612,53.0,93.0
EDIN,edin11,Violation_201,50.0,C3,30.68176,53.0,93.0
EDIN,edin11,Violation_201,50.0,C4,26.94091,53.0,93.0
EDIN,edin11,Violation_201,50.0,P7,2.979714,53.0,93.0
EDIN,edin11,Violation_201,50.0,P8,9.021314,53.0,93.0
EDIN,edin11,Violation_201,50.0,O1,7.076396,53.0,93.0
EDIN,edin11,Violation_201,50.0,O2,7.619808,53.0,93.0
EDIN,edin11,Control_202,53.0,Pz,2.18355,51.0,90.0
EDIN,edin11,Control_202,53.0,Cz,3.780035,51.0,90.0
EDIN,edin11,Control_202,53.0,CP1,-1.072808,51.0,90.0
EDIN,edin11,Control_202,53.0,CP2,-6.736318,51.0,90.0
EDIN,edin11,Control_202,53.0,P3,-0.8136436,51.0,90.0
EDIN,edin11,Control_202,53.0,P4,-2.59318,51.0,90.0
EDIN,edin11,Control_202,53.0,C3,-27.37133,51.0,90.0
EDIN,edin11,Control_202,53.0,C4,3.632631,51.0,90.0
EDIN,edin11,Control_202,53.0,P7,-0.3127633,51.0,90.0
EDIN,edin11,Control_202,53.0,P8,-0.9933486,51.0,90.0
EDIN,edin11,Control_202,53.0,O1,7.461302,51.0,90.0
EDIN,edin11,Control_202,53.0,O2,2.28878,51.0,90.0
EDIN,edin11,Control_202,41.0,Pz,0.4683274,45.0,67.0
EDIN,edin11,Control_202,41.0,Cz,-15.04859,45.0,67.0
EDIN,edin11,Control_202,41.0,CP1,-14.86485,45.0,67.0
EDIN,edin11,Control_202,41.0,CP2,-6.394282,45.0,67.0
EDIN,edin11,Control_202,41.0,P3,1.879407,45.0,67.0
EDIN,edin11,Control_202,41.0,P4,-5.643039,45.0,67.0
EDIN,edin11,Control_202,41.0,C3,-16.94155,45.0,67.0
EDIN,edin11,Control_202,41.0,C4,-8.715667,45.0,67.0
EDIN,edin11,Control_202,41.0,P7,29.57271,45.0,67.0
EDIN,edin11,Control_202,41.0,P8,-1.655313,45.0,67.0
EDIN,edin11,Control_202,41.0,O1,-4.162703,45.0,67.0
EDIN,edin11,Control_202,41.0,O2,-3.304765,45.0,67.0
EDIN,edin11,Control_202,57.0,Pz,-9.80436,44.0,90.0
EDIN,edin11,Control_202,57.0,Cz,5.096981,44.0,90.0
EDIN,edin11,Control_202,57.0,CP1,3.836001,44.0,90.0
EDIN,edin11,Control_202,57.0,CP2,2.918984,44.0,90.0
EDIN,edin11,Control_202,57.0,P3,-16.67886,44.0,90.0
EDIN,edin11,Control_202,57.0,P4,-6.230648,44.0,90.0
EDIN,edin11,Control_202,57.0,C3,-18.12634,44.0,90.0
EDIN,edin11,Control_202,57.0,C4,-4.250629,44.0,90.0
EDIN,edin11,Control_202,57.0,P7,1.961925,44.0,90.0
EDIN,edin11,Control_202,57.0,P8,1.85833,44.0,90.0
EDIN,edin11,Control_202,57.0,O1,-0.5357243,44.0,90.0
EDIN,edin11,Control_202,57.0,O2,-0.956001,44.0,90.0
EDIN,edin11,Control_202,69.0,Pz,4.516098,61.0,34.0
EDIN,edin11,Control_202,69.0,Cz,16.59709,61.0,34.0
EDIN,edin11,Control_202,69.0,CP1,7.28133,61.0,34.0
EDIN,edin11,Control_202,69.0,CP2,9.214203,61.0,34.0
EDIN,edin11,Control_202,69.0,P3,-7.625206,61.0,34.0
EDIN,edin11,Control_202,69.0,P4,1.716349,61.0,34.0
EDIN,edin11,Control_202,69.0,C3,9.540996,61.0,34.0
EDIN,edin11,Control_202,69.0,C4,16.35234,61.0,34.0
EDIN,edin11,Control_202,69.0,P7,18.90524,61.0,34.0
EDIN,edin11,Control_202,69.0,P8,1.911961,61.0,34.0
EDIN,edin11,Control_202,69.0,O1,-5.84262,61.0,34.0
EDIN,edin11,Control_202,69.0,O2,-5.620083,61.0,34.0
EDIN,edin11,Violation_201,62.0,Pz,-5.182197,69.0,93.0
EDIN,edin11,Violation_201,62.0,Cz,-7.352754,69.0,93.0
EDIN,edin11,Violation_201,62.0,CP1,-1.660781,69.0,93.0
EDIN,edin11,Violation_201,62.0,CP2,1.047852,69.0,93.0
EDIN,edin11,Violation_201,62.0,P3,-15.32093,69.0,93.0
EDIN,edin11,Violation_201,62.0,P4,-5.052699,69.0,93.0
EDIN,edin11,Violation_201,62.0,C3,5.856901,69.0,93.0
EDIN,edin11,Violation_201,62.0,C4,-3.365084,69.0,93.0
EDIN,edin11,Violation_201,62.0,P7,-23.20245,69.0,93.0
EDIN,edin11,Violation_201,62.0,P8,-0.7622067,69.0,93.0
EDIN,edin11,Violation_201,62.0,O1,-5.603581,69.0,93.0
EDIN,edin11,Violation_201,62.0,O2,2.16572,69.0,93.0
EDIN,edin11,Violation_201,78.0,Pz,15.85112,76.0,90.0
EDIN,edin11,Violation_201,78.0,Cz,30.31989,76.0,90.0
EDIN,edin11,Violation_201,78.0,CP1,16.80975,76.0,90.0
EDIN,edin11,Violation_201,78.0,CP2,18.21262,76.0,90.0
EDIN,edin11,Violation_201,78.0,P3,31.84422,76.0,90.0
EDIN,edin11,Violation_201,78.0,P4,10.053,76.0,90.0
EDIN,edin11,Violation_201,78.0,C3,13.24591,76.0,90.0
EDIN,edin11,Violation_201,78.0,C4,17.12592,76.0,90.0
EDIN,edin11,Violation_201,78.0,P7,26.32109,76.0,90.0
EDIN,edin11,Violation_201,78.0,P8,11.07988,76.0,90.0
EDIN,edin11,Violation_201,78.0,O1,2.971386,76.0,90.0
EDIN,edin11,Violation_201,78.0,O2,7.708552,76.0,90.0
EDIN,edin11,Control_202,73.0,Pz,-0.9783675,63.0,83.0
EDIN,edin11,Control_202,73.0,Cz,-1.189168,63.0,83.0
EDIN,edin11,Control_202,73.0,CP1,-5.995585,63.0,83.0
EDIN,edin11,Control_202,73.0,CP2,0.8029071,63.0,83.0
EDIN,edin11,Control_202,73.0,P3,-30.20968,63.0,83.0
EDIN,edin11,Control_202,73.0,P4,-7.899751,63.0,83.0
EDIN,edin11,Control_202,73.0,C3,-5.468656,63.0,83.0
EDIN,edin11,Control_202,73.0,C4,-2.023855,63.0,83.0
EDIN,edin11,Control_202,73.0,P7,2.379422,63.0,83.0
EDIN,edin11,Control_202,73.0,P8,2.157107,63.0,83.0
EDIN,edin11,Control_202,73.0,O1,5.583517,63.0,83.0
EDIN,edin11,Control_202,73.0,O2,7.681825,63.0,83.0
EDIN,edin11,Control_202,61.0,Pz,-0.8844204,67.0,87.0
EDIN,edin11,Control_202,61.0,Cz,12.0096,67.0,87.0
EDIN,edin11,Control_202,61.0,CP1,3.794145,67.0,87.0
EDIN,edin11,Control_202,61.0,CP2,5.956045,67.0,87.0
EDIN,edin11,Control_202,61.0,P3,8.443604,67.0,87.0
EDIN,edin11,Control_202,61.0,P4,-2.398004,67.0,87.0
EDIN,edin11,Control_202,61.0,C3,12.31651,67.0,87.0
EDIN,edin11,Control_202,61.0,C4,3.026665,67.0,87.0
EDIN,edin11,Control_202,61.0,P7,7.981393,67.0,87.0
EDIN,edin11,Control_202,61.0,P8,-1.146729,67.0,87.0
EDIN,edin11,Control_202,61.0,O1,-0.8394653,67.0,87.0
EDIN,edin11,Control_202,61.0,O2,-2.090302,67.0,87.0
EDIN,edin11,Violation_201,70.0,Pz,-3.729654,70.0,57.0
EDIN,edin11,Violation_201,70.0,Cz,-14.66201,70.0,57.0
EDIN,edin11,Violation_201,70.0,CP1,6.007619,70.0,57.0
EDIN,edin11,Violation_201,70.0,CP2,-5.844786,70.0,57.0
EDIN,edin11,Violation_201,70.0,P3,-13.18698,70.0,57.0
EDIN,edin11,Violation_201,70.0,P4,-10.33442,70.0,57.0
EDIN,edin11,Violation_201,70.0,C3,0.6224365,70.0,57.0
EDIN,edin11,Violation_201,70.0,C4,3.492454,70.0,57.0
EDIN,edin11,Violation_201,70.0,P7,-6.416343,70.0,57.0
EDIN,edin11,Violation_201,70.0,P8,-6.764641,70.0,57.0
EDIN,edin11,Violation_201,70.0,O1,-8.034883,70.0,57.0
EDIN,edin11,Violation_201,70.0,O2,-11.16591,70.0,57.0
EDIN,edin11,Control_202,77.0,Pz,8.373484,65.0,93.0
EDIN,edin11,Control_202,77.0,Cz,8.149681,65.0,93.0
EDIN,edin11,Control_202,77.0,CP1,12.25664,65.0,93.0
EDIN,edin11,Control_202,77.0,CP2,15.26603,65.0,93.0
EDIN,edin11,Control_202,77.0,P3,-4.673466,65.0,93.0
EDIN,edin11,Control_202,77.0,P4,1.901184,65.0,93.0
EDIN,edin11,Control_202,77.0,C3,10.05096,65.0,93.0
EDIN,edin11,Control_202,77.0,C4,8.141859,65.0,93.0
EDIN,edin11,Control_202,77.0,P7,-0.8381776,65.0,93.0
EDIN,edin11,Control_202,77.0,P8,2.263122,65.0,93.0
EDIN,edin11,Control_202,77.0,O1,13.74533,65.0,93.0
EDIN,edin11,Control_202,77.0,O2,6.856411,65.0,93.0
EDIN,edin11,Violation_201,74.0,Pz,14.52237,74.0,93.0
EDIN,edin11,Violation_201,74.0,Cz,18.8154,74.0,93.0
EDIN,edin11,Violation_201,74.0,CP1,14.55044,74.0,93.0
EDIN,edin11,Violation_201,74.0,CP2,9.958987,74.0,93.0
EDIN,edin11,Violation_201,74.0,P3,14.27921,74.0,93.0
EDIN,edin11,Violation_201,74.0,P4,9.629198,74.0,93.0
EDIN,edin11,Violation_201,74.0,C3,12.25159,74.0,93.0
EDIN,edin11,Violation_201,74.0,C4,12.00045,74.0,93.0
EDIN,edin11,Violation_201,74.0,P7,7.980815,74.0,93.0
EDIN,edin11,Violation_201,74.0,P8,7.376713,74.0,93.0
EDIN,edin11,Violation_201,74.0,O1,17.19474,74.0,93.0
EDIN,edin11,Violation_201,74.0,O2,11.20728,74.0,93.0
EDIN,edin11,Control_202,65.0,Pz,-1.236964,75.0,60.0
EDIN,edin11,Control_202,65.0,Cz,4.895443,75.0,60.0
EDIN,edin11,Control_202,65.0,CP1,6.076474,75.0,60.0
EDIN,edin11,Control_202,65.0,CP2,2.283551,75.0,60.0
EDIN,edin11,Control_202,65.0,P3,4.801163,75.0,60.0
EDIN,edin11,Control_202,65.0,P4,-3.059726,75.0,60.0
EDIN,edin11,Control_202,65.0,C3,-3.32875,75.0,60.0
EDIN,edin11,Control_202,65.0,C4,9.527331,75.0,60.0
EDIN,edin11,Control_202,65.0,P7,2.656941,75.0,60.0
EDIN,edin11,Control_202,65.0,P8,5.692451,75.0,60.0
EDIN,edin11,Control_202,65.0,O1,1.706657,75.0,60.0
EDIN,edin11,Control_202,65.0,O2,5.337891,75.0,60.0
EDIN,edin11,Violation_201,66.0,Pz,6.486001,78.0,97.0
EDIN,edin11,Violation_201,66.0,Cz,12.24578,78.0,97.0
EDIN,edin11,Violation_201,66.0,CP1,7.406025,78.0,97.0
EDIN,edin11,Violation_201,66.0,CP2,6.244822,78.0,97.0
EDIN,edin11,Violation_201,66.0,P3,1.959912,78.0,97.0
EDIN,edin11,Violation_201,66.0,P4,8.336922,78.0,97.0
EDIN,edin11,Violation_201,66.0,C3,9.142981,78.0,97.0
EDIN,edin11,Violation_201,66.0,C4,3.164032,78.0,97.0
EDIN,edin11,Violation_201,66.0,P7,16.03316,78.0,97.0
EDIN,edin11,Violation_201,66.0,P8,7.632151,78.0,97.0
EDIN,edin11,Violation_201,66.0,O1,8.540865,78.0,97.0
EDIN,edin11,Violation_201,66.0,O2,6.873302,78.0,97.0
EDIN,edin12,Control_202,5.0,Pz,14.80725,16.0,93.0
EDIN,edin12,Control_202,5.0,Cz,-29.03221,16.0,93.0
EDIN,edin12,Control_202,5.0,CP1,-2.002834,16.0,93.0
EDIN,edin12,Control_202,5.0,CP2,-13.58943,16.0,93.0
EDIN,edin12,Control_202,5.0,P3,-2.235587,16.0,93.0
EDIN,edin12,Control_202,5.0,P4,-1.553783,16.0,93.0
EDIN,edin12,Control_202,5.0,C3,-8.704966,16.0,93.0
EDIN,edin12,Control_202,5.0,C4,-1.025354,16.0,93.0
EDIN,edin12,Control_202,5.0,P7,6.98402,16.0,93.0
EDIN,edin12,Control_202,5.0,P8,21.06452,16.0,93.0
EDIN,edin12,Control_202,5.0,O1,6.226832,16.0,93.0
EDIN,edin12,Control_202,5.0,O2,5.896871,16.0,93.0
EDIN,edin12,Violation_201,2.0,Pz,12.57969,7.0,80.0
EDIN,edin12,Violation_201,2.0,Cz,-28.01821,7.0,80.0
EDIN,edin12,Violation_201,2.0,CP1,-2.222642,7.0,80.0
EDIN,edin12,Violation_201,2.0,CP2,4.08975,7.0,80.0
EDIN,edin12,Violation_201,2.0,P3,-1.651436,7.0,80.0
EDIN,edin12,Violation_201,2.0,P4,0.4466095,7.0,80.0
EDIN,edin12,Violation_201,2.0,C3,6.887431,7.0,80.0
EDIN,edin12,Violation_201,2.0,C4,6.829565,7.0,80.0
EDIN,edin12,Violation_201,2.0,P7,-9.896046,7.0,80.0
EDIN,edin12,Violation_201,2.0,P8,22.25118,7.0,80.0
EDIN,edin12,Violation_201,2.0,O1,1.80557,7.0,80.0
EDIN,edin12,Violation_201,2.0,O2,1.814589,7.0,80.0
EDIN,edin12,Violation_201,10.0,Pz,5.021514,6.0,100.0
EDIN,edin12,Violation_201,10.0,Cz,3.810543,6.0,100.0
EDIN,edin12,Violation_201,10.0,CP1,2.195437,6.0,100.0
EDIN,edin12,Violation_201,10.0,CP2,18.78378,6.0,100.0
EDIN,edin12,Violation_201,10.0,P3,-4.69875,6.0,100.0
EDIN,edin12,Violation_201,10.0,P4,0.1029005,6.0,100.0
EDIN,edin12,Violation_201,10.0,C3,-3.848023,6.0,100.0
EDIN,edin12,Violation_201,10.0,C4,5.918079,6.0,100.0
EDIN,edin12,Violation_201,10.0,P7,-9.479147,6.0,100.0
EDIN,edin12,Violation_201,10.0,P8,-8.528595,6.0,100.0
EDIN,edin12,Violation_201,10.0,O1,-0.7523016,6.0,100.0
EDIN,edin12,Violation_201,10.0,O2,0.01517041,6.0,100.0
EDIN,edin12,Violation_201,14.0,Pz,9.606486,12.0,100.0
EDIN,edin12,Violation_201,14.0,Cz,19.74547,12.0,100.0
EDIN,edin12,Violation_201,14.0,CP1,14.61382,12.0,100.0
EDIN,edin12,Violation_201,14.0,CP2,11.65543,12.0,100.0
EDIN,edin12,Violation_201,14.0,P3,13.59197,12.0,100.0
EDIN,edin12,Violation_201,14.0,P4,6.43784,12.0,100.0
EDIN,edin12,Violation_201,14.0,C3,18.8047,12.0,100.0
EDIN,edin12,Violation_201,14.0,C4,11.49085,12.0,100.0
EDIN,edin12,Violation_201,14.0,P7,-6.967792,12.0,100.0
EDIN,edin12,Violation_201,14.0,P8,3.465571,12.0,100.0
EDIN,edin12,Violation_201,14.0,O1,5.162241,12.0,100.0
EDIN,edin12,Violation_201,14.0,O2,8.485162,12.0,100.0
EDIN,edin12,Control_202,9.0,Pz,-9.936857,15.0,90.0
EDIN,edin12,Control_202,9.0,Cz,-20.45566,15.0,90.0
EDIN,edin12,Control_202,9.0,CP1,-15.70478,15.0,90.0
EDIN,edin12,Control_202,9.0,CP2,-13.83074,15.0,90.0
EDIN,edin12,Control_202,9.0,P3,-10.17096,15.0,90.0
EDIN,edin12,Control_202,9.0,P4,-16.16784,15.0,90.0
EDIN,edin12,Control_202,9.0,C3,-16.28676,15.0,90.0
EDIN,edin12,Control_202,9.0,C4,-10.38918,15.0,90.0
EDIN,edin12,Control_202,9.0,P7,-32.23244,15.0,90.0
EDIN,edin12,Control_202,9.0,P8,-7.059957,15.0,90.0
EDIN,edin12,Control_202,9.0,O1,-9.947925,15.0,90.0
EDIN,edin12,Control_202,9.0,O2,-14.23595,15.0,90.0
EDIN,edin12,Violation_201,6.0,Pz,3.545273,10.0,80.0
EDIN,edin12,Violation_201,6.0,Cz,-18.83198,10.0,80.0
EDIN,edin12,Violation_201,6.0,CP1,-11.94673,10.0,80.0
EDIN,edin12,Violation_201,6.0,CP2,-23.219,10.0,80.0
EDIN,edin12,Violation_201,6.0,P3,-12.98992,10.0,80.0
EDIN,edin12,Violation_201,6.0,P4,-2.686251,10.0,80.0
EDIN,edin12,Violation_201,6.0,C3,-12.01319,10.0,80.0
EDIN,edin12,Violation_201,6.0,C4,-5.595103,10.0,80.0
EDIN,edin12,Violation_201,6.0,P7,14.02815,10.0,80.0
EDIN,edin12,Violation_201,6.0,P8,4.47659,10.0,80.0
EDIN,edin12,Violation_201,6.0,O1,3.889597,10.0,80.0
EDIN,edin12,Violation_201,6.0,O2,3.280292,10.0,80.0
EDIN,edin12,Violation_201,18.0,Pz,-13.14017,13.0,97.0
EDIN,edin12,Violation_201,18.0,Cz,-5.445153,13.0,97.0
EDIN,edin12,Violation_201,18.0,CP1,9.990997,13.0,97.0
EDIN,edin12,Violation_201,18.0,CP2,3.580931,13.0,97.0
EDIN,edin12,Violation_201,18.0,P3,18.49444,13.0,97.0
EDIN,edin12,Violation_201,18.0,P4,11.5915,13.0,97.0
EDIN,edin12,Violation_201,18.0,C3,1.186371,13.0,97.0
EDIN,edin12,Violation_201,18.0,C4,-3.253742,13.0,97.0
EDIN,edin12,Violation_201,18.0,P7,2.202966,13.0,97.0
EDIN,edin12,Violation_201,18.0,P8,2.995655,13.0,97.0
EDIN,edin12,Violation_201,18.0,O1,6.880661,13.0,97.0
EDIN,edin12,Violation_201,18.0,O2,4.475348,13.0,97.0
EDIN,edin12,Control_202,1.0,Pz,12.60208,5.0,93.0
EDIN,edin12,Control_202,1.0,Cz,22.69432,5.0,93.0
EDIN,edin12,Control_202,1.0,CP1,9.743519,5.0,93.0
EDIN,edin12,Control_202,1.0,CP2,24.15293,5.0,93.0
EDIN,edin12,Control_202,1.0,P3,4.71265,5.0,93.0
EDIN,edin12,Control_202,1.0,P4,13.5249,5.0,93.0
EDIN,edin12,Control_202,1.0,C3,7.922223,5.0,93.0
EDIN,edin12,Control_202,1.0,C4,11.85651,5.0,93.0
EDIN,edin12,Control_202,1.0,P7,11.65902,5.0,93.0
EDIN,edin12,Control_202,1.0,P8,11.05519,5.0,93.0
EDIN,edin12,Control_202,1.0,O1,9.073996,5.0,93.0
EDIN,edin12,Control_202,1.0,O2,10.04668,5.0,93.0
EDIN,edin12,Control_202,13.0,Pz,-11.34679,1.0,97.0
EDIN,edin12,Control_202,13.0,Cz,-7.37104,1.0,97.0
EDIN,edin12,Control_202,13.0,CP1,-8.777375,1.0,97.0
EDIN,edin12,Control_202,13.0,CP2,-7.350467,1.0,97.0
EDIN,edin12,Control_202,13.0,P3,-4.101398,1.0,97.0
EDIN,edin12,Control_202,13.0,P4,-5.138175,1.0,97.0
EDIN,edin12,Control_202,13.0,C3,-12.32319,1.0,97.0
EDIN,edin12,Control_202,13.0,C4,-11.56581,1.0,97.0
EDIN,edin12,Control_202,13.0,P7,7.96247,1.0,97.0
EDIN,edin12,Control_202,13.0,P8,-12.03301,1.0,97.0
EDIN,edin12,Control_202,13.0,O1,0.1454303,1.0,97.0
EDIN,edin12,Control_202,13.0,O2,-5.885195,1.0,97.0
EDIN,edin12,Control_202,37.0,Pz,7.363467,33.0,53.0
EDIN,edin12,Control_202,37.0,Cz,-4.98116,33.0,53.0
EDIN,edin12,Control_202,37.0,CP1,-12.59228,33.0,53.0
EDIN,edin12,Control_202,37.0,CP2,-15.02114,33.0,53.0
EDIN,edin12,Control_202,37.0,P3,-14.24834,33.0,53.0
EDIN,edin12,Control_202,37.0,P4,-19.38319,33.0,53.0
EDIN,edin12,Control_202,37.0,C3,-7.522538,33.0,53.0
EDIN,edin12,Control_202,37.0,C4,-15.8361,33.0,53.0
EDIN,edin12,Control_202,37.0,P7,-2.73725,33.0,53.0
EDIN,edin12,Control_202,37.0,P8,-28.7185,33.0,53.0
EDIN,edin12,Control_202,37.0,O1,-16.11233,33.0,53.0
EDIN,edin12,Control_202,37.0,O2,-18.839,33.0,53.0
EDIN,edin12,Violation_201,34.0,Pz,4.74391,31.0,77.0
EDIN,edin12,Violation_201,34.0,Cz,-5.326132,31.0,77.0
EDIN,edin12,Violation_201,34.0,CP1,-1.424283,31.0,77.0
EDIN,edin12,Violation_201,34.0,CP2,-0.1628891,31.0,77.0
EDIN,edin12,Violation_201,34.0,P3,-4.485964,31.0,77.0
EDIN,edin12,Violation_201,34.0,P4,-2.514951,31.0,77.0
EDIN,edin12,Violation_201,34.0,C3,-11.69032,31.0,77.0
EDIN,edin12,Violation_201,34.0,C4,-10.15489,31.0,77.0
EDIN,edin12,Violation_201,34.0,P7,-10.63914,31.0,77.0
EDIN,edin12,Violation_201,34.0,P8,-16.71039,31.0,77.0
EDIN,edin12,Violation_201,34.0,O1,-8.205268,31.0,77.0
EDIN,edin12,Violation_201,34.0,O2,-10.58886,31.0,77.0
EDIN,edin12,Control_202,21.0,Pz,27.09139,24.0,93.0
EDIN,edin12,Control_202,21.0,Cz,-3.024463,24.0,93.0
EDIN,edin12,Control_202,21.0,CP1,11.1687,24.0,93.0
EDIN,edin12,Control_202,21.0,CP2,12.36597,24.0,93.0
EDIN,edin12,Control_202,21.0,P3,7.235712,24.0,93.0
EDIN,edin12,Control_202,21.0,P4,16.41986,24.0,93.0
EDIN,edin12,Control_202,21.0,C3,-3.53213,24.0,93.0
EDIN,edin12,Control_202,21.0,C4,11.0765,24.0,93.0
EDIN,edin12,Control_202,21.0,P7,22.10887,24.0,93.0
EDIN,edin12,Control_202,21.0,P8,19.30114,24.0,93.0
EDIN,edin12,Control_202,21.0,O1,9.159977,24.0,93.0
EDIN,edin12,Control_202,21.0,O2,12.04816,24.0,93.0
EDIN,edin12,Violation_201,26.0,Pz,34.27177,34.0,97.0
EDIN,edin12,Violation_201,26.0,Cz,-0.5179195,34.0,97.0
EDIN,edin12,Violation_201,26.0,CP1,-0.7205462,34.0,97.0
EDIN,edin12,Violation_201,26.0,CP2,8.531658,34.0,97.0
EDIN,edin12,Violation_201,26.0,P3,9.458759,34.0,97.0
EDIN,edin12,Violation_201,26.0,P4,13.3333,34.0,97.0
EDIN,edin12,Violation_201,26.0,C3,11.43926,34.0,97.0
EDIN,edin12,Violation_201,26.0,C4,7.235697,34.0,97.0
EDIN,edin12,Violation_201,26.0,P7,46.22323,34.0,97.0
EDIN,edin12,Violation_201,26.0,P8,11.90538,34.0,97.0
EDIN,edin12,Violation_201,26.0,O1,11.21714,34.0,97.0
EDIN,edin12,Violation_201,26.0,O2,25.71768,34.0,97.0
EDIN,edin12,Violation_201,38.0,Pz,-6.608768,39.0,97.0
EDIN,edin12,Violation_201,38.0,Cz,35.91254,39.0,97.0
EDIN,edin12,Violation_201,38.0,CP1,9.65844,39.0,97.0
EDIN,edin12,Violation_201,38.0,CP2,6.050617,39.0,97.0
EDIN,edin12,Violation_201,38.0,P3,6.647307,39.0,97.0
EDIN,edin12,Violation_201,38.0,P4,12.25293,39.0,97.0
EDIN,edin12,Violation_201,38.0,C3,10.37974,39.0,97.0
EDIN,edin12,Violation_201,38.0,C4,-2.83883,39.0,97.0
EDIN,edin12,Violation_201,38.0,P7,-5.79717,39.0,97.0
EDIN,edin12,Violation_201,38.0,P8,10.34998,39.0,97.0
EDIN,edin12,Violation_201,38.0,O1,13.40575,39.0,97.0
EDIN,edin12,Violation_201,38.0,O2,14.51223,39.0,97.0
EDIN,edin12,Violation_201,30.0,Pz,-4.481816,27.0,97.0
EDIN,edin12,Violation_201,30.0,Cz,-22.05303,27.0,97.0
EDIN,edin12,Violation_201,30.0,CP1,-13.34263,27.0,97.0
EDIN,edin12,Violation_201,30.0,CP2,-14.09673,27.0,97.0
EDIN,edin12,Violation_201,30.0,P3,-13.84949,27.0,97.0
EDIN,edin12,Violation_201,30.0,P4,-10.30343,27.0,97.0
EDIN,edin12,Violation_201,30.0,C3,-9.576737,27.0,97.0
EDIN,edin12,Violation_201,30.0,C4,-10.06912,27.0,97.0
EDIN,edin12,Violation_201,30.0,P7,-0.1149969,27.0,97.0
EDIN,edin12,Violation_201,30.0,P8,-9.626365,27.0,97.0
EDIN,edin12,Violation_201,30.0,O1,-14.63622,27.0,97.0
EDIN,edin12,Violation_201,30.0,O2,-9.372775,27.0,97.0
EDIN,edin12,Violation_201,22.0,Pz,-5.064108,28.0,27.0
EDIN,edin12,Violation_201,22.0,Cz,19.47193,28.0,27.0
EDIN,edin12,Violation_201,22.0,CP1,-4.24472,28.0,27.0
EDIN,edin12,Violation_201,22.0,CP2,4.419732,28.0,27.0
EDIN,edin12,Violation_201,22.0,P3,9.338437,28.0,27.0
EDIN,edin12,Violation_201,22.0,P4,10.4425,28.0,27.0
EDIN,edin12,Violation_201,22.0,C3,0.8377038,28.0,27.0
EDIN,edin12,Violation_201,22.0,C4,-0.271625,28.0,27.0
EDIN,edin12,Violation_201,22.0,P7,9.95638,28.0,27.0
EDIN,edin12,Violation_201,22.0,P8,12.34208,28.0,27.0
EDIN,edin12,Violation_201,22.0,O1,13.64026,28.0,27.0
EDIN,edin12,Violation_201,22.0,O2,13.78965,28.0,27.0
EDIN,edin12,Violation_201,29.0,Pz,13.07487,26.0,87.0
EDIN,edin12,Violation_201,29.0,Cz,14.33804,26.0,87.0
EDIN,edin12,Violation_201,29.0,CP1,-13.28384,26.0,87.0
EDIN,edin12,Violation_201,29.0,CP2,7.311159,26.0,87.0
EDIN,edin12,Violation_201,29.0,P3,7.153699,26.0,87.0
EDIN,edin12,Violation_201,29.0,P4,1.711871,26.0,87.0
EDIN,edin12,Violation_201,29.0,C3,6.303295,26.0,87.0
EDIN,edin12,Violation_201,29.0,C4,-4.204769,26.0,87.0
EDIN,edin12,Violation_201,29.0,P7,-4.473594,26.0,87.0
EDIN,edin12,Violation_201,29.0,P8,-9.886073,26.0,87.0
EDIN,edin12,Violation_201,29.0,O1,-2.853542,26.0,87.0
EDIN,edin12,Violation_201,29.0,O2,3.496661,26.0,87.0
EDIN,edin12,Control_202,33.0,Pz,-3.966283,40.0,93.0
EDIN,edin12,Control_202,33.0,Cz,-4.284671,40.0,93.0
EDIN,edin12,Control_202,33.0,CP1,-2.519835,40.0,93.0
EDIN,edin12,Control_202,33.0,CP2,0.3871007,40.0,93.0
EDIN,edin12,Control_202,33.0,P3,3.59699,40.0,93.0
EDIN,edin12,Control_202,33.0,P4,4.086024,40.0,93.0
EDIN,edin12,Control_202,33.0,C3,-6.574997,40.0,93.0
EDIN,edin12,Control_202,33.0,C4,-4.564334,40.0,93.0
EDIN,edin12,Control_202,33.0,P7,-2.668645,40.0,93.0
EDIN,edin12,Control_202,33.0,P8,-0.8273917,40.0,93.0
EDIN,edin12,Control_202,33.0,O1,4.32425,40.0,93.0
EDIN,edin12,Control_202,33.0,O2,9.095724,40.0,93.0
EDIN,edin12,Control_202,25.0,Pz,-5.475024,37.0,80.0
EDIN,edin12,Control_202,25.0,Cz,17.30449,37.0,80.0
EDIN,edin12,Control_202,25.0,CP1,14.84776,37.0,80.0
EDIN,edin12,Control_202,25.0,CP2,-0.1628284,37.0,80.0
EDIN,edin12,Control_202,25.0,P3,3.26478,37.0,80.0
EDIN,edin12,Control_202,25.0,P4,1.499046,37.0,80.0
EDIN,edin12,Control_202,25.0,C3,1.140035,37.0,80.0
EDIN,edin12,Control_202,25.0,C4,-0.07518543,37.0,80.0
EDIN,edin12,Control_202,25.0,P7,4.915737,37.0,80.0
EDIN,edin12,Control_202,25.0,P8,6.630147,37.0,80.0
EDIN,edin12,Control_202,25.0,O1,-1.519688,37.0,80.0
EDIN,edin12,Control_202,25.0,O2,-3.187276,37.0,80.0
EDIN,edin12,Control_202,57.0,Pz,-5.165385,47.0,100.0
EDIN,edin12,Control_202,57.0,Cz,2.822538,47.0,100.0
EDIN,edin12,Control_202,57.0,CP1,0.3852706,47.0,100.0
EDIN,edin12,Control_202,57.0,CP2,-8.929216,47.0,100.0
EDIN,edin12,Control_202,57.0,P3,-5.718729,47.0,100.0
EDIN,edin12,Control_202,57.0,P4,-4.01906,47.0,100.0
EDIN,edin12,Control_202,57.0,C3,-3.609425,47.0,100.0
EDIN,edin12,Control_202,57.0,C4,5.948408,47.0,100.0
EDIN,edin12,Control_202,57.0,P7,6.033218,47.0,100.0
EDIN,edin12,Control_202,57.0,P8,-6.615176,47.0,100.0
EDIN,edin12,Control_202,57.0,O1,11.73294,47.0,100.0
EDIN,edin12,Control_202,57.0,O2,-4.496571,47.0,100.0
EDIN,edin12,Violation_201,58.0,Pz,-8.830914,55.0,93.0
EDIN,edin12,Violation_201,58.0,Cz,3.179083,55.0,93.0
EDIN,edin12,Violation_201,58.0,CP1,8.617552,55.0,93.0
EDIN,edin12,Violation_201,58.0,CP2,3.038411,55.0,93.0
EDIN,edin12,Violation_201,58.0,P3,3.007252,55.0,93.0
EDIN,edin12,Violation_201,58.0,P4,6.571002,55.0,93.0
EDIN,edin12,Violation_201,58.0,C3,-3.011932,55.0,93.0
EDIN,edin12,Violation_201,58.0,C4,-4.471224,55.0,93.0
EDIN,edin12,Violation_201,58.0,P7,-7.658383,55.0,93.0
EDIN,edin12,Violation_201,58.0,P8,-3.350695,55.0,93.0
EDIN,edin12,Violation_201,58.0,O1,6.926904,55.0,93.0
EDIN,edin12,Violation_201,58.0,O2,-1.427667,55.0,93.0
EDIN,edin12,Violation_201,42.0,Pz,26.11671,59.0,73.0
EDIN,edin12,Violation_201,42.0,Cz,-4.19886,59.0,73.0
EDIN,edin12,Violation_201,42.0,CP1,12.96576,59.0,73.0
EDIN,edin12,Violation_201,42.0,CP2,8.738937,59.0,73.0
EDIN,edin12,Violation_201,42.0,P3,8.516572,59.0,73.0
EDIN,edin12,Violation_201,42.0,P4,19.28509,59.0,73.0
EDIN,edin12,Violation_201,42.0,C3,10.25051,59.0,73.0
EDIN,edin12,Violation_201,42.0,C4,10.77007,59.0,73.0
EDIN,edin12,Violation_201,42.0,P7,27.26185,59.0,73.0
EDIN,edin12,Violation_201,42.0,P8,23.54328,59.0,73.0
EDIN,edin12,Violation_201,42.0,O1,21.18172,59.0,73.0
EDIN,edin12,Violation_201,42.0,O2,20.5666,59.0,73.0
EDIN,edin12,Control_202,53.0,Pz,15.00423,51.0,90.0
EDIN,edin12,Control_202,53.0,Cz,2.825382,51.0,90.0
EDIN,edin12,Control_202,53.0,CP1,4.356677,51.0,90.0
EDIN,edin12,Control_202,53.0,CP2,6.055204,51.0,90.0
EDIN,edin12,Control_202,53.0,P3,1.381794,51.0,90.0
EDIN,edin12,Control_202,53.0,P4,8.52875,51.0,90.0
EDIN,edin12,Control_202,53.0,C3,-0.9852813,51.0,90.0
EDIN,edin12,Control_202,53.0,C4,5.572927,51.0,90.0
EDIN,edin12,Control_202,53.0,P7,-8.967938,51.0,90.0
EDIN,edin12,Control_202,53.0,P8,8.251729,51.0,90.0
EDIN,edin12,Control_202,53.0,O1,5.668838,51.0,90.0
EDIN,edin12,Control_202,53.0,O2,9.756908,51.0,90.0
EDIN,edin12,Violation_201,54.0,Pz,11.51167,45.0,67.0
EDIN,edin12,Violation_201,54.0,Cz,-6.425359,45.0,67.0
EDIN,edin12,Violation_201,54.0,CP1,-1.359623,45.0,67.0
EDIN,edin12,Violation_201,54.0,CP2,-5.659709,45.0,67.0
EDIN,edin12,Violation_201,54.0,P3,4.893057,45.0,67.0
EDIN,edin12,Violation_201,54.0,P4,4.087266,45.0,67.0
EDIN,edin12,Violation_201,54.0,C3,-1.83933,45.0,67.0
EDIN,edin12,Violation_201,54.0,C4,-0.8409789,45.0,67.0
EDIN,edin12,Violation_201,54.0,P7,-1.928746,45.0,67.0
EDIN,edin12,Violation_201,54.0,P8,-1.927645,45.0,67.0
EDIN,edin12,Violation_201,54.0,O1,-1.902363,45.0,67.0
EDIN,edin12,Violation_201,54.0,O2,5.299219,45.0,67.0
EDIN,edin12,Control_202,49.0,Pz,10.13381,54.0,77.0
EDIN,edin12,Control_202,49.0,Cz,11.16546,54.0,77.0
EDIN,edin12,Control_202,49.0,CP1,19.33993,54.0,77.0
EDIN,edin12,Control_202,49.0,CP2,13.40256,54.0,77.0
EDIN,edin12,Control_202,49.0,P3,8.431888,54.0,77.0
EDIN,edin12,Control_202,49.0,P4,11.9276,54.0,77.0
EDIN,edin12,Control_202,49.0,C3,5.080704,54.0,77.0
EDIN,edin12,Control_202,49.0,C4,19.91677,54.0,77.0
EDIN,edin12,Control_202,49.0,P7,22.06896,54.0,77.0
EDIN,edin12,Control_202,49.0,P8,-2.379401,54.0,77.0
EDIN,edin12,Control_202,49.0,O1,6.028589,54.0,77.0
EDIN,edin12,Control_202,49.0,O2,2.107956,54.0,77.0
EDIN,edin12,Control_202,45.0,Pz,0.71595,42.0,37.0
EDIN,edin12,Control_202,45.0,Cz,-8.646674,42.0,37.0
EDIN,edin12,Control_202,45.0,CP1,-21.28683,42.0,37.0
EDIN,edin12,Control_202,45.0,CP2,1.39708,42.0,37.0
EDIN,edin12,Control_202,45.0,P3,-3.872904,42.0,37.0
EDIN,edin12,Control_202,45.0,P4,-7.642154,42.0,37.0
EDIN,edin12,Control_202,45.0,C3,-12.19938,42.0,37.0
EDIN,edin12,Control_202,45.0,C4,-3.952976,42.0,37.0
EDIN,edin12,Control_202,45.0,P7,-6.277475,42.0,37.0
EDIN,edin12,Control_202,45.0,P8,-2.718709,42.0,37.0
EDIN,edin12,Control_202,45.0,O1,0.07365713,42.0,37.0
EDIN,edin12,Control_202,45.0,O2,-7.459184,42.0,37.0
EDIN,edin12,Violation_201,46.0,Pz,24.15876,53.0,93.0
EDIN,edin12,Violation_201,46.0,Cz,8.295218,53.0,93.0
EDIN,edin12,Violation_201,46.0,CP1,10.36308,53.0,93.0
EDIN,edin12,Violation_201,46.0,CP2,6.909866,53.0,93.0
EDIN,edin12,Violation_201,46.0,P3,14.64683,53.0,93.0
EDIN,edin12,Violation_201,46.0,P4,4.498779,53.0,93.0
EDIN,edin12,Violation_201,46.0,C3,4.832952,53.0,93.0
EDIN,edin12,Violation_201,46.0,C4,18.47631,53.0,93.0
EDIN,edin12,Violation_201,46.0,P7,14.05871,53.0,93.0
EDIN,edin12,Violation_201,46.0,P8,3.019994,53.0,93.0
EDIN,edin12,Violation_201,46.0,O1,23.76231,53.0,93.0
EDIN,edin12,Violation_201,46.0,O2,3.111811,53.0,93.0
EDIN,edin12,Violation_201,50.0,Pz,17.1716,60.0,90.0
EDIN,edin12,Violation_201,50.0,Cz,11.05484,60.0,90.0
EDIN,edin12,Violation_201,50.0,CP1,1.811688,60.0,90.0
EDIN,edin12,Violation_201,50.0,CP2,19.76385,60.0,90.0
EDIN,edin12,Violation_201,50.0,P3,11.24343,60.0,90.0
EDIN,edin12,Violation_201,50.0,P4,19.28853,60.0,90.0
EDIN,edin12,Violation_201,50.0,C3,18.44388,60.0,90.0
EDIN,edin12,Violation_201,50.0,C4,13.04474,60.0,90.0
EDIN,edin12,Violation_201,50.0,P7,31.63113,60.0,90.0
EDIN,edin12,Violation_201,50.0,P8,29.75441,60.0,90.0
EDIN,edin12,Violation_201,50.0,O1,11.46676,60.0,90.0
EDIN,edin12,Violation_201,50.0,O2,31.65123,60.0,90.0
EDIN,edin12,Control_202,41.0,Pz,-3.511529,57.0,69.0
EDIN,edin12,Control_202,41.0,Cz,-14.12047,57.0,69.0
EDIN,edin12,Control_202,41.0,CP1,-13.95423,57.0,69.0
EDIN,edin12,Control_202,41.0,CP2,-14.39875,57.0,69.0
EDIN,edin12,Control_202,41.0,P3,-8.207833,57.0,69.0
EDIN,edin12,Control_202,41.0,P4,-2.563843,57.0,69.0
EDIN,edin12,Control_202,41.0,C3,-10.53255,57.0,69.0
EDIN,edin12,Control_202,41.0,C4,-8.840717,57.0,69.0
EDIN,edin12,Control_202,41.0,P7,11.61539,57.0,69.0
EDIN,edin12,Control_202,41.0,P8,-6.870156,57.0,69.0
EDIN,edin12,Control_202,41.0,O1,3.577546,57.0,69.0
EDIN,edin12,Control_202,41.0,O2,4.875727,57.0,69.0
EDIN,edin12,Control_202,77.0,Pz,-6.385405,79.0,97.0
EDIN,edin12,Control_202,77.0,Cz,-0.4210562,79.0,97.0
EDIN,edin12,Control_202,77.0,CP1,-10.19143,79.0,97.0
EDIN,edin12,Control_202,77.0,CP2,1.60776,79.0,97.0
EDIN,edin12,Control_202,77.0,P3,-2.237868,79.0,97.0
EDIN,edin12,Control_202,77.0,P4,-3.173791,79.0,97.0
EDIN,edin12,Control_202,77.0,C3,-2.099396,79.0,97.0
EDIN,edin12,Control_202,77.0,C4,11.06653,79.0,97.0
EDIN,edin12,Control_202,77.0,P7,-19.17754,79.0,97.0
EDIN,edin12,Control_202,77.0,P8,1.561383,79.0,97.0
EDIN,edin12,Control_202,77.0,O1,-5.349737,79.0,97.0
EDIN,edin12,Control_202,77.0,O2,6.625652,79.0,97.0
EDIN,edin12,Violation_201,66.0,Pz,20.2271,63.0,83.0
EDIN,edin12,Violation_201,66.0,Cz,7.049958,63.0,83.0
EDIN,edin12,Violation_201,66.0,CP1,3.946496,63.0,83.0
EDIN,edin12,Violation_201,66.0,CP2,8.272465,63.0,83.0
EDIN,edin12,Violation_201,66.0,P3,3.080919,63.0,83.0
EDIN,edin12,Violation_201,66.0,P4,12.04694,63.0,83.0
EDIN,edin12,Violation_201,66.0,C3,8.483884,63.0,83.0
EDIN,edin12,Violation_201,66.0,C4,2.086249,63.0,83.0
EDIN,edin12,Violation_201,66.0,P7,19.86797,63.0,83.0
EDIN,edin12,Violation_201,66.0,P8,18.81017,63.0,83.0
EDIN,edin12,Violation_201,66.0,O1,17.01223,63.0,83.0
EDIN,edin12,Violation_201,66.0,O2,10.23809,63.0,83.0
EDIN,edin12,Violation_201,78.0,Pz,19.52456,73.0,80.0
EDIN,edin12,Violation_201,78.0,Cz,3.375437,73.0,80.0
EDIN,edin12,Violation_201,78.0,CP1,5.981774,73.0,80.0
EDIN,edin12,Violation_201,78.0,CP2,-1.710144,73.0,80.0
EDIN,edin12,Violation_201,78.0,P3,-0.07741646,73.0,80.0
EDIN,edin12,Violation_201,78.0,P4,0.6005106,73.0,80.0
EDIN,edin12,Violation_201,78.0,C3,-11.14363,73.0,80.0
EDIN,edin12,Violation_201,78.0,C4,-8.732644,73.0,80.0
EDIN,edin12,Violation_201,78.0,P7,3.847518,73.0,80.0
EDIN,edin12,Violation_201,78.0,P8,3.582999,73.0,80.0
EDIN,edin12,Violation_201,78.0,O1,-0.236273,73.0,80.0
EDIN,edin12,Violation_201,78.0,O2,6.22376,73.0,80.0
EDIN,edin12,Control_202,61.0,Pz,26.52997,64.0,50.0
EDIN,edin12,Control_202,61.0,Cz,2.093942,64.0,50.0
EDIN,edin12,Control_202,61.0,CP1,3.953917,64.0,50.0
EDIN,edin12,Control_202,61.0,CP2,6.655347,64.0,50.0
EDIN,edin12,Control_202,61.0,P3,12.75357,64.0,50.0
EDIN,edin12,Control_202,61.0,P4,13.73192,64.0,50.0
EDIN,edin12,Control_202,61.0,C3,11.04257,64.0,50.0
EDIN,edin12,Control_202,61.0,C4,16.83547,64.0,50.0
EDIN,edin12,Control_202,61.0,P7,29.73033,64.0,50.0
EDIN,edin12,Control_202,61.0,P8,14.4747,64.0,50.0
EDIN,edin12,Control_202,61.0,O1,19.08065,64.0,50.0
EDIN,edin12,Control_202,61.0,O2,23.63366,64.0,50.0
EDIN,edin12,Control_202,65.0,Pz,2.179131,66.0,23.0
EDIN,edin12,Control_202,65.0,Cz,16.13906,66.0,23.0
EDIN,edin12,Control_202,65.0,CP1,43.82633,66.0,23.0
EDIN,edin12,Control_202,65.0,CP2,5.009701,66.0,23.0
EDIN,edin12,Control_202,65.0,P3,9.778886,66.0,23.0
EDIN,edin12,Control_202,65.0,P4,8.798661,66.0,23.0
EDIN,edin12,Control_202,65.0,C3,11.04248,66.0,23.0
EDIN,edin12,Control_202,65.0,C4,6.347729,66.0,23.0
EDIN,edin12,Control_202,65.0,P7,-2.208624,66.0,23.0
EDIN,edin12,Control_202,65.0,P8,4.21768,66.0,23.0
EDIN,edin12,Control_202,65.0,O1,-1.001238,66.0,23.0
EDIN,edin12,Control_202,65.0,O2,-6.874794,66.0,23.0
EDIN,edin12,Violation_201,74.0,Pz,11.59592,74.0,93.0
EDIN,edin12,Violation_201,74.0,Cz,3.179425,74.0,93.0
EDIN,edin12,Violation_201,74.0,CP1,18.44053,74.0,93.0
EDIN,edin12,Violation_201,74.0,CP2,9.143104,74.0,93.0
EDIN,edin12,Violation_201,74.0,P3,7.441668,74.0,93.0
EDIN,edin12,Violation_201,74.0,P4,3.48503,74.0,93.0
EDIN,edin12,Violation_201,74.0,C3,10.67509,74.0,93.0
EDIN,edin12,Violation_201,74.0,C4,9.789349,74.0,93.0
EDIN,edin12,Violation_201,74.0,P7,5.60022,74.0,93.0
EDIN,edin12,Violation_201,74.0,P8,10.93165,74.0,93.0
EDIN,edin12,Violation_201,74.0,O1,-7.337811,74.0,93.0
EDIN,edin12,Violation_201,74.0,O2,-8.440767,74.0,93.0
EDIN,edin12,Violation_201,70.0,Pz,0.6370777,72.0,90.0
EDIN,edin12,Violation_201,70.0,Cz,13.03255,72.0,90.0
EDIN,edin12,Violation_201,70.0,CP1,5.726513,72.0,90.0
EDIN,edin12,Violation_201,70.0,CP2,-0.8549662,72.0,90.0
EDIN,edin12,Violation_201,70.0,P3,19.92291,72.0,90.0
EDIN,edin12,Violation_201,70.0,P4,-1.434264,72.0,90.0
EDIN,edin12,Violation_201,70.0,C3,13.54362,72.0,90.0
EDIN,edin12,Violation_201,70.0,C4,3.422451,72.0,90.0
EDIN,edin12,Violation_201,70.0,P7,-15.89915,72.0,90.0
EDIN,edin12,Violation_201,70.0,P8,-4.323623,72.0,90.0
EDIN,edin12,Violation_201,70.0,O1,-5.047833,72.0,90.0
EDIN,edin12,Violation_201,70.0,O2,-9.520256,72.0,90.0
EDIN,edin12,Control_202,73.0,Pz,-55.76859,71.0,90.0
EDIN,edin12,Control_202,73.0,Cz,-35.02001,71.0,90.0
EDIN,edin12,Control_202,73.0,CP1,-37.53976,71.0,90.0
EDIN,edin12,Control_202,73.0,CP2,-30.03267,71.0,90.0
EDIN,edin12,Control_202,73.0,P3,-34.99065,71.0,90.0
EDIN,edin12,Control_202,73.0,P4,-31.55905,71.0,90.0
EDIN,edin12,Control_202,73.0,C3,-30.17503,71.0,90.0
EDIN,edin12,Control_202,73.0,C4,-38.35268,71.0,90.0
EDIN,edin12,Control_202,73.0,P7,-18.87229,71.0,90.0
EDIN,edin12,Control_202,73.0,P8,-29.06305,71.0,90.0
EDIN,edin12,Control_202,73.0,O1,-24.35207,71.0,90.0
EDIN,edin12,Control_202,73.0,O2,-33.61142,71.0,90.0
EDIN,edin12,Violation_201,62.0,Pz,-5.961901,68.0,27.0
EDIN,edin12,Violation_201,62.0,Cz,3.231994,68.0,27.0
EDIN,edin12,Violation_201,62.0,CP1,-8.711226,68.0,27.0
EDIN,edin12,Violation_201,62.0,CP2,4.666283,68.0,27.0
EDIN,edin12,Violation_201,62.0,P3,8.457212,68.0,27.0
EDIN,edin12,Violation_201,62.0,P4,10.59046,68.0,27.0
EDIN,edin12,Violation_201,62.0,C3,5.771896,68.0,27.0
EDIN,edin12,Violation_201,62.0,C4,2.918151,68.0,27.0
EDIN,edin12,Violation_201,62.0,P7,4.923069,68.0,27.0
EDIN,edin12,Violation_201,62.0,P8,17.39053,68.0,27.0
EDIN,edin12,Violation_201,62.0,O1,8.747242,68.0,27.0
EDIN,edin12,Violation_201,62.0,O2,4.055645,68.0,27.0
EDIN,edin12,Control_202,69.0,Pz,-1.786845,76.0,90.0
EDIN,edin12,Control_202,69.0,Cz,5.635769,76.0,90.0
EDIN,edin12,Control_202,69.0,CP1,7.55809,76.0,90.0
EDIN,edin12,Control_202,69.0,CP2,2.350611,76.0,90.0
EDIN,edin12,Control_202,69.0,P3,0.7992882,76.0,90.0
EDIN,edin12,Control_202,69.0,P4,0.9769345,76.0,90.0
EDIN,edin12,Control_202,69.0,C3,6.69238,76.0,90.0
EDIN,edin12,Control_202,69.0,C4,-0.01759956,76.0,90.0
EDIN,edin12,Control_202,69.0,P7,18.11974,76.0,90.0
EDIN,edin12,Control_202,69.0,P8,-0.05057146,76.0,90.0
EDIN,edin12,Control_202,69.0,O1,4.849123,76.0,90.0
EDIN,edin12,Control_202,69.0,O2,7.821634,76.0,90.0
EDIN,edin13,Violation_201,12.0,Pz,5.55518,7.0,80.0
EDIN,edin13,Violation_201,12.0,Cz,22.49032,7.0,80.0
EDIN,edin13,Violation_201,12.0,CP1,7.082429,7.0,80.0
EDIN,edin13,Violation_201,12.0,CP2,1.745189,7.0,80.0
EDIN,edin13,Violation_201,12.0,P3,6.286161,7.0,80.0
EDIN,edin13,Violation_201,12.0,P4,7.925181,7.0,80.0
EDIN,edin13,Violation_201,12.0,C3,9.58064,7.0,80.0
EDIN,edin13,Violation_201,12.0,C4,5.84944,7.0,80.0
EDIN,edin13,Violation_201,12.0,P7,1.081941,7.0,80.0
EDIN,edin13,Violation_201,12.0,P8,1.75617,7.0,80.0
EDIN,edin13,Violation_201,12.0,O1,3.540684,7.0,80.0
EDIN,edin13,Violation_201,12.0,O2,18.86393,7.0,80.0
EDIN,edin13,Control_202,3.0,Pz,-5.903443,1.0,97.0
EDIN,edin13,Control_202,3.0,Cz,5.370706,1.0,97.0
EDIN,edin13,Control_202,3.0,CP1,-3.2553,1.0,97.0
EDIN,edin13,Control_202,3.0,CP2,-2.705027,1.0,97.0
EDIN,edin13,Control_202,3.0,P3,-1.322951,1.0,97.0
EDIN,edin13,Control_202,3.0,P4,1.003197,1.0,97.0
EDIN,edin13,Control_202,3.0,C3,-1.066041,1.0,97.0
EDIN,edin13,Control_202,3.0,C4,1.10425,1.0,97.0
EDIN,edin13,Control_202,3.0,P7,-2.640288,1.0,97.0
EDIN,edin13,Control_202,3.0,P8,3.527746,1.0,97.0
EDIN,edin13,Control_202,3.0,O1,0.3694993,1.0,97.0
EDIN,edin13,Control_202,3.0,O2,10.8774,1.0,97.0
EDIN,edin13,Control_202,15.0,Pz,8.407465,13.0,97.0
EDIN,edin13,Control_202,15.0,Cz,16.78976,13.0,97.0
EDIN,edin13,Control_202,15.0,CP1,-0.3755814,13.0,97.0
EDIN,edin13,Control_202,15.0,CP2,2.816051,13.0,97.0
EDIN,edin13,Control_202,15.0,P3,0.3033829,13.0,97.0
EDIN,edin13,Control_202,15.0,P4,1.452642,13.0,97.0
EDIN,edin13,Control_202,15.0,C3,7.198218,13.0,97.0
EDIN,edin13,Control_202,15.0,C4,5.266114,13.0,97.0
EDIN,edin13,Control_202,15.0,P7,2.412857,13.0,97.0
EDIN,edin13,Control_202,15.0,P8,11.42321,13.0,97.0
EDIN,edin13,Control_202,15.0,O1,6.246222,13.0,97.0
EDIN,edin13,Control_202,15.0,O2,-4.966894,13.0,97.0
EDIN,edin13,Control_202,11.0,Pz,5.576969,20.0,90.0
EDIN,edin13,Control_202,11.0,Cz,-1.326933,20.0,90.0
EDIN,edin13,Control_202,11.0,CP1,0.4671158,20.0,90.0
EDIN,edin13,Control_202,11.0,CP2,4.554792,20.0,90.0
EDIN,edin13,Control_202,11.0,P3,6.332182,20.0,90.0
EDIN,edin13,Control_202,11.0,P4,17.35504,20.0,90.0
EDIN,edin13,Control_202,11.0,C3,-0.7723711,20.0,90.0
EDIN,edin13,Control_202,11.0,C4,5.164642,20.0,90.0
EDIN,edin13,Control_202,11.0,P7,-4.897624,20.0,90.0
EDIN,edin13,Control_202,11.0,P8,4.122396,20.0,90.0
EDIN,edin13,Control_202,11.0,O1,-0.01625676,20.0,90.0
EDIN,edin13,Control_202,11.0,O2,0.1941088,20.0,90.0
EDIN,edin13,Violation_201,16.0,Pz,10.02076,19.0,100.0
EDIN,edin13,Violation_201,16.0,Cz,17.93016,19.0,100.0
EDIN,edin13,Violation_201,16.0,CP1,17.00295,19.0,100.0
EDIN,edin13,Violation_201,16.0,CP2,8.297184,19.0,100.0
EDIN,edin13,Violation_201,16.0,P3,10.99331,19.0,100.0
EDIN,edin13,Violation_201,16.0,P4,3.886203,19.0,100.0
EDIN,edin13,Violation_201,16.0,C3,11.72369,19.0,100.0
EDIN,edin13,Violation_201,16.0,C4,4.814205,19.0,100.0
EDIN,edin13,Violation_201,16.0,P7,-4.991258,19.0,100.0
EDIN,edin13,Violation_201,16.0,P8,22.20675,19.0,100.0
EDIN,edin13,Violation_201,16.0,O1,8.400798,19.0,100.0
EDIN,edin13,Violation_201,16.0,O2,9.810102,19.0,100.0
EDIN,edin13,Violation_201,4.0,Pz,-2.731355,3.0,100.0
EDIN,edin13,Violation_201,4.0,Cz,-6.858118,3.0,100.0
EDIN,edin13,Violation_201,4.0,CP1,-12.69701,3.0,100.0
EDIN,edin13,Violation_201,4.0,CP2,3.34163,3.0,100.0
EDIN,edin13,Violation_201,4.0,P3,-6.166614,3.0,100.0
EDIN,edin13,Violation_201,4.0,P4,1.327313,3.0,100.0
EDIN,edin13,Violation_201,4.0,C3,-3.128261,3.0,100.0
EDIN,edin13,Violation_201,4.0,C4,5.123031,3.0,100.0
EDIN,edin13,Violation_201,4.0,P7,-13.55619,3.0,100.0
EDIN,edin13,Violation_201,4.0,P8,64.05449,3.0,100.0
EDIN,edin13,Violation_201,4.0,O1,-2.242066,3.0,100.0
EDIN,edin13,Violation_201,4.0,O2,1.259171,3.0,100.0
EDIN,edin13,Violation_201,20.0,Pz,18.36057,8.0,97.0
EDIN,edin13,Violation_201,20.0,Cz,18.2708,8.0,97.0
EDIN,edin13,Violation_201,20.0,CP1,22.91595,8.0,97.0
EDIN,edin13,Violation_201,20.0,CP2,13.60614,8.0,97.0
EDIN,edin13,Violation_201,20.0,P3,20.87101,8.0,97.0
EDIN,edin13,Violation_201,20.0,P4,10.98837,8.0,97.0
EDIN,edin13,Violation_201,20.0,C3,23.29927,8.0,97.0
EDIN,edin13,Violation_201,20.0,C4,13.66122,8.0,97.0
EDIN,edin13,Violation_201,20.0,P7,10.47263,8.0,97.0
EDIN,edin13,Violation_201,20.0,P8,15.63036,8.0,97.0
EDIN,edin13,Violation_201,20.0,O1,16.97592,8.0,97.0
EDIN,edin13,Violation_201,20.0,O2,7.270995,8.0,97.0
EDIN,edin13,Control_202,7.0,Pz,7.906292,11.0,87.0
EDIN,edin13,Control_202,7.0,Cz,23.39228,11.0,87.0
EDIN,edin13,Control_202,7.0,CP1,19.0057,11.0,87.0
EDIN,edin13,Control_202,7.0,CP2,16.28076,11.0,87.0
EDIN,edin13,Control_202,7.0,P3,8.556228,11.0,87.0
EDIN,edin13,Control_202,7.0,P4,4.030247,11.0,87.0
EDIN,edin13,Control_202,7.0,C3,12.71228,11.0,87.0
EDIN,edin13,Control_202,7.0,C4,17.64225,11.0,87.0
EDIN,edin13,Control_202,7.0,P7,7.628688,11.0,87.0
EDIN,edin13,Control_202,7.0,P8,14.13252,11.0,87.0
EDIN,edin13,Control_202,7.0,O1,7.762546,11.0,87.0
EDIN,edin13,Control_202,7.0,O2,9.933754,11.0,87.0
EDIN,edin13,Control_202,19.0,Pz,-8.356693,17.0,62.0
EDIN,edin13,Control_202,19.0,Cz,-3.492997,17.0,62.0
EDIN,edin13,Control_202,19.0,CP1,-10.24924,17.0,62.0
EDIN,edin13,Control_202,19.0,CP2,-2.914805,17.0,62.0
EDIN,edin13,Control_202,19.0,P3,-7.912164,17.0,62.0
EDIN,edin13,Control_202,19.0,P4,-1.200529,17.0,62.0
EDIN,edin13,Control_202,19.0,C3,-11.46754,17.0,62.0
EDIN,edin13,Control_202,19.0,C4,-2.763365,17.0,62.0
EDIN,edin13,Control_202,19.0,P7,-5.146626,17.0,62.0
EDIN,edin13,Control_202,19.0,P8,-0.3422471,17.0,62.0
EDIN,edin13,Control_202,19.0,O1,-0.5599567,17.0,62.0
EDIN,edin13,Control_202,19.0,O2,-11.76493,17.0,62.0
EDIN,edin13,Violation_201,8.0,Pz,5.266814,16.0,93.0
EDIN,edin13,Violation_201,8.0,Cz,14.00912,16.0,93.0
EDIN,edin13,Violation_201,8.0,CP1,11.88619,16.0,93.0
EDIN,edin13,Violation_201,8.0,CP2,17.73953,16.0,93.0
EDIN,edin13,Violation_201,8.0,P3,7.470743,16.0,93.0
EDIN,edin13,Violation_201,8.0,P4,7.158577,16.0,93.0
EDIN,edin13,Violation_201,8.0,C3,12.47472,16.0,93.0
EDIN,edin13,Violation_201,8.0,C4,10.84674,16.0,93.0
EDIN,edin13,Violation_201,8.0,P7,11.98984,16.0,93.0
EDIN,edin13,Violation_201,8.0,P8,29.90919,16.0,93.0
EDIN,edin13,Violation_201,8.0,O1,9.426758,16.0,93.0
EDIN,edin13,Violation_201,8.0,O2,14.50755,16.0,93.0
EDIN,edin13,Violation_201,28.0,Pz,-1.794176,38.0,93.0
EDIN,edin13,Violation_201,28.0,Cz,-5.603311,38.0,93.0
EDIN,edin13,Violation_201,28.0,CP1,-3.757479,38.0,93.0
EDIN,edin13,Violation_201,28.0,CP2,2.581218,38.0,93.0
EDIN,edin13,Violation_201,28.0,P3,-8.78879,38.0,93.0
EDIN,edin13,Violation_201,28.0,P4,-9.396313,38.0,93.0
EDIN,edin13,Violation_201,28.0,C3,-3.786973,38.0,93.0
EDIN,edin13,Violation_201,28.0,C4,-3.035237,38.0,93.0
EDIN,edin13,Violation_201,28.0,P7,-9.579591,38.0,93.0
EDIN,edin13,Violation_201,28.0,P8,-20.77362,38.0,93.0
EDIN,edin13,Violation_201,28.0,O1,-1.523437,38.0,93.0
EDIN,edin13,Violation_201,28.0,O2,-5.624807,38.0,93.0
EDIN,edin13,Control_202,35.0,Pz,-6.303611,32.0,80.0
EDIN,edin13,Control_202,35.0,Cz,-6.493433,32.0,80.0
EDIN,edin13,Control_202,35.0,CP1,-2.544195,32.0,80.0
EDIN,edin13,Control_202,35.0,CP2,-11.76992,32.0,80.0
EDIN,edin13,Control_202,35.0,P3,-7.664702,32.0,80.0
EDIN,edin13,Control_202,35.0,P4,6.930469,32.0,80.0
EDIN,edin13,Control_202,35.0,C3,-2.544683,32.0,80.0
EDIN,edin13,Control_202,35.0,C4,-3.3682,32.0,80.0
EDIN,edin13,Control_202,35.0,P7,13.75479,32.0,80.0
EDIN,edin13,Control_202,35.0,P8,2.648191,32.0,80.0
EDIN,edin13,Control_202,35.0,O1,-3.730678,32.0,80.0
EDIN,edin13,Control_202,35.0,O2,-4.207005,32.0,80.0
EDIN,edin13,Control_202,23.0,Pz,-16.1159,35.0,97.0
EDIN,edin13,Control_202,23.0,Cz,-11.73676,35.0,97.0
EDIN,edin13,Control_202,23.0,CP1,-19.4502,35.0,97.0
EDIN,edin13,Control_202,23.0,CP2,-23.58737,35.0,97.0
EDIN,edin13,Control_202,23.0,P3,-21.70032,35.0,97.0
EDIN,edin13,Control_202,23.0,P4,-27.57862,35.0,97.0
EDIN,edin13,Control_202,23.0,C3,-15.34402,35.0,97.0
EDIN,edin13,Control_202,23.0,C4,-16.86906,35.0,97.0
EDIN,edin13,Control_202,23.0,P7,-18.07684,35.0,97.0
EDIN,edin13,Control_202,23.0,P8,-21.43034,35.0,97.0
EDIN,edin13,Control_202,23.0,O1,-13.2457,35.0,97.0
EDIN,edin13,Control_202,23.0,O2,-10.21037,35.0,97.0
EDIN,edin13,Violation_201,36.0,Pz,2.975842,27.0,97.0
EDIN,edin13,Violation_201,36.0,Cz,-6.427289,27.0,97.0
EDIN,edin13,Violation_201,36.0,CP1,13.67903,27.0,97.0
EDIN,edin13,Violation_201,36.0,CP2,2.223445,27.0,97.0
EDIN,edin13,Violation_201,36.0,P3,5.553243,27.0,97.0
EDIN,edin13,Violation_201,36.0,P4,-2.385182,27.0,97.0
EDIN,edin13,Violation_201,36.0,C3,4.120986,27.0,97.0
EDIN,edin13,Violation_201,36.0,C4,-10.58808,27.0,97.0
EDIN,edin13,Violation_201,36.0,P7,-8.480655,27.0,97.0
EDIN,edin13,Violation_201,36.0,P8,-10.61236,27.0,97.0
EDIN,edin13,Violation_201,36.0,O1,4.868856,27.0,97.0
EDIN,edin13,Violation_201,36.0,O2,2.661366,27.0,97.0
EDIN,edin13,Violation_201,40.0,Pz,10.15425,31.0,77.0
EDIN,edin13,Violation_201,40.0,Cz,14.99776,31.0,77.0
EDIN,edin13,Violation_201,40.0,CP1,12.34403,31.0,77.0
EDIN,edin13,Violation_201,40.0,CP2,14.65518,31.0,77.0
EDIN,edin13,Violation_201,40.0,P3,19.73296,31.0,77.0
EDIN,edin13,Violation_201,40.0,P4,21.0641,31.0,77.0
EDIN,edin13,Violation_201,40.0,C3,13.79267,31.0,77.0
EDIN,edin13,Violation_201,40.0,C4,8.431169,31.0,77.0
EDIN,edin13,Violation_201,40.0,P7,7.009615,31.0,77.0
EDIN,edin13,Violation_201,40.0,P8,17.96774,31.0,77.0
EDIN,edin13,Violation_201,40.0,O1,2.598772,31.0,77.0
EDIN,edin13,Violation_201,40.0,O2,6.582425,31.0,77.0
EDIN,edin13,Violation_201,24.0,Pz,7.727355,33.0,53.0
EDIN,edin13,Violation_201,24.0,Cz,9.791792,33.0,53.0
EDIN,edin13,Violation_201,24.0,CP1,4.957582,33.0,53.0
EDIN,edin13,Violation_201,24.0,CP2,2.452448,33.0,53.0
EDIN,edin13,Violation_201,24.0,P3,0.1594243,33.0,53.0
EDIN,edin13,Violation_201,24.0,P4,2.670031,33.0,53.0
EDIN,edin13,Violation_201,24.0,C3,3.605477,33.0,53.0
EDIN,edin13,Violation_201,24.0,C4,4.405804,33.0,53.0
EDIN,edin13,Violation_201,24.0,P7,10.2465,33.0,53.0
EDIN,edin13,Violation_201,24.0,P8,4.906922,33.0,53.0
EDIN,edin13,Violation_201,24.0,O1,3.997592,33.0,53.0
EDIN,edin13,Violation_201,24.0,O2,9.34237,33.0,53.0
EDIN,edin13,Violation_201,32.0,Pz,-13.56218,34.0,97.0
EDIN,edin13,Violation_201,32.0,Cz,-11.92778,34.0,97.0
EDIN,edin13,Violation_201,32.0,CP1,-13.72438,34.0,97.0
EDIN,edin13,Violation_201,32.0,CP2,-12.45286,34.0,97.0
EDIN,edin13,Violation_201,32.0,P3,-8.384011,34.0,97.0
EDIN,edin13,Violation_201,32.0,P4,-8.614262,34.0,97.0
EDIN,edin13,Violation_201,32.0,C3,-8.078217,34.0,97.0
EDIN,edin13,Violation_201,32.0,C4,-11.26018,34.0,97.0
EDIN,edin13,Violation_201,32.0,P7,-1.366195,34.0,97.0
EDIN,edin13,Violation_201,32.0,P8,-4.551565,34.0,97.0
EDIN,edin13,Violation_201,32.0,O1,-10.5852,34.0,97.0
EDIN,edin13,Violation_201,32.0,O2,-4.973547,34.0,97.0
EDIN,edin13,Control_202,27.0,Pz,18.77995,36.0,77.0
EDIN,edin13,Control_202,27.0,Cz,22.88599,36.0,77.0
EDIN,edin13,Control_202,27.0,CP1,26.63769,36.0,77.0
EDIN,edin13,Control_202,27.0,CP2,22.71889,36.0,77.0
EDIN,edin13,Control_202,27.0,P3,25.71519,36.0,77.0
EDIN,edin13,Control_202,27.0,P4,21.92742,36.0,77.0
EDIN,edin13,Control_202,27.0,C3,22.73226,36.0,77.0
EDIN,edin13,Control_202,27.0,C4,26.5283,36.0,77.0
EDIN,edin13,Control_202,27.0,P7,15.83735,36.0,77.0
EDIN,edin13,Control_202,27.0,P8,23.62543,36.0,77.0
EDIN,edin13,Control_202,27.0,O1,22.98756,36.0,77.0
EDIN,edin13,Control_202,27.0,O2,23.73211,36.0,77.0
EDIN,edin13,Control_202,39.0,Pz,-7.57363,37.0,80.0
EDIN,edin13,Control_202,39.0,Cz,-3.272769,37.0,80.0
EDIN,edin13,Control_202,39.0,CP1,-32.80831,37.0,80.0
EDIN,edin13,Control_202,39.0,CP2,1.506699,37.0,80.0
EDIN,edin13,Control_202,39.0,P3,-2.68731,37.0,80.0
EDIN,edin13,Control_202,39.0,P4,-4.191303,37.0,80.0
EDIN,edin13,Control_202,39.0,C3,-3.863381,37.0,80.0
EDIN,edin13,Control_202,39.0,C4,7.254442,37.0,80.0
EDIN,edin13,Control_202,39.0,P7,-7.266598,37.0,80.0
EDIN,edin13,Control_202,39.0,P8,-9.054437,37.0,80.0
EDIN,edin13,Control_202,39.0,O1,-7.208559,37.0,80.0
EDIN,edin13,Control_202,39.0,O2,4.498698,37.0,80.0
EDIN,edin13,Control_202,31.0,Pz,-3.752287,29.0,90.0
EDIN,edin13,Control_202,31.0,Cz,0.8218858,29.0,90.0
EDIN,edin13,Control_202,31.0,CP1,-8.279624,29.0,90.0
EDIN,edin13,Control_202,31.0,CP2,-1.715159,29.0,90.0
EDIN,edin13,Control_202,31.0,P3,-1.421607,29.0,90.0
EDIN,edin13,Control_202,31.0,P4,-5.679448,29.0,90.0
EDIN,edin13,Control_202,31.0,C3,4.766768,29.0,90.0
EDIN,edin13,Control_202,31.0,C4,-0.2692822,29.0,90.0
EDIN,edin13,Control_202,31.0,P7,-3.390415,29.0,90.0
EDIN,edin13,Control_202,31.0,P8,-19.03604,29.0,90.0
EDIN,edin13,Control_202,31.0,O1,-10.42445,29.0,90.0
EDIN,edin13,Control_202,31.0,O2,-27.38747,29.0,90.0
EDIN,edin13,Violation_201,52.0,Pz,-45.83634,46.0,63.0
EDIN,edin13,Violation_201,52.0,Cz,-40.51426,46.0,63.0
EDIN,edin13,Violation_201,52.0,CP1,-55.1277,46.0,63.0
EDIN,edin13,Violation_201,52.0,CP2,-55.00199,46.0,63.0
EDIN,edin13,Violation_201,52.0,P3,-52.9325,46.0,63.0
EDIN,edin13,Violation_201,52.0,P4,-59.91765,46.0,63.0
EDIN,edin13,Violation_201,52.0,C3,-48.21427,46.0,63.0
EDIN,edin13,Violation_201,52.0,C4,-55.76508,46.0,63.0
EDIN,edin13,Violation_201,52.0,P7,-35.76368,46.0,63.0
EDIN,edin13,Violation_201,52.0,P8,-46.80769,46.0,63.0
EDIN,edin13,Violation_201,52.0,O1,-41.01263,46.0,63.0
EDIN,edin13,Violation_201,52.0,O2,-28.01149,46.0,63.0
EDIN,edin13,Control_202,59.0,Pz,7.187773,55.0,93.0
EDIN,edin13,Control_202,59.0,Cz,3.159206,55.0,93.0
EDIN,edin13,Control_202,59.0,CP1,11.84954,55.0,93.0
EDIN,edin13,Control_202,59.0,CP2,14.95867,55.0,93.0
EDIN,edin13,Control_202,59.0,P3,13.29147,55.0,93.0
EDIN,edin13,Control_202,59.0,P4,18.08975,55.0,93.0
EDIN,edin13,Control_202,59.0,C3,12.75034,55.0,93.0
EDIN,edin13,Control_202,59.0,C4,16.38808,55.0,93.0
EDIN,edin13,Control_202,59.0,P7,21.88402,55.0,93.0
EDIN,edin13,Control_202,59.0,P8,17.67885,55.0,93.0
EDIN,edin13,Control_202,59.0,O1,16.23946,55.0,93.0
EDIN,edin13,Control_202,59.0,O2,14.19323,55.0,93.0
EDIN,edin13,Control_202,51.0,Pz,-29.29166,56.0,93.0
EDIN,edin13,Control_202,51.0,Cz,-40.83471,56.0,93.0
EDIN,edin13,Control_202,51.0,CP1,-32.43838,56.0,93.0
EDIN,edin13,Control_202,51.0,CP2,-30.37306,56.0,93.0
EDIN,edin13,Control_202,51.0,P3,-30.92758,56.0,93.0
EDIN,edin13,Control_202,51.0,P4,-9.832321,56.0,93.0
EDIN,edin13,Control_202,51.0,C3,-30.52509,56.0,93.0
EDIN,edin13,Control_202,51.0,C4,-24.52479,56.0,93.0
EDIN,edin13,Control_202,51.0,P7,-13.13887,56.0,93.0
EDIN,edin13,Control_202,51.0,P8,-21.81139,56.0,93.0
EDIN,edin13,Control_202,51.0,O1,-25.48259,56.0,93.0
EDIN,edin13,Control_202,51.0,O2,-18.33579,56.0,93.0
EDIN,edin13,Control_202,47.0,Pz,14.54,51.0,90.0
EDIN,edin13,Control_202,47.0,Cz,-2.618772,51.0,90.0
EDIN,edin13,Control_202,47.0,CP1,7.64275,51.0,90.0
EDIN,edin13,Control_202,47.0,CP2,9.121078,51.0,90.0
EDIN,edin13,Control_202,47.0,P3,7.104512,51.0,90.0
EDIN,edin13,Control_202,47.0,P4,27.7332,51.0,90.0
EDIN,edin13,Control_202,47.0,C3,4.570001,51.0,90.0
EDIN,edin13,Control_202,47.0,C4,6.06967,51.0,90.0
EDIN,edin13,Control_202,47.0,P7,6.81239,51.0,90.0
EDIN,edin13,Control_202,47.0,P8,1.616767,51.0,90.0
EDIN,edin13,Control_202,47.0,O1,-0.6131977,51.0,90.0
EDIN,edin13,Control_202,47.0,O2,-3.577055,51.0,90.0
EDIN,edin13,Violation_201,56.0,Pz,-6.440667,42.0,37.0
EDIN,edin13,Violation_201,56.0,Cz,-17.35962,42.0,37.0
EDIN,edin13,Violation_201,56.0,CP1,-24.27684,42.0,37.0
EDIN,edin13,Violation_201,56.0,CP2,-11.7695,42.0,37.0
EDIN,edin13,Violation_201,56.0,P3,-1.421121,42.0,37.0
EDIN,edin13,Violation_201,56.0,P4,-8.275076,42.0,37.0
EDIN,edin13,Violation_201,56.0,C3,-13.8566,42.0,37.0
EDIN,edin13,Violation_201,56.0,C4,-16.4807,42.0,37.0
EDIN,edin13,Violation_201,56.0,P7,-6.411638,42.0,37.0
EDIN,edin13,Violation_201,56.0,P8,-1.748927,42.0,37.0
EDIN,edin13,Violation_201,56.0,O1,-5.868109,42.0,37.0
EDIN,edin13,Violation_201,56.0,O2,4.619252,42.0,37.0
EDIN,edin13,Violation_201,60.0,Pz,3.132858,44.0,90.0
EDIN,edin13,Violation_201,60.0,Cz,-3.949855,44.0,90.0
EDIN,edin13,Violation_201,60.0,CP1,-9.479769,44.0,90.0
EDIN,edin13,Violation_201,60.0,CP2,-2.523538,44.0,90.0
EDIN,edin13,Violation_201,60.0,P3,-1.195484,44.0,90.0
EDIN,edin13,Violation_201,60.0,P4,-4.915478,44.0,90.0
EDIN,edin13,Violation_201,60.0,C3,-2.432896,44.0,90.0
EDIN,edin13,Violation_201,60.0,C4,3.563025,44.0,90.0
EDIN,edin13,Violation_201,60.0,P7,7.318678,44.0,90.0
EDIN,edin13,Violation_201,60.0,P8,7.779027,44.0,90.0
EDIN,edin13,Violation_201,60.0,O1,9.055935,44.0,90.0
EDIN,edin13,Violation_201,60.0,O2,23.76316,44.0,90.0
EDIN,edin13,Violation_201,43.0,Pz,8.229497,58.0,73.0
EDIN,edin13,Violation_201,43.0,Cz,10.65379,58.0,73.0
EDIN,edin13,Violation_201,43.0,CP1,6.531686,58.0,73.0
EDIN,edin13,Violation_201,43.0,CP2,11.13081,58.0,73.0
EDIN,edin13,Violation_201,43.0,P3,4.161401,58.0,73.0
EDIN,edin13,Violation_201,43.0,P4,4.054506,58.0,73.0
EDIN,edin13,Violation_201,43.0,C3,8.922588,58.0,73.0
EDIN,edin13,Violation_201,43.0,C4,6.48303,58.0,73.0
EDIN,edin13,Violation_201,43.0,P7,9.181576,58.0,73.0
EDIN,edin13,Violation_201,43.0,P8,-1.697313,58.0,73.0
EDIN,edin13,Violation_201,43.0,O1,7.812606,58.0,73.0
EDIN,edin13,Violation_201,43.0,O2,17.0425,58.0,73.0
EDIN,edin13,Violation_201,48.0,Pz,6.554781,53.0,93.0
EDIN,edin13,Violation_201,48.0,Cz,-1.999999,53.0,93.0
EDIN,edin13,Violation_201,48.0,CP1,-44.35847,53.0,93.0
EDIN,edin13,Violation_201,48.0,CP2,4.669199,53.0,93.0
EDIN,edin13,Violation_201,48.0,P3,3.367515,53.0,93.0
EDIN,edin13,Violation_201,48.0,P4,2.266161,53.0,93.0
EDIN,edin13,Violation_201,48.0,C3,4.972756,53.0,93.0
EDIN,edin13,Violation_201,48.0,C4,8.528482,53.0,93.0
EDIN,edin13,Violation_201,48.0,P7,11.71037,53.0,93.0
EDIN,edin13,Violation_201,48.0,P8,12.78058,53.0,93.0
EDIN,edin13,Violation_201,48.0,O1,9.085966,53.0,93.0
EDIN,edin13,Violation_201,48.0,O2,0.6521841,53.0,93.0
EDIN,edin13,Control_202,55.0,Pz,10.46208,54.0,77.0
EDIN,edin13,Control_202,55.0,Cz,12.15179,54.0,77.0
EDIN,edin13,Control_202,55.0,CP1,11.5945,54.0,77.0
EDIN,edin13,Control_202,55.0,CP2,11.21144,54.0,77.0
EDIN,edin13,Control_202,55.0,P3,6.05115,54.0,77.0
EDIN,edin13,Control_202,55.0,P4,22.9271,54.0,77.0
EDIN,edin13,Control_202,55.0,C3,12.03147,54.0,77.0
EDIN,edin13,Control_202,55.0,C4,12.2948,54.0,77.0
EDIN,edin13,Control_202,55.0,P7,9.578008,54.0,77.0
EDIN,edin13,Control_202,55.0,P8,17.68521,54.0,77.0
EDIN,edin13,Control_202,55.0,O1,16.33328,54.0,77.0
EDIN,edin13,Control_202,55.0,O2,17.76171,54.0,77.0
EDIN,edin13,Control_202,44.0,Pz,-17.44005,57.0,69.0
EDIN,edin13,Control_202,44.0,Cz,-6.899538,57.0,69.0
EDIN,edin13,Control_202,44.0,CP1,-12.45453,57.0,69.0
EDIN,edin13,Control_202,44.0,CP2,-12.0474,57.0,69.0
EDIN,edin13,Control_202,44.0,P3,-14.02392,57.0,69.0
EDIN,edin13,Control_202,44.0,P4,-19.59954,57.0,69.0
EDIN,edin13,Control_202,44.0,C3,-10.59539,57.0,69.0
EDIN,edin13,Control_202,44.0,C4,-0.8067747,57.0,69.0
EDIN,edin13,Control_202,44.0,P7,-4.502952,57.0,69.0
EDIN,edin13,Control_202,44.0,P8,-7.791615,57.0,69.0
EDIN,edin13,Control_202,44.0,O1,-14.45988,57.0,69.0
EDIN,edin13,Control_202,44.0,O2,-20.23628,57.0,69.0
EDIN,edin13,Violation_201,68.0,Pz,-4.67221,72.0,90.0
EDIN,edin13,Violation_201,68.0,Cz,3.827743,72.0,90.0
EDIN,edin13,Violation_201,68.0,CP1,-11.79741,72.0,90.0
EDIN,edin13,Violation_201,68.0,CP2,-7.352239,72.0,90.0
EDIN,edin13,Violation_201,68.0,P3,-11.10886,72.0,90.0
EDIN,edin13,Violation_201,68.0,P4,-7.003656,72.0,90.0
EDIN,edin13,Violation_201,68.0,C3,-6.768962,72.0,90.0
EDIN,edin13,Violation_201,68.0,C4,-5.187506,72.0,90.0
EDIN,edin13,Violation_201,68.0,P7,-6.022295,72.0,90.0
EDIN,edin13,Violation_201,68.0,P8,3.781957,72.0,90.0
EDIN,edin13,Violation_201,68.0,O1,-6.216,72.0,90.0
EDIN,edin13,Violation_201,68.0,O2,-12.56717,72.0,90.0
EDIN,edin13,Violation_201,76.0,Pz,-2.072044,80.0,97.0
EDIN,edin13,Violation_201,76.0,Cz,9.309297,80.0,97.0
EDIN,edin13,Violation_201,76.0,CP1,7.973949,80.0,97.0
EDIN,edin13,Violation_201,76.0,CP2,8.897537,80.0,97.0
EDIN,edin13,Violation_201,76.0,P3,0.3218868,80.0,97.0
EDIN,edin13,Violation_201,76.0,P4,-2.199563,80.0,97.0
EDIN,edin13,Violation_201,76.0,C3,3.928377,80.0,97.0
EDIN,edin13,Violation_201,76.0,C4,5.341524,80.0,97.0
EDIN,edin13,Violation_201,76.0,P7,-3.711617,80.0,97.0
EDIN,edin13,Violation_201,76.0,P8,-7.038783,80.0,97.0
EDIN,edin13,Violation_201,76.0,O1,2.089009,80.0,97.0
EDIN,edin13,Violation_201,76.0,O2,23.74642,80.0,97.0
EDIN,edin13,Violation_201,72.0,Pz,3.495365,63.0,83.0
EDIN,edin13,Violation_201,72.0,Cz,-6.971935,63.0,83.0
EDIN,edin13,Violation_201,72.0,CP1,-1.605971,63.0,83.0
EDIN,edin13,Violation_201,72.0,CP2,4.847014,63.0,83.0
EDIN,edin13,Violation_201,72.0,P3,1.353926,63.0,83.0
EDIN,edin13,Violation_201,72.0,P4,16.96006,63.0,83.0
EDIN,edin13,Violation_201,72.0,C3,-3.258667,63.0,83.0
EDIN,edin13,Violation_201,72.0,C4,-1.376211,63.0,83.0
EDIN,edin13,Violation_201,72.0,P7,-6.56926,63.0,83.0
EDIN,edin13,Violation_201,72.0,P8,13.26643,63.0,83.0
EDIN,edin13,Violation_201,72.0,O1,-3.041822,63.0,83.0
EDIN,edin13,Violation_201,72.0,O2,11.47325,63.0,83.0
EDIN,edin13,Control_202,79.0,Pz,18.34545,71.0,90.0
EDIN,edin13,Control_202,79.0,Cz,17.97001,71.0,90.0
EDIN,edin13,Control_202,79.0,CP1,18.36161,71.0,90.0
EDIN,edin13,Control_202,79.0,CP2,14.17431,71.0,90.0
EDIN,edin13,Control_202,79.0,P3,16.9345,71.0,90.0
EDIN,edin13,Control_202,79.0,P4,12.09745,71.0,90.0
EDIN,edin13,Control_202,79.0,C3,18.94112,71.0,90.0
EDIN,edin13,Control_202,79.0,C4,24.48244,71.0,90.0
EDIN,edin13,Control_202,79.0,P7,14.58531,71.0,90.0
EDIN,edin13,Control_202,79.0,P8,22.30849,71.0,90.0
EDIN,edin13,Control_202,79.0,O1,19.41172,71.0,90.0
EDIN,edin13,Control_202,79.0,O2,8.966463,71.0,90.0
EDIN,edin13,Control_202,67.0,Pz,3.041077,76.0,90.0
EDIN,edin13,Control_202,67.0,Cz,-3.245626,76.0,90.0
EDIN,edin13,Control_202,67.0,CP1,-2.680817,76.0,90.0
EDIN,edin13,Control_202,67.0,CP2,-1.77026,76.0,90.0
EDIN,edin13,Control_202,67.0,P3,4.392203,76.0,90.0
EDIN,edin13,Control_202,67.0,P4,4.3931,76.0,90.0
EDIN,edin13,Control_202,67.0,C3,2.897192,76.0,90.0
EDIN,edin13,Control_202,67.0,C4,-8.520938,76.0,90.0
EDIN,edin13,Control_202,67.0,P7,6.988688,76.0,90.0
EDIN,edin13,Control_202,67.0,P8,14.6852,76.0,90.0
EDIN,edin13,Control_202,67.0,O1,2.347124,76.0,90.0
EDIN,edin13,Control_202,67.0,O2,1.760022,76.0,90.0
EDIN,edin13,Control_202,63.0,Pz,13.54343,73.0,80.0
EDIN,edin13,Control_202,63.0,Cz,16.26862,73.0,80.0
EDIN,edin13,Control_202,63.0,CP1,18.27683,73.0,80.0
EDIN,edin13,Control_202,63.0,CP2,18.6443,73.0,80.0
EDIN,edin13,Control_202,63.0,P3,10.80015,73.0,80.0
EDIN,edin13,Control_202,63.0,P4,11.60241,73.0,80.0
EDIN,edin13,Control_202,63.0,C3,20.42672,73.0,80.0
EDIN,edin13,Control_202,63.0,C4,20.74085,73.0,80.0
EDIN,edin13,Control_202,63.0,P7,7.575025,73.0,80.0
EDIN,edin13,Control_202,63.0,P8,8.578204,73.0,80.0
EDIN,edin13,Control_202,63.0,O1,11.12386,73.0,80.0
EDIN,edin13,Control_202,63.0,O2,-2.794733,73.0,80.0
EDIN,edin13,Control_202,75.0,Pz,-33.99291,61.0,34.0
EDIN,edin13,Control_202,75.0,Cz,-23.6615,61.0,34.0
EDIN,edin13,Control_202,75.0,CP1,-28.33907,61.0,34.0
EDIN,edin13,Control_202,75.0,CP2,-27.47751,61.0,34.0
EDIN,edin13,Control_202,75.0,P3,-23.47226,61.0,34.0
EDIN,edin13,Control_202,75.0,P4,-22.17406,61.0,34.0
EDIN,edin13,Control_202,75.0,C3,-29.99073,61.0,34.0
EDIN,edin13,Control_202,75.0,C4,-28.93589,61.0,34.0
EDIN,edin13,Control_202,75.0,P7,-22.06314,61.0,34.0
EDIN,edin13,Control_202,75.0,P8,-25.57826,61.0,34.0
EDIN,edin13,Control_202,75.0,O1,-17.1258,61.0,34.0
EDIN,edin13,Control_202,75.0,O2,-17.99166,61.0,34.0
EDIN,edin13,Violation_201,80.0,Pz,-2.284635,65.0,93.0
EDIN,edin13,Violation_201,80.0,Cz,-6.585438,65.0,93.0
EDIN,edin13,Violation_201,80.0,CP1,-4.776702,65.0,93.0
EDIN,edin13,Violation_201,80.0,CP2,-5.692759,65.0,93.0
EDIN,edin13,Violation_201,80.0,P3,-15.99453,65.0,93.0
EDIN,edin13,Violation_201,80.0,P4,-21.41949,65.0,93.0
EDIN,edin13,Violation_201,80.0,C3,-15.0551,65.0,93.0
EDIN,edin13,Violation_201,80.0,C4,-9.020654,65.0,93.0
EDIN,edin13,Violation_201,80.0,P7,-12.98444,65.0,93.0
EDIN,edin13,Violation_201,80.0,P8,-10.60815,65.0,93.0
EDIN,edin13,Violation_201,80.0,O1,-1.609894,65.0,93.0
EDIN,edin13,Violation_201,80.0,O2,-7.054124,65.0,93.0
EDIN,edin13,Violation_201,64.0,Pz,-9.655551,78.0,97.0
EDIN,edin13,Violation_201,64.0,Cz,-15.4753,78.0,97.0
EDIN,edin13,Violation_201,64.0,CP1,-6.718201,78.0,97.0
EDIN,edin13,Violation_201,64.0,CP2,-8.601262,78.0,97.0
EDIN,edin13,Violation_201,64.0,P3,-15.2855,78.0,97.0
EDIN,edin13,Violation_201,64.0,P4,-17.88914,78.0,97.0
EDIN,edin13,Violation_201,64.0,C3,-12.38466,78.0,97.0
EDIN,edin13,Violation_201,64.0,C4,-8.830741,78.0,97.0
EDIN,edin13,Violation_201,64.0,P7,-10.90213,78.0,97.0
EDIN,edin13,Violation_201,64.0,P8,10.09745,78.0,97.0
EDIN,edin13,Violation_201,64.0,O1,-7.407582,78.0,97.0
EDIN,edin13,Violation_201,64.0,O2,-14.64067,78.0,97.0
EDIN,edin13,Control_202,71.0,Pz,-23.78193,67.0,87.0
EDIN,edin13,Control_202,71.0,Cz,-20.52748,67.0,87.0
EDIN,edin13,Control_202,71.0,CP1,-17.64138,67.0,87.0
EDIN,edin13,Control_202,71.0,CP2,-21.09849,67.0,87.0
EDIN,edin13,Control_202,71.0,P3,-26.78047,67.0,87.0
EDIN,edin13,Control_202,71.0,P4,-33.33591,67.0,87.0
EDIN,edin13,Control_202,71.0,C3,-17.70717,67.0,87.0
EDIN,edin13,Control_202,71.0,C4,-18.68525,67.0,87.0
EDIN,edin13,Control_202,71.0,P7,-10.50015,67.0,87.0
EDIN,edin13,Control_202,71.0,P8,-23.3018,67.0,87.0
EDIN,edin13,Control_202,71.0,O1,-18.31694,67.0,87.0
EDIN,edin13,Control_202,71.0,O2,-22.73274,67.0,87.0
EDIN,edin14,Violation_201,8.0,Pz,2.760401,12.0,100.0
EDIN,edin14,Violation_201,8.0,Cz,14.56708,12.0,100.0
EDIN,edin14,Violation_201,8.0,CP1,6.021474,12.0,100.0
EDIN,edin14,Violation_201,8.0,CP2,-2.083455,12.0,100.0
EDIN,edin14,Violation_201,8.0,P3,-4.33071,12.0,100.0
EDIN,edin14,Violation_201,8.0,P4,-0.2636055,12.0,100.0
EDIN,edin14,Violation_201,8.0,C3,2.70184,12.0,100.0
EDIN,edin14,Violation_201,8.0,C4,-2.002311,12.0,100.0
EDIN,edin14,Violation_201,8.0,P7,1.623705,12.0,100.0
EDIN,edin14,Violation_201,8.0,P8,-5.063454,12.0,100.0
EDIN,edin14,Violation_201,8.0,O1,-0.3893054,12.0,100.0
EDIN,edin14,Violation_201,8.0,O2,-0.1804568,12.0,100.0
EDIN,edin14,Control_202,7.0,Pz,-1.552013,17.0,62.0
EDIN,edin14,Control_202,7.0,Cz,4.003498,17.0,62.0
EDIN,edin14,Control_202,7.0,CP1,-2.720867,17.0,62.0
EDIN,edin14,Control_202,7.0,CP2,5.296605,17.0,62.0
EDIN,edin14,Control_202,7.0,P3,-2.772715,17.0,62.0
EDIN,edin14,Control_202,7.0,P4,3.733927,17.0,62.0
EDIN,edin14,Control_202,7.0,C3,-5.853474,17.0,62.0
EDIN,edin14,Control_202,7.0,C4,6.072972,17.0,62.0
EDIN,edin14,Control_202,7.0,P7,-0.06020385,17.0,62.0
EDIN,edin14,Control_202,7.0,P8,-4.287905,17.0,62.0
EDIN,edin14,Control_202,7.0,O1,-1.995826,17.0,62.0
EDIN,edin14,Control_202,7.0,O2,19.11913,17.0,62.0
EDIN,edin14,Violation_201,12.0,Pz,-28.40632,16.0,93.0
EDIN,edin14,Violation_201,12.0,Cz,-24.39819,16.0,93.0
EDIN,edin14,Violation_201,12.0,CP1,-25.2035,16.0,93.0
EDIN,edin14,Violation_201,12.0,CP2,-23.77874,16.0,93.0
EDIN,edin14,Violation_201,12.0,P3,-13.38719,16.0,93.0
EDIN,edin14,Violation_201,12.0,P4,-34.16463,16.0,93.0
EDIN,edin14,Violation_201,12.0,C3,-23.90366,16.0,93.0
EDIN,edin14,Violation_201,12.0,C4,-21.24082,16.0,93.0
EDIN,edin14,Violation_201,12.0,P7,-20.73613,16.0,93.0
EDIN,edin14,Violation_201,12.0,P8,-36.48691,16.0,93.0
EDIN,edin14,Violation_201,12.0,O1,-26.4059,16.0,93.0
EDIN,edin14,Violation_201,12.0,O2,-39.43944,16.0,93.0
EDIN,edin14,Violation_201,20.0,Pz,-26.56704,2.0,100.0
EDIN,edin14,Violation_201,20.0,Cz,-16.45695,2.0,100.0
EDIN,edin14,Violation_201,20.0,CP1,-18.1363,2.0,100.0
EDIN,edin14,Violation_201,20.0,CP2,-11.37144,2.0,100.0
EDIN,edin14,Violation_201,20.0,P3,-29.39027,2.0,100.0
EDIN,edin14,Violation_201,20.0,P4,-14.41478,2.0,100.0
EDIN,edin14,Violation_201,20.0,C3,-20.27308,2.0,100.0
EDIN,edin14,Violation_201,20.0,C4,-13.95371,2.0,100.0
EDIN,edin14,Violation_201,20.0,P7,-16.40158,2.0,100.0
EDIN,edin14,Violation_201,20.0,P8,-9.488961,2.0,100.0
EDIN,edin14,Violation_201,20.0,O1,-16.00488,2.0,100.0
EDIN,edin14,Violation_201,20.0,O2,-14.63292,2.0,100.0
EDIN,edin14,Violation_201,4.0,Pz,-27.40318,8.0,97.0
EDIN,edin14,Violation_201,4.0,Cz,-27.34005,8.0,97.0
EDIN,edin14,Violation_201,4.0,CP1,-11.91391,8.0,97.0
EDIN,edin14,Violation_201,4.0,CP2,-24.04218,8.0,97.0
EDIN,edin14,Violation_201,4.0,P3,-15.40954,8.0,97.0
EDIN,edin14,Violation_201,4.0,P4,-20.60854,8.0,97.0
EDIN,edin14,Violation_201,4.0,C3,-23.74474,8.0,97.0
EDIN,edin14,Violation_201,4.0,C4,-28.23495,8.0,97.0
EDIN,edin14,Violation_201,4.0,P7,-11.99645,8.0,97.0
EDIN,edin14,Violation_201,4.0,P8,-24.1406,8.0,97.0
EDIN,edin14,Violation_201,4.0,O1,-8.773093,8.0,97.0
EDIN,edin14,Violation_201,4.0,O2,-17.12035,8.0,97.0
EDIN,edin14,Violation_201,16.0,Pz,15.89214,10.0,80.0
EDIN,edin14,Violation_201,16.0,Cz,26.50915,10.0,80.0
EDIN,edin14,Violation_201,16.0,CP1,11.74017,10.0,80.0
EDIN,edin14,Violation_201,16.0,CP2,14.09093,10.0,80.0
EDIN,edin14,Violation_201,16.0,P3,4.755743,10.0,80.0
EDIN,edin14,Violation_201,16.0,P4,21.25824,10.0,80.0
EDIN,edin14,Violation_201,16.0,C3,12.9546,10.0,80.0
EDIN,edin14,Violation_201,16.0,C4,28.72407,10.0,80.0
EDIN,edin14,Violation_201,16.0,P7,0.8892272,10.0,80.0
EDIN,edin14,Violation_201,16.0,P8,0.7535217,10.0,80.0
EDIN,edin14,Violation_201,16.0,O1,-1.010383,10.0,80.0
EDIN,edin14,Violation_201,16.0,O2,4.561101,10.0,80.0
EDIN,edin14,Control_202,15.0,Pz,-40.65353,19.0,100.0
EDIN,edin14,Control_202,15.0,Cz,-32.49645,19.0,100.0
EDIN,edin14,Control_202,15.0,CP1,-34.84255,19.0,100.0
EDIN,edin14,Control_202,15.0,CP2,-30.23921,19.0,100.0
EDIN,edin14,Control_202,15.0,P3,-33.4045,19.0,100.0
EDIN,edin14,Control_202,15.0,P4,-37.55051,19.0,100.0
EDIN,edin14,Control_202,15.0,C3,-29.79404,19.0,100.0
EDIN,edin14,Control_202,15.0,C4,-43.52435,19.0,100.0
EDIN,edin14,Control_202,15.0,P7,-37.23479,19.0,100.0
EDIN,edin14,Control_202,15.0,P8,-39.99543,19.0,100.0
EDIN,edin14,Control_202,15.0,O1,-41.2983,19.0,100.0
EDIN,edin14,Control_202,15.0,O2,-37.27822,19.0,100.0
EDIN,edin14,Control_202,11.0,Pz,22.17082,6.0,100.0
EDIN,edin14,Control_202,11.0,Cz,26.89992,6.0,100.0
EDIN,edin14,Control_202,11.0,CP1,21.35587,6.0,100.0
EDIN,edin14,Control_202,11.0,CP2,14.75596,6.0,100.0
EDIN,edin14,Control_202,11.0,P3,17.25914,6.0,100.0
EDIN,edin14,Control_202,11.0,P4,24.5031,6.0,100.0
EDIN,edin14,Control_202,11.0,C3,24.15531,6.0,100.0
EDIN,edin14,Control_202,11.0,C4,17.38018,6.0,100.0
EDIN,edin14,Control_202,11.0,P7,15.59181,6.0,100.0
EDIN,edin14,Control_202,11.0,P8,16.13638,6.0,100.0
EDIN,edin14,Control_202,11.0,O1,12.20301,6.0,100.0
EDIN,edin14,Control_202,11.0,O2,19.53687,6.0,100.0
EDIN,edin14,Control_202,19.0,Pz,-11.45062,13.0,97.0
EDIN,edin14,Control_202,19.0,Cz,-5.69321,13.0,97.0
EDIN,edin14,Control_202,19.0,CP1,-6.567678,13.0,97.0
EDIN,edin14,Control_202,19.0,CP2,-9.460686,13.0,97.0
EDIN,edin14,Control_202,19.0,P3,-10.2755,13.0,97.0
EDIN,edin14,Control_202,19.0,P4,-8.475713,13.0,97.0
EDIN,edin14,Control_202,19.0,C3,0.6637252,13.0,97.0
EDIN,edin14,Control_202,19.0,C4,-3.379355,13.0,97.0
EDIN,edin14,Control_202,19.0,P7,-7.1411,13.0,97.0
EDIN,edin14,Control_202,19.0,P8,-3.067593,13.0,97.0
EDIN,edin14,Control_202,19.0,O1,-8.646443,13.0,97.0
EDIN,edin14,Control_202,19.0,O2,-6.975455,13.0,97.0
EDIN,edin14,Control_202,39.0,Pz,-7.330114,34.0,97.0
EDIN,edin14,Control_202,39.0,Cz,-5.119978,34.0,97.0
EDIN,edin14,Control_202,39.0,CP1,3.994635,34.0,97.0
EDIN,edin14,Control_202,39.0,CP2,0.6727983,34.0,97.0
EDIN,edin14,Control_202,39.0,P3,-5.077153,34.0,97.0
EDIN,edin14,Control_202,39.0,P4,0.7324452,34.0,97.0
EDIN,edin14,Control_202,39.0,C3,-4.186337,34.0,97.0
EDIN,edin14,Control_202,39.0,C4,16.62643,34.0,97.0
EDIN,edin14,Control_202,39.0,P7,-4.952378,34.0,97.0
EDIN,edin14,Control_202,39.0,P8,-6.225105,34.0,97.0
EDIN,edin14,Control_202,39.0,O1,-7.419663,34.0,97.0
EDIN,edin14,Control_202,39.0,O2,-7.321057,34.0,97.0
EDIN,edin14,Control_202,27.0,Pz,-18.3049,33.0,53.0
EDIN,edin14,Control_202,27.0,Cz,-11.48343,33.0,53.0
EDIN,edin14,Control_202,27.0,CP1,-13.48086,33.0,53.0
EDIN,edin14,Control_202,27.0,CP2,-24.05648,33.0,53.0
EDIN,edin14,Control_202,27.0,P3,-19.17348,33.0,53.0
EDIN,edin14,Control_202,27.0,P4,-17.15635,33.0,53.0
EDIN,edin14,Control_202,27.0,C3,-13.87997,33.0,53.0
EDIN,edin14,Control_202,27.0,C4,-22.27042,33.0,53.0
EDIN,edin14,Control_202,27.0,P7,-15.10211,33.0,53.0
EDIN,edin14,Control_202,27.0,P8,-9.358519,33.0,53.0
EDIN,edin14,Control_202,27.0,O1,-8.886844,33.0,53.0
EDIN,edin14,Control_202,27.0,O2,-10.35646,33.0,53.0
EDIN,edin14,Violation_201,40.0,Pz,-2.385285,24.0,93.0
EDIN,edin14,Violation_201,40.0,Cz,-9.066815,24.0,93.0
EDIN,edin14,Violation_201,40.0,CP1,-5.056111,24.0,93.0
EDIN,edin14,Violation_201,40.0,CP2,-3.123797,24.0,93.0
EDIN,edin14,Violation_201,40.0,P3,1.461493,24.0,93.0
EDIN,edin14,Violation_201,40.0,P4,-0.4021466,24.0,93.0
EDIN,edin14,Violation_201,40.0,C3,-2.609284,24.0,93.0
EDIN,edin14,Violation_201,40.0,C4,-6.615125,24.0,93.0
EDIN,edin14,Violation_201,40.0,P7,1.057851,24.0,93.0
EDIN,edin14,Violation_201,40.0,P8,1.258621,24.0,93.0
EDIN,edin14,Violation_201,40.0,O1,1.967768,24.0,93.0
EDIN,edin14,Violation_201,40.0,O2,2.06374,24.0,93.0
EDIN,edin14,Control_202,23.0,Pz,5.497954,39.0,97.0
EDIN,edin14,Control_202,23.0,Cz,7.519728,39.0,97.0
EDIN,edin14,Control_202,23.0,CP1,10.28174,39.0,97.0
EDIN,edin14,Control_202,23.0,CP2,11.96949,39.0,97.0
EDIN,edin14,Control_202,23.0,P3,9.645438,39.0,97.0
EDIN,edin14,Control_202,23.0,P4,9.268946,39.0,97.0
EDIN,edin14,Control_202,23.0,C3,10.96838,39.0,97.0
EDIN,edin14,Control_202,23.0,C4,14.49605,39.0,97.0
EDIN,edin14,Control_202,23.0,P7,7.026353,39.0,97.0
EDIN,edin14,Control_202,23.0,P8,6.936664,39.0,97.0
EDIN,edin14,Control_202,23.0,O1,11.86163,39.0,97.0
EDIN,edin14,Control_202,23.0,O2,15.65262,39.0,97.0
EDIN,edin14,Violation_201,32.0,Pz,12.8251,36.0,77.0
EDIN,edin14,Violation_201,32.0,Cz,10.61131,36.0,77.0
EDIN,edin14,Violation_201,32.0,CP1,11.1197,36.0,77.0
EDIN,edin14,Violation_201,32.0,CP2,3.969758,36.0,77.0
EDIN,edin14,Violation_201,32.0,P3,9.564075,36.0,77.0
EDIN,edin14,Violation_201,32.0,P4,10.24183,36.0,77.0
EDIN,edin14,Violation_201,32.0,C3,10.74776,36.0,77.0
EDIN,edin14,Violation_201,32.0,C4,15.22477,36.0,77.0
EDIN,edin14,Violation_201,32.0,P7,5.804809,36.0,77.0
EDIN,edin14,Violation_201,32.0,P8,5.816073,36.0,77.0
EDIN,edin14,Violation_201,32.0,O1,11.45102,36.0,77.0
EDIN,edin14,Violation_201,32.0,O2,10.07022,36.0,77.0
EDIN,edin14,Control_202,31.0,Pz,33.96996,21.0,77.0
EDIN,edin14,Control_202,31.0,Cz,3.57846,21.0,77.0
EDIN,edin14,Control_202,31.0,CP1,10.89007,21.0,77.0
EDIN,edin14,Control_202,31.0,CP2,-2.49915,21.0,77.0
EDIN,edin14,Control_202,31.0,P3,9.473255,21.0,77.0
EDIN,edin14,Control_202,31.0,P4,0.09286761,21.0,77.0
EDIN,edin14,Control_202,31.0,C3,8.397762,21.0,77.0
EDIN,edin14,Control_202,31.0,C4,3.834789,21.0,77.0
EDIN,edin14,Control_202,31.0,P7,10.55208,21.0,77.0
EDIN,edin14,Control_202,31.0,P8,6.214728,21.0,77.0
EDIN,edin14,Control_202,31.0,O1,9.058553,21.0,77.0
EDIN,edin14,Control_202,31.0,O2,-5.320823,21.0,77.0
EDIN,edin14,Violation_201,36.0,Pz,-22.42439,28.0,27.0
EDIN,edin14,Violation_201,36.0,Cz,-30.87088,28.0,27.0
EDIN,edin14,Violation_201,36.0,CP1,-38.87835,28.0,27.0
EDIN,edin14,Violation_201,36.0,CP2,-38.51474,28.0,27.0
EDIN,edin14,Violation_201,36.0,P3,-46.98564,28.0,27.0
EDIN,edin14,Violation_201,36.0,P4,-31.25529,28.0,27.0
EDIN,edin14,Violation_201,36.0,C3,-30.02823,28.0,27.0
EDIN,edin14,Violation_201,36.0,C4,-46.74445,28.0,27.0
EDIN,edin14,Violation_201,36.0,P7,-37.66647,28.0,27.0
EDIN,edin14,Violation_201,36.0,P8,-39.00076,28.0,27.0
EDIN,edin14,Violation_201,36.0,O1,-38.7786,28.0,27.0
EDIN,edin14,Violation_201,36.0,O2,-27.93164,28.0,27.0
EDIN,edin14,Control_202,35.0,Pz,-18.03942,35.0,97.0
EDIN,edin14,Control_202,35.0,Cz,-2.571732,35.0,97.0
EDIN,edin14,Control_202,35.0,CP1,-11.0338,35.0,97.0
EDIN,edin14,Control_202,35.0,CP2,-18.57705,35.0,97.0
EDIN,edin14,Control_202,35.0,P3,-10.53542,35.0,97.0
EDIN,edin14,Control_202,35.0,P4,-23.01326,35.0,97.0
EDIN,edin14,Control_202,35.0,C3,0.2909805,35.0,97.0
EDIN,edin14,Control_202,35.0,C4,-12.4287,35.0,97.0
EDIN,edin14,Control_202,35.0,P7,-7.011357,35.0,97.0
EDIN,edin14,Control_202,35.0,P8,-16.87853,35.0,97.0
EDIN,edin14,Control_202,35.0,O1,-13.16226,35.0,97.0
EDIN,edin14,Control_202,35.0,O2,-18.18229,35.0,97.0
EDIN,edin14,Violation_201,28.0,Pz,-1.413923,23.0,93.0
EDIN,edin14,Violation_201,28.0,Cz,-11.24644,23.0,93.0
EDIN,edin14,Violation_201,28.0,CP1,-7.784445,23.0,93.0
EDIN,edin14,Violation_201,28.0,CP2,-4.444918,23.0,93.0
EDIN,edin14,Violation_201,28.0,P3,-8.671137,23.0,93.0
EDIN,edin14,Violation_201,28.0,P4,2.069158,23.0,93.0
EDIN,edin14,Violation_201,28.0,C3,-4.94181,23.0,93.0
EDIN,edin14,Violation_201,28.0,C4,-5.814868,23.0,93.0
EDIN,edin14,Violation_201,28.0,P7,-9.361015,23.0,93.0
EDIN,edin14,Violation_201,28.0,P8,-7.094225,23.0,93.0
EDIN,edin14,Violation_201,28.0,O1,-15.52734,23.0,93.0
EDIN,edin14,Violation_201,28.0,O2,-11.64523,23.0,93.0
EDIN,edin14,Violation_201,24.0,Pz,20.05987,37.0,80.0
EDIN,edin14,Violation_201,24.0,Cz,11.41225,37.0,80.0
EDIN,edin14,Violation_201,24.0,CP1,15.59186,37.0,80.0
EDIN,edin14,Violation_201,24.0,CP2,24.0243,37.0,80.0
EDIN,edin14,Violation_201,24.0,P3,10.22501,37.0,80.0
EDIN,edin14,Violation_201,24.0,P4,3.805209,37.0,80.0
EDIN,edin14,Violation_201,24.0,C3,10.88184,37.0,80.0
EDIN,edin14,Violation_201,24.0,C4,19.26603,37.0,80.0
EDIN,edin14,Violation_201,24.0,P7,5.091608,37.0,80.0
EDIN,edin14,Violation_201,24.0,P8,-5.259238,37.0,80.0
EDIN,edin14,Violation_201,24.0,O1,6.482617,37.0,80.0
EDIN,edin14,Violation_201,24.0,O2,-7.465867,37.0,80.0
EDIN,edin14,Control_202,59.0,Pz,12.91458,54.0,77.0
EDIN,edin14,Control_202,59.0,Cz,1.957576,54.0,77.0
EDIN,edin14,Control_202,59.0,CP1,-1.565282,54.0,77.0
EDIN,edin14,Control_202,59.0,CP2,-2.791474,54.0,77.0
EDIN,edin14,Control_202,59.0,P3,4.124648,54.0,77.0
EDIN,edin14,Control_202,59.0,P4,4.522695,54.0,77.0
EDIN,edin14,Control_202,59.0,C3,-1.594385,54.0,77.0
EDIN,edin14,Control_202,59.0,C4,-1.967456,54.0,77.0
EDIN,edin14,Control_202,59.0,P7,7.16987,54.0,77.0
EDIN,edin14,Control_202,59.0,P8,-0.4962116,54.0,77.0
EDIN,edin14,Control_202,59.0,O1,15.60058,54.0,77.0
EDIN,edin14,Control_202,59.0,O2,2.006266,54.0,77.0
EDIN,edin14,Violation_201,48.0,Pz,16.21951,58.0,73.0
EDIN,edin14,Violation_201,48.0,Cz,23.43269,58.0,73.0
EDIN,edin14,Violation_201,48.0,CP1,11.1165,58.0,73.0
EDIN,edin14,Violation_201,48.0,CP2,19.64028,58.0,73.0
EDIN,edin14,Violation_201,48.0,P3,20.58085,58.0,73.0
EDIN,edin14,Violation_201,48.0,P4,-0.172584,58.0,73.0
EDIN,edin14,Violation_201,48.0,C3,16.1704,58.0,73.0
EDIN,edin14,Violation_201,48.0,C4,8.735258,58.0,73.0
EDIN,edin14,Violation_201,48.0,P7,22.99054,58.0,73.0
EDIN,edin14,Violation_201,48.0,P8,13.27673,58.0,73.0
EDIN,edin14,Violation_201,48.0,O1,14.27882,58.0,73.0
EDIN,edin14,Violation_201,48.0,O2,22.53738,58.0,73.0
EDIN,edin14,Violation_201,60.0,Pz,11.02954,56.0,93.0
EDIN,edin14,Violation_201,60.0,Cz,-8.226972,56.0,93.0
EDIN,edin14,Violation_201,60.0,CP1,-0.4939151,56.0,93.0
EDIN,edin14,Violation_201,60.0,CP2,-6.481985,56.0,93.0
EDIN,edin14,Violation_201,60.0,P3,13.97322,56.0,93.0
EDIN,edin14,Violation_201,60.0,P4,0.3207152,56.0,93.0
EDIN,edin14,Violation_201,60.0,C3,-5.657848,56.0,93.0
EDIN,edin14,Violation_201,60.0,C4,-12.50269,56.0,93.0
EDIN,edin14,Violation_201,60.0,P7,7.442913,56.0,93.0
EDIN,edin14,Violation_201,60.0,P8,-1.884949,56.0,93.0
EDIN,edin14,Violation_201,60.0,O1,23.56458,56.0,93.0
EDIN,edin14,Violation_201,60.0,O2,2.229773,56.0,93.0
EDIN,edin14,Control_202,51.0,Pz,-9.979063,45.0,67.0
EDIN,edin14,Control_202,51.0,Cz,-16.91269,45.0,67.0
EDIN,edin14,Control_202,51.0,CP1,-9.011494,45.0,67.0
EDIN,edin14,Control_202,51.0,CP2,-12.7858,45.0,67.0
EDIN,edin14,Control_202,51.0,P3,-10.84571,45.0,67.0
EDIN,edin14,Control_202,51.0,P4,-10.34369,45.0,67.0
EDIN,edin14,Control_202,51.0,C3,-5.592266,45.0,67.0
EDIN,edin14,Control_202,51.0,C4,-20.79174,45.0,67.0
EDIN,edin14,Control_202,51.0,P7,-8.325336,45.0,67.0
EDIN,edin14,Control_202,51.0,P8,-15.26904,45.0,67.0
EDIN,edin14,Control_202,51.0,O1,-3.965282,45.0,67.0
EDIN,edin14,Control_202,51.0,O2,-9.033727,45.0,67.0
EDIN,edin14,Violation_201,52.0,Pz,33.888,55.0,93.0
EDIN,edin14,Violation_201,52.0,Cz,22.50594,55.0,93.0
EDIN,edin14,Violation_201,52.0,CP1,23.73708,55.0,93.0
EDIN,edin14,Violation_201,52.0,CP2,25.8901,55.0,93.0
EDIN,edin14,Violation_201,52.0,P3,4.238575,55.0,93.0
EDIN,edin14,Violation_201,52.0,P4,18.26012,55.0,93.0
EDIN,edin14,Violation_201,52.0,C3,17.80701,55.0,93.0
EDIN,edin14,Violation_201,52.0,C4,19.85549,55.0,93.0
EDIN,edin14,Violation_201,52.0,P7,13.08174,55.0,93.0
EDIN,edin14,Violation_201,52.0,P8,11.62972,55.0,93.0
EDIN,edin14,Violation_201,52.0,O1,13.50563,55.0,93.0
EDIN,edin14,Violation_201,52.0,O2,21.12027,55.0,93.0
EDIN,edin14,Control_202,44.0,Pz,5.472946,48.0,87.0
EDIN,edin14,Control_202,44.0,Cz,6.185975,48.0,87.0
EDIN,edin14,Control_202,44.0,CP1,3.679847,48.0,87.0
EDIN,edin14,Control_202,44.0,CP2,-2.59176,48.0,87.0
EDIN,edin14,Control_202,44.0,P3,1.938088,48.0,87.0
EDIN,edin14,Control_202,44.0,P4,2.152473,48.0,87.0
EDIN,edin14,Control_202,44.0,C3,7.387813,48.0,87.0
EDIN,edin14,Control_202,44.0,C4,3.692164,48.0,87.0
EDIN,edin14,Control_202,44.0,P7,-0.9501827,48.0,87.0
EDIN,edin14,Control_202,44.0,P8,-7.245847,48.0,87.0
EDIN,edin14,Control_202,44.0,O1,5.319382,48.0,87.0
EDIN,edin14,Control_202,44.0,O2,-1.356773,48.0,87.0
EDIN,edin14,Control_202,55.0,Pz,-20.42122,53.0,93.0
EDIN,edin14,Control_202,55.0,Cz,-27.18827,53.0,93.0
EDIN,edin14,Control_202,55.0,CP1,-22.01969,53.0,93.0
EDIN,edin14,Control_202,55.0,CP2,-24.04086,53.0,93.0
EDIN,edin14,Control_202,55.0,P3,-29.36441,53.0,93.0
EDIN,edin14,Control_202,55.0,P4,-14.99256,53.0,93.0
EDIN,edin14,Control_202,55.0,C3,-23.0153,53.0,93.0
EDIN,edin14,Control_202,55.0,C4,-19.78558,53.0,93.0
EDIN,edin14,Control_202,55.0,P7,-33.26413,53.0,93.0
EDIN,edin14,Control_202,55.0,P8,-30.19812,53.0,93.0
EDIN,edin14,Control_202,55.0,O1,-29.95911,53.0,93.0
EDIN,edin14,Control_202,55.0,O2,-31.47512,53.0,93.0
EDIN,edin14,Violation_201,43.0,Pz,-9.641661,46.0,63.0
EDIN,edin14,Violation_201,43.0,Cz,0.5745511,46.0,63.0
EDIN,edin14,Violation_201,43.0,CP1,1.82378,46.0,63.0
EDIN,edin14,Violation_201,43.0,CP2,1.164114,46.0,63.0
EDIN,edin14,Violation_201,43.0,P3,6.629416,46.0,63.0
EDIN,edin14,Violation_201,43.0,P4,-2.326408,46.0,63.0
EDIN,edin14,Violation_201,43.0,C3,0.007756472,46.0,63.0
EDIN,edin14,Violation_201,43.0,C4,-0.6026121,46.0,63.0
EDIN,edin14,Violation_201,43.0,P7,7.007037,46.0,63.0
EDIN,edin14,Violation_201,43.0,P8,4.726469,46.0,63.0
EDIN,edin14,Violation_201,43.0,O1,15.3672,46.0,63.0
EDIN,edin14,Violation_201,43.0,O2,-5.898682,46.0,63.0
EDIN,edin14,Control_202,47.0,Pz,-14.61578,52.0,87.0
EDIN,edin14,Control_202,47.0,Cz,-12.28872,52.0,87.0
EDIN,edin14,Control_202,47.0,CP1,-10.85987,52.0,87.0
EDIN,edin14,Control_202,47.0,CP2,-19.12269,52.0,87.0
EDIN,edin14,Control_202,47.0,P3,-0.3172485,52.0,87.0
EDIN,edin14,Control_202,47.0,P4,7.996651,52.0,87.0
EDIN,edin14,Control_202,47.0,C3,-11.72008,52.0,87.0
EDIN,edin14,Control_202,47.0,C4,-11.75246,52.0,87.0
EDIN,edin14,Control_202,47.0,P7,-11.29402,52.0,87.0
EDIN,edin14,Control_202,47.0,P8,-10.90395,52.0,87.0
EDIN,edin14,Control_202,47.0,O1,8.549796,52.0,87.0
EDIN,edin14,Control_202,47.0,O2,-19.30187,52.0,87.0
EDIN,edin14,Violation_201,56.0,Pz,34.80999,41.0,100.0
EDIN,edin14,Violation_201,56.0,Cz,5.594532,41.0,100.0
EDIN,edin14,Violation_201,56.0,CP1,8.033194,41.0,100.0
EDIN,edin14,Violation_201,56.0,CP2,12.28201,41.0,100.0
EDIN,edin14,Violation_201,56.0,P3,6.37257,41.0,100.0
EDIN,edin14,Violation_201,56.0,P4,15.62148,41.0,100.0
EDIN,edin14,Violation_201,56.0,C3,9.829469,41.0,100.0
EDIN,edin14,Violation_201,56.0,C4,15.38135,41.0,100.0
EDIN,edin14,Violation_201,56.0,P7,6.803627,41.0,100.0
EDIN,edin14,Violation_201,56.0,P8,12.35863,41.0,100.0
EDIN,edin14,Violation_201,56.0,O1,7.354651,41.0,100.0
EDIN,edin14,Violation_201,56.0,O2,1.534187,41.0,100.0
EDIN,edin14,Violation_201,68.0,Pz,-31.58102,71.0,90.0
EDIN,edin14,Violation_201,68.0,Cz,-13.5387,71.0,90.0
EDIN,edin14,Violation_201,68.0,CP1,-27.29612,71.0,90.0
EDIN,edin14,Violation_201,68.0,CP2,-25.9817,71.0,90.0
EDIN,edin14,Violation_201,68.0,P3,-32.58549,71.0,90.0
EDIN,edin14,Violation_201,68.0,P4,-26.30597,71.0,90.0
EDIN,edin14,Violation_201,68.0,C3,-25.94246,71.0,90.0
EDIN,edin14,Violation_201,68.0,C4,-20.68605,71.0,90.0
EDIN,edin14,Violation_201,68.0,P7,-22.43215,71.0,90.0
EDIN,edin14,Violation_201,68.0,P8,-21.47038,71.0,90.0
EDIN,edin14,Violation_201,68.0,O1,-28.41727,71.0,90.0
EDIN,edin14,Violation_201,68.0,O2,-26.00893,71.0,90.0
EDIN,edin14,Violation_201,64.0,Pz,-28.08426,64.0,50.0
EDIN,edin14,Violation_201,64.0,Cz,-27.12061,64.0,50.0
EDIN,edin14,Violation_201,64.0,CP1,-22.22664,64.0,50.0
EDIN,edin14,Violation_201,64.0,CP2,-23.32961,64.0,50.0
EDIN,edin14,Violation_201,64.0,P3,-20.46376,64.0,50.0
EDIN,edin14,Violation_201,64.0,P4,-18.70571,64.0,50.0
EDIN,edin14,Violation_201,64.0,C3,-16.97844,64.0,50.0
EDIN,edin14,Violation_201,64.0,C4,-16.44374,64.0,50.0
EDIN,edin14,Violation_201,64.0,P7,-11.61458,64.0,50.0
EDIN,edin14,Violation_201,64.0,P8,-15.86911,64.0,50.0
EDIN,edin14,Violation_201,64.0,O1,-18.4151,64.0,50.0
EDIN,edin14,Violation_201,64.0,O2,-23.69502,64.0,50.0
EDIN,edin14,Control_202,71.0,Pz,0.4259836,70.0,57.0
EDIN,edin14,Control_202,71.0,Cz,-15.26142,70.0,57.0
EDIN,edin14,Control_202,71.0,CP1,-14.08535,70.0,57.0
EDIN,edin14,Control_202,71.0,CP2,-17.61671,70.0,57.0
EDIN,edin14,Control_202,71.0,P3,-11.81421,70.0,57.0
EDIN,edin14,Control_202,71.0,P4,-17.8191,70.0,57.0
EDIN,edin14,Control_202,71.0,C3,1.270396,70.0,57.0
EDIN,edin14,Control_202,71.0,C4,-14.01818,70.0,57.0
EDIN,edin14,Control_202,71.0,P7,-8.804593,70.0,57.0
EDIN,edin14,Control_202,71.0,P8,-18.63134,70.0,57.0
EDIN,edin14,Control_202,71.0,O1,-14.67255,70.0,57.0
EDIN,edin14,Control_202,71.0,O2,-1.795201,70.0,57.0
EDIN,edin14,Control_202,75.0,Pz,-5.784967,76.0,90.0
EDIN,edin14,Control_202,75.0,Cz,-3.965352,76.0,90.0
EDIN,edin14,Control_202,75.0,CP1,4.489546,76.0,90.0
EDIN,edin14,Control_202,75.0,CP2,12.0848,76.0,90.0
EDIN,edin14,Control_202,75.0,P3,13.73178,76.0,90.0
EDIN,edin14,Control_202,75.0,P4,16.59988,76.0,90.0
EDIN,edin14,Control_202,75.0,C3,-4.002604,76.0,90.0
EDIN,edin14,Control_202,75.0,C4,-11.49995,76.0,90.0
EDIN,edin14,Control_202,75.0,P7,8.437267,76.0,90.0
EDIN,edin14,Control_202,75.0,P8,15.14817,76.0,90.0
EDIN,edin14,Control_202,75.0,O1,14.95963,76.0,90.0
EDIN,edin14,Control_202,75.0,O2,7.729339,76.0,90.0
EDIN,edin14,Control_202,79.0,Pz,-4.688274,78.0,97.0
EDIN,edin14,Control_202,79.0,Cz,-9.504843,78.0,97.0
EDIN,edin14,Control_202,79.0,CP1,-7.076237,78.0,97.0
EDIN,edin14,Control_202,79.0,CP2,-5.119589,78.0,97.0
EDIN,edin14,Control_202,79.0,P3,-5.830713,78.0,97.0
EDIN,edin14,Control_202,79.0,P4,-3.766134,78.0,97.0
EDIN,edin14,Control_202,79.0,C3,-9.836558,78.0,97.0
EDIN,edin14,Control_202,79.0,C4,-6.808616,78.0,97.0
EDIN,edin14,Control_202,79.0,P7,-1.843601,78.0,97.0
EDIN,edin14,Control_202,79.0,P8,-4.857025,78.0,97.0
EDIN,edin14,Control_202,79.0,O1,-4.573042,78.0,97.0
EDIN,edin14,Control_202,79.0,O2,-4.26573,78.0,97.0
EDIN,edin14,Violation_201,80.0,Pz,7.939376,67.0,87.0
EDIN,edin14,Violation_201,80.0,Cz,-3.5268,67.0,87.0
EDIN,edin14,Violation_201,80.0,CP1,-0.4622847,67.0,87.0
EDIN,edin14,Violation_201,80.0,CP2,-4.060215,67.0,87.0
EDIN,edin14,Violation_201,80.0,P3,2.54239,67.0,87.0
EDIN,edin14,Violation_201,80.0,P4,-1.29738,67.0,87.0
EDIN,edin14,Violation_201,80.0,C3,-2.094946,67.0,87.0
EDIN,edin14,Violation_201,80.0,C4,-13.18776,67.0,87.0
EDIN,edin14,Violation_201,80.0,P7,-4.324594,67.0,87.0
EDIN,edin14,Violation_201,80.0,P8,-6.68226,67.0,87.0
EDIN,edin14,Violation_201,80.0,O1,4.162027,67.0,87.0
EDIN,edin14,Violation_201,80.0,O2,-11.46961,67.0,87.0
EDIN,edin14,Violation_201,76.0,Pz,-34.21354,63.0,83.0
EDIN,edin14,Violation_201,76.0,Cz,-19.42961,63.0,83.0
EDIN,edin14,Violation_201,76.0,CP1,-18.89225,63.0,83.0
EDIN,edin14,Violation_201,76.0,CP2,-15.89317,63.0,83.0
EDIN,edin14,Violation_201,76.0,P3,-18.55853,63.0,83.0
EDIN,edin14,Violation_201,76.0,P4,-15.71463,63.0,83.0
EDIN,edin14,Violation_201,76.0,C3,-13.34719,63.0,83.0
EDIN,edin14,Violation_201,76.0,C4,-17.54547,63.0,83.0
EDIN,edin14,Violation_201,76.0,P7,-13.50042,63.0,83.0
EDIN,edin14,Violation_201,76.0,P8,-13.20527,63.0,83.0
EDIN,edin14,Violation_201,76.0,O1,-21.72898,63.0,83.0
EDIN,edin14,Violation_201,76.0,O2,-23.46606,63.0,83.0
EDIN,edin14,Control_202,63.0,Pz,21.38453,73.0,80.0
EDIN,edin14,Control_202,63.0,Cz,10.22558,73.0,80.0
EDIN,edin14,Control_202,63.0,CP1,1.695011,73.0,80.0
EDIN,edin14,Control_202,63.0,CP2,10.89597,73.0,80.0
EDIN,edin14,Control_202,63.0,P3,17.84059,73.0,80.0
EDIN,edin14,Control_202,63.0,P4,14.92877,73.0,80.0
EDIN,edin14,Control_202,63.0,C3,11.99888,73.0,80.0
EDIN,edin14,Control_202,63.0,C4,20.83964,73.0,80.0
EDIN,edin14,Control_202,63.0,P7,11.52179,73.0,80.0
EDIN,edin14,Control_202,63.0,P8,8.985929,73.0,80.0
EDIN,edin14,Control_202,63.0,O1,14.47894,73.0,80.0
EDIN,edin14,Control_202,63.0,O2,23.4425,73.0,80.0
EDIN,edin14,Violation_201,72.0,Pz,-14.58463,79.0,97.0
EDIN,edin14,Violation_201,72.0,Cz,-14.55584,79.0,97.0
EDIN,edin14,Violation_201,72.0,CP1,-15.97797,79.0,97.0
EDIN,edin14,Violation_201,72.0,CP2,-7.62898,79.0,97.0
EDIN,edin14,Violation_201,72.0,P3,-7.405253,79.0,97.0
EDIN,edin14,Violation_201,72.0,P4,-14.27304,79.0,97.0
EDIN,edin14,Violation_201,72.0,C3,-21.14226,79.0,97.0
EDIN,edin14,Violation_201,72.0,C4,-19.20941,79.0,97.0
EDIN,edin14,Violation_201,72.0,P7,-3.441274,79.0,97.0
EDIN,edin14,Violation_201,72.0,P8,5.696736,79.0,97.0
EDIN,edin14,Violation_201,72.0,O1,-9.168288,79.0,97.0
EDIN,edin14,Violation_201,72.0,O2,-7.077708,79.0,97.0
EDIN,edin15,Violation_201,10.0,Pz,24.14217,15.0,90.0
EDIN,edin15,Violation_201,10.0,Cz,26.94137,15.0,90.0
EDIN,edin15,Violation_201,10.0,CP1,20.67778,15.0,90.0
EDIN,edin15,Violation_201,10.0,CP2,22.32877,15.0,90.0
EDIN,edin15,Violation_201,10.0,P3,24.80731,15.0,90.0
EDIN,edin15,Violation_201,10.0,P4,24.69157,15.0,90.0
EDIN,edin15,Violation_201,10.0,C3,18.16239,15.0,90.0
EDIN,edin15,Violation_201,10.0,C4,24.55098,15.0,90.0
EDIN,edin15,Violation_201,10.0,P7,5.806098,15.0,90.0
EDIN,edin15,Violation_201,10.0,P8,20.03402,15.0,90.0
EDIN,edin15,Violation_201,10.0,O1,16.78479,15.0,90.0
EDIN,edin15,Violation_201,10.0,O2,9.797026,15.0,90.0
EDIN,edin15,Violation_201,14.0,Pz,32.23682,9.0,93.0
EDIN,edin15,Violation_201,14.0,Cz,33.89779,9.0,93.0
EDIN,edin15,Violation_201,14.0,CP1,34.56881,9.0,93.0
EDIN,edin15,Violation_201,14.0,CP2,37.79903,9.0,93.0
EDIN,edin15,Violation_201,14.0,P3,28.1893,9.0,93.0
EDIN,edin15,Violation_201,14.0,P4,36.91182,9.0,93.0
EDIN,edin15,Violation_201,14.0,C3,25.62845,9.0,93.0
EDIN,edin15,Violation_201,14.0,C4,26.24769,9.0,93.0
EDIN,edin15,Violation_201,14.0,P7,35.18853,9.0,93.0
EDIN,edin15,Violation_201,14.0,P8,20.62113,9.0,93.0
EDIN,edin15,Violation_201,14.0,O1,21.93426,9.0,93.0
EDIN,edin15,Violation_201,14.0,O2,25.78517,9.0,93.0
EDIN,edin15,Violation_201,6.0,Pz,13.58433,11.0,87.0
EDIN,edin15,Violation_201,6.0,Cz,-3.309463,11.0,87.0
EDIN,edin15,Violation_201,6.0,CP1,13.25385,11.0,87.0
EDIN,edin15,Violation_201,6.0,CP2,6.545084,11.0,87.0
EDIN,edin15,Violation_201,6.0,P3,2.093638,11.0,87.0
EDIN,edin15,Violation_201,6.0,P4,-4.490083,11.0,87.0
EDIN,edin15,Violation_201,6.0,C3,2.4733,11.0,87.0
EDIN,edin15,Violation_201,6.0,C4,-3.656813,11.0,87.0
EDIN,edin15,Violation_201,6.0,P7,15.91605,11.0,87.0
EDIN,edin15,Violation_201,6.0,P8,-1.191965,11.0,87.0
EDIN,edin15,Violation_201,6.0,O1,8.821722,11.0,87.0
EDIN,edin15,Violation_201,6.0,O2,0.9788964,11.0,87.0
EDIN,edin15,Control_202,1.0,Pz,20.55291,7.0,80.0
EDIN,edin15,Control_202,1.0,Cz,17.09423,7.0,80.0
EDIN,edin15,Control_202,1.0,CP1,17.27532,7.0,80.0
EDIN,edin15,Control_202,1.0,CP2,23.25158,7.0,80.0
EDIN,edin15,Control_202,1.0,P3,15.90154,7.0,80.0
EDIN,edin15,Control_202,1.0,P4,21.55268,7.0,80.0
EDIN,edin15,Control_202,1.0,C3,13.59573,7.0,80.0
EDIN,edin15,Control_202,1.0,C4,24.25008,7.0,80.0
EDIN,edin15,Control_202,1.0,P7,11.17695,7.0,80.0
EDIN,edin15,Control_202,1.0,P8,2.739248,7.0,80.0
EDIN,edin15,Control_202,1.0,O1,10.64774,7.0,80.0
EDIN,edin15,Control_202,1.0,O2,16.9674,7.0,80.0
EDIN,edin15,Violation_201,18.0,Pz,10.90847,16.0,93.0
EDIN,edin15,Violation_201,18.0,Cz,3.503659,16.0,93.0
EDIN,edin15,Violation_201,18.0,CP1,-10.774,16.0,93.0
EDIN,edin15,Violation_201,18.0,CP2,8.929441,16.0,93.0
EDIN,edin15,Violation_201,18.0,P3,8.666687,16.0,93.0
EDIN,edin15,Violation_201,18.0,P4,11.22882,16.0,93.0
EDIN,edin15,Violation_201,18.0,C3,2.273187,16.0,93.0
EDIN,edin15,Violation_201,18.0,C4,8.994287,16.0,93.0
EDIN,edin15,Violation_201,18.0,P7,9.026507,16.0,93.0
EDIN,edin15,Violation_201,18.0,P8,12.93618,16.0,93.0
EDIN,edin15,Violation_201,18.0,O1,5.432357,16.0,93.0
EDIN,edin15,Violation_201,18.0,O2,7.855691,16.0,93.0
EDIN,edin15,Control_202,17.0,Pz,-31.47347,2.0,100.0
EDIN,edin15,Control_202,17.0,Cz,-37.75951,2.0,100.0
EDIN,edin15,Control_202,17.0,CP1,-36.11252,2.0,100.0
EDIN,edin15,Control_202,17.0,CP2,-44.5631,2.0,100.0
EDIN,edin15,Control_202,17.0,P3,-28.7352,2.0,100.0
EDIN,edin15,Control_202,17.0,P4,-41.41949,2.0,100.0
EDIN,edin15,Control_202,17.0,C3,-15.98914,2.0,100.0
EDIN,edin15,Control_202,17.0,C4,-31.46963,2.0,100.0
EDIN,edin15,Control_202,17.0,P7,-34.95267,2.0,100.0
EDIN,edin15,Control_202,17.0,P8,-38.6636,2.0,100.0
EDIN,edin15,Control_202,17.0,O1,-37.51653,2.0,100.0
EDIN,edin15,Control_202,17.0,O2,-31.3312,2.0,100.0
EDIN,edin15,Control_202,9.0,Pz,-8.027164,6.0,100.0
EDIN,edin15,Control_202,9.0,Cz,-10.65955,6.0,100.0
EDIN,edin15,Control_202,9.0,CP1,-12.73043,6.0,100.0
EDIN,edin15,Control_202,9.0,CP2,-23.18294,6.0,100.0
EDIN,edin15,Control_202,9.0,P3,-17.04958,6.0,100.0
EDIN,edin15,Control_202,9.0,P4,-12.00173,6.0,100.0
EDIN,edin15,Control_202,9.0,C3,-18.70451,6.0,100.0
EDIN,edin15,Control_202,9.0,C4,-20.86813,6.0,100.0
EDIN,edin15,Control_202,9.0,P7,-13.9601,6.0,100.0
EDIN,edin15,Control_202,9.0,P8,-12.45993,6.0,100.0
EDIN,edin15,Control_202,9.0,O1,-12.95677,6.0,100.0
EDIN,edin15,Control_202,9.0,O2,-19.85872,6.0,100.0
EDIN,edin15,Control_202,13.0,Pz,-5.324851,17.0,62.0
EDIN,edin15,Control_202,13.0,Cz,-7.323448,17.0,62.0
EDIN,edin15,Control_202,13.0,CP1,-12.84598,17.0,62.0
EDIN,edin15,Control_202,13.0,CP2,-4.900032,17.0,62.0
EDIN,edin15,Control_202,13.0,P3,-4.137398,17.0,62.0
EDIN,edin15,Control_202,13.0,P4,1.296716,17.0,62.0
EDIN,edin15,Control_202,13.0,C3,-7.659715,17.0,62.0
EDIN,edin15,Control_202,13.0,C4,-11.61312,17.0,62.0
EDIN,edin15,Control_202,13.0,P7,-10.67421,17.0,62.0
EDIN,edin15,Control_202,13.0,P8,-7.840272,17.0,62.0
EDIN,edin15,Control_202,13.0,O1,-8.952301,17.0,62.0
EDIN,edin15,Control_202,13.0,O2,-7.788468,17.0,62.0
EDIN,edin15,Violation_201,2.0,Pz,-5.244516,8.0,97.0
EDIN,edin15,Violation_201,2.0,Cz,-9.546438,8.0,97.0
EDIN,edin15,Violation_201,2.0,CP1,-4.866608,8.0,97.0
EDIN,edin15,Violation_201,2.0,CP2,-7.841975,8.0,97.0
EDIN,edin15,Violation_201,2.0,P3,-1.022252,8.0,97.0
EDIN,edin15,Violation_201,2.0,P4,-3.253668,8.0,97.0
EDIN,edin15,Violation_201,2.0,C3,-3.490134,8.0,97.0
EDIN,edin15,Violation_201,2.0,C4,-8.378905,8.0,97.0
EDIN,edin15,Violation_201,2.0,P7,7.156655,8.0,97.0
EDIN,edin15,Violation_201,2.0,P8,3.40256,8.0,97.0
EDIN,edin15,Violation_201,2.0,O1,7.282142,8.0,97.0
EDIN,edin15,Violation_201,2.0,O2,2.950968,8.0,97.0
EDIN,edin15,Control_202,5.0,Pz,31.22791,14.0,90.0
EDIN,edin15,Control_202,5.0,Cz,34.06653,14.0,90.0
EDIN,edin15,Control_202,5.0,CP1,35.50503,14.0,90.0
EDIN,edin15,Control_202,5.0,CP2,35.55169,14.0,90.0
EDIN,edin15,Control_202,5.0,P3,41.15229,14.0,90.0
EDIN,edin15,Control_202,5.0,P4,40.0728,14.0,90.0
EDIN,edin15,Control_202,5.0,C3,45.82576,14.0,90.0
EDIN,edin15,Control_202,5.0,C4,23.65092,14.0,90.0
EDIN,edin15,Control_202,5.0,P7,34.22658,14.0,90.0
EDIN,edin15,Control_202,5.0,P8,44.07019,14.0,90.0
EDIN,edin15,Control_202,5.0,O1,49.93155,14.0,90.0
EDIN,edin15,Control_202,5.0,O2,40.22193,14.0,90.0
EDIN,edin15,Violation_201,29.0,Pz,-11.7771,36.0,77.0
EDIN,edin15,Violation_201,29.0,Cz,1.327002,36.0,77.0
EDIN,edin15,Violation_201,29.0,CP1,2.217214,36.0,77.0
EDIN,edin15,Violation_201,29.0,CP2,-0.8076172,36.0,77.0
EDIN,edin15,Violation_201,29.0,P3,0.506935,36.0,77.0
EDIN,edin15,Violation_201,29.0,P4,-6.209002,36.0,77.0
EDIN,edin15,Violation_201,29.0,C3,-0.9286523,36.0,77.0
EDIN,edin15,Violation_201,29.0,C4,-7.272247,36.0,77.0
EDIN,edin15,Violation_201,29.0,P7,-11.59072,36.0,77.0
EDIN,edin15,Violation_201,29.0,P8,-7.086574,36.0,77.0
EDIN,edin15,Violation_201,29.0,O1,-18.48625,36.0,77.0
EDIN,edin15,Violation_201,29.0,O2,-13.00115,36.0,77.0
EDIN,edin15,Violation_201,30.0,Pz,39.78594,32.0,80.0
EDIN,edin15,Violation_201,30.0,Cz,33.82626,32.0,80.0
EDIN,edin15,Violation_201,30.0,CP1,33.32476,32.0,80.0
EDIN,edin15,Violation_201,30.0,CP2,41.2588,32.0,80.0
EDIN,edin15,Violation_201,30.0,P3,33.17302,32.0,80.0
EDIN,edin15,Violation_201,30.0,P4,29.74519,32.0,80.0
EDIN,edin15,Violation_201,30.0,C3,31.65483,32.0,80.0
EDIN,edin15,Violation_201,30.0,C4,30.54401,32.0,80.0
EDIN,edin15,Violation_201,30.0,P7,24.00733,32.0,80.0
EDIN,edin15,Violation_201,30.0,P8,20.50952,32.0,80.0
EDIN,edin15,Violation_201,30.0,O1,24.57466,32.0,80.0
EDIN,edin15,Violation_201,30.0,O2,22.9562,32.0,80.0
EDIN,edin15,Violation_201,22.0,Pz,8.189438,40.0,93.0
EDIN,edin15,Violation_201,22.0,Cz,11.67228,40.0,93.0
EDIN,edin15,Violation_201,22.0,CP1,17.29139,40.0,93.0
EDIN,edin15,Violation_201,22.0,CP2,-0.208222,40.0,93.0
EDIN,edin15,Violation_201,22.0,P3,9.820483,40.0,93.0
EDIN,edin15,Violation_201,22.0,P4,9.9686,40.0,93.0
EDIN,edin15,Violation_201,22.0,C3,13.48902,40.0,93.0
EDIN,edin15,Violation_201,22.0,C4,12.78308,40.0,93.0
EDIN,edin15,Violation_201,22.0,P7,17.75753,40.0,93.0
EDIN,edin15,Violation_201,22.0,P8,13.9211,40.0,93.0
EDIN,edin15,Violation_201,22.0,O1,18.96689,40.0,93.0
EDIN,edin15,Violation_201,22.0,O2,11.39837,40.0,93.0
EDIN,edin15,Control_202,21.0,Pz,-0.4898915,28.0,27.0
EDIN,edin15,Control_202,21.0,Cz,2.770895,28.0,27.0
EDIN,edin15,Control_202,21.0,CP1,-3.504137,28.0,27.0
EDIN,edin15,Control_202,21.0,CP2,-2.557264,28.0,27.0
EDIN,edin15,Control_202,21.0,P3,5.871881,28.0,27.0
EDIN,edin15,Control_202,21.0,P4,2.404057,28.0,27.0
EDIN,edin15,Control_202,21.0,C3,-10.42567,28.0,27.0
EDIN,edin15,Control_202,21.0,C4,-1.569841,28.0,27.0
EDIN,edin15,Control_202,21.0,P7,2.826374,28.0,27.0
EDIN,edin15,Control_202,21.0,P8,1.559666,28.0,27.0
EDIN,edin15,Control_202,21.0,O1,-12.79687,28.0,27.0
EDIN,edin15,Control_202,21.0,O2,3.958435,28.0,27.0
EDIN,edin15,Control_202,37.0,Pz,-39.42362,25.0,97.0
EDIN,edin15,Control_202,37.0,Cz,-38.8405,25.0,97.0
EDIN,edin15,Control_202,37.0,CP1,-43.49881,25.0,97.0
EDIN,edin15,Control_202,37.0,CP2,-46.81338,25.0,97.0
EDIN,edin15,Control_202,37.0,P3,-42.61864,25.0,97.0
EDIN,edin15,Control_202,37.0,P4,-32.7267,25.0,97.0
EDIN,edin15,Control_202,37.0,C3,-43.83154,25.0,97.0
EDIN,edin15,Control_202,37.0,C4,-45.22078,25.0,97.0
EDIN,edin15,Control_202,37.0,P7,-34.46843,25.0,97.0
EDIN,edin15,Control_202,37.0,P8,-18.11496,25.0,97.0
EDIN,edin15,Control_202,37.0,O1,-43.95381,25.0,97.0
EDIN,edin15,Control_202,37.0,O2,-37.42669,25.0,97.0
EDIN,edin15,Violation_201,26.0,Pz,-2.470793,39.0,97.0
EDIN,edin15,Violation_201,26.0,Cz,-10.70743,39.0,97.0
EDIN,edin15,Violation_201,26.0,CP1,0.6794506,39.0,97.0
EDIN,edin15,Violation_201,26.0,CP2,-10.10019,39.0,97.0
EDIN,edin15,Violation_201,26.0,P3,-7.368909,39.0,97.0
EDIN,edin15,Violation_201,26.0,P4,-12.09769,39.0,97.0
EDIN,edin15,Violation_201,26.0,C3,-1.929648,39.0,97.0
EDIN,edin15,Violation_201,26.0,C4,-13.09927,39.0,97.0
EDIN,edin15,Violation_201,26.0,P7,-15.53149,39.0,97.0
EDIN,edin15,Violation_201,26.0,P8,-15.02102,39.0,97.0
EDIN,edin15,Violation_201,26.0,O1,-13.987,39.0,97.0
EDIN,edin15,Violation_201,26.0,O2,-13.59109,39.0,97.0
EDIN,edin15,Violation_201,34.0,Pz,-27.66673,24.0,93.0
EDIN,edin15,Violation_201,34.0,Cz,-26.74137,24.0,93.0
EDIN,edin15,Violation_201,34.0,CP1,-28.80118,24.0,93.0
EDIN,edin15,Violation_201,34.0,CP2,-25.63962,24.0,93.0
EDIN,edin15,Violation_201,34.0,P3,-23.05817,24.0,93.0
EDIN,edin15,Violation_201,34.0,P4,-27.59518,24.0,93.0
EDIN,edin15,Violation_201,34.0,C3,-24.43795,24.0,93.0
EDIN,edin15,Violation_201,34.0,C4,-33.52857,24.0,93.0
EDIN,edin15,Violation_201,34.0,P7,-24.15292,24.0,93.0
EDIN,edin15,Violation_201,34.0,P8,-22.22188,24.0,93.0
EDIN,edin15,Violation_201,34.0,O1,-19.98717,24.0,93.0
EDIN,edin15,Violation_201,34.0,O2,-27.25647,24.0,93.0
EDIN,edin15,Control_202,25.0,Pz,12.9865,22.0,53.0
EDIN,edin15,Control_202,25.0,Cz,-2.237263,22.0,53.0
EDIN,edin15,Control_202,25.0,CP1,11.1126,22.0,53.0
EDIN,edin15,Control_202,25.0,CP2,12.58752,22.0,53.0
EDIN,edin15,Control_202,25.0,P3,4.65712,22.0,53.0
EDIN,edin15,Control_202,25.0,P4,12.81349,22.0,53.0
EDIN,edin15,Control_202,25.0,C3,0.06925192,22.0,53.0
EDIN,edin15,Control_202,25.0,C4,1.484718,22.0,53.0
EDIN,edin15,Control_202,25.0,P7,-12.86341,22.0,53.0
EDIN,edin15,Control_202,25.0,P8,-1.024983,22.0,53.0
EDIN,edin15,Control_202,25.0,O1,-4.733447,22.0,53.0
EDIN,edin15,Control_202,25.0,O2,3.65121,22.0,53.0
EDIN,edin15,Violation_201,38.0,Pz,-1.124416,38.0,93.0
EDIN,edin15,Violation_201,38.0,Cz,2.78653,38.0,93.0
EDIN,edin15,Violation_201,38.0,CP1,1.110728,38.0,93.0
EDIN,edin15,Violation_201,38.0,CP2,-2.032776,38.0,93.0
EDIN,edin15,Violation_201,38.0,P3,-4.021329,38.0,93.0
EDIN,edin15,Violation_201,38.0,P4,4.532372,38.0,93.0
EDIN,edin15,Violation_201,38.0,C3,-4.261111,38.0,93.0
EDIN,edin15,Violation_201,38.0,C4,-4.85361,38.0,93.0
EDIN,edin15,Violation_201,38.0,P7,-11.55586,38.0,93.0
EDIN,edin15,Violation_201,38.0,P8,-0.4646689,38.0,93.0
EDIN,edin15,Violation_201,38.0,O1,-9.99786,38.0,93.0
EDIN,edin15,Violation_201,38.0,O2,2.215888,38.0,93.0
EDIN,edin15,Control_202,33.0,Pz,9.247241,23.0,93.0
EDIN,edin15,Control_202,33.0,Cz,8.859521,23.0,93.0
EDIN,edin15,Control_202,33.0,CP1,10.25601,23.0,93.0
EDIN,edin15,Control_202,33.0,CP2,22.53941,23.0,93.0
EDIN,edin15,Control_202,33.0,P3,3.911774,23.0,93.0
EDIN,edin15,Control_202,33.0,P4,11.57479,23.0,93.0
EDIN,edin15,Control_202,33.0,C3,7.834482,23.0,93.0
EDIN,edin15,Control_202,33.0,C4,8.302166,23.0,93.0
EDIN,edin15,Control_202,33.0,P7,3.326238,23.0,93.0
EDIN,edin15,Control_202,33.0,P8,11.6817,23.0,93.0
EDIN,edin15,Control_202,33.0,O1,17.33756,23.0,93.0
EDIN,edin15,Control_202,33.0,O2,13.99231,23.0,93.0
EDIN,edin15,Control_202,41.0,Pz,-11.12442,52.0,87.0
EDIN,edin15,Control_202,41.0,Cz,-22.76105,52.0,87.0
EDIN,edin15,Control_202,41.0,CP1,-9.812262,52.0,87.0
EDIN,edin15,Control_202,41.0,CP2,-15.89447,52.0,87.0
EDIN,edin15,Control_202,41.0,P3,-7.793001,52.0,87.0
EDIN,edin15,Control_202,41.0,P4,-17.48096,52.0,87.0
EDIN,edin15,Control_202,41.0,C3,-25.41428,52.0,87.0
EDIN,edin15,Control_202,41.0,C4,-27.11224,52.0,87.0
EDIN,edin15,Control_202,41.0,P7,-7.353447,52.0,87.0
EDIN,edin15,Control_202,41.0,P8,-8.380029,52.0,87.0
EDIN,edin15,Control_202,41.0,O1,-15.2081,52.0,87.0
EDIN,edin15,Control_202,41.0,O2,-14.90154,52.0,87.0
EDIN,edin15,Control_202,45.0,Pz,23.71464,60.0,90.0
EDIN,edin15,Control_202,45.0,Cz,15.81304,60.0,90.0
EDIN,edin15,Control_202,45.0,CP1,23.79545,60.0,90.0
EDIN,edin15,Control_202,45.0,CP2,17.16773,60.0,90.0
EDIN,edin15,Control_202,45.0,P3,17.72372,60.0,90.0
EDIN,edin15,Control_202,45.0,P4,14.86357,60.0,90.0
EDIN,edin15,Control_202,45.0,C3,29.15171,60.0,90.0
EDIN,edin15,Control_202,45.0,C4,16.86112,60.0,90.0
EDIN,edin15,Control_202,45.0,P7,24.03859,60.0,90.0
EDIN,edin15,Control_202,45.0,P8,6.551974,60.0,90.0
EDIN,edin15,Control_202,45.0,O1,16.33104,60.0,90.0
EDIN,edin15,Control_202,45.0,O2,10.20632,60.0,90.0
EDIN,edin15,Violation_201,46.0,Pz,-31.42288,56.0,93.0
EDIN,edin15,Violation_201,46.0,Cz,-26.18447,56.0,93.0
EDIN,edin15,Violation_201,46.0,CP1,-33.205,56.0,93.0
EDIN,edin15,Violation_201,46.0,CP2,-29.79782,56.0,93.0
EDIN,edin15,Violation_201,46.0,P3,-21.03558,56.0,93.0
EDIN,edin15,Violation_201,46.0,P4,-26.80218,56.0,93.0
EDIN,edin15,Violation_201,46.0,C3,-27.75413,56.0,93.0
EDIN,edin15,Violation_201,46.0,C4,-32.88942,56.0,93.0
EDIN,edin15,Violation_201,46.0,P7,-36.36131,56.0,93.0
EDIN,edin15,Violation_201,46.0,P8,-21.8884,56.0,93.0
EDIN,edin15,Violation_201,46.0,O1,-9.591529,56.0,93.0
EDIN,edin15,Violation_201,46.0,O2,-28.78409,56.0,93.0
EDIN,edin15,Control_202,53.0,Pz,6.943108,48.0,87.0
EDIN,edin15,Control_202,53.0,Cz,-7.399442,48.0,87.0
EDIN,edin15,Control_202,53.0,CP1,-0.6149516,48.0,87.0
EDIN,edin15,Control_202,53.0,CP2,-0.4306122,48.0,87.0
EDIN,edin15,Control_202,53.0,P3,-7.720269,48.0,87.0
EDIN,edin15,Control_202,53.0,P4,-2.918096,48.0,87.0
EDIN,edin15,Control_202,53.0,C3,-3.690022,48.0,87.0
EDIN,edin15,Control_202,53.0,C4,-6.922966,48.0,87.0
EDIN,edin15,Control_202,53.0,P7,0.9208887,48.0,87.0
EDIN,edin15,Control_202,53.0,P8,0.04738126,48.0,87.0
EDIN,edin15,Control_202,53.0,O1,3.416576,48.0,87.0
EDIN,edin15,Control_202,53.0,O2,7.953606,48.0,87.0
EDIN,edin15,Violation_201,58.0,Pz,12.50002,59.0,73.0
EDIN,edin15,Violation_201,58.0,Cz,3.386553,59.0,73.0
EDIN,edin15,Violation_201,58.0,CP1,4.601463,59.0,73.0
EDIN,edin15,Violation_201,58.0,CP2,16.23028,59.0,73.0
EDIN,edin15,Violation_201,58.0,P3,2.583309,59.0,73.0
EDIN,edin15,Violation_201,58.0,P4,8.439801,59.0,73.0
EDIN,edin15,Violation_201,58.0,C3,9.64995,59.0,73.0
EDIN,edin15,Violation_201,58.0,C4,11.54001,59.0,73.0
EDIN,edin15,Violation_201,58.0,P7,4.014177,59.0,73.0
EDIN,edin15,Violation_201,58.0,P8,3.698505,59.0,73.0
EDIN,edin15,Violation_201,58.0,O1,-0.4637197,59.0,73.0
EDIN,edin15,Violation_201,58.0,O2,7.754009,59.0,73.0
EDIN,edin15,Violation_201,42.0,Pz,20.72802,41.0,100.0
EDIN,edin15,Violation_201,42.0,Cz,10.9773,41.0,100.0
EDIN,edin15,Violation_201,42.0,CP1,8.626102,41.0,100.0
EDIN,edin15,Violation_201,42.0,CP2,20.41079,41.0,100.0
EDIN,edin15,Violation_201,42.0,P3,6.098598,41.0,100.0
EDIN,edin15,Violation_201,42.0,P4,14.7778,41.0,100.0
EDIN,edin15,Violation_201,42.0,C3,8.556303,41.0,100.0
EDIN,edin15,Violation_201,42.0,C4,6.715907,41.0,100.0
EDIN,edin15,Violation_201,42.0,P7,-1.960402,41.0,100.0
EDIN,edin15,Violation_201,42.0,P8,0.8495595,41.0,100.0
EDIN,edin15,Violation_201,42.0,O1,3.102541,41.0,100.0
EDIN,edin15,Violation_201,42.0,O2,6.189962,41.0,100.0
EDIN,edin15,Violation_201,50.0,Pz,-4.20411,47.0,100.0
EDIN,edin15,Violation_201,50.0,Cz,-2.018214,47.0,100.0
EDIN,edin15,Violation_201,50.0,CP1,1.233764,47.0,100.0
EDIN,edin15,Violation_201,50.0,CP2,0.009045943,47.0,100.0
EDIN,edin15,Violation_201,50.0,P3,-14.7506,47.0,100.0
EDIN,edin15,Violation_201,50.0,P4,3.187983,47.0,100.0
EDIN,edin15,Violation_201,50.0,C3,-14.04845,47.0,100.0
EDIN,edin15,Violation_201,50.0,C4,7.0912,47.0,100.0
EDIN,edin15,Violation_201,50.0,P7,-25.68704,47.0,100.0
EDIN,edin15,Violation_201,50.0,P8,-4.080331,47.0,100.0
EDIN,edin15,Violation_201,50.0,O1,-18.57308,47.0,100.0
EDIN,edin15,Violation_201,50.0,O2,-8.346367,47.0,100.0
EDIN,edin15,Control_202,49.0,Pz,18.50626,58.0,73.0
EDIN,edin15,Control_202,49.0,Cz,20.72955,58.0,73.0
EDIN,edin15,Control_202,49.0,CP1,22.30554,58.0,73.0
EDIN,edin15,Control_202,49.0,CP2,20.41466,58.0,73.0
EDIN,edin15,Control_202,49.0,P3,13.46665,58.0,73.0
EDIN,edin15,Control_202,49.0,P4,18.92394,58.0,73.0
EDIN,edin15,Control_202,49.0,C3,24.4815,58.0,73.0
EDIN,edin15,Control_202,49.0,C4,23.68893,58.0,73.0
EDIN,edin15,Control_202,49.0,P7,8.077808,58.0,73.0
EDIN,edin15,Control_202,49.0,P8,15.72323,58.0,73.0
EDIN,edin15,Control_202,49.0,O1,12.0143,58.0,73.0
EDIN,edin15,Control_202,49.0,O2,17.46928,58.0,73.0
EDIN,edin15,Control_202,57.0,Pz,-0.6695647,57.0,69.0
EDIN,edin15,Control_202,57.0,Cz,2.857053,57.0,69.0
EDIN,edin15,Control_202,57.0,CP1,1.604824,57.0,69.0
EDIN,edin15,Control_202,57.0,CP2,4.622423,57.0,69.0
EDIN,edin15,Control_202,57.0,P3,0.1544971,57.0,69.0
EDIN,edin15,Control_202,57.0,P4,-3.59712,57.0,69.0
EDIN,edin15,Control_202,57.0,C3,0.2373223,57.0,69.0
EDIN,edin15,Control_202,57.0,C4,-3.505728,57.0,69.0
EDIN,edin15,Control_202,57.0,P7,10.55547,57.0,69.0
EDIN,edin15,Control_202,57.0,P8,-1.094558,57.0,69.0
EDIN,edin15,Control_202,57.0,O1,0.1272752,57.0,69.0
EDIN,edin15,Control_202,57.0,O2,-3.700603,57.0,69.0
EDIN,edin15,Violation_201,54.0,Pz,-2.967649,50.0,37.0
EDIN,edin15,Violation_201,54.0,Cz,-7.465989,50.0,37.0
EDIN,edin15,Violation_201,54.0,CP1,1.136471,50.0,37.0
EDIN,edin15,Violation_201,54.0,CP2,2.594519,50.0,37.0
EDIN,edin15,Violation_201,54.0,P3,-3.937004,50.0,37.0
EDIN,edin15,Violation_201,54.0,P4,0.9358426,50.0,37.0
EDIN,edin15,Violation_201,54.0,C3,-5.213095,50.0,37.0
EDIN,edin15,Violation_201,54.0,C4,-3.001202,50.0,37.0
EDIN,edin15,Violation_201,54.0,P7,-3.76288,50.0,37.0
EDIN,edin15,Violation_201,54.0,P8,-8.273905,50.0,37.0
EDIN,edin15,Violation_201,54.0,O1,-8.748344,50.0,37.0
EDIN,edin15,Violation_201,54.0,O2,-9.984238,50.0,37.0
EDIN,edin15,Violation_201,70.0,Pz,5.091736,67.0,87.0
EDIN,edin15,Violation_201,70.0,Cz,13.40918,67.0,87.0
EDIN,edin15,Violation_201,70.0,CP1,5.487445,67.0,87.0
EDIN,edin15,Violation_201,70.0,CP2,4.274147,67.0,87.0
EDIN,edin15,Violation_201,70.0,P3,6.331618,67.0,87.0
EDIN,edin15,Violation_201,70.0,P4,5.751205,67.0,87.0
EDIN,edin15,Violation_201,70.0,C3,7.389311,67.0,87.0
EDIN,edin15,Violation_201,70.0,C4,3.938393,67.0,87.0
EDIN,edin15,Violation_201,70.0,P7,10.9484,67.0,87.0
EDIN,edin15,Violation_201,70.0,P8,17.17494,67.0,87.0
EDIN,edin15,Violation_201,70.0,O1,7.69664,67.0,87.0
EDIN,edin15,Violation_201,70.0,O2,10.86693,67.0,87.0
EDIN,edin15,Control_202,73.0,Pz,-2.66945,72.0,90.0
EDIN,edin15,Control_202,73.0,Cz,0.9501197,72.0,90.0
EDIN,edin15,Control_202,73.0,CP1,1.209603,72.0,90.0
EDIN,edin15,Control_202,73.0,CP2,4.252028,72.0,90.0
EDIN,edin15,Control_202,73.0,P3,0.2216537,72.0,90.0
EDIN,edin15,Control_202,73.0,P4,4.132251,72.0,90.0
EDIN,edin15,Control_202,73.0,C3,-0.1827612,72.0,90.0
EDIN,edin15,Control_202,73.0,C4,-0.1291331,72.0,90.0
EDIN,edin15,Control_202,73.0,P7,3.76792,72.0,90.0
EDIN,edin15,Control_202,73.0,P8,6.870944,72.0,90.0
EDIN,edin15,Control_202,73.0,O1,1.129872,72.0,90.0
EDIN,edin15,Control_202,73.0,O2,16.56865,72.0,90.0
EDIN,edin15,Violation_201,66.0,Pz,0.699751,75.0,60.0
EDIN,edin15,Violation_201,66.0,Cz,-10.82016,75.0,60.0
EDIN,edin15,Violation_201,66.0,CP1,-13.69429,75.0,60.0
EDIN,edin15,Violation_201,66.0,CP2,-0.465943,75.0,60.0
EDIN,edin15,Violation_201,66.0,P3,-3.864539,75.0,60.0
EDIN,edin15,Violation_201,66.0,P4,-9.958385,75.0,60.0
EDIN,edin15,Violation_201,66.0,C3,-0.9658927,75.0,60.0
EDIN,edin15,Violation_201,66.0,C4,-11.03453,75.0,60.0
EDIN,edin15,Violation_201,66.0,P7,-5.919627,75.0,60.0
EDIN,edin15,Violation_201,66.0,P8,3.609536,75.0,60.0
EDIN,edin15,Violation_201,66.0,O1,-5.021167,75.0,60.0
EDIN,edin15,Violation_201,66.0,O2,-0.5826756,75.0,60.0
EDIN,edin15,Violation_201,78.0,Pz,-3.697833,79.0,97.0
EDIN,edin15,Violation_201,78.0,Cz,-7.704136,79.0,97.0
EDIN,edin15,Violation_201,78.0,CP1,-9.733171,79.0,97.0
EDIN,edin15,Violation_201,78.0,CP2,-10.14698,79.0,97.0
EDIN,edin15,Violation_201,78.0,P3,-17.22753,79.0,97.0
EDIN,edin15,Violation_201,78.0,P4,-6.462506,79.0,97.0
EDIN,edin15,Violation_201,78.0,C3,-15.29163,79.0,97.0
EDIN,edin15,Violation_201,78.0,C4,-14.05462,79.0,97.0
EDIN,edin15,Violation_201,78.0,P7,-3.110168,79.0,97.0
EDIN,edin15,Violation_201,78.0,P8,-6.455479,79.0,97.0
EDIN,edin15,Violation_201,78.0,O1,-10.55488,79.0,97.0
EDIN,edin15,Violation_201,78.0,O2,-8.169344,79.0,97.0
EDIN,edin15,Control_202,65.0,Pz,4.862478,66.0,23.0
EDIN,edin15,Control_202,65.0,Cz,-6.945392,66.0,23.0
EDIN,edin15,Control_202,65.0,CP1,1.335265,66.0,23.0
EDIN,edin15,Control_202,65.0,CP2,2.087451,66.0,23.0
EDIN,edin15,Control_202,65.0,P3,-6.495419,66.0,23.0
EDIN,edin15,Control_202,65.0,P4,1.563095,66.0,23.0
EDIN,edin15,Control_202,65.0,C3,8.43477,66.0,23.0
EDIN,edin15,Control_202,65.0,C4,-6.516532,66.0,23.0
EDIN,edin15,Control_202,65.0,P7,-7.469156,66.0,23.0
EDIN,edin15,Control_202,65.0,P8,-5.415068,66.0,23.0
EDIN,edin15,Control_202,65.0,O1,-8.934285,66.0,23.0
EDIN,edin15,Control_202,65.0,O2,0.5979478,66.0,23.0
EDIN,edin15,Control_202,69.0,Pz,-20.51212,78.0,97.0
EDIN,edin15,Control_202,69.0,Cz,-14.4848,78.0,97.0
EDIN,edin15,Control_202,69.0,CP1,-22.89448,78.0,97.0
EDIN,edin15,Control_202,69.0,CP2,-8.082293,78.0,97.0
EDIN,edin15,Control_202,69.0,P3,-16.25211,78.0,97.0
EDIN,edin15,Control_202,69.0,P4,-14.49167,78.0,97.0
EDIN,edin15,Control_202,69.0,C3,-14.10891,78.0,97.0
EDIN,edin15,Control_202,69.0,C4,-12.89161,78.0,97.0
EDIN,edin15,Control_202,69.0,P7,-19.67021,78.0,97.0
EDIN,edin15,Control_202,69.0,P8,-15.11814,78.0,97.0
EDIN,edin15,Control_202,69.0,O1,4.037261,78.0,97.0
EDIN,edin15,Control_202,69.0,O2,-18.19841,78.0,97.0
EDIN,edin15,Control_202,77.0,Pz,16.18284,80.0,97.0
EDIN,edin15,Control_202,77.0,Cz,-2.305547,80.0,97.0
EDIN,edin15,Control_202,77.0,CP1,17.62574,80.0,97.0
EDIN,edin15,Control_202,77.0,CP2,15.48743,80.0,97.0
EDIN,edin15,Control_202,77.0,P3,18.81137,80.0,97.0
EDIN,edin15,Control_202,77.0,P4,12.28711,80.0,97.0
EDIN,edin15,Control_202,77.0,C3,5.114635,80.0,97.0
EDIN,edin15,Control_202,77.0,C4,5.338356,80.0,97.0
EDIN,edin15,Control_202,77.0,P7,8.052122,80.0,97.0
EDIN,edin15,Control_202,77.0,P8,-0.6246405,80.0,97.0
EDIN,edin15,Control_202,77.0,O1,7.030165,80.0,97.0
EDIN,edin15,Control_202,77.0,O2,5.591972,80.0,97.0
EDIN,edin15,Violation_201,74.0,Pz,14.20495,77.0,100.0
EDIN,edin15,Violation_201,74.0,Cz,1.224665,77.0,100.0
EDIN,edin15,Violation_201,74.0,CP1,7.714954,77.0,100.0
EDIN,edin15,Violation_201,74.0,CP2,19.9272,77.0,100.0
EDIN,edin15,Violation_201,74.0,P3,11.13901,77.0,100.0
EDIN,edin15,Violation_201,74.0,P4,8.929405,77.0,100.0
EDIN,edin15,Violation_201,74.0,C3,14.37109,77.0,100.0
EDIN,edin15,Violation_201,74.0,C4,7.951631,77.0,100.0
EDIN,edin15,Violation_201,74.0,P7,6.532868,77.0,100.0
EDIN,edin15,Violation_201,74.0,P8,17.50772,77.0,100.0
EDIN,edin15,Violation_201,74.0,O1,14.76102,77.0,100.0
EDIN,edin15,Violation_201,74.0,O2,16.56435,77.0,100.0
EDIN,edin15,Violation_201,62.0,Pz,-13.98372,70.0,57.0
EDIN,edin15,Violation_201,62.0,Cz,-22.43476,70.0,57.0
EDIN,edin15,Violation_201,62.0,CP1,-22.92757,70.0,57.0
EDIN,edin15,Violation_201,62.0,CP2,-25.47896,70.0,57.0
EDIN,edin15,Violation_201,62.0,P3,-31.13932,70.0,57.0
EDIN,edin15,Violation_201,62.0,P4,-21.49666,70.0,57.0
EDIN,edin15,Violation_201,62.0,C3,-36.90769,70.0,57.0
EDIN,edin15,Violation_201,62.0,C4,-30.73504,70.0,57.0
EDIN,edin15,Violation_201,62.0,P7,-23.13939,70.0,57.0
EDIN,edin15,Violation_201,62.0,P8,-17.00218,70.0,57.0
EDIN,edin15,Violation_201,62.0,O1,-27.23898,70.0,57.0
EDIN,edin15,Violation_201,62.0,O2,-26.21658,70.0,57.0
EDIN,edin15,Control_202,61.0,Pz,-3.118898,76.0,90.0
EDIN,edin15,Control_202,61.0,Cz,5.669579,76.0,90.0
EDIN,edin15,Control_202,61.0,CP1,0.2461311,76.0,90.0
EDIN,edin15,Control_202,61.0,CP2,4.414684,76.0,90.0
EDIN,edin15,Control_202,61.0,P3,0.6926382,76.0,90.0
EDIN,edin15,Control_202,61.0,P4,4.70704,76.0,90.0
EDIN,edin15,Control_202,61.0,C3,3.884415,76.0,90.0
EDIN,edin15,Control_202,61.0,C4,3.415355,76.0,90.0
EDIN,edin15,Control_202,61.0,P7,-2.920383,76.0,90.0
EDIN,edin15,Control_202,61.0,P8,3.524818,76.0,90.0
EDIN,edin15,Control_202,61.0,O1,4.270716,76.0,90.0
EDIN,edin15,Control_202,61.0,O2,2.05754,76.0,90.0
EDIN,edin16,Violation_201,10.0,Pz,15.08695,6.0,100.0
EDIN,edin16,Violation_201,10.0,Cz,17.38393,6.0,100.0
EDIN,edin16,Violation_201,10.0,CP1,-20.88611,6.0,100.0
EDIN,edin16,Violation_201,10.0,CP2,16.15688,6.0,100.0
EDIN,edin16,Violation_201,10.0,P3,7.198328,6.0,100.0
EDIN,edin16,Violation_201,10.0,P4,17.24779,6.0,100.0
EDIN,edin16,Violation_201,10.0,C3,15.62891,6.0,100.0
EDIN,edin16,Violation_201,10.0,C4,13.69136,6.0,100.0
EDIN,edin16,Violation_201,10.0,P7,39.70778,6.0,100.0
EDIN,edin16,Violation_201,10.0,P8,2.520741,6.0,100.0
EDIN,edin16,Violation_201,10.0,O1,13.36202,6.0,100.0
EDIN,edin16,Violation_201,10.0,O2,6.96726,6.0,100.0
EDIN,edin16,Control_202,17.0,Pz,-7.088175,8.0,97.0
EDIN,edin16,Control_202,17.0,Cz,-9.823804,8.0,97.0
EDIN,edin16,Control_202,17.0,CP1,-6.152279,8.0,97.0
EDIN,edin16,Control_202,17.0,CP2,-5.749673,8.0,97.0
EDIN,edin16,Control_202,17.0,P3,-17.92021,8.0,97.0
EDIN,edin16,Control_202,17.0,P4,1.312222,8.0,97.0
EDIN,edin16,Control_202,17.0,C3,-4.111504,8.0,97.0
EDIN,edin16,Control_202,17.0,C4,-2.722615,8.0,97.0
EDIN,edin16,Control_202,17.0,P7,-13.79391,8.0,97.0
EDIN,edin16,Control_202,17.0,P8,-2.48907,8.0,97.0
EDIN,edin16,Control_202,17.0,O1,11.44264,8.0,97.0
EDIN,edin16,Control_202,17.0,O2,1.38511,8.0,97.0
EDIN,edin16,Violation_201,14.0,Pz,5.700212,7.0,80.0
EDIN,edin16,Violation_201,14.0,Cz,12.41998,7.0,80.0
EDIN,edin16,Violation_201,14.0,CP1,26.7132,7.0,80.0
EDIN,edin16,Violation_201,14.0,CP2,15.62088,7.0,80.0
EDIN,edin16,Violation_201,14.0,P3,5.09056,7.0,80.0
EDIN,edin16,Violation_201,14.0,P4,5.754902,7.0,80.0
EDIN,edin16,Violation_201,14.0,C3,16.73337,7.0,80.0
EDIN,edin16,Violation_201,14.0,C4,16.9054,7.0,80.0
EDIN,edin16,Violation_201,14.0,P7,0.9350514,7.0,80.0
EDIN,edin16,Violation_201,14.0,P8,-0.8500036,7.0,80.0
EDIN,edin16,Violation_201,14.0,O1,2.703902,7.0,80.0
EDIN,edin16,Violation_201,14.0,O2,0.6436281,7.0,80.0
EDIN,edin16,Violation_201,2.0,Pz,-7.328943,20.0,90.0
EDIN,edin16,Violation_201,2.0,Cz,-11.7928,20.0,90.0
EDIN,edin16,Violation_201,2.0,CP1,-50.82722,20.0,90.0
EDIN,edin16,Violation_201,2.0,CP2,-14.97761,20.0,90.0
EDIN,edin16,Violation_201,2.0,P3,-24.6489,20.0,90.0
EDIN,edin16,Violation_201,2.0,P4,-16.09629,20.0,90.0
EDIN,edin16,Violation_201,2.0,C3,6.386809,20.0,90.0
EDIN,edin16,Violation_201,2.0,C4,-13.55523,20.0,90.0
EDIN,edin16,Violation_201,2.0,P7,-16.17181,20.0,90.0
EDIN,edin16,Violation_201,2.0,P8,-19.68463,20.0,90.0
EDIN,edin16,Violation_201,2.0,O1,-38.59748,20.0,90.0
EDIN,edin16,Violation_201,2.0,O2,-21.83271,20.0,90.0
EDIN,edin16,Violation_201,6.0,Pz,32.6286,12.0,100.0
EDIN,edin16,Violation_201,6.0,Cz,37.06264,12.0,100.0
EDIN,edin16,Violation_201,6.0,CP1,31.66024,12.0,100.0
EDIN,edin16,Violation_201,6.0,CP2,43.27675,12.0,100.0
EDIN,edin16,Violation_201,6.0,P3,33.4864,12.0,100.0
EDIN,edin16,Violation_201,6.0,P4,34.49859,12.0,100.0
EDIN,edin16,Violation_201,6.0,C3,40.59147,12.0,100.0
EDIN,edin16,Violation_201,6.0,C4,44.63802,12.0,100.0
EDIN,edin16,Violation_201,6.0,P7,32.16122,12.0,100.0
EDIN,edin16,Violation_201,6.0,P8,30.9122,12.0,100.0
EDIN,edin16,Violation_201,6.0,O1,35.55067,12.0,100.0
EDIN,edin16,Violation_201,6.0,O2,24.46467,12.0,100.0
EDIN,edin16,Control_202,5.0,Pz,-1.96297,17.0,62.0
EDIN,edin16,Control_202,5.0,Cz,3.262853,17.0,62.0
EDIN,edin16,Control_202,5.0,CP1,0.1564691,17.0,62.0
EDIN,edin16,Control_202,5.0,CP2,2.981446,17.0,62.0
EDIN,edin16,Control_202,5.0,P3,9.509676,17.0,62.0
EDIN,edin16,Control_202,5.0,P4,-0.9314269,17.0,62.0
EDIN,edin16,Control_202,5.0,C3,-8.573222,17.0,62.0
EDIN,edin16,Control_202,5.0,C4,-4.350465,17.0,62.0
EDIN,edin16,Control_202,5.0,P7,-12.64617,17.0,62.0
EDIN,edin16,Control_202,5.0,P8,-12.22263,17.0,62.0
EDIN,edin16,Control_202,5.0,O1,-5.669127,17.0,62.0
EDIN,edin16,Control_202,5.0,O2,-10.9879,17.0,62.0
EDIN,edin16,Violation_201,18.0,Pz,-0.5218319,13.0,97.0
EDIN,edin16,Violation_201,18.0,Cz,10.52787,13.0,97.0
EDIN,edin16,Violation_201,18.0,CP1,-9.353472,13.0,97.0
EDIN,edin16,Violation_201,18.0,CP2,-9.956758,13.0,97.0
EDIN,edin16,Violation_201,18.0,P3,9.395179,13.0,97.0
EDIN,edin16,Violation_201,18.0,P4,-17.48504,13.0,97.0
EDIN,edin16,Violation_201,18.0,C3,-20.12216,13.0,97.0
EDIN,edin16,Violation_201,18.0,C4,-7.130447,13.0,97.0
EDIN,edin16,Violation_201,18.0,P7,-41.46542,13.0,97.0
EDIN,edin16,Violation_201,18.0,P8,-25.7213,13.0,97.0
EDIN,edin16,Violation_201,18.0,O1,-15.23995,13.0,97.0
EDIN,edin16,Violation_201,18.0,O2,-23.22873,13.0,97.0
EDIN,edin16,Control_202,1.0,Pz,-15.83258,19.0,100.0
EDIN,edin16,Control_202,1.0,Cz,-0.6020563,19.0,100.0
EDIN,edin16,Control_202,1.0,CP1,-1.926547,19.0,100.0
EDIN,edin16,Control_202,1.0,CP2,-3.257348,19.0,100.0
EDIN,edin16,Control_202,1.0,P3,-15.68375,19.0,100.0
EDIN,edin16,Control_202,1.0,P4,-7.965713,19.0,100.0
EDIN,edin16,Control_202,1.0,C3,-2.932326,19.0,100.0
EDIN,edin16,Control_202,1.0,C4,-7.246172,19.0,100.0
EDIN,edin16,Control_202,1.0,P7,-14.45573,19.0,100.0
EDIN,edin16,Control_202,1.0,P8,-10.93485,19.0,100.0
EDIN,edin16,Control_202,1.0,O1,-22.31122,19.0,100.0
EDIN,edin16,Control_202,1.0,O2,-12.64083,19.0,100.0
EDIN,edin16,Control_202,9.0,Pz,29.29221,2.0,100.0
EDIN,edin16,Control_202,9.0,Cz,37.14572,2.0,100.0
EDIN,edin16,Control_202,9.0,CP1,12.43353,2.0,100.0
EDIN,edin16,Control_202,9.0,CP2,42.259,2.0,100.0
EDIN,edin16,Control_202,9.0,P3,39.58001,2.0,100.0
EDIN,edin16,Control_202,9.0,P4,28.52863,2.0,100.0
EDIN,edin16,Control_202,9.0,C3,29.68844,2.0,100.0
EDIN,edin16,Control_202,9.0,C4,40.22534,2.0,100.0
EDIN,edin16,Control_202,9.0,P7,8.325886,2.0,100.0
EDIN,edin16,Control_202,9.0,P8,16.32006,2.0,100.0
EDIN,edin16,Control_202,9.0,O1,31.83388,2.0,100.0
EDIN,edin16,Control_202,9.0,O2,25.50574,2.0,100.0
EDIN,edin16,Control_202,33.0,Pz,0.4047174,29.0,90.0
EDIN,edin16,Control_202,33.0,Cz,1.301063,29.0,90.0
EDIN,edin16,Control_202,33.0,CP1,-18.76063,29.0,90.0
EDIN,edin16,Control_202,33.0,CP2,-1.141076,29.0,90.0
EDIN,edin16,Control_202,33.0,P3,-7.988793,29.0,90.0
EDIN,edin16,Control_202,33.0,P4,-6.64989,29.0,90.0
EDIN,edin16,Control_202,33.0,C3,-8.750928,29.0,90.0
EDIN,edin16,Control_202,33.0,C4,-1.851099,29.0,90.0
EDIN,edin16,Control_202,33.0,P7,-8.110828,29.0,90.0
EDIN,edin16,Control_202,33.0,P8,-15.31074,29.0,90.0
EDIN,edin16,Control_202,33.0,O1,-5.002896,29.0,90.0
EDIN,edin16,Control_202,33.0,O2,-9.563919,29.0,90.0
EDIN,edin16,Control_202,25.0,Pz,-5.77524,26.0,87.0
EDIN,edin16,Control_202,25.0,Cz,-6.974043,26.0,87.0
EDIN,edin16,Control_202,25.0,CP1,1.173768,26.0,87.0
EDIN,edin16,Control_202,25.0,CP2,-2.157553,26.0,87.0
EDIN,edin16,Control_202,25.0,P3,-8.510761,26.0,87.0
EDIN,edin16,Control_202,25.0,P4,-1.212199,26.0,87.0
EDIN,edin16,Control_202,25.0,C3,10.56508,26.0,87.0
EDIN,edin16,Control_202,25.0,C4,0.2784253,26.0,87.0
EDIN,edin16,Control_202,25.0,P7,1.773249,26.0,87.0
EDIN,edin16,Control_202,25.0,P8,5.014883,26.0,87.0
EDIN,edin16,Control_202,25.0,O1,-6.735702,26.0,87.0
EDIN,edin16,Control_202,25.0,O2,2.559448,26.0,87.0
EDIN,edin16,Violation_201,22.0,Pz,-21.27297,33.0,53.0
EDIN,edin16,Violation_201,22.0,Cz,-22.21105,33.0,53.0
EDIN,edin16,Violation_201,22.0,CP1,-24.23497,33.0,53.0
EDIN,edin16,Violation_201,22.0,CP2,-15.86447,33.0,53.0
EDIN,edin16,Violation_201,22.0,P3,-23.39886,33.0,53.0
EDIN,edin16,Violation_201,22.0,P4,-16.07046,33.0,53.0
EDIN,edin16,Violation_201,22.0,C3,-12.40561,33.0,53.0
EDIN,edin16,Violation_201,22.0,C4,-19.22767,33.0,53.0
EDIN,edin16,Violation_201,22.0,P7,-1.816741,33.0,53.0
EDIN,edin16,Violation_201,22.0,P8,-12.29068,33.0,53.0
EDIN,edin16,Violation_201,22.0,O1,-6.856886,33.0,53.0
EDIN,edin16,Violation_201,22.0,O2,-24.78892,33.0,53.0
EDIN,edin16,Violation_201,26.0,Pz,-3.091025,36.0,77.0
EDIN,edin16,Violation_201,26.0,Cz,-0.7444053,36.0,77.0
EDIN,edin16,Violation_201,26.0,CP1,-15.98498,36.0,77.0
EDIN,edin16,Violation_201,26.0,CP2,-7.785464,36.0,77.0
EDIN,edin16,Violation_201,26.0,P3,-8.403969,36.0,77.0
EDIN,edin16,Violation_201,26.0,P4,-20.22176,36.0,77.0
EDIN,edin16,Violation_201,26.0,C3,-4.001712,36.0,77.0
EDIN,edin16,Violation_201,26.0,C4,-7.812167,36.0,77.0
EDIN,edin16,Violation_201,26.0,P7,-15.83645,36.0,77.0
EDIN,edin16,Violation_201,26.0,P8,-23.00666,36.0,77.0
EDIN,edin16,Violation_201,26.0,O1,-19.98246,36.0,77.0
EDIN,edin16,Violation_201,26.0,O2,-14.61779,36.0,77.0
EDIN,edin16,Violation_201,30.0,Pz,-38.71883,23.0,93.0
EDIN,edin16,Violation_201,30.0,Cz,-22.2395,23.0,93.0
EDIN,edin16,Violation_201,30.0,CP1,-27.43534,23.0,93.0
EDIN,edin16,Violation_201,30.0,CP2,-22.23087,23.0,93.0
EDIN,edin16,Violation_201,30.0,P3,-25.4363,23.0,93.0
EDIN,edin16,Violation_201,30.0,P4,-25.00364,23.0,93.0
EDIN,edin16,Violation_201,30.0,C3,-23.20427,23.0,93.0
EDIN,edin16,Violation_201,30.0,C4,-19.87182,23.0,93.0
EDIN,edin16,Violation_201,30.0,P7,-2.913182,23.0,93.0
EDIN,edin16,Violation_201,30.0,P8,-15.66931,23.0,93.0
EDIN,edin16,Violation_201,30.0,O1,-3.817456,23.0,93.0
EDIN,edin16,Violation_201,30.0,O2,-15.85309,23.0,93.0
EDIN,edin16,Violation_201,38.0,Pz,-28.69058,34.0,97.0
EDIN,edin16,Violation_201,38.0,Cz,-29.8838,34.0,97.0
EDIN,edin16,Violation_201,38.0,CP1,-22.49646,34.0,97.0
EDIN,edin16,Violation_201,38.0,CP2,-27.8146,34.0,97.0
EDIN,edin16,Violation_201,38.0,P3,-29.61437,34.0,97.0
EDIN,edin16,Violation_201,38.0,P4,-24.53538,34.0,97.0
EDIN,edin16,Violation_201,38.0,C3,-46.65928,34.0,97.0
EDIN,edin16,Violation_201,38.0,C4,-23.82969,34.0,97.0
EDIN,edin16,Violation_201,38.0,P7,-29.11218,34.0,97.0
EDIN,edin16,Violation_201,38.0,P8,-23.76753,34.0,97.0
EDIN,edin16,Violation_201,38.0,O1,-42.41738,34.0,97.0
EDIN,edin16,Violation_201,38.0,O2,-23.15224,34.0,97.0
EDIN,edin16,Control_202,21.0,Pz,-22.21511,32.0,80.0
EDIN,edin16,Control_202,21.0,Cz,-8.40391,32.0,80.0
EDIN,edin16,Control_202,21.0,CP1,-11.92961,32.0,80.0
EDIN,edin16,Control_202,21.0,CP2,-13.18777,32.0,80.0
EDIN,edin16,Control_202,21.0,P3,-21.65939,32.0,80.0
EDIN,edin16,Control_202,21.0,P4,-20.68753,32.0,80.0
EDIN,edin16,Control_202,21.0,C3,-6.916701,32.0,80.0
EDIN,edin16,Control_202,21.0,C4,-18.42309,32.0,80.0
EDIN,edin16,Control_202,21.0,P7,-14.51967,32.0,80.0
EDIN,edin16,Control_202,21.0,P8,-13.46249,32.0,80.0
EDIN,edin16,Control_202,21.0,O1,-10.43331,32.0,80.0
EDIN,edin16,Control_202,21.0,O2,-15.67281,32.0,80.0
EDIN,edin16,Violation_201,29.0,Pz,-6.287237,38.0,93.0
EDIN,edin16,Violation_201,29.0,Cz,-1.477514,38.0,93.0
EDIN,edin16,Violation_201,29.0,CP1,-16.25112,38.0,93.0
EDIN,edin16,Violation_201,29.0,CP2,-12.57268,38.0,93.0
EDIN,edin16,Violation_201,29.0,P3,-0.2529168,38.0,93.0
EDIN,edin16,Violation_201,29.0,P4,-7.923004,38.0,93.0
EDIN,edin16,Violation_201,29.0,C3,-6.04345,38.0,93.0
EDIN,edin16,Violation_201,29.0,C4,-4.31337,38.0,93.0
EDIN,edin16,Violation_201,29.0,P7,1.947073,38.0,93.0
EDIN,edin16,Violation_201,29.0,P8,5.657277,38.0,93.0
EDIN,edin16,Violation_201,29.0,O1,20.58502,38.0,93.0
EDIN,edin16,Violation_201,29.0,O2,4.505225,38.0,93.0
EDIN,edin16,Control_202,37.0,Pz,-0.326747,24.0,93.0
EDIN,edin16,Control_202,37.0,Cz,2.364637,24.0,93.0
EDIN,edin16,Control_202,37.0,CP1,-8.749698,24.0,93.0
EDIN,edin16,Control_202,37.0,CP2,6.692816,24.0,93.0
EDIN,edin16,Control_202,37.0,P3,8.801802,24.0,93.0
EDIN,edin16,Control_202,37.0,P4,13.54018,24.0,93.0
EDIN,edin16,Control_202,37.0,C3,11.4381,24.0,93.0
EDIN,edin16,Control_202,37.0,C4,8.305327,24.0,93.0
EDIN,edin16,Control_202,37.0,P7,14.5573,24.0,93.0
EDIN,edin16,Control_202,37.0,P8,9.597075,24.0,93.0
EDIN,edin16,Control_202,37.0,O1,15.88233,24.0,93.0
EDIN,edin16,Control_202,37.0,O2,16.45997,24.0,93.0
EDIN,edin16,Violation_201,34.0,Pz,-44.26449,37.0,80.0
EDIN,edin16,Violation_201,34.0,Cz,-27.21432,37.0,80.0
EDIN,edin16,Violation_201,34.0,CP1,-44.15371,37.0,80.0
EDIN,edin16,Violation_201,34.0,CP2,-28.79543,37.0,80.0
EDIN,edin16,Violation_201,34.0,P3,-39.90515,37.0,80.0
EDIN,edin16,Violation_201,34.0,P4,-31.15386,37.0,80.0
EDIN,edin16,Violation_201,34.0,C3,-41.69756,37.0,80.0
EDIN,edin16,Violation_201,34.0,C4,-32.9141,37.0,80.0
EDIN,edin16,Violation_201,34.0,P7,-45.6035,37.0,80.0
EDIN,edin16,Violation_201,34.0,P8,-42.88202,37.0,80.0
EDIN,edin16,Violation_201,34.0,O1,-34.26403,37.0,80.0
EDIN,edin16,Violation_201,34.0,O2,-30.61222,37.0,80.0
EDIN,edin16,Control_202,53.0,Pz,-7.591573,46.0,63.0
EDIN,edin16,Control_202,53.0,Cz,8.626413,46.0,63.0
EDIN,edin16,Control_202,53.0,CP1,8.02479,46.0,63.0
EDIN,edin16,Control_202,53.0,CP2,5.761636,46.0,63.0
EDIN,edin16,Control_202,53.0,P3,0.5377876,46.0,63.0
EDIN,edin16,Control_202,53.0,P4,2.782085,46.0,63.0
EDIN,edin16,Control_202,53.0,C3,5.752028,46.0,63.0
EDIN,edin16,Control_202,53.0,C4,5.855437,46.0,63.0
EDIN,edin16,Control_202,53.0,P7,11.12992,46.0,63.0
EDIN,edin16,Control_202,53.0,P8,-3.933733,46.0,63.0
EDIN,edin16,Control_202,53.0,O1,-7.359071,46.0,63.0
EDIN,edin16,Control_202,53.0,O2,-6.995701,46.0,63.0
EDIN,edin16,Control_202,49.0,Pz,7.459896,47.0,100.0
EDIN,edin16,Control_202,49.0,Cz,19.48759,47.0,100.0
EDIN,edin16,Control_202,49.0,CP1,19.59993,47.0,100.0
EDIN,edin16,Control_202,49.0,CP2,18.06954,47.0,100.0
EDIN,edin16,Control_202,49.0,P3,25.72186,47.0,100.0
EDIN,edin16,Control_202,49.0,P4,12.31454,47.0,100.0
EDIN,edin16,Control_202,49.0,C3,64.80179,47.0,100.0
EDIN,edin16,Control_202,49.0,C4,14.18572,47.0,100.0
EDIN,edin16,Control_202,49.0,P7,15.55933,47.0,100.0
EDIN,edin16,Control_202,49.0,P8,10.37197,47.0,100.0
EDIN,edin16,Control_202,49.0,O1,6.496866,47.0,100.0
EDIN,edin16,Control_202,49.0,O2,11.04873,47.0,100.0
EDIN,edin16,Violation_201,50.0,Pz,-14.90648,58.0,73.0
EDIN,edin16,Violation_201,50.0,Cz,-17.74329,58.0,73.0
EDIN,edin16,Violation_201,50.0,CP1,-30.96966,58.0,73.0
EDIN,edin16,Violation_201,50.0,CP2,-13.57932,58.0,73.0
EDIN,edin16,Violation_201,50.0,P3,-14.59045,58.0,73.0
EDIN,edin16,Violation_201,50.0,P4,-11.42552,58.0,73.0
EDIN,edin16,Violation_201,50.0,C3,-26.1992,58.0,73.0
EDIN,edin16,Violation_201,50.0,C4,-11.42849,58.0,73.0
EDIN,edin16,Violation_201,50.0,P7,-17.64373,58.0,73.0
EDIN,edin16,Violation_201,50.0,P8,-14.0311,58.0,73.0
EDIN,edin16,Violation_201,50.0,O1,-12.05855,58.0,73.0
EDIN,edin16,Violation_201,50.0,O2,-11.4218,58.0,73.0
EDIN,edin16,Control_202,57.0,Pz,25.40005,60.0,90.0
EDIN,edin16,Control_202,57.0,Cz,25.25949,60.0,90.0
EDIN,edin16,Control_202,57.0,CP1,13.57306,60.0,90.0
EDIN,edin16,Control_202,57.0,CP2,28.9292,60.0,90.0
EDIN,edin16,Control_202,57.0,P3,10.56586,60.0,90.0
EDIN,edin16,Control_202,57.0,P4,14.23613,60.0,90.0
EDIN,edin16,Control_202,57.0,C3,19.21864,60.0,90.0
EDIN,edin16,Control_202,57.0,C4,24.64815,60.0,90.0
EDIN,edin16,Control_202,57.0,P7,5.392381,60.0,90.0
EDIN,edin16,Control_202,57.0,P8,0.2933398,60.0,90.0
EDIN,edin16,Control_202,57.0,O1,-2.773427,60.0,90.0
EDIN,edin16,Control_202,57.0,O2,2.467716,60.0,90.0
EDIN,edin16,Violation_201,58.0,Pz,2.306233,42.0,37.0
EDIN,edin16,Violation_201,58.0,Cz,2.585114,42.0,37.0
EDIN,edin16,Violation_201,58.0,CP1,12.19145,42.0,37.0
EDIN,edin16,Violation_201,58.0,CP2,13.05947,42.0,37.0
EDIN,edin16,Violation_201,58.0,P3,4.37432,42.0,37.0
EDIN,edin16,Violation_201,58.0,P4,9.771942,42.0,37.0
EDIN,edin16,Violation_201,58.0,C3,25.91786,42.0,37.0
EDIN,edin16,Violation_201,58.0,C4,17.46109,42.0,37.0
EDIN,edin16,Violation_201,58.0,P7,-10.28177,42.0,37.0
EDIN,edin16,Violation_201,58.0,P8,9.925502,42.0,37.0
EDIN,edin16,Violation_201,58.0,O1,7.132345,42.0,37.0
EDIN,edin16,Violation_201,58.0,O2,5.787646,42.0,37.0
EDIN,edin16,Violation_201,54.0,Pz,-3.665753,43.0,93.0
EDIN,edin16,Violation_201,54.0,Cz,2.395356,43.0,93.0
EDIN,edin16,Violation_201,54.0,CP1,4.722491,43.0,93.0
EDIN,edin16,Violation_201,54.0,CP2,5.235025,43.0,93.0
EDIN,edin16,Violation_201,54.0,P3,1.698955,43.0,93.0
EDIN,edin16,Violation_201,54.0,P4,2.107249,43.0,93.0
EDIN,edin16,Violation_201,54.0,C3,2.549398,43.0,93.0
EDIN,edin16,Violation_201,54.0,C4,4.583753,43.0,93.0
EDIN,edin16,Violation_201,54.0,P7,-4.147452,43.0,93.0
EDIN,edin16,Violation_201,54.0,P8,-5.690286,43.0,93.0
EDIN,edin16,Violation_201,54.0,O1,-6.685987,43.0,93.0
EDIN,edin16,Violation_201,54.0,O2,-15.48135,43.0,93.0
EDIN,edin16,Violation_201,46.0,Pz,22.83873,56.0,93.0
EDIN,edin16,Violation_201,46.0,Cz,19.16887,56.0,93.0
EDIN,edin16,Violation_201,46.0,CP1,13.73534,56.0,93.0
EDIN,edin16,Violation_201,46.0,CP2,21.32954,56.0,93.0
EDIN,edin16,Violation_201,46.0,P3,21.35236,56.0,93.0
EDIN,edin16,Violation_201,46.0,P4,18.27044,56.0,93.0
EDIN,edin16,Violation_201,46.0,C3,-6.769432,56.0,93.0
EDIN,edin16,Violation_201,46.0,C4,19.99933,56.0,93.0
EDIN,edin16,Violation_201,46.0,P7,21.57473,56.0,93.0
EDIN,edin16,Violation_201,46.0,P8,11.27867,56.0,93.0
EDIN,edin16,Violation_201,46.0,O1,25.40322,56.0,93.0
EDIN,edin16,Violation_201,46.0,O2,23.78107,56.0,93.0
EDIN,edin16,Control_202,41.0,Pz,-10.30359,59.0,73.0
EDIN,edin16,Control_202,41.0,Cz,1.369178,59.0,73.0
EDIN,edin16,Control_202,41.0,CP1,-36.48338,59.0,73.0
EDIN,edin16,Control_202,41.0,CP2,-2.471256,59.0,73.0
EDIN,edin16,Control_202,41.0,P3,-8.591928,59.0,73.0
EDIN,edin16,Control_202,41.0,P4,-9.802443,59.0,73.0
EDIN,edin16,Control_202,41.0,C3,-2.317148,59.0,73.0
EDIN,edin16,Control_202,41.0,C4,-4.536332,59.0,73.0
EDIN,edin16,Control_202,41.0,P7,-4.734045,59.0,73.0
EDIN,edin16,Control_202,41.0,P8,-10.45574,59.0,73.0
EDIN,edin16,Control_202,41.0,O1,-9.798205,59.0,73.0
EDIN,edin16,Control_202,41.0,O2,-4.42071,59.0,73.0
EDIN,edin16,Violation_201,42.0,Pz,-31.43181,53.0,93.0
EDIN,edin16,Violation_201,42.0,Cz,-5.683249,53.0,93.0
EDIN,edin16,Violation_201,42.0,CP1,-16.34793,53.0,93.0
EDIN,edin16,Violation_201,42.0,CP2,-11.8075,53.0,93.0
EDIN,edin16,Violation_201,42.0,P3,-9.424377,53.0,93.0
EDIN,edin16,Violation_201,42.0,P4,-12.34177,53.0,93.0
EDIN,edin16,Violation_201,42.0,C3,-4.865316,53.0,93.0
EDIN,edin16,Violation_201,42.0,C4,-7.657431,53.0,93.0
EDIN,edin16,Violation_201,42.0,P7,-7.745392,53.0,93.0
EDIN,edin16,Violation_201,42.0,P8,-17.06068,53.0,93.0
EDIN,edin16,Violation_201,42.0,O1,-2.19316,53.0,93.0
EDIN,edin16,Violation_201,42.0,O2,-24.31006,53.0,93.0
EDIN,edin16,Control_202,45.0,Pz,2.636857,52.0,87.0
EDIN,edin16,Control_202,45.0,Cz,5.715551,52.0,87.0
EDIN,edin16,Control_202,45.0,CP1,1.807559,52.0,87.0
EDIN,edin16,Control_202,45.0,CP2,8.735466,52.0,87.0
EDIN,edin16,Control_202,45.0,P3,-1.398355,52.0,87.0
EDIN,edin16,Control_202,45.0,P4,12.50325,52.0,87.0
EDIN,edin16,Control_202,45.0,C3,12.53451,52.0,87.0
EDIN,edin16,Control_202,45.0,C4,13.55929,52.0,87.0
EDIN,edin16,Control_202,45.0,P7,7.865401,52.0,87.0
EDIN,edin16,Control_202,45.0,P8,16.41111,52.0,87.0
EDIN,edin16,Control_202,45.0,O1,9.950223,52.0,87.0
EDIN,edin16,Control_202,45.0,O2,10.45629,52.0,87.0
EDIN,edin16,Violation_201,74.0,Pz,-1.026407,61.0,34.0
EDIN,edin16,Violation_201,74.0,Cz,-1.034037,61.0,34.0
EDIN,edin16,Violation_201,74.0,CP1,5.407319,61.0,34.0
EDIN,edin16,Violation_201,74.0,CP2,-2.364439,61.0,34.0
EDIN,edin16,Violation_201,74.0,P3,6.245602,61.0,34.0
EDIN,edin16,Violation_201,74.0,P4,6.964147,61.0,34.0
EDIN,edin16,Violation_201,74.0,C3,-2.320174,61.0,34.0
EDIN,edin16,Violation_201,74.0,C4,-7.550912,61.0,34.0
EDIN,edin16,Violation_201,74.0,P7,-2.890546,61.0,34.0
EDIN,edin16,Violation_201,74.0,P8,11.11024,61.0,34.0
EDIN,edin16,Violation_201,74.0,O1,9.526636,61.0,34.0
EDIN,edin16,Violation_201,74.0,O2,16.21763,61.0,34.0
EDIN,edin16,Control_202,65.0,Pz,-5.230433,75.0,60.0
EDIN,edin16,Control_202,65.0,Cz,6.368949,75.0,60.0
EDIN,edin16,Control_202,65.0,CP1,-9.707279,75.0,60.0
EDIN,edin16,Control_202,65.0,CP2,1.908205,75.0,60.0
EDIN,edin16,Control_202,65.0,P3,-5.940351,75.0,60.0
EDIN,edin16,Control_202,65.0,P4,3.643373,75.0,60.0
EDIN,edin16,Control_202,65.0,C3,1.511963,75.0,60.0
EDIN,edin16,Control_202,65.0,C4,4.166747,75.0,60.0
EDIN,edin16,Control_202,65.0,P7,-1.864988,75.0,60.0
EDIN,edin16,Control_202,65.0,P8,0.9882209,75.0,60.0
EDIN,edin16,Control_202,65.0,O1,8.351437,75.0,60.0
EDIN,edin16,Control_202,65.0,O2,11.10558,75.0,60.0
EDIN,edin16,Control_202,77.0,Pz,3.322228,70.0,57.0
EDIN,edin16,Control_202,77.0,Cz,23.39922,70.0,57.0
EDIN,edin16,Control_202,77.0,CP1,44.002,70.0,57.0
EDIN,edin16,Control_202,77.0,CP2,20.52794,70.0,57.0
EDIN,edin16,Control_202,77.0,P3,20.14048,70.0,57.0
EDIN,edin16,Control_202,77.0,P4,18.19509,70.0,57.0
EDIN,edin16,Control_202,77.0,C3,21.96186,70.0,57.0
EDIN,edin16,Control_202,77.0,C4,10.81169,70.0,57.0
EDIN,edin16,Control_202,77.0,P7,13.3951,70.0,57.0
EDIN,edin16,Control_202,77.0,P8,5.67794,70.0,57.0
EDIN,edin16,Control_202,77.0,O1,18.24445,70.0,57.0
EDIN,edin16,Control_202,77.0,O2,27.40734,70.0,57.0
EDIN,edin16,Violation_201,66.0,Pz,-0.1934355,77.0,100.0
EDIN,edin16,Violation_201,66.0,Cz,-6.755413,77.0,100.0
EDIN,edin16,Violation_201,66.0,CP1,-16.92243,77.0,100.0
EDIN,edin16,Violation_201,66.0,CP2,-7.891127,77.0,100.0
EDIN,edin16,Violation_201,66.0,P3,1.5277,77.0,100.0
EDIN,edin16,Violation_201,66.0,P4,-2.473674,77.0,100.0
EDIN,edin16,Violation_201,66.0,C3,4.883659,77.0,100.0
EDIN,edin16,Violation_201,66.0,C4,-13.90472,77.0,100.0
EDIN,edin16,Violation_201,66.0,P7,27.83945,77.0,100.0
EDIN,edin16,Violation_201,66.0,P8,2.931832,77.0,100.0
EDIN,edin16,Violation_201,66.0,O1,2.830359,77.0,100.0
EDIN,edin16,Violation_201,66.0,O2,15.94423,77.0,100.0
EDIN,edin16,Control_202,73.0,Pz,-11.71357,80.0,97.0
EDIN,edin16,Control_202,73.0,Cz,-5.199615,80.0,97.0
EDIN,edin16,Control_202,73.0,CP1,-11.70577,80.0,97.0
EDIN,edin16,Control_202,73.0,CP2,-4.712962,80.0,97.0
EDIN,edin16,Control_202,73.0,P3,-11.50388,80.0,97.0
EDIN,edin16,Control_202,73.0,P4,-3.337505,80.0,97.0
EDIN,edin16,Control_202,73.0,C3,-30.25932,80.0,97.0
EDIN,edin16,Control_202,73.0,C4,0.3649679,80.0,97.0
EDIN,edin16,Control_202,73.0,P7,-14.57468,80.0,97.0
EDIN,edin16,Control_202,73.0,P8,-7.806437,80.0,97.0
EDIN,edin16,Control_202,73.0,O1,-16.47288,80.0,97.0
EDIN,edin16,Control_202,73.0,O2,-9.587719,80.0,97.0
EDIN,edin16,Control_202,61.0,Pz,5.850842,79.0,97.0
EDIN,edin16,Control_202,61.0,Cz,-1.559074,79.0,97.0
EDIN,edin16,Control_202,61.0,CP1,11.00307,79.0,97.0
EDIN,edin16,Control_202,61.0,CP2,7.773992,79.0,97.0
EDIN,edin16,Control_202,61.0,P3,-6.000316,79.0,97.0
EDIN,edin16,Control_202,61.0,P4,3.811553,79.0,97.0
EDIN,edin16,Control_202,61.0,C3,-14.18871,79.0,97.0
EDIN,edin16,Control_202,61.0,C4,9.186434,79.0,97.0
EDIN,edin16,Control_202,61.0,P7,-1.966251,79.0,97.0
EDIN,edin16,Control_202,61.0,P8,-1.146377,79.0,97.0
EDIN,edin16,Control_202,61.0,O1,-0.5167841,79.0,97.0
EDIN,edin16,Control_202,61.0,O2,0.31916,79.0,97.0
EDIN,edin16,Control_202,69.0,Pz,2.027881,63.0,83.0
EDIN,edin16,Control_202,69.0,Cz,-4.808884,63.0,83.0
EDIN,edin16,Control_202,69.0,CP1,-10.18778,63.0,83.0
EDIN,edin16,Control_202,69.0,CP2,-0.7465806,63.0,83.0
EDIN,edin16,Control_202,69.0,P3,-2.309057,63.0,83.0
EDIN,edin16,Control_202,69.0,P4,-3.041285,63.0,83.0
EDIN,edin16,Control_202,69.0,C3,-18.10397,63.0,83.0
EDIN,edin16,Control_202,69.0,C4,-6.046815,63.0,83.0
EDIN,edin16,Control_202,69.0,P7,-4.726184,63.0,83.0
EDIN,edin16,Control_202,69.0,P8,-2.451199,63.0,83.0
EDIN,edin16,Control_202,69.0,O1,-8.296655,63.0,83.0
EDIN,edin16,Control_202,69.0,O2,10.97364,63.0,83.0
EDIN,edin16,Violation_201,70.0,Pz,8.34533,66.0,23.0
EDIN,edin16,Violation_201,70.0,Cz,10.03156,66.0,23.0
EDIN,edin16,Violation_201,70.0,CP1,-0.1762482,66.0,23.0
EDIN,edin16,Violation_201,70.0,CP2,4.524518,66.0,23.0
EDIN,edin16,Violation_201,70.0,P3,5.830346,66.0,23.0
EDIN,edin16,Violation_201,70.0,P4,2.772361,66.0,23.0
EDIN,edin16,Violation_201,70.0,C3,-1.294656,66.0,23.0
EDIN,edin16,Violation_201,70.0,C4,5.043545,66.0,23.0
EDIN,edin16,Violation_201,70.0,P7,15.50154,66.0,23.0
EDIN,edin16,Violation_201,70.0,P8,-0.2846195,66.0,23.0
EDIN,edin16,Violation_201,70.0,O1,2.225988,66.0,23.0
EDIN,edin16,Violation_201,70.0,O2,-1.617508,66.0,23.0
EDIN,edin16,Violation_201,78.0,Pz,-45.58598,72.0,90.0
EDIN,edin16,Violation_201,78.0,Cz,-31.5675,72.0,90.0
EDIN,edin16,Violation_201,78.0,CP1,-18.85616,72.0,90.0
EDIN,edin16,Violation_201,78.0,CP2,-30.1374,72.0,90.0
EDIN,edin16,Violation_201,78.0,P3,-22.33862,72.0,90.0
EDIN,edin16,Violation_201,78.0,P4,-32.02765,72.0,90.0
EDIN,edin16,Violation_201,78.0,C3,-14.24908,72.0,90.0
EDIN,edin16,Violation_201,78.0,C4,-28.13538,72.0,90.0
EDIN,edin16,Violation_201,78.0,P7,-18.67418,72.0,90.0
EDIN,edin16,Violation_201,78.0,P8,-32.84676,72.0,90.0
EDIN,edin16,Violation_201,78.0,O1,-17.14525,72.0,90.0
EDIN,edin16,Violation_201,78.0,O2,-19.13462,72.0,90.0
EDIN,edin16,Violation_201,62.0,Pz,-13.74635,74.0,93.0
EDIN,edin16,Violation_201,62.0,Cz,5.400499,74.0,93.0
EDIN,edin16,Violation_201,62.0,CP1,8.746913,74.0,93.0
EDIN,edin16,Violation_201,62.0,CP2,4.908998,74.0,93.0
EDIN,edin16,Violation_201,62.0,P3,-2.634321,74.0,93.0
EDIN,edin16,Violation_201,62.0,P4,-6.416922,74.0,93.0
EDIN,edin16,Violation_201,62.0,C3,-12.03828,74.0,93.0
EDIN,edin16,Violation_201,62.0,C4,8.960155,74.0,93.0
EDIN,edin16,Violation_201,62.0,P7,-13.06196,74.0,93.0
EDIN,edin16,Violation_201,62.0,P8,-12.87036,74.0,93.0
EDIN,edin16,Violation_201,62.0,O1,-8.159399,74.0,93.0
EDIN,edin16,Violation_201,62.0,O2,-15.40852,74.0,93.0
EDIN,edin17,Violation_201,12.0,Pz,-39.00747,14.0,90.0
EDIN,edin17,Violation_201,12.0,Cz,-15.63987,14.0,90.0
EDIN,edin17,Violation_201,12.0,CP1,-13.21479,14.0,90.0
EDIN,edin17,Violation_201,12.0,CP2,-14.58964,14.0,90.0
EDIN,edin17,Violation_201,12.0,P3,-12.0399,14.0,90.0
EDIN,edin17,Violation_201,12.0,P4,-10.48749,14.0,90.0
EDIN,edin17,Violation_201,12.0,C3,-11.51862,14.0,90.0
EDIN,edin17,Violation_201,12.0,C4,-17.15818,14.0,90.0
EDIN,edin17,Violation_201,12.0,P7,-35.0731,14.0,90.0
EDIN,edin17,Violation_201,12.0,P8,-17.69711,14.0,90.0
EDIN,edin17,Violation_201,12.0,O1,-21.96687,14.0,90.0
EDIN,edin17,Violation_201,12.0,O2,-17.78099,14.0,90.0
EDIN,edin17,Violation_201,16.0,Pz,-26.9102,1.0,97.0
EDIN,edin17,Violation_201,16.0,Cz,-26.16744,1.0,97.0
EDIN,edin17,Violation_201,16.0,CP1,-17.30844,1.0,97.0
EDIN,edin17,Violation_201,16.0,CP2,-22.76344,1.0,97.0
EDIN,edin17,Violation_201,16.0,P3,-17.33926,1.0,97.0
EDIN,edin17,Violation_201,16.0,P4,-14.32939,1.0,97.0
EDIN,edin17,Violation_201,16.0,C3,-19.36073,1.0,97.0
EDIN,edin17,Violation_201,16.0,C4,-14.73969,1.0,97.0
EDIN,edin17,Violation_201,16.0,P7,-7.43862,1.0,97.0
EDIN,edin17,Violation_201,16.0,P8,-33.04484,1.0,97.0
EDIN,edin17,Violation_201,16.0,O1,-21.47524,1.0,97.0
EDIN,edin17,Violation_201,16.0,O2,-14.23953,1.0,97.0
EDIN,edin17,Control_202,19.0,Pz,18.65014,11.0,87.0
EDIN,edin17,Control_202,19.0,Cz,26.40067,11.0,87.0
EDIN,edin17,Control_202,19.0,CP1,13.09528,11.0,87.0
EDIN,edin17,Control_202,19.0,CP2,16.99923,11.0,87.0
EDIN,edin17,Control_202,19.0,P3,11.95473,11.0,87.0
EDIN,edin17,Control_202,19.0,P4,11.60462,11.0,87.0
EDIN,edin17,Control_202,19.0,C3,15.39989,11.0,87.0
EDIN,edin17,Control_202,19.0,C4,14.30776,11.0,87.0
EDIN,edin17,Control_202,19.0,P7,-8.534434,11.0,87.0
EDIN,edin17,Control_202,19.0,P8,16.28965,11.0,87.0
EDIN,edin17,Control_202,19.0,O1,-18.72795,11.0,87.0
EDIN,edin17,Control_202,19.0,O2,11.65842,11.0,87.0
EDIN,edin17,Control_202,3.0,Pz,10.32856,16.0,93.0
EDIN,edin17,Control_202,3.0,Cz,-16.58949,16.0,93.0
EDIN,edin17,Control_202,3.0,CP1,-11.44194,16.0,93.0
EDIN,edin17,Control_202,3.0,CP2,-15.62343,16.0,93.0
EDIN,edin17,Control_202,3.0,P3,-0.8108559,16.0,93.0
EDIN,edin17,Control_202,3.0,P4,-11.79233,16.0,93.0
EDIN,edin17,Control_202,3.0,C3,-5.093458,16.0,93.0
EDIN,edin17,Control_202,3.0,C4,-5.931957,16.0,93.0
EDIN,edin17,Control_202,3.0,P7,6.505196,16.0,93.0
EDIN,edin17,Control_202,3.0,P8,-2.176205,16.0,93.0
EDIN,edin17,Control_202,3.0,O1,-5.727431,16.0,93.0
EDIN,edin17,Control_202,3.0,O2,-11.41472,16.0,93.0
EDIN,edin17,Control_202,7.0,Pz,-34.7442,6.0,100.0
EDIN,edin17,Control_202,7.0,Cz,-3.018719,6.0,100.0
EDIN,edin17,Control_202,7.0,CP1,-0.654441,6.0,100.0
EDIN,edin17,Control_202,7.0,CP2,1.226458,6.0,100.0
EDIN,edin17,Control_202,7.0,P3,0.9852184,6.0,100.0
EDIN,edin17,Control_202,7.0,P4,0.5592632,6.0,100.0
EDIN,edin17,Control_202,7.0,C3,-30.42714,6.0,100.0
EDIN,edin17,Control_202,7.0,C4,9.689654,6.0,100.0
EDIN,edin17,Control_202,7.0,P7,9.297554,6.0,100.0
EDIN,edin17,Control_202,7.0,P8,7.555766,6.0,100.0
EDIN,edin17,Control_202,7.0,O1,4.212262,6.0,100.0
EDIN,edin17,Control_202,7.0,O2,4.66189,6.0,100.0
EDIN,edin17,Violation_201,4.0,Pz,-8.114307,19.0,100.0
EDIN,edin17,Violation_201,4.0,Cz,-10.74311,19.0,100.0
EDIN,edin17,Violation_201,4.0,CP1,-6.181849,19.0,100.0
EDIN,edin17,Violation_201,4.0,CP2,-0.768514,19.0,100.0
EDIN,edin17,Violation_201,4.0,P3,-4.948088,19.0,100.0
EDIN,edin17,Violation_201,4.0,P4,-2.166474,19.0,100.0
EDIN,edin17,Violation_201,4.0,C3,-21.00623,19.0,100.0
EDIN,edin17,Violation_201,4.0,C4,-16.40056,19.0,100.0
EDIN,edin17,Violation_201,4.0,P7,21.36626,19.0,100.0
EDIN,edin17,Violation_201,4.0,P8,10.09408,19.0,100.0
EDIN,edin17,Violation_201,4.0,O1,22.69354,19.0,100.0
EDIN,edin17,Violation_201,4.0,O2,-10.93755,19.0,100.0
EDIN,edin17,Control_202,15.0,Pz,-4.977241,8.0,97.0
EDIN,edin17,Control_202,15.0,Cz,5.144964,8.0,97.0
EDIN,edin17,Control_202,15.0,CP1,2.648612,8.0,97.0
EDIN,edin17,Control_202,15.0,CP2,-1.839025,8.0,97.0
EDIN,edin17,Control_202,15.0,P3,3.258997,8.0,97.0
EDIN,edin17,Control_202,15.0,P4,-2.087275,8.0,97.0
EDIN,edin17,Control_202,15.0,C3,-2.030204,8.0,97.0
EDIN,edin17,Control_202,15.0,C4,2.008559,8.0,97.0
EDIN,edin17,Control_202,15.0,P7,2.472538,8.0,97.0
EDIN,edin17,Control_202,15.0,P8,-10.90162,8.0,97.0
EDIN,edin17,Control_202,15.0,O1,-0.8791637,8.0,97.0
EDIN,edin17,Control_202,15.0,O2,1.063756,8.0,97.0
EDIN,edin17,Violation_201,8.0,Pz,15.53432,7.0,80.0
EDIN,edin17,Violation_201,8.0,Cz,8.319448,7.0,80.0
EDIN,edin17,Violation_201,8.0,CP1,6.186146,7.0,80.0
EDIN,edin17,Violation_201,8.0,CP2,5.178558,7.0,80.0
EDIN,edin17,Violation_201,8.0,P3,13.53373,7.0,80.0
EDIN,edin17,Violation_201,8.0,P4,2.547237,7.0,80.0
EDIN,edin17,Violation_201,8.0,C3,3.4794,7.0,80.0
EDIN,edin17,Violation_201,8.0,C4,8.007978,7.0,80.0
EDIN,edin17,Violation_201,8.0,P7,-1.588367,7.0,80.0
EDIN,edin17,Violation_201,8.0,P8,5.929431,7.0,80.0
EDIN,edin17,Violation_201,8.0,O1,11.18898,7.0,80.0
EDIN,edin17,Violation_201,8.0,O2,8.068361,7.0,80.0
EDIN,edin17,Control_202,11.0,Pz,-6.95549,4.0,93.0
EDIN,edin17,Control_202,11.0,Cz,-3.64643,4.0,93.0
EDIN,edin17,Control_202,11.0,CP1,0.1651967,4.0,93.0
EDIN,edin17,Control_202,11.0,CP2,-2.966632,4.0,93.0
EDIN,edin17,Control_202,11.0,P3,0.06262967,4.0,93.0
EDIN,edin17,Control_202,11.0,P4,-4.838112,4.0,93.0
EDIN,edin17,Control_202,11.0,C3,5.221643,4.0,93.0
EDIN,edin17,Control_202,11.0,C4,2.345584,4.0,93.0
EDIN,edin17,Control_202,11.0,P7,-9.89743,4.0,93.0
EDIN,edin17,Control_202,11.0,P8,-7.468325,4.0,93.0
EDIN,edin17,Control_202,11.0,O1,-12.90987,4.0,93.0
EDIN,edin17,Control_202,11.0,O2,-12.39396,4.0,93.0
EDIN,edin17,Violation_201,20.0,Pz,31.58426,20.0,90.0
EDIN,edin17,Violation_201,20.0,Cz,-1.434126,20.0,90.0
EDIN,edin17,Violation_201,20.0,CP1,11.46547,20.0,90.0
EDIN,edin17,Violation_201,20.0,CP2,1.697511,20.0,90.0
EDIN,edin17,Violation_201,20.0,P3,0.9132417,20.0,90.0
EDIN,edin17,Violation_201,20.0,P4,9.378702,20.0,90.0
EDIN,edin17,Violation_201,20.0,C3,5.36229,20.0,90.0
EDIN,edin17,Violation_201,20.0,C4,14.97552,20.0,90.0
EDIN,edin17,Violation_201,20.0,P7,-10.88469,20.0,90.0
EDIN,edin17,Violation_201,20.0,P8,9.331026,20.0,90.0
EDIN,edin17,Violation_201,20.0,O1,-7.637896,20.0,90.0
EDIN,edin17,Violation_201,20.0,O2,1.918969,20.0,90.0
EDIN,edin17,Violation_201,28.0,Pz,10.28726,31.0,77.0
EDIN,edin17,Violation_201,28.0,Cz,13.82669,31.0,77.0
EDIN,edin17,Violation_201,28.0,CP1,14.2002,31.0,77.0
EDIN,edin17,Violation_201,28.0,CP2,14.43889,31.0,77.0
EDIN,edin17,Violation_201,28.0,P3,16.22826,31.0,77.0
EDIN,edin17,Violation_201,28.0,P4,8.850567,31.0,77.0
EDIN,edin17,Violation_201,28.0,C3,7.2644,31.0,77.0
EDIN,edin17,Violation_201,28.0,C4,19.02438,31.0,77.0
EDIN,edin17,Violation_201,28.0,P7,-10.20275,31.0,77.0
EDIN,edin17,Violation_201,28.0,P8,1.222829,31.0,77.0
EDIN,edin17,Violation_201,28.0,O1,22.81776,31.0,77.0
EDIN,edin17,Violation_201,28.0,O2,11.96566,31.0,77.0
EDIN,edin17,Control_202,27.0,Pz,-13.45056,22.0,53.0
EDIN,edin17,Control_202,27.0,Cz,-14.97121,22.0,53.0
EDIN,edin17,Control_202,27.0,CP1,-10.32911,22.0,53.0
EDIN,edin17,Control_202,27.0,CP2,-12.01177,22.0,53.0
EDIN,edin17,Control_202,27.0,P3,-5.640511,22.0,53.0
EDIN,edin17,Control_202,27.0,P4,-9.115864,22.0,53.0
EDIN,edin17,Control_202,27.0,C3,-6.921332,22.0,53.0
EDIN,edin17,Control_202,27.0,C4,-0.7644125,22.0,53.0
EDIN,edin17,Control_202,27.0,P7,55.28175,22.0,53.0
EDIN,edin17,Control_202,27.0,P8,1.898597,22.0,53.0
EDIN,edin17,Control_202,27.0,O1,12.2008,22.0,53.0
EDIN,edin17,Control_202,27.0,O2,-2.061976,22.0,53.0
EDIN,edin17,Violation_201,36.0,Pz,-2.422103,23.0,93.0
EDIN,edin17,Violation_201,36.0,Cz,-11.89955,23.0,93.0
EDIN,edin17,Violation_201,36.0,CP1,-4.859376,23.0,93.0
EDIN,edin17,Violation_201,36.0,CP2,-3.85306,23.0,93.0
EDIN,edin17,Violation_201,36.0,P3,-6.949885,23.0,93.0
EDIN,edin17,Violation_201,36.0,P4,-4.453751,23.0,93.0
EDIN,edin17,Violation_201,36.0,C3,-18.13345,23.0,93.0
EDIN,edin17,Violation_201,36.0,C4,-8.708263,23.0,93.0
EDIN,edin17,Violation_201,36.0,P7,3.790429,23.0,93.0
EDIN,edin17,Violation_201,36.0,P8,-1.788271,23.0,93.0
EDIN,edin17,Violation_201,36.0,O1,-7.888502,23.0,93.0
EDIN,edin17,Violation_201,36.0,O2,-5.989121,23.0,93.0
EDIN,edin17,Control_202,31.0,Pz,31.54249,25.0,97.0
EDIN,edin17,Control_202,31.0,Cz,21.92018,25.0,97.0
EDIN,edin17,Control_202,31.0,CP1,16.78672,25.0,97.0
EDIN,edin17,Control_202,31.0,CP2,16.15647,25.0,97.0
EDIN,edin17,Control_202,31.0,P3,14.86156,25.0,97.0
EDIN,edin17,Control_202,31.0,P4,10.70487,25.0,97.0
EDIN,edin17,Control_202,31.0,C3,3.813634,25.0,97.0
EDIN,edin17,Control_202,31.0,C4,10.37726,25.0,97.0
EDIN,edin17,Control_202,31.0,P7,6.128811,25.0,97.0
EDIN,edin17,Control_202,31.0,P8,8.245124,25.0,97.0
EDIN,edin17,Control_202,31.0,O1,14.14267,25.0,97.0
EDIN,edin17,Control_202,31.0,O2,1.371713,25.0,97.0
EDIN,edin17,Violation_201,24.0,Pz,-1.065753,27.0,97.0
EDIN,edin17,Violation_201,24.0,Cz,-6.955405,27.0,97.0
EDIN,edin17,Violation_201,24.0,CP1,-8.042443,27.0,97.0
EDIN,edin17,Violation_201,24.0,CP2,-10.94806,27.0,97.0
EDIN,edin17,Violation_201,24.0,P3,-9.494479,27.0,97.0
EDIN,edin17,Violation_201,24.0,P4,-12.99578,27.0,97.0
EDIN,edin17,Violation_201,24.0,C3,-7.921452,27.0,97.0
EDIN,edin17,Violation_201,24.0,C4,-1.130457,27.0,97.0
EDIN,edin17,Violation_201,24.0,P7,-17.7261,27.0,97.0
EDIN,edin17,Violation_201,24.0,P8,-7.530581,27.0,97.0
EDIN,edin17,Violation_201,24.0,O1,-1.030872,27.0,97.0
EDIN,edin17,Violation_201,24.0,O2,-9.171207,27.0,97.0
EDIN,edin17,Control_202,35.0,Pz,10.16497,35.0,97.0
EDIN,edin17,Control_202,35.0,Cz,4.49999,35.0,97.0
EDIN,edin17,Control_202,35.0,CP1,0.4162108,35.0,97.0
EDIN,edin17,Control_202,35.0,CP2,1.310758,35.0,97.0
EDIN,edin17,Control_202,35.0,P3,-5.574702,35.0,97.0
EDIN,edin17,Control_202,35.0,P4,3.91751,35.0,97.0
EDIN,edin17,Control_202,35.0,C3,3.208452,35.0,97.0
EDIN,edin17,Control_202,35.0,C4,-2.976946,35.0,97.0
EDIN,edin17,Control_202,35.0,P7,-20.15858,35.0,97.0
EDIN,edin17,Control_202,35.0,P8,-5.639332,35.0,97.0
EDIN,edin17,Control_202,35.0,O1,-5.334161,35.0,97.0
EDIN,edin17,Control_202,35.0,O2,-5.398222,35.0,97.0
EDIN,edin17,Control_202,23.0,Pz,-3.419785,34.0,97.0
EDIN,edin17,Control_202,23.0,Cz,-11.98401,34.0,97.0
EDIN,edin17,Control_202,23.0,CP1,-13.52774,34.0,97.0
EDIN,edin17,Control_202,23.0,CP2,-10.35167,34.0,97.0
EDIN,edin17,Control_202,23.0,P3,-13.49193,34.0,97.0
EDIN,edin17,Control_202,23.0,P4,-5.056395,34.0,97.0
EDIN,edin17,Control_202,23.0,C3,-8.05534,34.0,97.0
EDIN,edin17,Control_202,23.0,C4,-8.097952,34.0,97.0
EDIN,edin17,Control_202,23.0,P7,-9.984444,34.0,97.0
EDIN,edin17,Control_202,23.0,P8,-16.77868,34.0,97.0
EDIN,edin17,Control_202,23.0,O1,-20.21527,34.0,97.0
EDIN,edin17,Control_202,23.0,O2,-6.511686,34.0,97.0
EDIN,edin17,Violation_201,32.0,Pz,6.268036,26.0,87.0
EDIN,edin17,Violation_201,32.0,Cz,7.959092,26.0,87.0
EDIN,edin17,Violation_201,32.0,CP1,6.708401,26.0,87.0
EDIN,edin17,Violation_201,32.0,CP2,11.04632,26.0,87.0
EDIN,edin17,Violation_201,32.0,P3,18.14855,26.0,87.0
EDIN,edin17,Violation_201,32.0,P4,11.52422,26.0,87.0
EDIN,edin17,Violation_201,32.0,C3,12.36538,26.0,87.0
EDIN,edin17,Violation_201,32.0,C4,11.06278,26.0,87.0
EDIN,edin17,Violation_201,32.0,P7,22.79892,26.0,87.0
EDIN,edin17,Violation_201,32.0,P8,4.984874,26.0,87.0
EDIN,edin17,Violation_201,32.0,O1,4.221565,26.0,87.0
EDIN,edin17,Violation_201,32.0,O2,1.196689,26.0,87.0
EDIN,edin17,Violation_201,40.0,Pz,-13.72089,39.0,97.0
EDIN,edin17,Violation_201,40.0,Cz,-0.9573431,39.0,97.0
EDIN,edin17,Violation_201,40.0,CP1,-1.380024,39.0,97.0
EDIN,edin17,Violation_201,40.0,CP2,4.155417,39.0,97.0
EDIN,edin17,Violation_201,40.0,P3,7.42584,39.0,97.0
EDIN,edin17,Violation_201,40.0,P4,2.674865,39.0,97.0
EDIN,edin17,Violation_201,40.0,C3,7.93444,39.0,97.0
EDIN,edin17,Violation_201,40.0,C4,5.514758,39.0,97.0
EDIN,edin17,Violation_201,40.0,P7,43.13349,39.0,97.0
EDIN,edin17,Violation_201,40.0,P8,5.724717,39.0,97.0
EDIN,edin17,Violation_201,40.0,O1,15.25725,39.0,97.0
EDIN,edin17,Violation_201,40.0,O2,2.52768,39.0,97.0
EDIN,edin17,Control_202,39.0,Pz,14.93843,37.0,80.0
EDIN,edin17,Control_202,39.0,Cz,-8.041764,37.0,80.0
EDIN,edin17,Control_202,39.0,CP1,-7.274089,37.0,80.0
EDIN,edin17,Control_202,39.0,CP2,-3.511978,37.0,80.0
EDIN,edin17,Control_202,39.0,P3,-5.142531,37.0,80.0
EDIN,edin17,Control_202,39.0,P4,0.8101404,37.0,80.0
EDIN,edin17,Control_202,39.0,C3,-6.726168,37.0,80.0
EDIN,edin17,Control_202,39.0,C4,-11.24829,37.0,80.0
EDIN,edin17,Control_202,39.0,P7,-10.57054,37.0,80.0
EDIN,edin17,Control_202,39.0,P8,-3.471292,37.0,80.0
EDIN,edin17,Control_202,39.0,O1,12.94974,37.0,80.0
EDIN,edin17,Control_202,39.0,O2,-4.719688,37.0,80.0
EDIN,edin17,Control_202,44.0,Pz,14.05822,47.0,100.0
EDIN,edin17,Control_202,44.0,Cz,20.18166,47.0,100.0
EDIN,edin17,Control_202,44.0,CP1,22.90592,47.0,100.0
EDIN,edin17,Control_202,44.0,CP2,21.9557,47.0,100.0
EDIN,edin17,Control_202,44.0,P3,17.4536,47.0,100.0
EDIN,edin17,Control_202,44.0,P4,19.79448,47.0,100.0
EDIN,edin17,Control_202,44.0,C3,13.08253,47.0,100.0
EDIN,edin17,Control_202,44.0,C4,29.27793,47.0,100.0
EDIN,edin17,Control_202,44.0,P7,-20.08137,47.0,100.0
EDIN,edin17,Control_202,44.0,P8,14.77482,47.0,100.0
EDIN,edin17,Control_202,44.0,O1,27.62906,47.0,100.0
EDIN,edin17,Control_202,44.0,O2,39.28577,47.0,100.0
EDIN,edin17,Violation_201,60.0,Pz,-10.5925,42.0,37.0
EDIN,edin17,Violation_201,60.0,Cz,-32.81907,42.0,37.0
EDIN,edin17,Violation_201,60.0,CP1,-9.864837,42.0,37.0
EDIN,edin17,Violation_201,60.0,CP2,-8.19715,42.0,37.0
EDIN,edin17,Violation_201,60.0,P3,0.8654895,42.0,37.0
EDIN,edin17,Violation_201,60.0,P4,-3.659969,42.0,37.0
EDIN,edin17,Violation_201,60.0,C3,-6.264437,42.0,37.0
EDIN,edin17,Violation_201,60.0,C4,-7.739324,42.0,37.0
EDIN,edin17,Violation_201,60.0,P7,-1.669871,42.0,37.0
EDIN,edin17,Violation_201,60.0,P8,3.14561,42.0,37.0
EDIN,edin17,Violation_201,60.0,O1,0.913407,42.0,37.0
EDIN,edin17,Violation_201,60.0,O2,10.77266,42.0,37.0
EDIN,edin17,Control_202,47.0,Pz,8.27955,49.0,40.0
EDIN,edin17,Control_202,47.0,Cz,14.1397,49.0,40.0
EDIN,edin17,Control_202,47.0,CP1,12.10804,49.0,40.0
EDIN,edin17,Control_202,47.0,CP2,11.83577,49.0,40.0
EDIN,edin17,Control_202,47.0,P3,10.89557,49.0,40.0
EDIN,edin17,Control_202,47.0,P4,9.417593,49.0,40.0
EDIN,edin17,Control_202,47.0,C3,13.4571,49.0,40.0
EDIN,edin17,Control_202,47.0,C4,9.69727,49.0,40.0
EDIN,edin17,Control_202,47.0,P7,-6.200691,49.0,40.0
EDIN,edin17,Control_202,47.0,P8,0.2859824,49.0,40.0
EDIN,edin17,Control_202,47.0,O1,11.27528,49.0,40.0
EDIN,edin17,Control_202,47.0,O2,8.366476,49.0,40.0
EDIN,edin17,Violation_201,56.0,Pz,-10.75827,41.0,100.0
EDIN,edin17,Violation_201,56.0,Cz,-17.39721,41.0,100.0
EDIN,edin17,Violation_201,56.0,CP1,-19.22669,41.0,100.0
EDIN,edin17,Violation_201,56.0,CP2,-17.65718,41.0,100.0
EDIN,edin17,Violation_201,56.0,P3,-8.036488,41.0,100.0
EDIN,edin17,Violation_201,56.0,P4,-20.83436,41.0,100.0
EDIN,edin17,Violation_201,56.0,C3,-10.57716,41.0,100.0
EDIN,edin17,Violation_201,56.0,C4,-27.73279,41.0,100.0
EDIN,edin17,Violation_201,56.0,P7,-6.274038,41.0,100.0
EDIN,edin17,Violation_201,56.0,P8,-18.34811,41.0,100.0
EDIN,edin17,Violation_201,56.0,O1,-14.10106,41.0,100.0
EDIN,edin17,Violation_201,56.0,O2,-8.051408,41.0,100.0
EDIN,edin17,Control_202,55.0,Pz,6.026745,53.0,93.0
EDIN,edin17,Control_202,55.0,Cz,18.03624,53.0,93.0
EDIN,edin17,Control_202,55.0,CP1,18.89662,53.0,93.0
EDIN,edin17,Control_202,55.0,CP2,8.039016,53.0,93.0
EDIN,edin17,Control_202,55.0,P3,9.429669,53.0,93.0
EDIN,edin17,Control_202,55.0,P4,5.638645,53.0,93.0
EDIN,edin17,Control_202,55.0,C3,2.623928,53.0,93.0
EDIN,edin17,Control_202,55.0,C4,16.82535,53.0,93.0
EDIN,edin17,Control_202,55.0,P7,17.44669,53.0,93.0
EDIN,edin17,Control_202,55.0,P8,16.61323,53.0,93.0
EDIN,edin17,Control_202,55.0,O1,10.34806,53.0,93.0
EDIN,edin17,Control_202,55.0,O2,5.082901,53.0,93.0
EDIN,edin17,Violation_201,48.0,Pz,-11.42783,46.0,63.0
EDIN,edin17,Violation_201,48.0,Cz,-31.76809,46.0,63.0
EDIN,edin17,Violation_201,48.0,CP1,-20.92159,46.0,63.0
EDIN,edin17,Violation_201,48.0,CP2,-17.79934,46.0,63.0
EDIN,edin17,Violation_201,48.0,P3,-28.85826,46.0,63.0
EDIN,edin17,Violation_201,48.0,P4,-13.46062,46.0,63.0
EDIN,edin17,Violation_201,48.0,C3,-20.20626,46.0,63.0
EDIN,edin17,Violation_201,48.0,C4,-28.82512,46.0,63.0
EDIN,edin17,Violation_201,48.0,P7,-33.62743,46.0,63.0
EDIN,edin17,Violation_201,48.0,P8,-20.35413,46.0,63.0
EDIN,edin17,Violation_201,48.0,O1,19.6879,46.0,63.0
EDIN,edin17,Violation_201,48.0,O2,-12.47962,46.0,63.0
EDIN,edin17,Violation_201,52.0,Pz,-12.33596,48.0,87.0
EDIN,edin17,Violation_201,52.0,Cz,-8.425898,48.0,87.0
EDIN,edin17,Violation_201,52.0,CP1,1.277103,48.0,87.0
EDIN,edin17,Violation_201,52.0,CP2,-6.550476,48.0,87.0
EDIN,edin17,Violation_201,52.0,P3,-3.546781,48.0,87.0
EDIN,edin17,Violation_201,52.0,P4,-8.236041,48.0,87.0
EDIN,edin17,Violation_201,52.0,C3,-1.172669,48.0,87.0
EDIN,edin17,Violation_201,52.0,C4,-10.18179,48.0,87.0
EDIN,edin17,Violation_201,52.0,P7,7.229536,48.0,87.0
EDIN,edin17,Violation_201,52.0,P8,-12.83768,48.0,87.0
EDIN,edin17,Violation_201,52.0,O1,15.63088,48.0,87.0
EDIN,edin17,Violation_201,52.0,O2,-13.5825,48.0,87.0
EDIN,edin17,Control_202,51.0,Pz,9.264898,55.0,93.0
EDIN,edin17,Control_202,51.0,Cz,-4.258797,55.0,93.0
EDIN,edin17,Control_202,51.0,CP1,0.4404675,55.0,93.0
EDIN,edin17,Control_202,51.0,CP2,-1.677657,55.0,93.0
EDIN,edin17,Control_202,51.0,P3,3.341045,55.0,93.0
EDIN,edin17,Control_202,51.0,P4,2.577784,55.0,93.0
EDIN,edin17,Control_202,51.0,C3,-14.90802,55.0,93.0
EDIN,edin17,Control_202,51.0,C4,1.513047,55.0,93.0
EDIN,edin17,Control_202,51.0,P7,-11.91102,55.0,93.0
EDIN,edin17,Control_202,51.0,P8,5.490591,55.0,93.0
EDIN,edin17,Control_202,51.0,O1,-2.85384,55.0,93.0
EDIN,edin17,Control_202,51.0,O2,3.344135,55.0,93.0
EDIN,edin17,Control_202,59.0,Pz,-16.76764,58.0,73.0
EDIN,edin17,Control_202,59.0,Cz,-9.832729,58.0,73.0
EDIN,edin17,Control_202,59.0,CP1,-14.70405,58.0,73.0
EDIN,edin17,Control_202,59.0,CP2,-14.77106,58.0,73.0
EDIN,edin17,Control_202,59.0,P3,-11.01172,58.0,73.0
EDIN,edin17,Control_202,59.0,P4,-12.93599,58.0,73.0
EDIN,edin17,Control_202,59.0,C3,-12.08293,58.0,73.0
EDIN,edin17,Control_202,59.0,C4,-10.36007,58.0,73.0
EDIN,edin17,Control_202,59.0,P7,-43.26194,58.0,73.0
EDIN,edin17,Control_202,59.0,P8,-19.90643,58.0,73.0
EDIN,edin17,Control_202,59.0,O1,19.29001,58.0,73.0
EDIN,edin17,Control_202,59.0,O2,-8.466036,58.0,73.0
EDIN,edin17,Violation_201,43.0,Pz,-10.50986,60.0,90.0
EDIN,edin17,Violation_201,43.0,Cz,18.40641,60.0,90.0
EDIN,edin17,Violation_201,43.0,CP1,17.44501,60.0,90.0
EDIN,edin17,Violation_201,43.0,CP2,7.348911,60.0,90.0
EDIN,edin17,Violation_201,43.0,P3,19.63195,60.0,90.0
EDIN,edin17,Violation_201,43.0,P4,12.90739,60.0,90.0
EDIN,edin17,Violation_201,43.0,C3,21.08141,60.0,90.0
EDIN,edin17,Violation_201,43.0,C4,7.959887,60.0,90.0
EDIN,edin17,Violation_201,43.0,P7,10.33937,60.0,90.0
EDIN,edin17,Violation_201,43.0,P8,5.4781,60.0,90.0
EDIN,edin17,Violation_201,43.0,O1,16.78576,60.0,90.0
EDIN,edin17,Violation_201,43.0,O2,24.0524,60.0,90.0
EDIN,edin17,Violation_201,72.0,Pz,5.72216,67.0,87.0
EDIN,edin17,Violation_201,72.0,Cz,-5.038362,67.0,87.0
EDIN,edin17,Violation_201,72.0,CP1,4.439276,67.0,87.0
EDIN,edin17,Violation_201,72.0,CP2,0.8634113,67.0,87.0
EDIN,edin17,Violation_201,72.0,P3,-1.525933,67.0,87.0
EDIN,edin17,Violation_201,72.0,P4,-0.7393292,67.0,87.0
EDIN,edin17,Violation_201,72.0,C3,0.8192055,67.0,87.0
EDIN,edin17,Violation_201,72.0,C4,2.07657,67.0,87.0
EDIN,edin17,Violation_201,72.0,P7,-10.05191,67.0,87.0
EDIN,edin17,Violation_201,72.0,P8,-4.776136,67.0,87.0
EDIN,edin17,Violation_201,72.0,O1,-20.91812,67.0,87.0
EDIN,edin17,Violation_201,72.0,O2,-11.80395,67.0,87.0
EDIN,edin17,Control_202,63.0,Pz,9.301916,72.0,90.0
EDIN,edin17,Control_202,63.0,Cz,16.18612,72.0,90.0
EDIN,edin17,Control_202,63.0,CP1,8.636348,72.0,90.0
EDIN,edin17,Control_202,63.0,CP2,8.270567,72.0,90.0
EDIN,edin17,Control_202,63.0,P3,18.51669,72.0,90.0
EDIN,edin17,Control_202,63.0,P4,13.33004,72.0,90.0
EDIN,edin17,Control_202,63.0,C3,13.1273,72.0,90.0
EDIN,edin17,Control_202,63.0,C4,11.03398,72.0,90.0
EDIN,edin17,Control_202,63.0,P7,2.802716,72.0,90.0
EDIN,edin17,Control_202,63.0,P8,9.875109,72.0,90.0
EDIN,edin17,Control_202,63.0,O1,25.02605,72.0,90.0
EDIN,edin17,Control_202,63.0,O2,19.59889,72.0,90.0
EDIN,edin17,Control_202,71.0,Pz,8.72782,64.0,50.0
EDIN,edin17,Control_202,71.0,Cz,13.09633,64.0,50.0
EDIN,edin17,Control_202,71.0,CP1,13.66467,64.0,50.0
EDIN,edin17,Control_202,71.0,CP2,17.58586,64.0,50.0
EDIN,edin17,Control_202,71.0,P3,3.780801,64.0,50.0
EDIN,edin17,Control_202,71.0,P4,12.88126,64.0,50.0
EDIN,edin17,Control_202,71.0,C3,13.94781,64.0,50.0
EDIN,edin17,Control_202,71.0,C4,22.4528,64.0,50.0
EDIN,edin17,Control_202,71.0,P7,4.135244,64.0,50.0
EDIN,edin17,Control_202,71.0,P8,11.29641,64.0,50.0
EDIN,edin17,Control_202,71.0,O1,17.66578,64.0,50.0
EDIN,edin17,Control_202,71.0,O2,3.969144,64.0,50.0
EDIN,edin17,Violation_201,76.0,Pz,-11.39512,70.0,57.0
EDIN,edin17,Violation_201,76.0,Cz,-13.96387,70.0,57.0
EDIN,edin17,Violation_201,76.0,CP1,-5.872281,70.0,57.0
EDIN,edin17,Violation_201,76.0,CP2,-11.98444,70.0,57.0
EDIN,edin17,Violation_201,76.0,P3,-4.248479,70.0,57.0
EDIN,edin17,Violation_201,76.0,P4,-15.94747,70.0,57.0
EDIN,edin17,Violation_201,76.0,C3,-2.432927,70.0,57.0
EDIN,edin17,Violation_201,76.0,C4,-14.71071,70.0,57.0
EDIN,edin17,Violation_201,76.0,P7,-19.86393,70.0,57.0
EDIN,edin17,Violation_201,76.0,P8,-11.07211,70.0,57.0
EDIN,edin17,Violation_201,76.0,O1,-22.12291,70.0,57.0
EDIN,edin17,Violation_201,76.0,O2,2.24064,70.0,57.0
EDIN,edin17,Violation_201,80.0,Pz,9.503948,68.0,27.0
EDIN,edin17,Violation_201,80.0,Cz,15.13035,68.0,27.0
EDIN,edin17,Violation_201,80.0,CP1,1.195865,68.0,27.0
EDIN,edin17,Violation_201,80.0,CP2,3.613153,68.0,27.0
EDIN,edin17,Violation_201,80.0,P3,3.150624,68.0,27.0
EDIN,edin17,Violation_201,80.0,P4,-2.45206,68.0,27.0
EDIN,edin17,Violation_201,80.0,C3,15.38792,68.0,27.0
EDIN,edin17,Violation_201,80.0,C4,2.003241,68.0,27.0
EDIN,edin17,Violation_201,80.0,P7,-15.80616,68.0,27.0
EDIN,edin17,Violation_201,80.0,P8,-1.154086,68.0,27.0
EDIN,edin17,Violation_201,80.0,O1,7.198392,68.0,27.0
EDIN,edin17,Violation_201,80.0,O2,4.674839,68.0,27.0
EDIN,edin17,Control_202,75.0,Pz,1.966161,79.0,97.0
EDIN,edin17,Control_202,75.0,Cz,4.929502,79.0,97.0
EDIN,edin17,Control_202,75.0,CP1,3.499475,79.0,97.0
EDIN,edin17,Control_202,75.0,CP2,-2.708306,79.0,97.0
EDIN,edin17,Control_202,75.0,P3,4.728418,79.0,97.0
EDIN,edin17,Control_202,75.0,P4,-2.137331,79.0,97.0
EDIN,edin17,Control_202,75.0,C3,1.409893,79.0,97.0
EDIN,edin17,Control_202,75.0,C4,4.204799,79.0,97.0
EDIN,edin17,Control_202,75.0,P7,-14.62977,79.0,97.0
EDIN,edin17,Control_202,75.0,P8,-5.609384,79.0,97.0
EDIN,edin17,Control_202,75.0,O1,-3.142487,79.0,97.0
EDIN,edin17,Control_202,75.0,O2,0.8974015,79.0,97.0
EDIN,edin17,Violation_201,64.0,Pz,-10.52713,63.0,83.0
EDIN,edin17,Violation_201,64.0,Cz,-23.01068,63.0,83.0
EDIN,edin17,Violation_201,64.0,CP1,-16.21185,63.0,83.0
EDIN,edin17,Violation_201,64.0,CP2,-13.14694,63.0,83.0
EDIN,edin17,Violation_201,64.0,P3,-13.70104,63.0,83.0
EDIN,edin17,Violation_201,64.0,P4,-10.31385,63.0,83.0
EDIN,edin17,Violation_201,64.0,C3,-13.25631,63.0,83.0
EDIN,edin17,Violation_201,64.0,C4,-15.54613,63.0,83.0
EDIN,edin17,Violation_201,64.0,P7,-1.038608,63.0,83.0
EDIN,edin17,Violation_201,64.0,P8,-5.821754,63.0,83.0
EDIN,edin17,Violation_201,64.0,O1,-3.566535,63.0,83.0
EDIN,edin17,Violation_201,64.0,O2,-10.86232,63.0,83.0
EDIN,edin17,Control_202,79.0,Pz,19.63051,78.0,97.0
EDIN,edin17,Control_202,79.0,Cz,1.694237,78.0,97.0
EDIN,edin17,Control_202,79.0,CP1,1.365341,78.0,97.0
EDIN,edin17,Control_202,79.0,CP2,9.454556,78.0,97.0
EDIN,edin17,Control_202,79.0,P3,7.272024,78.0,97.0
EDIN,edin17,Control_202,79.0,P4,0.6101049,78.0,97.0
EDIN,edin17,Control_202,79.0,C3,-0.7214506,78.0,97.0
EDIN,edin17,Control_202,79.0,C4,13.9764,78.0,97.0
EDIN,edin17,Control_202,79.0,P7,18.59367,78.0,97.0
EDIN,edin17,Control_202,79.0,P8,2.041908,78.0,97.0
EDIN,edin17,Control_202,79.0,O1,-13.53794,78.0,97.0
EDIN,edin17,Control_202,79.0,O2,6.269879,78.0,97.0
EDIN,edin17,Violation_201,68.0,Pz,8.033203,75.0,60.0
EDIN,edin17,Violation_201,68.0,Cz,4.268758,75.0,60.0
EDIN,edin17,Violation_201,68.0,CP1,5.422132,75.0,60.0
EDIN,edin17,Violation_201,68.0,CP2,1.144211,75.0,60.0
EDIN,edin17,Violation_201,68.0,P3,3.966263,75.0,60.0
EDIN,edin17,Violation_201,68.0,P4,2.294901,75.0,60.0
EDIN,edin17,Violation_201,68.0,C3,8.762465,75.0,60.0
EDIN,edin17,Violation_201,68.0,C4,3.235727,75.0,60.0
EDIN,edin17,Violation_201,68.0,P7,-8.462806,75.0,60.0
EDIN,edin17,Violation_201,68.0,P8,7.683218,75.0,60.0
EDIN,edin17,Violation_201,68.0,O1,5.284194,75.0,60.0
EDIN,edin17,Violation_201,68.0,O2,7.892067,75.0,60.0
EDIN,edin18,Violation_201,16.0,Pz,-22.30636,3.0,100.0
EDIN,edin18,Violation_201,16.0,Cz,-9.822958,3.0,100.0
EDIN,edin18,Violation_201,16.0,CP1,-13.46566,3.0,100.0
EDIN,edin18,Violation_201,16.0,CP2,-21.0667,3.0,100.0
EDIN,edin18,Violation_201,16.0,P3,-23.47832,3.0,100.0
EDIN,edin18,Violation_201,16.0,P4,-27.65862,3.0,100.0
EDIN,edin18,Violation_201,16.0,C3,-22.71899,3.0,100.0
EDIN,edin18,Violation_201,16.0,C4,-29.57088,3.0,100.0
EDIN,edin18,Violation_201,16.0,P7,-22.88681,3.0,100.0
EDIN,edin18,Violation_201,16.0,P8,-23.33988,3.0,100.0
EDIN,edin18,Violation_201,16.0,O1,-23.81932,3.0,100.0
EDIN,edin18,Violation_201,16.0,O2,-18.7991,3.0,100.0
EDIN,edin18,Violation_201,20.0,Pz,10.65891,17.0,62.0
EDIN,edin18,Violation_201,20.0,Cz,9.17145,17.0,62.0
EDIN,edin18,Violation_201,20.0,CP1,-17.17314,17.0,62.0
EDIN,edin18,Violation_201,20.0,CP2,17.99273,17.0,62.0
EDIN,edin18,Violation_201,20.0,P3,0.9657248,17.0,62.0
EDIN,edin18,Violation_201,20.0,P4,11.91532,17.0,62.0
EDIN,edin18,Violation_201,20.0,C3,36.528,17.0,62.0
EDIN,edin18,Violation_201,20.0,C4,9.737171,17.0,62.0
EDIN,edin18,Violation_201,20.0,P7,-3.826822,17.0,62.0
EDIN,edin18,Violation_201,20.0,P8,4.67541,17.0,62.0
EDIN,edin18,Violation_201,20.0,O1,-5.884403,17.0,62.0
EDIN,edin18,Violation_201,20.0,O2,-5.282307,17.0,62.0
EDIN,edin18,Control_202,11.0,Pz,7.911193,12.0,100.0
EDIN,edin18,Control_202,11.0,Cz,9.226963,12.0,100.0
EDIN,edin18,Control_202,11.0,CP1,2.855156,12.0,100.0
EDIN,edin18,Control_202,11.0,CP2,19.39056,12.0,100.0
EDIN,edin18,Control_202,11.0,P3,38.17738,12.0,100.0
EDIN,edin18,Control_202,11.0,P4,13.68794,12.0,100.0
EDIN,edin18,Control_202,11.0,C3,42.92112,12.0,100.0
EDIN,edin18,Control_202,11.0,C4,11.81334,12.0,100.0
EDIN,edin18,Control_202,11.0,P7,10.49973,12.0,100.0
EDIN,edin18,Control_202,11.0,P8,6.489409,12.0,100.0
EDIN,edin18,Control_202,11.0,O1,11.14087,12.0,100.0
EDIN,edin18,Control_202,11.0,O2,2.592681,12.0,100.0
EDIN,edin18,Violation_201,8.0,Pz,-12.80875,19.0,100.0
EDIN,edin18,Violation_201,8.0,Cz,-5.812695,19.0,100.0
EDIN,edin18,Violation_201,8.0,CP1,4.077614,19.0,100.0
EDIN,edin18,Violation_201,8.0,CP2,-1.739601,19.0,100.0
EDIN,edin18,Violation_201,8.0,P3,-0.7581603,19.0,100.0
EDIN,edin18,Violation_201,8.0,P4,-8.319439,19.0,100.0
EDIN,edin18,Violation_201,8.0,C3,-2.719409,19.0,100.0
EDIN,edin18,Violation_201,8.0,C4,-5.509303,19.0,100.0
EDIN,edin18,Violation_201,8.0,P7,-9.909739,19.0,100.0
EDIN,edin18,Violation_201,8.0,P8,-7.429568,19.0,100.0
EDIN,edin18,Violation_201,8.0,O1,-17.27712,19.0,100.0
EDIN,edin18,Violation_201,8.0,O2,-5.195214,19.0,100.0
EDIN,edin18,Control_202,19.0,Pz,2.368886,13.0,97.0
EDIN,edin18,Control_202,19.0,Cz,-1.764063,13.0,97.0
EDIN,edin18,Control_202,19.0,CP1,19.24409,13.0,97.0
EDIN,edin18,Control_202,19.0,CP2,-11.99014,13.0,97.0
EDIN,edin18,Control_202,19.0,P3,-2.003679,13.0,97.0
EDIN,edin18,Control_202,19.0,P4,-0.3033821,13.0,97.0
EDIN,edin18,Control_202,19.0,C3,-1.031945,13.0,97.0
EDIN,edin18,Control_202,19.0,C4,-5.264125,13.0,97.0
EDIN,edin18,Control_202,19.0,P7,4.029001,13.0,97.0
EDIN,edin18,Control_202,19.0,P8,2.655924,13.0,97.0
EDIN,edin18,Control_202,19.0,O1,8.84049,13.0,97.0
EDIN,edin18,Control_202,19.0,O2,2.507276,13.0,97.0
EDIN,edin18,Violation_201,12.0,Pz,-3.827585,10.0,80.0
EDIN,edin18,Violation_201,12.0,Cz,-13.00745,10.0,80.0
EDIN,edin18,Violation_201,12.0,CP1,11.37652,10.0,80.0
EDIN,edin18,Violation_201,12.0,CP2,-10.29756,10.0,80.0
EDIN,edin18,Violation_201,12.0,P3,-7.979005,10.0,80.0
EDIN,edin18,Violation_201,12.0,P4,-6.618573,10.0,80.0
EDIN,edin18,Violation_201,12.0,C3,-13.19728,10.0,80.0
EDIN,edin18,Violation_201,12.0,C4,-7.534508,10.0,80.0
EDIN,edin18,Violation_201,12.0,P7,-1.91621,10.0,80.0
EDIN,edin18,Violation_201,12.0,P8,-4.473096,10.0,80.0
EDIN,edin18,Violation_201,12.0,O1,-2.102334,10.0,80.0
EDIN,edin18,Violation_201,12.0,O2,-0.3501697,10.0,80.0
EDIN,edin18,Control_202,7.0,Pz,7.448881,8.0,97.0
EDIN,edin18,Control_202,7.0,Cz,24.73785,8.0,97.0
EDIN,edin18,Control_202,7.0,CP1,25.24404,8.0,97.0
EDIN,edin18,Control_202,7.0,CP2,15.76314,8.0,97.0
EDIN,edin18,Control_202,7.0,P3,-17.46146,8.0,97.0
EDIN,edin18,Control_202,7.0,P4,9.199514,8.0,97.0
EDIN,edin18,Control_202,7.0,C3,18.28734,8.0,97.0
EDIN,edin18,Control_202,7.0,C4,12.47783,8.0,97.0
EDIN,edin18,Control_202,7.0,P7,14.13525,8.0,97.0
EDIN,edin18,Control_202,7.0,P8,4.460413,8.0,97.0
EDIN,edin18,Control_202,7.0,O1,10.27754,8.0,97.0
EDIN,edin18,Control_202,7.0,O2,15.7411,8.0,97.0
EDIN,edin18,Violation_201,4.0,Pz,18.06572,20.0,90.0
EDIN,edin18,Violation_201,4.0,Cz,9.09531,20.0,90.0
EDIN,edin18,Violation_201,4.0,CP1,16.40919,20.0,90.0
EDIN,edin18,Violation_201,4.0,CP2,18.05923,20.0,90.0
EDIN,edin18,Violation_201,4.0,P3,-16.04359,20.0,90.0
EDIN,edin18,Violation_201,4.0,P4,12.4499,20.0,90.0
EDIN,edin18,Violation_201,4.0,C3,2.759482,20.0,90.0
EDIN,edin18,Violation_201,4.0,C4,12.77575,20.0,90.0
EDIN,edin18,Violation_201,4.0,P7,0.9889945,20.0,90.0
EDIN,edin18,Violation_201,4.0,P8,3.887916,20.0,90.0
EDIN,edin18,Violation_201,4.0,O1,8.174166,20.0,90.0
EDIN,edin18,Violation_201,4.0,O2,37.3079,20.0,90.0
EDIN,edin18,Control_202,3.0,Pz,2.749769,16.0,93.0
EDIN,edin18,Control_202,3.0,Cz,2.935643,16.0,93.0
EDIN,edin18,Control_202,3.0,CP1,1.015901,16.0,93.0
EDIN,edin18,Control_202,3.0,CP2,3.060568,16.0,93.0
EDIN,edin18,Control_202,3.0,P3,-20.554,16.0,93.0
EDIN,edin18,Control_202,3.0,P4,6.788954,16.0,93.0
EDIN,edin18,Control_202,3.0,C3,2.345147,16.0,93.0
EDIN,edin18,Control_202,3.0,C4,6.431462,16.0,93.0
EDIN,edin18,Control_202,3.0,P7,2.734987,16.0,93.0
EDIN,edin18,Control_202,3.0,P8,7.265745,16.0,93.0
EDIN,edin18,Control_202,3.0,O1,3.016389,16.0,93.0
EDIN,edin18,Control_202,3.0,O2,-7.131413,16.0,93.0
EDIN,edin18,Control_202,15.0,Pz,20.83733,4.0,93.0
EDIN,edin18,Control_202,15.0,Cz,17.55539,4.0,93.0
EDIN,edin18,Control_202,15.0,CP1,21.6207,4.0,93.0
EDIN,edin18,Control_202,15.0,CP2,30.89996,4.0,93.0
EDIN,edin18,Control_202,15.0,P3,33.91925,4.0,93.0
EDIN,edin18,Control_202,15.0,P4,24.71845,4.0,93.0
EDIN,edin18,Control_202,15.0,C3,16.68029,4.0,93.0
EDIN,edin18,Control_202,15.0,C4,18.27898,4.0,93.0
EDIN,edin18,Control_202,15.0,P7,17.85982,4.0,93.0
EDIN,edin18,Control_202,15.0,P8,22.09261,4.0,93.0
EDIN,edin18,Control_202,15.0,O1,19.58054,4.0,93.0
EDIN,edin18,Control_202,15.0,O2,18.20351,4.0,93.0
EDIN,edin18,Violation_201,36.0,Pz,-2.616713,39.0,97.0
EDIN,edin18,Violation_201,36.0,Cz,-4.613012,39.0,97.0
EDIN,edin18,Violation_201,36.0,CP1,-10.32193,39.0,97.0
EDIN,edin18,Violation_201,36.0,CP2,-20.00616,39.0,97.0
EDIN,edin18,Violation_201,36.0,P3,6.076987,39.0,97.0
EDIN,edin18,Violation_201,36.0,P4,-3.678697,39.0,97.0
EDIN,edin18,Violation_201,36.0,C3,4.704845,39.0,97.0
EDIN,edin18,Violation_201,36.0,C4,0.9774991,39.0,97.0
EDIN,edin18,Violation_201,36.0,P7,1.465536,39.0,97.0
EDIN,edin18,Violation_201,36.0,P8,3.223686,39.0,97.0
EDIN,edin18,Violation_201,36.0,O1,-4.641062,39.0,97.0
EDIN,edin18,Violation_201,36.0,O2,2.012286,39.0,97.0
EDIN,edin18,Violation_201,24.0,Pz,-11.54157,40.0,93.0
EDIN,edin18,Violation_201,24.0,Cz,-12.91725,40.0,93.0
EDIN,edin18,Violation_201,24.0,CP1,-32.59385,40.0,93.0
EDIN,edin18,Violation_201,24.0,CP2,-8.089301,40.0,93.0
EDIN,edin18,Violation_201,24.0,P3,-17.34876,40.0,93.0
EDIN,edin18,Violation_201,24.0,P4,-8.314445,40.0,93.0
EDIN,edin18,Violation_201,24.0,C3,-16.52603,40.0,93.0
EDIN,edin18,Violation_201,24.0,C4,-13.52651,40.0,93.0
EDIN,edin18,Violation_201,24.0,P7,-5.16861,40.0,93.0
EDIN,edin18,Violation_201,24.0,P8,-3.216976,40.0,93.0
EDIN,edin18,Violation_201,24.0,O1,-5.396684,40.0,93.0
EDIN,edin18,Violation_201,24.0,O2,29.61231,40.0,93.0
EDIN,edin18,Violation_201,40.0,Pz,38.68153,21.0,77.0
EDIN,edin18,Violation_201,40.0,Cz,51.94828,21.0,77.0
EDIN,edin18,Violation_201,40.0,CP1,33.93624,21.0,77.0
EDIN,edin18,Violation_201,40.0,CP2,35.8315,21.0,77.0
EDIN,edin18,Violation_201,40.0,P3,43.47258,21.0,77.0
EDIN,edin18,Violation_201,40.0,P4,33.96346,21.0,77.0
EDIN,edin18,Violation_201,40.0,C3,32.49595,21.0,77.0
EDIN,edin18,Violation_201,40.0,C4,31.0536,21.0,77.0
EDIN,edin18,Violation_201,40.0,P7,23.94181,21.0,77.0
EDIN,edin18,Violation_201,40.0,P8,24.14403,21.0,77.0
EDIN,edin18,Violation_201,40.0,O1,31.4214,21.0,77.0
EDIN,edin18,Violation_201,40.0,O2,69.50761,21.0,77.0
EDIN,edin18,Control_202,23.0,Pz,2.264318,22.0,53.0
EDIN,edin18,Control_202,23.0,Cz,-9.906579,22.0,53.0
EDIN,edin18,Control_202,23.0,CP1,-22.09261,22.0,53.0
EDIN,edin18,Control_202,23.0,CP2,-30.63503,22.0,53.0
EDIN,edin18,Control_202,23.0,P3,-4.3786,22.0,53.0
EDIN,edin18,Control_202,23.0,P4,-4.887844,22.0,53.0
EDIN,edin18,Control_202,23.0,C3,-20.3555,22.0,53.0
EDIN,edin18,Control_202,23.0,C4,-7.424231,22.0,53.0
EDIN,edin18,Control_202,23.0,P7,-0.1229259,22.0,53.0
EDIN,edin18,Control_202,23.0,P8,0.6565209,22.0,53.0
EDIN,edin18,Control_202,23.0,O1,0.8114065,22.0,53.0
EDIN,edin18,Control_202,23.0,O2,-14.93521,22.0,53.0
EDIN,edin18,Violation_201,32.0,Pz,23.5584,27.0,97.0
EDIN,edin18,Violation_201,32.0,Cz,31.91685,27.0,97.0
EDIN,edin18,Violation_201,32.0,CP1,46.02003,27.0,97.0
EDIN,edin18,Violation_201,32.0,CP2,21.66413,27.0,97.0
EDIN,edin18,Violation_201,32.0,P3,50.84809,27.0,97.0
EDIN,edin18,Violation_201,32.0,P4,20.52383,27.0,97.0
EDIN,edin18,Violation_201,32.0,C3,19.01264,27.0,97.0
EDIN,edin18,Violation_201,32.0,C4,21.03928,27.0,97.0
EDIN,edin18,Violation_201,32.0,P7,18.24506,27.0,97.0
EDIN,edin18,Violation_201,32.0,P8,14.48163,27.0,97.0
EDIN,edin18,Violation_201,32.0,O1,5.736455,27.0,97.0
EDIN,edin18,Violation_201,32.0,O2,15.25554,27.0,97.0
EDIN,edin18,Violation_201,28.0,Pz,-3.211712,33.0,53.0
EDIN,edin18,Violation_201,28.0,Cz,-17.04396,33.0,53.0
EDIN,edin18,Violation_201,28.0,CP1,-13.87316,33.0,53.0
EDIN,edin18,Violation_201,28.0,CP2,-20.63204,33.0,53.0
EDIN,edin18,Violation_201,28.0,P3,-17.21716,33.0,53.0
EDIN,edin18,Violation_201,28.0,P4,-3.989115,33.0,53.0
EDIN,edin18,Violation_201,28.0,C3,-12.71766,33.0,53.0
EDIN,edin18,Violation_201,28.0,C4,-8.590026,33.0,53.0
EDIN,edin18,Violation_201,28.0,P7,-13.14364,33.0,53.0
EDIN,edin18,Violation_201,28.0,P8,-3.041038,33.0,53.0
EDIN,edin18,Violation_201,28.0,O1,2.806408,33.0,53.0
EDIN,edin18,Violation_201,28.0,O2,-7.466215,33.0,53.0
EDIN,edin18,Control_202,27.0,Pz,3.929586,32.0,80.0
EDIN,edin18,Control_202,27.0,Cz,3.238018,32.0,80.0
EDIN,edin18,Control_202,27.0,CP1,16.3626,32.0,80.0
EDIN,edin18,Control_202,27.0,CP2,3.200349,32.0,80.0
EDIN,edin18,Control_202,27.0,P3,-7.77508,32.0,80.0
EDIN,edin18,Control_202,27.0,P4,2.736689,32.0,80.0
EDIN,edin18,Control_202,27.0,C3,-2.534684,32.0,80.0
EDIN,edin18,Control_202,27.0,C4,0.6421393,32.0,80.0
EDIN,edin18,Control_202,27.0,P7,6.785341,32.0,80.0
EDIN,edin18,Control_202,27.0,P8,4.843971,32.0,80.0
EDIN,edin18,Control_202,27.0,O1,-0.7137725,32.0,80.0
EDIN,edin18,Control_202,27.0,O2,5.934484,32.0,80.0
EDIN,edin18,Control_202,35.0,Pz,1.179019,38.0,93.0
EDIN,edin18,Control_202,35.0,Cz,-3.369303,38.0,93.0
EDIN,edin18,Control_202,35.0,CP1,11.96243,38.0,93.0
EDIN,edin18,Control_202,35.0,CP2,7.509872,38.0,93.0
EDIN,edin18,Control_202,35.0,P3,6.919396,38.0,93.0
EDIN,edin18,Control_202,35.0,P4,-1.171469,38.0,93.0
EDIN,edin18,Control_202,35.0,C3,5.192254,38.0,93.0
EDIN,edin18,Control_202,35.0,C4,-0.7834725,38.0,93.0
EDIN,edin18,Control_202,35.0,P7,-0.02761223,38.0,93.0
EDIN,edin18,Control_202,35.0,P8,-3.599842,38.0,93.0
EDIN,edin18,Control_202,35.0,O1,0.752748,38.0,93.0
EDIN,edin18,Control_202,35.0,O2,-3.022648,38.0,93.0
EDIN,edin18,Control_202,39.0,Pz,-15.9983,26.0,87.0
EDIN,edin18,Control_202,39.0,Cz,-12.63059,26.0,87.0
EDIN,edin18,Control_202,39.0,CP1,-15.69491,26.0,87.0
EDIN,edin18,Control_202,39.0,CP2,-0.914977,26.0,87.0
EDIN,edin18,Control_202,39.0,P3,-33.4137,26.0,87.0
EDIN,edin18,Control_202,39.0,P4,-14.89339,26.0,87.0
EDIN,edin18,Control_202,39.0,C3,-20.29417,26.0,87.0
EDIN,edin18,Control_202,39.0,C4,-17.34886,26.0,87.0
EDIN,edin18,Control_202,39.0,P7,-12.16566,26.0,87.0
EDIN,edin18,Control_202,39.0,P8,-13.60337,26.0,87.0
EDIN,edin18,Control_202,39.0,O1,-12.14688,26.0,87.0
EDIN,edin18,Control_202,39.0,O2,-14.13226,26.0,87.0
EDIN,edin18,Control_202,31.0,Pz,3.478242,30.0,90.0
EDIN,edin18,Control_202,31.0,Cz,8.045728,30.0,90.0
EDIN,edin18,Control_202,31.0,CP1,5.714747,30.0,90.0
EDIN,edin18,Control_202,31.0,CP2,0.2805987,30.0,90.0
EDIN,edin18,Control_202,31.0,P3,0.6646044,30.0,90.0
EDIN,edin18,Control_202,31.0,P4,3.312966,30.0,90.0
EDIN,edin18,Control_202,31.0,C3,3.92581,30.0,90.0
EDIN,edin18,Control_202,31.0,C4,11.31274,30.0,90.0
EDIN,edin18,Control_202,31.0,P7,-5.732445,30.0,90.0
EDIN,edin18,Control_202,31.0,P8,-4.386614,30.0,90.0
EDIN,edin18,Control_202,31.0,O1,-7.868558,30.0,90.0
EDIN,edin18,Control_202,31.0,O2,-8.217582,30.0,90.0
EDIN,edin18,Control_202,51.0,Pz,9.913002,49.0,40.0
EDIN,edin18,Control_202,51.0,Cz,15.02254,49.0,40.0
EDIN,edin18,Control_202,51.0,CP1,18.37094,49.0,40.0
EDIN,edin18,Control_202,51.0,CP2,10.19579,49.0,40.0
EDIN,edin18,Control_202,51.0,P3,34.6166,49.0,40.0
EDIN,edin18,Control_202,51.0,P4,9.650216,49.0,40.0
EDIN,edin18,Control_202,51.0,C3,8.971824,49.0,40.0
EDIN,edin18,Control_202,51.0,C4,11.94184,49.0,40.0
EDIN,edin18,Control_202,51.0,P7,6.74049,49.0,40.0
EDIN,edin18,Control_202,51.0,P8,6.872056,49.0,40.0
EDIN,edin18,Control_202,51.0,O1,3.78478,49.0,40.0
EDIN,edin18,Control_202,51.0,O2,0.6049786,49.0,40.0
EDIN,edin18,Violation_201,56.0,Pz,25.10608,48.0,87.0
EDIN,edin18,Violation_201,56.0,Cz,16.36241,48.0,87.0
EDIN,edin18,Violation_201,56.0,CP1,-4.219122,48.0,87.0
EDIN,edin18,Violation_201,56.0,CP2,18.68309,48.0,87.0
EDIN,edin18,Violation_201,56.0,P3,12.0913,48.0,87.0
EDIN,edin18,Violation_201,56.0,P4,26.8562,48.0,87.0
EDIN,edin18,Violation_201,56.0,C3,19.01398,48.0,87.0
EDIN,edin18,Violation_201,56.0,C4,20.13704,48.0,87.0
EDIN,edin18,Violation_201,56.0,P7,21.79982,48.0,87.0
EDIN,edin18,Violation_201,56.0,P8,22.65192,48.0,87.0
EDIN,edin18,Violation_201,56.0,O1,30.08605,48.0,87.0
EDIN,edin18,Violation_201,56.0,O2,22.0979,48.0,87.0
EDIN,edin18,Control_202,47.0,Pz,14.34828,47.0,100.0
EDIN,edin18,Control_202,47.0,Cz,18.09315,47.0,100.0
EDIN,edin18,Control_202,47.0,CP1,15.59601,47.0,100.0
EDIN,edin18,Control_202,47.0,CP2,15.52385,47.0,100.0
EDIN,edin18,Control_202,47.0,P3,-0.6414773,47.0,100.0
EDIN,edin18,Control_202,47.0,P4,12.23102,47.0,100.0
EDIN,edin18,Control_202,47.0,C3,20.42789,47.0,100.0
EDIN,edin18,Control_202,47.0,C4,14.38391,47.0,100.0
EDIN,edin18,Control_202,47.0,P7,12.66837,47.0,100.0
EDIN,edin18,Control_202,47.0,P8,9.042655,47.0,100.0
EDIN,edin18,Control_202,47.0,O1,11.12906,47.0,100.0
EDIN,edin18,Control_202,47.0,O2,13.5943,47.0,100.0
EDIN,edin18,Violation_201,52.0,Pz,2.742652,57.0,69.0
EDIN,edin18,Violation_201,52.0,Cz,8.786997,57.0,69.0
EDIN,edin18,Violation_201,52.0,CP1,15.1827,57.0,69.0
EDIN,edin18,Violation_201,52.0,CP2,5.0285,57.0,69.0
EDIN,edin18,Violation_201,52.0,P3,-17.37197,57.0,69.0
EDIN,edin18,Violation_201,52.0,P4,2.509071,57.0,69.0
EDIN,edin18,Violation_201,52.0,C3,-0.7720531,57.0,69.0
EDIN,edin18,Violation_201,52.0,C4,1.213576,57.0,69.0
EDIN,edin18,Violation_201,52.0,P7,0.8700477,57.0,69.0
EDIN,edin18,Violation_201,52.0,P8,-0.3841069,57.0,69.0
EDIN,edin18,Violation_201,52.0,O1,6.061453,57.0,69.0
EDIN,edin18,Violation_201,52.0,O2,19.54528,57.0,69.0
EDIN,edin18,Violation_201,43.0,Pz,-3.569749,41.0,100.0
EDIN,edin18,Violation_201,43.0,Cz,-0.1187603,41.0,100.0
EDIN,edin18,Violation_201,43.0,CP1,19.78876,41.0,100.0
EDIN,edin18,Violation_201,43.0,CP2,2.936702,41.0,100.0
EDIN,edin18,Violation_201,43.0,P3,2.738927,41.0,100.0
EDIN,edin18,Violation_201,43.0,P4,-2.637494,41.0,100.0
EDIN,edin18,Violation_201,43.0,C3,4.289516,41.0,100.0
EDIN,edin18,Violation_201,43.0,C4,3.023359,41.0,100.0
EDIN,edin18,Violation_201,43.0,P7,8.343962,41.0,100.0
EDIN,edin18,Violation_201,43.0,P8,-1.317116,41.0,100.0
EDIN,edin18,Violation_201,43.0,O1,3.038422,41.0,100.0
EDIN,edin18,Violation_201,43.0,O2,-1.479024,41.0,100.0
EDIN,edin18,Violation_201,60.0,Pz,-1.576795,55.0,93.0
EDIN,edin18,Violation_201,60.0,Cz,-5.511655,55.0,93.0
EDIN,edin18,Violation_201,60.0,CP1,15.66866,55.0,93.0
EDIN,edin18,Violation_201,60.0,CP2,-1.737506,55.0,93.0
EDIN,edin18,Violation_201,60.0,P3,-8.150946,55.0,93.0
EDIN,edin18,Violation_201,60.0,P4,-4.277703,55.0,93.0
EDIN,edin18,Violation_201,60.0,C3,-10.09333,55.0,93.0
EDIN,edin18,Violation_201,60.0,C4,-9.582695,55.0,93.0
EDIN,edin18,Violation_201,60.0,P7,-0.3895419,55.0,93.0
EDIN,edin18,Violation_201,60.0,P8,-11.20061,55.0,93.0
EDIN,edin18,Violation_201,60.0,O1,1.612132,55.0,93.0
EDIN,edin18,Violation_201,60.0,O2,3.281978,55.0,93.0
EDIN,edin18,Violation_201,48.0,Pz,-15.11599,54.0,77.0
EDIN,edin18,Violation_201,48.0,Cz,-2.589032,54.0,77.0
EDIN,edin18,Violation_201,48.0,CP1,6.542567,54.0,77.0
EDIN,edin18,Violation_201,48.0,CP2,-8.86647,54.0,77.0
EDIN,edin18,Violation_201,48.0,P3,10.57123,54.0,77.0
EDIN,edin18,Violation_201,48.0,P4,-4.574663,54.0,77.0
EDIN,edin18,Violation_201,48.0,C3,-5.724125,54.0,77.0
EDIN,edin18,Violation_201,48.0,C4,1.152555,54.0,77.0
EDIN,edin18,Violation_201,48.0,P7,-2.179426,54.0,77.0
EDIN,edin18,Violation_201,48.0,P8,-5.335581,54.0,77.0
EDIN,edin18,Violation_201,48.0,O1,-7.989511,54.0,77.0
EDIN,edin18,Violation_201,48.0,O2,-4.24098,54.0,77.0
EDIN,edin18,Control_202,59.0,Pz,18.26011,46.0,63.0
EDIN,edin18,Control_202,59.0,Cz,27.60437,46.0,63.0
EDIN,edin18,Control_202,59.0,CP1,57.08562,46.0,63.0
EDIN,edin18,Control_202,59.0,CP2,17.3892,46.0,63.0
EDIN,edin18,Control_202,59.0,P3,24.50422,46.0,63.0
EDIN,edin18,Control_202,59.0,P4,11.60152,46.0,63.0
EDIN,edin18,Control_202,59.0,C3,19.56256,46.0,63.0
EDIN,edin18,Control_202,59.0,C4,16.47569,46.0,63.0
EDIN,edin18,Control_202,59.0,P7,15.58841,46.0,63.0
EDIN,edin18,Control_202,59.0,P8,9.680159,46.0,63.0
EDIN,edin18,Control_202,59.0,O1,13.07138,46.0,63.0
EDIN,edin18,Control_202,59.0,O2,14.48114,46.0,63.0
EDIN,edin18,Control_202,44.0,Pz,-10.4462,58.0,73.0
EDIN,edin18,Control_202,44.0,Cz,-15.05873,58.0,73.0
EDIN,edin18,Control_202,44.0,CP1,16.42787,58.0,73.0
EDIN,edin18,Control_202,44.0,CP2,-15.03409,58.0,73.0
EDIN,edin18,Control_202,44.0,P3,-10.43263,58.0,73.0
EDIN,edin18,Control_202,44.0,P4,-9.811008,58.0,73.0
EDIN,edin18,Control_202,44.0,C3,-10.67297,58.0,73.0
EDIN,edin18,Control_202,44.0,C4,-3.062262,58.0,73.0
EDIN,edin18,Control_202,44.0,P7,-12.8243,58.0,73.0
EDIN,edin18,Control_202,44.0,P8,-3.75404,58.0,73.0
EDIN,edin18,Control_202,44.0,O1,-8.526553,58.0,73.0
EDIN,edin18,Control_202,44.0,O2,-13.17506,58.0,73.0
EDIN,edin18,Control_202,55.0,Pz,-0.9166274,60.0,90.0
EDIN,edin18,Control_202,55.0,Cz,-1.05308,60.0,90.0
EDIN,edin18,Control_202,55.0,CP1,-3.480558,60.0,90.0
EDIN,edin18,Control_202,55.0,CP2,-5.673632,60.0,90.0
EDIN,edin18,Control_202,55.0,P3,13.33862,60.0,90.0
EDIN,edin18,Control_202,55.0,P4,3.517124,60.0,90.0
EDIN,edin18,Control_202,55.0,C3,4.278883,60.0,90.0
EDIN,edin18,Control_202,55.0,C4,2.086679,60.0,90.0
EDIN,edin18,Control_202,55.0,P7,3.690125,60.0,90.0
EDIN,edin18,Control_202,55.0,P8,6.808423,60.0,90.0
EDIN,edin18,Control_202,55.0,O1,1.320795,60.0,90.0
EDIN,edin18,Control_202,55.0,O2,4.121753,60.0,90.0
EDIN,edin18,Violation_201,76.0,Pz,-3.657021,61.0,34.0
EDIN,edin18,Violation_201,76.0,Cz,-5.836989,61.0,34.0
EDIN,edin18,Violation_201,76.0,CP1,-4.218794,61.0,34.0
EDIN,edin18,Violation_201,76.0,CP2,-27.57966,61.0,34.0
EDIN,edin18,Violation_201,76.0,P3,-23.08218,61.0,34.0
EDIN,edin18,Violation_201,76.0,P4,-11.75109,61.0,34.0
EDIN,edin18,Violation_201,76.0,C3,-4.245519,61.0,34.0
EDIN,edin18,Violation_201,76.0,C4,-17.6343,61.0,34.0
EDIN,edin18,Violation_201,76.0,P7,-4.430175,61.0,34.0
EDIN,edin18,Violation_201,76.0,P8,-9.966734,61.0,34.0
EDIN,edin18,Violation_201,76.0,O1,-7.743105,61.0,34.0
EDIN,edin18,Violation_201,76.0,O2,4.19421,61.0,34.0
EDIN,edin18,Violation_201,64.0,Pz,-1.5566,69.0,93.0
EDIN,edin18,Violation_201,64.0,Cz,-23.41853,69.0,93.0
EDIN,edin18,Violation_201,64.0,CP1,-19.48153,69.0,93.0
EDIN,edin18,Violation_201,64.0,CP2,-16.57958,69.0,93.0
EDIN,edin18,Violation_201,64.0,P3,-10.54648,69.0,93.0
EDIN,edin18,Violation_201,64.0,P4,-2.215273,69.0,93.0
EDIN,edin18,Violation_201,64.0,C3,-18.82787,69.0,93.0
EDIN,edin18,Violation_201,64.0,C4,-19.98332,69.0,93.0
EDIN,edin18,Violation_201,64.0,P7,-3.164481,69.0,93.0
EDIN,edin18,Violation_201,64.0,P8,1.10137,69.0,93.0
EDIN,edin18,Violation_201,64.0,O1,6.848256,69.0,93.0
EDIN,edin18,Violation_201,64.0,O2,11.16004,69.0,93.0
EDIN,edin18,Violation_201,80.0,Pz,20.54442,72.0,90.0
EDIN,edin18,Violation_201,80.0,Cz,9.672717,72.0,90.0
EDIN,edin18,Violation_201,80.0,CP1,-16.35369,72.0,90.0
EDIN,edin18,Violation_201,80.0,CP2,15.28808,72.0,90.0
EDIN,edin18,Violation_201,80.0,P3,12.41624,72.0,90.0
EDIN,edin18,Violation_201,80.0,P4,16.61909,72.0,90.0
EDIN,edin18,Violation_201,80.0,C3,10.72125,72.0,90.0
EDIN,edin18,Violation_201,80.0,C4,14.46945,72.0,90.0
EDIN,edin18,Violation_201,80.0,P7,11.59347,72.0,90.0
EDIN,edin18,Violation_201,80.0,P8,10.3855,72.0,90.0
EDIN,edin18,Violation_201,80.0,O1,14.77659,72.0,90.0
EDIN,edin18,Violation_201,80.0,O2,19.58566,72.0,90.0
EDIN,edin18,Control_202,79.0,Pz,-6.608328,67.0,87.0
EDIN,edin18,Control_202,79.0,Cz,-7.696232,67.0,87.0
EDIN,edin18,Control_202,79.0,CP1,-24.46333,67.0,87.0
EDIN,edin18,Control_202,79.0,CP2,16.98742,67.0,87.0
EDIN,edin18,Control_202,79.0,P3,15.30824,67.0,87.0
EDIN,edin18,Control_202,79.0,P4,-6.806122,67.0,87.0
EDIN,edin18,Control_202,79.0,C3,0.1929202,67.0,87.0
EDIN,edin18,Control_202,79.0,C4,-5.145224,67.0,87.0
EDIN,edin18,Control_202,79.0,P7,-3.706356,67.0,87.0
EDIN,edin18,Control_202,79.0,P8,-9.992432,67.0,87.0
EDIN,edin18,Control_202,79.0,O1,-8.110067,67.0,87.0
EDIN,edin18,Control_202,79.0,O2,-0.9542018,67.0,87.0
EDIN,edin18,Control_202,75.0,Pz,-16.92986,68.0,27.0
EDIN,edin18,Control_202,75.0,Cz,-13.81458,68.0,27.0
EDIN,edin18,Control_202,75.0,CP1,-25.48611,68.0,27.0
EDIN,edin18,Control_202,75.0,CP2,-11.07681,68.0,27.0
EDIN,edin18,Control_202,75.0,P3,9.445622,68.0,27.0
EDIN,edin18,Control_202,75.0,P4,-9.974627,68.0,27.0
EDIN,edin18,Control_202,75.0,C3,-15.40433,68.0,27.0
EDIN,edin18,Control_202,75.0,C4,-11.98036,68.0,27.0
EDIN,edin18,Control_202,75.0,P7,-13.02698,68.0,27.0
EDIN,edin18,Control_202,75.0,P8,-6.986292,68.0,27.0
EDIN,edin18,Control_202,75.0,O1,-15.06343,68.0,27.0
EDIN,edin18,Control_202,75.0,O2,-4.667258,68.0,27.0
EDIN,edin18,Control_202,63.0,Pz,-2.683996,66.0,23.0
EDIN,edin18,Control_202,63.0,Cz,-2.372667,66.0,23.0
EDIN,edin18,Control_202,63.0,CP1,-22.23818,66.0,23.0
EDIN,edin18,Control_202,63.0,CP2,5.844854,66.0,23.0
EDIN,edin18,Control_202,63.0,P3,-10.56159,66.0,23.0
EDIN,edin18,Control_202,63.0,P4,-4.195335,66.0,23.0
EDIN,edin18,Control_202,63.0,C3,-5.802322,66.0,23.0
EDIN,edin18,Control_202,63.0,C4,-11.2785,66.0,23.0
EDIN,edin18,Control_202,63.0,P7,-6.961876,66.0,23.0
EDIN,edin18,Control_202,63.0,P8,2.35499,66.0,23.0
EDIN,edin18,Control_202,63.0,O1,6.429363,66.0,23.0
EDIN,edin18,Control_202,63.0,O2,1.602947,66.0,23.0
EDIN,edin18,Violation_201,68.0,Pz,-2.880942,80.0,97.0
EDIN,edin18,Violation_201,68.0,Cz,-12.68217,80.0,97.0
EDIN,edin18,Violation_201,68.0,CP1,-31.91236,80.0,97.0
EDIN,edin18,Violation_201,68.0,CP2,1.456809,80.0,97.0
EDIN,edin18,Violation_201,68.0,P3,1.200432,80.0,97.0
EDIN,edin18,Violation_201,68.0,P4,-10.69657,80.0,97.0
EDIN,edin18,Violation_201,68.0,C3,-17.93232,80.0,97.0
EDIN,edin18,Violation_201,68.0,C4,-14.28589,80.0,97.0
EDIN,edin18,Violation_201,68.0,P7,-15.43325,80.0,97.0
EDIN,edin18,Violation_201,68.0,P8,-12.63364,80.0,97.0
EDIN,edin18,Violation_201,68.0,O1,-10.26403,80.0,97.0
EDIN,edin18,Violation_201,68.0,O2,1.711599,80.0,97.0
EDIN,edin18,Control_202,71.0,Pz,1.631394,75.0,60.0
EDIN,edin18,Control_202,71.0,Cz,-1.086819,75.0,60.0
EDIN,edin18,Control_202,71.0,CP1,-11.39363,75.0,60.0
EDIN,edin18,Control_202,71.0,CP2,4.430517,75.0,60.0
EDIN,edin18,Control_202,71.0,P3,0.5654728,75.0,60.0
EDIN,edin18,Control_202,71.0,P4,-2.176247,75.0,60.0
EDIN,edin18,Control_202,71.0,C3,-0.439134,75.0,60.0
EDIN,edin18,Control_202,71.0,C4,-2.214529,75.0,60.0
EDIN,edin18,Control_202,71.0,P7,-5.68132,75.0,60.0
EDIN,edin18,Control_202,71.0,P8,-3.904614,75.0,60.0
EDIN,edin18,Control_202,71.0,O1,-2.013484,75.0,60.0
EDIN,edin18,Control_202,71.0,O2,-5.395634,75.0,60.0
EDIN,edin18,Control_202,67.0,Pz,-0.9054679,64.0,50.0
EDIN,edin18,Control_202,67.0,Cz,-9.40402,64.0,50.0
EDIN,edin18,Control_202,67.0,CP1,-11.47088,64.0,50.0
EDIN,edin18,Control_202,67.0,CP2,-22.44464,64.0,50.0
EDIN,edin18,Control_202,67.0,P3,-22.03656,64.0,50.0
EDIN,edin18,Control_202,67.0,P4,-1.70133,64.0,50.0
EDIN,edin18,Control_202,67.0,C3,-3.847303,64.0,50.0
EDIN,edin18,Control_202,67.0,C4,-5.434346,64.0,50.0
EDIN,edin18,Control_202,67.0,P7,-0.6549378,64.0,50.0
EDIN,edin18,Control_202,67.0,P8,-2.200742,64.0,50.0
EDIN,edin18,Control_202,67.0,O1,5.697359,64.0,50.0
EDIN,edin18,Control_202,67.0,O2,-6.18365,64.0,50.0
EDIN,edin18,Violation_201,72.0,Pz,0.2627617,63.0,83.0
EDIN,edin18,Violation_201,72.0,Cz,-5.556643,63.0,83.0
EDIN,edin18,Violation_201,72.0,CP1,10.01,63.0,83.0
EDIN,edin18,Violation_201,72.0,CP2,-4.610937,63.0,83.0
EDIN,edin18,Violation_201,72.0,P3,-2.825853,63.0,83.0
EDIN,edin18,Violation_201,72.0,P4,-2.245195,63.0,83.0
EDIN,edin18,Violation_201,72.0,C3,7.349062,63.0,83.0
EDIN,edin18,Violation_201,72.0,C4,3.605447,63.0,83.0
EDIN,edin18,Violation_201,72.0,P7,2.743498,63.0,83.0
EDIN,edin18,Violation_201,72.0,P8,5.466081,63.0,83.0
EDIN,edin18,Violation_201,72.0,O1,-2.481463,63.0,83.0
EDIN,edin18,Violation_201,72.0,O2,-10.71158,63.0,83.0
EDIN,edin19,Control_202,1.0,Pz,-19.44206,1.0,97.0
EDIN,edin19,Control_202,1.0,Cz,1.126999,1.0,97.0
EDIN,edin19,Control_202,1.0,CP1,8.668368,1.0,97.0
EDIN,edin19,Control_202,1.0,CP2,3.31481,1.0,97.0
EDIN,edin19,Control_202,1.0,P3,-3.357302,1.0,97.0
EDIN,edin19,Control_202,1.0,P4,3.340503,1.0,97.0
EDIN,edin19,Control_202,1.0,C3,2.062044,1.0,97.0
EDIN,edin19,Control_202,1.0,C4,8.072731,1.0,97.0
EDIN,edin19,Control_202,1.0,P7,20.1689,1.0,97.0
EDIN,edin19,Control_202,1.0,P8,11.43267,1.0,97.0
EDIN,edin19,Control_202,1.0,O1,6.903683,1.0,97.0
EDIN,edin19,Control_202,1.0,O2,-7.859459,1.0,97.0
EDIN,edin19,Control_202,13.0,Pz,-10.1765,9.0,93.0
EDIN,edin19,Control_202,13.0,Cz,1.727251,9.0,93.0
EDIN,edin19,Control_202,13.0,CP1,0.7019483,9.0,93.0
EDIN,edin19,Control_202,13.0,CP2,-1.464836,9.0,93.0
EDIN,edin19,Control_202,13.0,P3,-9.252075,9.0,93.0
EDIN,edin19,Control_202,13.0,P4,5.771245,9.0,93.0
EDIN,edin19,Control_202,13.0,C3,-16.88844,9.0,93.0
EDIN,edin19,Control_202,13.0,C4,0.3921762,9.0,93.0
EDIN,edin19,Control_202,13.0,P7,-4.413546,9.0,93.0
EDIN,edin19,Control_202,13.0,P8,10.29131,9.0,93.0
EDIN,edin19,Control_202,13.0,O1,-9.685707,9.0,93.0
EDIN,edin19,Control_202,13.0,O2,5.114464,9.0,93.0
EDIN,edin19,Violation_201,14.0,Pz,-8.888707,10.0,80.0
EDIN,edin19,Violation_201,14.0,Cz,-13.64772,10.0,80.0
EDIN,edin19,Violation_201,14.0,CP1,-12.4458,10.0,80.0
EDIN,edin19,Violation_201,14.0,CP2,-13.46479,10.0,80.0
EDIN,edin19,Violation_201,14.0,P3,-13.40467,10.0,80.0
EDIN,edin19,Violation_201,14.0,P4,-15.27103,10.0,80.0
EDIN,edin19,Violation_201,14.0,C3,12.26836,10.0,80.0
EDIN,edin19,Violation_201,14.0,C4,-15.69189,10.0,80.0
EDIN,edin19,Violation_201,14.0,P7,-11.55229,10.0,80.0
EDIN,edin19,Violation_201,14.0,P8,-10.77664,10.0,80.0
EDIN,edin19,Violation_201,14.0,O1,-13.25612,10.0,80.0
EDIN,edin19,Violation_201,14.0,O2,-16.06337,10.0,80.0
EDIN,edin19,Control_202,9.0,Pz,6.780775,18.0,87.0
EDIN,edin19,Control_202,9.0,Cz,19.0072,18.0,87.0
EDIN,edin19,Control_202,9.0,CP1,11.33578,18.0,87.0
EDIN,edin19,Control_202,9.0,CP2,23.61639,18.0,87.0
EDIN,edin19,Control_202,9.0,P3,19.79148,18.0,87.0
EDIN,edin19,Control_202,9.0,P4,35.32902,18.0,87.0
EDIN,edin19,Control_202,9.0,C3,22.69298,18.0,87.0
EDIN,edin19,Control_202,9.0,C4,25.67596,18.0,87.0
EDIN,edin19,Control_202,9.0,P7,45.85324,18.0,87.0
EDIN,edin19,Control_202,9.0,P8,34.98638,18.0,87.0
EDIN,edin19,Control_202,9.0,O1,29.34277,18.0,87.0
EDIN,edin19,Control_202,9.0,O2,13.61867,18.0,87.0
EDIN,edin19,Violation_201,10.0,Pz,-39.45127,7.0,80.0
EDIN,edin19,Violation_201,10.0,Cz,-28.09576,7.0,80.0
EDIN,edin19,Violation_201,10.0,CP1,-27.19034,7.0,80.0
EDIN,edin19,Violation_201,10.0,CP2,-24.9125,7.0,80.0
EDIN,edin19,Violation_201,10.0,P3,-27.57899,7.0,80.0
EDIN,edin19,Violation_201,10.0,P4,-14.39156,7.0,80.0
EDIN,edin19,Violation_201,10.0,C3,-35.44785,7.0,80.0
EDIN,edin19,Violation_201,10.0,C4,-21.2562,7.0,80.0
EDIN,edin19,Violation_201,10.0,P7,-20.55642,7.0,80.0
EDIN,edin19,Violation_201,10.0,P8,-25.29414,7.0,80.0
EDIN,edin19,Violation_201,10.0,O1,-35.0752,7.0,80.0
EDIN,edin19,Violation_201,10.0,O2,-27.20881,7.0,80.0
EDIN,edin19,Control_202,17.0,Pz,24.75573,6.0,100.0
EDIN,edin19,Control_202,17.0,Cz,4.596506,6.0,100.0
EDIN,edin19,Control_202,17.0,CP1,9.606431,6.0,100.0
EDIN,edin19,Control_202,17.0,CP2,7.135014,6.0,100.0
EDIN,edin19,Control_202,17.0,P3,10.47766,6.0,100.0
EDIN,edin19,Control_202,17.0,P4,5.844689,6.0,100.0
EDIN,edin19,Control_202,17.0,C3,28.74149,6.0,100.0
EDIN,edin19,Control_202,17.0,C4,1.452233,6.0,100.0
EDIN,edin19,Control_202,17.0,P7,42.06359,6.0,100.0
EDIN,edin19,Control_202,17.0,P8,13.91749,6.0,100.0
EDIN,edin19,Control_202,17.0,O1,7.694282,6.0,100.0
EDIN,edin19,Control_202,17.0,O2,8.006987,6.0,100.0
EDIN,edin19,Violation_201,6.0,Pz,-1.197277,2.0,100.0
EDIN,edin19,Violation_201,6.0,Cz,2.42973,2.0,100.0
EDIN,edin19,Violation_201,6.0,CP1,-1.035558,2.0,100.0
EDIN,edin19,Violation_201,6.0,CP2,8.69525,2.0,100.0
EDIN,edin19,Violation_201,6.0,P3,8.781426,2.0,100.0
EDIN,edin19,Violation_201,6.0,P4,6.535403,2.0,100.0
EDIN,edin19,Violation_201,6.0,C3,10.65896,2.0,100.0
EDIN,edin19,Violation_201,6.0,C4,7.390519,2.0,100.0
EDIN,edin19,Violation_201,6.0,P7,-14.00724,2.0,100.0
EDIN,edin19,Violation_201,6.0,P8,5.903582,2.0,100.0
EDIN,edin19,Violation_201,6.0,O1,-1.494973,2.0,100.0
EDIN,edin19,Violation_201,6.0,O2,-6.792707,2.0,100.0
EDIN,edin19,Control_202,5.0,Pz,-24.05656,14.0,90.0
EDIN,edin19,Control_202,5.0,Cz,-19.66952,14.0,90.0
EDIN,edin19,Control_202,5.0,CP1,-47.09816,14.0,90.0
EDIN,edin19,Control_202,5.0,CP2,-23.38598,14.0,90.0
EDIN,edin19,Control_202,5.0,P3,-22.02,14.0,90.0
EDIN,edin19,Control_202,5.0,P4,-20.82564,14.0,90.0
EDIN,edin19,Control_202,5.0,C3,-28.14878,14.0,90.0
EDIN,edin19,Control_202,5.0,C4,-11.62311,14.0,90.0
EDIN,edin19,Control_202,5.0,P7,-15.15549,14.0,90.0
EDIN,edin19,Control_202,5.0,P8,-8.397923,14.0,90.0
EDIN,edin19,Control_202,5.0,O1,-21.74855,14.0,90.0
EDIN,edin19,Control_202,5.0,O2,-20.80222,14.0,90.0
EDIN,edin19,Violation_201,29.0,Pz,19.60843,25.0,97.0
EDIN,edin19,Violation_201,29.0,Cz,28.36745,25.0,97.0
EDIN,edin19,Violation_201,29.0,CP1,19.75336,25.0,97.0
EDIN,edin19,Violation_201,29.0,CP2,23.10731,25.0,97.0
EDIN,edin19,Violation_201,29.0,P3,18.36111,25.0,97.0
EDIN,edin19,Violation_201,29.0,P4,15.38443,25.0,97.0
EDIN,edin19,Violation_201,29.0,C3,23.3751,25.0,97.0
EDIN,edin19,Violation_201,29.0,C4,23.26528,25.0,97.0
EDIN,edin19,Violation_201,29.0,P7,37.99306,25.0,97.0
EDIN,edin19,Violation_201,29.0,P8,15.93701,25.0,97.0
EDIN,edin19,Violation_201,29.0,O1,17.08631,25.0,97.0
EDIN,edin19,Violation_201,29.0,O2,20.12549,25.0,97.0
EDIN,edin19,Control_202,37.0,Pz,9.523109,23.0,93.0
EDIN,edin19,Control_202,37.0,Cz,-19.47523,23.0,93.0
EDIN,edin19,Control_202,37.0,CP1,3.255288,23.0,93.0
EDIN,edin19,Control_202,37.0,CP2,-11.96014,23.0,93.0
EDIN,edin19,Control_202,37.0,P3,-16.23619,23.0,93.0
EDIN,edin19,Control_202,37.0,P4,-7.299229,23.0,93.0
EDIN,edin19,Control_202,37.0,C3,-13.61355,23.0,93.0
EDIN,edin19,Control_202,37.0,C4,-13.05181,23.0,93.0
EDIN,edin19,Control_202,37.0,P7,-0.4317789,23.0,93.0
EDIN,edin19,Control_202,37.0,P8,-10.90809,23.0,93.0
EDIN,edin19,Control_202,37.0,O1,-17.82712,23.0,93.0
EDIN,edin19,Control_202,37.0,O2,-14.68983,23.0,93.0
EDIN,edin19,Violation_201,38.0,Pz,-22.3479,26.0,87.0
EDIN,edin19,Violation_201,38.0,Cz,-15.88878,26.0,87.0
EDIN,edin19,Violation_201,38.0,CP1,-20.39938,26.0,87.0
EDIN,edin19,Violation_201,38.0,CP2,-14.82026,26.0,87.0
EDIN,edin19,Violation_201,38.0,P3,-17.87571,26.0,87.0
EDIN,edin19,Violation_201,38.0,P4,-8.732963,26.0,87.0
EDIN,edin19,Violation_201,38.0,C3,-16.06404,26.0,87.0
EDIN,edin19,Violation_201,38.0,C4,-11.02272,26.0,87.0
EDIN,edin19,Violation_201,38.0,P7,-2.305204,26.0,87.0
EDIN,edin19,Violation_201,38.0,P8,-8.717207,26.0,87.0
EDIN,edin19,Violation_201,38.0,O1,-3.26922,26.0,87.0
EDIN,edin19,Violation_201,38.0,O2,-16.77601,26.0,87.0
EDIN,edin19,Control_202,25.0,Pz,-4.464399,37.0,80.0
EDIN,edin19,Control_202,25.0,Cz,-15.78775,37.0,80.0
EDIN,edin19,Control_202,25.0,CP1,-26.47546,37.0,80.0
EDIN,edin19,Control_202,25.0,CP2,-19.37972,37.0,80.0
EDIN,edin19,Control_202,25.0,P3,-12.70326,37.0,80.0
EDIN,edin19,Control_202,25.0,P4,-18.82151,37.0,80.0
EDIN,edin19,Control_202,25.0,C3,-19.93285,37.0,80.0
EDIN,edin19,Control_202,25.0,C4,-12.16328,37.0,80.0
EDIN,edin19,Control_202,25.0,P7,-9.217578,37.0,80.0
EDIN,edin19,Control_202,25.0,P8,-19.15236,37.0,80.0
EDIN,edin19,Control_202,25.0,O1,-12.01904,37.0,80.0
EDIN,edin19,Control_202,25.0,O2,-18.18671,37.0,80.0
EDIN,edin19,Violation_201,22.0,Pz,10.33475,29.0,90.0
EDIN,edin19,Violation_201,22.0,Cz,12.44784,29.0,90.0
EDIN,edin19,Violation_201,22.0,CP1,1.596884,29.0,90.0
EDIN,edin19,Violation_201,22.0,CP2,10.00719,29.0,90.0
EDIN,edin19,Violation_201,22.0,P3,5.724284,29.0,90.0
EDIN,edin19,Violation_201,22.0,P4,20.09827,29.0,90.0
EDIN,edin19,Violation_201,22.0,C3,35.67974,29.0,90.0
EDIN,edin19,Violation_201,22.0,C4,8.813034,29.0,90.0
EDIN,edin19,Violation_201,22.0,P7,22.14604,29.0,90.0
EDIN,edin19,Violation_201,22.0,P8,21.75468,29.0,90.0
EDIN,edin19,Violation_201,22.0,O1,2.496346,29.0,90.0
EDIN,edin19,Violation_201,22.0,O2,-2.726549,29.0,90.0
EDIN,edin19,Control_202,21.0,Pz,-1.380013,36.0,77.0
EDIN,edin19,Control_202,21.0,Cz,-1.036011,36.0,77.0
EDIN,edin19,Control_202,21.0,CP1,21.82335,36.0,77.0
EDIN,edin19,Control_202,21.0,CP2,2.322899,36.0,77.0
EDIN,edin19,Control_202,21.0,P3,9.223585,36.0,77.0
EDIN,edin19,Control_202,21.0,P4,4.913009,36.0,77.0
EDIN,edin19,Control_202,21.0,C3,-0.6238616,36.0,77.0
EDIN,edin19,Control_202,21.0,C4,3.975114,36.0,77.0
EDIN,edin19,Control_202,21.0,P7,-29.72415,36.0,77.0
EDIN,edin19,Control_202,21.0,P8,4.286792,36.0,77.0
EDIN,edin19,Control_202,21.0,O1,-1.752314,36.0,77.0
EDIN,edin19,Control_202,21.0,O2,7.010785,36.0,77.0
EDIN,edin19,Violation_201,34.0,Pz,-42.76126,21.0,77.0
EDIN,edin19,Violation_201,34.0,Cz,-37.69361,21.0,77.0
EDIN,edin19,Violation_201,34.0,CP1,-45.38661,21.0,77.0
EDIN,edin19,Violation_201,34.0,CP2,-43.19474,21.0,77.0
EDIN,edin19,Violation_201,34.0,P3,-37.88841,21.0,77.0
EDIN,edin19,Violation_201,34.0,P4,-47.88168,21.0,77.0
EDIN,edin19,Violation_201,34.0,C3,-9.265799,21.0,77.0
EDIN,edin19,Violation_201,34.0,C4,-33.4549,21.0,77.0
EDIN,edin19,Violation_201,34.0,P7,-16.0586,21.0,77.0
EDIN,edin19,Violation_201,34.0,P8,-23.83014,21.0,77.0
EDIN,edin19,Violation_201,34.0,O1,-26.79909,21.0,77.0
EDIN,edin19,Violation_201,34.0,O2,-37.16241,21.0,77.0
EDIN,edin19,Violation_201,26.0,Pz,22.73194,31.0,77.0
EDIN,edin19,Violation_201,26.0,Cz,17.88528,31.0,77.0
EDIN,edin19,Violation_201,26.0,CP1,35.04266,31.0,77.0
EDIN,edin19,Violation_201,26.0,CP2,21.26999,31.0,77.0
EDIN,edin19,Violation_201,26.0,P3,4.993729,31.0,77.0
EDIN,edin19,Violation_201,26.0,P4,15.5738,31.0,77.0
EDIN,edin19,Violation_201,26.0,C3,5.448929,31.0,77.0
EDIN,edin19,Violation_201,26.0,C4,13.54436,31.0,77.0
EDIN,edin19,Violation_201,26.0,P7,6.128545,31.0,77.0
EDIN,edin19,Violation_201,26.0,P8,8.707386,31.0,77.0
EDIN,edin19,Violation_201,26.0,O1,12.43593,31.0,77.0
EDIN,edin19,Violation_201,26.0,O2,13.75229,31.0,77.0
EDIN,edin19,Control_202,33.0,Pz,11.68248,22.0,53.0
EDIN,edin19,Control_202,33.0,Cz,0.3113707,22.0,53.0
EDIN,edin19,Control_202,33.0,CP1,11.73288,22.0,53.0
EDIN,edin19,Control_202,33.0,CP2,4.205785,22.0,53.0
EDIN,edin19,Control_202,33.0,P3,4.370225,22.0,53.0
EDIN,edin19,Control_202,33.0,P4,4.038489,22.0,53.0
EDIN,edin19,Control_202,33.0,C3,-3.207261,22.0,53.0
EDIN,edin19,Control_202,33.0,C4,1.149956,22.0,53.0
EDIN,edin19,Control_202,33.0,P7,-3.859792,22.0,53.0
EDIN,edin19,Control_202,33.0,P8,-4.235832,22.0,53.0
EDIN,edin19,Control_202,33.0,O1,-1.781663,22.0,53.0
EDIN,edin19,Control_202,33.0,O2,-3.894372,22.0,53.0
EDIN,edin19,Control_202,45.0,Pz,0.07279874,57.0,69.0
EDIN,edin19,Control_202,45.0,Cz,-4.199806,57.0,69.0
EDIN,edin19,Control_202,45.0,CP1,-11.29564,57.0,69.0
EDIN,edin19,Control_202,45.0,CP2,-6.046472,57.0,69.0
EDIN,edin19,Control_202,45.0,P3,-9.441515,57.0,69.0
EDIN,edin19,Control_202,45.0,P4,-13.28434,57.0,69.0
EDIN,edin19,Control_202,45.0,C3,-16.31877,57.0,69.0
EDIN,edin19,Control_202,45.0,C4,-3.608749,57.0,69.0
EDIN,edin19,Control_202,45.0,P7,-6.260265,57.0,69.0
EDIN,edin19,Control_202,45.0,P8,-8.453615,57.0,69.0
EDIN,edin19,Control_202,45.0,O1,-9.464492,57.0,69.0
EDIN,edin19,Control_202,45.0,O2,-17.1103,57.0,69.0
EDIN,edin19,Control_202,53.0,Pz,15.26761,56.0,93.0
EDIN,edin19,Control_202,53.0,Cz,17.95433,56.0,93.0
EDIN,edin19,Control_202,53.0,CP1,23.21195,56.0,93.0
EDIN,edin19,Control_202,53.0,CP2,17.13634,56.0,93.0
EDIN,edin19,Control_202,53.0,P3,15.34739,56.0,93.0
EDIN,edin19,Control_202,53.0,P4,12.24325,56.0,93.0
EDIN,edin19,Control_202,53.0,C3,19.23069,56.0,93.0
EDIN,edin19,Control_202,53.0,C4,12.94,56.0,93.0
EDIN,edin19,Control_202,53.0,P7,16.60564,56.0,93.0
EDIN,edin19,Control_202,53.0,P8,14.59184,56.0,93.0
EDIN,edin19,Control_202,53.0,O1,15.36306,56.0,93.0
EDIN,edin19,Control_202,53.0,O2,8.795842,56.0,93.0
EDIN,edin19,Control_202,41.0,Pz,-6.074197,47.0,100.0
EDIN,edin19,Control_202,41.0,Cz,-23.90654,47.0,100.0
EDIN,edin19,Control_202,41.0,CP1,-31.81657,47.0,100.0
EDIN,edin19,Control_202,41.0,CP2,-22.44191,47.0,100.0
EDIN,edin19,Control_202,41.0,P3,-17.63635,47.0,100.0
EDIN,edin19,Control_202,41.0,P4,-22.56412,47.0,100.0
EDIN,edin19,Control_202,41.0,C3,-2.222142,47.0,100.0
EDIN,edin19,Control_202,41.0,C4,-20.24175,47.0,100.0
EDIN,edin19,Control_202,41.0,P7,-13.25407,47.0,100.0
EDIN,edin19,Control_202,41.0,P8,-11.6887,47.0,100.0
EDIN,edin19,Control_202,41.0,O1,-23.80955,47.0,100.0
EDIN,edin19,Control_202,41.0,O2,-26.46744,47.0,100.0
EDIN,edin19,Control_202,57.0,Pz,-15.58319,44.0,90.0
EDIN,edin19,Control_202,57.0,Cz,-7.778142,44.0,90.0
EDIN,edin19,Control_202,57.0,CP1,6.250786,44.0,90.0
EDIN,edin19,Control_202,57.0,CP2,-3.806507,44.0,90.0
EDIN,edin19,Control_202,57.0,P3,-8.095135,44.0,90.0
EDIN,edin19,Control_202,57.0,P4,-6.851542,44.0,90.0
EDIN,edin19,Control_202,57.0,C3,10.24148,44.0,90.0
EDIN,edin19,Control_202,57.0,C4,-5.310524,44.0,90.0
EDIN,edin19,Control_202,57.0,P7,-6.894972,44.0,90.0
EDIN,edin19,Control_202,57.0,P8,0.1412207,44.0,90.0
EDIN,edin19,Control_202,57.0,O1,-9.412773,44.0,90.0
EDIN,edin19,Control_202,57.0,O2,-1.894846,44.0,90.0
EDIN,edin19,Violation_201,46.0,Pz,21.97655,55.0,93.0
EDIN,edin19,Violation_201,46.0,Cz,12.3247,55.0,93.0
EDIN,edin19,Violation_201,46.0,CP1,16.86663,55.0,93.0
EDIN,edin19,Violation_201,46.0,CP2,14.6225,55.0,93.0
EDIN,edin19,Violation_201,46.0,P3,8.935995,55.0,93.0
EDIN,edin19,Violation_201,46.0,P4,13.97695,55.0,93.0
EDIN,edin19,Violation_201,46.0,C3,6.598239,55.0,93.0
EDIN,edin19,Violation_201,46.0,C4,8.473581,55.0,93.0
EDIN,edin19,Violation_201,46.0,P7,10.94387,55.0,93.0
EDIN,edin19,Violation_201,46.0,P8,7.748688,55.0,93.0
EDIN,edin19,Violation_201,46.0,O1,18.0178,55.0,93.0
EDIN,edin19,Violation_201,46.0,O2,20.95666,55.0,93.0
EDIN,edin19,Control_202,49.0,Pz,-2.555116,49.0,40.0
EDIN,edin19,Control_202,49.0,Cz,9.807597,49.0,40.0
EDIN,edin19,Control_202,49.0,CP1,1.52128,49.0,40.0
EDIN,edin19,Control_202,49.0,CP2,4.095168,49.0,40.0
EDIN,edin19,Control_202,49.0,P3,2.356954,49.0,40.0
EDIN,edin19,Control_202,49.0,P4,1.080263,49.0,40.0
EDIN,edin19,Control_202,49.0,C3,-27.23277,49.0,40.0
EDIN,edin19,Control_202,49.0,C4,1.868482,49.0,40.0
EDIN,edin19,Control_202,49.0,P7,-8.535063,49.0,40.0
EDIN,edin19,Control_202,49.0,P8,3.479453,49.0,40.0
EDIN,edin19,Control_202,49.0,O1,3.498992,49.0,40.0
EDIN,edin19,Control_202,49.0,O2,4.907109,49.0,40.0
EDIN,edin19,Violation_201,42.0,Pz,18.24502,45.0,67.0
EDIN,edin19,Violation_201,42.0,Cz,18.66736,45.0,67.0
EDIN,edin19,Violation_201,42.0,CP1,17.94106,45.0,67.0
EDIN,edin19,Violation_201,42.0,CP2,17.07375,45.0,67.0
EDIN,edin19,Violation_201,42.0,P3,18.24774,45.0,67.0
EDIN,edin19,Violation_201,42.0,P4,21.07724,45.0,67.0
EDIN,edin19,Violation_201,42.0,C3,30.2702,45.0,67.0
EDIN,edin19,Violation_201,42.0,C4,16.6687,45.0,67.0
EDIN,edin19,Violation_201,42.0,P7,10.98077,45.0,67.0
EDIN,edin19,Violation_201,42.0,P8,11.02214,45.0,67.0
EDIN,edin19,Violation_201,42.0,O1,1.895233,45.0,67.0
EDIN,edin19,Violation_201,42.0,O2,6.360183,45.0,67.0
EDIN,edin19,Violation_201,58.0,Pz,13.40193,48.0,87.0
EDIN,edin19,Violation_201,58.0,Cz,-18.48757,48.0,87.0
EDIN,edin19,Violation_201,58.0,CP1,-12.66637,48.0,87.0
EDIN,edin19,Violation_201,58.0,CP2,-6.171874,48.0,87.0
EDIN,edin19,Violation_201,58.0,P3,-9.615065,48.0,87.0
EDIN,edin19,Violation_201,58.0,P4,-3.010537,48.0,87.0
EDIN,edin19,Violation_201,58.0,C3,13.15919,48.0,87.0
EDIN,edin19,Violation_201,58.0,C4,-9.891281,48.0,87.0
EDIN,edin19,Violation_201,58.0,P7,-24.05628,48.0,87.0
EDIN,edin19,Violation_201,58.0,P8,-7.896133,48.0,87.0
EDIN,edin19,Violation_201,58.0,O1,-17.24928,48.0,87.0
EDIN,edin19,Violation_201,58.0,O2,-12.35773,48.0,87.0
EDIN,edin19,Violation_201,54.0,Pz,-2.355855,51.0,90.0
EDIN,edin19,Violation_201,54.0,Cz,1.604409,51.0,90.0
EDIN,edin19,Violation_201,54.0,CP1,3.640913,51.0,90.0
EDIN,edin19,Violation_201,54.0,CP2,-1.873915,51.0,90.0
EDIN,edin19,Violation_201,54.0,P3,-1.991437,51.0,90.0
EDIN,edin19,Violation_201,54.0,P4,-3.92302,51.0,90.0
EDIN,edin19,Violation_201,54.0,C3,28.24697,51.0,90.0
EDIN,edin19,Violation_201,54.0,C4,8.250619,51.0,90.0
EDIN,edin19,Violation_201,54.0,P7,13.06055,51.0,90.0
EDIN,edin19,Violation_201,54.0,P8,7.70867,51.0,90.0
EDIN,edin19,Violation_201,54.0,O1,-1.728384,51.0,90.0
EDIN,edin19,Violation_201,54.0,O2,-8.736963,51.0,90.0
EDIN,edin19,Violation_201,50.0,Pz,32.78152,42.0,37.0
EDIN,edin19,Violation_201,50.0,Cz,1.373043,42.0,37.0
EDIN,edin19,Violation_201,50.0,CP1,15.31987,42.0,37.0
EDIN,edin19,Violation_201,50.0,CP2,14.57806,42.0,37.0
EDIN,edin19,Violation_201,50.0,P3,12.16081,42.0,37.0
EDIN,edin19,Violation_201,50.0,P4,12.56742,42.0,37.0
EDIN,edin19,Violation_201,50.0,C3,8.399048,42.0,37.0
EDIN,edin19,Violation_201,50.0,C4,12.323,42.0,37.0
EDIN,edin19,Violation_201,50.0,P7,21.67936,42.0,37.0
EDIN,edin19,Violation_201,50.0,P8,15.27609,42.0,37.0
EDIN,edin19,Violation_201,50.0,O1,12.52701,42.0,37.0
EDIN,edin19,Violation_201,50.0,O2,9.549898,42.0,37.0
EDIN,edin19,Control_202,77.0,Pz,-27.31285,72.0,90.0
EDIN,edin19,Control_202,77.0,Cz,-13.96095,72.0,90.0
EDIN,edin19,Control_202,77.0,CP1,-18.03922,72.0,90.0
EDIN,edin19,Control_202,77.0,CP2,-12.59476,72.0,90.0
EDIN,edin19,Control_202,77.0,P3,36.81826,72.0,90.0
EDIN,edin19,Control_202,77.0,P4,-9.563936,72.0,90.0
EDIN,edin19,Control_202,77.0,C3,-22.49426,72.0,90.0
EDIN,edin19,Control_202,77.0,C4,-10.83342,72.0,90.0
EDIN,edin19,Control_202,77.0,P7,-5.33825,72.0,90.0
EDIN,edin19,Control_202,77.0,P8,-1.142982,72.0,90.0
EDIN,edin19,Control_202,77.0,O1,-1.831298,72.0,90.0
EDIN,edin19,Control_202,77.0,O2,-7.235526,72.0,90.0
EDIN,edin19,Control_202,73.0,Pz,7.741395,80.0,97.0
EDIN,edin19,Control_202,73.0,Cz,6.97617,80.0,97.0
EDIN,edin19,Control_202,73.0,CP1,-14.72571,80.0,97.0
EDIN,edin19,Control_202,73.0,CP2,17.02943,80.0,97.0
EDIN,edin19,Control_202,73.0,P3,19.51494,80.0,97.0
EDIN,edin19,Control_202,73.0,P4,20.95782,80.0,97.0
EDIN,edin19,Control_202,73.0,C3,-10.96298,80.0,97.0
EDIN,edin19,Control_202,73.0,C4,0.1835196,80.0,97.0
EDIN,edin19,Control_202,73.0,P7,15.86429,80.0,97.0
EDIN,edin19,Control_202,73.0,P8,0.0001986735,80.0,97.0
EDIN,edin19,Control_202,73.0,O1,3.068494,80.0,97.0
EDIN,edin19,Control_202,73.0,O2,21.22631,80.0,97.0
EDIN,edin19,Violation_201,62.0,Pz,-35.85838,77.0,100.0
EDIN,edin19,Violation_201,62.0,Cz,-21.43638,77.0,100.0
EDIN,edin19,Violation_201,62.0,CP1,-29.54127,77.0,100.0
EDIN,edin19,Violation_201,62.0,CP2,-29.88286,77.0,100.0
EDIN,edin19,Violation_201,62.0,P3,-34.95704,77.0,100.0
EDIN,edin19,Violation_201,62.0,P4,-34.356,77.0,100.0
EDIN,edin19,Violation_201,62.0,C3,-21.9255,77.0,100.0
EDIN,edin19,Violation_201,62.0,C4,-23.33217,77.0,100.0
EDIN,edin19,Violation_201,62.0,P7,-27.54974,77.0,100.0
EDIN,edin19,Violation_201,62.0,P8,-29.26778,77.0,100.0
EDIN,edin19,Violation_201,62.0,O1,-49.92281,77.0,100.0
EDIN,edin19,Violation_201,62.0,O2,-33.66863,77.0,100.0
EDIN,edin19,Control_202,61.0,Pz,-28.74224,64.0,50.0
EDIN,edin19,Control_202,61.0,Cz,-17.95479,64.0,50.0
EDIN,edin19,Control_202,61.0,CP1,-27.62096,64.0,50.0
EDIN,edin19,Control_202,61.0,CP2,-25.63663,64.0,50.0
EDIN,edin19,Control_202,61.0,P3,-14.43226,64.0,50.0
EDIN,edin19,Control_202,61.0,P4,-32.06509,64.0,50.0
EDIN,edin19,Control_202,61.0,C3,-33.7568,64.0,50.0
EDIN,edin19,Control_202,61.0,C4,-18.89423,64.0,50.0
EDIN,edin19,Control_202,61.0,P7,-12.91652,64.0,50.0
EDIN,edin19,Control_202,61.0,P8,-18.74834,64.0,50.0
EDIN,edin19,Control_202,61.0,O1,-24.18671,64.0,50.0
EDIN,edin19,Control_202,61.0,O2,-19.68023,64.0,50.0
EDIN,edin19,Control_202,65.0,Pz,-12.99046,62.0,70.0
EDIN,edin19,Control_202,65.0,Cz,4.349194,62.0,70.0
EDIN,edin19,Control_202,65.0,CP1,17.7219,62.0,70.0
EDIN,edin19,Control_202,65.0,CP2,9.603794,62.0,70.0
EDIN,edin19,Control_202,65.0,P3,9.86494,62.0,70.0
EDIN,edin19,Control_202,65.0,P4,13.28697,62.0,70.0
EDIN,edin19,Control_202,65.0,C3,16.23372,62.0,70.0
EDIN,edin19,Control_202,65.0,C4,5.944179,62.0,70.0
EDIN,edin19,Control_202,65.0,P7,-2.795494,62.0,70.0
EDIN,edin19,Control_202,65.0,P8,3.772035,62.0,70.0
EDIN,edin19,Control_202,65.0,O1,3.317851,62.0,70.0
EDIN,edin19,Control_202,65.0,O2,-5.432537,62.0,70.0
EDIN,edin19,Violation_201,70.0,Pz,-41.41697,65.0,93.0
EDIN,edin19,Violation_201,70.0,Cz,-34.23352,65.0,93.0
EDIN,edin19,Violation_201,70.0,CP1,-29.74175,65.0,93.0
EDIN,edin19,Violation_201,70.0,CP2,-26.42505,65.0,93.0
EDIN,edin19,Violation_201,70.0,P3,-26.68418,65.0,93.0
EDIN,edin19,Violation_201,70.0,P4,-22.60137,65.0,93.0
EDIN,edin19,Violation_201,70.0,C3,-35.66183,65.0,93.0
EDIN,edin19,Violation_201,70.0,C4,-24.53014,65.0,93.0
EDIN,edin19,Violation_201,70.0,P7,-26.50632,65.0,93.0
EDIN,edin19,Violation_201,70.0,P8,-17.58742,65.0,93.0
EDIN,edin19,Violation_201,70.0,O1,-16.73493,65.0,93.0
EDIN,edin19,Violation_201,70.0,O2,-17.43075,65.0,93.0
EDIN,edin19,Control_202,69.0,Pz,4.789815,67.0,87.0
EDIN,edin19,Control_202,69.0,Cz,18.62388,67.0,87.0
EDIN,edin19,Control_202,69.0,CP1,16.03273,67.0,87.0
EDIN,edin19,Control_202,69.0,CP2,13.15484,67.0,87.0
EDIN,edin19,Control_202,69.0,P3,7.817671,67.0,87.0
EDIN,edin19,Control_202,69.0,P4,21.81097,67.0,87.0
EDIN,edin19,Control_202,69.0,C3,13.06889,67.0,87.0
EDIN,edin19,Control_202,69.0,C4,8.190405,67.0,87.0
EDIN,edin19,Control_202,69.0,P7,21.31607,67.0,87.0
EDIN,edin19,Control_202,69.0,P8,7.693931,67.0,87.0
EDIN,edin19,Control_202,69.0,O1,4.784094,67.0,87.0
EDIN,edin19,Control_202,69.0,O2,12.79328,67.0,87.0
EDIN,edin19,Violation_201,78.0,Pz,22.75408,76.0,90.0
EDIN,edin19,Violation_201,78.0,Cz,14.99881,76.0,90.0
EDIN,edin19,Violation_201,78.0,CP1,34.63142,76.0,90.0
EDIN,edin19,Violation_201,78.0,CP2,19.242,76.0,90.0
EDIN,edin19,Violation_201,78.0,P3,11.61994,76.0,90.0
EDIN,edin19,Violation_201,78.0,P4,21.44771,76.0,90.0
EDIN,edin19,Violation_201,78.0,C3,30.51892,76.0,90.0
EDIN,edin19,Violation_201,78.0,C4,14.47182,76.0,90.0
EDIN,edin19,Violation_201,78.0,P7,0.4662589,76.0,90.0
EDIN,edin19,Violation_201,78.0,P8,2.64493,76.0,90.0
EDIN,edin19,Violation_201,78.0,O1,5.20507,76.0,90.0
EDIN,edin19,Violation_201,78.0,O2,5.042732,76.0,90.0
EDIN,edin19,Violation_201,74.0,Pz,20.43011,69.0,93.0
EDIN,edin19,Violation_201,74.0,Cz,19.40564,69.0,93.0
EDIN,edin19,Violation_201,74.0,CP1,39.7257,69.0,93.0
EDIN,edin19,Violation_201,74.0,CP2,22.94836,69.0,93.0
EDIN,edin19,Violation_201,74.0,P3,14.93003,69.0,93.0
EDIN,edin19,Violation_201,74.0,P4,22.69237,69.0,93.0
EDIN,edin19,Violation_201,74.0,C3,20.8964,69.0,93.0
EDIN,edin19,Violation_201,74.0,C4,12.27779,69.0,93.0
EDIN,edin19,Violation_201,74.0,P7,12.66146,69.0,93.0
EDIN,edin19,Violation_201,74.0,P8,7.5674,69.0,93.0
EDIN,edin19,Violation_201,74.0,O1,2.340631,69.0,93.0
EDIN,edin19,Violation_201,74.0,O2,2.029726,69.0,93.0
EDIN,edin19,Violation_201,66.0,Pz,-13.42313,79.0,97.0
EDIN,edin19,Violation_201,66.0,Cz,-3.894217,79.0,97.0
EDIN,edin19,Violation_201,66.0,CP1,-4.350542,79.0,97.0
EDIN,edin19,Violation_201,66.0,CP2,-2.187353,79.0,97.0
EDIN,edin19,Violation_201,66.0,P3,-9.988211,79.0,97.0
EDIN,edin19,Violation_201,66.0,P4,-12.05944,79.0,97.0
EDIN,edin19,Violation_201,66.0,C3,0.1479529,79.0,97.0
EDIN,edin19,Violation_201,66.0,C4,-13.05623,79.0,97.0
EDIN,edin19,Violation_201,66.0,P7,-22.35603,79.0,97.0
EDIN,edin19,Violation_201,66.0,P8,-9.175609,79.0,97.0
EDIN,edin19,Violation_201,66.0,O1,-11.71142,79.0,97.0
EDIN,edin19,Violation_201,66.0,O2,-11.24754,79.0,97.0
EDIN,edin1,Control_202,3.0,Pz,8.988785,3.0,100.0
EDIN,edin1,Control_202,3.0,Cz,-6.549012,3.0,100.0
EDIN,edin1,Control_202,3.0,CP1,-9.580561,3.0,100.0
EDIN,edin1,Control_202,3.0,CP2,-0.8934001,3.0,100.0
EDIN,edin1,Control_202,3.0,P3,-11.33885,3.0,100.0
EDIN,edin1,Control_202,3.0,P4,-10.49494,3.0,100.0
EDIN,edin1,Control_202,3.0,C3,-10.23577,3.0,100.0
EDIN,edin1,Control_202,3.0,C4,-9.310308,3.0,100.0
EDIN,edin1,Control_202,3.0,P7,-14.42754,3.0,100.0
EDIN,edin1,Control_202,3.0,P8,-1.756712,3.0,100.0
EDIN,edin1,Control_202,3.0,O1,-4.51604,3.0,100.0
EDIN,edin1,Control_202,3.0,O2,-8.658218,3.0,100.0
EDIN,edin1,Violation_201,4.0,Pz,11.92633,4.0,93.0
EDIN,edin1,Violation_201,4.0,Cz,11.30542,4.0,93.0
EDIN,edin1,Violation_201,4.0,CP1,17.87409,4.0,93.0
EDIN,edin1,Violation_201,4.0,CP2,11.68098,4.0,93.0
EDIN,edin1,Violation_201,4.0,P3,12.05749,4.0,93.0
EDIN,edin1,Violation_201,4.0,P4,28.20025,4.0,93.0
EDIN,edin1,Violation_201,4.0,C3,4.618237,4.0,93.0
EDIN,edin1,Violation_201,4.0,C4,30.26757,4.0,93.0
EDIN,edin1,Violation_201,4.0,P7,3.711966,4.0,93.0
EDIN,edin1,Violation_201,4.0,P8,12.83023,4.0,93.0
EDIN,edin1,Violation_201,4.0,O1,13.25246,4.0,93.0
EDIN,edin1,Violation_201,4.0,O2,21.93946,4.0,93.0
EDIN,edin1,Control_202,7.0,Pz,9.324713,7.0,80.0
EDIN,edin1,Control_202,7.0,Cz,6.589257,7.0,80.0
EDIN,edin1,Control_202,7.0,CP1,16.43647,7.0,80.0
EDIN,edin1,Control_202,7.0,CP2,13.50667,7.0,80.0
EDIN,edin1,Control_202,7.0,P3,23.02011,7.0,80.0
EDIN,edin1,Control_202,7.0,P4,32.18207,7.0,80.0
EDIN,edin1,Control_202,7.0,C3,14.30563,7.0,80.0
EDIN,edin1,Control_202,7.0,C4,32.10726,7.0,80.0
EDIN,edin1,Control_202,7.0,P7,18.08849,7.0,80.0
EDIN,edin1,Control_202,7.0,P8,19.84562,7.0,80.0
EDIN,edin1,Control_202,7.0,O1,26.85928,7.0,80.0
EDIN,edin1,Control_202,7.0,O2,20.86102,7.0,80.0
EDIN,edin1,Violation_201,8.0,Pz,5.930769,8.0,97.0
EDIN,edin1,Violation_201,8.0,Cz,7.675143,8.0,97.0
EDIN,edin1,Violation_201,8.0,CP1,5.788826,8.0,97.0
EDIN,edin1,Violation_201,8.0,CP2,4.376985,8.0,97.0
EDIN,edin1,Violation_201,8.0,P3,11.94695,8.0,97.0
EDIN,edin1,Violation_201,8.0,P4,20.21805,8.0,97.0
EDIN,edin1,Violation_201,8.0,C3,13.67783,8.0,97.0
EDIN,edin1,Violation_201,8.0,C4,12.30313,8.0,97.0
EDIN,edin1,Violation_201,8.0,P7,-1.553816,8.0,97.0
EDIN,edin1,Violation_201,8.0,P8,1.177942,8.0,97.0
EDIN,edin1,Violation_201,8.0,O1,1.339058,8.0,97.0
EDIN,edin1,Violation_201,8.0,O2,1.28637,8.0,97.0
EDIN,edin1,Control_202,11.0,Pz,1.477563,11.0,87.0
EDIN,edin1,Control_202,11.0,Cz,-3.249669,11.0,87.0
EDIN,edin1,Control_202,11.0,CP1,-2.95152,11.0,87.0
EDIN,edin1,Control_202,11.0,CP2,-1.277131,11.0,87.0
EDIN,edin1,Control_202,11.0,P3,5.052285,11.0,87.0
EDIN,edin1,Control_202,11.0,P4,17.64772,11.0,87.0
EDIN,edin1,Control_202,11.0,C3,-5.10105,11.0,87.0
EDIN,edin1,Control_202,11.0,C4,-14.24413,11.0,87.0
EDIN,edin1,Control_202,11.0,P7,-0.2771167,11.0,87.0
EDIN,edin1,Control_202,11.0,P8,5.97079,11.0,87.0
EDIN,edin1,Control_202,11.0,O1,3.218995,11.0,87.0
EDIN,edin1,Control_202,11.0,O2,8.80005,11.0,87.0
EDIN,edin1,Violation_201,12.0,Pz,7.605623,12.0,100.0
EDIN,edin1,Violation_201,12.0,Cz,0.06969077,12.0,100.0
EDIN,edin1,Violation_201,12.0,CP1,3.694135,12.0,100.0
EDIN,edin1,Violation_201,12.0,CP2,1.946635,12.0,100.0
EDIN,edin1,Violation_201,12.0,P3,0.5738254,12.0,100.0
EDIN,edin1,Violation_201,12.0,P4,-19.64003,12.0,100.0
EDIN,edin1,Violation_201,12.0,C3,0.7311037,12.0,100.0
EDIN,edin1,Violation_201,12.0,C4,4.659917,12.0,100.0
EDIN,edin1,Violation_201,12.0,P7,-2.746057,12.0,100.0
EDIN,edin1,Violation_201,12.0,P8,-15.91582,12.0,100.0
EDIN,edin1,Violation_201,12.0,O1,-3.252529,12.0,100.0
EDIN,edin1,Violation_201,12.0,O2,-16.59944,12.0,100.0
EDIN,edin1,Control_202,15.0,Pz,-14.79607,15.0,90.0
EDIN,edin1,Control_202,15.0,Cz,-25.5183,15.0,90.0
EDIN,edin1,Control_202,15.0,CP1,-17.38744,15.0,90.0
EDIN,edin1,Control_202,15.0,CP2,-21.72732,15.0,90.0
EDIN,edin1,Control_202,15.0,P3,-17.41683,15.0,90.0
EDIN,edin1,Control_202,15.0,P4,-22.66149,15.0,90.0
EDIN,edin1,Control_202,15.0,C3,-13.80721,15.0,90.0
EDIN,edin1,Control_202,15.0,C4,-20.25126,15.0,90.0
EDIN,edin1,Control_202,15.0,P7,0.2825985,15.0,90.0
EDIN,edin1,Control_202,15.0,P8,-20.11719,15.0,90.0
EDIN,edin1,Control_202,15.0,O1,-9.188416,15.0,90.0
EDIN,edin1,Control_202,15.0,O2,-12.07204,15.0,90.0
EDIN,edin1,Violation_201,16.0,Pz,-5.413508,16.0,93.0
EDIN,edin1,Violation_201,16.0,Cz,-5.663969,16.0,93.0
EDIN,edin1,Violation_201,16.0,CP1,-3.146381,16.0,93.0
EDIN,edin1,Violation_201,16.0,CP2,-4.360573,16.0,93.0
EDIN,edin1,Violation_201,16.0,P3,2.436705,16.0,93.0
EDIN,edin1,Violation_201,16.0,P4,14.56924,16.0,93.0
EDIN,edin1,Violation_201,16.0,C3,0.3750471,16.0,93.0
EDIN,edin1,Violation_201,16.0,C4,-3.335281,16.0,93.0
EDIN,edin1,Violation_201,16.0,P7,4.077537,16.0,93.0
EDIN,edin1,Violation_201,16.0,P8,-2.608981,16.0,93.0
EDIN,edin1,Violation_201,16.0,O1,3.710109,16.0,93.0
EDIN,edin1,Violation_201,16.0,O2,3.369267,16.0,93.0
EDIN,edin1,Control_202,19.0,Pz,-16.29048,19.0,100.0
EDIN,edin1,Control_202,19.0,Cz,-9.780742,19.0,100.0
EDIN,edin1,Control_202,19.0,CP1,-9.924797,19.0,100.0
EDIN,edin1,Control_202,19.0,CP2,-9.323936,19.0,100.0
EDIN,edin1,Control_202,19.0,P3,-14.71861,19.0,100.0
EDIN,edin1,Control_202,19.0,P4,-25.3228,19.0,100.0
EDIN,edin1,Control_202,19.0,C3,-9.207123,19.0,100.0
EDIN,edin1,Control_202,19.0,C4,12.1258,19.0,100.0
EDIN,edin1,Control_202,19.0,P7,-12.05055,19.0,100.0
EDIN,edin1,Control_202,19.0,P8,-14.32694,19.0,100.0
EDIN,edin1,Control_202,19.0,O1,-20.38867,19.0,100.0
EDIN,edin1,Control_202,19.0,O2,-16.20333,19.0,100.0
EDIN,edin1,Violation_201,20.0,Pz,-1.441729,20.0,90.0
EDIN,edin1,Violation_201,20.0,Cz,-3.386287,20.0,90.0
EDIN,edin1,Violation_201,20.0,CP1,0.4230439,20.0,90.0
EDIN,edin1,Violation_201,20.0,CP2,-2.740303,20.0,90.0
EDIN,edin1,Violation_201,20.0,P3,4.527369,20.0,90.0
EDIN,edin1,Violation_201,20.0,P4,11.47246,20.0,90.0
EDIN,edin1,Violation_201,20.0,C3,-4.160314,20.0,90.0
EDIN,edin1,Violation_201,20.0,C4,-7.733982,20.0,90.0
EDIN,edin1,Violation_201,20.0,P7,8.244868,20.0,90.0
EDIN,edin1,Violation_201,20.0,P8,-3.169418,20.0,90.0
EDIN,edin1,Violation_201,20.0,O1,4.44363,20.0,90.0
EDIN,edin1,Violation_201,20.0,O2,7.465735,20.0,90.0
EDIN,edin1,Control_202,23.0,Pz,6.461221,24.0,93.0
EDIN,edin1,Control_202,23.0,Cz,-5.404737,24.0,93.0
EDIN,edin1,Control_202,23.0,CP1,-1.547112,24.0,93.0
EDIN,edin1,Control_202,23.0,CP2,-1.419045,24.0,93.0
EDIN,edin1,Control_202,23.0,P3,-1.081368,24.0,93.0
EDIN,edin1,Control_202,23.0,P4,-10.55322,24.0,93.0
EDIN,edin1,Control_202,23.0,C3,1.635058,24.0,93.0
EDIN,edin1,Control_202,23.0,C4,4.049599,24.0,93.0
EDIN,edin1,Control_202,23.0,P7,-8.127829,24.0,93.0
EDIN,edin1,Control_202,23.0,P8,1.606966,24.0,93.0
EDIN,edin1,Control_202,23.0,O1,-2.376996,24.0,93.0
EDIN,edin1,Control_202,23.0,O2,2.182556,24.0,93.0
EDIN,edin1,Violation_201,24.0,Pz,25.83938,25.0,97.0
EDIN,edin1,Violation_201,24.0,Cz,14.95294,25.0,97.0
EDIN,edin1,Violation_201,24.0,CP1,14.79016,25.0,97.0
EDIN,edin1,Violation_201,24.0,CP2,15.22503,25.0,97.0
EDIN,edin1,Violation_201,24.0,P3,15.67805,25.0,97.0
EDIN,edin1,Violation_201,24.0,P4,30.34522,25.0,97.0
EDIN,edin1,Violation_201,24.0,C3,14.91072,25.0,97.0
EDIN,edin1,Violation_201,24.0,C4,24.0233,25.0,97.0
EDIN,edin1,Violation_201,24.0,P7,-1.123187,25.0,97.0
EDIN,edin1,Violation_201,24.0,P8,9.526312,25.0,97.0
EDIN,edin1,Violation_201,24.0,O1,9.561916,25.0,97.0
EDIN,edin1,Violation_201,24.0,O2,4.63861,25.0,97.0
EDIN,edin1,Control_202,27.0,Pz,1.052369,28.0,27.0
EDIN,edin1,Control_202,27.0,Cz,4.669266,28.0,27.0
EDIN,edin1,Control_202,27.0,CP1,5.195948,28.0,27.0
EDIN,edin1,Control_202,27.0,CP2,5.583465,28.0,27.0
EDIN,edin1,Control_202,27.0,P3,-2.037797,28.0,27.0
EDIN,edin1,Control_202,27.0,P4,-3.687184,28.0,27.0
EDIN,edin1,Control_202,27.0,C3,2.727516,28.0,27.0
EDIN,edin1,Control_202,27.0,C4,28.3489,28.0,27.0
EDIN,edin1,Control_202,27.0,P7,-10.37189,28.0,27.0
EDIN,edin1,Control_202,27.0,P8,1.121592,28.0,27.0
EDIN,edin1,Control_202,27.0,O1,-1.381781,28.0,27.0
EDIN,edin1,Control_202,27.0,O2,4.691096,28.0,27.0
EDIN,edin1,Violation_201,28.0,Pz,-1.469983,29.0,90.0
EDIN,edin1,Violation_201,28.0,Cz,6.108266,29.0,90.0
EDIN,edin1,Violation_201,28.0,CP1,2.874676,29.0,90.0
EDIN,edin1,Violation_201,28.0,CP2,-5.641409,29.0,90.0
EDIN,edin1,Violation_201,28.0,P3,-5.216568,29.0,90.0
EDIN,edin1,Violation_201,28.0,P4,-11.2884,29.0,90.0
EDIN,edin1,Violation_201,28.0,C3,6.90713,29.0,90.0
EDIN,edin1,Violation_201,28.0,C4,30.63083,29.0,90.0
EDIN,edin1,Violation_201,28.0,P7,-2.083707,29.0,90.0
EDIN,edin1,Violation_201,28.0,P8,-6.700312,29.0,90.0
EDIN,edin1,Violation_201,28.0,O1,-1.879674,29.0,90.0
EDIN,edin1,Violation_201,28.0,O2,-5.210917,29.0,90.0
EDIN,edin1,Control_202,31.0,Pz,-19.02816,32.0,80.0
EDIN,edin1,Control_202,31.0,Cz,-19.30716,32.0,80.0
EDIN,edin1,Control_202,31.0,CP1,-20.446,32.0,80.0
EDIN,edin1,Control_202,31.0,CP2,-16.02918,32.0,80.0
EDIN,edin1,Control_202,31.0,P3,-15.73076,32.0,80.0
EDIN,edin1,Control_202,31.0,P4,-18.74222,32.0,80.0
EDIN,edin1,Control_202,31.0,C3,-17.4835,32.0,80.0
EDIN,edin1,Control_202,31.0,C4,-5.988637,32.0,80.0
EDIN,edin1,Control_202,31.0,P7,2.164345,32.0,80.0
EDIN,edin1,Control_202,31.0,P8,-14.52583,32.0,80.0
EDIN,edin1,Control_202,31.0,O1,-10.83279,32.0,80.0
EDIN,edin1,Control_202,31.0,O2,-13.92887,32.0,80.0
EDIN,edin1,Violation_201,32.0,Pz,18.38759,33.0,53.0
EDIN,edin1,Violation_201,32.0,Cz,14.80626,33.0,53.0
EDIN,edin1,Violation_201,32.0,CP1,16.36734,33.0,53.0
EDIN,edin1,Violation_201,32.0,CP2,16.58279,33.0,53.0
EDIN,edin1,Violation_201,32.0,P3,18.53419,33.0,53.0
EDIN,edin1,Violation_201,32.0,P4,9.519169,33.0,53.0
EDIN,edin1,Violation_201,32.0,C3,19.38163,33.0,53.0
EDIN,edin1,Violation_201,32.0,C4,21.47181,33.0,53.0
EDIN,edin1,Violation_201,32.0,P7,0.1787662,33.0,53.0
EDIN,edin1,Violation_201,32.0,P8,2.882658,33.0,53.0
EDIN,edin1,Violation_201,32.0,O1,5.693361,33.0,53.0
EDIN,edin1,Violation_201,32.0,O2,-0.7554392,33.0,53.0
EDIN,edin1,Control_202,35.0,Pz,7.58632,36.0,77.0
EDIN,edin1,Control_202,35.0,Cz,9.696294,36.0,77.0
EDIN,edin1,Control_202,35.0,CP1,14.90964,36.0,77.0
EDIN,edin1,Control_202,35.0,CP2,13.88375,36.0,77.0
EDIN,edin1,Control_202,35.0,P3,20.31745,36.0,77.0
EDIN,edin1,Control_202,35.0,P4,33.55135,36.0,77.0
EDIN,edin1,Control_202,35.0,C3,12.36816,36.0,77.0
EDIN,edin1,Control_202,35.0,C4,15.46737,36.0,77.0
EDIN,edin1,Control_202,35.0,P7,2.889679,36.0,77.0
EDIN,edin1,Control_202,35.0,P8,20.40755,36.0,77.0
EDIN,edin1,Control_202,35.0,O1,14.91351,36.0,77.0
EDIN,edin1,Control_202,35.0,O2,26.03822,36.0,77.0
EDIN,edin1,Violation_201,36.0,Pz,-15.4124,37.0,80.0
EDIN,edin1,Violation_201,36.0,Cz,-5.472425,37.0,80.0
EDIN,edin1,Violation_201,36.0,CP1,-9.903639,37.0,80.0
EDIN,edin1,Violation_201,36.0,CP2,-18.85683,37.0,80.0
EDIN,edin1,Violation_201,36.0,P3,-12.69392,37.0,80.0
EDIN,edin1,Violation_201,36.0,P4,-20.68938,37.0,80.0
EDIN,edin1,Violation_201,36.0,C3,-12.27899,37.0,80.0
EDIN,edin1,Violation_201,36.0,C4,-13.8678,37.0,80.0
EDIN,edin1,Violation_201,36.0,P7,-6.621982,37.0,80.0
EDIN,edin1,Violation_201,36.0,P8,-27.49908,37.0,80.0
EDIN,edin1,Violation_201,36.0,O1,-12.36631,37.0,80.0
EDIN,edin1,Violation_201,36.0,O2,-17.43023,37.0,80.0
EDIN,edin1,Control_202,39.0,Pz,20.54338,40.0,93.0
EDIN,edin1,Control_202,39.0,Cz,16.62767,40.0,93.0
EDIN,edin1,Control_202,39.0,CP1,19.37221,40.0,93.0
EDIN,edin1,Control_202,39.0,CP2,15.99853,40.0,93.0
EDIN,edin1,Control_202,39.0,P3,13.53981,40.0,93.0
EDIN,edin1,Control_202,39.0,P4,5.697255,40.0,93.0
EDIN,edin1,Control_202,39.0,C3,20.70823,40.0,93.0
EDIN,edin1,Control_202,39.0,C4,49.07978,40.0,93.0
EDIN,edin1,Control_202,39.0,P7,17.58551,40.0,93.0
EDIN,edin1,Control_202,39.0,P8,16.14776,40.0,93.0
EDIN,edin1,Control_202,39.0,O1,10.24168,40.0,93.0
EDIN,edin1,Control_202,39.0,O2,14.76813,40.0,93.0
EDIN,edin1,Violation_201,40.0,Pz,16.49917,41.0,100.0
EDIN,edin1,Violation_201,40.0,Cz,11.6696,41.0,100.0
EDIN,edin1,Violation_201,40.0,CP1,8.153727,41.0,100.0
EDIN,edin1,Violation_201,40.0,CP2,9.711781,41.0,100.0
EDIN,edin1,Violation_201,40.0,P3,6.854537,41.0,100.0
EDIN,edin1,Violation_201,40.0,P4,5.931135,41.0,100.0
EDIN,edin1,Violation_201,40.0,C3,5.717825,41.0,100.0
EDIN,edin1,Violation_201,40.0,C4,23.26834,41.0,100.0
EDIN,edin1,Violation_201,40.0,P7,-4.593337,41.0,100.0
EDIN,edin1,Violation_201,40.0,P8,-0.3782879,41.0,100.0
EDIN,edin1,Violation_201,40.0,O1,-1.568964,41.0,100.0
EDIN,edin1,Violation_201,40.0,O2,-5.017336,41.0,100.0
EDIN,edin1,Violation_201,43.0,Pz,-11.12347,45.0,67.0
EDIN,edin1,Violation_201,43.0,Cz,-13.46861,45.0,67.0
EDIN,edin1,Violation_201,43.0,CP1,-10.27414,45.0,67.0
EDIN,edin1,Violation_201,43.0,CP2,-5.774945,45.0,67.0
EDIN,edin1,Violation_201,43.0,P3,-22.18094,45.0,67.0
EDIN,edin1,Violation_201,43.0,P4,-39.30899,45.0,67.0
EDIN,edin1,Violation_201,43.0,C3,-16.39953,45.0,67.0
EDIN,edin1,Violation_201,43.0,C4,-18.33955,45.0,67.0
EDIN,edin1,Violation_201,43.0,P7,-8.348068,45.0,67.0
EDIN,edin1,Violation_201,43.0,P8,-9.465912,45.0,67.0
EDIN,edin1,Violation_201,43.0,O1,-14.31998,45.0,67.0
EDIN,edin1,Violation_201,43.0,O2,-13.77353,45.0,67.0
EDIN,edin1,Control_202,44.0,Pz,9.776063,46.0,63.0
EDIN,edin1,Control_202,44.0,Cz,10.2151,46.0,63.0
EDIN,edin1,Control_202,44.0,CP1,9.98238,46.0,63.0
EDIN,edin1,Control_202,44.0,CP2,8.787964,46.0,63.0
EDIN,edin1,Control_202,44.0,P3,2.327993,46.0,63.0
EDIN,edin1,Control_202,44.0,P4,14.24096,46.0,63.0
EDIN,edin1,Control_202,44.0,C3,3.408014,46.0,63.0
EDIN,edin1,Control_202,44.0,C4,14.04248,46.0,63.0
EDIN,edin1,Control_202,44.0,P7,-1.231112,46.0,63.0
EDIN,edin1,Control_202,44.0,P8,2.932212,46.0,63.0
EDIN,edin1,Control_202,44.0,O1,2.933157,46.0,63.0
EDIN,edin1,Control_202,44.0,O2,5.677825,46.0,63.0
EDIN,edin1,Control_202,47.0,Pz,-13.94239,49.0,40.0
EDIN,edin1,Control_202,47.0,Cz,-3.944831,49.0,40.0
EDIN,edin1,Control_202,47.0,CP1,-7.191167,49.0,40.0
EDIN,edin1,Control_202,47.0,CP2,-11.25019,49.0,40.0
EDIN,edin1,Control_202,47.0,P3,-10.54823,49.0,40.0
EDIN,edin1,Control_202,47.0,P4,-7.943242,49.0,40.0
EDIN,edin1,Control_202,47.0,C3,-2.931303,49.0,40.0
EDIN,edin1,Control_202,47.0,C4,5.016485,49.0,40.0
EDIN,edin1,Control_202,47.0,P7,-1.674458,49.0,40.0
EDIN,edin1,Control_202,47.0,P8,-18.57567,49.0,40.0
EDIN,edin1,Control_202,47.0,O1,-16.33828,49.0,40.0
EDIN,edin1,Control_202,47.0,O2,-17.48655,49.0,40.0
EDIN,edin1,Violation_201,48.0,Pz,6.42718,50.0,37.0
EDIN,edin1,Violation_201,48.0,Cz,4.153872,50.0,37.0
EDIN,edin1,Violation_201,48.0,CP1,5.098637,50.0,37.0
EDIN,edin1,Violation_201,48.0,CP2,10.81115,50.0,37.0
EDIN,edin1,Violation_201,48.0,P3,12.2573,50.0,37.0
EDIN,edin1,Violation_201,48.0,P4,5.92855,50.0,37.0
EDIN,edin1,Violation_201,48.0,C3,7.518663,50.0,37.0
EDIN,edin1,Violation_201,48.0,C4,10.70585,50.0,37.0
EDIN,edin1,Violation_201,48.0,P7,5.537921,50.0,37.0
EDIN,edin1,Violation_201,48.0,P8,5.012454,50.0,37.0
EDIN,edin1,Violation_201,48.0,O1,8.798565,50.0,37.0
EDIN,edin1,Violation_201,48.0,O2,1.546745,50.0,37.0
EDIN,edin1,Control_202,51.0,Pz,20.81934,53.0,93.0
EDIN,edin1,Control_202,51.0,Cz,18.5166,53.0,93.0
EDIN,edin1,Control_202,51.0,CP1,13.94481,53.0,93.0
EDIN,edin1,Control_202,51.0,CP2,19.45134,53.0,93.0
EDIN,edin1,Control_202,51.0,P3,17.33371,53.0,93.0
EDIN,edin1,Control_202,51.0,P4,33.89952,53.0,93.0
EDIN,edin1,Control_202,51.0,C3,17.96272,53.0,93.0
EDIN,edin1,Control_202,51.0,C4,25.2342,53.0,93.0
EDIN,edin1,Control_202,51.0,P7,7.392883,53.0,93.0
EDIN,edin1,Control_202,51.0,P8,18.66595,53.0,93.0
EDIN,edin1,Control_202,51.0,O1,7.792784,53.0,93.0
EDIN,edin1,Control_202,51.0,O2,11.10934,53.0,93.0
EDIN,edin1,Violation_201,52.0,Pz,-21.20476,54.0,77.0
EDIN,edin1,Violation_201,52.0,Cz,-19.00429,54.0,77.0
EDIN,edin1,Violation_201,52.0,CP1,-17.26384,54.0,77.0
EDIN,edin1,Violation_201,52.0,CP2,-18.84918,54.0,77.0
EDIN,edin1,Violation_201,52.0,P3,-16.12029,54.0,77.0
EDIN,edin1,Violation_201,52.0,P4,-18.46976,54.0,77.0
EDIN,edin1,Violation_201,52.0,C3,-14.43575,54.0,77.0
EDIN,edin1,Violation_201,52.0,C4,22.0171,54.0,77.0
EDIN,edin1,Violation_201,52.0,P7,-4.850346,54.0,77.0
EDIN,edin1,Violation_201,52.0,P8,-11.53965,54.0,77.0
EDIN,edin1,Violation_201,52.0,O1,-4.71246,54.0,77.0
EDIN,edin1,Violation_201,52.0,O2,-12.16434,54.0,77.0
EDIN,edin1,Control_202,55.0,Pz,-14.34837,57.0,69.0
EDIN,edin1,Control_202,55.0,Cz,-12.00961,57.0,69.0
EDIN,edin1,Control_202,55.0,CP1,-13.31555,57.0,69.0
EDIN,edin1,Control_202,55.0,CP2,-11.64933,57.0,69.0
EDIN,edin1,Control_202,55.0,P3,-15.31234,57.0,69.0
EDIN,edin1,Control_202,55.0,P4,-12.36251,57.0,69.0
EDIN,edin1,Control_202,55.0,C3,-16.11884,57.0,69.0
EDIN,edin1,Control_202,55.0,C4,34.07296,57.0,69.0
EDIN,edin1,Control_202,55.0,P7,-12.11261,57.0,69.0
EDIN,edin1,Control_202,55.0,P8,-3.931125,57.0,69.0
EDIN,edin1,Control_202,55.0,O1,-0.6880969,57.0,69.0
EDIN,edin1,Control_202,55.0,O2,-7.365539,57.0,69.0
EDIN,edin1,Violation_201,56.0,Pz,8.681637,58.0,73.0
EDIN,edin1,Violation_201,56.0,Cz,3.942581,58.0,73.0
EDIN,edin1,Violation_201,56.0,CP1,4.786901,58.0,73.0
EDIN,edin1,Violation_201,56.0,CP2,4.801348,58.0,73.0
EDIN,edin1,Violation_201,56.0,P3,-3.053973,58.0,73.0
EDIN,edin1,Violation_201,56.0,P4,7.925386,58.0,73.0
EDIN,edin1,Violation_201,56.0,C3,0.9445373,58.0,73.0
EDIN,edin1,Violation_201,56.0,C4,19.43904,58.0,73.0
EDIN,edin1,Violation_201,56.0,P7,4.905658,58.0,73.0
EDIN,edin1,Violation_201,56.0,P8,-3.087406,58.0,73.0
EDIN,edin1,Violation_201,56.0,O1,-0.943451,58.0,73.0
EDIN,edin1,Violation_201,56.0,O2,-0.2936753,58.0,73.0
EDIN,edin1,Control_202,59.0,Pz,9.491256,61.0,34.0
EDIN,edin1,Control_202,59.0,Cz,3.620102,61.0,34.0
EDIN,edin1,Control_202,59.0,CP1,6.516856,61.0,34.0
EDIN,edin1,Control_202,59.0,CP2,3.585789,61.0,34.0
EDIN,edin1,Control_202,59.0,P3,7.262846,61.0,34.0
EDIN,edin1,Control_202,59.0,P4,1.947417,61.0,34.0
EDIN,edin1,Control_202,59.0,C3,-2.288447,61.0,34.0
EDIN,edin1,Control_202,59.0,C4,12.48887,61.0,34.0
EDIN,edin1,Control_202,59.0,P7,-5.274724,61.0,34.0
EDIN,edin1,Control_202,59.0,P8,7.917408,61.0,34.0
EDIN,edin1,Control_202,59.0,O1,-0.1701674,61.0,34.0
EDIN,edin1,Control_202,59.0,O2,5.479049,61.0,34.0
EDIN,edin1,Violation_201,60.0,Pz,1.949424,62.0,70.0
EDIN,edin1,Violation_201,60.0,Cz,4.101739,62.0,70.0
EDIN,edin1,Violation_201,60.0,CP1,5.395101,62.0,70.0
EDIN,edin1,Violation_201,60.0,CP2,-0.3720192,62.0,70.0
EDIN,edin1,Violation_201,60.0,P3,0.6331494,62.0,70.0
EDIN,edin1,Violation_201,60.0,P4,3.8188,62.0,70.0
EDIN,edin1,Violation_201,60.0,C3,-1.824235,62.0,70.0
EDIN,edin1,Violation_201,60.0,C4,9.129448,62.0,70.0
EDIN,edin1,Violation_201,60.0,P7,-2.117249,62.0,70.0
EDIN,edin1,Violation_201,60.0,P8,-2.586558,62.0,70.0
EDIN,edin1,Violation_201,60.0,O1,-0.7502017,62.0,70.0
EDIN,edin1,Violation_201,60.0,O2,-0.6733498,62.0,70.0
EDIN,edin1,Control_202,63.0,Pz,-0.4420693,66.0,23.0
EDIN,edin1,Control_202,63.0,Cz,0.294053,66.0,23.0
EDIN,edin1,Control_202,63.0,CP1,0.9364808,66.0,23.0
EDIN,edin1,Control_202,63.0,CP2,3.578888,66.0,23.0
EDIN,edin1,Control_202,63.0,P3,2.201438,66.0,23.0
EDIN,edin1,Control_202,63.0,P4,0.3217899,66.0,23.0
EDIN,edin1,Control_202,63.0,C3,3.694727,66.0,23.0
EDIN,edin1,Control_202,63.0,C4,5.164207,66.0,23.0
EDIN,edin1,Control_202,63.0,P7,7.597803,66.0,23.0
EDIN,edin1,Control_202,63.0,P8,4.873056,66.0,23.0
EDIN,edin1,Control_202,63.0,O1,3.250629,66.0,23.0
EDIN,edin1,Control_202,63.0,O2,9.20631,66.0,23.0
EDIN,edin1,Violation_201,64.0,Pz,11.15331,67.0,87.0
EDIN,edin1,Violation_201,64.0,Cz,-2.95384,67.0,87.0
EDIN,edin1,Violation_201,64.0,CP1,-0.1351179,67.0,87.0
EDIN,edin1,Violation_201,64.0,CP2,2.962635,67.0,87.0
EDIN,edin1,Violation_201,64.0,P3,11.25602,67.0,87.0
EDIN,edin1,Violation_201,64.0,P4,24.14684,67.0,87.0
EDIN,edin1,Violation_201,64.0,C3,-0.826097,67.0,87.0
EDIN,edin1,Violation_201,64.0,C4,-13.74229,67.0,87.0
EDIN,edin1,Violation_201,64.0,P7,19.83187,67.0,87.0
EDIN,edin1,Violation_201,64.0,P8,12.9728,67.0,87.0
EDIN,edin1,Violation_201,64.0,O1,21.54994,67.0,87.0
EDIN,edin1,Violation_201,64.0,O2,13.21848,67.0,87.0
EDIN,edin1,Control_202,67.0,Pz,8.807876,70.0,57.0
EDIN,edin1,Control_202,67.0,Cz,15.59906,70.0,57.0
EDIN,edin1,Control_202,67.0,CP1,11.36358,70.0,57.0
EDIN,edin1,Control_202,67.0,CP2,12.52303,70.0,57.0
EDIN,edin1,Control_202,67.0,P3,9.682014,70.0,57.0
EDIN,edin1,Control_202,67.0,P4,4.531092,70.0,57.0
EDIN,edin1,Control_202,67.0,C3,13.39867,70.0,57.0
EDIN,edin1,Control_202,67.0,C4,24.07523,70.0,57.0
EDIN,edin1,Control_202,67.0,P7,10.93565,70.0,57.0
EDIN,edin1,Control_202,67.0,P8,16.0315,70.0,57.0
EDIN,edin1,Control_202,67.0,O1,6.621616,70.0,57.0
EDIN,edin1,Control_202,67.0,O2,14.1665,70.0,57.0
EDIN,edin1,Violation_201,68.0,Pz,10.1836,71.0,90.0
EDIN,edin1,Violation_201,68.0,Cz,7.462354,71.0,90.0
EDIN,edin1,Violation_201,68.0,CP1,7.73295,71.0,90.0
EDIN,edin1,Violation_201,68.0,CP2,10.35699,71.0,90.0
EDIN,edin1,Violation_201,68.0,P3,14.27941,71.0,90.0
EDIN,edin1,Violation_201,68.0,P4,10.06366,71.0,90.0
EDIN,edin1,Violation_201,68.0,C3,2.965725,71.0,90.0
EDIN,edin1,Violation_201,68.0,C4,30.89081,71.0,90.0
EDIN,edin1,Violation_201,68.0,P7,6.693149,71.0,90.0
EDIN,edin1,Violation_201,68.0,P8,9.895201,71.0,90.0
EDIN,edin1,Violation_201,68.0,O1,19.43865,71.0,90.0
EDIN,edin1,Violation_201,68.0,O2,12.79728,71.0,90.0
EDIN,edin1,Control_202,71.0,Pz,7.779788,74.0,93.0
EDIN,edin1,Control_202,71.0,Cz,11.68613,74.0,93.0
EDIN,edin1,Control_202,71.0,CP1,9.735233,74.0,93.0
EDIN,edin1,Control_202,71.0,CP2,6.615944,74.0,93.0
EDIN,edin1,Control_202,71.0,P3,10.33484,74.0,93.0
EDIN,edin1,Control_202,71.0,P4,19.28971,74.0,93.0
EDIN,edin1,Control_202,71.0,C3,6.386316,74.0,93.0
EDIN,edin1,Control_202,71.0,C4,12.71769,74.0,93.0
EDIN,edin1,Control_202,71.0,P7,8.637518,74.0,93.0
EDIN,edin1,Control_202,71.0,P8,11.23941,74.0,93.0
EDIN,edin1,Control_202,71.0,O1,10.54115,74.0,93.0
EDIN,edin1,Control_202,71.0,O2,10.31746,74.0,93.0
EDIN,edin1,Violation_201,72.0,Pz,14.9352,75.0,60.0
EDIN,edin1,Violation_201,72.0,Cz,25.40925,75.0,60.0
EDIN,edin1,Violation_201,72.0,CP1,22.46818,75.0,60.0
EDIN,edin1,Violation_201,72.0,CP2,25.73301,75.0,60.0
EDIN,edin1,Violation_201,72.0,P3,26.59109,75.0,60.0
EDIN,edin1,Violation_201,72.0,P4,24.24822,75.0,60.0
EDIN,edin1,Violation_201,72.0,C3,18.68828,75.0,60.0
EDIN,edin1,Violation_201,72.0,C4,29.61021,75.0,60.0
EDIN,edin1,Violation_201,72.0,P7,5.392662,75.0,60.0
EDIN,edin1,Violation_201,72.0,P8,15.43194,75.0,60.0
EDIN,edin1,Violation_201,72.0,O1,14.26632,75.0,60.0
EDIN,edin1,Violation_201,72.0,O2,7.177107,75.0,60.0
EDIN,edin1,Control_202,75.0,Pz,-22.21576,78.0,97.0
EDIN,edin1,Control_202,75.0,Cz,-18.52097,78.0,97.0
EDIN,edin1,Control_202,75.0,CP1,-21.29469,78.0,97.0
EDIN,edin1,Control_202,75.0,CP2,-25.87883,78.0,97.0
EDIN,edin1,Control_202,75.0,P3,-15.97243,78.0,97.0
EDIN,edin1,Control_202,75.0,P4,-17.13568,78.0,97.0
EDIN,edin1,Control_202,75.0,C3,-22.62049,78.0,97.0
EDIN,edin1,Control_202,75.0,C4,-18.32905,78.0,97.0
EDIN,edin1,Control_202,75.0,P7,-2.639217,78.0,97.0
EDIN,edin1,Control_202,75.0,P8,-16.65368,78.0,97.0
EDIN,edin1,Control_202,75.0,O1,-4.216258,78.0,97.0
EDIN,edin1,Control_202,75.0,O2,-7.34234,78.0,97.0
EDIN,edin1,Violation_201,76.0,Pz,-16.8458,79.0,97.0
EDIN,edin1,Violation_201,76.0,Cz,-20.19744,79.0,97.0
EDIN,edin1,Violation_201,76.0,CP1,-13.80629,79.0,97.0
EDIN,edin1,Violation_201,76.0,CP2,-18.07067,79.0,97.0
EDIN,edin1,Violation_201,76.0,P3,-16.51802,79.0,97.0
EDIN,edin1,Violation_201,76.0,P4,-21.98002,79.0,97.0
EDIN,edin1,Violation_201,76.0,C3,-9.769595,79.0,97.0
EDIN,edin1,Violation_201,76.0,C4,-7.917325,79.0,97.0
EDIN,edin1,Violation_201,76.0,P7,-3.994979,79.0,97.0
EDIN,edin1,Violation_201,76.0,P8,-13.95694,79.0,97.0
EDIN,edin1,Violation_201,76.0,O1,-6.717271,79.0,97.0
EDIN,edin1,Violation_201,76.0,O2,-12.70644,79.0,97.0
EDIN,edin1,Control_202,79.0,Pz,-2.898231,82.0,
EDIN,edin1,Control_202,79.0,Cz,0.7555758,82.0,
EDIN,edin1,Control_202,79.0,CP1,-1.558121,82.0,
EDIN,edin1,Control_202,79.0,CP2,-3.015968,82.0,
EDIN,edin1,Control_202,79.0,P3,-6.803022,82.0,
EDIN,edin1,Control_202,79.0,P4,-7.584343,82.0,
EDIN,edin1,Control_202,79.0,C3,-5.315837,82.0,
EDIN,edin1,Control_202,79.0,C4,19.57864,82.0,
EDIN,edin1,Control_202,79.0,P7,-5.046933,82.0,
EDIN,edin1,Control_202,79.0,P8,-6.192427,82.0,
EDIN,edin1,Control_202,79.0,O1,-7.005776,82.0,
EDIN,edin1,Control_202,79.0,O2,-9.702034,82.0,
EDIN,edin1,Violation_201,80.0,Pz,-3.290988,83.0,
EDIN,edin1,Violation_201,80.0,Cz,-9.23489,83.0,
EDIN,edin1,Violation_201,80.0,CP1,-5.464966,83.0,
EDIN,edin1,Violation_201,80.0,CP2,-3.884314,83.0,
EDIN,edin1,Violation_201,80.0,P3,-5.840925,83.0,
EDIN,edin1,Violation_201,80.0,P4,-5.015959,83.0,
EDIN,edin1,Violation_201,80.0,C3,-4.109121,83.0,
EDIN,edin1,Violation_201,80.0,C4,-3.565357,83.0,
EDIN,edin1,Violation_201,80.0,P7,1.157907,83.0,
EDIN,edin1,Violation_201,80.0,P8,-8.560823,83.0,
EDIN,edin1,Violation_201,80.0,O1,-0.6360591,83.0,
EDIN,edin1,Violation_201,80.0,O2,1.449203,83.0,
EDIN,edin20,Violation_201,10.0,Pz,-32.21331,3.0,100.0
EDIN,edin20,Violation_201,10.0,Cz,-34.65394,3.0,100.0
EDIN,edin20,Violation_201,10.0,CP1,-28.53579,3.0,100.0
EDIN,edin20,Violation_201,10.0,CP2,-36.32541,3.0,100.0
EDIN,edin20,Violation_201,10.0,P3,-24.20561,3.0,100.0
EDIN,edin20,Violation_201,10.0,P4,-59.35822,3.0,100.0
EDIN,edin20,Violation_201,10.0,C3,-20.80312,3.0,100.0
EDIN,edin20,Violation_201,10.0,C4,-30.18398,3.0,100.0
EDIN,edin20,Violation_201,10.0,P7,-24.40488,3.0,100.0
EDIN,edin20,Violation_201,10.0,P8,-28.79081,3.0,100.0
EDIN,edin20,Violation_201,10.0,O1,-32.28065,3.0,100.0
EDIN,edin20,Violation_201,10.0,O2,-48.01631,3.0,100.0
EDIN,edin20,Control_202,13.0,Pz,21.81738,16.0,93.0
EDIN,edin20,Control_202,13.0,Cz,25.24128,16.0,93.0
EDIN,edin20,Control_202,13.0,CP1,19.76533,16.0,93.0
EDIN,edin20,Control_202,13.0,CP2,28.10241,16.0,93.0
EDIN,edin20,Control_202,13.0,P3,33.71456,16.0,93.0
EDIN,edin20,Control_202,13.0,P4,-4.645917,16.0,93.0
EDIN,edin20,Control_202,13.0,C3,27.34051,16.0,93.0
EDIN,edin20,Control_202,13.0,C4,14.44436,16.0,93.0
EDIN,edin20,Control_202,13.0,P7,13.57172,16.0,93.0
EDIN,edin20,Control_202,13.0,P8,21.76726,16.0,93.0
EDIN,edin20,Control_202,13.0,O1,9.733736,16.0,93.0
EDIN,edin20,Control_202,13.0,O2,-4.307633,16.0,93.0
EDIN,edin20,Violation_201,18.0,Pz,19.06934,14.0,90.0
EDIN,edin20,Violation_201,18.0,Cz,7.939425,14.0,90.0
EDIN,edin20,Violation_201,18.0,CP1,3.138414,14.0,90.0
EDIN,edin20,Violation_201,18.0,CP2,12.62081,14.0,90.0
EDIN,edin20,Violation_201,18.0,P3,49.03553,14.0,90.0
EDIN,edin20,Violation_201,18.0,P4,0.4689557,14.0,90.0
EDIN,edin20,Violation_201,18.0,C3,6.799406,14.0,90.0
EDIN,edin20,Violation_201,18.0,C4,9.345551,14.0,90.0
EDIN,edin20,Violation_201,18.0,P7,4.296754,14.0,90.0
EDIN,edin20,Violation_201,18.0,P8,4.547554,14.0,90.0
EDIN,edin20,Violation_201,18.0,O1,9.37091,14.0,90.0
EDIN,edin20,Violation_201,18.0,O2,12.48298,14.0,90.0
EDIN,edin20,Control_202,5.0,Pz,74.28172,19.0,100.0
EDIN,edin20,Control_202,5.0,Cz,52.93221,19.0,100.0
EDIN,edin20,Control_202,5.0,CP1,40.02091,19.0,100.0
EDIN,edin20,Control_202,5.0,CP2,43.77629,19.0,100.0
EDIN,edin20,Control_202,5.0,P3,65.21266,19.0,100.0
EDIN,edin20,Control_202,5.0,P4,54.03222,19.0,100.0
EDIN,edin20,Control_202,5.0,C3,37.48932,19.0,100.0
EDIN,edin20,Control_202,5.0,C4,26.42533,19.0,100.0
EDIN,edin20,Control_202,5.0,P7,27.15636,19.0,100.0
EDIN,edin20,Control_202,5.0,P8,36.04321,19.0,100.0
EDIN,edin20,Control_202,5.0,O1,37.55656,19.0,100.0
EDIN,edin20,Control_202,5.0,O2,43.50607,19.0,100.0
EDIN,edin20,Control_202,1.0,Pz,-33.05449,10.0,80.0
EDIN,edin20,Control_202,1.0,Cz,-1.516465,10.0,80.0
EDIN,edin20,Control_202,1.0,CP1,-5.941767,10.0,80.0
EDIN,edin20,Control_202,1.0,CP2,-8.384523,10.0,80.0
EDIN,edin20,Control_202,1.0,P3,-11.13696,10.0,80.0
EDIN,edin20,Control_202,1.0,P4,8.590446,10.0,80.0
EDIN,edin20,Control_202,1.0,C3,4.562417,10.0,80.0
EDIN,edin20,Control_202,1.0,C4,-7.526527,10.0,80.0
EDIN,edin20,Control_202,1.0,P7,5.666637,10.0,80.0
EDIN,edin20,Control_202,1.0,P8,-3.018712,10.0,80.0
EDIN,edin20,Control_202,1.0,O1,-0.3076354,10.0,80.0
EDIN,edin20,Control_202,1.0,O2,2.086783,10.0,80.0
EDIN,edin20,Violation_201,6.0,Pz,21.45363,5.0,93.0
EDIN,edin20,Violation_201,6.0,Cz,6.873837,5.0,93.0
EDIN,edin20,Violation_201,6.0,CP1,7.237103,5.0,93.0
EDIN,edin20,Violation_201,6.0,CP2,18.97304,5.0,93.0
EDIN,edin20,Violation_201,6.0,P3,27.59681,5.0,93.0
EDIN,edin20,Violation_201,6.0,P4,-3.164019,5.0,93.0
EDIN,edin20,Violation_201,6.0,C3,11.09047,5.0,93.0
EDIN,edin20,Violation_201,6.0,C4,8.445225,5.0,93.0
EDIN,edin20,Violation_201,6.0,P7,6.809896,5.0,93.0
EDIN,edin20,Violation_201,6.0,P8,7.812085,5.0,93.0
EDIN,edin20,Violation_201,6.0,O1,15.62299,5.0,93.0
EDIN,edin20,Violation_201,6.0,O2,2.840254,5.0,93.0
EDIN,edin20,Control_202,17.0,Pz,-38.25974,2.0,100.0
EDIN,edin20,Control_202,17.0,Cz,-24.72274,2.0,100.0
EDIN,edin20,Control_202,17.0,CP1,-23.63888,2.0,100.0
EDIN,edin20,Control_202,17.0,CP2,-34.58276,2.0,100.0
EDIN,edin20,Control_202,17.0,P3,-45.61991,2.0,100.0
EDIN,edin20,Control_202,17.0,P4,-57.88745,2.0,100.0
EDIN,edin20,Control_202,17.0,C3,-33.63979,2.0,100.0
EDIN,edin20,Control_202,17.0,C4,-27.11872,2.0,100.0
EDIN,edin20,Control_202,17.0,P7,-23.77833,2.0,100.0
EDIN,edin20,Control_202,17.0,P8,-34.48564,2.0,100.0
EDIN,edin20,Control_202,17.0,O1,-22.37092,2.0,100.0
EDIN,edin20,Control_202,17.0,O2,-41.74641,2.0,100.0
EDIN,edin20,Violation_201,2.0,Pz,-8.541178,20.0,90.0
EDIN,edin20,Violation_201,2.0,Cz,4.443049,20.0,90.0
EDIN,edin20,Violation_201,2.0,CP1,4.845292,20.0,90.0
EDIN,edin20,Violation_201,2.0,CP2,-0.5568062,20.0,90.0
EDIN,edin20,Violation_201,2.0,P3,-17.51391,20.0,90.0
EDIN,edin20,Violation_201,2.0,P4,26.02578,20.0,90.0
EDIN,edin20,Violation_201,2.0,C3,-5.200781,20.0,90.0
EDIN,edin20,Violation_201,2.0,C4,8.728395,20.0,90.0
EDIN,edin20,Violation_201,2.0,P7,-4.208332,20.0,90.0
EDIN,edin20,Violation_201,2.0,P8,2.197768,20.0,90.0
EDIN,edin20,Violation_201,2.0,O1,-3.467833,20.0,90.0
EDIN,edin20,Violation_201,2.0,O2,8.11408,20.0,90.0
EDIN,edin20,Violation_201,14.0,Pz,-9.684012,6.0,100.0
EDIN,edin20,Violation_201,14.0,Cz,13.6148,6.0,100.0
EDIN,edin20,Violation_201,14.0,CP1,1.504353,6.0,100.0
EDIN,edin20,Violation_201,14.0,CP2,15.24901,6.0,100.0
EDIN,edin20,Violation_201,14.0,P3,19.64293,6.0,100.0
EDIN,edin20,Violation_201,14.0,P4,40.36213,6.0,100.0
EDIN,edin20,Violation_201,14.0,C3,15.6016,6.0,100.0
EDIN,edin20,Violation_201,14.0,C4,9.356768,6.0,100.0
EDIN,edin20,Violation_201,14.0,P7,-3.038417,6.0,100.0
EDIN,edin20,Violation_201,14.0,P8,-2.099686,6.0,100.0
EDIN,edin20,Violation_201,14.0,O1,-6.750915,6.0,100.0
EDIN,edin20,Violation_201,14.0,O2,25.52253,6.0,100.0
EDIN,edin20,Control_202,9.0,Pz,17.85894,4.0,93.0
EDIN,edin20,Control_202,9.0,Cz,-5.544857,4.0,93.0
EDIN,edin20,Control_202,9.0,CP1,-5.252966,4.0,93.0
EDIN,edin20,Control_202,9.0,CP2,2.148622,4.0,93.0
EDIN,edin20,Control_202,9.0,P3,-13.57484,4.0,93.0
EDIN,edin20,Control_202,9.0,P4,45.92257,4.0,93.0
EDIN,edin20,Control_202,9.0,C3,-0.1808975,4.0,93.0
EDIN,edin20,Control_202,9.0,C4,-6.701466,4.0,93.0
EDIN,edin20,Control_202,9.0,P7,-3.48681,4.0,93.0
EDIN,edin20,Control_202,9.0,P8,4.403853,4.0,93.0
EDIN,edin20,Control_202,9.0,O1,9.047414,4.0,93.0
EDIN,edin20,Control_202,9.0,O2,26.29426,4.0,93.0
EDIN,edin20,Violation_201,29.0,Pz,-8.380548,22.0,53.0
EDIN,edin20,Violation_201,29.0,Cz,9.429474,22.0,53.0
EDIN,edin20,Violation_201,29.0,CP1,7.241141,22.0,53.0
EDIN,edin20,Violation_201,29.0,CP2,1.039317,22.0,53.0
EDIN,edin20,Violation_201,29.0,P3,4.819171,22.0,53.0
EDIN,edin20,Violation_201,29.0,P4,-20.27094,22.0,53.0
EDIN,edin20,Violation_201,29.0,C3,10.61243,22.0,53.0
EDIN,edin20,Violation_201,29.0,C4,-7.369342,22.0,53.0
EDIN,edin20,Violation_201,29.0,P7,-2.272168,22.0,53.0
EDIN,edin20,Violation_201,29.0,P8,13.93429,22.0,53.0
EDIN,edin20,Violation_201,29.0,O1,-11.13573,22.0,53.0
EDIN,edin20,Violation_201,29.0,O2,-11.03583,22.0,53.0
EDIN,edin20,Violation_201,26.0,Pz,16.07315,35.0,97.0
EDIN,edin20,Violation_201,26.0,Cz,3.632757,35.0,97.0
EDIN,edin20,Violation_201,26.0,CP1,-5.340151,35.0,97.0
EDIN,edin20,Violation_201,26.0,CP2,12.44914,35.0,97.0
EDIN,edin20,Violation_201,26.0,P3,-16.02287,35.0,97.0
EDIN,edin20,Violation_201,26.0,P4,22.62386,35.0,97.0
EDIN,edin20,Violation_201,26.0,C3,-3.925768,35.0,97.0
EDIN,edin20,Violation_201,26.0,C4,-0.2905732,35.0,97.0
EDIN,edin20,Violation_201,26.0,P7,7.092008,35.0,97.0
EDIN,edin20,Violation_201,26.0,P8,-6.54818,35.0,97.0
EDIN,edin20,Violation_201,26.0,O1,-3.376199,35.0,97.0
EDIN,edin20,Violation_201,26.0,O2,8.0441,35.0,97.0
EDIN,edin20,Violation_201,38.0,Pz,18.19554,21.0,77.0
EDIN,edin20,Violation_201,38.0,Cz,17.6406,21.0,77.0
EDIN,edin20,Violation_201,38.0,CP1,22.29449,21.0,77.0
EDIN,edin20,Violation_201,38.0,CP2,20.64731,21.0,77.0
EDIN,edin20,Violation_201,38.0,P3,18.81373,21.0,77.0
EDIN,edin20,Violation_201,38.0,P4,28.96152,21.0,77.0
EDIN,edin20,Violation_201,38.0,C3,16.25031,21.0,77.0
EDIN,edin20,Violation_201,38.0,C4,20.98742,21.0,77.0
EDIN,edin20,Violation_201,38.0,P7,11.99397,21.0,77.0
EDIN,edin20,Violation_201,38.0,P8,15.68126,21.0,77.0
EDIN,edin20,Violation_201,38.0,O1,16.64547,21.0,77.0
EDIN,edin20,Violation_201,38.0,O2,31.95631,21.0,77.0
EDIN,edin20,Violation_201,22.0,Pz,20.04273,27.0,97.0
EDIN,edin20,Violation_201,22.0,Cz,13.11589,27.0,97.0
EDIN,edin20,Violation_201,22.0,CP1,26.82047,27.0,97.0
EDIN,edin20,Violation_201,22.0,CP2,17.05651,27.0,97.0
EDIN,edin20,Violation_201,22.0,P3,15.87893,27.0,97.0
EDIN,edin20,Violation_201,22.0,P4,59.11132,27.0,97.0
EDIN,edin20,Violation_201,22.0,C3,12.07198,27.0,97.0
EDIN,edin20,Violation_201,22.0,C4,22.43995,27.0,97.0
EDIN,edin20,Violation_201,22.0,P7,10.75289,27.0,97.0
EDIN,edin20,Violation_201,22.0,P8,12.58006,27.0,97.0
EDIN,edin20,Violation_201,22.0,O1,17.7248,27.0,97.0
EDIN,edin20,Violation_201,22.0,O2,25.49548,27.0,97.0
EDIN,edin20,Control_202,25.0,Pz,-10.97671,32.0,80.0
EDIN,edin20,Control_202,25.0,Cz,7.976368,32.0,80.0
EDIN,edin20,Control_202,25.0,CP1,9.000965,32.0,80.0
EDIN,edin20,Control_202,25.0,CP2,2.036295,32.0,80.0
EDIN,edin20,Control_202,25.0,P3,0.4328619,32.0,80.0
EDIN,edin20,Control_202,25.0,P4,-33.03794,32.0,80.0
EDIN,edin20,Control_202,25.0,C3,4.742913,32.0,80.0
EDIN,edin20,Control_202,25.0,C4,26.15668,32.0,80.0
EDIN,edin20,Control_202,25.0,P7,4.908898,32.0,80.0
EDIN,edin20,Control_202,25.0,P8,10.64514,32.0,80.0
EDIN,edin20,Control_202,25.0,O1,-1.833254,32.0,80.0
EDIN,edin20,Control_202,25.0,O2,-7.269753,32.0,80.0
EDIN,edin20,Control_202,33.0,Pz,25.74484,30.0,90.0
EDIN,edin20,Control_202,33.0,Cz,8.292229,30.0,90.0
EDIN,edin20,Control_202,33.0,CP1,0.4081877,30.0,90.0
EDIN,edin20,Control_202,33.0,CP2,18.45932,30.0,90.0
EDIN,edin20,Control_202,33.0,P3,43.56534,30.0,90.0
EDIN,edin20,Control_202,33.0,P4,-4.428726,30.0,90.0
EDIN,edin20,Control_202,33.0,C3,4.28564,30.0,90.0
EDIN,edin20,Control_202,33.0,C4,2.225406,30.0,90.0
EDIN,edin20,Control_202,33.0,P7,2.25443,30.0,90.0
EDIN,edin20,Control_202,33.0,P8,16.41484,30.0,90.0
EDIN,edin20,Control_202,33.0,O1,-3.002979,30.0,90.0
EDIN,edin20,Control_202,33.0,O2,-11.50118,30.0,90.0
EDIN,edin20,Violation_201,30.0,Pz,-22.2231,25.0,97.0
EDIN,edin20,Violation_201,30.0,Cz,-9.589763,25.0,97.0
EDIN,edin20,Violation_201,30.0,CP1,-15.10544,25.0,97.0
EDIN,edin20,Violation_201,30.0,CP2,-7.465549,25.0,97.0
EDIN,edin20,Violation_201,30.0,P3,4.575146,25.0,97.0
EDIN,edin20,Violation_201,30.0,P4,-11.50221,25.0,97.0
EDIN,edin20,Violation_201,30.0,C3,-10.65068,25.0,97.0
EDIN,edin20,Violation_201,30.0,C4,-13.41563,25.0,97.0
EDIN,edin20,Violation_201,30.0,P7,-5.227121,25.0,97.0
EDIN,edin20,Violation_201,30.0,P8,8.901049,25.0,97.0
EDIN,edin20,Violation_201,30.0,O1,-20.46809,25.0,97.0
EDIN,edin20,Violation_201,30.0,O2,-15.71488,25.0,97.0
EDIN,edin20,Violation_201,34.0,Pz,-33.28228,34.0,97.0
EDIN,edin20,Violation_201,34.0,Cz,-21.8655,34.0,97.0
EDIN,edin20,Violation_201,34.0,CP1,-18.12807,34.0,97.0
EDIN,edin20,Violation_201,34.0,CP2,-9.288619,34.0,97.0
EDIN,edin20,Violation_201,34.0,P3,-28.78309,34.0,97.0
EDIN,edin20,Violation_201,34.0,P4,-13.13109,34.0,97.0
EDIN,edin20,Violation_201,34.0,C3,-22.09938,34.0,97.0
EDIN,edin20,Violation_201,34.0,C4,-5.595311,34.0,97.0
EDIN,edin20,Violation_201,34.0,P7,-2.156861,34.0,97.0
EDIN,edin20,Violation_201,34.0,P8,5.833268,34.0,97.0
EDIN,edin20,Violation_201,34.0,O1,8.744527,34.0,97.0
EDIN,edin20,Violation_201,34.0,O2,17.42682,34.0,97.0
EDIN,edin20,Control_202,21.0,Pz,-6.743134,29.0,90.0
EDIN,edin20,Control_202,21.0,Cz,8.479012,29.0,90.0
EDIN,edin20,Control_202,21.0,CP1,11.05688,29.0,90.0
EDIN,edin20,Control_202,21.0,CP2,0.002372937,29.0,90.0
EDIN,edin20,Control_202,21.0,P3,-17.73631,29.0,90.0
EDIN,edin20,Control_202,21.0,P4,5.709979,29.0,90.0
EDIN,edin20,Control_202,21.0,C3,4.990959,29.0,90.0
EDIN,edin20,Control_202,21.0,C4,7.675467,29.0,90.0
EDIN,edin20,Control_202,21.0,P7,2.162465,29.0,90.0
EDIN,edin20,Control_202,21.0,P8,-6.843774,29.0,90.0
EDIN,edin20,Control_202,21.0,O1,13.39021,29.0,90.0
EDIN,edin20,Control_202,21.0,O2,20.31455,29.0,90.0
EDIN,edin20,Control_202,37.0,Pz,14.24984,39.0,97.0
EDIN,edin20,Control_202,37.0,Cz,-24.70715,39.0,97.0
EDIN,edin20,Control_202,37.0,CP1,-22.83135,39.0,97.0
EDIN,edin20,Control_202,37.0,CP2,-3.512247,39.0,97.0
EDIN,edin20,Control_202,37.0,P3,23.42854,39.0,97.0
EDIN,edin20,Control_202,37.0,P4,4.821058,39.0,97.0
EDIN,edin20,Control_202,37.0,C3,-30.91252,39.0,97.0
EDIN,edin20,Control_202,37.0,C4,-15.88352,39.0,97.0
EDIN,edin20,Control_202,37.0,P7,-5.488829,39.0,97.0
EDIN,edin20,Control_202,37.0,P8,7.288188,39.0,97.0
EDIN,edin20,Control_202,37.0,O1,2.315526,39.0,97.0
EDIN,edin20,Control_202,37.0,O2,-8.300562,39.0,97.0
EDIN,edin20,Control_202,53.0,Pz,1.372322,51.0,90.0
EDIN,edin20,Control_202,53.0,Cz,0.8605003,51.0,90.0
EDIN,edin20,Control_202,53.0,CP1,-0.6297673,51.0,90.0
EDIN,edin20,Control_202,53.0,CP2,0.8307318,51.0,90.0
EDIN,edin20,Control_202,53.0,P3,-20.88091,51.0,90.0
EDIN,edin20,Control_202,53.0,P4,-27.34296,51.0,90.0
EDIN,edin20,Control_202,53.0,C3,-2.949283,51.0,90.0
EDIN,edin20,Control_202,53.0,C4,-0.3926442,51.0,90.0
EDIN,edin20,Control_202,53.0,P7,2.128325,51.0,90.0
EDIN,edin20,Control_202,53.0,P8,7.978964,51.0,90.0
EDIN,edin20,Control_202,53.0,O1,-7.841404,51.0,90.0
EDIN,edin20,Control_202,53.0,O2,-12.92295,51.0,90.0
EDIN,edin20,Control_202,49.0,Pz,-38.28988,44.0,90.0
EDIN,edin20,Control_202,49.0,Cz,-23.25654,44.0,90.0
EDIN,edin20,Control_202,49.0,CP1,-20.59027,44.0,90.0
EDIN,edin20,Control_202,49.0,CP2,-30.2526,44.0,90.0
EDIN,edin20,Control_202,49.0,P3,-33.16464,44.0,90.0
EDIN,edin20,Control_202,49.0,P4,-49.56187,44.0,90.0
EDIN,edin20,Control_202,49.0,C3,-26.16874,44.0,90.0
EDIN,edin20,Control_202,49.0,C4,-26.70724,44.0,90.0
EDIN,edin20,Control_202,49.0,P7,-25.94954,44.0,90.0
EDIN,edin20,Control_202,49.0,P8,-6.43611,44.0,90.0
EDIN,edin20,Control_202,49.0,O1,-37.43577,44.0,90.0
EDIN,edin20,Control_202,49.0,O2,-31.88442,44.0,90.0
EDIN,edin20,Violation_201,54.0,Pz,-10.46743,48.0,87.0
EDIN,edin20,Violation_201,54.0,Cz,-11.42974,48.0,87.0
EDIN,edin20,Violation_201,54.0,CP1,-10.66303,48.0,87.0
EDIN,edin20,Violation_201,54.0,CP2,-23.33689,48.0,87.0
EDIN,edin20,Violation_201,54.0,P3,-21.83009,48.0,87.0
EDIN,edin20,Violation_201,54.0,P4,-36.77942,48.0,87.0
EDIN,edin20,Violation_201,54.0,C3,-16.45876,48.0,87.0
EDIN,edin20,Violation_201,54.0,C4,-13.16147,48.0,87.0
EDIN,edin20,Violation_201,54.0,P7,-30.63412,48.0,87.0
EDIN,edin20,Violation_201,54.0,P8,-34.31771,48.0,87.0
EDIN,edin20,Violation_201,54.0,O1,-40.84032,48.0,87.0
EDIN,edin20,Violation_201,54.0,O2,-28.13519,48.0,87.0
EDIN,edin20,Violation_201,42.0,Pz,-63.48983,59.0,73.0
EDIN,edin20,Violation_201,42.0,Cz,-37.4742,59.0,73.0
EDIN,edin20,Violation_201,42.0,CP1,-34.7365,59.0,73.0
EDIN,edin20,Violation_201,42.0,CP2,-41.04272,59.0,73.0
EDIN,edin20,Violation_201,42.0,P3,-52.35542,59.0,73.0
EDIN,edin20,Violation_201,42.0,P4,-38.91473,59.0,73.0
EDIN,edin20,Violation_201,42.0,C3,-33.504,59.0,73.0
EDIN,edin20,Violation_201,42.0,C4,-28.08888,59.0,73.0
EDIN,edin20,Violation_201,42.0,P7,-39.98589,59.0,73.0
EDIN,edin20,Violation_201,42.0,P8,-49.67722,59.0,73.0
EDIN,edin20,Violation_201,42.0,O1,-31.51937,59.0,73.0
EDIN,edin20,Violation_201,42.0,O2,-18.49213,59.0,73.0
EDIN,edin20,Violation_201,58.0,Pz,33.8175,60.0,90.0
EDIN,edin20,Violation_201,58.0,Cz,11.84654,60.0,90.0
EDIN,edin20,Violation_201,58.0,CP1,10.31805,60.0,90.0
EDIN,edin20,Violation_201,58.0,CP2,12.80684,60.0,90.0
EDIN,edin20,Violation_201,58.0,P3,51.0125,60.0,90.0
EDIN,edin20,Violation_201,58.0,P4,24.23774,60.0,90.0
EDIN,edin20,Violation_201,58.0,C3,11.1098,60.0,90.0
EDIN,edin20,Violation_201,58.0,C4,17.32637,60.0,90.0
EDIN,edin20,Violation_201,58.0,P7,9.435802,60.0,90.0
EDIN,edin20,Violation_201,58.0,P8,-3.253072,60.0,90.0
EDIN,edin20,Violation_201,58.0,O1,0.987882,60.0,90.0
EDIN,edin20,Violation_201,58.0,O2,19.55729,60.0,90.0
EDIN,edin20,Violation_201,50.0,Pz,35.03852,55.0,93.0
EDIN,edin20,Violation_201,50.0,Cz,23.12794,55.0,93.0
EDIN,edin20,Violation_201,50.0,CP1,15.37414,55.0,93.0
EDIN,edin20,Violation_201,50.0,CP2,18.43317,55.0,93.0
EDIN,edin20,Violation_201,50.0,P3,37.70399,55.0,93.0
EDIN,edin20,Violation_201,50.0,P4,-15.81337,55.0,93.0
EDIN,edin20,Violation_201,50.0,C3,19.34629,55.0,93.0
EDIN,edin20,Violation_201,50.0,C4,19.2356,55.0,93.0
EDIN,edin20,Violation_201,50.0,P7,4.888681,55.0,93.0
EDIN,edin20,Violation_201,50.0,P8,1.263737,55.0,93.0
EDIN,edin20,Violation_201,50.0,O1,-1.482681,55.0,93.0
EDIN,edin20,Violation_201,50.0,O2,-3.462827,55.0,93.0
EDIN,edin20,Control_202,41.0,Pz,6.587568,47.0,100.0
EDIN,edin20,Control_202,41.0,Cz,13.5978,47.0,100.0
EDIN,edin20,Control_202,41.0,CP1,23.74659,47.0,100.0
EDIN,edin20,Control_202,41.0,CP2,14.46328,47.0,100.0
EDIN,edin20,Control_202,41.0,P3,11.82387,47.0,100.0
EDIN,edin20,Control_202,41.0,P4,15.82449,47.0,100.0
EDIN,edin20,Control_202,41.0,C3,15.97691,47.0,100.0
EDIN,edin20,Control_202,41.0,C4,10.94194,47.0,100.0
EDIN,edin20,Control_202,41.0,P7,5.10498,47.0,100.0
EDIN,edin20,Control_202,41.0,P8,-2.63353,47.0,100.0
EDIN,edin20,Control_202,41.0,O1,-8.883428,47.0,100.0
EDIN,edin20,Control_202,41.0,O2,-8.985779,47.0,100.0
EDIN,edin20,Control_202,57.0,Pz,-30.39823,57.0,69.0
EDIN,edin20,Control_202,57.0,Cz,-15.82773,57.0,69.0
EDIN,edin20,Control_202,57.0,CP1,-17.89703,57.0,69.0
EDIN,edin20,Control_202,57.0,CP2,-22.71684,57.0,69.0
EDIN,edin20,Control_202,57.0,P3,-35.90459,57.0,69.0
EDIN,edin20,Control_202,57.0,P4,-48.56425,57.0,69.0
EDIN,edin20,Control_202,57.0,C3,-25.01965,57.0,69.0
EDIN,edin20,Control_202,57.0,C4,-19.72793,57.0,69.0
EDIN,edin20,Control_202,57.0,P7,-8.095853,57.0,69.0
EDIN,edin20,Control_202,57.0,P8,-24.67711,57.0,69.0
EDIN,edin20,Control_202,57.0,O1,14.37861,57.0,69.0
EDIN,edin20,Control_202,57.0,O2,-24.16375,57.0,69.0
EDIN,edin20,Control_202,45.0,Pz,-0.4146765,49.0,40.0
EDIN,edin20,Control_202,45.0,Cz,9.155606,49.0,40.0
EDIN,edin20,Control_202,45.0,CP1,20.38773,49.0,40.0
EDIN,edin20,Control_202,45.0,CP2,3.47641,49.0,40.0
EDIN,edin20,Control_202,45.0,P3,-15.77478,49.0,40.0
EDIN,edin20,Control_202,45.0,P4,2.983192,49.0,40.0
EDIN,edin20,Control_202,45.0,C3,11.02655,49.0,40.0
EDIN,edin20,Control_202,45.0,C4,12.94901,49.0,40.0
EDIN,edin20,Control_202,45.0,P7,1.881467,49.0,40.0
EDIN,edin20,Control_202,45.0,P8,-1.794884,49.0,40.0
EDIN,edin20,Control_202,45.0,O1,3.944307,49.0,40.0
EDIN,edin20,Control_202,45.0,O2,18.13612,49.0,40.0
EDIN,edin20,Violation_201,46.0,Pz,46.13982,54.0,77.0
EDIN,edin20,Violation_201,46.0,Cz,19.37943,54.0,77.0
EDIN,edin20,Violation_201,46.0,CP1,28.89621,54.0,77.0
EDIN,edin20,Violation_201,46.0,CP2,23.93381,54.0,77.0
EDIN,edin20,Violation_201,46.0,P3,14.15575,54.0,77.0
EDIN,edin20,Violation_201,46.0,P4,6.324932,54.0,77.0
EDIN,edin20,Violation_201,46.0,C3,12.2925,54.0,77.0
EDIN,edin20,Violation_201,46.0,C4,31.48199,54.0,77.0
EDIN,edin20,Violation_201,46.0,P7,18.60308,54.0,77.0
EDIN,edin20,Violation_201,46.0,P8,21.31126,54.0,77.0
EDIN,edin20,Violation_201,46.0,O1,6.396455,54.0,77.0
EDIN,edin20,Violation_201,46.0,O2,21.75738,54.0,77.0
EDIN,edin20,Control_202,73.0,Pz,-44.54979,76.0,90.0
EDIN,edin20,Control_202,73.0,Cz,-22.34871,76.0,90.0
EDIN,edin20,Control_202,73.0,CP1,-31.50632,76.0,90.0
EDIN,edin20,Control_202,73.0,CP2,-29.45309,76.0,90.0
EDIN,edin20,Control_202,73.0,P3,-49.86655,76.0,90.0
EDIN,edin20,Control_202,73.0,P4,11.55023,76.0,90.0
EDIN,edin20,Control_202,73.0,C3,-27.842,76.0,90.0
EDIN,edin20,Control_202,73.0,C4,-24.80673,76.0,90.0
EDIN,edin20,Control_202,73.0,P7,-25.89803,76.0,90.0
EDIN,edin20,Control_202,73.0,P8,-18.12666,76.0,90.0
EDIN,edin20,Control_202,73.0,O1,-20.94389,76.0,90.0
EDIN,edin20,Control_202,73.0,O2,-15.0593,76.0,90.0
EDIN,edin20,Violation_201,62.0,Pz,20.86669,64.0,50.0
EDIN,edin20,Violation_201,62.0,Cz,-3.105182,64.0,50.0
EDIN,edin20,Violation_201,62.0,CP1,3.45281,64.0,50.0
EDIN,edin20,Violation_201,62.0,CP2,11.96109,64.0,50.0
EDIN,edin20,Violation_201,62.0,P3,-10.00229,64.0,50.0
EDIN,edin20,Violation_201,62.0,P4,1.591194,64.0,50.0
EDIN,edin20,Violation_201,62.0,C3,12.38645,64.0,50.0
EDIN,edin20,Violation_201,62.0,C4,3.020593,64.0,50.0
EDIN,edin20,Violation_201,62.0,P7,7.278341,64.0,50.0
EDIN,edin20,Violation_201,62.0,P8,3.407485,64.0,50.0
EDIN,edin20,Violation_201,62.0,O1,3.227166,64.0,50.0
EDIN,edin20,Violation_201,62.0,O2,1.066168,64.0,50.0
EDIN,edin20,Violation_201,70.0,Pz,-28.48816,77.0,100.0
EDIN,edin20,Violation_201,70.0,Cz,-6.977463,77.0,100.0
EDIN,edin20,Violation_201,70.0,CP1,-13.42881,77.0,100.0
EDIN,edin20,Violation_201,70.0,CP2,-22.97053,77.0,100.0
EDIN,edin20,Violation_201,70.0,P3,-29.9848,77.0,100.0
EDIN,edin20,Violation_201,70.0,P4,-32.89334,77.0,100.0
EDIN,edin20,Violation_201,70.0,C3,-23.21653,77.0,100.0
EDIN,edin20,Violation_201,70.0,C4,-11.22922,77.0,100.0
EDIN,edin20,Violation_201,70.0,P7,-11.20514,77.0,100.0
EDIN,edin20,Violation_201,70.0,P8,-31.47672,77.0,100.0
EDIN,edin20,Violation_201,70.0,O1,-15.73325,77.0,100.0
EDIN,edin20,Violation_201,70.0,O2,-8.234564,77.0,100.0
EDIN,edin20,Control_202,69.0,Pz,34.87331,69.0,93.0
EDIN,edin20,Control_202,69.0,Cz,-0.8708977,69.0,93.0
EDIN,edin20,Control_202,69.0,CP1,-5.049607,69.0,93.0
EDIN,edin20,Control_202,69.0,CP2,13.14826,69.0,93.0
EDIN,edin20,Control_202,69.0,P3,40.90675,69.0,93.0
EDIN,edin20,Control_202,69.0,P4,-16.28516,69.0,93.0
EDIN,edin20,Control_202,69.0,C3,-2.880517,69.0,93.0
EDIN,edin20,Control_202,69.0,C4,2.372739,69.0,93.0
EDIN,edin20,Control_202,69.0,P7,-0.965617,69.0,93.0
EDIN,edin20,Control_202,69.0,P8,17.01962,69.0,93.0
EDIN,edin20,Control_202,69.0,O1,-0.2848392,69.0,93.0
EDIN,edin20,Control_202,69.0,O2,-10.70545,69.0,93.0
EDIN,edin20,Violation_201,66.0,Pz,31.67867,62.0,70.0
EDIN,edin20,Violation_201,66.0,Cz,9.855692,62.0,70.0
EDIN,edin20,Violation_201,66.0,CP1,11.56902,62.0,70.0
EDIN,edin20,Violation_201,66.0,CP2,14.20939,62.0,70.0
EDIN,edin20,Violation_201,66.0,P3,-1.261001,62.0,70.0
EDIN,edin20,Violation_201,66.0,P4,24.712,62.0,70.0
EDIN,edin20,Violation_201,66.0,C3,-2.628954,62.0,70.0
EDIN,edin20,Violation_201,66.0,C4,7.012002,62.0,70.0
EDIN,edin20,Violation_201,66.0,P7,19.28386,62.0,70.0
EDIN,edin20,Violation_201,66.0,P8,10.87794,62.0,70.0
EDIN,edin20,Violation_201,66.0,O1,17.72797,62.0,70.0
EDIN,edin20,Violation_201,66.0,O2,26.94783,62.0,70.0
EDIN,edin20,Control_202,61.0,Pz,35.21122,79.0,97.0
EDIN,edin20,Control_202,61.0,Cz,5.745423,79.0,97.0
EDIN,edin20,Control_202,61.0,CP1,7.102322,79.0,97.0
EDIN,edin20,Control_202,61.0,CP2,13.20931,79.0,97.0
EDIN,edin20,Control_202,61.0,P3,50.12169,79.0,97.0
EDIN,edin20,Control_202,61.0,P4,16.53786,79.0,97.0
EDIN,edin20,Control_202,61.0,C3,1.512405,79.0,97.0
EDIN,edin20,Control_202,61.0,C4,-1.032707,79.0,97.0
EDIN,edin20,Control_202,61.0,P7,10.52758,79.0,97.0
EDIN,edin20,Control_202,61.0,P8,38.58514,79.0,97.0
EDIN,edin20,Control_202,61.0,O1,13.524,79.0,97.0
EDIN,edin20,Control_202,61.0,O2,3.853934,79.0,97.0
EDIN,edin20,Control_202,65.0,Pz,-10.97562,72.0,90.0
EDIN,edin20,Control_202,65.0,Cz,0.6214137,72.0,90.0
EDIN,edin20,Control_202,65.0,CP1,6.869071,72.0,90.0
EDIN,edin20,Control_202,65.0,CP2,5.264279,72.0,90.0
EDIN,edin20,Control_202,65.0,P3,-2.24978,72.0,90.0
EDIN,edin20,Control_202,65.0,P4,-7.121606,72.0,90.0
EDIN,edin20,Control_202,65.0,C3,0.6108637,72.0,90.0
EDIN,edin20,Control_202,65.0,C4,6.372671,72.0,90.0
EDIN,edin20,Control_202,65.0,P7,-10.79348,72.0,90.0
EDIN,edin20,Control_202,65.0,P8,12.96936,72.0,90.0
EDIN,edin20,Control_202,65.0,O1,4.173462,72.0,90.0
EDIN,edin20,Control_202,65.0,O2,12.88301,72.0,90.0
EDIN,edin20,Violation_201,74.0,Pz,50.74268,61.0,34.0
EDIN,edin20,Violation_201,74.0,Cz,9.44375,61.0,34.0
EDIN,edin20,Violation_201,74.0,CP1,18.32327,61.0,34.0
EDIN,edin20,Violation_201,74.0,CP2,19.44423,61.0,34.0
EDIN,edin20,Violation_201,74.0,P3,51.5275,61.0,34.0
EDIN,edin20,Violation_201,74.0,P4,7.228662,61.0,34.0
EDIN,edin20,Violation_201,74.0,C3,9.845531,61.0,34.0
EDIN,edin20,Violation_201,74.0,C4,20.84953,61.0,34.0
EDIN,edin20,Violation_201,74.0,P7,15.92512,61.0,34.0
EDIN,edin20,Violation_201,74.0,P8,-1.417903,61.0,34.0
EDIN,edin20,Violation_201,74.0,O1,8.848591,61.0,34.0
EDIN,edin20,Violation_201,74.0,O2,40.2918,61.0,34.0
EDIN,edin20,Violation_201,78.0,Pz,-22.77078,65.0,93.0
EDIN,edin20,Violation_201,78.0,Cz,7.170346,65.0,93.0
EDIN,edin20,Violation_201,78.0,CP1,3.341477,65.0,93.0
EDIN,edin20,Violation_201,78.0,CP2,1.455089,65.0,93.0
EDIN,edin20,Violation_201,78.0,P3,-11.53915,65.0,93.0
EDIN,edin20,Violation_201,78.0,P4,36.06818,65.0,93.0
EDIN,edin20,Violation_201,78.0,C3,9.421819,65.0,93.0
EDIN,edin20,Violation_201,78.0,C4,7.631651,65.0,93.0
EDIN,edin20,Violation_201,78.0,P7,6.292112,65.0,93.0
EDIN,edin20,Violation_201,78.0,P8,1.686454,65.0,93.0
EDIN,edin20,Violation_201,78.0,O1,15.3219,65.0,93.0
EDIN,edin20,Violation_201,78.0,O2,-16.13203,65.0,93.0
EDIN,edin21,Control_202,15.0,Pz,2.441636,14.0,90.0
EDIN,edin21,Control_202,15.0,Cz,-3.841376,14.0,90.0
EDIN,edin21,Control_202,15.0,CP1,4.335328,14.0,90.0
EDIN,edin21,Control_202,15.0,CP2,-1.783808,14.0,90.0
EDIN,edin21,Control_202,15.0,P3,4.186852,14.0,90.0
EDIN,edin21,Control_202,15.0,P4,-47.12993,14.0,90.0
EDIN,edin21,Control_202,15.0,C3,5.09725,14.0,90.0
EDIN,edin21,Control_202,15.0,C4,0.3480723,14.0,90.0
EDIN,edin21,Control_202,15.0,P7,11.93368,14.0,90.0
EDIN,edin21,Control_202,15.0,P8,10.07375,14.0,90.0
EDIN,edin21,Control_202,15.0,O1,2.254026,14.0,90.0
EDIN,edin21,Control_202,15.0,O2,1.384009,14.0,90.0
EDIN,edin21,Control_202,3.0,Pz,1.407997,15.0,90.0
EDIN,edin21,Control_202,3.0,Cz,-2.647079,15.0,90.0
EDIN,edin21,Control_202,3.0,CP1,2.947807,15.0,90.0
EDIN,edin21,Control_202,3.0,CP2,-1.792805,15.0,90.0
EDIN,edin21,Control_202,3.0,P3,-1.157598,15.0,90.0
EDIN,edin21,Control_202,3.0,P4,2.581379,15.0,90.0
EDIN,edin21,Control_202,3.0,C3,-4.902294,15.0,90.0
EDIN,edin21,Control_202,3.0,C4,-4.250883,15.0,90.0
EDIN,edin21,Control_202,3.0,P7,-7.692503,15.0,90.0
EDIN,edin21,Control_202,3.0,P8,0.231048,15.0,90.0
EDIN,edin21,Control_202,3.0,O1,-10.49186,15.0,90.0
EDIN,edin21,Control_202,3.0,O2,1.529203,15.0,90.0
EDIN,edin21,Control_202,19.0,Pz,15.4695,2.0,100.0
EDIN,edin21,Control_202,19.0,Cz,15.99244,2.0,100.0
EDIN,edin21,Control_202,19.0,CP1,8.538136,2.0,100.0
EDIN,edin21,Control_202,19.0,CP2,13.61658,2.0,100.0
EDIN,edin21,Control_202,19.0,P3,7.620357,2.0,100.0
EDIN,edin21,Control_202,19.0,P4,-31.51351,2.0,100.0
EDIN,edin21,Control_202,19.0,C3,3.936383,2.0,100.0
EDIN,edin21,Control_202,19.0,C4,12.15816,2.0,100.0
EDIN,edin21,Control_202,19.0,P7,2.791041,2.0,100.0
EDIN,edin21,Control_202,19.0,P8,10.60835,2.0,100.0
EDIN,edin21,Control_202,19.0,O1,5.360411,2.0,100.0
EDIN,edin21,Control_202,19.0,O2,3.187196,2.0,100.0
EDIN,edin21,Control_202,11.0,Pz,10.52962,7.0,80.0
EDIN,edin21,Control_202,11.0,Cz,3.704425,7.0,80.0
EDIN,edin21,Control_202,11.0,CP1,8.615441,7.0,80.0
EDIN,edin21,Control_202,11.0,CP2,11.39492,7.0,80.0
EDIN,edin21,Control_202,11.0,P3,15.7599,7.0,80.0
EDIN,edin21,Control_202,11.0,P4,3.378488,7.0,80.0
EDIN,edin21,Control_202,11.0,C3,8.712288,7.0,80.0
EDIN,edin21,Control_202,11.0,C4,8.684051,7.0,80.0
EDIN,edin21,Control_202,11.0,P7,17.4788,7.0,80.0
EDIN,edin21,Control_202,11.0,P8,7.53827,7.0,80.0
EDIN,edin21,Control_202,11.0,O1,13.47619,7.0,80.0
EDIN,edin21,Control_202,11.0,O2,24.65339,7.0,80.0
EDIN,edin21,Violation_201,16.0,Pz,19.51749,10.0,80.0
EDIN,edin21,Violation_201,16.0,Cz,16.34822,10.0,80.0
EDIN,edin21,Violation_201,16.0,CP1,15.50368,10.0,80.0
EDIN,edin21,Violation_201,16.0,CP2,18.66825,10.0,80.0
EDIN,edin21,Violation_201,16.0,P3,12.16568,10.0,80.0
EDIN,edin21,Violation_201,16.0,P4,21.50261,10.0,80.0
EDIN,edin21,Violation_201,16.0,C3,8.982141,10.0,80.0
EDIN,edin21,Violation_201,16.0,C4,14.92767,10.0,80.0
EDIN,edin21,Violation_201,16.0,P7,10.58166,10.0,80.0
EDIN,edin21,Violation_201,16.0,P8,33.78707,10.0,80.0
EDIN,edin21,Violation_201,16.0,O1,14.882,10.0,80.0
EDIN,edin21,Violation_201,16.0,O2,16.07916,10.0,80.0
EDIN,edin21,Control_202,7.0,Pz,3.894335,19.0,100.0
EDIN,edin21,Control_202,7.0,Cz,4.534882,19.0,100.0
EDIN,edin21,Control_202,7.0,CP1,5.680426,19.0,100.0
EDIN,edin21,Control_202,7.0,CP2,5.01283,19.0,100.0
EDIN,edin21,Control_202,7.0,P3,6.693859,19.0,100.0
EDIN,edin21,Control_202,7.0,P4,6.748919,19.0,100.0
EDIN,edin21,Control_202,7.0,C3,12.08686,19.0,100.0
EDIN,edin21,Control_202,7.0,C4,13.9588,19.0,100.0
EDIN,edin21,Control_202,7.0,P7,7.308909,19.0,100.0
EDIN,edin21,Control_202,7.0,P8,12.87241,19.0,100.0
EDIN,edin21,Control_202,7.0,O1,8.314844,19.0,100.0
EDIN,edin21,Control_202,7.0,O2,2.752506,19.0,100.0
EDIN,edin21,Violation_201,4.0,Pz,33.87721,9.0,93.0
EDIN,edin21,Violation_201,4.0,Cz,35.04166,9.0,93.0
EDIN,edin21,Violation_201,4.0,CP1,23.41986,9.0,93.0
EDIN,edin21,Violation_201,4.0,CP2,34.77562,9.0,93.0
EDIN,edin21,Violation_201,4.0,P3,28.26681,9.0,93.0
EDIN,edin21,Violation_201,4.0,P4,34.21679,9.0,93.0
EDIN,edin21,Violation_201,4.0,C3,22.71959,9.0,93.0
EDIN,edin21,Violation_201,4.0,C4,25.5263,9.0,93.0
EDIN,edin21,Violation_201,4.0,P7,13.69366,9.0,93.0
EDIN,edin21,Violation_201,4.0,P8,20.7158,9.0,93.0
EDIN,edin21,Violation_201,4.0,O1,26.6999,9.0,93.0
EDIN,edin21,Violation_201,4.0,O2,24.31477,9.0,93.0
EDIN,edin21,Violation_201,12.0,Pz,-12.19309,4.0,93.0
EDIN,edin21,Violation_201,12.0,Cz,-21.56407,4.0,93.0
EDIN,edin21,Violation_201,12.0,CP1,-15.99811,4.0,93.0
EDIN,edin21,Violation_201,12.0,CP2,-15.85749,4.0,93.0
EDIN,edin21,Violation_201,12.0,P3,-14.08932,4.0,93.0
EDIN,edin21,Violation_201,12.0,P4,-8.906996,4.0,93.0
EDIN,edin21,Violation_201,12.0,C3,-16.10143,4.0,93.0
EDIN,edin21,Violation_201,12.0,C4,-17.25172,4.0,93.0
EDIN,edin21,Violation_201,12.0,P7,-7.488084,4.0,93.0
EDIN,edin21,Violation_201,12.0,P8,-12.37974,4.0,93.0
EDIN,edin21,Violation_201,12.0,O1,-13.07645,4.0,93.0
EDIN,edin21,Violation_201,12.0,O2,-16.05496,4.0,93.0
EDIN,edin21,Violation_201,20.0,Pz,4.227086,18.0,87.0
EDIN,edin21,Violation_201,20.0,Cz,-4.374062,18.0,87.0
EDIN,edin21,Violation_201,20.0,CP1,2.492137,18.0,87.0
EDIN,edin21,Violation_201,20.0,CP2,-0.4076177,18.0,87.0
EDIN,edin21,Violation_201,20.0,P3,5.546411,18.0,87.0
EDIN,edin21,Violation_201,20.0,P4,1.350362,18.0,87.0
EDIN,edin21,Violation_201,20.0,C3,-4.297941,18.0,87.0
EDIN,edin21,Violation_201,20.0,C4,5.505445,18.0,87.0
EDIN,edin21,Violation_201,20.0,P7,4.416474,18.0,87.0
EDIN,edin21,Violation_201,20.0,P8,-1.812771,18.0,87.0
EDIN,edin21,Violation_201,20.0,O1,1.78097,18.0,87.0
EDIN,edin21,Violation_201,20.0,O2,3.674988,18.0,87.0
EDIN,edin21,Violation_201,8.0,Pz,2.938553,11.0,87.0
EDIN,edin21,Violation_201,8.0,Cz,-5.475497,11.0,87.0
EDIN,edin21,Violation_201,8.0,CP1,5.927228,11.0,87.0
EDIN,edin21,Violation_201,8.0,CP2,3.116315,11.0,87.0
EDIN,edin21,Violation_201,8.0,P3,6.318412,11.0,87.0
EDIN,edin21,Violation_201,8.0,P4,4.824919,11.0,87.0
EDIN,edin21,Violation_201,8.0,C3,5.071556,11.0,87.0
EDIN,edin21,Violation_201,8.0,C4,-2.834832,11.0,87.0
EDIN,edin21,Violation_201,8.0,P7,1.155554,11.0,87.0
EDIN,edin21,Violation_201,8.0,P8,-3.719257,11.0,87.0
EDIN,edin21,Violation_201,8.0,O1,4.295881,11.0,87.0
EDIN,edin21,Violation_201,8.0,O2,-2.196376,11.0,87.0
EDIN,edin21,Violation_201,40.0,Pz,-1.47546,21.0,77.0
EDIN,edin21,Violation_201,40.0,Cz,3.379426,21.0,77.0
EDIN,edin21,Violation_201,40.0,CP1,1.78164,21.0,77.0
EDIN,edin21,Violation_201,40.0,CP2,0.9015937,21.0,77.0
EDIN,edin21,Violation_201,40.0,P3,3.814801,21.0,77.0
EDIN,edin21,Violation_201,40.0,P4,0.07128942,21.0,77.0
EDIN,edin21,Violation_201,40.0,C3,-3.803967,21.0,77.0
EDIN,edin21,Violation_201,40.0,C4,1.967206,21.0,77.0
EDIN,edin21,Violation_201,40.0,P7,2.751173,21.0,77.0
EDIN,edin21,Violation_201,40.0,P8,-7.759658,21.0,77.0
EDIN,edin21,Violation_201,40.0,O1,-2.042042,21.0,77.0
EDIN,edin21,Violation_201,40.0,O2,13.90196,21.0,77.0
EDIN,edin21,Violation_201,32.0,Pz,-3.810446,38.0,93.0
EDIN,edin21,Violation_201,32.0,Cz,3.777545,38.0,93.0
EDIN,edin21,Violation_201,32.0,CP1,5.398323,38.0,93.0
EDIN,edin21,Violation_201,32.0,CP2,-2.402721,38.0,93.0
EDIN,edin21,Violation_201,32.0,P3,-2.479142,38.0,93.0
EDIN,edin21,Violation_201,32.0,P4,-8.331965,38.0,93.0
EDIN,edin21,Violation_201,32.0,C3,7.379859,38.0,93.0
EDIN,edin21,Violation_201,32.0,C4,-0.06719727,38.0,93.0
EDIN,edin21,Violation_201,32.0,P7,1.765754,38.0,93.0
EDIN,edin21,Violation_201,32.0,P8,-6.659278,38.0,93.0
EDIN,edin21,Violation_201,32.0,O1,0.9427441,38.0,93.0
EDIN,edin21,Violation_201,32.0,O2,8.826572,38.0,93.0
EDIN,edin21,Violation_201,28.0,Pz,-3.471295,30.0,90.0
EDIN,edin21,Violation_201,28.0,Cz,-6.545032,30.0,90.0
EDIN,edin21,Violation_201,28.0,CP1,-2.408988,30.0,90.0
EDIN,edin21,Violation_201,28.0,CP2,0.494163,30.0,90.0
EDIN,edin21,Violation_201,28.0,P3,0.08723939,30.0,90.0
EDIN,edin21,Violation_201,28.0,P4,1.719979,30.0,90.0
EDIN,edin21,Violation_201,28.0,C3,-4.819305,30.0,90.0
EDIN,edin21,Violation_201,28.0,C4,1.133849,30.0,90.0
EDIN,edin21,Violation_201,28.0,P7,-2.148577,30.0,90.0
EDIN,edin21,Violation_201,28.0,P8,-3.6385,30.0,90.0
EDIN,edin21,Violation_201,28.0,O1,-4.119744,30.0,90.0
EDIN,edin21,Violation_201,28.0,O2,-2.733522,30.0,90.0
EDIN,edin21,Control_202,27.0,Pz,3.523116,25.0,97.0
EDIN,edin21,Control_202,27.0,Cz,8.758892,25.0,97.0
EDIN,edin21,Control_202,27.0,CP1,2.462235,25.0,97.0
EDIN,edin21,Control_202,27.0,CP2,10.32834,25.0,97.0
EDIN,edin21,Control_202,27.0,P3,4.062777,25.0,97.0
EDIN,edin21,Control_202,27.0,P4,6.810693,25.0,97.0
EDIN,edin21,Control_202,27.0,C3,7.24523,25.0,97.0
EDIN,edin21,Control_202,27.0,C4,-0.2032871,25.0,97.0
EDIN,edin21,Control_202,27.0,P7,8.234615,25.0,97.0
EDIN,edin21,Control_202,27.0,P8,11.04745,25.0,97.0
EDIN,edin21,Control_202,27.0,O1,6.546903,25.0,97.0
EDIN,edin21,Control_202,27.0,O2,7.733447,25.0,97.0
EDIN,edin21,Control_202,23.0,Pz,0.3097311,32.0,80.0
EDIN,edin21,Control_202,23.0,Cz,7.248864,32.0,80.0
EDIN,edin21,Control_202,23.0,CP1,5.779514,32.0,80.0
EDIN,edin21,Control_202,23.0,CP2,0.9285378,32.0,80.0
EDIN,edin21,Control_202,23.0,P3,-0.3926449,32.0,80.0
EDIN,edin21,Control_202,23.0,P4,20.76405,32.0,80.0
EDIN,edin21,Control_202,23.0,C3,1.280217,32.0,80.0
EDIN,edin21,Control_202,23.0,C4,-3.84251,32.0,80.0
EDIN,edin21,Control_202,23.0,P7,-8.386644,32.0,80.0
EDIN,edin21,Control_202,23.0,P8,1.220393,32.0,80.0
EDIN,edin21,Control_202,23.0,O1,-5.87693,32.0,80.0
EDIN,edin21,Control_202,23.0,O2,6.149112,32.0,80.0
EDIN,edin21,Violation_201,24.0,Pz,-7.691803,28.0,27.0
EDIN,edin21,Violation_201,24.0,Cz,3.846784,28.0,27.0
EDIN,edin21,Violation_201,24.0,CP1,-3.403058,28.0,27.0
EDIN,edin21,Violation_201,24.0,CP2,-2.301401,28.0,27.0
EDIN,edin21,Violation_201,24.0,P3,-3.290314,28.0,27.0
EDIN,edin21,Violation_201,24.0,P4,-10.30699,28.0,27.0
EDIN,edin21,Violation_201,24.0,C3,-6.011049,28.0,27.0
EDIN,edin21,Violation_201,24.0,C4,-9.447908,28.0,27.0
EDIN,edin21,Violation_201,24.0,P7,-4.104962,28.0,27.0
EDIN,edin21,Violation_201,24.0,P8,-7.440976,28.0,27.0
EDIN,edin21,Violation_201,24.0,O1,-5.603773,28.0,27.0
EDIN,edin21,Violation_201,24.0,O2,-8.453761,28.0,27.0
EDIN,edin21,Control_202,35.0,Pz,18.57034,33.0,53.0
EDIN,edin21,Control_202,35.0,Cz,21.69718,33.0,53.0
EDIN,edin21,Control_202,35.0,CP1,13.89048,33.0,53.0
EDIN,edin21,Control_202,35.0,CP2,14.45662,33.0,53.0
EDIN,edin21,Control_202,35.0,P3,14.69505,33.0,53.0
EDIN,edin21,Control_202,35.0,P4,22.72635,33.0,53.0
EDIN,edin21,Control_202,35.0,C3,12.61576,33.0,53.0
EDIN,edin21,Control_202,35.0,C4,23.23255,33.0,53.0
EDIN,edin21,Control_202,35.0,P7,10.30685,33.0,53.0
EDIN,edin21,Control_202,35.0,P8,6.788083,33.0,53.0
EDIN,edin21,Control_202,35.0,O1,12.57727,33.0,53.0
EDIN,edin21,Control_202,35.0,O2,19.10418,33.0,53.0
EDIN,edin21,Control_202,31.0,Pz,-5.155628,29.0,90.0
EDIN,edin21,Control_202,31.0,Cz,-13.48009,29.0,90.0
EDIN,edin21,Control_202,31.0,CP1,-8.153198,29.0,90.0
EDIN,edin21,Control_202,31.0,CP2,-6.062548,29.0,90.0
EDIN,edin21,Control_202,31.0,P3,2.760701,29.0,90.0
EDIN,edin21,Control_202,31.0,P4,10.20254,29.0,90.0
EDIN,edin21,Control_202,31.0,C3,-5.181334,29.0,90.0
EDIN,edin21,Control_202,31.0,C4,-3.24823,29.0,90.0
EDIN,edin21,Control_202,31.0,P7,3.051547,29.0,90.0
EDIN,edin21,Control_202,31.0,P8,0.56806,29.0,90.0
EDIN,edin21,Control_202,31.0,O1,-0.7258262,29.0,90.0
EDIN,edin21,Control_202,31.0,O2,2.609643,29.0,90.0
EDIN,edin21,Violation_201,36.0,Pz,-6.828623,36.0,77.0
EDIN,edin21,Violation_201,36.0,Cz,-1.734535,36.0,77.0
EDIN,edin21,Violation_201,36.0,CP1,0.3227022,36.0,77.0
EDIN,edin21,Violation_201,36.0,CP2,-1.681665,36.0,77.0
EDIN,edin21,Violation_201,36.0,P3,1.17228,36.0,77.0
EDIN,edin21,Violation_201,36.0,P4,1.878842,36.0,77.0
EDIN,edin21,Violation_201,36.0,C3,-4.64424,36.0,77.0
EDIN,edin21,Violation_201,36.0,C4,2.204149,36.0,77.0
EDIN,edin21,Violation_201,36.0,P7,-2.603935,36.0,77.0
EDIN,edin21,Violation_201,36.0,P8,4.368443,36.0,77.0
EDIN,edin21,Violation_201,36.0,O1,-5.340689,36.0,77.0
EDIN,edin21,Violation_201,36.0,O2,1.643807,36.0,77.0
EDIN,edin21,Control_202,39.0,Pz,12.44487,37.0,80.0
EDIN,edin21,Control_202,39.0,Cz,8.779234,37.0,80.0
EDIN,edin21,Control_202,39.0,CP1,5.306891,37.0,80.0
EDIN,edin21,Control_202,39.0,CP2,7.780837,37.0,80.0
EDIN,edin21,Control_202,39.0,P3,9.138197,37.0,80.0
EDIN,edin21,Control_202,39.0,P4,16.3822,37.0,80.0
EDIN,edin21,Control_202,39.0,C3,3.484101,37.0,80.0
EDIN,edin21,Control_202,39.0,C4,8.766942,37.0,80.0
EDIN,edin21,Control_202,39.0,P7,2.784754,37.0,80.0
EDIN,edin21,Control_202,39.0,P8,14.38024,37.0,80.0
EDIN,edin21,Control_202,39.0,O1,11.3009,37.0,80.0
EDIN,edin21,Control_202,39.0,O2,7.884198,37.0,80.0
EDIN,edin21,Control_202,47.0,Pz,-3.515392,55.0,93.0
EDIN,edin21,Control_202,47.0,Cz,-1.324027,55.0,93.0
EDIN,edin21,Control_202,47.0,CP1,-6.564417,55.0,93.0
EDIN,edin21,Control_202,47.0,CP2,-3.120835,55.0,93.0
EDIN,edin21,Control_202,47.0,P3,-15.35824,55.0,93.0
EDIN,edin21,Control_202,47.0,P4,-8.366879,55.0,93.0
EDIN,edin21,Control_202,47.0,C3,-11.59069,55.0,93.0
EDIN,edin21,Control_202,47.0,C4,-16.86954,55.0,93.0
EDIN,edin21,Control_202,47.0,P7,-13.59916,55.0,93.0
EDIN,edin21,Control_202,47.0,P8,-14.96685,55.0,93.0
EDIN,edin21,Control_202,47.0,O1,-9.610718,55.0,93.0
EDIN,edin21,Control_202,47.0,O2,-18.46048,55.0,93.0
EDIN,edin21,Control_202,55.0,Pz,10.47198,54.0,77.0
EDIN,edin21,Control_202,55.0,Cz,0.1379147,54.0,77.0
EDIN,edin21,Control_202,55.0,CP1,3.606806,54.0,77.0
EDIN,edin21,Control_202,55.0,CP2,12.55485,54.0,77.0
EDIN,edin21,Control_202,55.0,P3,5.068348,54.0,77.0
EDIN,edin21,Control_202,55.0,P4,9.676843,54.0,77.0
EDIN,edin21,Control_202,55.0,C3,1.090453,54.0,77.0
EDIN,edin21,Control_202,55.0,C4,4.254216,54.0,77.0
EDIN,edin21,Control_202,55.0,P7,7.667749,54.0,77.0
EDIN,edin21,Control_202,55.0,P8,11.44738,54.0,77.0
EDIN,edin21,Control_202,55.0,O1,11.46104,54.0,77.0
EDIN,edin21,Control_202,55.0,O2,14.99727,54.0,77.0
EDIN,edin21,Control_202,44.0,Pz,-51.60896,57.0,69.0
EDIN,edin21,Control_202,44.0,Cz,-43.59993,57.0,69.0
EDIN,edin21,Control_202,44.0,CP1,-43.95103,57.0,69.0
EDIN,edin21,Control_202,44.0,CP2,-50.08592,57.0,69.0
EDIN,edin21,Control_202,44.0,P3,-45.56522,57.0,69.0
EDIN,edin21,Control_202,44.0,P4,-53.00046,57.0,69.0
EDIN,edin21,Control_202,44.0,C3,-42.64045,57.0,69.0
EDIN,edin21,Control_202,44.0,C4,-45.57153,57.0,69.0
EDIN,edin21,Control_202,44.0,P7,-52.32844,57.0,69.0
EDIN,edin21,Control_202,44.0,P8,-51.86614,57.0,69.0
EDIN,edin21,Control_202,44.0,O1,-44.39717,57.0,69.0
EDIN,edin21,Control_202,44.0,O2,-45.29137,57.0,69.0
EDIN,edin21,Violation_201,43.0,Pz,-69.51013,50.0,37.0
EDIN,edin21,Violation_201,43.0,Cz,-63.30159,50.0,37.0
EDIN,edin21,Violation_201,43.0,CP1,-61.66267,50.0,37.0
EDIN,edin21,Violation_201,43.0,CP2,-65.368,50.0,37.0
EDIN,edin21,Violation_201,43.0,P3,-65.81805,50.0,37.0
EDIN,edin21,Violation_201,43.0,P4,-69.5167,50.0,37.0
EDIN,edin21,Violation_201,43.0,C3,-66.59302,50.0,37.0
EDIN,edin21,Violation_201,43.0,C4,-67.41325,50.0,37.0
EDIN,edin21,Violation_201,43.0,P7,-65.04222,50.0,37.0
EDIN,edin21,Violation_201,43.0,P8,-63.07561,50.0,37.0
EDIN,edin21,Violation_201,43.0,O1,-67.16029,50.0,37.0
EDIN,edin21,Violation_201,43.0,O2,-65.33163,50.0,37.0
EDIN,edin21,Violation_201,48.0,Pz,4.851705,44.0,90.0
EDIN,edin21,Violation_201,48.0,Cz,2.286635,44.0,90.0
EDIN,edin21,Violation_201,48.0,CP1,5.496139,44.0,90.0
EDIN,edin21,Violation_201,48.0,CP2,8.244905,44.0,90.0
EDIN,edin21,Violation_201,48.0,P3,5.507632,44.0,90.0
EDIN,edin21,Violation_201,48.0,P4,11.63551,44.0,90.0
EDIN,edin21,Violation_201,48.0,C3,5.869688,44.0,90.0
EDIN,edin21,Violation_201,48.0,C4,2.751186,44.0,90.0
EDIN,edin21,Violation_201,48.0,P7,6.852807,44.0,90.0
EDIN,edin21,Violation_201,48.0,P8,10.58963,44.0,90.0
EDIN,edin21,Violation_201,48.0,O1,5.851583,44.0,90.0
EDIN,edin21,Violation_201,48.0,O2,12.47534,44.0,90.0
EDIN,edin21,Control_202,59.0,Pz,7.556705,60.0,90.0
EDIN,edin21,Control_202,59.0,Cz,2.059543,60.0,90.0
EDIN,edin21,Control_202,59.0,CP1,9.36341,60.0,90.0
EDIN,edin21,Control_202,59.0,CP2,9.039499,60.0,90.0
EDIN,edin21,Control_202,59.0,P3,12.86352,60.0,90.0
EDIN,edin21,Control_202,59.0,P4,12.63656,60.0,90.0
EDIN,edin21,Control_202,59.0,C3,7.099272,60.0,90.0
EDIN,edin21,Control_202,59.0,C4,8.248881,60.0,90.0
EDIN,edin21,Control_202,59.0,P7,7.956677,60.0,90.0
EDIN,edin21,Control_202,59.0,P8,6.117564,60.0,90.0
EDIN,edin21,Control_202,59.0,O1,3.867818,60.0,90.0
EDIN,edin21,Control_202,59.0,O2,-4.417325,60.0,90.0
EDIN,edin21,Control_202,51.0,Pz,12.28606,48.0,87.0
EDIN,edin21,Control_202,51.0,Cz,16.93162,48.0,87.0
EDIN,edin21,Control_202,51.0,CP1,12.46427,48.0,87.0
EDIN,edin21,Control_202,51.0,CP2,10.20407,48.0,87.0
EDIN,edin21,Control_202,51.0,P3,6.988056,48.0,87.0
EDIN,edin21,Control_202,51.0,P4,8.298583,48.0,87.0
EDIN,edin21,Control_202,51.0,C3,11.26016,48.0,87.0
EDIN,edin21,Control_202,51.0,C4,9.135843,48.0,87.0
EDIN,edin21,Control_202,51.0,P7,0.3236666,48.0,87.0
EDIN,edin21,Control_202,51.0,P8,1.556167,48.0,87.0
EDIN,edin21,Control_202,51.0,O1,1.895717,48.0,87.0
EDIN,edin21,Control_202,51.0,O2,1.368511,48.0,87.0
EDIN,edin21,Violation_201,56.0,Pz,1.661714,56.0,93.0
EDIN,edin21,Violation_201,56.0,Cz,5.705322,56.0,93.0
EDIN,edin21,Violation_201,56.0,CP1,1.776099,56.0,93.0
EDIN,edin21,Violation_201,56.0,CP2,2.627979,56.0,93.0
EDIN,edin21,Violation_201,56.0,P3,3.257395,56.0,93.0
EDIN,edin21,Violation_201,56.0,P4,-2.568696,56.0,93.0
EDIN,edin21,Violation_201,56.0,C3,3.860039,56.0,93.0
EDIN,edin21,Violation_201,56.0,C4,-0.001427304,56.0,93.0
EDIN,edin21,Violation_201,56.0,P7,6.794723,56.0,93.0
EDIN,edin21,Violation_201,56.0,P8,-6.646317,56.0,93.0
EDIN,edin21,Violation_201,56.0,O1,2.273912,56.0,93.0
EDIN,edin21,Violation_201,56.0,O2,6.209507,56.0,93.0
EDIN,edin21,Violation_201,52.0,Pz,7.395427,59.0,73.0
EDIN,edin21,Violation_201,52.0,Cz,4.032085,59.0,73.0
EDIN,edin21,Violation_201,52.0,CP1,3.212737,59.0,73.0
EDIN,edin21,Violation_201,52.0,CP2,7.601598,59.0,73.0
EDIN,edin21,Violation_201,52.0,P3,3.224741,59.0,73.0
EDIN,edin21,Violation_201,52.0,P4,10.77497,59.0,73.0
EDIN,edin21,Violation_201,52.0,C3,-0.9727884,59.0,73.0
EDIN,edin21,Violation_201,52.0,C4,4.163873,59.0,73.0
EDIN,edin21,Violation_201,52.0,P7,0.5270498,59.0,73.0
EDIN,edin21,Violation_201,52.0,P8,0.7755079,59.0,73.0
EDIN,edin21,Violation_201,52.0,O1,0.6167666,59.0,73.0
EDIN,edin21,Violation_201,52.0,O2,4.910118,59.0,73.0
EDIN,edin21,Violation_201,60.0,Pz,11.81933,45.0,67.0
EDIN,edin21,Violation_201,60.0,Cz,20.88749,45.0,67.0
EDIN,edin21,Violation_201,60.0,CP1,12.3752,45.0,67.0
EDIN,edin21,Violation_201,60.0,CP2,16.9167,45.0,67.0
EDIN,edin21,Violation_201,60.0,P3,8.396183,45.0,67.0
EDIN,edin21,Violation_201,60.0,P4,13.06443,45.0,67.0
EDIN,edin21,Violation_201,60.0,C3,7.120624,45.0,67.0
EDIN,edin21,Violation_201,60.0,C4,11.80587,45.0,67.0
EDIN,edin21,Violation_201,60.0,P7,-0.6604683,45.0,67.0
EDIN,edin21,Violation_201,60.0,P8,5.097387,45.0,67.0
EDIN,edin21,Violation_201,60.0,O1,2.499846,45.0,67.0
EDIN,edin21,Violation_201,60.0,O2,15.21668,45.0,67.0
EDIN,edin21,Violation_201,68.0,Pz,17.79815,75.0,60.0
EDIN,edin21,Violation_201,68.0,Cz,18.21694,75.0,60.0
EDIN,edin21,Violation_201,68.0,CP1,14.03485,75.0,60.0
EDIN,edin21,Violation_201,68.0,CP2,13.4146,75.0,60.0
EDIN,edin21,Violation_201,68.0,P3,23.81299,75.0,60.0
EDIN,edin21,Violation_201,68.0,P4,14.09361,75.0,60.0
EDIN,edin21,Violation_201,68.0,C3,16.46322,75.0,60.0
EDIN,edin21,Violation_201,68.0,C4,22.19695,75.0,60.0
EDIN,edin21,Violation_201,68.0,P7,21.57615,75.0,60.0
EDIN,edin21,Violation_201,68.0,P8,14.49128,75.0,60.0
EDIN,edin21,Violation_201,68.0,O1,21.30492,75.0,60.0
EDIN,edin21,Violation_201,68.0,O2,10.74109,75.0,60.0
EDIN,edin21,Violation_201,72.0,Pz,-6.077844,64.0,50.0
EDIN,edin21,Violation_201,72.0,Cz,-8.352598,64.0,50.0
EDIN,edin21,Violation_201,72.0,CP1,-4.952074,64.0,50.0
EDIN,edin21,Violation_201,72.0,CP2,-7.193312,64.0,50.0
EDIN,edin21,Violation_201,72.0,P3,-10.93556,64.0,50.0
EDIN,edin21,Violation_201,72.0,P4,-0.2695096,64.0,50.0
EDIN,edin21,Violation_201,72.0,C3,-8.469963,64.0,50.0
EDIN,edin21,Violation_201,72.0,C4,-9.786334,64.0,50.0
EDIN,edin21,Violation_201,72.0,P7,-8.511619,64.0,50.0
EDIN,edin21,Violation_201,72.0,P8,-9.029861,64.0,50.0
EDIN,edin21,Violation_201,72.0,O1,-10.77102,64.0,50.0
EDIN,edin21,Violation_201,72.0,O2,0.4882062,64.0,50.0
EDIN,edin21,Violation_201,76.0,Pz,2.685435,63.0,83.0
EDIN,edin21,Violation_201,76.0,Cz,16.78929,63.0,83.0
EDIN,edin21,Violation_201,76.0,CP1,8.053675,63.0,83.0
EDIN,edin21,Violation_201,76.0,CP2,9.659887,63.0,83.0
EDIN,edin21,Violation_201,76.0,P3,6.541455,63.0,83.0
EDIN,edin21,Violation_201,76.0,P4,9.231525,63.0,83.0
EDIN,edin21,Violation_201,76.0,C3,8.612136,63.0,83.0
EDIN,edin21,Violation_201,76.0,C4,12.20478,63.0,83.0
EDIN,edin21,Violation_201,76.0,P7,2.464173,63.0,83.0
EDIN,edin21,Violation_201,76.0,P8,9.732485,63.0,83.0
EDIN,edin21,Violation_201,76.0,O1,4.062531,63.0,83.0
EDIN,edin21,Violation_201,76.0,O2,5.012141,63.0,83.0
EDIN,edin21,Control_202,75.0,Pz,-22.12361,62.0,70.0
EDIN,edin21,Control_202,75.0,Cz,-18.56592,62.0,70.0
EDIN,edin21,Control_202,75.0,CP1,-19.80779,62.0,70.0
EDIN,edin21,Control_202,75.0,CP2,-20.09979,62.0,70.0
EDIN,edin21,Control_202,75.0,P3,-16.79639,62.0,70.0
EDIN,edin21,Control_202,75.0,P4,-18.27875,62.0,70.0
EDIN,edin21,Control_202,75.0,C3,-16.01937,62.0,70.0
EDIN,edin21,Control_202,75.0,C4,-10.6655,62.0,70.0
EDIN,edin21,Control_202,75.0,P7,-18.28842,62.0,70.0
EDIN,edin21,Control_202,75.0,P8,-11.34258,62.0,70.0
EDIN,edin21,Control_202,75.0,O1,-17.20014,62.0,70.0
EDIN,edin21,Control_202,75.0,O2,-7.404612,62.0,70.0
EDIN,edin21,Control_202,67.0,Pz,4.287221,70.0,57.0
EDIN,edin21,Control_202,67.0,Cz,5.523574,70.0,57.0
EDIN,edin21,Control_202,67.0,CP1,3.976607,70.0,57.0
EDIN,edin21,Control_202,67.0,CP2,3.644718,70.0,57.0
EDIN,edin21,Control_202,67.0,P3,5.710835,70.0,57.0
EDIN,edin21,Control_202,67.0,P4,0.03097406,70.0,57.0
EDIN,edin21,Control_202,67.0,C3,5.41225,70.0,57.0
EDIN,edin21,Control_202,67.0,C4,-0.1794277,70.0,57.0
EDIN,edin21,Control_202,67.0,P7,1.063877,70.0,57.0
EDIN,edin21,Control_202,67.0,P8,10.15798,70.0,57.0
EDIN,edin21,Control_202,67.0,O1,2.116699,70.0,57.0
EDIN,edin21,Control_202,67.0,O2,-1.512398,70.0,57.0
EDIN,edin21,Violation_201,64.0,Pz,23.07095,66.0,23.0
EDIN,edin21,Violation_201,64.0,Cz,12.82106,66.0,23.0
EDIN,edin21,Violation_201,64.0,CP1,12.90281,66.0,23.0
EDIN,edin21,Violation_201,64.0,CP2,20.6892,66.0,23.0
EDIN,edin21,Violation_201,64.0,P3,10.12191,66.0,23.0
EDIN,edin21,Violation_201,64.0,P4,18.53269,66.0,23.0
EDIN,edin21,Violation_201,64.0,C3,4.795303,66.0,23.0
EDIN,edin21,Violation_201,64.0,C4,12.96328,66.0,23.0
EDIN,edin21,Violation_201,64.0,P7,2.628487,66.0,23.0
EDIN,edin21,Violation_201,64.0,P8,18.62885,66.0,23.0
EDIN,edin21,Violation_201,64.0,O1,11.2723,66.0,23.0
EDIN,edin21,Violation_201,64.0,O2,22.85314,66.0,23.0
EDIN,edin21,Control_202,79.0,Pz,-5.347631,61.0,34.0
EDIN,edin21,Control_202,79.0,Cz,0.6533741,61.0,34.0
EDIN,edin21,Control_202,79.0,CP1,-5.353579,61.0,34.0
EDIN,edin21,Control_202,79.0,CP2,-3.358836,61.0,34.0
EDIN,edin21,Control_202,79.0,P3,-5.984547,61.0,34.0
EDIN,edin21,Control_202,79.0,P4,-4.170846,61.0,34.0
EDIN,edin21,Control_202,79.0,C3,-7.914692,61.0,34.0
EDIN,edin21,Control_202,79.0,C4,15.12955,61.0,34.0
EDIN,edin21,Control_202,79.0,P7,-3.222044,61.0,34.0
EDIN,edin21,Control_202,79.0,P8,-10.4025,61.0,34.0
EDIN,edin21,Control_202,79.0,O1,1.879622,61.0,34.0
EDIN,edin21,Control_202,79.0,O2,-5.955235,61.0,34.0
EDIN,edin21,Control_202,63.0,Pz,1.134744,77.0,100.0
EDIN,edin21,Control_202,63.0,Cz,-10.07528,77.0,100.0
EDIN,edin21,Control_202,63.0,CP1,-0.01847218,77.0,100.0
EDIN,edin21,Control_202,63.0,CP2,-0.9616057,77.0,100.0
EDIN,edin21,Control_202,63.0,P3,-1.719715,77.0,100.0
EDIN,edin21,Control_202,63.0,P4,1.132307,77.0,100.0
EDIN,edin21,Control_202,63.0,C3,-6.910183,77.0,100.0
EDIN,edin21,Control_202,63.0,C4,-9.173163,77.0,100.0
EDIN,edin21,Control_202,63.0,P7,-4.997717,77.0,100.0
EDIN,edin21,Control_202,63.0,P8,-3.882619,77.0,100.0
EDIN,edin21,Control_202,63.0,O1,5.572557,77.0,100.0
EDIN,edin21,Control_202,63.0,O2,7.034598,77.0,100.0
EDIN,edin21,Violation_201,80.0,Pz,-10.78165,69.0,93.0
EDIN,edin21,Violation_201,80.0,Cz,-11.02506,69.0,93.0
EDIN,edin21,Violation_201,80.0,CP1,-10.67199,69.0,93.0
EDIN,edin21,Violation_201,80.0,CP2,-11.23294,69.0,93.0
EDIN,edin21,Violation_201,80.0,P3,-9.345357,69.0,93.0
EDIN,edin21,Violation_201,80.0,P4,-8.489815,69.0,93.0
EDIN,edin21,Violation_201,80.0,C3,-3.01931,69.0,93.0
EDIN,edin21,Violation_201,80.0,C4,-3.665534,69.0,93.0
EDIN,edin21,Violation_201,80.0,P7,-5.538252,69.0,93.0
EDIN,edin21,Violation_201,80.0,P8,-10.55654,69.0,93.0
EDIN,edin21,Violation_201,80.0,O1,-11.87008,69.0,93.0
EDIN,edin21,Violation_201,80.0,O2,-4.220821,69.0,93.0
EDIN,edin21,Control_202,71.0,Pz,4.454362,73.0,80.0
EDIN,edin21,Control_202,71.0,Cz,0.03770276,73.0,80.0
EDIN,edin21,Control_202,71.0,CP1,1.829371,73.0,80.0
EDIN,edin21,Control_202,71.0,CP2,2.098976,73.0,80.0
EDIN,edin21,Control_202,71.0,P3,3.377658,73.0,80.0
EDIN,edin21,Control_202,71.0,P4,4.311134,73.0,80.0
EDIN,edin21,Control_202,71.0,C3,-4.956179,73.0,80.0
EDIN,edin21,Control_202,71.0,C4,-7.288406,73.0,80.0
EDIN,edin21,Control_202,71.0,P7,3.290346,73.0,80.0
EDIN,edin21,Control_202,71.0,P8,2.043018,73.0,80.0
EDIN,edin21,Control_202,71.0,O1,2.079663,73.0,80.0
EDIN,edin21,Control_202,71.0,O2,8.232766,73.0,80.0
EDIN,edin22,Control_202,3.0,Pz,-1.267579,3.0,100.0
EDIN,edin22,Control_202,3.0,Cz,-1.159985,3.0,100.0
EDIN,edin22,Control_202,3.0,CP1,4.930303,3.0,100.0
EDIN,edin22,Control_202,3.0,CP2,0.5998191,3.0,100.0
EDIN,edin22,Control_202,3.0,P3,-10.94209,3.0,100.0
EDIN,edin22,Control_202,3.0,P4,-7.207749,3.0,100.0
EDIN,edin22,Control_202,3.0,C3,-3.741215,3.0,100.0
EDIN,edin22,Control_202,3.0,C4,1.982437,3.0,100.0
EDIN,edin22,Control_202,3.0,P7,1.15694,3.0,100.0
EDIN,edin22,Control_202,3.0,P8,-0.9512016,3.0,100.0
EDIN,edin22,Control_202,3.0,O1,-4.515751,3.0,100.0
EDIN,edin22,Control_202,3.0,O2,-28.41357,3.0,100.0
EDIN,edin22,Violation_201,8.0,Pz,-8.551107,8.0,97.0
EDIN,edin22,Violation_201,8.0,Cz,-7.111876,8.0,97.0
EDIN,edin22,Violation_201,8.0,CP1,-6.8297,8.0,97.0
EDIN,edin22,Violation_201,8.0,CP2,-6.716106,8.0,97.0
EDIN,edin22,Violation_201,8.0,P3,-14.16204,8.0,97.0
EDIN,edin22,Violation_201,8.0,P4,-6.746126,8.0,97.0
EDIN,edin22,Violation_201,8.0,C3,-6.99987,8.0,97.0
EDIN,edin22,Violation_201,8.0,C4,-5.672818,8.0,97.0
EDIN,edin22,Violation_201,8.0,P7,-5.80769,8.0,97.0
EDIN,edin22,Violation_201,8.0,P8,-0.1420037,8.0,97.0
EDIN,edin22,Violation_201,8.0,O1,-6.342353,8.0,97.0
EDIN,edin22,Violation_201,8.0,O2,-2.85336,8.0,97.0
EDIN,edin22,Control_202,11.0,Pz,12.2345,16.0,93.0
EDIN,edin22,Control_202,11.0,Cz,28.9035,16.0,93.0
EDIN,edin22,Control_202,11.0,CP1,11.75184,16.0,93.0
EDIN,edin22,Control_202,11.0,CP2,15.03865,16.0,93.0
EDIN,edin22,Control_202,11.0,P3,22.71187,16.0,93.0
EDIN,edin22,Control_202,11.0,P4,14.94878,16.0,93.0
EDIN,edin22,Control_202,11.0,C3,6.433067,16.0,93.0
EDIN,edin22,Control_202,11.0,C4,25.3871,16.0,93.0
EDIN,edin22,Control_202,11.0,P7,11.9155,16.0,93.0
EDIN,edin22,Control_202,11.0,P8,27.36414,16.0,93.0
EDIN,edin22,Control_202,11.0,O1,22.47382,16.0,93.0
EDIN,edin22,Control_202,11.0,O2,2.914749,16.0,93.0
EDIN,edin22,Control_202,19.0,Pz,36.25536,4.0,93.0
EDIN,edin22,Control_202,19.0,Cz,23.60941,4.0,93.0
EDIN,edin22,Control_202,19.0,CP1,31.05714,4.0,93.0
EDIN,edin22,Control_202,19.0,CP2,33.62149,4.0,93.0
EDIN,edin22,Control_202,19.0,P3,24.12193,4.0,93.0
EDIN,edin22,Control_202,19.0,P4,47.89115,4.0,93.0
EDIN,edin22,Control_202,19.0,C3,26.23669,4.0,93.0
EDIN,edin22,Control_202,19.0,C4,32.88768,4.0,93.0
EDIN,edin22,Control_202,19.0,P7,23.58241,4.0,93.0
EDIN,edin22,Control_202,19.0,P8,19.99611,4.0,93.0
EDIN,edin22,Control_202,19.0,O1,38.63911,4.0,93.0
EDIN,edin22,Control_202,19.0,O2,62.33413,4.0,93.0
EDIN,edin22,Violation_201,16.0,Pz,3.761928,9.0,93.0
EDIN,edin22,Violation_201,16.0,Cz,-0.9908751,9.0,93.0
EDIN,edin22,Violation_201,16.0,CP1,2.77926,9.0,93.0
EDIN,edin22,Violation_201,16.0,CP2,4.554829,9.0,93.0
EDIN,edin22,Violation_201,16.0,P3,0.08174594,9.0,93.0
EDIN,edin22,Violation_201,16.0,P4,-5.823607,9.0,93.0
EDIN,edin22,Violation_201,16.0,C3,-2.603873,9.0,93.0
EDIN,edin22,Violation_201,16.0,C4,-3.006329,9.0,93.0
EDIN,edin22,Violation_201,16.0,P7,-2.169554,9.0,93.0
EDIN,edin22,Violation_201,16.0,P8,-12.29309,9.0,93.0
EDIN,edin22,Violation_201,16.0,O1,9.580023,9.0,93.0
EDIN,edin22,Violation_201,16.0,O2,5.433133,9.0,93.0
EDIN,edin22,Control_202,7.0,Pz,-35.04518,2.0,100.0
EDIN,edin22,Control_202,7.0,Cz,-29.74928,2.0,100.0
EDIN,edin22,Control_202,7.0,CP1,-23.63499,2.0,100.0
EDIN,edin22,Control_202,7.0,CP2,-21.38281,2.0,100.0
EDIN,edin22,Control_202,7.0,P3,-24.64927,2.0,100.0
EDIN,edin22,Control_202,7.0,P4,-36.46296,2.0,100.0
EDIN,edin22,Control_202,7.0,C3,-22.46542,2.0,100.0
EDIN,edin22,Control_202,7.0,C4,-23.16302,2.0,100.0
EDIN,edin22,Control_202,7.0,P7,-27.38239,2.0,100.0
EDIN,edin22,Control_202,7.0,P8,-28.54841,2.0,100.0
EDIN,edin22,Control_202,7.0,O1,-49.46951,2.0,100.0
EDIN,edin22,Control_202,7.0,O2,-20.66268,2.0,100.0
EDIN,edin22,Control_202,15.0,Pz,-14.37768,14.0,90.0
EDIN,edin22,Control_202,15.0,Cz,-20.62828,14.0,90.0
EDIN,edin22,Control_202,15.0,CP1,-19.84195,14.0,90.0
EDIN,edin22,Control_202,15.0,CP2,-17.1885,14.0,90.0
EDIN,edin22,Control_202,15.0,P3,-19.99171,14.0,90.0
EDIN,edin22,Control_202,15.0,P4,-20.95463,14.0,90.0
EDIN,edin22,Control_202,15.0,C3,-25.17104,14.0,90.0
EDIN,edin22,Control_202,15.0,C4,-16.39441,14.0,90.0
EDIN,edin22,Control_202,15.0,P7,-24.73449,14.0,90.0
EDIN,edin22,Control_202,15.0,P8,-13.52471,14.0,90.0
EDIN,edin22,Control_202,15.0,O1,-10.30173,14.0,90.0
EDIN,edin22,Control_202,15.0,O2,-14.43696,14.0,90.0
EDIN,edin22,Violation_201,20.0,Pz,-18.51369,10.0,80.0
EDIN,edin22,Violation_201,20.0,Cz,-19.92252,10.0,80.0
EDIN,edin22,Violation_201,20.0,CP1,-28.12197,10.0,80.0
EDIN,edin22,Violation_201,20.0,CP2,-20.29303,10.0,80.0
EDIN,edin22,Violation_201,20.0,P3,-10.50618,10.0,80.0
EDIN,edin22,Violation_201,20.0,P4,-16.88152,10.0,80.0
EDIN,edin22,Violation_201,20.0,C3,-28.73487,10.0,80.0
EDIN,edin22,Violation_201,20.0,C4,-36.01708,10.0,80.0
EDIN,edin22,Violation_201,20.0,P7,-1.833511,10.0,80.0
EDIN,edin22,Violation_201,20.0,P8,-21.66982,10.0,80.0
EDIN,edin22,Violation_201,20.0,O1,-12.18613,10.0,80.0
EDIN,edin22,Violation_201,20.0,O2,-28.0701,10.0,80.0
EDIN,edin22,Violation_201,4.0,Pz,-18.92405,6.0,100.0
EDIN,edin22,Violation_201,4.0,Cz,-27.0189,6.0,100.0
EDIN,edin22,Violation_201,4.0,CP1,-66.65135,6.0,100.0
EDIN,edin22,Violation_201,4.0,CP2,-11.07215,6.0,100.0
EDIN,edin22,Violation_201,4.0,P3,-17.43147,6.0,100.0
EDIN,edin22,Violation_201,4.0,P4,-11.09333,6.0,100.0
EDIN,edin22,Violation_201,4.0,C3,-13.00718,6.0,100.0
EDIN,edin22,Violation_201,4.0,C4,-8.321893,6.0,100.0
EDIN,edin22,Violation_201,4.0,P7,-5.334734,6.0,100.0
EDIN,edin22,Violation_201,4.0,P8,-2.472443,6.0,100.0
EDIN,edin22,Violation_201,4.0,O1,-3.848836,6.0,100.0
EDIN,edin22,Violation_201,4.0,O2,-5.760707,6.0,100.0
EDIN,edin22,Control_202,27.0,Pz,0.02549208,31.0,77.0
EDIN,edin22,Control_202,27.0,Cz,0.685995,31.0,77.0
EDIN,edin22,Control_202,27.0,CP1,6.282913,31.0,77.0
EDIN,edin22,Control_202,27.0,CP2,-0.8307045,31.0,77.0
EDIN,edin22,Control_202,27.0,P3,1.954134,31.0,77.0
EDIN,edin22,Control_202,27.0,P4,0.5611812,31.0,77.0
EDIN,edin22,Control_202,27.0,C3,-2.01588,31.0,77.0
EDIN,edin22,Control_202,27.0,C4,-0.7392619,31.0,77.0
EDIN,edin22,Control_202,27.0,P7,2.365932,31.0,77.0
EDIN,edin22,Control_202,27.0,P8,-0.5617377,31.0,77.0
EDIN,edin22,Control_202,27.0,O1,-2.535047,31.0,77.0
EDIN,edin22,Control_202,27.0,O2,-2.074425,31.0,77.0
EDIN,edin22,Control_202,31.0,Pz,8.006661,39.0,97.0
EDIN,edin22,Control_202,31.0,Cz,23.69801,39.0,97.0
EDIN,edin22,Control_202,31.0,CP1,19.05127,39.0,97.0
EDIN,edin22,Control_202,31.0,CP2,12.21108,39.0,97.0
EDIN,edin22,Control_202,31.0,P3,12.44598,39.0,97.0
EDIN,edin22,Control_202,31.0,P4,10.98479,39.0,97.0
EDIN,edin22,Control_202,31.0,C3,13.58322,39.0,97.0
EDIN,edin22,Control_202,31.0,C4,19.63526,39.0,97.0
EDIN,edin22,Control_202,31.0,P7,12.03189,39.0,97.0
EDIN,edin22,Control_202,31.0,P8,32.72113,39.0,97.0
EDIN,edin22,Control_202,31.0,O1,8.788035,39.0,97.0
EDIN,edin22,Control_202,31.0,O2,-1.840327,39.0,97.0
EDIN,edin22,Violation_201,24.0,Pz,4.656128,21.0,77.0
EDIN,edin22,Violation_201,24.0,Cz,-15.07126,21.0,77.0
EDIN,edin22,Violation_201,24.0,CP1,12.01974,21.0,77.0
EDIN,edin22,Violation_201,24.0,CP2,3.525884,21.0,77.0
EDIN,edin22,Violation_201,24.0,P3,5.735406,21.0,77.0
EDIN,edin22,Violation_201,24.0,P4,-8.15159,21.0,77.0
EDIN,edin22,Violation_201,24.0,C3,2.887819,21.0,77.0
EDIN,edin22,Violation_201,24.0,C4,9.388437,21.0,77.0
EDIN,edin22,Violation_201,24.0,P7,-11.29257,21.0,77.0
EDIN,edin22,Violation_201,24.0,P8,12.06488,21.0,77.0
EDIN,edin22,Violation_201,24.0,O1,15.38504,21.0,77.0
EDIN,edin22,Violation_201,24.0,O2,44.93779,21.0,77.0
EDIN,edin22,Control_202,35.0,Pz,7.876458,40.0,93.0
EDIN,edin22,Control_202,35.0,Cz,9.190107,40.0,93.0
EDIN,edin22,Control_202,35.0,CP1,14.29357,40.0,93.0
EDIN,edin22,Control_202,35.0,CP2,7.347392,40.0,93.0
EDIN,edin22,Control_202,35.0,P3,6.39423,40.0,93.0
EDIN,edin22,Control_202,35.0,P4,6.469965,40.0,93.0
EDIN,edin22,Control_202,35.0,C3,2.99616,40.0,93.0
EDIN,edin22,Control_202,35.0,C4,12.51514,40.0,93.0
EDIN,edin22,Control_202,35.0,P7,11.25666,40.0,93.0
EDIN,edin22,Control_202,35.0,P8,2.208913,40.0,93.0
EDIN,edin22,Control_202,35.0,O1,-2.203391,40.0,93.0
EDIN,edin22,Control_202,35.0,O2,-2.718623,40.0,93.0
EDIN,edin22,Control_202,39.0,Pz,3.187275,33.0,53.0
EDIN,edin22,Control_202,39.0,Cz,2.852041,33.0,53.0
EDIN,edin22,Control_202,39.0,CP1,2.669917,33.0,53.0
EDIN,edin22,Control_202,39.0,CP2,7.530061,33.0,53.0
EDIN,edin22,Control_202,39.0,P3,-0.2356629,33.0,53.0
EDIN,edin22,Control_202,39.0,P4,3.820719,33.0,53.0
EDIN,edin22,Control_202,39.0,C3,7.633176,33.0,53.0
EDIN,edin22,Control_202,39.0,C4,4.104309,33.0,53.0
EDIN,edin22,Control_202,39.0,P7,13.70602,33.0,53.0
EDIN,edin22,Control_202,39.0,P8,-13.06879,33.0,53.0
EDIN,edin22,Control_202,39.0,O1,2.435743,33.0,53.0
EDIN,edin22,Control_202,39.0,O2,0.608785,33.0,53.0
EDIN,edin22,Violation_201,40.0,Pz,-7.982778,23.0,93.0
EDIN,edin22,Violation_201,40.0,Cz,-7.731462,23.0,93.0
EDIN,edin22,Violation_201,40.0,CP1,0.06814031,23.0,93.0
EDIN,edin22,Violation_201,40.0,CP2,10.69552,23.0,93.0
EDIN,edin22,Violation_201,40.0,P3,1.719021,23.0,93.0
EDIN,edin22,Violation_201,40.0,P4,-0.2126287,23.0,93.0
EDIN,edin22,Violation_201,40.0,C3,-10.52367,23.0,93.0
EDIN,edin22,Violation_201,40.0,C4,-0.4220388,23.0,93.0
EDIN,edin22,Violation_201,40.0,P7,-22.55935,23.0,93.0
EDIN,edin22,Violation_201,40.0,P8,-9.615703,23.0,93.0
EDIN,edin22,Violation_201,40.0,O1,-11.27076,23.0,93.0
EDIN,edin22,Violation_201,40.0,O2,-21.96088,23.0,93.0
EDIN,edin22,Violation_201,36.0,Pz,-3.69274,36.0,77.0
EDIN,edin22,Violation_201,36.0,Cz,-14.3116,36.0,77.0
EDIN,edin22,Violation_201,36.0,CP1,-11.11185,36.0,77.0
EDIN,edin22,Violation_201,36.0,CP2,-6.667678,36.0,77.0
EDIN,edin22,Violation_201,36.0,P3,-9.43058,36.0,77.0
EDIN,edin22,Violation_201,36.0,P4,-4.396231,36.0,77.0
EDIN,edin22,Violation_201,36.0,C3,-5.023417,36.0,77.0
EDIN,edin22,Violation_201,36.0,C4,-11.93586,36.0,77.0
EDIN,edin22,Violation_201,36.0,P7,-1.138366,36.0,77.0
EDIN,edin22,Violation_201,36.0,P8,1.955661,36.0,77.0
EDIN,edin22,Violation_201,36.0,O1,-5.015438,36.0,77.0
EDIN,edin22,Violation_201,36.0,O2,-13.91516,36.0,77.0
EDIN,edin22,Violation_201,28.0,Pz,-12.00941,34.0,97.0
EDIN,edin22,Violation_201,28.0,Cz,-11.78798,34.0,97.0
EDIN,edin22,Violation_201,28.0,CP1,-16.81924,34.0,97.0
EDIN,edin22,Violation_201,28.0,CP2,-17.47217,34.0,97.0
EDIN,edin22,Violation_201,28.0,P3,-14.47027,34.0,97.0
EDIN,edin22,Violation_201,28.0,P4,-19.95718,34.0,97.0
EDIN,edin22,Violation_201,28.0,C3,-32.80145,34.0,97.0
EDIN,edin22,Violation_201,28.0,C4,-25.16934,34.0,97.0
EDIN,edin22,Violation_201,28.0,P7,-7.685484,34.0,97.0
EDIN,edin22,Violation_201,28.0,P8,-3.400093,34.0,97.0
EDIN,edin22,Violation_201,28.0,O1,-20.95163,34.0,97.0
EDIN,edin22,Violation_201,28.0,O2,1.169434,34.0,97.0
EDIN,edin22,Control_202,47.0,Pz,-8.499207,44.0,90.0
EDIN,edin22,Control_202,47.0,Cz,-2.899168,44.0,90.0
EDIN,edin22,Control_202,47.0,CP1,-3.806583,44.0,90.0
EDIN,edin22,Control_202,47.0,CP2,-13.25996,44.0,90.0
EDIN,edin22,Control_202,47.0,P3,-22.79168,44.0,90.0
EDIN,edin22,Control_202,47.0,P4,-11.91413,44.0,90.0
EDIN,edin22,Control_202,47.0,C3,-9.570814,44.0,90.0
EDIN,edin22,Control_202,47.0,C4,-9.571733,44.0,90.0
EDIN,edin22,Control_202,47.0,P7,-7.240294,44.0,90.0
EDIN,edin22,Control_202,47.0,P8,-32.81561,44.0,90.0
EDIN,edin22,Control_202,47.0,O1,-13.6068,44.0,90.0
EDIN,edin22,Control_202,47.0,O2,-19.39031,44.0,90.0
EDIN,edin22,Violation_201,48.0,Pz,-4.033411,58.0,73.0
EDIN,edin22,Violation_201,48.0,Cz,-4.717218,58.0,73.0
EDIN,edin22,Violation_201,48.0,CP1,-2.221074,58.0,73.0
EDIN,edin22,Violation_201,48.0,CP2,-2.844625,58.0,73.0
EDIN,edin22,Violation_201,48.0,P3,-6.208294,58.0,73.0
EDIN,edin22,Violation_201,48.0,P4,-4.849449,58.0,73.0
EDIN,edin22,Violation_201,48.0,C3,-7.376956,58.0,73.0
EDIN,edin22,Violation_201,48.0,C4,-5.215009,58.0,73.0
EDIN,edin22,Violation_201,48.0,P7,-1.438288,58.0,73.0
EDIN,edin22,Violation_201,48.0,P8,-8.976146,58.0,73.0
EDIN,edin22,Violation_201,48.0,O1,-2.79017,58.0,73.0
EDIN,edin22,Violation_201,48.0,O2,-8.252796,58.0,73.0
EDIN,edin22,Violation_201,56.0,Pz,23.95773,60.0,90.0
EDIN,edin22,Violation_201,56.0,Cz,16.55714,60.0,90.0
EDIN,edin22,Violation_201,56.0,CP1,28.78322,60.0,90.0
EDIN,edin22,Violation_201,56.0,CP2,22.2068,60.0,90.0
EDIN,edin22,Violation_201,56.0,P3,33.19133,60.0,90.0
EDIN,edin22,Violation_201,56.0,P4,27.97394,60.0,90.0
EDIN,edin22,Violation_201,56.0,C3,18.3519,60.0,90.0
EDIN,edin22,Violation_201,56.0,C4,17.30654,60.0,90.0
EDIN,edin22,Violation_201,56.0,P7,27.58543,60.0,90.0
EDIN,edin22,Violation_201,56.0,P8,34.29713,60.0,90.0
EDIN,edin22,Violation_201,56.0,O1,28.20501,60.0,90.0
EDIN,edin22,Violation_201,56.0,O2,19.25294,60.0,90.0
EDIN,edin22,Violation_201,52.0,Pz,-1.917905,55.0,93.0
EDIN,edin22,Violation_201,52.0,Cz,-1.83497,55.0,93.0
EDIN,edin22,Violation_201,52.0,CP1,3.798104,55.0,93.0
EDIN,edin22,Violation_201,52.0,CP2,-3.493759,55.0,93.0
EDIN,edin22,Violation_201,52.0,P3,-4.474351,55.0,93.0
EDIN,edin22,Violation_201,52.0,P4,-8.115606,55.0,93.0
EDIN,edin22,Violation_201,52.0,C3,-3.368736,55.0,93.0
EDIN,edin22,Violation_201,52.0,C4,-8.351744,55.0,93.0
EDIN,edin22,Violation_201,52.0,P7,-5.980199,55.0,93.0
EDIN,edin22,Violation_201,52.0,P8,1.152428,55.0,93.0
EDIN,edin22,Violation_201,52.0,O1,-5.401363,55.0,93.0
EDIN,edin22,Violation_201,52.0,O2,-9.430086,55.0,93.0
EDIN,edin22,Control_202,44.0,Pz,5.643926,56.0,93.0
EDIN,edin22,Control_202,44.0,Cz,13.10152,56.0,93.0
EDIN,edin22,Control_202,44.0,CP1,15.0259,56.0,93.0
EDIN,edin22,Control_202,44.0,CP2,7.940939,56.0,93.0
EDIN,edin22,Control_202,44.0,P3,29.8691,56.0,93.0
EDIN,edin22,Control_202,44.0,P4,9.612125,56.0,93.0
EDIN,edin22,Control_202,44.0,C3,9.865511,56.0,93.0
EDIN,edin22,Control_202,44.0,C4,19.13301,56.0,93.0
EDIN,edin22,Control_202,44.0,P7,0.2332625,56.0,93.0
EDIN,edin22,Control_202,44.0,P8,-7.370708,56.0,93.0
EDIN,edin22,Control_202,44.0,O1,-8.849985,56.0,93.0
EDIN,edin22,Control_202,44.0,O2,-11.091,56.0,93.0
EDIN,edin22,Control_202,55.0,Pz,-6.80417,53.0,93.0
EDIN,edin22,Control_202,55.0,Cz,-8.729454,53.0,93.0
EDIN,edin22,Control_202,55.0,CP1,0.1793618,53.0,93.0
EDIN,edin22,Control_202,55.0,CP2,-3.114535,53.0,93.0
EDIN,edin22,Control_202,55.0,P3,-5.176387,53.0,93.0
EDIN,edin22,Control_202,55.0,P4,-3.148149,53.0,93.0
EDIN,edin22,Control_202,55.0,C3,-2.087981,53.0,93.0
EDIN,edin22,Control_202,55.0,C4,-12.04478,53.0,93.0
EDIN,edin22,Control_202,55.0,P7,3.02696,53.0,93.0
EDIN,edin22,Control_202,55.0,P8,-3.888311,53.0,93.0
EDIN,edin22,Control_202,55.0,O1,-6.066414,53.0,93.0
EDIN,edin22,Control_202,55.0,O2,-10.92118,53.0,93.0
EDIN,edin22,Control_202,51.0,Pz,-39.28557,59.0,73.0
EDIN,edin22,Control_202,51.0,Cz,-39.95983,59.0,73.0
EDIN,edin22,Control_202,51.0,CP1,-39.42837,59.0,73.0
EDIN,edin22,Control_202,51.0,CP2,-38.55521,59.0,73.0
EDIN,edin22,Control_202,51.0,P3,-38.83859,59.0,73.0
EDIN,edin22,Control_202,51.0,P4,-32.68383,59.0,73.0
EDIN,edin22,Control_202,51.0,C3,-34.4478,59.0,73.0
EDIN,edin22,Control_202,51.0,C4,-35.82832,59.0,73.0
EDIN,edin22,Control_202,51.0,P7,-32.48069,59.0,73.0
EDIN,edin22,Control_202,51.0,P8,-23.52669,59.0,73.0
EDIN,edin22,Control_202,51.0,O1,-32.60164,59.0,73.0
EDIN,edin22,Control_202,51.0,O2,-20.38988,59.0,73.0
EDIN,edin22,Violation_201,43.0,Pz,-8.127913,42.0,37.0
EDIN,edin22,Violation_201,43.0,Cz,-11.82839,42.0,37.0
EDIN,edin22,Violation_201,43.0,CP1,-8.699485,42.0,37.0
EDIN,edin22,Violation_201,43.0,CP2,-11.16918,42.0,37.0
EDIN,edin22,Violation_201,43.0,P3,-7.25803,42.0,37.0
EDIN,edin22,Violation_201,43.0,P4,-8.516172,42.0,37.0
EDIN,edin22,Violation_201,43.0,C3,-9.643808,42.0,37.0
EDIN,edin22,Violation_201,43.0,C4,-7.014239,42.0,37.0
EDIN,edin22,Violation_201,43.0,P7,-6.680736,42.0,37.0
EDIN,edin22,Violation_201,43.0,P8,-11.2246,42.0,37.0
EDIN,edin22,Violation_201,43.0,O1,-8.117672,42.0,37.0
EDIN,edin22,Violation_201,43.0,O2,-15.9983,42.0,37.0
EDIN,edin22,Violation_201,60.0,Pz,12.02516,46.0,63.0
EDIN,edin22,Violation_201,60.0,Cz,0.8235195,46.0,63.0
EDIN,edin22,Violation_201,60.0,CP1,7.535124,46.0,63.0
EDIN,edin22,Violation_201,60.0,CP2,4.379814,46.0,63.0
EDIN,edin22,Violation_201,60.0,P3,12.43873,46.0,63.0
EDIN,edin22,Violation_201,60.0,P4,17.56228,46.0,63.0
EDIN,edin22,Violation_201,60.0,C3,5.926836,46.0,63.0
EDIN,edin22,Violation_201,60.0,C4,3.6334,46.0,63.0
EDIN,edin22,Violation_201,60.0,P7,9.884999,46.0,63.0
EDIN,edin22,Violation_201,60.0,P8,0.2715549,46.0,63.0
EDIN,edin22,Violation_201,60.0,O1,-0.01827493,46.0,63.0
EDIN,edin22,Violation_201,60.0,O2,12.71538,46.0,63.0
EDIN,edin22,Control_202,63.0,Pz,-28.16335,61.0,34.0
EDIN,edin22,Control_202,63.0,Cz,-21.91914,61.0,34.0
EDIN,edin22,Control_202,63.0,CP1,-29.33737,61.0,34.0
EDIN,edin22,Control_202,63.0,CP2,-30.93422,61.0,34.0
EDIN,edin22,Control_202,63.0,P3,-27.72272,61.0,34.0
EDIN,edin22,Control_202,63.0,P4,-31.38957,61.0,34.0
EDIN,edin22,Control_202,63.0,C3,-27.48664,61.0,34.0
EDIN,edin22,Control_202,63.0,C4,-41.02882,61.0,34.0
EDIN,edin22,Control_202,63.0,P7,-33.26922,61.0,34.0
EDIN,edin22,Control_202,63.0,P8,-31.8528,61.0,34.0
EDIN,edin22,Control_202,63.0,O1,-26.08459,61.0,34.0
EDIN,edin22,Control_202,63.0,O2,-36.99747,61.0,34.0
EDIN,edin22,Violation_201,72.0,Pz,-21.0288,68.0,27.0
EDIN,edin22,Violation_201,72.0,Cz,-19.08338,68.0,27.0
EDIN,edin22,Violation_201,72.0,CP1,-19.0488,68.0,27.0
EDIN,edin22,Violation_201,72.0,CP2,-25.81408,68.0,27.0
EDIN,edin22,Violation_201,72.0,P3,-15.66938,68.0,27.0
EDIN,edin22,Violation_201,72.0,P4,-34.1012,68.0,27.0
EDIN,edin22,Violation_201,72.0,C3,-25.68439,68.0,27.0
EDIN,edin22,Violation_201,72.0,C4,-20.6548,68.0,27.0
EDIN,edin22,Violation_201,72.0,P7,-12.07255,68.0,27.0
EDIN,edin22,Violation_201,72.0,P8,-34.13554,68.0,27.0
EDIN,edin22,Violation_201,72.0,O1,-31.89994,68.0,27.0
EDIN,edin22,Violation_201,72.0,O2,-50.00302,68.0,27.0
EDIN,edin22,Control_202,79.0,Pz,-3.234945,66.0,23.0
EDIN,edin22,Control_202,79.0,Cz,-5.343188,66.0,23.0
EDIN,edin22,Control_202,79.0,CP1,-2.539587,66.0,23.0
EDIN,edin22,Control_202,79.0,CP2,-2.800833,66.0,23.0
EDIN,edin22,Control_202,79.0,P3,-1.403594,66.0,23.0
EDIN,edin22,Control_202,79.0,P4,-2.002946,66.0,23.0
EDIN,edin22,Control_202,79.0,C3,-1.521712,66.0,23.0
EDIN,edin22,Control_202,79.0,C4,-0.7628779,66.0,23.0
EDIN,edin22,Control_202,79.0,P7,-0.1050445,66.0,23.0
EDIN,edin22,Control_202,79.0,P8,1.986657,66.0,23.0
EDIN,edin22,Control_202,79.0,O1,4.652319,66.0,23.0
EDIN,edin22,Control_202,79.0,O2,2.86571,66.0,23.0
EDIN,edin22,Control_202,67.0,Pz,-14.82801,79.0,97.0
EDIN,edin22,Control_202,67.0,Cz,-13.07864,79.0,97.0
EDIN,edin22,Control_202,67.0,CP1,-18.83953,79.0,97.0
EDIN,edin22,Control_202,67.0,CP2,-24.49447,79.0,97.0
EDIN,edin22,Control_202,67.0,P3,-16.19567,79.0,97.0
EDIN,edin22,Control_202,67.0,P4,-25.64754,79.0,97.0
EDIN,edin22,Control_202,67.0,C3,-20.64356,79.0,97.0
EDIN,edin22,Control_202,67.0,C4,-22.54996,79.0,97.0
EDIN,edin22,Control_202,67.0,P7,-18.46799,79.0,97.0
EDIN,edin22,Control_202,67.0,P8,-23.07373,79.0,97.0
EDIN,edin22,Control_202,67.0,O1,-23.85959,79.0,97.0
EDIN,edin22,Control_202,67.0,O2,-17.81172,79.0,97.0
EDIN,edin22,Control_202,71.0,Pz,-6.56432,75.0,60.0
EDIN,edin22,Control_202,71.0,Cz,0.6112031,75.0,60.0
EDIN,edin22,Control_202,71.0,CP1,-0.3059977,75.0,60.0
EDIN,edin22,Control_202,71.0,CP2,-8.000982,75.0,60.0
EDIN,edin22,Control_202,71.0,P3,-11.69786,75.0,60.0
EDIN,edin22,Control_202,71.0,P4,-10.81395,75.0,60.0
EDIN,edin22,Control_202,71.0,C3,6.696411,75.0,60.0
EDIN,edin22,Control_202,71.0,C4,-3.602221,75.0,60.0
EDIN,edin22,Control_202,71.0,P7,-9.565613,75.0,60.0
EDIN,edin22,Control_202,71.0,P8,-7.975352,75.0,60.0
EDIN,edin22,Control_202,71.0,O1,-7.060711,75.0,60.0
EDIN,edin22,Control_202,71.0,O2,-8.478951,75.0,60.0
EDIN,edin22,Violation_201,68.0,Pz,1.534253,67.0,87.0
EDIN,edin22,Violation_201,68.0,Cz,6.242173,67.0,87.0
EDIN,edin22,Violation_201,68.0,CP1,0.8088827,67.0,87.0
EDIN,edin22,Violation_201,68.0,CP2,3.160382,67.0,87.0
EDIN,edin22,Violation_201,68.0,P3,0.2805988,67.0,87.0
EDIN,edin22,Violation_201,68.0,P4,2.243217,67.0,87.0
EDIN,edin22,Violation_201,68.0,C3,0.1365063,67.0,87.0
EDIN,edin22,Violation_201,68.0,C4,4.631614,67.0,87.0
EDIN,edin22,Violation_201,68.0,P7,-0.7916422,67.0,87.0
EDIN,edin22,Violation_201,68.0,P8,8.902581,67.0,87.0
EDIN,edin22,Violation_201,68.0,O1,2.683521,67.0,87.0
EDIN,edin22,Violation_201,68.0,O2,2.320239,67.0,87.0
EDIN,edin22,Violation_201,64.0,Pz,2.55228,62.0,70.0
EDIN,edin22,Violation_201,64.0,Cz,7.610131,62.0,70.0
EDIN,edin22,Violation_201,64.0,CP1,3.96809,62.0,70.0
EDIN,edin22,Violation_201,64.0,CP2,21.0194,62.0,70.0
EDIN,edin22,Violation_201,64.0,P3,-1.750782,62.0,70.0
EDIN,edin22,Violation_201,64.0,P4,-2.995022,62.0,70.0
EDIN,edin22,Violation_201,64.0,C3,5.755713,62.0,70.0
EDIN,edin22,Violation_201,64.0,C4,5.841032,62.0,70.0
EDIN,edin22,Violation_201,64.0,P7,10.53166,62.0,70.0
EDIN,edin22,Violation_201,64.0,P8,-0.1915068,62.0,70.0
EDIN,edin22,Violation_201,64.0,O1,2.261086,62.0,70.0
EDIN,edin22,Violation_201,64.0,O2,-14.02535,62.0,70.0
EDIN,edin22,Violation_201,80.0,Pz,-8.989035,70.0,57.0
EDIN,edin22,Violation_201,80.0,Cz,-9.78116,70.0,57.0
EDIN,edin22,Violation_201,80.0,CP1,-9.636612,70.0,57.0
EDIN,edin22,Violation_201,80.0,CP2,-3.573347,70.0,57.0
EDIN,edin22,Violation_201,80.0,P3,-5.789457,70.0,57.0
EDIN,edin22,Violation_201,80.0,P4,-3.918367,70.0,57.0
EDIN,edin22,Violation_201,80.0,C3,-4.736625,70.0,57.0
EDIN,edin22,Violation_201,80.0,C4,-6.228936,70.0,57.0
EDIN,edin22,Violation_201,80.0,P7,-6.650546,70.0,57.0
EDIN,edin22,Violation_201,80.0,P8,17.57459,70.0,57.0
EDIN,edin22,Violation_201,80.0,O1,12.53889,70.0,57.0
EDIN,edin22,Violation_201,80.0,O2,6.040679,70.0,57.0
EDIN,edin22,Violation_201,76.0,Pz,16.773,80.0,97.0
EDIN,edin22,Violation_201,76.0,Cz,24.0059,80.0,97.0
EDIN,edin22,Violation_201,76.0,CP1,13.62492,80.0,97.0
EDIN,edin22,Violation_201,76.0,CP2,6.272957,80.0,97.0
EDIN,edin22,Violation_201,76.0,P3,16.50746,80.0,97.0
EDIN,edin22,Violation_201,76.0,P4,28.8498,80.0,97.0
EDIN,edin22,Violation_201,76.0,C3,16.052,80.0,97.0
EDIN,edin22,Violation_201,76.0,C4,19.39968,80.0,97.0
EDIN,edin22,Violation_201,76.0,P7,18.92595,80.0,97.0
EDIN,edin22,Violation_201,76.0,P8,13.85822,80.0,97.0
EDIN,edin22,Violation_201,76.0,O1,15.86251,80.0,97.0
EDIN,edin22,Violation_201,76.0,O2,51.17496,80.0,97.0
EDIN,edin23,Violation_201,2.0,Pz,-34.23933,7.0,80.0
EDIN,edin23,Violation_201,2.0,Cz,-35.89337,7.0,80.0
EDIN,edin23,Violation_201,2.0,CP1,-25.6669,7.0,80.0
EDIN,edin23,Violation_201,2.0,CP2,-38.12595,7.0,80.0
EDIN,edin23,Violation_201,2.0,P3,-41.25158,7.0,80.0
EDIN,edin23,Violation_201,2.0,P4,-36.60278,7.0,80.0
EDIN,edin23,Violation_201,2.0,C3,-24.57483,7.0,80.0
EDIN,edin23,Violation_201,2.0,C4,-30.03925,7.0,80.0
EDIN,edin23,Violation_201,2.0,P7,-22.75673,7.0,80.0
EDIN,edin23,Violation_201,2.0,P8,-27.69252,7.0,80.0
EDIN,edin23,Violation_201,2.0,O1,-27.69169,7.0,80.0
EDIN,edin23,Violation_201,2.0,O2,7.516169,7.0,80.0
EDIN,edin23,Violation_201,14.0,Pz,18.54192,4.0,93.0
EDIN,edin23,Violation_201,14.0,Cz,-6.201745,4.0,93.0
EDIN,edin23,Violation_201,14.0,CP1,25.12814,4.0,93.0
EDIN,edin23,Violation_201,14.0,CP2,20.0688,4.0,93.0
EDIN,edin23,Violation_201,14.0,P3,1.418415,4.0,93.0
EDIN,edin23,Violation_201,14.0,P4,3.303333,4.0,93.0
EDIN,edin23,Violation_201,14.0,C3,21.79845,4.0,93.0
EDIN,edin23,Violation_201,14.0,C4,33.06533,4.0,93.0
EDIN,edin23,Violation_201,14.0,P7,26.50954,4.0,93.0
EDIN,edin23,Violation_201,14.0,P8,10.77175,4.0,93.0
EDIN,edin23,Violation_201,14.0,O1,1.390694,4.0,93.0
EDIN,edin23,Violation_201,14.0,O2,2.885171,4.0,93.0
EDIN,edin23,Control_202,17.0,Pz,18.88602,9.0,93.0
EDIN,edin23,Control_202,17.0,Cz,20.95049,9.0,93.0
EDIN,edin23,Control_202,17.0,CP1,12.42662,9.0,93.0
EDIN,edin23,Control_202,17.0,CP2,17.71257,9.0,93.0
EDIN,edin23,Control_202,17.0,P3,12.53958,9.0,93.0
EDIN,edin23,Control_202,17.0,P4,11.93084,9.0,93.0
EDIN,edin23,Control_202,17.0,C3,18.97723,9.0,93.0
EDIN,edin23,Control_202,17.0,C4,16.48288,9.0,93.0
EDIN,edin23,Control_202,17.0,P7,21.50559,9.0,93.0
EDIN,edin23,Control_202,17.0,P8,43.90496,9.0,93.0
EDIN,edin23,Control_202,17.0,O1,30.06666,9.0,93.0
EDIN,edin23,Control_202,17.0,O2,-56.69205,9.0,93.0
EDIN,edin23,Control_202,5.0,Pz,2.490597,17.0,62.0
EDIN,edin23,Control_202,5.0,Cz,-7.933617,17.0,62.0
EDIN,edin23,Control_202,5.0,CP1,12.188,17.0,62.0
EDIN,edin23,Control_202,5.0,CP2,18.95017,17.0,62.0
EDIN,edin23,Control_202,5.0,P3,7.163226,17.0,62.0
EDIN,edin23,Control_202,5.0,P4,0.5363634,17.0,62.0
EDIN,edin23,Control_202,5.0,C3,1.15184,17.0,62.0
EDIN,edin23,Control_202,5.0,C4,20.44957,17.0,62.0
EDIN,edin23,Control_202,5.0,P7,3.675008,17.0,62.0
EDIN,edin23,Control_202,5.0,P8,-3.433182,17.0,62.0
EDIN,edin23,Control_202,5.0,O1,3.857095,17.0,62.0
EDIN,edin23,Control_202,5.0,O2,-24.63699,17.0,62.0
EDIN,edin23,Violation_201,18.0,Pz,9.054935,19.0,100.0
EDIN,edin23,Violation_201,18.0,Cz,-0.7515284,19.0,100.0
EDIN,edin23,Violation_201,18.0,CP1,17.62264,19.0,100.0
EDIN,edin23,Violation_201,18.0,CP2,17.00042,19.0,100.0
EDIN,edin23,Violation_201,18.0,P3,-6.846162,19.0,100.0
EDIN,edin23,Violation_201,18.0,P4,3.602047,19.0,100.0
EDIN,edin23,Violation_201,18.0,C3,6.535977,19.0,100.0
EDIN,edin23,Violation_201,18.0,C4,19.94576,19.0,100.0
EDIN,edin23,Violation_201,18.0,P7,-3.994358,19.0,100.0
EDIN,edin23,Violation_201,18.0,P8,-2.837936,19.0,100.0
EDIN,edin23,Violation_201,18.0,O1,-3.387904,19.0,100.0
EDIN,edin23,Violation_201,18.0,O2,32.72713,19.0,100.0
EDIN,edin23,Control_202,1.0,Pz,17.48065,11.0,87.0
EDIN,edin23,Control_202,1.0,Cz,25.64767,11.0,87.0
EDIN,edin23,Control_202,1.0,CP1,20.02484,11.0,87.0
EDIN,edin23,Control_202,1.0,CP2,-8.96729,11.0,87.0
EDIN,edin23,Control_202,1.0,P3,3.124184,11.0,87.0
EDIN,edin23,Control_202,1.0,P4,1.631902,11.0,87.0
EDIN,edin23,Control_202,1.0,C3,24.61967,11.0,87.0
EDIN,edin23,Control_202,1.0,C4,-10.50357,11.0,87.0
EDIN,edin23,Control_202,1.0,P7,8.865821,11.0,87.0
EDIN,edin23,Control_202,1.0,P8,2.702702,11.0,87.0
EDIN,edin23,Control_202,1.0,O1,-11.14033,11.0,87.0
EDIN,edin23,Control_202,1.0,O2,-8.226873,11.0,87.0
EDIN,edin23,Control_202,13.0,Pz,-9.713341,13.0,97.0
EDIN,edin23,Control_202,13.0,Cz,-13.46712,13.0,97.0
EDIN,edin23,Control_202,13.0,CP1,-10.53113,13.0,97.0
EDIN,edin23,Control_202,13.0,CP2,-6.170445,13.0,97.0
EDIN,edin23,Control_202,13.0,P3,11.13438,13.0,97.0
EDIN,edin23,Control_202,13.0,P4,-9.45762,13.0,97.0
EDIN,edin23,Control_202,13.0,C3,-12.73311,13.0,97.0
EDIN,edin23,Control_202,13.0,C4,19.61621,13.0,97.0
EDIN,edin23,Control_202,13.0,P7,-16.04529,13.0,97.0
EDIN,edin23,Control_202,13.0,P8,-17.15346,13.0,97.0
EDIN,edin23,Control_202,13.0,O1,-13.01334,13.0,97.0
EDIN,edin23,Control_202,13.0,O2,-25.82834,13.0,97.0
EDIN,edin23,Violation_201,6.0,Pz,6.189557,20.0,90.0
EDIN,edin23,Violation_201,6.0,Cz,-11.43133,20.0,90.0
EDIN,edin23,Violation_201,6.0,CP1,-3.130534,20.0,90.0
EDIN,edin23,Violation_201,6.0,CP2,-2.010134,20.0,90.0
EDIN,edin23,Violation_201,6.0,P3,2.552316,20.0,90.0
EDIN,edin23,Violation_201,6.0,P4,11.74438,20.0,90.0
EDIN,edin23,Violation_201,6.0,C3,-20.70434,20.0,90.0
EDIN,edin23,Violation_201,6.0,C4,-32.12704,20.0,90.0
EDIN,edin23,Violation_201,6.0,P7,1.922699,20.0,90.0
EDIN,edin23,Violation_201,6.0,P8,0.09332421,20.0,90.0
EDIN,edin23,Violation_201,6.0,O1,-2.904394,20.0,90.0
EDIN,edin23,Violation_201,6.0,O2,17.80973,20.0,90.0
EDIN,edin23,Control_202,9.0,Pz,11.74425,8.0,97.0
EDIN,edin23,Control_202,9.0,Cz,-8.014635,8.0,97.0
EDIN,edin23,Control_202,9.0,CP1,18.94769,8.0,97.0
EDIN,edin23,Control_202,9.0,CP2,8.396713,8.0,97.0
EDIN,edin23,Control_202,9.0,P3,-31.99824,8.0,97.0
EDIN,edin23,Control_202,9.0,P4,-5.014944,8.0,97.0
EDIN,edin23,Control_202,9.0,C3,-12.67625,8.0,97.0
EDIN,edin23,Control_202,9.0,C4,16.52228,8.0,97.0
EDIN,edin23,Control_202,9.0,P7,-5.952477,8.0,97.0
EDIN,edin23,Control_202,9.0,P8,0.3873782,8.0,97.0
EDIN,edin23,Control_202,9.0,O1,-3.060002,8.0,97.0
EDIN,edin23,Control_202,9.0,O2,-40.60812,8.0,97.0
EDIN,edin23,Violation_201,10.0,Pz,-17.11355,18.0,87.0
EDIN,edin23,Violation_201,10.0,Cz,12.05217,18.0,87.0
EDIN,edin23,Violation_201,10.0,CP1,-12.52205,18.0,87.0
EDIN,edin23,Violation_201,10.0,CP2,2.040412,18.0,87.0
EDIN,edin23,Violation_201,10.0,P3,-16.74666,18.0,87.0
EDIN,edin23,Violation_201,10.0,P4,-8.772455,18.0,87.0
EDIN,edin23,Violation_201,10.0,C3,-3.779505,18.0,87.0
EDIN,edin23,Violation_201,10.0,C4,-15.97581,18.0,87.0
EDIN,edin23,Violation_201,10.0,P7,6.065575,18.0,87.0
EDIN,edin23,Violation_201,10.0,P8,6.462012,18.0,87.0
EDIN,edin23,Violation_201,10.0,O1,-2.228817,18.0,87.0
EDIN,edin23,Violation_201,10.0,O2,-36.60968,18.0,87.0
EDIN,edin23,Violation_201,38.0,Pz,5.220481,27.0,97.0
EDIN,edin23,Violation_201,38.0,Cz,19.50094,27.0,97.0
EDIN,edin23,Violation_201,38.0,CP1,31.61674,27.0,97.0
EDIN,edin23,Violation_201,38.0,CP2,11.70943,27.0,97.0
EDIN,edin23,Violation_201,38.0,P3,-17.96972,27.0,97.0
EDIN,edin23,Violation_201,38.0,P4,9.299815,27.0,97.0
EDIN,edin23,Violation_201,38.0,C3,27.79364,27.0,97.0
EDIN,edin23,Violation_201,38.0,C4,30.93977,27.0,97.0
EDIN,edin23,Violation_201,38.0,P7,6.616333,27.0,97.0
EDIN,edin23,Violation_201,38.0,P8,7.293302,27.0,97.0
EDIN,edin23,Violation_201,38.0,O1,0.3048885,27.0,97.0
EDIN,edin23,Violation_201,38.0,O2,-0.8661524,27.0,97.0
EDIN,edin23,Violation_201,30.0,Pz,-10.54211,28.0,27.0
EDIN,edin23,Violation_201,30.0,Cz,-25.77069,28.0,27.0
EDIN,edin23,Violation_201,30.0,CP1,-19.45022,28.0,27.0
EDIN,edin23,Violation_201,30.0,CP2,-10.84302,28.0,27.0
EDIN,edin23,Violation_201,30.0,P3,2.238625,28.0,27.0
EDIN,edin23,Violation_201,30.0,P4,-11.8358,28.0,27.0
EDIN,edin23,Violation_201,30.0,C3,-19.20402,28.0,27.0
EDIN,edin23,Violation_201,30.0,C4,-20.13889,28.0,27.0
EDIN,edin23,Violation_201,30.0,P7,-13.36688,28.0,27.0
EDIN,edin23,Violation_201,30.0,P8,-13.14738,28.0,27.0
EDIN,edin23,Violation_201,30.0,O1,10.0332,28.0,27.0
EDIN,edin23,Violation_201,30.0,O2,-36.52882,28.0,27.0
EDIN,edin23,Control_202,21.0,Pz,18.23044,29.0,90.0
EDIN,edin23,Control_202,21.0,Cz,5.604056,29.0,90.0
EDIN,edin23,Control_202,21.0,CP1,7.366744,29.0,90.0
EDIN,edin23,Control_202,21.0,CP2,16.90126,29.0,90.0
EDIN,edin23,Control_202,21.0,P3,1.190547,29.0,90.0
EDIN,edin23,Control_202,21.0,P4,30.49288,29.0,90.0
EDIN,edin23,Control_202,21.0,C3,13.70422,29.0,90.0
EDIN,edin23,Control_202,21.0,C4,2.950647,29.0,90.0
EDIN,edin23,Control_202,21.0,P7,19.87095,29.0,90.0
EDIN,edin23,Control_202,21.0,P8,21.15468,29.0,90.0
EDIN,edin23,Control_202,21.0,O1,15.63641,29.0,90.0
EDIN,edin23,Control_202,21.0,O2,52.70844,29.0,90.0
EDIN,edin23,Control_202,37.0,Pz,3.34491,26.0,87.0
EDIN,edin23,Control_202,37.0,Cz,-5.409724,26.0,87.0
EDIN,edin23,Control_202,37.0,CP1,-8.79832,26.0,87.0
EDIN,edin23,Control_202,37.0,CP2,-1.660473,26.0,87.0
EDIN,edin23,Control_202,37.0,P3,13.12203,26.0,87.0
EDIN,edin23,Control_202,37.0,P4,2.953358,26.0,87.0
EDIN,edin23,Control_202,37.0,C3,-3.894731,26.0,87.0
EDIN,edin23,Control_202,37.0,C4,-0.6040848,26.0,87.0
EDIN,edin23,Control_202,37.0,P7,2.993266,26.0,87.0
EDIN,edin23,Control_202,37.0,P8,8.435416,26.0,87.0
EDIN,edin23,Control_202,37.0,O1,-10.61481,26.0,87.0
EDIN,edin23,Control_202,37.0,O2,-13.08148,26.0,87.0
EDIN,edin23,Violation_201,34.0,Pz,3.583768,22.0,53.0
EDIN,edin23,Violation_201,34.0,Cz,2.58726,22.0,53.0
EDIN,edin23,Violation_201,34.0,CP1,1.632299,22.0,53.0
EDIN,edin23,Violation_201,34.0,CP2,17.38266,22.0,53.0
EDIN,edin23,Violation_201,34.0,P3,33.10115,22.0,53.0
EDIN,edin23,Violation_201,34.0,P4,10.82693,22.0,53.0
EDIN,edin23,Violation_201,34.0,C3,-5.310105,22.0,53.0
EDIN,edin23,Violation_201,34.0,C4,-3.192685,22.0,53.0
EDIN,edin23,Violation_201,34.0,P7,-9.445253,22.0,53.0
EDIN,edin23,Violation_201,34.0,P8,2.791982,22.0,53.0
EDIN,edin23,Violation_201,34.0,O1,-1.390527,22.0,53.0
EDIN,edin23,Violation_201,34.0,O2,2.476835,22.0,53.0
EDIN,edin23,Violation_201,22.0,Pz,-17.46722,33.0,53.0
EDIN,edin23,Violation_201,22.0,Cz,-5.180787,33.0,53.0
EDIN,edin23,Violation_201,22.0,CP1,-16.60521,33.0,53.0
EDIN,edin23,Violation_201,22.0,CP2,-9.506796,33.0,53.0
EDIN,edin23,Violation_201,22.0,P3,18.97172,33.0,53.0
EDIN,edin23,Violation_201,22.0,P4,-12.478,33.0,53.0
EDIN,edin23,Violation_201,22.0,C3,-13.38235,33.0,53.0
EDIN,edin23,Violation_201,22.0,C4,-5.771135,33.0,53.0
EDIN,edin23,Violation_201,22.0,P7,-11.57516,33.0,53.0
EDIN,edin23,Violation_201,22.0,P8,3.838881,33.0,53.0
EDIN,edin23,Violation_201,22.0,O1,0.00454028,33.0,53.0
EDIN,edin23,Violation_201,22.0,O2,12.4111,33.0,53.0
EDIN,edin23,Control_202,25.0,Pz,-5.49465,21.0,77.0
EDIN,edin23,Control_202,25.0,Cz,-34.25282,21.0,77.0
EDIN,edin23,Control_202,25.0,CP1,-1.032305,21.0,77.0
EDIN,edin23,Control_202,25.0,CP2,-6.301445,21.0,77.0
EDIN,edin23,Control_202,25.0,P3,-23.49123,21.0,77.0
EDIN,edin23,Control_202,25.0,P4,-22.11169,21.0,77.0
EDIN,edin23,Control_202,25.0,C3,-5.463811,21.0,77.0
EDIN,edin23,Control_202,25.0,C4,-0.4166965,21.0,77.0
EDIN,edin23,Control_202,25.0,P7,-6.710412,21.0,77.0
EDIN,edin23,Control_202,25.0,P8,-10.20142,21.0,77.0
EDIN,edin23,Control_202,25.0,O1,-1.781964,21.0,77.0
EDIN,edin23,Control_202,25.0,O2,-56.49613,21.0,77.0
EDIN,edin23,Violation_201,26.0,Pz,1.555628,36.0,77.0
EDIN,edin23,Violation_201,26.0,Cz,32.91978,36.0,77.0
EDIN,edin23,Violation_201,26.0,CP1,18.87795,36.0,77.0
EDIN,edin23,Violation_201,26.0,CP2,18.41729,36.0,77.0
EDIN,edin23,Violation_201,26.0,P3,48.53048,36.0,77.0
EDIN,edin23,Violation_201,26.0,P4,8.33084,36.0,77.0
EDIN,edin23,Violation_201,26.0,C3,25.31256,36.0,77.0
EDIN,edin23,Violation_201,26.0,C4,0.03162729,36.0,77.0
EDIN,edin23,Violation_201,26.0,P7,18.76307,36.0,77.0
EDIN,edin23,Violation_201,26.0,P8,1.476953,36.0,77.0
EDIN,edin23,Violation_201,26.0,O1,3.118016,36.0,77.0
EDIN,edin23,Violation_201,26.0,O2,-6.570538,36.0,77.0
EDIN,edin23,Violation_201,58.0,Pz,0.8749375,49.0,40.0
EDIN,edin23,Violation_201,58.0,Cz,0.4647054,49.0,40.0
EDIN,edin23,Violation_201,58.0,CP1,-2.435081,49.0,40.0
EDIN,edin23,Violation_201,58.0,CP2,6.821206,49.0,40.0
EDIN,edin23,Violation_201,58.0,P3,-15.06776,49.0,40.0
EDIN,edin23,Violation_201,58.0,P4,6.376845,49.0,40.0
EDIN,edin23,Violation_201,58.0,C3,-20.27338,49.0,40.0
EDIN,edin23,Violation_201,58.0,C4,4.819186,49.0,40.0
EDIN,edin23,Violation_201,58.0,P7,-2.334543,49.0,40.0
EDIN,edin23,Violation_201,58.0,P8,4.334528,49.0,40.0
EDIN,edin23,Violation_201,58.0,O1,21.13423,49.0,40.0
EDIN,edin23,Violation_201,58.0,O2,-0.7140644,49.0,40.0
EDIN,edin23,Control_202,53.0,Pz,14.37624,57.0,69.0
EDIN,edin23,Control_202,53.0,Cz,10.12438,57.0,69.0
EDIN,edin23,Control_202,53.0,CP1,16.24779,57.0,69.0
EDIN,edin23,Control_202,53.0,CP2,6.212741,57.0,69.0
EDIN,edin23,Control_202,53.0,P3,0.02588836,57.0,69.0
EDIN,edin23,Control_202,53.0,P4,15.88921,57.0,69.0
EDIN,edin23,Control_202,53.0,C3,4.293549,57.0,69.0
EDIN,edin23,Control_202,53.0,C4,19.78158,57.0,69.0
EDIN,edin23,Control_202,53.0,P7,15.3454,57.0,69.0
EDIN,edin23,Control_202,53.0,P8,18.70745,57.0,69.0
EDIN,edin23,Control_202,53.0,O1,8.07795,57.0,69.0
EDIN,edin23,Control_202,53.0,O2,17.73109,57.0,69.0
EDIN,edin23,Violation_201,46.0,Pz,-2.206397,53.0,93.0
EDIN,edin23,Violation_201,46.0,Cz,24.25433,53.0,93.0
EDIN,edin23,Violation_201,46.0,CP1,-2.045852,53.0,93.0
EDIN,edin23,Violation_201,46.0,CP2,-1.632873,53.0,93.0
EDIN,edin23,Violation_201,46.0,P3,-23.90779,53.0,93.0
EDIN,edin23,Violation_201,46.0,P4,-1.237558,53.0,93.0
EDIN,edin23,Violation_201,46.0,C3,1.944768,53.0,93.0
EDIN,edin23,Violation_201,46.0,C4,19.33463,53.0,93.0
EDIN,edin23,Violation_201,46.0,P7,-11.3331,53.0,93.0
EDIN,edin23,Violation_201,46.0,P8,4.231854,53.0,93.0
EDIN,edin23,Violation_201,46.0,O1,4.015474,53.0,93.0
EDIN,edin23,Violation_201,46.0,O2,-7.257142,53.0,93.0
EDIN,edin23,Control_202,41.0,Pz,-10.96295,48.0,87.0
EDIN,edin23,Control_202,41.0,Cz,-10.19918,48.0,87.0
EDIN,edin23,Control_202,41.0,CP1,-21.22416,48.0,87.0
EDIN,edin23,Control_202,41.0,CP2,-20.50237,48.0,87.0
EDIN,edin23,Control_202,41.0,P3,-9.868343,48.0,87.0
EDIN,edin23,Control_202,41.0,P4,-1.699328,48.0,87.0
EDIN,edin23,Control_202,41.0,C3,-16.11769,48.0,87.0
EDIN,edin23,Control_202,41.0,C4,-0.2789053,48.0,87.0
EDIN,edin23,Control_202,41.0,P7,-2.894234,48.0,87.0
EDIN,edin23,Control_202,41.0,P8,1.765791,48.0,87.0
EDIN,edin23,Control_202,41.0,O1,2.056728,48.0,87.0
EDIN,edin23,Control_202,41.0,O2,29.04422,48.0,87.0
EDIN,edin23,Violation_201,42.0,Pz,-2.716796,58.0,73.0
EDIN,edin23,Violation_201,42.0,Cz,-10.38756,58.0,73.0
EDIN,edin23,Violation_201,42.0,CP1,-3.713504,58.0,73.0
EDIN,edin23,Violation_201,42.0,CP2,12.23585,58.0,73.0
EDIN,edin23,Violation_201,42.0,P3,23.83867,58.0,73.0
EDIN,edin23,Violation_201,42.0,P4,0.8874123,58.0,73.0
EDIN,edin23,Violation_201,42.0,C3,-2.722242,58.0,73.0
EDIN,edin23,Violation_201,42.0,C4,12.3674,58.0,73.0
EDIN,edin23,Violation_201,42.0,P7,-0.4608998,58.0,73.0
EDIN,edin23,Violation_201,42.0,P8,4.532502,58.0,73.0
EDIN,edin23,Violation_201,42.0,O1,15.34922,58.0,73.0
EDIN,edin23,Violation_201,42.0,O2,-2.798935,58.0,73.0
EDIN,edin23,Violation_201,50.0,Pz,-8.273731,43.0,93.0
EDIN,edin23,Violation_201,50.0,Cz,17.56769,43.0,93.0
EDIN,edin23,Violation_201,50.0,CP1,11.35554,43.0,93.0
EDIN,edin23,Violation_201,50.0,CP2,-15.94449,43.0,93.0
EDIN,edin23,Violation_201,50.0,P3,1.308675,43.0,93.0
EDIN,edin23,Violation_201,50.0,P4,-0.6529652,43.0,93.0
EDIN,edin23,Violation_201,50.0,C3,2.523201,43.0,93.0
EDIN,edin23,Violation_201,50.0,C4,-28.21132,43.0,93.0
EDIN,edin23,Violation_201,50.0,P7,-2.850128,43.0,93.0
EDIN,edin23,Violation_201,50.0,P8,-1.548399,43.0,93.0
EDIN,edin23,Violation_201,50.0,O1,-9.180047,43.0,93.0
EDIN,edin23,Violation_201,50.0,O2,-11.38976,43.0,93.0
EDIN,edin23,Control_202,57.0,Pz,-14.47321,60.0,90.0
EDIN,edin23,Control_202,57.0,Cz,-14.81199,60.0,90.0
EDIN,edin23,Control_202,57.0,CP1,2.115118,60.0,90.0
EDIN,edin23,Control_202,57.0,CP2,-23.83438,60.0,90.0
EDIN,edin23,Control_202,57.0,P3,-7.380992,60.0,90.0
EDIN,edin23,Control_202,57.0,P4,-1.975388,60.0,90.0
EDIN,edin23,Control_202,57.0,C3,-20.30003,60.0,90.0
EDIN,edin23,Control_202,57.0,C4,-16.21059,60.0,90.0
EDIN,edin23,Control_202,57.0,P7,-2.384256,60.0,90.0
EDIN,edin23,Control_202,57.0,P8,-8.693993,60.0,90.0
EDIN,edin23,Control_202,57.0,O1,-24.36665,60.0,90.0
EDIN,edin23,Control_202,57.0,O2,-12.73711,60.0,90.0
EDIN,edin23,Control_202,49.0,Pz,10.48384,42.0,37.0
EDIN,edin23,Control_202,49.0,Cz,11.53344,42.0,37.0
EDIN,edin23,Control_202,49.0,CP1,15.97085,42.0,37.0
EDIN,edin23,Control_202,49.0,CP2,7.677856,42.0,37.0
EDIN,edin23,Control_202,49.0,P3,-7.299712,42.0,37.0
EDIN,edin23,Control_202,49.0,P4,17.22422,42.0,37.0
EDIN,edin23,Control_202,49.0,C3,11.67916,42.0,37.0
EDIN,edin23,Control_202,49.0,C4,11.31276,42.0,37.0
EDIN,edin23,Control_202,49.0,P7,11.25661,42.0,37.0
EDIN,edin23,Control_202,49.0,P8,12.26974,42.0,37.0
EDIN,edin23,Control_202,49.0,O1,9.627182,42.0,37.0
EDIN,edin23,Control_202,49.0,O2,13.81137,42.0,37.0
EDIN,edin23,Control_202,45.0,Pz,6.808853,55.0,93.0
EDIN,edin23,Control_202,45.0,Cz,-14.27486,55.0,93.0
EDIN,edin23,Control_202,45.0,CP1,-24.94899,55.0,93.0
EDIN,edin23,Control_202,45.0,CP2,-16.44824,55.0,93.0
EDIN,edin23,Control_202,45.0,P3,-13.42709,55.0,93.0
EDIN,edin23,Control_202,45.0,P4,12.73574,55.0,93.0
EDIN,edin23,Control_202,45.0,C3,-23.60698,55.0,93.0
EDIN,edin23,Control_202,45.0,C4,-15.88786,55.0,93.0
EDIN,edin23,Control_202,45.0,P7,-2.23983,55.0,93.0
EDIN,edin23,Control_202,45.0,P8,1.672251,55.0,93.0
EDIN,edin23,Control_202,45.0,O1,-2.516932,55.0,93.0
EDIN,edin23,Control_202,45.0,O2,-21.6908,55.0,93.0
EDIN,edin23,Violation_201,70.0,Pz,22.45455,76.0,90.0
EDIN,edin23,Violation_201,70.0,Cz,14.32139,76.0,90.0
EDIN,edin23,Violation_201,70.0,CP1,5.338337,76.0,90.0
EDIN,edin23,Violation_201,70.0,CP2,5.233538,76.0,90.0
EDIN,edin23,Violation_201,70.0,P3,-3.505475,76.0,90.0
EDIN,edin23,Violation_201,70.0,P4,12.60783,76.0,90.0
EDIN,edin23,Violation_201,70.0,C3,5.572204,76.0,90.0
EDIN,edin23,Violation_201,70.0,C4,24.24066,76.0,90.0
EDIN,edin23,Violation_201,70.0,P7,7.060369,76.0,90.0
EDIN,edin23,Violation_201,70.0,P8,3.381524,76.0,90.0
EDIN,edin23,Violation_201,70.0,O1,-11.40603,76.0,90.0
EDIN,edin23,Violation_201,70.0,O2,15.15566,76.0,90.0
EDIN,edin23,Violation_201,74.0,Pz,-2.367414,67.0,87.0
EDIN,edin23,Violation_201,74.0,Cz,-32.29263,67.0,87.0
EDIN,edin23,Violation_201,74.0,CP1,-8.986515,67.0,87.0
EDIN,edin23,Violation_201,74.0,CP2,-18.86077,67.0,87.0
EDIN,edin23,Violation_201,74.0,P3,-22.00298,67.0,87.0
EDIN,edin23,Violation_201,74.0,P4,-5.642181,67.0,87.0
EDIN,edin23,Violation_201,74.0,C3,-35.57795,67.0,87.0
EDIN,edin23,Violation_201,74.0,C4,-34.76393,67.0,87.0
EDIN,edin23,Violation_201,74.0,P7,-10.71304,67.0,87.0
EDIN,edin23,Violation_201,74.0,P8,-7.118398,67.0,87.0
EDIN,edin23,Violation_201,74.0,O1,-37.9343,67.0,87.0
EDIN,edin23,Violation_201,74.0,O2,-61.79013,67.0,87.0
EDIN,edin23,Violation_201,66.0,Pz,0.5060819,66.0,23.0
EDIN,edin23,Violation_201,66.0,Cz,3.77922,66.0,23.0
EDIN,edin23,Violation_201,66.0,CP1,0.8047394,66.0,23.0
EDIN,edin23,Violation_201,66.0,CP2,-2.914514,66.0,23.0
EDIN,edin23,Violation_201,66.0,P3,-15.48914,66.0,23.0
EDIN,edin23,Violation_201,66.0,P4,2.058591,66.0,23.0
EDIN,edin23,Violation_201,66.0,C3,13.6987,66.0,23.0
EDIN,edin23,Violation_201,66.0,C4,22.37229,66.0,23.0
EDIN,edin23,Violation_201,66.0,P7,1.526553,66.0,23.0
EDIN,edin23,Violation_201,66.0,P8,-2.222187,66.0,23.0
EDIN,edin23,Violation_201,66.0,O1,27.83161,66.0,23.0
EDIN,edin23,Violation_201,66.0,O2,-10.53068,66.0,23.0
EDIN,edin23,Control_202,61.0,Pz,1.978799,72.0,90.0
EDIN,edin23,Control_202,61.0,Cz,-6.07276,72.0,90.0
EDIN,edin23,Control_202,61.0,CP1,5.872607,72.0,90.0
EDIN,edin23,Control_202,61.0,CP2,-15.24107,72.0,90.0
EDIN,edin23,Control_202,61.0,P3,17.0733,72.0,90.0
EDIN,edin23,Control_202,61.0,P4,5.52089,72.0,90.0
EDIN,edin23,Control_202,61.0,C3,-0.2525778,72.0,90.0
EDIN,edin23,Control_202,61.0,C4,3.078979,72.0,90.0
EDIN,edin23,Control_202,61.0,P7,4.48187,72.0,90.0
EDIN,edin23,Control_202,61.0,P8,3.200984,72.0,90.0
EDIN,edin23,Control_202,61.0,O1,-39.71161,72.0,90.0
EDIN,edin23,Control_202,61.0,O2,-31.45306,72.0,90.0
EDIN,edin23,Control_202,69.0,Pz,-31.30776,64.0,50.0
EDIN,edin23,Control_202,69.0,Cz,-34.11441,64.0,50.0
EDIN,edin23,Control_202,69.0,CP1,-29.61276,64.0,50.0
EDIN,edin23,Control_202,69.0,CP2,-34.48529,64.0,50.0
EDIN,edin23,Control_202,69.0,P3,-25.89507,64.0,50.0
EDIN,edin23,Control_202,69.0,P4,-24.22525,64.0,50.0
EDIN,edin23,Control_202,69.0,C3,-24.78203,64.0,50.0
EDIN,edin23,Control_202,69.0,C4,-54.95462,64.0,50.0
EDIN,edin23,Control_202,69.0,P7,-28.53318,64.0,50.0
EDIN,edin23,Control_202,69.0,P8,-32.62348,64.0,50.0
EDIN,edin23,Control_202,69.0,O1,-21.60328,64.0,50.0
EDIN,edin23,Control_202,69.0,O2,-16.03662,64.0,50.0
EDIN,edin23,Control_202,77.0,Pz,-17.84037,79.0,97.0
EDIN,edin23,Control_202,77.0,Cz,-14.35213,79.0,97.0
EDIN,edin23,Control_202,77.0,CP1,-24.04932,79.0,97.0
EDIN,edin23,Control_202,77.0,CP2,-18.90066,79.0,97.0
EDIN,edin23,Control_202,77.0,P3,-26.32806,79.0,97.0
EDIN,edin23,Control_202,77.0,P4,-21.266,79.0,97.0
EDIN,edin23,Control_202,77.0,C3,-2.318227,79.0,97.0
EDIN,edin23,Control_202,77.0,C4,14.06537,79.0,97.0
EDIN,edin23,Control_202,77.0,P7,-14.78028,79.0,97.0
EDIN,edin23,Control_202,77.0,P8,-12.73455,79.0,97.0
EDIN,edin23,Control_202,77.0,O1,-26.32795,79.0,97.0
EDIN,edin23,Control_202,77.0,O2,14.40273,79.0,97.0
EDIN,edin23,Control_202,73.0,Pz,-3.942903,73.0,80.0
EDIN,edin23,Control_202,73.0,Cz,-17.15708,73.0,80.0
EDIN,edin23,Control_202,73.0,CP1,-1.881795,73.0,80.0
EDIN,edin23,Control_202,73.0,CP2,-13.43266,73.0,80.0
EDIN,edin23,Control_202,73.0,P3,3.634071,73.0,80.0
EDIN,edin23,Control_202,73.0,P4,-14.04531,73.0,80.0
EDIN,edin23,Control_202,73.0,C3,2.058274,73.0,80.0
EDIN,edin23,Control_202,73.0,C4,15.05584,73.0,80.0
EDIN,edin23,Control_202,73.0,P7,-16.87532,73.0,80.0
EDIN,edin23,Control_202,73.0,P8,-8.454783,73.0,80.0
EDIN,edin23,Control_202,73.0,O1,19.08168,73.0,80.0
EDIN,edin23,Control_202,73.0,O2,-35.56599,73.0,80.0
EDIN,edin23,Violation_201,78.0,Pz,12.90257,68.0,27.0
EDIN,edin23,Violation_201,78.0,Cz,3.511189,68.0,27.0
EDIN,edin23,Violation_201,78.0,CP1,-2.352964,68.0,27.0
EDIN,edin23,Violation_201,78.0,CP2,-9.537971,68.0,27.0
EDIN,edin23,Violation_201,78.0,P3,29.66275,68.0,27.0
EDIN,edin23,Violation_201,78.0,P4,11.9622,68.0,27.0
EDIN,edin23,Violation_201,78.0,C3,1.139968,68.0,27.0
EDIN,edin23,Violation_201,78.0,C4,9.231031,68.0,27.0
EDIN,edin23,Violation_201,78.0,P7,19.49583,68.0,27.0
EDIN,edin23,Violation_201,78.0,P8,20.24272,68.0,27.0
EDIN,edin23,Violation_201,78.0,O1,37.14152,68.0,27.0
EDIN,edin23,Violation_201,78.0,O2,-11.20515,68.0,27.0
EDIN,edin23,Violation_201,62.0,Pz,4.04456,63.0,83.0
EDIN,edin23,Violation_201,62.0,Cz,-3.516792,63.0,83.0
EDIN,edin23,Violation_201,62.0,CP1,-9.574791,63.0,83.0
EDIN,edin23,Violation_201,62.0,CP2,0.3377041,63.0,83.0
EDIN,edin23,Violation_201,62.0,P3,-12.96895,63.0,83.0
EDIN,edin23,Violation_201,62.0,P4,-8.471037,63.0,83.0
EDIN,edin23,Violation_201,62.0,C3,-9.118843,63.0,83.0
EDIN,edin23,Violation_201,62.0,C4,-1.232553,63.0,83.0
EDIN,edin23,Violation_201,62.0,P7,-6.765792,63.0,83.0
EDIN,edin23,Violation_201,62.0,P8,-7.182683,63.0,83.0
EDIN,edin23,Violation_201,62.0,O1,-7.983577,63.0,83.0
EDIN,edin23,Violation_201,62.0,O2,28.69766,63.0,83.0
EDIN,edin23,Control_202,65.0,Pz,1.523635,71.0,90.0
EDIN,edin23,Control_202,65.0,Cz,-0.6048642,71.0,90.0
EDIN,edin23,Control_202,65.0,CP1,13.35291,71.0,90.0
EDIN,edin23,Control_202,65.0,CP2,12.60873,71.0,90.0
EDIN,edin23,Control_202,65.0,P3,8.870373,71.0,90.0
EDIN,edin23,Control_202,65.0,P4,13.22181,71.0,90.0
EDIN,edin23,Control_202,65.0,C3,5.738812,71.0,90.0
EDIN,edin23,Control_202,65.0,C4,13.7363,71.0,90.0
EDIN,edin23,Control_202,65.0,P7,9.999352,71.0,90.0
EDIN,edin23,Control_202,65.0,P8,1.187653,71.0,90.0
EDIN,edin23,Control_202,65.0,O1,-9.342913,71.0,90.0
EDIN,edin23,Control_202,65.0,O2,-16.01685,71.0,90.0
EDIN,edin24,Violation_201,10.0,Pz,-12.12231,18.0,87.0
EDIN,edin24,Violation_201,10.0,Cz,-6.276593,18.0,87.0
EDIN,edin24,Violation_201,10.0,CP1,-10.65935,18.0,87.0
EDIN,edin24,Violation_201,10.0,CP2,-13.1859,18.0,87.0
EDIN,edin24,Violation_201,10.0,P3,-19.40039,18.0,87.0
EDIN,edin24,Violation_201,10.0,P4,-8.613749,18.0,87.0
EDIN,edin24,Violation_201,10.0,C3,-9.666525,18.0,87.0
EDIN,edin24,Violation_201,10.0,C4,-12.23493,18.0,87.0
EDIN,edin24,Violation_201,10.0,P7,-11.93415,18.0,87.0
EDIN,edin24,Violation_201,10.0,P8,-7.794596,18.0,87.0
EDIN,edin24,Violation_201,10.0,O1,-13.09881,18.0,87.0
EDIN,edin24,Violation_201,10.0,O2,-10.71374,18.0,87.0
EDIN,edin24,Control_202,17.0,Pz,12.30884,4.0,93.0
EDIN,edin24,Control_202,17.0,Cz,11.31871,4.0,93.0
EDIN,edin24,Control_202,17.0,CP1,8.483737,4.0,93.0
EDIN,edin24,Control_202,17.0,CP2,13.44516,4.0,93.0
EDIN,edin24,Control_202,17.0,P3,12.09063,4.0,93.0
EDIN,edin24,Control_202,17.0,P4,19.85612,4.0,93.0
EDIN,edin24,Control_202,17.0,C3,13.11464,4.0,93.0
EDIN,edin24,Control_202,17.0,C4,13.01536,4.0,93.0
EDIN,edin24,Control_202,17.0,P7,15.88474,4.0,93.0
EDIN,edin24,Control_202,17.0,P8,18.02626,4.0,93.0
EDIN,edin24,Control_202,17.0,O1,24.51903,4.0,93.0
EDIN,edin24,Control_202,17.0,O2,14.05903,4.0,93.0
EDIN,edin24,Violation_201,2.0,Pz,-9.037593,10.0,80.0
EDIN,edin24,Violation_201,2.0,Cz,-8.674397,10.0,80.0
EDIN,edin24,Violation_201,2.0,CP1,-9.233142,10.0,80.0
EDIN,edin24,Violation_201,2.0,CP2,-5.035514,10.0,80.0
EDIN,edin24,Violation_201,2.0,P3,-7.846152,10.0,80.0
EDIN,edin24,Violation_201,2.0,P4,-5.749588,10.0,80.0
EDIN,edin24,Violation_201,2.0,C3,-6.915741,10.0,80.0
EDIN,edin24,Violation_201,2.0,C4,-6.837802,10.0,80.0
EDIN,edin24,Violation_201,2.0,P7,-2.059783,10.0,80.0
EDIN,edin24,Violation_201,2.0,P8,-7.249803,10.0,80.0
EDIN,edin24,Violation_201,2.0,O1,-8.410789,10.0,80.0
EDIN,edin24,Violation_201,2.0,O2,-6.127726,10.0,80.0
EDIN,edin24,Control_202,5.0,Pz,20.44961,5.0,93.0
EDIN,edin24,Control_202,5.0,Cz,27.91091,5.0,93.0
EDIN,edin24,Control_202,5.0,CP1,23.36778,5.0,93.0
EDIN,edin24,Control_202,5.0,CP2,29.67612,5.0,93.0
EDIN,edin24,Control_202,5.0,P3,15.54534,5.0,93.0
EDIN,edin24,Control_202,5.0,P4,19.58609,5.0,93.0
EDIN,edin24,Control_202,5.0,C3,24.27118,5.0,93.0
EDIN,edin24,Control_202,5.0,C4,30.94415,5.0,93.0
EDIN,edin24,Control_202,5.0,P7,18.18782,5.0,93.0
EDIN,edin24,Control_202,5.0,P8,22.56024,5.0,93.0
EDIN,edin24,Control_202,5.0,O1,17.55706,5.0,93.0
EDIN,edin24,Control_202,5.0,O2,17.87682,5.0,93.0
EDIN,edin24,Violation_201,14.0,Pz,18.05246,16.0,93.0
EDIN,edin24,Violation_201,14.0,Cz,22.09847,16.0,93.0
EDIN,edin24,Violation_201,14.0,CP1,18.0553,16.0,93.0
EDIN,edin24,Violation_201,14.0,CP2,14.60573,16.0,93.0
EDIN,edin24,Violation_201,14.0,P3,21.63267,16.0,93.0
EDIN,edin24,Violation_201,14.0,P4,24.10234,16.0,93.0
EDIN,edin24,Violation_201,14.0,C3,19.96389,16.0,93.0
EDIN,edin24,Violation_201,14.0,C4,25.57561,16.0,93.0
EDIN,edin24,Violation_201,14.0,P7,22.51818,16.0,93.0
EDIN,edin24,Violation_201,14.0,P8,14.79081,16.0,93.0
EDIN,edin24,Violation_201,14.0,O1,12.35266,16.0,93.0
EDIN,edin24,Violation_201,14.0,O2,20.93329,16.0,93.0
EDIN,edin24,Control_202,1.0,Pz,-21.15905,3.0,100.0
EDIN,edin24,Control_202,1.0,Cz,-16.75759,3.0,100.0
EDIN,edin24,Control_202,1.0,CP1,-11.65938,3.0,100.0
EDIN,edin24,Control_202,1.0,CP2,-23.59322,3.0,100.0
EDIN,edin24,Control_202,1.0,P3,-23.49807,3.0,100.0
EDIN,edin24,Control_202,1.0,P4,-25.27181,3.0,100.0
EDIN,edin24,Control_202,1.0,C3,-24.16612,3.0,100.0
EDIN,edin24,Control_202,1.0,C4,-17.22005,3.0,100.0
EDIN,edin24,Control_202,1.0,P7,-19.08743,3.0,100.0
EDIN,edin24,Control_202,1.0,P8,-13.1003,3.0,100.0
EDIN,edin24,Control_202,1.0,O1,-20.43605,3.0,100.0
EDIN,edin24,Control_202,1.0,O2,-24.46416,3.0,100.0
EDIN,edin24,Violation_201,6.0,Pz,4.324025,14.0,90.0
EDIN,edin24,Violation_201,6.0,Cz,8.676227,14.0,90.0
EDIN,edin24,Violation_201,6.0,CP1,3.849686,14.0,90.0
EDIN,edin24,Violation_201,6.0,CP2,7.083681,14.0,90.0
EDIN,edin24,Violation_201,6.0,P3,-1.180516,14.0,90.0
EDIN,edin24,Violation_201,6.0,P4,5.723364,14.0,90.0
EDIN,edin24,Violation_201,6.0,C3,3.127098,14.0,90.0
EDIN,edin24,Violation_201,6.0,C4,6.334301,14.0,90.0
EDIN,edin24,Violation_201,6.0,P7,1.872939,14.0,90.0
EDIN,edin24,Violation_201,6.0,P8,2.806217,14.0,90.0
EDIN,edin24,Violation_201,6.0,O1,-2.306432,14.0,90.0
EDIN,edin24,Violation_201,6.0,O2,6.762885,14.0,90.0
EDIN,edin24,Violation_201,18.0,Pz,-2.934502,8.0,97.0
EDIN,edin24,Violation_201,18.0,Cz,3.379644,8.0,97.0
EDIN,edin24,Violation_201,18.0,CP1,4.014226,8.0,97.0
EDIN,edin24,Violation_201,18.0,CP2,4.426943,8.0,97.0
EDIN,edin24,Violation_201,18.0,P3,-3.05433,8.0,97.0
EDIN,edin24,Violation_201,18.0,P4,-8.541401,8.0,97.0
EDIN,edin24,Violation_201,18.0,C3,7.64282,8.0,97.0
EDIN,edin24,Violation_201,18.0,C4,2.904464,8.0,97.0
EDIN,edin24,Violation_201,18.0,P7,-4.126321,8.0,97.0
EDIN,edin24,Violation_201,18.0,P8,-1.883542,8.0,97.0
EDIN,edin24,Violation_201,18.0,O1,-3.387321,8.0,97.0
EDIN,edin24,Violation_201,18.0,O2,-8.892142,8.0,97.0
EDIN,edin24,Control_202,9.0,Pz,4.124394,6.0,100.0
EDIN,edin24,Control_202,9.0,Cz,2.718347,6.0,100.0
EDIN,edin24,Control_202,9.0,CP1,-1.517005,6.0,100.0
EDIN,edin24,Control_202,9.0,CP2,4.902773,6.0,100.0
EDIN,edin24,Control_202,9.0,P3,1.64659,6.0,100.0
EDIN,edin24,Control_202,9.0,P4,7.471106,6.0,100.0
EDIN,edin24,Control_202,9.0,C3,0.3012064,6.0,100.0
EDIN,edin24,Control_202,9.0,C4,4.743046,6.0,100.0
EDIN,edin24,Control_202,9.0,P7,7.906131,6.0,100.0
EDIN,edin24,Control_202,9.0,P8,9.108767,6.0,100.0
EDIN,edin24,Control_202,9.0,O1,11.44551,6.0,100.0
EDIN,edin24,Control_202,9.0,O2,9.264154,6.0,100.0
EDIN,edin24,Control_202,13.0,Pz,-11.66134,9.0,93.0
EDIN,edin24,Control_202,13.0,Cz,-7.658012,9.0,93.0
EDIN,edin24,Control_202,13.0,CP1,-3.148249,9.0,93.0
EDIN,edin24,Control_202,13.0,CP2,-6.903897,9.0,93.0
EDIN,edin24,Control_202,13.0,P3,-15.69015,9.0,93.0
EDIN,edin24,Control_202,13.0,P4,-6.650801,9.0,93.0
EDIN,edin24,Control_202,13.0,C3,-10.79912,9.0,93.0
EDIN,edin24,Control_202,13.0,C4,-10.14855,9.0,93.0
EDIN,edin24,Control_202,13.0,P7,-12.09188,9.0,93.0
EDIN,edin24,Control_202,13.0,P8,-0.9852441,9.0,93.0
EDIN,edin24,Control_202,13.0,O1,-4.188626,9.0,93.0
EDIN,edin24,Control_202,13.0,O2,-12.03347,9.0,93.0
EDIN,edin24,Control_202,25.0,Pz,18.40914,28.0,27.0
EDIN,edin24,Control_202,25.0,Cz,22.52749,28.0,27.0
EDIN,edin24,Control_202,25.0,CP1,20.26852,28.0,27.0
EDIN,edin24,Control_202,25.0,CP2,20.78273,28.0,27.0
EDIN,edin24,Control_202,25.0,P3,14.26834,28.0,27.0
EDIN,edin24,Control_202,25.0,P4,14.88697,28.0,27.0
EDIN,edin24,Control_202,25.0,C3,26.55563,28.0,27.0
EDIN,edin24,Control_202,25.0,C4,12.83438,28.0,27.0
EDIN,edin24,Control_202,25.0,P7,17.18854,28.0,27.0
EDIN,edin24,Control_202,25.0,P8,9.538018,28.0,27.0
EDIN,edin24,Control_202,25.0,O1,6.913961,28.0,27.0
EDIN,edin24,Control_202,25.0,O2,10.94298,28.0,27.0
EDIN,edin24,Control_202,21.0,Pz,-3.230468,25.0,97.0
EDIN,edin24,Control_202,21.0,Cz,7.606962,25.0,97.0
EDIN,edin24,Control_202,21.0,CP1,7.892585,25.0,97.0
EDIN,edin24,Control_202,21.0,CP2,-2.874357,25.0,97.0
EDIN,edin24,Control_202,21.0,P3,-0.7462156,25.0,97.0
EDIN,edin24,Control_202,21.0,P4,2.409135,25.0,97.0
EDIN,edin24,Control_202,21.0,C3,1.314115,25.0,97.0
EDIN,edin24,Control_202,21.0,C4,5.601862,25.0,97.0
EDIN,edin24,Control_202,21.0,P7,0.1157403,25.0,97.0
EDIN,edin24,Control_202,21.0,P8,-24.95762,25.0,97.0
EDIN,edin24,Control_202,21.0,O1,-2.920569,25.0,97.0
EDIN,edin24,Control_202,21.0,O2,0.9513999,25.0,97.0
EDIN,edin24,Violation_201,30.0,Pz,1.222206,29.0,90.0
EDIN,edin24,Violation_201,30.0,Cz,1.541325,29.0,90.0
EDIN,edin24,Violation_201,30.0,CP1,2.867141,29.0,90.0
EDIN,edin24,Violation_201,30.0,CP2,2.777693,29.0,90.0
EDIN,edin24,Violation_201,30.0,P3,-4.787563,29.0,90.0
EDIN,edin24,Violation_201,30.0,P4,7.959173,29.0,90.0
EDIN,edin24,Violation_201,30.0,C3,-3.512321,29.0,90.0
EDIN,edin24,Violation_201,30.0,C4,0.6482376,29.0,90.0
EDIN,edin24,Violation_201,30.0,P7,-5.08921,29.0,90.0
EDIN,edin24,Violation_201,30.0,P8,-0.4027819,29.0,90.0
EDIN,edin24,Violation_201,30.0,O1,-0.8566165,29.0,90.0
EDIN,edin24,Violation_201,30.0,O2,0.4602183,29.0,90.0
EDIN,edin24,Violation_201,29.0,Pz,17.53543,24.0,93.0
EDIN,edin24,Violation_201,29.0,Cz,11.66495,24.0,93.0
EDIN,edin24,Violation_201,29.0,CP1,14.08492,24.0,93.0
EDIN,edin24,Violation_201,29.0,CP2,17.90708,24.0,93.0
EDIN,edin24,Violation_201,29.0,P3,8.834074,24.0,93.0
EDIN,edin24,Violation_201,29.0,P4,12.21103,24.0,93.0
EDIN,edin24,Violation_201,29.0,C3,7.10454,24.0,93.0
EDIN,edin24,Violation_201,29.0,C4,14.94454,24.0,93.0
EDIN,edin24,Violation_201,29.0,P7,4.364905,24.0,93.0
EDIN,edin24,Violation_201,29.0,P8,-34.45097,24.0,93.0
EDIN,edin24,Violation_201,29.0,O1,4.391058,24.0,93.0
EDIN,edin24,Violation_201,29.0,O2,11.18089,24.0,93.0
EDIN,edin24,Violation_201,26.0,Pz,2.7025,30.0,90.0
EDIN,edin24,Violation_201,26.0,Cz,11.53299,30.0,90.0
EDIN,edin24,Violation_201,26.0,CP1,6.981937,30.0,90.0
EDIN,edin24,Violation_201,26.0,CP2,10.24699,30.0,90.0
EDIN,edin24,Violation_201,26.0,P3,1.59675,30.0,90.0
EDIN,edin24,Violation_201,26.0,P4,4.758207,30.0,90.0
EDIN,edin24,Violation_201,26.0,C3,-2.572677,30.0,90.0
EDIN,edin24,Violation_201,26.0,C4,14.4182,30.0,90.0
EDIN,edin24,Violation_201,26.0,P7,2.556483,30.0,90.0
EDIN,edin24,Violation_201,26.0,P8,-1.798216,30.0,90.0
EDIN,edin24,Violation_201,26.0,O1,-2.477901,30.0,90.0
EDIN,edin24,Violation_201,26.0,O2,6.812768,30.0,90.0
EDIN,edin24,Violation_201,38.0,Pz,17.00123,37.0,80.0
EDIN,edin24,Violation_201,38.0,Cz,18.41036,37.0,80.0
EDIN,edin24,Violation_201,38.0,CP1,22.085,37.0,80.0
EDIN,edin24,Violation_201,38.0,CP2,26.42224,37.0,80.0
EDIN,edin24,Violation_201,38.0,P3,13.47723,37.0,80.0
EDIN,edin24,Violation_201,38.0,P4,14.65053,37.0,80.0
EDIN,edin24,Violation_201,38.0,C3,10.58855,37.0,80.0
EDIN,edin24,Violation_201,38.0,C4,19.79121,37.0,80.0
EDIN,edin24,Violation_201,38.0,P7,7.174101,37.0,80.0
EDIN,edin24,Violation_201,38.0,P8,13.59656,37.0,80.0
EDIN,edin24,Violation_201,38.0,O1,9.138325,37.0,80.0
EDIN,edin24,Violation_201,38.0,O2,15.73141,37.0,80.0
EDIN,edin24,Control_202,33.0,Pz,-19.39772,26.0,87.0
EDIN,edin24,Control_202,33.0,Cz,-19.24542,26.0,87.0
EDIN,edin24,Control_202,33.0,CP1,-17.92343,26.0,87.0
EDIN,edin24,Control_202,33.0,CP2,-17.34722,26.0,87.0
EDIN,edin24,Control_202,33.0,P3,-10.9716,26.0,87.0
EDIN,edin24,Control_202,33.0,P4,-15.55279,26.0,87.0
EDIN,edin24,Control_202,33.0,C3,-20.91265,26.0,87.0
EDIN,edin24,Control_202,33.0,C4,-16.12802,26.0,87.0
EDIN,edin24,Control_202,33.0,P7,-14.57879,26.0,87.0
EDIN,edin24,Control_202,33.0,P8,-5.49813,26.0,87.0
EDIN,edin24,Control_202,33.0,O1,-20.84882,26.0,87.0
EDIN,edin24,Control_202,33.0,O2,-15.61361,26.0,87.0
EDIN,edin24,Control_202,37.0,Pz,3.451033,23.0,93.0
EDIN,edin24,Control_202,37.0,Cz,0.7124357,23.0,93.0
EDIN,edin24,Control_202,37.0,CP1,0.6192696,23.0,93.0
EDIN,edin24,Control_202,37.0,CP2,5.098883,23.0,93.0
EDIN,edin24,Control_202,37.0,P3,2.88086,23.0,93.0
EDIN,edin24,Control_202,37.0,P4,-2.643705,23.0,93.0
EDIN,edin24,Control_202,37.0,C3,1.531676,23.0,93.0
EDIN,edin24,Control_202,37.0,C4,4.452555,23.0,93.0
EDIN,edin24,Control_202,37.0,P7,13.62996,23.0,93.0
EDIN,edin24,Control_202,37.0,P8,13.58268,23.0,93.0
EDIN,edin24,Control_202,37.0,O1,10.89555,23.0,93.0
EDIN,edin24,Control_202,37.0,O2,6.714282,23.0,93.0
EDIN,edin24,Violation_201,22.0,Pz,-11.34012,40.0,93.0
EDIN,edin24,Violation_201,22.0,Cz,-18.67868,40.0,93.0
EDIN,edin24,Violation_201,22.0,CP1,-2.926426,40.0,93.0
EDIN,edin24,Violation_201,22.0,CP2,-15.10137,40.0,93.0
EDIN,edin24,Violation_201,22.0,P3,-9.078054,40.0,93.0
EDIN,edin24,Violation_201,22.0,P4,-11.13155,40.0,93.0
EDIN,edin24,Violation_201,22.0,C3,-15.50615,40.0,93.0
EDIN,edin24,Violation_201,22.0,C4,-16.94551,40.0,93.0
EDIN,edin24,Violation_201,22.0,P7,-14.63353,40.0,93.0
EDIN,edin24,Violation_201,22.0,P8,-10.09871,40.0,93.0
EDIN,edin24,Violation_201,22.0,O1,-13.38926,40.0,93.0
EDIN,edin24,Violation_201,22.0,O2,-9.987754,40.0,93.0
EDIN,edin24,Violation_201,34.0,Pz,-8.096415,38.0,93.0
EDIN,edin24,Violation_201,34.0,Cz,-11.47697,38.0,93.0
EDIN,edin24,Violation_201,34.0,CP1,6.700496,38.0,93.0
EDIN,edin24,Violation_201,34.0,CP2,-7.723568,38.0,93.0
EDIN,edin24,Violation_201,34.0,P3,-16.64095,38.0,93.0
EDIN,edin24,Violation_201,34.0,P4,-6.973738,38.0,93.0
EDIN,edin24,Violation_201,34.0,C3,-7.049721,38.0,93.0
EDIN,edin24,Violation_201,34.0,C4,-19.41628,38.0,93.0
EDIN,edin24,Violation_201,34.0,P7,-8.400878,38.0,93.0
EDIN,edin24,Violation_201,34.0,P8,-22.15844,38.0,93.0
EDIN,edin24,Violation_201,34.0,O1,-3.946271,38.0,93.0
EDIN,edin24,Violation_201,34.0,O2,-10.9997,38.0,93.0
EDIN,edin24,Violation_201,58.0,Pz,4.313835,47.0,100.0
EDIN,edin24,Violation_201,58.0,Cz,2.569572,47.0,100.0
EDIN,edin24,Violation_201,58.0,CP1,-0.2359458,47.0,100.0
EDIN,edin24,Violation_201,58.0,CP2,2.862323,47.0,100.0
EDIN,edin24,Violation_201,58.0,P3,7.346041,47.0,100.0
EDIN,edin24,Violation_201,58.0,P4,1.64105,47.0,100.0
EDIN,edin24,Violation_201,58.0,C3,4.731095,47.0,100.0
EDIN,edin24,Violation_201,58.0,C4,-2.878655,47.0,100.0
EDIN,edin24,Violation_201,58.0,P7,7.956363,47.0,100.0
EDIN,edin24,Violation_201,58.0,P8,1.464978,47.0,100.0
EDIN,edin24,Violation_201,58.0,O1,5.439805,47.0,100.0
EDIN,edin24,Violation_201,58.0,O2,7.8513,47.0,100.0
EDIN,edin24,Violation_201,42.0,Pz,-9.153908,58.0,73.0
EDIN,edin24,Violation_201,42.0,Cz,-10.24579,58.0,73.0
EDIN,edin24,Violation_201,42.0,CP1,-8.120167,58.0,73.0
EDIN,edin24,Violation_201,42.0,CP2,-9.682573,58.0,73.0
EDIN,edin24,Violation_201,42.0,P3,-4.815681,58.0,73.0
EDIN,edin24,Violation_201,42.0,P4,-4.276047,58.0,73.0
EDIN,edin24,Violation_201,42.0,C3,-5.130342,58.0,73.0
EDIN,edin24,Violation_201,42.0,C4,-10.36283,58.0,73.0
EDIN,edin24,Violation_201,42.0,P7,-3.167513,58.0,73.0
EDIN,edin24,Violation_201,42.0,P8,-4.224424,58.0,73.0
EDIN,edin24,Violation_201,42.0,O1,-6.549434,58.0,73.0
EDIN,edin24,Violation_201,42.0,O2,-2.119562,58.0,73.0
EDIN,edin24,Violation_201,50.0,Pz,9.777254,46.0,63.0
EDIN,edin24,Violation_201,50.0,Cz,5.984246,46.0,63.0
EDIN,edin24,Violation_201,50.0,CP1,9.492572,46.0,63.0
EDIN,edin24,Violation_201,50.0,CP2,7.801785,46.0,63.0
EDIN,edin24,Violation_201,50.0,P3,14.62143,46.0,63.0
EDIN,edin24,Violation_201,50.0,P4,-0.2824713,46.0,63.0
EDIN,edin24,Violation_201,50.0,C3,5.456307,46.0,63.0
EDIN,edin24,Violation_201,50.0,C4,6.466786,46.0,63.0
EDIN,edin24,Violation_201,50.0,P7,5.779261,46.0,63.0
EDIN,edin24,Violation_201,50.0,P8,0.5644456,46.0,63.0
EDIN,edin24,Violation_201,50.0,O1,7.926354,46.0,63.0
EDIN,edin24,Violation_201,50.0,O2,6.619482,46.0,63.0
EDIN,edin24,Violation_201,54.0,Pz,-17.87855,49.0,40.0
EDIN,edin24,Violation_201,54.0,Cz,-19.03808,49.0,40.0
EDIN,edin24,Violation_201,54.0,CP1,-13.94416,49.0,40.0
EDIN,edin24,Violation_201,54.0,CP2,-19.86751,49.0,40.0
EDIN,edin24,Violation_201,54.0,P3,-18.63416,49.0,40.0
EDIN,edin24,Violation_201,54.0,P4,-16.14022,49.0,40.0
EDIN,edin24,Violation_201,54.0,C3,-16.13283,49.0,40.0
EDIN,edin24,Violation_201,54.0,C4,-18.35983,49.0,40.0
EDIN,edin24,Violation_201,54.0,P7,-4.62536,49.0,40.0
EDIN,edin24,Violation_201,54.0,P8,-10.13654,49.0,40.0
EDIN,edin24,Violation_201,54.0,O1,-10.22272,49.0,40.0
EDIN,edin24,Violation_201,54.0,O2,-18.52746,49.0,40.0
EDIN,edin24,Control_202,45.0,Pz,-3.217216,56.0,93.0
EDIN,edin24,Control_202,45.0,Cz,-4.471148,56.0,93.0
EDIN,edin24,Control_202,45.0,CP1,1.381721,56.0,93.0
EDIN,edin24,Control_202,45.0,CP2,1.45624,56.0,93.0
EDIN,edin24,Control_202,45.0,P3,7.540513,56.0,93.0
EDIN,edin24,Control_202,45.0,P4,-2.061294,56.0,93.0
EDIN,edin24,Control_202,45.0,C3,-4.541599,56.0,93.0
EDIN,edin24,Control_202,45.0,C4,-3.295662,56.0,93.0
EDIN,edin24,Control_202,45.0,P7,-0.255183,56.0,93.0
EDIN,edin24,Control_202,45.0,P8,1.87444,56.0,93.0
EDIN,edin24,Control_202,45.0,O1,-1.222635,56.0,93.0
EDIN,edin24,Control_202,45.0,O2,-2.453482,56.0,93.0
EDIN,edin24,Violation_201,46.0,Pz,16.63629,50.0,37.0
EDIN,edin24,Violation_201,46.0,Cz,7.163052,50.0,37.0
EDIN,edin24,Violation_201,46.0,CP1,2.941119,50.0,37.0
EDIN,edin24,Violation_201,46.0,CP2,8.094012,50.0,37.0
EDIN,edin24,Violation_201,46.0,P3,9.782397,50.0,37.0
EDIN,edin24,Violation_201,46.0,P4,10.45,50.0,37.0
EDIN,edin24,Violation_201,46.0,C3,4.971553,50.0,37.0
EDIN,edin24,Violation_201,46.0,C4,3.164709,50.0,37.0
EDIN,edin24,Violation_201,46.0,P7,16.05066,50.0,37.0
EDIN,edin24,Violation_201,46.0,P8,11.41532,50.0,37.0
EDIN,edin24,Violation_201,46.0,O1,8.024267,50.0,37.0
EDIN,edin24,Violation_201,46.0,O2,12.20058,50.0,37.0
EDIN,edin24,Control_202,53.0,Pz,-13.47222,52.0,87.0
EDIN,edin24,Control_202,53.0,Cz,-12.55126,52.0,87.0
EDIN,edin24,Control_202,53.0,CP1,-17.17596,52.0,87.0
EDIN,edin24,Control_202,53.0,CP2,-10.05585,52.0,87.0
EDIN,edin24,Control_202,53.0,P3,-12.99516,52.0,87.0
EDIN,edin24,Control_202,53.0,P4,-0.7550458,52.0,87.0
EDIN,edin24,Control_202,53.0,C3,-10.67844,52.0,87.0
EDIN,edin24,Control_202,53.0,C4,-14.85157,52.0,87.0
EDIN,edin24,Control_202,53.0,P7,-7.109405,52.0,87.0
EDIN,edin24,Control_202,53.0,P8,5.156024,52.0,87.0
EDIN,edin24,Control_202,53.0,O1,-2.078269,52.0,87.0
EDIN,edin24,Control_202,53.0,O2,1.486098,52.0,87.0
EDIN,edin24,Control_202,49.0,Pz,1.632893,45.0,67.0
EDIN,edin24,Control_202,49.0,Cz,0.3695863,45.0,67.0
EDIN,edin24,Control_202,49.0,CP1,-2.655135,45.0,67.0
EDIN,edin24,Control_202,49.0,CP2,5.94876,45.0,67.0
EDIN,edin24,Control_202,49.0,P3,4.274072,45.0,67.0
EDIN,edin24,Control_202,49.0,P4,3.664197,45.0,67.0
EDIN,edin24,Control_202,49.0,C3,0.7678546,45.0,67.0
EDIN,edin24,Control_202,49.0,C4,-1.130385,45.0,67.0
EDIN,edin24,Control_202,49.0,P7,0.8320628,45.0,67.0
EDIN,edin24,Control_202,49.0,P8,-4.597475,45.0,67.0
EDIN,edin24,Control_202,49.0,O1,2.636863,45.0,67.0
EDIN,edin24,Control_202,49.0,O2,-4.118273,45.0,67.0
EDIN,edin24,Control_202,41.0,Pz,-12.15279,48.0,87.0
EDIN,edin24,Control_202,41.0,Cz,-11.86115,48.0,87.0
EDIN,edin24,Control_202,41.0,CP1,-8.531824,48.0,87.0
EDIN,edin24,Control_202,41.0,CP2,-13.18031,48.0,87.0
EDIN,edin24,Control_202,41.0,P3,-3.431776,48.0,87.0
EDIN,edin24,Control_202,41.0,P4,-13.02514,48.0,87.0
EDIN,edin24,Control_202,41.0,C3,-6.180549,48.0,87.0
EDIN,edin24,Control_202,41.0,C4,-13.17881,48.0,87.0
EDIN,edin24,Control_202,41.0,P7,-9.470491,48.0,87.0
EDIN,edin24,Control_202,41.0,P8,-10.71568,48.0,87.0
EDIN,edin24,Control_202,41.0,O1,-0.8525449,48.0,87.0
EDIN,edin24,Control_202,41.0,O2,-8.652936,48.0,87.0
EDIN,edin24,Control_202,57.0,Pz,-3.835073,57.0,69.0
EDIN,edin24,Control_202,57.0,Cz,-9.109528,57.0,69.0
EDIN,edin24,Control_202,57.0,CP1,-3.468397,57.0,69.0
EDIN,edin24,Control_202,57.0,CP2,-7.357047,57.0,69.0
EDIN,edin24,Control_202,57.0,P3,-2.535002,57.0,69.0
EDIN,edin24,Control_202,57.0,P4,2.94119,57.0,69.0
EDIN,edin24,Control_202,57.0,C3,-12.25318,57.0,69.0
EDIN,edin24,Control_202,57.0,C4,-7.78155,57.0,69.0
EDIN,edin24,Control_202,57.0,P7,1.379566,57.0,69.0
EDIN,edin24,Control_202,57.0,P8,2.630697,57.0,69.0
EDIN,edin24,Control_202,57.0,O1,6.795728,57.0,69.0
EDIN,edin24,Control_202,57.0,O2,-2.351577,57.0,69.0
EDIN,edin24,Violation_201,70.0,Pz,-9.951892,68.0,27.0
EDIN,edin24,Violation_201,70.0,Cz,-1.178274,68.0,27.0
EDIN,edin24,Violation_201,70.0,CP1,-11.95563,68.0,27.0
EDIN,edin24,Violation_201,70.0,CP2,-5.669133,68.0,27.0
EDIN,edin24,Violation_201,70.0,P3,-18.38927,68.0,27.0
EDIN,edin24,Violation_201,70.0,P4,-12.21341,68.0,27.0
EDIN,edin24,Violation_201,70.0,C3,-3.914145,68.0,27.0
EDIN,edin24,Violation_201,70.0,C4,-2.850118,68.0,27.0
EDIN,edin24,Violation_201,70.0,P7,-11.13361,68.0,27.0
EDIN,edin24,Violation_201,70.0,P8,-9.67523,68.0,27.0
EDIN,edin24,Violation_201,70.0,O1,-9.447646,68.0,27.0
EDIN,edin24,Violation_201,70.0,O2,-9.22535,68.0,27.0
EDIN,edin24,Control_202,65.0,Pz,-5.053552,63.0,83.0
EDIN,edin24,Control_202,65.0,Cz,-6.255556,63.0,83.0
EDIN,edin24,Control_202,65.0,CP1,-2.195441,63.0,83.0
EDIN,edin24,Control_202,65.0,CP2,-10.26969,63.0,83.0
EDIN,edin24,Control_202,65.0,P3,-14.84348,63.0,83.0
EDIN,edin24,Control_202,65.0,P4,-11.26331,63.0,83.0
EDIN,edin24,Control_202,65.0,C3,-1.342688,63.0,83.0
EDIN,edin24,Control_202,65.0,C4,-4.342116,63.0,83.0
EDIN,edin24,Control_202,65.0,P7,0.09453594,63.0,83.0
EDIN,edin24,Control_202,65.0,P8,-5.489828,63.0,83.0
EDIN,edin24,Control_202,65.0,O1,-1.8751,63.0,83.0
EDIN,edin24,Control_202,65.0,O2,-3.013341,63.0,83.0
EDIN,edin24,Control_202,61.0,Pz,8.233145,79.0,97.0
EDIN,edin24,Control_202,61.0,Cz,8.12035,79.0,97.0
EDIN,edin24,Control_202,61.0,CP1,7.671851,79.0,97.0
EDIN,edin24,Control_202,61.0,CP2,10.06148,79.0,97.0
EDIN,edin24,Control_202,61.0,P3,4.169709,79.0,97.0
EDIN,edin24,Control_202,61.0,P4,16.72699,79.0,97.0
EDIN,edin24,Control_202,61.0,C3,-0.3075542,79.0,97.0
EDIN,edin24,Control_202,61.0,C4,-0.5229856,79.0,97.0
EDIN,edin24,Control_202,61.0,P7,3.191203,79.0,97.0
EDIN,edin24,Control_202,61.0,P8,9.783984,79.0,97.0
EDIN,edin24,Control_202,61.0,O1,26.41814,79.0,97.0
EDIN,edin24,Control_202,61.0,O2,16.567,79.0,97.0
EDIN,edin24,Violation_201,74.0,Pz,0.8885151,69.0,93.0
EDIN,edin24,Violation_201,74.0,Cz,3.789723,69.0,93.0
EDIN,edin24,Violation_201,74.0,CP1,0.2412729,69.0,93.0
EDIN,edin24,Violation_201,74.0,CP2,-0.3224607,69.0,93.0
EDIN,edin24,Violation_201,74.0,P3,5.147843,69.0,93.0
EDIN,edin24,Violation_201,74.0,P4,-1.657642,69.0,93.0
EDIN,edin24,Violation_201,74.0,C3,3.3012,69.0,93.0
EDIN,edin24,Violation_201,74.0,C4,4.168325,69.0,93.0
EDIN,edin24,Violation_201,74.0,P7,0.4972985,69.0,93.0
EDIN,edin24,Violation_201,74.0,P8,7.181833,69.0,93.0
EDIN,edin24,Violation_201,74.0,O1,-0.1653694,69.0,93.0
EDIN,edin24,Violation_201,74.0,O2,5.7049,69.0,93.0
EDIN,edin24,Violation_201,62.0,Pz,-20.90824,70.0,57.0
EDIN,edin24,Violation_201,62.0,Cz,-27.60824,70.0,57.0
EDIN,edin24,Violation_201,62.0,CP1,-14.14322,70.0,57.0
EDIN,edin24,Violation_201,62.0,CP2,-15.81513,70.0,57.0
EDIN,edin24,Violation_201,62.0,P3,-15.19783,70.0,57.0
EDIN,edin24,Violation_201,62.0,P4,-18.38945,70.0,57.0
EDIN,edin24,Violation_201,62.0,C3,-18.62457,70.0,57.0
EDIN,edin24,Violation_201,62.0,C4,-23.38079,70.0,57.0
EDIN,edin24,Violation_201,62.0,P7,-14.45526,70.0,57.0
EDIN,edin24,Violation_201,62.0,P8,-17.5523,70.0,57.0
EDIN,edin24,Violation_201,62.0,O1,-18.87772,70.0,57.0
EDIN,edin24,Violation_201,62.0,O2,-13.6946,70.0,57.0
EDIN,edin24,Violation_201,78.0,Pz,5.41932,80.0,97.0
EDIN,edin24,Violation_201,78.0,Cz,5.031722,80.0,97.0
EDIN,edin24,Violation_201,78.0,CP1,4.995308,80.0,97.0
EDIN,edin24,Violation_201,78.0,CP2,7.093939,80.0,97.0
EDIN,edin24,Violation_201,78.0,P3,2.604977,80.0,97.0
EDIN,edin24,Violation_201,78.0,P4,0.5931926,80.0,97.0
EDIN,edin24,Violation_201,78.0,C3,1.308159,80.0,97.0
EDIN,edin24,Violation_201,78.0,C4,-0.5689046,80.0,97.0
EDIN,edin24,Violation_201,78.0,P7,3.89698,80.0,97.0
EDIN,edin24,Violation_201,78.0,P8,5.003028,80.0,97.0
EDIN,edin24,Violation_201,78.0,O1,5.873908,80.0,97.0
EDIN,edin24,Violation_201,78.0,O2,1.312477,80.0,97.0
EDIN,edin24,Control_202,73.0,Pz,-4.264898,73.0,80.0
EDIN,edin24,Control_202,73.0,Cz,-12.1581,73.0,80.0
EDIN,edin24,Control_202,73.0,CP1,-15.48574,73.0,80.0
EDIN,edin24,Control_202,73.0,CP2,-9.668839,73.0,80.0
EDIN,edin24,Control_202,73.0,P3,-2.218357,73.0,80.0
EDIN,edin24,Control_202,73.0,P4,-5.293313,73.0,80.0
EDIN,edin24,Control_202,73.0,C3,-10.13859,73.0,80.0
EDIN,edin24,Control_202,73.0,C4,-6.915171,73.0,80.0
EDIN,edin24,Control_202,73.0,P7,-2.641412,73.0,80.0
EDIN,edin24,Control_202,73.0,P8,-10.31511,73.0,80.0
EDIN,edin24,Control_202,73.0,O1,-1.68047,73.0,80.0
EDIN,edin24,Control_202,73.0,O2,-8.359315,73.0,80.0
EDIN,edin24,Control_202,69.0,Pz,8.895,74.0,93.0
EDIN,edin24,Control_202,69.0,Cz,4.435223,74.0,93.0
EDIN,edin24,Control_202,69.0,CP1,5.493071,74.0,93.0
EDIN,edin24,Control_202,69.0,CP2,14.10072,74.0,93.0
EDIN,edin24,Control_202,69.0,P3,4.876103,74.0,93.0
EDIN,edin24,Control_202,69.0,P4,13.01221,74.0,93.0
EDIN,edin24,Control_202,69.0,C3,8.404408,74.0,93.0
EDIN,edin24,Control_202,69.0,C4,6.989977,74.0,93.0
EDIN,edin24,Control_202,69.0,P7,6.507393,74.0,93.0
EDIN,edin24,Control_202,69.0,P8,6.545331,74.0,93.0
EDIN,edin24,Control_202,69.0,O1,10.6325,74.0,93.0
EDIN,edin24,Control_202,69.0,O2,10.56231,74.0,93.0
EDIN,edin24,Violation_201,66.0,Pz,-1.684322,64.0,50.0
EDIN,edin24,Violation_201,66.0,Cz,4.566298,64.0,50.0
EDIN,edin24,Violation_201,66.0,CP1,-0.7141004,64.0,50.0
EDIN,edin24,Violation_201,66.0,CP2,4.08594,64.0,50.0
EDIN,edin24,Violation_201,66.0,P3,-2.548468,64.0,50.0
EDIN,edin24,Violation_201,66.0,P4,-7.204972,64.0,50.0
EDIN,edin24,Violation_201,66.0,C3,0.9288357,64.0,50.0
EDIN,edin24,Violation_201,66.0,C4,3.062555,64.0,50.0
EDIN,edin24,Violation_201,66.0,P7,-12.45778,64.0,50.0
EDIN,edin24,Violation_201,66.0,P8,-15.77081,64.0,50.0
EDIN,edin24,Violation_201,66.0,O1,-12.65017,64.0,50.0
EDIN,edin24,Violation_201,66.0,O2,-9.433702,64.0,50.0
EDIN,edin24,Control_202,77.0,Pz,3.496351,66.0,23.0
EDIN,edin24,Control_202,77.0,Cz,1.164935,66.0,23.0
EDIN,edin24,Control_202,77.0,CP1,4.762165,66.0,23.0
EDIN,edin24,Control_202,77.0,CP2,2.468966,66.0,23.0
EDIN,edin24,Control_202,77.0,P3,6.631244,66.0,23.0
EDIN,edin24,Control_202,77.0,P4,-0.4728828,66.0,23.0
EDIN,edin24,Control_202,77.0,C3,2.692669,66.0,23.0
EDIN,edin24,Control_202,77.0,C4,0.03887556,66.0,23.0
EDIN,edin24,Control_202,77.0,P7,2.137116,66.0,23.0
EDIN,edin24,Control_202,77.0,P8,1.244942,66.0,23.0
EDIN,edin24,Control_202,77.0,O1,-0.9864176,66.0,23.0
EDIN,edin24,Control_202,77.0,O2,4.237323,66.0,23.0
EDIN,edin25,Violation_201,4.0,Pz,9.79233,8.0,97.0
EDIN,edin25,Violation_201,4.0,Cz,-9.570666,8.0,97.0
EDIN,edin25,Violation_201,4.0,CP1,-13.34134,8.0,97.0
EDIN,edin25,Violation_201,4.0,CP2,23.64858,8.0,97.0
EDIN,edin25,Violation_201,4.0,P3,10.68263,8.0,97.0
EDIN,edin25,Violation_201,4.0,P4,0.9141686,8.0,97.0
EDIN,edin25,Violation_201,4.0,C3,-9.834206,8.0,97.0
EDIN,edin25,Violation_201,4.0,C4,-5.546988,8.0,97.0
EDIN,edin25,Violation_201,4.0,P7,1.490265,8.0,97.0
EDIN,edin25,Violation_201,4.0,P8,15.65287,8.0,97.0
EDIN,edin25,Violation_201,4.0,O1,0.2313856,8.0,97.0
EDIN,edin25,Violation_201,4.0,O2,1.49284,8.0,97.0
EDIN,edin25,Violation_201,8.0,Pz,12.73898,7.0,80.0
EDIN,edin25,Violation_201,8.0,Cz,19.54243,7.0,80.0
EDIN,edin25,Violation_201,8.0,CP1,14.94081,7.0,80.0
EDIN,edin25,Violation_201,8.0,CP2,-2.892048,7.0,80.0
EDIN,edin25,Violation_201,8.0,P3,18.18144,7.0,80.0
EDIN,edin25,Violation_201,8.0,P4,-1.793881,7.0,80.0
EDIN,edin25,Violation_201,8.0,C3,22.14352,7.0,80.0
EDIN,edin25,Violation_201,8.0,C4,3.380145,7.0,80.0
EDIN,edin25,Violation_201,8.0,P7,20.10421,7.0,80.0
EDIN,edin25,Violation_201,8.0,P8,-4.151972,7.0,80.0
EDIN,edin25,Violation_201,8.0,O1,3.472713,7.0,80.0
EDIN,edin25,Violation_201,8.0,O2,0.6929413,7.0,80.0
EDIN,edin25,Violation_201,12.0,Pz,29.18319,19.0,100.0
EDIN,edin25,Violation_201,12.0,Cz,21.38871,19.0,100.0
EDIN,edin25,Violation_201,12.0,CP1,15.17072,19.0,100.0
EDIN,edin25,Violation_201,12.0,CP2,24.21457,19.0,100.0
EDIN,edin25,Violation_201,12.0,P3,34.89967,19.0,100.0
EDIN,edin25,Violation_201,12.0,P4,20.8502,19.0,100.0
EDIN,edin25,Violation_201,12.0,C3,35.04911,19.0,100.0
EDIN,edin25,Violation_201,12.0,C4,16.83704,19.0,100.0
EDIN,edin25,Violation_201,12.0,P7,17.95942,19.0,100.0
EDIN,edin25,Violation_201,12.0,P8,1.611065,19.0,100.0
EDIN,edin25,Violation_201,12.0,O1,11.26746,19.0,100.0
EDIN,edin25,Violation_201,12.0,O2,8.877678,19.0,100.0
EDIN,edin25,Control_202,7.0,Pz,-7.243129,12.0,100.0
EDIN,edin25,Control_202,7.0,Cz,-4.439145,12.0,100.0
EDIN,edin25,Control_202,7.0,CP1,-4.194089,12.0,100.0
EDIN,edin25,Control_202,7.0,CP2,-16.04679,12.0,100.0
EDIN,edin25,Control_202,7.0,P3,-13.39912,12.0,100.0
EDIN,edin25,Control_202,7.0,P4,-9.531189,12.0,100.0
EDIN,edin25,Control_202,7.0,C3,3.451875,12.0,100.0
EDIN,edin25,Control_202,7.0,C4,2.206882,12.0,100.0
EDIN,edin25,Control_202,7.0,P7,0.7446526,12.0,100.0
EDIN,edin25,Control_202,7.0,P8,-23.92717,12.0,100.0
EDIN,edin25,Control_202,7.0,O1,8.369556,12.0,100.0
EDIN,edin25,Control_202,7.0,O2,-3.772809,12.0,100.0
EDIN,edin25,Control_202,3.0,Pz,-1.175659,18.0,87.0
EDIN,edin25,Control_202,3.0,Cz,-9.783613,18.0,87.0
EDIN,edin25,Control_202,3.0,CP1,-22.78062,18.0,87.0
EDIN,edin25,Control_202,3.0,CP2,-7.29309,18.0,87.0
EDIN,edin25,Control_202,3.0,P3,-16.43886,18.0,87.0
EDIN,edin25,Control_202,3.0,P4,-7.353159,18.0,87.0
EDIN,edin25,Control_202,3.0,C3,-18.28445,18.0,87.0
EDIN,edin25,Control_202,3.0,C4,-8.455433,18.0,87.0
EDIN,edin25,Control_202,3.0,P7,-14.86746,18.0,87.0
EDIN,edin25,Control_202,3.0,P8,-4.660973,18.0,87.0
EDIN,edin25,Control_202,3.0,O1,-18.19735,18.0,87.0
EDIN,edin25,Control_202,3.0,O2,-14.04277,18.0,87.0
EDIN,edin25,Control_202,19.0,Pz,-9.515213,9.0,93.0
EDIN,edin25,Control_202,19.0,Cz,10.45471,9.0,93.0
EDIN,edin25,Control_202,19.0,CP1,9.088305,9.0,93.0
EDIN,edin25,Control_202,19.0,CP2,-58.29522,9.0,93.0
EDIN,edin25,Control_202,19.0,P3,3.28179,9.0,93.0
EDIN,edin25,Control_202,19.0,P4,-12.19989,9.0,93.0
EDIN,edin25,Control_202,19.0,C3,4.952768,9.0,93.0
EDIN,edin25,Control_202,19.0,C4,0.7191789,9.0,93.0
EDIN,edin25,Control_202,19.0,P7,16.95092,9.0,93.0
EDIN,edin25,Control_202,19.0,P8,6.768274,9.0,93.0
EDIN,edin25,Control_202,19.0,O1,12.12123,9.0,93.0
EDIN,edin25,Control_202,19.0,O2,4.405362,9.0,93.0
EDIN,edin25,Violation_201,20.0,Pz,26.22593,5.0,93.0
EDIN,edin25,Violation_201,20.0,Cz,40.42912,5.0,93.0
EDIN,edin25,Violation_201,20.0,CP1,47.66598,5.0,93.0
EDIN,edin25,Violation_201,20.0,CP2,40.92684,5.0,93.0
EDIN,edin25,Violation_201,20.0,P3,35.21849,5.0,93.0
EDIN,edin25,Violation_201,20.0,P4,40.21309,5.0,93.0
EDIN,edin25,Violation_201,20.0,C3,27.61442,5.0,93.0
EDIN,edin25,Violation_201,20.0,C4,38.67527,5.0,93.0
EDIN,edin25,Violation_201,20.0,P7,26.37946,5.0,93.0
EDIN,edin25,Violation_201,20.0,P8,37.30332,5.0,93.0
EDIN,edin25,Violation_201,20.0,O1,42.1138,5.0,93.0
EDIN,edin25,Violation_201,20.0,O2,27.59194,5.0,93.0
EDIN,edin25,Control_202,11.0,Pz,-9.59973,14.0,90.0
EDIN,edin25,Control_202,11.0,Cz,19.09918,14.0,90.0
EDIN,edin25,Control_202,11.0,CP1,4.869667,14.0,90.0
EDIN,edin25,Control_202,11.0,CP2,19.60341,14.0,90.0
EDIN,edin25,Control_202,11.0,P3,-3.932584,14.0,90.0
EDIN,edin25,Control_202,11.0,P4,11.3005,14.0,90.0
EDIN,edin25,Control_202,11.0,C3,10.26685,14.0,90.0
EDIN,edin25,Control_202,11.0,C4,8.34053,14.0,90.0
EDIN,edin25,Control_202,11.0,P7,-5.828383,14.0,90.0
EDIN,edin25,Control_202,11.0,P8,-0.06194445,14.0,90.0
EDIN,edin25,Control_202,11.0,O1,-2.884887,14.0,90.0
EDIN,edin25,Control_202,11.0,O2,3.338468,14.0,90.0
EDIN,edin25,Violation_201,16.0,Pz,-5.401152,11.0,87.0
EDIN,edin25,Violation_201,16.0,Cz,-9.859447,11.0,87.0
EDIN,edin25,Violation_201,16.0,CP1,-5.796063,11.0,87.0
EDIN,edin25,Violation_201,16.0,CP2,-27.11135,11.0,87.0
EDIN,edin25,Violation_201,16.0,P3,-12.66569,11.0,87.0
EDIN,edin25,Violation_201,16.0,P4,-0.2282571,11.0,87.0
EDIN,edin25,Violation_201,16.0,C3,-5.199955,11.0,87.0
EDIN,edin25,Violation_201,16.0,C4,-7.005143,11.0,87.0
EDIN,edin25,Violation_201,16.0,P7,-7.729029,11.0,87.0
EDIN,edin25,Violation_201,16.0,P8,-20.93851,11.0,87.0
EDIN,edin25,Violation_201,16.0,O1,-3.604276,11.0,87.0
EDIN,edin25,Violation_201,16.0,O2,-8.527237,11.0,87.0
EDIN,edin25,Control_202,15.0,Pz,50.84296,20.0,90.0
EDIN,edin25,Control_202,15.0,Cz,17.90205,20.0,90.0
EDIN,edin25,Control_202,15.0,CP1,18.11286,20.0,90.0
EDIN,edin25,Control_202,15.0,CP2,9.792284,20.0,90.0
EDIN,edin25,Control_202,15.0,P3,13.25094,20.0,90.0
EDIN,edin25,Control_202,15.0,P4,19.44728,20.0,90.0
EDIN,edin25,Control_202,15.0,C3,35.84892,20.0,90.0
EDIN,edin25,Control_202,15.0,C4,14.07721,20.0,90.0
EDIN,edin25,Control_202,15.0,P7,31.03643,20.0,90.0
EDIN,edin25,Control_202,15.0,P8,29.81001,20.0,90.0
EDIN,edin25,Control_202,15.0,O1,35.40128,20.0,90.0
EDIN,edin25,Control_202,15.0,O2,35.93618,20.0,90.0
EDIN,edin25,Violation_201,36.0,Pz,-9.443951,26.0,87.0
EDIN,edin25,Violation_201,36.0,Cz,-22.87085,26.0,87.0
EDIN,edin25,Violation_201,36.0,CP1,-23.63007,26.0,87.0
EDIN,edin25,Violation_201,36.0,CP2,-5.358726,26.0,87.0
EDIN,edin25,Violation_201,36.0,P3,-7.609498,26.0,87.0
EDIN,edin25,Violation_201,36.0,P4,0.6840897,26.0,87.0
EDIN,edin25,Violation_201,36.0,C3,-20.16958,26.0,87.0
EDIN,edin25,Violation_201,36.0,C4,-0.940845,26.0,87.0
EDIN,edin25,Violation_201,36.0,P7,-14.00642,26.0,87.0
EDIN,edin25,Violation_201,36.0,P8,-40.37215,26.0,87.0
EDIN,edin25,Violation_201,36.0,O1,-5.719311,26.0,87.0
EDIN,edin25,Violation_201,36.0,O2,-16.39847,26.0,87.0
EDIN,edin25,Control_202,23.0,Pz,14.88538,27.0,97.0
EDIN,edin25,Control_202,23.0,Cz,5.972746,27.0,97.0
EDIN,edin25,Control_202,23.0,CP1,-4.224146,27.0,97.0
EDIN,edin25,Control_202,23.0,CP2,-28.08109,27.0,97.0
EDIN,edin25,Control_202,23.0,P3,7.202284,27.0,97.0
EDIN,edin25,Control_202,23.0,P4,10.67354,27.0,97.0
EDIN,edin25,Control_202,23.0,C3,-15.99181,27.0,97.0
EDIN,edin25,Control_202,23.0,C4,-13.52338,27.0,97.0
EDIN,edin25,Control_202,23.0,P7,-0.6465991,27.0,97.0
EDIN,edin25,Control_202,23.0,P8,-25.6151,27.0,97.0
EDIN,edin25,Control_202,23.0,O1,3.49238,27.0,97.0
EDIN,edin25,Control_202,23.0,O2,-6.68312,27.0,97.0
EDIN,edin25,Violation_201,28.0,Pz,-3.427708,22.0,53.0
EDIN,edin25,Violation_201,28.0,Cz,-15.90066,22.0,53.0
EDIN,edin25,Violation_201,28.0,CP1,-5.810668,22.0,53.0
EDIN,edin25,Violation_201,28.0,CP2,-34.4921,22.0,53.0
EDIN,edin25,Violation_201,28.0,P3,-0.112263,22.0,53.0
EDIN,edin25,Violation_201,28.0,P4,-18.99585,22.0,53.0
EDIN,edin25,Violation_201,28.0,C3,8.794951,22.0,53.0
EDIN,edin25,Violation_201,28.0,C4,-22.25348,22.0,53.0
EDIN,edin25,Violation_201,28.0,P7,3.300555,22.0,53.0
EDIN,edin25,Violation_201,28.0,P8,11.14224,22.0,53.0
EDIN,edin25,Violation_201,28.0,O1,-1.508056,22.0,53.0
EDIN,edin25,Violation_201,28.0,O2,-4.915013,22.0,53.0
EDIN,edin25,Violation_201,40.0,Pz,55.63422,31.0,77.0
EDIN,edin25,Violation_201,40.0,Cz,29.98114,31.0,77.0
EDIN,edin25,Violation_201,40.0,CP1,35.6543,31.0,77.0
EDIN,edin25,Violation_201,40.0,CP2,29.76388,31.0,77.0
EDIN,edin25,Violation_201,40.0,P3,27.9407,31.0,77.0
EDIN,edin25,Violation_201,40.0,P4,34.9901,31.0,77.0
EDIN,edin25,Violation_201,40.0,C3,14.1999,31.0,77.0
EDIN,edin25,Violation_201,40.0,C4,22.21197,31.0,77.0
EDIN,edin25,Violation_201,40.0,P7,8.374935,31.0,77.0
EDIN,edin25,Violation_201,40.0,P8,44.43616,31.0,77.0
EDIN,edin25,Violation_201,40.0,O1,23.43618,31.0,77.0
EDIN,edin25,Violation_201,40.0,O2,28.51586,31.0,77.0
EDIN,edin25,Control_202,35.0,Pz,3.000926,33.0,53.0
EDIN,edin25,Control_202,35.0,Cz,-6.914232,33.0,53.0
EDIN,edin25,Control_202,35.0,CP1,-4.908915,33.0,53.0
EDIN,edin25,Control_202,35.0,CP2,11.62917,33.0,53.0
EDIN,edin25,Control_202,35.0,P3,13.1812,33.0,53.0
EDIN,edin25,Control_202,35.0,P4,4.374113,33.0,53.0
EDIN,edin25,Control_202,35.0,C3,5.716456,33.0,53.0
EDIN,edin25,Control_202,35.0,C4,18.76381,33.0,53.0
EDIN,edin25,Control_202,35.0,P7,-5.231489,33.0,53.0
EDIN,edin25,Control_202,35.0,P8,-10.16011,33.0,53.0
EDIN,edin25,Control_202,35.0,O1,0.1813167,33.0,53.0
EDIN,edin25,Control_202,35.0,O2,-1.997868,33.0,53.0
EDIN,edin25,Violation_201,24.0,Pz,-38.3727,23.0,93.0
EDIN,edin25,Violation_201,24.0,Cz,-28.18659,23.0,93.0
EDIN,edin25,Violation_201,24.0,CP1,-32.57652,23.0,93.0
EDIN,edin25,Violation_201,24.0,CP2,-6.615021,23.0,93.0
EDIN,edin25,Violation_201,24.0,P3,-26.94572,23.0,93.0
EDIN,edin25,Violation_201,24.0,P4,-24.55227,23.0,93.0
EDIN,edin25,Violation_201,24.0,C3,-31.42837,23.0,93.0
EDIN,edin25,Violation_201,24.0,C4,-35.9017,23.0,93.0
EDIN,edin25,Violation_201,24.0,P7,-25.49248,23.0,93.0
EDIN,edin25,Violation_201,24.0,P8,-13.62304,23.0,93.0
EDIN,edin25,Violation_201,24.0,O1,-19.23295,23.0,93.0
EDIN,edin25,Violation_201,24.0,O2,-21.05963,23.0,93.0
EDIN,edin25,Control_202,39.0,Pz,-9.981352,39.0,97.0
EDIN,edin25,Control_202,39.0,Cz,-5.993179,39.0,97.0
EDIN,edin25,Control_202,39.0,CP1,-9.932915,39.0,97.0
EDIN,edin25,Control_202,39.0,CP2,-16.69625,39.0,97.0
EDIN,edin25,Control_202,39.0,P3,-8.986095,39.0,97.0
EDIN,edin25,Control_202,39.0,P4,-3.547997,39.0,97.0
EDIN,edin25,Control_202,39.0,C3,-19.8513,39.0,97.0
EDIN,edin25,Control_202,39.0,C4,-29.77941,39.0,97.0
EDIN,edin25,Control_202,39.0,P7,-11.99872,39.0,97.0
EDIN,edin25,Control_202,39.0,P8,-31.09782,39.0,97.0
EDIN,edin25,Control_202,39.0,O1,-4.25206,39.0,97.0
EDIN,edin25,Control_202,39.0,O2,7.084883,39.0,97.0
EDIN,edin25,Control_202,31.0,Pz,-9.961211,40.0,93.0
EDIN,edin25,Control_202,31.0,Cz,3.358427,40.0,93.0
EDIN,edin25,Control_202,31.0,CP1,12.7063,40.0,93.0
EDIN,edin25,Control_202,31.0,CP2,11.58766,40.0,93.0
EDIN,edin25,Control_202,31.0,P3,12.46495,40.0,93.0
EDIN,edin25,Control_202,31.0,P4,-0.1737871,40.0,93.0
EDIN,edin25,Control_202,31.0,C3,7.660083,40.0,93.0
EDIN,edin25,Control_202,31.0,C4,-1.079698,40.0,93.0
EDIN,edin25,Control_202,31.0,P7,10.52961,40.0,93.0
EDIN,edin25,Control_202,31.0,P8,11.37689,40.0,93.0
EDIN,edin25,Control_202,31.0,O1,12.13263,40.0,93.0
EDIN,edin25,Control_202,31.0,O2,5.686997,40.0,93.0
EDIN,edin25,Control_202,51.0,Pz,-9.306736,53.0,93.0
EDIN,edin25,Control_202,51.0,Cz,-27.86563,53.0,93.0
EDIN,edin25,Control_202,51.0,CP1,-6.045918,53.0,93.0
EDIN,edin25,Control_202,51.0,CP2,2.962163,53.0,93.0
EDIN,edin25,Control_202,51.0,P3,-13.98365,53.0,93.0
EDIN,edin25,Control_202,51.0,P4,-6.94416,53.0,93.0
EDIN,edin25,Control_202,51.0,C3,-8.783749,53.0,93.0
EDIN,edin25,Control_202,51.0,C4,-21.04461,53.0,93.0
EDIN,edin25,Control_202,51.0,P7,-11.98074,53.0,93.0
EDIN,edin25,Control_202,51.0,P8,-47.28263,53.0,93.0
EDIN,edin25,Control_202,51.0,O1,6.59836,53.0,93.0
EDIN,edin25,Control_202,51.0,O2,-10.35425,53.0,93.0
EDIN,edin25,Control_202,55.0,Pz,-9.673155,42.0,37.0
EDIN,edin25,Control_202,55.0,Cz,-4.485523,42.0,37.0
EDIN,edin25,Control_202,55.0,CP1,-16.43695,42.0,37.0
EDIN,edin25,Control_202,55.0,CP2,8.904917,42.0,37.0
EDIN,edin25,Control_202,55.0,P3,5.289125,42.0,37.0
EDIN,edin25,Control_202,55.0,P4,-11.47812,42.0,37.0
EDIN,edin25,Control_202,55.0,C3,2.55599,42.0,37.0
EDIN,edin25,Control_202,55.0,C4,-10.02678,42.0,37.0
EDIN,edin25,Control_202,55.0,P7,-0.9217589,42.0,37.0
EDIN,edin25,Control_202,55.0,P8,-16.46914,42.0,37.0
EDIN,edin25,Control_202,55.0,O1,-6.13903,42.0,37.0
EDIN,edin25,Control_202,55.0,O2,-2.016049,42.0,37.0
EDIN,edin25,Violation_201,60.0,Pz,-27.22748,45.0,67.0
EDIN,edin25,Violation_201,60.0,Cz,-14.11482,45.0,67.0
EDIN,edin25,Violation_201,60.0,CP1,-18.108,45.0,67.0
EDIN,edin25,Violation_201,60.0,CP2,-11.34174,45.0,67.0
EDIN,edin25,Violation_201,60.0,P3,-23.75353,45.0,67.0
EDIN,edin25,Violation_201,60.0,P4,-21.20635,45.0,67.0
EDIN,edin25,Violation_201,60.0,C3,-12.3144,45.0,67.0
EDIN,edin25,Violation_201,60.0,C4,-21.11808,45.0,67.0
EDIN,edin25,Violation_201,60.0,P7,-10.75372,45.0,67.0
EDIN,edin25,Violation_201,60.0,P8,-29.62941,45.0,67.0
EDIN,edin25,Violation_201,60.0,O1,-18.75146,45.0,67.0
EDIN,edin25,Violation_201,60.0,O2,-16.86047,45.0,67.0
EDIN,edin25,Control_202,44.0,Pz,14.99769,55.0,93.0
EDIN,edin25,Control_202,44.0,Cz,23.32335,55.0,93.0
EDIN,edin25,Control_202,44.0,CP1,7.856502,55.0,93.0
EDIN,edin25,Control_202,44.0,CP2,11.83497,55.0,93.0
EDIN,edin25,Control_202,44.0,P3,2.647394,55.0,93.0
EDIN,edin25,Control_202,44.0,P4,10.74324,55.0,93.0
EDIN,edin25,Control_202,44.0,C3,3.122227,55.0,93.0
EDIN,edin25,Control_202,44.0,C4,5.759448,55.0,93.0
EDIN,edin25,Control_202,44.0,P7,8.931429,55.0,93.0
EDIN,edin25,Control_202,44.0,P8,7.132425,55.0,93.0
EDIN,edin25,Control_202,44.0,O1,12.762,55.0,93.0
EDIN,edin25,Control_202,44.0,O2,12.67452,55.0,93.0
EDIN,edin25,Violation_201,52.0,Pz,-12.071,41.0,100.0
EDIN,edin25,Violation_201,52.0,Cz,-23.02513,41.0,100.0
EDIN,edin25,Violation_201,52.0,CP1,-14.26313,41.0,100.0
EDIN,edin25,Violation_201,52.0,CP2,4.034398,41.0,100.0
EDIN,edin25,Violation_201,52.0,P3,-14.01502,41.0,100.0
EDIN,edin25,Violation_201,52.0,P4,-11.5391,41.0,100.0
EDIN,edin25,Violation_201,52.0,C3,-21.03243,41.0,100.0
EDIN,edin25,Violation_201,52.0,C4,-14.02942,41.0,100.0
EDIN,edin25,Violation_201,52.0,P7,-6.743093,41.0,100.0
EDIN,edin25,Violation_201,52.0,P8,-20.39275,41.0,100.0
EDIN,edin25,Violation_201,52.0,O1,-0.50333,41.0,100.0
EDIN,edin25,Violation_201,52.0,O2,-7.075118,41.0,100.0
EDIN,edin25,Control_202,59.0,Pz,27.77771,50.0,37.0
EDIN,edin25,Control_202,59.0,Cz,5.362148,50.0,37.0
EDIN,edin25,Control_202,59.0,CP1,24.97862,50.0,37.0
EDIN,edin25,Control_202,59.0,CP2,10.29067,50.0,37.0
EDIN,edin25,Control_202,59.0,P3,9.392206,50.0,37.0
EDIN,edin25,Control_202,59.0,P4,11.13992,50.0,37.0
EDIN,edin25,Control_202,59.0,C3,21.55802,50.0,37.0
EDIN,edin25,Control_202,59.0,C4,16.7297,50.0,37.0
EDIN,edin25,Control_202,59.0,P7,6.6642,50.0,37.0
EDIN,edin25,Control_202,59.0,P8,22.34971,50.0,37.0
EDIN,edin25,Control_202,59.0,O1,4.71139,50.0,37.0
EDIN,edin25,Control_202,59.0,O2,7.627956,50.0,37.0
EDIN,edin25,Violation_201,43.0,Pz,8.620975,51.0,90.0
EDIN,edin25,Violation_201,43.0,Cz,4.595539,51.0,90.0
EDIN,edin25,Violation_201,43.0,CP1,0.8766704,51.0,90.0
EDIN,edin25,Violation_201,43.0,CP2,-16.2587,51.0,90.0
EDIN,edin25,Violation_201,43.0,P3,12.37721,51.0,90.0
EDIN,edin25,Violation_201,43.0,P4,4.199903,51.0,90.0
EDIN,edin25,Violation_201,43.0,C3,12.57306,51.0,90.0
EDIN,edin25,Violation_201,43.0,C4,1.73512,51.0,90.0
EDIN,edin25,Violation_201,43.0,P7,4.060754,51.0,90.0
EDIN,edin25,Violation_201,43.0,P8,-10.6119,51.0,90.0
EDIN,edin25,Violation_201,43.0,O1,-8.886209,51.0,90.0
EDIN,edin25,Violation_201,43.0,O2,-7.464526,51.0,90.0
EDIN,edin25,Control_202,47.0,Pz,32.01656,44.0,90.0
EDIN,edin25,Control_202,47.0,Cz,33.271,44.0,90.0
EDIN,edin25,Control_202,47.0,CP1,21.51917,44.0,90.0
EDIN,edin25,Control_202,47.0,CP2,19.62011,44.0,90.0
EDIN,edin25,Control_202,47.0,P3,19.07928,44.0,90.0
EDIN,edin25,Control_202,47.0,P4,31.4039,44.0,90.0
EDIN,edin25,Control_202,47.0,C3,15.73692,44.0,90.0
EDIN,edin25,Control_202,47.0,C4,16.38976,44.0,90.0
EDIN,edin25,Control_202,47.0,P7,-1.357398,44.0,90.0
EDIN,edin25,Control_202,47.0,P8,29.71073,44.0,90.0
EDIN,edin25,Control_202,47.0,O1,4.506224,44.0,90.0
EDIN,edin25,Control_202,47.0,O2,16.86015,44.0,90.0
EDIN,edin25,Violation_201,56.0,Pz,3.424751,47.0,100.0
EDIN,edin25,Violation_201,56.0,Cz,-0.4486967,47.0,100.0
EDIN,edin25,Violation_201,56.0,CP1,-13.74137,47.0,100.0
EDIN,edin25,Violation_201,56.0,CP2,-4.819019,47.0,100.0
EDIN,edin25,Violation_201,56.0,P3,-5.701679,47.0,100.0
EDIN,edin25,Violation_201,56.0,P4,22.94402,47.0,100.0
EDIN,edin25,Violation_201,56.0,C3,-17.54056,47.0,100.0
EDIN,edin25,Violation_201,56.0,C4,-1.124584,47.0,100.0
EDIN,edin25,Violation_201,56.0,P7,-3.53546,47.0,100.0
EDIN,edin25,Violation_201,56.0,P8,31.4948,47.0,100.0
EDIN,edin25,Violation_201,56.0,O1,3.659349,47.0,100.0
EDIN,edin25,Violation_201,56.0,O2,12.7453,47.0,100.0
EDIN,edin25,Violation_201,48.0,Pz,-5.097608,49.0,40.0
EDIN,edin25,Violation_201,48.0,Cz,-8.491514,49.0,40.0
EDIN,edin25,Violation_201,48.0,CP1,-18.61629,49.0,40.0
EDIN,edin25,Violation_201,48.0,CP2,-0.7277256,49.0,40.0
EDIN,edin25,Violation_201,48.0,P3,-13.03123,49.0,40.0
EDIN,edin25,Violation_201,48.0,P4,-17.62993,49.0,40.0
EDIN,edin25,Violation_201,48.0,C3,3.26173,49.0,40.0
EDIN,edin25,Violation_201,48.0,C4,-8.802668,49.0,40.0
EDIN,edin25,Violation_201,48.0,P7,-3.680749,49.0,40.0
EDIN,edin25,Violation_201,48.0,P8,-5.16577,49.0,40.0
EDIN,edin25,Violation_201,48.0,O1,-7.799502,49.0,40.0
EDIN,edin25,Violation_201,48.0,O2,-11.50659,49.0,40.0
EDIN,edin25,Control_202,75.0,Pz,3.999912,72.0,90.0
EDIN,edin25,Control_202,75.0,Cz,12.27068,72.0,90.0
EDIN,edin25,Control_202,75.0,CP1,-9.161751,72.0,90.0
EDIN,edin25,Control_202,75.0,CP2,-22.98561,72.0,90.0
EDIN,edin25,Control_202,75.0,P3,1.090359,72.0,90.0
EDIN,edin25,Control_202,75.0,P4,5.667057,72.0,90.0
EDIN,edin25,Control_202,75.0,C3,0.6938351,72.0,90.0
EDIN,edin25,Control_202,75.0,C4,10.25566,72.0,90.0
EDIN,edin25,Control_202,75.0,P7,7.689096,72.0,90.0
EDIN,edin25,Control_202,75.0,P8,3.647692,72.0,90.0
EDIN,edin25,Control_202,75.0,O1,3.5468,72.0,90.0
EDIN,edin25,Control_202,75.0,O2,8.557631,72.0,90.0
EDIN,edin25,Violation_201,68.0,Pz,-10.62034,63.0,83.0
EDIN,edin25,Violation_201,68.0,Cz,8.662166,63.0,83.0
EDIN,edin25,Violation_201,68.0,CP1,-5.987522,63.0,83.0
EDIN,edin25,Violation_201,68.0,CP2,6.451704,63.0,83.0
EDIN,edin25,Violation_201,68.0,P3,-2.245513,63.0,83.0
EDIN,edin25,Violation_201,68.0,P4,-9.954319,63.0,83.0
EDIN,edin25,Violation_201,68.0,C3,-11.86914,63.0,83.0
EDIN,edin25,Violation_201,68.0,C4,-13.01896,63.0,83.0
EDIN,edin25,Violation_201,68.0,P7,-3.126513,63.0,83.0
EDIN,edin25,Violation_201,68.0,P8,16.25616,63.0,83.0
EDIN,edin25,Violation_201,68.0,O1,-17.68994,63.0,83.0
EDIN,edin25,Violation_201,68.0,O2,-6.859969,63.0,83.0
EDIN,edin25,Control_202,63.0,Pz,-12.34143,69.0,93.0
EDIN,edin25,Control_202,63.0,Cz,-5.523554,69.0,93.0
EDIN,edin25,Control_202,63.0,CP1,-8.524313,69.0,93.0
EDIN,edin25,Control_202,63.0,CP2,-9.449231,69.0,93.0
EDIN,edin25,Control_202,63.0,P3,4.246121,69.0,93.0
EDIN,edin25,Control_202,63.0,P4,-14.50702,69.0,93.0
EDIN,edin25,Control_202,63.0,C3,-2.229912,69.0,93.0
EDIN,edin25,Control_202,63.0,C4,-1.380455,69.0,93.0
EDIN,edin25,Control_202,63.0,P7,0.4824229,69.0,93.0
EDIN,edin25,Control_202,63.0,P8,-12.73183,69.0,93.0
EDIN,edin25,Control_202,63.0,O1,0.3237633,69.0,93.0
EDIN,edin25,Control_202,63.0,O2,-2.946133,69.0,93.0
EDIN,edin25,Control_202,71.0,Pz,-20.38421,80.0,97.0
EDIN,edin25,Control_202,71.0,Cz,-16.75904,80.0,97.0
EDIN,edin25,Control_202,71.0,CP1,-26.36175,80.0,97.0
EDIN,edin25,Control_202,71.0,CP2,-2.378625,80.0,97.0
EDIN,edin25,Control_202,71.0,P3,0.1817154,80.0,97.0
EDIN,edin25,Control_202,71.0,P4,-14.13565,80.0,97.0
EDIN,edin25,Control_202,71.0,C3,-24.88625,80.0,97.0
EDIN,edin25,Control_202,71.0,C4,-22.34938,80.0,97.0
EDIN,edin25,Control_202,71.0,P7,2.432678,80.0,97.0
EDIN,edin25,Control_202,71.0,P8,-23.8052,80.0,97.0
EDIN,edin25,Control_202,71.0,O1,-8.81211,80.0,97.0
EDIN,edin25,Control_202,71.0,O2,-4.230981,80.0,97.0
EDIN,edin25,Violation_201,80.0,Pz,-9.235043,64.0,50.0
EDIN,edin25,Violation_201,80.0,Cz,9.030607,64.0,50.0
EDIN,edin25,Violation_201,80.0,CP1,-12.79553,64.0,50.0
EDIN,edin25,Violation_201,80.0,CP2,-3.440326,64.0,50.0
EDIN,edin25,Violation_201,80.0,P3,-14.12529,64.0,50.0
EDIN,edin25,Violation_201,80.0,P4,-16.84837,64.0,50.0
EDIN,edin25,Violation_201,80.0,C3,-17.38557,64.0,50.0
EDIN,edin25,Violation_201,80.0,C4,3.033401,64.0,50.0
EDIN,edin25,Violation_201,80.0,P7,-10.86363,64.0,50.0
EDIN,edin25,Violation_201,80.0,P8,-23.81759,64.0,50.0
EDIN,edin25,Violation_201,80.0,O1,-14.7127,64.0,50.0
EDIN,edin25,Violation_201,80.0,O2,-8.755066,64.0,50.0
EDIN,edin25,Control_202,79.0,Pz,-16.87414,67.0,87.0
EDIN,edin25,Control_202,79.0,Cz,-18.86757,67.0,87.0
EDIN,edin25,Control_202,79.0,CP1,-17.37949,67.0,87.0
EDIN,edin25,Control_202,79.0,CP2,-46.83312,67.0,87.0
EDIN,edin25,Control_202,79.0,P3,-15.3275,67.0,87.0
EDIN,edin25,Control_202,79.0,P4,-7.98226,67.0,87.0
EDIN,edin25,Control_202,79.0,C3,-14.89227,67.0,87.0
EDIN,edin25,Control_202,79.0,C4,-11.11435,67.0,87.0
EDIN,edin25,Control_202,79.0,P7,-6.611121,67.0,87.0
EDIN,edin25,Control_202,79.0,P8,-1.140212,67.0,87.0
EDIN,edin25,Control_202,79.0,O1,-0.661638,67.0,87.0
EDIN,edin25,Control_202,79.0,O2,-5.884416,67.0,87.0
EDIN,edin25,Violation_201,72.0,Pz,3.227107,79.0,97.0
EDIN,edin25,Violation_201,72.0,Cz,-10.35632,79.0,97.0
EDIN,edin25,Violation_201,72.0,CP1,-17.36697,79.0,97.0
EDIN,edin25,Violation_201,72.0,CP2,-10.69836,79.0,97.0
EDIN,edin25,Violation_201,72.0,P3,-18.10223,79.0,97.0
EDIN,edin25,Violation_201,72.0,P4,-9.428328,79.0,97.0
EDIN,edin25,Violation_201,72.0,C3,-13.15167,79.0,97.0
EDIN,edin25,Violation_201,72.0,C4,-19.96325,79.0,97.0
EDIN,edin25,Violation_201,72.0,P7,-6.207681,79.0,97.0
EDIN,edin25,Violation_201,72.0,P8,-18.70297,79.0,97.0
EDIN,edin25,Violation_201,72.0,O1,-14.18416,79.0,97.0
EDIN,edin25,Violation_201,72.0,O2,-7.375075,79.0,97.0
EDIN,edin25,Violation_201,76.0,Pz,-7.55607,76.0,90.0
EDIN,edin25,Violation_201,76.0,Cz,-0.4208639,76.0,90.0
EDIN,edin25,Violation_201,76.0,CP1,-1.619663,76.0,90.0
EDIN,edin25,Violation_201,76.0,CP2,-28.18279,76.0,90.0
EDIN,edin25,Violation_201,76.0,P3,1.374758,76.0,90.0
EDIN,edin25,Violation_201,76.0,P4,-10.32202,76.0,90.0
EDIN,edin25,Violation_201,76.0,C3,-16.74076,76.0,90.0
EDIN,edin25,Violation_201,76.0,C4,-17.24367,76.0,90.0
EDIN,edin25,Violation_201,76.0,P7,-2.960174,76.0,90.0
EDIN,edin25,Violation_201,76.0,P8,2.350613,76.0,90.0
EDIN,edin25,Violation_201,76.0,O1,-5.623848,76.0,90.0
EDIN,edin25,Violation_201,76.0,O2,-8.018448,76.0,90.0
EDIN,edin25,Control_202,67.0,Pz,5.819219,68.0,27.0
EDIN,edin25,Control_202,67.0,Cz,12.99468,68.0,27.0
EDIN,edin25,Control_202,67.0,CP1,-3.718578,68.0,27.0
EDIN,edin25,Control_202,67.0,CP2,-2.784073,68.0,27.0
EDIN,edin25,Control_202,67.0,P3,-5.413037,68.0,27.0
EDIN,edin25,Control_202,67.0,P4,-7.572734,68.0,27.0
EDIN,edin25,Control_202,67.0,C3,-15.13993,68.0,27.0
EDIN,edin25,Control_202,67.0,C4,3.243865,68.0,27.0
EDIN,edin25,Control_202,67.0,P7,-8.011733,68.0,27.0
EDIN,edin25,Control_202,67.0,P8,-17.82375,68.0,27.0
EDIN,edin25,Control_202,67.0,O1,-0.1270898,68.0,27.0
EDIN,edin25,Control_202,67.0,O2,-3.540136,68.0,27.0
EDIN,edin25,Violation_201,64.0,Pz,-26.49766,61.0,34.0
EDIN,edin25,Violation_201,64.0,Cz,-14.35755,61.0,34.0
EDIN,edin25,Violation_201,64.0,CP1,-19.77756,61.0,34.0
EDIN,edin25,Violation_201,64.0,CP2,-5.704465,61.0,34.0
EDIN,edin25,Violation_201,64.0,P3,-15.58961,61.0,34.0
EDIN,edin25,Violation_201,64.0,P4,-14.92386,61.0,34.0
EDIN,edin25,Violation_201,64.0,C3,-35.34568,61.0,34.0
EDIN,edin25,Violation_201,64.0,C4,-22.04838,61.0,34.0
EDIN,edin25,Violation_201,64.0,P7,-22.10171,61.0,34.0
EDIN,edin25,Violation_201,64.0,P8,-7.425187,61.0,34.0
EDIN,edin25,Violation_201,64.0,O1,-17.74831,61.0,34.0
EDIN,edin25,Violation_201,64.0,O2,-13.65892,61.0,34.0
EDIN,edin26,Violation_201,12.0,Pz,5.007679,8.0,97.0
EDIN,edin26,Violation_201,12.0,Cz,8.873119,8.0,97.0
EDIN,edin26,Violation_201,12.0,CP1,9.393467,8.0,97.0
EDIN,edin26,Violation_201,12.0,CP2,6.899902,8.0,97.0
EDIN,edin26,Violation_201,12.0,P3,1.012037,8.0,97.0
EDIN,edin26,Violation_201,12.0,P4,-4.410165,8.0,97.0
EDIN,edin26,Violation_201,12.0,C3,-1.95015,8.0,97.0
EDIN,edin26,Violation_201,12.0,C4,-1.17631,8.0,97.0
EDIN,edin26,Violation_201,12.0,P7,0.1239374,8.0,97.0
EDIN,edin26,Violation_201,12.0,P8,19.05936,8.0,97.0
EDIN,edin26,Violation_201,12.0,O1,19.30393,8.0,97.0
EDIN,edin26,Violation_201,12.0,O2,1.370436,8.0,97.0
EDIN,edin26,Violation_201,20.0,Pz,-8.764231,2.0,100.0
EDIN,edin26,Violation_201,20.0,Cz,-7.30088,2.0,100.0
EDIN,edin26,Violation_201,20.0,CP1,-6.958046,2.0,100.0
EDIN,edin26,Violation_201,20.0,CP2,-13.3501,2.0,100.0
EDIN,edin26,Violation_201,20.0,P3,-7.426343,2.0,100.0
EDIN,edin26,Violation_201,20.0,P4,12.35626,2.0,100.0
EDIN,edin26,Violation_201,20.0,C3,-4.562793,2.0,100.0
EDIN,edin26,Violation_201,20.0,C4,-5.954311,2.0,100.0
EDIN,edin26,Violation_201,20.0,P7,3.939791,2.0,100.0
EDIN,edin26,Violation_201,20.0,P8,-12.85968,2.0,100.0
EDIN,edin26,Violation_201,20.0,O1,3.195547,2.0,100.0
EDIN,edin26,Violation_201,20.0,O2,-37.15877,2.0,100.0
EDIN,edin26,Violation_201,4.0,Pz,15.73509,18.0,87.0
EDIN,edin26,Violation_201,4.0,Cz,7.426188,18.0,87.0
EDIN,edin26,Violation_201,4.0,CP1,16.34818,18.0,87.0
EDIN,edin26,Violation_201,4.0,CP2,16.2332,18.0,87.0
EDIN,edin26,Violation_201,4.0,P3,6.780893,18.0,87.0
EDIN,edin26,Violation_201,4.0,P4,4.358269,18.0,87.0
EDIN,edin26,Violation_201,4.0,C3,3.861186,18.0,87.0
EDIN,edin26,Violation_201,4.0,C4,2.005612,18.0,87.0
EDIN,edin26,Violation_201,4.0,P7,-0.2087818,18.0,87.0
EDIN,edin26,Violation_201,4.0,P8,-14.67109,18.0,87.0
EDIN,edin26,Violation_201,4.0,O1,5.719209,18.0,87.0
EDIN,edin26,Violation_201,4.0,O2,0.09422676,18.0,87.0
EDIN,edin26,Violation_201,16.0,Pz,-15.20979,17.0,62.0
EDIN,edin26,Violation_201,16.0,Cz,-16.94662,17.0,62.0
EDIN,edin26,Violation_201,16.0,CP1,-18.48479,17.0,62.0
EDIN,edin26,Violation_201,16.0,CP2,-21.78806,17.0,62.0
EDIN,edin26,Violation_201,16.0,P3,-14.51334,17.0,62.0
EDIN,edin26,Violation_201,16.0,P4,-16.86296,17.0,62.0
EDIN,edin26,Violation_201,16.0,C3,-19.36304,17.0,62.0
EDIN,edin26,Violation_201,16.0,C4,-18.88954,17.0,62.0
EDIN,edin26,Violation_201,16.0,P7,-7.899835,17.0,62.0
EDIN,edin26,Violation_201,16.0,P8,-13.41099,17.0,62.0
EDIN,edin26,Violation_201,16.0,O1,-21.25281,17.0,62.0
EDIN,edin26,Violation_201,16.0,O2,-33.58762,17.0,62.0
EDIN,edin26,Control_202,3.0,Pz,45.32345,15.0,90.0
EDIN,edin26,Control_202,3.0,Cz,13.37926,15.0,90.0
EDIN,edin26,Control_202,3.0,CP1,6.593922,15.0,90.0
EDIN,edin26,Control_202,3.0,CP2,7.1605,15.0,90.0
EDIN,edin26,Control_202,3.0,P3,2.07889,15.0,90.0
EDIN,edin26,Control_202,3.0,P4,19.91692,15.0,90.0
EDIN,edin26,Control_202,3.0,C3,2.822739,15.0,90.0
EDIN,edin26,Control_202,3.0,C4,6.833926,15.0,90.0
EDIN,edin26,Control_202,3.0,P7,14.08294,15.0,90.0
EDIN,edin26,Control_202,3.0,P8,-9.511221,15.0,90.0
EDIN,edin26,Control_202,3.0,O1,1.360732,15.0,90.0
EDIN,edin26,Control_202,3.0,O2,1.174026,15.0,90.0
EDIN,edin26,Control_202,19.0,Pz,-2.481798,11.0,87.0
EDIN,edin26,Control_202,19.0,Cz,-4.941373,11.0,87.0
EDIN,edin26,Control_202,19.0,CP1,2.303664,11.0,87.0
EDIN,edin26,Control_202,19.0,CP2,1.30612,11.0,87.0
EDIN,edin26,Control_202,19.0,P3,1.102436,11.0,87.0
EDIN,edin26,Control_202,19.0,P4,10.51781,11.0,87.0
EDIN,edin26,Control_202,19.0,C3,-1.932567,11.0,87.0
EDIN,edin26,Control_202,19.0,C4,-4.851151,11.0,87.0
EDIN,edin26,Control_202,19.0,P7,3.839921,11.0,87.0
EDIN,edin26,Control_202,19.0,P8,-4.125447,11.0,87.0
EDIN,edin26,Control_202,19.0,O1,6.934087,11.0,87.0
EDIN,edin26,Control_202,19.0,O2,2.929617,11.0,87.0
EDIN,edin26,Control_202,7.0,Pz,-16.33936,10.0,80.0
EDIN,edin26,Control_202,7.0,Cz,-25.53804,10.0,80.0
EDIN,edin26,Control_202,7.0,CP1,-24.61012,10.0,80.0
EDIN,edin26,Control_202,7.0,CP2,-19.60144,10.0,80.0
EDIN,edin26,Control_202,7.0,P3,-17.42825,10.0,80.0
EDIN,edin26,Control_202,7.0,P4,-27.86095,10.0,80.0
EDIN,edin26,Control_202,7.0,C3,-35.00526,10.0,80.0
EDIN,edin26,Control_202,7.0,C4,-36.60368,10.0,80.0
EDIN,edin26,Control_202,7.0,P7,-26.39558,10.0,80.0
EDIN,edin26,Control_202,7.0,P8,-32.31072,10.0,80.0
EDIN,edin26,Control_202,7.0,O1,-3.758825,10.0,80.0
EDIN,edin26,Control_202,7.0,O2,-39.19938,10.0,80.0
EDIN,edin26,Control_202,11.0,Pz,46.56323,16.0,93.0
EDIN,edin26,Control_202,11.0,Cz,45.37474,16.0,93.0
EDIN,edin26,Control_202,11.0,CP1,45.45113,16.0,93.0
EDIN,edin26,Control_202,11.0,CP2,41.35524,16.0,93.0
EDIN,edin26,Control_202,11.0,P3,33.84629,16.0,93.0
EDIN,edin26,Control_202,11.0,P4,19.66746,16.0,93.0
EDIN,edin26,Control_202,11.0,C3,44.72366,16.0,93.0
EDIN,edin26,Control_202,11.0,C4,40.16795,16.0,93.0
EDIN,edin26,Control_202,11.0,P7,13.26955,16.0,93.0
EDIN,edin26,Control_202,11.0,P8,2.647041,16.0,93.0
EDIN,edin26,Control_202,11.0,O1,15.17479,16.0,93.0
EDIN,edin26,Control_202,11.0,O2,11.11399,16.0,93.0
EDIN,edin26,Control_202,35.0,Pz,-19.03791,36.0,77.0
EDIN,edin26,Control_202,35.0,Cz,-10.59315,36.0,77.0
EDIN,edin26,Control_202,35.0,CP1,-14.39432,36.0,77.0
EDIN,edin26,Control_202,35.0,CP2,-13.8484,36.0,77.0
EDIN,edin26,Control_202,35.0,P3,-13.39286,36.0,77.0
EDIN,edin26,Control_202,35.0,P4,-11.44005,36.0,77.0
EDIN,edin26,Control_202,35.0,C3,-18.53488,36.0,77.0
EDIN,edin26,Control_202,35.0,C4,-12.80312,36.0,77.0
EDIN,edin26,Control_202,35.0,P7,0.6558943,36.0,77.0
EDIN,edin26,Control_202,35.0,P8,0.5890156,36.0,77.0
EDIN,edin26,Control_202,35.0,O1,-20.3745,36.0,77.0
EDIN,edin26,Control_202,35.0,O2,-12.71659,36.0,77.0
EDIN,edin26,Violation_201,40.0,Pz,-29.27628,27.0,97.0
EDIN,edin26,Violation_201,40.0,Cz,-24.60336,27.0,97.0
EDIN,edin26,Violation_201,40.0,CP1,-20.6021,27.0,97.0
EDIN,edin26,Violation_201,40.0,CP2,-20.47185,27.0,97.0
EDIN,edin26,Violation_201,40.0,P3,-21.05071,27.0,97.0
EDIN,edin26,Violation_201,40.0,P4,-61.09003,27.0,97.0
EDIN,edin26,Violation_201,40.0,C3,-19.22428,27.0,97.0
EDIN,edin26,Violation_201,40.0,C4,-32.22989,27.0,97.0
EDIN,edin26,Violation_201,40.0,P7,-26.47055,27.0,97.0
EDIN,edin26,Violation_201,40.0,P8,-12.44098,27.0,97.0
EDIN,edin26,Violation_201,40.0,O1,-15.08594,27.0,97.0
EDIN,edin26,Violation_201,40.0,O2,-17.56747,27.0,97.0
EDIN,edin26,Control_202,23.0,Pz,-12.60783,21.0,77.0
EDIN,edin26,Control_202,23.0,Cz,-14.08689,21.0,77.0
EDIN,edin26,Control_202,23.0,CP1,-18.05805,21.0,77.0
EDIN,edin26,Control_202,23.0,CP2,-27.32557,21.0,77.0
EDIN,edin26,Control_202,23.0,P3,-14.21272,21.0,77.0
EDIN,edin26,Control_202,23.0,P4,-13.48227,21.0,77.0
EDIN,edin26,Control_202,23.0,C3,-20.72687,21.0,77.0
EDIN,edin26,Control_202,23.0,C4,-24.52988,21.0,77.0
EDIN,edin26,Control_202,23.0,P7,-5.926462,21.0,77.0
EDIN,edin26,Control_202,23.0,P8,-12.47332,21.0,77.0
EDIN,edin26,Control_202,23.0,O1,-4.187668,21.0,77.0
EDIN,edin26,Control_202,23.0,O2,-8.239065,21.0,77.0
EDIN,edin26,Violation_201,24.0,Pz,29.56997,35.0,97.0
EDIN,edin26,Violation_201,24.0,Cz,29.95045,35.0,97.0
EDIN,edin26,Violation_201,24.0,CP1,27.60204,35.0,97.0
EDIN,edin26,Violation_201,24.0,CP2,33.40236,35.0,97.0
EDIN,edin26,Violation_201,24.0,P3,32.65767,35.0,97.0
EDIN,edin26,Violation_201,24.0,P4,41.86657,35.0,97.0
EDIN,edin26,Violation_201,24.0,C3,29.8984,35.0,97.0
EDIN,edin26,Violation_201,24.0,C4,37.07725,35.0,97.0
EDIN,edin26,Violation_201,24.0,P7,35.53456,35.0,97.0
EDIN,edin26,Violation_201,24.0,P8,44.3148,35.0,97.0
EDIN,edin26,Violation_201,24.0,O1,32.0934,35.0,97.0
EDIN,edin26,Violation_201,24.0,O2,18.07012,35.0,97.0
EDIN,edin26,Control_202,39.0,Pz,16.13704,34.0,97.0
EDIN,edin26,Control_202,39.0,Cz,12.72736,34.0,97.0
EDIN,edin26,Control_202,39.0,CP1,0.5080836,34.0,97.0
EDIN,edin26,Control_202,39.0,CP2,13.77528,34.0,97.0
EDIN,edin26,Control_202,39.0,P3,9.649958,34.0,97.0
EDIN,edin26,Control_202,39.0,P4,-1.494074,34.0,97.0
EDIN,edin26,Control_202,39.0,C3,12.19104,34.0,97.0
EDIN,edin26,Control_202,39.0,C4,11.86997,34.0,97.0
EDIN,edin26,Control_202,39.0,P7,-7.064062,34.0,97.0
EDIN,edin26,Control_202,39.0,P8,20.19723,34.0,97.0
EDIN,edin26,Control_202,39.0,O1,16.71994,34.0,97.0
EDIN,edin26,Control_202,39.0,O2,-18.13076,34.0,97.0
EDIN,edin26,Violation_201,28.0,Pz,-9.268118,30.0,90.0
EDIN,edin26,Violation_201,28.0,Cz,-5.087068,30.0,90.0
EDIN,edin26,Violation_201,28.0,CP1,-10.15341,30.0,90.0
EDIN,edin26,Violation_201,28.0,CP2,-14.44881,30.0,90.0
EDIN,edin26,Violation_201,28.0,P3,-3.182032,30.0,90.0
EDIN,edin26,Violation_201,28.0,P4,-17.06236,30.0,90.0
EDIN,edin26,Violation_201,28.0,C3,4.845675,30.0,90.0
EDIN,edin26,Violation_201,28.0,C4,-13.68117,30.0,90.0
EDIN,edin26,Violation_201,28.0,P7,-11.56671,30.0,90.0
EDIN,edin26,Violation_201,28.0,P8,-9.524537,30.0,90.0
EDIN,edin26,Violation_201,28.0,O1,-17.57872,30.0,90.0
EDIN,edin26,Violation_201,28.0,O2,-33.98145,30.0,90.0
EDIN,edin26,Violation_201,36.0,Pz,-13.22912,37.0,80.0
EDIN,edin26,Violation_201,36.0,Cz,-11.79968,37.0,80.0
EDIN,edin26,Violation_201,36.0,CP1,-7.361748,37.0,80.0
EDIN,edin26,Violation_201,36.0,CP2,-10.38254,37.0,80.0
EDIN,edin26,Violation_201,36.0,P3,-5.142986,37.0,80.0
EDIN,edin26,Violation_201,36.0,P4,-21.99544,37.0,80.0
EDIN,edin26,Violation_201,36.0,C3,-22.2625,37.0,80.0
EDIN,edin26,Violation_201,36.0,C4,-12.4065,37.0,80.0
EDIN,edin26,Violation_201,36.0,P7,-11.87879,37.0,80.0
EDIN,edin26,Violation_201,36.0,P8,-16.42043,37.0,80.0
EDIN,edin26,Violation_201,36.0,O1,-17.91679,37.0,80.0
EDIN,edin26,Violation_201,36.0,O2,2.206173,37.0,80.0
EDIN,edin26,Violation_201,32.0,Pz,1.820784,28.0,27.0
EDIN,edin26,Violation_201,32.0,Cz,4.74427,28.0,27.0
EDIN,edin26,Violation_201,32.0,CP1,6.690612,28.0,27.0
EDIN,edin26,Violation_201,32.0,CP2,-0.4212492,28.0,27.0
EDIN,edin26,Violation_201,32.0,P3,7.292884,28.0,27.0
EDIN,edin26,Violation_201,32.0,P4,-6.733372,28.0,27.0
EDIN,edin26,Violation_201,32.0,C3,1.130113,28.0,27.0
EDIN,edin26,Violation_201,32.0,C4,3.688767,28.0,27.0
EDIN,edin26,Violation_201,32.0,P7,22.84832,28.0,27.0
EDIN,edin26,Violation_201,32.0,P8,12.10078,28.0,27.0
EDIN,edin26,Violation_201,32.0,O1,7.913091,28.0,27.0
EDIN,edin26,Violation_201,32.0,O2,28.8687,28.0,27.0
EDIN,edin26,Control_202,31.0,Pz,21.59054,39.0,97.0
EDIN,edin26,Control_202,31.0,Cz,17.4245,39.0,97.0
EDIN,edin26,Control_202,31.0,CP1,12.36481,39.0,97.0
EDIN,edin26,Control_202,31.0,CP2,21.93877,39.0,97.0
EDIN,edin26,Control_202,31.0,P3,20.62107,39.0,97.0
EDIN,edin26,Control_202,31.0,P4,20.12975,39.0,97.0
EDIN,edin26,Control_202,31.0,C3,7.840323,39.0,97.0
EDIN,edin26,Control_202,31.0,C4,17.99624,39.0,97.0
EDIN,edin26,Control_202,31.0,P7,0.8558095,39.0,97.0
EDIN,edin26,Control_202,31.0,P8,-15.55911,39.0,97.0
EDIN,edin26,Control_202,31.0,O1,2.150006,39.0,97.0
EDIN,edin26,Control_202,31.0,O2,6.071827,39.0,97.0
EDIN,edin26,Control_202,27.0,Pz,0.2240981,23.0,93.0
EDIN,edin26,Control_202,27.0,Cz,1.803495,23.0,93.0
EDIN,edin26,Control_202,27.0,CP1,4.023319,23.0,93.0
EDIN,edin26,Control_202,27.0,CP2,0.7301949,23.0,93.0
EDIN,edin26,Control_202,27.0,P3,0.1824857,23.0,93.0
EDIN,edin26,Control_202,27.0,P4,7.082767,23.0,93.0
EDIN,edin26,Control_202,27.0,C3,4.604774,23.0,93.0
EDIN,edin26,Control_202,27.0,C4,-0.3345007,23.0,93.0
EDIN,edin26,Control_202,27.0,P7,-6.061195,23.0,93.0
EDIN,edin26,Control_202,27.0,P8,-17.33887,23.0,93.0
EDIN,edin26,Control_202,27.0,O1,20.04492,23.0,93.0
EDIN,edin26,Control_202,27.0,O2,13.00958,23.0,93.0
EDIN,edin26,Violation_201,43.0,Pz,-14.21222,45.0,67.0
EDIN,edin26,Violation_201,43.0,Cz,0.5044684,45.0,67.0
EDIN,edin26,Violation_201,43.0,CP1,-0.6270677,45.0,67.0
EDIN,edin26,Violation_201,43.0,CP2,-7.004939,45.0,67.0
EDIN,edin26,Violation_201,43.0,P3,-12.70586,45.0,67.0
EDIN,edin26,Violation_201,43.0,P4,29.33615,45.0,67.0
EDIN,edin26,Violation_201,43.0,C3,-7.256023,45.0,67.0
EDIN,edin26,Violation_201,43.0,C4,1.056123,45.0,67.0
EDIN,edin26,Violation_201,43.0,P7,-10.21483,45.0,67.0
EDIN,edin26,Violation_201,43.0,P8,17.27653,45.0,67.0
EDIN,edin26,Violation_201,43.0,O1,-3.135501,45.0,67.0
EDIN,edin26,Violation_201,43.0,O2,17.37512,45.0,67.0
EDIN,edin26,Violation_201,48.0,Pz,38.69875,48.0,87.0
EDIN,edin26,Violation_201,48.0,Cz,37.65022,48.0,87.0
EDIN,edin26,Violation_201,48.0,CP1,39.60646,48.0,87.0
EDIN,edin26,Violation_201,48.0,CP2,41.55204,48.0,87.0
EDIN,edin26,Violation_201,48.0,P3,36.14076,48.0,87.0
EDIN,edin26,Violation_201,48.0,P4,37.65558,48.0,87.0
EDIN,edin26,Violation_201,48.0,C3,36.69693,48.0,87.0
EDIN,edin26,Violation_201,48.0,C4,28.59506,48.0,87.0
EDIN,edin26,Violation_201,48.0,P7,22.37231,48.0,87.0
EDIN,edin26,Violation_201,48.0,P8,12.75439,48.0,87.0
EDIN,edin26,Violation_201,48.0,O1,29.77464,48.0,87.0
EDIN,edin26,Violation_201,48.0,O2,32.326,48.0,87.0
EDIN,edin26,Violation_201,56.0,Pz,4.227906,49.0,40.0
EDIN,edin26,Violation_201,56.0,Cz,8.196054,49.0,40.0
EDIN,edin26,Violation_201,56.0,CP1,2.675201,49.0,40.0
EDIN,edin26,Violation_201,56.0,CP2,6.883129,49.0,40.0
EDIN,edin26,Violation_201,56.0,P3,-0.6273667,49.0,40.0
EDIN,edin26,Violation_201,56.0,P4,-5.795794,49.0,40.0
EDIN,edin26,Violation_201,56.0,C3,2.917233,49.0,40.0
EDIN,edin26,Violation_201,56.0,C4,3.235671,49.0,40.0
EDIN,edin26,Violation_201,56.0,P7,4.08291,49.0,40.0
EDIN,edin26,Violation_201,56.0,P8,15.81514,49.0,40.0
EDIN,edin26,Violation_201,56.0,O1,-11.59983,49.0,40.0
EDIN,edin26,Violation_201,56.0,O2,-12.57589,49.0,40.0
EDIN,edin26,Control_202,44.0,Pz,13.52369,50.0,37.0
EDIN,edin26,Control_202,44.0,Cz,12.60887,50.0,37.0
EDIN,edin26,Control_202,44.0,CP1,8.731938,50.0,37.0
EDIN,edin26,Control_202,44.0,CP2,17.07701,50.0,37.0
EDIN,edin26,Control_202,44.0,P3,12.4448,50.0,37.0
EDIN,edin26,Control_202,44.0,P4,10.34922,50.0,37.0
EDIN,edin26,Control_202,44.0,C3,8.204851,50.0,37.0
EDIN,edin26,Control_202,44.0,C4,13.18177,50.0,37.0
EDIN,edin26,Control_202,44.0,P7,14.28983,50.0,37.0
EDIN,edin26,Control_202,44.0,P8,11.59844,50.0,37.0
EDIN,edin26,Control_202,44.0,O1,-1.169917,50.0,37.0
EDIN,edin26,Control_202,44.0,O2,15.38879,50.0,37.0
EDIN,edin26,Violation_201,60.0,Pz,5.319078,55.0,93.0
EDIN,edin26,Violation_201,60.0,Cz,10.8007,55.0,93.0
EDIN,edin26,Violation_201,60.0,CP1,5.433411,55.0,93.0
EDIN,edin26,Violation_201,60.0,CP2,6.894186,55.0,93.0
EDIN,edin26,Violation_201,60.0,P3,11.17943,55.0,93.0
EDIN,edin26,Violation_201,60.0,P4,22.67925,55.0,93.0
EDIN,edin26,Violation_201,60.0,C3,17.09731,55.0,93.0
EDIN,edin26,Violation_201,60.0,C4,16.16275,55.0,93.0
EDIN,edin26,Violation_201,60.0,P7,4.273336,55.0,93.0
EDIN,edin26,Violation_201,60.0,P8,12.08802,55.0,93.0
EDIN,edin26,Violation_201,60.0,O1,-5.188106,55.0,93.0
EDIN,edin26,Violation_201,60.0,O2,13.58813,55.0,93.0
EDIN,edin26,Violation_201,52.0,Pz,-21.13613,42.0,37.0
EDIN,edin26,Violation_201,52.0,Cz,-23.42178,42.0,37.0
EDIN,edin26,Violation_201,52.0,CP1,-23.23675,42.0,37.0
EDIN,edin26,Violation_201,52.0,CP2,-20.96724,42.0,37.0
EDIN,edin26,Violation_201,52.0,P3,-13.83369,42.0,37.0
EDIN,edin26,Violation_201,52.0,P4,-10.59251,42.0,37.0
EDIN,edin26,Violation_201,52.0,C3,-16.28728,42.0,37.0
EDIN,edin26,Violation_201,52.0,C4,-21.05065,42.0,37.0
EDIN,edin26,Violation_201,52.0,P7,-6.335009,42.0,37.0
EDIN,edin26,Violation_201,52.0,P8,-21.46555,42.0,37.0
EDIN,edin26,Violation_201,52.0,O1,-20.34874,42.0,37.0
EDIN,edin26,Violation_201,52.0,O2,-22.27701,42.0,37.0
EDIN,edin26,Control_202,59.0,Pz,20.26538,51.0,90.0
EDIN,edin26,Control_202,59.0,Cz,35.86034,51.0,90.0
EDIN,edin26,Control_202,59.0,CP1,25.08189,51.0,90.0
EDIN,edin26,Control_202,59.0,CP2,26.22839,51.0,90.0
EDIN,edin26,Control_202,59.0,P3,27.38,51.0,90.0
EDIN,edin26,Control_202,59.0,P4,33.08084,51.0,90.0
EDIN,edin26,Control_202,59.0,C3,27.9691,51.0,90.0
EDIN,edin26,Control_202,59.0,C4,27.80723,51.0,90.0
EDIN,edin26,Control_202,59.0,P7,20.99246,51.0,90.0
EDIN,edin26,Control_202,59.0,P8,23.97513,51.0,90.0
EDIN,edin26,Control_202,59.0,O1,11.24192,51.0,90.0
EDIN,edin26,Control_202,59.0,O2,20.37229,51.0,90.0
EDIN,edin26,Control_202,47.0,Pz,-13.40607,43.0,93.0
EDIN,edin26,Control_202,47.0,Cz,-8.688082,43.0,93.0
EDIN,edin26,Control_202,47.0,CP1,-8.832321,43.0,93.0
EDIN,edin26,Control_202,47.0,CP2,-22.69413,43.0,93.0
EDIN,edin26,Control_202,47.0,P3,-13.29179,43.0,93.0
EDIN,edin26,Control_202,47.0,P4,-12.89578,43.0,93.0
EDIN,edin26,Control_202,47.0,C3,-13.22176,43.0,93.0
EDIN,edin26,Control_202,47.0,C4,-15.2097,43.0,93.0
EDIN,edin26,Control_202,47.0,P7,-7.531549,43.0,93.0
EDIN,edin26,Control_202,47.0,P8,-11.16681,43.0,93.0
EDIN,edin26,Control_202,47.0,O1,-16.23314,43.0,93.0
EDIN,edin26,Control_202,47.0,O2,-14.78324,43.0,93.0
EDIN,edin26,Control_202,51.0,Pz,0.7666075,53.0,93.0
EDIN,edin26,Control_202,51.0,Cz,7.916153,53.0,93.0
EDIN,edin26,Control_202,51.0,CP1,4.774465,53.0,93.0
EDIN,edin26,Control_202,51.0,CP2,9.573929,53.0,93.0
EDIN,edin26,Control_202,51.0,P3,7.041733,53.0,93.0
EDIN,edin26,Control_202,51.0,P4,-1.596467,53.0,93.0
EDIN,edin26,Control_202,51.0,C3,-5.227346,53.0,93.0
EDIN,edin26,Control_202,51.0,C4,-5.329085,53.0,93.0
EDIN,edin26,Control_202,51.0,P7,-0.0282155,53.0,93.0
EDIN,edin26,Control_202,51.0,P8,9.737053,53.0,93.0
EDIN,edin26,Control_202,51.0,O1,12.93333,53.0,93.0
EDIN,edin26,Control_202,51.0,O2,-16.96301,53.0,93.0
EDIN,edin26,Control_202,55.0,Pz,1.779883,59.0,73.0
EDIN,edin26,Control_202,55.0,Cz,-5.03278,59.0,73.0
EDIN,edin26,Control_202,55.0,CP1,3.779536,59.0,73.0
EDIN,edin26,Control_202,55.0,CP2,12.25764,59.0,73.0
EDIN,edin26,Control_202,55.0,P3,5.683563,59.0,73.0
EDIN,edin26,Control_202,55.0,P4,1.767104,59.0,73.0
EDIN,edin26,Control_202,55.0,C3,2.841877,59.0,73.0
EDIN,edin26,Control_202,55.0,C4,0.8425012,59.0,73.0
EDIN,edin26,Control_202,55.0,P7,9.266144,59.0,73.0
EDIN,edin26,Control_202,55.0,P8,3.062104,59.0,73.0
EDIN,edin26,Control_202,55.0,O1,5.672006,59.0,73.0
EDIN,edin26,Control_202,55.0,O2,13.49863,59.0,73.0
EDIN,edin26,Violation_201,76.0,Pz,13.94064,80.0,97.0
EDIN,edin26,Violation_201,76.0,Cz,11.26747,80.0,97.0
EDIN,edin26,Violation_201,76.0,CP1,5.542413,80.0,97.0
EDIN,edin26,Violation_201,76.0,CP2,14.8102,80.0,97.0
EDIN,edin26,Violation_201,76.0,P3,3.080157,80.0,97.0
EDIN,edin26,Violation_201,76.0,P4,6.129484,80.0,97.0
EDIN,edin26,Violation_201,76.0,C3,2.402333,80.0,97.0
EDIN,edin26,Violation_201,76.0,C4,0.9608815,80.0,97.0
EDIN,edin26,Violation_201,76.0,P7,15.90588,80.0,97.0
EDIN,edin26,Violation_201,76.0,P8,10.74252,80.0,97.0
EDIN,edin26,Violation_201,76.0,O1,6.843138,80.0,97.0
EDIN,edin26,Violation_201,76.0,O2,-13.92971,80.0,97.0
EDIN,edin26,Violation_201,68.0,Pz,6.177061,61.0,34.0
EDIN,edin26,Violation_201,68.0,Cz,-7.670774,61.0,34.0
EDIN,edin26,Violation_201,68.0,CP1,4.212307,61.0,34.0
EDIN,edin26,Violation_201,68.0,CP2,7.212237,61.0,34.0
EDIN,edin26,Violation_201,68.0,P3,10.12874,61.0,34.0
EDIN,edin26,Violation_201,68.0,P4,14.26017,61.0,34.0
EDIN,edin26,Violation_201,68.0,C3,-4.69555,61.0,34.0
EDIN,edin26,Violation_201,68.0,C4,12.02448,61.0,34.0
EDIN,edin26,Violation_201,68.0,P7,5.177437,61.0,34.0
EDIN,edin26,Violation_201,68.0,P8,-1.837403,61.0,34.0
EDIN,edin26,Violation_201,68.0,O1,9.020322,61.0,34.0
EDIN,edin26,Violation_201,68.0,O2,-6.320227,61.0,34.0
EDIN,edin26,Control_202,75.0,Pz,-8.468248,64.0,50.0
EDIN,edin26,Control_202,75.0,Cz,1.898163,64.0,50.0
EDIN,edin26,Control_202,75.0,CP1,3.704645,64.0,50.0
EDIN,edin26,Control_202,75.0,CP2,-0.06779826,64.0,50.0
EDIN,edin26,Control_202,75.0,P3,-1.948764,64.0,50.0
EDIN,edin26,Control_202,75.0,P4,4.661872,64.0,50.0
EDIN,edin26,Control_202,75.0,C3,3.028982,64.0,50.0
EDIN,edin26,Control_202,75.0,C4,-11.9965,64.0,50.0
EDIN,edin26,Control_202,75.0,P7,-8.621854,64.0,50.0
EDIN,edin26,Control_202,75.0,P8,0.4396966,64.0,50.0
EDIN,edin26,Control_202,75.0,O1,-1.765455,64.0,50.0
EDIN,edin26,Control_202,75.0,O2,6.984771,64.0,50.0
EDIN,edin26,Violation_201,72.0,Pz,5.808609,69.0,93.0
EDIN,edin26,Violation_201,72.0,Cz,11.21174,69.0,93.0
EDIN,edin26,Violation_201,72.0,CP1,7.558053,69.0,93.0
EDIN,edin26,Violation_201,72.0,CP2,-6.500273,69.0,93.0
EDIN,edin26,Violation_201,72.0,P3,8.899006,69.0,93.0
EDIN,edin26,Violation_201,72.0,P4,2.17323,69.0,93.0
EDIN,edin26,Violation_201,72.0,C3,12.97098,69.0,93.0
EDIN,edin26,Violation_201,72.0,C4,-0.86349,69.0,93.0
EDIN,edin26,Violation_201,72.0,P7,14.91043,69.0,93.0
EDIN,edin26,Violation_201,72.0,P8,14.54724,69.0,93.0
EDIN,edin26,Violation_201,72.0,O1,8.379093,69.0,93.0
EDIN,edin26,Violation_201,72.0,O2,23.699,69.0,93.0
EDIN,edin26,Control_202,71.0,Pz,-3.351881,72.0,90.0
EDIN,edin26,Control_202,71.0,Cz,1.917412,72.0,90.0
EDIN,edin26,Control_202,71.0,CP1,-1.355394,72.0,90.0
EDIN,edin26,Control_202,71.0,CP2,-8.765814,72.0,90.0
EDIN,edin26,Control_202,71.0,P3,6.093355,72.0,90.0
EDIN,edin26,Control_202,71.0,P4,-13.46179,72.0,90.0
EDIN,edin26,Control_202,71.0,C3,1.821773,72.0,90.0
EDIN,edin26,Control_202,71.0,C4,-8.501278,72.0,90.0
EDIN,edin26,Control_202,71.0,P7,3.629711,72.0,90.0
EDIN,edin26,Control_202,71.0,P8,3.175804,72.0,90.0
EDIN,edin26,Control_202,71.0,O1,18.39425,72.0,90.0
EDIN,edin26,Control_202,71.0,O2,1.980126,72.0,90.0
EDIN,edin26,Control_202,67.0,Pz,-19.12683,75.0,60.0
EDIN,edin26,Control_202,67.0,Cz,-19.00725,75.0,60.0
EDIN,edin26,Control_202,67.0,CP1,-25.77193,75.0,60.0
EDIN,edin26,Control_202,67.0,CP2,-26.67584,75.0,60.0
EDIN,edin26,Control_202,67.0,P3,-20.53755,75.0,60.0
EDIN,edin26,Control_202,67.0,P4,-8.35409,75.0,60.0
EDIN,edin26,Control_202,67.0,C3,-24.9501,75.0,60.0
EDIN,edin26,Control_202,67.0,C4,-27.79391,75.0,60.0
EDIN,edin26,Control_202,67.0,P7,-18.03373,75.0,60.0
EDIN,edin26,Control_202,67.0,P8,-12.86007,75.0,60.0
EDIN,edin26,Control_202,67.0,O1,-12.21026,75.0,60.0
EDIN,edin26,Control_202,67.0,O2,-13.8715,75.0,60.0
EDIN,edin26,Violation_201,64.0,Pz,-35.40574,70.0,57.0
EDIN,edin26,Violation_201,64.0,Cz,-19.30674,70.0,57.0
EDIN,edin26,Violation_201,64.0,CP1,-25.89762,70.0,57.0
EDIN,edin26,Violation_201,64.0,CP2,-28.00577,70.0,57.0
EDIN,edin26,Violation_201,64.0,P3,-27.23488,70.0,57.0
EDIN,edin26,Violation_201,64.0,P4,-29.88086,70.0,57.0
EDIN,edin26,Violation_201,64.0,C3,-24.88969,70.0,57.0
EDIN,edin26,Violation_201,64.0,C4,-43.63371,70.0,57.0
EDIN,edin26,Violation_201,64.0,P7,-35.6397,70.0,57.0
EDIN,edin26,Violation_201,64.0,P8,-41.01914,70.0,57.0
EDIN,edin26,Violation_201,64.0,O1,-37.36916,70.0,57.0
EDIN,edin26,Violation_201,64.0,O2,-26.33472,70.0,57.0
EDIN,edin26,Violation_201,80.0,Pz,25.98601,66.0,23.0
EDIN,edin26,Violation_201,80.0,Cz,29.70355,66.0,23.0
EDIN,edin26,Violation_201,80.0,CP1,23.29527,66.0,23.0
EDIN,edin26,Violation_201,80.0,CP2,26.54537,66.0,23.0
EDIN,edin26,Violation_201,80.0,P3,22.56195,66.0,23.0
EDIN,edin26,Violation_201,80.0,P4,8.906508,66.0,23.0
EDIN,edin26,Violation_201,80.0,C3,25.40473,66.0,23.0
EDIN,edin26,Violation_201,80.0,C4,21.76934,66.0,23.0
EDIN,edin26,Violation_201,80.0,P7,24.47891,66.0,23.0
EDIN,edin26,Violation_201,80.0,P8,-1.386981,66.0,23.0
EDIN,edin26,Violation_201,80.0,O1,13.57749,66.0,23.0
EDIN,edin26,Violation_201,80.0,O2,30.52736,66.0,23.0
EDIN,edin26,Control_202,63.0,Pz,19.04761,76.0,90.0
EDIN,edin26,Control_202,63.0,Cz,25.06259,76.0,90.0
EDIN,edin26,Control_202,63.0,CP1,22.67292,76.0,90.0
EDIN,edin26,Control_202,63.0,CP2,19.79575,76.0,90.0
EDIN,edin26,Control_202,63.0,P3,14.98236,76.0,90.0
EDIN,edin26,Control_202,63.0,P4,25.61597,76.0,90.0
EDIN,edin26,Control_202,63.0,C3,21.95708,76.0,90.0
EDIN,edin26,Control_202,63.0,C4,16.79987,76.0,90.0
EDIN,edin26,Control_202,63.0,P7,9.423057,76.0,90.0
EDIN,edin26,Control_202,63.0,P8,26.71273,76.0,90.0
EDIN,edin26,Control_202,63.0,O1,7.673049,76.0,90.0
EDIN,edin26,Control_202,63.0,O2,9.832405,76.0,90.0
EDIN,edin26,Control_202,79.0,Pz,16.50798,65.0,93.0
EDIN,edin26,Control_202,79.0,Cz,12.40565,65.0,93.0
EDIN,edin26,Control_202,79.0,CP1,15.71336,65.0,93.0
EDIN,edin26,Control_202,79.0,CP2,16.66956,65.0,93.0
EDIN,edin26,Control_202,79.0,P3,12.7039,65.0,93.0
EDIN,edin26,Control_202,79.0,P4,30.41295,65.0,93.0
EDIN,edin26,Control_202,79.0,C3,4.705422,65.0,93.0
EDIN,edin26,Control_202,79.0,C4,26.06309,65.0,93.0
EDIN,edin26,Control_202,79.0,P7,-14.64331,65.0,93.0
EDIN,edin26,Control_202,79.0,P8,8.616147,65.0,93.0
EDIN,edin26,Control_202,79.0,O1,4.145519,65.0,93.0
EDIN,edin26,Control_202,79.0,O2,-2.435682,65.0,93.0
EDIN,edin27,Violation_201,10.0,Pz,1.716256,13.0,97.0
EDIN,edin27,Violation_201,10.0,Cz,-5.474494,13.0,97.0
EDIN,edin27,Violation_201,10.0,CP1,-5.3857,13.0,97.0
EDIN,edin27,Violation_201,10.0,CP2,-14.19586,13.0,97.0
EDIN,edin27,Violation_201,10.0,P3,13.09005,13.0,97.0
EDIN,edin27,Violation_201,10.0,P4,17.74003,13.0,97.0
EDIN,edin27,Violation_201,10.0,C3,1.824148,13.0,97.0
EDIN,edin27,Violation_201,10.0,C4,-3.594321,13.0,97.0
EDIN,edin27,Violation_201,10.0,P7,11.01418,13.0,97.0
EDIN,edin27,Violation_201,10.0,P8,0.8586351,13.0,97.0
EDIN,edin27,Violation_201,10.0,O1,36.37063,13.0,97.0
EDIN,edin27,Violation_201,10.0,O2,-5.948873,13.0,97.0
EDIN,edin27,Control_202,9.0,Pz,7.339906,15.0,90.0
EDIN,edin27,Control_202,9.0,Cz,6.793703,15.0,90.0
EDIN,edin27,Control_202,9.0,CP1,4.495603,15.0,90.0
EDIN,edin27,Control_202,9.0,CP2,10.8966,15.0,90.0
EDIN,edin27,Control_202,9.0,P3,50.78539,15.0,90.0
EDIN,edin27,Control_202,9.0,P4,9.914014,15.0,90.0
EDIN,edin27,Control_202,9.0,C3,10.4491,15.0,90.0
EDIN,edin27,Control_202,9.0,C4,10.52025,15.0,90.0
EDIN,edin27,Control_202,9.0,P7,3.562318,15.0,90.0
EDIN,edin27,Control_202,9.0,P8,7.109563,15.0,90.0
EDIN,edin27,Control_202,9.0,O1,7.505355,15.0,90.0
EDIN,edin27,Control_202,9.0,O2,7.594287,15.0,90.0
EDIN,edin27,Control_202,1.0,Pz,29.11282,4.0,93.0
EDIN,edin27,Control_202,1.0,Cz,27.44419,4.0,93.0
EDIN,edin27,Control_202,1.0,CP1,33.17696,4.0,93.0
EDIN,edin27,Control_202,1.0,CP2,23.94009,4.0,93.0
EDIN,edin27,Control_202,1.0,P3,35.77121,4.0,93.0
EDIN,edin27,Control_202,1.0,P4,27.79655,4.0,93.0
EDIN,edin27,Control_202,1.0,C3,18.88917,4.0,93.0
EDIN,edin27,Control_202,1.0,C4,30.75997,4.0,93.0
EDIN,edin27,Control_202,1.0,P7,21.69769,4.0,93.0
EDIN,edin27,Control_202,1.0,P8,23.02651,4.0,93.0
EDIN,edin27,Control_202,1.0,O1,23.48612,4.0,93.0
EDIN,edin27,Control_202,1.0,O2,21.50055,4.0,93.0
EDIN,edin27,Control_202,13.0,Pz,13.49959,6.0,100.0
EDIN,edin27,Control_202,13.0,Cz,4.692723,6.0,100.0
EDIN,edin27,Control_202,13.0,CP1,12.31451,6.0,100.0
EDIN,edin27,Control_202,13.0,CP2,23.73582,6.0,100.0
EDIN,edin27,Control_202,13.0,P3,-26.54595,6.0,100.0
EDIN,edin27,Control_202,13.0,P4,5.722538,6.0,100.0
EDIN,edin27,Control_202,13.0,C3,2.386051,6.0,100.0
EDIN,edin27,Control_202,13.0,C4,1.263301,6.0,100.0
EDIN,edin27,Control_202,13.0,P7,48.79668,6.0,100.0
EDIN,edin27,Control_202,13.0,P8,26.6818,6.0,100.0
EDIN,edin27,Control_202,13.0,O1,-3.484049,6.0,100.0
EDIN,edin27,Control_202,13.0,O2,14.20778,6.0,100.0
EDIN,edin27,Violation_201,6.0,Pz,14.1194,20.0,90.0
EDIN,edin27,Violation_201,6.0,Cz,14.62664,20.0,90.0
EDIN,edin27,Violation_201,6.0,CP1,18.03546,20.0,90.0
EDIN,edin27,Violation_201,6.0,CP2,14.60985,20.0,90.0
EDIN,edin27,Violation_201,6.0,P3,18.82903,20.0,90.0
EDIN,edin27,Violation_201,6.0,P4,10.87028,20.0,90.0
EDIN,edin27,Violation_201,6.0,C3,7.02656,20.0,90.0
EDIN,edin27,Violation_201,6.0,C4,15.09683,20.0,90.0
EDIN,edin27,Violation_201,6.0,P7,16.51564,20.0,90.0
EDIN,edin27,Violation_201,6.0,P8,7.477057,20.0,90.0
EDIN,edin27,Violation_201,6.0,O1,8.705606,20.0,90.0
EDIN,edin27,Violation_201,6.0,O2,9.081776,20.0,90.0
EDIN,edin27,Control_202,17.0,Pz,19.43148,2.0,100.0
EDIN,edin27,Control_202,17.0,Cz,28.72086,2.0,100.0
EDIN,edin27,Control_202,17.0,CP1,28.84162,2.0,100.0
EDIN,edin27,Control_202,17.0,CP2,21.94197,2.0,100.0
EDIN,edin27,Control_202,17.0,P3,16.30206,2.0,100.0
EDIN,edin27,Control_202,17.0,P4,33.80936,2.0,100.0
EDIN,edin27,Control_202,17.0,C3,16.04923,2.0,100.0
EDIN,edin27,Control_202,17.0,C4,22.97685,2.0,100.0
EDIN,edin27,Control_202,17.0,P7,4.804013,2.0,100.0
EDIN,edin27,Control_202,17.0,P8,6.189421,2.0,100.0
EDIN,edin27,Control_202,17.0,O1,30.38551,2.0,100.0
EDIN,edin27,Control_202,17.0,O2,16.02898,2.0,100.0
EDIN,edin27,Control_202,5.0,Pz,-14.11744,10.0,80.0
EDIN,edin27,Control_202,5.0,Cz,-17.12503,10.0,80.0
EDIN,edin27,Control_202,5.0,CP1,-12.57704,10.0,80.0
EDIN,edin27,Control_202,5.0,CP2,-16.61637,10.0,80.0
EDIN,edin27,Control_202,5.0,P3,15.78659,10.0,80.0
EDIN,edin27,Control_202,5.0,P4,-23.08588,10.0,80.0
EDIN,edin27,Control_202,5.0,C3,-14.0723,10.0,80.0
EDIN,edin27,Control_202,5.0,C4,-22.00473,10.0,80.0
EDIN,edin27,Control_202,5.0,P7,1.691679,10.0,80.0
EDIN,edin27,Control_202,5.0,P8,-17.12077,10.0,80.0
EDIN,edin27,Control_202,5.0,O1,-20.17088,10.0,80.0
EDIN,edin27,Control_202,5.0,O2,-11.01361,10.0,80.0
EDIN,edin27,Violation_201,2.0,Pz,6.79003,16.0,93.0
EDIN,edin27,Violation_201,2.0,Cz,6.080709,16.0,93.0
EDIN,edin27,Violation_201,2.0,CP1,10.13351,16.0,93.0
EDIN,edin27,Violation_201,2.0,CP2,2.651561,16.0,93.0
EDIN,edin27,Violation_201,2.0,P3,11.00084,16.0,93.0
EDIN,edin27,Violation_201,2.0,P4,3.428936,16.0,93.0
EDIN,edin27,Violation_201,2.0,C3,6.016553,16.0,93.0
EDIN,edin27,Violation_201,2.0,C4,7.028932,16.0,93.0
EDIN,edin27,Violation_201,2.0,P7,-14.08368,16.0,93.0
EDIN,edin27,Violation_201,2.0,P8,13.91724,16.0,93.0
EDIN,edin27,Violation_201,2.0,O1,5.507673,16.0,93.0
EDIN,edin27,Violation_201,2.0,O2,23.21611,16.0,93.0
EDIN,edin27,Violation_201,18.0,Pz,-2.323243,18.0,87.0
EDIN,edin27,Violation_201,18.0,Cz,-6.676236,18.0,87.0
EDIN,edin27,Violation_201,18.0,CP1,-9.536442,18.0,87.0
EDIN,edin27,Violation_201,18.0,CP2,-10.44673,18.0,87.0
EDIN,edin27,Violation_201,18.0,P3,-22.45666,18.0,87.0
EDIN,edin27,Violation_201,18.0,P4,-12.73664,18.0,87.0
EDIN,edin27,Violation_201,18.0,C3,-5.696328,18.0,87.0
EDIN,edin27,Violation_201,18.0,C4,-9.190534,18.0,87.0
EDIN,edin27,Violation_201,18.0,P7,-23.84177,18.0,87.0
EDIN,edin27,Violation_201,18.0,P8,-6.634866,18.0,87.0
EDIN,edin27,Violation_201,18.0,O1,-7.772374,18.0,87.0
EDIN,edin27,Violation_201,18.0,O2,-4.456189,18.0,87.0
EDIN,edin27,Violation_201,14.0,Pz,11.41064,3.0,100.0
EDIN,edin27,Violation_201,14.0,Cz,10.81055,3.0,100.0
EDIN,edin27,Violation_201,14.0,CP1,1.984446,3.0,100.0
EDIN,edin27,Violation_201,14.0,CP2,13.15082,3.0,100.0
EDIN,edin27,Violation_201,14.0,P3,-12.80231,3.0,100.0
EDIN,edin27,Violation_201,14.0,P4,7.189496,3.0,100.0
EDIN,edin27,Violation_201,14.0,C3,2.442755,3.0,100.0
EDIN,edin27,Violation_201,14.0,C4,18.86507,3.0,100.0
EDIN,edin27,Violation_201,14.0,P7,-23.45679,3.0,100.0
EDIN,edin27,Violation_201,14.0,P8,5.448421,3.0,100.0
EDIN,edin27,Violation_201,14.0,O1,3.131152,3.0,100.0
EDIN,edin27,Violation_201,14.0,O2,12.76924,3.0,100.0
EDIN,edin27,Violation_201,26.0,Pz,-34.01197,31.0,77.0
EDIN,edin27,Violation_201,26.0,Cz,-23.30442,31.0,77.0
EDIN,edin27,Violation_201,26.0,CP1,-39.11185,31.0,77.0
EDIN,edin27,Violation_201,26.0,CP2,-42.51806,31.0,77.0
EDIN,edin27,Violation_201,26.0,P3,-28.81886,31.0,77.0
EDIN,edin27,Violation_201,26.0,P4,-52.41057,31.0,77.0
EDIN,edin27,Violation_201,26.0,C3,-11.34051,31.0,77.0
EDIN,edin27,Violation_201,26.0,C4,-40.20915,31.0,77.0
EDIN,edin27,Violation_201,26.0,P7,-22.37355,31.0,77.0
EDIN,edin27,Violation_201,26.0,P8,-22.57229,31.0,77.0
EDIN,edin27,Violation_201,26.0,O1,-29.19432,31.0,77.0
EDIN,edin27,Violation_201,26.0,O2,-30.95205,31.0,77.0
EDIN,edin27,Control_202,33.0,Pz,-7.01503,36.0,77.0
EDIN,edin27,Control_202,33.0,Cz,-12.47349,36.0,77.0
EDIN,edin27,Control_202,33.0,CP1,-12.8976,36.0,77.0
EDIN,edin27,Control_202,33.0,CP2,-6.517763,36.0,77.0
EDIN,edin27,Control_202,33.0,P3,-6.547565,36.0,77.0
EDIN,edin27,Control_202,33.0,P4,-1.718117,36.0,77.0
EDIN,edin27,Control_202,33.0,C3,-5.756606,36.0,77.0
EDIN,edin27,Control_202,33.0,C4,-15.96593,36.0,77.0
EDIN,edin27,Control_202,33.0,P7,-11.04161,36.0,77.0
EDIN,edin27,Control_202,33.0,P8,-7.940688,36.0,77.0
EDIN,edin27,Control_202,33.0,O1,-9.954811,36.0,77.0
EDIN,edin27,Control_202,33.0,O2,11.61653,36.0,77.0
EDIN,edin27,Violation_201,29.0,Pz,8.239142,40.0,93.0
EDIN,edin27,Violation_201,29.0,Cz,1.324478,40.0,93.0
EDIN,edin27,Violation_201,29.0,CP1,4.431819,40.0,93.0
EDIN,edin27,Violation_201,29.0,CP2,2.391037,40.0,93.0
EDIN,edin27,Violation_201,29.0,P3,41.30416,40.0,93.0
EDIN,edin27,Violation_201,29.0,P4,6.928024,40.0,93.0
EDIN,edin27,Violation_201,29.0,C3,6.351831,40.0,93.0
EDIN,edin27,Violation_201,29.0,C4,5.290104,40.0,93.0
EDIN,edin27,Violation_201,29.0,P7,-4.782212,40.0,93.0
EDIN,edin27,Violation_201,29.0,P8,10.7958,40.0,93.0
EDIN,edin27,Violation_201,29.0,O1,-4.333609,40.0,93.0
EDIN,edin27,Violation_201,29.0,O2,4.496718,40.0,93.0
EDIN,edin27,Violation_201,30.0,Pz,4.723022,34.0,97.0
EDIN,edin27,Violation_201,30.0,Cz,20.08046,34.0,97.0
EDIN,edin27,Violation_201,30.0,CP1,10.81251,34.0,97.0
EDIN,edin27,Violation_201,30.0,CP2,4.920067,34.0,97.0
EDIN,edin27,Violation_201,30.0,P3,14.48498,34.0,97.0
EDIN,edin27,Violation_201,30.0,P4,13.22265,34.0,97.0
EDIN,edin27,Violation_201,30.0,C3,15.46437,34.0,97.0
EDIN,edin27,Violation_201,30.0,C4,18.15664,34.0,97.0
EDIN,edin27,Violation_201,30.0,P7,27.7041,34.0,97.0
EDIN,edin27,Violation_201,30.0,P8,16.96345,34.0,97.0
EDIN,edin27,Violation_201,30.0,O1,12.27061,34.0,97.0
EDIN,edin27,Violation_201,30.0,O2,9.271336,34.0,97.0
EDIN,edin27,Violation_201,34.0,Pz,-7.921607,21.0,77.0
EDIN,edin27,Violation_201,34.0,Cz,-12.53972,21.0,77.0
EDIN,edin27,Violation_201,34.0,CP1,-6.191142,21.0,77.0
EDIN,edin27,Violation_201,34.0,CP2,-6.664848,21.0,77.0
EDIN,edin27,Violation_201,34.0,P3,-0.8417274,21.0,77.0
EDIN,edin27,Violation_201,34.0,P4,0.4232231,21.0,77.0
EDIN,edin27,Violation_201,34.0,C3,-7.40604,21.0,77.0
EDIN,edin27,Violation_201,34.0,C4,-2.428007,21.0,77.0
EDIN,edin27,Violation_201,34.0,P7,-7.094152,21.0,77.0
EDIN,edin27,Violation_201,34.0,P8,4.603713,21.0,77.0
EDIN,edin27,Violation_201,34.0,O1,-9.036297,21.0,77.0
EDIN,edin27,Violation_201,34.0,O2,5.729947,21.0,77.0
EDIN,edin27,Control_202,21.0,Pz,-7.021243,26.0,87.0
EDIN,edin27,Control_202,21.0,Cz,-6.741862,26.0,87.0
EDIN,edin27,Control_202,21.0,CP1,-3.059058,26.0,87.0
EDIN,edin27,Control_202,21.0,CP2,-3.965249,26.0,87.0
EDIN,edin27,Control_202,21.0,P3,-1.658618,26.0,87.0
EDIN,edin27,Control_202,21.0,P4,-4.670406,26.0,87.0
EDIN,edin27,Control_202,21.0,C3,-4.573446,26.0,87.0
EDIN,edin27,Control_202,21.0,C4,-1.029011,26.0,87.0
EDIN,edin27,Control_202,21.0,P7,-13.02486,26.0,87.0
EDIN,edin27,Control_202,21.0,P8,-1.86284,26.0,87.0
EDIN,edin27,Control_202,21.0,O1,2.887192,26.0,87.0
EDIN,edin27,Control_202,21.0,O2,-0.579529,26.0,87.0
EDIN,edin27,Control_202,37.0,Pz,-4.962239,25.0,97.0
EDIN,edin27,Control_202,37.0,Cz,-9.262061,25.0,97.0
EDIN,edin27,Control_202,37.0,CP1,-1.150178,25.0,97.0
EDIN,edin27,Control_202,37.0,CP2,2.495717,25.0,97.0
EDIN,edin27,Control_202,37.0,P3,-8.059828,25.0,97.0
EDIN,edin27,Control_202,37.0,P4,4.530777,25.0,97.0
EDIN,edin27,Control_202,37.0,C3,-9.512913,25.0,97.0
EDIN,edin27,Control_202,37.0,C4,-0.005474295,25.0,97.0
EDIN,edin27,Control_202,37.0,P7,0.5814018,25.0,97.0
EDIN,edin27,Control_202,37.0,P8,4.880096,25.0,97.0
EDIN,edin27,Control_202,37.0,O1,-6.426866,25.0,97.0
EDIN,edin27,Control_202,37.0,O2,2.310422,25.0,97.0
EDIN,edin27,Control_202,25.0,Pz,-1.162879,28.0,27.0
EDIN,edin27,Control_202,25.0,Cz,-7.112854,28.0,27.0
EDIN,edin27,Control_202,25.0,CP1,7.53224,28.0,27.0
EDIN,edin27,Control_202,25.0,CP2,-16.32198,28.0,27.0
EDIN,edin27,Control_202,25.0,P3,16.89501,28.0,27.0
EDIN,edin27,Control_202,25.0,P4,-8.37281,28.0,27.0
EDIN,edin27,Control_202,25.0,C3,7.743851,28.0,27.0
EDIN,edin27,Control_202,25.0,C4,9.631054,28.0,27.0
EDIN,edin27,Control_202,25.0,P7,2.883533,28.0,27.0
EDIN,edin27,Control_202,25.0,P8,-0.121652,28.0,27.0
EDIN,edin27,Control_202,25.0,O1,-6.980248,28.0,27.0
EDIN,edin27,Control_202,25.0,O2,-1.78996,28.0,27.0
EDIN,edin27,Violation_201,22.0,Pz,-20.19896,33.0,53.0
EDIN,edin27,Violation_201,22.0,Cz,-12.44302,33.0,53.0
EDIN,edin27,Violation_201,22.0,CP1,-6.012554,33.0,53.0
EDIN,edin27,Violation_201,22.0,CP2,-18.24946,33.0,53.0
EDIN,edin27,Violation_201,22.0,P3,-23.40641,33.0,53.0
EDIN,edin27,Violation_201,22.0,P4,-1.379984,33.0,53.0
EDIN,edin27,Violation_201,22.0,C3,-17.59832,33.0,53.0
EDIN,edin27,Violation_201,22.0,C4,-15.33991,33.0,53.0
EDIN,edin27,Violation_201,22.0,P7,-31.18657,33.0,53.0
EDIN,edin27,Violation_201,22.0,P8,-9.601252,33.0,53.0
EDIN,edin27,Violation_201,22.0,O1,-16.18255,33.0,53.0
EDIN,edin27,Violation_201,22.0,O2,-20.60677,33.0,53.0
EDIN,edin27,Violation_201,38.0,Pz,21.25668,39.0,97.0
EDIN,edin27,Violation_201,38.0,Cz,20.01191,39.0,97.0
EDIN,edin27,Violation_201,38.0,CP1,11.25198,39.0,97.0
EDIN,edin27,Violation_201,38.0,CP2,18.08698,39.0,97.0
EDIN,edin27,Violation_201,38.0,P3,28.68888,39.0,97.0
EDIN,edin27,Violation_201,38.0,P4,30.0218,39.0,97.0
EDIN,edin27,Violation_201,38.0,C3,15.86312,39.0,97.0
EDIN,edin27,Violation_201,38.0,C4,21.66825,39.0,97.0
EDIN,edin27,Violation_201,38.0,P7,9.076102,39.0,97.0
EDIN,edin27,Violation_201,38.0,P8,24.94917,39.0,97.0
EDIN,edin27,Violation_201,38.0,O1,22.63198,39.0,97.0
EDIN,edin27,Violation_201,38.0,O2,23.67714,39.0,97.0
EDIN,edin27,Violation_201,50.0,Pz,11.17593,49.0,40.0
EDIN,edin27,Violation_201,50.0,Cz,25.93075,49.0,40.0
EDIN,edin27,Violation_201,50.0,CP1,14.37514,49.0,40.0
EDIN,edin27,Violation_201,50.0,CP2,7.835234,49.0,40.0
EDIN,edin27,Violation_201,50.0,P3,15.41896,49.0,40.0
EDIN,edin27,Violation_201,50.0,P4,6.815923,49.0,40.0
EDIN,edin27,Violation_201,50.0,C3,19.03055,49.0,40.0
EDIN,edin27,Violation_201,50.0,C4,12.67122,49.0,40.0
EDIN,edin27,Violation_201,50.0,P7,5.562396,49.0,40.0
EDIN,edin27,Violation_201,50.0,P8,1.659773,49.0,40.0
EDIN,edin27,Violation_201,50.0,O1,11.95554,49.0,40.0
EDIN,edin27,Violation_201,50.0,O2,6.189473,49.0,40.0
EDIN,edin27,Violation_201,58.0,Pz,2.626518,41.0,100.0
EDIN,edin27,Violation_201,58.0,Cz,-5.972575,41.0,100.0
EDIN,edin27,Violation_201,58.0,CP1,-1.802841,41.0,100.0
EDIN,edin27,Violation_201,58.0,CP2,0.03273753,41.0,100.0
EDIN,edin27,Violation_201,58.0,P3,4.553178,41.0,100.0
EDIN,edin27,Violation_201,58.0,P4,-9.247375,41.0,100.0
EDIN,edin27,Violation_201,58.0,C3,-7.179313,41.0,100.0
EDIN,edin27,Violation_201,58.0,C4,-11.79881,41.0,100.0
EDIN,edin27,Violation_201,58.0,P7,-13.2445,41.0,100.0
EDIN,edin27,Violation_201,58.0,P8,-4.222482,41.0,100.0
EDIN,edin27,Violation_201,58.0,O1,-6.161927,41.0,100.0
EDIN,edin27,Violation_201,58.0,O2,-6.754333,41.0,100.0
EDIN,edin27,Violation_201,54.0,Pz,-7.319017,52.0,87.0
EDIN,edin27,Violation_201,54.0,Cz,-3.348928,52.0,87.0
EDIN,edin27,Violation_201,54.0,CP1,-9.681973,52.0,87.0
EDIN,edin27,Violation_201,54.0,CP2,-0.2635751,52.0,87.0
EDIN,edin27,Violation_201,54.0,P3,-8.975789,52.0,87.0
EDIN,edin27,Violation_201,54.0,P4,-11.12163,52.0,87.0
EDIN,edin27,Violation_201,54.0,C3,-8.871122,52.0,87.0
EDIN,edin27,Violation_201,54.0,C4,7.89694,52.0,87.0
EDIN,edin27,Violation_201,54.0,P7,-14.3422,52.0,87.0
EDIN,edin27,Violation_201,54.0,P8,-1.80936,52.0,87.0
EDIN,edin27,Violation_201,54.0,O1,-13.55159,52.0,87.0
EDIN,edin27,Violation_201,54.0,O2,9.592129,52.0,87.0
EDIN,edin27,Violation_201,42.0,Pz,27.5624,59.0,73.0
EDIN,edin27,Violation_201,42.0,Cz,29.18856,59.0,73.0
EDIN,edin27,Violation_201,42.0,CP1,30.6039,59.0,73.0
EDIN,edin27,Violation_201,42.0,CP2,45.03584,59.0,73.0
EDIN,edin27,Violation_201,42.0,P3,28.86304,59.0,73.0
EDIN,edin27,Violation_201,42.0,P4,33.07795,59.0,73.0
EDIN,edin27,Violation_201,42.0,C3,25.41646,59.0,73.0
EDIN,edin27,Violation_201,42.0,C4,46.40395,59.0,73.0
EDIN,edin27,Violation_201,42.0,P7,22.94231,59.0,73.0
EDIN,edin27,Violation_201,42.0,P8,21.30505,59.0,73.0
EDIN,edin27,Violation_201,42.0,O1,19.1659,59.0,73.0
EDIN,edin27,Violation_201,42.0,O2,4.264036,59.0,73.0
EDIN,edin27,Control_202,45.0,Pz,-23.49161,47.0,100.0
EDIN,edin27,Control_202,45.0,Cz,-25.46337,47.0,100.0
EDIN,edin27,Control_202,45.0,CP1,-32.09095,47.0,100.0
EDIN,edin27,Control_202,45.0,CP2,-36.15173,47.0,100.0
EDIN,edin27,Control_202,45.0,P3,-31.72479,47.0,100.0
EDIN,edin27,Control_202,45.0,P4,-26.42394,47.0,100.0
EDIN,edin27,Control_202,45.0,C3,-23.51611,47.0,100.0
EDIN,edin27,Control_202,45.0,C4,-38.74117,47.0,100.0
EDIN,edin27,Control_202,45.0,P7,-21.7835,47.0,100.0
EDIN,edin27,Control_202,45.0,P8,-23.45426,47.0,100.0
EDIN,edin27,Control_202,45.0,O1,-19.70657,47.0,100.0
EDIN,edin27,Control_202,45.0,O2,-23.83764,47.0,100.0
EDIN,edin27,Control_202,49.0,Pz,-3.245155,45.0,67.0
EDIN,edin27,Control_202,49.0,Cz,2.837475,45.0,67.0
EDIN,edin27,Control_202,49.0,CP1,-5.735722,45.0,67.0
EDIN,edin27,Control_202,49.0,CP2,-4.637888,45.0,67.0
EDIN,edin27,Control_202,49.0,P3,-34.42644,45.0,67.0
EDIN,edin27,Control_202,49.0,P4,-12.86697,45.0,67.0
EDIN,edin27,Control_202,49.0,C3,5.807621,45.0,67.0
EDIN,edin27,Control_202,49.0,C4,-9.031506,45.0,67.0
EDIN,edin27,Control_202,49.0,P7,0.8893378,45.0,67.0
EDIN,edin27,Control_202,49.0,P8,-4.656646,45.0,67.0
EDIN,edin27,Control_202,49.0,O1,-2.574475,45.0,67.0
EDIN,edin27,Control_202,49.0,O2,-10.55503,45.0,67.0
EDIN,edin27,Control_202,53.0,Pz,-24.1561,57.0,69.0
EDIN,edin27,Control_202,53.0,Cz,-30.89706,57.0,69.0
EDIN,edin27,Control_202,53.0,CP1,-24.45514,57.0,69.0
EDIN,edin27,Control_202,53.0,CP2,-50.50594,57.0,69.0
EDIN,edin27,Control_202,53.0,P3,-30.94181,57.0,69.0
EDIN,edin27,Control_202,53.0,P4,-35.84964,57.0,69.0
EDIN,edin27,Control_202,53.0,C3,-20.06439,57.0,69.0
EDIN,edin27,Control_202,53.0,C4,-45.06555,57.0,69.0
EDIN,edin27,Control_202,53.0,P7,-36.23023,57.0,69.0
EDIN,edin27,Control_202,53.0,P8,-37.89707,57.0,69.0
EDIN,edin27,Control_202,53.0,O1,-27.54066,57.0,69.0
EDIN,edin27,Control_202,53.0,O2,-31.06226,57.0,69.0
EDIN,edin27,Control_202,57.0,Pz,-10.71226,56.0,93.0
EDIN,edin27,Control_202,57.0,Cz,-8.585023,56.0,93.0
EDIN,edin27,Control_202,57.0,CP1,-6.412191,56.0,93.0
EDIN,edin27,Control_202,57.0,CP2,-13.03019,56.0,93.0
EDIN,edin27,Control_202,57.0,P3,0.02472825,56.0,93.0
EDIN,edin27,Control_202,57.0,P4,-14.64542,56.0,93.0
EDIN,edin27,Control_202,57.0,C3,2.402668,56.0,93.0
EDIN,edin27,Control_202,57.0,C4,-17.80802,56.0,93.0
EDIN,edin27,Control_202,57.0,P7,-10.06644,56.0,93.0
EDIN,edin27,Control_202,57.0,P8,-12.24297,56.0,93.0
EDIN,edin27,Control_202,57.0,O1,-11.7391,56.0,93.0
EDIN,edin27,Control_202,57.0,O2,-1.711762,56.0,93.0
EDIN,edin27,Violation_201,46.0,Pz,-2.253197,54.0,77.0
EDIN,edin27,Violation_201,46.0,Cz,-3.613635,54.0,77.0
EDIN,edin27,Violation_201,46.0,CP1,-6.922561,54.0,77.0
EDIN,edin27,Violation_201,46.0,CP2,-6.125038,54.0,77.0
EDIN,edin27,Violation_201,46.0,P3,-9.391909,54.0,77.0
EDIN,edin27,Violation_201,46.0,P4,-8.294044,54.0,77.0
EDIN,edin27,Violation_201,46.0,C3,-6.74737,54.0,77.0
EDIN,edin27,Violation_201,46.0,C4,-7.343667,54.0,77.0
EDIN,edin27,Violation_201,46.0,P7,-21.75271,54.0,77.0
EDIN,edin27,Violation_201,46.0,P8,6.241057,54.0,77.0
EDIN,edin27,Violation_201,46.0,O1,-2.654366,54.0,77.0
EDIN,edin27,Violation_201,46.0,O2,2.087314,54.0,77.0
EDIN,edin27,Control_202,41.0,Pz,-16.82868,50.0,37.0
EDIN,edin27,Control_202,41.0,Cz,-18.83552,50.0,37.0
EDIN,edin27,Control_202,41.0,CP1,-10.45411,50.0,37.0
EDIN,edin27,Control_202,41.0,CP2,-7.045007,50.0,37.0
EDIN,edin27,Control_202,41.0,P3,-9.047996,50.0,37.0
EDIN,edin27,Control_202,41.0,P4,-25.21798,50.0,37.0
EDIN,edin27,Control_202,41.0,C3,-17.39714,50.0,37.0
EDIN,edin27,Control_202,41.0,C4,-4.071138,50.0,37.0
EDIN,edin27,Control_202,41.0,P7,-10.06645,50.0,37.0
EDIN,edin27,Control_202,41.0,P8,-23.87154,50.0,37.0
EDIN,edin27,Control_202,41.0,O1,-21.99996,50.0,37.0
EDIN,edin27,Control_202,41.0,O2,-26.16127,50.0,37.0
EDIN,edin27,Violation_201,78.0,Pz,-7.931911,79.0,97.0
EDIN,edin27,Violation_201,78.0,Cz,-3.585078,79.0,97.0
EDIN,edin27,Violation_201,78.0,CP1,-10.53738,79.0,97.0
EDIN,edin27,Violation_201,78.0,CP2,-11.10572,79.0,97.0
EDIN,edin27,Violation_201,78.0,P3,-8.600536,79.0,97.0
EDIN,edin27,Violation_201,78.0,P4,3.146419,79.0,97.0
EDIN,edin27,Violation_201,78.0,C3,0.9795692,79.0,97.0
EDIN,edin27,Violation_201,78.0,C4,-12.03047,79.0,97.0
EDIN,edin27,Violation_201,78.0,P7,-11.3484,79.0,97.0
EDIN,edin27,Violation_201,78.0,P8,-4.294597,79.0,97.0
EDIN,edin27,Violation_201,78.0,O1,-3.833251,79.0,97.0
EDIN,edin27,Violation_201,78.0,O2,-11.41529,79.0,97.0
EDIN,edin27,Control_202,73.0,Pz,8.912937,77.0,100.0
EDIN,edin27,Control_202,73.0,Cz,15.08102,77.0,100.0
EDIN,edin27,Control_202,73.0,CP1,13.57042,77.0,100.0
EDIN,edin27,Control_202,73.0,CP2,0.1901488,77.0,100.0
EDIN,edin27,Control_202,73.0,P3,4.568838,77.0,100.0
EDIN,edin27,Control_202,73.0,P4,9.716904,77.0,100.0
EDIN,edin27,Control_202,73.0,C3,8.804133,77.0,100.0
EDIN,edin27,Control_202,73.0,C4,10.90618,77.0,100.0
EDIN,edin27,Control_202,73.0,P7,0.1567378,77.0,100.0
EDIN,edin27,Control_202,73.0,P8,1.087071,77.0,100.0
EDIN,edin27,Control_202,73.0,O1,10.15069,77.0,100.0
EDIN,edin27,Control_202,73.0,O2,8.755451,77.0,100.0
EDIN,edin27,Violation_201,66.0,Pz,-14.72308,76.0,90.0
EDIN,edin27,Violation_201,66.0,Cz,-15.41335,76.0,90.0
EDIN,edin27,Violation_201,66.0,CP1,-14.24097,76.0,90.0
EDIN,edin27,Violation_201,66.0,CP2,-22.71744,76.0,90.0
EDIN,edin27,Violation_201,66.0,P3,-10.88131,76.0,90.0
EDIN,edin27,Violation_201,66.0,P4,-20.33203,76.0,90.0
EDIN,edin27,Violation_201,66.0,C3,-11.75712,76.0,90.0
EDIN,edin27,Violation_201,66.0,C4,-27.33979,76.0,90.0
EDIN,edin27,Violation_201,66.0,P7,-31.01104,76.0,90.0
EDIN,edin27,Violation_201,66.0,P8,-18.281,76.0,90.0
EDIN,edin27,Violation_201,66.0,O1,-6.267197,76.0,90.0
EDIN,edin27,Violation_201,66.0,O2,-16.08027,76.0,90.0
EDIN,edin27,Violation_201,74.0,Pz,-5.444784,62.0,70.0
EDIN,edin27,Violation_201,74.0,Cz,-9.086158,62.0,70.0
EDIN,edin27,Violation_201,74.0,CP1,-14.18241,62.0,70.0
EDIN,edin27,Violation_201,74.0,CP2,-12.03124,62.0,70.0
EDIN,edin27,Violation_201,74.0,P3,-3.149158,62.0,70.0
EDIN,edin27,Violation_201,74.0,P4,-6.288244,62.0,70.0
EDIN,edin27,Violation_201,74.0,C3,-8.454554,62.0,70.0
EDIN,edin27,Violation_201,74.0,C4,-19.40835,62.0,70.0
EDIN,edin27,Violation_201,74.0,P7,-1.7031,62.0,70.0
EDIN,edin27,Violation_201,74.0,P8,-11.41795,62.0,70.0
EDIN,edin27,Violation_201,74.0,O1,-14.34462,62.0,70.0
EDIN,edin27,Violation_201,74.0,O2,-13.13704,62.0,70.0
EDIN,edin27,Control_202,77.0,Pz,4.03777,65.0,93.0
EDIN,edin27,Control_202,77.0,Cz,1.943297,65.0,93.0
EDIN,edin27,Control_202,77.0,CP1,10.03313,65.0,93.0
EDIN,edin27,Control_202,77.0,CP2,10.74631,65.0,93.0
EDIN,edin27,Control_202,77.0,P3,-1.86476,65.0,93.0
EDIN,edin27,Control_202,77.0,P4,-4.129625,65.0,93.0
EDIN,edin27,Control_202,77.0,C3,11.00132,65.0,93.0
EDIN,edin27,Control_202,77.0,C4,8.667215,65.0,93.0
EDIN,edin27,Control_202,77.0,P7,2.186616,65.0,93.0
EDIN,edin27,Control_202,77.0,P8,2.186118,65.0,93.0
EDIN,edin27,Control_202,77.0,O1,1.186285,65.0,93.0
EDIN,edin27,Control_202,77.0,O2,1.698314,65.0,93.0
EDIN,edin27,Violation_201,62.0,Pz,21.31204,78.0,97.0
EDIN,edin27,Violation_201,62.0,Cz,12.58883,78.0,97.0
EDIN,edin27,Violation_201,62.0,CP1,25.25839,78.0,97.0
EDIN,edin27,Violation_201,62.0,CP2,22.86542,78.0,97.0
EDIN,edin27,Violation_201,62.0,P3,31.97093,78.0,97.0
EDIN,edin27,Violation_201,62.0,P4,30.13476,78.0,97.0
EDIN,edin27,Violation_201,62.0,C3,15.55679,78.0,97.0
EDIN,edin27,Violation_201,62.0,C4,12.89064,78.0,97.0
EDIN,edin27,Violation_201,62.0,P7,8.743198,78.0,97.0
EDIN,edin27,Violation_201,62.0,P8,13.73442,78.0,97.0
EDIN,edin27,Violation_201,62.0,O1,21.78703,78.0,97.0
EDIN,edin27,Violation_201,62.0,O2,26.41899,78.0,97.0
EDIN,edin27,Violation_201,70.0,Pz,7.303423,66.0,23.0
EDIN,edin27,Violation_201,70.0,Cz,1.318992,66.0,23.0
EDIN,edin27,Violation_201,70.0,CP1,-13.50094,66.0,23.0
EDIN,edin27,Violation_201,70.0,CP2,-1.851392,66.0,23.0
EDIN,edin27,Violation_201,70.0,P3,4.332097,66.0,23.0
EDIN,edin27,Violation_201,70.0,P4,5.865406,66.0,23.0
EDIN,edin27,Violation_201,70.0,C3,3.263838,66.0,23.0
EDIN,edin27,Violation_201,70.0,C4,1.397528,66.0,23.0
EDIN,edin27,Violation_201,70.0,P7,-5.904499,66.0,23.0
EDIN,edin27,Violation_201,70.0,P8,-1.862719,66.0,23.0
EDIN,edin27,Violation_201,70.0,O1,8.21334,66.0,23.0
EDIN,edin27,Violation_201,70.0,O2,4.020702,66.0,23.0
EDIN,edin27,Control_202,69.0,Pz,-9.80029,75.0,60.0
EDIN,edin27,Control_202,69.0,Cz,-20.17718,75.0,60.0
EDIN,edin27,Control_202,69.0,CP1,-18.33181,75.0,60.0
EDIN,edin27,Control_202,69.0,CP2,-15.07543,75.0,60.0
EDIN,edin27,Control_202,69.0,P3,-6.765613,75.0,60.0
EDIN,edin27,Control_202,69.0,P4,-11.89596,75.0,60.0
EDIN,edin27,Control_202,69.0,C3,-12.41016,75.0,60.0
EDIN,edin27,Control_202,69.0,C4,-21.2308,75.0,60.0
EDIN,edin27,Control_202,69.0,P7,-1.530399,75.0,60.0
EDIN,edin27,Control_202,69.0,P8,-7.611856,75.0,60.0
EDIN,edin27,Control_202,69.0,O1,-5.830759,75.0,60.0
EDIN,edin27,Control_202,69.0,O2,-9.642786,75.0,60.0
EDIN,edin27,Control_202,65.0,Pz,5.891647,71.0,90.0
EDIN,edin27,Control_202,65.0,Cz,9.044619,71.0,90.0
EDIN,edin27,Control_202,65.0,CP1,-4.272631,71.0,90.0
EDIN,edin27,Control_202,65.0,CP2,2.685003,71.0,90.0
EDIN,edin27,Control_202,65.0,P3,-5.945608,71.0,90.0
EDIN,edin27,Control_202,65.0,P4,7.018506,71.0,90.0
EDIN,edin27,Control_202,65.0,C3,3.650421,71.0,90.0
EDIN,edin27,Control_202,65.0,C4,7.017649,71.0,90.0
EDIN,edin27,Control_202,65.0,P7,-12.92652,71.0,90.0
EDIN,edin27,Control_202,65.0,P8,-3.944,71.0,90.0
EDIN,edin27,Control_202,65.0,O1,4.29414,71.0,90.0
EDIN,edin27,Control_202,65.0,O2,-2.105065,71.0,90.0
EDIN,edin27,Control_202,61.0,Pz,-5.337751,72.0,90.0
EDIN,edin27,Control_202,61.0,Cz,2.734267,72.0,90.0
EDIN,edin27,Control_202,61.0,CP1,0.2198475,72.0,90.0
EDIN,edin27,Control_202,61.0,CP2,8.454205,72.0,90.0
EDIN,edin27,Control_202,61.0,P3,-19.60927,72.0,90.0
EDIN,edin27,Control_202,61.0,P4,0.6675341,72.0,90.0
EDIN,edin27,Control_202,61.0,C3,-2.262457,72.0,90.0
EDIN,edin27,Control_202,61.0,C4,4.010087,72.0,90.0
EDIN,edin27,Control_202,61.0,P7,-12.14009,72.0,90.0
EDIN,edin27,Control_202,61.0,P8,1.993197,72.0,90.0
EDIN,edin27,Control_202,61.0,O1,0.6880931,72.0,90.0
EDIN,edin27,Control_202,61.0,O2,-6.208182,72.0,90.0
EDIN,edin28,Control_202,5.0,Pz,-23.19589,10.0,80.0
EDIN,edin28,Control_202,5.0,Cz,-10.48411,10.0,80.0
EDIN,edin28,Control_202,5.0,CP1,1.418567,10.0,80.0
EDIN,edin28,Control_202,5.0,CP2,5.190773,10.0,80.0
EDIN,edin28,Control_202,5.0,P3,-11.35218,10.0,80.0
EDIN,edin28,Control_202,5.0,P4,2.533535,10.0,80.0
EDIN,edin28,Control_202,5.0,C3,-9.569056,10.0,80.0
EDIN,edin28,Control_202,5.0,C4,8.874153,10.0,80.0
EDIN,edin28,Control_202,5.0,P7,19.33439,10.0,80.0
EDIN,edin28,Control_202,5.0,P8,17.32899,10.0,80.0
EDIN,edin28,Control_202,5.0,O1,11.65879,10.0,80.0
EDIN,edin28,Control_202,5.0,O2,3.955932,10.0,80.0
EDIN,edin28,Violation_201,14.0,Pz,-53.24818,6.0,100.0
EDIN,edin28,Violation_201,14.0,Cz,-35.57804,6.0,100.0
EDIN,edin28,Violation_201,14.0,CP1,-54.93741,6.0,100.0
EDIN,edin28,Violation_201,14.0,CP2,-46.0177,6.0,100.0
EDIN,edin28,Violation_201,14.0,P3,-16.61162,6.0,100.0
EDIN,edin28,Violation_201,14.0,P4,-16.4598,6.0,100.0
EDIN,edin28,Violation_201,14.0,C3,-40.305,6.0,100.0
EDIN,edin28,Violation_201,14.0,C4,-43.37386,6.0,100.0
EDIN,edin28,Violation_201,14.0,P7,-5.877839,6.0,100.0
EDIN,edin28,Violation_201,14.0,P8,-14.8499,6.0,100.0
EDIN,edin28,Violation_201,14.0,O1,-12.34868,6.0,100.0
EDIN,edin28,Violation_201,14.0,O2,-17.84491,6.0,100.0
EDIN,edin28,Control_202,17.0,Pz,3.962272,12.0,100.0
EDIN,edin28,Control_202,17.0,Cz,-4.663502,12.0,100.0
EDIN,edin28,Control_202,17.0,CP1,18.60095,12.0,100.0
EDIN,edin28,Control_202,17.0,CP2,16.07714,12.0,100.0
EDIN,edin28,Control_202,17.0,P3,32.24246,12.0,100.0
EDIN,edin28,Control_202,17.0,P4,14.77314,12.0,100.0
EDIN,edin28,Control_202,17.0,C3,13.37559,12.0,100.0
EDIN,edin28,Control_202,17.0,C4,13.41861,12.0,100.0
EDIN,edin28,Control_202,17.0,P7,8.480112,12.0,100.0
EDIN,edin28,Control_202,17.0,P8,5.941047,12.0,100.0
EDIN,edin28,Control_202,17.0,O1,13.47064,12.0,100.0
EDIN,edin28,Control_202,17.0,O2,5.375233,12.0,100.0
EDIN,edin28,Violation_201,10.0,Pz,-7.355912,8.0,97.0
EDIN,edin28,Violation_201,10.0,Cz,-15.0191,8.0,97.0
EDIN,edin28,Violation_201,10.0,CP1,-15.19736,8.0,97.0
EDIN,edin28,Violation_201,10.0,CP2,-4.466739,8.0,97.0
EDIN,edin28,Violation_201,10.0,P3,-7.605308,8.0,97.0
EDIN,edin28,Violation_201,10.0,P4,-0.6256293,8.0,97.0
EDIN,edin28,Violation_201,10.0,C3,-30.17715,8.0,97.0
EDIN,edin28,Violation_201,10.0,C4,-7.181807,8.0,97.0
EDIN,edin28,Violation_201,10.0,P7,-12.24605,8.0,97.0
EDIN,edin28,Violation_201,10.0,P8,-14.98378,8.0,97.0
EDIN,edin28,Violation_201,10.0,O1,-9.442272,8.0,97.0
EDIN,edin28,Violation_201,10.0,O2,-1.096535,8.0,97.0
EDIN,edin28,Control_202,9.0,Pz,-11.35441,20.0,90.0
EDIN,edin28,Control_202,9.0,Cz,-27.14598,20.0,90.0
EDIN,edin28,Control_202,9.0,CP1,0.666162,20.0,90.0
EDIN,edin28,Control_202,9.0,CP2,4.126177,20.0,90.0
EDIN,edin28,Control_202,9.0,P3,4.273816,20.0,90.0
EDIN,edin28,Control_202,9.0,P4,13.36816,20.0,90.0
EDIN,edin28,Control_202,9.0,C3,-20.07525,20.0,90.0
EDIN,edin28,Control_202,9.0,C4,-0.05539802,20.0,90.0
EDIN,edin28,Control_202,9.0,P7,1.46158,20.0,90.0
EDIN,edin28,Control_202,9.0,P8,0.9128599,20.0,90.0
EDIN,edin28,Control_202,9.0,O1,-2.367035,20.0,90.0
EDIN,edin28,Control_202,9.0,O2,17.89478,20.0,90.0
EDIN,edin28,Control_202,1.0,Pz,22.77957,5.0,93.0
EDIN,edin28,Control_202,1.0,Cz,9.162033,5.0,93.0
EDIN,edin28,Control_202,1.0,CP1,34.74926,5.0,93.0
EDIN,edin28,Control_202,1.0,CP2,28.69106,5.0,93.0
EDIN,edin28,Control_202,1.0,P3,-15.06252,5.0,93.0
EDIN,edin28,Control_202,1.0,P4,-0.6599444,5.0,93.0
EDIN,edin28,Control_202,1.0,C3,35.30267,5.0,93.0
EDIN,edin28,Control_202,1.0,C4,27.28971,5.0,93.0
EDIN,edin28,Control_202,1.0,P7,9.300394,5.0,93.0
EDIN,edin28,Control_202,1.0,P8,10.62422,5.0,93.0
EDIN,edin28,Control_202,1.0,O1,19.26349,5.0,93.0
EDIN,edin28,Control_202,1.0,O2,2.173145,5.0,93.0
EDIN,edin28,Violation_201,18.0,Pz,7.602854,11.0,87.0
EDIN,edin28,Violation_201,18.0,Cz,-20.9384,11.0,87.0
EDIN,edin28,Violation_201,18.0,CP1,-19.82047,11.0,87.0
EDIN,edin28,Violation_201,18.0,CP2,-15.53145,11.0,87.0
EDIN,edin28,Violation_201,18.0,P3,-37.56741,11.0,87.0
EDIN,edin28,Violation_201,18.0,P4,-16.61294,11.0,87.0
EDIN,edin28,Violation_201,18.0,C3,-17.0856,11.0,87.0
EDIN,edin28,Violation_201,18.0,C4,-17.05128,11.0,87.0
EDIN,edin28,Violation_201,18.0,P7,-11.29275,11.0,87.0
EDIN,edin28,Violation_201,18.0,P8,-6.915854,11.0,87.0
EDIN,edin28,Violation_201,18.0,O1,-8.035106,11.0,87.0
EDIN,edin28,Violation_201,18.0,O2,-23.70122,11.0,87.0
EDIN,edin28,Violation_201,6.0,Pz,-12.59987,9.0,93.0
EDIN,edin28,Violation_201,6.0,Cz,-12.05488,9.0,93.0
EDIN,edin28,Violation_201,6.0,CP1,-22.35459,9.0,93.0
EDIN,edin28,Violation_201,6.0,CP2,-12.50905,9.0,93.0
EDIN,edin28,Violation_201,6.0,P3,1.828534,9.0,93.0
EDIN,edin28,Violation_201,6.0,P4,8.643468,9.0,93.0
EDIN,edin28,Violation_201,6.0,C3,-12.32629,9.0,93.0
EDIN,edin28,Violation_201,6.0,C4,-10.22878,9.0,93.0
EDIN,edin28,Violation_201,6.0,P7,3.603924,9.0,93.0
EDIN,edin28,Violation_201,6.0,P8,21.13886,9.0,93.0
EDIN,edin28,Violation_201,6.0,O1,4.701495,9.0,93.0
EDIN,edin28,Violation_201,6.0,O2,23.83339,9.0,93.0
EDIN,edin28,Control_202,13.0,Pz,26.84991,15.0,90.0
EDIN,edin28,Control_202,13.0,Cz,-2.13314,15.0,90.0
EDIN,edin28,Control_202,13.0,CP1,-1.560947,15.0,90.0
EDIN,edin28,Control_202,13.0,CP2,-1.89402,15.0,90.0
EDIN,edin28,Control_202,13.0,P3,18.78806,15.0,90.0
EDIN,edin28,Control_202,13.0,P4,15.27886,15.0,90.0
EDIN,edin28,Control_202,13.0,C3,-7.013338,15.0,90.0
EDIN,edin28,Control_202,13.0,C4,-2.979358,15.0,90.0
EDIN,edin28,Control_202,13.0,P7,-1.801297,15.0,90.0
EDIN,edin28,Control_202,13.0,P8,-1.148546,15.0,90.0
EDIN,edin28,Control_202,13.0,O1,2.203202,15.0,90.0
EDIN,edin28,Control_202,13.0,O2,16.94029,15.0,90.0
EDIN,edin28,Violation_201,2.0,Pz,-2.85157,14.0,90.0
EDIN,edin28,Violation_201,2.0,Cz,1.06017,14.0,90.0
EDIN,edin28,Violation_201,2.0,CP1,-11.77127,14.0,90.0
EDIN,edin28,Violation_201,2.0,CP2,-4.187045,14.0,90.0
EDIN,edin28,Violation_201,2.0,P3,-27.90223,14.0,90.0
EDIN,edin28,Violation_201,2.0,P4,2.359133,14.0,90.0
EDIN,edin28,Violation_201,2.0,C3,-13.56973,14.0,90.0
EDIN,edin28,Violation_201,2.0,C4,0.03542911,14.0,90.0
EDIN,edin28,Violation_201,2.0,P7,-4.285793,14.0,90.0
EDIN,edin28,Violation_201,2.0,P8,7.075529,14.0,90.0
EDIN,edin28,Violation_201,2.0,O1,8.638834,14.0,90.0
EDIN,edin28,Violation_201,2.0,O2,-1.149296,14.0,90.0
EDIN,edin28,Control_202,33.0,Pz,-7.474881,29.0,90.0
EDIN,edin28,Control_202,33.0,Cz,-11.73623,29.0,90.0
EDIN,edin28,Control_202,33.0,CP1,-10.4924,29.0,90.0
EDIN,edin28,Control_202,33.0,CP2,-12.02155,29.0,90.0
EDIN,edin28,Control_202,33.0,P3,-20.62602,29.0,90.0
EDIN,edin28,Control_202,33.0,P4,-3.179256,29.0,90.0
EDIN,edin28,Control_202,33.0,C3,-1.727039,29.0,90.0
EDIN,edin28,Control_202,33.0,C4,-7.735481,29.0,90.0
EDIN,edin28,Control_202,33.0,P7,-4.501403,29.0,90.0
EDIN,edin28,Control_202,33.0,P8,-5.57876,29.0,90.0
EDIN,edin28,Control_202,33.0,O1,2.503858,29.0,90.0
EDIN,edin28,Control_202,33.0,O2,3.289749,29.0,90.0
EDIN,edin28,Violation_201,38.0,Pz,15.03581,40.0,93.0
EDIN,edin28,Violation_201,38.0,Cz,2.698965,40.0,93.0
EDIN,edin28,Violation_201,38.0,CP1,-5.223721,40.0,93.0
EDIN,edin28,Violation_201,38.0,CP2,1.499142,40.0,93.0
EDIN,edin28,Violation_201,38.0,P3,4.446158,40.0,93.0
EDIN,edin28,Violation_201,38.0,P4,5.8003,40.0,93.0
EDIN,edin28,Violation_201,38.0,C3,-8.258469,40.0,93.0
EDIN,edin28,Violation_201,38.0,C4,6.393678,40.0,93.0
EDIN,edin28,Violation_201,38.0,P7,2.255779,40.0,93.0
EDIN,edin28,Violation_201,38.0,P8,-7.701478,40.0,93.0
EDIN,edin28,Violation_201,38.0,O1,-2.76114,40.0,93.0
EDIN,edin28,Violation_201,38.0,O2,1.963423,40.0,93.0
EDIN,edin28,Control_202,37.0,Pz,29.62383,21.0,77.0
EDIN,edin28,Control_202,37.0,Cz,7.372072,21.0,77.0
EDIN,edin28,Control_202,37.0,CP1,21.60753,21.0,77.0
EDIN,edin28,Control_202,37.0,CP2,13.70109,21.0,77.0
EDIN,edin28,Control_202,37.0,P3,31.68613,21.0,77.0
EDIN,edin28,Control_202,37.0,P4,30.79654,21.0,77.0
EDIN,edin28,Control_202,37.0,C3,-0.1124903,21.0,77.0
EDIN,edin28,Control_202,37.0,C4,11.42567,21.0,77.0
EDIN,edin28,Control_202,37.0,P7,-6.889465,21.0,77.0
EDIN,edin28,Control_202,37.0,P8,-2.116519,21.0,77.0
EDIN,edin28,Control_202,37.0,O1,8.248631,21.0,77.0
EDIN,edin28,Control_202,37.0,O2,21.49929,21.0,77.0
EDIN,edin28,Violation_201,30.0,Pz,33.95234,30.0,90.0
EDIN,edin28,Violation_201,30.0,Cz,23.01218,30.0,90.0
EDIN,edin28,Violation_201,30.0,CP1,38.09415,30.0,90.0
EDIN,edin28,Violation_201,30.0,CP2,21.01563,30.0,90.0
EDIN,edin28,Violation_201,30.0,P3,34.89874,30.0,90.0
EDIN,edin28,Violation_201,30.0,P4,17.54086,30.0,90.0
EDIN,edin28,Violation_201,30.0,C3,43.29322,30.0,90.0
EDIN,edin28,Violation_201,30.0,C4,27.28128,30.0,90.0
EDIN,edin28,Violation_201,30.0,P7,-0.5998614,30.0,90.0
EDIN,edin28,Violation_201,30.0,P8,2.614551,30.0,90.0
EDIN,edin28,Violation_201,30.0,O1,5.320488,30.0,90.0
EDIN,edin28,Violation_201,30.0,O2,30.23326,30.0,90.0
EDIN,edin28,Violation_201,22.0,Pz,31.9792,23.0,93.0
EDIN,edin28,Violation_201,22.0,Cz,23.14116,23.0,93.0
EDIN,edin28,Violation_201,22.0,CP1,40.45268,23.0,93.0
EDIN,edin28,Violation_201,22.0,CP2,28.60065,23.0,93.0
EDIN,edin28,Violation_201,22.0,P3,14.83026,23.0,93.0
EDIN,edin28,Violation_201,22.0,P4,8.780112,23.0,93.0
EDIN,edin28,Violation_201,22.0,C3,33.4865,23.0,93.0
EDIN,edin28,Violation_201,22.0,C4,25.27559,23.0,93.0
EDIN,edin28,Violation_201,22.0,P7,19.36776,23.0,93.0
EDIN,edin28,Violation_201,22.0,P8,13.90297,23.0,93.0
EDIN,edin28,Violation_201,22.0,O1,26.84321,23.0,93.0
EDIN,edin28,Violation_201,22.0,O2,5.281691,23.0,93.0
EDIN,edin28,Violation_201,29.0,Pz,51.93052,28.0,27.0
EDIN,edin28,Violation_201,29.0,Cz,24.15547,28.0,27.0
EDIN,edin28,Violation_201,29.0,CP1,63.46227,28.0,27.0
EDIN,edin28,Violation_201,29.0,CP2,26.10618,28.0,27.0
EDIN,edin28,Violation_201,29.0,P3,4.403088,28.0,27.0
EDIN,edin28,Violation_201,29.0,P4,19.21215,28.0,27.0
EDIN,edin28,Violation_201,29.0,C3,31.8284,28.0,27.0
EDIN,edin28,Violation_201,29.0,C4,58.564,28.0,27.0
EDIN,edin28,Violation_201,29.0,P7,20.10518,28.0,27.0
EDIN,edin28,Violation_201,29.0,P8,7.356474,28.0,27.0
EDIN,edin28,Violation_201,29.0,O1,18.92042,28.0,27.0
EDIN,edin28,Violation_201,29.0,O2,-0.8585016,28.0,27.0
EDIN,edin28,Violation_201,26.0,Pz,15.6965,24.0,93.0
EDIN,edin28,Violation_201,26.0,Cz,-3.084486,24.0,93.0
EDIN,edin28,Violation_201,26.0,CP1,-6.206876,24.0,93.0
EDIN,edin28,Violation_201,26.0,CP2,-1.973856,24.0,93.0
EDIN,edin28,Violation_201,26.0,P3,56.62494,24.0,93.0
EDIN,edin28,Violation_201,26.0,P4,19.1548,24.0,93.0
EDIN,edin28,Violation_201,26.0,C3,15.3688,24.0,93.0
EDIN,edin28,Violation_201,26.0,C4,-1.360667,24.0,93.0
EDIN,edin28,Violation_201,26.0,P7,18.31934,24.0,93.0
EDIN,edin28,Violation_201,26.0,P8,7.196445,24.0,93.0
EDIN,edin28,Violation_201,26.0,O1,11.46181,24.0,93.0
EDIN,edin28,Violation_201,26.0,O2,42.67402,24.0,93.0
EDIN,edin28,Violation_201,34.0,Pz,-52.33091,26.0,87.0
EDIN,edin28,Violation_201,34.0,Cz,-14.75383,26.0,87.0
EDIN,edin28,Violation_201,34.0,CP1,-37.36085,26.0,87.0
EDIN,edin28,Violation_201,34.0,CP2,-30.58102,26.0,87.0
EDIN,edin28,Violation_201,34.0,P3,-48.52971,26.0,87.0
EDIN,edin28,Violation_201,34.0,P4,-28.52497,26.0,87.0
EDIN,edin28,Violation_201,34.0,C3,-33.90508,26.0,87.0
EDIN,edin28,Violation_201,34.0,C4,-28.26962,26.0,87.0
EDIN,edin28,Violation_201,34.0,P7,-19.64131,26.0,87.0
EDIN,edin28,Violation_201,34.0,P8,-9.72682,26.0,87.0
EDIN,edin28,Violation_201,34.0,O1,-16.44741,26.0,87.0
EDIN,edin28,Violation_201,34.0,O2,-25.6906,26.0,87.0
EDIN,edin28,Control_202,25.0,Pz,-2.189677,36.0,77.0
EDIN,edin28,Control_202,25.0,Cz,3.676377,36.0,77.0
EDIN,edin28,Control_202,25.0,CP1,-16.8295,36.0,77.0
EDIN,edin28,Control_202,25.0,CP2,-15.56184,36.0,77.0
EDIN,edin28,Control_202,25.0,P3,54.16646,36.0,77.0
EDIN,edin28,Control_202,25.0,P4,15.54617,36.0,77.0
EDIN,edin28,Control_202,25.0,C3,1.196574,36.0,77.0
EDIN,edin28,Control_202,25.0,C4,8.491561,36.0,77.0
EDIN,edin28,Control_202,25.0,P7,-0.2311787,36.0,77.0
EDIN,edin28,Control_202,25.0,P8,-6.413402,36.0,77.0
EDIN,edin28,Control_202,25.0,O1,-6.321112,36.0,77.0
EDIN,edin28,Control_202,25.0,O2,10.76745,36.0,77.0
EDIN,edin28,Control_202,21.0,Pz,-14.58566,33.0,53.0
EDIN,edin28,Control_202,21.0,Cz,-16.85542,33.0,53.0
EDIN,edin28,Control_202,21.0,CP1,-31.86635,33.0,53.0
EDIN,edin28,Control_202,21.0,CP2,-12.54909,33.0,53.0
EDIN,edin28,Control_202,21.0,P3,23.74037,33.0,53.0
EDIN,edin28,Control_202,21.0,P4,3.044223,33.0,53.0
EDIN,edin28,Control_202,21.0,C3,-21.31018,33.0,53.0
EDIN,edin28,Control_202,21.0,C4,-9.153503,33.0,53.0
EDIN,edin28,Control_202,21.0,P7,-16.40813,33.0,53.0
EDIN,edin28,Control_202,21.0,P8,12.29136,33.0,53.0
EDIN,edin28,Control_202,21.0,O1,-9.831797,33.0,53.0
EDIN,edin28,Control_202,21.0,O2,-0.6811453,33.0,53.0
EDIN,edin28,Control_202,41.0,Pz,15.39602,44.0,90.0
EDIN,edin28,Control_202,41.0,Cz,-5.021082,44.0,90.0
EDIN,edin28,Control_202,41.0,CP1,-10.01457,44.0,90.0
EDIN,edin28,Control_202,41.0,CP2,-10.7556,44.0,90.0
EDIN,edin28,Control_202,41.0,P3,17.8107,44.0,90.0
EDIN,edin28,Control_202,41.0,P4,8.377973,44.0,90.0
EDIN,edin28,Control_202,41.0,C3,-1.278121,44.0,90.0
EDIN,edin28,Control_202,41.0,C4,-15.59846,44.0,90.0
EDIN,edin28,Control_202,41.0,P7,-1.53405,44.0,90.0
EDIN,edin28,Control_202,41.0,P8,-20.67523,44.0,90.0
EDIN,edin28,Control_202,41.0,O1,-3.616613,44.0,90.0
EDIN,edin28,Control_202,41.0,O2,25.11543,44.0,90.0
EDIN,edin28,Control_202,53.0,Pz,22.49201,57.0,69.0
EDIN,edin28,Control_202,53.0,Cz,-27.89948,57.0,69.0
EDIN,edin28,Control_202,53.0,CP1,-5.643463,57.0,69.0
EDIN,edin28,Control_202,53.0,CP2,-11.55624,57.0,69.0
EDIN,edin28,Control_202,53.0,P3,4.992682,57.0,69.0
EDIN,edin28,Control_202,53.0,P4,6.064476,57.0,69.0
EDIN,edin28,Control_202,53.0,C3,7.019464,57.0,69.0
EDIN,edin28,Control_202,53.0,C4,-8.596347,57.0,69.0
EDIN,edin28,Control_202,53.0,P7,-3.28025,57.0,69.0
EDIN,edin28,Control_202,53.0,P8,-10.4763,57.0,69.0
EDIN,edin28,Control_202,53.0,O1,-7.090678,57.0,69.0
EDIN,edin28,Control_202,53.0,O2,8.268015,57.0,69.0
EDIN,edin28,Violation_201,46.0,Pz,15.26284,46.0,63.0
EDIN,edin28,Violation_201,46.0,Cz,23.58933,46.0,63.0
EDIN,edin28,Violation_201,46.0,CP1,11.66241,46.0,63.0
EDIN,edin28,Violation_201,46.0,CP2,9.975495,46.0,63.0
EDIN,edin28,Violation_201,46.0,P3,15.49447,46.0,63.0
EDIN,edin28,Violation_201,46.0,P4,19.34315,46.0,63.0
EDIN,edin28,Violation_201,46.0,C3,11.72723,46.0,63.0
EDIN,edin28,Violation_201,46.0,C4,-0.998687,46.0,63.0
EDIN,edin28,Violation_201,46.0,P7,-5.006089,46.0,63.0
EDIN,edin28,Violation_201,46.0,P8,9.314621,46.0,63.0
EDIN,edin28,Violation_201,46.0,O1,0.866778,46.0,63.0
EDIN,edin28,Violation_201,46.0,O2,31.60103,46.0,63.0
EDIN,edin28,Violation_201,54.0,Pz,-10.38839,49.0,40.0
EDIN,edin28,Violation_201,54.0,Cz,18.09705,49.0,40.0
EDIN,edin28,Violation_201,54.0,CP1,-5.884611,49.0,40.0
EDIN,edin28,Violation_201,54.0,CP2,-5.342941,49.0,40.0
EDIN,edin28,Violation_201,54.0,P3,7.950428,49.0,40.0
EDIN,edin28,Violation_201,54.0,P4,5.040628,49.0,40.0
EDIN,edin28,Violation_201,54.0,C3,-14.13329,49.0,40.0
EDIN,edin28,Violation_201,54.0,C4,-9.097556,49.0,40.0
EDIN,edin28,Violation_201,54.0,P7,6.260017,49.0,40.0
EDIN,edin28,Violation_201,54.0,P8,10.47411,49.0,40.0
EDIN,edin28,Violation_201,54.0,O1,7.895626,49.0,40.0
EDIN,edin28,Violation_201,54.0,O2,-5.172793,49.0,40.0
EDIN,edin28,Violation_201,50.0,Pz,52.92072,43.0,93.0
EDIN,edin28,Violation_201,50.0,Cz,-1.52029,43.0,93.0
EDIN,edin28,Violation_201,50.0,CP1,13.1137,43.0,93.0
EDIN,edin28,Violation_201,50.0,CP2,9.258421,43.0,93.0
EDIN,edin28,Violation_201,50.0,P3,28.01753,43.0,93.0
EDIN,edin28,Violation_201,50.0,P4,33.86168,43.0,93.0
EDIN,edin28,Violation_201,50.0,C3,27.62141,43.0,93.0
EDIN,edin28,Violation_201,50.0,C4,6.599031,43.0,93.0
EDIN,edin28,Violation_201,50.0,P7,6.767244,43.0,93.0
EDIN,edin28,Violation_201,50.0,P8,-1.449617,43.0,93.0
EDIN,edin28,Violation_201,50.0,O1,11.71522,43.0,93.0
EDIN,edin28,Violation_201,50.0,O2,20.97432,43.0,93.0
EDIN,edin28,Control_202,57.0,Pz,25.09813,47.0,100.0
EDIN,edin28,Control_202,57.0,Cz,-0.329982,47.0,100.0
EDIN,edin28,Control_202,57.0,CP1,17.34998,47.0,100.0
EDIN,edin28,Control_202,57.0,CP2,22.31789,47.0,100.0
EDIN,edin28,Control_202,57.0,P3,-8.794827,47.0,100.0
EDIN,edin28,Control_202,57.0,P4,-4.516348,47.0,100.0
EDIN,edin28,Control_202,57.0,C3,38.80601,47.0,100.0
EDIN,edin28,Control_202,57.0,C4,19.09943,47.0,100.0
EDIN,edin28,Control_202,57.0,P7,-13.75399,47.0,100.0
EDIN,edin28,Control_202,57.0,P8,-3.860631,47.0,100.0
EDIN,edin28,Control_202,57.0,O1,-5.903863,47.0,100.0
EDIN,edin28,Control_202,57.0,O2,-0.2166283,47.0,100.0
EDIN,edin28,Control_202,49.0,Pz,-0.8728454,52.0,87.0
EDIN,edin28,Control_202,49.0,Cz,12.217,52.0,87.0
EDIN,edin28,Control_202,49.0,CP1,-5.736409,52.0,87.0
EDIN,edin28,Control_202,49.0,CP2,3.088375,52.0,87.0
EDIN,edin28,Control_202,49.0,P3,24.25776,52.0,87.0
EDIN,edin28,Control_202,49.0,P4,15.71973,52.0,87.0
EDIN,edin28,Control_202,49.0,C3,14.95514,52.0,87.0
EDIN,edin28,Control_202,49.0,C4,8.088616,52.0,87.0
EDIN,edin28,Control_202,49.0,P7,5.033773,52.0,87.0
EDIN,edin28,Control_202,49.0,P8,21.91173,52.0,87.0
EDIN,edin28,Control_202,49.0,O1,13.22131,52.0,87.0
EDIN,edin28,Control_202,49.0,O2,32.20406,52.0,87.0
EDIN,edin28,Violation_201,58.0,Pz,35.56676,56.0,93.0
EDIN,edin28,Violation_201,58.0,Cz,22.08588,56.0,93.0
EDIN,edin28,Violation_201,58.0,CP1,50.59095,56.0,93.0
EDIN,edin28,Violation_201,58.0,CP2,51.13087,56.0,93.0
EDIN,edin28,Violation_201,58.0,P3,14.98691,56.0,93.0
EDIN,edin28,Violation_201,58.0,P4,13.80665,56.0,93.0
EDIN,edin28,Violation_201,58.0,C3,14.66856,56.0,93.0
EDIN,edin28,Violation_201,58.0,C4,32.23757,56.0,93.0
EDIN,edin28,Violation_201,58.0,P7,20.41331,56.0,93.0
EDIN,edin28,Violation_201,58.0,P8,26.08212,56.0,93.0
EDIN,edin28,Violation_201,58.0,O1,27.99876,56.0,93.0
EDIN,edin28,Violation_201,58.0,O2,20.70646,56.0,93.0
EDIN,edin28,Violation_201,42.0,Pz,1.257049,41.0,100.0
EDIN,edin28,Violation_201,42.0,Cz,4.935391,41.0,100.0
EDIN,edin28,Violation_201,42.0,CP1,-1.510784,41.0,100.0
EDIN,edin28,Violation_201,42.0,CP2,2.11792,41.0,100.0
EDIN,edin28,Violation_201,42.0,P3,-0.1817786,41.0,100.0
EDIN,edin28,Violation_201,42.0,P4,4.849744,41.0,100.0
EDIN,edin28,Violation_201,42.0,C3,0.5811093,41.0,100.0
EDIN,edin28,Violation_201,42.0,C4,-4.506342,41.0,100.0
EDIN,edin28,Violation_201,42.0,P7,4.587561,41.0,100.0
EDIN,edin28,Violation_201,42.0,P8,-1.511898,41.0,100.0
EDIN,edin28,Violation_201,42.0,O1,11.3707,41.0,100.0
EDIN,edin28,Violation_201,42.0,O2,17.73979,41.0,100.0
EDIN,edin28,Control_202,45.0,Pz,4.839947,55.0,93.0
EDIN,edin28,Control_202,45.0,Cz,-13.05069,55.0,93.0
EDIN,edin28,Control_202,45.0,CP1,1.946591,55.0,93.0
EDIN,edin28,Control_202,45.0,CP2,10.39454,55.0,93.0
EDIN,edin28,Control_202,45.0,P3,-31.19542,55.0,93.0
EDIN,edin28,Control_202,45.0,P4,-10.49316,55.0,93.0
EDIN,edin28,Control_202,45.0,C3,9.704476,55.0,93.0
EDIN,edin28,Control_202,45.0,C4,2.082233,55.0,93.0
EDIN,edin28,Control_202,45.0,P7,-3.507141,55.0,93.0
EDIN,edin28,Control_202,45.0,P8,-2.009461,55.0,93.0
EDIN,edin28,Control_202,45.0,O1,-7.025119,55.0,93.0
EDIN,edin28,Control_202,45.0,O2,-18.53631,55.0,93.0
EDIN,edin28,Control_202,65.0,Pz,16.9947,72.0,90.0
EDIN,edin28,Control_202,65.0,Cz,15.40176,72.0,90.0
EDIN,edin28,Control_202,65.0,CP1,12.13343,72.0,90.0
EDIN,edin28,Control_202,65.0,CP2,3.324286,72.0,90.0
EDIN,edin28,Control_202,65.0,P3,-15.66594,72.0,90.0
EDIN,edin28,Control_202,65.0,P4,19.34398,72.0,90.0
EDIN,edin28,Control_202,65.0,C3,9.109208,72.0,90.0
EDIN,edin28,Control_202,65.0,C4,1.197833,72.0,90.0
EDIN,edin28,Control_202,65.0,P7,4.398126,72.0,90.0
EDIN,edin28,Control_202,65.0,P8,-4.080232,72.0,90.0
EDIN,edin28,Control_202,65.0,O1,6.469288,72.0,90.0
EDIN,edin28,Control_202,65.0,O2,2.572955,72.0,90.0
EDIN,edin28,Control_202,77.0,Pz,-21.39733,63.0,83.0
EDIN,edin28,Control_202,77.0,Cz,-0.08501542,63.0,83.0
EDIN,edin28,Control_202,77.0,CP1,-24.41475,63.0,83.0
EDIN,edin28,Control_202,77.0,CP2,-21.94611,63.0,83.0
EDIN,edin28,Control_202,77.0,P3,-19.21795,63.0,83.0
EDIN,edin28,Control_202,77.0,P4,-15.19632,63.0,83.0
EDIN,edin28,Control_202,77.0,C3,-25.32923,63.0,83.0
EDIN,edin28,Control_202,77.0,C4,-19.93323,63.0,83.0
EDIN,edin28,Control_202,77.0,P7,-11.3819,63.0,83.0
EDIN,edin28,Control_202,77.0,P8,-10.72608,63.0,83.0
EDIN,edin28,Control_202,77.0,O1,3.992933,63.0,83.0
EDIN,edin28,Control_202,77.0,O2,0.194947,63.0,83.0
EDIN,edin28,Violation_201,78.0,Pz,-9.049064,80.0,97.0
EDIN,edin28,Violation_201,78.0,Cz,-14.16896,80.0,97.0
EDIN,edin28,Violation_201,78.0,CP1,-6.183747,80.0,97.0
EDIN,edin28,Violation_201,78.0,CP2,2.885844,80.0,97.0
EDIN,edin28,Violation_201,78.0,P3,33.99461,80.0,97.0
EDIN,edin28,Violation_201,78.0,P4,11.30389,80.0,97.0
EDIN,edin28,Violation_201,78.0,C3,11.48834,80.0,97.0
EDIN,edin28,Violation_201,78.0,C4,18.31478,80.0,97.0
EDIN,edin28,Violation_201,78.0,P7,5.732641,80.0,97.0
EDIN,edin28,Violation_201,78.0,P8,26.67206,80.0,97.0
EDIN,edin28,Violation_201,78.0,O1,0.1802333,80.0,97.0
EDIN,edin28,Violation_201,78.0,O2,24.23144,80.0,97.0
EDIN,edin28,Violation_201,66.0,Pz,41.41575,64.0,50.0
EDIN,edin28,Violation_201,66.0,Cz,12.79731,64.0,50.0
EDIN,edin28,Violation_201,66.0,CP1,15.98066,64.0,50.0
EDIN,edin28,Violation_201,66.0,CP2,20.3482,64.0,50.0
EDIN,edin28,Violation_201,66.0,P3,20.52111,64.0,50.0
EDIN,edin28,Violation_201,66.0,P4,14.33006,64.0,50.0
EDIN,edin28,Violation_201,66.0,C3,5.687339,64.0,50.0
EDIN,edin28,Violation_201,66.0,C4,17.43431,64.0,50.0
EDIN,edin28,Violation_201,66.0,P7,9.654009,64.0,50.0
EDIN,edin28,Violation_201,66.0,P8,15.26764,64.0,50.0
EDIN,edin28,Violation_201,66.0,O1,21.4414,64.0,50.0
EDIN,edin28,Violation_201,66.0,O2,3.723458,64.0,50.0
EDIN,edin28,Violation_201,70.0,Pz,4.461427,70.0,57.0
EDIN,edin28,Violation_201,70.0,Cz,0.3846797,70.0,57.0
EDIN,edin28,Violation_201,70.0,CP1,-7.622487,70.0,57.0
EDIN,edin28,Violation_201,70.0,CP2,-8.743551,70.0,57.0
EDIN,edin28,Violation_201,70.0,P3,16.98577,70.0,57.0
EDIN,edin28,Violation_201,70.0,P4,18.24735,70.0,57.0
EDIN,edin28,Violation_201,70.0,C3,-1.251613,70.0,57.0
EDIN,edin28,Violation_201,70.0,C4,3.449836,70.0,57.0
EDIN,edin28,Violation_201,70.0,P7,-4.064543,70.0,57.0
EDIN,edin28,Violation_201,70.0,P8,-5.32988,70.0,57.0
EDIN,edin28,Violation_201,70.0,O1,-5.79568,70.0,57.0
EDIN,edin28,Violation_201,70.0,O2,22.60668,70.0,57.0
EDIN,edin28,Control_202,69.0,Pz,-6.639307,66.0,23.0
EDIN,edin28,Control_202,69.0,Cz,9.671734,66.0,23.0
EDIN,edin28,Control_202,69.0,CP1,-1.385066,66.0,23.0
EDIN,edin28,Control_202,69.0,CP2,-8.670753,66.0,23.0
EDIN,edin28,Control_202,69.0,P3,3.050873,66.0,23.0
EDIN,edin28,Control_202,69.0,P4,9.420854,66.0,23.0
EDIN,edin28,Control_202,69.0,C3,9.2161,66.0,23.0
EDIN,edin28,Control_202,69.0,C4,3.605963,66.0,23.0
EDIN,edin28,Control_202,69.0,P7,19.83739,66.0,23.0
EDIN,edin28,Control_202,69.0,P8,14.68484,66.0,23.0
EDIN,edin28,Control_202,69.0,O1,-0.2415402,66.0,23.0
EDIN,edin28,Control_202,69.0,O2,-11.32113,66.0,23.0
EDIN,edin28,Control_202,73.0,Pz,-13.16524,79.0,97.0
EDIN,edin28,Control_202,73.0,Cz,-19.77524,79.0,97.0
EDIN,edin28,Control_202,73.0,CP1,-18.24348,79.0,97.0
EDIN,edin28,Control_202,73.0,CP2,-6.608425,79.0,97.0
EDIN,edin28,Control_202,73.0,P3,-39.13934,79.0,97.0
EDIN,edin28,Control_202,73.0,P4,-24.62596,79.0,97.0
EDIN,edin28,Control_202,73.0,C3,2.715606,79.0,97.0
EDIN,edin28,Control_202,73.0,C4,-3.647694,79.0,97.0
EDIN,edin28,Control_202,73.0,P7,-7.326047,79.0,97.0
EDIN,edin28,Control_202,73.0,P8,1.286797,79.0,97.0
EDIN,edin28,Control_202,73.0,O1,-23.55935,79.0,97.0
EDIN,edin28,Control_202,73.0,O2,-27.19866,79.0,97.0
EDIN,edin28,Violation_201,62.0,Pz,25.09839,65.0,93.0
EDIN,edin28,Violation_201,62.0,Cz,-19.51118,65.0,93.0
EDIN,edin28,Violation_201,62.0,CP1,28.66182,65.0,93.0
EDIN,edin28,Violation_201,62.0,CP2,16.58228,65.0,93.0
EDIN,edin28,Violation_201,62.0,P3,10.65602,65.0,93.0
EDIN,edin28,Violation_201,62.0,P4,0.4924287,65.0,93.0
EDIN,edin28,Violation_201,62.0,C3,11.14106,65.0,93.0
EDIN,edin28,Violation_201,62.0,C4,31.26435,65.0,93.0
EDIN,edin28,Violation_201,62.0,P7,2.591141,65.0,93.0
EDIN,edin28,Violation_201,62.0,P8,7.176479,65.0,93.0
EDIN,edin28,Violation_201,62.0,O1,-5.048919,65.0,93.0
EDIN,edin28,Violation_201,62.0,O2,9.582088,65.0,93.0
EDIN,edin28,Violation_201,74.0,Pz,-28.96186,62.0,70.0
EDIN,edin28,Violation_201,74.0,Cz,-11.35049,62.0,70.0
EDIN,edin28,Violation_201,74.0,CP1,3.937057,62.0,70.0
EDIN,edin28,Violation_201,74.0,CP2,-3.905672,62.0,70.0
EDIN,edin28,Violation_201,74.0,P3,2.792498,62.0,70.0
EDIN,edin28,Violation_201,74.0,P4,-13.04035,62.0,70.0
EDIN,edin28,Violation_201,74.0,C3,-35.3087,62.0,70.0
EDIN,edin28,Violation_201,74.0,C4,-9.902441,62.0,70.0
EDIN,edin28,Violation_201,74.0,P7,-14.33353,62.0,70.0
EDIN,edin28,Violation_201,74.0,P8,-22.18076,62.0,70.0
EDIN,edin28,Violation_201,74.0,O1,-13.51056,62.0,70.0
EDIN,edin28,Violation_201,74.0,O2,-9.698853,62.0,70.0
EDIN,edin28,Control_202,61.0,Pz,17.30071,76.0,90.0
EDIN,edin28,Control_202,61.0,Cz,-25.27531,76.0,90.0
EDIN,edin28,Control_202,61.0,CP1,-3.995453,76.0,90.0
EDIN,edin28,Control_202,61.0,CP2,-14.71966,76.0,90.0
EDIN,edin28,Control_202,61.0,P3,2.973818,76.0,90.0
EDIN,edin28,Control_202,61.0,P4,-3.616109,76.0,90.0
EDIN,edin28,Control_202,61.0,C3,8.158663,76.0,90.0
EDIN,edin28,Control_202,61.0,C4,-13.91057,76.0,90.0
EDIN,edin28,Control_202,61.0,P7,7.187824,76.0,90.0
EDIN,edin28,Control_202,61.0,P8,5.692558,76.0,90.0
EDIN,edin28,Control_202,61.0,O1,-0.7785468,76.0,90.0
EDIN,edin28,Control_202,61.0,O2,2.511766,76.0,90.0
EDIN,edin29,Control_202,15.0,Pz,-23.74526,10.0,80.0
EDIN,edin29,Control_202,15.0,Cz,-26.25477,10.0,80.0
EDIN,edin29,Control_202,15.0,CP1,-30.8576,10.0,80.0
EDIN,edin29,Control_202,15.0,CP2,-26.26986,10.0,80.0
EDIN,edin29,Control_202,15.0,P3,-15.7167,10.0,80.0
EDIN,edin29,Control_202,15.0,P4,-35.57121,10.0,80.0
EDIN,edin29,Control_202,15.0,C3,-11.51741,10.0,80.0
EDIN,edin29,Control_202,15.0,C4,-19.64937,10.0,80.0
EDIN,edin29,Control_202,15.0,P7,-3.28109,10.0,80.0
EDIN,edin29,Control_202,15.0,P8,-12.77266,10.0,80.0
EDIN,edin29,Control_202,15.0,O1,-15.12623,10.0,80.0
EDIN,edin29,Control_202,15.0,O2,-9.581964,10.0,80.0
EDIN,edin29,Violation_201,8.0,Pz,17.69798,3.0,100.0
EDIN,edin29,Violation_201,8.0,Cz,23.12764,3.0,100.0
EDIN,edin29,Violation_201,8.0,CP1,7.937347,3.0,100.0
EDIN,edin29,Violation_201,8.0,CP2,29.62424,3.0,100.0
EDIN,edin29,Violation_201,8.0,P3,5.96201,3.0,100.0
EDIN,edin29,Violation_201,8.0,P4,18.87976,3.0,100.0
EDIN,edin29,Violation_201,8.0,C3,13.70147,3.0,100.0
EDIN,edin29,Violation_201,8.0,C4,13.29044,3.0,100.0
EDIN,edin29,Violation_201,8.0,P7,5.759075,3.0,100.0
EDIN,edin29,Violation_201,8.0,P8,4.87957,3.0,100.0
EDIN,edin29,Violation_201,8.0,O1,7.569009,3.0,100.0
EDIN,edin29,Violation_201,8.0,O2,5.193152,3.0,100.0
EDIN,edin29,Control_202,7.0,Pz,8.549762,6.0,100.0
EDIN,edin29,Control_202,7.0,Cz,12.1561,6.0,100.0
EDIN,edin29,Control_202,7.0,CP1,10.56374,6.0,100.0
EDIN,edin29,Control_202,7.0,CP2,3.589667,6.0,100.0
EDIN,edin29,Control_202,7.0,P3,8.993075,6.0,100.0
EDIN,edin29,Control_202,7.0,P4,6.704607,6.0,100.0
EDIN,edin29,Control_202,7.0,C3,41.17528,6.0,100.0
EDIN,edin29,Control_202,7.0,C4,9.361317,6.0,100.0
EDIN,edin29,Control_202,7.0,P7,2.278692,6.0,100.0
EDIN,edin29,Control_202,7.0,P8,27.81509,6.0,100.0
EDIN,edin29,Control_202,7.0,O1,5.018166,6.0,100.0
EDIN,edin29,Control_202,7.0,O2,10.22839,6.0,100.0
EDIN,edin29,Violation_201,20.0,Pz,6.842862,1.0,97.0
EDIN,edin29,Violation_201,20.0,Cz,2.883155,1.0,97.0
EDIN,edin29,Violation_201,20.0,CP1,6.916089,1.0,97.0
EDIN,edin29,Violation_201,20.0,CP2,11.13698,1.0,97.0
EDIN,edin29,Violation_201,20.0,P3,5.75274,1.0,97.0
EDIN,edin29,Violation_201,20.0,P4,-0.2776049,1.0,97.0
EDIN,edin29,Violation_201,20.0,C3,5.813428,1.0,97.0
EDIN,edin29,Violation_201,20.0,C4,5.388052,1.0,97.0
EDIN,edin29,Violation_201,20.0,P7,9.826618,1.0,97.0
EDIN,edin29,Violation_201,20.0,P8,-0.8697523,1.0,97.0
EDIN,edin29,Violation_201,20.0,O1,-2.29774,1.0,97.0
EDIN,edin29,Violation_201,20.0,O2,10.42019,1.0,97.0
EDIN,edin29,Control_202,3.0,Pz,-16.65115,8.0,97.0
EDIN,edin29,Control_202,3.0,Cz,-7.508387,8.0,97.0
EDIN,edin29,Control_202,3.0,CP1,-9.764135,8.0,97.0
EDIN,edin29,Control_202,3.0,CP2,-5.859745,8.0,97.0
EDIN,edin29,Control_202,3.0,P3,-14.14244,8.0,97.0
EDIN,edin29,Control_202,3.0,P4,-10.25221,8.0,97.0
EDIN,edin29,Control_202,3.0,C3,-0.3331816,8.0,97.0
EDIN,edin29,Control_202,3.0,C4,3.417798,8.0,97.0
EDIN,edin29,Control_202,3.0,P7,1.230036,8.0,97.0
EDIN,edin29,Control_202,3.0,P8,4.693513,8.0,97.0
EDIN,edin29,Control_202,3.0,O1,-1.214186,8.0,97.0
EDIN,edin29,Control_202,3.0,O2,4.518557,8.0,97.0
EDIN,edin29,Violation_201,12.0,Pz,23.14355,17.0,62.0
EDIN,edin29,Violation_201,12.0,Cz,17.57773,17.0,62.0
EDIN,edin29,Violation_201,12.0,CP1,21.63523,17.0,62.0
EDIN,edin29,Violation_201,12.0,CP2,2.238556,17.0,62.0
EDIN,edin29,Violation_201,12.0,P3,20.80383,17.0,62.0
EDIN,edin29,Violation_201,12.0,P4,9.075113,17.0,62.0
EDIN,edin29,Violation_201,12.0,C3,21.98196,17.0,62.0
EDIN,edin29,Violation_201,12.0,C4,9.908003,17.0,62.0
EDIN,edin29,Violation_201,12.0,P7,22.80456,17.0,62.0
EDIN,edin29,Violation_201,12.0,P8,15.5066,17.0,62.0
EDIN,edin29,Violation_201,12.0,O1,17.82597,17.0,62.0
EDIN,edin29,Violation_201,12.0,O2,15.41553,17.0,62.0
EDIN,edin29,Control_202,19.0,Pz,-8.146438,14.0,90.0
EDIN,edin29,Control_202,19.0,Cz,-5.668797,14.0,90.0
EDIN,edin29,Control_202,19.0,CP1,-5.248413,14.0,90.0
EDIN,edin29,Control_202,19.0,CP2,0.6328942,14.0,90.0
EDIN,edin29,Control_202,19.0,P3,-2.895977,14.0,90.0
EDIN,edin29,Control_202,19.0,P4,0.06153084,14.0,90.0
EDIN,edin29,Control_202,19.0,C3,-2.949411,14.0,90.0
EDIN,edin29,Control_202,19.0,C4,-4.921082,14.0,90.0
EDIN,edin29,Control_202,19.0,P7,-12.01233,14.0,90.0
EDIN,edin29,Control_202,19.0,P8,7.17367,14.0,90.0
EDIN,edin29,Control_202,19.0,O1,-10.01866,14.0,90.0
EDIN,edin29,Control_202,19.0,O2,-14.41914,14.0,90.0
EDIN,edin29,Violation_201,4.0,Pz,-4.323014,18.0,87.0
EDIN,edin29,Violation_201,4.0,Cz,2.551204,18.0,87.0
EDIN,edin29,Violation_201,4.0,CP1,-3.697387,18.0,87.0
EDIN,edin29,Violation_201,4.0,CP2,6.627356,18.0,87.0
EDIN,edin29,Violation_201,4.0,P3,-4.823999,18.0,87.0
EDIN,edin29,Violation_201,4.0,P4,6.460919,18.0,87.0
EDIN,edin29,Violation_201,4.0,C3,-12.16334,18.0,87.0
EDIN,edin29,Violation_201,4.0,C4,-2.809136,18.0,87.0
EDIN,edin29,Violation_201,4.0,P7,-12.56521,18.0,87.0
EDIN,edin29,Violation_201,4.0,P8,-2.261381,18.0,87.0
EDIN,edin29,Violation_201,4.0,O1,-5.016769,18.0,87.0
EDIN,edin29,Violation_201,4.0,O2,0.4432437,18.0,87.0
EDIN,edin29,Violation_201,16.0,Pz,28.23531,5.0,93.0
EDIN,edin29,Violation_201,16.0,Cz,24.52723,5.0,93.0
EDIN,edin29,Violation_201,16.0,CP1,15.82001,5.0,93.0
EDIN,edin29,Violation_201,16.0,CP2,13.93272,5.0,93.0
EDIN,edin29,Violation_201,16.0,P3,22.25514,5.0,93.0
EDIN,edin29,Violation_201,16.0,P4,16.51336,5.0,93.0
EDIN,edin29,Violation_201,16.0,C3,11.70821,5.0,93.0
EDIN,edin29,Violation_201,16.0,C4,13.59927,5.0,93.0
EDIN,edin29,Violation_201,16.0,P7,10.4285,5.0,93.0
EDIN,edin29,Violation_201,16.0,P8,0.1828094,5.0,93.0
EDIN,edin29,Violation_201,16.0,O1,13.12424,5.0,93.0
EDIN,edin29,Violation_201,16.0,O2,3.695611,5.0,93.0
EDIN,edin29,Control_202,11.0,Pz,13.60496,19.0,100.0
EDIN,edin29,Control_202,11.0,Cz,17.94997,19.0,100.0
EDIN,edin29,Control_202,11.0,CP1,29.94872,19.0,100.0
EDIN,edin29,Control_202,11.0,CP2,4.522264,19.0,100.0
EDIN,edin29,Control_202,11.0,P3,24.71344,19.0,100.0
EDIN,edin29,Control_202,11.0,P4,12.68735,19.0,100.0
EDIN,edin29,Control_202,11.0,C3,27.99034,19.0,100.0
EDIN,edin29,Control_202,11.0,C4,13.81845,19.0,100.0
EDIN,edin29,Control_202,11.0,P7,16.69533,19.0,100.0
EDIN,edin29,Control_202,11.0,P8,5.128942,19.0,100.0
EDIN,edin29,Control_202,11.0,O1,13.76197,19.0,100.0
EDIN,edin29,Control_202,11.0,O2,-4.939643,19.0,100.0
EDIN,edin29,Violation_201,32.0,Pz,-22.06948,36.0,77.0
EDIN,edin29,Violation_201,32.0,Cz,-9.905472,36.0,77.0
EDIN,edin29,Violation_201,32.0,CP1,-16.75755,36.0,77.0
EDIN,edin29,Violation_201,32.0,CP2,-36.02809,36.0,77.0
EDIN,edin29,Violation_201,32.0,P3,-5.714773,36.0,77.0
EDIN,edin29,Violation_201,32.0,P4,-30.90642,36.0,77.0
EDIN,edin29,Violation_201,32.0,C3,-8.638656,36.0,77.0
EDIN,edin29,Violation_201,32.0,C4,-17.94343,36.0,77.0
EDIN,edin29,Violation_201,32.0,P7,4.242803,36.0,77.0
EDIN,edin29,Violation_201,32.0,P8,-13.04365,36.0,77.0
EDIN,edin29,Violation_201,32.0,O1,-4.490766,36.0,77.0
EDIN,edin29,Violation_201,32.0,O2,-14.76521,36.0,77.0
EDIN,edin29,Control_202,31.0,Pz,19.86971,21.0,77.0
EDIN,edin29,Control_202,31.0,Cz,15.12338,21.0,77.0
EDIN,edin29,Control_202,31.0,CP1,25.05898,21.0,77.0
EDIN,edin29,Control_202,31.0,CP2,15.11144,21.0,77.0
EDIN,edin29,Control_202,31.0,P3,24.5538,21.0,77.0
EDIN,edin29,Control_202,31.0,P4,25.70118,21.0,77.0
EDIN,edin29,Control_202,31.0,C3,17.93441,21.0,77.0
EDIN,edin29,Control_202,31.0,C4,23.51965,21.0,77.0
EDIN,edin29,Control_202,31.0,P7,9.544343,21.0,77.0
EDIN,edin29,Control_202,31.0,P8,5.135826,21.0,77.0
EDIN,edin29,Control_202,31.0,O1,7.475298,21.0,77.0
EDIN,edin29,Control_202,31.0,O2,15.73137,21.0,77.0
EDIN,edin29,Control_202,39.0,Pz,-19.8458,35.0,97.0
EDIN,edin29,Control_202,39.0,Cz,-17.2863,35.0,97.0
EDIN,edin29,Control_202,39.0,CP1,-20.4665,35.0,97.0
EDIN,edin29,Control_202,39.0,CP2,-25.51524,35.0,97.0
EDIN,edin29,Control_202,39.0,P3,-25.71871,35.0,97.0
EDIN,edin29,Control_202,39.0,P4,-18.97713,35.0,97.0
EDIN,edin29,Control_202,39.0,C3,-19.72639,35.0,97.0
EDIN,edin29,Control_202,39.0,C4,-27.92683,35.0,97.0
EDIN,edin29,Control_202,39.0,P7,-16.51922,35.0,97.0
EDIN,edin29,Control_202,39.0,P8,-27.07001,35.0,97.0
EDIN,edin29,Control_202,39.0,O1,-15.45118,35.0,97.0
EDIN,edin29,Control_202,39.0,O2,-16.67111,35.0,97.0
EDIN,edin29,Control_202,23.0,Pz,-11.03528,31.0,77.0
EDIN,edin29,Control_202,23.0,Cz,-3.586403,31.0,77.0
EDIN,edin29,Control_202,23.0,CP1,-3.041924,31.0,77.0
EDIN,edin29,Control_202,23.0,CP2,-5.033787,31.0,77.0
EDIN,edin29,Control_202,23.0,P3,-10.82449,31.0,77.0
EDIN,edin29,Control_202,23.0,P4,8.366669,31.0,77.0
EDIN,edin29,Control_202,23.0,C3,3.673087,31.0,77.0
EDIN,edin29,Control_202,23.0,C4,0.9774008,31.0,77.0
EDIN,edin29,Control_202,23.0,P7,-1.066862,31.0,77.0
EDIN,edin29,Control_202,23.0,P8,9.897511,31.0,77.0
EDIN,edin29,Control_202,23.0,O1,0.3760648,31.0,77.0
EDIN,edin29,Control_202,23.0,O2,20.03481,31.0,77.0
EDIN,edin29,Violation_201,40.0,Pz,16.63133,37.0,80.0
EDIN,edin29,Violation_201,40.0,Cz,16.07843,37.0,80.0
EDIN,edin29,Violation_201,40.0,CP1,13.67062,37.0,80.0
EDIN,edin29,Violation_201,40.0,CP2,12.61965,37.0,80.0
EDIN,edin29,Violation_201,40.0,P3,7.104136,37.0,80.0
EDIN,edin29,Violation_201,40.0,P4,14.71412,37.0,80.0
EDIN,edin29,Violation_201,40.0,C3,17.03963,37.0,80.0
EDIN,edin29,Violation_201,40.0,C4,11.69923,37.0,80.0
EDIN,edin29,Violation_201,40.0,P7,1.425269,37.0,80.0
EDIN,edin29,Violation_201,40.0,P8,11.40238,37.0,80.0
EDIN,edin29,Violation_201,40.0,O1,8.604742,37.0,80.0
EDIN,edin29,Violation_201,40.0,O2,13.68437,37.0,80.0
EDIN,edin29,Violation_201,36.0,Pz,4.240344,38.0,93.0
EDIN,edin29,Violation_201,36.0,Cz,-0.5017982,38.0,93.0
EDIN,edin29,Violation_201,36.0,CP1,5.670694,38.0,93.0
EDIN,edin29,Violation_201,36.0,CP2,3.609549,38.0,93.0
EDIN,edin29,Violation_201,36.0,P3,8.313498,38.0,93.0
EDIN,edin29,Violation_201,36.0,P4,4.105436,38.0,93.0
EDIN,edin29,Violation_201,36.0,C3,-1.552719,38.0,93.0
EDIN,edin29,Violation_201,36.0,C4,9.757925,38.0,93.0
EDIN,edin29,Violation_201,36.0,P7,8.727563,38.0,93.0
EDIN,edin29,Violation_201,36.0,P8,10.7186,38.0,93.0
EDIN,edin29,Violation_201,36.0,O1,7.330742,38.0,93.0
EDIN,edin29,Violation_201,36.0,O2,2.30195,38.0,93.0
EDIN,edin29,Violation_201,24.0,Pz,11.62166,25.0,97.0
EDIN,edin29,Violation_201,24.0,Cz,-0.004897073,25.0,97.0
EDIN,edin29,Violation_201,24.0,CP1,2.719775,25.0,97.0
EDIN,edin29,Violation_201,24.0,CP2,8.823722,25.0,97.0
EDIN,edin29,Violation_201,24.0,P3,1.23665,25.0,97.0
EDIN,edin29,Violation_201,24.0,P4,4.853995,25.0,97.0
EDIN,edin29,Violation_201,24.0,C3,7.721304,25.0,97.0
EDIN,edin29,Violation_201,24.0,C4,-0.644619,25.0,97.0
EDIN,edin29,Violation_201,24.0,P7,-1.442303,25.0,97.0
EDIN,edin29,Violation_201,24.0,P8,0.3901311,25.0,97.0
EDIN,edin29,Violation_201,24.0,O1,5.165332,25.0,97.0
EDIN,edin29,Violation_201,24.0,O2,-4.798799,25.0,97.0
EDIN,edin29,Control_202,27.0,Pz,-12.79863,29.0,90.0
EDIN,edin29,Control_202,27.0,Cz,-10.80789,29.0,90.0
EDIN,edin29,Control_202,27.0,CP1,-6.095835,29.0,90.0
EDIN,edin29,Control_202,27.0,CP2,-9.225853,29.0,90.0
EDIN,edin29,Control_202,27.0,P3,-10.58085,29.0,90.0
EDIN,edin29,Control_202,27.0,P4,-7.92459,29.0,90.0
EDIN,edin29,Control_202,27.0,C3,-15.99786,29.0,90.0
EDIN,edin29,Control_202,27.0,C4,-17.42033,29.0,90.0
EDIN,edin29,Control_202,27.0,P7,-4.48842,29.0,90.0
EDIN,edin29,Control_202,27.0,P8,-5.947468,29.0,90.0
EDIN,edin29,Control_202,27.0,O1,-1.802996,29.0,90.0
EDIN,edin29,Control_202,27.0,O2,17.79741,29.0,90.0
EDIN,edin29,Violation_201,28.0,Pz,6.602417,30.0,90.0
EDIN,edin29,Violation_201,28.0,Cz,18.91733,30.0,90.0
EDIN,edin29,Violation_201,28.0,CP1,13.4376,30.0,90.0
EDIN,edin29,Violation_201,28.0,CP2,42.86359,30.0,90.0
EDIN,edin29,Violation_201,28.0,P3,10.18231,30.0,90.0
EDIN,edin29,Violation_201,28.0,P4,10.67138,30.0,90.0
EDIN,edin29,Violation_201,28.0,C3,15.18288,30.0,90.0
EDIN,edin29,Violation_201,28.0,C4,20.0584,30.0,90.0
EDIN,edin29,Violation_201,28.0,P7,-1.057842,30.0,90.0
EDIN,edin29,Violation_201,28.0,P8,11.17717,30.0,90.0
EDIN,edin29,Violation_201,28.0,O1,11.25791,30.0,90.0
EDIN,edin29,Violation_201,28.0,O2,2.028186,30.0,90.0
EDIN,edin29,Control_202,35.0,Pz,6.895842,24.0,93.0
EDIN,edin29,Control_202,35.0,Cz,5.2746,24.0,93.0
EDIN,edin29,Control_202,35.0,CP1,-2.669425,24.0,93.0
EDIN,edin29,Control_202,35.0,CP2,8.844772,24.0,93.0
EDIN,edin29,Control_202,35.0,P3,-2.166793,24.0,93.0
EDIN,edin29,Control_202,35.0,P4,8.297601,24.0,93.0
EDIN,edin29,Control_202,35.0,C3,-4.087585,24.0,93.0
EDIN,edin29,Control_202,35.0,C4,4.434264,24.0,93.0
EDIN,edin29,Control_202,35.0,P7,-12.20906,24.0,93.0
EDIN,edin29,Control_202,35.0,P8,1.007446,24.0,93.0
EDIN,edin29,Control_202,35.0,O1,-1.375018,24.0,93.0
EDIN,edin29,Control_202,35.0,O2,-15.70809,24.0,93.0
EDIN,edin29,Control_202,55.0,Pz,4.829813,45.0,67.0
EDIN,edin29,Control_202,55.0,Cz,-5.659312,45.0,67.0
EDIN,edin29,Control_202,55.0,CP1,-0.3154388,45.0,67.0
EDIN,edin29,Control_202,55.0,CP2,10.22574,45.0,67.0
EDIN,edin29,Control_202,55.0,P3,2.07471,45.0,67.0
EDIN,edin29,Control_202,55.0,P4,-1.842628,45.0,67.0
EDIN,edin29,Control_202,55.0,C3,-2.497785,45.0,67.0
EDIN,edin29,Control_202,55.0,C4,-3.718917,45.0,67.0
EDIN,edin29,Control_202,55.0,P7,-11.33762,45.0,67.0
EDIN,edin29,Control_202,55.0,P8,-3.210214,45.0,67.0
EDIN,edin29,Control_202,55.0,O1,-0.9456229,45.0,67.0
EDIN,edin29,Control_202,55.0,O2,7.571877,45.0,67.0
EDIN,edin29,Violation_201,52.0,Pz,-21.13956,42.0,37.0
EDIN,edin29,Violation_201,52.0,Cz,-25.3526,42.0,37.0
EDIN,edin29,Violation_201,52.0,CP1,-26.81725,42.0,37.0
EDIN,edin29,Violation_201,52.0,CP2,-32.90521,42.0,37.0
EDIN,edin29,Violation_201,52.0,P3,-25.84316,42.0,37.0
EDIN,edin29,Violation_201,52.0,P4,-28.78771,42.0,37.0
EDIN,edin29,Violation_201,52.0,C3,-28.57669,42.0,37.0
EDIN,edin29,Violation_201,52.0,C4,-34.88696,42.0,37.0
EDIN,edin29,Violation_201,52.0,P7,-20.04319,42.0,37.0
EDIN,edin29,Violation_201,52.0,P8,5.31814,42.0,37.0
EDIN,edin29,Violation_201,52.0,O1,-14.43765,42.0,37.0
EDIN,edin29,Violation_201,52.0,O2,-24.72241,42.0,37.0
EDIN,edin29,Violation_201,60.0,Pz,10.68705,59.0,73.0
EDIN,edin29,Violation_201,60.0,Cz,12.01535,59.0,73.0
EDIN,edin29,Violation_201,60.0,CP1,5.659526,59.0,73.0
EDIN,edin29,Violation_201,60.0,CP2,-2.28522,59.0,73.0
EDIN,edin29,Violation_201,60.0,P3,9.067048,59.0,73.0
EDIN,edin29,Violation_201,60.0,P4,7.616378,59.0,73.0
EDIN,edin29,Violation_201,60.0,C3,10.18095,59.0,73.0
EDIN,edin29,Violation_201,60.0,C4,17.60211,59.0,73.0
EDIN,edin29,Violation_201,60.0,P7,11.40768,59.0,73.0
EDIN,edin29,Violation_201,60.0,P8,-2.203402,59.0,73.0
EDIN,edin29,Violation_201,60.0,O1,1.145065,59.0,73.0
EDIN,edin29,Violation_201,60.0,O2,0.02237771,59.0,73.0
EDIN,edin29,Violation_201,56.0,Pz,-1.53173,53.0,93.0
EDIN,edin29,Violation_201,56.0,Cz,-15.16763,53.0,93.0
EDIN,edin29,Violation_201,56.0,CP1,2.826288,53.0,93.0
EDIN,edin29,Violation_201,56.0,CP2,-7.177546,53.0,93.0
EDIN,edin29,Violation_201,56.0,P3,1.591159,53.0,93.0
EDIN,edin29,Violation_201,56.0,P4,-5.716386,53.0,93.0
EDIN,edin29,Violation_201,56.0,C3,-4.192241,53.0,93.0
EDIN,edin29,Violation_201,56.0,C4,-9.043554,53.0,93.0
EDIN,edin29,Violation_201,56.0,P7,9.352994,53.0,93.0
EDIN,edin29,Violation_201,56.0,P8,0.7687353,53.0,93.0
EDIN,edin29,Violation_201,56.0,O1,4.689738,53.0,93.0
EDIN,edin29,Violation_201,56.0,O2,-6.563305,53.0,93.0
EDIN,edin29,Violation_201,48.0,Pz,-1.510275,58.0,73.0
EDIN,edin29,Violation_201,48.0,Cz,8.372013,58.0,73.0
EDIN,edin29,Violation_201,48.0,CP1,12.63168,58.0,73.0
EDIN,edin29,Violation_201,48.0,CP2,-0.4162407,58.0,73.0
EDIN,edin29,Violation_201,48.0,P3,-2.101696,58.0,73.0
EDIN,edin29,Violation_201,48.0,P4,9.515071,58.0,73.0
EDIN,edin29,Violation_201,48.0,C3,17.04188,58.0,73.0
EDIN,edin29,Violation_201,48.0,C4,10.60255,58.0,73.0
EDIN,edin29,Violation_201,48.0,P7,18.47169,58.0,73.0
EDIN,edin29,Violation_201,48.0,P8,23.65499,58.0,73.0
EDIN,edin29,Violation_201,48.0,O1,10.85237,58.0,73.0
EDIN,edin29,Violation_201,48.0,O2,14.89142,58.0,73.0
EDIN,edin29,Control_202,47.0,Pz,-4.446615,48.0,87.0
EDIN,edin29,Control_202,47.0,Cz,4.452842,48.0,87.0
EDIN,edin29,Control_202,47.0,CP1,-6.77785,48.0,87.0
EDIN,edin29,Control_202,47.0,CP2,-15.20249,48.0,87.0
EDIN,edin29,Control_202,47.0,P3,-8.613701,48.0,87.0
EDIN,edin29,Control_202,47.0,P4,-6.521116,48.0,87.0
EDIN,edin29,Control_202,47.0,C3,-4.810291,48.0,87.0
EDIN,edin29,Control_202,47.0,C4,-0.4087863,48.0,87.0
EDIN,edin29,Control_202,47.0,P7,-2.696669,48.0,87.0
EDIN,edin29,Control_202,47.0,P8,-15.36002,48.0,87.0
EDIN,edin29,Control_202,47.0,O1,2.839267,48.0,87.0
EDIN,edin29,Control_202,47.0,O2,2.147713,48.0,87.0
EDIN,edin29,Control_202,44.0,Pz,11.8255,60.0,90.0
EDIN,edin29,Control_202,44.0,Cz,16.89713,60.0,90.0
EDIN,edin29,Control_202,44.0,CP1,8.015407,60.0,90.0
EDIN,edin29,Control_202,44.0,CP2,16.66865,60.0,90.0
EDIN,edin29,Control_202,44.0,P3,7.552893,60.0,90.0
EDIN,edin29,Control_202,44.0,P4,11.68743,60.0,90.0
EDIN,edin29,Control_202,44.0,C3,12.00708,60.0,90.0
EDIN,edin29,Control_202,44.0,C4,20.30847,60.0,90.0
EDIN,edin29,Control_202,44.0,P7,4.453722,60.0,90.0
EDIN,edin29,Control_202,44.0,P8,16.92809,60.0,90.0
EDIN,edin29,Control_202,44.0,O1,11.71164,60.0,90.0
EDIN,edin29,Control_202,44.0,O2,14.64205,60.0,90.0
EDIN,edin29,Control_202,51.0,Pz,7.936495,46.0,63.0
EDIN,edin29,Control_202,51.0,Cz,-7.515762,46.0,63.0
EDIN,edin29,Control_202,51.0,CP1,6.188278,46.0,63.0
EDIN,edin29,Control_202,51.0,CP2,-3.030078,46.0,63.0
EDIN,edin29,Control_202,51.0,P3,13.37059,46.0,63.0
EDIN,edin29,Control_202,51.0,P4,6.964422,46.0,63.0
EDIN,edin29,Control_202,51.0,C3,12.80309,46.0,63.0
EDIN,edin29,Control_202,51.0,C4,2.654925,46.0,63.0
EDIN,edin29,Control_202,51.0,P7,10.62359,46.0,63.0
EDIN,edin29,Control_202,51.0,P8,11.96552,46.0,63.0
EDIN,edin29,Control_202,51.0,O1,-2.407254,46.0,63.0
EDIN,edin29,Control_202,51.0,O2,-9.572145,46.0,63.0
EDIN,edin29,Control_202,59.0,Pz,-8.105354,49.0,40.0
EDIN,edin29,Control_202,59.0,Cz,-7.736113,49.0,40.0
EDIN,edin29,Control_202,59.0,CP1,-5.098044,49.0,40.0
EDIN,edin29,Control_202,59.0,CP2,0.7519382,49.0,40.0
EDIN,edin29,Control_202,59.0,P3,-11.35788,49.0,40.0
EDIN,edin29,Control_202,59.0,P4,-10.57617,49.0,40.0
EDIN,edin29,Control_202,59.0,C3,0.01579185,49.0,40.0
EDIN,edin29,Control_202,59.0,C4,-8.158981,49.0,40.0
EDIN,edin29,Control_202,59.0,P7,-5.63763,49.0,40.0
EDIN,edin29,Control_202,59.0,P8,8.922125,49.0,40.0
EDIN,edin29,Control_202,59.0,O1,-11.27139,49.0,40.0
EDIN,edin29,Control_202,59.0,O2,-14.86386,49.0,40.0
EDIN,edin29,Control_202,71.0,Pz,-19.8246,65.0,93.0
EDIN,edin29,Control_202,71.0,Cz,-12.3878,65.0,93.0
EDIN,edin29,Control_202,71.0,CP1,-6.503588,65.0,93.0
EDIN,edin29,Control_202,71.0,CP2,-6.613813,65.0,93.0
EDIN,edin29,Control_202,71.0,P3,-7.804112,65.0,93.0
EDIN,edin29,Control_202,71.0,P4,-13.65517,65.0,93.0
EDIN,edin29,Control_202,71.0,C3,3.684248,65.0,93.0
EDIN,edin29,Control_202,71.0,C4,-17.52392,65.0,93.0
EDIN,edin29,Control_202,71.0,P7,-2.895244,65.0,93.0
EDIN,edin29,Control_202,71.0,P8,-2.235013,65.0,93.0
EDIN,edin29,Control_202,71.0,O1,-14.94641,65.0,93.0
EDIN,edin29,Control_202,71.0,O2,-0.8541165,65.0,93.0
EDIN,edin29,Violation_201,80.0,Pz,26.24359,61.0,34.0
EDIN,edin29,Violation_201,80.0,Cz,12.83714,61.0,34.0
EDIN,edin29,Violation_201,80.0,CP1,19.65394,61.0,34.0
EDIN,edin29,Violation_201,80.0,CP2,52.19437,61.0,34.0
EDIN,edin29,Violation_201,80.0,P3,21.0485,61.0,34.0
EDIN,edin29,Violation_201,80.0,P4,15.30815,61.0,34.0
EDIN,edin29,Violation_201,80.0,C3,21.53429,61.0,34.0
EDIN,edin29,Violation_201,80.0,C4,11.55633,61.0,34.0
EDIN,edin29,Violation_201,80.0,P7,16.14533,61.0,34.0
EDIN,edin29,Violation_201,80.0,P8,9.517071,61.0,34.0
EDIN,edin29,Violation_201,80.0,O1,8.536005,61.0,34.0
EDIN,edin29,Violation_201,80.0,O2,9.492373,61.0,34.0
EDIN,edin29,Control_202,79.0,Pz,4.408637,73.0,80.0
EDIN,edin29,Control_202,79.0,Cz,8.81986,73.0,80.0
EDIN,edin29,Control_202,79.0,CP1,15.35134,73.0,80.0
EDIN,edin29,Control_202,79.0,CP2,6.553947,73.0,80.0
EDIN,edin29,Control_202,79.0,P3,6.208018,73.0,80.0
EDIN,edin29,Control_202,79.0,P4,4.010927,73.0,80.0
EDIN,edin29,Control_202,79.0,C3,7.109665,73.0,80.0
EDIN,edin29,Control_202,79.0,C4,21.27963,73.0,80.0
EDIN,edin29,Control_202,79.0,P7,-2.638463,73.0,80.0
EDIN,edin29,Control_202,79.0,P8,-3.740346,73.0,80.0
EDIN,edin29,Control_202,79.0,O1,1.746133,73.0,80.0
EDIN,edin29,Control_202,79.0,O2,11.36838,73.0,80.0
EDIN,edin29,Violation_201,76.0,Pz,-2.685433,78.0,97.0
EDIN,edin29,Violation_201,76.0,Cz,6.703873,78.0,97.0
EDIN,edin29,Violation_201,76.0,CP1,-5.447205,78.0,97.0
EDIN,edin29,Violation_201,76.0,CP2,-11.24314,78.0,97.0
EDIN,edin29,Violation_201,76.0,P3,-13.27414,78.0,97.0
EDIN,edin29,Violation_201,76.0,P4,-8.542091,78.0,97.0
EDIN,edin29,Violation_201,76.0,C3,-1.779452,78.0,97.0
EDIN,edin29,Violation_201,76.0,C4,-15.84647,78.0,97.0
EDIN,edin29,Violation_201,76.0,P7,-12.76569,78.0,97.0
EDIN,edin29,Violation_201,76.0,P8,-16.62982,78.0,97.0
EDIN,edin29,Violation_201,76.0,O1,-7.475919,78.0,97.0
EDIN,edin29,Violation_201,76.0,O2,-12.31853,78.0,97.0
EDIN,edin29,Violation_201,72.0,Pz,-37.19021,74.0,93.0
EDIN,edin29,Violation_201,72.0,Cz,-33.55766,74.0,93.0
EDIN,edin29,Violation_201,72.0,CP1,-32.4535,74.0,93.0
EDIN,edin29,Violation_201,72.0,CP2,-30.66527,74.0,93.0
EDIN,edin29,Violation_201,72.0,P3,-16.34385,74.0,93.0
EDIN,edin29,Violation_201,72.0,P4,-28.71777,74.0,93.0
EDIN,edin29,Violation_201,72.0,C3,-19.20767,74.0,93.0
EDIN,edin29,Violation_201,72.0,C4,-24.77445,74.0,93.0
EDIN,edin29,Violation_201,72.0,P7,15.41451,74.0,93.0
EDIN,edin29,Violation_201,72.0,P8,-8.860229,74.0,93.0
EDIN,edin29,Violation_201,72.0,O1,0.5529256,74.0,93.0
EDIN,edin29,Violation_201,72.0,O2,12.28419,74.0,93.0
EDIN,edin29,Violation_201,64.0,Pz,36.98032,79.0,97.0
EDIN,edin29,Violation_201,64.0,Cz,38.89705,79.0,97.0
EDIN,edin29,Violation_201,64.0,CP1,51.11158,79.0,97.0
EDIN,edin29,Violation_201,64.0,CP2,44.79259,79.0,97.0
EDIN,edin29,Violation_201,64.0,P3,29.3526,79.0,97.0
EDIN,edin29,Violation_201,64.0,P4,28.18189,79.0,97.0
EDIN,edin29,Violation_201,64.0,C3,32.97975,79.0,97.0
EDIN,edin29,Violation_201,64.0,C4,29.5553,79.0,97.0
EDIN,edin29,Violation_201,64.0,P7,7.920142,79.0,97.0
EDIN,edin29,Violation_201,64.0,P8,23.30204,79.0,97.0
EDIN,edin29,Violation_201,64.0,O1,4.422512,79.0,97.0
EDIN,edin29,Violation_201,64.0,O2,-1.274544,79.0,97.0
EDIN,edin29,Violation_201,68.0,Pz,-21.71264,77.0,100.0
EDIN,edin29,Violation_201,68.0,Cz,-23.02104,77.0,100.0
EDIN,edin29,Violation_201,68.0,CP1,-28.37198,77.0,100.0
EDIN,edin29,Violation_201,68.0,CP2,-21.36492,77.0,100.0
EDIN,edin29,Violation_201,68.0,P3,-32.6834,77.0,100.0
EDIN,edin29,Violation_201,68.0,P4,-16.85915,77.0,100.0
EDIN,edin29,Violation_201,68.0,C3,-44.05128,77.0,100.0
EDIN,edin29,Violation_201,68.0,C4,-19.75249,77.0,100.0
EDIN,edin29,Violation_201,68.0,P7,-44.8522,77.0,100.0
EDIN,edin29,Violation_201,68.0,P8,1.876444,77.0,100.0
EDIN,edin29,Violation_201,68.0,O1,-28.60622,77.0,100.0
EDIN,edin29,Violation_201,68.0,O2,-64.01924,77.0,100.0
EDIN,edin29,Control_202,67.0,Pz,-14.17476,72.0,90.0
EDIN,edin29,Control_202,67.0,Cz,-8.597892,72.0,90.0
EDIN,edin29,Control_202,67.0,CP1,-5.874276,72.0,90.0
EDIN,edin29,Control_202,67.0,CP2,-18.00239,72.0,90.0
EDIN,edin29,Control_202,67.0,P3,-16.36777,72.0,90.0
EDIN,edin29,Control_202,67.0,P4,-21.31045,72.0,90.0
EDIN,edin29,Control_202,67.0,C3,-12.1253,72.0,90.0
EDIN,edin29,Control_202,67.0,C4,-12.79276,72.0,90.0
EDIN,edin29,Control_202,67.0,P7,-1.1729,72.0,90.0
EDIN,edin29,Control_202,67.0,P8,-12.30492,72.0,90.0
EDIN,edin29,Control_202,67.0,O1,-7.365608,72.0,90.0
EDIN,edin29,Control_202,67.0,O2,-14.87658,72.0,90.0
EDIN,edin29,Control_202,75.0,Pz,7.921866,63.0,83.0
EDIN,edin29,Control_202,75.0,Cz,14.27777,63.0,83.0
EDIN,edin29,Control_202,75.0,CP1,14.14582,63.0,83.0
EDIN,edin29,Control_202,75.0,CP2,4.237928,63.0,83.0
EDIN,edin29,Control_202,75.0,P3,23.82389,63.0,83.0
EDIN,edin29,Control_202,75.0,P4,-5.073775,63.0,83.0
EDIN,edin29,Control_202,75.0,C3,17.26881,63.0,83.0
EDIN,edin29,Control_202,75.0,C4,-0.6440309,63.0,83.0
EDIN,edin29,Control_202,75.0,P7,7.704661,63.0,83.0
EDIN,edin29,Control_202,75.0,P8,-26.12138,63.0,83.0
EDIN,edin29,Control_202,75.0,O1,5.719104,63.0,83.0
EDIN,edin29,Control_202,75.0,O2,-1.028525,63.0,83.0
EDIN,edin2,Control_202,3.0,Pz,-11.21933,17.0,62.0
EDIN,edin2,Control_202,3.0,Cz,-12.24381,17.0,62.0
EDIN,edin2,Control_202,3.0,CP1,-11.23762,17.0,62.0
EDIN,edin2,Control_202,3.0,CP2,-8.682447,17.0,62.0
EDIN,edin2,Control_202,3.0,P3,-13.10205,17.0,62.0
EDIN,edin2,Control_202,3.0,P4,-8.0459,17.0,62.0
EDIN,edin2,Control_202,3.0,C3,-8.777613,17.0,62.0
EDIN,edin2,Control_202,3.0,C4,-12.75842,17.0,62.0
EDIN,edin2,Control_202,3.0,P7,10.63506,17.0,62.0
EDIN,edin2,Control_202,3.0,P8,-10.82574,17.0,62.0
EDIN,edin2,Control_202,3.0,O1,-6.257309,17.0,62.0
EDIN,edin2,Control_202,3.0,O2,-13.26127,17.0,62.0
EDIN,edin2,Violation_201,12.0,Pz,6.291134,13.0,97.0
EDIN,edin2,Violation_201,12.0,Cz,5.892065,13.0,97.0
EDIN,edin2,Violation_201,12.0,CP1,-3.459796,13.0,97.0
EDIN,edin2,Violation_201,12.0,CP2,7.465158,13.0,97.0
EDIN,edin2,Violation_201,12.0,P3,-1.568922,13.0,97.0
EDIN,edin2,Violation_201,12.0,P4,-8.085222,13.0,97.0
EDIN,edin2,Violation_201,12.0,C3,-11.72611,13.0,97.0
EDIN,edin2,Violation_201,12.0,C4,2.601142,13.0,97.0
EDIN,edin2,Violation_201,12.0,P7,13.93413,13.0,97.0
EDIN,edin2,Violation_201,12.0,P8,-5.151165,13.0,97.0
EDIN,edin2,Violation_201,12.0,O1,-3.892657,13.0,97.0
EDIN,edin2,Violation_201,12.0,O2,-9.682854,13.0,97.0
EDIN,edin2,Violation_201,20.0,Pz,-17.67109,7.0,80.0
EDIN,edin2,Violation_201,20.0,Cz,-25.7442,7.0,80.0
EDIN,edin2,Violation_201,20.0,CP1,-7.990456,7.0,80.0
EDIN,edin2,Violation_201,20.0,CP2,-11.50782,7.0,80.0
EDIN,edin2,Violation_201,20.0,P3,-9.757334,7.0,80.0
EDIN,edin2,Violation_201,20.0,P4,7.466697,7.0,80.0
EDIN,edin2,Violation_201,20.0,C3,-13.20388,7.0,80.0
EDIN,edin2,Violation_201,20.0,C4,-8.55016,7.0,80.0
EDIN,edin2,Violation_201,20.0,P7,1.054224,7.0,80.0
EDIN,edin2,Violation_201,20.0,P8,2.852096,7.0,80.0
EDIN,edin2,Violation_201,20.0,O1,7.468393,7.0,80.0
EDIN,edin2,Violation_201,20.0,O2,-2.296744,7.0,80.0
EDIN,edin2,Violation_201,16.0,Pz,-9.720459,14.0,90.0
EDIN,edin2,Violation_201,16.0,Cz,-21.31231,14.0,90.0
EDIN,edin2,Violation_201,16.0,CP1,-7.778289,14.0,90.0
EDIN,edin2,Violation_201,16.0,CP2,-15.05291,14.0,90.0
EDIN,edin2,Violation_201,16.0,P3,-16.95508,14.0,90.0
EDIN,edin2,Violation_201,16.0,P4,-15.199,14.0,90.0
EDIN,edin2,Violation_201,16.0,C3,-5.336061,14.0,90.0
EDIN,edin2,Violation_201,16.0,C4,-8.190308,14.0,90.0
EDIN,edin2,Violation_201,16.0,P7,-15.23711,14.0,90.0
EDIN,edin2,Violation_201,16.0,P8,-10.299,14.0,90.0
EDIN,edin2,Violation_201,16.0,O1,-13.3876,14.0,90.0
EDIN,edin2,Violation_201,16.0,O2,-10.65231,14.0,90.0
EDIN,edin2,Control_202,11.0,Pz,-4.663136,2.0,100.0
EDIN,edin2,Control_202,11.0,Cz,-9.357341,2.0,100.0
EDIN,edin2,Control_202,11.0,CP1,-5.204702,2.0,100.0
EDIN,edin2,Control_202,11.0,CP2,-0.3954723,2.0,100.0
EDIN,edin2,Control_202,11.0,P3,-5.963868,2.0,100.0
EDIN,edin2,Control_202,11.0,P4,2.146404,2.0,100.0
EDIN,edin2,Control_202,11.0,C3,7.758577,2.0,100.0
EDIN,edin2,Control_202,11.0,C4,-0.9548551,2.0,100.0
EDIN,edin2,Control_202,11.0,P7,6.034194,2.0,100.0
EDIN,edin2,Control_202,11.0,P8,20.7421,2.0,100.0
EDIN,edin2,Control_202,11.0,O1,-3.624993,2.0,100.0
EDIN,edin2,Control_202,11.0,O2,-9.43434,2.0,100.0
EDIN,edin2,Violation_201,4.0,Pz,-9.724812,3.0,100.0
EDIN,edin2,Violation_201,4.0,Cz,-19.34826,3.0,100.0
EDIN,edin2,Violation_201,4.0,CP1,-27.15295,3.0,100.0
EDIN,edin2,Violation_201,4.0,CP2,-24.28155,3.0,100.0
EDIN,edin2,Violation_201,4.0,P3,-17.30235,3.0,100.0
EDIN,edin2,Violation_201,4.0,P4,-20.21304,3.0,100.0
EDIN,edin2,Violation_201,4.0,C3,-22.8212,3.0,100.0
EDIN,edin2,Violation_201,4.0,C4,-15.35602,3.0,100.0
EDIN,edin2,Violation_201,4.0,P7,-16.81667,3.0,100.0
EDIN,edin2,Violation_201,4.0,P8,9.545716,3.0,100.0
EDIN,edin2,Violation_201,4.0,O1,-22.80998,3.0,100.0
EDIN,edin2,Violation_201,4.0,O2,-9.017939,3.0,100.0
EDIN,edin2,Control_202,15.0,Pz,3.605349,15.0,90.0
EDIN,edin2,Control_202,15.0,Cz,6.193699,15.0,90.0
EDIN,edin2,Control_202,15.0,CP1,3.92219,15.0,90.0
EDIN,edin2,Control_202,15.0,CP2,8.288104,15.0,90.0
EDIN,edin2,Control_202,15.0,P3,-4.302922,15.0,90.0
EDIN,edin2,Control_202,15.0,P4,3.249271,15.0,90.0
EDIN,edin2,Control_202,15.0,C3,14.33999,15.0,90.0
EDIN,edin2,Control_202,15.0,C4,3.221197,15.0,90.0
EDIN,edin2,Control_202,15.0,P7,6.714814,15.0,90.0
EDIN,edin2,Control_202,15.0,P8,-6.157384,15.0,90.0
EDIN,edin2,Control_202,15.0,O1,1.484537,15.0,90.0
EDIN,edin2,Control_202,15.0,O2,-2.628035,15.0,90.0
EDIN,edin2,Control_202,19.0,Pz,16.47816,8.0,97.0
EDIN,edin2,Control_202,19.0,Cz,18.6969,8.0,97.0
EDIN,edin2,Control_202,19.0,CP1,0.5770848,8.0,97.0
EDIN,edin2,Control_202,19.0,CP2,10.39923,8.0,97.0
EDIN,edin2,Control_202,19.0,P3,35.55499,8.0,97.0
EDIN,edin2,Control_202,19.0,P4,23.14146,8.0,97.0
EDIN,edin2,Control_202,19.0,C3,14.98716,8.0,97.0
EDIN,edin2,Control_202,19.0,C4,10.61823,8.0,97.0
EDIN,edin2,Control_202,19.0,P7,12.05417,8.0,97.0
EDIN,edin2,Control_202,19.0,P8,19.38416,8.0,97.0
EDIN,edin2,Control_202,19.0,O1,26.7107,8.0,97.0
EDIN,edin2,Control_202,19.0,O2,28.15852,8.0,97.0
EDIN,edin2,Violation_201,8.0,Pz,-9.86821,20.0,90.0
EDIN,edin2,Violation_201,8.0,Cz,5.277121,20.0,90.0
EDIN,edin2,Violation_201,8.0,CP1,-16.9288,20.0,90.0
EDIN,edin2,Violation_201,8.0,CP2,3.724343,20.0,90.0
EDIN,edin2,Violation_201,8.0,P3,-7.706453,20.0,90.0
EDIN,edin2,Violation_201,8.0,P4,-7.139649,20.0,90.0
EDIN,edin2,Violation_201,8.0,C3,-12.38669,20.0,90.0
EDIN,edin2,Violation_201,8.0,C4,-3.379399,20.0,90.0
EDIN,edin2,Violation_201,8.0,P7,0.4598781,20.0,90.0
EDIN,edin2,Violation_201,8.0,P8,4.4684,20.0,90.0
EDIN,edin2,Violation_201,8.0,O1,7.962847,20.0,90.0
EDIN,edin2,Violation_201,8.0,O2,1.278337,20.0,90.0
EDIN,edin2,Control_202,7.0,Pz,7.751701,6.0,100.0
EDIN,edin2,Control_202,7.0,Cz,2.606085,6.0,100.0
EDIN,edin2,Control_202,7.0,CP1,2.717911,6.0,100.0
EDIN,edin2,Control_202,7.0,CP2,12.79649,6.0,100.0
EDIN,edin2,Control_202,7.0,P3,0.2240083,6.0,100.0
EDIN,edin2,Control_202,7.0,P4,0.1239742,6.0,100.0
EDIN,edin2,Control_202,7.0,C3,3.266346,6.0,100.0
EDIN,edin2,Control_202,7.0,C4,-2.136824,6.0,100.0
EDIN,edin2,Control_202,7.0,P7,-12.79342,6.0,100.0
EDIN,edin2,Control_202,7.0,P8,-12.58525,6.0,100.0
EDIN,edin2,Control_202,7.0,O1,-10.83376,6.0,100.0
EDIN,edin2,Control_202,7.0,O2,-7.978673,6.0,100.0
EDIN,edin2,Control_202,23.0,Pz,12.73901,27.0,97.0
EDIN,edin2,Control_202,23.0,Cz,-0.1453865,27.0,97.0
EDIN,edin2,Control_202,23.0,CP1,13.03528,27.0,97.0
EDIN,edin2,Control_202,23.0,CP2,-4.655302,27.0,97.0
EDIN,edin2,Control_202,23.0,P3,9.763088,27.0,97.0
EDIN,edin2,Control_202,23.0,P4,-9.215537,27.0,97.0
EDIN,edin2,Control_202,23.0,C3,22.60163,27.0,97.0
EDIN,edin2,Control_202,23.0,C4,6.424817,27.0,97.0
EDIN,edin2,Control_202,23.0,P7,-3.585842,27.0,97.0
EDIN,edin2,Control_202,23.0,P8,2.971411,27.0,97.0
EDIN,edin2,Control_202,23.0,O1,-2.112809,27.0,97.0
EDIN,edin2,Control_202,23.0,O2,-1.66698,27.0,97.0
EDIN,edin2,Control_202,27.0,Pz,-3.011597,39.0,97.0
EDIN,edin2,Control_202,27.0,Cz,4.736999,39.0,97.0
EDIN,edin2,Control_202,27.0,CP1,-4.280785,39.0,97.0
EDIN,edin2,Control_202,27.0,CP2,4.689211,39.0,97.0
EDIN,edin2,Control_202,27.0,P3,-6.079969,39.0,97.0
EDIN,edin2,Control_202,27.0,P4,2.818928,39.0,97.0
EDIN,edin2,Control_202,27.0,C3,4.347396,39.0,97.0
EDIN,edin2,Control_202,27.0,C4,2.79066,39.0,97.0
EDIN,edin2,Control_202,27.0,P7,-11.6432,39.0,97.0
EDIN,edin2,Control_202,27.0,P8,-10.0499,39.0,97.0
EDIN,edin2,Control_202,27.0,O1,-10.83829,39.0,97.0
EDIN,edin2,Control_202,27.0,O2,-6.929727,39.0,97.0
EDIN,edin2,Violation_201,40.0,Pz,0.7306678,32.0,80.0
EDIN,edin2,Violation_201,40.0,Cz,6.297443,32.0,80.0
EDIN,edin2,Violation_201,40.0,CP1,15.34116,32.0,80.0
EDIN,edin2,Violation_201,40.0,CP2,8.520202,32.0,80.0
EDIN,edin2,Violation_201,40.0,P3,21.35536,32.0,80.0
EDIN,edin2,Violation_201,40.0,P4,13.29074,32.0,80.0
EDIN,edin2,Violation_201,40.0,C3,1.005755,32.0,80.0
EDIN,edin2,Violation_201,40.0,C4,14.93754,32.0,80.0
EDIN,edin2,Violation_201,40.0,P7,-0.6454662,32.0,80.0
EDIN,edin2,Violation_201,40.0,P8,0.4295311,32.0,80.0
EDIN,edin2,Violation_201,40.0,O1,-1.245287,32.0,80.0
EDIN,edin2,Violation_201,40.0,O2,3.777738,32.0,80.0
EDIN,edin2,Control_202,39.0,Pz,-6.472124,25.0,97.0
EDIN,edin2,Control_202,39.0,Cz,-7.549567,25.0,97.0
EDIN,edin2,Control_202,39.0,CP1,-10.39991,25.0,97.0
EDIN,edin2,Control_202,39.0,CP2,-8.768164,25.0,97.0
EDIN,edin2,Control_202,39.0,P3,-14.5534,25.0,97.0
EDIN,edin2,Control_202,39.0,P4,-8.425649,25.0,97.0
EDIN,edin2,Control_202,39.0,C3,-13.90445,25.0,97.0
EDIN,edin2,Control_202,39.0,C4,-2.612642,25.0,97.0
EDIN,edin2,Control_202,39.0,P7,7.880515,25.0,97.0
EDIN,edin2,Control_202,39.0,P8,-16.91614,25.0,97.0
EDIN,edin2,Control_202,39.0,O1,-3.1539,25.0,97.0
EDIN,edin2,Control_202,39.0,O2,-13.84912,25.0,97.0
EDIN,edin2,Control_202,31.0,Pz,1.25233,34.0,97.0
EDIN,edin2,Control_202,31.0,Cz,-4.015048,34.0,97.0
EDIN,edin2,Control_202,31.0,CP1,-18.55197,34.0,97.0
EDIN,edin2,Control_202,31.0,CP2,-9.608126,34.0,97.0
EDIN,edin2,Control_202,31.0,P3,-1.815257,34.0,97.0
EDIN,edin2,Control_202,31.0,P4,4.234323,34.0,97.0
EDIN,edin2,Control_202,31.0,C3,6.394616,34.0,97.0
EDIN,edin2,Control_202,31.0,C4,-3.566489,34.0,97.0
EDIN,edin2,Control_202,31.0,P7,-8.809859,34.0,97.0
EDIN,edin2,Control_202,31.0,P8,-6.33124,34.0,97.0
EDIN,edin2,Control_202,31.0,O1,-4.89035,34.0,97.0
EDIN,edin2,Control_202,31.0,O2,-5.6234,34.0,97.0
EDIN,edin2,Control_202,35.0,Pz,6.880943,36.0,77.0
EDIN,edin2,Control_202,35.0,Cz,-11.51491,36.0,77.0
EDIN,edin2,Control_202,35.0,CP1,-2.5275,36.0,77.0
EDIN,edin2,Control_202,35.0,CP2,-9.729441,36.0,77.0
EDIN,edin2,Control_202,35.0,P3,-13.47054,36.0,77.0
EDIN,edin2,Control_202,35.0,P4,-2.810891,36.0,77.0
EDIN,edin2,Control_202,35.0,C3,8.107586,36.0,77.0
EDIN,edin2,Control_202,35.0,C4,4.223197,36.0,77.0
EDIN,edin2,Control_202,35.0,P7,-3.285231,36.0,77.0
EDIN,edin2,Control_202,35.0,P8,-0.7074639,36.0,77.0
EDIN,edin2,Control_202,35.0,O1,-14.72367,36.0,77.0
EDIN,edin2,Control_202,35.0,O2,-8.831161,36.0,77.0
EDIN,edin2,Violation_201,24.0,Pz,18.79195,30.0,90.0
EDIN,edin2,Violation_201,24.0,Cz,16.09948,30.0,90.0
EDIN,edin2,Violation_201,24.0,CP1,31.27398,30.0,90.0
EDIN,edin2,Violation_201,24.0,CP2,7.546799,30.0,90.0
EDIN,edin2,Violation_201,24.0,P3,40.76772,30.0,90.0
EDIN,edin2,Violation_201,24.0,P4,30.09673,30.0,90.0
EDIN,edin2,Violation_201,24.0,C3,9.649601,30.0,90.0
EDIN,edin2,Violation_201,24.0,C4,10.28436,30.0,90.0
EDIN,edin2,Violation_201,24.0,P7,17.06509,30.0,90.0
EDIN,edin2,Violation_201,24.0,P8,13.21319,30.0,90.0
EDIN,edin2,Violation_201,24.0,O1,38.25556,30.0,90.0
EDIN,edin2,Violation_201,24.0,O2,25.92431,30.0,90.0
EDIN,edin2,Violation_201,36.0,Pz,13.86837,21.0,77.0
EDIN,edin2,Violation_201,36.0,Cz,-1.926779,21.0,77.0
EDIN,edin2,Violation_201,36.0,CP1,-14.09595,21.0,77.0
EDIN,edin2,Violation_201,36.0,CP2,9.686901,21.0,77.0
EDIN,edin2,Violation_201,36.0,P3,1.664548,21.0,77.0
EDIN,edin2,Violation_201,36.0,P4,0.6826832,21.0,77.0
EDIN,edin2,Violation_201,36.0,C3,-3.563079,21.0,77.0
EDIN,edin2,Violation_201,36.0,C4,8.568191,21.0,77.0
EDIN,edin2,Violation_201,36.0,P7,16.11616,21.0,77.0
EDIN,edin2,Violation_201,36.0,P8,-2.174153,21.0,77.0
EDIN,edin2,Violation_201,36.0,O1,21.50026,21.0,77.0
EDIN,edin2,Violation_201,36.0,O2,5.661046,21.0,77.0
EDIN,edin2,Violation_201,28.0,Pz,7.89822,31.0,77.0
EDIN,edin2,Violation_201,28.0,Cz,2.57263,31.0,77.0
EDIN,edin2,Violation_201,28.0,CP1,5.609489,31.0,77.0
EDIN,edin2,Violation_201,28.0,CP2,16.79856,31.0,77.0
EDIN,edin2,Violation_201,28.0,P3,26.34264,31.0,77.0
EDIN,edin2,Violation_201,28.0,P4,-0.2469455,31.0,77.0
EDIN,edin2,Violation_201,28.0,C3,13.40613,31.0,77.0
EDIN,edin2,Violation_201,28.0,C4,-6.053973,31.0,77.0
EDIN,edin2,Violation_201,28.0,P7,-5.934937,31.0,77.0
EDIN,edin2,Violation_201,28.0,P8,22.99531,31.0,77.0
EDIN,edin2,Violation_201,28.0,O1,11.06333,31.0,77.0
EDIN,edin2,Violation_201,28.0,O2,14.51684,31.0,77.0
EDIN,edin2,Violation_201,32.0,Pz,14.81683,26.0,87.0
EDIN,edin2,Violation_201,32.0,Cz,4.411727,26.0,87.0
EDIN,edin2,Violation_201,32.0,CP1,5.824276,26.0,87.0
EDIN,edin2,Violation_201,32.0,CP2,31.93176,26.0,87.0
EDIN,edin2,Violation_201,32.0,P3,10.47293,26.0,87.0
EDIN,edin2,Violation_201,32.0,P4,7.004405,26.0,87.0
EDIN,edin2,Violation_201,32.0,C3,2.787024,26.0,87.0
EDIN,edin2,Violation_201,32.0,C4,15.36938,26.0,87.0
EDIN,edin2,Violation_201,32.0,P7,7.935012,26.0,87.0
EDIN,edin2,Violation_201,32.0,P8,6.175622,26.0,87.0
EDIN,edin2,Violation_201,32.0,O1,9.030724,26.0,87.0
EDIN,edin2,Violation_201,32.0,O2,9.923653,26.0,87.0
EDIN,edin2,Control_202,55.0,Pz,28.3396,48.0,87.0
EDIN,edin2,Control_202,55.0,Cz,32.36529,48.0,87.0
EDIN,edin2,Control_202,55.0,CP1,29.82057,48.0,87.0
EDIN,edin2,Control_202,55.0,CP2,37.05637,48.0,87.0
EDIN,edin2,Control_202,55.0,P3,14.86399,48.0,87.0
EDIN,edin2,Control_202,55.0,P4,5.227573,48.0,87.0
EDIN,edin2,Control_202,55.0,C3,3.041561,48.0,87.0
EDIN,edin2,Control_202,55.0,C4,11.63367,48.0,87.0
EDIN,edin2,Control_202,55.0,P7,11.50964,48.0,87.0
EDIN,edin2,Control_202,55.0,P8,5.882568,48.0,87.0
EDIN,edin2,Control_202,55.0,O1,27.95604,48.0,87.0
EDIN,edin2,Control_202,55.0,O2,15.64781,48.0,87.0
EDIN,edin2,Violation_201,52.0,Pz,-5.144886,60.0,90.0
EDIN,edin2,Violation_201,52.0,Cz,-20.31754,60.0,90.0
EDIN,edin2,Violation_201,52.0,CP1,-14.40716,60.0,90.0
EDIN,edin2,Violation_201,52.0,CP2,-12.36171,60.0,90.0
EDIN,edin2,Violation_201,52.0,P3,-2.072729,60.0,90.0
EDIN,edin2,Violation_201,52.0,P4,-26.46943,60.0,90.0
EDIN,edin2,Violation_201,52.0,C3,4.284189,60.0,90.0
EDIN,edin2,Violation_201,52.0,C4,-10.77897,60.0,90.0
EDIN,edin2,Violation_201,52.0,P7,-8.463766,60.0,90.0
EDIN,edin2,Violation_201,52.0,P8,-19.41147,60.0,90.0
EDIN,edin2,Violation_201,52.0,O1,-10.71284,60.0,90.0
EDIN,edin2,Violation_201,52.0,O2,-16.20071,60.0,90.0
EDIN,edin2,Control_202,51.0,Pz,4.266983,49.0,40.0
EDIN,edin2,Control_202,51.0,Cz,11.38254,49.0,40.0
EDIN,edin2,Control_202,51.0,CP1,-1.210025,49.0,40.0
EDIN,edin2,Control_202,51.0,CP2,10.07236,49.0,40.0
EDIN,edin2,Control_202,51.0,P3,2.460979,49.0,40.0
EDIN,edin2,Control_202,51.0,P4,-10.38362,49.0,40.0
EDIN,edin2,Control_202,51.0,C3,11.44959,49.0,40.0
EDIN,edin2,Control_202,51.0,C4,0.2672774,49.0,40.0
EDIN,edin2,Control_202,51.0,P7,5.498299,49.0,40.0
EDIN,edin2,Control_202,51.0,P8,-3.99324,49.0,40.0
EDIN,edin2,Control_202,51.0,O1,-0.6501813,49.0,40.0
EDIN,edin2,Control_202,51.0,O2,-4.618539,49.0,40.0
EDIN,edin2,Control_202,47.0,Pz,10.84034,51.0,90.0
EDIN,edin2,Control_202,47.0,Cz,-1.21591,51.0,90.0
EDIN,edin2,Control_202,47.0,CP1,19.3651,51.0,90.0
EDIN,edin2,Control_202,47.0,CP2,4.014046,51.0,90.0
EDIN,edin2,Control_202,47.0,P3,-4.884259,51.0,90.0
EDIN,edin2,Control_202,47.0,P4,-13.13938,51.0,90.0
EDIN,edin2,Control_202,47.0,C3,9.792533,51.0,90.0
EDIN,edin2,Control_202,47.0,C4,-0.1925101,51.0,90.0
EDIN,edin2,Control_202,47.0,P7,4.760435,51.0,90.0
EDIN,edin2,Control_202,47.0,P8,-4.007193,51.0,90.0
EDIN,edin2,Control_202,47.0,O1,-1.424703,51.0,90.0
EDIN,edin2,Control_202,47.0,O2,2.041113,51.0,90.0
EDIN,edin2,Control_202,59.0,Pz,-20.9043,58.0,73.0
EDIN,edin2,Control_202,59.0,Cz,-22.91781,58.0,73.0
EDIN,edin2,Control_202,59.0,CP1,-25.82932,58.0,73.0
EDIN,edin2,Control_202,59.0,CP2,-24.34984,58.0,73.0
EDIN,edin2,Control_202,59.0,P3,14.45446,58.0,73.0
EDIN,edin2,Control_202,59.0,P4,9.204247,58.0,73.0
EDIN,edin2,Control_202,59.0,C3,-13.63812,58.0,73.0
EDIN,edin2,Control_202,59.0,C4,-23.67117,58.0,73.0
EDIN,edin2,Control_202,59.0,P7,13.38388,58.0,73.0
EDIN,edin2,Control_202,59.0,P8,9.430007,58.0,73.0
EDIN,edin2,Control_202,59.0,O1,8.264042,58.0,73.0
EDIN,edin2,Control_202,59.0,O2,-2.351315,58.0,73.0
EDIN,edin2,Violation_201,60.0,Pz,-19.46125,53.0,93.0
EDIN,edin2,Violation_201,60.0,Cz,-13.69678,53.0,93.0
EDIN,edin2,Violation_201,60.0,CP1,-14.96253,53.0,93.0
EDIN,edin2,Violation_201,60.0,CP2,-14.58031,53.0,93.0
EDIN,edin2,Violation_201,60.0,P3,-13.69606,53.0,93.0
EDIN,edin2,Violation_201,60.0,P4,-23.72383,53.0,93.0
EDIN,edin2,Violation_201,60.0,C3,-13.75484,53.0,93.0
EDIN,edin2,Violation_201,60.0,C4,-3.475892,53.0,93.0
EDIN,edin2,Violation_201,60.0,P7,7.013027,53.0,93.0
EDIN,edin2,Violation_201,60.0,P8,-7.004151,53.0,93.0
EDIN,edin2,Violation_201,60.0,O1,-11.00938,53.0,93.0
EDIN,edin2,Violation_201,60.0,O2,-15.93963,53.0,93.0
EDIN,edin2,Violation_201,43.0,Pz,-9.918023,55.0,93.0
EDIN,edin2,Violation_201,43.0,Cz,7.35178,55.0,93.0
EDIN,edin2,Violation_201,43.0,CP1,-7.663189,55.0,93.0
EDIN,edin2,Violation_201,43.0,CP2,21.57902,55.0,93.0
EDIN,edin2,Violation_201,43.0,P3,-16.44316,55.0,93.0
EDIN,edin2,Violation_201,43.0,P4,-18.5793,55.0,93.0
EDIN,edin2,Violation_201,43.0,C3,-7.743485,55.0,93.0
EDIN,edin2,Violation_201,43.0,C4,-4.217679,55.0,93.0
EDIN,edin2,Violation_201,43.0,P7,5.59074,55.0,93.0
EDIN,edin2,Violation_201,43.0,P8,-10.42309,55.0,93.0
EDIN,edin2,Violation_201,43.0,O1,-5.948453,55.0,93.0
EDIN,edin2,Violation_201,43.0,O2,-10.37946,55.0,93.0
EDIN,edin2,Violation_201,48.0,Pz,5.940385,47.0,100.0
EDIN,edin2,Violation_201,48.0,Cz,25.62126,47.0,100.0
EDIN,edin2,Violation_201,48.0,CP1,8.887426,47.0,100.0
EDIN,edin2,Violation_201,48.0,CP2,27.08866,47.0,100.0
EDIN,edin2,Violation_201,48.0,P3,9.241346,47.0,100.0
EDIN,edin2,Violation_201,48.0,P4,2.927039,47.0,100.0
EDIN,edin2,Violation_201,48.0,C3,7.706994,47.0,100.0
EDIN,edin2,Violation_201,48.0,C4,11.06328,47.0,100.0
EDIN,edin2,Violation_201,48.0,P7,9.144892,47.0,100.0
EDIN,edin2,Violation_201,48.0,P8,-5.413463,47.0,100.0
EDIN,edin2,Violation_201,48.0,O1,11.07833,47.0,100.0
EDIN,edin2,Violation_201,48.0,O2,-1.492564,47.0,100.0
EDIN,edin2,Control_202,44.0,Pz,39.68053,46.0,63.0
EDIN,edin2,Control_202,44.0,Cz,16.16034,46.0,63.0
EDIN,edin2,Control_202,44.0,CP1,19.4367,46.0,63.0
EDIN,edin2,Control_202,44.0,CP2,22.85488,46.0,63.0
EDIN,edin2,Control_202,44.0,P3,15.82737,46.0,63.0
EDIN,edin2,Control_202,44.0,P4,28.60653,46.0,63.0
EDIN,edin2,Control_202,44.0,C3,34.13322,46.0,63.0
EDIN,edin2,Control_202,44.0,C4,20.53841,46.0,63.0
EDIN,edin2,Control_202,44.0,P7,15.72245,46.0,63.0
EDIN,edin2,Control_202,44.0,P8,20.00114,46.0,63.0
EDIN,edin2,Control_202,44.0,O1,26.04115,46.0,63.0
EDIN,edin2,Control_202,44.0,O2,17.77504,46.0,63.0
EDIN,edin2,Violation_201,56.0,Pz,1.788831,54.0,77.0
EDIN,edin2,Violation_201,56.0,Cz,-1.56873,54.0,77.0
EDIN,edin2,Violation_201,56.0,CP1,-8.955196,54.0,77.0
EDIN,edin2,Violation_201,56.0,CP2,14.42415,54.0,77.0
EDIN,edin2,Violation_201,56.0,P3,2.850435,54.0,77.0
EDIN,edin2,Violation_201,56.0,P4,32.91422,54.0,77.0
EDIN,edin2,Violation_201,56.0,C3,-3.45232,54.0,77.0
EDIN,edin2,Violation_201,56.0,C4,-1.930728,54.0,77.0
EDIN,edin2,Violation_201,56.0,P7,-5.954471,54.0,77.0
EDIN,edin2,Violation_201,56.0,P8,12.22219,54.0,77.0
EDIN,edin2,Violation_201,56.0,O1,6.337849,54.0,77.0
EDIN,edin2,Violation_201,56.0,O2,14.85346,54.0,77.0
EDIN,edin2,Violation_201,64.0,Pz,-8.003064,63.0,83.0
EDIN,edin2,Violation_201,64.0,Cz,-2.24725,63.0,83.0
EDIN,edin2,Violation_201,64.0,CP1,-1.805667,63.0,83.0
EDIN,edin2,Violation_201,64.0,CP2,17.62758,63.0,83.0
EDIN,edin2,Violation_201,64.0,P3,2.981662,63.0,83.0
EDIN,edin2,Violation_201,64.0,P4,11.40216,63.0,83.0
EDIN,edin2,Violation_201,64.0,C3,-13.25026,63.0,83.0
EDIN,edin2,Violation_201,64.0,C4,-5.54941,63.0,83.0
EDIN,edin2,Violation_201,64.0,P7,-11.15224,63.0,83.0
EDIN,edin2,Violation_201,64.0,P8,-8.53429,63.0,83.0
EDIN,edin2,Violation_201,64.0,O1,-7.257853,63.0,83.0
EDIN,edin2,Violation_201,64.0,O2,-7.654904,63.0,83.0
EDIN,edin2,Violation_201,72.0,Pz,0.7254532,62.0,70.0
EDIN,edin2,Violation_201,72.0,Cz,-4.275937,62.0,70.0
EDIN,edin2,Violation_201,72.0,CP1,-16.18769,62.0,70.0
EDIN,edin2,Violation_201,72.0,CP2,6.866883,62.0,70.0
EDIN,edin2,Violation_201,72.0,P3,3.162251,62.0,70.0
EDIN,edin2,Violation_201,72.0,P4,-3.471988,62.0,70.0
EDIN,edin2,Violation_201,72.0,C3,-11.6546,62.0,70.0
EDIN,edin2,Violation_201,72.0,C4,-0.0417615,62.0,70.0
EDIN,edin2,Violation_201,72.0,P7,13.61347,62.0,70.0
EDIN,edin2,Violation_201,72.0,P8,9.170687,62.0,70.0
EDIN,edin2,Violation_201,72.0,O1,27.16316,62.0,70.0
EDIN,edin2,Violation_201,72.0,O2,20.42989,62.0,70.0
EDIN,edin2,Control_202,63.0,Pz,3.825979,72.0,90.0
EDIN,edin2,Control_202,63.0,Cz,14.05556,72.0,90.0
EDIN,edin2,Control_202,63.0,CP1,12.9718,72.0,90.0
EDIN,edin2,Control_202,63.0,CP2,6.006021,72.0,90.0
EDIN,edin2,Control_202,63.0,P3,24.82339,72.0,90.0
EDIN,edin2,Control_202,63.0,P4,4.270025,72.0,90.0
EDIN,edin2,Control_202,63.0,C3,-13.92294,72.0,90.0
EDIN,edin2,Control_202,63.0,C4,14.8757,72.0,90.0
EDIN,edin2,Control_202,63.0,P7,21.72345,72.0,90.0
EDIN,edin2,Control_202,63.0,P8,8.872983,72.0,90.0
EDIN,edin2,Control_202,63.0,O1,14.13822,72.0,90.0
EDIN,edin2,Control_202,63.0,O2,5.398324,72.0,90.0
EDIN,edin2,Violation_201,76.0,Pz,-8.328546,70.0,57.0
EDIN,edin2,Violation_201,76.0,Cz,-8.275467,70.0,57.0
EDIN,edin2,Violation_201,76.0,CP1,-18.95562,70.0,57.0
EDIN,edin2,Violation_201,76.0,CP2,-12.09117,70.0,57.0
EDIN,edin2,Violation_201,76.0,P3,-0.7760254,70.0,57.0
EDIN,edin2,Violation_201,76.0,P4,-5.476454,70.0,57.0
EDIN,edin2,Violation_201,76.0,C3,9.288985,70.0,57.0
EDIN,edin2,Violation_201,76.0,C4,-5.885332,70.0,57.0
EDIN,edin2,Violation_201,76.0,P7,2.440372,70.0,57.0
EDIN,edin2,Violation_201,76.0,P8,-3.214488,70.0,57.0
EDIN,edin2,Violation_201,76.0,O1,-10.59467,70.0,57.0
EDIN,edin2,Violation_201,76.0,O2,-9.734915,70.0,57.0
EDIN,edin2,Control_202,79.0,Pz,-13.68101,69.0,93.0
EDIN,edin2,Control_202,79.0,Cz,-0.7067678,69.0,93.0
EDIN,edin2,Control_202,79.0,CP1,-34.17932,69.0,93.0
EDIN,edin2,Control_202,79.0,CP2,-6.637895,69.0,93.0
EDIN,edin2,Control_202,79.0,P3,-13.44479,69.0,93.0
EDIN,edin2,Control_202,79.0,P4,-14.97958,69.0,93.0
EDIN,edin2,Control_202,79.0,C3,-1.478146,69.0,93.0
EDIN,edin2,Control_202,79.0,C4,-21.14808,69.0,93.0
EDIN,edin2,Control_202,79.0,P7,-12.64553,69.0,93.0
EDIN,edin2,Control_202,79.0,P8,-23.59281,69.0,93.0
EDIN,edin2,Control_202,79.0,O1,-5.533522,69.0,93.0
EDIN,edin2,Control_202,79.0,O2,-7.713963,69.0,93.0
EDIN,edin2,Control_202,71.0,Pz,2.14746,61.0,34.0
EDIN,edin2,Control_202,71.0,Cz,6.295919,61.0,34.0
EDIN,edin2,Control_202,71.0,CP1,-7.16334,61.0,34.0
EDIN,edin2,Control_202,71.0,CP2,6.927021,61.0,34.0
EDIN,edin2,Control_202,71.0,P3,2.885318,61.0,34.0
EDIN,edin2,Control_202,71.0,P4,8.048071,61.0,34.0
EDIN,edin2,Control_202,71.0,C3,-14.20302,61.0,34.0
EDIN,edin2,Control_202,71.0,C4,-7.306259,61.0,34.0
EDIN,edin2,Control_202,71.0,P7,-18.09651,61.0,34.0
EDIN,edin2,Control_202,71.0,P8,-8.204221,61.0,34.0
EDIN,edin2,Control_202,71.0,O1,-9.632493,61.0,34.0
EDIN,edin2,Control_202,71.0,O2,-0.3952197,61.0,34.0
EDIN,edin2,Violation_201,68.0,Pz,21.16248,78.0,97.0
EDIN,edin2,Violation_201,68.0,Cz,15.03135,78.0,97.0
EDIN,edin2,Violation_201,68.0,CP1,12.81189,78.0,97.0
EDIN,edin2,Violation_201,68.0,CP2,14.67919,78.0,97.0
EDIN,edin2,Violation_201,68.0,P3,14.44895,78.0,97.0
EDIN,edin2,Violation_201,68.0,P4,5.781093,78.0,97.0
EDIN,edin2,Violation_201,68.0,C3,5.365257,78.0,97.0
EDIN,edin2,Violation_201,68.0,C4,12.8667,78.0,97.0
EDIN,edin2,Violation_201,68.0,P7,11.13268,78.0,97.0
EDIN,edin2,Violation_201,68.0,P8,16.23689,78.0,97.0
EDIN,edin2,Violation_201,68.0,O1,12.18272,78.0,97.0
EDIN,edin2,Violation_201,68.0,O2,10.77184,78.0,97.0
EDIN,edin2,Control_202,67.0,Pz,11.72737,73.0,80.0
EDIN,edin2,Control_202,67.0,Cz,-0.484893,73.0,80.0
EDIN,edin2,Control_202,67.0,CP1,17.68534,73.0,80.0
EDIN,edin2,Control_202,67.0,CP2,7.125292,73.0,80.0
EDIN,edin2,Control_202,67.0,P3,-1.20361,73.0,80.0
EDIN,edin2,Control_202,67.0,P4,-10.0744,73.0,80.0
EDIN,edin2,Control_202,67.0,C3,-5.65253,73.0,80.0
EDIN,edin2,Control_202,67.0,C4,6.298488,73.0,80.0
EDIN,edin2,Control_202,67.0,P7,-3.436935,73.0,80.0
EDIN,edin2,Control_202,67.0,P8,-5.411545,73.0,80.0
EDIN,edin2,Control_202,67.0,O1,-0.9481225,73.0,80.0
EDIN,edin2,Control_202,67.0,O2,1.186411,73.0,80.0
EDIN,edin2,Control_202,75.0,Pz,4.418104,67.0,87.0
EDIN,edin2,Control_202,75.0,Cz,-0.8700588,67.0,87.0
EDIN,edin2,Control_202,75.0,CP1,14.57497,67.0,87.0
EDIN,edin2,Control_202,75.0,CP2,30.15376,67.0,87.0
EDIN,edin2,Control_202,75.0,P3,21.99824,67.0,87.0
EDIN,edin2,Control_202,75.0,P4,19.00145,67.0,87.0
EDIN,edin2,Control_202,75.0,C3,20.98669,67.0,87.0
EDIN,edin2,Control_202,75.0,C4,2.161103,67.0,87.0
EDIN,edin2,Control_202,75.0,P7,-4.130479,67.0,87.0
EDIN,edin2,Control_202,75.0,P8,14.54455,67.0,87.0
EDIN,edin2,Control_202,75.0,O1,3.696098,67.0,87.0
EDIN,edin2,Control_202,75.0,O2,14.37427,67.0,87.0
EDIN,edin2,Violation_201,80.0,Pz,-0.9708393,80.0,97.0
EDIN,edin2,Violation_201,80.0,Cz,14.78979,80.0,97.0
EDIN,edin2,Violation_201,80.0,CP1,5.820984,80.0,97.0
EDIN,edin2,Violation_201,80.0,CP2,23.5981,80.0,97.0
EDIN,edin2,Violation_201,80.0,P3,6.063304,80.0,97.0
EDIN,edin2,Violation_201,80.0,P4,21.45761,80.0,97.0
EDIN,edin2,Violation_201,80.0,C3,10.58404,80.0,97.0
EDIN,edin2,Violation_201,80.0,C4,-1.938373,80.0,97.0
EDIN,edin2,Violation_201,80.0,P7,24.82077,80.0,97.0
EDIN,edin2,Violation_201,80.0,P8,-4.7776,80.0,97.0
EDIN,edin2,Violation_201,80.0,O1,18.77672,80.0,97.0
EDIN,edin2,Violation_201,80.0,O2,0.839301,80.0,97.0
EDIN,edin30,Violation_201,4.0,Pz,-1.772886,3.0,100.0
EDIN,edin30,Violation_201,4.0,Cz,-2.135585,3.0,100.0
EDIN,edin30,Violation_201,4.0,CP1,0.3183707,3.0,100.0
EDIN,edin30,Violation_201,4.0,CP2,0.9542615,3.0,100.0
EDIN,edin30,Violation_201,4.0,P3,-1.897691,3.0,100.0
EDIN,edin30,Violation_201,4.0,P4,2.317482,3.0,100.0
EDIN,edin30,Violation_201,4.0,C3,1.495743,3.0,100.0
EDIN,edin30,Violation_201,4.0,C4,-0.1569279,3.0,100.0
EDIN,edin30,Violation_201,4.0,P7,-17.31888,3.0,100.0
EDIN,edin30,Violation_201,4.0,P8,-9.289738,3.0,100.0
EDIN,edin30,Violation_201,4.0,O1,-13.8154,3.0,100.0
EDIN,edin30,Violation_201,4.0,O2,-9.637609,3.0,100.0
EDIN,edin30,Violation_201,16.0,Pz,-32.87817,20.0,90.0
EDIN,edin30,Violation_201,16.0,Cz,-29.8403,20.0,90.0
EDIN,edin30,Violation_201,16.0,CP1,-31.66644,20.0,90.0
EDIN,edin30,Violation_201,16.0,CP2,-34.87873,20.0,90.0
EDIN,edin30,Violation_201,16.0,P3,-37.87222,20.0,90.0
EDIN,edin30,Violation_201,16.0,P4,-12.80704,20.0,90.0
EDIN,edin30,Violation_201,16.0,C3,-30.72995,20.0,90.0
EDIN,edin30,Violation_201,16.0,C4,-34.36296,20.0,90.0
EDIN,edin30,Violation_201,16.0,P7,-33.17537,20.0,90.0
EDIN,edin30,Violation_201,16.0,P8,-37.50307,20.0,90.0
EDIN,edin30,Violation_201,16.0,O1,-28.04732,20.0,90.0
EDIN,edin30,Violation_201,16.0,O2,-28.65275,20.0,90.0
EDIN,edin30,Control_202,3.0,Pz,0.3448786,16.0,93.0
EDIN,edin30,Control_202,3.0,Cz,1.727648,16.0,93.0
EDIN,edin30,Control_202,3.0,CP1,-2.197714,16.0,93.0
EDIN,edin30,Control_202,3.0,CP2,-8.493568,16.0,93.0
EDIN,edin30,Control_202,3.0,P3,-2.175431,16.0,93.0
EDIN,edin30,Control_202,3.0,P4,4.707283,16.0,93.0
EDIN,edin30,Control_202,3.0,C3,0.2850041,16.0,93.0
EDIN,edin30,Control_202,3.0,C4,-0.4608496,16.0,93.0
EDIN,edin30,Control_202,3.0,P7,-0.426856,16.0,93.0
EDIN,edin30,Control_202,3.0,P8,-1.725026,16.0,93.0
EDIN,edin30,Control_202,3.0,O1,1.17505,16.0,93.0
EDIN,edin30,Control_202,3.0,O2,6.827814,16.0,93.0
EDIN,edin30,Control_202,7.0,Pz,-14.1154,14.0,90.0
EDIN,edin30,Control_202,7.0,Cz,-4.554865,14.0,90.0
EDIN,edin30,Control_202,7.0,CP1,-9.948199,14.0,90.0
EDIN,edin30,Control_202,7.0,CP2,-5.221963,14.0,90.0
EDIN,edin30,Control_202,7.0,P3,-23.37358,14.0,90.0
EDIN,edin30,Control_202,7.0,P4,-5.693113,14.0,90.0
EDIN,edin30,Control_202,7.0,C3,-14.62451,14.0,90.0
EDIN,edin30,Control_202,7.0,C4,-2.25565,14.0,90.0
EDIN,edin30,Control_202,7.0,P7,-20.37171,14.0,90.0
EDIN,edin30,Control_202,7.0,P8,-5.293485,14.0,90.0
EDIN,edin30,Control_202,7.0,O1,-8.950609,14.0,90.0
EDIN,edin30,Control_202,7.0,O2,0.7625642,14.0,90.0
EDIN,edin30,Control_202,15.0,Pz,-1.881838,6.0,100.0
EDIN,edin30,Control_202,15.0,Cz,-4.327738,6.0,100.0
EDIN,edin30,Control_202,15.0,CP1,-0.93795,6.0,100.0
EDIN,edin30,Control_202,15.0,CP2,-5.923718,6.0,100.0
EDIN,edin30,Control_202,15.0,P3,1.690419,6.0,100.0
EDIN,edin30,Control_202,15.0,P4,20.23981,6.0,100.0
EDIN,edin30,Control_202,15.0,C3,-1.136373,6.0,100.0
EDIN,edin30,Control_202,15.0,C4,-5.506314,6.0,100.0
EDIN,edin30,Control_202,15.0,P7,-2.778041,6.0,100.0
EDIN,edin30,Control_202,15.0,P8,-12.40543,6.0,100.0
EDIN,edin30,Control_202,15.0,O1,-0.9750972,6.0,100.0
EDIN,edin30,Control_202,15.0,O2,11.2032,6.0,100.0
EDIN,edin30,Violation_201,20.0,Pz,17.04947,11.0,87.0
EDIN,edin30,Violation_201,20.0,Cz,2.714368,11.0,87.0
EDIN,edin30,Violation_201,20.0,CP1,20.23812,11.0,87.0
EDIN,edin30,Violation_201,20.0,CP2,21.40541,11.0,87.0
EDIN,edin30,Violation_201,20.0,P3,15.52022,11.0,87.0
EDIN,edin30,Violation_201,20.0,P4,14.74149,11.0,87.0
EDIN,edin30,Violation_201,20.0,C3,23.38551,11.0,87.0
EDIN,edin30,Violation_201,20.0,C4,19.43749,11.0,87.0
EDIN,edin30,Violation_201,20.0,P7,22.83708,11.0,87.0
EDIN,edin30,Violation_201,20.0,P8,-6.627958,11.0,87.0
EDIN,edin30,Violation_201,20.0,O1,13.84273,11.0,87.0
EDIN,edin30,Violation_201,20.0,O2,-4.027193,11.0,87.0
EDIN,edin30,Violation_201,8.0,Pz,14.7743,13.0,97.0
EDIN,edin30,Violation_201,8.0,Cz,15.60832,13.0,97.0
EDIN,edin30,Violation_201,8.0,CP1,17.8261,13.0,97.0
EDIN,edin30,Violation_201,8.0,CP2,22.42839,13.0,97.0
EDIN,edin30,Violation_201,8.0,P3,14.98484,13.0,97.0
EDIN,edin30,Violation_201,8.0,P4,29.4921,13.0,97.0
EDIN,edin30,Violation_201,8.0,C3,15.50619,13.0,97.0
EDIN,edin30,Violation_201,8.0,C4,21.13463,13.0,97.0
EDIN,edin30,Violation_201,8.0,P7,8.467772,13.0,97.0
EDIN,edin30,Violation_201,8.0,P8,3.098008,13.0,97.0
EDIN,edin30,Violation_201,8.0,O1,4.864757,13.0,97.0
EDIN,edin30,Violation_201,8.0,O2,54.75507,13.0,97.0
EDIN,edin30,Violation_201,12.0,Pz,7.278784,5.0,93.0
EDIN,edin30,Violation_201,12.0,Cz,3.541768,5.0,93.0
EDIN,edin30,Violation_201,12.0,CP1,8.726611,5.0,93.0
EDIN,edin30,Violation_201,12.0,CP2,9.961182,5.0,93.0
EDIN,edin30,Violation_201,12.0,P3,8.879268,5.0,93.0
EDIN,edin30,Violation_201,12.0,P4,-13.31446,5.0,93.0
EDIN,edin30,Violation_201,12.0,C3,12.13826,5.0,93.0
EDIN,edin30,Violation_201,12.0,C4,6.783406,5.0,93.0
EDIN,edin30,Violation_201,12.0,P7,10.54342,5.0,93.0
EDIN,edin30,Violation_201,12.0,P8,5.602436,5.0,93.0
EDIN,edin30,Violation_201,12.0,O1,6.279737,5.0,93.0
EDIN,edin30,Violation_201,12.0,O2,-10.49149,5.0,93.0
EDIN,edin30,Control_202,19.0,Pz,-14.95261,19.0,100.0
EDIN,edin30,Control_202,19.0,Cz,-2.989087,19.0,100.0
EDIN,edin30,Control_202,19.0,CP1,-13.55984,19.0,100.0
EDIN,edin30,Control_202,19.0,CP2,-13.19938,19.0,100.0
EDIN,edin30,Control_202,19.0,P3,-17.05408,19.0,100.0
EDIN,edin30,Control_202,19.0,P4,-10.67998,19.0,100.0
EDIN,edin30,Control_202,19.0,C3,-12.69852,19.0,100.0
EDIN,edin30,Control_202,19.0,C4,-7.144286,19.0,100.0
EDIN,edin30,Control_202,19.0,P7,-9.704591,19.0,100.0
EDIN,edin30,Control_202,19.0,P8,-6.563808,19.0,100.0
EDIN,edin30,Control_202,19.0,O1,-15.47396,19.0,100.0
EDIN,edin30,Control_202,19.0,O2,-11.14371,19.0,100.0
EDIN,edin30,Control_202,11.0,Pz,-11.61925,15.0,90.0
EDIN,edin30,Control_202,11.0,Cz,-0.04002679,15.0,90.0
EDIN,edin30,Control_202,11.0,CP1,-4.641908,15.0,90.0
EDIN,edin30,Control_202,11.0,CP2,3.740814,15.0,90.0
EDIN,edin30,Control_202,11.0,P3,-18.54117,15.0,90.0
EDIN,edin30,Control_202,11.0,P4,-0.1178387,15.0,90.0
EDIN,edin30,Control_202,11.0,C3,-3.565022,15.0,90.0
EDIN,edin30,Control_202,11.0,C4,5.103298,15.0,90.0
EDIN,edin30,Control_202,11.0,P7,-25.04341,15.0,90.0
EDIN,edin30,Control_202,11.0,P8,-14.45418,15.0,90.0
EDIN,edin30,Control_202,11.0,O1,-12.28142,15.0,90.0
EDIN,edin30,Control_202,11.0,O2,-9.234865,15.0,90.0
EDIN,edin30,Control_202,27.0,Pz,-2.756461,26.0,87.0
EDIN,edin30,Control_202,27.0,Cz,-9.780443,26.0,87.0
EDIN,edin30,Control_202,27.0,CP1,-3.561783,26.0,87.0
EDIN,edin30,Control_202,27.0,CP2,-5.863656,26.0,87.0
EDIN,edin30,Control_202,27.0,P3,0.003126923,26.0,87.0
EDIN,edin30,Control_202,27.0,P4,-6.070515,26.0,87.0
EDIN,edin30,Control_202,27.0,C3,-10.31697,26.0,87.0
EDIN,edin30,Control_202,27.0,C4,-6.644151,26.0,87.0
EDIN,edin30,Control_202,27.0,P7,-12.66189,26.0,87.0
EDIN,edin30,Control_202,27.0,P8,-20.24767,26.0,87.0
EDIN,edin30,Control_202,27.0,O1,-9.012495,26.0,87.0
EDIN,edin30,Control_202,27.0,O2,-16.0649,26.0,87.0
EDIN,edin30,Violation_201,32.0,Pz,-0.1579758,23.0,93.0
EDIN,edin30,Violation_201,32.0,Cz,-2.335445,23.0,93.0
EDIN,edin30,Violation_201,32.0,CP1,-1.601113,23.0,93.0
EDIN,edin30,Violation_201,32.0,CP2,-5.574655,23.0,93.0
EDIN,edin30,Violation_201,32.0,P3,-11.85067,23.0,93.0
EDIN,edin30,Violation_201,32.0,P4,-2.757642,23.0,93.0
EDIN,edin30,Violation_201,32.0,C3,-9.417667,23.0,93.0
EDIN,edin30,Violation_201,32.0,C4,-1.032064,23.0,93.0
EDIN,edin30,Violation_201,32.0,P7,-14.71658,23.0,93.0
EDIN,edin30,Violation_201,32.0,P8,-9.541556,23.0,93.0
EDIN,edin30,Violation_201,32.0,O1,-14.24811,23.0,93.0
EDIN,edin30,Violation_201,32.0,O2,7.165083,23.0,93.0
EDIN,edin30,Control_202,35.0,Pz,24.39461,39.0,97.0
EDIN,edin30,Control_202,35.0,Cz,18.72369,39.0,97.0
EDIN,edin30,Control_202,35.0,CP1,17.94696,39.0,97.0
EDIN,edin30,Control_202,35.0,CP2,10.30906,39.0,97.0
EDIN,edin30,Control_202,35.0,P3,23.69668,39.0,97.0
EDIN,edin30,Control_202,35.0,P4,18.57484,39.0,97.0
EDIN,edin30,Control_202,35.0,C3,25.08702,39.0,97.0
EDIN,edin30,Control_202,35.0,C4,18.62584,39.0,97.0
EDIN,edin30,Control_202,35.0,P7,26.36387,39.0,97.0
EDIN,edin30,Control_202,35.0,P8,10.35354,39.0,97.0
EDIN,edin30,Control_202,35.0,O1,10.42791,39.0,97.0
EDIN,edin30,Control_202,35.0,O2,7.275876,39.0,97.0
EDIN,edin30,Violation_201,24.0,Pz,-5.0509,35.0,97.0
EDIN,edin30,Violation_201,24.0,Cz,1.272355,35.0,97.0
EDIN,edin30,Violation_201,24.0,CP1,2.259557,35.0,97.0
EDIN,edin30,Violation_201,24.0,CP2,1.87576,35.0,97.0
EDIN,edin30,Violation_201,24.0,P3,-13.2806,35.0,97.0
EDIN,edin30,Violation_201,24.0,P4,-2.67338,35.0,97.0
EDIN,edin30,Violation_201,24.0,C3,-0.7416666,35.0,97.0
EDIN,edin30,Violation_201,24.0,C4,5.614333,35.0,97.0
EDIN,edin30,Violation_201,24.0,P7,5.472087,35.0,97.0
EDIN,edin30,Violation_201,24.0,P8,-1.659761,35.0,97.0
EDIN,edin30,Violation_201,24.0,O1,-4.680132,35.0,97.0
EDIN,edin30,Violation_201,24.0,O2,23.00086,35.0,97.0
EDIN,edin30,Violation_201,28.0,Pz,-1.685034,37.0,80.0
EDIN,edin30,Violation_201,28.0,Cz,-7.826719,37.0,80.0
EDIN,edin30,Violation_201,28.0,CP1,-3.749026,37.0,80.0
EDIN,edin30,Violation_201,28.0,CP2,-1.947288,37.0,80.0
EDIN,edin30,Violation_201,28.0,P3,0.5194952,37.0,80.0
EDIN,edin30,Violation_201,28.0,P4,24.97729,37.0,80.0
EDIN,edin30,Violation_201,28.0,C3,-5.979858,37.0,80.0
EDIN,edin30,Violation_201,28.0,C4,-5.838964,37.0,80.0
EDIN,edin30,Violation_201,28.0,P7,3.177647,37.0,80.0
EDIN,edin30,Violation_201,28.0,P8,3.059397,37.0,80.0
EDIN,edin30,Violation_201,28.0,O1,0.9414582,37.0,80.0
EDIN,edin30,Violation_201,28.0,O2,-16.28415,37.0,80.0
EDIN,edin30,Control_202,23.0,Pz,13.99951,38.0,93.0
EDIN,edin30,Control_202,23.0,Cz,19.637,38.0,93.0
EDIN,edin30,Control_202,23.0,CP1,21.11468,38.0,93.0
EDIN,edin30,Control_202,23.0,CP2,15.09572,38.0,93.0
EDIN,edin30,Control_202,23.0,P3,22.99687,38.0,93.0
EDIN,edin30,Control_202,23.0,P4,60.35102,38.0,93.0
EDIN,edin30,Control_202,23.0,C3,16.59389,38.0,93.0
EDIN,edin30,Control_202,23.0,C4,9.126949,38.0,93.0
EDIN,edin30,Control_202,23.0,P7,11.81562,38.0,93.0
EDIN,edin30,Control_202,23.0,P8,1.479305,38.0,93.0
EDIN,edin30,Control_202,23.0,O1,17.11598,38.0,93.0
EDIN,edin30,Control_202,23.0,O2,0.4529103,38.0,93.0
EDIN,edin30,Control_202,51.0,Pz,-4.187819,60.0,90.0
EDIN,edin30,Control_202,51.0,Cz,-5.459527,60.0,90.0
EDIN,edin30,Control_202,51.0,CP1,-2.674328,60.0,90.0
EDIN,edin30,Control_202,51.0,CP2,-8.329401,60.0,90.0
EDIN,edin30,Control_202,51.0,P3,7.8981,60.0,90.0
EDIN,edin30,Control_202,51.0,P4,6.268328,60.0,90.0
EDIN,edin30,Control_202,51.0,C3,-1.159947,60.0,90.0
EDIN,edin30,Control_202,51.0,C4,-1.100626,60.0,90.0
EDIN,edin30,Control_202,51.0,P7,7.088297,60.0,90.0
EDIN,edin30,Control_202,51.0,P8,-6.294062,60.0,90.0
EDIN,edin30,Control_202,51.0,O1,-0.3579553,60.0,90.0
EDIN,edin30,Control_202,51.0,O2,-8.09134,60.0,90.0
EDIN,edin30,Violation_201,52.0,Pz,9.539379,49.0,40.0
EDIN,edin30,Violation_201,52.0,Cz,4.734717,49.0,40.0
EDIN,edin30,Violation_201,52.0,CP1,7.808295,49.0,40.0
EDIN,edin30,Violation_201,52.0,CP2,14.24021,49.0,40.0
EDIN,edin30,Violation_201,52.0,P3,15.03981,49.0,40.0
EDIN,edin30,Violation_201,52.0,P4,16.60288,49.0,40.0
EDIN,edin30,Violation_201,52.0,C3,11.43612,49.0,40.0
EDIN,edin30,Violation_201,52.0,C4,9.101297,49.0,40.0
EDIN,edin30,Violation_201,52.0,P7,11.67316,49.0,40.0
EDIN,edin30,Violation_201,52.0,P8,-8.215486,49.0,40.0
EDIN,edin30,Violation_201,52.0,O1,5.061133,49.0,40.0
EDIN,edin30,Violation_201,52.0,O2,1.975931,49.0,40.0
EDIN,edin30,Control_202,55.0,Pz,10.41141,56.0,93.0
EDIN,edin30,Control_202,55.0,Cz,12.77904,56.0,93.0
EDIN,edin30,Control_202,55.0,CP1,9.094676,56.0,93.0
EDIN,edin30,Control_202,55.0,CP2,12.60124,56.0,93.0
EDIN,edin30,Control_202,55.0,P3,5.396676,56.0,93.0
EDIN,edin30,Control_202,55.0,P4,21.09732,56.0,93.0
EDIN,edin30,Control_202,55.0,C3,8.199364,56.0,93.0
EDIN,edin30,Control_202,55.0,C4,6.755062,56.0,93.0
EDIN,edin30,Control_202,55.0,P7,9.524662,56.0,93.0
EDIN,edin30,Control_202,55.0,P8,5.780206,56.0,93.0
EDIN,edin30,Control_202,55.0,O1,3.392206,56.0,93.0
EDIN,edin30,Control_202,55.0,O2,3.734227,56.0,93.0
EDIN,edin30,Violation_201,48.0,Pz,1.888772,58.0,73.0
EDIN,edin30,Violation_201,48.0,Cz,-1.601151,58.0,73.0
EDIN,edin30,Violation_201,48.0,CP1,-1.482009,58.0,73.0
EDIN,edin30,Violation_201,48.0,CP2,7.370049,58.0,73.0
EDIN,edin30,Violation_201,48.0,P3,5.106255,58.0,73.0
EDIN,edin30,Violation_201,48.0,P4,6.705549,58.0,73.0
EDIN,edin30,Violation_201,48.0,C3,6.07788,58.0,73.0
EDIN,edin30,Violation_201,48.0,C4,11.58248,58.0,73.0
EDIN,edin30,Violation_201,48.0,P7,9.112553,58.0,73.0
EDIN,edin30,Violation_201,48.0,P8,-5.277059,58.0,73.0
EDIN,edin30,Violation_201,48.0,O1,-1.53898,58.0,73.0
EDIN,edin30,Violation_201,48.0,O2,0.5201927,58.0,73.0
EDIN,edin30,Violation_201,60.0,Pz,13.39249,47.0,100.0
EDIN,edin30,Violation_201,60.0,Cz,11.02971,47.0,100.0
EDIN,edin30,Violation_201,60.0,CP1,22.04152,47.0,100.0
EDIN,edin30,Violation_201,60.0,CP2,16.69078,47.0,100.0
EDIN,edin30,Violation_201,60.0,P3,12.24625,47.0,100.0
EDIN,edin30,Violation_201,60.0,P4,-68.01868,47.0,100.0
EDIN,edin30,Violation_201,60.0,C3,17.95491,47.0,100.0
EDIN,edin30,Violation_201,60.0,C4,20.29857,47.0,100.0
EDIN,edin30,Violation_201,60.0,P7,13.56331,47.0,100.0
EDIN,edin30,Violation_201,60.0,P8,6.555221,47.0,100.0
EDIN,edin30,Violation_201,60.0,O1,14.3289,47.0,100.0
EDIN,edin30,Violation_201,60.0,O2,1.521331,47.0,100.0
EDIN,edin30,Control_202,44.0,Pz,13.27598,57.0,69.0
EDIN,edin30,Control_202,44.0,Cz,13.75899,57.0,69.0
EDIN,edin30,Control_202,44.0,CP1,4.936749,57.0,69.0
EDIN,edin30,Control_202,44.0,CP2,10.73398,57.0,69.0
EDIN,edin30,Control_202,44.0,P3,2.56646,57.0,69.0
EDIN,edin30,Control_202,44.0,P4,6.512195,57.0,69.0
EDIN,edin30,Control_202,44.0,C3,9.763472,57.0,69.0
EDIN,edin30,Control_202,44.0,C4,19.98342,57.0,69.0
EDIN,edin30,Control_202,44.0,P7,6.209903,57.0,69.0
EDIN,edin30,Control_202,44.0,P8,12.42019,57.0,69.0
EDIN,edin30,Control_202,44.0,O1,9.417916,57.0,69.0
EDIN,edin30,Control_202,44.0,O2,17.88114,57.0,69.0
EDIN,edin30,Violation_201,56.0,Pz,1.467633,59.0,73.0
EDIN,edin30,Violation_201,56.0,Cz,-15.30227,59.0,73.0
EDIN,edin30,Violation_201,56.0,CP1,-9.273576,59.0,73.0
EDIN,edin30,Violation_201,56.0,CP2,-5.530391,59.0,73.0
EDIN,edin30,Violation_201,56.0,P3,-0.02912705,59.0,73.0
EDIN,edin30,Violation_201,56.0,P4,11.96694,59.0,73.0
EDIN,edin30,Violation_201,56.0,C3,-12.6646,59.0,73.0
EDIN,edin30,Violation_201,56.0,C4,-14.12708,59.0,73.0
EDIN,edin30,Violation_201,56.0,P7,5.619596,59.0,73.0
EDIN,edin30,Violation_201,56.0,P8,-11.56825,59.0,73.0
EDIN,edin30,Violation_201,56.0,O1,7.162169,59.0,73.0
EDIN,edin30,Violation_201,56.0,O2,-1.319856,59.0,73.0
EDIN,edin30,Control_202,59.0,Pz,-31.09616,42.0,37.0
EDIN,edin30,Control_202,59.0,Cz,-29.05935,42.0,37.0
EDIN,edin30,Control_202,59.0,CP1,-33.16647,42.0,37.0
EDIN,edin30,Control_202,59.0,CP2,-37.12953,42.0,37.0
EDIN,edin30,Control_202,59.0,P3,-37.57797,42.0,37.0
EDIN,edin30,Control_202,59.0,P4,-49.56994,42.0,37.0
EDIN,edin30,Control_202,59.0,C3,-44.46512,42.0,37.0
EDIN,edin30,Control_202,59.0,C4,-33.30164,42.0,37.0
EDIN,edin30,Control_202,59.0,P7,-48.23714,42.0,37.0
EDIN,edin30,Control_202,59.0,P8,-41.5439,42.0,37.0
EDIN,edin30,Control_202,59.0,O1,-40.38981,42.0,37.0
EDIN,edin30,Control_202,59.0,O2,-41.73415,42.0,37.0
EDIN,edin30,Violation_201,43.0,Pz,-14.87907,46.0,63.0
EDIN,edin30,Violation_201,43.0,Cz,-18.36382,46.0,63.0
EDIN,edin30,Violation_201,43.0,CP1,-15.0075,46.0,63.0
EDIN,edin30,Violation_201,43.0,CP2,-14.60406,46.0,63.0
EDIN,edin30,Violation_201,43.0,P3,-12.01587,46.0,63.0
EDIN,edin30,Violation_201,43.0,P4,-15.62485,46.0,63.0
EDIN,edin30,Violation_201,43.0,C3,-18.68363,46.0,63.0
EDIN,edin30,Violation_201,43.0,C4,-6.805659,46.0,63.0
EDIN,edin30,Violation_201,43.0,P7,-5.739459,46.0,63.0
EDIN,edin30,Violation_201,43.0,P8,12.75837,46.0,63.0
EDIN,edin30,Violation_201,43.0,O1,-6.819647,46.0,63.0
EDIN,edin30,Violation_201,43.0,O2,11.08603,46.0,63.0
EDIN,edin30,Control_202,47.0,Pz,-1.089373,45.0,67.0
EDIN,edin30,Control_202,47.0,Cz,4.51876,45.0,67.0
EDIN,edin30,Control_202,47.0,CP1,-3.950937,45.0,67.0
EDIN,edin30,Control_202,47.0,CP2,3.339845,45.0,67.0
EDIN,edin30,Control_202,47.0,P3,-0.8453927,45.0,67.0
EDIN,edin30,Control_202,47.0,P4,-8.654474,45.0,67.0
EDIN,edin30,Control_202,47.0,C3,-1.024494,45.0,67.0
EDIN,edin30,Control_202,47.0,C4,0.8210965,45.0,67.0
EDIN,edin30,Control_202,47.0,P7,-4.370514,45.0,67.0
EDIN,edin30,Control_202,47.0,P8,6.206009,45.0,67.0
EDIN,edin30,Control_202,47.0,O1,2.523339,45.0,67.0
EDIN,edin30,Control_202,47.0,O2,-12.07695,45.0,67.0
EDIN,edin30,Violation_201,68.0,Pz,21.99435,63.0,83.0
EDIN,edin30,Violation_201,68.0,Cz,30.28314,63.0,83.0
EDIN,edin30,Violation_201,68.0,CP1,43.23849,63.0,83.0
EDIN,edin30,Violation_201,68.0,CP2,21.44164,63.0,83.0
EDIN,edin30,Violation_201,68.0,P3,14.1277,63.0,83.0
EDIN,edin30,Violation_201,68.0,P4,30.35344,63.0,83.0
EDIN,edin30,Violation_201,68.0,C3,20.89166,63.0,83.0
EDIN,edin30,Violation_201,68.0,C4,20.35952,63.0,83.0
EDIN,edin30,Violation_201,68.0,P7,19.07055,63.0,83.0
EDIN,edin30,Violation_201,68.0,P8,11.1629,63.0,83.0
EDIN,edin30,Violation_201,68.0,O1,17.78543,63.0,83.0
EDIN,edin30,Violation_201,68.0,O2,5.451047,63.0,83.0
EDIN,edin30,Control_202,67.0,Pz,-8.600195,71.0,90.0
EDIN,edin30,Control_202,67.0,Cz,-10.16124,71.0,90.0
EDIN,edin30,Control_202,67.0,CP1,-12.47927,71.0,90.0
EDIN,edin30,Control_202,67.0,CP2,-9.618123,71.0,90.0
EDIN,edin30,Control_202,67.0,P3,-9.425468,71.0,90.0
EDIN,edin30,Control_202,67.0,P4,-3.780812,71.0,90.0
EDIN,edin30,Control_202,67.0,C3,-11.65229,71.0,90.0
EDIN,edin30,Control_202,67.0,C4,-13.63939,71.0,90.0
EDIN,edin30,Control_202,67.0,P7,-2.184438,71.0,90.0
EDIN,edin30,Control_202,67.0,P8,-14.6257,71.0,90.0
EDIN,edin30,Control_202,67.0,O1,-4.736821,71.0,90.0
EDIN,edin30,Control_202,67.0,O2,11.88387,71.0,90.0
EDIN,edin30,Control_202,71.0,Pz,17.22471,61.0,34.0
EDIN,edin30,Control_202,71.0,Cz,20.38858,61.0,34.0
EDIN,edin30,Control_202,71.0,CP1,12.85451,61.0,34.0
EDIN,edin30,Control_202,71.0,CP2,15.45729,61.0,34.0
EDIN,edin30,Control_202,71.0,P3,13.75861,61.0,34.0
EDIN,edin30,Control_202,71.0,P4,4.911604,61.0,34.0
EDIN,edin30,Control_202,71.0,C3,17.26057,61.0,34.0
EDIN,edin30,Control_202,71.0,C4,19.54085,61.0,34.0
EDIN,edin30,Control_202,71.0,P7,20.85826,61.0,34.0
EDIN,edin30,Control_202,71.0,P8,17.64208,61.0,34.0
EDIN,edin30,Control_202,71.0,O1,18.10778,61.0,34.0
EDIN,edin30,Control_202,71.0,O2,23.68627,61.0,34.0
EDIN,edin30,Control_202,63.0,Pz,-10.42693,70.0,57.0
EDIN,edin30,Control_202,63.0,Cz,-9.219284,70.0,57.0
EDIN,edin30,Control_202,63.0,CP1,-7.491872,70.0,57.0
EDIN,edin30,Control_202,63.0,CP2,-2.874661,70.0,57.0
EDIN,edin30,Control_202,63.0,P3,-1.397718,70.0,57.0
EDIN,edin30,Control_202,63.0,P4,-5.221219,70.0,57.0
EDIN,edin30,Control_202,63.0,C3,-1.67143,70.0,57.0
EDIN,edin30,Control_202,63.0,C4,-0.3304505,70.0,57.0
EDIN,edin30,Control_202,63.0,P7,10.83826,70.0,57.0
EDIN,edin30,Control_202,63.0,P8,-7.321877,70.0,57.0
EDIN,edin30,Control_202,63.0,O1,0.8664697,70.0,57.0
EDIN,edin30,Control_202,63.0,O2,0.9722539,70.0,57.0
EDIN,edin30,Control_202,79.0,Pz,8.417072,64.0,50.0
EDIN,edin30,Control_202,79.0,Cz,3.602342,64.0,50.0
EDIN,edin30,Control_202,79.0,CP1,9.229758,64.0,50.0
EDIN,edin30,Control_202,79.0,CP2,20.18466,64.0,50.0
EDIN,edin30,Control_202,79.0,P3,16.08407,64.0,50.0
EDIN,edin30,Control_202,79.0,P4,1.974406,64.0,50.0
EDIN,edin30,Control_202,79.0,C3,10.26,64.0,50.0
EDIN,edin30,Control_202,79.0,C4,9.351502,64.0,50.0
EDIN,edin30,Control_202,79.0,P7,11.87462,64.0,50.0
EDIN,edin30,Control_202,79.0,P8,-5.172156,64.0,50.0
EDIN,edin30,Control_202,79.0,O1,7.88965,64.0,50.0
EDIN,edin30,Control_202,79.0,O2,9.389988,64.0,50.0
EDIN,edin30,Control_202,75.0,Pz,0.4092571,66.0,23.0
EDIN,edin30,Control_202,75.0,Cz,0.3181729,66.0,23.0
EDIN,edin30,Control_202,75.0,CP1,-2.118918,66.0,23.0
EDIN,edin30,Control_202,75.0,CP2,-4.835855,66.0,23.0
EDIN,edin30,Control_202,75.0,P3,-5.181768,66.0,23.0
EDIN,edin30,Control_202,75.0,P4,-3.270997,66.0,23.0
EDIN,edin30,Control_202,75.0,C3,1.746636,66.0,23.0
EDIN,edin30,Control_202,75.0,C4,-0.7075183,66.0,23.0
EDIN,edin30,Control_202,75.0,P7,4.202661,66.0,23.0
EDIN,edin30,Control_202,75.0,P8,3.821009,66.0,23.0
EDIN,edin30,Control_202,75.0,O1,1.734487,66.0,23.0
EDIN,edin30,Control_202,75.0,O2,-1.061524,66.0,23.0
EDIN,edin30,Violation_201,76.0,Pz,-22.99816,72.0,90.0
EDIN,edin30,Violation_201,76.0,Cz,-22.52125,72.0,90.0
EDIN,edin30,Violation_201,76.0,CP1,-25.34855,72.0,90.0
EDIN,edin30,Violation_201,76.0,CP2,-22.75608,72.0,90.0
EDIN,edin30,Violation_201,76.0,P3,-28.73134,72.0,90.0
EDIN,edin30,Violation_201,76.0,P4,-15.4801,72.0,90.0
EDIN,edin30,Violation_201,76.0,C3,-24.20048,72.0,90.0
EDIN,edin30,Violation_201,76.0,C4,-24.25542,72.0,90.0
EDIN,edin30,Violation_201,76.0,P7,-19.93399,72.0,90.0
EDIN,edin30,Violation_201,76.0,P8,-19.02984,72.0,90.0
EDIN,edin30,Violation_201,76.0,O1,-10.46909,72.0,90.0
EDIN,edin30,Violation_201,76.0,O2,-11.31872,72.0,90.0
EDIN,edin30,Violation_201,72.0,Pz,-7.354141,73.0,80.0
EDIN,edin30,Violation_201,72.0,Cz,0.1857574,73.0,80.0
EDIN,edin30,Violation_201,72.0,CP1,-4.511387,73.0,80.0
EDIN,edin30,Violation_201,72.0,CP2,-1.735722,73.0,80.0
EDIN,edin30,Violation_201,72.0,P3,-9.053788,73.0,80.0
EDIN,edin30,Violation_201,72.0,P4,-13.62111,73.0,80.0
EDIN,edin30,Violation_201,72.0,C3,-3.805802,73.0,80.0
EDIN,edin30,Violation_201,72.0,C4,-2.434876,73.0,80.0
EDIN,edin30,Violation_201,72.0,P7,-5.908406,73.0,80.0
EDIN,edin30,Violation_201,72.0,P8,3.495906,73.0,80.0
EDIN,edin30,Violation_201,72.0,O1,-15.48734,73.0,80.0
EDIN,edin30,Violation_201,72.0,O2,-9.85218,73.0,80.0
EDIN,edin30,Violation_201,80.0,Pz,-7.447082,69.0,93.0
EDIN,edin30,Violation_201,80.0,Cz,-8.084577,69.0,93.0
EDIN,edin30,Violation_201,80.0,CP1,-9.701368,69.0,93.0
EDIN,edin30,Violation_201,80.0,CP2,-7.134799,69.0,93.0
EDIN,edin30,Violation_201,80.0,P3,-15.32585,69.0,93.0
EDIN,edin30,Violation_201,80.0,P4,-5.469465,69.0,93.0
EDIN,edin30,Violation_201,80.0,C3,-9.488382,69.0,93.0
EDIN,edin30,Violation_201,80.0,C4,-12.45138,69.0,93.0
EDIN,edin30,Violation_201,80.0,P7,-6.333036,69.0,93.0
EDIN,edin30,Violation_201,80.0,P8,-3.535253,69.0,93.0
EDIN,edin30,Violation_201,80.0,O1,-5.493418,69.0,93.0
EDIN,edin30,Violation_201,80.0,O2,-6.998628,69.0,93.0
EDIN,edin30,Violation_201,64.0,Pz,6.326969,65.0,93.0
EDIN,edin30,Violation_201,64.0,Cz,8.949137,65.0,93.0
EDIN,edin30,Violation_201,64.0,CP1,10.77115,65.0,93.0
EDIN,edin30,Violation_201,64.0,CP2,14.63053,65.0,93.0
EDIN,edin30,Violation_201,64.0,P3,-6.135477,65.0,93.0
EDIN,edin30,Violation_201,64.0,P4,8.556772,65.0,93.0
EDIN,edin30,Violation_201,64.0,C3,7.844844,65.0,93.0
EDIN,edin30,Violation_201,64.0,C4,4.632442,65.0,93.0
EDIN,edin30,Violation_201,64.0,P7,-7.361307,65.0,93.0
EDIN,edin30,Violation_201,64.0,P8,4.538887,65.0,93.0
EDIN,edin30,Violation_201,64.0,O1,3.615578,65.0,93.0
EDIN,edin30,Violation_201,64.0,O2,11.49508,65.0,93.0
EDIN,edin31,Control_202,17.0,Pz,-5.344131,18.0,87.0
EDIN,edin31,Control_202,17.0,Cz,3.211405,18.0,87.0
EDIN,edin31,Control_202,17.0,CP1,-21.5759,18.0,87.0
EDIN,edin31,Control_202,17.0,CP2,-2.942674,18.0,87.0
EDIN,edin31,Control_202,17.0,P3,-2.61639,18.0,87.0
EDIN,edin31,Control_202,17.0,P4,1.536563,18.0,87.0
EDIN,edin31,Control_202,17.0,C3,-32.16194,18.0,87.0
EDIN,edin31,Control_202,17.0,C4,-1.980627,18.0,87.0
EDIN,edin31,Control_202,17.0,P7,2.484709,18.0,87.0
EDIN,edin31,Control_202,17.0,P8,-0.7476703,18.0,87.0
EDIN,edin31,Control_202,17.0,O1,-3.205316,18.0,87.0
EDIN,edin31,Control_202,17.0,O2,4.335895,18.0,87.0
EDIN,edin31,Control_202,13.0,Pz,8.828951,12.0,100.0
EDIN,edin31,Control_202,13.0,Cz,14.91911,12.0,100.0
EDIN,edin31,Control_202,13.0,CP1,9.587097,12.0,100.0
EDIN,edin31,Control_202,13.0,CP2,10.83971,12.0,100.0
EDIN,edin31,Control_202,13.0,P3,4.749817,12.0,100.0
EDIN,edin31,Control_202,13.0,P4,9.881471,12.0,100.0
EDIN,edin31,Control_202,13.0,C3,9.745098,12.0,100.0
EDIN,edin31,Control_202,13.0,C4,0.9258437,12.0,100.0
EDIN,edin31,Control_202,13.0,P7,4.941804,12.0,100.0
EDIN,edin31,Control_202,13.0,P8,2.931458,12.0,100.0
EDIN,edin31,Control_202,13.0,O1,7.047057,12.0,100.0
EDIN,edin31,Control_202,13.0,O2,12.18748,12.0,100.0
EDIN,edin31,Violation_201,10.0,Pz,5.985092,7.0,80.0
EDIN,edin31,Violation_201,10.0,Cz,7.647934,7.0,80.0
EDIN,edin31,Violation_201,10.0,CP1,5.782052,7.0,80.0
EDIN,edin31,Violation_201,10.0,CP2,6.163505,7.0,80.0
EDIN,edin31,Violation_201,10.0,P3,1.442221,7.0,80.0
EDIN,edin31,Violation_201,10.0,P4,10.99991,7.0,80.0
EDIN,edin31,Violation_201,10.0,C3,6.491896,7.0,80.0
EDIN,edin31,Violation_201,10.0,C4,6.285028,7.0,80.0
EDIN,edin31,Violation_201,10.0,P7,-3.080245,7.0,80.0
EDIN,edin31,Violation_201,10.0,P8,11.62491,7.0,80.0
EDIN,edin31,Violation_201,10.0,O1,7.712554,7.0,80.0
EDIN,edin31,Violation_201,10.0,O2,8.85162,7.0,80.0
EDIN,edin31,Control_202,5.0,Pz,-6.497766,3.0,100.0
EDIN,edin31,Control_202,5.0,Cz,-9.773997,3.0,100.0
EDIN,edin31,Control_202,5.0,CP1,-2.635624,3.0,100.0
EDIN,edin31,Control_202,5.0,CP2,1.809731,3.0,100.0
EDIN,edin31,Control_202,5.0,P3,-3.952973,3.0,100.0
EDIN,edin31,Control_202,5.0,P4,-4.923253,3.0,100.0
EDIN,edin31,Control_202,5.0,C3,-7.925603,3.0,100.0
EDIN,edin31,Control_202,5.0,C4,-2.928151,3.0,100.0
EDIN,edin31,Control_202,5.0,P7,-10.30496,3.0,100.0
EDIN,edin31,Control_202,5.0,P8,1.34962,3.0,100.0
EDIN,edin31,Control_202,5.0,O1,-13.92652,3.0,100.0
EDIN,edin31,Control_202,5.0,O2,-4.397074,3.0,100.0
EDIN,edin31,Violation_201,6.0,Pz,-2.201772,5.0,93.0
EDIN,edin31,Violation_201,6.0,Cz,1.941951,5.0,93.0
EDIN,edin31,Violation_201,6.0,CP1,-9.965473,5.0,93.0
EDIN,edin31,Violation_201,6.0,CP2,-15.13249,5.0,93.0
EDIN,edin31,Violation_201,6.0,P3,-11.16312,5.0,93.0
EDIN,edin31,Violation_201,6.0,P4,-3.054815,5.0,93.0
EDIN,edin31,Violation_201,6.0,C3,-8.641096,5.0,93.0
EDIN,edin31,Violation_201,6.0,C4,-12.98611,5.0,93.0
EDIN,edin31,Violation_201,6.0,P7,-13.61852,5.0,93.0
EDIN,edin31,Violation_201,6.0,P8,-5.618416,5.0,93.0
EDIN,edin31,Violation_201,6.0,O1,-8.148043,5.0,93.0
EDIN,edin31,Violation_201,6.0,O2,-5.644473,5.0,93.0
EDIN,edin31,Control_202,9.0,Pz,-2.799849,6.0,100.0
EDIN,edin31,Control_202,9.0,Cz,-1.805649,6.0,100.0
EDIN,edin31,Control_202,9.0,CP1,-16.34667,6.0,100.0
EDIN,edin31,Control_202,9.0,CP2,14.31388,6.0,100.0
EDIN,edin31,Control_202,9.0,P3,-10.83444,6.0,100.0
EDIN,edin31,Control_202,9.0,P4,-3.774841,6.0,100.0
EDIN,edin31,Control_202,9.0,C3,-7.930422,6.0,100.0
EDIN,edin31,Control_202,9.0,C4,-0.3055727,6.0,100.0
EDIN,edin31,Control_202,9.0,P7,-3.696207,6.0,100.0
EDIN,edin31,Control_202,9.0,P8,-2.302511,6.0,100.0
EDIN,edin31,Control_202,9.0,O1,-5.152248,6.0,100.0
EDIN,edin31,Control_202,9.0,O2,-12.01863,6.0,100.0
EDIN,edin31,Control_202,1.0,Pz,-11.71327,17.0,62.0
EDIN,edin31,Control_202,1.0,Cz,-10.15061,17.0,62.0
EDIN,edin31,Control_202,1.0,CP1,-22.4596,17.0,62.0
EDIN,edin31,Control_202,1.0,CP2,-6.478286,17.0,62.0
EDIN,edin31,Control_202,1.0,P3,-9.04448,17.0,62.0
EDIN,edin31,Control_202,1.0,P4,-18.33288,17.0,62.0
EDIN,edin31,Control_202,1.0,C3,-15.73947,17.0,62.0
EDIN,edin31,Control_202,1.0,C4,-17.41631,17.0,62.0
EDIN,edin31,Control_202,1.0,P7,-10.76968,17.0,62.0
EDIN,edin31,Control_202,1.0,P8,-11.5039,17.0,62.0
EDIN,edin31,Control_202,1.0,O1,-11.76876,17.0,62.0
EDIN,edin31,Control_202,1.0,O2,-12.69644,17.0,62.0
EDIN,edin31,Violation_201,18.0,Pz,-5.008775,11.0,87.0
EDIN,edin31,Violation_201,18.0,Cz,-5.160459,11.0,87.0
EDIN,edin31,Violation_201,18.0,CP1,-10.39909,11.0,87.0
EDIN,edin31,Violation_201,18.0,CP2,-6.281829,11.0,87.0
EDIN,edin31,Violation_201,18.0,P3,-3.628417,11.0,87.0
EDIN,edin31,Violation_201,18.0,P4,-10.48076,11.0,87.0
EDIN,edin31,Violation_201,18.0,C3,-7.127288,11.0,87.0
EDIN,edin31,Violation_201,18.0,C4,-6.101768,11.0,87.0
EDIN,edin31,Violation_201,18.0,P7,-0.9285864,11.0,87.0
EDIN,edin31,Violation_201,18.0,P8,-17.64258,11.0,87.0
EDIN,edin31,Violation_201,18.0,O1,-6.907316,11.0,87.0
EDIN,edin31,Violation_201,18.0,O2,-5.033839,11.0,87.0
EDIN,edin31,Violation_201,14.0,Pz,2.519884,19.0,100.0
EDIN,edin31,Violation_201,14.0,Cz,1.734558,19.0,100.0
EDIN,edin31,Violation_201,14.0,CP1,-2.75645,19.0,100.0
EDIN,edin31,Violation_201,14.0,CP2,-9.622373,19.0,100.0
EDIN,edin31,Violation_201,14.0,P3,4.823262,19.0,100.0
EDIN,edin31,Violation_201,14.0,P4,7.002241,19.0,100.0
EDIN,edin31,Violation_201,14.0,C3,2.084296,19.0,100.0
EDIN,edin31,Violation_201,14.0,C4,-1.920895,19.0,100.0
EDIN,edin31,Violation_201,14.0,P7,2.399114,19.0,100.0
EDIN,edin31,Violation_201,14.0,P8,-0.8748834,19.0,100.0
EDIN,edin31,Violation_201,14.0,O1,-9.193813,19.0,100.0
EDIN,edin31,Violation_201,14.0,O2,-0.6431701,19.0,100.0
EDIN,edin31,Violation_201,2.0,Pz,15.38967,13.0,97.0
EDIN,edin31,Violation_201,2.0,Cz,9.863763,13.0,97.0
EDIN,edin31,Violation_201,2.0,CP1,20.62035,13.0,97.0
EDIN,edin31,Violation_201,2.0,CP2,11.1897,13.0,97.0
EDIN,edin31,Violation_201,2.0,P3,8.465413,13.0,97.0
EDIN,edin31,Violation_201,2.0,P4,16.04636,13.0,97.0
EDIN,edin31,Violation_201,2.0,C3,6.052916,13.0,97.0
EDIN,edin31,Violation_201,2.0,C4,11.31652,13.0,97.0
EDIN,edin31,Violation_201,2.0,P7,3.622314,13.0,97.0
EDIN,edin31,Violation_201,2.0,P8,9.71713,13.0,97.0
EDIN,edin31,Violation_201,2.0,O1,21.58547,13.0,97.0
EDIN,edin31,Violation_201,2.0,O2,15.57723,13.0,97.0
EDIN,edin31,Violation_201,38.0,Pz,-8.795578,30.0,90.0
EDIN,edin31,Violation_201,38.0,Cz,-4.071841,30.0,90.0
EDIN,edin31,Violation_201,38.0,CP1,2.704627,30.0,90.0
EDIN,edin31,Violation_201,38.0,CP2,-9.70435,30.0,90.0
EDIN,edin31,Violation_201,38.0,P3,-2.731592,30.0,90.0
EDIN,edin31,Violation_201,38.0,P4,-2.047752,30.0,90.0
EDIN,edin31,Violation_201,38.0,C3,-4.017008,30.0,90.0
EDIN,edin31,Violation_201,38.0,C4,-5.247423,30.0,90.0
EDIN,edin31,Violation_201,38.0,P7,-6.71245,30.0,90.0
EDIN,edin31,Violation_201,38.0,P8,0.05336291,30.0,90.0
EDIN,edin31,Violation_201,38.0,O1,-4.850156,30.0,90.0
EDIN,edin31,Violation_201,38.0,O2,-4.580082,30.0,90.0
EDIN,edin31,Control_202,37.0,Pz,2.360517,33.0,53.0
EDIN,edin31,Control_202,37.0,Cz,1.766996,33.0,53.0
EDIN,edin31,Control_202,37.0,CP1,5.470926,33.0,53.0
EDIN,edin31,Control_202,37.0,CP2,3.91501,33.0,53.0
EDIN,edin31,Control_202,37.0,P3,10.38382,33.0,53.0
EDIN,edin31,Control_202,37.0,P4,11.74998,33.0,53.0
EDIN,edin31,Control_202,37.0,C3,3.487147,33.0,53.0
EDIN,edin31,Control_202,37.0,C4,4.083437,33.0,53.0
EDIN,edin31,Control_202,37.0,P7,13.92735,33.0,53.0
EDIN,edin31,Control_202,37.0,P8,7.064479,33.0,53.0
EDIN,edin31,Control_202,37.0,O1,8.597544,33.0,53.0
EDIN,edin31,Control_202,37.0,O2,3.364778,33.0,53.0
EDIN,edin31,Control_202,25.0,Pz,-4.815346,28.0,27.0
EDIN,edin31,Control_202,25.0,Cz,-11.00742,28.0,27.0
EDIN,edin31,Control_202,25.0,CP1,-12.19133,28.0,27.0
EDIN,edin31,Control_202,25.0,CP2,-5.451518,28.0,27.0
EDIN,edin31,Control_202,25.0,P3,-5.929097,28.0,27.0
EDIN,edin31,Control_202,25.0,P4,-9.433826,28.0,27.0
EDIN,edin31,Control_202,25.0,C3,-11.5762,28.0,27.0
EDIN,edin31,Control_202,25.0,C4,-10.57907,28.0,27.0
EDIN,edin31,Control_202,25.0,P7,-3.962593,28.0,27.0
EDIN,edin31,Control_202,25.0,P8,-7.770551,28.0,27.0
EDIN,edin31,Control_202,25.0,O1,-13.60396,28.0,27.0
EDIN,edin31,Control_202,25.0,O2,-5.69914,28.0,27.0
EDIN,edin31,Violation_201,26.0,Pz,2.365315,31.0,77.0
EDIN,edin31,Violation_201,26.0,Cz,8.159075,31.0,77.0
EDIN,edin31,Violation_201,26.0,CP1,0.9009835,31.0,77.0
EDIN,edin31,Violation_201,26.0,CP2,-1.318947,31.0,77.0
EDIN,edin31,Violation_201,26.0,P3,5.592043,31.0,77.0
EDIN,edin31,Violation_201,26.0,P4,6.030034,31.0,77.0
EDIN,edin31,Violation_201,26.0,C3,-0.040308,31.0,77.0
EDIN,edin31,Violation_201,26.0,C4,6.494645,31.0,77.0
EDIN,edin31,Violation_201,26.0,P7,-3.648067,31.0,77.0
EDIN,edin31,Violation_201,26.0,P8,-0.4835866,31.0,77.0
EDIN,edin31,Violation_201,26.0,O1,-11.87291,31.0,77.0
EDIN,edin31,Violation_201,26.0,O2,-4.238361,31.0,77.0
EDIN,edin31,Violation_201,22.0,Pz,-0.3875843,38.0,93.0
EDIN,edin31,Violation_201,22.0,Cz,1.242476,38.0,93.0
EDIN,edin31,Violation_201,22.0,CP1,-5.874018,38.0,93.0
EDIN,edin31,Violation_201,22.0,CP2,2.265464,38.0,93.0
EDIN,edin31,Violation_201,22.0,P3,-5.344119,38.0,93.0
EDIN,edin31,Violation_201,22.0,P4,34.06153,38.0,93.0
EDIN,edin31,Violation_201,22.0,C3,5.771776,38.0,93.0
EDIN,edin31,Violation_201,22.0,C4,2.490254,38.0,93.0
EDIN,edin31,Violation_201,22.0,P7,10.00871,38.0,93.0
EDIN,edin31,Violation_201,22.0,P8,-10.46829,38.0,93.0
EDIN,edin31,Violation_201,22.0,O1,-1.785375,38.0,93.0
EDIN,edin31,Violation_201,22.0,O2,-4.637775,38.0,93.0
EDIN,edin31,Control_202,21.0,Pz,-4.963542,40.0,93.0
EDIN,edin31,Control_202,21.0,Cz,-1.637798,40.0,93.0
EDIN,edin31,Control_202,21.0,CP1,-8.95882,40.0,93.0
EDIN,edin31,Control_202,21.0,CP2,-2.294389,40.0,93.0
EDIN,edin31,Control_202,21.0,P3,-6.843415,40.0,93.0
EDIN,edin31,Control_202,21.0,P4,-6.953074,40.0,93.0
EDIN,edin31,Control_202,21.0,C3,-3.707379,40.0,93.0
EDIN,edin31,Control_202,21.0,C4,8.619493,40.0,93.0
EDIN,edin31,Control_202,21.0,P7,18.841,40.0,93.0
EDIN,edin31,Control_202,21.0,P8,-3.739556,40.0,93.0
EDIN,edin31,Control_202,21.0,O1,-12.14224,40.0,93.0
EDIN,edin31,Control_202,21.0,O2,-3.412354,40.0,93.0
EDIN,edin31,Violation_201,34.0,Pz,-12.46236,24.0,93.0
EDIN,edin31,Violation_201,34.0,Cz,-11.34156,24.0,93.0
EDIN,edin31,Violation_201,34.0,CP1,-4.091881,24.0,93.0
EDIN,edin31,Violation_201,34.0,CP2,-7.874411,24.0,93.0
EDIN,edin31,Violation_201,34.0,P3,-13.06684,24.0,93.0
EDIN,edin31,Violation_201,34.0,P4,-10.35289,24.0,93.0
EDIN,edin31,Violation_201,34.0,C3,-17.15488,24.0,93.0
EDIN,edin31,Violation_201,34.0,C4,7.965987,24.0,93.0
EDIN,edin31,Violation_201,34.0,P7,-1.648423,24.0,93.0
EDIN,edin31,Violation_201,34.0,P8,-2.999891,24.0,93.0
EDIN,edin31,Violation_201,34.0,O1,-1.439667,24.0,93.0
EDIN,edin31,Violation_201,34.0,O2,-13.25299,24.0,93.0
EDIN,edin31,Control_202,33.0,Pz,-10.12755,22.0,53.0
EDIN,edin31,Control_202,33.0,Cz,-19.07741,22.0,53.0
EDIN,edin31,Control_202,33.0,CP1,-17.68491,22.0,53.0
EDIN,edin31,Control_202,33.0,CP2,-19.37277,22.0,53.0
EDIN,edin31,Control_202,33.0,P3,-4.20439,22.0,53.0
EDIN,edin31,Control_202,33.0,P4,-7.731325,22.0,53.0
EDIN,edin31,Control_202,33.0,C3,-9.4323,22.0,53.0
EDIN,edin31,Control_202,33.0,C4,-11.44369,22.0,53.0
EDIN,edin31,Control_202,33.0,P7,-2.928571,22.0,53.0
EDIN,edin31,Control_202,33.0,P8,-1.1732,22.0,53.0
EDIN,edin31,Control_202,33.0,O1,3.989176,22.0,53.0
EDIN,edin31,Control_202,33.0,O2,3.325794,22.0,53.0
EDIN,edin31,Violation_201,30.0,Pz,-11.99864,26.0,87.0
EDIN,edin31,Violation_201,30.0,Cz,-14.95588,26.0,87.0
EDIN,edin31,Violation_201,30.0,CP1,-20.78217,26.0,87.0
EDIN,edin31,Violation_201,30.0,CP2,-12.85656,26.0,87.0
EDIN,edin31,Violation_201,30.0,P3,-15.51551,26.0,87.0
EDIN,edin31,Violation_201,30.0,P4,-12.05458,26.0,87.0
EDIN,edin31,Violation_201,30.0,C3,-16.69489,26.0,87.0
EDIN,edin31,Violation_201,30.0,C4,-3.718678,26.0,87.0
EDIN,edin31,Violation_201,30.0,P7,-25.39247,26.0,87.0
EDIN,edin31,Violation_201,30.0,P8,-12.61116,26.0,87.0
EDIN,edin31,Violation_201,30.0,O1,-25.6692,26.0,87.0
EDIN,edin31,Violation_201,30.0,O2,-17.93215,26.0,87.0
EDIN,edin31,Violation_201,29.0,Pz,13.77917,25.0,97.0
EDIN,edin31,Violation_201,29.0,Cz,10.51726,25.0,97.0
EDIN,edin31,Violation_201,29.0,CP1,11.22978,25.0,97.0
EDIN,edin31,Violation_201,29.0,CP2,2.623761,25.0,97.0
EDIN,edin31,Violation_201,29.0,P3,16.52972,25.0,97.0
EDIN,edin31,Violation_201,29.0,P4,15.57336,25.0,97.0
EDIN,edin31,Violation_201,29.0,C3,13.24541,25.0,97.0
EDIN,edin31,Violation_201,29.0,C4,9.29624,25.0,97.0
EDIN,edin31,Violation_201,29.0,P7,17.57367,25.0,97.0
EDIN,edin31,Violation_201,29.0,P8,3.31208,25.0,97.0
EDIN,edin31,Violation_201,29.0,O1,7.491463,25.0,97.0
EDIN,edin31,Violation_201,29.0,O2,16.16421,25.0,97.0
EDIN,edin31,Violation_201,46.0,Pz,-6.55134,55.0,93.0
EDIN,edin31,Violation_201,46.0,Cz,29.58839,55.0,93.0
EDIN,edin31,Violation_201,46.0,CP1,-4.824002,55.0,93.0
EDIN,edin31,Violation_201,46.0,CP2,-3.338104,55.0,93.0
EDIN,edin31,Violation_201,46.0,P3,-5.189573,55.0,93.0
EDIN,edin31,Violation_201,46.0,P4,-9.815224,55.0,93.0
EDIN,edin31,Violation_201,46.0,C3,-5.337702,55.0,93.0
EDIN,edin31,Violation_201,46.0,C4,-1.249517,55.0,93.0
EDIN,edin31,Violation_201,46.0,P7,-4.973696,55.0,93.0
EDIN,edin31,Violation_201,46.0,P8,-9.389829,55.0,93.0
EDIN,edin31,Violation_201,46.0,O1,-1.177775,55.0,93.0
EDIN,edin31,Violation_201,46.0,O2,-13.5063,55.0,93.0
EDIN,edin31,Control_202,45.0,Pz,-4.146064,56.0,93.0
EDIN,edin31,Control_202,45.0,Cz,7.638111,56.0,93.0
EDIN,edin31,Control_202,45.0,CP1,2.996885,56.0,93.0
EDIN,edin31,Control_202,45.0,CP2,-6.978502,56.0,93.0
EDIN,edin31,Control_202,45.0,P3,6.416298,56.0,93.0
EDIN,edin31,Control_202,45.0,P4,0.1854375,56.0,93.0
EDIN,edin31,Control_202,45.0,C3,-1.951829,56.0,93.0
EDIN,edin31,Control_202,45.0,C4,1.336351,56.0,93.0
EDIN,edin31,Control_202,45.0,P7,0.7070982,56.0,93.0
EDIN,edin31,Control_202,45.0,P8,-8.408362,56.0,93.0
EDIN,edin31,Control_202,45.0,O1,-3.402052,56.0,93.0
EDIN,edin31,Control_202,45.0,O2,-8.266825,56.0,93.0
EDIN,edin31,Violation_201,42.0,Pz,1.446479,59.0,73.0
EDIN,edin31,Violation_201,42.0,Cz,6.138219,59.0,73.0
EDIN,edin31,Violation_201,42.0,CP1,2.402252,59.0,73.0
EDIN,edin31,Violation_201,42.0,CP2,-0.655174,59.0,73.0
EDIN,edin31,Violation_201,42.0,P3,7.299816,59.0,73.0
EDIN,edin31,Violation_201,42.0,P4,7.920872,59.0,73.0
EDIN,edin31,Violation_201,42.0,C3,-6.040505,59.0,73.0
EDIN,edin31,Violation_201,42.0,C4,-0.9764669,59.0,73.0
EDIN,edin31,Violation_201,42.0,P7,3.473102,59.0,73.0
EDIN,edin31,Violation_201,42.0,P8,7.478925,59.0,73.0
EDIN,edin31,Violation_201,42.0,O1,-7.339129,59.0,73.0
EDIN,edin31,Violation_201,42.0,O2,8.721564,59.0,73.0
EDIN,edin31,Control_202,53.0,Pz,3.737229,54.0,77.0
EDIN,edin31,Control_202,53.0,Cz,14.69445,54.0,77.0
EDIN,edin31,Control_202,53.0,CP1,10.02045,54.0,77.0
EDIN,edin31,Control_202,53.0,CP2,10.62533,54.0,77.0
EDIN,edin31,Control_202,53.0,P3,-1.341425,54.0,77.0
EDIN,edin31,Control_202,53.0,P4,-1.653429,54.0,77.0
EDIN,edin31,Control_202,53.0,C3,-2.334919,54.0,77.0
EDIN,edin31,Control_202,53.0,C4,13.25082,54.0,77.0
EDIN,edin31,Control_202,53.0,P7,-6.104636,54.0,77.0
EDIN,edin31,Control_202,53.0,P8,-4.646284,54.0,77.0
EDIN,edin31,Control_202,53.0,O1,-16.96165,54.0,77.0
EDIN,edin31,Control_202,53.0,O2,-6.375032,54.0,77.0
EDIN,edin31,Violation_201,50.0,Pz,8.523668,60.0,90.0
EDIN,edin31,Violation_201,50.0,Cz,6.465102,60.0,90.0
EDIN,edin31,Violation_201,50.0,CP1,4.85326,60.0,90.0
EDIN,edin31,Violation_201,50.0,CP2,0.7220119,60.0,90.0
EDIN,edin31,Violation_201,50.0,P3,17.10726,60.0,90.0
EDIN,edin31,Violation_201,50.0,P4,25.05234,60.0,90.0
EDIN,edin31,Violation_201,50.0,C3,-0.03501288,60.0,90.0
EDIN,edin31,Violation_201,50.0,C4,0.04219224,60.0,90.0
EDIN,edin31,Violation_201,50.0,P7,3.307734,60.0,90.0
EDIN,edin31,Violation_201,50.0,P8,11.91905,60.0,90.0
EDIN,edin31,Violation_201,50.0,O1,18.7096,60.0,90.0
EDIN,edin31,Violation_201,50.0,O2,24.45309,60.0,90.0
EDIN,edin31,Violation_201,54.0,Pz,1.53577,52.0,87.0
EDIN,edin31,Violation_201,54.0,Cz,2.428094,52.0,87.0
EDIN,edin31,Violation_201,54.0,CP1,11.31767,52.0,87.0
EDIN,edin31,Violation_201,54.0,CP2,-4.764366,52.0,87.0
EDIN,edin31,Violation_201,54.0,P3,20.0678,52.0,87.0
EDIN,edin31,Violation_201,54.0,P4,11.53379,52.0,87.0
EDIN,edin31,Violation_201,54.0,C3,5.465748,52.0,87.0
EDIN,edin31,Violation_201,54.0,C4,-1.173612,52.0,87.0
EDIN,edin31,Violation_201,54.0,P7,29.98233,52.0,87.0
EDIN,edin31,Violation_201,54.0,P8,-17.77296,52.0,87.0
EDIN,edin31,Violation_201,54.0,O1,21.41383,52.0,87.0
EDIN,edin31,Violation_201,54.0,O2,14.26124,52.0,87.0
EDIN,edin31,Control_202,41.0,Pz,7.021676,46.0,63.0
EDIN,edin31,Control_202,41.0,Cz,5.679209,46.0,63.0
EDIN,edin31,Control_202,41.0,CP1,9.436634,46.0,63.0
EDIN,edin31,Control_202,41.0,CP2,8.081411,46.0,63.0
EDIN,edin31,Control_202,41.0,P3,2.185841,46.0,63.0
EDIN,edin31,Control_202,41.0,P4,3.639151,46.0,63.0
EDIN,edin31,Control_202,41.0,C3,10.96691,46.0,63.0
EDIN,edin31,Control_202,41.0,C4,7.778105,46.0,63.0
EDIN,edin31,Control_202,41.0,P7,11.38965,46.0,63.0
EDIN,edin31,Control_202,41.0,P8,-3.963061,46.0,63.0
EDIN,edin31,Control_202,41.0,O1,13.64303,46.0,63.0
EDIN,edin31,Control_202,41.0,O2,-4.937488,46.0,63.0
EDIN,edin31,Violation_201,58.0,Pz,5.961298,49.0,40.0
EDIN,edin31,Violation_201,58.0,Cz,-3.017266,49.0,40.0
EDIN,edin31,Violation_201,58.0,CP1,7.16714,49.0,40.0
EDIN,edin31,Violation_201,58.0,CP2,2.620939,49.0,40.0
EDIN,edin31,Violation_201,58.0,P3,10.59004,49.0,40.0
EDIN,edin31,Violation_201,58.0,P4,4.881906,49.0,40.0
EDIN,edin31,Violation_201,58.0,C3,-0.7938247,49.0,40.0
EDIN,edin31,Violation_201,58.0,C4,-0.3842515,49.0,40.0
EDIN,edin31,Violation_201,58.0,P7,-5.720156,49.0,40.0
EDIN,edin31,Violation_201,58.0,P8,-2.466328,49.0,40.0
EDIN,edin31,Violation_201,58.0,O1,6.014132,49.0,40.0
EDIN,edin31,Violation_201,58.0,O2,1.19191,49.0,40.0
EDIN,edin31,Control_202,49.0,Pz,15.32844,42.0,37.0
EDIN,edin31,Control_202,49.0,Cz,18.15816,42.0,37.0
EDIN,edin31,Control_202,49.0,CP1,25.81974,42.0,37.0
EDIN,edin31,Control_202,49.0,CP2,21.79256,42.0,37.0
EDIN,edin31,Control_202,49.0,P3,24.7606,42.0,37.0
EDIN,edin31,Control_202,49.0,P4,16.50168,42.0,37.0
EDIN,edin31,Control_202,49.0,C3,27.74725,42.0,37.0
EDIN,edin31,Control_202,49.0,C4,24.83701,42.0,37.0
EDIN,edin31,Control_202,49.0,P7,17.7455,42.0,37.0
EDIN,edin31,Control_202,49.0,P8,8.990871,42.0,37.0
EDIN,edin31,Control_202,49.0,O1,14.46008,42.0,37.0
EDIN,edin31,Control_202,49.0,O2,10.83846,42.0,37.0
EDIN,edin31,Control_202,57.0,Pz,-18.56288,58.0,73.0
EDIN,edin31,Control_202,57.0,Cz,-16.73067,58.0,73.0
EDIN,edin31,Control_202,57.0,CP1,-0.008658186,58.0,73.0
EDIN,edin31,Control_202,57.0,CP2,-10.0535,58.0,73.0
EDIN,edin31,Control_202,57.0,P3,-13.18247,58.0,73.0
EDIN,edin31,Control_202,57.0,P4,-21.07328,58.0,73.0
EDIN,edin31,Control_202,57.0,C3,-13.77052,58.0,73.0
EDIN,edin31,Control_202,57.0,C4,-8.245063,58.0,73.0
EDIN,edin31,Control_202,57.0,P7,2.26783,58.0,73.0
EDIN,edin31,Control_202,57.0,P8,-0.530138,58.0,73.0
EDIN,edin31,Control_202,57.0,O1,-2.857163,58.0,73.0
EDIN,edin31,Control_202,57.0,O2,-12.21504,58.0,73.0
EDIN,edin31,Violation_201,62.0,Pz,-2.685531,79.0,97.0
EDIN,edin31,Violation_201,62.0,Cz,-7.329204,79.0,97.0
EDIN,edin31,Violation_201,62.0,CP1,3.821723,79.0,97.0
EDIN,edin31,Violation_201,62.0,CP2,4.578979,79.0,97.0
EDIN,edin31,Violation_201,62.0,P3,-3.400612,79.0,97.0
EDIN,edin31,Violation_201,62.0,P4,6.142503,79.0,97.0
EDIN,edin31,Violation_201,62.0,C3,9.454011,79.0,97.0
EDIN,edin31,Violation_201,62.0,C4,3.783948,79.0,97.0
EDIN,edin31,Violation_201,62.0,P7,16.67457,79.0,97.0
EDIN,edin31,Violation_201,62.0,P8,5.779445,79.0,97.0
EDIN,edin31,Violation_201,62.0,O1,14.23573,79.0,97.0
EDIN,edin31,Violation_201,62.0,O2,4.054968,79.0,97.0
EDIN,edin31,Control_202,65.0,Pz,-17.86692,66.0,23.0
EDIN,edin31,Control_202,65.0,Cz,-22.21518,66.0,23.0
EDIN,edin31,Control_202,65.0,CP1,-22.87385,66.0,23.0
EDIN,edin31,Control_202,65.0,CP2,-22.71262,66.0,23.0
EDIN,edin31,Control_202,65.0,P3,-9.727828,66.0,23.0
EDIN,edin31,Control_202,65.0,P4,-17.80811,66.0,23.0
EDIN,edin31,Control_202,65.0,C3,-32.71359,66.0,23.0
EDIN,edin31,Control_202,65.0,C4,-18.14677,66.0,23.0
EDIN,edin31,Control_202,65.0,P7,-3.245275,66.0,23.0
EDIN,edin31,Control_202,65.0,P8,-29.16943,66.0,23.0
EDIN,edin31,Control_202,65.0,O1,-15.35421,66.0,23.0
EDIN,edin31,Control_202,65.0,O2,-17.81368,66.0,23.0
EDIN,edin31,Violation_201,66.0,Pz,-1.185055,64.0,50.0
EDIN,edin31,Violation_201,66.0,Cz,-11.48794,64.0,50.0
EDIN,edin31,Violation_201,66.0,CP1,-0.2699373,64.0,50.0
EDIN,edin31,Violation_201,66.0,CP2,-6.518292,64.0,50.0
EDIN,edin31,Violation_201,66.0,P3,8.806934,64.0,50.0
EDIN,edin31,Violation_201,66.0,P4,10.34942,64.0,50.0
EDIN,edin31,Violation_201,66.0,C3,0.2241923,64.0,50.0
EDIN,edin31,Violation_201,66.0,C4,0.7941447,64.0,50.0
EDIN,edin31,Violation_201,66.0,P7,18.36664,64.0,50.0
EDIN,edin31,Violation_201,66.0,P8,4.132526,64.0,50.0
EDIN,edin31,Violation_201,66.0,O1,6.851853,64.0,50.0
EDIN,edin31,Violation_201,66.0,O2,8.261246,64.0,50.0
EDIN,edin31,Violation_201,70.0,Pz,9.577498,74.0,93.0
EDIN,edin31,Violation_201,70.0,Cz,7.185739,74.0,93.0
EDIN,edin31,Violation_201,70.0,CP1,1.219938,74.0,93.0
EDIN,edin31,Violation_201,70.0,CP2,11.58682,74.0,93.0
EDIN,edin31,Violation_201,70.0,P3,9.455862,74.0,93.0
EDIN,edin31,Violation_201,70.0,P4,8.752819,74.0,93.0
EDIN,edin31,Violation_201,70.0,C3,7.245137,74.0,93.0
EDIN,edin31,Violation_201,70.0,C4,5.845721,74.0,93.0
EDIN,edin31,Violation_201,70.0,P7,-9.403164,74.0,93.0
EDIN,edin31,Violation_201,70.0,P8,4.630469,74.0,93.0
EDIN,edin31,Violation_201,70.0,O1,3.741285,74.0,93.0
EDIN,edin31,Violation_201,70.0,O2,7.573815,74.0,93.0
EDIN,edin31,Violation_201,74.0,Pz,-4.482979,75.0,60.0
EDIN,edin31,Violation_201,74.0,Cz,-7.770804,75.0,60.0
EDIN,edin31,Violation_201,74.0,CP1,-8.995416,75.0,60.0
EDIN,edin31,Violation_201,74.0,CP2,-2.453218,75.0,60.0
EDIN,edin31,Violation_201,74.0,P3,-5.944018,75.0,60.0
EDIN,edin31,Violation_201,74.0,P4,-3.57507,75.0,60.0
EDIN,edin31,Violation_201,74.0,C3,-4.318295,75.0,60.0
EDIN,edin31,Violation_201,74.0,C4,-5.870523,75.0,60.0
EDIN,edin31,Violation_201,74.0,P7,2.622178,75.0,60.0
EDIN,edin31,Violation_201,74.0,P8,-8.916294,75.0,60.0
EDIN,edin31,Violation_201,74.0,O1,-8.647869,75.0,60.0
EDIN,edin31,Violation_201,74.0,O2,-0.9061499,75.0,60.0
EDIN,edin31,Violation_201,78.0,Pz,-0.1421037,63.0,83.0
EDIN,edin31,Violation_201,78.0,Cz,-19.75274,63.0,83.0
EDIN,edin31,Violation_201,78.0,CP1,-18.73721,63.0,83.0
EDIN,edin31,Violation_201,78.0,CP2,-13.83574,63.0,83.0
EDIN,edin31,Violation_201,78.0,P3,-11.18062,63.0,83.0
EDIN,edin31,Violation_201,78.0,P4,4.791852,63.0,83.0
EDIN,edin31,Violation_201,78.0,C3,-11.30839,63.0,83.0
EDIN,edin31,Violation_201,78.0,C4,-7.348049,63.0,83.0
EDIN,edin31,Violation_201,78.0,P7,7.846754,63.0,83.0
EDIN,edin31,Violation_201,78.0,P8,27.65697,63.0,83.0
EDIN,edin31,Violation_201,78.0,O1,3.348779,63.0,83.0
EDIN,edin31,Violation_201,78.0,O2,1.981668,63.0,83.0
EDIN,edin31,Control_202,61.0,Pz,23.18919,62.0,70.0
EDIN,edin31,Control_202,61.0,Cz,12.18825,62.0,70.0
EDIN,edin31,Control_202,61.0,CP1,11.1511,62.0,70.0
EDIN,edin31,Control_202,61.0,CP2,36.02374,62.0,70.0
EDIN,edin31,Control_202,61.0,P3,9.598972,62.0,70.0
EDIN,edin31,Control_202,61.0,P4,18.51019,62.0,70.0
EDIN,edin31,Control_202,61.0,C3,9.489454,62.0,70.0
EDIN,edin31,Control_202,61.0,C4,26.91147,62.0,70.0
EDIN,edin31,Control_202,61.0,P7,10.90982,62.0,70.0
EDIN,edin31,Control_202,61.0,P8,25.17896,62.0,70.0
EDIN,edin31,Control_202,61.0,O1,13.46375,62.0,70.0
EDIN,edin31,Control_202,61.0,O2,9.397909,62.0,70.0
EDIN,edin31,Control_202,77.0,Pz,25.47568,77.0,100.0
EDIN,edin31,Control_202,77.0,Cz,29.85635,77.0,100.0
EDIN,edin31,Control_202,77.0,CP1,30.38011,77.0,100.0
EDIN,edin31,Control_202,77.0,CP2,30.46426,77.0,100.0
EDIN,edin31,Control_202,77.0,P3,12.55306,77.0,100.0
EDIN,edin31,Control_202,77.0,P4,13.15761,77.0,100.0
EDIN,edin31,Control_202,77.0,C3,45.43266,77.0,100.0
EDIN,edin31,Control_202,77.0,C4,23.04723,77.0,100.0
EDIN,edin31,Control_202,77.0,P7,36.52977,77.0,100.0
EDIN,edin31,Control_202,77.0,P8,36.98503,77.0,100.0
EDIN,edin31,Control_202,77.0,O1,10.88594,77.0,100.0
EDIN,edin31,Control_202,77.0,O2,15.10921,77.0,100.0
EDIN,edin31,Control_202,73.0,Pz,-2.28833,68.0,27.0
EDIN,edin31,Control_202,73.0,Cz,2.860086,68.0,27.0
EDIN,edin31,Control_202,73.0,CP1,1.947522,68.0,27.0
EDIN,edin31,Control_202,73.0,CP2,-7.438822,68.0,27.0
EDIN,edin31,Control_202,73.0,P3,-0.5027893,68.0,27.0
EDIN,edin31,Control_202,73.0,P4,-17.11214,68.0,27.0
EDIN,edin31,Control_202,73.0,C3,8.535357,68.0,27.0
EDIN,edin31,Control_202,73.0,C4,-0.7833801,68.0,27.0
EDIN,edin31,Control_202,73.0,P7,19.17885,68.0,27.0
EDIN,edin31,Control_202,73.0,P8,14.05719,68.0,27.0
EDIN,edin31,Control_202,73.0,O1,5.656717,68.0,27.0
EDIN,edin31,Control_202,73.0,O2,-1.953021,68.0,27.0
EDIN,edin31,Control_202,69.0,Pz,-13.61979,80.0,97.0
EDIN,edin31,Control_202,69.0,Cz,-8.615112,80.0,97.0
EDIN,edin31,Control_202,69.0,CP1,-13.83164,80.0,97.0
EDIN,edin31,Control_202,69.0,CP2,-14.88267,80.0,97.0
EDIN,edin31,Control_202,69.0,P3,-15.36672,80.0,97.0
EDIN,edin31,Control_202,69.0,P4,-12.43022,80.0,97.0
EDIN,edin31,Control_202,69.0,C3,1.9408,80.0,97.0
EDIN,edin31,Control_202,69.0,C4,-13.54985,80.0,97.0
EDIN,edin31,Control_202,69.0,P7,4.659402,80.0,97.0
EDIN,edin31,Control_202,69.0,P8,-8.203506,80.0,97.0
EDIN,edin31,Control_202,69.0,O1,-4.925348,80.0,97.0
EDIN,edin31,Control_202,69.0,O2,-10.69107,80.0,97.0
EDIN,edin32,Control_202,17.0,Pz,-1.635842,5.0,93.0
EDIN,edin32,Control_202,17.0,Cz,-4.840387,5.0,93.0
EDIN,edin32,Control_202,17.0,CP1,-9.033549,5.0,93.0
EDIN,edin32,Control_202,17.0,CP2,-2.715081,5.0,93.0
EDIN,edin32,Control_202,17.0,P3,-9.311003,5.0,93.0
EDIN,edin32,Control_202,17.0,P4,-3.54704,5.0,93.0
EDIN,edin32,Control_202,17.0,C3,-6.018774,5.0,93.0
EDIN,edin32,Control_202,17.0,C4,-5.157065,5.0,93.0
EDIN,edin32,Control_202,17.0,P7,-3.107895,5.0,93.0
EDIN,edin32,Control_202,17.0,P8,-17.58417,5.0,93.0
EDIN,edin32,Control_202,17.0,O1,25.00773,5.0,93.0
EDIN,edin32,Control_202,17.0,O2,-7.569215,5.0,93.0
EDIN,edin32,Violation_201,2.0,Pz,27.61655,15.0,90.0
EDIN,edin32,Violation_201,2.0,Cz,11.97199,15.0,90.0
EDIN,edin32,Violation_201,2.0,CP1,17.29986,15.0,90.0
EDIN,edin32,Violation_201,2.0,CP2,27.39224,15.0,90.0
EDIN,edin32,Violation_201,2.0,P3,15.17827,15.0,90.0
EDIN,edin32,Violation_201,2.0,P4,22.28863,15.0,90.0
EDIN,edin32,Violation_201,2.0,C3,21.22217,15.0,90.0
EDIN,edin32,Violation_201,2.0,C4,18.46403,15.0,90.0
EDIN,edin32,Violation_201,2.0,P7,19.63531,15.0,90.0
EDIN,edin32,Violation_201,2.0,P8,21.30257,15.0,90.0
EDIN,edin32,Violation_201,2.0,O1,50.69572,15.0,90.0
EDIN,edin32,Violation_201,2.0,O2,16.32228,15.0,90.0
EDIN,edin32,Violation_201,14.0,Pz,-2.247927,4.0,93.0
EDIN,edin32,Violation_201,14.0,Cz,-8.058673,4.0,93.0
EDIN,edin32,Violation_201,14.0,CP1,-5.3436,4.0,93.0
EDIN,edin32,Violation_201,14.0,CP2,2.266833,4.0,93.0
EDIN,edin32,Violation_201,14.0,P3,-2.115431,4.0,93.0
EDIN,edin32,Violation_201,14.0,P4,0.5392008,4.0,93.0
EDIN,edin32,Violation_201,14.0,C3,-10.62063,4.0,93.0
EDIN,edin32,Violation_201,14.0,C4,-10.42617,4.0,93.0
EDIN,edin32,Violation_201,14.0,P7,-4.075689,4.0,93.0
EDIN,edin32,Violation_201,14.0,P8,8.25466,4.0,93.0
EDIN,edin32,Violation_201,14.0,O1,-7.564764,4.0,93.0
EDIN,edin32,Violation_201,14.0,O2,13.68133,4.0,93.0
EDIN,edin32,Control_202,9.0,Pz,-37.89699,7.0,80.0
EDIN,edin32,Control_202,9.0,Cz,-39.07224,7.0,80.0
EDIN,edin32,Control_202,9.0,CP1,-37.17655,7.0,80.0
EDIN,edin32,Control_202,9.0,CP2,-34.9804,7.0,80.0
EDIN,edin32,Control_202,9.0,P3,-33.9483,7.0,80.0
EDIN,edin32,Control_202,9.0,P4,-28.54801,7.0,80.0
EDIN,edin32,Control_202,9.0,C3,-37.67255,7.0,80.0
EDIN,edin32,Control_202,9.0,C4,-29.30733,7.0,80.0
EDIN,edin32,Control_202,9.0,P7,-32.24104,7.0,80.0
EDIN,edin32,Control_202,9.0,P8,-25.13229,7.0,80.0
EDIN,edin32,Control_202,9.0,O1,24.50526,7.0,80.0
EDIN,edin32,Control_202,9.0,O2,-27.76161,7.0,80.0
EDIN,edin32,Violation_201,6.0,Pz,24.24467,3.0,100.0
EDIN,edin32,Violation_201,6.0,Cz,17.22187,3.0,100.0
EDIN,edin32,Violation_201,6.0,CP1,25.31403,3.0,100.0
EDIN,edin32,Violation_201,6.0,CP2,23.12033,3.0,100.0
EDIN,edin32,Violation_201,6.0,P3,29.04254,3.0,100.0
EDIN,edin32,Violation_201,6.0,P4,24.39999,3.0,100.0
EDIN,edin32,Violation_201,6.0,C3,24.46353,3.0,100.0
EDIN,edin32,Violation_201,6.0,C4,25.05209,3.0,100.0
EDIN,edin32,Violation_201,6.0,P7,33.53302,3.0,100.0
EDIN,edin32,Violation_201,6.0,P8,29.90209,3.0,100.0
EDIN,edin32,Violation_201,6.0,O1,3.067242,3.0,100.0
EDIN,edin32,Violation_201,6.0,O2,20.23583,3.0,100.0
EDIN,edin32,Violation_201,18.0,Pz,-4.678312,20.0,90.0
EDIN,edin32,Violation_201,18.0,Cz,-19.32787,20.0,90.0
EDIN,edin32,Violation_201,18.0,CP1,-12.53882,20.0,90.0
EDIN,edin32,Violation_201,18.0,CP2,-10.91229,20.0,90.0
EDIN,edin32,Violation_201,18.0,P3,2.676264,20.0,90.0
EDIN,edin32,Violation_201,18.0,P4,-1.840167,20.0,90.0
EDIN,edin32,Violation_201,18.0,C3,-17.15511,20.0,90.0
EDIN,edin32,Violation_201,18.0,C4,-12.15377,20.0,90.0
EDIN,edin32,Violation_201,18.0,P7,-7.13692,20.0,90.0
EDIN,edin32,Violation_201,18.0,P8,-2.999131,20.0,90.0
EDIN,edin32,Violation_201,18.0,O1,-9.709466,20.0,90.0
EDIN,edin32,Violation_201,18.0,O2,-4.20401,20.0,90.0
EDIN,edin32,Violation_201,26.0,Pz,-63.62217,27.0,97.0
EDIN,edin32,Violation_201,26.0,Cz,-64.27856,27.0,97.0
EDIN,edin32,Violation_201,26.0,CP1,-63.03035,27.0,97.0
EDIN,edin32,Violation_201,26.0,CP2,-62.09478,27.0,97.0
EDIN,edin32,Violation_201,26.0,P3,-68.07579,27.0,97.0
EDIN,edin32,Violation_201,26.0,P4,-66.22925,27.0,97.0
EDIN,edin32,Violation_201,26.0,C3,-64.32067,27.0,97.0
EDIN,edin32,Violation_201,26.0,C4,-64.48029,27.0,97.0
EDIN,edin32,Violation_201,26.0,P7,-55.90892,27.0,97.0
EDIN,edin32,Violation_201,26.0,P8,-57.22393,27.0,97.0
EDIN,edin32,Violation_201,26.0,O1,-37.5505,27.0,97.0
EDIN,edin32,Violation_201,26.0,O2,-64.0494,27.0,97.0
EDIN,edin32,Control_202,33.0,Pz,11.20184,38.0,93.0
EDIN,edin32,Control_202,33.0,Cz,9.83556,38.0,93.0
EDIN,edin32,Control_202,33.0,CP1,11.3085,38.0,93.0
EDIN,edin32,Control_202,33.0,CP2,9.611732,38.0,93.0
EDIN,edin32,Control_202,33.0,P3,16.44122,38.0,93.0
EDIN,edin32,Control_202,33.0,P4,9.965569,38.0,93.0
EDIN,edin32,Control_202,33.0,C3,11.57839,38.0,93.0
EDIN,edin32,Control_202,33.0,C4,12.59699,38.0,93.0
EDIN,edin32,Control_202,33.0,P7,11.34984,38.0,93.0
EDIN,edin32,Control_202,33.0,P8,5.967894,38.0,93.0
EDIN,edin32,Control_202,33.0,O1,18.87059,38.0,93.0
EDIN,edin32,Control_202,33.0,O2,9.482933,38.0,93.0
EDIN,edin32,Violation_201,22.0,Pz,19.53365,23.0,93.0
EDIN,edin32,Violation_201,22.0,Cz,6.771963,23.0,93.0
EDIN,edin32,Violation_201,22.0,CP1,9.439417,23.0,93.0
EDIN,edin32,Violation_201,22.0,CP2,16.3598,23.0,93.0
EDIN,edin32,Violation_201,22.0,P3,12.07288,23.0,93.0
EDIN,edin32,Violation_201,22.0,P4,17.24846,23.0,93.0
EDIN,edin32,Violation_201,22.0,C3,8.495541,23.0,93.0
EDIN,edin32,Violation_201,22.0,C4,1.258142,23.0,93.0
EDIN,edin32,Violation_201,22.0,P7,8.417862,23.0,93.0
EDIN,edin32,Violation_201,22.0,P8,19.86538,23.0,93.0
EDIN,edin32,Violation_201,22.0,O1,2.743506,23.0,93.0
EDIN,edin32,Violation_201,22.0,O2,10.72032,23.0,93.0
EDIN,edin32,Violation_201,29.0,Pz,8.417043,37.0,80.0
EDIN,edin32,Violation_201,29.0,Cz,1.246078,37.0,80.0
EDIN,edin32,Violation_201,29.0,CP1,2.74006,37.0,80.0
EDIN,edin32,Violation_201,29.0,CP2,11.75066,37.0,80.0
EDIN,edin32,Violation_201,29.0,P3,5.36635,37.0,80.0
EDIN,edin32,Violation_201,29.0,P4,10.64674,37.0,80.0
EDIN,edin32,Violation_201,29.0,C3,4.185523,37.0,80.0
EDIN,edin32,Violation_201,29.0,C4,5.104378,37.0,80.0
EDIN,edin32,Violation_201,29.0,P7,-13.43592,37.0,80.0
EDIN,edin32,Violation_201,29.0,P8,17.34567,37.0,80.0
EDIN,edin32,Violation_201,29.0,O1,-15.23494,37.0,80.0
EDIN,edin32,Violation_201,29.0,O2,5.269005,37.0,80.0
EDIN,edin32,Violation_201,34.0,Pz,4.468743,40.0,93.0
EDIN,edin32,Violation_201,34.0,Cz,5.837242,40.0,93.0
EDIN,edin32,Violation_201,34.0,CP1,3.243307,40.0,93.0
EDIN,edin32,Violation_201,34.0,CP2,10.24992,40.0,93.0
EDIN,edin32,Violation_201,34.0,P3,4.217926,40.0,93.0
EDIN,edin32,Violation_201,34.0,P4,5.902618,40.0,93.0
EDIN,edin32,Violation_201,34.0,C3,2.182096,40.0,93.0
EDIN,edin32,Violation_201,34.0,C4,3.780141,40.0,93.0
EDIN,edin32,Violation_201,34.0,P7,11.72172,40.0,93.0
EDIN,edin32,Violation_201,34.0,P8,9.293166,40.0,93.0
EDIN,edin32,Violation_201,34.0,O1,-14.50364,40.0,93.0
EDIN,edin32,Violation_201,34.0,O2,9.992872,40.0,93.0
EDIN,edin32,Violation_201,38.0,Pz,4.985434,35.0,97.0
EDIN,edin32,Violation_201,38.0,Cz,-5.533125,35.0,97.0
EDIN,edin32,Violation_201,38.0,CP1,-6.954068,35.0,97.0
EDIN,edin32,Violation_201,38.0,CP2,-1.291647,35.0,97.0
EDIN,edin32,Violation_201,38.0,P3,13.51442,35.0,97.0
EDIN,edin32,Violation_201,38.0,P4,10.35279,35.0,97.0
EDIN,edin32,Violation_201,38.0,C3,-0.1632484,35.0,97.0
EDIN,edin32,Violation_201,38.0,C4,-5.38613,35.0,97.0
EDIN,edin32,Violation_201,38.0,P7,12.14913,35.0,97.0
EDIN,edin32,Violation_201,38.0,P8,9.959715,35.0,97.0
EDIN,edin32,Violation_201,38.0,O1,9.667691,35.0,97.0
EDIN,edin32,Violation_201,38.0,O2,8.859989,35.0,97.0
EDIN,edin32,Control_202,45.0,Pz,6.993371,56.0,93.0
EDIN,edin32,Control_202,45.0,Cz,-3.108435,56.0,93.0
EDIN,edin32,Control_202,45.0,CP1,13.8364,56.0,93.0
EDIN,edin32,Control_202,45.0,CP2,-1.122245,56.0,93.0
EDIN,edin32,Control_202,45.0,P3,11.23481,56.0,93.0
EDIN,edin32,Control_202,45.0,P4,0.5370974,56.0,93.0
EDIN,edin32,Control_202,45.0,C3,5.169408,56.0,93.0
EDIN,edin32,Control_202,45.0,C4,-5.353133,56.0,93.0
EDIN,edin32,Control_202,45.0,P7,17.82741,56.0,93.0
EDIN,edin32,Control_202,45.0,P8,7.413564,56.0,93.0
EDIN,edin32,Control_202,45.0,O1,-22.08912,56.0,93.0
EDIN,edin32,Control_202,45.0,O2,5.043083,56.0,93.0
EDIN,edin32,Control_202,49.0,Pz,-1.226679,53.0,93.0
EDIN,edin32,Control_202,49.0,Cz,3.93063,53.0,93.0
EDIN,edin32,Control_202,49.0,CP1,6.442986,53.0,93.0
EDIN,edin32,Control_202,49.0,CP2,0.0596981,53.0,93.0
EDIN,edin32,Control_202,49.0,P3,3.093956,53.0,93.0
EDIN,edin32,Control_202,49.0,P4,-1.80484,53.0,93.0
EDIN,edin32,Control_202,49.0,C3,3.368278,53.0,93.0
EDIN,edin32,Control_202,49.0,C4,7.727727,53.0,93.0
EDIN,edin32,Control_202,49.0,P7,0.9370313,53.0,93.0
EDIN,edin32,Control_202,49.0,P8,-6.605501,53.0,93.0
EDIN,edin32,Control_202,49.0,O1,25.79333,53.0,93.0
EDIN,edin32,Control_202,49.0,O2,-2.430809,53.0,93.0
EDIN,edin32,Violation_201,42.0,Pz,-2.815824,59.0,73.0
EDIN,edin32,Violation_201,42.0,Cz,-8.452077,59.0,73.0
EDIN,edin32,Violation_201,42.0,CP1,-1.129776,59.0,73.0
EDIN,edin32,Violation_201,42.0,CP2,0.2240749,59.0,73.0
EDIN,edin32,Violation_201,42.0,P3,3.035034,59.0,73.0
EDIN,edin32,Violation_201,42.0,P4,8.658871,59.0,73.0
EDIN,edin32,Violation_201,42.0,C3,0.652369,59.0,73.0
EDIN,edin32,Violation_201,42.0,C4,4.981345,59.0,73.0
EDIN,edin32,Violation_201,42.0,P7,-1.43871,59.0,73.0
EDIN,edin32,Violation_201,42.0,P8,2.626396,59.0,73.0
EDIN,edin32,Violation_201,42.0,O1,21.17719,59.0,73.0
EDIN,edin32,Violation_201,42.0,O2,2.63422,59.0,73.0
EDIN,edin32,Violation_201,46.0,Pz,7.801237,43.0,93.0
EDIN,edin32,Violation_201,46.0,Cz,-3.217528,43.0,93.0
EDIN,edin32,Violation_201,46.0,CP1,0.6408461,43.0,93.0
EDIN,edin32,Violation_201,46.0,CP2,2.792568,43.0,93.0
EDIN,edin32,Violation_201,46.0,P3,-2.228785,43.0,93.0
EDIN,edin32,Violation_201,46.0,P4,-1.479317,43.0,93.0
EDIN,edin32,Violation_201,46.0,C3,-6.41573,43.0,93.0
EDIN,edin32,Violation_201,46.0,C4,-5.758652,43.0,93.0
EDIN,edin32,Violation_201,46.0,P7,7.486271,43.0,93.0
EDIN,edin32,Violation_201,46.0,P8,15.3409,43.0,93.0
EDIN,edin32,Violation_201,46.0,O1,-64.22635,43.0,93.0
EDIN,edin32,Violation_201,46.0,O2,10.8305,43.0,93.0
EDIN,edin32,Control_202,41.0,Pz,-1.898532,50.0,37.0
EDIN,edin32,Control_202,41.0,Cz,-2.701326,50.0,37.0
EDIN,edin32,Control_202,41.0,CP1,1.38476,50.0,37.0
EDIN,edin32,Control_202,41.0,CP2,3.473046,50.0,37.0
EDIN,edin32,Control_202,41.0,P3,-4.128311,50.0,37.0
EDIN,edin32,Control_202,41.0,P4,3.230301,50.0,37.0
EDIN,edin32,Control_202,41.0,C3,-7.141742,50.0,37.0
EDIN,edin32,Control_202,41.0,C4,-2.899317,50.0,37.0
EDIN,edin32,Control_202,41.0,P7,-16.14839,50.0,37.0
EDIN,edin32,Control_202,41.0,P8,0.3252953,50.0,37.0
EDIN,edin32,Control_202,41.0,O1,-29.32108,50.0,37.0
EDIN,edin32,Control_202,41.0,O2,1.338025,50.0,37.0
EDIN,edin32,Violation_201,58.0,Pz,1.02873,60.0,90.0
EDIN,edin32,Violation_201,58.0,Cz,13.87693,60.0,90.0
EDIN,edin32,Violation_201,58.0,CP1,-1.151157,60.0,90.0
EDIN,edin32,Violation_201,58.0,CP2,3.281135,60.0,90.0
EDIN,edin32,Violation_201,58.0,P3,1.710572,60.0,90.0
EDIN,edin32,Violation_201,58.0,P4,0.4484247,60.0,90.0
EDIN,edin32,Violation_201,58.0,C3,2.768182,60.0,90.0
EDIN,edin32,Violation_201,58.0,C4,2.899286,60.0,90.0
EDIN,edin32,Violation_201,58.0,P7,12.59968,60.0,90.0
EDIN,edin32,Violation_201,58.0,P8,-4.005464,60.0,90.0
EDIN,edin32,Violation_201,58.0,O1,-38.59137,60.0,90.0
EDIN,edin32,Violation_201,58.0,O2,-1.556738,60.0,90.0
EDIN,edin32,Control_202,57.0,Pz,-29.76553,52.0,87.0
EDIN,edin32,Control_202,57.0,Cz,-36.45617,52.0,87.0
EDIN,edin32,Control_202,57.0,CP1,-28.5581,52.0,87.0
EDIN,edin32,Control_202,57.0,CP2,-30.65757,52.0,87.0
EDIN,edin32,Control_202,57.0,P3,-25.8605,52.0,87.0
EDIN,edin32,Control_202,57.0,P4,-29.65457,52.0,87.0
EDIN,edin32,Control_202,57.0,C3,-27.65697,52.0,87.0
EDIN,edin32,Control_202,57.0,C4,-22.09843,52.0,87.0
EDIN,edin32,Control_202,57.0,P7,-18.41814,52.0,87.0
EDIN,edin32,Control_202,57.0,P8,-15.96365,52.0,87.0
EDIN,edin32,Control_202,57.0,O1,19.31678,52.0,87.0
EDIN,edin32,Control_202,57.0,O2,-25.66354,52.0,87.0
EDIN,edin32,Violation_201,78.0,Pz,7.973161,71.0,90.0
EDIN,edin32,Violation_201,78.0,Cz,-7.090855,71.0,90.0
EDIN,edin32,Violation_201,78.0,CP1,5.921641,71.0,90.0
EDIN,edin32,Violation_201,78.0,CP2,11.74533,71.0,90.0
EDIN,edin32,Violation_201,78.0,P3,19.7972,71.0,90.0
EDIN,edin32,Violation_201,78.0,P4,6.518015,71.0,90.0
EDIN,edin32,Violation_201,78.0,C3,6.345506,71.0,90.0
EDIN,edin32,Violation_201,78.0,C4,3.476179,71.0,90.0
EDIN,edin32,Violation_201,78.0,P7,6.819561,71.0,90.0
EDIN,edin32,Violation_201,78.0,P8,-1.915498,71.0,90.0
EDIN,edin32,Violation_201,78.0,O1,-2.542917,71.0,90.0
EDIN,edin32,Violation_201,78.0,O2,6.007512,71.0,90.0
EDIN,edin32,Control_202,69.0,Pz,-0.4942186,79.0,97.0
EDIN,edin32,Control_202,69.0,Cz,-5.359876,79.0,97.0
EDIN,edin32,Control_202,69.0,CP1,-2.580434,79.0,97.0
EDIN,edin32,Control_202,69.0,CP2,-1.846709,79.0,97.0
EDIN,edin32,Control_202,69.0,P3,4.311801,79.0,97.0
EDIN,edin32,Control_202,69.0,P4,-4.298547,79.0,97.0
EDIN,edin32,Control_202,69.0,C3,-1.23875,79.0,97.0
EDIN,edin32,Control_202,69.0,C4,-4.471401,79.0,97.0
EDIN,edin32,Control_202,69.0,P7,-7.586341,79.0,97.0
EDIN,edin32,Control_202,69.0,P8,-3.41367,79.0,97.0
EDIN,edin32,Control_202,69.0,O1,-49.36854,79.0,97.0
EDIN,edin32,Control_202,69.0,O2,1.1805,79.0,97.0
EDIN,edin32,Control_202,77.0,Pz,9.476435,64.0,50.0
EDIN,edin32,Control_202,77.0,Cz,2.112183,64.0,50.0
EDIN,edin32,Control_202,77.0,CP1,6.510393,64.0,50.0
EDIN,edin32,Control_202,77.0,CP2,7.19812,64.0,50.0
EDIN,edin32,Control_202,77.0,P3,4.813797,64.0,50.0
EDIN,edin32,Control_202,77.0,P4,5.165709,64.0,50.0
EDIN,edin32,Control_202,77.0,C3,3.135314,64.0,50.0
EDIN,edin32,Control_202,77.0,C4,6.098343,64.0,50.0
EDIN,edin32,Control_202,77.0,P7,-17.24986,64.0,50.0
EDIN,edin32,Control_202,77.0,P8,4.468119,64.0,50.0
EDIN,edin32,Control_202,77.0,O1,31.09919,64.0,50.0
EDIN,edin32,Control_202,77.0,O2,11.06728,64.0,50.0
EDIN,edin32,Violation_201,70.0,Pz,-11.37125,67.0,87.0
EDIN,edin32,Violation_201,70.0,Cz,-19.91642,67.0,87.0
EDIN,edin32,Violation_201,70.0,CP1,-13.79043,67.0,87.0
EDIN,edin32,Violation_201,70.0,CP2,-14.99618,67.0,87.0
EDIN,edin32,Violation_201,70.0,P3,-8.212029,67.0,87.0
EDIN,edin32,Violation_201,70.0,P4,-11.6137,67.0,87.0
EDIN,edin32,Violation_201,70.0,C3,-9.26833,67.0,87.0
EDIN,edin32,Violation_201,70.0,C4,-15.90522,67.0,87.0
EDIN,edin32,Violation_201,70.0,P7,4.481329,67.0,87.0
EDIN,edin32,Violation_201,70.0,P8,-15.66707,67.0,87.0
EDIN,edin32,Violation_201,70.0,O1,-58.88097,67.0,87.0
EDIN,edin32,Violation_201,70.0,O2,-14.3744,67.0,87.0
EDIN,edin32,Violation_201,66.0,Pz,-1.816463,74.0,93.0
EDIN,edin32,Violation_201,66.0,Cz,-0.2452724,74.0,93.0
EDIN,edin32,Violation_201,66.0,CP1,-3.418535,74.0,93.0
EDIN,edin32,Violation_201,66.0,CP2,-1.105981,74.0,93.0
EDIN,edin32,Violation_201,66.0,P3,3.167576,74.0,93.0
EDIN,edin32,Violation_201,66.0,P4,0.6562738,74.0,93.0
EDIN,edin32,Violation_201,66.0,C3,-1.091914,74.0,93.0
EDIN,edin32,Violation_201,66.0,C4,1.583052,74.0,93.0
EDIN,edin32,Violation_201,66.0,P7,8.29867,74.0,93.0
EDIN,edin32,Violation_201,66.0,P8,-1.530619,74.0,93.0
EDIN,edin32,Violation_201,66.0,O1,58.61905,74.0,93.0
EDIN,edin32,Violation_201,66.0,O2,0.8771544,74.0,93.0
EDIN,edin32,Violation_201,62.0,Pz,-14.73879,75.0,60.0
EDIN,edin32,Violation_201,62.0,Cz,-7.428619,75.0,60.0
EDIN,edin32,Violation_201,62.0,CP1,-9.698783,75.0,60.0
EDIN,edin32,Violation_201,62.0,CP2,-16.23721,75.0,60.0
EDIN,edin32,Violation_201,62.0,P3,-18.86293,75.0,60.0
EDIN,edin32,Violation_201,62.0,P4,-19.52941,75.0,60.0
EDIN,edin32,Violation_201,62.0,C3,-9.089809,75.0,60.0
EDIN,edin32,Violation_201,62.0,C4,-5.220481,75.0,60.0
EDIN,edin32,Violation_201,62.0,P7,-36.63362,75.0,60.0
EDIN,edin32,Violation_201,62.0,P8,-25.37865,75.0,60.0
EDIN,edin32,Violation_201,62.0,O1,-4.581934,75.0,60.0
EDIN,edin32,Violation_201,62.0,O2,-25.01783,75.0,60.0
EDIN,edin32,Control_202,61.0,Pz,1.644309,72.0,90.0
EDIN,edin32,Control_202,61.0,Cz,-8.526329,72.0,90.0
EDIN,edin32,Control_202,61.0,CP1,-3.215994,72.0,90.0
EDIN,edin32,Control_202,61.0,CP2,-0.6627334,72.0,90.0
EDIN,edin32,Control_202,61.0,P3,12.84333,72.0,90.0
EDIN,edin32,Control_202,61.0,P4,9.159888,72.0,90.0
EDIN,edin32,Control_202,61.0,C3,-8.327065,72.0,90.0
EDIN,edin32,Control_202,61.0,C4,-2.864916,72.0,90.0
EDIN,edin32,Control_202,61.0,P7,28.85973,72.0,90.0
EDIN,edin32,Control_202,61.0,P8,3.215156,72.0,90.0
EDIN,edin32,Control_202,61.0,O1,14.05244,72.0,90.0
EDIN,edin32,Control_202,61.0,O2,3.355586,72.0,90.0
EDIN,edin32,Control_202,65.0,Pz,13.26069,69.0,93.0
EDIN,edin32,Control_202,65.0,Cz,19.5279,69.0,93.0
EDIN,edin32,Control_202,65.0,CP1,20.47056,69.0,93.0
EDIN,edin32,Control_202,65.0,CP2,15.19325,69.0,93.0
EDIN,edin32,Control_202,65.0,P3,11.84393,69.0,93.0
EDIN,edin32,Control_202,65.0,P4,10.17746,69.0,93.0
EDIN,edin32,Control_202,65.0,C3,15.11816,69.0,93.0
EDIN,edin32,Control_202,65.0,C4,11.05806,69.0,93.0
EDIN,edin32,Control_202,65.0,P7,2.758744,69.0,93.0
EDIN,edin32,Control_202,65.0,P8,8.876381,69.0,93.0
EDIN,edin32,Control_202,65.0,O1,-6.30834,69.0,93.0
EDIN,edin32,Control_202,65.0,O2,14.76738,69.0,93.0
EDIN,edin33,Control_202,3.0,Pz,15.39092,10.0,80.0
EDIN,edin33,Control_202,3.0,Cz,21.15709,10.0,80.0
EDIN,edin33,Control_202,3.0,CP1,1.30439,10.0,80.0
EDIN,edin33,Control_202,3.0,CP2,-8.994289,10.0,80.0
EDIN,edin33,Control_202,3.0,P3,12.13109,10.0,80.0
EDIN,edin33,Control_202,3.0,P4,11.58044,10.0,80.0
EDIN,edin33,Control_202,3.0,C3,16.12613,10.0,80.0
EDIN,edin33,Control_202,3.0,C4,18.11235,10.0,80.0
EDIN,edin33,Control_202,3.0,P7,-37.91779,10.0,80.0
EDIN,edin33,Control_202,3.0,P8,17.07224,10.0,80.0
EDIN,edin33,Control_202,3.0,O1,5.620281,10.0,80.0
EDIN,edin33,Control_202,3.0,O2,14.0997,10.0,80.0
EDIN,edin33,Violation_201,12.0,Pz,-28.89016,17.0,62.0
EDIN,edin33,Violation_201,12.0,Cz,-22.50725,17.0,62.0
EDIN,edin33,Violation_201,12.0,CP1,25.49957,17.0,62.0
EDIN,edin33,Violation_201,12.0,CP2,-25.14094,17.0,62.0
EDIN,edin33,Violation_201,12.0,P3,-25.35443,17.0,62.0
EDIN,edin33,Violation_201,12.0,P4,-28.24022,17.0,62.0
EDIN,edin33,Violation_201,12.0,C3,-17.15471,17.0,62.0
EDIN,edin33,Violation_201,12.0,C4,-17.60645,17.0,62.0
EDIN,edin33,Violation_201,12.0,P7,46.35682,17.0,62.0
EDIN,edin33,Violation_201,12.0,P8,-31.58484,17.0,62.0
EDIN,edin33,Violation_201,12.0,O1,-42.01712,17.0,62.0
EDIN,edin33,Violation_201,12.0,O2,-32.55029,17.0,62.0
EDIN,edin33,Violation_201,4.0,Pz,-32.90053,18.0,87.0
EDIN,edin33,Violation_201,4.0,Cz,-30.29518,18.0,87.0
EDIN,edin33,Violation_201,4.0,CP1,-28.16614,18.0,87.0
EDIN,edin33,Violation_201,4.0,CP2,-27.66345,18.0,87.0
EDIN,edin33,Violation_201,4.0,P3,10.13043,18.0,87.0
EDIN,edin33,Violation_201,4.0,P4,-27.15892,18.0,87.0
EDIN,edin33,Violation_201,4.0,C3,-34.27121,18.0,87.0
EDIN,edin33,Violation_201,4.0,C4,-23.10276,18.0,87.0
EDIN,edin33,Violation_201,4.0,P7,-58.66042,18.0,87.0
EDIN,edin33,Violation_201,4.0,P8,-10.04909,18.0,87.0
EDIN,edin33,Violation_201,4.0,O1,-26.28767,18.0,87.0
EDIN,edin33,Violation_201,4.0,O2,-21.05069,18.0,87.0
EDIN,edin33,Violation_201,8.0,Pz,33.5372,8.0,97.0
EDIN,edin33,Violation_201,8.0,Cz,43.44434,8.0,97.0
EDIN,edin33,Violation_201,8.0,CP1,33.59618,8.0,97.0
EDIN,edin33,Violation_201,8.0,CP2,35.3517,8.0,97.0
EDIN,edin33,Violation_201,8.0,P3,32.37033,8.0,97.0
EDIN,edin33,Violation_201,8.0,P4,34.3028,8.0,97.0
EDIN,edin33,Violation_201,8.0,C3,42.5931,8.0,97.0
EDIN,edin33,Violation_201,8.0,C4,45.9422,8.0,97.0
EDIN,edin33,Violation_201,8.0,P7,-4.734376,8.0,97.0
EDIN,edin33,Violation_201,8.0,P8,40.75373,8.0,97.0
EDIN,edin33,Violation_201,8.0,O1,36.48194,8.0,97.0
EDIN,edin33,Violation_201,8.0,O2,27.4939,8.0,97.0
EDIN,edin33,Control_202,7.0,Pz,10.49127,4.0,93.0
EDIN,edin33,Control_202,7.0,Cz,13.38589,4.0,93.0
EDIN,edin33,Control_202,7.0,CP1,9.711356,4.0,93.0
EDIN,edin33,Control_202,7.0,CP2,12.81046,4.0,93.0
EDIN,edin33,Control_202,7.0,P3,15.70114,4.0,93.0
EDIN,edin33,Control_202,7.0,P4,8.567479,4.0,93.0
EDIN,edin33,Control_202,7.0,C3,24.39526,4.0,93.0
EDIN,edin33,Control_202,7.0,C4,13.74821,4.0,93.0
EDIN,edin33,Control_202,7.0,P7,12.58131,4.0,93.0
EDIN,edin33,Control_202,7.0,P8,6.324881,4.0,93.0
EDIN,edin33,Control_202,7.0,O1,31.78493,4.0,93.0
EDIN,edin33,Control_202,7.0,O2,10.93226,4.0,93.0
EDIN,edin33,Violation_201,16.0,Pz,28.52535,11.0,87.0
EDIN,edin33,Violation_201,16.0,Cz,23.75098,11.0,87.0
EDIN,edin33,Violation_201,16.0,CP1,26.99928,11.0,87.0
EDIN,edin33,Violation_201,16.0,CP2,29.88947,11.0,87.0
EDIN,edin33,Violation_201,16.0,P3,21.98024,11.0,87.0
EDIN,edin33,Violation_201,16.0,P4,33.11097,11.0,87.0
EDIN,edin33,Violation_201,16.0,C3,8.318838,11.0,87.0
EDIN,edin33,Violation_201,16.0,C4,16.77614,11.0,87.0
EDIN,edin33,Violation_201,16.0,P7,30.12651,11.0,87.0
EDIN,edin33,Violation_201,16.0,P8,21.11531,11.0,87.0
EDIN,edin33,Violation_201,16.0,O1,33.46602,11.0,87.0
EDIN,edin33,Violation_201,16.0,O2,34.06055,11.0,87.0
EDIN,edin33,Control_202,15.0,Pz,-21.73932,6.0,100.0
EDIN,edin33,Control_202,15.0,Cz,-16.82161,6.0,100.0
EDIN,edin33,Control_202,15.0,CP1,-21.67153,6.0,100.0
EDIN,edin33,Control_202,15.0,CP2,-23.86722,6.0,100.0
EDIN,edin33,Control_202,15.0,P3,-21.75077,6.0,100.0
EDIN,edin33,Control_202,15.0,P4,-21.87181,6.0,100.0
EDIN,edin33,Control_202,15.0,C3,-21.55672,6.0,100.0
EDIN,edin33,Control_202,15.0,C4,-21.78835,6.0,100.0
EDIN,edin33,Control_202,15.0,P7,-16.90316,6.0,100.0
EDIN,edin33,Control_202,15.0,P8,-24.87005,6.0,100.0
EDIN,edin33,Control_202,15.0,O1,-20.36355,6.0,100.0
EDIN,edin33,Control_202,15.0,O2,-23.09801,6.0,100.0
EDIN,edin33,Control_202,19.0,Pz,6.075239,5.0,93.0
EDIN,edin33,Control_202,19.0,Cz,5.063064,5.0,93.0
EDIN,edin33,Control_202,19.0,CP1,-2.789271,5.0,93.0
EDIN,edin33,Control_202,19.0,CP2,1.419458,5.0,93.0
EDIN,edin33,Control_202,19.0,P3,4.524555,5.0,93.0
EDIN,edin33,Control_202,19.0,P4,-8.596725,5.0,93.0
EDIN,edin33,Control_202,19.0,C3,6.036654,5.0,93.0
EDIN,edin33,Control_202,19.0,C4,9.174628,5.0,93.0
EDIN,edin33,Control_202,19.0,P7,13.54252,5.0,93.0
EDIN,edin33,Control_202,19.0,P8,-3.024432,5.0,93.0
EDIN,edin33,Control_202,19.0,O1,4.281691,5.0,93.0
EDIN,edin33,Control_202,19.0,O2,-2.107049,5.0,93.0
EDIN,edin33,Control_202,11.0,Pz,-21.84147,15.0,90.0
EDIN,edin33,Control_202,11.0,Cz,-24.26359,15.0,90.0
EDIN,edin33,Control_202,11.0,CP1,-9.540631,15.0,90.0
EDIN,edin33,Control_202,11.0,CP2,-27.08167,15.0,90.0
EDIN,edin33,Control_202,11.0,P3,-26.26373,15.0,90.0
EDIN,edin33,Control_202,11.0,P4,-27.74603,15.0,90.0
EDIN,edin33,Control_202,11.0,C3,-28.76155,15.0,90.0
EDIN,edin33,Control_202,11.0,C4,-21.68737,15.0,90.0
EDIN,edin33,Control_202,11.0,P7,-50.77779,15.0,90.0
EDIN,edin33,Control_202,11.0,P8,-32.59484,15.0,90.0
EDIN,edin33,Control_202,11.0,O1,-16.43334,15.0,90.0
EDIN,edin33,Control_202,11.0,O2,-25.18469,15.0,90.0
EDIN,edin33,Violation_201,20.0,Pz,-1.863941,13.0,97.0
EDIN,edin33,Violation_201,20.0,Cz,-0.07055517,13.0,97.0
EDIN,edin33,Violation_201,20.0,CP1,-7.624862,13.0,97.0
EDIN,edin33,Violation_201,20.0,CP2,-4.789506,13.0,97.0
EDIN,edin33,Violation_201,20.0,P3,-11.01862,13.0,97.0
EDIN,edin33,Violation_201,20.0,P4,-13.47752,13.0,97.0
EDIN,edin33,Violation_201,20.0,C3,-8.037586,13.0,97.0
EDIN,edin33,Violation_201,20.0,C4,-5.10772,13.0,97.0
EDIN,edin33,Violation_201,20.0,P7,-19.11074,13.0,97.0
EDIN,edin33,Violation_201,20.0,P8,-27.74696,13.0,97.0
EDIN,edin33,Violation_201,20.0,O1,-12.27183,13.0,97.0
EDIN,edin33,Violation_201,20.0,O2,-12.60085,13.0,97.0
EDIN,edin33,Violation_201,28.0,Pz,18.33957,27.0,97.0
EDIN,edin33,Violation_201,28.0,Cz,14.0195,27.0,97.0
EDIN,edin33,Violation_201,28.0,CP1,22.49783,27.0,97.0
EDIN,edin33,Violation_201,28.0,CP2,14.10135,27.0,97.0
EDIN,edin33,Violation_201,28.0,P3,22.40089,27.0,97.0
EDIN,edin33,Violation_201,28.0,P4,14.92024,27.0,97.0
EDIN,edin33,Violation_201,28.0,C3,15.94216,27.0,97.0
EDIN,edin33,Violation_201,28.0,C4,0.150743,27.0,97.0
EDIN,edin33,Violation_201,28.0,P7,2.257236,27.0,97.0
EDIN,edin33,Violation_201,28.0,P8,12.02117,27.0,97.0
EDIN,edin33,Violation_201,28.0,O1,17.40744,27.0,97.0
EDIN,edin33,Violation_201,28.0,O2,16.91218,27.0,97.0
EDIN,edin33,Violation_201,24.0,Pz,-8.03141,34.0,97.0
EDIN,edin33,Violation_201,24.0,Cz,-3.151412,34.0,97.0
EDIN,edin33,Violation_201,24.0,CP1,-5.641243,34.0,97.0
EDIN,edin33,Violation_201,24.0,CP2,-5.331638,34.0,97.0
EDIN,edin33,Violation_201,24.0,P3,-6.293967,34.0,97.0
EDIN,edin33,Violation_201,24.0,P4,-9.437139,34.0,97.0
EDIN,edin33,Violation_201,24.0,C3,-13.70327,34.0,97.0
EDIN,edin33,Violation_201,24.0,C4,-9.089975,34.0,97.0
EDIN,edin33,Violation_201,24.0,P7,-11.38714,34.0,97.0
EDIN,edin33,Violation_201,24.0,P8,-8.485838,34.0,97.0
EDIN,edin33,Violation_201,24.0,O1,-13.35735,34.0,97.0
EDIN,edin33,Violation_201,24.0,O2,-9.433148,34.0,97.0
EDIN,edin33,Control_202,35.0,Pz,13.2434,25.0,97.0
EDIN,edin33,Control_202,35.0,Cz,20.5808,25.0,97.0
EDIN,edin33,Control_202,35.0,CP1,20.54841,25.0,97.0
EDIN,edin33,Control_202,35.0,CP2,11.3793,25.0,97.0
EDIN,edin33,Control_202,35.0,P3,14.46286,25.0,97.0
EDIN,edin33,Control_202,35.0,P4,18.22187,25.0,97.0
EDIN,edin33,Control_202,35.0,C3,25.68787,25.0,97.0
EDIN,edin33,Control_202,35.0,C4,26.85663,25.0,97.0
EDIN,edin33,Control_202,35.0,P7,13.6485,25.0,97.0
EDIN,edin33,Control_202,35.0,P8,20.11775,25.0,97.0
EDIN,edin33,Control_202,35.0,O1,16.29335,25.0,97.0
EDIN,edin33,Control_202,35.0,O2,15.86409,25.0,97.0
EDIN,edin33,Control_202,31.0,Pz,31.56911,32.0,80.0
EDIN,edin33,Control_202,31.0,Cz,21.7084,32.0,80.0
EDIN,edin33,Control_202,31.0,CP1,28.62133,32.0,80.0
EDIN,edin33,Control_202,31.0,CP2,39.4038,32.0,80.0
EDIN,edin33,Control_202,31.0,P3,17.58575,32.0,80.0
EDIN,edin33,Control_202,31.0,P4,38.85411,32.0,80.0
EDIN,edin33,Control_202,31.0,C3,20.65547,32.0,80.0
EDIN,edin33,Control_202,31.0,C4,41.62393,32.0,80.0
EDIN,edin33,Control_202,31.0,P7,15.61597,32.0,80.0
EDIN,edin33,Control_202,31.0,P8,38.96781,32.0,80.0
EDIN,edin33,Control_202,31.0,O1,28.55192,32.0,80.0
EDIN,edin33,Control_202,31.0,O2,31.70354,32.0,80.0
EDIN,edin33,Control_202,27.0,Pz,13.67145,30.0,90.0
EDIN,edin33,Control_202,27.0,Cz,13.28667,30.0,90.0
EDIN,edin33,Control_202,27.0,CP1,13.76889,30.0,90.0
EDIN,edin33,Control_202,27.0,CP2,13.22198,30.0,90.0
EDIN,edin33,Control_202,27.0,P3,13.07143,30.0,90.0
EDIN,edin33,Control_202,27.0,P4,12.11339,30.0,90.0
EDIN,edin33,Control_202,27.0,C3,17.54376,30.0,90.0
EDIN,edin33,Control_202,27.0,C4,13.10411,30.0,90.0
EDIN,edin33,Control_202,27.0,P7,31.82013,30.0,90.0
EDIN,edin33,Control_202,27.0,P8,19.74408,30.0,90.0
EDIN,edin33,Control_202,27.0,O1,0.1686772,30.0,90.0
EDIN,edin33,Control_202,27.0,O2,16.69189,30.0,90.0
EDIN,edin33,Violation_201,32.0,Pz,15.53052,40.0,93.0
EDIN,edin33,Violation_201,32.0,Cz,15.83916,40.0,93.0
EDIN,edin33,Violation_201,32.0,CP1,13.76171,40.0,93.0
EDIN,edin33,Violation_201,32.0,CP2,17.2547,40.0,93.0
EDIN,edin33,Violation_201,32.0,P3,17.41991,40.0,93.0
EDIN,edin33,Violation_201,32.0,P4,18.63721,40.0,93.0
EDIN,edin33,Violation_201,32.0,C3,4.345563,40.0,93.0
EDIN,edin33,Violation_201,32.0,C4,22.49513,40.0,93.0
EDIN,edin33,Violation_201,32.0,P7,18.3652,40.0,93.0
EDIN,edin33,Violation_201,32.0,P8,20.15539,40.0,93.0
EDIN,edin33,Violation_201,32.0,O1,20.62112,40.0,93.0
EDIN,edin33,Violation_201,32.0,O2,13.02163,40.0,93.0
EDIN,edin33,Violation_201,40.0,Pz,5.521294,21.0,77.0
EDIN,edin33,Violation_201,40.0,Cz,1.853134,21.0,77.0
EDIN,edin33,Violation_201,40.0,CP1,7.087361,21.0,77.0
EDIN,edin33,Violation_201,40.0,CP2,2.271415,21.0,77.0
EDIN,edin33,Violation_201,40.0,P3,3.907347,21.0,77.0
EDIN,edin33,Violation_201,40.0,P4,5.576473,21.0,77.0
EDIN,edin33,Violation_201,40.0,C3,7.063966,21.0,77.0
EDIN,edin33,Violation_201,40.0,C4,7.294312,21.0,77.0
EDIN,edin33,Violation_201,40.0,P7,6.006845,21.0,77.0
EDIN,edin33,Violation_201,40.0,P8,3.122444,21.0,77.0
EDIN,edin33,Violation_201,40.0,O1,4.075179,21.0,77.0
EDIN,edin33,Violation_201,40.0,O2,2.923249,21.0,77.0
EDIN,edin33,Control_202,23.0,Pz,-9.86524,24.0,93.0
EDIN,edin33,Control_202,23.0,Cz,-23.29169,24.0,93.0
EDIN,edin33,Control_202,23.0,CP1,-22.74375,24.0,93.0
EDIN,edin33,Control_202,23.0,CP2,-17.00913,24.0,93.0
EDIN,edin33,Control_202,23.0,P3,-16.03272,24.0,93.0
EDIN,edin33,Control_202,23.0,P4,-7.608829,24.0,93.0
EDIN,edin33,Control_202,23.0,C3,-15.03967,24.0,93.0
EDIN,edin33,Control_202,23.0,C4,-17.55621,24.0,93.0
EDIN,edin33,Control_202,23.0,P7,-28.14267,24.0,93.0
EDIN,edin33,Control_202,23.0,P8,-8.811893,24.0,93.0
EDIN,edin33,Control_202,23.0,O1,-11.22879,24.0,93.0
EDIN,edin33,Control_202,23.0,O2,-7.369289,24.0,93.0
EDIN,edin33,Violation_201,36.0,Pz,1.86609,36.0,77.0
EDIN,edin33,Violation_201,36.0,Cz,2.683117,36.0,77.0
EDIN,edin33,Violation_201,36.0,CP1,-6.700153,36.0,77.0
EDIN,edin33,Violation_201,36.0,CP2,1.108544,36.0,77.0
EDIN,edin33,Violation_201,36.0,P3,-5.801551,36.0,77.0
EDIN,edin33,Violation_201,36.0,P4,2.934192,36.0,77.0
EDIN,edin33,Violation_201,36.0,C3,0.8474173,36.0,77.0
EDIN,edin33,Violation_201,36.0,C4,-4.988554,36.0,77.0
EDIN,edin33,Violation_201,36.0,P7,-10.39606,36.0,77.0
EDIN,edin33,Violation_201,36.0,P8,-1.410216,36.0,77.0
EDIN,edin33,Violation_201,36.0,O1,14.41023,36.0,77.0
EDIN,edin33,Violation_201,36.0,O2,8.605701,36.0,77.0
EDIN,edin33,Violation_201,60.0,Pz,20.5372,42.0,37.0
EDIN,edin33,Violation_201,60.0,Cz,16.86194,42.0,37.0
EDIN,edin33,Violation_201,60.0,CP1,24.47336,42.0,37.0
EDIN,edin33,Violation_201,60.0,CP2,16.88382,42.0,37.0
EDIN,edin33,Violation_201,60.0,P3,29.51758,42.0,37.0
EDIN,edin33,Violation_201,60.0,P4,19.27537,42.0,37.0
EDIN,edin33,Violation_201,60.0,C3,23.86336,42.0,37.0
EDIN,edin33,Violation_201,60.0,C4,21.51279,42.0,37.0
EDIN,edin33,Violation_201,60.0,P7,19.80579,42.0,37.0
EDIN,edin33,Violation_201,60.0,P8,12.43027,42.0,37.0
EDIN,edin33,Violation_201,60.0,O1,14.87127,42.0,37.0
EDIN,edin33,Violation_201,60.0,O2,17.72967,42.0,37.0
EDIN,edin33,Violation_201,52.0,Pz,-10.42082,53.0,93.0
EDIN,edin33,Violation_201,52.0,Cz,-17.69955,53.0,93.0
EDIN,edin33,Violation_201,52.0,CP1,-11.82913,53.0,93.0
EDIN,edin33,Violation_201,52.0,CP2,-13.8777,53.0,93.0
EDIN,edin33,Violation_201,52.0,P3,-5.98859,53.0,93.0
EDIN,edin33,Violation_201,52.0,P4,-15.18558,53.0,93.0
EDIN,edin33,Violation_201,52.0,C3,-2.270855,53.0,93.0
EDIN,edin33,Violation_201,52.0,C4,-17.57435,53.0,93.0
EDIN,edin33,Violation_201,52.0,P7,14.69866,53.0,93.0
EDIN,edin33,Violation_201,52.0,P8,-25.22919,53.0,93.0
EDIN,edin33,Violation_201,52.0,O1,-14.64755,53.0,93.0
EDIN,edin33,Violation_201,52.0,O2,-21.86527,53.0,93.0
EDIN,edin33,Violation_201,56.0,Pz,-1.395075,54.0,77.0
EDIN,edin33,Violation_201,56.0,Cz,2.468385,54.0,77.0
EDIN,edin33,Violation_201,56.0,CP1,2.28205,54.0,77.0
EDIN,edin33,Violation_201,56.0,CP2,1.586685,54.0,77.0
EDIN,edin33,Violation_201,56.0,P3,1.60822,54.0,77.0
EDIN,edin33,Violation_201,56.0,P4,1.285866,54.0,77.0
EDIN,edin33,Violation_201,56.0,C3,-0.03739254,54.0,77.0
EDIN,edin33,Violation_201,56.0,C4,-3.884732,54.0,77.0
EDIN,edin33,Violation_201,56.0,P7,-16.75801,54.0,77.0
EDIN,edin33,Violation_201,56.0,P8,-5.90402,54.0,77.0
EDIN,edin33,Violation_201,56.0,O1,2.862284,54.0,77.0
EDIN,edin33,Violation_201,56.0,O2,1.897568,54.0,77.0
EDIN,edin33,Violation_201,43.0,Pz,-4.540665,60.0,90.0
EDIN,edin33,Violation_201,43.0,Cz,-9.899527,60.0,90.0
EDIN,edin33,Violation_201,43.0,CP1,-4.191629,60.0,90.0
EDIN,edin33,Violation_201,43.0,CP2,-5.494827,60.0,90.0
EDIN,edin33,Violation_201,43.0,P3,-9.128736,60.0,90.0
EDIN,edin33,Violation_201,43.0,P4,-8.526018,60.0,90.0
EDIN,edin33,Violation_201,43.0,C3,-14.69688,60.0,90.0
EDIN,edin33,Violation_201,43.0,C4,1.021708,60.0,90.0
EDIN,edin33,Violation_201,43.0,P7,-11.37291,60.0,90.0
EDIN,edin33,Violation_201,43.0,P8,-13.65507,60.0,90.0
EDIN,edin33,Violation_201,43.0,O1,-7.876678,60.0,90.0
EDIN,edin33,Violation_201,43.0,O2,-4.549382,60.0,90.0
EDIN,edin33,Control_202,44.0,Pz,12.8073,52.0,87.0
EDIN,edin33,Control_202,44.0,Cz,6.501973,52.0,87.0
EDIN,edin33,Control_202,44.0,CP1,24.95485,52.0,87.0
EDIN,edin33,Control_202,44.0,CP2,10.58924,52.0,87.0
EDIN,edin33,Control_202,44.0,P3,6.153369,52.0,87.0
EDIN,edin33,Control_202,44.0,P4,8.613361,52.0,87.0
EDIN,edin33,Control_202,44.0,C3,4.289921,52.0,87.0
EDIN,edin33,Control_202,44.0,C4,9.494761,52.0,87.0
EDIN,edin33,Control_202,44.0,P7,14.43414,52.0,87.0
EDIN,edin33,Control_202,44.0,P8,-0.6974795,52.0,87.0
EDIN,edin33,Control_202,44.0,O1,-0.6550864,52.0,87.0
EDIN,edin33,Control_202,44.0,O2,4.919083,52.0,87.0
EDIN,edin33,Control_202,47.0,Pz,4.656608,43.0,93.0
EDIN,edin33,Control_202,47.0,Cz,-7.225969,43.0,93.0
EDIN,edin33,Control_202,47.0,CP1,0.6193087,43.0,93.0
EDIN,edin33,Control_202,47.0,CP2,5.117051,43.0,93.0
EDIN,edin33,Control_202,47.0,P3,8.134489,43.0,93.0
EDIN,edin33,Control_202,47.0,P4,5.261695,43.0,93.0
EDIN,edin33,Control_202,47.0,C3,-5.341194,43.0,93.0
EDIN,edin33,Control_202,47.0,C4,9.865088,43.0,93.0
EDIN,edin33,Control_202,47.0,P7,-7.511315,43.0,93.0
EDIN,edin33,Control_202,47.0,P8,-7.606437,43.0,93.0
EDIN,edin33,Control_202,47.0,O1,-4.014213,43.0,93.0
EDIN,edin33,Control_202,47.0,O2,1.392498,43.0,93.0
EDIN,edin33,Violation_201,48.0,Pz,-8.530478,41.0,100.0
EDIN,edin33,Violation_201,48.0,Cz,-1.913564,41.0,100.0
EDIN,edin33,Violation_201,48.0,CP1,-0.9027255,41.0,100.0
EDIN,edin33,Violation_201,48.0,CP2,-10.23831,41.0,100.0
EDIN,edin33,Violation_201,48.0,P3,-2.19425,41.0,100.0
EDIN,edin33,Violation_201,48.0,P4,-11.22063,41.0,100.0
EDIN,edin33,Violation_201,48.0,C3,1.198152,41.0,100.0
EDIN,edin33,Violation_201,48.0,C4,-2.874857,41.0,100.0
EDIN,edin33,Violation_201,48.0,P7,2.000502,41.0,100.0
EDIN,edin33,Violation_201,48.0,P8,-1.423299,41.0,100.0
EDIN,edin33,Violation_201,48.0,O1,-6.63693,41.0,100.0
EDIN,edin33,Violation_201,48.0,O2,-5.97296,41.0,100.0
EDIN,edin33,Control_202,55.0,Pz,-18.84886,57.0,69.0
EDIN,edin33,Control_202,55.0,Cz,-10.27834,57.0,69.0
EDIN,edin33,Control_202,55.0,CP1,-8.415497,57.0,69.0
EDIN,edin33,Control_202,55.0,CP2,-20.78681,57.0,69.0
EDIN,edin33,Control_202,55.0,P3,-14.49258,57.0,69.0
EDIN,edin33,Control_202,55.0,P4,-18.94436,57.0,69.0
EDIN,edin33,Control_202,55.0,C3,-5.253416,57.0,69.0
EDIN,edin33,Control_202,55.0,C4,-20.28182,57.0,69.0
EDIN,edin33,Control_202,55.0,P7,-14.0975,57.0,69.0
EDIN,edin33,Control_202,55.0,P8,-19.47219,57.0,69.0
EDIN,edin33,Control_202,55.0,O1,-7.137457,57.0,69.0
EDIN,edin33,Control_202,55.0,O2,-16.29167,57.0,69.0
EDIN,edin33,Control_202,59.0,Pz,9.872673,59.0,73.0
EDIN,edin33,Control_202,59.0,Cz,21.66098,59.0,73.0
EDIN,edin33,Control_202,59.0,CP1,14.76514,59.0,73.0
EDIN,edin33,Control_202,59.0,CP2,12.01176,59.0,73.0
EDIN,edin33,Control_202,59.0,P3,2.669202,59.0,73.0
EDIN,edin33,Control_202,59.0,P4,9.957384,59.0,73.0
EDIN,edin33,Control_202,59.0,C3,20.60908,59.0,73.0
EDIN,edin33,Control_202,59.0,C4,19.65985,59.0,73.0
EDIN,edin33,Control_202,59.0,P7,-1.270541,59.0,73.0
EDIN,edin33,Control_202,59.0,P8,3.791006,59.0,73.0
EDIN,edin33,Control_202,59.0,O1,10.62018,59.0,73.0
EDIN,edin33,Control_202,59.0,O2,6.544712,59.0,73.0
EDIN,edin33,Violation_201,72.0,Pz,27.76021,78.0,97.0
EDIN,edin33,Violation_201,72.0,Cz,25.88613,78.0,97.0
EDIN,edin33,Violation_201,72.0,CP1,28.88111,78.0,97.0
EDIN,edin33,Violation_201,72.0,CP2,27.51346,78.0,97.0
EDIN,edin33,Violation_201,72.0,P3,17.19465,78.0,97.0
EDIN,edin33,Violation_201,72.0,P4,25.15608,78.0,97.0
EDIN,edin33,Violation_201,72.0,C3,17.15108,78.0,97.0
EDIN,edin33,Violation_201,72.0,C4,24.43425,78.0,97.0
EDIN,edin33,Violation_201,72.0,P7,23.76936,78.0,97.0
EDIN,edin33,Violation_201,72.0,P8,12.94711,78.0,97.0
EDIN,edin33,Violation_201,72.0,O1,2.742322,78.0,97.0
EDIN,edin33,Violation_201,72.0,O2,18.9547,78.0,97.0
EDIN,edin33,Violation_201,68.0,Pz,-18.2527,76.0,90.0
EDIN,edin33,Violation_201,68.0,Cz,-22.63946,76.0,90.0
EDIN,edin33,Violation_201,68.0,CP1,-14.80271,76.0,90.0
EDIN,edin33,Violation_201,68.0,CP2,-16.98439,76.0,90.0
EDIN,edin33,Violation_201,68.0,P3,-8.376076,76.0,90.0
EDIN,edin33,Violation_201,68.0,P4,-22.28296,76.0,90.0
EDIN,edin33,Violation_201,68.0,C3,-15.27448,76.0,90.0
EDIN,edin33,Violation_201,68.0,C4,-13.27456,76.0,90.0
EDIN,edin33,Violation_201,68.0,P7,-15.948,76.0,90.0
EDIN,edin33,Violation_201,68.0,P8,-22.54888,76.0,90.0
EDIN,edin33,Violation_201,68.0,O1,-28.66641,76.0,90.0
EDIN,edin33,Violation_201,68.0,O2,-20.75292,76.0,90.0
EDIN,edin33,Control_202,75.0,Pz,-1.167237,67.0,87.0
EDIN,edin33,Control_202,75.0,Cz,12.23348,67.0,87.0
EDIN,edin33,Control_202,75.0,CP1,4.471064,67.0,87.0
EDIN,edin33,Control_202,75.0,CP2,-3.217649,67.0,87.0
EDIN,edin33,Control_202,75.0,P3,-7.512947,67.0,87.0
EDIN,edin33,Control_202,75.0,P4,-7.543167,67.0,87.0
EDIN,edin33,Control_202,75.0,C3,8.725721,67.0,87.0
EDIN,edin33,Control_202,75.0,C4,-3.422275,67.0,87.0
EDIN,edin33,Control_202,75.0,P7,-13.91304,67.0,87.0
EDIN,edin33,Control_202,75.0,P8,-9.180442,67.0,87.0
EDIN,edin33,Control_202,75.0,O1,-5.9856,67.0,87.0
EDIN,edin33,Control_202,75.0,O2,-8.908578,67.0,87.0
EDIN,edin33,Violation_201,76.0,Pz,-10.16535,61.0,34.0
EDIN,edin33,Violation_201,76.0,Cz,-12.48719,61.0,34.0
EDIN,edin33,Violation_201,76.0,CP1,-4.965908,61.0,34.0
EDIN,edin33,Violation_201,76.0,CP2,-14.11302,61.0,34.0
EDIN,edin33,Violation_201,76.0,P3,-15.93484,61.0,34.0
EDIN,edin33,Violation_201,76.0,P4,-5.455746,61.0,34.0
EDIN,edin33,Violation_201,76.0,C3,-4.012796,61.0,34.0
EDIN,edin33,Violation_201,76.0,C4,-13.58818,61.0,34.0
EDIN,edin33,Violation_201,76.0,P7,-5.008621,61.0,34.0
EDIN,edin33,Violation_201,76.0,P8,-1.898763,61.0,34.0
EDIN,edin33,Violation_201,76.0,O1,-15.74587,61.0,34.0
EDIN,edin33,Violation_201,76.0,O2,-7.754611,61.0,34.0
EDIN,edin33,Control_202,71.0,Pz,28.53038,79.0,97.0
EDIN,edin33,Control_202,71.0,Cz,19.69114,79.0,97.0
EDIN,edin33,Control_202,71.0,CP1,23.69028,79.0,97.0
EDIN,edin33,Control_202,71.0,CP2,28.39927,79.0,97.0
EDIN,edin33,Control_202,71.0,P3,21.30132,79.0,97.0
EDIN,edin33,Control_202,71.0,P4,23.4503,79.0,97.0
EDIN,edin33,Control_202,71.0,C3,24.50765,79.0,97.0
EDIN,edin33,Control_202,71.0,C4,30.71789,79.0,97.0
EDIN,edin33,Control_202,71.0,P7,17.5019,79.0,97.0
EDIN,edin33,Control_202,71.0,P8,15.2233,79.0,97.0
EDIN,edin33,Control_202,71.0,O1,22.44808,79.0,97.0
EDIN,edin33,Control_202,71.0,O2,25.10508,79.0,97.0
EDIN,edin33,Control_202,79.0,Pz,21.31419,64.0,50.0
EDIN,edin33,Control_202,79.0,Cz,18.59152,64.0,50.0
EDIN,edin33,Control_202,79.0,CP1,29.1042,64.0,50.0
EDIN,edin33,Control_202,79.0,CP2,30.86614,64.0,50.0
EDIN,edin33,Control_202,79.0,P3,17.96109,64.0,50.0
EDIN,edin33,Control_202,79.0,P4,24.83787,64.0,50.0
EDIN,edin33,Control_202,79.0,C3,13.6443,64.0,50.0
EDIN,edin33,Control_202,79.0,C4,44.18999,64.0,50.0
EDIN,edin33,Control_202,79.0,P7,-0.04420756,64.0,50.0
EDIN,edin33,Control_202,79.0,P8,20.9031,64.0,50.0
EDIN,edin33,Control_202,79.0,O1,11.81952,64.0,50.0
EDIN,edin33,Control_202,79.0,O2,21.65343,64.0,50.0
EDIN,edin33,Control_202,63.0,Pz,14.328,62.0,70.0
EDIN,edin33,Control_202,63.0,Cz,21.52808,62.0,70.0
EDIN,edin33,Control_202,63.0,CP1,21.83382,62.0,70.0
EDIN,edin33,Control_202,63.0,CP2,17.39858,62.0,70.0
EDIN,edin33,Control_202,63.0,P3,36.50858,62.0,70.0
EDIN,edin33,Control_202,63.0,P4,4.677327,62.0,70.0
EDIN,edin33,Control_202,63.0,C3,36.52094,62.0,70.0
EDIN,edin33,Control_202,63.0,C4,17.39691,62.0,70.0
EDIN,edin33,Control_202,63.0,P7,10.37966,62.0,70.0
EDIN,edin33,Control_202,63.0,P8,-2.593336,62.0,70.0
EDIN,edin33,Control_202,63.0,O1,3.673548,62.0,70.0
EDIN,edin33,Control_202,63.0,O2,-4.688734,62.0,70.0
EDIN,edin33,Control_202,67.0,Pz,4.639575,73.0,80.0
EDIN,edin33,Control_202,67.0,Cz,7.607216,73.0,80.0
EDIN,edin33,Control_202,67.0,CP1,12.40342,73.0,80.0
EDIN,edin33,Control_202,67.0,CP2,3.623811,73.0,80.0
EDIN,edin33,Control_202,67.0,P3,3.855355,73.0,80.0
EDIN,edin33,Control_202,67.0,P4,1.782641,73.0,80.0
EDIN,edin33,Control_202,67.0,C3,18.7246,73.0,80.0
EDIN,edin33,Control_202,67.0,C4,2.177688,73.0,80.0
EDIN,edin33,Control_202,67.0,P7,13.56681,73.0,80.0
EDIN,edin33,Control_202,67.0,P8,-0.3562472,73.0,80.0
EDIN,edin33,Control_202,67.0,O1,6.928985,73.0,80.0
EDIN,edin33,Control_202,67.0,O2,5.077128,73.0,80.0
EDIN,edin33,Violation_201,80.0,Pz,-5.253214,69.0,93.0
EDIN,edin33,Violation_201,80.0,Cz,-6.592963,69.0,93.0
EDIN,edin33,Violation_201,80.0,CP1,-16.05185,69.0,93.0
EDIN,edin33,Violation_201,80.0,CP2,-6.101287,69.0,93.0
EDIN,edin33,Violation_201,80.0,P3,-5.548014,69.0,93.0
EDIN,edin33,Violation_201,80.0,P4,-6.285879,69.0,93.0
EDIN,edin33,Violation_201,80.0,C3,-5.560506,69.0,93.0
EDIN,edin33,Violation_201,80.0,C4,-4.869467,69.0,93.0
EDIN,edin33,Violation_201,80.0,P7,-17.99955,69.0,93.0
EDIN,edin33,Violation_201,80.0,P8,-8.012293,69.0,93.0
EDIN,edin33,Violation_201,80.0,O1,-18.84792,69.0,93.0
EDIN,edin33,Violation_201,80.0,O2,-2.397933,69.0,93.0
EDIN,edin33,Violation_201,64.0,Pz,12.21647,68.0,27.0
EDIN,edin33,Violation_201,64.0,Cz,9.224798,68.0,27.0
EDIN,edin33,Violation_201,64.0,CP1,19.51219,68.0,27.0
EDIN,edin33,Violation_201,64.0,CP2,14.17295,68.0,27.0
EDIN,edin33,Violation_201,64.0,P3,31.28297,68.0,27.0
EDIN,edin33,Violation_201,64.0,P4,7.660907,68.0,27.0
EDIN,edin33,Violation_201,64.0,C3,-1.139456,68.0,27.0
EDIN,edin33,Violation_201,64.0,C4,12.86854,68.0,27.0
EDIN,edin33,Violation_201,64.0,P7,4.673921,68.0,27.0
EDIN,edin33,Violation_201,64.0,P8,-3.542895,68.0,27.0
EDIN,edin33,Violation_201,64.0,O1,3.57138,68.0,27.0
EDIN,edin33,Violation_201,64.0,O2,1.270948,68.0,27.0
EDIN,edin34,Control_202,15.0,Pz,-4.39957,14.0,90.0
EDIN,edin34,Control_202,15.0,Cz,-0.07449745,14.0,90.0
EDIN,edin34,Control_202,15.0,CP1,-7.76767,14.0,90.0
EDIN,edin34,Control_202,15.0,CP2,1.809068,14.0,90.0
EDIN,edin34,Control_202,15.0,P3,-0.2058798,14.0,90.0
EDIN,edin34,Control_202,15.0,P4,11.35335,14.0,90.0
EDIN,edin34,Control_202,15.0,C3,10.50412,14.0,90.0
EDIN,edin34,Control_202,15.0,C4,-0.6271214,14.0,90.0
EDIN,edin34,Control_202,15.0,P7,-0.4971575,14.0,90.0
EDIN,edin34,Control_202,15.0,P8,-0.5780166,14.0,90.0
EDIN,edin34,Control_202,15.0,O1,-14.51651,14.0,90.0
EDIN,edin34,Control_202,15.0,O2,-17.02725,14.0,90.0
EDIN,edin34,Violation_201,20.0,Pz,-14.91408,16.0,93.0
EDIN,edin34,Violation_201,20.0,Cz,1.857015,16.0,93.0
EDIN,edin34,Violation_201,20.0,CP1,1.201959,16.0,93.0
EDIN,edin34,Violation_201,20.0,CP2,-2.763095,16.0,93.0
EDIN,edin34,Violation_201,20.0,P3,10.90779,16.0,93.0
EDIN,edin34,Violation_201,20.0,P4,3.022472,16.0,93.0
EDIN,edin34,Violation_201,20.0,C3,-8.85534,16.0,93.0
EDIN,edin34,Violation_201,20.0,C4,-5.173216,16.0,93.0
EDIN,edin34,Violation_201,20.0,P7,-8.183506,16.0,93.0
EDIN,edin34,Violation_201,20.0,P8,-21.31567,16.0,93.0
EDIN,edin34,Violation_201,20.0,O1,-17.8694,16.0,93.0
EDIN,edin34,Violation_201,20.0,O2,-10.62622,16.0,93.0
EDIN,edin34,Control_202,7.0,Pz,9.223794,4.0,93.0
EDIN,edin34,Control_202,7.0,Cz,6.405794,4.0,93.0
EDIN,edin34,Control_202,7.0,CP1,6.774868,4.0,93.0
EDIN,edin34,Control_202,7.0,CP2,1.719739,4.0,93.0
EDIN,edin34,Control_202,7.0,P3,19.96412,4.0,93.0
EDIN,edin34,Control_202,7.0,P4,5.56084,4.0,93.0
EDIN,edin34,Control_202,7.0,C3,11.56696,4.0,93.0
EDIN,edin34,Control_202,7.0,C4,3.171166,4.0,93.0
EDIN,edin34,Control_202,7.0,P7,1.154965,4.0,93.0
EDIN,edin34,Control_202,7.0,P8,0.39286,4.0,93.0
EDIN,edin34,Control_202,7.0,O1,6.945973,4.0,93.0
EDIN,edin34,Control_202,7.0,O2,5.059992,4.0,93.0
EDIN,edin34,Violation_201,4.0,Pz,-4.54669,5.0,93.0
EDIN,edin34,Violation_201,4.0,Cz,-4.106726,5.0,93.0
EDIN,edin34,Violation_201,4.0,CP1,-16.08492,5.0,93.0
EDIN,edin34,Violation_201,4.0,CP2,-10.44972,5.0,93.0
EDIN,edin34,Violation_201,4.0,P3,-25.9121,5.0,93.0
EDIN,edin34,Violation_201,4.0,P4,-20.94983,5.0,93.0
EDIN,edin34,Violation_201,4.0,C3,-6.844406,5.0,93.0
EDIN,edin34,Violation_201,4.0,C4,-18.38853,5.0,93.0
EDIN,edin34,Violation_201,4.0,P7,2.651153,5.0,93.0
EDIN,edin34,Violation_201,4.0,P8,-13.02111,5.0,93.0
EDIN,edin34,Violation_201,4.0,O1,-0.7396841,5.0,93.0
EDIN,edin34,Violation_201,4.0,O2,-4.84584,5.0,93.0
EDIN,edin34,Violation_201,8.0,Pz,-8.335786,18.0,87.0
EDIN,edin34,Violation_201,8.0,Cz,-7.617689,18.0,87.0
EDIN,edin34,Violation_201,8.0,CP1,-0.7663466,18.0,87.0
EDIN,edin34,Violation_201,8.0,CP2,-13.99358,18.0,87.0
EDIN,edin34,Violation_201,8.0,P3,-15.49575,18.0,87.0
EDIN,edin34,Violation_201,8.0,P4,-18.1638,18.0,87.0
EDIN,edin34,Violation_201,8.0,C3,-11.42887,18.0,87.0
EDIN,edin34,Violation_201,8.0,C4,-7.905459,18.0,87.0
EDIN,edin34,Violation_201,8.0,P7,-11.35778,18.0,87.0
EDIN,edin34,Violation_201,8.0,P8,-11.93639,18.0,87.0
EDIN,edin34,Violation_201,8.0,O1,-15.93586,18.0,87.0
EDIN,edin34,Violation_201,8.0,O2,-2.654082,18.0,87.0
EDIN,edin34,Control_202,3.0,Pz,17.63997,15.0,90.0
EDIN,edin34,Control_202,3.0,Cz,14.35483,15.0,90.0
EDIN,edin34,Control_202,3.0,CP1,17.94229,15.0,90.0
EDIN,edin34,Control_202,3.0,CP2,16.14837,15.0,90.0
EDIN,edin34,Control_202,3.0,P3,23.98195,15.0,90.0
EDIN,edin34,Control_202,3.0,P4,9.31425,15.0,90.0
EDIN,edin34,Control_202,3.0,C3,12.43456,15.0,90.0
EDIN,edin34,Control_202,3.0,C4,2.215477,15.0,90.0
EDIN,edin34,Control_202,3.0,P7,1.037699,15.0,90.0
EDIN,edin34,Control_202,3.0,P8,14.68132,15.0,90.0
EDIN,edin34,Control_202,3.0,O1,27.73732,15.0,90.0
EDIN,edin34,Control_202,3.0,O2,14.2051,15.0,90.0
EDIN,edin34,Violation_201,12.0,Pz,23.69143,10.0,80.0
EDIN,edin34,Violation_201,12.0,Cz,39.44372,10.0,80.0
EDIN,edin34,Violation_201,12.0,CP1,31.34355,10.0,80.0
EDIN,edin34,Violation_201,12.0,CP2,24.14627,10.0,80.0
EDIN,edin34,Violation_201,12.0,P3,21.71776,10.0,80.0
EDIN,edin34,Violation_201,12.0,P4,28.34807,10.0,80.0
EDIN,edin34,Violation_201,12.0,C3,28.45699,10.0,80.0
EDIN,edin34,Violation_201,12.0,C4,26.09254,10.0,80.0
EDIN,edin34,Violation_201,12.0,P7,21.08237,10.0,80.0
EDIN,edin34,Violation_201,12.0,P8,23.29029,10.0,80.0
EDIN,edin34,Violation_201,12.0,O1,7.561193,10.0,80.0
EDIN,edin34,Violation_201,12.0,O2,20.7924,10.0,80.0
EDIN,edin34,Control_202,11.0,Pz,11.71834,8.0,97.0
EDIN,edin34,Control_202,11.0,Cz,14.88859,8.0,97.0
EDIN,edin34,Control_202,11.0,CP1,10.04897,8.0,97.0
EDIN,edin34,Control_202,11.0,CP2,14.59913,8.0,97.0
EDIN,edin34,Control_202,11.0,P3,25.37265,8.0,97.0
EDIN,edin34,Control_202,11.0,P4,21.91479,8.0,97.0
EDIN,edin34,Control_202,11.0,C3,10.55365,8.0,97.0
EDIN,edin34,Control_202,11.0,C4,19.19654,8.0,97.0
EDIN,edin34,Control_202,11.0,P7,20.8158,8.0,97.0
EDIN,edin34,Control_202,11.0,P8,7.199453,8.0,97.0
EDIN,edin34,Control_202,11.0,O1,33.08394,8.0,97.0
EDIN,edin34,Control_202,11.0,O2,15.75382,8.0,97.0
EDIN,edin34,Control_202,19.0,Pz,-21.29918,19.0,100.0
EDIN,edin34,Control_202,19.0,Cz,-20.72557,19.0,100.0
EDIN,edin34,Control_202,19.0,CP1,-13.40953,19.0,100.0
EDIN,edin34,Control_202,19.0,CP2,-21.46943,19.0,100.0
EDIN,edin34,Control_202,19.0,P3,-22.11763,19.0,100.0
EDIN,edin34,Control_202,19.0,P4,-20.81814,19.0,100.0
EDIN,edin34,Control_202,19.0,C3,-18.73673,19.0,100.0
EDIN,edin34,Control_202,19.0,C4,-17.83993,19.0,100.0
EDIN,edin34,Control_202,19.0,P7,-6.149325,19.0,100.0
EDIN,edin34,Control_202,19.0,P8,-8.991014,19.0,100.0
EDIN,edin34,Control_202,19.0,O1,-15.75905,19.0,100.0
EDIN,edin34,Control_202,19.0,O2,-14.8782,19.0,100.0
EDIN,edin34,Violation_201,16.0,Pz,-28.08801,12.0,100.0
EDIN,edin34,Violation_201,16.0,Cz,-24.8081,12.0,100.0
EDIN,edin34,Violation_201,16.0,CP1,-13.71276,12.0,100.0
EDIN,edin34,Violation_201,16.0,CP2,-11.8659,12.0,100.0
EDIN,edin34,Violation_201,16.0,P3,-27.71644,12.0,100.0
EDIN,edin34,Violation_201,16.0,P4,-29.8381,12.0,100.0
EDIN,edin34,Violation_201,16.0,C3,-25.58272,12.0,100.0
EDIN,edin34,Violation_201,16.0,C4,-15.86549,12.0,100.0
EDIN,edin34,Violation_201,16.0,P7,-25.28388,12.0,100.0
EDIN,edin34,Violation_201,16.0,P8,-18.70434,12.0,100.0
EDIN,edin34,Violation_201,16.0,O1,-36.15187,12.0,100.0
EDIN,edin34,Violation_201,16.0,O2,-13.58168,12.0,100.0
EDIN,edin34,Control_202,23.0,Pz,12.84923,36.0,77.0
EDIN,edin34,Control_202,23.0,Cz,16.29182,36.0,77.0
EDIN,edin34,Control_202,23.0,CP1,8.941706,36.0,77.0
EDIN,edin34,Control_202,23.0,CP2,10.32432,36.0,77.0
EDIN,edin34,Control_202,23.0,P3,0.1533377,36.0,77.0
EDIN,edin34,Control_202,23.0,P4,10.79255,36.0,77.0
EDIN,edin34,Control_202,23.0,C3,15.24541,36.0,77.0
EDIN,edin34,Control_202,23.0,C4,9.778669,36.0,77.0
EDIN,edin34,Control_202,23.0,P7,24.26774,36.0,77.0
EDIN,edin34,Control_202,23.0,P8,18.6038,36.0,77.0
EDIN,edin34,Control_202,23.0,O1,11.47893,36.0,77.0
EDIN,edin34,Control_202,23.0,O2,11.29586,36.0,77.0
EDIN,edin34,Violation_201,36.0,Pz,2.828362,34.0,97.0
EDIN,edin34,Violation_201,36.0,Cz,5.064311,34.0,97.0
EDIN,edin34,Violation_201,36.0,CP1,1.735167,34.0,97.0
EDIN,edin34,Violation_201,36.0,CP2,-2.39275,34.0,97.0
EDIN,edin34,Violation_201,36.0,P3,7.412089,34.0,97.0
EDIN,edin34,Violation_201,36.0,P4,3.678134,34.0,97.0
EDIN,edin34,Violation_201,36.0,C3,6.935781,34.0,97.0
EDIN,edin34,Violation_201,36.0,C4,18.2742,34.0,97.0
EDIN,edin34,Violation_201,36.0,P7,9.392459,34.0,97.0
EDIN,edin34,Violation_201,36.0,P8,10.19711,34.0,97.0
EDIN,edin34,Violation_201,36.0,O1,7.749113,34.0,97.0
EDIN,edin34,Violation_201,36.0,O2,-1.297829,34.0,97.0
EDIN,edin34,Control_202,31.0,Pz,24.88363,35.0,97.0
EDIN,edin34,Control_202,31.0,Cz,21.27566,35.0,97.0
EDIN,edin34,Control_202,31.0,CP1,24.29574,35.0,97.0
EDIN,edin34,Control_202,31.0,CP2,32.30045,35.0,97.0
EDIN,edin34,Control_202,31.0,P3,39.30716,35.0,97.0
EDIN,edin34,Control_202,31.0,P4,42.50933,35.0,97.0
EDIN,edin34,Control_202,31.0,C3,34.01843,35.0,97.0
EDIN,edin34,Control_202,31.0,C4,22.11639,35.0,97.0
EDIN,edin34,Control_202,31.0,P7,51.13177,35.0,97.0
EDIN,edin34,Control_202,31.0,P8,30.90794,35.0,97.0
EDIN,edin34,Control_202,31.0,O1,0.5694478,35.0,97.0
EDIN,edin34,Control_202,31.0,O2,25.84862,35.0,97.0
EDIN,edin34,Violation_201,32.0,Pz,-11.10735,28.0,27.0
EDIN,edin34,Violation_201,32.0,Cz,-17.84822,28.0,27.0
EDIN,edin34,Violation_201,32.0,CP1,-14.52858,28.0,27.0
EDIN,edin34,Violation_201,32.0,CP2,-6.560434,28.0,27.0
EDIN,edin34,Violation_201,32.0,P3,2.878613,28.0,27.0
EDIN,edin34,Violation_201,32.0,P4,-14.40876,28.0,27.0
EDIN,edin34,Violation_201,32.0,C3,-16.08879,28.0,27.0
EDIN,edin34,Violation_201,32.0,C4,-6.700788,28.0,27.0
EDIN,edin34,Violation_201,32.0,P7,-13.23674,28.0,27.0
EDIN,edin34,Violation_201,32.0,P8,-8.074982,28.0,27.0
EDIN,edin34,Violation_201,32.0,O1,14.53736,28.0,27.0
EDIN,edin34,Violation_201,32.0,O2,-15.45298,28.0,27.0
EDIN,edin34,Control_202,35.0,Pz,-15.76489,24.0,93.0
EDIN,edin34,Control_202,35.0,Cz,-19.805,24.0,93.0
EDIN,edin34,Control_202,35.0,CP1,-10.80216,24.0,93.0
EDIN,edin34,Control_202,35.0,CP2,-14.89916,24.0,93.0
EDIN,edin34,Control_202,35.0,P3,-22.87418,24.0,93.0
EDIN,edin34,Control_202,35.0,P4,-18.93918,24.0,93.0
EDIN,edin34,Control_202,35.0,C3,-1.649646,24.0,93.0
EDIN,edin34,Control_202,35.0,C4,1.965441,24.0,93.0
EDIN,edin34,Control_202,35.0,P7,-15.88055,24.0,93.0
EDIN,edin34,Control_202,35.0,P8,-10.22244,24.0,93.0
EDIN,edin34,Control_202,35.0,O1,5.576262,24.0,93.0
EDIN,edin34,Control_202,35.0,O2,-9.50657,24.0,93.0
EDIN,edin34,Violation_201,28.0,Pz,20.77928,21.0,77.0
EDIN,edin34,Violation_201,28.0,Cz,32.06028,21.0,77.0
EDIN,edin34,Violation_201,28.0,CP1,17.75885,21.0,77.0
EDIN,edin34,Violation_201,28.0,CP2,17.73687,21.0,77.0
EDIN,edin34,Violation_201,28.0,P3,13.88271,21.0,77.0
EDIN,edin34,Violation_201,28.0,P4,20.89772,21.0,77.0
EDIN,edin34,Violation_201,28.0,C3,21.78503,21.0,77.0
EDIN,edin34,Violation_201,28.0,C4,26.31855,21.0,77.0
EDIN,edin34,Violation_201,28.0,P7,14.9611,21.0,77.0
EDIN,edin34,Violation_201,28.0,P8,17.89812,21.0,77.0
EDIN,edin34,Violation_201,28.0,O1,15.18616,21.0,77.0
EDIN,edin34,Violation_201,28.0,O2,19.16278,21.0,77.0
EDIN,edin34,Control_202,27.0,Pz,-0.489394,29.0,90.0
EDIN,edin34,Control_202,27.0,Cz,-10.43123,29.0,90.0
EDIN,edin34,Control_202,27.0,CP1,-3.691307,29.0,90.0
EDIN,edin34,Control_202,27.0,CP2,-5.382417,29.0,90.0
EDIN,edin34,Control_202,27.0,P3,-1.760104,29.0,90.0
EDIN,edin34,Control_202,27.0,P4,-8.061862,29.0,90.0
EDIN,edin34,Control_202,27.0,C3,-8.635492,29.0,90.0
EDIN,edin34,Control_202,27.0,C4,4.088504,29.0,90.0
EDIN,edin34,Control_202,27.0,P7,-17.81738,29.0,90.0
EDIN,edin34,Control_202,27.0,P8,-0.704223,29.0,90.0
EDIN,edin34,Control_202,27.0,O1,-5.05151,29.0,90.0
EDIN,edin34,Control_202,27.0,O2,-5.195793,29.0,90.0
EDIN,edin34,Control_202,39.0,Pz,9.209003,37.0,80.0
EDIN,edin34,Control_202,39.0,Cz,5.951125,37.0,80.0
EDIN,edin34,Control_202,39.0,CP1,0.8471609,37.0,80.0
EDIN,edin34,Control_202,39.0,CP2,6.234877,37.0,80.0
EDIN,edin34,Control_202,39.0,P3,12.98356,37.0,80.0
EDIN,edin34,Control_202,39.0,P4,11.97477,37.0,80.0
EDIN,edin34,Control_202,39.0,C3,7.97824,37.0,80.0
EDIN,edin34,Control_202,39.0,C4,4.014811,37.0,80.0
EDIN,edin34,Control_202,39.0,P7,22.74183,37.0,80.0
EDIN,edin34,Control_202,39.0,P8,10.96868,37.0,80.0
EDIN,edin34,Control_202,39.0,O1,-6.133422,37.0,80.0
EDIN,edin34,Control_202,39.0,O2,6.908139,37.0,80.0
EDIN,edin34,Violation_201,40.0,Pz,21.56551,33.0,53.0
EDIN,edin34,Violation_201,40.0,Cz,17.7248,33.0,53.0
EDIN,edin34,Violation_201,40.0,CP1,32.43439,33.0,53.0
EDIN,edin34,Violation_201,40.0,CP2,20.33028,33.0,53.0
EDIN,edin34,Violation_201,40.0,P3,18.76206,33.0,53.0
EDIN,edin34,Violation_201,40.0,P4,26.12014,33.0,53.0
EDIN,edin34,Violation_201,40.0,C3,24.17776,33.0,53.0
EDIN,edin34,Violation_201,40.0,C4,10.4425,33.0,53.0
EDIN,edin34,Violation_201,40.0,P7,19.60208,33.0,53.0
EDIN,edin34,Violation_201,40.0,P8,17.04124,33.0,53.0
EDIN,edin34,Violation_201,40.0,O1,25.76905,33.0,53.0
EDIN,edin34,Violation_201,40.0,O2,17.32788,33.0,53.0
EDIN,edin34,Violation_201,56.0,Pz,-8.826751,42.0,37.0
EDIN,edin34,Violation_201,56.0,Cz,-3.478006,42.0,37.0
EDIN,edin34,Violation_201,56.0,CP1,-11.78885,42.0,37.0
EDIN,edin34,Violation_201,56.0,CP2,-16.46803,42.0,37.0
EDIN,edin34,Violation_201,56.0,P3,-6.44624,42.0,37.0
EDIN,edin34,Violation_201,56.0,P4,-16.72705,42.0,37.0
EDIN,edin34,Violation_201,56.0,C3,-11.46519,42.0,37.0
EDIN,edin34,Violation_201,56.0,C4,-8.485484,42.0,37.0
EDIN,edin34,Violation_201,56.0,P7,-15.02761,42.0,37.0
EDIN,edin34,Violation_201,56.0,P8,-16.83615,42.0,37.0
EDIN,edin34,Violation_201,56.0,O1,13.11576,42.0,37.0
EDIN,edin34,Violation_201,56.0,O2,-15.48174,42.0,37.0
EDIN,edin34,Violation_201,60.0,Pz,-11.2392,47.0,100.0
EDIN,edin34,Violation_201,60.0,Cz,-11.10091,47.0,100.0
EDIN,edin34,Violation_201,60.0,CP1,-13.04745,47.0,100.0
EDIN,edin34,Violation_201,60.0,CP2,-13.84709,47.0,100.0
EDIN,edin34,Violation_201,60.0,P3,-15.04477,47.0,100.0
EDIN,edin34,Violation_201,60.0,P4,-15.75747,47.0,100.0
EDIN,edin34,Violation_201,60.0,C3,-21.97178,47.0,100.0
EDIN,edin34,Violation_201,60.0,C4,-9.898441,47.0,100.0
EDIN,edin34,Violation_201,60.0,P7,-17.63792,47.0,100.0
EDIN,edin34,Violation_201,60.0,P8,-7.692855,47.0,100.0
EDIN,edin34,Violation_201,60.0,O1,8.689411,47.0,100.0
EDIN,edin34,Violation_201,60.0,O2,-2.626809,47.0,100.0
EDIN,edin34,Violation_201,48.0,Pz,-2.454671,49.0,40.0
EDIN,edin34,Violation_201,48.0,Cz,-0.03551624,49.0,40.0
EDIN,edin34,Violation_201,48.0,CP1,1.929457,49.0,40.0
EDIN,edin34,Violation_201,48.0,CP2,0.3040247,49.0,40.0
EDIN,edin34,Violation_201,48.0,P3,-7.559647,49.0,40.0
EDIN,edin34,Violation_201,48.0,P4,2.890726,49.0,40.0
EDIN,edin34,Violation_201,48.0,C3,10.42839,49.0,40.0
EDIN,edin34,Violation_201,48.0,C4,2.205976,49.0,40.0
EDIN,edin34,Violation_201,48.0,P7,5.600252,49.0,40.0
EDIN,edin34,Violation_201,48.0,P8,8.351048,49.0,40.0
EDIN,edin34,Violation_201,48.0,O1,-0.6266527,49.0,40.0
EDIN,edin34,Violation_201,48.0,O2,2.927946,49.0,40.0
EDIN,edin34,Control_202,51.0,Pz,-1.422194,51.0,90.0
EDIN,edin34,Control_202,51.0,Cz,-10.34677,51.0,90.0
EDIN,edin34,Control_202,51.0,CP1,-9.585846,51.0,90.0
EDIN,edin34,Control_202,51.0,CP2,-6.231353,51.0,90.0
EDIN,edin34,Control_202,51.0,P3,-7.964662,51.0,90.0
EDIN,edin34,Control_202,51.0,P4,-14.50006,51.0,90.0
EDIN,edin34,Control_202,51.0,C3,-26.01604,51.0,90.0
EDIN,edin34,Control_202,51.0,C4,-14.79237,51.0,90.0
EDIN,edin34,Control_202,51.0,P7,-7.38876,51.0,90.0
EDIN,edin34,Control_202,51.0,P8,0.9522803,51.0,90.0
EDIN,edin34,Control_202,51.0,O1,11.52788,51.0,90.0
EDIN,edin34,Control_202,51.0,O2,-2.096321,51.0,90.0
EDIN,edin34,Control_202,55.0,Pz,0.7022076,44.0,90.0
EDIN,edin34,Control_202,55.0,Cz,2.562338,44.0,90.0
EDIN,edin34,Control_202,55.0,CP1,2.491693,44.0,90.0
EDIN,edin34,Control_202,55.0,CP2,2.056963,44.0,90.0
EDIN,edin34,Control_202,55.0,P3,-15.21326,44.0,90.0
EDIN,edin34,Control_202,55.0,P4,4.918995,44.0,90.0
EDIN,edin34,Control_202,55.0,C3,3.286499,44.0,90.0
EDIN,edin34,Control_202,55.0,C4,20.42027,44.0,90.0
EDIN,edin34,Control_202,55.0,P7,-0.7509278,44.0,90.0
EDIN,edin34,Control_202,55.0,P8,-2.373057,44.0,90.0
EDIN,edin34,Control_202,55.0,O1,-1.625493,44.0,90.0
EDIN,edin34,Control_202,55.0,O2,1.645494,44.0,90.0
EDIN,edin34,Control_202,44.0,Pz,-32.33955,56.0,93.0
EDIN,edin34,Control_202,44.0,Cz,-39.0768,56.0,93.0
EDIN,edin34,Control_202,44.0,CP1,-28.4017,56.0,93.0
EDIN,edin34,Control_202,44.0,CP2,-21.76798,56.0,93.0
EDIN,edin34,Control_202,44.0,P3,-10.74295,56.0,93.0
EDIN,edin34,Control_202,44.0,P4,-20.3591,56.0,93.0
EDIN,edin34,Control_202,44.0,C3,-27.33223,56.0,93.0
EDIN,edin34,Control_202,44.0,C4,-29.64258,56.0,93.0
EDIN,edin34,Control_202,44.0,P7,-28.10435,56.0,93.0
EDIN,edin34,Control_202,44.0,P8,-25.81537,56.0,93.0
EDIN,edin34,Control_202,44.0,O1,-18.95608,56.0,93.0
EDIN,edin34,Control_202,44.0,O2,-20.12091,56.0,93.0
EDIN,edin34,Violation_201,52.0,Pz,-5.255343,55.0,93.0
EDIN,edin34,Violation_201,52.0,Cz,-19.66856,55.0,93.0
EDIN,edin34,Violation_201,52.0,CP1,-7.826888,55.0,93.0
EDIN,edin34,Violation_201,52.0,CP2,-8.41567,55.0,93.0
EDIN,edin34,Violation_201,52.0,P3,1.263923,55.0,93.0
EDIN,edin34,Violation_201,52.0,P4,-7.573305,55.0,93.0
EDIN,edin34,Violation_201,52.0,C3,-9.431677,55.0,93.0
EDIN,edin34,Violation_201,52.0,C4,-7.768512,55.0,93.0
EDIN,edin34,Violation_201,52.0,P7,-4.330775,55.0,93.0
EDIN,edin34,Violation_201,52.0,P8,4.659539,55.0,93.0
EDIN,edin34,Violation_201,52.0,O1,4.832122,55.0,93.0
EDIN,edin34,Violation_201,52.0,O2,-1.548428,55.0,93.0
EDIN,edin34,Violation_201,43.0,Pz,-14.5929,53.0,93.0
EDIN,edin34,Violation_201,43.0,Cz,-22.97216,53.0,93.0
EDIN,edin34,Violation_201,43.0,CP1,-13.81067,53.0,93.0
EDIN,edin34,Violation_201,43.0,CP2,-15.0736,53.0,93.0
EDIN,edin34,Violation_201,43.0,P3,-5.935017,53.0,93.0
EDIN,edin34,Violation_201,43.0,P4,-16.77891,53.0,93.0
EDIN,edin34,Violation_201,43.0,C3,-15.29318,53.0,93.0
EDIN,edin34,Violation_201,43.0,C4,-24.72353,53.0,93.0
EDIN,edin34,Violation_201,43.0,P7,-22.17384,53.0,93.0
EDIN,edin34,Violation_201,43.0,P8,-7.690938,53.0,93.0
EDIN,edin34,Violation_201,43.0,O1,-14.83514,53.0,93.0
EDIN,edin34,Violation_201,43.0,O2,-7.591409,53.0,93.0
EDIN,edin34,Control_202,59.0,Pz,12.13691,59.0,73.0
EDIN,edin34,Control_202,59.0,Cz,9.704586,59.0,73.0
EDIN,edin34,Control_202,59.0,CP1,7.582152,59.0,73.0
EDIN,edin34,Control_202,59.0,CP2,1.487934,59.0,73.0
EDIN,edin34,Control_202,59.0,P3,10.74399,59.0,73.0
EDIN,edin34,Control_202,59.0,P4,5.41463,59.0,73.0
EDIN,edin34,Control_202,59.0,C3,0.2304324,59.0,73.0
EDIN,edin34,Control_202,59.0,C4,0.9968832,59.0,73.0
EDIN,edin34,Control_202,59.0,P7,2.64123,59.0,73.0
EDIN,edin34,Control_202,59.0,P8,-4.066373,59.0,73.0
EDIN,edin34,Control_202,59.0,O1,-12.15446,59.0,73.0
EDIN,edin34,Control_202,59.0,O2,4.11815,59.0,73.0
EDIN,edin34,Control_202,47.0,Pz,28.21241,41.0,100.0
EDIN,edin34,Control_202,47.0,Cz,32.26254,41.0,100.0
EDIN,edin34,Control_202,47.0,CP1,29.05284,41.0,100.0
EDIN,edin34,Control_202,47.0,CP2,46.11529,41.0,100.0
EDIN,edin34,Control_202,47.0,P3,59.56478,41.0,100.0
EDIN,edin34,Control_202,47.0,P4,23.31288,41.0,100.0
EDIN,edin34,Control_202,47.0,C3,30.47126,41.0,100.0
EDIN,edin34,Control_202,47.0,C4,37.95462,41.0,100.0
EDIN,edin34,Control_202,47.0,P7,30.87339,41.0,100.0
EDIN,edin34,Control_202,47.0,P8,22.46775,41.0,100.0
EDIN,edin34,Control_202,47.0,O1,50.20115,41.0,100.0
EDIN,edin34,Control_202,47.0,O2,21.90337,41.0,100.0
EDIN,edin34,Control_202,71.0,Pz,14.6707,67.0,87.0
EDIN,edin34,Control_202,71.0,Cz,24.85064,67.0,87.0
EDIN,edin34,Control_202,71.0,CP1,12.94524,67.0,87.0
EDIN,edin34,Control_202,71.0,CP2,11.50341,67.0,87.0
EDIN,edin34,Control_202,71.0,P3,1.245517,67.0,87.0
EDIN,edin34,Control_202,71.0,P4,8.528689,67.0,87.0
EDIN,edin34,Control_202,71.0,C3,20.7178,67.0,87.0
EDIN,edin34,Control_202,71.0,C4,14.88091,67.0,87.0
EDIN,edin34,Control_202,71.0,P7,11.12815,67.0,87.0
EDIN,edin34,Control_202,71.0,P8,31.06323,67.0,87.0
EDIN,edin34,Control_202,71.0,O1,6.584733,67.0,87.0
EDIN,edin34,Control_202,71.0,O2,20.19784,67.0,87.0
EDIN,edin34,Violation_201,72.0,Pz,4.733276,77.0,100.0
EDIN,edin34,Violation_201,72.0,Cz,15.88671,77.0,100.0
EDIN,edin34,Violation_201,72.0,CP1,1.190922,77.0,100.0
EDIN,edin34,Violation_201,72.0,CP2,2.864137,77.0,100.0
EDIN,edin34,Violation_201,72.0,P3,-10.60053,77.0,100.0
EDIN,edin34,Violation_201,72.0,P4,2.909151,77.0,100.0
EDIN,edin34,Violation_201,72.0,C3,5.653103,77.0,100.0
EDIN,edin34,Violation_201,72.0,C4,-0.02826564,77.0,100.0
EDIN,edin34,Violation_201,72.0,P7,1.685668,77.0,100.0
EDIN,edin34,Violation_201,72.0,P8,14.61398,77.0,100.0
EDIN,edin34,Violation_201,72.0,O1,13.72503,77.0,100.0
EDIN,edin34,Violation_201,72.0,O2,1.267202,77.0,100.0
EDIN,edin34,Violation_201,64.0,Pz,-6.127989,62.0,70.0
EDIN,edin34,Violation_201,64.0,Cz,1.87112,62.0,70.0
EDIN,edin34,Violation_201,64.0,CP1,2.919114,62.0,70.0
EDIN,edin34,Violation_201,64.0,CP2,0.5119052,62.0,70.0
EDIN,edin34,Violation_201,64.0,P3,-2.852774,62.0,70.0
EDIN,edin34,Violation_201,64.0,P4,-10.19362,62.0,70.0
EDIN,edin34,Violation_201,64.0,C3,3.231234,62.0,70.0
EDIN,edin34,Violation_201,64.0,C4,-12.61962,62.0,70.0
EDIN,edin34,Violation_201,64.0,P7,16.27024,62.0,70.0
EDIN,edin34,Violation_201,64.0,P8,-14.03413,62.0,70.0
EDIN,edin34,Violation_201,64.0,O1,-15.74247,62.0,70.0
EDIN,edin34,Violation_201,64.0,O2,-9.84923,62.0,70.0
EDIN,edin34,Control_202,67.0,Pz,-3.895168,72.0,90.0
EDIN,edin34,Control_202,67.0,Cz,-4.682669,72.0,90.0
EDIN,edin34,Control_202,67.0,CP1,-8.665842,72.0,90.0
EDIN,edin34,Control_202,67.0,CP2,-4.669861,72.0,90.0
EDIN,edin34,Control_202,67.0,P3,4.256701,72.0,90.0
EDIN,edin34,Control_202,67.0,P4,-4.983012,72.0,90.0
EDIN,edin34,Control_202,67.0,C3,-11.2288,72.0,90.0
EDIN,edin34,Control_202,67.0,C4,-6.32192,72.0,90.0
EDIN,edin34,Control_202,67.0,P7,-21.39831,72.0,90.0
EDIN,edin34,Control_202,67.0,P8,-3.574302,72.0,90.0
EDIN,edin34,Control_202,67.0,O1,-21.90921,72.0,90.0
EDIN,edin34,Control_202,67.0,O2,-5.879042,72.0,90.0
EDIN,edin34,Violation_201,76.0,Pz,-50.55006,63.0,83.0
EDIN,edin34,Violation_201,76.0,Cz,-54.99896,63.0,83.0
EDIN,edin34,Violation_201,76.0,CP1,-54.33942,63.0,83.0
EDIN,edin34,Violation_201,76.0,CP2,-53.198,63.0,83.0
EDIN,edin34,Violation_201,76.0,P3,-47.65057,63.0,83.0
EDIN,edin34,Violation_201,76.0,P4,-52.853,63.0,83.0
EDIN,edin34,Violation_201,76.0,C3,-52.13805,63.0,83.0
EDIN,edin34,Violation_201,76.0,C4,-59.82839,63.0,83.0
EDIN,edin34,Violation_201,76.0,P7,-64.24343,63.0,83.0
EDIN,edin34,Violation_201,76.0,P8,-52.74226,63.0,83.0
EDIN,edin34,Violation_201,76.0,O1,-67.04411,63.0,83.0
EDIN,edin34,Violation_201,76.0,O2,-48.03813,63.0,83.0
EDIN,edin34,Control_202,79.0,Pz,6.950031,80.0,97.0
EDIN,edin34,Control_202,79.0,Cz,-3.129391,80.0,97.0
EDIN,edin34,Control_202,79.0,CP1,6.156542,80.0,97.0
EDIN,edin34,Control_202,79.0,CP2,6.077356,80.0,97.0
EDIN,edin34,Control_202,79.0,P3,10.5206,80.0,97.0
EDIN,edin34,Control_202,79.0,P4,7.959637,80.0,97.0
EDIN,edin34,Control_202,79.0,C3,10.92742,80.0,97.0
EDIN,edin34,Control_202,79.0,C4,4.785389,80.0,97.0
EDIN,edin34,Control_202,79.0,P7,-6.381604,80.0,97.0
EDIN,edin34,Control_202,79.0,P8,-1.994446,80.0,97.0
EDIN,edin34,Control_202,79.0,O1,-0.4206834,80.0,97.0
EDIN,edin34,Control_202,79.0,O2,7.778308,80.0,97.0
EDIN,edin34,Control_202,75.0,Pz,-20.29649,75.0,60.0
EDIN,edin34,Control_202,75.0,Cz,-12.3162,75.0,60.0
EDIN,edin34,Control_202,75.0,CP1,-20.46123,75.0,60.0
EDIN,edin34,Control_202,75.0,CP2,-18.18189,75.0,60.0
EDIN,edin34,Control_202,75.0,P3,-21.76249,75.0,60.0
EDIN,edin34,Control_202,75.0,P4,-22.28591,75.0,60.0
EDIN,edin34,Control_202,75.0,C3,-9.300708,75.0,60.0
EDIN,edin34,Control_202,75.0,C4,-18.97592,75.0,60.0
EDIN,edin34,Control_202,75.0,P7,-14.80178,75.0,60.0
EDIN,edin34,Control_202,75.0,P8,-19.69661,75.0,60.0
EDIN,edin34,Control_202,75.0,O1,25.00914,75.0,60.0
EDIN,edin34,Control_202,75.0,O2,-15.35642,75.0,60.0
EDIN,edin34,Control_202,63.0,Pz,-31.04084,71.0,90.0
EDIN,edin34,Control_202,63.0,Cz,-33.98064,71.0,90.0
EDIN,edin34,Control_202,63.0,CP1,-28.671,71.0,90.0
EDIN,edin34,Control_202,63.0,CP2,-25.70276,71.0,90.0
EDIN,edin34,Control_202,63.0,P3,-22.79745,71.0,90.0
EDIN,edin34,Control_202,63.0,P4,-17.21175,71.0,90.0
EDIN,edin34,Control_202,63.0,C3,-23.41242,71.0,90.0
EDIN,edin34,Control_202,63.0,C4,-14.72848,71.0,90.0
EDIN,edin34,Control_202,63.0,P7,-26.14501,71.0,90.0
EDIN,edin34,Control_202,63.0,P8,-13.64363,71.0,90.0
EDIN,edin34,Control_202,63.0,O1,-6.396671,71.0,90.0
EDIN,edin34,Control_202,63.0,O2,-12.69536,71.0,90.0
EDIN,edin34,Violation_201,68.0,Pz,-1.581558,65.0,93.0
EDIN,edin34,Violation_201,68.0,Cz,-4.588248,65.0,93.0
EDIN,edin34,Violation_201,68.0,CP1,-3.737873,65.0,93.0
EDIN,edin34,Violation_201,68.0,CP2,-0.183464,65.0,93.0
EDIN,edin34,Violation_201,68.0,P3,6.663902,65.0,93.0
EDIN,edin34,Violation_201,68.0,P4,-9.598775,65.0,93.0
EDIN,edin34,Violation_201,68.0,C3,-0.5649405,65.0,93.0
EDIN,edin34,Violation_201,68.0,C4,-1.424733,65.0,93.0
EDIN,edin34,Violation_201,68.0,P7,15.69887,65.0,93.0
EDIN,edin34,Violation_201,68.0,P8,-7.102875,65.0,93.0
EDIN,edin34,Violation_201,68.0,O1,-7.944852,65.0,93.0
EDIN,edin34,Violation_201,68.0,O2,-5.549636,65.0,93.0
EDIN,edin34,Violation_201,80.0,Pz,5.684123,66.0,23.0
EDIN,edin34,Violation_201,80.0,Cz,15.64377,66.0,23.0
EDIN,edin34,Violation_201,80.0,CP1,11.14605,66.0,23.0
EDIN,edin34,Violation_201,80.0,CP2,4.22357,66.0,23.0
EDIN,edin34,Violation_201,80.0,P3,12.57922,66.0,23.0
EDIN,edin34,Violation_201,80.0,P4,1.564373,66.0,23.0
EDIN,edin34,Violation_201,80.0,C3,8.017534,66.0,23.0
EDIN,edin34,Violation_201,80.0,C4,-2.960211,66.0,23.0
EDIN,edin34,Violation_201,80.0,P7,8.931423,66.0,23.0
EDIN,edin34,Violation_201,80.0,P8,-11.08154,66.0,23.0
EDIN,edin34,Violation_201,80.0,O1,-2.54817,66.0,23.0
EDIN,edin34,Violation_201,80.0,O2,-4.246178,66.0,23.0
EDIN,edin35,Control_202,9.0,Pz,-4.863713,14.0,90.0
EDIN,edin35,Control_202,9.0,Cz,3.204212,14.0,90.0
EDIN,edin35,Control_202,9.0,CP1,-15.42158,14.0,90.0
EDIN,edin35,Control_202,9.0,CP2,-22.39506,14.0,90.0
EDIN,edin35,Control_202,9.0,P3,23.63402,14.0,90.0
EDIN,edin35,Control_202,9.0,P4,26.83423,14.0,90.0
EDIN,edin35,Control_202,9.0,C3,-7.591024,14.0,90.0
EDIN,edin35,Control_202,9.0,C4,0.5605955,14.0,90.0
EDIN,edin35,Control_202,9.0,P7,31.90604,14.0,90.0
EDIN,edin35,Control_202,9.0,P8,16.58203,14.0,90.0
EDIN,edin35,Control_202,9.0,O1,15.24048,14.0,90.0
EDIN,edin35,Control_202,9.0,O2,16.17678,14.0,90.0
EDIN,edin35,Violation_201,10.0,Pz,-14.93848,17.0,62.0
EDIN,edin35,Violation_201,10.0,Cz,-9.789503,17.0,62.0
EDIN,edin35,Violation_201,10.0,CP1,-21.58502,17.0,62.0
EDIN,edin35,Violation_201,10.0,CP2,-18.25075,17.0,62.0
EDIN,edin35,Violation_201,10.0,P3,-20.57818,17.0,62.0
EDIN,edin35,Violation_201,10.0,P4,3.52412,17.0,62.0
EDIN,edin35,Violation_201,10.0,C3,-18.23997,17.0,62.0
EDIN,edin35,Violation_201,10.0,C4,-16.13112,17.0,62.0
EDIN,edin35,Violation_201,10.0,P7,-16.43597,17.0,62.0
EDIN,edin35,Violation_201,10.0,P8,-8.273849,17.0,62.0
EDIN,edin35,Violation_201,10.0,O1,-33.83648,17.0,62.0
EDIN,edin35,Violation_201,10.0,O2,0.3233204,17.0,62.0
EDIN,edin35,Control_202,13.0,Pz,11.90694,20.0,90.0
EDIN,edin35,Control_202,13.0,Cz,7.529604,20.0,90.0
EDIN,edin35,Control_202,13.0,CP1,1.465122,20.0,90.0
EDIN,edin35,Control_202,13.0,CP2,2.088007,20.0,90.0
EDIN,edin35,Control_202,13.0,P3,21.54586,20.0,90.0
EDIN,edin35,Control_202,13.0,P4,-0.971289,20.0,90.0
EDIN,edin35,Control_202,13.0,C3,13.04294,20.0,90.0
EDIN,edin35,Control_202,13.0,C4,8.132641,20.0,90.0
EDIN,edin35,Control_202,13.0,P7,12.56074,20.0,90.0
EDIN,edin35,Control_202,13.0,P8,2.774653,20.0,90.0
EDIN,edin35,Control_202,13.0,O1,-0.442293,20.0,90.0
EDIN,edin35,Control_202,13.0,O2,5.419497,20.0,90.0
EDIN,edin35,Control_202,1.0,Pz,5.990295,12.0,100.0
EDIN,edin35,Control_202,1.0,Cz,26.7673,12.0,100.0
EDIN,edin35,Control_202,1.0,CP1,7.623395,12.0,100.0
EDIN,edin35,Control_202,1.0,CP2,12.30843,12.0,100.0
EDIN,edin35,Control_202,1.0,P3,-12.96962,12.0,100.0
EDIN,edin35,Control_202,1.0,P4,32.61164,12.0,100.0
EDIN,edin35,Control_202,1.0,C3,5.425713,12.0,100.0
EDIN,edin35,Control_202,1.0,C4,8.237467,12.0,100.0
EDIN,edin35,Control_202,1.0,P7,9.618809,12.0,100.0
EDIN,edin35,Control_202,1.0,P8,4.22285,12.0,100.0
EDIN,edin35,Control_202,1.0,O1,6.93231,12.0,100.0
EDIN,edin35,Control_202,1.0,O2,6.045021,12.0,100.0
EDIN,edin35,Violation_201,14.0,Pz,11.04782,18.0,87.0
EDIN,edin35,Violation_201,14.0,Cz,10.78442,18.0,87.0
EDIN,edin35,Violation_201,14.0,CP1,13.58143,18.0,87.0
EDIN,edin35,Violation_201,14.0,CP2,12.47709,18.0,87.0
EDIN,edin35,Violation_201,14.0,P3,3.715534,18.0,87.0
EDIN,edin35,Violation_201,14.0,P4,-4.358243,18.0,87.0
EDIN,edin35,Violation_201,14.0,C3,3.62551,18.0,87.0
EDIN,edin35,Violation_201,14.0,C4,14.37499,18.0,87.0
EDIN,edin35,Violation_201,14.0,P7,-4.138823,18.0,87.0
EDIN,edin35,Violation_201,14.0,P8,-5.472801,18.0,87.0
EDIN,edin35,Violation_201,14.0,O1,24.24216,18.0,87.0
EDIN,edin35,Violation_201,14.0,O2,4.647327,18.0,87.0
EDIN,edin35,Control_202,17.0,Pz,16.17714,16.0,93.0
EDIN,edin35,Control_202,17.0,Cz,21.88881,16.0,93.0
EDIN,edin35,Control_202,17.0,CP1,11.00746,16.0,93.0
EDIN,edin35,Control_202,17.0,CP2,3.941315,16.0,93.0
EDIN,edin35,Control_202,17.0,P3,9.089451,16.0,93.0
EDIN,edin35,Control_202,17.0,P4,-11.08049,16.0,93.0
EDIN,edin35,Control_202,17.0,C3,0.8465251,16.0,93.0
EDIN,edin35,Control_202,17.0,C4,8.116032,16.0,93.0
EDIN,edin35,Control_202,17.0,P7,-6.344879,16.0,93.0
EDIN,edin35,Control_202,17.0,P8,-10.31338,16.0,93.0
EDIN,edin35,Control_202,17.0,O1,9.088088,16.0,93.0
EDIN,edin35,Control_202,17.0,O2,0.1228573,16.0,93.0
EDIN,edin35,Violation_201,2.0,Pz,-0.9937924,9.0,93.0
EDIN,edin35,Violation_201,2.0,Cz,5.878168,9.0,93.0
EDIN,edin35,Violation_201,2.0,CP1,7.817244,9.0,93.0
EDIN,edin35,Violation_201,2.0,CP2,14.51439,9.0,93.0
EDIN,edin35,Violation_201,2.0,P3,-1.740805,9.0,93.0
EDIN,edin35,Violation_201,2.0,P4,13.01612,9.0,93.0
EDIN,edin35,Violation_201,2.0,C3,1.415378,9.0,93.0
EDIN,edin35,Violation_201,2.0,C4,1.688255,9.0,93.0
EDIN,edin35,Violation_201,2.0,P7,11.67458,9.0,93.0
EDIN,edin35,Violation_201,2.0,P8,2.327806,9.0,93.0
EDIN,edin35,Violation_201,2.0,O1,-15.95491,9.0,93.0
EDIN,edin35,Violation_201,2.0,O2,-0.5135382,9.0,93.0
EDIN,edin35,Violation_201,18.0,Pz,10.14456,6.0,100.0
EDIN,edin35,Violation_201,18.0,Cz,5.868146,6.0,100.0
EDIN,edin35,Violation_201,18.0,CP1,-5.233044,6.0,100.0
EDIN,edin35,Violation_201,18.0,CP2,1.040131,6.0,100.0
EDIN,edin35,Violation_201,18.0,P3,-21.9861,6.0,100.0
EDIN,edin35,Violation_201,18.0,P4,-5.124476,6.0,100.0
EDIN,edin35,Violation_201,18.0,C3,-3.204836,6.0,100.0
EDIN,edin35,Violation_201,18.0,C4,2.652031,6.0,100.0
EDIN,edin35,Violation_201,18.0,P7,2.122427,6.0,100.0
EDIN,edin35,Violation_201,18.0,P8,-14.30034,6.0,100.0
EDIN,edin35,Violation_201,18.0,O1,-19.67037,6.0,100.0
EDIN,edin35,Violation_201,18.0,O2,-4.897265,6.0,100.0
EDIN,edin35,Control_202,5.0,Pz,1.395082,19.0,100.0
EDIN,edin35,Control_202,5.0,Cz,0.249458,19.0,100.0
EDIN,edin35,Control_202,5.0,CP1,-1.519991,19.0,100.0
EDIN,edin35,Control_202,5.0,CP2,17.22782,19.0,100.0
EDIN,edin35,Control_202,5.0,P3,-28.58637,19.0,100.0
EDIN,edin35,Control_202,5.0,P4,-27.95895,19.0,100.0
EDIN,edin35,Control_202,5.0,C3,-23.28424,19.0,100.0
EDIN,edin35,Control_202,5.0,C4,-4.246712,19.0,100.0
EDIN,edin35,Control_202,5.0,P7,-31.27701,19.0,100.0
EDIN,edin35,Control_202,5.0,P8,-25.26274,19.0,100.0
EDIN,edin35,Control_202,5.0,O1,-11.73415,19.0,100.0
EDIN,edin35,Control_202,5.0,O2,-27.65097,19.0,100.0
EDIN,edin36,Control_202,5.0,Pz,7.885645,1.0,97.0
EDIN,edin36,Control_202,5.0,Cz,8.854694,1.0,97.0
EDIN,edin36,Control_202,5.0,CP1,1.219859,1.0,97.0
EDIN,edin36,Control_202,5.0,CP2,8.373717,1.0,97.0
EDIN,edin36,Control_202,5.0,P3,-3.111966,1.0,97.0
EDIN,edin36,Control_202,5.0,P4,11.22965,1.0,97.0
EDIN,edin36,Control_202,5.0,C3,-4.150795,1.0,97.0
EDIN,edin36,Control_202,5.0,C4,2.144407,1.0,97.0
EDIN,edin36,Control_202,5.0,P7,1.852904,1.0,97.0
EDIN,edin36,Control_202,5.0,P8,-1.7241,1.0,97.0
EDIN,edin36,Control_202,5.0,O1,1.90545,1.0,97.0
EDIN,edin36,Control_202,5.0,O2,1.560558,1.0,97.0
EDIN,edin36,Violation_201,14.0,Pz,-20.4913,16.0,93.0
EDIN,edin36,Violation_201,14.0,Cz,-20.37536,16.0,93.0
EDIN,edin36,Violation_201,14.0,CP1,-25.26899,16.0,93.0
EDIN,edin36,Violation_201,14.0,CP2,-24.65682,16.0,93.0
EDIN,edin36,Violation_201,14.0,P3,-23.4311,16.0,93.0
EDIN,edin36,Violation_201,14.0,P4,-23.90767,16.0,93.0
EDIN,edin36,Violation_201,14.0,C3,-26.48319,16.0,93.0
EDIN,edin36,Violation_201,14.0,C4,-29.65274,16.0,93.0
EDIN,edin36,Violation_201,14.0,P7,-30.27468,16.0,93.0
EDIN,edin36,Violation_201,14.0,P8,-21.56413,16.0,93.0
EDIN,edin36,Violation_201,14.0,O1,-23.06395,16.0,93.0
EDIN,edin36,Violation_201,14.0,O2,-25.4554,16.0,93.0
EDIN,edin36,Violation_201,10.0,Pz,21.99128,7.0,80.0
EDIN,edin36,Violation_201,10.0,Cz,15.08483,7.0,80.0
EDIN,edin36,Violation_201,10.0,CP1,13.5722,7.0,80.0
EDIN,edin36,Violation_201,10.0,CP2,13.88835,7.0,80.0
EDIN,edin36,Violation_201,10.0,P3,20.03716,7.0,80.0
EDIN,edin36,Violation_201,10.0,P4,37.34801,7.0,80.0
EDIN,edin36,Violation_201,10.0,C3,19.0314,7.0,80.0
EDIN,edin36,Violation_201,10.0,C4,17.05629,7.0,80.0
EDIN,edin36,Violation_201,10.0,P7,38.05317,7.0,80.0
EDIN,edin36,Violation_201,10.0,P8,18.03165,7.0,80.0
EDIN,edin36,Violation_201,10.0,O1,13.42685,7.0,80.0
EDIN,edin36,Violation_201,10.0,O2,25.12164,7.0,80.0
EDIN,edin36,Violation_201,18.0,Pz,24.24982,20.0,90.0
EDIN,edin36,Violation_201,18.0,Cz,35.30644,20.0,90.0
EDIN,edin36,Violation_201,18.0,CP1,35.1836,20.0,90.0
EDIN,edin36,Violation_201,18.0,CP2,30.64574,20.0,90.0
EDIN,edin36,Violation_201,18.0,P3,35.08804,20.0,90.0
EDIN,edin36,Violation_201,18.0,P4,33.4283,20.0,90.0
EDIN,edin36,Violation_201,18.0,C3,37.76064,20.0,90.0
EDIN,edin36,Violation_201,18.0,C4,33.65799,20.0,90.0
EDIN,edin36,Violation_201,18.0,P7,40.84385,20.0,90.0
EDIN,edin36,Violation_201,18.0,P8,33.27083,20.0,90.0
EDIN,edin36,Violation_201,18.0,O1,30.07651,20.0,90.0
EDIN,edin36,Violation_201,18.0,O2,32.08304,20.0,90.0
EDIN,edin36,Control_202,1.0,Pz,15.04999,5.0,93.0
EDIN,edin36,Control_202,1.0,Cz,16.90905,5.0,93.0
EDIN,edin36,Control_202,1.0,CP1,12.58909,5.0,93.0
EDIN,edin36,Control_202,1.0,CP2,15.6609,5.0,93.0
EDIN,edin36,Control_202,1.0,P3,20.47247,5.0,93.0
EDIN,edin36,Control_202,1.0,P4,13.11814,5.0,93.0
EDIN,edin36,Control_202,1.0,C3,22.54901,5.0,93.0
EDIN,edin36,Control_202,1.0,C4,15.68192,5.0,93.0
EDIN,edin36,Control_202,1.0,P7,17.57452,5.0,93.0
EDIN,edin36,Control_202,1.0,P8,14.91297,5.0,93.0
EDIN,edin36,Control_202,1.0,O1,16.03396,5.0,93.0
EDIN,edin36,Control_202,1.0,O2,9.127443,5.0,93.0
EDIN,edin36,Control_202,17.0,Pz,-48.43155,13.0,97.0
EDIN,edin36,Control_202,17.0,Cz,-33.86002,13.0,97.0
EDIN,edin36,Control_202,17.0,CP1,-32.75172,13.0,97.0
EDIN,edin36,Control_202,17.0,CP2,-36.08257,13.0,97.0
EDIN,edin36,Control_202,17.0,P3,-45.94896,13.0,97.0
EDIN,edin36,Control_202,17.0,P4,-36.39847,13.0,97.0
EDIN,edin36,Control_202,17.0,C3,-27.44271,13.0,97.0
EDIN,edin36,Control_202,17.0,C4,-36.43258,13.0,97.0
EDIN,edin36,Control_202,17.0,P7,-52.40156,13.0,97.0
EDIN,edin36,Control_202,17.0,P8,-35.08876,13.0,97.0
EDIN,edin36,Control_202,17.0,O1,-42.3564,13.0,97.0
EDIN,edin36,Control_202,17.0,O2,-39.57713,13.0,97.0
EDIN,edin36,Control_202,9.0,Pz,8.077739,6.0,100.0
EDIN,edin36,Control_202,9.0,Cz,9.318964,6.0,100.0
EDIN,edin36,Control_202,9.0,CP1,8.365246,6.0,100.0
EDIN,edin36,Control_202,9.0,CP2,10.83872,6.0,100.0
EDIN,edin36,Control_202,9.0,P3,2.381254,6.0,100.0
EDIN,edin36,Control_202,9.0,P4,1.224636,6.0,100.0
EDIN,edin36,Control_202,9.0,C3,9.67569,6.0,100.0
EDIN,edin36,Control_202,9.0,C4,11.90152,6.0,100.0
EDIN,edin36,Control_202,9.0,P7,13.68164,6.0,100.0
EDIN,edin36,Control_202,9.0,P8,5.950594,6.0,100.0
EDIN,edin36,Control_202,9.0,O1,3.473431,6.0,100.0
EDIN,edin36,Control_202,9.0,O2,14.15495,6.0,100.0
EDIN,edin36,Violation_201,2.0,Pz,0.3334723,14.0,90.0
EDIN,edin36,Violation_201,2.0,Cz,19.4318,14.0,90.0
EDIN,edin36,Violation_201,2.0,CP1,8.664133,14.0,90.0
EDIN,edin36,Violation_201,2.0,CP2,9.070179,14.0,90.0
EDIN,edin36,Violation_201,2.0,P3,-0.01431924,14.0,90.0
EDIN,edin36,Violation_201,2.0,P4,8.465288,14.0,90.0
EDIN,edin36,Violation_201,2.0,C3,12.34517,14.0,90.0
EDIN,edin36,Violation_201,2.0,C4,6.959056,14.0,90.0
EDIN,edin36,Violation_201,2.0,P7,6.697646,14.0,90.0
EDIN,edin36,Violation_201,2.0,P8,6.812068,14.0,90.0
EDIN,edin36,Violation_201,2.0,O1,4.146236,14.0,90.0
EDIN,edin36,Violation_201,2.0,O2,3.177587,14.0,90.0
EDIN,edin36,Control_202,13.0,Pz,-30.98599,17.0,62.0
EDIN,edin36,Control_202,13.0,Cz,-26.05949,17.0,62.0
EDIN,edin36,Control_202,13.0,CP1,-27.94587,17.0,62.0
EDIN,edin36,Control_202,13.0,CP2,-28.26935,17.0,62.0
EDIN,edin36,Control_202,13.0,P3,-27.4115,17.0,62.0
EDIN,edin36,Control_202,13.0,P4,-20.85948,17.0,62.0
EDIN,edin36,Control_202,13.0,C3,-22.63789,17.0,62.0
EDIN,edin36,Control_202,13.0,C4,-25.13082,17.0,62.0
EDIN,edin36,Control_202,13.0,P7,-26.70932,17.0,62.0
EDIN,edin36,Control_202,13.0,P8,-31.39786,17.0,62.0
EDIN,edin36,Control_202,13.0,O1,-28.96425,17.0,62.0
EDIN,edin36,Control_202,13.0,O2,-26.25911,17.0,62.0
EDIN,edin36,Violation_201,26.0,Pz,-33.64467,21.0,77.0
EDIN,edin36,Violation_201,26.0,Cz,-32.89546,21.0,77.0
EDIN,edin36,Violation_201,26.0,CP1,-35.09594,21.0,77.0
EDIN,edin36,Violation_201,26.0,CP2,-30.70577,21.0,77.0
EDIN,edin36,Violation_201,26.0,P3,-40.61888,21.0,77.0
EDIN,edin36,Violation_201,26.0,P4,-33.72008,21.0,77.0
EDIN,edin36,Violation_201,26.0,C3,-32.36948,21.0,77.0
EDIN,edin36,Violation_201,26.0,C4,-32.86052,21.0,77.0
EDIN,edin36,Violation_201,26.0,P7,-36.04651,21.0,77.0
EDIN,edin36,Violation_201,26.0,P8,-36.64442,21.0,77.0
EDIN,edin36,Violation_201,26.0,O1,-33.32465,21.0,77.0
EDIN,edin36,Violation_201,26.0,O2,-36.81667,21.0,77.0
EDIN,edin36,Control_202,21.0,Pz,-4.35355,26.0,87.0
EDIN,edin36,Control_202,21.0,Cz,-6.856437,26.0,87.0
EDIN,edin36,Control_202,21.0,CP1,-8.723493,26.0,87.0
EDIN,edin36,Control_202,21.0,CP2,-8.105195,26.0,87.0
EDIN,edin36,Control_202,21.0,P3,0.7747382,26.0,87.0
EDIN,edin36,Control_202,21.0,P4,-11.44053,26.0,87.0
EDIN,edin36,Control_202,21.0,C3,-8.158809,26.0,87.0
EDIN,edin36,Control_202,21.0,C4,-12.76673,26.0,87.0
EDIN,edin36,Control_202,21.0,P7,-3.464673,26.0,87.0
EDIN,edin36,Control_202,21.0,P8,-13.65709,26.0,87.0
EDIN,edin36,Control_202,21.0,O1,-3.473405,26.0,87.0
EDIN,edin36,Control_202,21.0,O2,-9.559777,26.0,87.0
EDIN,edin36,Violation_201,22.0,Pz,-14.09681,39.0,97.0
EDIN,edin36,Violation_201,22.0,Cz,-19.90125,39.0,97.0
EDIN,edin36,Violation_201,22.0,CP1,-10.26301,39.0,97.0
EDIN,edin36,Violation_201,22.0,CP2,-10.49688,39.0,97.0
EDIN,edin36,Violation_201,22.0,P3,-4.689734,39.0,97.0
EDIN,edin36,Violation_201,22.0,P4,-12.20314,39.0,97.0
EDIN,edin36,Violation_201,22.0,C3,-14.34438,39.0,97.0
EDIN,edin36,Violation_201,22.0,C4,-11.2684,39.0,97.0
EDIN,edin36,Violation_201,22.0,P7,-12.83255,39.0,97.0
EDIN,edin36,Violation_201,22.0,P8,-12.79692,39.0,97.0
EDIN,edin36,Violation_201,22.0,O1,-10.79512,39.0,97.0
EDIN,edin36,Violation_201,22.0,O2,-7.154282,39.0,97.0
EDIN,edin36,Violation_201,38.0,Pz,-11.37264,30.0,90.0
EDIN,edin36,Violation_201,38.0,Cz,-7.658854,30.0,90.0
EDIN,edin36,Violation_201,38.0,CP1,9.003586,30.0,90.0
EDIN,edin36,Violation_201,38.0,CP2,2.631083,30.0,90.0
EDIN,edin36,Violation_201,38.0,P3,0.9126895,30.0,90.0
EDIN,edin36,Violation_201,38.0,P4,7.659657,30.0,90.0
EDIN,edin36,Violation_201,38.0,C3,-4.398057,30.0,90.0
EDIN,edin36,Violation_201,38.0,C4,3.926188,30.0,90.0
EDIN,edin36,Violation_201,38.0,P7,-1.093998,30.0,90.0
EDIN,edin36,Violation_201,38.0,P8,9.269611,30.0,90.0
EDIN,edin36,Violation_201,38.0,O1,0.6389037,30.0,90.0
EDIN,edin36,Violation_201,38.0,O2,2.535286,30.0,90.0
EDIN,edin36,Control_202,25.0,Pz,-15.37178,28.0,27.0
EDIN,edin36,Control_202,25.0,Cz,-10.15423,28.0,27.0
EDIN,edin36,Control_202,25.0,CP1,-10.53826,28.0,27.0
EDIN,edin36,Control_202,25.0,CP2,-11.35962,28.0,27.0
EDIN,edin36,Control_202,25.0,P3,-4.51787,28.0,27.0
EDIN,edin36,Control_202,25.0,P4,-9.628415,28.0,27.0
EDIN,edin36,Control_202,25.0,C3,-10.31548,28.0,27.0
EDIN,edin36,Control_202,25.0,C4,-11.13419,28.0,27.0
EDIN,edin36,Control_202,25.0,P7,5.727025,28.0,27.0
EDIN,edin36,Control_202,25.0,P8,-11.05562,28.0,27.0
EDIN,edin36,Control_202,25.0,O1,-10.33641,28.0,27.0
EDIN,edin36,Control_202,25.0,O2,-3.715324,28.0,27.0
EDIN,edin36,Violation_201,34.0,Pz,7.762707,40.0,93.0
EDIN,edin36,Violation_201,34.0,Cz,4.305954,40.0,93.0
EDIN,edin36,Violation_201,34.0,CP1,0.07016888,40.0,93.0
EDIN,edin36,Violation_201,34.0,CP2,-2.665861,40.0,93.0
EDIN,edin36,Violation_201,34.0,P3,-2.131997,40.0,93.0
EDIN,edin36,Violation_201,34.0,P4,-3.136544,40.0,93.0
EDIN,edin36,Violation_201,34.0,C3,-2.620407,40.0,93.0
EDIN,edin36,Violation_201,34.0,C4,-0.4557006,40.0,93.0
EDIN,edin36,Violation_201,34.0,P7,5.162528,40.0,93.0
EDIN,edin36,Violation_201,34.0,P8,-8.477935,40.0,93.0
EDIN,edin36,Violation_201,34.0,O1,-8.668536,40.0,93.0
EDIN,edin36,Violation_201,34.0,O2,-2.201846,40.0,93.0
EDIN,edin36,Control_202,37.0,Pz,-21.09438,37.0,80.0
EDIN,edin36,Control_202,37.0,Cz,-12.3304,37.0,80.0
EDIN,edin36,Control_202,37.0,CP1,-9.174229,37.0,80.0
EDIN,edin36,Control_202,37.0,CP2,-13.42678,37.0,80.0
EDIN,edin36,Control_202,37.0,P3,-4.532691,37.0,80.0
EDIN,edin36,Control_202,37.0,P4,-16.22065,37.0,80.0
EDIN,edin36,Control_202,37.0,C3,-13.59146,37.0,80.0
EDIN,edin36,Control_202,37.0,C4,-11.69822,37.0,80.0
EDIN,edin36,Control_202,37.0,P7,-15.84205,37.0,80.0
EDIN,edin36,Control_202,37.0,P8,-13.76978,37.0,80.0
EDIN,edin36,Control_202,37.0,O1,-9.022256,37.0,80.0
EDIN,edin36,Control_202,37.0,O2,-16.36691,37.0,80.0
EDIN,edin36,Violation_201,29.0,Pz,10.23305,38.0,93.0
EDIN,edin36,Violation_201,29.0,Cz,14.74484,38.0,93.0
EDIN,edin36,Violation_201,29.0,CP1,8.29386,38.0,93.0
EDIN,edin36,Violation_201,29.0,CP2,13.42746,38.0,93.0
EDIN,edin36,Violation_201,29.0,P3,9.781992,38.0,93.0
EDIN,edin36,Violation_201,29.0,P4,18.09317,38.0,93.0
EDIN,edin36,Violation_201,29.0,C3,12.15565,38.0,93.0
EDIN,edin36,Violation_201,29.0,C4,11.057,38.0,93.0
EDIN,edin36,Violation_201,29.0,P7,8.528419,38.0,93.0
EDIN,edin36,Violation_201,29.0,P8,8.063807,38.0,93.0
EDIN,edin36,Violation_201,29.0,O1,20.84414,38.0,93.0
EDIN,edin36,Violation_201,29.0,O2,12.41202,38.0,93.0
EDIN,edin36,Control_202,33.0,Pz,-34.01078,24.0,93.0
EDIN,edin36,Control_202,33.0,Cz,-24.25283,24.0,93.0
EDIN,edin36,Control_202,33.0,CP1,-25.67344,24.0,93.0
EDIN,edin36,Control_202,33.0,CP2,-16.77029,24.0,93.0
EDIN,edin36,Control_202,33.0,P3,-16.19492,24.0,93.0
EDIN,edin36,Control_202,33.0,P4,-17.55299,24.0,93.0
EDIN,edin36,Control_202,33.0,C3,-14.2199,24.0,93.0
EDIN,edin36,Control_202,33.0,C4,-20.64012,24.0,93.0
EDIN,edin36,Control_202,33.0,P7,-24.20009,24.0,93.0
EDIN,edin36,Control_202,33.0,P8,-27.51448,24.0,93.0
EDIN,edin36,Control_202,33.0,O1,-28.02659,24.0,93.0
EDIN,edin36,Control_202,33.0,O2,-27.60314,24.0,93.0
EDIN,edin36,Violation_201,54.0,Pz,19.59829,47.0,100.0
EDIN,edin36,Violation_201,54.0,Cz,8.544979,47.0,100.0
EDIN,edin36,Violation_201,54.0,CP1,13.93016,47.0,100.0
EDIN,edin36,Violation_201,54.0,CP2,9.725482,47.0,100.0
EDIN,edin36,Violation_201,54.0,P3,20.37442,47.0,100.0
EDIN,edin36,Violation_201,54.0,P4,12.30544,47.0,100.0
EDIN,edin36,Violation_201,54.0,C3,18.23594,47.0,100.0
EDIN,edin36,Violation_201,54.0,C4,12.95978,47.0,100.0
EDIN,edin36,Violation_201,54.0,P7,20.70851,47.0,100.0
EDIN,edin36,Violation_201,54.0,P8,18.7361,47.0,100.0
EDIN,edin36,Violation_201,54.0,O1,18.76638,47.0,100.0
EDIN,edin36,Violation_201,54.0,O2,20.63105,47.0,100.0
EDIN,edin36,Control_202,53.0,Pz,-24.72984,43.0,93.0
EDIN,edin36,Control_202,53.0,Cz,-27.53041,43.0,93.0
EDIN,edin36,Control_202,53.0,CP1,-16.06436,43.0,93.0
EDIN,edin36,Control_202,53.0,CP2,-26.27496,43.0,93.0
EDIN,edin36,Control_202,53.0,P3,-20.89594,43.0,93.0
EDIN,edin36,Control_202,53.0,P4,-22.63634,43.0,93.0
EDIN,edin36,Control_202,53.0,C3,-23.7678,43.0,93.0
EDIN,edin36,Control_202,53.0,C4,-20.84231,43.0,93.0
EDIN,edin36,Control_202,53.0,P7,-31.16061,43.0,93.0
EDIN,edin36,Control_202,53.0,P8,-13.56653,43.0,93.0
EDIN,edin36,Control_202,53.0,O1,-23.00698,43.0,93.0
EDIN,edin36,Control_202,53.0,O2,-16.48676,43.0,93.0
EDIN,edin36,Violation_201,46.0,Pz,-7.892028,60.0,90.0
EDIN,edin36,Violation_201,46.0,Cz,-2.617496,60.0,90.0
EDIN,edin36,Violation_201,46.0,CP1,-7.204558,60.0,90.0
EDIN,edin36,Violation_201,46.0,CP2,-16.93013,60.0,90.0
EDIN,edin36,Violation_201,46.0,P3,-5.927213,60.0,90.0
EDIN,edin36,Violation_201,46.0,P4,-12.75704,60.0,90.0
EDIN,edin36,Violation_201,46.0,C3,-4.601469,60.0,90.0
EDIN,edin36,Violation_201,46.0,C4,-10.95218,60.0,90.0
EDIN,edin36,Violation_201,46.0,P7,2.13022,60.0,90.0
EDIN,edin36,Violation_201,46.0,P8,-6.164431,60.0,90.0
EDIN,edin36,Violation_201,46.0,O1,4.914334,60.0,90.0
EDIN,edin36,Violation_201,46.0,O2,-11.72043,60.0,90.0
EDIN,edin36,Violation_201,50.0,Pz,-48.88922,52.0,87.0
EDIN,edin36,Violation_201,50.0,Cz,-46.8611,52.0,87.0
EDIN,edin36,Violation_201,50.0,CP1,-39.74038,52.0,87.0
EDIN,edin36,Violation_201,50.0,CP2,-39.75982,52.0,87.0
EDIN,edin36,Violation_201,50.0,P3,-38.43418,52.0,87.0
EDIN,edin36,Violation_201,50.0,P4,-48.03455,52.0,87.0
EDIN,edin36,Violation_201,50.0,C3,-40.64534,52.0,87.0
EDIN,edin36,Violation_201,50.0,C4,-39.53258,52.0,87.0
EDIN,edin36,Violation_201,50.0,P7,-36.18574,52.0,87.0
EDIN,edin36,Violation_201,50.0,P8,-47.71771,52.0,87.0
EDIN,edin36,Violation_201,50.0,O1,-51.06984,52.0,87.0
EDIN,edin36,Violation_201,50.0,O2,-53.34622,52.0,87.0
EDIN,edin36,Control_202,41.0,Pz,16.06209,56.0,93.0
EDIN,edin36,Control_202,41.0,Cz,2.147514,56.0,93.0
EDIN,edin36,Control_202,41.0,CP1,3.336917,56.0,93.0
EDIN,edin36,Control_202,41.0,CP2,4.936248,56.0,93.0
EDIN,edin36,Control_202,41.0,P3,-1.137283,56.0,93.0
EDIN,edin36,Control_202,41.0,P4,-6.240065,56.0,93.0
EDIN,edin36,Control_202,41.0,C3,-0.235531,56.0,93.0
EDIN,edin36,Control_202,41.0,C4,5.403691,56.0,93.0
EDIN,edin36,Control_202,41.0,P7,-1.032221,56.0,93.0
EDIN,edin36,Control_202,41.0,P8,3.760159,56.0,93.0
EDIN,edin36,Control_202,41.0,O1,-3.349983,56.0,93.0
EDIN,edin36,Control_202,41.0,O2,5.88382,56.0,93.0
EDIN,edin36,Violation_201,58.0,Pz,-33.52693,59.0,73.0
EDIN,edin36,Violation_201,58.0,Cz,-38.44685,59.0,73.0
EDIN,edin36,Violation_201,58.0,CP1,-36.91658,59.0,73.0
EDIN,edin36,Violation_201,58.0,CP2,-32.76796,59.0,73.0
EDIN,edin36,Violation_201,58.0,P3,-37.58743,59.0,73.0
EDIN,edin36,Violation_201,58.0,P4,-33.58992,59.0,73.0
EDIN,edin36,Violation_201,58.0,C3,-31.7261,59.0,73.0
EDIN,edin36,Violation_201,58.0,C4,-31.40974,59.0,73.0
EDIN,edin36,Violation_201,58.0,P7,-27.03734,59.0,73.0
EDIN,edin36,Violation_201,58.0,P8,-37.16883,59.0,73.0
EDIN,edin36,Violation_201,58.0,O1,-26.41464,59.0,73.0
EDIN,edin36,Violation_201,58.0,O2,-16.37784,59.0,73.0
EDIN,edin36,Control_202,57.0,Pz,25.11342,51.0,90.0
EDIN,edin36,Control_202,57.0,Cz,9.606698,51.0,90.0
EDIN,edin36,Control_202,57.0,CP1,7.690339,51.0,90.0
EDIN,edin36,Control_202,57.0,CP2,11.75214,51.0,90.0
EDIN,edin36,Control_202,57.0,P3,12.19102,51.0,90.0
EDIN,edin36,Control_202,57.0,P4,9.928698,51.0,90.0
EDIN,edin36,Control_202,57.0,C3,9.932483,51.0,90.0
EDIN,edin36,Control_202,57.0,C4,10.52098,51.0,90.0
EDIN,edin36,Control_202,57.0,P7,8.75408,51.0,90.0
EDIN,edin36,Control_202,57.0,P8,13.43509,51.0,90.0
EDIN,edin36,Control_202,57.0,O1,5.301519,51.0,90.0
EDIN,edin36,Control_202,57.0,O2,13.82595,51.0,90.0
EDIN,edin36,Violation_201,42.0,Pz,9.730178,48.0,87.0
EDIN,edin36,Violation_201,42.0,Cz,5.49392,48.0,87.0
EDIN,edin36,Violation_201,42.0,CP1,2.289574,48.0,87.0
EDIN,edin36,Violation_201,42.0,CP2,7.014588,48.0,87.0
EDIN,edin36,Violation_201,42.0,P3,3.769016,48.0,87.0
EDIN,edin36,Violation_201,42.0,P4,12.6478,48.0,87.0
EDIN,edin36,Violation_201,42.0,C3,6.946607,48.0,87.0
EDIN,edin36,Violation_201,42.0,C4,9.035154,48.0,87.0
EDIN,edin36,Violation_201,42.0,P7,6.944168,48.0,87.0
EDIN,edin36,Violation_201,42.0,P8,9.431005,48.0,87.0
EDIN,edin36,Violation_201,42.0,O1,-1.164139,48.0,87.0
EDIN,edin36,Violation_201,42.0,O2,2.337972,48.0,87.0
EDIN,edin36,Control_202,45.0,Pz,-19.91796,46.0,63.0
EDIN,edin36,Control_202,45.0,Cz,-7.920153,46.0,63.0
EDIN,edin36,Control_202,45.0,CP1,-10.22506,46.0,63.0
EDIN,edin36,Control_202,45.0,CP2,-4.377723,46.0,63.0
EDIN,edin36,Control_202,45.0,P3,-17.39366,46.0,63.0
EDIN,edin36,Control_202,45.0,P4,-6.695531,46.0,63.0
EDIN,edin36,Control_202,45.0,C3,-11.86381,46.0,63.0
EDIN,edin36,Control_202,45.0,C4,-7.332012,46.0,63.0
EDIN,edin36,Control_202,45.0,P7,-10.5383,46.0,63.0
EDIN,edin36,Control_202,45.0,P8,-3.625399,46.0,63.0
EDIN,edin36,Control_202,45.0,O1,-12.83986,46.0,63.0
EDIN,edin36,Control_202,45.0,O2,-11.15617,46.0,63.0
EDIN,edin36,Control_202,61.0,Pz,-5.535436,61.0,34.0
EDIN,edin36,Control_202,61.0,Cz,-13.98828,61.0,34.0
EDIN,edin36,Control_202,61.0,CP1,-7.023252,61.0,34.0
EDIN,edin36,Control_202,61.0,CP2,-8.430853,61.0,34.0
EDIN,edin36,Control_202,61.0,P3,0.6639106,61.0,34.0
EDIN,edin36,Control_202,61.0,P4,-6.809222,61.0,34.0
EDIN,edin36,Control_202,61.0,C3,-1.311079,61.0,34.0
EDIN,edin36,Control_202,61.0,C4,-4.506228,61.0,34.0
EDIN,edin36,Control_202,61.0,P7,-7.656119,61.0,34.0
EDIN,edin36,Control_202,61.0,P8,-4.882401,61.0,34.0
EDIN,edin36,Control_202,61.0,O1,-16.66758,61.0,34.0
EDIN,edin36,Control_202,61.0,O2,-5.883501,61.0,34.0
EDIN,edin36,Control_202,69.0,Pz,3.118124,66.0,23.0
EDIN,edin36,Control_202,69.0,Cz,2.209522,66.0,23.0
EDIN,edin36,Control_202,69.0,CP1,-5.291082,66.0,23.0
EDIN,edin36,Control_202,69.0,CP2,6.927289,66.0,23.0
EDIN,edin36,Control_202,69.0,P3,4.01024,66.0,23.0
EDIN,edin36,Control_202,69.0,P4,-3.573424,66.0,23.0
EDIN,edin36,Control_202,69.0,C3,-1.703921,66.0,23.0
EDIN,edin36,Control_202,69.0,C4,-1.065794,66.0,23.0
EDIN,edin36,Control_202,69.0,P7,-9.929012,66.0,23.0
EDIN,edin36,Control_202,69.0,P8,0.7917383,66.0,23.0
EDIN,edin36,Control_202,69.0,O1,7.679006,66.0,23.0
EDIN,edin36,Control_202,69.0,O2,4.952321,66.0,23.0
EDIN,edin36,Violation_201,78.0,Pz,23.60063,65.0,93.0
EDIN,edin36,Violation_201,78.0,Cz,19.32269,65.0,93.0
EDIN,edin36,Violation_201,78.0,CP1,19.28163,65.0,93.0
EDIN,edin36,Violation_201,78.0,CP2,19.17722,65.0,93.0
EDIN,edin36,Violation_201,78.0,P3,17.08076,65.0,93.0
EDIN,edin36,Violation_201,78.0,P4,20.71372,65.0,93.0
EDIN,edin36,Violation_201,78.0,C3,20.60768,65.0,93.0
EDIN,edin36,Violation_201,78.0,C4,17.0994,65.0,93.0
EDIN,edin36,Violation_201,78.0,P7,12.70043,65.0,93.0
EDIN,edin36,Violation_201,78.0,P8,11.56822,65.0,93.0
EDIN,edin36,Violation_201,78.0,O1,14.29315,65.0,93.0
EDIN,edin36,Violation_201,78.0,O2,18.60748,65.0,93.0
EDIN,edin36,Violation_201,74.0,Pz,8.149675,80.0,97.0
EDIN,edin36,Violation_201,74.0,Cz,8.6327,80.0,97.0
EDIN,edin36,Violation_201,74.0,CP1,1.498414,80.0,97.0
EDIN,edin36,Violation_201,74.0,CP2,5.003612,80.0,97.0
EDIN,edin36,Violation_201,74.0,P3,7.659559,80.0,97.0
EDIN,edin36,Violation_201,74.0,P4,4.252203,80.0,97.0
EDIN,edin36,Violation_201,74.0,C3,15.87937,80.0,97.0
EDIN,edin36,Violation_201,74.0,C4,9.613234,80.0,97.0
EDIN,edin36,Violation_201,74.0,P7,11.27943,80.0,97.0
EDIN,edin36,Violation_201,74.0,P8,10.18664,80.0,97.0
EDIN,edin36,Violation_201,74.0,O1,10.44591,80.0,97.0
EDIN,edin36,Violation_201,74.0,O2,3.867009,80.0,97.0
EDIN,edin36,Control_202,73.0,Pz,-14.86342,72.0,90.0
EDIN,edin36,Control_202,73.0,Cz,-16.39437,72.0,90.0
EDIN,edin36,Control_202,73.0,CP1,-16.76318,72.0,90.0
EDIN,edin36,Control_202,73.0,CP2,-19.0144,72.0,90.0
EDIN,edin36,Control_202,73.0,P3,-16.40718,72.0,90.0
EDIN,edin36,Control_202,73.0,P4,-26.03194,72.0,90.0
EDIN,edin36,Control_202,73.0,C3,-23.29855,72.0,90.0
EDIN,edin36,Control_202,73.0,C4,-18.41895,72.0,90.0
EDIN,edin36,Control_202,73.0,P7,-12.39973,72.0,90.0
EDIN,edin36,Control_202,73.0,P8,-24.49771,72.0,90.0
EDIN,edin36,Control_202,73.0,O1,-26.55932,72.0,90.0
EDIN,edin36,Control_202,73.0,O2,-21.92977,72.0,90.0
EDIN,edin36,Violation_201,66.0,Pz,52.28078,79.0,97.0
EDIN,edin36,Violation_201,66.0,Cz,-2.846776,79.0,97.0
EDIN,edin36,Violation_201,66.0,CP1,8.72605,79.0,97.0
EDIN,edin36,Violation_201,66.0,CP2,7.006943,79.0,97.0
EDIN,edin36,Violation_201,66.0,P3,5.270449,79.0,97.0
EDIN,edin36,Violation_201,66.0,P4,9.321307,79.0,97.0
EDIN,edin36,Violation_201,66.0,C3,-0.6860443,79.0,97.0
EDIN,edin36,Violation_201,66.0,C4,7.390659,79.0,97.0
EDIN,edin36,Violation_201,66.0,P7,-2.361175,79.0,97.0
EDIN,edin36,Violation_201,66.0,P8,12.62256,79.0,97.0
EDIN,edin36,Violation_201,66.0,O1,6.642805,79.0,97.0
EDIN,edin36,Violation_201,66.0,O2,9.21349,79.0,97.0
EDIN,edin36,Violation_201,70.0,Pz,21.97351,64.0,50.0
EDIN,edin36,Violation_201,70.0,Cz,35.64474,64.0,50.0
EDIN,edin36,Violation_201,70.0,CP1,30.54406,64.0,50.0
EDIN,edin36,Violation_201,70.0,CP2,34.09641,64.0,50.0
EDIN,edin36,Violation_201,70.0,P3,27.27189,64.0,50.0
EDIN,edin36,Violation_201,70.0,P4,27.78726,64.0,50.0
EDIN,edin36,Violation_201,70.0,C3,20.16571,64.0,50.0
EDIN,edin36,Violation_201,70.0,C4,26.65405,64.0,50.0
EDIN,edin36,Violation_201,70.0,P7,24.56512,64.0,50.0
EDIN,edin36,Violation_201,70.0,P8,23.22926,64.0,50.0
EDIN,edin36,Violation_201,70.0,O1,18.70531,64.0,50.0
EDIN,edin36,Violation_201,70.0,O2,23.41171,64.0,50.0
EDIN,edin36,Violation_201,62.0,Pz,6.874969,67.0,87.0
EDIN,edin36,Violation_201,62.0,Cz,4.528131,67.0,87.0
EDIN,edin36,Violation_201,62.0,CP1,-1.553483,67.0,87.0
EDIN,edin36,Violation_201,62.0,CP2,5.965712,67.0,87.0
EDIN,edin36,Violation_201,62.0,P3,2.111881,67.0,87.0
EDIN,edin36,Violation_201,62.0,P4,5.533764,67.0,87.0
EDIN,edin36,Violation_201,62.0,C3,0.9409715,67.0,87.0
EDIN,edin36,Violation_201,62.0,C4,2.302121,67.0,87.0
EDIN,edin36,Violation_201,62.0,P7,4.59629,67.0,87.0
EDIN,edin36,Violation_201,62.0,P8,4.182782,67.0,87.0
EDIN,edin36,Violation_201,62.0,O1,2.238605,67.0,87.0
EDIN,edin36,Violation_201,62.0,O2,8.231127,67.0,87.0
EDIN,edin36,Control_202,65.0,Pz,14.4802,78.0,97.0
EDIN,edin36,Control_202,65.0,Cz,-4.401787,78.0,97.0
EDIN,edin36,Control_202,65.0,CP1,2.375698,78.0,97.0
EDIN,edin36,Control_202,65.0,CP2,3.99413,78.0,97.0
EDIN,edin36,Control_202,65.0,P3,4.444074,78.0,97.0
EDIN,edin36,Control_202,65.0,P4,3.729043,78.0,97.0
EDIN,edin36,Control_202,65.0,C3,-6.714488,78.0,97.0
EDIN,edin36,Control_202,65.0,C4,1.159129,78.0,97.0
EDIN,edin36,Control_202,65.0,P7,1.606658,78.0,97.0
EDIN,edin36,Control_202,65.0,P8,-0.3757096,78.0,97.0
EDIN,edin36,Control_202,65.0,O1,1.878494,78.0,97.0
EDIN,edin36,Control_202,65.0,O2,4.387539,78.0,97.0
EDIN,edin36,Control_202,77.0,Pz,40.62749,68.0,27.0
EDIN,edin36,Control_202,77.0,Cz,44.7114,68.0,27.0
EDIN,edin36,Control_202,77.0,CP1,47.41308,68.0,27.0
EDIN,edin36,Control_202,77.0,CP2,36.95192,68.0,27.0
EDIN,edin36,Control_202,77.0,P3,38.03769,68.0,27.0
EDIN,edin36,Control_202,77.0,P4,43.39479,68.0,27.0
EDIN,edin36,Control_202,77.0,C3,34.27507,68.0,27.0
EDIN,edin36,Control_202,77.0,C4,37.53822,68.0,27.0
EDIN,edin36,Control_202,77.0,P7,29.30286,68.0,27.0
EDIN,edin36,Control_202,77.0,P8,31.40927,68.0,27.0
EDIN,edin36,Control_202,77.0,O1,32.30029,68.0,27.0
EDIN,edin36,Control_202,77.0,O2,32.71981,68.0,27.0
EDIN,edin37,Violation_201,8.0,Pz,3.065907,9.0,93.0
EDIN,edin37,Violation_201,8.0,Cz,9.170204,9.0,93.0
EDIN,edin37,Violation_201,8.0,CP1,8.398389,9.0,93.0
EDIN,edin37,Violation_201,8.0,CP2,7.151249,9.0,93.0
EDIN,edin37,Violation_201,8.0,P3,9.147724,9.0,93.0
EDIN,edin37,Violation_201,8.0,P4,8.738972,9.0,93.0
EDIN,edin37,Violation_201,8.0,C3,14.09476,9.0,93.0
EDIN,edin37,Violation_201,8.0,C4,5.116279,9.0,93.0
EDIN,edin37,Violation_201,8.0,P7,21.3739,9.0,93.0
EDIN,edin37,Violation_201,8.0,P8,8.431093,9.0,93.0
EDIN,edin37,Violation_201,8.0,O1,-2.709333,9.0,93.0
EDIN,edin37,Violation_201,8.0,O2,4.655637,9.0,93.0
EDIN,edin37,Control_202,15.0,Pz,-32.32295,14.0,90.0
EDIN,edin37,Control_202,15.0,Cz,-34.03509,14.0,90.0
EDIN,edin37,Control_202,15.0,CP1,-32.10311,14.0,90.0
EDIN,edin37,Control_202,15.0,CP2,-35.598,14.0,90.0
EDIN,edin37,Control_202,15.0,P3,-24.94513,14.0,90.0
EDIN,edin37,Control_202,15.0,P4,-22.2291,14.0,90.0
EDIN,edin37,Control_202,15.0,C3,-24.47326,14.0,90.0
EDIN,edin37,Control_202,15.0,C4,-24.92871,14.0,90.0
EDIN,edin37,Control_202,15.0,P7,-10.3263,14.0,90.0
EDIN,edin37,Control_202,15.0,P8,-22.26916,14.0,90.0
EDIN,edin37,Control_202,15.0,O1,-15.60697,14.0,90.0
EDIN,edin37,Control_202,15.0,O2,-29.3067,14.0,90.0
EDIN,edin37,Violation_201,20.0,Pz,22.04723,11.0,87.0
EDIN,edin37,Violation_201,20.0,Cz,24.00583,11.0,87.0
EDIN,edin37,Violation_201,20.0,CP1,18.85256,11.0,87.0
EDIN,edin37,Violation_201,20.0,CP2,28.62807,11.0,87.0
EDIN,edin37,Violation_201,20.0,P3,20.13923,11.0,87.0
EDIN,edin37,Violation_201,20.0,P4,19.08187,11.0,87.0
EDIN,edin37,Violation_201,20.0,C3,14.84372,11.0,87.0
EDIN,edin37,Violation_201,20.0,C4,23.82982,11.0,87.0
EDIN,edin37,Violation_201,20.0,P7,17.29002,11.0,87.0
EDIN,edin37,Violation_201,20.0,P8,19.12308,11.0,87.0
EDIN,edin37,Violation_201,20.0,O1,23.42612,11.0,87.0
EDIN,edin37,Violation_201,20.0,O2,14.87891,11.0,87.0
EDIN,edin37,Violation_201,4.0,Pz,4.860946,20.0,90.0
EDIN,edin37,Violation_201,4.0,Cz,3.020093,20.0,90.0
EDIN,edin37,Violation_201,4.0,CP1,-2.078935,20.0,90.0
EDIN,edin37,Violation_201,4.0,CP2,-3.182997,20.0,90.0
EDIN,edin37,Violation_201,4.0,P3,-0.2448642,20.0,90.0
EDIN,edin37,Violation_201,4.0,P4,-2.587797,20.0,90.0
EDIN,edin37,Violation_201,4.0,C3,-9.565081,20.0,90.0
EDIN,edin37,Violation_201,4.0,C4,-6.082932,20.0,90.0
EDIN,edin37,Violation_201,4.0,P7,-1.164914,20.0,90.0
EDIN,edin37,Violation_201,4.0,P8,-2.641644,20.0,90.0
EDIN,edin37,Violation_201,4.0,O1,1.309946,20.0,90.0
EDIN,edin37,Violation_201,4.0,O2,4.334088,20.0,90.0
EDIN,edin37,Control_202,3.0,Pz,8.717857,15.0,90.0
EDIN,edin37,Control_202,3.0,Cz,3.864612,15.0,90.0
EDIN,edin37,Control_202,3.0,CP1,11.4673,15.0,90.0
EDIN,edin37,Control_202,3.0,CP2,7.456232,15.0,90.0
EDIN,edin37,Control_202,3.0,P3,11.17831,15.0,90.0
EDIN,edin37,Control_202,3.0,P4,7.958128,15.0,90.0
EDIN,edin37,Control_202,3.0,C3,9.128515,15.0,90.0
EDIN,edin37,Control_202,3.0,C4,1.596468,15.0,90.0
EDIN,edin37,Control_202,3.0,P7,-13.76674,15.0,90.0
EDIN,edin37,Control_202,3.0,P8,7.373199,15.0,90.0
EDIN,edin37,Control_202,3.0,O1,2.921219,15.0,90.0
EDIN,edin37,Control_202,3.0,O2,9.285248,15.0,90.0
EDIN,edin37,Violation_201,16.0,Pz,22.41016,19.0,100.0
EDIN,edin37,Violation_201,16.0,Cz,19.25739,19.0,100.0
EDIN,edin37,Violation_201,16.0,CP1,21.84956,19.0,100.0
EDIN,edin37,Violation_201,16.0,CP2,21.40798,19.0,100.0
EDIN,edin37,Violation_201,16.0,P3,25.81095,19.0,100.0
EDIN,edin37,Violation_201,16.0,P4,21.81508,19.0,100.0
EDIN,edin37,Violation_201,16.0,C3,17.1945,19.0,100.0
EDIN,edin37,Violation_201,16.0,C4,18.47765,19.0,100.0
EDIN,edin37,Violation_201,16.0,P7,34.70906,19.0,100.0
EDIN,edin37,Violation_201,16.0,P8,21.96593,19.0,100.0
EDIN,edin37,Violation_201,16.0,O1,29.33533,19.0,100.0
EDIN,edin37,Violation_201,16.0,O2,23.63583,19.0,100.0
EDIN,edin37,Control_202,19.0,Pz,-2.988341,7.0,80.0
EDIN,edin37,Control_202,19.0,Cz,1.010055,7.0,80.0
EDIN,edin37,Control_202,19.0,CP1,-3.501116,7.0,80.0
EDIN,edin37,Control_202,19.0,CP2,2.991355,7.0,80.0
EDIN,edin37,Control_202,19.0,P3,-11.35547,7.0,80.0
EDIN,edin37,Control_202,19.0,P4,-6.333097,7.0,80.0
EDIN,edin37,Control_202,19.0,C3,-14.76023,7.0,80.0
EDIN,edin37,Control_202,19.0,C4,-11.37306,7.0,80.0
EDIN,edin37,Control_202,19.0,P7,-12.46841,7.0,80.0
EDIN,edin37,Control_202,19.0,P8,-6.729621,7.0,80.0
EDIN,edin37,Control_202,19.0,O1,-8.007083,7.0,80.0
EDIN,edin37,Control_202,19.0,O2,-1.506767,7.0,80.0
EDIN,edin37,Violation_201,12.0,Pz,-23.28064,18.0,87.0
EDIN,edin37,Violation_201,12.0,Cz,-22.22265,18.0,87.0
EDIN,edin37,Violation_201,12.0,CP1,-19.39439,18.0,87.0
EDIN,edin37,Violation_201,12.0,CP2,-27.54707,18.0,87.0
EDIN,edin37,Violation_201,12.0,P3,-11.81881,18.0,87.0
EDIN,edin37,Violation_201,12.0,P4,-19.18668,18.0,87.0
EDIN,edin37,Violation_201,12.0,C3,-15.71438,18.0,87.0
EDIN,edin37,Violation_201,12.0,C4,-11.73449,18.0,87.0
EDIN,edin37,Violation_201,12.0,P7,2.112824,18.0,87.0
EDIN,edin37,Violation_201,12.0,P8,-19.39784,18.0,87.0
EDIN,edin37,Violation_201,12.0,O1,-9.091975,18.0,87.0
EDIN,edin37,Violation_201,12.0,O2,-19.77575,18.0,87.0
EDIN,edin37,Control_202,7.0,Pz,10.35257,4.0,93.0
EDIN,edin37,Control_202,7.0,Cz,-3.714631,4.0,93.0
EDIN,edin37,Control_202,7.0,CP1,8.071468,4.0,93.0
EDIN,edin37,Control_202,7.0,CP2,3.170261,4.0,93.0
EDIN,edin37,Control_202,7.0,P3,5.705182,4.0,93.0
EDIN,edin37,Control_202,7.0,P4,5.451632,4.0,93.0
EDIN,edin37,Control_202,7.0,C3,1.70683,4.0,93.0
EDIN,edin37,Control_202,7.0,C4,5.64663,4.0,93.0
EDIN,edin37,Control_202,7.0,P7,8.988002,4.0,93.0
EDIN,edin37,Control_202,7.0,P8,4.801304,4.0,93.0
EDIN,edin37,Control_202,7.0,O1,11.15071,4.0,93.0
EDIN,edin37,Control_202,7.0,O2,7.172143,4.0,93.0
EDIN,edin37,Control_202,11.0,Pz,15.3609,1.0,97.0
EDIN,edin37,Control_202,11.0,Cz,1.788432,1.0,97.0
EDIN,edin37,Control_202,11.0,CP1,15.26677,1.0,97.0
EDIN,edin37,Control_202,11.0,CP2,11.08591,1.0,97.0
EDIN,edin37,Control_202,11.0,P3,13.58347,1.0,97.0
EDIN,edin37,Control_202,11.0,P4,12.82341,1.0,97.0
EDIN,edin37,Control_202,11.0,C3,5.072078,1.0,97.0
EDIN,edin37,Control_202,11.0,C4,9.386375,1.0,97.0
EDIN,edin37,Control_202,11.0,P7,-3.588755,1.0,97.0
EDIN,edin37,Control_202,11.0,P8,13.14365,1.0,97.0
EDIN,edin37,Control_202,11.0,O1,13.99695,1.0,97.0
EDIN,edin37,Control_202,11.0,O2,14.29573,1.0,97.0
EDIN,edin37,Control_202,31.0,Pz,-20.0582,26.0,87.0
EDIN,edin37,Control_202,31.0,Cz,-17.35284,26.0,87.0
EDIN,edin37,Control_202,31.0,CP1,-19.71246,26.0,87.0
EDIN,edin37,Control_202,31.0,CP2,-21.85748,26.0,87.0
EDIN,edin37,Control_202,31.0,P3,-19.56492,26.0,87.0
EDIN,edin37,Control_202,31.0,P4,-12.60622,26.0,87.0
EDIN,edin37,Control_202,31.0,C3,-20.68388,26.0,87.0
EDIN,edin37,Control_202,31.0,C4,-23.42545,26.0,87.0
EDIN,edin37,Control_202,31.0,P7,-21.91654,26.0,87.0
EDIN,edin37,Control_202,31.0,P8,-12.2759,26.0,87.0
EDIN,edin37,Control_202,31.0,O1,-5.138443,26.0,87.0
EDIN,edin37,Control_202,31.0,O2,-11.8362,26.0,87.0
EDIN,edin37,Violation_201,40.0,Pz,5.385874,25.0,97.0
EDIN,edin37,Violation_201,40.0,Cz,0.3995859,25.0,97.0
EDIN,edin37,Violation_201,40.0,CP1,4.432505,25.0,97.0
EDIN,edin37,Violation_201,40.0,CP2,-0.5500867,25.0,97.0
EDIN,edin37,Violation_201,40.0,P3,13.8858,25.0,97.0
EDIN,edin37,Violation_201,40.0,P4,6.930972,25.0,97.0
EDIN,edin37,Violation_201,40.0,C3,-0.05459048,25.0,97.0
EDIN,edin37,Violation_201,40.0,C4,7.945743,25.0,97.0
EDIN,edin37,Violation_201,40.0,P7,5.537673,25.0,97.0
EDIN,edin37,Violation_201,40.0,P8,6.352009,25.0,97.0
EDIN,edin37,Violation_201,40.0,O1,3.445256,25.0,97.0
EDIN,edin37,Violation_201,40.0,O2,15.59682,25.0,97.0
EDIN,edin37,Control_202,35.0,Pz,0.6198927,34.0,97.0
EDIN,edin37,Control_202,35.0,Cz,0.8456282,34.0,97.0
EDIN,edin37,Control_202,35.0,CP1,-3.275885,34.0,97.0
EDIN,edin37,Control_202,35.0,CP2,1.172767,34.0,97.0
EDIN,edin37,Control_202,35.0,P3,4.69088,34.0,97.0
EDIN,edin37,Control_202,35.0,P4,5.18674,34.0,97.0
EDIN,edin37,Control_202,35.0,C3,-5.162472,34.0,97.0
EDIN,edin37,Control_202,35.0,C4,0.01044586,34.0,97.0
EDIN,edin37,Control_202,35.0,P7,7.614019,34.0,97.0
EDIN,edin37,Control_202,35.0,P8,5.249232,34.0,97.0
EDIN,edin37,Control_202,35.0,O1,6.887747,34.0,97.0
EDIN,edin37,Control_202,35.0,O2,11.40892,34.0,97.0
EDIN,edin37,Control_202,23.0,Pz,-16.77387,40.0,93.0
EDIN,edin37,Control_202,23.0,Cz,-13.46365,40.0,93.0
EDIN,edin37,Control_202,23.0,CP1,-17.81679,40.0,93.0
EDIN,edin37,Control_202,23.0,CP2,-10.11622,40.0,93.0
EDIN,edin37,Control_202,23.0,P3,-23.53682,40.0,93.0
EDIN,edin37,Control_202,23.0,P4,-19.8029,40.0,93.0
EDIN,edin37,Control_202,23.0,C3,-17.55301,40.0,93.0
EDIN,edin37,Control_202,23.0,C4,-14.43242,40.0,93.0
EDIN,edin37,Control_202,23.0,P7,-15.42563,40.0,93.0
EDIN,edin37,Control_202,23.0,P8,-19.75308,40.0,93.0
EDIN,edin37,Control_202,23.0,O1,-22.4343,40.0,93.0
EDIN,edin37,Control_202,23.0,O2,-26.80967,40.0,93.0
EDIN,edin37,Violation_201,32.0,Pz,-32.90289,37.0,80.0
EDIN,edin37,Violation_201,32.0,Cz,-40.65776,37.0,80.0
EDIN,edin37,Violation_201,32.0,CP1,-35.33104,37.0,80.0
EDIN,edin37,Violation_201,32.0,CP2,-32.17783,37.0,80.0
EDIN,edin37,Violation_201,32.0,P3,-57.93639,37.0,80.0
EDIN,edin37,Violation_201,32.0,P4,-42.70913,37.0,80.0
EDIN,edin37,Violation_201,32.0,C3,-48.27524,37.0,80.0
EDIN,edin37,Violation_201,32.0,C4,-43.64392,37.0,80.0
EDIN,edin37,Violation_201,32.0,P7,-29.47743,37.0,80.0
EDIN,edin37,Violation_201,32.0,P8,-41.94306,37.0,80.0
EDIN,edin37,Violation_201,32.0,O1,-54.07964,37.0,80.0
EDIN,edin37,Violation_201,32.0,O2,-42.47194,37.0,80.0
EDIN,edin37,Control_202,39.0,Pz,-32.72719,28.0,27.0
EDIN,edin37,Control_202,39.0,Cz,-24.69484,28.0,27.0
EDIN,edin37,Control_202,39.0,CP1,-31.71396,28.0,27.0
EDIN,edin37,Control_202,39.0,CP2,-26.82483,28.0,27.0
EDIN,edin37,Control_202,39.0,P3,-40.97773,28.0,27.0
EDIN,edin37,Control_202,39.0,P4,-30.59759,28.0,27.0
EDIN,edin37,Control_202,39.0,C3,-29.77779,28.0,27.0
EDIN,edin37,Control_202,39.0,C4,-34.09901,28.0,27.0
EDIN,edin37,Control_202,39.0,P7,-29.25131,28.0,27.0
EDIN,edin37,Control_202,39.0,P8,-30.3088,28.0,27.0
EDIN,edin37,Control_202,39.0,O1,-29.58419,28.0,27.0
EDIN,edin37,Control_202,39.0,O2,-22.89235,28.0,27.0
EDIN,edin37,Control_202,27.0,Pz,-14.20674,23.0,93.0
EDIN,edin37,Control_202,27.0,Cz,-4.958545,23.0,93.0
EDIN,edin37,Control_202,27.0,CP1,-14.40457,23.0,93.0
EDIN,edin37,Control_202,27.0,CP2,-15.98885,23.0,93.0
EDIN,edin37,Control_202,27.0,P3,-11.38607,23.0,93.0
EDIN,edin37,Control_202,27.0,P4,-7.882063,23.0,93.0
EDIN,edin37,Control_202,27.0,C3,-12.92496,23.0,93.0
EDIN,edin37,Control_202,27.0,C4,-15.22991,23.0,93.0
EDIN,edin37,Control_202,27.0,P7,-16.13807,23.0,93.0
EDIN,edin37,Control_202,27.0,P8,-7.75561,23.0,93.0
EDIN,edin37,Control_202,27.0,O1,-2.476168,23.0,93.0
EDIN,edin37,Control_202,27.0,O2,-17.76258,23.0,93.0
EDIN,edin37,Violation_201,36.0,Pz,14.62678,36.0,77.0
EDIN,edin37,Violation_201,36.0,Cz,-10.62115,36.0,77.0
EDIN,edin37,Violation_201,36.0,CP1,7.639475,36.0,77.0
EDIN,edin37,Violation_201,36.0,CP2,14.1351,36.0,77.0
EDIN,edin37,Violation_201,36.0,P3,0.2703945,36.0,77.0
EDIN,edin37,Violation_201,36.0,P4,-2.878378,36.0,77.0
EDIN,edin37,Violation_201,36.0,C3,5.588826,36.0,77.0
EDIN,edin37,Violation_201,36.0,C4,-6.441834,36.0,77.0
EDIN,edin37,Violation_201,36.0,P7,-14.75995,36.0,77.0
EDIN,edin37,Violation_201,36.0,P8,-2.936459,36.0,77.0
EDIN,edin37,Violation_201,36.0,O1,16.71001,36.0,77.0
EDIN,edin37,Violation_201,36.0,O2,0.1746619,36.0,77.0
EDIN,edin37,Violation_201,24.0,Pz,23.07322,35.0,97.0
EDIN,edin37,Violation_201,24.0,Cz,33.11766,35.0,97.0
EDIN,edin37,Violation_201,24.0,CP1,16.59144,35.0,97.0
EDIN,edin37,Violation_201,24.0,CP2,30.10076,35.0,97.0
EDIN,edin37,Violation_201,24.0,P3,2.259173,35.0,97.0
EDIN,edin37,Violation_201,24.0,P4,9.031044,35.0,97.0
EDIN,edin37,Violation_201,24.0,C3,11.17787,35.0,97.0
EDIN,edin37,Violation_201,24.0,C4,8.416956,35.0,97.0
EDIN,edin37,Violation_201,24.0,P7,8.398768,35.0,97.0
EDIN,edin37,Violation_201,24.0,P8,8.478159,35.0,97.0
EDIN,edin37,Violation_201,24.0,O1,-0.4224939,35.0,97.0
EDIN,edin37,Violation_201,24.0,O2,2.849704,35.0,97.0
EDIN,edin37,Violation_201,28.0,Pz,-11.56109,30.0,90.0
EDIN,edin37,Violation_201,28.0,Cz,0.3460051,30.0,90.0
EDIN,edin37,Violation_201,28.0,CP1,-3.500052,30.0,90.0
EDIN,edin37,Violation_201,28.0,CP2,0.9648349,30.0,90.0
EDIN,edin37,Violation_201,28.0,P3,2.123574,30.0,90.0
EDIN,edin37,Violation_201,28.0,P4,-2.692075,30.0,90.0
EDIN,edin37,Violation_201,28.0,C3,-11.97214,30.0,90.0
EDIN,edin37,Violation_201,28.0,C4,-5.10141,30.0,90.0
EDIN,edin37,Violation_201,28.0,P7,54.14428,30.0,90.0
EDIN,edin37,Violation_201,28.0,P8,-2.103079,30.0,90.0
EDIN,edin37,Violation_201,28.0,O1,5.880628,30.0,90.0
EDIN,edin37,Violation_201,28.0,O2,-4.324677,30.0,90.0
EDIN,edin37,Violation_201,60.0,Pz,-23.77334,46.0,63.0
EDIN,edin37,Violation_201,60.0,Cz,-31.60292,46.0,63.0
EDIN,edin37,Violation_201,60.0,CP1,-29.32114,46.0,63.0
EDIN,edin37,Violation_201,60.0,CP2,-28.11846,46.0,63.0
EDIN,edin37,Violation_201,60.0,P3,-30.09693,46.0,63.0
EDIN,edin37,Violation_201,60.0,P4,-22.47737,46.0,63.0
EDIN,edin37,Violation_201,60.0,C3,-32.15064,46.0,63.0
EDIN,edin37,Violation_201,60.0,C4,-30.3234,46.0,63.0
EDIN,edin37,Violation_201,60.0,P7,-19.01128,46.0,63.0
EDIN,edin37,Violation_201,60.0,P8,-22.41271,46.0,63.0
EDIN,edin37,Violation_201,60.0,O1,-19.73571,46.0,63.0
EDIN,edin37,Violation_201,60.0,O2,-22.18407,46.0,63.0
EDIN,edin37,Violation_201,56.0,Pz,2.496943,49.0,40.0
EDIN,edin37,Violation_201,56.0,Cz,-4.400196,49.0,40.0
EDIN,edin37,Violation_201,56.0,CP1,-1.691111,49.0,40.0
EDIN,edin37,Violation_201,56.0,CP2,1.153303,49.0,40.0
EDIN,edin37,Violation_201,56.0,P3,-4.29277,49.0,40.0
EDIN,edin37,Violation_201,56.0,P4,-6.913874,49.0,40.0
EDIN,edin37,Violation_201,56.0,C3,-10.6218,49.0,40.0
EDIN,edin37,Violation_201,56.0,C4,-9.882458,49.0,40.0
EDIN,edin37,Violation_201,56.0,P7,-3.359447,49.0,40.0
EDIN,edin37,Violation_201,56.0,P8,-6.541272,49.0,40.0
EDIN,edin37,Violation_201,56.0,O1,-2.742763,49.0,40.0
EDIN,edin37,Violation_201,56.0,O2,-5.497056,49.0,40.0
EDIN,edin37,Control_202,47.0,Pz,-12.99811,47.0,100.0
EDIN,edin37,Control_202,47.0,Cz,-13.85744,47.0,100.0
EDIN,edin37,Control_202,47.0,CP1,-10.7882,47.0,100.0
EDIN,edin37,Control_202,47.0,CP2,-15.00674,47.0,100.0
EDIN,edin37,Control_202,47.0,P3,-12.75265,47.0,100.0
EDIN,edin37,Control_202,47.0,P4,-10.22862,47.0,100.0
EDIN,edin37,Control_202,47.0,C3,-11.45876,47.0,100.0
EDIN,edin37,Control_202,47.0,C4,-10.85644,47.0,100.0
EDIN,edin37,Control_202,47.0,P7,-4.71402,47.0,100.0
EDIN,edin37,Control_202,47.0,P8,-10.32205,47.0,100.0
EDIN,edin37,Control_202,47.0,O1,-6.920771,47.0,100.0
EDIN,edin37,Control_202,47.0,O2,-10.86197,47.0,100.0
EDIN,edin37,Violation_201,52.0,Pz,12.50661,41.0,100.0
EDIN,edin37,Violation_201,52.0,Cz,28.10386,41.0,100.0
EDIN,edin37,Violation_201,52.0,CP1,21.48694,41.0,100.0
EDIN,edin37,Violation_201,52.0,CP2,15.61423,41.0,100.0
EDIN,edin37,Violation_201,52.0,P3,15.41522,41.0,100.0
EDIN,edin37,Violation_201,52.0,P4,16.66456,41.0,100.0
EDIN,edin37,Violation_201,52.0,C3,12.6889,41.0,100.0
EDIN,edin37,Violation_201,52.0,C4,21.22242,41.0,100.0
EDIN,edin37,Violation_201,52.0,P7,11.75768,41.0,100.0
EDIN,edin37,Violation_201,52.0,P8,17.1612,41.0,100.0
EDIN,edin37,Violation_201,52.0,O1,20.03796,41.0,100.0
EDIN,edin37,Violation_201,52.0,O2,15.33701,41.0,100.0
EDIN,edin37,Control_202,55.0,Pz,10.4516,58.0,73.0
EDIN,edin37,Control_202,55.0,Cz,-10.32435,58.0,73.0
EDIN,edin37,Control_202,55.0,CP1,-1.175347,58.0,73.0
EDIN,edin37,Control_202,55.0,CP2,9.311037,58.0,73.0
EDIN,edin37,Control_202,55.0,P3,-5.805263,58.0,73.0
EDIN,edin37,Control_202,55.0,P4,-1.658468,58.0,73.0
EDIN,edin37,Control_202,55.0,C3,-6.693126,58.0,73.0
EDIN,edin37,Control_202,55.0,C4,-8.925643,58.0,73.0
EDIN,edin37,Control_202,55.0,P7,-6.604974,58.0,73.0
EDIN,edin37,Control_202,55.0,P8,-2.220258,58.0,73.0
EDIN,edin37,Control_202,55.0,O1,-7.61421,58.0,73.0
EDIN,edin37,Control_202,55.0,O2,-1.036475,58.0,73.0
EDIN,edin37,Control_202,44.0,Pz,-10.66163,57.0,69.0
EDIN,edin37,Control_202,44.0,Cz,-13.17049,57.0,69.0
EDIN,edin37,Control_202,44.0,CP1,-1.773244,57.0,69.0
EDIN,edin37,Control_202,44.0,CP2,-10.59496,57.0,69.0
EDIN,edin37,Control_202,44.0,P3,-5.010107,57.0,69.0
EDIN,edin37,Control_202,44.0,P4,-2.812663,57.0,69.0
EDIN,edin37,Control_202,44.0,C3,-8.391248,57.0,69.0
EDIN,edin37,Control_202,44.0,C4,-1.688281,57.0,69.0
EDIN,edin37,Control_202,44.0,P7,-7.311875,57.0,69.0
EDIN,edin37,Control_202,44.0,P8,-2.426131,57.0,69.0
EDIN,edin37,Control_202,44.0,O1,-8.130985,57.0,69.0
EDIN,edin37,Control_202,44.0,O2,-1.767011,57.0,69.0
EDIN,edin37,Violation_201,43.0,Pz,-9.608877,42.0,37.0
EDIN,edin37,Violation_201,43.0,Cz,-9.759038,42.0,37.0
EDIN,edin37,Violation_201,43.0,CP1,-1.175475,42.0,37.0
EDIN,edin37,Violation_201,43.0,CP2,-3.384159,42.0,37.0
EDIN,edin37,Violation_201,43.0,P3,-8.830948,42.0,37.0
EDIN,edin37,Violation_201,43.0,P4,-7.640182,42.0,37.0
EDIN,edin37,Violation_201,43.0,C3,2.528809,42.0,37.0
EDIN,edin37,Violation_201,43.0,C4,-6.981793,42.0,37.0
EDIN,edin37,Violation_201,43.0,P7,-16.46181,42.0,37.0
EDIN,edin37,Violation_201,43.0,P8,-7.483929,42.0,37.0
EDIN,edin37,Violation_201,43.0,O1,-12.39687,42.0,37.0
EDIN,edin37,Violation_201,43.0,O2,-7.67434,42.0,37.0
EDIN,edin37,Control_202,59.0,Pz,31.17886,48.0,87.0
EDIN,edin37,Control_202,59.0,Cz,20.42498,48.0,87.0
EDIN,edin37,Control_202,59.0,CP1,19.8609,48.0,87.0
EDIN,edin37,Control_202,59.0,CP2,28.28705,48.0,87.0
EDIN,edin37,Control_202,59.0,P3,30.16757,48.0,87.0
EDIN,edin37,Control_202,59.0,P4,18.47409,48.0,87.0
EDIN,edin37,Control_202,59.0,C3,19.40611,48.0,87.0
EDIN,edin37,Control_202,59.0,C4,11.80064,48.0,87.0
EDIN,edin37,Control_202,59.0,P7,18.09956,48.0,87.0
EDIN,edin37,Control_202,59.0,P8,18.13113,48.0,87.0
EDIN,edin37,Control_202,59.0,O1,13.50883,48.0,87.0
EDIN,edin37,Control_202,59.0,O2,17.69612,48.0,87.0
EDIN,edin37,Control_202,51.0,Pz,-20.25681,54.0,77.0
EDIN,edin37,Control_202,51.0,Cz,-19.78332,54.0,77.0
EDIN,edin37,Control_202,51.0,CP1,-22.76489,54.0,77.0
EDIN,edin37,Control_202,51.0,CP2,-17.99381,54.0,77.0
EDIN,edin37,Control_202,51.0,P3,-16.72861,54.0,77.0
EDIN,edin37,Control_202,51.0,P4,-14.07409,54.0,77.0
EDIN,edin37,Control_202,51.0,C3,-23.24007,54.0,77.0
EDIN,edin37,Control_202,51.0,C4,-15.60924,54.0,77.0
EDIN,edin37,Control_202,51.0,P7,-30.09864,54.0,77.0
EDIN,edin37,Control_202,51.0,P8,-13.57252,54.0,77.0
EDIN,edin37,Control_202,51.0,O1,-19.82487,54.0,77.0
EDIN,edin37,Control_202,51.0,O2,-14.29319,54.0,77.0
EDIN,edin37,Violation_201,48.0,Pz,-24.18821,52.0,87.0
EDIN,edin37,Violation_201,48.0,Cz,-17.72475,52.0,87.0
EDIN,edin37,Violation_201,48.0,CP1,-22.02597,52.0,87.0
EDIN,edin37,Violation_201,48.0,CP2,-21.64853,52.0,87.0
EDIN,edin37,Violation_201,48.0,P3,-21.32851,52.0,87.0
EDIN,edin37,Violation_201,48.0,P4,-13.39818,52.0,87.0
EDIN,edin37,Violation_201,48.0,C3,-18.3032,52.0,87.0
EDIN,edin37,Violation_201,48.0,C4,-15.91914,52.0,87.0
EDIN,edin37,Violation_201,48.0,P7,-13.66432,52.0,87.0
EDIN,edin37,Violation_201,48.0,P8,-13.76706,52.0,87.0
EDIN,edin37,Violation_201,48.0,O1,-13.42736,52.0,87.0
EDIN,edin37,Violation_201,48.0,O2,-13.43295,52.0,87.0
EDIN,edin37,Control_202,71.0,Pz,14.75222,67.0,87.0
EDIN,edin37,Control_202,71.0,Cz,24.8486,67.0,87.0
EDIN,edin37,Control_202,71.0,CP1,16.26005,67.0,87.0
EDIN,edin37,Control_202,71.0,CP2,17.06707,67.0,87.0
EDIN,edin37,Control_202,71.0,P3,12.02486,67.0,87.0
EDIN,edin37,Control_202,71.0,P4,5.39607,67.0,87.0
EDIN,edin37,Control_202,71.0,C3,15.67543,67.0,87.0
EDIN,edin37,Control_202,71.0,C4,10.00082,67.0,87.0
EDIN,edin37,Control_202,71.0,P7,14.20419,67.0,87.0
EDIN,edin37,Control_202,71.0,P8,5.429678,67.0,87.0
EDIN,edin37,Control_202,71.0,O1,16.37322,67.0,87.0
EDIN,edin37,Control_202,71.0,O2,6.066395,67.0,87.0
EDIN,edin37,Violation_201,80.0,Pz,-1.345141,70.0,57.0
EDIN,edin37,Violation_201,80.0,Cz,8.241446,70.0,57.0
EDIN,edin37,Violation_201,80.0,CP1,-0.1437752,70.0,57.0
EDIN,edin37,Violation_201,80.0,CP2,-7.350454,70.0,57.0
EDIN,edin37,Violation_201,80.0,P3,4.026083,70.0,57.0
EDIN,edin37,Violation_201,80.0,P4,-2.958181,70.0,57.0
EDIN,edin37,Violation_201,80.0,C3,0.6289496,70.0,57.0
EDIN,edin37,Violation_201,80.0,C4,4.842454,70.0,57.0
EDIN,edin37,Violation_201,80.0,P7,-4.145999,70.0,57.0
EDIN,edin37,Violation_201,80.0,P8,-3.887705,70.0,57.0
EDIN,edin37,Violation_201,80.0,O1,-8.495575,70.0,57.0
EDIN,edin37,Violation_201,80.0,O2,-3.327305,70.0,57.0
EDIN,edin37,Control_202,63.0,Pz,-1.483258,80.0,97.0
EDIN,edin37,Control_202,63.0,Cz,6.932355,80.0,97.0
EDIN,edin37,Control_202,63.0,CP1,4.734672,80.0,97.0
EDIN,edin37,Control_202,63.0,CP2,9.028974,80.0,97.0
EDIN,edin37,Control_202,63.0,P3,1.294878,80.0,97.0
EDIN,edin37,Control_202,63.0,P4,1.072879,80.0,97.0
EDIN,edin37,Control_202,63.0,C3,-1.68177,80.0,97.0
EDIN,edin37,Control_202,63.0,C4,-7.880816,80.0,97.0
EDIN,edin37,Control_202,63.0,P7,1.218792,80.0,97.0
EDIN,edin37,Control_202,63.0,P8,0.703101,80.0,97.0
EDIN,edin37,Control_202,63.0,O1,-16.88585,80.0,97.0
EDIN,edin37,Control_202,63.0,O2,2.585249,80.0,97.0
EDIN,edin37,Violation_201,72.0,Pz,-2.171459,62.0,70.0
EDIN,edin37,Violation_201,72.0,Cz,6.686772,62.0,70.0
EDIN,edin37,Violation_201,72.0,CP1,4.499863,62.0,70.0
EDIN,edin37,Violation_201,72.0,CP2,4.654965,62.0,70.0
EDIN,edin37,Violation_201,72.0,P3,10.38724,62.0,70.0
EDIN,edin37,Violation_201,72.0,P4,4.241684,62.0,70.0
EDIN,edin37,Violation_201,72.0,C3,6.116907,62.0,70.0
EDIN,edin37,Violation_201,72.0,C4,17.90901,62.0,70.0
EDIN,edin37,Violation_201,72.0,P7,4.288904,62.0,70.0
EDIN,edin37,Violation_201,72.0,P8,3.687875,62.0,70.0
EDIN,edin37,Violation_201,72.0,O1,-2.159993,62.0,70.0
EDIN,edin37,Violation_201,72.0,O2,3.987908,62.0,70.0
EDIN,edin37,Violation_201,64.0,Pz,10.70655,63.0,83.0
EDIN,edin37,Violation_201,64.0,Cz,7.304197,63.0,83.0
EDIN,edin37,Violation_201,64.0,CP1,5.218221,63.0,83.0
EDIN,edin37,Violation_201,64.0,CP2,8.745581,63.0,83.0
EDIN,edin37,Violation_201,64.0,P3,15.49479,63.0,83.0
EDIN,edin37,Violation_201,64.0,P4,2.547724,63.0,83.0
EDIN,edin37,Violation_201,64.0,C3,8.82251,63.0,83.0
EDIN,edin37,Violation_201,64.0,C4,9.554838,63.0,83.0
EDIN,edin37,Violation_201,64.0,P7,3.792895,63.0,83.0
EDIN,edin37,Violation_201,64.0,P8,2.345885,63.0,83.0
EDIN,edin37,Violation_201,64.0,O1,-11.94659,63.0,83.0
EDIN,edin37,Violation_201,64.0,O2,2.680714,63.0,83.0
EDIN,edin37,Control_202,67.0,Pz,-10.80369,66.0,23.0
EDIN,edin37,Control_202,67.0,Cz,1.512764,66.0,23.0
EDIN,edin37,Control_202,67.0,CP1,-18.33139,66.0,23.0
EDIN,edin37,Control_202,67.0,CP2,4.213601,66.0,23.0
EDIN,edin37,Control_202,67.0,P3,-13.30218,66.0,23.0
EDIN,edin37,Control_202,67.0,P4,-7.73757,66.0,23.0
EDIN,edin37,Control_202,67.0,C3,-16.93559,66.0,23.0
EDIN,edin37,Control_202,67.0,C4,-15.22573,66.0,23.0
EDIN,edin37,Control_202,67.0,P7,-5.771916,66.0,23.0
EDIN,edin37,Control_202,67.0,P8,-7.664708,66.0,23.0
EDIN,edin37,Control_202,67.0,O1,5.698958,66.0,23.0
EDIN,edin37,Control_202,67.0,O2,-7.788175,66.0,23.0
EDIN,edin37,Violation_201,76.0,Pz,7.612013,68.0,27.0
EDIN,edin37,Violation_201,76.0,Cz,-7.525936,68.0,27.0
EDIN,edin37,Violation_201,76.0,CP1,-4.325949,68.0,27.0
EDIN,edin37,Violation_201,76.0,CP2,-2.186868,68.0,27.0
EDIN,edin37,Violation_201,76.0,P3,-4.261659,68.0,27.0
EDIN,edin37,Violation_201,76.0,P4,4.61328,68.0,27.0
EDIN,edin37,Violation_201,76.0,C3,-2.261544,68.0,27.0
EDIN,edin37,Violation_201,76.0,C4,2.586437,68.0,27.0
EDIN,edin37,Violation_201,76.0,P7,-1.325944,68.0,27.0
EDIN,edin37,Violation_201,76.0,P8,4.375911,68.0,27.0
EDIN,edin37,Violation_201,76.0,O1,7.135406,68.0,27.0
EDIN,edin37,Violation_201,76.0,O2,4.438267,68.0,27.0
EDIN,edin37,Violation_201,68.0,Pz,-6.165473,77.0,100.0
EDIN,edin37,Violation_201,68.0,Cz,-15.23345,77.0,100.0
EDIN,edin37,Violation_201,68.0,CP1,-8.13942,77.0,100.0
EDIN,edin37,Violation_201,68.0,CP2,-13.65216,77.0,100.0
EDIN,edin37,Violation_201,68.0,P3,10.38179,77.0,100.0
EDIN,edin37,Violation_201,68.0,P4,-2.317158,77.0,100.0
EDIN,edin37,Violation_201,68.0,C3,-3.058741,77.0,100.0
EDIN,edin37,Violation_201,68.0,C4,-13.56902,77.0,100.0
EDIN,edin37,Violation_201,68.0,P7,-0.1218084,77.0,100.0
EDIN,edin37,Violation_201,68.0,P8,-2.789899,77.0,100.0
EDIN,edin37,Violation_201,68.0,O1,-2.890907,77.0,100.0
EDIN,edin37,Violation_201,68.0,O2,-1.264921,77.0,100.0
EDIN,edin37,Control_202,79.0,Pz,10.49976,75.0,60.0
EDIN,edin37,Control_202,79.0,Cz,18.61553,75.0,60.0
EDIN,edin37,Control_202,79.0,CP1,15.9122,75.0,60.0
EDIN,edin37,Control_202,79.0,CP2,9.121729,75.0,60.0
EDIN,edin37,Control_202,79.0,P3,12.51137,75.0,60.0
EDIN,edin37,Control_202,79.0,P4,13.01698,75.0,60.0
EDIN,edin37,Control_202,79.0,C3,10.42456,75.0,60.0
EDIN,edin37,Control_202,79.0,C4,13.34605,75.0,60.0
EDIN,edin37,Control_202,79.0,P7,1.008085,75.0,60.0
EDIN,edin37,Control_202,79.0,P8,12.98547,75.0,60.0
EDIN,edin37,Control_202,79.0,O1,14.19237,75.0,60.0
EDIN,edin37,Control_202,79.0,O2,13.34387,75.0,60.0
EDIN,edin37,Control_202,75.0,Pz,-10.40297,73.0,80.0
EDIN,edin37,Control_202,75.0,Cz,10.28031,73.0,80.0
EDIN,edin37,Control_202,75.0,CP1,-1.852655,73.0,80.0
EDIN,edin37,Control_202,75.0,CP2,4.242968,73.0,80.0
EDIN,edin37,Control_202,75.0,P3,-10.57328,73.0,80.0
EDIN,edin37,Control_202,75.0,P4,-11.00529,73.0,80.0
EDIN,edin37,Control_202,75.0,C3,-0.4630753,73.0,80.0
EDIN,edin37,Control_202,75.0,C4,-3.185483,73.0,80.0
EDIN,edin37,Control_202,75.0,P7,-12.16898,73.0,80.0
EDIN,edin37,Control_202,75.0,P8,-11.66821,73.0,80.0
EDIN,edin37,Control_202,75.0,O1,-22.294,73.0,80.0
EDIN,edin37,Control_202,75.0,O2,-11.87352,73.0,80.0
EDIN,edin38,Control_202,19.0,Pz,-1.519177,16.0,93.0
EDIN,edin38,Control_202,19.0,Cz,-2.676296,16.0,93.0
EDIN,edin38,Control_202,19.0,CP1,-12.37238,16.0,93.0
EDIN,edin38,Control_202,19.0,CP2,-10.95933,16.0,93.0
EDIN,edin38,Control_202,19.0,P3,-34.03644,16.0,93.0
EDIN,edin38,Control_202,19.0,P4,-6.98426,16.0,93.0
EDIN,edin38,Control_202,19.0,C3,-27.46862,16.0,93.0
EDIN,edin38,Control_202,19.0,C4,-18.51654,16.0,93.0
EDIN,edin38,Control_202,19.0,P7,-7.384581,16.0,93.0
EDIN,edin38,Control_202,19.0,P8,-4.83539,16.0,93.0
EDIN,edin38,Control_202,19.0,O1,-25.45499,16.0,93.0
EDIN,edin38,Control_202,19.0,O2,-6.793108,16.0,93.0
EDIN,edin38,Violation_201,12.0,Pz,19.00135,5.0,93.0
EDIN,edin38,Violation_201,12.0,Cz,18.86425,5.0,93.0
EDIN,edin38,Violation_201,12.0,CP1,16.24878,5.0,93.0
EDIN,edin38,Violation_201,12.0,CP2,14.1289,5.0,93.0
EDIN,edin38,Violation_201,12.0,P3,14.83667,5.0,93.0
EDIN,edin38,Violation_201,12.0,P4,6.624109,5.0,93.0
EDIN,edin38,Violation_201,12.0,C3,17.17711,5.0,93.0
EDIN,edin38,Violation_201,12.0,C4,12.60053,5.0,93.0
EDIN,edin38,Violation_201,12.0,P7,28.80649,5.0,93.0
EDIN,edin38,Violation_201,12.0,P8,13.41497,5.0,93.0
EDIN,edin38,Violation_201,12.0,O1,22.46614,5.0,93.0
EDIN,edin38,Violation_201,12.0,O2,18.2522,5.0,93.0
EDIN,edin38,Violation_201,20.0,Pz,-34.0209,13.0,97.0
EDIN,edin38,Violation_201,20.0,Cz,-15.06288,13.0,97.0
EDIN,edin38,Violation_201,20.0,CP1,-22.07726,13.0,97.0
EDIN,edin38,Violation_201,20.0,CP2,-29.257,13.0,97.0
EDIN,edin38,Violation_201,20.0,P3,-36.49942,13.0,97.0
EDIN,edin38,Violation_201,20.0,P4,-31.11856,13.0,97.0
EDIN,edin38,Violation_201,20.0,C3,-34.77382,13.0,97.0
EDIN,edin38,Violation_201,20.0,C4,-26.68321,13.0,97.0
EDIN,edin38,Violation_201,20.0,P7,-1.885634,13.0,97.0
EDIN,edin38,Violation_201,20.0,P8,-12.57717,13.0,97.0
EDIN,edin38,Violation_201,20.0,O1,6.665289,13.0,97.0
EDIN,edin38,Violation_201,20.0,O2,-20.56543,13.0,97.0
EDIN,edin38,Control_202,11.0,Pz,-26.20702,8.0,97.0
EDIN,edin38,Control_202,11.0,Cz,-33.40195,8.0,97.0
EDIN,edin38,Control_202,11.0,CP1,-26.40691,8.0,97.0
EDIN,edin38,Control_202,11.0,CP2,-33.30138,8.0,97.0
EDIN,edin38,Control_202,11.0,P3,-27.17575,8.0,97.0
EDIN,edin38,Control_202,11.0,P4,-23.3208,8.0,97.0
EDIN,edin38,Control_202,11.0,C3,-44.88491,8.0,97.0
EDIN,edin38,Control_202,11.0,C4,-30.68658,8.0,97.0
EDIN,edin38,Control_202,11.0,P7,-4.982013,8.0,97.0
EDIN,edin38,Control_202,11.0,P8,-18.68988,8.0,97.0
EDIN,edin38,Control_202,11.0,O1,2.400651,8.0,97.0
EDIN,edin38,Control_202,11.0,O2,-18.96134,8.0,97.0
EDIN,edin38,Violation_201,8.0,Pz,5.927796,20.0,90.0
EDIN,edin38,Violation_201,8.0,Cz,2.288097,20.0,90.0
EDIN,edin38,Violation_201,8.0,CP1,9.395799,20.0,90.0
EDIN,edin38,Violation_201,8.0,CP2,0.5460826,20.0,90.0
EDIN,edin38,Violation_201,8.0,P3,15.28025,20.0,90.0
EDIN,edin38,Violation_201,8.0,P4,-6.679653,20.0,90.0
EDIN,edin38,Violation_201,8.0,C3,0.4336559,20.0,90.0
EDIN,edin38,Violation_201,8.0,C4,-0.706897,20.0,90.0
EDIN,edin38,Violation_201,8.0,P7,19.59237,20.0,90.0
EDIN,edin38,Violation_201,8.0,P8,15.47646,20.0,90.0
EDIN,edin38,Violation_201,8.0,O1,-32.71322,20.0,90.0
EDIN,edin38,Violation_201,8.0,O2,3.696185,20.0,90.0
EDIN,edin38,Violation_201,4.0,Pz,11.68709,12.0,100.0
EDIN,edin38,Violation_201,4.0,Cz,0.1062054,12.0,100.0
EDIN,edin38,Violation_201,4.0,CP1,-0.1241567,12.0,100.0
EDIN,edin38,Violation_201,4.0,CP2,0.3120481,12.0,100.0
EDIN,edin38,Violation_201,4.0,P3,-13.8107,12.0,100.0
EDIN,edin38,Violation_201,4.0,P4,3.272494,12.0,100.0
EDIN,edin38,Violation_201,4.0,C3,-14.30548,12.0,100.0
EDIN,edin38,Violation_201,4.0,C4,-4.447413,12.0,100.0
EDIN,edin38,Violation_201,4.0,P7,-4.81176,12.0,100.0
EDIN,edin38,Violation_201,4.0,P8,-5.786886,12.0,100.0
EDIN,edin38,Violation_201,4.0,O1,33.31313,12.0,100.0
EDIN,edin38,Violation_201,4.0,O2,-3.905683,12.0,100.0
EDIN,edin38,Control_202,15.0,Pz,1.109295,14.0,90.0
EDIN,edin38,Control_202,15.0,Cz,3.44981,14.0,90.0
EDIN,edin38,Control_202,15.0,CP1,6.525453,14.0,90.0
EDIN,edin38,Control_202,15.0,CP2,-1.743134,14.0,90.0
EDIN,edin38,Control_202,15.0,P3,9.739244,14.0,90.0
EDIN,edin38,Control_202,15.0,P4,-7.93984,14.0,90.0
EDIN,edin38,Control_202,15.0,C3,25.39551,14.0,90.0
EDIN,edin38,Control_202,15.0,C4,-1.552693,14.0,90.0
EDIN,edin38,Control_202,15.0,P7,11.86559,14.0,90.0
EDIN,edin38,Control_202,15.0,P8,7.520339,14.0,90.0
EDIN,edin38,Control_202,15.0,O1,-16.95434,14.0,90.0
EDIN,edin38,Control_202,15.0,O2,2.177837,14.0,90.0
EDIN,edin38,Violation_201,36.0,Pz,-1.797024,38.0,93.0
EDIN,edin38,Violation_201,36.0,Cz,3.095103,38.0,93.0
EDIN,edin38,Violation_201,36.0,CP1,2.07572,38.0,93.0
EDIN,edin38,Violation_201,36.0,CP2,-0.5210088,38.0,93.0
EDIN,edin38,Violation_201,36.0,P3,2.281539,38.0,93.0
EDIN,edin38,Violation_201,36.0,P4,-11.09524,38.0,93.0
EDIN,edin38,Violation_201,36.0,C3,7.127414,38.0,93.0
EDIN,edin38,Violation_201,36.0,C4,-2.831119,38.0,93.0
EDIN,edin38,Violation_201,36.0,P7,2.909124,38.0,93.0
EDIN,edin38,Violation_201,36.0,P8,6.929701,38.0,93.0
EDIN,edin38,Violation_201,36.0,O1,14.02341,38.0,93.0
EDIN,edin38,Violation_201,36.0,O2,-0.09125087,38.0,93.0
EDIN,edin38,Control_202,39.0,Pz,6.956165,34.0,97.0
EDIN,edin38,Control_202,39.0,Cz,14.57487,34.0,97.0
EDIN,edin38,Control_202,39.0,CP1,17.36102,34.0,97.0
EDIN,edin38,Control_202,39.0,CP2,13.98101,34.0,97.0
EDIN,edin38,Control_202,39.0,P3,6.12323,34.0,97.0
EDIN,edin38,Control_202,39.0,P4,13.70857,34.0,97.0
EDIN,edin38,Control_202,39.0,C3,-44.62177,34.0,97.0
EDIN,edin38,Control_202,39.0,C4,8.877824,34.0,97.0
EDIN,edin38,Control_202,39.0,P7,37.71123,34.0,97.0
EDIN,edin38,Control_202,39.0,P8,7.688707,34.0,97.0
EDIN,edin38,Control_202,39.0,O1,43.70123,34.0,97.0
EDIN,edin38,Control_202,39.0,O2,4.851736,34.0,97.0
EDIN,edin38,Violation_201,40.0,Pz,21.21499,31.0,77.0
EDIN,edin38,Violation_201,40.0,Cz,15.90443,31.0,77.0
EDIN,edin38,Violation_201,40.0,CP1,4.071004,31.0,77.0
EDIN,edin38,Violation_201,40.0,CP2,12.8122,31.0,77.0
EDIN,edin38,Violation_201,40.0,P3,6.290139,31.0,77.0
EDIN,edin38,Violation_201,40.0,P4,7.502561,31.0,77.0
EDIN,edin38,Violation_201,40.0,C3,7.570955,31.0,77.0
EDIN,edin38,Violation_201,40.0,C4,15.93419,31.0,77.0
EDIN,edin38,Violation_201,40.0,P7,-15.0247,31.0,77.0
EDIN,edin38,Violation_201,40.0,P8,12.89524,31.0,77.0
EDIN,edin38,Violation_201,40.0,O1,2.282728,31.0,77.0
EDIN,edin38,Violation_201,40.0,O2,8.520309,31.0,77.0
EDIN,edin38,Control_202,27.0,Pz,-34.958,26.0,87.0
EDIN,edin38,Control_202,27.0,Cz,-20.5013,26.0,87.0
EDIN,edin38,Control_202,27.0,CP1,-25.65368,26.0,87.0
EDIN,edin38,Control_202,27.0,CP2,-21.68257,26.0,87.0
EDIN,edin38,Control_202,27.0,P3,-45.91917,26.0,87.0
EDIN,edin38,Control_202,27.0,P4,-34.92906,26.0,87.0
EDIN,edin38,Control_202,27.0,C3,-1.130275,26.0,87.0
EDIN,edin38,Control_202,27.0,C4,-11.58233,26.0,87.0
EDIN,edin38,Control_202,27.0,P7,-52.46117,26.0,87.0
EDIN,edin38,Control_202,27.0,P8,-14.92758,26.0,87.0
EDIN,edin38,Control_202,27.0,O1,-46.98529,26.0,87.0
EDIN,edin38,Control_202,27.0,O2,-20.60106,26.0,87.0
EDIN,edin38,Control_202,35.0,Pz,-25.93094,32.0,80.0
EDIN,edin38,Control_202,35.0,Cz,-11.57314,32.0,80.0
EDIN,edin38,Control_202,35.0,CP1,-15.51707,32.0,80.0
EDIN,edin38,Control_202,35.0,CP2,-16.27195,32.0,80.0
EDIN,edin38,Control_202,35.0,P3,-15.23016,32.0,80.0
EDIN,edin38,Control_202,35.0,P4,2.473295,32.0,80.0
EDIN,edin38,Control_202,35.0,C3,15.34403,32.0,80.0
EDIN,edin38,Control_202,35.0,C4,-21.73028,32.0,80.0
EDIN,edin38,Control_202,35.0,P7,-6.351728,32.0,80.0
EDIN,edin38,Control_202,35.0,P8,-13.84285,32.0,80.0
EDIN,edin38,Control_202,35.0,O1,-13.02842,32.0,80.0
EDIN,edin38,Control_202,35.0,O2,-11.58232,32.0,80.0
EDIN,edin38,Violation_201,24.0,Pz,7.389541,36.0,77.0
EDIN,edin38,Violation_201,24.0,Cz,5.221375,36.0,77.0
EDIN,edin38,Violation_201,24.0,CP1,9.860238,36.0,77.0
EDIN,edin38,Violation_201,24.0,CP2,18.20543,36.0,77.0
EDIN,edin38,Violation_201,24.0,P3,9.231489,36.0,77.0
EDIN,edin38,Violation_201,24.0,P4,21.49742,36.0,77.0
EDIN,edin38,Violation_201,24.0,C3,8.384262,36.0,77.0
EDIN,edin38,Violation_201,24.0,C4,10.71117,36.0,77.0
EDIN,edin38,Violation_201,24.0,P7,9.282534,36.0,77.0
EDIN,edin38,Violation_201,24.0,P8,7.365408,36.0,77.0
EDIN,edin38,Violation_201,24.0,O1,-1.33905,36.0,77.0
EDIN,edin38,Violation_201,24.0,O2,5.576108,36.0,77.0
EDIN,edin38,Violation_201,32.0,Pz,25.2515,22.0,53.0
EDIN,edin38,Violation_201,32.0,Cz,26.71954,22.0,53.0
EDIN,edin38,Violation_201,32.0,CP1,19.32599,22.0,53.0
EDIN,edin38,Violation_201,32.0,CP2,19.28168,22.0,53.0
EDIN,edin38,Violation_201,32.0,P3,15.78368,22.0,53.0
EDIN,edin38,Violation_201,32.0,P4,17.08535,22.0,53.0
EDIN,edin38,Violation_201,32.0,C3,21.90753,22.0,53.0
EDIN,edin38,Violation_201,32.0,C4,29.66844,22.0,53.0
EDIN,edin38,Violation_201,32.0,P7,15.46852,22.0,53.0
EDIN,edin38,Violation_201,32.0,P8,11.03497,22.0,53.0
EDIN,edin38,Violation_201,32.0,O1,7.317821,22.0,53.0
EDIN,edin38,Violation_201,32.0,O2,10.31206,22.0,53.0
EDIN,edin38,Control_202,31.0,Pz,18.4182,35.0,97.0
EDIN,edin38,Control_202,31.0,Cz,31.156,35.0,97.0
EDIN,edin38,Control_202,31.0,CP1,23.0918,35.0,97.0
EDIN,edin38,Control_202,31.0,CP2,25.51525,35.0,97.0
EDIN,edin38,Control_202,31.0,P3,17.707,35.0,97.0
EDIN,edin38,Control_202,31.0,P4,19.80325,35.0,97.0
EDIN,edin38,Control_202,31.0,C3,23.21219,35.0,97.0
EDIN,edin38,Control_202,31.0,C4,21.62839,35.0,97.0
EDIN,edin38,Control_202,31.0,P7,25.79559,35.0,97.0
EDIN,edin38,Control_202,31.0,P8,16.86815,35.0,97.0
EDIN,edin38,Control_202,31.0,O1,18.50841,35.0,97.0
EDIN,edin38,Control_202,31.0,O2,12.61873,35.0,97.0
EDIN,edin38,Control_202,59.0,Pz,10.79715,45.0,67.0
EDIN,edin38,Control_202,59.0,Cz,-10.73357,45.0,67.0
EDIN,edin38,Control_202,59.0,CP1,7.170872,45.0,67.0
EDIN,edin38,Control_202,59.0,CP2,-12.57609,45.0,67.0
EDIN,edin38,Control_202,59.0,P3,-5.390675,45.0,67.0
EDIN,edin38,Control_202,59.0,P4,-19.0789,45.0,67.0
EDIN,edin38,Control_202,59.0,C3,-6.919933,45.0,67.0
EDIN,edin38,Control_202,59.0,C4,-12.53703,45.0,67.0
EDIN,edin38,Control_202,59.0,P7,3.511939,45.0,67.0
EDIN,edin38,Control_202,59.0,P8,-13.23737,45.0,67.0
EDIN,edin38,Control_202,59.0,O1,-20.01532,45.0,67.0
EDIN,edin38,Control_202,59.0,O2,-8.135119,45.0,67.0
EDIN,edin38,Violation_201,60.0,Pz,-9.757157,57.0,69.0
EDIN,edin38,Violation_201,60.0,Cz,-21.39498,57.0,69.0
EDIN,edin38,Violation_201,60.0,CP1,-16.17493,57.0,69.0
EDIN,edin38,Violation_201,60.0,CP2,-16.04596,57.0,69.0
EDIN,edin38,Violation_201,60.0,P3,-11.32338,57.0,69.0
EDIN,edin38,Violation_201,60.0,P4,-3.58859,57.0,69.0
EDIN,edin38,Violation_201,60.0,C3,-4.723682,57.0,69.0
EDIN,edin38,Violation_201,60.0,C4,-24.38324,57.0,69.0
EDIN,edin38,Violation_201,60.0,P7,-25.00106,57.0,69.0
EDIN,edin38,Violation_201,60.0,P8,-7.063237,57.0,69.0
EDIN,edin38,Violation_201,60.0,O1,8.463308,57.0,69.0
EDIN,edin38,Violation_201,60.0,O2,-9.977518,57.0,69.0
EDIN,edin38,Control_202,55.0,Pz,-3.038381,56.0,93.0
EDIN,edin38,Control_202,55.0,Cz,-3.270744,56.0,93.0
EDIN,edin38,Control_202,55.0,CP1,11.91024,56.0,93.0
EDIN,edin38,Control_202,55.0,CP2,9.733926,56.0,93.0
EDIN,edin38,Control_202,55.0,P3,15.60894,56.0,93.0
EDIN,edin38,Control_202,55.0,P4,5.407027,56.0,93.0
EDIN,edin38,Control_202,55.0,C3,1.753661,56.0,93.0
EDIN,edin38,Control_202,55.0,C4,13.2343,56.0,93.0
EDIN,edin38,Control_202,55.0,P7,-6.27769,56.0,93.0
EDIN,edin38,Control_202,55.0,P8,-32.62287,56.0,93.0
EDIN,edin38,Control_202,55.0,O1,22.40778,56.0,93.0
EDIN,edin38,Control_202,55.0,O2,8.604023,56.0,93.0
EDIN,edin38,Violation_201,43.0,Pz,-6.16006,46.0,63.0
EDIN,edin38,Violation_201,43.0,Cz,-10.16727,46.0,63.0
EDIN,edin38,Violation_201,43.0,CP1,-15.48613,46.0,63.0
EDIN,edin38,Violation_201,43.0,CP2,-14.90744,46.0,63.0
EDIN,edin38,Violation_201,43.0,P3,-6.281124,46.0,63.0
EDIN,edin38,Violation_201,43.0,P4,-4.108841,46.0,63.0
EDIN,edin38,Violation_201,43.0,C3,-17.24533,46.0,63.0
EDIN,edin38,Violation_201,43.0,C4,-9.526688,46.0,63.0
EDIN,edin38,Violation_201,43.0,P7,-10.80192,46.0,63.0
EDIN,edin38,Violation_201,43.0,P8,0.3107163,46.0,63.0
EDIN,edin38,Violation_201,43.0,O1,17.99339,46.0,63.0
EDIN,edin38,Violation_201,43.0,O2,-15.96367,46.0,63.0
EDIN,edin38,Violation_201,52.0,Pz,-13.76259,58.0,73.0
EDIN,edin38,Violation_201,52.0,Cz,-15.31999,58.0,73.0
EDIN,edin38,Violation_201,52.0,CP1,-6.605854,58.0,73.0
EDIN,edin38,Violation_201,52.0,CP2,-9.95229,58.0,73.0
EDIN,edin38,Violation_201,52.0,P3,-7.256198,58.0,73.0
EDIN,edin38,Violation_201,52.0,P4,6.499612,58.0,73.0
EDIN,edin38,Violation_201,52.0,C3,-0.2916563,58.0,73.0
EDIN,edin38,Violation_201,52.0,C4,-4.463346,58.0,73.0
EDIN,edin38,Violation_201,52.0,P7,6.594168,58.0,73.0
EDIN,edin38,Violation_201,52.0,P8,1.747582,58.0,73.0
EDIN,edin38,Violation_201,52.0,O1,-22.39646,58.0,73.0
EDIN,edin38,Violation_201,52.0,O2,-4.89573,58.0,73.0
EDIN,edin38,Control_202,44.0,Pz,16.70117,50.0,37.0
EDIN,edin38,Control_202,44.0,Cz,3.089901,50.0,37.0
EDIN,edin38,Control_202,44.0,CP1,8.2161,50.0,37.0
EDIN,edin38,Control_202,44.0,CP2,0.8857279,50.0,37.0
EDIN,edin38,Control_202,44.0,P3,4.512838,50.0,37.0
EDIN,edin38,Control_202,44.0,P4,-6.152912,50.0,37.0
EDIN,edin38,Control_202,44.0,C3,-2.222906,50.0,37.0
EDIN,edin38,Control_202,44.0,C4,-4.338405,50.0,37.0
EDIN,edin38,Control_202,44.0,P7,-10.10669,50.0,37.0
EDIN,edin38,Control_202,44.0,P8,0.9799079,50.0,37.0
EDIN,edin38,Control_202,44.0,O1,10.2961,50.0,37.0
EDIN,edin38,Control_202,44.0,O2,1.463044,50.0,37.0
EDIN,edin38,Violation_201,48.0,Pz,-14.34357,43.0,93.0
EDIN,edin38,Violation_201,48.0,Cz,0.9853376,43.0,93.0
EDIN,edin38,Violation_201,48.0,CP1,-7.954526,43.0,93.0
EDIN,edin38,Violation_201,48.0,CP2,-9.703936,43.0,93.0
EDIN,edin38,Violation_201,48.0,P3,-7.165712,43.0,93.0
EDIN,edin38,Violation_201,48.0,P4,-19.49058,43.0,93.0
EDIN,edin38,Violation_201,48.0,C3,-6.881941,43.0,93.0
EDIN,edin38,Violation_201,48.0,C4,-7.19901,43.0,93.0
EDIN,edin38,Violation_201,48.0,P7,5.788337,43.0,93.0
EDIN,edin38,Violation_201,48.0,P8,-9.743654,43.0,93.0
EDIN,edin38,Violation_201,48.0,O1,7.663215,43.0,93.0
EDIN,edin38,Violation_201,48.0,O2,-10.87026,43.0,93.0
EDIN,edin38,Violation_201,56.0,Pz,-17.13865,42.0,37.0
EDIN,edin38,Violation_201,56.0,Cz,-14.32022,42.0,37.0
EDIN,edin38,Violation_201,56.0,CP1,-8.277484,42.0,37.0
EDIN,edin38,Violation_201,56.0,CP2,-18.60342,42.0,37.0
EDIN,edin38,Violation_201,56.0,P3,-3.501418,42.0,37.0
EDIN,edin38,Violation_201,56.0,P4,-24.05459,42.0,37.0
EDIN,edin38,Violation_201,56.0,C3,-39.36169,42.0,37.0
EDIN,edin38,Violation_201,56.0,C4,-16.77203,42.0,37.0
EDIN,edin38,Violation_201,56.0,P7,14.11077,42.0,37.0
EDIN,edin38,Violation_201,56.0,P8,-10.49803,42.0,37.0
EDIN,edin38,Violation_201,56.0,O1,59.33988,42.0,37.0
EDIN,edin38,Violation_201,56.0,O2,-7.668437,42.0,37.0
EDIN,edin38,Control_202,47.0,Pz,-5.374697,55.0,93.0
EDIN,edin38,Control_202,47.0,Cz,4.866847,55.0,93.0
EDIN,edin38,Control_202,47.0,CP1,9.563932,55.0,93.0
EDIN,edin38,Control_202,47.0,CP2,1.239882,55.0,93.0
EDIN,edin38,Control_202,47.0,P3,3.000909,55.0,93.0
EDIN,edin38,Control_202,47.0,P4,-10.0354,55.0,93.0
EDIN,edin38,Control_202,47.0,C3,0.4718051,55.0,93.0
EDIN,edin38,Control_202,47.0,C4,8.563108,55.0,93.0
EDIN,edin38,Control_202,47.0,P7,-10.52673,55.0,93.0
EDIN,edin38,Control_202,47.0,P8,-9.860455,55.0,93.0
EDIN,edin38,Control_202,47.0,O1,-31.29941,55.0,93.0
EDIN,edin38,Control_202,47.0,O2,-4.207472,55.0,93.0
EDIN,edin38,Violation_201,72.0,Pz,-2.273597,80.0,97.0
EDIN,edin38,Violation_201,72.0,Cz,0.5596714,80.0,97.0
EDIN,edin38,Violation_201,72.0,CP1,1.128755,80.0,97.0
EDIN,edin38,Violation_201,72.0,CP2,-4.591192,80.0,97.0
EDIN,edin38,Violation_201,72.0,P3,-0.08874068,80.0,97.0
EDIN,edin38,Violation_201,72.0,P4,-17.83853,80.0,97.0
EDIN,edin38,Violation_201,72.0,C3,-1.525585,80.0,97.0
EDIN,edin38,Violation_201,72.0,C4,-2.320954,80.0,97.0
EDIN,edin38,Violation_201,72.0,P7,-0.526686,80.0,97.0
EDIN,edin38,Violation_201,72.0,P8,-6.985853,80.0,97.0
EDIN,edin38,Violation_201,72.0,O1,14.57332,80.0,97.0
EDIN,edin38,Violation_201,72.0,O2,-9.833517,80.0,97.0
EDIN,edin38,Control_202,67.0,Pz,13.6456,68.0,27.0
EDIN,edin38,Control_202,67.0,Cz,15.87549,68.0,27.0
EDIN,edin38,Control_202,67.0,CP1,32.22354,68.0,27.0
EDIN,edin38,Control_202,67.0,CP2,12.01196,68.0,27.0
EDIN,edin38,Control_202,67.0,P3,-5.671463,68.0,27.0
EDIN,edin38,Control_202,67.0,P4,6.459144,68.0,27.0
EDIN,edin38,Control_202,67.0,C3,-3.086119,68.0,27.0
EDIN,edin38,Control_202,67.0,C4,17.02383,68.0,27.0
EDIN,edin38,Control_202,67.0,P7,2.751123,68.0,27.0
EDIN,edin38,Control_202,67.0,P8,12.67558,68.0,27.0
EDIN,edin38,Control_202,67.0,O1,44.10683,68.0,27.0
EDIN,edin38,Control_202,67.0,O2,8.058334,68.0,27.0
EDIN,edin38,Violation_201,68.0,Pz,-2.745502,66.0,23.0
EDIN,edin38,Violation_201,68.0,Cz,-15.24308,66.0,23.0
EDIN,edin38,Violation_201,68.0,CP1,-5.943547,66.0,23.0
EDIN,edin38,Violation_201,68.0,CP2,-7.597149,66.0,23.0
EDIN,edin38,Violation_201,68.0,P3,-4.399286,66.0,23.0
EDIN,edin38,Violation_201,68.0,P4,15.60129,66.0,23.0
EDIN,edin38,Violation_201,68.0,C3,-10.92648,66.0,23.0
EDIN,edin38,Violation_201,68.0,C4,0.9393353,66.0,23.0
EDIN,edin38,Violation_201,68.0,P7,-21.23362,66.0,23.0
EDIN,edin38,Violation_201,68.0,P8,-5.569742,66.0,23.0
EDIN,edin38,Violation_201,68.0,O1,0.1889074,66.0,23.0
EDIN,edin38,Violation_201,68.0,O2,-1.151327,66.0,23.0
EDIN,edin38,Control_202,63.0,Pz,-8.292586,70.0,57.0
EDIN,edin38,Control_202,63.0,Cz,-3.940655,70.0,57.0
EDIN,edin38,Control_202,63.0,CP1,-17.05717,70.0,57.0
EDIN,edin38,Control_202,63.0,CP2,-10.9414,70.0,57.0
EDIN,edin38,Control_202,63.0,P3,-5.815088,70.0,57.0
EDIN,edin38,Control_202,63.0,P4,2.011613,70.0,57.0
EDIN,edin38,Control_202,63.0,C3,-17.33486,70.0,57.0
EDIN,edin38,Control_202,63.0,C4,-0.2870494,70.0,57.0
EDIN,edin38,Control_202,63.0,P7,14.01857,70.0,57.0
EDIN,edin38,Control_202,63.0,P8,-3.78652,70.0,57.0
EDIN,edin38,Control_202,63.0,O1,-27.49209,70.0,57.0
EDIN,edin38,Control_202,63.0,O2,5.276091,70.0,57.0
EDIN,edin38,Violation_201,80.0,Pz,7.755914,75.0,60.0
EDIN,edin38,Violation_201,80.0,Cz,23.09705,75.0,60.0
EDIN,edin38,Violation_201,80.0,CP1,26.85297,75.0,60.0
EDIN,edin38,Violation_201,80.0,CP2,16.61053,75.0,60.0
EDIN,edin38,Violation_201,80.0,P3,11.97003,75.0,60.0
EDIN,edin38,Violation_201,80.0,P4,14.03623,75.0,60.0
EDIN,edin38,Violation_201,80.0,C3,24.48632,75.0,60.0
EDIN,edin38,Violation_201,80.0,C4,19.40357,75.0,60.0
EDIN,edin38,Violation_201,80.0,P7,-2.010573,75.0,60.0
EDIN,edin38,Violation_201,80.0,P8,15.55825,75.0,60.0
EDIN,edin38,Violation_201,80.0,O1,31.9302,75.0,60.0
EDIN,edin38,Violation_201,80.0,O2,13.96476,75.0,60.0
EDIN,edin38,Violation_201,64.0,Pz,-1.422449,65.0,93.0
EDIN,edin38,Violation_201,64.0,Cz,-7.346159,65.0,93.0
EDIN,edin38,Violation_201,64.0,CP1,-3.513043,65.0,93.0
EDIN,edin38,Violation_201,64.0,CP2,-7.516315,65.0,93.0
EDIN,edin38,Violation_201,64.0,P3,-12.65899,65.0,93.0
EDIN,edin38,Violation_201,64.0,P4,5.479211,65.0,93.0
EDIN,edin38,Violation_201,64.0,C3,-22.70012,65.0,93.0
EDIN,edin38,Violation_201,64.0,C4,-18.87336,65.0,93.0
EDIN,edin38,Violation_201,64.0,P7,-5.64142,65.0,93.0
EDIN,edin38,Violation_201,64.0,P8,-9.277802,65.0,93.0
EDIN,edin38,Violation_201,64.0,O1,-24.66209,65.0,93.0
EDIN,edin38,Violation_201,64.0,O2,-11.1283,65.0,93.0
EDIN,edin38,Violation_201,76.0,Pz,-7.073833,62.0,70.0
EDIN,edin38,Violation_201,76.0,Cz,-10.56451,62.0,70.0
EDIN,edin38,Violation_201,76.0,CP1,-11.73276,62.0,70.0
EDIN,edin38,Violation_201,76.0,CP2,-12.90465,62.0,70.0
EDIN,edin38,Violation_201,76.0,P3,-14.93614,62.0,70.0
EDIN,edin38,Violation_201,76.0,P4,-0.05411836,62.0,70.0
EDIN,edin38,Violation_201,76.0,C3,-23.25315,62.0,70.0
EDIN,edin38,Violation_201,76.0,C4,7.839597,62.0,70.0
EDIN,edin38,Violation_201,76.0,P7,-23.11818,62.0,70.0
EDIN,edin38,Violation_201,76.0,P8,-2.419284,62.0,70.0
EDIN,edin38,Violation_201,76.0,O1,42.54529,62.0,70.0
EDIN,edin38,Violation_201,76.0,O2,-5.640927,62.0,70.0
EDIN,edin38,Control_202,71.0,Pz,28.70815,61.0,34.0
EDIN,edin38,Control_202,71.0,Cz,33.10807,61.0,34.0
EDIN,edin38,Control_202,71.0,CP1,47.70655,61.0,34.0
EDIN,edin38,Control_202,71.0,CP2,30.51019,61.0,34.0
EDIN,edin38,Control_202,71.0,P3,48.53688,61.0,34.0
EDIN,edin38,Control_202,71.0,P4,38.67069,61.0,34.0
EDIN,edin38,Control_202,71.0,C3,35.65871,61.0,34.0
EDIN,edin38,Control_202,71.0,C4,35.66717,61.0,34.0
EDIN,edin38,Control_202,71.0,P7,17.51416,61.0,34.0
EDIN,edin38,Control_202,71.0,P8,27.81842,61.0,34.0
EDIN,edin38,Control_202,71.0,O1,21.64878,61.0,34.0
EDIN,edin38,Control_202,71.0,O2,28.09598,61.0,34.0
EDIN,edin38,Control_202,79.0,Pz,1.450266,79.0,97.0
EDIN,edin38,Control_202,79.0,Cz,17.90853,79.0,97.0
EDIN,edin38,Control_202,79.0,CP1,2.308366,79.0,97.0
EDIN,edin38,Control_202,79.0,CP2,16.09284,79.0,97.0
EDIN,edin38,Control_202,79.0,P3,7.358019,79.0,97.0
EDIN,edin38,Control_202,79.0,P4,6.011507,79.0,97.0
EDIN,edin38,Control_202,79.0,C3,4.261467,79.0,97.0
EDIN,edin38,Control_202,79.0,C4,11.6748,79.0,97.0
EDIN,edin38,Control_202,79.0,P7,-8.462141,79.0,97.0
EDIN,edin38,Control_202,79.0,P8,10.937,79.0,97.0
EDIN,edin38,Control_202,79.0,O1,48.24876,79.0,97.0
EDIN,edin38,Control_202,79.0,O2,14.96081,79.0,97.0
EDIN,edin38,Control_202,75.0,Pz,-6.817351,76.0,90.0
EDIN,edin38,Control_202,75.0,Cz,-17.32266,76.0,90.0
EDIN,edin38,Control_202,75.0,CP1,-1.273499,76.0,90.0
EDIN,edin38,Control_202,75.0,CP2,-5.784174,76.0,90.0
EDIN,edin38,Control_202,75.0,P3,5.350185,76.0,90.0
EDIN,edin38,Control_202,75.0,P4,-7.179976,76.0,90.0
EDIN,edin38,Control_202,75.0,C3,-2.846883,76.0,90.0
EDIN,edin38,Control_202,75.0,C4,-18.97975,76.0,90.0
EDIN,edin38,Control_202,75.0,P7,-7.066773,76.0,90.0
EDIN,edin38,Control_202,75.0,P8,-13.90364,76.0,90.0
EDIN,edin38,Control_202,75.0,O1,-64.22057,76.0,90.0
EDIN,edin38,Control_202,75.0,O2,-10.64518,76.0,90.0
EDIN,edin39,Violation_201,14.0,Pz,-29.36098,17.0,62.0
EDIN,edin39,Violation_201,14.0,Cz,-25.09596,17.0,62.0
EDIN,edin39,Violation_201,14.0,CP1,-30.46756,17.0,62.0
EDIN,edin39,Violation_201,14.0,CP2,-29.31708,17.0,62.0
EDIN,edin39,Violation_201,14.0,P3,-19.88178,17.0,62.0
EDIN,edin39,Violation_201,14.0,P4,-32.36006,17.0,62.0
EDIN,edin39,Violation_201,14.0,C3,-19.43506,17.0,62.0
EDIN,edin39,Violation_201,14.0,C4,-31.4636,17.0,62.0
EDIN,edin39,Violation_201,14.0,P7,-12.36942,17.0,62.0
EDIN,edin39,Violation_201,14.0,P8,-19.44734,17.0,62.0
EDIN,edin39,Violation_201,14.0,O1,-17.94449,17.0,62.0
EDIN,edin39,Violation_201,14.0,O2,-34.44664,17.0,62.0
EDIN,edin39,Violation_201,10.0,Pz,4.361905,9.0,93.0
EDIN,edin39,Violation_201,10.0,Cz,-11.73889,9.0,93.0
EDIN,edin39,Violation_201,10.0,CP1,-11.5047,9.0,93.0
EDIN,edin39,Violation_201,10.0,CP2,0.1032672,9.0,93.0
EDIN,edin39,Violation_201,10.0,P3,-2.194681,9.0,93.0
EDIN,edin39,Violation_201,10.0,P4,6.148696,9.0,93.0
EDIN,edin39,Violation_201,10.0,C3,-10.55856,9.0,93.0
EDIN,edin39,Violation_201,10.0,C4,-19.76704,9.0,93.0
EDIN,edin39,Violation_201,10.0,P7,-10.26849,9.0,93.0
EDIN,edin39,Violation_201,10.0,P8,2.447345,9.0,93.0
EDIN,edin39,Violation_201,10.0,O1,6.94459,9.0,93.0
EDIN,edin39,Violation_201,10.0,O2,17.58064,9.0,93.0
EDIN,edin39,Control_202,1.0,Pz,23.5939,14.0,90.0
EDIN,edin39,Control_202,1.0,Cz,22.7259,14.0,90.0
EDIN,edin39,Control_202,1.0,CP1,20.30131,14.0,90.0
EDIN,edin39,Control_202,1.0,CP2,17.96754,14.0,90.0
EDIN,edin39,Control_202,1.0,P3,12.85925,14.0,90.0
EDIN,edin39,Control_202,1.0,P4,25.53855,14.0,90.0
EDIN,edin39,Control_202,1.0,C3,25.93812,14.0,90.0
EDIN,edin39,Control_202,1.0,C4,14.49676,14.0,90.0
EDIN,edin39,Control_202,1.0,P7,5.028695,14.0,90.0
EDIN,edin39,Control_202,1.0,P8,18.04701,14.0,90.0
EDIN,edin39,Control_202,1.0,O1,5.301778,14.0,90.0
EDIN,edin39,Control_202,1.0,O2,13.38951,14.0,90.0
EDIN,edin39,Violation_201,18.0,Pz,26.27687,5.0,93.0
EDIN,edin39,Violation_201,18.0,Cz,26.10077,5.0,93.0
EDIN,edin39,Violation_201,18.0,CP1,21.58959,5.0,93.0
EDIN,edin39,Violation_201,18.0,CP2,32.13794,5.0,93.0
EDIN,edin39,Violation_201,18.0,P3,11.9892,5.0,93.0
EDIN,edin39,Violation_201,18.0,P4,17.8742,5.0,93.0
EDIN,edin39,Violation_201,18.0,C3,27.2694,5.0,93.0
EDIN,edin39,Violation_201,18.0,C4,24.53833,5.0,93.0
EDIN,edin39,Violation_201,18.0,P7,9.21461,5.0,93.0
EDIN,edin39,Violation_201,18.0,P8,15.70035,5.0,93.0
EDIN,edin39,Violation_201,18.0,O1,13.69597,5.0,93.0
EDIN,edin39,Violation_201,18.0,O2,30.60855,5.0,93.0
EDIN,edin39,Control_202,9.0,Pz,-10.7163,7.0,80.0
EDIN,edin39,Control_202,9.0,Cz,-6.341592,7.0,80.0
EDIN,edin39,Control_202,9.0,CP1,-12.44321,7.0,80.0
EDIN,edin39,Control_202,9.0,CP2,-4.020272,7.0,80.0
EDIN,edin39,Control_202,9.0,P3,-14.28557,7.0,80.0
EDIN,edin39,Control_202,9.0,P4,-5.361413,7.0,80.0
EDIN,edin39,Control_202,9.0,C3,-2.064058,7.0,80.0
EDIN,edin39,Control_202,9.0,C4,10.98208,7.0,80.0
EDIN,edin39,Control_202,9.0,P7,-16.12374,7.0,80.0
EDIN,edin39,Control_202,9.0,P8,0.4401351,7.0,80.0
EDIN,edin39,Control_202,9.0,O1,-24.38577,7.0,80.0
EDIN,edin39,Control_202,9.0,O2,-8.643112,7.0,80.0
EDIN,edin39,Violation_201,6.0,Pz,4.445451,18.0,87.0
EDIN,edin39,Violation_201,6.0,Cz,-0.9622257,18.0,87.0
EDIN,edin39,Violation_201,6.0,CP1,4.019697,18.0,87.0
EDIN,edin39,Violation_201,6.0,CP2,9.353511,18.0,87.0
EDIN,edin39,Violation_201,6.0,P3,0.9739091,18.0,87.0
EDIN,edin39,Violation_201,6.0,P4,6.172533,18.0,87.0
EDIN,edin39,Violation_201,6.0,C3,7.615232,18.0,87.0
EDIN,edin39,Violation_201,6.0,C4,3.781878,18.0,87.0
EDIN,edin39,Violation_201,6.0,P7,-0.9728631,18.0,87.0
EDIN,edin39,Violation_201,6.0,P8,15.77995,18.0,87.0
EDIN,edin39,Violation_201,6.0,O1,3.140875,18.0,87.0
EDIN,edin39,Violation_201,6.0,O2,21.10796,18.0,87.0
EDIN,edin39,Control_202,13.0,Pz,9.895721,13.0,97.0
EDIN,edin39,Control_202,13.0,Cz,11.3407,13.0,97.0
EDIN,edin39,Control_202,13.0,CP1,5.192846,13.0,97.0
EDIN,edin39,Control_202,13.0,CP2,19.29171,13.0,97.0
EDIN,edin39,Control_202,13.0,P3,2.281137,13.0,97.0
EDIN,edin39,Control_202,13.0,P4,8.219483,13.0,97.0
EDIN,edin39,Control_202,13.0,C3,10.53197,13.0,97.0
EDIN,edin39,Control_202,13.0,C4,1.37541,13.0,97.0
EDIN,edin39,Control_202,13.0,P7,-2.525486,13.0,97.0
EDIN,edin39,Control_202,13.0,P8,11.53701,13.0,97.0
EDIN,edin39,Control_202,13.0,O1,2.909167,13.0,97.0
EDIN,edin39,Control_202,13.0,O2,16.7903,13.0,97.0
EDIN,edin39,Control_202,17.0,Pz,23.73038,15.0,90.0
EDIN,edin39,Control_202,17.0,Cz,17.19108,15.0,90.0
EDIN,edin39,Control_202,17.0,CP1,23.24913,15.0,90.0
EDIN,edin39,Control_202,17.0,CP2,7.471958,15.0,90.0
EDIN,edin39,Control_202,17.0,P3,21.06564,15.0,90.0
EDIN,edin39,Control_202,17.0,P4,19.98716,15.0,90.0
EDIN,edin39,Control_202,17.0,C3,11.65969,15.0,90.0
EDIN,edin39,Control_202,17.0,C4,18.52758,15.0,90.0
EDIN,edin39,Control_202,17.0,P7,8.828496,15.0,90.0
EDIN,edin39,Control_202,17.0,P8,9.273659,15.0,90.0
EDIN,edin39,Control_202,17.0,O1,8.904533,15.0,90.0
EDIN,edin39,Control_202,17.0,O2,5.942171,15.0,90.0
EDIN,edin39,Violation_201,2.0,Pz,23.1501,16.0,93.0
EDIN,edin39,Violation_201,2.0,Cz,8.693603,16.0,93.0
EDIN,edin39,Violation_201,2.0,CP1,9.338403,16.0,93.0
EDIN,edin39,Violation_201,2.0,CP2,7.921823,16.0,93.0
EDIN,edin39,Violation_201,2.0,P3,8.223437,16.0,93.0
EDIN,edin39,Violation_201,2.0,P4,20.66108,16.0,93.0
EDIN,edin39,Violation_201,2.0,C3,10.4456,16.0,93.0
EDIN,edin39,Violation_201,2.0,C4,6.907221,16.0,93.0
EDIN,edin39,Violation_201,2.0,P7,13.05494,16.0,93.0
EDIN,edin39,Violation_201,2.0,P8,10.83525,16.0,93.0
EDIN,edin39,Violation_201,2.0,O1,13.08709,16.0,93.0
EDIN,edin39,Violation_201,2.0,O2,13.88091,16.0,93.0
EDIN,edin39,Control_202,5.0,Pz,12.29109,1.0,97.0
EDIN,edin39,Control_202,5.0,Cz,13.50101,1.0,97.0
EDIN,edin39,Control_202,5.0,CP1,17.12082,1.0,97.0
EDIN,edin39,Control_202,5.0,CP2,15.3051,1.0,97.0
EDIN,edin39,Control_202,5.0,P3,13.77833,1.0,97.0
EDIN,edin39,Control_202,5.0,P4,11.51277,1.0,97.0
EDIN,edin39,Control_202,5.0,C3,12.99601,1.0,97.0
EDIN,edin39,Control_202,5.0,C4,9.639168,1.0,97.0
EDIN,edin39,Control_202,5.0,P7,5.765085,1.0,97.0
EDIN,edin39,Control_202,5.0,P8,4.12589,1.0,97.0
EDIN,edin39,Control_202,5.0,O1,5.440018,1.0,97.0
EDIN,edin39,Control_202,5.0,O2,-0.2238588,1.0,97.0
EDIN,edin39,Control_202,25.0,Pz,-4.892026,25.0,97.0
EDIN,edin39,Control_202,25.0,Cz,12.24702,25.0,97.0
EDIN,edin39,Control_202,25.0,CP1,13.78682,25.0,97.0
EDIN,edin39,Control_202,25.0,CP2,3.884842,25.0,97.0
EDIN,edin39,Control_202,25.0,P3,2.33912,25.0,97.0
EDIN,edin39,Control_202,25.0,P4,13.33806,25.0,97.0
EDIN,edin39,Control_202,25.0,C3,1.315598,25.0,97.0
EDIN,edin39,Control_202,25.0,C4,8.963404,25.0,97.0
EDIN,edin39,Control_202,25.0,P7,0.4527522,25.0,97.0
EDIN,edin39,Control_202,25.0,P8,-1.424643,25.0,97.0
EDIN,edin39,Control_202,25.0,O1,-2.804745,25.0,97.0
EDIN,edin39,Control_202,25.0,O2,-28.62846,25.0,97.0
EDIN,edin39,Violation_201,34.0,Pz,-1.635156,26.0,87.0
EDIN,edin39,Violation_201,34.0,Cz,-2.186293,26.0,87.0
EDIN,edin39,Violation_201,34.0,CP1,2.090111,26.0,87.0
EDIN,edin39,Violation_201,34.0,CP2,0.8635381,26.0,87.0
EDIN,edin39,Violation_201,34.0,P3,-0.1356253,26.0,87.0
EDIN,edin39,Violation_201,34.0,P4,-13.27187,26.0,87.0
EDIN,edin39,Violation_201,34.0,C3,-0.9564623,26.0,87.0
EDIN,edin39,Violation_201,34.0,C4,-4.100867,26.0,87.0
EDIN,edin39,Violation_201,34.0,P7,0.4850802,26.0,87.0
EDIN,edin39,Violation_201,34.0,P8,-9.794684,26.0,87.0
EDIN,edin39,Violation_201,34.0,O1,8.538911,26.0,87.0
EDIN,edin39,Violation_201,34.0,O2,-22.22121,26.0,87.0
EDIN,edin39,Violation_201,38.0,Pz,-19.35258,30.0,90.0
EDIN,edin39,Violation_201,38.0,Cz,-18.3156,30.0,90.0
EDIN,edin39,Violation_201,38.0,CP1,-19.89824,30.0,90.0
EDIN,edin39,Violation_201,38.0,CP2,-30.34516,30.0,90.0
EDIN,edin39,Violation_201,38.0,P3,-16.38706,30.0,90.0
EDIN,edin39,Violation_201,38.0,P4,-16.86859,30.0,90.0
EDIN,edin39,Violation_201,38.0,C3,-21.43004,30.0,90.0
EDIN,edin39,Violation_201,38.0,C4,-20.90394,30.0,90.0
EDIN,edin39,Violation_201,38.0,P7,-30.43492,30.0,90.0
EDIN,edin39,Violation_201,38.0,P8,-20.52957,30.0,90.0
EDIN,edin39,Violation_201,38.0,O1,-24.21431,30.0,90.0
EDIN,edin39,Violation_201,38.0,O2,-10.26189,30.0,90.0
EDIN,edin39,Control_202,21.0,Pz,3.338299,40.0,93.0
EDIN,edin39,Control_202,21.0,Cz,-1.146957,40.0,93.0
EDIN,edin39,Control_202,21.0,CP1,-3.700032,40.0,93.0
EDIN,edin39,Control_202,21.0,CP2,1.125819,40.0,93.0
EDIN,edin39,Control_202,21.0,P3,3.467617,40.0,93.0
EDIN,edin39,Control_202,21.0,P4,-6.774667,40.0,93.0
EDIN,edin39,Control_202,21.0,C3,0.1190441,40.0,93.0
EDIN,edin39,Control_202,21.0,C4,-4.511296,40.0,93.0
EDIN,edin39,Control_202,21.0,P7,-1.923089,40.0,93.0
EDIN,edin39,Control_202,21.0,P8,4.360788,40.0,93.0
EDIN,edin39,Control_202,21.0,O1,-5.274384,40.0,93.0
EDIN,edin39,Control_202,21.0,O2,4.757906,40.0,93.0
EDIN,edin39,Violation_201,29.0,Pz,-7.856971,29.0,90.0
EDIN,edin39,Violation_201,29.0,Cz,-8.906025,29.0,90.0
EDIN,edin39,Violation_201,29.0,CP1,-2.332528,29.0,90.0
EDIN,edin39,Violation_201,29.0,CP2,-17.4331,29.0,90.0
EDIN,edin39,Violation_201,29.0,P3,-0.5025112,29.0,90.0
EDIN,edin39,Violation_201,29.0,P4,-10.05433,29.0,90.0
EDIN,edin39,Violation_201,29.0,C3,-9.43775,29.0,90.0
EDIN,edin39,Violation_201,29.0,C4,-4.504817,29.0,90.0
EDIN,edin39,Violation_201,29.0,P7,4.728436,29.0,90.0
EDIN,edin39,Violation_201,29.0,P8,-1.751394,29.0,90.0
EDIN,edin39,Violation_201,29.0,O1,7.273118,29.0,90.0
EDIN,edin39,Violation_201,29.0,O2,-7.217658,29.0,90.0
EDIN,edin39,Violation_201,22.0,Pz,34.30019,28.0,27.0
EDIN,edin39,Violation_201,22.0,Cz,35.45555,28.0,27.0
EDIN,edin39,Violation_201,22.0,CP1,36.85038,28.0,27.0
EDIN,edin39,Violation_201,22.0,CP2,38.12661,28.0,27.0
EDIN,edin39,Violation_201,22.0,P3,28.68539,28.0,27.0
EDIN,edin39,Violation_201,22.0,P4,36.16202,28.0,27.0
EDIN,edin39,Violation_201,22.0,C3,34.20074,28.0,27.0
EDIN,edin39,Violation_201,22.0,C4,34.88132,28.0,27.0
EDIN,edin39,Violation_201,22.0,P7,18.72104,28.0,27.0
EDIN,edin39,Violation_201,22.0,P8,24.23424,28.0,27.0
EDIN,edin39,Violation_201,22.0,O1,19.43419,28.0,27.0
EDIN,edin39,Violation_201,22.0,O2,41.10086,28.0,27.0
EDIN,edin39,Violation_201,26.0,Pz,-18.46026,34.0,97.0
EDIN,edin39,Violation_201,26.0,Cz,-4.843739,34.0,97.0
EDIN,edin39,Violation_201,26.0,CP1,-7.508793,34.0,97.0
EDIN,edin39,Violation_201,26.0,CP2,-19.25005,34.0,97.0
EDIN,edin39,Violation_201,26.0,P3,-17.65204,34.0,97.0
EDIN,edin39,Violation_201,26.0,P4,-14.7632,34.0,97.0
EDIN,edin39,Violation_201,26.0,C3,-17.59041,34.0,97.0
EDIN,edin39,Violation_201,26.0,C4,-7.314234,34.0,97.0
EDIN,edin39,Violation_201,26.0,P7,-23.14015,34.0,97.0
EDIN,edin39,Violation_201,26.0,P8,-12.74443,34.0,97.0
EDIN,edin39,Violation_201,26.0,O1,-10.7857,34.0,97.0
EDIN,edin39,Violation_201,26.0,O2,-9.586242,34.0,97.0
EDIN,edin39,Control_202,37.0,Pz,15.59664,35.0,97.0
EDIN,edin39,Control_202,37.0,Cz,4.78414,35.0,97.0
EDIN,edin39,Control_202,37.0,CP1,12.14875,35.0,97.0
EDIN,edin39,Control_202,37.0,CP2,4.927884,35.0,97.0
EDIN,edin39,Control_202,37.0,P3,12.01528,35.0,97.0
EDIN,edin39,Control_202,37.0,P4,14.76652,35.0,97.0
EDIN,edin39,Control_202,37.0,C3,5.307697,35.0,97.0
EDIN,edin39,Control_202,37.0,C4,3.010168,35.0,97.0
EDIN,edin39,Control_202,37.0,P7,6.520829,35.0,97.0
EDIN,edin39,Control_202,37.0,P8,10.66341,35.0,97.0
EDIN,edin39,Control_202,37.0,O1,20.20006,35.0,97.0
EDIN,edin39,Control_202,37.0,O2,21.98799,35.0,97.0
EDIN,edin39,Violation_201,30.0,Pz,-33.66294,24.0,93.0
EDIN,edin39,Violation_201,30.0,Cz,-31.03167,24.0,93.0
EDIN,edin39,Violation_201,30.0,CP1,-33.67596,24.0,93.0
EDIN,edin39,Violation_201,30.0,CP2,-30.44804,24.0,93.0
EDIN,edin39,Violation_201,30.0,P3,-30.38982,24.0,93.0
EDIN,edin39,Violation_201,30.0,P4,-27.80618,24.0,93.0
EDIN,edin39,Violation_201,30.0,C3,-33.25208,24.0,93.0
EDIN,edin39,Violation_201,30.0,C4,-26.24076,24.0,93.0
EDIN,edin39,Violation_201,30.0,P7,-21.0072,24.0,93.0
EDIN,edin39,Violation_201,30.0,P8,-11.30343,24.0,93.0
EDIN,edin39,Violation_201,30.0,O1,-22.34563,24.0,93.0
EDIN,edin39,Violation_201,30.0,O2,-23.56151,24.0,93.0
EDIN,edin39,Control_202,33.0,Pz,-5.240308,31.0,77.0
EDIN,edin39,Control_202,33.0,Cz,-6.467708,31.0,77.0
EDIN,edin39,Control_202,33.0,CP1,0.6006626,31.0,77.0
EDIN,edin39,Control_202,33.0,CP2,-20.93805,31.0,77.0
EDIN,edin39,Control_202,33.0,P3,-9.359163,31.0,77.0
EDIN,edin39,Control_202,33.0,P4,-27.90632,31.0,77.0
EDIN,edin39,Control_202,33.0,C3,-3.869955,31.0,77.0
EDIN,edin39,Control_202,33.0,C4,-17.47221,31.0,77.0
EDIN,edin39,Control_202,33.0,P7,11.77954,31.0,77.0
EDIN,edin39,Control_202,33.0,P8,-19.20033,31.0,77.0
EDIN,edin39,Control_202,33.0,O1,-9.327141,31.0,77.0
EDIN,edin39,Control_202,33.0,O2,-18.5401,31.0,77.0
EDIN,edin39,Control_202,53.0,Pz,-11.34393,46.0,63.0
EDIN,edin39,Control_202,53.0,Cz,6.393255,46.0,63.0
EDIN,edin39,Control_202,53.0,CP1,0.4238112,46.0,63.0
EDIN,edin39,Control_202,53.0,CP2,-3.227599,46.0,63.0
EDIN,edin39,Control_202,53.0,P3,2.684239,46.0,63.0
EDIN,edin39,Control_202,53.0,P4,-0.9729423,46.0,63.0
EDIN,edin39,Control_202,53.0,C3,0.3246486,46.0,63.0
EDIN,edin39,Control_202,53.0,C4,-2.508627,46.0,63.0
EDIN,edin39,Control_202,53.0,P7,9.650883,46.0,63.0
EDIN,edin39,Control_202,53.0,P8,9.674979,46.0,63.0
EDIN,edin39,Control_202,53.0,O1,13.04108,46.0,63.0
EDIN,edin39,Control_202,53.0,O2,-5.024059,46.0,63.0
EDIN,edin39,Violation_201,58.0,Pz,21.1148,43.0,93.0
EDIN,edin39,Violation_201,58.0,Cz,10.24345,43.0,93.0
EDIN,edin39,Violation_201,58.0,CP1,18.25142,43.0,93.0
EDIN,edin39,Violation_201,58.0,CP2,22.6121,43.0,93.0
EDIN,edin39,Violation_201,58.0,P3,11.37443,43.0,93.0
EDIN,edin39,Violation_201,58.0,P4,17.32079,43.0,93.0
EDIN,edin39,Violation_201,58.0,C3,4.823669,43.0,93.0
EDIN,edin39,Violation_201,58.0,C4,12.29623,43.0,93.0
EDIN,edin39,Violation_201,58.0,P7,15.6512,43.0,93.0
EDIN,edin39,Violation_201,58.0,P8,8.280614,43.0,93.0
EDIN,edin39,Violation_201,58.0,O1,8.689367,43.0,93.0
EDIN,edin39,Violation_201,58.0,O2,13.42645,43.0,93.0
EDIN,edin39,Violation_201,42.0,Pz,-5.797929,56.0,93.0
EDIN,edin39,Violation_201,42.0,Cz,-7.348672,56.0,93.0
EDIN,edin39,Violation_201,42.0,CP1,-8.01843,56.0,93.0
EDIN,edin39,Violation_201,42.0,CP2,-10.88555,56.0,93.0
EDIN,edin39,Violation_201,42.0,P3,-5.211683,56.0,93.0
EDIN,edin39,Violation_201,42.0,P4,-19.77227,56.0,93.0
EDIN,edin39,Violation_201,42.0,C3,-2.55716,56.0,93.0
EDIN,edin39,Violation_201,42.0,C4,-9.988774,56.0,93.0
EDIN,edin39,Violation_201,42.0,P7,4.688106,56.0,93.0
EDIN,edin39,Violation_201,42.0,P8,-3.947318,56.0,93.0
EDIN,edin39,Violation_201,42.0,O1,-0.8684314,56.0,93.0
EDIN,edin39,Violation_201,42.0,O2,-58.26751,56.0,93.0
EDIN,edin39,Control_202,57.0,Pz,-25.0891,54.0,77.0
EDIN,edin39,Control_202,57.0,Cz,-24.56749,54.0,77.0
EDIN,edin39,Control_202,57.0,CP1,-24.31475,54.0,77.0
EDIN,edin39,Control_202,57.0,CP2,-28.09584,54.0,77.0
EDIN,edin39,Control_202,57.0,P3,-22.3641,54.0,77.0
EDIN,edin39,Control_202,57.0,P4,-23.87253,54.0,77.0
EDIN,edin39,Control_202,57.0,C3,-23.6435,54.0,77.0
EDIN,edin39,Control_202,57.0,C4,-27.78032,54.0,77.0
EDIN,edin39,Control_202,57.0,P7,-17.84129,54.0,77.0
EDIN,edin39,Control_202,57.0,P8,-9.34289,54.0,77.0
EDIN,edin39,Control_202,57.0,O1,1.968343,54.0,77.0
EDIN,edin39,Control_202,57.0,O2,-14.66144,54.0,77.0
EDIN,edin39,Control_202,49.0,Pz,9.945925,49.0,40.0
EDIN,edin39,Control_202,49.0,Cz,14.0125,49.0,40.0
EDIN,edin39,Control_202,49.0,CP1,16.66962,49.0,40.0
EDIN,edin39,Control_202,49.0,CP2,9.540487,49.0,40.0
EDIN,edin39,Control_202,49.0,P3,7.993536,49.0,40.0
EDIN,edin39,Control_202,49.0,P4,4.301589,49.0,40.0
EDIN,edin39,Control_202,49.0,C3,-0.788025,49.0,40.0
EDIN,edin39,Control_202,49.0,C4,7.892959,49.0,40.0
EDIN,edin39,Control_202,49.0,P7,-2.919509,49.0,40.0
EDIN,edin39,Control_202,49.0,P8,-2.572057,49.0,40.0
EDIN,edin39,Control_202,49.0,O1,-5.023054,49.0,40.0
EDIN,edin39,Control_202,49.0,O2,11.01773,49.0,40.0
EDIN,edin39,Violation_201,50.0,Pz,-11.80056,50.0,37.0
EDIN,edin39,Violation_201,50.0,Cz,-19.23268,50.0,37.0
EDIN,edin39,Violation_201,50.0,CP1,-11.99389,50.0,37.0
EDIN,edin39,Violation_201,50.0,CP2,-28.25891,50.0,37.0
EDIN,edin39,Violation_201,50.0,P3,-6.008539,50.0,37.0
EDIN,edin39,Violation_201,50.0,P4,-22.81511,50.0,37.0
EDIN,edin39,Violation_201,50.0,C3,-13.6039,50.0,37.0
EDIN,edin39,Violation_201,50.0,C4,-26.70797,50.0,37.0
EDIN,edin39,Violation_201,50.0,P7,-13.79656,50.0,37.0
EDIN,edin39,Violation_201,50.0,P8,-16.41063,50.0,37.0
EDIN,edin39,Violation_201,50.0,O1,-7.142702,50.0,37.0
EDIN,edin39,Violation_201,50.0,O2,-15.80774,50.0,37.0
EDIN,edin39,Control_202,41.0,Pz,11.94501,55.0,93.0
EDIN,edin39,Control_202,41.0,Cz,17.10563,55.0,93.0
EDIN,edin39,Control_202,41.0,CP1,17.77221,55.0,93.0
EDIN,edin39,Control_202,41.0,CP2,20.27974,55.0,93.0
EDIN,edin39,Control_202,41.0,P3,11.3609,55.0,93.0
EDIN,edin39,Control_202,41.0,P4,18.18742,55.0,93.0
EDIN,edin39,Control_202,41.0,C3,21.35811,55.0,93.0
EDIN,edin39,Control_202,41.0,C4,20.36185,55.0,93.0
EDIN,edin39,Control_202,41.0,P7,8.448646,55.0,93.0
EDIN,edin39,Control_202,41.0,P8,18.01008,55.0,93.0
EDIN,edin39,Control_202,41.0,O1,8.600651,55.0,93.0
EDIN,edin39,Control_202,41.0,O2,11.87182,55.0,93.0
EDIN,edin39,Control_202,45.0,Pz,3.712341,58.0,73.0
EDIN,edin39,Control_202,45.0,Cz,1.548827,58.0,73.0
EDIN,edin39,Control_202,45.0,CP1,11.92805,58.0,73.0
EDIN,edin39,Control_202,45.0,CP2,14.63538,58.0,73.0
EDIN,edin39,Control_202,45.0,P3,1.415341,58.0,73.0
EDIN,edin39,Control_202,45.0,P4,1.379978,58.0,73.0
EDIN,edin39,Control_202,45.0,C3,-1.210874,58.0,73.0
EDIN,edin39,Control_202,45.0,C4,10.42087,58.0,73.0
EDIN,edin39,Control_202,45.0,P7,3.584165,58.0,73.0
EDIN,edin39,Control_202,45.0,P8,6.260136,58.0,73.0
EDIN,edin39,Control_202,45.0,O1,5.541112,58.0,73.0
EDIN,edin39,Control_202,45.0,O2,4.517321,58.0,73.0
EDIN,edin39,Violation_201,46.0,Pz,4.989536,44.0,90.0
EDIN,edin39,Violation_201,46.0,Cz,8.110849,44.0,90.0
EDIN,edin39,Violation_201,46.0,CP1,2.411171,44.0,90.0
EDIN,edin39,Violation_201,46.0,CP2,15.63268,44.0,90.0
EDIN,edin39,Violation_201,46.0,P3,11.60075,44.0,90.0
EDIN,edin39,Violation_201,46.0,P4,8.894807,44.0,90.0
EDIN,edin39,Violation_201,46.0,C3,0.450163,44.0,90.0
EDIN,edin39,Violation_201,46.0,C4,16.98715,44.0,90.0
EDIN,edin39,Violation_201,46.0,P7,2.531036,44.0,90.0
EDIN,edin39,Violation_201,46.0,P8,1.141111,44.0,90.0
EDIN,edin39,Violation_201,46.0,O1,-2.71829,44.0,90.0
EDIN,edin39,Violation_201,46.0,O2,-3.449751,44.0,90.0
EDIN,edin39,Violation_201,54.0,Pz,8.669743,51.0,90.0
EDIN,edin39,Violation_201,54.0,Cz,18.55682,51.0,90.0
EDIN,edin39,Violation_201,54.0,CP1,21.13339,51.0,90.0
EDIN,edin39,Violation_201,54.0,CP2,9.752872,51.0,90.0
EDIN,edin39,Violation_201,54.0,P3,10.36874,51.0,90.0
EDIN,edin39,Violation_201,54.0,P4,-4.19818,51.0,90.0
EDIN,edin39,Violation_201,54.0,C3,37.06374,51.0,90.0
EDIN,edin39,Violation_201,54.0,C4,21.04663,51.0,90.0
EDIN,edin39,Violation_201,54.0,P7,6.183208,51.0,90.0
EDIN,edin39,Violation_201,54.0,P8,6.734543,51.0,90.0
EDIN,edin39,Violation_201,54.0,O1,2.812441,51.0,90.0
EDIN,edin39,Violation_201,54.0,O2,8.298159,51.0,90.0
EDIN,edin39,Violation_201,66.0,Pz,-2.386564,76.0,90.0
EDIN,edin39,Violation_201,66.0,Cz,-9.992619,76.0,90.0
EDIN,edin39,Violation_201,66.0,CP1,-16.23676,76.0,90.0
EDIN,edin39,Violation_201,66.0,CP2,-15.4202,76.0,90.0
EDIN,edin39,Violation_201,66.0,P3,-7.010949,76.0,90.0
EDIN,edin39,Violation_201,66.0,P4,-5.396282,76.0,90.0
EDIN,edin39,Violation_201,66.0,C3,2.769535,76.0,90.0
EDIN,edin39,Violation_201,66.0,C4,-7.885659,76.0,90.0
EDIN,edin39,Violation_201,66.0,P7,-4.435841,76.0,90.0
EDIN,edin39,Violation_201,66.0,P8,-9.99633,76.0,90.0
EDIN,edin39,Violation_201,66.0,O1,-13.39179,76.0,90.0
EDIN,edin39,Violation_201,66.0,O2,-16.98292,76.0,90.0
EDIN,edin39,Violation_201,78.0,Pz,13.40698,62.0,70.0
EDIN,edin39,Violation_201,78.0,Cz,28.28194,62.0,70.0
EDIN,edin39,Violation_201,78.0,CP1,22.86168,62.0,70.0
EDIN,edin39,Violation_201,78.0,CP2,17.05242,62.0,70.0
EDIN,edin39,Violation_201,78.0,P3,19.24607,62.0,70.0
EDIN,edin39,Violation_201,78.0,P4,16.14349,62.0,70.0
EDIN,edin39,Violation_201,78.0,C3,21.40583,62.0,70.0
EDIN,edin39,Violation_201,78.0,C4,19.10036,62.0,70.0
EDIN,edin39,Violation_201,78.0,P7,15.46507,62.0,70.0
EDIN,edin39,Violation_201,78.0,P8,12.11274,62.0,70.0
EDIN,edin39,Violation_201,78.0,O1,14.24944,62.0,70.0
EDIN,edin39,Violation_201,78.0,O2,4.591056,62.0,70.0
EDIN,edin39,Control_202,69.0,Pz,-6.833025,73.0,80.0
EDIN,edin39,Control_202,69.0,Cz,-10.9608,73.0,80.0
EDIN,edin39,Control_202,69.0,CP1,-15.9008,73.0,80.0
EDIN,edin39,Control_202,69.0,CP2,-12.87332,73.0,80.0
EDIN,edin39,Control_202,69.0,P3,-5.929865,73.0,80.0
EDIN,edin39,Control_202,69.0,P4,-8.17274,73.0,80.0
EDIN,edin39,Control_202,69.0,C3,1.003753,73.0,80.0
EDIN,edin39,Control_202,69.0,C4,-11.14625,73.0,80.0
EDIN,edin39,Control_202,69.0,P7,-1.173644,73.0,80.0
EDIN,edin39,Control_202,69.0,P8,-12.55466,73.0,80.0
EDIN,edin39,Control_202,69.0,O1,-13.43262,73.0,80.0
EDIN,edin39,Control_202,69.0,O2,-7.142221,73.0,80.0
EDIN,edin39,Control_202,73.0,Pz,-15.17684,61.0,34.0
EDIN,edin39,Control_202,73.0,Cz,-8.829343,61.0,34.0
EDIN,edin39,Control_202,73.0,CP1,-14.7723,61.0,34.0
EDIN,edin39,Control_202,73.0,CP2,-21.69839,61.0,34.0
EDIN,edin39,Control_202,73.0,P3,-15.24449,61.0,34.0
EDIN,edin39,Control_202,73.0,P4,-17.88686,61.0,34.0
EDIN,edin39,Control_202,73.0,C3,-8.036379,61.0,34.0
EDIN,edin39,Control_202,73.0,C4,-13.41739,61.0,34.0
EDIN,edin39,Control_202,73.0,P7,-3.866319,61.0,34.0
EDIN,edin39,Control_202,73.0,P8,-7.1407,61.0,34.0
EDIN,edin39,Control_202,73.0,O1,-12.50124,61.0,34.0
EDIN,edin39,Control_202,73.0,O2,-9.779659,61.0,34.0
EDIN,edin39,Control_202,77.0,Pz,-19.69244,72.0,90.0
EDIN,edin39,Control_202,77.0,Cz,-6.200541,72.0,90.0
EDIN,edin39,Control_202,77.0,CP1,-6.394681,72.0,90.0
EDIN,edin39,Control_202,77.0,CP2,-11.26948,72.0,90.0
EDIN,edin39,Control_202,77.0,P3,-8.257277,72.0,90.0
EDIN,edin39,Control_202,77.0,P4,-18.82895,72.0,90.0
EDIN,edin39,Control_202,77.0,C3,-7.975286,72.0,90.0
EDIN,edin39,Control_202,77.0,C4,-6.333188,72.0,90.0
EDIN,edin39,Control_202,77.0,P7,-1.19396,72.0,90.0
EDIN,edin39,Control_202,77.0,P8,-10.09348,72.0,90.0
EDIN,edin39,Control_202,77.0,O1,-9.970547,72.0,90.0
EDIN,edin39,Control_202,77.0,O2,-9.961619,72.0,90.0
EDIN,edin39,Violation_201,74.0,Pz,-5.78657,63.0,83.0
EDIN,edin39,Violation_201,74.0,Cz,-6.491303,63.0,83.0
EDIN,edin39,Violation_201,74.0,CP1,-10.88134,63.0,83.0
EDIN,edin39,Violation_201,74.0,CP2,-5.317705,63.0,83.0
EDIN,edin39,Violation_201,74.0,P3,-1.961096,63.0,83.0
EDIN,edin39,Violation_201,74.0,P4,3.183715,63.0,83.0
EDIN,edin39,Violation_201,74.0,C3,-6.047739,63.0,83.0
EDIN,edin39,Violation_201,74.0,C4,6.182484,63.0,83.0
EDIN,edin39,Violation_201,74.0,P7,-1.487527,63.0,83.0
EDIN,edin39,Violation_201,74.0,P8,15.41845,63.0,83.0
EDIN,edin39,Violation_201,74.0,O1,-2.918703,63.0,83.0
EDIN,edin39,Violation_201,74.0,O2,-1.532845,63.0,83.0
EDIN,edin39,Control_202,61.0,Pz,3.947523,66.0,23.0
EDIN,edin39,Control_202,61.0,Cz,14.9734,66.0,23.0
EDIN,edin39,Control_202,61.0,CP1,16.21968,66.0,23.0
EDIN,edin39,Control_202,61.0,CP2,9.442806,66.0,23.0
EDIN,edin39,Control_202,61.0,P3,10.66231,66.0,23.0
EDIN,edin39,Control_202,61.0,P4,9.649345,66.0,23.0
EDIN,edin39,Control_202,61.0,C3,2.971107,66.0,23.0
EDIN,edin39,Control_202,61.0,C4,8.594337,66.0,23.0
EDIN,edin39,Control_202,61.0,P7,-2.579798,66.0,23.0
EDIN,edin39,Control_202,61.0,P8,7.988533,66.0,23.0
EDIN,edin39,Control_202,61.0,O1,1.967489,66.0,23.0
EDIN,edin39,Control_202,61.0,O2,5.807739,66.0,23.0
EDIN,edin39,Control_202,65.0,Pz,25.28704,69.0,93.0
EDIN,edin39,Control_202,65.0,Cz,23.38985,69.0,93.0
EDIN,edin39,Control_202,65.0,CP1,23.625,69.0,93.0
EDIN,edin39,Control_202,65.0,CP2,30.81409,69.0,93.0
EDIN,edin39,Control_202,65.0,P3,18.07766,69.0,93.0
EDIN,edin39,Control_202,65.0,P4,40.22144,69.0,93.0
EDIN,edin39,Control_202,65.0,C3,24.77032,69.0,93.0
EDIN,edin39,Control_202,65.0,C4,30.23534,69.0,93.0
EDIN,edin39,Control_202,65.0,P7,11.69438,69.0,93.0
EDIN,edin39,Control_202,65.0,P8,17.61552,69.0,93.0
EDIN,edin39,Control_202,65.0,O1,12.9883,69.0,93.0
EDIN,edin39,Control_202,65.0,O2,16.77796,69.0,93.0
EDIN,edin39,Violation_201,62.0,Pz,6.387657,67.0,87.0
EDIN,edin39,Violation_201,62.0,Cz,0.05216048,67.0,87.0
EDIN,edin39,Violation_201,62.0,CP1,0.6614887,67.0,87.0
EDIN,edin39,Violation_201,62.0,CP2,2.085992,67.0,87.0
EDIN,edin39,Violation_201,62.0,P3,2.113522,67.0,87.0
EDIN,edin39,Violation_201,62.0,P4,7.972462,67.0,87.0
EDIN,edin39,Violation_201,62.0,C3,3.142112,67.0,87.0
EDIN,edin39,Violation_201,62.0,C4,-2.208806,67.0,87.0
EDIN,edin39,Violation_201,62.0,P7,-0.03381602,67.0,87.0
EDIN,edin39,Violation_201,62.0,P8,1.713807,67.0,87.0
EDIN,edin39,Violation_201,62.0,O1,2.999652,67.0,87.0
EDIN,edin39,Violation_201,62.0,O2,7.122243,67.0,87.0
EDIN,edin39,Violation_201,70.0,Pz,-33.23997,77.0,100.0
EDIN,edin39,Violation_201,70.0,Cz,-21.29021,77.0,100.0
EDIN,edin39,Violation_201,70.0,CP1,-24.11574,77.0,100.0
EDIN,edin39,Violation_201,70.0,CP2,-19.42501,77.0,100.0
EDIN,edin39,Violation_201,70.0,P3,-20.26147,77.0,100.0
EDIN,edin39,Violation_201,70.0,P4,-25.12321,77.0,100.0
EDIN,edin39,Violation_201,70.0,C3,-28.07747,77.0,100.0
EDIN,edin39,Violation_201,70.0,C4,-29.19905,77.0,100.0
EDIN,edin39,Violation_201,70.0,P7,-10.42072,77.0,100.0
EDIN,edin39,Violation_201,70.0,P8,-11.42018,77.0,100.0
EDIN,edin39,Violation_201,70.0,O1,-8.587877,77.0,100.0
EDIN,edin39,Violation_201,70.0,O2,-15.6059,77.0,100.0
EDIN,edin3,Violation_201,2.0,Pz,-0.6245724,5.0,93.0
EDIN,edin3,Violation_201,2.0,Cz,8.06234,5.0,93.0
EDIN,edin3,Violation_201,2.0,CP1,15.037,5.0,93.0
EDIN,edin3,Violation_201,2.0,CP2,22.50795,5.0,93.0
EDIN,edin3,Violation_201,2.0,P3,7.913431,5.0,93.0
EDIN,edin3,Violation_201,2.0,P4,3.253019,5.0,93.0
EDIN,edin3,Violation_201,2.0,C3,41.98407,5.0,93.0
EDIN,edin3,Violation_201,2.0,C4,-4.584146,5.0,93.0
EDIN,edin3,Violation_201,2.0,P7,0.5463328,5.0,93.0
EDIN,edin3,Violation_201,2.0,P8,6.701321,5.0,93.0
EDIN,edin3,Violation_201,2.0,O1,19.02501,5.0,93.0
EDIN,edin3,Violation_201,2.0,O2,5.136066,5.0,93.0
EDIN,edin3,Control_202,5.0,Pz,1.381765,4.0,93.0
EDIN,edin3,Control_202,5.0,Cz,7.031019,4.0,93.0
EDIN,edin3,Control_202,5.0,CP1,-1.252854,4.0,93.0
EDIN,edin3,Control_202,5.0,CP2,-4.604316,4.0,93.0
EDIN,edin3,Control_202,5.0,P3,0.7005739,4.0,93.0
EDIN,edin3,Control_202,5.0,P4,-2.194619,4.0,93.0
EDIN,edin3,Control_202,5.0,C3,-19.49458,4.0,93.0
EDIN,edin3,Control_202,5.0,C4,2.48176,4.0,93.0
EDIN,edin3,Control_202,5.0,P7,-13.62928,4.0,93.0
EDIN,edin3,Control_202,5.0,P8,1.265025,4.0,93.0
EDIN,edin3,Control_202,5.0,O1,2.109994,4.0,93.0
EDIN,edin3,Control_202,5.0,O2,7.583351,4.0,93.0
EDIN,edin3,Control_202,1.0,Pz,-10.05431,2.0,100.0
EDIN,edin3,Control_202,1.0,Cz,-18.82782,2.0,100.0
EDIN,edin3,Control_202,1.0,CP1,-16.04322,2.0,100.0
EDIN,edin3,Control_202,1.0,CP2,-26.91317,2.0,100.0
EDIN,edin3,Control_202,1.0,P3,5.216966,2.0,100.0
EDIN,edin3,Control_202,1.0,P4,-0.5206037,2.0,100.0
EDIN,edin3,Control_202,1.0,C3,-12.47842,2.0,100.0
EDIN,edin3,Control_202,1.0,C4,-17.328,2.0,100.0
EDIN,edin3,Control_202,1.0,P7,3.206175,2.0,100.0
EDIN,edin3,Control_202,1.0,P8,-6.91948,2.0,100.0
EDIN,edin3,Control_202,1.0,O1,-14.40173,2.0,100.0
EDIN,edin3,Control_202,1.0,O2,-0.3005031,2.0,100.0
EDIN,edin3,Control_202,17.0,Pz,14.39209,8.0,97.0
EDIN,edin3,Control_202,17.0,Cz,9.267735,8.0,97.0
EDIN,edin3,Control_202,17.0,CP1,-0.5808152,8.0,97.0
EDIN,edin3,Control_202,17.0,CP2,20.32578,8.0,97.0
EDIN,edin3,Control_202,17.0,P3,-6.148993,8.0,97.0
EDIN,edin3,Control_202,17.0,P4,3.669451,8.0,97.0
EDIN,edin3,Control_202,17.0,C3,10.30735,8.0,97.0
EDIN,edin3,Control_202,17.0,C4,12.77836,8.0,97.0
EDIN,edin3,Control_202,17.0,P7,23.54931,8.0,97.0
EDIN,edin3,Control_202,17.0,P8,5.746836,8.0,97.0
EDIN,edin3,Control_202,17.0,O1,3.468595,8.0,97.0
EDIN,edin3,Control_202,17.0,O2,-7.066093,8.0,97.0
EDIN,edin3,Violation_201,14.0,Pz,20.15792,9.0,93.0
EDIN,edin3,Violation_201,14.0,Cz,7.058983,9.0,93.0
EDIN,edin3,Violation_201,14.0,CP1,-0.9194394,9.0,93.0
EDIN,edin3,Violation_201,14.0,CP2,12.00932,9.0,93.0
EDIN,edin3,Violation_201,14.0,P3,1.181603,9.0,93.0
EDIN,edin3,Violation_201,14.0,P4,11.93737,9.0,93.0
EDIN,edin3,Violation_201,14.0,C3,7.294104,9.0,93.0
EDIN,edin3,Violation_201,14.0,C4,12.82504,9.0,93.0
EDIN,edin3,Violation_201,14.0,P7,-44.8385,9.0,93.0
EDIN,edin3,Violation_201,14.0,P8,18.64182,9.0,93.0
EDIN,edin3,Violation_201,14.0,O1,7.463452,9.0,93.0
EDIN,edin3,Violation_201,14.0,O2,-6.195724,9.0,93.0
EDIN,edin3,Control_202,9.0,Pz,-4.688216,13.0,97.0
EDIN,edin3,Control_202,9.0,Cz,5.866543,13.0,97.0
EDIN,edin3,Control_202,9.0,CP1,15.39789,13.0,97.0
EDIN,edin3,Control_202,9.0,CP2,2.481038,13.0,97.0
EDIN,edin3,Control_202,9.0,P3,-4.198277,13.0,97.0
EDIN,edin3,Control_202,9.0,P4,1.111728,13.0,97.0
EDIN,edin3,Control_202,9.0,C3,6.433877,13.0,97.0
EDIN,edin3,Control_202,9.0,C4,-5.405661,13.0,97.0
EDIN,edin3,Control_202,9.0,P7,59.50907,13.0,97.0
EDIN,edin3,Control_202,9.0,P8,-12.02897,13.0,97.0
EDIN,edin3,Control_202,9.0,O1,-3.232727,13.0,97.0
EDIN,edin3,Control_202,9.0,O2,0.818325,13.0,97.0
EDIN,edin3,Violation_201,18.0,Pz,16.42632,19.0,100.0
EDIN,edin3,Violation_201,18.0,Cz,17.15606,19.0,100.0
EDIN,edin3,Violation_201,18.0,CP1,19.10098,19.0,100.0
EDIN,edin3,Violation_201,18.0,CP2,16.66164,19.0,100.0
EDIN,edin3,Violation_201,18.0,P3,10.10426,19.0,100.0
EDIN,edin3,Violation_201,18.0,P4,7.255439,19.0,100.0
EDIN,edin3,Violation_201,18.0,C3,-1.479694,19.0,100.0
EDIN,edin3,Violation_201,18.0,C4,8.39134,19.0,100.0
EDIN,edin3,Violation_201,18.0,P7,74.42961,19.0,100.0
EDIN,edin3,Violation_201,18.0,P8,6.885566,19.0,100.0
EDIN,edin3,Violation_201,18.0,O1,6.35107,19.0,100.0
EDIN,edin3,Violation_201,18.0,O2,3.464097,19.0,100.0
EDIN,edin3,Violation_201,10.0,Pz,-13.11128,17.0,62.0
EDIN,edin3,Violation_201,10.0,Cz,-9.631241,17.0,62.0
EDIN,edin3,Violation_201,10.0,CP1,-24.97817,17.0,62.0
EDIN,edin3,Violation_201,10.0,CP2,-14.29259,17.0,62.0
EDIN,edin3,Violation_201,10.0,P3,7.710768,17.0,62.0
EDIN,edin3,Violation_201,10.0,P4,-3.146441,17.0,62.0
EDIN,edin3,Violation_201,10.0,C3,-7.611362,17.0,62.0
EDIN,edin3,Violation_201,10.0,C4,-4.638273,17.0,62.0
EDIN,edin3,Violation_201,10.0,P7,-22.55969,17.0,62.0
EDIN,edin3,Violation_201,10.0,P8,-11.3982,17.0,62.0
EDIN,edin3,Violation_201,10.0,O1,-6.850059,17.0,62.0
EDIN,edin3,Violation_201,10.0,O2,-4.081174,17.0,62.0
EDIN,edin3,Violation_201,30.0,Pz,-2.720403,35.0,97.0
EDIN,edin3,Violation_201,30.0,Cz,-7.429295,35.0,97.0
EDIN,edin3,Violation_201,30.0,CP1,-2.813939,35.0,97.0
EDIN,edin3,Violation_201,30.0,CP2,-11.23887,35.0,97.0
EDIN,edin3,Violation_201,30.0,P3,11.44058,35.0,97.0
EDIN,edin3,Violation_201,30.0,P4,-3.684957,35.0,97.0
EDIN,edin3,Violation_201,30.0,C3,-15.89559,35.0,97.0
EDIN,edin3,Violation_201,30.0,C4,-4.14172,35.0,97.0
EDIN,edin3,Violation_201,30.0,P7,36.98006,35.0,97.0
EDIN,edin3,Violation_201,30.0,P8,1.040781,35.0,97.0
EDIN,edin3,Violation_201,30.0,O1,15.34069,35.0,97.0
EDIN,edin3,Violation_201,30.0,O2,-9.691532,35.0,97.0
EDIN,edin3,Violation_201,29.0,Pz,5.153614,26.0,87.0
EDIN,edin3,Violation_201,29.0,Cz,28.90926,26.0,87.0
EDIN,edin3,Violation_201,29.0,CP1,34.71797,26.0,87.0
EDIN,edin3,Violation_201,29.0,CP2,37.09587,26.0,87.0
EDIN,edin3,Violation_201,29.0,P3,-8.497541,26.0,87.0
EDIN,edin3,Violation_201,29.0,P4,6.215989,26.0,87.0
EDIN,edin3,Violation_201,29.0,C3,40.869,26.0,87.0
EDIN,edin3,Violation_201,29.0,C4,14.06894,26.0,87.0
EDIN,edin3,Violation_201,29.0,P7,9.041557,26.0,87.0
EDIN,edin3,Violation_201,29.0,P8,-1.762837,26.0,87.0
EDIN,edin3,Violation_201,29.0,O1,-4.329671,26.0,87.0
EDIN,edin3,Violation_201,29.0,O2,-1.485346,26.0,87.0
EDIN,edin3,Control_202,21.0,Pz,20.14886,31.0,77.0
EDIN,edin3,Control_202,21.0,Cz,31.75975,31.0,77.0
EDIN,edin3,Control_202,21.0,CP1,39.85425,31.0,77.0
EDIN,edin3,Control_202,21.0,CP2,31.87321,31.0,77.0
EDIN,edin3,Control_202,21.0,P3,11.16604,31.0,77.0
EDIN,edin3,Control_202,21.0,P4,11.63914,31.0,77.0
EDIN,edin3,Control_202,21.0,C3,36.51204,31.0,77.0
EDIN,edin3,Control_202,21.0,C4,25.8786,31.0,77.0
EDIN,edin3,Control_202,21.0,P7,10.34079,31.0,77.0
EDIN,edin3,Control_202,21.0,P8,9.352383,31.0,77.0
EDIN,edin3,Control_202,21.0,O1,18.39177,31.0,77.0
EDIN,edin3,Control_202,21.0,O2,13.42824,31.0,77.0
EDIN,edin3,Violation_201,22.0,Pz,11.08865,30.0,90.0
EDIN,edin3,Violation_201,22.0,Cz,10.25366,30.0,90.0
EDIN,edin3,Violation_201,22.0,CP1,15.48971,30.0,90.0
EDIN,edin3,Violation_201,22.0,CP2,3.637322,30.0,90.0
EDIN,edin3,Violation_201,22.0,P3,4.847763,30.0,90.0
EDIN,edin3,Violation_201,22.0,P4,6.108364,30.0,90.0
EDIN,edin3,Violation_201,22.0,C3,11.40372,30.0,90.0
EDIN,edin3,Violation_201,22.0,C4,11.69243,30.0,90.0
EDIN,edin3,Violation_201,22.0,P7,9.36181,30.0,90.0
EDIN,edin3,Violation_201,22.0,P8,1.201832,30.0,90.0
EDIN,edin3,Violation_201,22.0,O1,11.62084,30.0,90.0
EDIN,edin3,Violation_201,22.0,O2,5.028803,30.0,90.0
EDIN,edin3,Violation_201,26.0,Pz,2.67582,21.0,77.0
EDIN,edin3,Violation_201,26.0,Cz,-14.67656,21.0,77.0
EDIN,edin3,Violation_201,26.0,CP1,-8.824167,21.0,77.0
EDIN,edin3,Violation_201,26.0,CP2,-16.68484,21.0,77.0
EDIN,edin3,Violation_201,26.0,P3,17.12017,21.0,77.0
EDIN,edin3,Violation_201,26.0,P4,3.08047,21.0,77.0
EDIN,edin3,Violation_201,26.0,C3,-16.86723,21.0,77.0
EDIN,edin3,Violation_201,26.0,C4,-7.845753,21.0,77.0
EDIN,edin3,Violation_201,26.0,P7,11.75124,21.0,77.0
EDIN,edin3,Violation_201,26.0,P8,5.376454,21.0,77.0
EDIN,edin3,Violation_201,26.0,O1,-21.71751,21.0,77.0
EDIN,edin3,Violation_201,26.0,O2,8.680973,21.0,77.0
EDIN,edin3,Violation_201,34.0,Pz,2.02528,27.0,97.0
EDIN,edin3,Violation_201,34.0,Cz,-22.8107,27.0,97.0
EDIN,edin3,Violation_201,34.0,CP1,-12.37079,27.0,97.0
EDIN,edin3,Violation_201,34.0,CP2,-27.8433,27.0,97.0
EDIN,edin3,Violation_201,34.0,P3,-1.797047,27.0,97.0
EDIN,edin3,Violation_201,34.0,P4,5.15213,27.0,97.0
EDIN,edin3,Violation_201,34.0,C3,-31.69689,27.0,97.0
EDIN,edin3,Violation_201,34.0,C4,-9.94789,27.0,97.0
EDIN,edin3,Violation_201,34.0,P7,-0.4980183,27.0,97.0
EDIN,edin3,Violation_201,34.0,P8,-3.647987,27.0,97.0
EDIN,edin3,Violation_201,34.0,O1,-7.56222,27.0,97.0
EDIN,edin3,Violation_201,34.0,O2,-2.928734,27.0,97.0
EDIN,edin3,Control_202,25.0,Pz,0.1392466,29.0,90.0
EDIN,edin3,Control_202,25.0,Cz,21.55151,29.0,90.0
EDIN,edin3,Control_202,25.0,CP1,21.53204,29.0,90.0
EDIN,edin3,Control_202,25.0,CP2,28.20365,29.0,90.0
EDIN,edin3,Control_202,25.0,P3,-3.889608,29.0,90.0
EDIN,edin3,Control_202,25.0,P4,0.213147,29.0,90.0
EDIN,edin3,Control_202,25.0,C3,30.7805,29.0,90.0
EDIN,edin3,Control_202,25.0,C4,16.23825,29.0,90.0
EDIN,edin3,Control_202,25.0,P7,-16.9571,29.0,90.0
EDIN,edin3,Control_202,25.0,P8,1.962497,29.0,90.0
EDIN,edin3,Control_202,25.0,O1,2.475746,29.0,90.0
EDIN,edin3,Control_202,25.0,O2,10.93083,29.0,90.0
EDIN,edin3,Control_202,33.0,Pz,2.688275,39.0,97.0
EDIN,edin3,Control_202,33.0,Cz,11.67694,39.0,97.0
EDIN,edin3,Control_202,33.0,CP1,23.20352,39.0,97.0
EDIN,edin3,Control_202,33.0,CP2,24.3077,39.0,97.0
EDIN,edin3,Control_202,33.0,P3,1.56678,39.0,97.0
EDIN,edin3,Control_202,33.0,P4,2.35839,39.0,97.0
EDIN,edin3,Control_202,33.0,C3,14.8409,39.0,97.0
EDIN,edin3,Control_202,33.0,C4,5.104881,39.0,97.0
EDIN,edin3,Control_202,33.0,P7,2.64054,39.0,97.0
EDIN,edin3,Control_202,33.0,P8,-0.5358985,39.0,97.0
EDIN,edin3,Control_202,33.0,O1,5.106036,39.0,97.0
EDIN,edin3,Control_202,33.0,O2,4.865928,39.0,97.0
EDIN,edin3,Control_202,37.0,Pz,-4.381741,25.0,97.0
EDIN,edin3,Control_202,37.0,Cz,7.084363,25.0,97.0
EDIN,edin3,Control_202,37.0,CP1,11.4068,25.0,97.0
EDIN,edin3,Control_202,37.0,CP2,24.98708,25.0,97.0
EDIN,edin3,Control_202,37.0,P3,-14.94766,25.0,97.0
EDIN,edin3,Control_202,37.0,P4,-8.222935,25.0,97.0
EDIN,edin3,Control_202,37.0,C3,29.72752,25.0,97.0
EDIN,edin3,Control_202,37.0,C4,8.924195,25.0,97.0
EDIN,edin3,Control_202,37.0,P7,-4.283735,25.0,97.0
EDIN,edin3,Control_202,37.0,P8,-0.8590923,25.0,97.0
EDIN,edin3,Control_202,37.0,O1,-10.5886,25.0,97.0
EDIN,edin3,Control_202,37.0,O2,-9.737824,25.0,97.0
EDIN,edin3,Violation_201,50.0,Pz,-33.64076,51.0,90.0
EDIN,edin3,Violation_201,50.0,Cz,-46.2591,51.0,90.0
EDIN,edin3,Violation_201,50.0,CP1,-53.00036,51.0,90.0
EDIN,edin3,Violation_201,50.0,CP2,-52.42267,51.0,90.0
EDIN,edin3,Violation_201,50.0,P3,-23.94589,51.0,90.0
EDIN,edin3,Violation_201,50.0,P4,-28.56622,51.0,90.0
EDIN,edin3,Violation_201,50.0,C3,-47.8927,51.0,90.0
EDIN,edin3,Violation_201,50.0,C4,-30.59832,51.0,90.0
EDIN,edin3,Violation_201,50.0,P7,-33.04456,51.0,90.0
EDIN,edin3,Violation_201,50.0,P8,-50.13301,51.0,90.0
EDIN,edin3,Violation_201,50.0,O1,-55.68679,51.0,90.0
EDIN,edin3,Violation_201,50.0,O2,-40.95005,51.0,90.0
EDIN,edin3,Violation_201,54.0,Pz,-30.14207,49.0,40.0
EDIN,edin3,Violation_201,54.0,Cz,-36.57394,49.0,40.0
EDIN,edin3,Violation_201,54.0,CP1,-26.43777,49.0,40.0
EDIN,edin3,Violation_201,54.0,CP2,-44.37828,49.0,40.0
EDIN,edin3,Violation_201,54.0,P3,-3.997505,49.0,40.0
EDIN,edin3,Violation_201,54.0,P4,0.1638908,49.0,40.0
EDIN,edin3,Violation_201,54.0,C3,-52.16481,49.0,40.0
EDIN,edin3,Violation_201,54.0,C4,-32.37318,49.0,40.0
EDIN,edin3,Violation_201,54.0,P7,-42.87794,49.0,40.0
EDIN,edin3,Violation_201,54.0,P8,-10.91874,49.0,40.0
EDIN,edin3,Violation_201,54.0,O1,-5.299658,49.0,40.0
EDIN,edin3,Violation_201,54.0,O2,3.849516,49.0,40.0
EDIN,edin3,Violation_201,46.0,Pz,-2.908309,60.0,90.0
EDIN,edin3,Violation_201,46.0,Cz,8.98636,60.0,90.0
EDIN,edin3,Violation_201,46.0,CP1,10.74354,60.0,90.0
EDIN,edin3,Violation_201,46.0,CP2,17.22873,60.0,90.0
EDIN,edin3,Violation_201,46.0,P3,0.7649414,60.0,90.0
EDIN,edin3,Violation_201,46.0,P4,-1.365675,60.0,90.0
EDIN,edin3,Violation_201,46.0,C3,2.382267,60.0,90.0
EDIN,edin3,Violation_201,46.0,C4,15.38712,60.0,90.0
EDIN,edin3,Violation_201,46.0,P7,-15.49664,60.0,90.0
EDIN,edin3,Violation_201,46.0,P8,1.291508,60.0,90.0
EDIN,edin3,Violation_201,46.0,O1,34.83569,60.0,90.0
EDIN,edin3,Violation_201,46.0,O2,31.21854,60.0,90.0
EDIN,edin3,Violation_201,42.0,Pz,4.068986,50.0,37.0
EDIN,edin3,Violation_201,42.0,Cz,7.976408,50.0,37.0
EDIN,edin3,Violation_201,42.0,CP1,17.21321,50.0,37.0
EDIN,edin3,Violation_201,42.0,CP2,8.813744,50.0,37.0
EDIN,edin3,Violation_201,42.0,P3,25.40638,50.0,37.0
EDIN,edin3,Violation_201,42.0,P4,6.570887,50.0,37.0
EDIN,edin3,Violation_201,42.0,C3,26.8476,50.0,37.0
EDIN,edin3,Violation_201,42.0,C4,-0.7540364,50.0,37.0
EDIN,edin3,Violation_201,42.0,P7,13.57036,50.0,37.0
EDIN,edin3,Violation_201,42.0,P8,-10.34575,50.0,37.0
EDIN,edin3,Violation_201,42.0,O1,-9.618224,50.0,37.0
EDIN,edin3,Violation_201,42.0,O2,-11.9332,50.0,37.0
EDIN,edin3,Control_202,53.0,Pz,-19.84198,45.0,67.0
EDIN,edin3,Control_202,53.0,Cz,-13.71592,45.0,67.0
EDIN,edin3,Control_202,53.0,CP1,-14.86106,45.0,67.0
EDIN,edin3,Control_202,53.0,CP2,-19.82894,45.0,67.0
EDIN,edin3,Control_202,53.0,P3,-11.78635,45.0,67.0
EDIN,edin3,Control_202,53.0,P4,-19.53639,45.0,67.0
EDIN,edin3,Control_202,53.0,C3,9.783258,45.0,67.0
EDIN,edin3,Control_202,53.0,C4,-21.60074,45.0,67.0
EDIN,edin3,Control_202,53.0,P7,-19.46121,45.0,67.0
EDIN,edin3,Control_202,53.0,P8,-15.54342,45.0,67.0
EDIN,edin3,Control_202,53.0,O1,-2.452913,45.0,67.0
EDIN,edin3,Control_202,53.0,O2,-18.71651,45.0,67.0
EDIN,edin3,Violation_201,58.0,Pz,-25.28985,57.0,69.0
EDIN,edin3,Violation_201,58.0,Cz,-31.32363,57.0,69.0
EDIN,edin3,Violation_201,58.0,CP1,-36.00063,57.0,69.0
EDIN,edin3,Violation_201,58.0,CP2,-31.47281,57.0,69.0
EDIN,edin3,Violation_201,58.0,P3,-10.84713,57.0,69.0
EDIN,edin3,Violation_201,58.0,P4,-15.71515,57.0,69.0
EDIN,edin3,Violation_201,58.0,C3,-45.01805,57.0,69.0
EDIN,edin3,Violation_201,58.0,C4,-22.84994,57.0,69.0
EDIN,edin3,Violation_201,58.0,P7,21.15239,57.0,69.0
EDIN,edin3,Violation_201,58.0,P8,-8.773932,57.0,69.0
EDIN,edin3,Violation_201,58.0,O1,-35.27276,57.0,69.0
EDIN,edin3,Violation_201,58.0,O2,-31.41154,57.0,69.0
EDIN,edin3,Control_202,45.0,Pz,-46.29999,59.0,73.0
EDIN,edin3,Control_202,45.0,Cz,-29.23951,59.0,73.0
EDIN,edin3,Control_202,45.0,CP1,-36.99736,59.0,73.0
EDIN,edin3,Control_202,45.0,CP2,-25.32315,59.0,73.0
EDIN,edin3,Control_202,45.0,P3,-36.46829,59.0,73.0
EDIN,edin3,Control_202,45.0,P4,-39.65914,59.0,73.0
EDIN,edin3,Control_202,45.0,C3,-38.72793,59.0,73.0
EDIN,edin3,Control_202,45.0,C4,-20.71934,59.0,73.0
EDIN,edin3,Control_202,45.0,P7,-4.748908,59.0,73.0
EDIN,edin3,Control_202,45.0,P8,-36.9319,59.0,73.0
EDIN,edin3,Control_202,45.0,O1,-44.21408,59.0,73.0
EDIN,edin3,Control_202,45.0,O2,-45.52565,59.0,73.0
EDIN,edin3,Control_202,49.0,Pz,39.30859,53.0,93.0
EDIN,edin3,Control_202,49.0,Cz,39.88783,53.0,93.0
EDIN,edin3,Control_202,49.0,CP1,41.1891,53.0,93.0
EDIN,edin3,Control_202,49.0,CP2,36.55366,53.0,93.0
EDIN,edin3,Control_202,49.0,P3,33.82601,53.0,93.0
EDIN,edin3,Control_202,49.0,P4,26.77345,53.0,93.0
EDIN,edin3,Control_202,49.0,C3,53.3947,53.0,93.0
EDIN,edin3,Control_202,49.0,C4,41.27272,53.0,93.0
EDIN,edin3,Control_202,49.0,P7,-16.00909,53.0,93.0
EDIN,edin3,Control_202,49.0,P8,21.00162,53.0,93.0
EDIN,edin3,Control_202,49.0,O1,47.4168,53.0,93.0
EDIN,edin3,Control_202,49.0,O2,31.55711,53.0,93.0
EDIN,edin3,Control_202,41.0,Pz,-20.00591,44.0,90.0
EDIN,edin3,Control_202,41.0,Cz,-10.78353,44.0,90.0
EDIN,edin3,Control_202,41.0,CP1,-9.294536,44.0,90.0
EDIN,edin3,Control_202,41.0,CP2,-12.98664,44.0,90.0
EDIN,edin3,Control_202,41.0,P3,-21.64803,44.0,90.0
EDIN,edin3,Control_202,41.0,P4,-10.06633,44.0,90.0
EDIN,edin3,Control_202,41.0,C3,8.982893,44.0,90.0
EDIN,edin3,Control_202,41.0,C4,-16.0389,44.0,90.0
EDIN,edin3,Control_202,41.0,P7,-12.1118,44.0,90.0
EDIN,edin3,Control_202,41.0,P8,-1.642311,44.0,90.0
EDIN,edin3,Control_202,41.0,O1,-2.083318,44.0,90.0
EDIN,edin3,Control_202,41.0,O2,-18.75232,44.0,90.0
EDIN,edin3,Control_202,57.0,Pz,-0.4795529,41.0,100.0
EDIN,edin3,Control_202,57.0,Cz,8.18249,41.0,100.0
EDIN,edin3,Control_202,57.0,CP1,-1.151002,41.0,100.0
EDIN,edin3,Control_202,57.0,CP2,9.239652,41.0,100.0
EDIN,edin3,Control_202,57.0,P3,17.42377,41.0,100.0
EDIN,edin3,Control_202,57.0,P4,9.78414,41.0,100.0
EDIN,edin3,Control_202,57.0,C3,11.38398,41.0,100.0
EDIN,edin3,Control_202,57.0,C4,1.960408,41.0,100.0
EDIN,edin3,Control_202,57.0,P7,34.35912,41.0,100.0
EDIN,edin3,Control_202,57.0,P8,-3.63679,41.0,100.0
EDIN,edin3,Control_202,57.0,O1,-7.040933,41.0,100.0
EDIN,edin3,Control_202,57.0,O2,-18.12164,41.0,100.0
EDIN,edin3,Control_202,65.0,Pz,-27.86966,69.0,93.0
EDIN,edin3,Control_202,65.0,Cz,-34.35261,69.0,93.0
EDIN,edin3,Control_202,65.0,CP1,-26.04805,69.0,93.0
EDIN,edin3,Control_202,65.0,CP2,-40.61265,69.0,93.0
EDIN,edin3,Control_202,65.0,P3,-26.63039,69.0,93.0
EDIN,edin3,Control_202,65.0,P4,-19.67234,69.0,93.0
EDIN,edin3,Control_202,65.0,C3,-23.96381,69.0,93.0
EDIN,edin3,Control_202,65.0,C4,-24.75337,69.0,93.0
EDIN,edin3,Control_202,65.0,P7,-2.058078,69.0,93.0
EDIN,edin3,Control_202,65.0,P8,-18.94164,69.0,93.0
EDIN,edin3,Control_202,65.0,O1,-1.790602,69.0,93.0
EDIN,edin3,Control_202,65.0,O2,4.838354,69.0,93.0
EDIN,edin3,Violation_201,74.0,Pz,11.97559,71.0,90.0
EDIN,edin3,Violation_201,74.0,Cz,20.16566,71.0,90.0
EDIN,edin3,Violation_201,74.0,CP1,67.24671,71.0,90.0
EDIN,edin3,Violation_201,74.0,CP2,16.31428,71.0,90.0
EDIN,edin3,Violation_201,74.0,P3,6.311075,71.0,90.0
EDIN,edin3,Violation_201,74.0,P4,10.21906,71.0,90.0
EDIN,edin3,Violation_201,74.0,C3,44.0086,71.0,90.0
EDIN,edin3,Violation_201,74.0,C4,4.251649,71.0,90.0
EDIN,edin3,Violation_201,74.0,P7,9.315819,71.0,90.0
EDIN,edin3,Violation_201,74.0,P8,4.196829,71.0,90.0
EDIN,edin3,Violation_201,74.0,O1,12.25524,71.0,90.0
EDIN,edin3,Violation_201,74.0,O2,4.315567,71.0,90.0
EDIN,edin3,Control_202,61.0,Pz,-15.90338,65.0,93.0
EDIN,edin3,Control_202,61.0,Cz,-8.611341,65.0,93.0
EDIN,edin3,Control_202,61.0,CP1,4.974891,65.0,93.0
EDIN,edin3,Control_202,61.0,CP2,0.2886738,65.0,93.0
EDIN,edin3,Control_202,61.0,P3,-15.58127,65.0,93.0
EDIN,edin3,Control_202,61.0,P4,-4.731221,65.0,93.0
EDIN,edin3,Control_202,61.0,C3,-13.96136,65.0,93.0
EDIN,edin3,Control_202,61.0,C4,-16.4178,65.0,93.0
EDIN,edin3,Control_202,61.0,P7,-5.506133,65.0,93.0
EDIN,edin3,Control_202,61.0,P8,2.43406,65.0,93.0
EDIN,edin3,Control_202,61.0,O1,16.92485,65.0,93.0
EDIN,edin3,Control_202,61.0,O2,-9.673323,65.0,93.0
EDIN,edin3,Control_202,69.0,Pz,-5.167441,67.0,87.0
EDIN,edin3,Control_202,69.0,Cz,-19.38147,67.0,87.0
EDIN,edin3,Control_202,69.0,CP1,-15.92299,67.0,87.0
EDIN,edin3,Control_202,69.0,CP2,-15.31293,67.0,87.0
EDIN,edin3,Control_202,69.0,P3,-21.85138,67.0,87.0
EDIN,edin3,Control_202,69.0,P4,-11.96904,67.0,87.0
EDIN,edin3,Control_202,69.0,C3,-13.71526,67.0,87.0
EDIN,edin3,Control_202,69.0,C4,-14.06407,67.0,87.0
EDIN,edin3,Control_202,69.0,P7,9.511911,67.0,87.0
EDIN,edin3,Control_202,69.0,P8,-15.29726,67.0,87.0
EDIN,edin3,Control_202,69.0,O1,-8.963697,67.0,87.0
EDIN,edin3,Control_202,69.0,O2,-20.55174,67.0,87.0
EDIN,edin3,Violation_201,78.0,Pz,-11.89933,80.0,97.0
EDIN,edin3,Violation_201,78.0,Cz,-12.56298,80.0,97.0
EDIN,edin3,Violation_201,78.0,CP1,-13.06241,80.0,97.0
EDIN,edin3,Violation_201,78.0,CP2,-7.655175,80.0,97.0
EDIN,edin3,Violation_201,78.0,P3,-6.166673,80.0,97.0
EDIN,edin3,Violation_201,78.0,P4,-4.300857,80.0,97.0
EDIN,edin3,Violation_201,78.0,C3,-10.47225,80.0,97.0
EDIN,edin3,Violation_201,78.0,C4,-15.64431,80.0,97.0
EDIN,edin3,Violation_201,78.0,P7,-48.43541,80.0,97.0
EDIN,edin3,Violation_201,78.0,P8,-6.461947,80.0,97.0
EDIN,edin3,Violation_201,78.0,O1,-18.21038,80.0,97.0
EDIN,edin3,Violation_201,78.0,O2,-10.68943,80.0,97.0
EDIN,edin3,Violation_201,66.0,Pz,-23.45767,63.0,83.0
EDIN,edin3,Violation_201,66.0,Cz,-25.23236,63.0,83.0
EDIN,edin3,Violation_201,66.0,CP1,-30.49822,63.0,83.0
EDIN,edin3,Violation_201,66.0,CP2,-26.63738,63.0,83.0
EDIN,edin3,Violation_201,66.0,P3,-19.48981,63.0,83.0
EDIN,edin3,Violation_201,66.0,P4,-24.47194,63.0,83.0
EDIN,edin3,Violation_201,66.0,C3,-14.44102,63.0,83.0
EDIN,edin3,Violation_201,66.0,C4,-18.96984,63.0,83.0
EDIN,edin3,Violation_201,66.0,P7,5.675318,63.0,83.0
EDIN,edin3,Violation_201,66.0,P8,-22.29061,63.0,83.0
EDIN,edin3,Violation_201,66.0,O1,36.07425,63.0,83.0
EDIN,edin3,Violation_201,66.0,O2,-13.33728,63.0,83.0
EDIN,edin3,Control_202,77.0,Pz,37.02451,75.0,60.0
EDIN,edin3,Control_202,77.0,Cz,43.85529,75.0,60.0
EDIN,edin3,Control_202,77.0,CP1,39.70012,75.0,60.0
EDIN,edin3,Control_202,77.0,CP2,54.89595,75.0,60.0
EDIN,edin3,Control_202,77.0,P3,24.29629,75.0,60.0
EDIN,edin3,Control_202,77.0,P4,28.37727,75.0,60.0
EDIN,edin3,Control_202,77.0,C3,30.72021,75.0,60.0
EDIN,edin3,Control_202,77.0,C4,31.15539,75.0,60.0
EDIN,edin3,Control_202,77.0,P7,15.52604,75.0,60.0
EDIN,edin3,Control_202,77.0,P8,27.20651,75.0,60.0
EDIN,edin3,Control_202,77.0,O1,44.49442,75.0,60.0
EDIN,edin3,Control_202,77.0,O2,47.12683,75.0,60.0
EDIN,edin3,Violation_201,62.0,Pz,-25.453,74.0,93.0
EDIN,edin3,Violation_201,62.0,Cz,-22.79299,74.0,93.0
EDIN,edin3,Violation_201,62.0,CP1,-5.360892,74.0,93.0
EDIN,edin3,Violation_201,62.0,CP2,-37.7821,74.0,93.0
EDIN,edin3,Violation_201,62.0,P3,-25.30785,74.0,93.0
EDIN,edin3,Violation_201,62.0,P4,-31.75083,74.0,93.0
EDIN,edin3,Violation_201,62.0,C3,-22.94079,74.0,93.0
EDIN,edin3,Violation_201,62.0,C4,-33.622,74.0,93.0
EDIN,edin3,Violation_201,62.0,P7,14.39434,74.0,93.0
EDIN,edin3,Violation_201,62.0,P8,-36.55148,74.0,93.0
EDIN,edin3,Violation_201,62.0,O1,1.57129,74.0,93.0
EDIN,edin3,Violation_201,62.0,O2,-19.86869,74.0,93.0
EDIN,edin3,Control_202,73.0,Pz,14.35793,62.0,70.0
EDIN,edin3,Control_202,73.0,Cz,15.17426,62.0,70.0
EDIN,edin3,Control_202,73.0,CP1,4.942868,62.0,70.0
EDIN,edin3,Control_202,73.0,CP2,10.78654,62.0,70.0
EDIN,edin3,Control_202,73.0,P3,-7.334228,62.0,70.0
EDIN,edin3,Control_202,73.0,P4,12.68979,62.0,70.0
EDIN,edin3,Control_202,73.0,C3,-8.384908,62.0,70.0
EDIN,edin3,Control_202,73.0,C4,16.47856,62.0,70.0
EDIN,edin3,Control_202,73.0,P7,26.50049,62.0,70.0
EDIN,edin3,Control_202,73.0,P8,8.225922,62.0,70.0
EDIN,edin3,Control_202,73.0,O1,-7.174016,62.0,70.0
EDIN,edin3,Control_202,73.0,O2,20.99861,62.0,70.0
EDIN,edin3,Violation_201,70.0,Pz,-20.56208,66.0,23.0
EDIN,edin3,Violation_201,70.0,Cz,-19.56564,66.0,23.0
EDIN,edin3,Violation_201,70.0,CP1,-25.97456,66.0,23.0
EDIN,edin3,Violation_201,70.0,CP2,-32.94539,66.0,23.0
EDIN,edin3,Violation_201,70.0,P3,-15.14665,66.0,23.0
EDIN,edin3,Violation_201,70.0,P4,-16.07735,66.0,23.0
EDIN,edin3,Violation_201,70.0,C3,-22.14921,66.0,23.0
EDIN,edin3,Violation_201,70.0,C4,-24.68312,66.0,23.0
EDIN,edin3,Violation_201,70.0,P7,-22.95072,66.0,23.0
EDIN,edin3,Violation_201,70.0,P8,-25.40442,66.0,23.0
EDIN,edin3,Violation_201,70.0,O1,6.196883,66.0,23.0
EDIN,edin3,Violation_201,70.0,O2,-13.56721,66.0,23.0
EDIN,edin40,Control_202,1.0,Pz,9.319258,16.0,93.0
EDIN,edin40,Control_202,1.0,Cz,18.4323,16.0,93.0
EDIN,edin40,Control_202,1.0,CP1,15.73734,16.0,93.0
EDIN,edin40,Control_202,1.0,CP2,12.26054,16.0,93.0
EDIN,edin40,Control_202,1.0,P3,4.681363,16.0,93.0
EDIN,edin40,Control_202,1.0,P4,1.027027,16.0,93.0
EDIN,edin40,Control_202,1.0,C3,14.45256,16.0,93.0
EDIN,edin40,Control_202,1.0,C4,6.322451,16.0,93.0
EDIN,edin40,Control_202,1.0,P7,-9.441246,16.0,93.0
EDIN,edin40,Control_202,1.0,P8,0.969152,16.0,93.0
EDIN,edin40,Control_202,1.0,O1,-6.108718,16.0,93.0
EDIN,edin40,Control_202,1.0,O2,-14.27951,16.0,93.0
EDIN,edin40,Control_202,13.0,Pz,-25.17184,9.0,93.0
EDIN,edin40,Control_202,13.0,Cz,-23.45494,9.0,93.0
EDIN,edin40,Control_202,13.0,CP1,-11.0717,9.0,93.0
EDIN,edin40,Control_202,13.0,CP2,-7.831578,9.0,93.0
EDIN,edin40,Control_202,13.0,P3,-24.4677,9.0,93.0
EDIN,edin40,Control_202,13.0,P4,-23.06155,9.0,93.0
EDIN,edin40,Control_202,13.0,C3,-15.24548,9.0,93.0
EDIN,edin40,Control_202,13.0,C4,-2.243172,9.0,93.0
EDIN,edin40,Control_202,13.0,P7,-19.53639,9.0,93.0
EDIN,edin40,Control_202,13.0,P8,-23.47868,9.0,93.0
EDIN,edin40,Control_202,13.0,O1,-22.39845,9.0,93.0
EDIN,edin40,Control_202,13.0,O2,-52.93576,9.0,93.0
EDIN,edin40,Violation_201,10.0,Pz,-11.33861,14.0,90.0
EDIN,edin40,Violation_201,10.0,Cz,-14.75653,14.0,90.0
EDIN,edin40,Violation_201,10.0,CP1,-9.854069,14.0,90.0
EDIN,edin40,Violation_201,10.0,CP2,-10.00203,14.0,90.0
EDIN,edin40,Violation_201,10.0,P3,-7.121664,14.0,90.0
EDIN,edin40,Violation_201,10.0,P4,-7.228392,14.0,90.0
EDIN,edin40,Violation_201,10.0,C3,-9.734148,14.0,90.0
EDIN,edin40,Violation_201,10.0,C4,-3.177679,14.0,90.0
EDIN,edin40,Violation_201,10.0,P7,-4.505092,14.0,90.0
EDIN,edin40,Violation_201,10.0,P8,-6.364431,14.0,90.0
EDIN,edin40,Violation_201,10.0,O1,2.472939,14.0,90.0
EDIN,edin40,Violation_201,10.0,O2,-9.670873,14.0,90.0
EDIN,edin40,Violation_201,6.0,Pz,5.12854,4.0,93.0
EDIN,edin40,Violation_201,6.0,Cz,3.793844,4.0,93.0
EDIN,edin40,Violation_201,6.0,CP1,6.584232,4.0,93.0
EDIN,edin40,Violation_201,6.0,CP2,11.039,4.0,93.0
EDIN,edin40,Violation_201,6.0,P3,3.062161,4.0,93.0
EDIN,edin40,Violation_201,6.0,P4,-0.2914617,4.0,93.0
EDIN,edin40,Violation_201,6.0,C3,-2.914024,4.0,93.0
EDIN,edin40,Violation_201,6.0,C4,-2.211018,4.0,93.0
EDIN,edin40,Violation_201,6.0,P7,-5.23511,4.0,93.0
EDIN,edin40,Violation_201,6.0,P8,0.6438699,4.0,93.0
EDIN,edin40,Violation_201,6.0,O1,-8.367746,4.0,93.0
EDIN,edin40,Violation_201,6.0,O2,-8.151655,4.0,93.0
EDIN,edin40,Control_202,17.0,Pz,5.602331,19.0,100.0
EDIN,edin40,Control_202,17.0,Cz,2.6807,19.0,100.0
EDIN,edin40,Control_202,17.0,CP1,-1.036833,19.0,100.0
EDIN,edin40,Control_202,17.0,CP2,-4.105523,19.0,100.0
EDIN,edin40,Control_202,17.0,P3,4.639427,19.0,100.0
EDIN,edin40,Control_202,17.0,P4,-2.748523,19.0,100.0
EDIN,edin40,Control_202,17.0,C3,3.200653,19.0,100.0
EDIN,edin40,Control_202,17.0,C4,8.336842,19.0,100.0
EDIN,edin40,Control_202,17.0,P7,2.037567,19.0,100.0
EDIN,edin40,Control_202,17.0,P8,-2.552034,19.0,100.0
EDIN,edin40,Control_202,17.0,O1,-2.549156,19.0,100.0
EDIN,edin40,Control_202,17.0,O2,-4.17342,19.0,100.0
EDIN,edin40,Violation_201,14.0,Pz,-28.11717,15.0,90.0
EDIN,edin40,Violation_201,14.0,Cz,-29.22379,15.0,90.0
EDIN,edin40,Violation_201,14.0,CP1,-31.68702,15.0,90.0
EDIN,edin40,Violation_201,14.0,CP2,-32.28065,15.0,90.0
EDIN,edin40,Violation_201,14.0,P3,-28.43121,15.0,90.0
EDIN,edin40,Violation_201,14.0,P4,-18.96733,15.0,90.0
EDIN,edin40,Violation_201,14.0,C3,-32.77301,15.0,90.0
EDIN,edin40,Violation_201,14.0,C4,-25.96199,15.0,90.0
EDIN,edin40,Violation_201,14.0,P7,-20.55889,15.0,90.0
EDIN,edin40,Violation_201,14.0,P8,-19.23028,15.0,90.0
EDIN,edin40,Violation_201,14.0,O1,-16.53713,15.0,90.0
EDIN,edin40,Violation_201,14.0,O2,-8.274771,15.0,90.0
EDIN,edin40,Control_202,9.0,Pz,5.773164,17.0,62.0
EDIN,edin40,Control_202,9.0,Cz,6.819064,17.0,62.0
EDIN,edin40,Control_202,9.0,CP1,0.3224991,17.0,62.0
EDIN,edin40,Control_202,9.0,CP2,8.582415,17.0,62.0
EDIN,edin40,Control_202,9.0,P3,19.47771,17.0,62.0
EDIN,edin40,Control_202,9.0,P4,9.933146,17.0,62.0
EDIN,edin40,Control_202,9.0,C3,7.64789,17.0,62.0
EDIN,edin40,Control_202,9.0,C4,16.49976,17.0,62.0
EDIN,edin40,Control_202,9.0,P7,7.276324,17.0,62.0
EDIN,edin40,Control_202,9.0,P8,9.394573,17.0,62.0
EDIN,edin40,Control_202,9.0,O1,7.911077,17.0,62.0
EDIN,edin40,Control_202,9.0,O2,8.02512,17.0,62.0
EDIN,edin40,Control_202,5.0,Pz,-3.689628,10.0,80.0
EDIN,edin40,Control_202,5.0,Cz,1.215856,10.0,80.0
EDIN,edin40,Control_202,5.0,CP1,-3.524754,10.0,80.0
EDIN,edin40,Control_202,5.0,CP2,-8.945533,10.0,80.0
EDIN,edin40,Control_202,5.0,P3,-7.83716,10.0,80.0
EDIN,edin40,Control_202,5.0,P4,-7.155184,10.0,80.0
EDIN,edin40,Control_202,5.0,C3,-8.671474,10.0,80.0
EDIN,edin40,Control_202,5.0,C4,-13.44739,10.0,80.0
EDIN,edin40,Control_202,5.0,P7,-4.082072,10.0,80.0
EDIN,edin40,Control_202,5.0,P8,-8.245265,10.0,80.0
EDIN,edin40,Control_202,5.0,O1,-5.505908,10.0,80.0
EDIN,edin40,Control_202,5.0,O2,-5.963901,10.0,80.0
EDIN,edin40,Violation_201,2.0,Pz,-22.37635,11.0,87.0
EDIN,edin40,Violation_201,2.0,Cz,-25.73187,11.0,87.0
EDIN,edin40,Violation_201,2.0,CP1,-16.70742,11.0,87.0
EDIN,edin40,Violation_201,2.0,CP2,-19.00561,11.0,87.0
EDIN,edin40,Violation_201,2.0,P3,-20.84431,11.0,87.0
EDIN,edin40,Violation_201,2.0,P4,-21.19682,11.0,87.0
EDIN,edin40,Violation_201,2.0,C3,-14.93478,11.0,87.0
EDIN,edin40,Violation_201,2.0,C4,-20.13521,11.0,87.0
EDIN,edin40,Violation_201,2.0,P7,-19.8228,11.0,87.0
EDIN,edin40,Violation_201,2.0,P8,-21.01822,11.0,87.0
EDIN,edin40,Violation_201,2.0,O1,-25.04147,11.0,87.0
EDIN,edin40,Violation_201,2.0,O2,-22.80576,11.0,87.0
EDIN,edin40,Violation_201,18.0,Pz,6.562987,5.0,93.0
EDIN,edin40,Violation_201,18.0,Cz,4.322603,5.0,93.0
EDIN,edin40,Violation_201,18.0,CP1,2.627394,5.0,93.0
EDIN,edin40,Violation_201,18.0,CP2,4.572124,5.0,93.0
EDIN,edin40,Violation_201,18.0,P3,1.370466,5.0,93.0
EDIN,edin40,Violation_201,18.0,P4,5.56898,5.0,93.0
EDIN,edin40,Violation_201,18.0,C3,5.189611,5.0,93.0
EDIN,edin40,Violation_201,18.0,C4,4.417489,5.0,93.0
EDIN,edin40,Violation_201,18.0,P7,8.862638,5.0,93.0
EDIN,edin40,Violation_201,18.0,P8,4.856091,5.0,93.0
EDIN,edin40,Violation_201,18.0,O1,10.55379,5.0,93.0
EDIN,edin40,Violation_201,18.0,O2,-4.865211,5.0,93.0
EDIN,edin40,Violation_201,30.0,Pz,7.498079,32.0,80.0
EDIN,edin40,Violation_201,30.0,Cz,7.585208,32.0,80.0
EDIN,edin40,Violation_201,30.0,CP1,6.80182,32.0,80.0
EDIN,edin40,Violation_201,30.0,CP2,8.90394,32.0,80.0
EDIN,edin40,Violation_201,30.0,P3,4.24096,32.0,80.0
EDIN,edin40,Violation_201,30.0,P4,5.558013,32.0,80.0
EDIN,edin40,Violation_201,30.0,C3,3.748721,32.0,80.0
EDIN,edin40,Violation_201,30.0,C4,8.966905,32.0,80.0
EDIN,edin40,Violation_201,30.0,P7,2.985157,32.0,80.0
EDIN,edin40,Violation_201,30.0,P8,5.542538,32.0,80.0
EDIN,edin40,Violation_201,30.0,O1,4.054593,32.0,80.0
EDIN,edin40,Violation_201,30.0,O2,2.653693,32.0,80.0
EDIN,edin40,Violation_201,26.0,Pz,2.191368,31.0,77.0
EDIN,edin40,Violation_201,26.0,Cz,-3.70302,31.0,77.0
EDIN,edin40,Violation_201,26.0,CP1,4.057126,31.0,77.0
EDIN,edin40,Violation_201,26.0,CP2,2.202915,31.0,77.0
EDIN,edin40,Violation_201,26.0,P3,4.699634,31.0,77.0
EDIN,edin40,Violation_201,26.0,P4,2.18771,31.0,77.0
EDIN,edin40,Violation_201,26.0,C3,7.691841,31.0,77.0
EDIN,edin40,Violation_201,26.0,C4,15.28882,31.0,77.0
EDIN,edin40,Violation_201,26.0,P7,5.673672,31.0,77.0
EDIN,edin40,Violation_201,26.0,P8,1.338791,31.0,77.0
EDIN,edin40,Violation_201,26.0,O1,2.117892,31.0,77.0
EDIN,edin40,Violation_201,26.0,O2,-5.882304,31.0,77.0
EDIN,edin40,Violation_201,38.0,Pz,5.550133,29.0,90.0
EDIN,edin40,Violation_201,38.0,Cz,-9.960183,29.0,90.0
EDIN,edin40,Violation_201,38.0,CP1,5.016676,29.0,90.0
EDIN,edin40,Violation_201,38.0,CP2,5.113761,29.0,90.0
EDIN,edin40,Violation_201,38.0,P3,17.15814,29.0,90.0
EDIN,edin40,Violation_201,38.0,P4,0.5703755,29.0,90.0
EDIN,edin40,Violation_201,38.0,C3,15.12595,29.0,90.0
EDIN,edin40,Violation_201,38.0,C4,25.53051,29.0,90.0
EDIN,edin40,Violation_201,38.0,P7,4.704885,29.0,90.0
EDIN,edin40,Violation_201,38.0,P8,0.4606382,29.0,90.0
EDIN,edin40,Violation_201,38.0,O1,7.626357,29.0,90.0
EDIN,edin40,Violation_201,38.0,O2,-15.19015,29.0,90.0
EDIN,edin40,Control_202,33.0,Pz,-10.07395,33.0,53.0
EDIN,edin40,Control_202,33.0,Cz,-18.34641,33.0,53.0
EDIN,edin40,Control_202,33.0,CP1,-13.61769,33.0,53.0
EDIN,edin40,Control_202,33.0,CP2,-15.78943,33.0,53.0
EDIN,edin40,Control_202,33.0,P3,-2.832806,33.0,53.0
EDIN,edin40,Control_202,33.0,P4,-10.57148,33.0,53.0
EDIN,edin40,Control_202,33.0,C3,-5.413972,33.0,53.0
EDIN,edin40,Control_202,33.0,C4,8.410157,33.0,53.0
EDIN,edin40,Control_202,33.0,P7,-1.506234,33.0,53.0
EDIN,edin40,Control_202,33.0,P8,-9.998206,33.0,53.0
EDIN,edin40,Control_202,33.0,O1,-22.01208,33.0,53.0
EDIN,edin40,Control_202,33.0,O2,-15.70006,33.0,53.0
EDIN,edin40,Control_202,21.0,Pz,-21.70687,39.0,97.0
EDIN,edin40,Control_202,21.0,Cz,-22.78209,39.0,97.0
EDIN,edin40,Control_202,21.0,CP1,-25.29996,39.0,97.0
EDIN,edin40,Control_202,21.0,CP2,-26.54665,39.0,97.0
EDIN,edin40,Control_202,21.0,P3,-26.68542,39.0,97.0
EDIN,edin40,Control_202,21.0,P4,-20.10795,39.0,97.0
EDIN,edin40,Control_202,21.0,C3,-26.13858,39.0,97.0
EDIN,edin40,Control_202,21.0,C4,-33.26227,39.0,97.0
EDIN,edin40,Control_202,21.0,P7,-18.8435,39.0,97.0
EDIN,edin40,Control_202,21.0,P8,-20.47049,39.0,97.0
EDIN,edin40,Control_202,21.0,O1,-20.39676,39.0,97.0
EDIN,edin40,Control_202,21.0,O2,-30.67658,39.0,97.0
EDIN,edin40,Violation_201,34.0,Pz,-10.57808,21.0,77.0
EDIN,edin40,Violation_201,34.0,Cz,3.510005,21.0,77.0
EDIN,edin40,Violation_201,34.0,CP1,-10.33993,21.0,77.0
EDIN,edin40,Violation_201,34.0,CP2,-6.876675,21.0,77.0
EDIN,edin40,Violation_201,34.0,P3,-21.53288,21.0,77.0
EDIN,edin40,Violation_201,34.0,P4,-10.21674,21.0,77.0
EDIN,edin40,Violation_201,34.0,C3,-17.15771,21.0,77.0
EDIN,edin40,Violation_201,34.0,C4,-28.44512,21.0,77.0
EDIN,edin40,Violation_201,34.0,P7,-5.219064,21.0,77.0
EDIN,edin40,Violation_201,34.0,P8,-10.37735,21.0,77.0
EDIN,edin40,Violation_201,34.0,O1,-13.3196,21.0,77.0
EDIN,edin40,Violation_201,34.0,O2,-16.25729,21.0,77.0
EDIN,edin40,Violation_201,22.0,Pz,-5.322597,36.0,77.0
EDIN,edin40,Violation_201,22.0,Cz,-3.905871,36.0,77.0
EDIN,edin40,Violation_201,22.0,CP1,-6.500868,36.0,77.0
EDIN,edin40,Violation_201,22.0,CP2,-1.861914,36.0,77.0
EDIN,edin40,Violation_201,22.0,P3,-7.812582,36.0,77.0
EDIN,edin40,Violation_201,22.0,P4,-7.507809,36.0,77.0
EDIN,edin40,Violation_201,22.0,C3,-10.03916,36.0,77.0
EDIN,edin40,Violation_201,22.0,C4,-6.438828,36.0,77.0
EDIN,edin40,Violation_201,22.0,P7,-2.213958,36.0,77.0
EDIN,edin40,Violation_201,22.0,P8,-7.055189,36.0,77.0
EDIN,edin40,Violation_201,22.0,O1,-11.72493,36.0,77.0
EDIN,edin40,Violation_201,22.0,O2,-6.449669,36.0,77.0
EDIN,edin40,Control_202,37.0,Pz,8.616061,37.0,80.0
EDIN,edin40,Control_202,37.0,Cz,6.128408,37.0,80.0
EDIN,edin40,Control_202,37.0,CP1,0.2478223,37.0,80.0
EDIN,edin40,Control_202,37.0,CP2,9.975537,37.0,80.0
EDIN,edin40,Control_202,37.0,P3,14.85689,37.0,80.0
EDIN,edin40,Control_202,37.0,P4,5.485653,37.0,80.0
EDIN,edin40,Control_202,37.0,C3,3.127718,37.0,80.0
EDIN,edin40,Control_202,37.0,C4,17.37475,37.0,80.0
EDIN,edin40,Control_202,37.0,P7,-1.350549,37.0,80.0
EDIN,edin40,Control_202,37.0,P8,5.602504,37.0,80.0
EDIN,edin40,Control_202,37.0,O1,-1.804707,37.0,80.0
EDIN,edin40,Control_202,37.0,O2,-7.457937,37.0,80.0
EDIN,edin40,Violation_201,29.0,Pz,2.145952,24.0,93.0
EDIN,edin40,Violation_201,29.0,Cz,-3.619542,24.0,93.0
EDIN,edin40,Violation_201,29.0,CP1,2.941021,24.0,93.0
EDIN,edin40,Violation_201,29.0,CP2,-0.3046511,24.0,93.0
EDIN,edin40,Violation_201,29.0,P3,8.752766,24.0,93.0
EDIN,edin40,Violation_201,29.0,P4,-2.394336,24.0,93.0
EDIN,edin40,Violation_201,29.0,C3,5.065495,24.0,93.0
EDIN,edin40,Violation_201,29.0,C4,16.29992,24.0,93.0
EDIN,edin40,Violation_201,29.0,P7,-3.145953,24.0,93.0
EDIN,edin40,Violation_201,29.0,P8,-1.584404,24.0,93.0
EDIN,edin40,Violation_201,29.0,O1,-4.500057,24.0,93.0
EDIN,edin40,Violation_201,29.0,O2,-3.764289,24.0,93.0
EDIN,edin40,Control_202,25.0,Pz,0.2002682,28.0,27.0
EDIN,edin40,Control_202,25.0,Cz,11.54264,28.0,27.0
EDIN,edin40,Control_202,25.0,CP1,-3.566649,28.0,27.0
EDIN,edin40,Control_202,25.0,CP2,0.8791986,28.0,27.0
EDIN,edin40,Control_202,25.0,P3,-3.558421,28.0,27.0
EDIN,edin40,Control_202,25.0,P4,-4.419578,28.0,27.0
EDIN,edin40,Control_202,25.0,C3,-6.433297,28.0,27.0
EDIN,edin40,Control_202,25.0,C4,-6.120147,28.0,27.0
EDIN,edin40,Control_202,25.0,P7,-1.759481,28.0,27.0
EDIN,edin40,Control_202,25.0,P8,-3.907936,28.0,27.0
EDIN,edin40,Control_202,25.0,O1,-2.321492,28.0,27.0
EDIN,edin40,Control_202,25.0,O2,0.9134742,28.0,27.0
EDIN,edin40,Control_202,41.0,Pz,12.35589,43.0,93.0
EDIN,edin40,Control_202,41.0,Cz,-3.591123,43.0,93.0
EDIN,edin40,Control_202,41.0,CP1,3.493754,43.0,93.0
EDIN,edin40,Control_202,41.0,CP2,12.33736,43.0,93.0
EDIN,edin40,Control_202,41.0,P3,5.089763,43.0,93.0
EDIN,edin40,Control_202,41.0,P4,18.95835,43.0,93.0
EDIN,edin40,Control_202,41.0,C3,-3.851843,43.0,93.0
EDIN,edin40,Control_202,41.0,C4,8.101712,43.0,93.0
EDIN,edin40,Control_202,41.0,P7,5.119881,43.0,93.0
EDIN,edin40,Control_202,41.0,P8,18.8365,43.0,93.0
EDIN,edin40,Control_202,41.0,O1,16.06554,43.0,93.0
EDIN,edin40,Control_202,41.0,O2,12.67235,43.0,93.0
EDIN,edin40,Control_202,49.0,Pz,0.892763,54.0,77.0
EDIN,edin40,Control_202,49.0,Cz,-2.61296,54.0,77.0
EDIN,edin40,Control_202,49.0,CP1,12.82178,54.0,77.0
EDIN,edin40,Control_202,49.0,CP2,5.272898,54.0,77.0
EDIN,edin40,Control_202,49.0,P3,1.072873,54.0,77.0
EDIN,edin40,Control_202,49.0,P4,-7.53093,54.0,77.0
EDIN,edin40,Control_202,49.0,C3,11.34588,54.0,77.0
EDIN,edin40,Control_202,49.0,C4,-3.816843,54.0,77.0
EDIN,edin40,Control_202,49.0,P7,-4.798803,54.0,77.0
EDIN,edin40,Control_202,49.0,P8,-7.151816,54.0,77.0
EDIN,edin40,Control_202,49.0,O1,-7.215036,54.0,77.0
EDIN,edin40,Control_202,49.0,O2,3.846247,54.0,77.0
EDIN,edin40,Control_202,53.0,Pz,14.62348,42.0,37.0
EDIN,edin40,Control_202,53.0,Cz,8.526376,42.0,37.0
EDIN,edin40,Control_202,53.0,CP1,10.90199,42.0,37.0
EDIN,edin40,Control_202,53.0,CP2,15.75237,42.0,37.0
EDIN,edin40,Control_202,53.0,P3,16.41582,42.0,37.0
EDIN,edin40,Control_202,53.0,P4,15.91563,42.0,37.0
EDIN,edin40,Control_202,53.0,C3,6.484735,42.0,37.0
EDIN,edin40,Control_202,53.0,C4,21.77098,42.0,37.0
EDIN,edin40,Control_202,53.0,P7,8.24453,42.0,37.0
EDIN,edin40,Control_202,53.0,P8,16.09886,42.0,37.0
EDIN,edin40,Control_202,53.0,O1,16.08003,42.0,37.0
EDIN,edin40,Control_202,53.0,O2,34.64865,42.0,37.0
EDIN,edin40,Violation_201,54.0,Pz,-15.75114,45.0,67.0
EDIN,edin40,Violation_201,54.0,Cz,-9.733754,45.0,67.0
EDIN,edin40,Violation_201,54.0,CP1,-19.0034,45.0,67.0
EDIN,edin40,Violation_201,54.0,CP2,-11.83239,45.0,67.0
EDIN,edin40,Violation_201,54.0,P3,-16.47229,45.0,67.0
EDIN,edin40,Violation_201,54.0,P4,-8.841994,45.0,67.0
EDIN,edin40,Violation_201,54.0,C3,-8.693199,45.0,67.0
EDIN,edin40,Violation_201,54.0,C4,-12.901,45.0,67.0
EDIN,edin40,Violation_201,54.0,P7,-13.59592,45.0,67.0
EDIN,edin40,Violation_201,54.0,P8,-8.370674,45.0,67.0
EDIN,edin40,Violation_201,54.0,O1,-20.53755,45.0,67.0
EDIN,edin40,Violation_201,54.0,O2,-24.23223,45.0,67.0
EDIN,edin40,Violation_201,46.0,Pz,9.669085,48.0,87.0
EDIN,edin40,Violation_201,46.0,Cz,16.72147,48.0,87.0
EDIN,edin40,Violation_201,46.0,CP1,17.5329,48.0,87.0
EDIN,edin40,Violation_201,46.0,CP2,14.99899,48.0,87.0
EDIN,edin40,Violation_201,46.0,P3,2.799463,48.0,87.0
EDIN,edin40,Violation_201,46.0,P4,4.40743,48.0,87.0
EDIN,edin40,Violation_201,46.0,C3,16.83849,48.0,87.0
EDIN,edin40,Violation_201,46.0,C4,10.69612,48.0,87.0
EDIN,edin40,Violation_201,46.0,P7,6.666324,48.0,87.0
EDIN,edin40,Violation_201,46.0,P8,4.725512,48.0,87.0
EDIN,edin40,Violation_201,46.0,O1,8.885522,48.0,87.0
EDIN,edin40,Violation_201,46.0,O2,-0.6444215,48.0,87.0
EDIN,edin40,Violation_201,42.0,Pz,-1.651871,41.0,100.0
EDIN,edin40,Violation_201,42.0,Cz,-4.636928,41.0,100.0
EDIN,edin40,Violation_201,42.0,CP1,3.988005,41.0,100.0
EDIN,edin40,Violation_201,42.0,CP2,4.641213,41.0,100.0
EDIN,edin40,Violation_201,42.0,P3,10.94315,41.0,100.0
EDIN,edin40,Violation_201,42.0,P4,-1.014318,41.0,100.0
EDIN,edin40,Violation_201,42.0,C3,5.824119,41.0,100.0
EDIN,edin40,Violation_201,42.0,C4,15.29031,41.0,100.0
EDIN,edin40,Violation_201,42.0,P7,18.31684,41.0,100.0
EDIN,edin40,Violation_201,42.0,P8,-0.07296798,41.0,100.0
EDIN,edin40,Violation_201,42.0,O1,14.96457,41.0,100.0
EDIN,edin40,Violation_201,42.0,O2,14.73554,41.0,100.0
EDIN,edin40,Control_202,45.0,Pz,30.64457,53.0,93.0
EDIN,edin40,Control_202,45.0,Cz,27.63236,53.0,93.0
EDIN,edin40,Control_202,45.0,CP1,37.7798,53.0,93.0
EDIN,edin40,Control_202,45.0,CP2,36.87962,53.0,93.0
EDIN,edin40,Control_202,45.0,P3,36.1807,53.0,93.0
EDIN,edin40,Control_202,45.0,P4,32.82907,53.0,93.0
EDIN,edin40,Control_202,45.0,C3,30.57118,53.0,93.0
EDIN,edin40,Control_202,45.0,C4,49.51816,53.0,93.0
EDIN,edin40,Control_202,45.0,P7,13.0188,53.0,93.0
EDIN,edin40,Control_202,45.0,P8,32.77481,53.0,93.0
EDIN,edin40,Control_202,45.0,O1,20.91861,53.0,93.0
EDIN,edin40,Control_202,45.0,O2,27.27914,53.0,93.0
EDIN,edin40,Violation_201,50.0,Pz,-12.8706,56.0,93.0
EDIN,edin40,Violation_201,50.0,Cz,-15.83897,56.0,93.0
EDIN,edin40,Violation_201,50.0,CP1,-3.935483,56.0,93.0
EDIN,edin40,Violation_201,50.0,CP2,-10.95663,56.0,93.0
EDIN,edin40,Violation_201,50.0,P3,-8.646525,56.0,93.0
EDIN,edin40,Violation_201,50.0,P4,-12.69354,56.0,93.0
EDIN,edin40,Violation_201,50.0,C3,-7.019775,56.0,93.0
EDIN,edin40,Violation_201,50.0,C4,-9.337616,56.0,93.0
EDIN,edin40,Violation_201,50.0,P7,-1.684227,56.0,93.0
EDIN,edin40,Violation_201,50.0,P8,-12.22873,56.0,93.0
EDIN,edin40,Violation_201,50.0,O1,-6.253973,56.0,93.0
EDIN,edin40,Violation_201,50.0,O2,0.5942652,56.0,93.0
EDIN,edin40,Control_202,57.0,Pz,38.73945,57.0,69.0
EDIN,edin40,Control_202,57.0,Cz,48.51398,57.0,69.0
EDIN,edin40,Control_202,57.0,CP1,37.92565,57.0,69.0
EDIN,edin40,Control_202,57.0,CP2,46.89816,57.0,69.0
EDIN,edin40,Control_202,57.0,P3,31.76242,57.0,69.0
EDIN,edin40,Control_202,57.0,P4,34.96265,57.0,69.0
EDIN,edin40,Control_202,57.0,C3,36.21748,57.0,69.0
EDIN,edin40,Control_202,57.0,C4,33.98399,57.0,69.0
EDIN,edin40,Control_202,57.0,P7,18.38591,57.0,69.0
EDIN,edin40,Control_202,57.0,P8,34.3465,57.0,69.0
EDIN,edin40,Control_202,57.0,O1,26.58609,57.0,69.0
EDIN,edin40,Control_202,57.0,O2,23.57023,57.0,69.0
EDIN,edin40,Violation_201,58.0,Pz,13.87,58.0,73.0
EDIN,edin40,Violation_201,58.0,Cz,20.57076,58.0,73.0
EDIN,edin40,Violation_201,58.0,CP1,10.61558,58.0,73.0
EDIN,edin40,Violation_201,58.0,CP2,10.2591,58.0,73.0
EDIN,edin40,Violation_201,58.0,P3,9.03998,58.0,73.0
EDIN,edin40,Violation_201,58.0,P4,5.156106,58.0,73.0
EDIN,edin40,Violation_201,58.0,C3,7.205898,58.0,73.0
EDIN,edin40,Violation_201,58.0,C4,5.64401,58.0,73.0
EDIN,edin40,Violation_201,58.0,P7,11.99436,58.0,73.0
EDIN,edin40,Violation_201,58.0,P8,4.988479,58.0,73.0
EDIN,edin40,Violation_201,58.0,O1,14.24469,58.0,73.0
EDIN,edin40,Violation_201,58.0,O2,17.22602,58.0,73.0
EDIN,edin40,Control_202,65.0,Pz,13.0157,79.0,97.0
EDIN,edin40,Control_202,65.0,Cz,3.573209,79.0,97.0
EDIN,edin40,Control_202,65.0,CP1,2.657153,79.0,97.0
EDIN,edin40,Control_202,65.0,CP2,12.05191,79.0,97.0
EDIN,edin40,Control_202,65.0,P3,17.51689,79.0,97.0
EDIN,edin40,Control_202,65.0,P4,13.01406,79.0,97.0
EDIN,edin40,Control_202,65.0,C3,5.764594,79.0,97.0
EDIN,edin40,Control_202,65.0,C4,5.773564,79.0,97.0
EDIN,edin40,Control_202,65.0,P7,18.51051,79.0,97.0
EDIN,edin40,Control_202,65.0,P8,12.8444,79.0,97.0
EDIN,edin40,Control_202,65.0,O1,18.71428,79.0,97.0
EDIN,edin40,Control_202,65.0,O2,32.07674,79.0,97.0
EDIN,edin40,Violation_201,78.0,Pz,-7.765212,80.0,97.0
EDIN,edin40,Violation_201,78.0,Cz,-5.383293,80.0,97.0
EDIN,edin40,Violation_201,78.0,CP1,-6.917182,80.0,97.0
EDIN,edin40,Violation_201,78.0,CP2,-5.030709,80.0,97.0
EDIN,edin40,Violation_201,78.0,P3,-7.976801,80.0,97.0
EDIN,edin40,Violation_201,78.0,P4,-13.6662,80.0,97.0
EDIN,edin40,Violation_201,78.0,C3,-6.11483,80.0,97.0
EDIN,edin40,Violation_201,78.0,C4,-0.09025956,80.0,97.0
EDIN,edin40,Violation_201,78.0,P7,-14.27672,80.0,97.0
EDIN,edin40,Violation_201,78.0,P8,-13.52769,80.0,97.0
EDIN,edin40,Violation_201,78.0,O1,-13.79333,80.0,97.0
EDIN,edin40,Violation_201,78.0,O2,-22.61608,80.0,97.0
EDIN,edin40,Violation_201,74.0,Pz,-4.636887,72.0,90.0
EDIN,edin40,Violation_201,74.0,Cz,-7.75998,72.0,90.0
EDIN,edin40,Violation_201,74.0,CP1,3.593634,72.0,90.0
EDIN,edin40,Violation_201,74.0,CP2,6.005523,72.0,90.0
EDIN,edin40,Violation_201,74.0,P3,4.223804,72.0,90.0
EDIN,edin40,Violation_201,74.0,P4,-2.016774,72.0,90.0
EDIN,edin40,Violation_201,74.0,C3,5.939816,72.0,90.0
EDIN,edin40,Violation_201,74.0,C4,8.821644,72.0,90.0
EDIN,edin40,Violation_201,74.0,P7,-0.1138176,72.0,90.0
EDIN,edin40,Violation_201,74.0,P8,-1.626338,72.0,90.0
EDIN,edin40,Violation_201,74.0,O1,-5.13018,72.0,90.0
EDIN,edin40,Violation_201,74.0,O2,-10.97102,72.0,90.0
EDIN,edin40,Control_202,69.0,Pz,18.96102,66.0,23.0
EDIN,edin40,Control_202,69.0,Cz,21.12632,66.0,23.0
EDIN,edin40,Control_202,69.0,CP1,19.86717,66.0,23.0
EDIN,edin40,Control_202,69.0,CP2,20.54802,66.0,23.0
EDIN,edin40,Control_202,69.0,P3,13.48088,66.0,23.0
EDIN,edin40,Control_202,69.0,P4,15.60409,66.0,23.0
EDIN,edin40,Control_202,69.0,C3,15.21282,66.0,23.0
EDIN,edin40,Control_202,69.0,C4,10.58709,66.0,23.0
EDIN,edin40,Control_202,69.0,P7,7.765883,66.0,23.0
EDIN,edin40,Control_202,69.0,P8,15.63995,66.0,23.0
EDIN,edin40,Control_202,69.0,O1,17.88028,66.0,23.0
EDIN,edin40,Control_202,69.0,O2,24.80339,66.0,23.0
EDIN,edin40,Control_202,73.0,Pz,-26.09477,77.0,100.0
EDIN,edin40,Control_202,73.0,Cz,-21.18991,77.0,100.0
EDIN,edin40,Control_202,73.0,CP1,-25.55035,77.0,100.0
EDIN,edin40,Control_202,73.0,CP2,-14.96146,77.0,100.0
EDIN,edin40,Control_202,73.0,P3,-23.33575,77.0,100.0
EDIN,edin40,Control_202,73.0,P4,-15.69674,77.0,100.0
EDIN,edin40,Control_202,73.0,C3,-27.01843,77.0,100.0
EDIN,edin40,Control_202,73.0,C4,-9.261207,77.0,100.0
EDIN,edin40,Control_202,73.0,P7,-13.22804,77.0,100.0
EDIN,edin40,Control_202,73.0,P8,-16.04805,77.0,100.0
EDIN,edin40,Control_202,73.0,O1,-23.5648,77.0,100.0
EDIN,edin40,Control_202,73.0,O2,-15.02137,77.0,100.0
EDIN,edin40,Violation_201,66.0,Pz,-9.432034,64.0,50.0
EDIN,edin40,Violation_201,66.0,Cz,-11.16241,64.0,50.0
EDIN,edin40,Violation_201,66.0,CP1,-9.48666,64.0,50.0
EDIN,edin40,Violation_201,66.0,CP2,-6.401196,64.0,50.0
EDIN,edin40,Violation_201,66.0,P3,-6.069274,64.0,50.0
EDIN,edin40,Violation_201,66.0,P4,-4.368154,64.0,50.0
EDIN,edin40,Violation_201,66.0,C3,-7.270491,64.0,50.0
EDIN,edin40,Violation_201,66.0,C4,-2.030306,64.0,50.0
EDIN,edin40,Violation_201,66.0,P7,-2.726353,64.0,50.0
EDIN,edin40,Violation_201,66.0,P8,-3.660095,64.0,50.0
EDIN,edin40,Violation_201,66.0,O1,-4.724209,64.0,50.0
EDIN,edin40,Violation_201,66.0,O2,-31.27062,64.0,50.0
EDIN,edin40,Violation_201,62.0,Pz,-23.60363,78.0,97.0
EDIN,edin40,Violation_201,62.0,Cz,-36.33739,78.0,97.0
EDIN,edin40,Violation_201,62.0,CP1,-21.83491,78.0,97.0
EDIN,edin40,Violation_201,62.0,CP2,-21.22308,78.0,97.0
EDIN,edin40,Violation_201,62.0,P3,-14.46841,78.0,97.0
EDIN,edin40,Violation_201,62.0,P4,-18.19189,78.0,97.0
EDIN,edin40,Violation_201,62.0,C3,-15.3354,78.0,97.0
EDIN,edin40,Violation_201,62.0,C4,-7.31233,78.0,97.0
EDIN,edin40,Violation_201,62.0,P7,-4.882658,78.0,97.0
EDIN,edin40,Violation_201,62.0,P8,-17.8863,78.0,97.0
EDIN,edin40,Violation_201,62.0,O1,-7.565079,78.0,97.0
EDIN,edin40,Violation_201,62.0,O2,-21.90125,78.0,97.0
EDIN,edin40,Control_202,77.0,Pz,-8.987284,70.0,57.0
EDIN,edin40,Control_202,77.0,Cz,16.24263,70.0,57.0
EDIN,edin40,Control_202,77.0,CP1,-12.6491,70.0,57.0
EDIN,edin40,Control_202,77.0,CP2,-14.36907,70.0,57.0
EDIN,edin40,Control_202,77.0,P3,-14.16825,70.0,57.0
EDIN,edin40,Control_202,77.0,P4,-17.20763,70.0,57.0
EDIN,edin40,Control_202,77.0,C3,-14.07024,70.0,57.0
EDIN,edin40,Control_202,77.0,C4,-12.30023,70.0,57.0
EDIN,edin40,Control_202,77.0,P7,-12.19512,70.0,57.0
EDIN,edin40,Control_202,77.0,P8,-17.05157,70.0,57.0
EDIN,edin40,Control_202,77.0,O1,-17.32342,70.0,57.0
EDIN,edin40,Control_202,77.0,O2,-12.88219,70.0,57.0
EDIN,edin40,Control_202,61.0,Pz,-11.66604,65.0,93.0
EDIN,edin40,Control_202,61.0,Cz,-6.325094,65.0,93.0
EDIN,edin40,Control_202,61.0,CP1,-7.625047,65.0,93.0
EDIN,edin40,Control_202,61.0,CP2,-5.622639,65.0,93.0
EDIN,edin40,Control_202,61.0,P3,-15.7239,65.0,93.0
EDIN,edin40,Control_202,61.0,P4,-9.306469,65.0,93.0
EDIN,edin40,Control_202,61.0,C3,-10.3455,65.0,93.0
EDIN,edin40,Control_202,61.0,C4,-27.6864,65.0,93.0
EDIN,edin40,Control_202,61.0,P7,-9.541698,65.0,93.0
EDIN,edin40,Control_202,61.0,P8,-9.187102,65.0,93.0
EDIN,edin40,Control_202,61.0,O1,-13.36532,65.0,93.0
EDIN,edin40,Control_202,61.0,O2,-32.24001,65.0,93.0
EDIN,edin40,Violation_201,70.0,Pz,5.831934,75.0,60.0
EDIN,edin40,Violation_201,70.0,Cz,10.16664,75.0,60.0
EDIN,edin40,Violation_201,70.0,CP1,5.585108,75.0,60.0
EDIN,edin40,Violation_201,70.0,CP2,12.3934,75.0,60.0
EDIN,edin40,Violation_201,70.0,P3,0.4806285,75.0,60.0
EDIN,edin40,Violation_201,70.0,P4,4.763325,75.0,60.0
EDIN,edin40,Violation_201,70.0,C3,2.069814,75.0,60.0
EDIN,edin40,Violation_201,70.0,C4,12.49705,75.0,60.0
EDIN,edin40,Violation_201,70.0,P7,7.390412,75.0,60.0
EDIN,edin40,Violation_201,70.0,P8,4.570514,75.0,60.0
EDIN,edin40,Violation_201,70.0,O1,5.939955,75.0,60.0
EDIN,edin40,Violation_201,70.0,O2,4.37217,75.0,60.0
EDIN,edin4,Violation_201,10.0,Pz,-11.64185,8.0,97.0
EDIN,edin4,Violation_201,10.0,Cz,-15.81616,8.0,97.0
EDIN,edin4,Violation_201,10.0,CP1,-22.77361,8.0,97.0
EDIN,edin4,Violation_201,10.0,CP2,-16.6934,8.0,97.0
EDIN,edin4,Violation_201,10.0,P3,-17.28113,8.0,97.0
EDIN,edin4,Violation_201,10.0,P4,-7.846426,8.0,97.0
EDIN,edin4,Violation_201,10.0,C3,-9.405462,8.0,97.0
EDIN,edin4,Violation_201,10.0,C4,-2.73488,8.0,97.0
EDIN,edin4,Violation_201,10.0,P7,-25.07495,8.0,97.0
EDIN,edin4,Violation_201,10.0,P8,-8.798643,8.0,97.0
EDIN,edin4,Violation_201,10.0,O1,-14.95586,8.0,97.0
EDIN,edin4,Violation_201,10.0,O2,-7.610819,8.0,97.0
EDIN,edin4,Control_202,9.0,Pz,-28.56271,20.0,90.0
EDIN,edin4,Control_202,9.0,Cz,-32.18234,20.0,90.0
EDIN,edin4,Control_202,9.0,CP1,-28.21226,20.0,90.0
EDIN,edin4,Control_202,9.0,CP2,-33.18569,20.0,90.0
EDIN,edin4,Control_202,9.0,P3,-33.79237,20.0,90.0
EDIN,edin4,Control_202,9.0,P4,-20.38995,20.0,90.0
EDIN,edin4,Control_202,9.0,C3,-27.81942,20.0,90.0
EDIN,edin4,Control_202,9.0,C4,-23.07738,20.0,90.0
EDIN,edin4,Control_202,9.0,P7,-4.965494,20.0,90.0
EDIN,edin4,Control_202,9.0,P8,-19.90203,20.0,90.0
EDIN,edin4,Control_202,9.0,O1,-15.9685,20.0,90.0
EDIN,edin4,Control_202,9.0,O2,-15.08046,20.0,90.0
EDIN,edin4,Violation_201,6.0,Pz,13.18106,3.0,100.0
EDIN,edin4,Violation_201,6.0,Cz,9.592917,3.0,100.0
EDIN,edin4,Violation_201,6.0,CP1,12.38852,3.0,100.0
EDIN,edin4,Violation_201,6.0,CP2,21.59804,3.0,100.0
EDIN,edin4,Violation_201,6.0,P3,6.035325,3.0,100.0
EDIN,edin4,Violation_201,6.0,P4,23.18694,3.0,100.0
EDIN,edin4,Violation_201,6.0,C3,8.283252,3.0,100.0
EDIN,edin4,Violation_201,6.0,C4,25.30961,3.0,100.0
EDIN,edin4,Violation_201,6.0,P7,13.7241,3.0,100.0
EDIN,edin4,Violation_201,6.0,P8,16.94076,3.0,100.0
EDIN,edin4,Violation_201,6.0,O1,15.08286,3.0,100.0
EDIN,edin4,Violation_201,6.0,O2,18.61442,3.0,100.0
EDIN,edin4,Violation_201,2.0,Pz,8.007042,15.0,90.0
EDIN,edin4,Violation_201,2.0,Cz,6.920763,15.0,90.0
EDIN,edin4,Violation_201,2.0,CP1,2.188596,15.0,90.0
EDIN,edin4,Violation_201,2.0,CP2,3.63941,15.0,90.0
EDIN,edin4,Violation_201,2.0,P3,5.129117,15.0,90.0
EDIN,edin4,Violation_201,2.0,P4,15.9683,15.0,90.0
EDIN,edin4,Violation_201,2.0,C3,8.686426,15.0,90.0
EDIN,edin4,Violation_201,2.0,C4,1.954861,15.0,90.0
EDIN,edin4,Violation_201,2.0,P7,-2.545565,15.0,90.0
EDIN,edin4,Violation_201,2.0,P8,-7.792835,15.0,90.0
EDIN,edin4,Violation_201,2.0,O1,0.3328819,15.0,90.0
EDIN,edin4,Violation_201,2.0,O2,-1.465602,15.0,90.0
EDIN,edin4,Violation_201,18.0,Pz,-7.897106,4.0,93.0
EDIN,edin4,Violation_201,18.0,Cz,-4.861487,4.0,93.0
EDIN,edin4,Violation_201,18.0,CP1,-11.2506,4.0,93.0
EDIN,edin4,Violation_201,18.0,CP2,-14.17217,4.0,93.0
EDIN,edin4,Violation_201,18.0,P3,-11.62173,4.0,93.0
EDIN,edin4,Violation_201,18.0,P4,-8.140699,4.0,93.0
EDIN,edin4,Violation_201,18.0,C3,-24.94733,4.0,93.0
EDIN,edin4,Violation_201,18.0,C4,-11.83771,4.0,93.0
EDIN,edin4,Violation_201,18.0,P7,-18.28885,4.0,93.0
EDIN,edin4,Violation_201,18.0,P8,-0.7525822,4.0,93.0
EDIN,edin4,Violation_201,18.0,O1,-7.048586,4.0,93.0
EDIN,edin4,Violation_201,18.0,O2,-3.230453,4.0,93.0
EDIN,edin4,Control_202,17.0,Pz,-8.967237,11.0,87.0
EDIN,edin4,Control_202,17.0,Cz,-2.791632,11.0,87.0
EDIN,edin4,Control_202,17.0,CP1,-11.90273,11.0,87.0
EDIN,edin4,Control_202,17.0,CP2,-2.597987,11.0,87.0
EDIN,edin4,Control_202,17.0,P3,-5.437373,11.0,87.0
EDIN,edin4,Control_202,17.0,P4,-10.03711,11.0,87.0
EDIN,edin4,Control_202,17.0,C3,-7.46645,11.0,87.0
EDIN,edin4,Control_202,17.0,C4,-6.235766,11.0,87.0
EDIN,edin4,Control_202,17.0,P7,-2.683029,11.0,87.0
EDIN,edin4,Control_202,17.0,P8,-4.186059,11.0,87.0
EDIN,edin4,Control_202,17.0,O1,-8.837376,11.0,87.0
EDIN,edin4,Control_202,17.0,O2,-0.8072852,11.0,87.0
EDIN,edin4,Control_202,5.0,Pz,11.58098,12.0,100.0
EDIN,edin4,Control_202,5.0,Cz,10.4349,12.0,100.0
EDIN,edin4,Control_202,5.0,CP1,13.45558,12.0,100.0
EDIN,edin4,Control_202,5.0,CP2,15.98223,12.0,100.0
EDIN,edin4,Control_202,5.0,P3,9.02261,12.0,100.0
EDIN,edin4,Control_202,5.0,P4,1.709591,12.0,100.0
EDIN,edin4,Control_202,5.0,C3,15.20207,12.0,100.0
EDIN,edin4,Control_202,5.0,C4,5.303718,12.0,100.0
EDIN,edin4,Control_202,5.0,P7,-7.31521,12.0,100.0
EDIN,edin4,Control_202,5.0,P8,0.4576959,12.0,100.0
EDIN,edin4,Control_202,5.0,O1,7.629128,12.0,100.0
EDIN,edin4,Control_202,5.0,O2,0.477437,12.0,100.0
EDIN,edin4,Violation_201,14.0,Pz,-12.5532,16.0,93.0
EDIN,edin4,Violation_201,14.0,Cz,-14.18383,16.0,93.0
EDIN,edin4,Violation_201,14.0,CP1,-13.36447,16.0,93.0
EDIN,edin4,Violation_201,14.0,CP2,-9.044773,16.0,93.0
EDIN,edin4,Violation_201,14.0,P3,-8.180848,16.0,93.0
EDIN,edin4,Violation_201,14.0,P4,-6.981386,16.0,93.0
EDIN,edin4,Violation_201,14.0,C3,-6.380753,16.0,93.0
EDIN,edin4,Violation_201,14.0,C4,-11.9205,16.0,93.0
EDIN,edin4,Violation_201,14.0,P7,-3.803894,16.0,93.0
EDIN,edin4,Violation_201,14.0,P8,2.074631,16.0,93.0
EDIN,edin4,Violation_201,14.0,O1,-1.792151,16.0,93.0
EDIN,edin4,Violation_201,14.0,O2,-3.115261,16.0,93.0
EDIN,edin4,Control_202,13.0,Pz,-10.1094,5.0,93.0
EDIN,edin4,Control_202,13.0,Cz,0.4586353,5.0,93.0
EDIN,edin4,Control_202,13.0,CP1,0.3093762,5.0,93.0
EDIN,edin4,Control_202,13.0,CP2,3.464571,5.0,93.0
EDIN,edin4,Control_202,13.0,P3,-3.276336,5.0,93.0
EDIN,edin4,Control_202,13.0,P4,-9.43821,5.0,93.0
EDIN,edin4,Control_202,13.0,C3,-4.129097,5.0,93.0
EDIN,edin4,Control_202,13.0,C4,-7.59511,5.0,93.0
EDIN,edin4,Control_202,13.0,P7,5.516254,5.0,93.0
EDIN,edin4,Control_202,13.0,P8,-6.797848,5.0,93.0
EDIN,edin4,Control_202,13.0,O1,3.15328,5.0,93.0
EDIN,edin4,Control_202,13.0,O2,-11.2707,5.0,93.0
EDIN,edin4,Control_202,1.0,Pz,-8.489637,10.0,80.0
EDIN,edin4,Control_202,1.0,Cz,-12.9153,10.0,80.0
EDIN,edin4,Control_202,1.0,CP1,-11.24152,10.0,80.0
EDIN,edin4,Control_202,1.0,CP2,-14.35021,10.0,80.0
EDIN,edin4,Control_202,1.0,P3,-6.329659,10.0,80.0
EDIN,edin4,Control_202,1.0,P4,-0.2996259,10.0,80.0
EDIN,edin4,Control_202,1.0,C3,-11.41999,10.0,80.0
EDIN,edin4,Control_202,1.0,C4,-14.85514,10.0,80.0
EDIN,edin4,Control_202,1.0,P7,-12.93775,10.0,80.0
EDIN,edin4,Control_202,1.0,P8,-6.056509,10.0,80.0
EDIN,edin4,Control_202,1.0,O1,-6.059172,10.0,80.0
EDIN,edin4,Control_202,1.0,O2,3.592301,10.0,80.0
EDIN,edin4,Violation_201,38.0,Pz,-10.65948,30.0,90.0
EDIN,edin4,Violation_201,38.0,Cz,-11.98739,30.0,90.0
EDIN,edin4,Violation_201,38.0,CP1,-0.7264326,30.0,90.0
EDIN,edin4,Violation_201,38.0,CP2,-12.33702,30.0,90.0
EDIN,edin4,Violation_201,38.0,P3,-10.1521,30.0,90.0
EDIN,edin4,Violation_201,38.0,P4,20.35014,30.0,90.0
EDIN,edin4,Violation_201,38.0,C3,-0.7228667,30.0,90.0
EDIN,edin4,Violation_201,38.0,C4,-1.414022,30.0,90.0
EDIN,edin4,Violation_201,38.0,P7,-8.343666,30.0,90.0
EDIN,edin4,Violation_201,38.0,P8,-4.953882,30.0,90.0
EDIN,edin4,Violation_201,38.0,O1,-5.721256,30.0,90.0
EDIN,edin4,Violation_201,38.0,O2,11.9072,30.0,90.0
EDIN,edin4,Violation_201,22.0,Pz,12.83863,38.0,93.0
EDIN,edin4,Violation_201,22.0,Cz,10.98294,38.0,93.0
EDIN,edin4,Violation_201,22.0,CP1,7.13237,38.0,93.0
EDIN,edin4,Violation_201,22.0,CP2,10.6226,38.0,93.0
EDIN,edin4,Violation_201,22.0,P3,-7.725961,38.0,93.0
EDIN,edin4,Violation_201,22.0,P4,14.85601,38.0,93.0
EDIN,edin4,Violation_201,22.0,C3,-7.714523,38.0,93.0
EDIN,edin4,Violation_201,22.0,C4,9.495802,38.0,93.0
EDIN,edin4,Violation_201,22.0,P7,10.81432,38.0,93.0
EDIN,edin4,Violation_201,22.0,P8,-1.437317,38.0,93.0
EDIN,edin4,Violation_201,22.0,O1,2.982027,38.0,93.0
EDIN,edin4,Violation_201,22.0,O2,8.648817,38.0,93.0
EDIN,edin4,Violation_201,34.0,Pz,4.483119,29.0,90.0
EDIN,edin4,Violation_201,34.0,Cz,-9.430797,29.0,90.0
EDIN,edin4,Violation_201,34.0,CP1,4.916451,29.0,90.0
EDIN,edin4,Violation_201,34.0,CP2,-0.9087077,29.0,90.0
EDIN,edin4,Violation_201,34.0,P3,9.055056,29.0,90.0
EDIN,edin4,Violation_201,34.0,P4,7.840818,29.0,90.0
EDIN,edin4,Violation_201,34.0,C3,-12.83509,29.0,90.0
EDIN,edin4,Violation_201,34.0,C4,-0.1069212,29.0,90.0
EDIN,edin4,Violation_201,34.0,P7,5.078302,29.0,90.0
EDIN,edin4,Violation_201,34.0,P8,-5.079686,29.0,90.0
EDIN,edin4,Violation_201,34.0,O1,5.112762,29.0,90.0
EDIN,edin4,Violation_201,34.0,O2,0.8704699,29.0,90.0
EDIN,edin4,Control_202,21.0,Pz,-18.78702,24.0,93.0
EDIN,edin4,Control_202,21.0,Cz,-14.23871,24.0,93.0
EDIN,edin4,Control_202,21.0,CP1,14.44192,24.0,93.0
EDIN,edin4,Control_202,21.0,CP2,-15.69388,24.0,93.0
EDIN,edin4,Control_202,21.0,P3,-8.784964,24.0,93.0
EDIN,edin4,Control_202,21.0,P4,-12.00904,24.0,93.0
EDIN,edin4,Control_202,21.0,C3,-15.12443,24.0,93.0
EDIN,edin4,Control_202,21.0,C4,-21.81114,24.0,93.0
EDIN,edin4,Control_202,21.0,P7,1.951548,24.0,93.0
EDIN,edin4,Control_202,21.0,P8,-9.186439,24.0,93.0
EDIN,edin4,Control_202,21.0,O1,-11.62743,24.0,93.0
EDIN,edin4,Control_202,21.0,O2,-12.23917,24.0,93.0
EDIN,edin4,Control_202,37.0,Pz,-13.26334,31.0,77.0
EDIN,edin4,Control_202,37.0,Cz,-7.096421,31.0,77.0
EDIN,edin4,Control_202,37.0,CP1,-13.7037,31.0,77.0
EDIN,edin4,Control_202,37.0,CP2,-1.622171,31.0,77.0
EDIN,edin4,Control_202,37.0,P3,4.291236,31.0,77.0
EDIN,edin4,Control_202,37.0,P4,-14.44333,31.0,77.0
EDIN,edin4,Control_202,37.0,C3,-9.228431,31.0,77.0
EDIN,edin4,Control_202,37.0,C4,-10.89242,31.0,77.0
EDIN,edin4,Control_202,37.0,P7,-20.20182,31.0,77.0
EDIN,edin4,Control_202,37.0,P8,-8.994006,31.0,77.0
EDIN,edin4,Control_202,37.0,O1,-11.20817,31.0,77.0
EDIN,edin4,Control_202,37.0,O2,-9.237161,31.0,77.0
EDIN,edin4,Violation_201,29.0,Pz,45.80783,32.0,80.0
EDIN,edin4,Violation_201,29.0,Cz,37.95318,32.0,80.0
EDIN,edin4,Violation_201,29.0,CP1,40.21486,32.0,80.0
EDIN,edin4,Violation_201,29.0,CP2,44.8673,32.0,80.0
EDIN,edin4,Violation_201,29.0,P3,38.30425,32.0,80.0
EDIN,edin4,Violation_201,29.0,P4,12.77904,32.0,80.0
EDIN,edin4,Violation_201,29.0,C3,47.74134,32.0,80.0
EDIN,edin4,Violation_201,29.0,C4,19.71602,32.0,80.0
EDIN,edin4,Violation_201,29.0,P7,28.74412,32.0,80.0
EDIN,edin4,Violation_201,29.0,P8,24.11462,32.0,80.0
EDIN,edin4,Violation_201,29.0,O1,26.10427,32.0,80.0
EDIN,edin4,Violation_201,29.0,O2,21.91486,32.0,80.0
EDIN,edin4,Control_202,25.0,Pz,-21.26737,34.0,97.0
EDIN,edin4,Control_202,25.0,Cz,-15.22796,34.0,97.0
EDIN,edin4,Control_202,25.0,CP1,-7.786663,34.0,97.0
EDIN,edin4,Control_202,25.0,CP2,-5.937341,34.0,97.0
EDIN,edin4,Control_202,25.0,P3,-19.57151,34.0,97.0
EDIN,edin4,Control_202,25.0,P4,-20.70596,34.0,97.0
EDIN,edin4,Control_202,25.0,C3,-15.43071,34.0,97.0
EDIN,edin4,Control_202,25.0,C4,-10.95707,34.0,97.0
EDIN,edin4,Control_202,25.0,P7,-1.933396,34.0,97.0
EDIN,edin4,Control_202,25.0,P8,-8.242966,34.0,97.0
EDIN,edin4,Control_202,25.0,O1,-5.793376,34.0,97.0
EDIN,edin4,Control_202,25.0,O2,-12.95926,34.0,97.0
EDIN,edin4,Violation_201,26.0,Pz,12.33106,35.0,97.0
EDIN,edin4,Violation_201,26.0,Cz,11.86014,35.0,97.0
EDIN,edin4,Violation_201,26.0,CP1,9.641515,35.0,97.0
EDIN,edin4,Violation_201,26.0,CP2,4.33681,35.0,97.0
EDIN,edin4,Violation_201,26.0,P3,6.723423,35.0,97.0
EDIN,edin4,Violation_201,26.0,P4,30.55687,35.0,97.0
EDIN,edin4,Violation_201,26.0,C3,23.46021,35.0,97.0
EDIN,edin4,Violation_201,26.0,C4,14.78818,35.0,97.0
EDIN,edin4,Violation_201,26.0,P7,-6.142709,35.0,97.0
EDIN,edin4,Violation_201,26.0,P8,8.400791,35.0,97.0
EDIN,edin4,Violation_201,26.0,O1,1.033118,35.0,97.0
EDIN,edin4,Violation_201,26.0,O2,12.7017,35.0,97.0
EDIN,edin4,Violation_201,30.0,Pz,7.83093,37.0,80.0
EDIN,edin4,Violation_201,30.0,Cz,18.19767,37.0,80.0
EDIN,edin4,Violation_201,30.0,CP1,19.50913,37.0,80.0
EDIN,edin4,Violation_201,30.0,CP2,22.66711,37.0,80.0
EDIN,edin4,Violation_201,30.0,P3,17.32461,37.0,80.0
EDIN,edin4,Violation_201,30.0,P4,4.183381,37.0,80.0
EDIN,edin4,Violation_201,30.0,C3,21.92261,37.0,80.0
EDIN,edin4,Violation_201,30.0,C4,22.86186,37.0,80.0
EDIN,edin4,Violation_201,30.0,P7,13.22163,37.0,80.0
EDIN,edin4,Violation_201,30.0,P8,3.864938,37.0,80.0
EDIN,edin4,Violation_201,30.0,O1,13.58508,37.0,80.0
EDIN,edin4,Violation_201,30.0,O2,2.44968,37.0,80.0
EDIN,edin4,Control_202,33.0,Pz,6.655882,40.0,93.0
EDIN,edin4,Control_202,33.0,Cz,-2.850382,40.0,93.0
EDIN,edin4,Control_202,33.0,CP1,0.4897941,40.0,93.0
EDIN,edin4,Control_202,33.0,CP2,-10.76725,40.0,93.0
EDIN,edin4,Control_202,33.0,P3,5.774962,40.0,93.0
EDIN,edin4,Control_202,33.0,P4,2.902939,40.0,93.0
EDIN,edin4,Control_202,33.0,C3,5.731566,40.0,93.0
EDIN,edin4,Control_202,33.0,C4,-6.422668,40.0,93.0
EDIN,edin4,Control_202,33.0,P7,1.633935,40.0,93.0
EDIN,edin4,Control_202,33.0,P8,11.72224,40.0,93.0
EDIN,edin4,Control_202,33.0,O1,-6.643072,40.0,93.0
EDIN,edin4,Control_202,33.0,O2,-1.045866,40.0,93.0
EDIN,edin4,Violation_201,54.0,Pz,8.167535,57.0,69.0
EDIN,edin4,Violation_201,54.0,Cz,6.083929,57.0,69.0
EDIN,edin4,Violation_201,54.0,CP1,9.584582,57.0,69.0
EDIN,edin4,Violation_201,54.0,CP2,4.039599,57.0,69.0
EDIN,edin4,Violation_201,54.0,P3,-2.047182,57.0,69.0
EDIN,edin4,Violation_201,54.0,P4,12.96453,57.0,69.0
EDIN,edin4,Violation_201,54.0,C3,4.834782,57.0,69.0
EDIN,edin4,Violation_201,54.0,C4,4.214288,57.0,69.0
EDIN,edin4,Violation_201,54.0,P7,-3.790599,57.0,69.0
EDIN,edin4,Violation_201,54.0,P8,10.96393,57.0,69.0
EDIN,edin4,Violation_201,54.0,O1,1.002792,57.0,69.0
EDIN,edin4,Violation_201,54.0,O2,8.42986,57.0,69.0
EDIN,edin4,Violation_201,58.0,Pz,-12.97808,56.0,93.0
EDIN,edin4,Violation_201,58.0,Cz,-5.122019,56.0,93.0
EDIN,edin4,Violation_201,58.0,CP1,-3.299092,56.0,93.0
EDIN,edin4,Violation_201,58.0,CP2,1.229945,56.0,93.0
EDIN,edin4,Violation_201,58.0,P3,-7.858748,56.0,93.0
EDIN,edin4,Violation_201,58.0,P4,-28.87735,56.0,93.0
EDIN,edin4,Violation_201,58.0,C3,-7.612366,56.0,93.0
EDIN,edin4,Violation_201,58.0,C4,-4.248869,56.0,93.0
EDIN,edin4,Violation_201,58.0,P7,6.708344,56.0,93.0
EDIN,edin4,Violation_201,58.0,P8,-21.34772,56.0,93.0
EDIN,edin4,Violation_201,58.0,O1,-6.559994,56.0,93.0
EDIN,edin4,Violation_201,58.0,O2,-14.64278,56.0,93.0
EDIN,edin4,Control_202,45.0,Pz,-14.07551,58.0,73.0
EDIN,edin4,Control_202,45.0,Cz,-22.11938,58.0,73.0
EDIN,edin4,Control_202,45.0,CP1,-13.74132,58.0,73.0
EDIN,edin4,Control_202,45.0,CP2,-11.34801,58.0,73.0
EDIN,edin4,Control_202,45.0,P3,-15.42735,58.0,73.0
EDIN,edin4,Control_202,45.0,P4,-17.21472,58.0,73.0
EDIN,edin4,Control_202,45.0,C3,-10.98936,58.0,73.0
EDIN,edin4,Control_202,45.0,C4,-17.40967,58.0,73.0
EDIN,edin4,Control_202,45.0,P7,-22.7358,58.0,73.0
EDIN,edin4,Control_202,45.0,P8,-17.78784,58.0,73.0
EDIN,edin4,Control_202,45.0,O1,-11.48469,58.0,73.0
EDIN,edin4,Control_202,45.0,O2,-13.94357,58.0,73.0
EDIN,edin4,Violation_201,46.0,Pz,1.186179,45.0,67.0
EDIN,edin4,Violation_201,46.0,Cz,12.3029,45.0,67.0
EDIN,edin4,Violation_201,46.0,CP1,-7.248338,45.0,67.0
EDIN,edin4,Violation_201,46.0,CP2,-7.224545,45.0,67.0
EDIN,edin4,Violation_201,46.0,P3,7.571598,45.0,67.0
EDIN,edin4,Violation_201,46.0,P4,9.551818,45.0,67.0
EDIN,edin4,Violation_201,46.0,C3,20.60451,45.0,67.0
EDIN,edin4,Violation_201,46.0,C4,-5.220108,45.0,67.0
EDIN,edin4,Violation_201,46.0,P7,-4.915484,45.0,67.0
EDIN,edin4,Violation_201,46.0,P8,11.41859,45.0,67.0
EDIN,edin4,Violation_201,46.0,O1,-1.130977,45.0,67.0
EDIN,edin4,Violation_201,46.0,O2,3.00905,45.0,67.0
EDIN,edin4,Control_202,41.0,Pz,0.9205437,54.0,77.0
EDIN,edin4,Control_202,41.0,Cz,-19.53759,54.0,77.0
EDIN,edin4,Control_202,41.0,CP1,0.8363999,54.0,77.0
EDIN,edin4,Control_202,41.0,CP2,6.259213,54.0,77.0
EDIN,edin4,Control_202,41.0,P3,-8.260438,54.0,77.0
EDIN,edin4,Control_202,41.0,P4,-8.181757,54.0,77.0
EDIN,edin4,Control_202,41.0,C3,-4.437406,54.0,77.0
EDIN,edin4,Control_202,41.0,C4,-3.088363,54.0,77.0
EDIN,edin4,Control_202,41.0,P7,9.08926,54.0,77.0
EDIN,edin4,Control_202,41.0,P8,10.77545,54.0,77.0
EDIN,edin4,Control_202,41.0,O1,10.64637,54.0,77.0
EDIN,edin4,Control_202,41.0,O2,5.498802,54.0,77.0
EDIN,edin4,Control_202,49.0,Pz,-17.8429,55.0,93.0
EDIN,edin4,Control_202,49.0,Cz,-8.534215,55.0,93.0
EDIN,edin4,Control_202,49.0,CP1,-3.099994,55.0,93.0
EDIN,edin4,Control_202,49.0,CP2,-10.92502,55.0,93.0
EDIN,edin4,Control_202,49.0,P3,9.084649,55.0,93.0
EDIN,edin4,Control_202,49.0,P4,-36.40723,55.0,93.0
EDIN,edin4,Control_202,49.0,C3,-8.667531,55.0,93.0
EDIN,edin4,Control_202,49.0,C4,-0.1833587,55.0,93.0
EDIN,edin4,Control_202,49.0,P7,-5.173879,55.0,93.0
EDIN,edin4,Control_202,49.0,P8,-15.2206,55.0,93.0
EDIN,edin4,Control_202,49.0,O1,-5.473721,55.0,93.0
EDIN,edin4,Control_202,49.0,O2,-20.37673,55.0,93.0
EDIN,edin4,Control_202,57.0,Pz,1.187998,60.0,90.0
EDIN,edin4,Control_202,57.0,Cz,-4.90238,60.0,90.0
EDIN,edin4,Control_202,57.0,CP1,-4.920784,60.0,90.0
EDIN,edin4,Control_202,57.0,CP2,-1.371656,60.0,90.0
EDIN,edin4,Control_202,57.0,P3,-10.64334,60.0,90.0
EDIN,edin4,Control_202,57.0,P4,2.190201,60.0,90.0
EDIN,edin4,Control_202,57.0,C3,0.04250672,60.0,90.0
EDIN,edin4,Control_202,57.0,C4,6.167722,60.0,90.0
EDIN,edin4,Control_202,57.0,P7,-3.945647,60.0,90.0
EDIN,edin4,Control_202,57.0,P8,8.659992,60.0,90.0
EDIN,edin4,Control_202,57.0,O1,4.137136,60.0,90.0
EDIN,edin4,Control_202,57.0,O2,7.129195,60.0,90.0
EDIN,edin4,Violation_201,42.0,Pz,-20.72053,51.0,90.0
EDIN,edin4,Violation_201,42.0,Cz,-22.75295,51.0,90.0
EDIN,edin4,Violation_201,42.0,CP1,-14.16229,51.0,90.0
EDIN,edin4,Violation_201,42.0,CP2,-21.12405,51.0,90.0
EDIN,edin4,Violation_201,42.0,P3,-22.4548,51.0,90.0
EDIN,edin4,Violation_201,42.0,P4,-18.50779,51.0,90.0
EDIN,edin4,Violation_201,42.0,C3,-3.82213,51.0,90.0
EDIN,edin4,Violation_201,42.0,C4,-13.25743,51.0,90.0
EDIN,edin4,Violation_201,42.0,P7,-19.66742,51.0,90.0
EDIN,edin4,Violation_201,42.0,P8,-27.23419,51.0,90.0
EDIN,edin4,Violation_201,42.0,O1,-5.601624,51.0,90.0
EDIN,edin4,Violation_201,42.0,O2,-22.2692,51.0,90.0
EDIN,edin4,Control_202,53.0,Pz,-16.53791,47.0,100.0
EDIN,edin4,Control_202,53.0,Cz,-11.30682,47.0,100.0
EDIN,edin4,Control_202,53.0,CP1,-19.18532,47.0,100.0
EDIN,edin4,Control_202,53.0,CP2,-29.00143,47.0,100.0
EDIN,edin4,Control_202,53.0,P3,-8.701118,47.0,100.0
EDIN,edin4,Control_202,53.0,P4,-15.75859,47.0,100.0
EDIN,edin4,Control_202,53.0,C3,-10.19711,47.0,100.0
EDIN,edin4,Control_202,53.0,C4,-17.96123,47.0,100.0
EDIN,edin4,Control_202,53.0,P7,-8.840887,47.0,100.0
EDIN,edin4,Control_202,53.0,P8,0.392018,47.0,100.0
EDIN,edin4,Control_202,53.0,O1,-7.858148,47.0,100.0
EDIN,edin4,Control_202,53.0,O2,-6.454378,47.0,100.0
EDIN,edin4,Violation_201,50.0,Pz,-9.251595,41.0,100.0
EDIN,edin4,Violation_201,50.0,Cz,-4.608255,41.0,100.0
EDIN,edin4,Violation_201,50.0,CP1,-14.42989,41.0,100.0
EDIN,edin4,Violation_201,50.0,CP2,-8.102401,41.0,100.0
EDIN,edin4,Violation_201,50.0,P3,-21.94679,41.0,100.0
EDIN,edin4,Violation_201,50.0,P4,-12.07546,41.0,100.0
EDIN,edin4,Violation_201,50.0,C3,-7.73566,41.0,100.0
EDIN,edin4,Violation_201,50.0,C4,-8.7368,41.0,100.0
EDIN,edin4,Violation_201,50.0,P7,-21.43646,41.0,100.0
EDIN,edin4,Violation_201,50.0,P8,-13.04053,41.0,100.0
EDIN,edin4,Violation_201,50.0,O1,-15.64472,41.0,100.0
EDIN,edin4,Violation_201,50.0,O2,-9.382778,41.0,100.0
EDIN,edin4,Control_202,69.0,Pz,-17.38276,79.0,97.0
EDIN,edin4,Control_202,69.0,Cz,-11.39747,79.0,97.0
EDIN,edin4,Control_202,69.0,CP1,-17.44695,79.0,97.0
EDIN,edin4,Control_202,69.0,CP2,-6.078694,79.0,97.0
EDIN,edin4,Control_202,69.0,P3,2.948319,79.0,97.0
EDIN,edin4,Control_202,69.0,P4,-3.722769,79.0,97.0
EDIN,edin4,Control_202,69.0,C3,-19.6475,79.0,97.0
EDIN,edin4,Control_202,69.0,C4,-15.27776,79.0,97.0
EDIN,edin4,Control_202,69.0,P7,-3.53703,79.0,97.0
EDIN,edin4,Control_202,69.0,P8,-21.49408,79.0,97.0
EDIN,edin4,Control_202,69.0,O1,-12.49001,79.0,97.0
EDIN,edin4,Control_202,69.0,O2,-6.652148,79.0,97.0
EDIN,edin4,Violation_201,78.0,Pz,-17.56696,67.0,87.0
EDIN,edin4,Violation_201,78.0,Cz,-1.799074,67.0,87.0
EDIN,edin4,Violation_201,78.0,CP1,-7.484566,67.0,87.0
EDIN,edin4,Violation_201,78.0,CP2,-9.425037,67.0,87.0
EDIN,edin4,Violation_201,78.0,P3,-13.64722,67.0,87.0
EDIN,edin4,Violation_201,78.0,P4,-25.80991,67.0,87.0
EDIN,edin4,Violation_201,78.0,C3,-8.355854,67.0,87.0
EDIN,edin4,Violation_201,78.0,C4,-9.310875,67.0,87.0
EDIN,edin4,Violation_201,78.0,P7,4.489285,67.0,87.0
EDIN,edin4,Violation_201,78.0,P8,3.629857,67.0,87.0
EDIN,edin4,Violation_201,78.0,O1,-1.208101,67.0,87.0
EDIN,edin4,Violation_201,78.0,O2,-9.881772,67.0,87.0
EDIN,edin4,Control_202,65.0,Pz,-3.923996,78.0,97.0
EDIN,edin4,Control_202,65.0,Cz,-4.735803,78.0,97.0
EDIN,edin4,Control_202,65.0,CP1,4.644472,78.0,97.0
EDIN,edin4,Control_202,65.0,CP2,-6.727972,78.0,97.0
EDIN,edin4,Control_202,65.0,P3,1.217786,78.0,97.0
EDIN,edin4,Control_202,65.0,P4,-20.7264,78.0,97.0
EDIN,edin4,Control_202,65.0,C3,5.693798,78.0,97.0
EDIN,edin4,Control_202,65.0,C4,1.326693,78.0,97.0
EDIN,edin4,Control_202,65.0,P7,-5.279447,78.0,97.0
EDIN,edin4,Control_202,65.0,P8,-1.622844,78.0,97.0
EDIN,edin4,Control_202,65.0,O1,3.897583,78.0,97.0
EDIN,edin4,Control_202,65.0,O2,-10.20709,78.0,97.0
EDIN,edin4,Control_202,73.0,Pz,-12.89712,77.0,100.0
EDIN,edin4,Control_202,73.0,Cz,-19.41379,77.0,100.0
EDIN,edin4,Control_202,73.0,CP1,-20.56473,77.0,100.0
EDIN,edin4,Control_202,73.0,CP2,-9.618955,77.0,100.0
EDIN,edin4,Control_202,73.0,P3,-22.94971,77.0,100.0
EDIN,edin4,Control_202,73.0,P4,-30.53275,77.0,100.0
EDIN,edin4,Control_202,73.0,C3,-13.91822,77.0,100.0
EDIN,edin4,Control_202,73.0,C4,-16.94366,77.0,100.0
EDIN,edin4,Control_202,73.0,P7,-11.08953,77.0,100.0
EDIN,edin4,Control_202,73.0,P8,-2.758674,77.0,100.0
EDIN,edin4,Control_202,73.0,O1,-7.252539,77.0,100.0
EDIN,edin4,Control_202,73.0,O2,-8.749413,77.0,100.0
EDIN,edin4,Violation_201,70.0,Pz,30.1107,80.0,97.0
EDIN,edin4,Violation_201,70.0,Cz,31.71328,80.0,97.0
EDIN,edin4,Violation_201,70.0,CP1,17.09964,80.0,97.0
EDIN,edin4,Violation_201,70.0,CP2,22.9333,80.0,97.0
EDIN,edin4,Violation_201,70.0,P3,10.35333,80.0,97.0
EDIN,edin4,Violation_201,70.0,P4,5.066161,80.0,97.0
EDIN,edin4,Violation_201,70.0,C3,10.74868,80.0,97.0
EDIN,edin4,Violation_201,70.0,C4,13.90417,80.0,97.0
EDIN,edin4,Violation_201,70.0,P7,-7.28864,80.0,97.0
EDIN,edin4,Violation_201,70.0,P8,26.8542,80.0,97.0
EDIN,edin4,Violation_201,70.0,O1,25.21432,80.0,97.0
EDIN,edin4,Violation_201,70.0,O2,22.00663,80.0,97.0
EDIN,edin4,Control_202,77.0,Pz,3.177035,66.0,23.0
EDIN,edin4,Control_202,77.0,Cz,1.096463,66.0,23.0
EDIN,edin4,Control_202,77.0,CP1,1.432916,66.0,23.0
EDIN,edin4,Control_202,77.0,CP2,14.9724,66.0,23.0
EDIN,edin4,Control_202,77.0,P3,-6.513519,66.0,23.0
EDIN,edin4,Control_202,77.0,P4,1.797616,66.0,23.0
EDIN,edin4,Control_202,77.0,C3,1.706843,66.0,23.0
EDIN,edin4,Control_202,77.0,C4,13.25444,66.0,23.0
EDIN,edin4,Control_202,77.0,P7,0.9081858,66.0,23.0
EDIN,edin4,Control_202,77.0,P8,13.16181,66.0,23.0
EDIN,edin4,Control_202,77.0,O1,7.968575,66.0,23.0
EDIN,edin4,Control_202,77.0,O2,6.947685,66.0,23.0
EDIN,edin4,Violation_201,74.0,Pz,-1.00265,71.0,90.0
EDIN,edin4,Violation_201,74.0,Cz,-2.552539,71.0,90.0
EDIN,edin4,Violation_201,74.0,CP1,-15.8285,71.0,90.0
EDIN,edin4,Violation_201,74.0,CP2,-12.38856,71.0,90.0
EDIN,edin4,Violation_201,74.0,P3,-2.723711,71.0,90.0
EDIN,edin4,Violation_201,74.0,P4,-4.177142,71.0,90.0
EDIN,edin4,Violation_201,74.0,C3,-4.997346,71.0,90.0
EDIN,edin4,Violation_201,74.0,C4,-16.33455,71.0,90.0
EDIN,edin4,Violation_201,74.0,P7,0.1913317,71.0,90.0
EDIN,edin4,Violation_201,74.0,P8,7.41718,71.0,90.0
EDIN,edin4,Violation_201,74.0,O1,7.755636,71.0,90.0
EDIN,edin4,Violation_201,74.0,O2,8.129564,71.0,90.0
EDIN,edin4,Violation_201,66.0,Pz,11.06701,65.0,93.0
EDIN,edin4,Violation_201,66.0,Cz,5.750972,65.0,93.0
EDIN,edin4,Violation_201,66.0,CP1,-0.7180486,65.0,93.0
EDIN,edin4,Violation_201,66.0,CP2,-4.16079,65.0,93.0
EDIN,edin4,Violation_201,66.0,P3,5.776981,65.0,93.0
EDIN,edin4,Violation_201,66.0,P4,24.09268,65.0,93.0
EDIN,edin4,Violation_201,66.0,C3,27.79027,65.0,93.0
EDIN,edin4,Violation_201,66.0,C4,-9.595936,65.0,93.0
EDIN,edin4,Violation_201,66.0,P7,12.74719,65.0,93.0
EDIN,edin4,Violation_201,66.0,P8,16.0709,65.0,93.0
EDIN,edin4,Violation_201,66.0,O1,10.16787,65.0,93.0
EDIN,edin4,Violation_201,66.0,O2,14.11683,65.0,93.0
EDIN,edin4,Control_202,61.0,Pz,-28.31758,72.0,90.0
EDIN,edin4,Control_202,61.0,Cz,-21.37001,72.0,90.0
EDIN,edin4,Control_202,61.0,CP1,-25.5164,72.0,90.0
EDIN,edin4,Control_202,61.0,CP2,-28.26022,72.0,90.0
EDIN,edin4,Control_202,61.0,P3,-33.74374,72.0,90.0
EDIN,edin4,Control_202,61.0,P4,-29.5205,72.0,90.0
EDIN,edin4,Control_202,61.0,C3,-14.87648,72.0,90.0
EDIN,edin4,Control_202,61.0,C4,-27.73498,72.0,90.0
EDIN,edin4,Control_202,61.0,P7,-22.73038,72.0,90.0
EDIN,edin4,Control_202,61.0,P8,-28.92506,72.0,90.0
EDIN,edin4,Control_202,61.0,O1,-17.73668,72.0,90.0
EDIN,edin4,Control_202,61.0,O2,-18.55133,72.0,90.0
EDIN,edin4,Violation_201,62.0,Pz,-9.517936,69.0,93.0
EDIN,edin4,Violation_201,62.0,Cz,-11.594,69.0,93.0
EDIN,edin4,Violation_201,62.0,CP1,-19.21209,69.0,93.0
EDIN,edin4,Violation_201,62.0,CP2,-6.40549,69.0,93.0
EDIN,edin4,Violation_201,62.0,P3,-3.072851,69.0,93.0
EDIN,edin4,Violation_201,62.0,P4,-16.97151,69.0,93.0
EDIN,edin4,Violation_201,62.0,C3,-15.88879,69.0,93.0
EDIN,edin4,Violation_201,62.0,C4,-12.11024,69.0,93.0
EDIN,edin4,Violation_201,62.0,P7,8.066323,69.0,93.0
EDIN,edin4,Violation_201,62.0,P8,-7.31997,69.0,93.0
EDIN,edin4,Violation_201,62.0,O1,-4.159925,69.0,93.0
EDIN,edin4,Violation_201,62.0,O2,1.356413,69.0,93.0
EDIN,edin5,Control_202,3.0,Pz,-12.87542,6.0,100.0
EDIN,edin5,Control_202,3.0,Cz,-19.9962,6.0,100.0
EDIN,edin5,Control_202,3.0,CP1,-33.88095,6.0,100.0
EDIN,edin5,Control_202,3.0,CP2,-32.24989,6.0,100.0
EDIN,edin5,Control_202,3.0,P3,-27.2579,6.0,100.0
EDIN,edin5,Control_202,3.0,P4,-20.37207,6.0,100.0
EDIN,edin5,Control_202,3.0,C3,-34.96304,6.0,100.0
EDIN,edin5,Control_202,3.0,C4,-20.7041,6.0,100.0
EDIN,edin5,Control_202,3.0,P7,-36.54161,6.0,100.0
EDIN,edin5,Control_202,3.0,P8,-21.02229,6.0,100.0
EDIN,edin5,Control_202,3.0,O1,-9.477044,6.0,100.0
EDIN,edin5,Control_202,3.0,O2,-24.10113,6.0,100.0
EDIN,edin5,Control_202,7.0,Pz,19.94389,11.0,87.0
EDIN,edin5,Control_202,7.0,Cz,37.76004,11.0,87.0
EDIN,edin5,Control_202,7.0,CP1,28.64883,11.0,87.0
EDIN,edin5,Control_202,7.0,CP2,29.46037,11.0,87.0
EDIN,edin5,Control_202,7.0,P3,14.97332,11.0,87.0
EDIN,edin5,Control_202,7.0,P4,15.85265,11.0,87.0
EDIN,edin5,Control_202,7.0,C3,7.017947,11.0,87.0
EDIN,edin5,Control_202,7.0,C4,10.39722,11.0,87.0
EDIN,edin5,Control_202,7.0,P7,9.381793,11.0,87.0
EDIN,edin5,Control_202,7.0,P8,13.69063,11.0,87.0
EDIN,edin5,Control_202,7.0,O1,7.237366,11.0,87.0
EDIN,edin5,Control_202,7.0,O2,14.70144,11.0,87.0
EDIN,edin5,Control_202,11.0,Pz,13.21757,10.0,80.0
EDIN,edin5,Control_202,11.0,Cz,20.26438,10.0,80.0
EDIN,edin5,Control_202,11.0,CP1,17.3795,10.0,80.0
EDIN,edin5,Control_202,11.0,CP2,26.74507,10.0,80.0
EDIN,edin5,Control_202,11.0,P3,12.10253,10.0,80.0
EDIN,edin5,Control_202,11.0,P4,13.29277,10.0,80.0
EDIN,edin5,Control_202,11.0,C3,2.39782,10.0,80.0
EDIN,edin5,Control_202,11.0,C4,39.61126,10.0,80.0
EDIN,edin5,Control_202,11.0,P7,11.00925,10.0,80.0
EDIN,edin5,Control_202,11.0,P8,6.508648,10.0,80.0
EDIN,edin5,Control_202,11.0,O1,10.30648,10.0,80.0
EDIN,edin5,Control_202,11.0,O2,-12.46338,10.0,80.0
EDIN,edin5,Violation_201,12.0,Pz,45.71133,14.0,90.0
EDIN,edin5,Violation_201,12.0,Cz,9.904651,14.0,90.0
EDIN,edin5,Violation_201,12.0,CP1,31.93228,14.0,90.0
EDIN,edin5,Violation_201,12.0,CP2,25.872,14.0,90.0
EDIN,edin5,Violation_201,12.0,P3,22.53775,14.0,90.0
EDIN,edin5,Violation_201,12.0,P4,19.44778,14.0,90.0
EDIN,edin5,Violation_201,12.0,C3,24.26923,14.0,90.0
EDIN,edin5,Violation_201,12.0,C4,21.42489,14.0,90.0
EDIN,edin5,Violation_201,12.0,P7,28.3178,14.0,90.0
EDIN,edin5,Violation_201,12.0,P8,9.227274,14.0,90.0
EDIN,edin5,Violation_201,12.0,O1,21.06949,14.0,90.0
EDIN,edin5,Violation_201,12.0,O2,12.39662,14.0,90.0
EDIN,edin5,Control_202,19.0,Pz,-9.320018,16.0,93.0
EDIN,edin5,Control_202,19.0,Cz,-31.85543,16.0,93.0
EDIN,edin5,Control_202,19.0,CP1,-9.425735,16.0,93.0
EDIN,edin5,Control_202,19.0,CP2,-1.31208,16.0,93.0
EDIN,edin5,Control_202,19.0,P3,3.459938,16.0,93.0
EDIN,edin5,Control_202,19.0,P4,9.358765,16.0,93.0
EDIN,edin5,Control_202,19.0,C3,2.699461,16.0,93.0
EDIN,edin5,Control_202,19.0,C4,2.198131,16.0,93.0
EDIN,edin5,Control_202,19.0,P7,5.34131,16.0,93.0
EDIN,edin5,Control_202,19.0,P8,-1.966631,16.0,93.0
EDIN,edin5,Control_202,19.0,O1,0.6497802,16.0,93.0
EDIN,edin5,Control_202,19.0,O2,2.968522,16.0,93.0
EDIN,edin5,Control_202,15.0,Pz,-5.594231,4.0,93.0
EDIN,edin5,Control_202,15.0,Cz,5.019849,4.0,93.0
EDIN,edin5,Control_202,15.0,CP1,-11.00673,4.0,93.0
EDIN,edin5,Control_202,15.0,CP2,-16.83206,4.0,93.0
EDIN,edin5,Control_202,15.0,P3,-8.498455,4.0,93.0
EDIN,edin5,Control_202,15.0,P4,-7.591778,4.0,93.0
EDIN,edin5,Control_202,15.0,C3,-6.611837,4.0,93.0
EDIN,edin5,Control_202,15.0,C4,1.003,4.0,93.0
EDIN,edin5,Control_202,15.0,P7,-22.02632,4.0,93.0
EDIN,edin5,Control_202,15.0,P8,-8.293202,4.0,93.0
EDIN,edin5,Control_202,15.0,O1,-24.22049,4.0,93.0
EDIN,edin5,Control_202,15.0,O2,-0.983029,4.0,93.0
EDIN,edin5,Violation_201,4.0,Pz,-11.21228,3.0,100.0
EDIN,edin5,Violation_201,4.0,Cz,-2.759323,3.0,100.0
EDIN,edin5,Violation_201,4.0,CP1,11.78087,3.0,100.0
EDIN,edin5,Violation_201,4.0,CP2,23.59494,3.0,100.0
EDIN,edin5,Violation_201,4.0,P3,-0.8782293,3.0,100.0
EDIN,edin5,Violation_201,4.0,P4,7.16025,3.0,100.0
EDIN,edin5,Violation_201,4.0,C3,10.92921,3.0,100.0
EDIN,edin5,Violation_201,4.0,C4,2.933627,3.0,100.0
EDIN,edin5,Violation_201,4.0,P7,29.4172,3.0,100.0
EDIN,edin5,Violation_201,4.0,P8,7.879308,3.0,100.0
EDIN,edin5,Violation_201,4.0,O1,0.05293399,3.0,100.0
EDIN,edin5,Violation_201,4.0,O2,-11.41992,3.0,100.0
EDIN,edin5,Violation_201,8.0,Pz,-0.6340579,13.0,97.0
EDIN,edin5,Violation_201,8.0,Cz,8.348328,13.0,97.0
EDIN,edin5,Violation_201,8.0,CP1,-4.623421,13.0,97.0
EDIN,edin5,Violation_201,8.0,CP2,1.263212,13.0,97.0
EDIN,edin5,Violation_201,8.0,P3,1.636023,13.0,97.0
EDIN,edin5,Violation_201,8.0,P4,8.185175,13.0,97.0
EDIN,edin5,Violation_201,8.0,C3,1.948505,13.0,97.0
EDIN,edin5,Violation_201,8.0,C4,-0.5788676,13.0,97.0
EDIN,edin5,Violation_201,8.0,P7,14.50121,13.0,97.0
EDIN,edin5,Violation_201,8.0,P8,2.020059,13.0,97.0
EDIN,edin5,Violation_201,8.0,O1,10.96069,13.0,97.0
EDIN,edin5,Violation_201,8.0,O2,-2.870473,13.0,97.0
EDIN,edin5,Violation_201,16.0,Pz,9.017823,17.0,62.0
EDIN,edin5,Violation_201,16.0,Cz,26.22057,17.0,62.0
EDIN,edin5,Violation_201,16.0,CP1,5.651784,17.0,62.0
EDIN,edin5,Violation_201,16.0,CP2,-5.261793,17.0,62.0
EDIN,edin5,Violation_201,16.0,P3,-7.970594,17.0,62.0
EDIN,edin5,Violation_201,16.0,P4,-5.848358,17.0,62.0
EDIN,edin5,Violation_201,16.0,C3,-0.6698593,17.0,62.0
EDIN,edin5,Violation_201,16.0,C4,7.750476,17.0,62.0
EDIN,edin5,Violation_201,16.0,P7,-25.24013,17.0,62.0
EDIN,edin5,Violation_201,16.0,P8,-4.989912,17.0,62.0
EDIN,edin5,Violation_201,16.0,O1,-6.967592,17.0,62.0
EDIN,edin5,Violation_201,16.0,O2,0.3118521,17.0,62.0
EDIN,edin5,Violation_201,20.0,Pz,32.61871,20.0,90.0
EDIN,edin5,Violation_201,20.0,Cz,45.39065,20.0,90.0
EDIN,edin5,Violation_201,20.0,CP1,25.9168,20.0,90.0
EDIN,edin5,Violation_201,20.0,CP2,24.89123,20.0,90.0
EDIN,edin5,Violation_201,20.0,P3,20.88745,20.0,90.0
EDIN,edin5,Violation_201,20.0,P4,33.44704,20.0,90.0
EDIN,edin5,Violation_201,20.0,C3,28.33689,20.0,90.0
EDIN,edin5,Violation_201,20.0,C4,23.09623,20.0,90.0
EDIN,edin5,Violation_201,20.0,P7,41.12473,20.0,90.0
EDIN,edin5,Violation_201,20.0,P8,0.9661859,20.0,90.0
EDIN,edin5,Violation_201,20.0,O1,17.46866,20.0,90.0
EDIN,edin5,Violation_201,20.0,O2,4.744385,20.0,90.0
EDIN,edin5,Control_202,23.0,Pz,6.031473,23.0,93.0
EDIN,edin5,Control_202,23.0,Cz,17.05399,23.0,93.0
EDIN,edin5,Control_202,23.0,CP1,-4.386708,23.0,93.0
EDIN,edin5,Control_202,23.0,CP2,-2.253257,23.0,93.0
EDIN,edin5,Control_202,23.0,P3,0.6742229,23.0,93.0
EDIN,edin5,Control_202,23.0,P4,3.044387,23.0,93.0
EDIN,edin5,Control_202,23.0,C3,0.8377689,23.0,93.0
EDIN,edin5,Control_202,23.0,C4,7.555542,23.0,93.0
EDIN,edin5,Control_202,23.0,P7,-14.22147,23.0,93.0
EDIN,edin5,Control_202,23.0,P8,-0.8277392,23.0,93.0
EDIN,edin5,Control_202,23.0,O1,-1.875959,23.0,93.0
EDIN,edin5,Control_202,23.0,O2,0.9235303,23.0,93.0
EDIN,edin5,Violation_201,24.0,Pz,16.96786,24.0,93.0
EDIN,edin5,Violation_201,24.0,Cz,53.77963,24.0,93.0
EDIN,edin5,Violation_201,24.0,CP1,16.61127,24.0,93.0
EDIN,edin5,Violation_201,24.0,CP2,14.18735,24.0,93.0
EDIN,edin5,Violation_201,24.0,P3,-3.805791,24.0,93.0
EDIN,edin5,Violation_201,24.0,P4,7.26886,24.0,93.0
EDIN,edin5,Violation_201,24.0,C3,0.1647675,24.0,93.0
EDIN,edin5,Violation_201,24.0,C4,3.07268,24.0,93.0
EDIN,edin5,Violation_201,24.0,P7,-4.797781,24.0,93.0
EDIN,edin5,Violation_201,24.0,P8,3.241101,24.0,93.0
EDIN,edin5,Violation_201,24.0,O1,-2.776328,24.0,93.0
EDIN,edin5,Violation_201,24.0,O2,1.278973,24.0,93.0
EDIN,edin5,Violation_201,36.0,Pz,1.919863,31.0,77.0
EDIN,edin5,Violation_201,36.0,Cz,17.99569,31.0,77.0
EDIN,edin5,Violation_201,36.0,CP1,17.77914,31.0,77.0
EDIN,edin5,Violation_201,36.0,CP2,11.00084,31.0,77.0
EDIN,edin5,Violation_201,36.0,P3,9.734555,31.0,77.0
EDIN,edin5,Violation_201,36.0,P4,-0.5290525,31.0,77.0
EDIN,edin5,Violation_201,36.0,C3,2.693918,31.0,77.0
EDIN,edin5,Violation_201,36.0,C4,6.980061,31.0,77.0
EDIN,edin5,Violation_201,36.0,P7,4.464242,31.0,77.0
EDIN,edin5,Violation_201,36.0,P8,1.946092,31.0,77.0
EDIN,edin5,Violation_201,36.0,O1,-4.046334,31.0,77.0
EDIN,edin5,Violation_201,36.0,O2,4.825869,31.0,77.0
EDIN,edin5,Violation_201,32.0,Pz,35.95795,40.0,93.0
EDIN,edin5,Violation_201,32.0,Cz,42.84604,40.0,93.0
EDIN,edin5,Violation_201,32.0,CP1,21.71595,40.0,93.0
EDIN,edin5,Violation_201,32.0,CP2,23.80029,40.0,93.0
EDIN,edin5,Violation_201,32.0,P3,13.85275,40.0,93.0
EDIN,edin5,Violation_201,32.0,P4,16.30719,40.0,93.0
EDIN,edin5,Violation_201,32.0,C3,8.332162,40.0,93.0
EDIN,edin5,Violation_201,32.0,C4,3.90779,40.0,93.0
EDIN,edin5,Violation_201,32.0,P7,19.88551,40.0,93.0
EDIN,edin5,Violation_201,32.0,P8,8.755521,40.0,93.0
EDIN,edin5,Violation_201,32.0,O1,21.89624,40.0,93.0
EDIN,edin5,Violation_201,32.0,O2,4.344578,40.0,93.0
EDIN,edin5,Control_202,39.0,Pz,-27.33699,30.0,90.0
EDIN,edin5,Control_202,39.0,Cz,-37.58663,30.0,90.0
EDIN,edin5,Control_202,39.0,CP1,-21.89857,30.0,90.0
EDIN,edin5,Control_202,39.0,CP2,-20.69776,30.0,90.0
EDIN,edin5,Control_202,39.0,P3,-23.35769,30.0,90.0
EDIN,edin5,Control_202,39.0,P4,-6.049166,30.0,90.0
EDIN,edin5,Control_202,39.0,C3,-23.51064,30.0,90.0
EDIN,edin5,Control_202,39.0,C4,-18.65838,30.0,90.0
EDIN,edin5,Control_202,39.0,P7,4.780902,30.0,90.0
EDIN,edin5,Control_202,39.0,P8,-13.01641,30.0,90.0
EDIN,edin5,Control_202,39.0,O1,-0.4646241,30.0,90.0
EDIN,edin5,Control_202,39.0,O2,-12.32924,30.0,90.0
EDIN,edin5,Violation_201,40.0,Pz,49.92054,27.0,97.0
EDIN,edin5,Violation_201,40.0,Cz,31.8619,27.0,97.0
EDIN,edin5,Violation_201,40.0,CP1,28.8952,27.0,97.0
EDIN,edin5,Violation_201,40.0,CP2,29.1264,27.0,97.0
EDIN,edin5,Violation_201,40.0,P3,21.63773,27.0,97.0
EDIN,edin5,Violation_201,40.0,P4,27.95234,27.0,97.0
EDIN,edin5,Violation_201,40.0,C3,23.50899,27.0,97.0
EDIN,edin5,Violation_201,40.0,C4,36.8685,27.0,97.0
EDIN,edin5,Violation_201,40.0,P7,35.04485,27.0,97.0
EDIN,edin5,Violation_201,40.0,P8,28.90754,27.0,97.0
EDIN,edin5,Violation_201,40.0,O1,7.550745,27.0,97.0
EDIN,edin5,Violation_201,40.0,O2,20.32839,27.0,97.0
EDIN,edin5,Violation_201,28.0,Pz,41.15562,37.0,80.0
EDIN,edin5,Violation_201,28.0,Cz,6.114293,37.0,80.0
EDIN,edin5,Violation_201,28.0,CP1,-5.6393,37.0,80.0
EDIN,edin5,Violation_201,28.0,CP2,2.6063,37.0,80.0
EDIN,edin5,Violation_201,28.0,P3,2.463739,37.0,80.0
EDIN,edin5,Violation_201,28.0,P4,-5.345007,37.0,80.0
EDIN,edin5,Violation_201,28.0,C3,0.3829623,37.0,80.0
EDIN,edin5,Violation_201,28.0,C4,0.03650985,37.0,80.0
EDIN,edin5,Violation_201,28.0,P7,-0.6492062,37.0,80.0
EDIN,edin5,Violation_201,28.0,P8,3.21008,37.0,80.0
EDIN,edin5,Violation_201,28.0,O1,0.1701065,37.0,80.0
EDIN,edin5,Violation_201,28.0,O2,2.858529,37.0,80.0
EDIN,edin5,Control_202,35.0,Pz,15.32699,35.0,97.0
EDIN,edin5,Control_202,35.0,Cz,-5.329273,35.0,97.0
EDIN,edin5,Control_202,35.0,CP1,11.72494,35.0,97.0
EDIN,edin5,Control_202,35.0,CP2,21.58674,35.0,97.0
EDIN,edin5,Control_202,35.0,P3,16.26366,35.0,97.0
EDIN,edin5,Control_202,35.0,P4,14.10503,35.0,97.0
EDIN,edin5,Control_202,35.0,C3,-1.530086,35.0,97.0
EDIN,edin5,Control_202,35.0,C4,-5.058019,35.0,97.0
EDIN,edin5,Control_202,35.0,P7,33.85879,35.0,97.0
EDIN,edin5,Control_202,35.0,P8,0.1075098,35.0,97.0
EDIN,edin5,Control_202,35.0,O1,33.10257,35.0,97.0
EDIN,edin5,Control_202,35.0,O2,-0.5003313,35.0,97.0
EDIN,edin5,Control_202,31.0,Pz,51.18183,39.0,97.0
EDIN,edin5,Control_202,31.0,Cz,24.18295,39.0,97.0
EDIN,edin5,Control_202,31.0,CP1,13.81438,39.0,97.0
EDIN,edin5,Control_202,31.0,CP2,13.37151,39.0,97.0
EDIN,edin5,Control_202,31.0,P3,19.40745,39.0,97.0
EDIN,edin5,Control_202,31.0,P4,16.20577,39.0,97.0
EDIN,edin5,Control_202,31.0,C3,23.98495,39.0,97.0
EDIN,edin5,Control_202,31.0,C4,12.29491,39.0,97.0
EDIN,edin5,Control_202,31.0,P7,6.474137,39.0,97.0
EDIN,edin5,Control_202,31.0,P8,7.633578,39.0,97.0
EDIN,edin5,Control_202,31.0,O1,12.2666,39.0,97.0
EDIN,edin5,Control_202,31.0,O2,8.351517,39.0,97.0
EDIN,edin5,Control_202,27.0,Pz,-17.41315,38.0,93.0
EDIN,edin5,Control_202,27.0,Cz,-8.020773,38.0,93.0
EDIN,edin5,Control_202,27.0,CP1,-31.44282,38.0,93.0
EDIN,edin5,Control_202,27.0,CP2,-27.73007,38.0,93.0
EDIN,edin5,Control_202,27.0,P3,-29.81356,38.0,93.0
EDIN,edin5,Control_202,27.0,P4,-24.85042,38.0,93.0
EDIN,edin5,Control_202,27.0,C3,-28.07889,38.0,93.0
EDIN,edin5,Control_202,27.0,C4,-19.88343,38.0,93.0
EDIN,edin5,Control_202,27.0,P7,-31.24654,38.0,93.0
EDIN,edin5,Control_202,27.0,P8,-23.83379,38.0,93.0
EDIN,edin5,Control_202,27.0,O1,-23.10342,38.0,93.0
EDIN,edin5,Control_202,27.0,O2,-25.32785,38.0,93.0
EDIN,edin5,Control_202,59.0,Pz,-31.71047,55.0,93.0
EDIN,edin5,Control_202,59.0,Cz,-21.91997,55.0,93.0
EDIN,edin5,Control_202,59.0,CP1,-8.281424,55.0,93.0
EDIN,edin5,Control_202,59.0,CP2,-6.929743,55.0,93.0
EDIN,edin5,Control_202,59.0,P3,1.409881,55.0,93.0
EDIN,edin5,Control_202,59.0,P4,-8.469637,55.0,93.0
EDIN,edin5,Control_202,59.0,C3,-5.630398,55.0,93.0
EDIN,edin5,Control_202,59.0,C4,-3.643418,55.0,93.0
EDIN,edin5,Control_202,59.0,P7,3.103526,55.0,93.0
EDIN,edin5,Control_202,59.0,P8,0.8552667,55.0,93.0
EDIN,edin5,Control_202,59.0,O1,5.161198,55.0,93.0
EDIN,edin5,Control_202,59.0,O2,-2.823883,55.0,93.0
EDIN,edin5,Violation_201,48.0,Pz,-0.6559317,52.0,87.0
EDIN,edin5,Violation_201,48.0,Cz,-24.94482,52.0,87.0
EDIN,edin5,Violation_201,48.0,CP1,-8.150082,52.0,87.0
EDIN,edin5,Violation_201,48.0,CP2,2.665191,52.0,87.0
EDIN,edin5,Violation_201,48.0,P3,-3.970845,52.0,87.0
EDIN,edin5,Violation_201,48.0,P4,-10.6917,52.0,87.0
EDIN,edin5,Violation_201,48.0,C3,-15.6441,52.0,87.0
EDIN,edin5,Violation_201,48.0,C4,-13.35112,52.0,87.0
EDIN,edin5,Violation_201,48.0,P7,15.31549,52.0,87.0
EDIN,edin5,Violation_201,48.0,P8,-2.150484,52.0,87.0
EDIN,edin5,Violation_201,48.0,O1,-3.298047,52.0,87.0
EDIN,edin5,Violation_201,48.0,O2,-9.681161,52.0,87.0
EDIN,edin5,Control_202,47.0,Pz,11.18679,42.0,37.0
EDIN,edin5,Control_202,47.0,Cz,30.56135,42.0,37.0
EDIN,edin5,Control_202,47.0,CP1,7.812098,42.0,37.0
EDIN,edin5,Control_202,47.0,CP2,5.414157,42.0,37.0
EDIN,edin5,Control_202,47.0,P3,9.276518,42.0,37.0
EDIN,edin5,Control_202,47.0,P4,8.5277,42.0,37.0
EDIN,edin5,Control_202,47.0,C3,11.20969,42.0,37.0
EDIN,edin5,Control_202,47.0,C4,8.742989,42.0,37.0
EDIN,edin5,Control_202,47.0,P7,-5.866723,42.0,37.0
EDIN,edin5,Control_202,47.0,P8,-2.930594,42.0,37.0
EDIN,edin5,Control_202,47.0,O1,7.092246,42.0,37.0
EDIN,edin5,Control_202,47.0,O2,2.751872,42.0,37.0
EDIN,edin5,Violation_201,60.0,Pz,3.893149,58.0,73.0
EDIN,edin5,Violation_201,60.0,Cz,-27.91344,58.0,73.0
EDIN,edin5,Violation_201,60.0,CP1,-9.625523,58.0,73.0
EDIN,edin5,Violation_201,60.0,CP2,0.5767477,58.0,73.0
EDIN,edin5,Violation_201,60.0,P3,3.517239,58.0,73.0
EDIN,edin5,Violation_201,60.0,P4,1.223955,58.0,73.0
EDIN,edin5,Violation_201,60.0,C3,-14.86903,58.0,73.0
EDIN,edin5,Violation_201,60.0,C4,-2.970793,58.0,73.0
EDIN,edin5,Violation_201,60.0,P7,2.23234,58.0,73.0
EDIN,edin5,Violation_201,60.0,P8,-5.439463,58.0,73.0
EDIN,edin5,Violation_201,60.0,O1,2.412283,58.0,73.0
EDIN,edin5,Violation_201,60.0,O2,-11.54285,58.0,73.0
EDIN,edin5,Violation_201,52.0,Pz,18.20629,56.0,93.0
EDIN,edin5,Violation_201,52.0,Cz,-9.958192,56.0,93.0
EDIN,edin5,Violation_201,52.0,CP1,-1.00139,56.0,93.0
EDIN,edin5,Violation_201,52.0,CP2,-19.81461,56.0,93.0
EDIN,edin5,Violation_201,52.0,P3,-13.67474,56.0,93.0
EDIN,edin5,Violation_201,52.0,P4,-9.352001,56.0,93.0
EDIN,edin5,Violation_201,52.0,C3,-12.82924,56.0,93.0
EDIN,edin5,Violation_201,52.0,C4,-13.02267,56.0,93.0
EDIN,edin5,Violation_201,52.0,P7,9.463951,56.0,93.0
EDIN,edin5,Violation_201,52.0,P8,-11.51021,56.0,93.0
EDIN,edin5,Violation_201,52.0,O1,7.473845,56.0,93.0
EDIN,edin5,Violation_201,52.0,O2,-0.9496487,56.0,93.0
EDIN,edin5,Violation_201,56.0,Pz,-39.25466,44.0,90.0
EDIN,edin5,Violation_201,56.0,Cz,-9.469261,44.0,90.0
EDIN,edin5,Violation_201,56.0,CP1,-20.3506,44.0,90.0
EDIN,edin5,Violation_201,56.0,CP2,-22.76039,44.0,90.0
EDIN,edin5,Violation_201,56.0,P3,-3.993823,44.0,90.0
EDIN,edin5,Violation_201,56.0,P4,-4.506202,44.0,90.0
EDIN,edin5,Violation_201,56.0,C3,-12.44792,44.0,90.0
EDIN,edin5,Violation_201,56.0,C4,-12.22351,44.0,90.0
EDIN,edin5,Violation_201,56.0,P7,-12.16499,44.0,90.0
EDIN,edin5,Violation_201,56.0,P8,-12.84626,44.0,90.0
EDIN,edin5,Violation_201,56.0,O1,10.46788,44.0,90.0
EDIN,edin5,Violation_201,56.0,O2,-2.718874,44.0,90.0
EDIN,edin5,Control_202,51.0,Pz,1.713909,45.0,67.0
EDIN,edin5,Control_202,51.0,Cz,-24.4746,45.0,67.0
EDIN,edin5,Control_202,51.0,CP1,11.44346,45.0,67.0
EDIN,edin5,Control_202,51.0,CP2,16.44133,45.0,67.0
EDIN,edin5,Control_202,51.0,P3,14.3274,45.0,67.0
EDIN,edin5,Control_202,51.0,P4,19.97881,45.0,67.0
EDIN,edin5,Control_202,51.0,C3,30.70879,45.0,67.0
EDIN,edin5,Control_202,51.0,C4,8.14518,45.0,67.0
EDIN,edin5,Control_202,51.0,P7,12.77416,45.0,67.0
EDIN,edin5,Control_202,51.0,P8,4.064552,45.0,67.0
EDIN,edin5,Control_202,51.0,O1,5.869142,45.0,67.0
EDIN,edin5,Control_202,51.0,O2,1.961627,45.0,67.0
EDIN,edin5,Control_202,44.0,Pz,-7.115695,48.0,87.0
EDIN,edin5,Control_202,44.0,Cz,-27.33384,48.0,87.0
EDIN,edin5,Control_202,44.0,CP1,-8.387703,48.0,87.0
EDIN,edin5,Control_202,44.0,CP2,4.754627,48.0,87.0
EDIN,edin5,Control_202,44.0,P3,-6.442298,48.0,87.0
EDIN,edin5,Control_202,44.0,P4,-5.535336,48.0,87.0
EDIN,edin5,Control_202,44.0,C3,-24.50951,48.0,87.0
EDIN,edin5,Control_202,44.0,C4,-8.623594,48.0,87.0
EDIN,edin5,Control_202,44.0,P7,1.274825,48.0,87.0
EDIN,edin5,Control_202,44.0,P8,5.420183,48.0,87.0
EDIN,edin5,Control_202,44.0,O1,-2.567394,48.0,87.0
EDIN,edin5,Control_202,44.0,O2,-11.70939,48.0,87.0
EDIN,edin5,Violation_201,43.0,Pz,-34.37765,46.0,63.0
EDIN,edin5,Violation_201,43.0,Cz,-41.40593,46.0,63.0
EDIN,edin5,Violation_201,43.0,CP1,-14.3601,46.0,63.0
EDIN,edin5,Violation_201,43.0,CP2,-18.8739,46.0,63.0
EDIN,edin5,Violation_201,43.0,P3,-14.73538,46.0,63.0
EDIN,edin5,Violation_201,43.0,P4,-11.85702,46.0,63.0
EDIN,edin5,Violation_201,43.0,C3,-21.79503,46.0,63.0
EDIN,edin5,Violation_201,43.0,C4,-16.44407,46.0,63.0
EDIN,edin5,Violation_201,43.0,P7,-6.600833,46.0,63.0
EDIN,edin5,Violation_201,43.0,P8,-14.08562,46.0,63.0
EDIN,edin5,Violation_201,43.0,O1,-16.23731,46.0,63.0
EDIN,edin5,Violation_201,43.0,O2,-11.27849,46.0,63.0
EDIN,edin5,Control_202,55.0,Pz,-21.599,51.0,90.0
EDIN,edin5,Control_202,55.0,Cz,-4.7985,51.0,90.0
EDIN,edin5,Control_202,55.0,CP1,0.6909965,51.0,90.0
EDIN,edin5,Control_202,55.0,CP2,-8.561893,51.0,90.0
EDIN,edin5,Control_202,55.0,P3,7.764235,51.0,90.0
EDIN,edin5,Control_202,55.0,P4,3.895298,51.0,90.0
EDIN,edin5,Control_202,55.0,C3,3.83927,51.0,90.0
EDIN,edin5,Control_202,55.0,C4,7.589725,51.0,90.0
EDIN,edin5,Control_202,55.0,P7,5.726693,51.0,90.0
EDIN,edin5,Control_202,55.0,P8,1.956838,51.0,90.0
EDIN,edin5,Control_202,55.0,O1,-0.2357399,51.0,90.0
EDIN,edin5,Control_202,55.0,O2,3.332026,51.0,90.0
EDIN,edin5,Violation_201,64.0,Pz,-14.2029,67.0,87.0
EDIN,edin5,Violation_201,64.0,Cz,6.342878,67.0,87.0
EDIN,edin5,Violation_201,64.0,CP1,2.429835,67.0,87.0
EDIN,edin5,Violation_201,64.0,CP2,-0.1745389,67.0,87.0
EDIN,edin5,Violation_201,64.0,P3,-1.773524,67.0,87.0
EDIN,edin5,Violation_201,64.0,P4,-0.8471802,67.0,87.0
EDIN,edin5,Violation_201,64.0,C3,-23.06082,67.0,87.0
EDIN,edin5,Violation_201,64.0,C4,0.9489817,67.0,87.0
EDIN,edin5,Violation_201,64.0,P7,-25.10582,67.0,87.0
EDIN,edin5,Violation_201,64.0,P8,5.160241,67.0,87.0
EDIN,edin5,Violation_201,64.0,O1,-14.123,67.0,87.0
EDIN,edin5,Violation_201,64.0,O2,2.303129,67.0,87.0
EDIN,edin5,Control_202,79.0,Pz,35.77966,68.0,27.0
EDIN,edin5,Control_202,79.0,Cz,27.43256,68.0,27.0
EDIN,edin5,Control_202,79.0,CP1,14.74306,68.0,27.0
EDIN,edin5,Control_202,79.0,CP2,30.25614,68.0,27.0
EDIN,edin5,Control_202,79.0,P3,19.66769,68.0,27.0
EDIN,edin5,Control_202,79.0,P4,15.57611,68.0,27.0
EDIN,edin5,Control_202,79.0,C3,20.67085,68.0,27.0
EDIN,edin5,Control_202,79.0,C4,15.39967,68.0,27.0
EDIN,edin5,Control_202,79.0,P7,26.55148,68.0,27.0
EDIN,edin5,Control_202,79.0,P8,24.23137,68.0,27.0
EDIN,edin5,Control_202,79.0,O1,12.94992,68.0,27.0
EDIN,edin5,Control_202,79.0,O2,5.908435,68.0,27.0
EDIN,edin5,Violation_201,80.0,Pz,24.9421,74.0,93.0
EDIN,edin5,Violation_201,80.0,Cz,-30.87544,74.0,93.0
EDIN,edin5,Violation_201,80.0,CP1,1.238824,74.0,93.0
EDIN,edin5,Violation_201,80.0,CP2,22.11616,74.0,93.0
EDIN,edin5,Violation_201,80.0,P3,3.199603,74.0,93.0
EDIN,edin5,Violation_201,80.0,P4,-0.58842,74.0,93.0
EDIN,edin5,Violation_201,80.0,C3,-4.155846,74.0,93.0
EDIN,edin5,Violation_201,80.0,C4,4.104947,74.0,93.0
EDIN,edin5,Violation_201,80.0,P7,-12.9286,74.0,93.0
EDIN,edin5,Violation_201,80.0,P8,-1.113427,74.0,93.0
EDIN,edin5,Violation_201,80.0,O1,-1.932429,74.0,93.0
EDIN,edin5,Violation_201,80.0,O2,0.2087061,74.0,93.0
EDIN,edin5,Control_202,67.0,Pz,-9.027522,75.0,60.0
EDIN,edin5,Control_202,67.0,Cz,11.62738,75.0,60.0
EDIN,edin5,Control_202,67.0,CP1,1.58786,75.0,60.0
EDIN,edin5,Control_202,67.0,CP2,0.2967982,75.0,60.0
EDIN,edin5,Control_202,67.0,P3,3.639082,75.0,60.0
EDIN,edin5,Control_202,67.0,P4,4.356973,75.0,60.0
EDIN,edin5,Control_202,67.0,C3,-0.8052871,75.0,60.0
EDIN,edin5,Control_202,67.0,C4,4.676056,75.0,60.0
EDIN,edin5,Control_202,67.0,P7,13.4264,75.0,60.0
EDIN,edin5,Control_202,67.0,P8,7.073853,75.0,60.0
EDIN,edin5,Control_202,67.0,O1,13.30635,75.0,60.0
EDIN,edin5,Control_202,67.0,O2,3.372982,75.0,60.0
EDIN,edin5,Control_202,63.0,Pz,-33.5433,80.0,97.0
EDIN,edin5,Control_202,63.0,Cz,10.33527,80.0,97.0
EDIN,edin5,Control_202,63.0,CP1,-16.85391,80.0,97.0
EDIN,edin5,Control_202,63.0,CP2,-14.86249,80.0,97.0
EDIN,edin5,Control_202,63.0,P3,-12.91179,80.0,97.0
EDIN,edin5,Control_202,63.0,P4,-14.81026,80.0,97.0
EDIN,edin5,Control_202,63.0,C3,-9.605407,80.0,97.0
EDIN,edin5,Control_202,63.0,C4,-6.551733,80.0,97.0
EDIN,edin5,Control_202,63.0,P7,-23.183,80.0,97.0
EDIN,edin5,Control_202,63.0,P8,-12.55762,80.0,97.0
EDIN,edin5,Control_202,63.0,O1,-13.8934,80.0,97.0
EDIN,edin5,Control_202,63.0,O2,-10.3952,80.0,97.0
EDIN,edin5,Control_202,75.0,Pz,19.17281,72.0,90.0
EDIN,edin5,Control_202,75.0,Cz,16.32085,72.0,90.0
EDIN,edin5,Control_202,75.0,CP1,-4.058769,72.0,90.0
EDIN,edin5,Control_202,75.0,CP2,17.20666,72.0,90.0
EDIN,edin5,Control_202,75.0,P3,0.09235346,72.0,90.0
EDIN,edin5,Control_202,75.0,P4,3.369685,72.0,90.0
EDIN,edin5,Control_202,75.0,C3,-12.8799,72.0,90.0
EDIN,edin5,Control_202,75.0,C4,9.605153,72.0,90.0
EDIN,edin5,Control_202,75.0,P7,-11.76495,72.0,90.0
EDIN,edin5,Control_202,75.0,P8,7.515875,72.0,90.0
EDIN,edin5,Control_202,75.0,O1,-7.903609,72.0,90.0
EDIN,edin5,Control_202,75.0,O2,-0.591999,72.0,90.0
EDIN,edin5,Control_202,71.0,Pz,20.00743,70.0,57.0
EDIN,edin5,Control_202,71.0,Cz,5.765586,70.0,57.0
EDIN,edin5,Control_202,71.0,CP1,31.14308,70.0,57.0
EDIN,edin5,Control_202,71.0,CP2,22.43362,70.0,57.0
EDIN,edin5,Control_202,71.0,P3,20.31846,70.0,57.0
EDIN,edin5,Control_202,71.0,P4,18.37448,70.0,57.0
EDIN,edin5,Control_202,71.0,C3,34.90627,70.0,57.0
EDIN,edin5,Control_202,71.0,C4,32.34767,70.0,57.0
EDIN,edin5,Control_202,71.0,P7,19.6777,70.0,57.0
EDIN,edin5,Control_202,71.0,P8,16.06337,70.0,57.0
EDIN,edin5,Control_202,71.0,O1,8.9186,70.0,57.0
EDIN,edin5,Control_202,71.0,O2,17.58577,70.0,57.0
EDIN,edin5,Violation_201,72.0,Pz,-21.6198,69.0,93.0
EDIN,edin5,Violation_201,72.0,Cz,-13.6391,69.0,93.0
EDIN,edin5,Violation_201,72.0,CP1,-7.616873,69.0,93.0
EDIN,edin5,Violation_201,72.0,CP2,-12.32571,69.0,93.0
EDIN,edin5,Violation_201,72.0,P3,-9.817214,69.0,93.0
EDIN,edin5,Violation_201,72.0,P4,-13.62165,69.0,93.0
EDIN,edin5,Violation_201,72.0,C3,-7.45997,69.0,93.0
EDIN,edin5,Violation_201,72.0,C4,-10.48211,69.0,93.0
EDIN,edin5,Violation_201,72.0,P7,-1.023049,69.0,93.0
EDIN,edin5,Violation_201,72.0,P8,12.20592,69.0,93.0
EDIN,edin5,Violation_201,72.0,O1,-16.13768,69.0,93.0
EDIN,edin5,Violation_201,72.0,O2,-0.775067,69.0,93.0
EDIN,edin5,Violation_201,76.0,Pz,-12.55306,65.0,93.0
EDIN,edin5,Violation_201,76.0,Cz,5.874526,65.0,93.0
EDIN,edin5,Violation_201,76.0,CP1,-7.75737,65.0,93.0
EDIN,edin5,Violation_201,76.0,CP2,-0.7945793,65.0,93.0
EDIN,edin5,Violation_201,76.0,P3,-0.3365895,65.0,93.0
EDIN,edin5,Violation_201,76.0,P4,-7.012695,65.0,93.0
EDIN,edin5,Violation_201,76.0,C3,-10.44557,65.0,93.0
EDIN,edin5,Violation_201,76.0,C4,-3.859402,65.0,93.0
EDIN,edin5,Violation_201,76.0,P7,2.025539,65.0,93.0
EDIN,edin5,Violation_201,76.0,P8,-7.032953,65.0,93.0
EDIN,edin5,Violation_201,76.0,O1,1.720159,65.0,93.0
EDIN,edin5,Violation_201,76.0,O2,-1.489347,65.0,93.0
EDIN,edin5,Violation_201,68.0,Pz,-10.10548,71.0,90.0
EDIN,edin5,Violation_201,68.0,Cz,-35.85095,71.0,90.0
EDIN,edin5,Violation_201,68.0,CP1,-11.50447,71.0,90.0
EDIN,edin5,Violation_201,68.0,CP2,2.703362,71.0,90.0
EDIN,edin5,Violation_201,68.0,P3,-14.1916,71.0,90.0
EDIN,edin5,Violation_201,68.0,P4,-6.774726,71.0,90.0
EDIN,edin5,Violation_201,68.0,C3,-32.40086,71.0,90.0
EDIN,edin5,Violation_201,68.0,C4,-6.432656,71.0,90.0
EDIN,edin5,Violation_201,68.0,P7,-3.110513,71.0,90.0
EDIN,edin5,Violation_201,68.0,P8,-6.349164,71.0,90.0
EDIN,edin5,Violation_201,68.0,O1,-12.18744,71.0,90.0
EDIN,edin5,Violation_201,68.0,O2,-9.362972,71.0,90.0
EDIN,edin6,Control_202,19.0,Pz,9.930876,16.0,93.0
EDIN,edin6,Control_202,19.0,Cz,4.703015,16.0,93.0
EDIN,edin6,Control_202,19.0,CP1,5.231652,16.0,93.0
EDIN,edin6,Control_202,19.0,CP2,7.249118,16.0,93.0
EDIN,edin6,Control_202,19.0,P3,8.880931,16.0,93.0
EDIN,edin6,Control_202,19.0,P4,12.23509,16.0,93.0
EDIN,edin6,Control_202,19.0,C3,4.924554,16.0,93.0
EDIN,edin6,Control_202,19.0,C4,6.10535,16.0,93.0
EDIN,edin6,Control_202,19.0,P7,7.307151,16.0,93.0
EDIN,edin6,Control_202,19.0,P8,6.102217,16.0,93.0
EDIN,edin6,Control_202,19.0,O1,10.23572,16.0,93.0
EDIN,edin6,Control_202,19.0,O2,9.225399,16.0,93.0
EDIN,edin6,Control_202,11.0,Pz,-1.188981,18.0,87.0
EDIN,edin6,Control_202,11.0,Cz,0.1507726,18.0,87.0
EDIN,edin6,Control_202,11.0,CP1,-5.764928,18.0,87.0
EDIN,edin6,Control_202,11.0,CP2,2.145918,18.0,87.0
EDIN,edin6,Control_202,11.0,P3,-2.474674,18.0,87.0
EDIN,edin6,Control_202,11.0,P4,2.284034,18.0,87.0
EDIN,edin6,Control_202,11.0,C3,6.14894,18.0,87.0
EDIN,edin6,Control_202,11.0,C4,3.411819,18.0,87.0
EDIN,edin6,Control_202,11.0,P7,5.283964,18.0,87.0
EDIN,edin6,Control_202,11.0,P8,0.4487104,18.0,87.0
EDIN,edin6,Control_202,11.0,O1,7.618688,18.0,87.0
EDIN,edin6,Control_202,11.0,O2,0.5107641,18.0,87.0
EDIN,edin6,Violation_201,12.0,Pz,-2.069996,17.0,62.0
EDIN,edin6,Violation_201,12.0,Cz,0.991412,17.0,62.0
EDIN,edin6,Violation_201,12.0,CP1,4.204223,17.0,62.0
EDIN,edin6,Violation_201,12.0,CP2,1.512987,17.0,62.0
EDIN,edin6,Violation_201,12.0,P3,-3.472924,17.0,62.0
EDIN,edin6,Violation_201,12.0,P4,2.113472,17.0,62.0
EDIN,edin6,Violation_201,12.0,C3,0.436246,17.0,62.0
EDIN,edin6,Violation_201,12.0,C4,1.378127,17.0,62.0
EDIN,edin6,Violation_201,12.0,P7,-4.772484,17.0,62.0
EDIN,edin6,Violation_201,12.0,P8,-2.025649,17.0,62.0
EDIN,edin6,Violation_201,12.0,O1,-3.753464,17.0,62.0
EDIN,edin6,Violation_201,12.0,O2,1.563756,17.0,62.0
EDIN,edin6,Control_202,7.0,Pz,11.37656,7.0,80.0
EDIN,edin6,Control_202,7.0,Cz,22.05645,7.0,80.0
EDIN,edin6,Control_202,7.0,CP1,20.72362,7.0,80.0
EDIN,edin6,Control_202,7.0,CP2,17.49488,7.0,80.0
EDIN,edin6,Control_202,7.0,P3,13.21472,7.0,80.0
EDIN,edin6,Control_202,7.0,P4,9.543276,7.0,80.0
EDIN,edin6,Control_202,7.0,C3,18.82753,7.0,80.0
EDIN,edin6,Control_202,7.0,C4,16.82995,7.0,80.0
EDIN,edin6,Control_202,7.0,P7,12.53162,7.0,80.0
EDIN,edin6,Control_202,7.0,P8,9.994023,7.0,80.0
EDIN,edin6,Control_202,7.0,O1,14.90566,7.0,80.0
EDIN,edin6,Control_202,7.0,O2,13.03262,7.0,80.0
EDIN,edin6,Violation_201,8.0,Pz,19.36183,8.0,97.0
EDIN,edin6,Violation_201,8.0,Cz,21.03085,8.0,97.0
EDIN,edin6,Violation_201,8.0,CP1,16.75896,8.0,97.0
EDIN,edin6,Violation_201,8.0,CP2,10.7665,8.0,97.0
EDIN,edin6,Violation_201,8.0,P3,18.5787,8.0,97.0
EDIN,edin6,Violation_201,8.0,P4,10.32836,8.0,97.0
EDIN,edin6,Violation_201,8.0,C3,16.61567,8.0,97.0
EDIN,edin6,Violation_201,8.0,C4,21.25391,8.0,97.0
EDIN,edin6,Violation_201,8.0,P7,14.86187,8.0,97.0
EDIN,edin6,Violation_201,8.0,P8,12.1948,8.0,97.0
EDIN,edin6,Violation_201,8.0,O1,10.67658,8.0,97.0
EDIN,edin6,Violation_201,8.0,O2,11.83653,8.0,97.0
EDIN,edin6,Violation_201,4.0,Pz,-16.29939,12.0,100.0
EDIN,edin6,Violation_201,4.0,Cz,-20.36237,12.0,100.0
EDIN,edin6,Violation_201,4.0,CP1,-21.75689,12.0,100.0
EDIN,edin6,Violation_201,4.0,CP2,-15.91768,12.0,100.0
EDIN,edin6,Violation_201,4.0,P3,-10.08318,12.0,100.0
EDIN,edin6,Violation_201,4.0,P4,-12.1607,12.0,100.0
EDIN,edin6,Violation_201,4.0,C3,-20.94773,12.0,100.0
EDIN,edin6,Violation_201,4.0,C4,-13.10756,12.0,100.0
EDIN,edin6,Violation_201,4.0,P7,-3.878053,12.0,100.0
EDIN,edin6,Violation_201,4.0,P8,-9.848209,12.0,100.0
EDIN,edin6,Violation_201,4.0,O1,-9.531667,12.0,100.0
EDIN,edin6,Violation_201,4.0,O2,-9.603571,12.0,100.0
EDIN,edin6,Control_202,3.0,Pz,1.120545,11.0,87.0
EDIN,edin6,Control_202,3.0,Cz,-2.512547,11.0,87.0
EDIN,edin6,Control_202,3.0,CP1,5.317949,11.0,87.0
EDIN,edin6,Control_202,3.0,CP2,-4.503547,11.0,87.0
EDIN,edin6,Control_202,3.0,P3,-4.805755,11.0,87.0
EDIN,edin6,Control_202,3.0,P4,-4.665014,11.0,87.0
EDIN,edin6,Control_202,3.0,C3,-6.533349,11.0,87.0
EDIN,edin6,Control_202,3.0,C4,-5.358235,11.0,87.0
EDIN,edin6,Control_202,3.0,P7,-10.43119,11.0,87.0
EDIN,edin6,Control_202,3.0,P8,-4.906147,11.0,87.0
EDIN,edin6,Control_202,3.0,O1,-4.893329,11.0,87.0
EDIN,edin6,Control_202,3.0,O2,-1.542654,11.0,87.0
EDIN,edin6,Control_202,15.0,Pz,3.098961,14.0,90.0
EDIN,edin6,Control_202,15.0,Cz,1.454384,14.0,90.0
EDIN,edin6,Control_202,15.0,CP1,2.532081,14.0,90.0
EDIN,edin6,Control_202,15.0,CP2,3.517207,14.0,90.0
EDIN,edin6,Control_202,15.0,P3,4.937573,14.0,90.0
EDIN,edin6,Control_202,15.0,P4,5.865529,14.0,90.0
EDIN,edin6,Control_202,15.0,C3,3.380883,14.0,90.0
EDIN,edin6,Control_202,15.0,C4,6.213516,14.0,90.0
EDIN,edin6,Control_202,15.0,P7,-4.817104,14.0,90.0
EDIN,edin6,Control_202,15.0,P8,7.820309,14.0,90.0
EDIN,edin6,Control_202,15.0,O1,0.485311,14.0,90.0
EDIN,edin6,Control_202,15.0,O2,-1.110328,14.0,90.0
EDIN,edin6,Violation_201,20.0,Pz,12.6722,10.0,80.0
EDIN,edin6,Violation_201,20.0,Cz,12.65075,10.0,80.0
EDIN,edin6,Violation_201,20.0,CP1,8.781691,10.0,80.0
EDIN,edin6,Violation_201,20.0,CP2,15.00891,10.0,80.0
EDIN,edin6,Violation_201,20.0,P3,13.18509,10.0,80.0
EDIN,edin6,Violation_201,20.0,P4,16.34337,10.0,80.0
EDIN,edin6,Violation_201,20.0,C3,7.979718,10.0,80.0
EDIN,edin6,Violation_201,20.0,C4,8.987917,10.0,80.0
EDIN,edin6,Violation_201,20.0,P7,15.46223,10.0,80.0
EDIN,edin6,Violation_201,20.0,P8,15.87656,10.0,80.0
EDIN,edin6,Violation_201,20.0,O1,9.146132,10.0,80.0
EDIN,edin6,Violation_201,20.0,O2,5.957397,10.0,80.0
EDIN,edin6,Violation_201,16.0,Pz,-6.304983,1.0,97.0
EDIN,edin6,Violation_201,16.0,Cz,-7.952808,1.0,97.0
EDIN,edin6,Violation_201,16.0,CP1,-3.992024,1.0,97.0
EDIN,edin6,Violation_201,16.0,CP2,-1.339957,1.0,97.0
EDIN,edin6,Violation_201,16.0,P3,-11.02782,1.0,97.0
EDIN,edin6,Violation_201,16.0,P4,-8.703371,1.0,97.0
EDIN,edin6,Violation_201,16.0,C3,-9.947004,1.0,97.0
EDIN,edin6,Violation_201,16.0,C4,0.2733017,1.0,97.0
EDIN,edin6,Violation_201,16.0,P7,-11.00328,1.0,97.0
EDIN,edin6,Violation_201,16.0,P8,-11.24356,1.0,97.0
EDIN,edin6,Violation_201,16.0,O1,-19.325,1.0,97.0
EDIN,edin6,Violation_201,16.0,O2,-12.76061,1.0,97.0
EDIN,edin6,Control_202,39.0,Pz,-10.39106,38.0,93.0
EDIN,edin6,Control_202,39.0,Cz,-19.49039,38.0,93.0
EDIN,edin6,Control_202,39.0,CP1,-21.11361,38.0,93.0
EDIN,edin6,Control_202,39.0,CP2,-20.3748,38.0,93.0
EDIN,edin6,Control_202,39.0,P3,-8.289981,38.0,93.0
EDIN,edin6,Control_202,39.0,P4,-14.26589,38.0,93.0
EDIN,edin6,Control_202,39.0,C3,-13.8407,38.0,93.0
EDIN,edin6,Control_202,39.0,C4,-20.33039,38.0,93.0
EDIN,edin6,Control_202,39.0,P7,-14.43258,38.0,93.0
EDIN,edin6,Control_202,39.0,P8,-16.64284,38.0,93.0
EDIN,edin6,Control_202,39.0,O1,-10.41576,38.0,93.0
EDIN,edin6,Control_202,39.0,O2,-17.03039,38.0,93.0
EDIN,edin6,Control_202,31.0,Pz,12.5542,40.0,93.0
EDIN,edin6,Control_202,31.0,Cz,14.75676,40.0,93.0
EDIN,edin6,Control_202,31.0,CP1,10.30124,40.0,93.0
EDIN,edin6,Control_202,31.0,CP2,14.06855,40.0,93.0
EDIN,edin6,Control_202,31.0,P3,13.51683,40.0,93.0
EDIN,edin6,Control_202,31.0,P4,10.11257,40.0,93.0
EDIN,edin6,Control_202,31.0,C3,8.841312,40.0,93.0
EDIN,edin6,Control_202,31.0,C4,13.45772,40.0,93.0
EDIN,edin6,Control_202,31.0,P7,9.830968,40.0,93.0
EDIN,edin6,Control_202,31.0,P8,5.645248,40.0,93.0
EDIN,edin6,Control_202,31.0,O1,23.42584,40.0,93.0
EDIN,edin6,Control_202,31.0,O2,5.001652,40.0,93.0
EDIN,edin6,Control_202,27.0,Pz,-22.25321,28.0,27.0
EDIN,edin6,Control_202,27.0,Cz,-11.41421,28.0,27.0
EDIN,edin6,Control_202,27.0,CP1,-11.17091,28.0,27.0
EDIN,edin6,Control_202,27.0,CP2,-14.53631,28.0,27.0
EDIN,edin6,Control_202,27.0,P3,-4.411909,28.0,27.0
EDIN,edin6,Control_202,27.0,P4,-18.26108,28.0,27.0
EDIN,edin6,Control_202,27.0,C3,-19.66171,28.0,27.0
EDIN,edin6,Control_202,27.0,C4,-14.65751,28.0,27.0
EDIN,edin6,Control_202,27.0,P7,-38.27462,28.0,27.0
EDIN,edin6,Control_202,27.0,P8,-25.91266,28.0,27.0
EDIN,edin6,Control_202,27.0,O1,-24.23223,28.0,27.0
EDIN,edin6,Control_202,27.0,O2,-21.52218,28.0,27.0
EDIN,edin6,Violation_201,28.0,Pz,27.01852,36.0,77.0
EDIN,edin6,Violation_201,28.0,Cz,22.21546,36.0,77.0
EDIN,edin6,Violation_201,28.0,CP1,20.96704,36.0,77.0
EDIN,edin6,Violation_201,28.0,CP2,18.82398,36.0,77.0
EDIN,edin6,Violation_201,28.0,P3,44.79618,36.0,77.0
EDIN,edin6,Violation_201,28.0,P4,25.4621,36.0,77.0
EDIN,edin6,Violation_201,28.0,C3,26.47963,36.0,77.0
EDIN,edin6,Violation_201,28.0,C4,15.40771,36.0,77.0
EDIN,edin6,Violation_201,28.0,P7,31.26944,36.0,77.0
EDIN,edin6,Violation_201,28.0,P8,22.67844,36.0,77.0
EDIN,edin6,Violation_201,28.0,O1,39.59095,36.0,77.0
EDIN,edin6,Violation_201,28.0,O2,33.40623,36.0,77.0
EDIN,edin6,Violation_201,36.0,Pz,1.92614,32.0,80.0
EDIN,edin6,Violation_201,36.0,Cz,4.066826,32.0,80.0
EDIN,edin6,Violation_201,36.0,CP1,1.234147,32.0,80.0
EDIN,edin6,Violation_201,36.0,CP2,4.421963,32.0,80.0
EDIN,edin6,Violation_201,36.0,P3,14.06886,32.0,80.0
EDIN,edin6,Violation_201,36.0,P4,6.84555,32.0,80.0
EDIN,edin6,Violation_201,36.0,C3,8.087959,32.0,80.0
EDIN,edin6,Violation_201,36.0,C4,10.08376,32.0,80.0
EDIN,edin6,Violation_201,36.0,P7,6.269814,32.0,80.0
EDIN,edin6,Violation_201,36.0,P8,15.99218,32.0,80.0
EDIN,edin6,Violation_201,36.0,O1,9.863487,32.0,80.0
EDIN,edin6,Violation_201,36.0,O2,8.754925,32.0,80.0
EDIN,edin6,Violation_201,40.0,Pz,1.872671,33.0,53.0
EDIN,edin6,Violation_201,40.0,Cz,14.57825,33.0,53.0
EDIN,edin6,Violation_201,40.0,CP1,11.17309,33.0,53.0
EDIN,edin6,Violation_201,40.0,CP2,11.67801,33.0,53.0
EDIN,edin6,Violation_201,40.0,P3,3.364766,33.0,53.0
EDIN,edin6,Violation_201,40.0,P4,1.844971,33.0,53.0
EDIN,edin6,Violation_201,40.0,C3,7.875631,33.0,53.0
EDIN,edin6,Violation_201,40.0,C4,11.39582,33.0,53.0
EDIN,edin6,Violation_201,40.0,P7,4.880174,33.0,53.0
EDIN,edin6,Violation_201,40.0,P8,2.771395,33.0,53.0
EDIN,edin6,Violation_201,40.0,O1,7.929359,33.0,53.0
EDIN,edin6,Violation_201,40.0,O2,8.804297,33.0,53.0
EDIN,edin6,Violation_201,24.0,Pz,-3.991485,37.0,80.0
EDIN,edin6,Violation_201,24.0,Cz,-4.777385,37.0,80.0
EDIN,edin6,Violation_201,24.0,CP1,-7.208631,37.0,80.0
EDIN,edin6,Violation_201,24.0,CP2,-6.967377,37.0,80.0
EDIN,edin6,Violation_201,24.0,P3,2.481372,37.0,80.0
EDIN,edin6,Violation_201,24.0,P4,-5.650049,37.0,80.0
EDIN,edin6,Violation_201,24.0,C3,0.1010942,37.0,80.0
EDIN,edin6,Violation_201,24.0,C4,-4.519352,37.0,80.0
EDIN,edin6,Violation_201,24.0,P7,-2.362222,37.0,80.0
EDIN,edin6,Violation_201,24.0,P8,-5.433404,37.0,80.0
EDIN,edin6,Violation_201,24.0,O1,-3.685883,37.0,80.0
EDIN,edin6,Violation_201,24.0,O2,-5.465238,37.0,80.0
EDIN,edin6,Control_202,35.0,Pz,15.917,23.0,93.0
EDIN,edin6,Control_202,35.0,Cz,13.19682,23.0,93.0
EDIN,edin6,Control_202,35.0,CP1,19.99932,23.0,93.0
EDIN,edin6,Control_202,35.0,CP2,10.52351,23.0,93.0
EDIN,edin6,Control_202,35.0,P3,15.37983,23.0,93.0
EDIN,edin6,Control_202,35.0,P4,11.07875,23.0,93.0
EDIN,edin6,Control_202,35.0,C3,15.39597,23.0,93.0
EDIN,edin6,Control_202,35.0,C4,3.908428,23.0,93.0
EDIN,edin6,Control_202,35.0,P7,10.30503,23.0,93.0
EDIN,edin6,Control_202,35.0,P8,10.13406,23.0,93.0
EDIN,edin6,Control_202,35.0,O1,15.43416,23.0,93.0
EDIN,edin6,Control_202,35.0,O2,11.00632,23.0,93.0
EDIN,edin6,Control_202,23.0,Pz,-14.74991,31.0,77.0
EDIN,edin6,Control_202,23.0,Cz,-5.946338,31.0,77.0
EDIN,edin6,Control_202,23.0,CP1,6.787385,31.0,77.0
EDIN,edin6,Control_202,23.0,CP2,-2.946124,31.0,77.0
EDIN,edin6,Control_202,23.0,P3,8.36592,31.0,77.0
EDIN,edin6,Control_202,23.0,P4,-6.854572,31.0,77.0
EDIN,edin6,Control_202,23.0,C3,-8.228882,31.0,77.0
EDIN,edin6,Control_202,23.0,C4,-9.376014,31.0,77.0
EDIN,edin6,Control_202,23.0,P7,-1.501861,31.0,77.0
EDIN,edin6,Control_202,23.0,P8,-3.684767,31.0,77.0
EDIN,edin6,Control_202,23.0,O1,7.176746,31.0,77.0
EDIN,edin6,Control_202,23.0,O2,-0.05519223,31.0,77.0
EDIN,edin6,Violation_201,32.0,Pz,17.02559,24.0,93.0
EDIN,edin6,Violation_201,32.0,Cz,27.95919,24.0,93.0
EDIN,edin6,Violation_201,32.0,CP1,19.55873,24.0,93.0
EDIN,edin6,Violation_201,32.0,CP2,24.2378,24.0,93.0
EDIN,edin6,Violation_201,32.0,P3,5.648321,24.0,93.0
EDIN,edin6,Violation_201,32.0,P4,18.70835,24.0,93.0
EDIN,edin6,Violation_201,32.0,C3,24.54984,24.0,93.0
EDIN,edin6,Violation_201,32.0,C4,27.50074,24.0,93.0
EDIN,edin6,Violation_201,32.0,P7,5.756111,24.0,93.0
EDIN,edin6,Violation_201,32.0,P8,19.96701,24.0,93.0
EDIN,edin6,Violation_201,32.0,O1,11.24142,24.0,93.0
EDIN,edin6,Violation_201,32.0,O2,16.11564,24.0,93.0
EDIN,edin6,Violation_201,60.0,Pz,4.858782,49.0,40.0
EDIN,edin6,Violation_201,60.0,Cz,3.708817,49.0,40.0
EDIN,edin6,Violation_201,60.0,CP1,3.516216,49.0,40.0
EDIN,edin6,Violation_201,60.0,CP2,0.8447299,49.0,40.0
EDIN,edin6,Violation_201,60.0,P3,5.331581,49.0,40.0
EDIN,edin6,Violation_201,60.0,P4,3.700592,49.0,40.0
EDIN,edin6,Violation_201,60.0,C3,2.923071,49.0,40.0
EDIN,edin6,Violation_201,60.0,C4,6.424821,49.0,40.0
EDIN,edin6,Violation_201,60.0,P7,11.13644,49.0,40.0
EDIN,edin6,Violation_201,60.0,P8,5.646965,49.0,40.0
EDIN,edin6,Violation_201,60.0,O1,16.43815,49.0,40.0
EDIN,edin6,Violation_201,60.0,O2,3.375978,49.0,40.0
EDIN,edin6,Violation_201,52.0,Pz,-6.92309,56.0,93.0
EDIN,edin6,Violation_201,52.0,Cz,-5.719286,56.0,93.0
EDIN,edin6,Violation_201,52.0,CP1,-7.848704,56.0,93.0
EDIN,edin6,Violation_201,52.0,CP2,-4.674817,56.0,93.0
EDIN,edin6,Violation_201,52.0,P3,-5.17714,56.0,93.0
EDIN,edin6,Violation_201,52.0,P4,-5.189692,56.0,93.0
EDIN,edin6,Violation_201,52.0,C3,-0.782272,56.0,93.0
EDIN,edin6,Violation_201,52.0,C4,-2.437138,56.0,93.0
EDIN,edin6,Violation_201,52.0,P7,-4.061086,56.0,93.0
EDIN,edin6,Violation_201,52.0,P8,0.2138849,56.0,93.0
EDIN,edin6,Violation_201,52.0,O1,1.782489,56.0,93.0
EDIN,edin6,Violation_201,52.0,O2,-2.968806,56.0,93.0
EDIN,edin6,Control_202,51.0,Pz,11.60897,58.0,73.0
EDIN,edin6,Control_202,51.0,Cz,18.43519,58.0,73.0
EDIN,edin6,Control_202,51.0,CP1,7.439498,58.0,73.0
EDIN,edin6,Control_202,51.0,CP2,18.43695,58.0,73.0
EDIN,edin6,Control_202,51.0,P3,9.949736,58.0,73.0
EDIN,edin6,Control_202,51.0,P4,15.35705,58.0,73.0
EDIN,edin6,Control_202,51.0,C3,5.120202,58.0,73.0
EDIN,edin6,Control_202,51.0,C4,17.87955,58.0,73.0
EDIN,edin6,Control_202,51.0,P7,11.89557,58.0,73.0
EDIN,edin6,Control_202,51.0,P8,7.662007,58.0,73.0
EDIN,edin6,Control_202,51.0,O1,16.32624,58.0,73.0
EDIN,edin6,Control_202,51.0,O2,12.58079,58.0,73.0
EDIN,edin6,Control_202,44.0,Pz,1.105974,45.0,67.0
EDIN,edin6,Control_202,44.0,Cz,6.431475,45.0,67.0
EDIN,edin6,Control_202,44.0,CP1,0.8150707,45.0,67.0
EDIN,edin6,Control_202,44.0,CP2,0.5131732,45.0,67.0
EDIN,edin6,Control_202,44.0,P3,0.6608063,45.0,67.0
EDIN,edin6,Control_202,44.0,P4,-6.936028,45.0,67.0
EDIN,edin6,Control_202,44.0,C3,3.824731,45.0,67.0
EDIN,edin6,Control_202,44.0,C4,-1.054283,45.0,67.0
EDIN,edin6,Control_202,44.0,P7,-2.987104,45.0,67.0
EDIN,edin6,Control_202,44.0,P8,-3.542273,45.0,67.0
EDIN,edin6,Control_202,44.0,O1,-4.110722,45.0,67.0
EDIN,edin6,Control_202,44.0,O2,-5.553355,45.0,67.0
EDIN,edin6,Violation_201,48.0,Pz,-1.980596,48.0,87.0
EDIN,edin6,Violation_201,48.0,Cz,-5.002168,48.0,87.0
EDIN,edin6,Violation_201,48.0,CP1,-2.502734,48.0,87.0
EDIN,edin6,Violation_201,48.0,CP2,-3.240845,48.0,87.0
EDIN,edin6,Violation_201,48.0,P3,-4.609411,48.0,87.0
EDIN,edin6,Violation_201,48.0,P4,-0.542397,48.0,87.0
EDIN,edin6,Violation_201,48.0,C3,-10.57984,48.0,87.0
EDIN,edin6,Violation_201,48.0,C4,-2.597831,48.0,87.0
EDIN,edin6,Violation_201,48.0,P7,7.885114,48.0,87.0
EDIN,edin6,Violation_201,48.0,P8,4.331252,48.0,87.0
EDIN,edin6,Violation_201,48.0,O1,5.104278,48.0,87.0
EDIN,edin6,Violation_201,48.0,O2,4.860705,48.0,87.0
EDIN,edin6,Violation_201,56.0,Pz,14.89791,47.0,100.0
EDIN,edin6,Violation_201,56.0,Cz,14.40161,47.0,100.0
EDIN,edin6,Violation_201,56.0,CP1,15.98136,47.0,100.0
EDIN,edin6,Violation_201,56.0,CP2,14.88364,47.0,100.0
EDIN,edin6,Violation_201,56.0,P3,11.28205,47.0,100.0
EDIN,edin6,Violation_201,56.0,P4,8.598865,47.0,100.0
EDIN,edin6,Violation_201,56.0,C3,18.56614,47.0,100.0
EDIN,edin6,Violation_201,56.0,C4,16.90036,47.0,100.0
EDIN,edin6,Violation_201,56.0,P7,17.28655,47.0,100.0
EDIN,edin6,Violation_201,56.0,P8,9.832523,47.0,100.0
EDIN,edin6,Violation_201,56.0,O1,11.08077,47.0,100.0
EDIN,edin6,Violation_201,56.0,O2,4.90581,47.0,100.0
EDIN,edin6,Violation_201,43.0,Pz,11.57373,52.0,87.0
EDIN,edin6,Violation_201,43.0,Cz,15.85608,52.0,87.0
EDIN,edin6,Violation_201,43.0,CP1,23.45987,52.0,87.0
EDIN,edin6,Violation_201,43.0,CP2,14.34743,52.0,87.0
EDIN,edin6,Violation_201,43.0,P3,7.176952,52.0,87.0
EDIN,edin6,Violation_201,43.0,P4,21.83213,52.0,87.0
EDIN,edin6,Violation_201,43.0,C3,16.41122,52.0,87.0
EDIN,edin6,Violation_201,43.0,C4,14.57604,52.0,87.0
EDIN,edin6,Violation_201,43.0,P7,11.63051,52.0,87.0
EDIN,edin6,Violation_201,43.0,P8,13.51411,52.0,87.0
EDIN,edin6,Violation_201,43.0,O1,12.4917,52.0,87.0
EDIN,edin6,Violation_201,43.0,O2,15.16289,52.0,87.0
EDIN,edin6,Control_202,47.0,Pz,12.41607,54.0,77.0
EDIN,edin6,Control_202,47.0,Cz,21.06038,54.0,77.0
EDIN,edin6,Control_202,47.0,CP1,17.25693,54.0,77.0
EDIN,edin6,Control_202,47.0,CP2,19.23559,54.0,77.0
EDIN,edin6,Control_202,47.0,P3,4.239575,54.0,77.0
EDIN,edin6,Control_202,47.0,P4,16.18066,54.0,77.0
EDIN,edin6,Control_202,47.0,C3,12.64354,54.0,77.0
EDIN,edin6,Control_202,47.0,C4,19.69072,54.0,77.0
EDIN,edin6,Control_202,47.0,P7,12.28368,54.0,77.0
EDIN,edin6,Control_202,47.0,P8,9.240726,54.0,77.0
EDIN,edin6,Control_202,47.0,O1,7.834314,54.0,77.0
EDIN,edin6,Control_202,47.0,O2,11.71185,54.0,77.0
EDIN,edin6,Control_202,59.0,Pz,-16.941,55.0,93.0
EDIN,edin6,Control_202,59.0,Cz,-15.30153,55.0,93.0
EDIN,edin6,Control_202,59.0,CP1,-20.3433,55.0,93.0
EDIN,edin6,Control_202,59.0,CP2,-16.27106,55.0,93.0
EDIN,edin6,Control_202,59.0,P3,-27.09013,55.0,93.0
EDIN,edin6,Control_202,59.0,P4,-20.74309,55.0,93.0
EDIN,edin6,Control_202,59.0,C3,-12.07207,55.0,93.0
EDIN,edin6,Control_202,59.0,C4,-10.43968,55.0,93.0
EDIN,edin6,Control_202,59.0,P7,-18.81417,55.0,93.0
EDIN,edin6,Control_202,59.0,P8,-15.52805,55.0,93.0
EDIN,edin6,Control_202,59.0,O1,-23.88166,55.0,93.0
EDIN,edin6,Control_202,59.0,O2,-12.28608,55.0,93.0
EDIN,edin6,Control_202,55.0,Pz,-8.431334,43.0,93.0
EDIN,edin6,Control_202,55.0,Cz,-13.87228,43.0,93.0
EDIN,edin6,Control_202,55.0,CP1,-13.53785,43.0,93.0
EDIN,edin6,Control_202,55.0,CP2,-9.234505,43.0,93.0
EDIN,edin6,Control_202,55.0,P3,-3.913679,43.0,93.0
EDIN,edin6,Control_202,55.0,P4,-13.69271,43.0,93.0
EDIN,edin6,Control_202,55.0,C3,-13.35923,43.0,93.0
EDIN,edin6,Control_202,55.0,C4,-9.540171,43.0,93.0
EDIN,edin6,Control_202,55.0,P7,2.523336,43.0,93.0
EDIN,edin6,Control_202,55.0,P8,-4.680552,43.0,93.0
EDIN,edin6,Control_202,55.0,O1,2.221141,43.0,93.0
EDIN,edin6,Control_202,55.0,O2,-1.425457,43.0,93.0
EDIN,edin6,Control_202,79.0,Pz,-6.925631,71.0,90.0
EDIN,edin6,Control_202,79.0,Cz,-0.7170247,71.0,90.0
EDIN,edin6,Control_202,79.0,CP1,-7.056215,71.0,90.0
EDIN,edin6,Control_202,79.0,CP2,-1.138967,71.0,90.0
EDIN,edin6,Control_202,79.0,P3,2.080341,71.0,90.0
EDIN,edin6,Control_202,79.0,P4,-11.30949,71.0,90.0
EDIN,edin6,Control_202,79.0,C3,2.06883,71.0,90.0
EDIN,edin6,Control_202,79.0,C4,1.073746,71.0,90.0
EDIN,edin6,Control_202,79.0,P7,-0.8334484,71.0,90.0
EDIN,edin6,Control_202,79.0,P8,-3.940015,71.0,90.0
EDIN,edin6,Control_202,79.0,O1,-3.514267,71.0,90.0
EDIN,edin6,Control_202,79.0,O2,-3.619068,71.0,90.0
EDIN,edin6,Violation_201,80.0,Pz,-2.761061,70.0,57.0
EDIN,edin6,Violation_201,80.0,Cz,0.1690738,70.0,57.0
EDIN,edin6,Violation_201,80.0,CP1,-1.423933,70.0,57.0
EDIN,edin6,Violation_201,80.0,CP2,-0.4840944,70.0,57.0
EDIN,edin6,Violation_201,80.0,P3,-2.29675,70.0,57.0
EDIN,edin6,Violation_201,80.0,P4,2.177257,70.0,57.0
EDIN,edin6,Violation_201,80.0,C3,-0.8740032,70.0,57.0
EDIN,edin6,Violation_201,80.0,C4,-0.1260412,70.0,57.0
EDIN,edin6,Violation_201,80.0,P7,-0.7746631,70.0,57.0
EDIN,edin6,Violation_201,80.0,P8,-2.723467,70.0,57.0
EDIN,edin6,Violation_201,80.0,O1,0.1797591,70.0,57.0
EDIN,edin6,Violation_201,80.0,O2,-1.263924,70.0,57.0
EDIN,edin6,Control_202,75.0,Pz,-10.62729,76.0,90.0
EDIN,edin6,Control_202,75.0,Cz,-8.526644,76.0,90.0
EDIN,edin6,Control_202,75.0,CP1,-13.58541,76.0,90.0
EDIN,edin6,Control_202,75.0,CP2,-9.895956,76.0,90.0
EDIN,edin6,Control_202,75.0,P3,-0.8024521,76.0,90.0
EDIN,edin6,Control_202,75.0,P4,-3.639857,76.0,90.0
EDIN,edin6,Control_202,75.0,C3,-10.10371,76.0,90.0
EDIN,edin6,Control_202,75.0,C4,-8.169811,76.0,90.0
EDIN,edin6,Control_202,75.0,P7,-4.916435,76.0,90.0
EDIN,edin6,Control_202,75.0,P8,1.065498,76.0,90.0
EDIN,edin6,Control_202,75.0,O1,9.784826,76.0,90.0
EDIN,edin6,Control_202,75.0,O2,1.601976,76.0,90.0
EDIN,edin6,Violation_201,72.0,Pz,4.472644,63.0,83.0
EDIN,edin6,Violation_201,72.0,Cz,0.8351851,63.0,83.0
EDIN,edin6,Violation_201,72.0,CP1,1.542382,63.0,83.0
EDIN,edin6,Violation_201,72.0,CP2,3.848855,63.0,83.0
EDIN,edin6,Violation_201,72.0,P3,-15.52356,63.0,83.0
EDIN,edin6,Violation_201,72.0,P4,2.827331,63.0,83.0
EDIN,edin6,Violation_201,72.0,C3,-2.197045,63.0,83.0
EDIN,edin6,Violation_201,72.0,C4,6.259664,63.0,83.0
EDIN,edin6,Violation_201,72.0,P7,2.101913,63.0,83.0
EDIN,edin6,Violation_201,72.0,P8,5.371161,63.0,83.0
EDIN,edin6,Violation_201,72.0,O1,2.340446,63.0,83.0
EDIN,edin6,Violation_201,72.0,O2,5.989371,63.0,83.0
EDIN,edin6,Violation_201,68.0,Pz,-4.769116,72.0,90.0
EDIN,edin6,Violation_201,68.0,Cz,-3.102378,72.0,90.0
EDIN,edin6,Violation_201,68.0,CP1,-0.7535104,72.0,90.0
EDIN,edin6,Violation_201,68.0,CP2,-3.89662,72.0,90.0
EDIN,edin6,Violation_201,68.0,P3,-15.68314,72.0,90.0
EDIN,edin6,Violation_201,68.0,P4,-7.465982,72.0,90.0
EDIN,edin6,Violation_201,68.0,C3,-0.8093304,72.0,90.0
EDIN,edin6,Violation_201,68.0,C4,0.3803022,72.0,90.0
EDIN,edin6,Violation_201,68.0,P7,-1.929376,72.0,90.0
EDIN,edin6,Violation_201,68.0,P8,1.159449,72.0,90.0
EDIN,edin6,Violation_201,68.0,O1,-3.961738,72.0,90.0
EDIN,edin6,Violation_201,68.0,O2,-2.049843,72.0,90.0
EDIN,edin6,Control_202,63.0,Pz,16.2207,77.0,100.0
EDIN,edin6,Control_202,63.0,Cz,9.192065,77.0,100.0
EDIN,edin6,Control_202,63.0,CP1,7.008668,77.0,100.0
EDIN,edin6,Control_202,63.0,CP2,10.9757,77.0,100.0
EDIN,edin6,Control_202,63.0,P3,11.24649,77.0,100.0
EDIN,edin6,Control_202,63.0,P4,13.39049,77.0,100.0
EDIN,edin6,Control_202,63.0,C3,8.505858,77.0,100.0
EDIN,edin6,Control_202,63.0,C4,14.41674,77.0,100.0
EDIN,edin6,Control_202,63.0,P7,11.87407,77.0,100.0
EDIN,edin6,Control_202,63.0,P8,11.18219,77.0,100.0
EDIN,edin6,Control_202,63.0,O1,10.58756,77.0,100.0
EDIN,edin6,Control_202,63.0,O2,13.92607,77.0,100.0
EDIN,edin6,Violation_201,76.0,Pz,16.11339,64.0,50.0
EDIN,edin6,Violation_201,76.0,Cz,12.87441,64.0,50.0
EDIN,edin6,Violation_201,76.0,CP1,9.34987,64.0,50.0
EDIN,edin6,Violation_201,76.0,CP2,10.92943,64.0,50.0
EDIN,edin6,Violation_201,76.0,P3,11.02945,64.0,50.0
EDIN,edin6,Violation_201,76.0,P4,8.382234,64.0,50.0
EDIN,edin6,Violation_201,76.0,C3,13.3177,64.0,50.0
EDIN,edin6,Violation_201,76.0,C4,9.281427,64.0,50.0
EDIN,edin6,Violation_201,76.0,P7,7.074987,64.0,50.0
EDIN,edin6,Violation_201,76.0,P8,2.503318,64.0,50.0
EDIN,edin6,Violation_201,76.0,O1,7.499516,64.0,50.0
EDIN,edin6,Violation_201,76.0,O2,10.68069,64.0,50.0
EDIN,edin6,Violation_201,64.0,Pz,13.8483,65.0,93.0
EDIN,edin6,Violation_201,64.0,Cz,17.6552,65.0,93.0
EDIN,edin6,Violation_201,64.0,CP1,14.41079,65.0,93.0
EDIN,edin6,Violation_201,64.0,CP2,19.77824,65.0,93.0
EDIN,edin6,Violation_201,64.0,P3,14.45174,65.0,93.0
EDIN,edin6,Violation_201,64.0,P4,14.16294,65.0,93.0
EDIN,edin6,Violation_201,64.0,C3,10.79217,65.0,93.0
EDIN,edin6,Violation_201,64.0,C4,16.43002,65.0,93.0
EDIN,edin6,Violation_201,64.0,P7,6.425736,65.0,93.0
EDIN,edin6,Violation_201,64.0,P8,14.73079,65.0,93.0
EDIN,edin6,Violation_201,64.0,O1,13.42423,65.0,93.0
EDIN,edin6,Violation_201,64.0,O2,11.80865,65.0,93.0
EDIN,edin6,Control_202,71.0,Pz,20.60217,68.0,27.0
EDIN,edin6,Control_202,71.0,Cz,20.11832,68.0,27.0
EDIN,edin6,Control_202,71.0,CP1,31.2164,68.0,27.0
EDIN,edin6,Control_202,71.0,CP2,20.46663,68.0,27.0
EDIN,edin6,Control_202,71.0,P3,0.4024999,68.0,27.0
EDIN,edin6,Control_202,71.0,P4,16.04391,68.0,27.0
EDIN,edin6,Control_202,71.0,C3,19.26771,68.0,27.0
EDIN,edin6,Control_202,71.0,C4,17.60174,68.0,27.0
EDIN,edin6,Control_202,71.0,P7,3.158721,68.0,27.0
EDIN,edin6,Control_202,71.0,P8,12.92823,68.0,27.0
EDIN,edin6,Control_202,71.0,O1,19.28044,68.0,27.0
EDIN,edin6,Control_202,71.0,O2,10.82346,68.0,27.0
EDIN,edin7,Violation_201,18.0,Pz,-6.073772,10.0,80.0
EDIN,edin7,Violation_201,18.0,Cz,1.173296,10.0,80.0
EDIN,edin7,Violation_201,18.0,CP1,-13.1505,10.0,80.0
EDIN,edin7,Violation_201,18.0,CP2,-19.29461,10.0,80.0
EDIN,edin7,Violation_201,18.0,P3,-3.394428,10.0,80.0
EDIN,edin7,Violation_201,18.0,P4,-16.02068,10.0,80.0
EDIN,edin7,Violation_201,18.0,C3,-1.854678,10.0,80.0
EDIN,edin7,Violation_201,18.0,C4,19.70884,10.0,80.0
EDIN,edin7,Violation_201,18.0,P7,-13.86884,10.0,80.0
EDIN,edin7,Violation_201,18.0,P8,-8.756927,10.0,80.0
EDIN,edin7,Violation_201,18.0,O1,-1.955061,10.0,80.0
EDIN,edin7,Violation_201,18.0,O2,-15.78872,10.0,80.0
EDIN,edin7,Control_202,17.0,Pz,15.40402,13.0,97.0
EDIN,edin7,Control_202,17.0,Cz,-4.808447,13.0,97.0
EDIN,edin7,Control_202,17.0,CP1,-11.73778,13.0,97.0
EDIN,edin7,Control_202,17.0,CP2,0.2657424,13.0,97.0
EDIN,edin7,Control_202,17.0,P3,-15.30956,13.0,97.0
EDIN,edin7,Control_202,17.0,P4,-6.935014,13.0,97.0
EDIN,edin7,Control_202,17.0,C3,-11.03471,13.0,97.0
EDIN,edin7,Control_202,17.0,C4,39.21076,13.0,97.0
EDIN,edin7,Control_202,17.0,P7,-30.91608,13.0,97.0
EDIN,edin7,Control_202,17.0,P8,1.63675,13.0,97.0
EDIN,edin7,Control_202,17.0,O1,-10.93268,13.0,97.0
EDIN,edin7,Control_202,17.0,O2,-12.09619,13.0,97.0
EDIN,edin7,Violation_201,6.0,Pz,-8.044518,16.0,93.0
EDIN,edin7,Violation_201,6.0,Cz,-17.94078,16.0,93.0
EDIN,edin7,Violation_201,6.0,CP1,-2.943394,16.0,93.0
EDIN,edin7,Violation_201,6.0,CP2,-2.224185,16.0,93.0
EDIN,edin7,Violation_201,6.0,P3,-4.447098,16.0,93.0
EDIN,edin7,Violation_201,6.0,P4,-6.982645,16.0,93.0
EDIN,edin7,Violation_201,6.0,C3,-7.923589,16.0,93.0
EDIN,edin7,Violation_201,6.0,C4,47.70367,16.0,93.0
EDIN,edin7,Violation_201,6.0,P7,37.01239,16.0,93.0
EDIN,edin7,Violation_201,6.0,P8,17.36418,16.0,93.0
EDIN,edin7,Violation_201,6.0,O1,-12.57331,16.0,93.0
EDIN,edin7,Violation_201,6.0,O2,-8.946882,16.0,93.0
EDIN,edin7,Control_202,1.0,Pz,-5.292456,18.0,87.0
EDIN,edin7,Control_202,1.0,Cz,21.73128,18.0,87.0
EDIN,edin7,Control_202,1.0,CP1,7.68293,18.0,87.0
EDIN,edin7,Control_202,1.0,CP2,-3.074747,18.0,87.0
EDIN,edin7,Control_202,1.0,P3,10.24568,18.0,87.0
EDIN,edin7,Control_202,1.0,P4,-3.867757,18.0,87.0
EDIN,edin7,Control_202,1.0,C3,4.354336,18.0,87.0
EDIN,edin7,Control_202,1.0,C4,-3.002087,18.0,87.0
EDIN,edin7,Control_202,1.0,P7,16.83989,18.0,87.0
EDIN,edin7,Control_202,1.0,P8,-17.91039,18.0,87.0
EDIN,edin7,Control_202,1.0,O1,5.314345,18.0,87.0
EDIN,edin7,Control_202,1.0,O2,-0.9414361,18.0,87.0
EDIN,edin7,Control_202,9.0,Pz,-5.034634,4.0,93.0
EDIN,edin7,Control_202,9.0,Cz,3.768738,4.0,93.0
EDIN,edin7,Control_202,9.0,CP1,-8.839766,4.0,93.0
EDIN,edin7,Control_202,9.0,CP2,6.438508,4.0,93.0
EDIN,edin7,Control_202,9.0,P3,-12.44832,4.0,93.0
EDIN,edin7,Control_202,9.0,P4,-3.667108,4.0,93.0
EDIN,edin7,Control_202,9.0,C3,-9.410926,4.0,93.0
EDIN,edin7,Control_202,9.0,C4,-2.849927,4.0,93.0
EDIN,edin7,Control_202,9.0,P7,-12.45366,4.0,93.0
EDIN,edin7,Control_202,9.0,P8,21.49079,4.0,93.0
EDIN,edin7,Control_202,9.0,O1,-13.79053,4.0,93.0
EDIN,edin7,Control_202,9.0,O2,-5.404094,4.0,93.0
EDIN,edin7,Violation_201,2.0,Pz,13.67807,12.0,100.0
EDIN,edin7,Violation_201,2.0,Cz,46.8451,12.0,100.0
EDIN,edin7,Violation_201,2.0,CP1,4.856992,12.0,100.0
EDIN,edin7,Violation_201,2.0,CP2,6.324831,12.0,100.0
EDIN,edin7,Violation_201,2.0,P3,6.057218,12.0,100.0
EDIN,edin7,Violation_201,2.0,P4,1.389022,12.0,100.0
EDIN,edin7,Violation_201,2.0,C3,5.600924,12.0,100.0
EDIN,edin7,Violation_201,2.0,C4,2.646576,12.0,100.0
EDIN,edin7,Violation_201,2.0,P7,-4.641574,12.0,100.0
EDIN,edin7,Violation_201,2.0,P8,8.492464,12.0,100.0
EDIN,edin7,Violation_201,2.0,O1,4.670507,12.0,100.0
EDIN,edin7,Violation_201,2.0,O2,4.09047,12.0,100.0
EDIN,edin7,Control_202,5.0,Pz,-6.151348,20.0,90.0
EDIN,edin7,Control_202,5.0,Cz,-16.6859,20.0,90.0
EDIN,edin7,Control_202,5.0,CP1,-4.537341,20.0,90.0
EDIN,edin7,Control_202,5.0,CP2,-3.543566,20.0,90.0
EDIN,edin7,Control_202,5.0,P3,-9.61146,20.0,90.0
EDIN,edin7,Control_202,5.0,P4,4.102294,20.0,90.0
EDIN,edin7,Control_202,5.0,C3,-9.378197,20.0,90.0
EDIN,edin7,Control_202,5.0,C4,-23.00923,20.0,90.0
EDIN,edin7,Control_202,5.0,P7,0.03047297,20.0,90.0
EDIN,edin7,Control_202,5.0,P8,-22.28324,20.0,90.0
EDIN,edin7,Control_202,5.0,O1,-10.21513,20.0,90.0
EDIN,edin7,Control_202,5.0,O2,-5.957893,20.0,90.0
EDIN,edin7,Control_202,13.0,Pz,11.1687,19.0,100.0
EDIN,edin7,Control_202,13.0,Cz,4.809234,19.0,100.0
EDIN,edin7,Control_202,13.0,CP1,6.629245,19.0,100.0
EDIN,edin7,Control_202,13.0,CP2,16.97427,19.0,100.0
EDIN,edin7,Control_202,13.0,P3,10.93132,19.0,100.0
EDIN,edin7,Control_202,13.0,P4,9.370859,19.0,100.0
EDIN,edin7,Control_202,13.0,C3,7.315933,19.0,100.0
EDIN,edin7,Control_202,13.0,C4,-7.44104,19.0,100.0
EDIN,edin7,Control_202,13.0,P7,4.237366,19.0,100.0
EDIN,edin7,Control_202,13.0,P8,-14.47568,19.0,100.0
EDIN,edin7,Control_202,13.0,O1,6.851773,19.0,100.0
EDIN,edin7,Control_202,13.0,O2,2.09452,19.0,100.0
EDIN,edin7,Violation_201,10.0,Pz,2.261245,9.0,93.0
EDIN,edin7,Violation_201,10.0,Cz,7.883129,9.0,93.0
EDIN,edin7,Violation_201,10.0,CP1,6.732657,9.0,93.0
EDIN,edin7,Violation_201,10.0,CP2,-0.01819866,9.0,93.0
EDIN,edin7,Violation_201,10.0,P3,-2.658067,9.0,93.0
EDIN,edin7,Violation_201,10.0,P4,-9.20908,9.0,93.0
EDIN,edin7,Violation_201,10.0,C3,5.496777,9.0,93.0
EDIN,edin7,Violation_201,10.0,C4,4.651018,9.0,93.0
EDIN,edin7,Violation_201,10.0,P7,-1.76271,9.0,93.0
EDIN,edin7,Violation_201,10.0,P8,-40.69622,9.0,93.0
EDIN,edin7,Violation_201,10.0,O1,-0.94271,9.0,93.0
EDIN,edin7,Violation_201,10.0,O2,-6.421552,9.0,93.0
EDIN,edin7,Violation_201,14.0,Pz,-13.79265,2.0,100.0
EDIN,edin7,Violation_201,14.0,Cz,-21.85973,2.0,100.0
EDIN,edin7,Violation_201,14.0,CP1,-11.58888,2.0,100.0
EDIN,edin7,Violation_201,14.0,CP2,-10.34175,2.0,100.0
EDIN,edin7,Violation_201,14.0,P3,-6.569764,2.0,100.0
EDIN,edin7,Violation_201,14.0,P4,-12.15482,2.0,100.0
EDIN,edin7,Violation_201,14.0,C3,-0.144363,2.0,100.0
EDIN,edin7,Violation_201,14.0,C4,12.10645,2.0,100.0
EDIN,edin7,Violation_201,14.0,P7,-9.787433,2.0,100.0
EDIN,edin7,Violation_201,14.0,P8,-8.764832,2.0,100.0
EDIN,edin7,Violation_201,14.0,O1,-3.05801,2.0,100.0
EDIN,edin7,Violation_201,14.0,O2,-0.4604134,2.0,100.0
EDIN,edin7,Control_202,21.0,Pz,-18.48556,39.0,97.0
EDIN,edin7,Control_202,21.0,Cz,-6.087464,39.0,97.0
EDIN,edin7,Control_202,21.0,CP1,-11.15451,39.0,97.0
EDIN,edin7,Control_202,21.0,CP2,-18.33929,39.0,97.0
EDIN,edin7,Control_202,21.0,P3,-2.405549,39.0,97.0
EDIN,edin7,Control_202,21.0,P4,-12.45109,39.0,97.0
EDIN,edin7,Control_202,21.0,C3,-3.242265,39.0,97.0
EDIN,edin7,Control_202,21.0,C4,12.71816,39.0,97.0
EDIN,edin7,Control_202,21.0,P7,2.100229,39.0,97.0
EDIN,edin7,Control_202,21.0,P8,-41.3786,39.0,97.0
EDIN,edin7,Control_202,21.0,O1,-3.388088,39.0,97.0
EDIN,edin7,Control_202,21.0,O2,-11.27852,39.0,97.0
EDIN,edin7,Violation_201,26.0,Pz,-11.40377,37.0,80.0
EDIN,edin7,Violation_201,26.0,Cz,-14.17132,37.0,80.0
EDIN,edin7,Violation_201,26.0,CP1,-11.59438,37.0,80.0
EDIN,edin7,Violation_201,26.0,CP2,-9.300244,37.0,80.0
EDIN,edin7,Violation_201,26.0,P3,-9.948146,37.0,80.0
EDIN,edin7,Violation_201,26.0,P4,2.153108,37.0,80.0
EDIN,edin7,Violation_201,26.0,C3,-10.18098,37.0,80.0
EDIN,edin7,Violation_201,26.0,C4,13.31179,37.0,80.0
EDIN,edin7,Violation_201,26.0,P7,-0.5944824,37.0,80.0
EDIN,edin7,Violation_201,26.0,P8,8.239482,37.0,80.0
EDIN,edin7,Violation_201,26.0,O1,-3.107637,37.0,80.0
EDIN,edin7,Violation_201,26.0,O2,11.29879,37.0,80.0
EDIN,edin7,Control_202,37.0,Pz,-33.19791,40.0,93.0
EDIN,edin7,Control_202,37.0,Cz,-26.56996,40.0,93.0
EDIN,edin7,Control_202,37.0,CP1,-29.15716,40.0,93.0
EDIN,edin7,Control_202,37.0,CP2,1.875942,40.0,93.0
EDIN,edin7,Control_202,37.0,P3,-26.13866,40.0,93.0
EDIN,edin7,Control_202,37.0,P4,-22.72638,40.0,93.0
EDIN,edin7,Control_202,37.0,C3,-24.7951,40.0,93.0
EDIN,edin7,Control_202,37.0,C4,-10.39871,40.0,93.0
EDIN,edin7,Control_202,37.0,P7,-14.01509,40.0,93.0
EDIN,edin7,Control_202,37.0,P8,-8.254375,40.0,93.0
EDIN,edin7,Control_202,37.0,O1,-15.25253,40.0,93.0
EDIN,edin7,Control_202,37.0,O2,-12.17238,40.0,93.0
EDIN,edin7,Control_202,25.0,Pz,0.2999399,26.0,87.0
EDIN,edin7,Control_202,25.0,Cz,1.608759,26.0,87.0
EDIN,edin7,Control_202,25.0,CP1,5.551149,26.0,87.0
EDIN,edin7,Control_202,25.0,CP2,16.787,26.0,87.0
EDIN,edin7,Control_202,25.0,P3,9.12313,26.0,87.0
EDIN,edin7,Control_202,25.0,P4,-8.301488,26.0,87.0
EDIN,edin7,Control_202,25.0,C3,11.08251,26.0,87.0
EDIN,edin7,Control_202,25.0,C4,-2.575379,26.0,87.0
EDIN,edin7,Control_202,25.0,P7,0.30617,26.0,87.0
EDIN,edin7,Control_202,25.0,P8,7.65774,26.0,87.0
EDIN,edin7,Control_202,25.0,O1,2.293406,26.0,87.0
EDIN,edin7,Control_202,25.0,O2,-4.231015,26.0,87.0
EDIN,edin7,Violation_201,34.0,Pz,-1.274428,27.0,97.0
EDIN,edin7,Violation_201,34.0,Cz,7.751737,27.0,97.0
EDIN,edin7,Violation_201,34.0,CP1,4.305945,27.0,97.0
EDIN,edin7,Violation_201,34.0,CP2,11.11888,27.0,97.0
EDIN,edin7,Violation_201,34.0,P3,7.041836,27.0,97.0
EDIN,edin7,Violation_201,34.0,P4,0.02416068,27.0,97.0
EDIN,edin7,Violation_201,34.0,C3,-1.89488,27.0,97.0
EDIN,edin7,Violation_201,34.0,C4,-4.331426,27.0,97.0
EDIN,edin7,Violation_201,34.0,P7,5.301502,27.0,97.0
EDIN,edin7,Violation_201,34.0,P8,24.74232,27.0,97.0
EDIN,edin7,Violation_201,34.0,O1,10.24152,27.0,97.0
EDIN,edin7,Violation_201,34.0,O2,2.835722,27.0,97.0
EDIN,edin7,Violation_201,30.0,Pz,-3.808675,23.0,93.0
EDIN,edin7,Violation_201,30.0,Cz,-28.50346,23.0,93.0
EDIN,edin7,Violation_201,30.0,CP1,-0.7374486,23.0,93.0
EDIN,edin7,Violation_201,30.0,CP2,-11.64105,23.0,93.0
EDIN,edin7,Violation_201,30.0,P3,0.2527331,23.0,93.0
EDIN,edin7,Violation_201,30.0,P4,-8.252597,23.0,93.0
EDIN,edin7,Violation_201,30.0,C3,-13.5624,23.0,93.0
EDIN,edin7,Violation_201,30.0,C4,-32.04318,23.0,93.0
EDIN,edin7,Violation_201,30.0,P7,12.04597,23.0,93.0
EDIN,edin7,Violation_201,30.0,P8,-0.1793301,23.0,93.0
EDIN,edin7,Violation_201,30.0,O1,6.412848,23.0,93.0
EDIN,edin7,Violation_201,30.0,O2,-1.086053,23.0,93.0
EDIN,edin7,Violation_201,22.0,Pz,-30.32925,21.0,77.0
EDIN,edin7,Violation_201,22.0,Cz,-8.264639,21.0,77.0
EDIN,edin7,Violation_201,22.0,CP1,-18.32715,21.0,77.0
EDIN,edin7,Violation_201,22.0,CP2,-10.01476,21.0,77.0
EDIN,edin7,Violation_201,22.0,P3,5.83361,21.0,77.0
EDIN,edin7,Violation_201,22.0,P4,-17.64052,21.0,77.0
EDIN,edin7,Violation_201,22.0,C3,-3.762249,21.0,77.0
EDIN,edin7,Violation_201,22.0,C4,17.86028,21.0,77.0
EDIN,edin7,Violation_201,22.0,P7,-5.850615,21.0,77.0
EDIN,edin7,Violation_201,22.0,P8,-5.097263,21.0,77.0
EDIN,edin7,Violation_201,22.0,O1,-10.12686,21.0,77.0
EDIN,edin7,Violation_201,22.0,O2,-10.99372,21.0,77.0
EDIN,edin7,Control_202,33.0,Pz,-7.792799,32.0,80.0
EDIN,edin7,Control_202,33.0,Cz,-7.068695,32.0,80.0
EDIN,edin7,Control_202,33.0,CP1,-4.620191,32.0,80.0
EDIN,edin7,Control_202,33.0,CP2,0.5205054,32.0,80.0
EDIN,edin7,Control_202,33.0,P3,4.512711,32.0,80.0
EDIN,edin7,Control_202,33.0,P4,-2.747777,32.0,80.0
EDIN,edin7,Control_202,33.0,C3,6.972711,32.0,80.0
EDIN,edin7,Control_202,33.0,C4,14.21956,32.0,80.0
EDIN,edin7,Control_202,33.0,P7,-6.871142,32.0,80.0
EDIN,edin7,Control_202,33.0,P8,-19.93488,32.0,80.0
EDIN,edin7,Control_202,33.0,O1,-2.104956,32.0,80.0
EDIN,edin7,Control_202,33.0,O2,-4.797823,32.0,80.0
EDIN,edin7,Violation_201,29.0,Pz,4.011919,35.0,97.0
EDIN,edin7,Violation_201,29.0,Cz,-23.59649,35.0,97.0
EDIN,edin7,Violation_201,29.0,CP1,3.794729,35.0,97.0
EDIN,edin7,Violation_201,29.0,CP2,-0.524523,35.0,97.0
EDIN,edin7,Violation_201,29.0,P3,10.85228,35.0,97.0
EDIN,edin7,Violation_201,29.0,P4,-1.437199,35.0,97.0
EDIN,edin7,Violation_201,29.0,C3,2.173587,35.0,97.0
EDIN,edin7,Violation_201,29.0,C4,-35.40691,35.0,97.0
EDIN,edin7,Violation_201,29.0,P7,8.160202,35.0,97.0
EDIN,edin7,Violation_201,29.0,P8,-30.6198,35.0,97.0
EDIN,edin7,Violation_201,29.0,O1,3.272555,35.0,97.0
EDIN,edin7,Violation_201,29.0,O2,1.539114,35.0,97.0
EDIN,edin7,Violation_201,38.0,Pz,-20.4045,29.0,90.0
EDIN,edin7,Violation_201,38.0,Cz,-4.097192,29.0,90.0
EDIN,edin7,Violation_201,38.0,CP1,-11.85792,29.0,90.0
EDIN,edin7,Violation_201,38.0,CP2,-10.26158,29.0,90.0
EDIN,edin7,Violation_201,38.0,P3,-14.37957,29.0,90.0
EDIN,edin7,Violation_201,38.0,P4,-12.61659,29.0,90.0
EDIN,edin7,Violation_201,38.0,C3,-15.67042,29.0,90.0
EDIN,edin7,Violation_201,38.0,C4,-40.2656,29.0,90.0
EDIN,edin7,Violation_201,38.0,P7,-14.8554,29.0,90.0
EDIN,edin7,Violation_201,38.0,P8,-18.72297,29.0,90.0
EDIN,edin7,Violation_201,38.0,O1,-16.30818,29.0,90.0
EDIN,edin7,Violation_201,38.0,O2,-18.72481,29.0,90.0
EDIN,edin7,Control_202,53.0,Pz,-35.87038,54.0,77.0
EDIN,edin7,Control_202,53.0,Cz,-53.69476,54.0,77.0
EDIN,edin7,Control_202,53.0,CP1,-22.92174,54.0,77.0
EDIN,edin7,Control_202,53.0,CP2,-35.44345,54.0,77.0
EDIN,edin7,Control_202,53.0,P3,-22.4162,54.0,77.0
EDIN,edin7,Control_202,53.0,P4,-17.70516,54.0,77.0
EDIN,edin7,Control_202,53.0,C3,-27.4414,54.0,77.0
EDIN,edin7,Control_202,53.0,C4,-39.02199,54.0,77.0
EDIN,edin7,Control_202,53.0,P7,-12.4011,54.0,77.0
EDIN,edin7,Control_202,53.0,P8,-34.33586,54.0,77.0
EDIN,edin7,Control_202,53.0,O1,-6.592612,54.0,77.0
EDIN,edin7,Control_202,53.0,O2,-16.82602,54.0,77.0
EDIN,edin7,Violation_201,58.0,Pz,26.69313,44.0,90.0
EDIN,edin7,Violation_201,58.0,Cz,28.12179,44.0,90.0
EDIN,edin7,Violation_201,58.0,CP1,20.24019,44.0,90.0
EDIN,edin7,Violation_201,58.0,CP2,22.69784,44.0,90.0
EDIN,edin7,Violation_201,58.0,P3,12.32248,44.0,90.0
EDIN,edin7,Violation_201,58.0,P4,22.97507,44.0,90.0
EDIN,edin7,Violation_201,58.0,C3,12.28651,44.0,90.0
EDIN,edin7,Violation_201,58.0,C4,-4.093493,44.0,90.0
EDIN,edin7,Violation_201,58.0,P7,6.423675,44.0,90.0
EDIN,edin7,Violation_201,58.0,P8,-1.151173,44.0,90.0
EDIN,edin7,Violation_201,58.0,O1,14.81647,44.0,90.0
EDIN,edin7,Violation_201,58.0,O2,19.04317,44.0,90.0
EDIN,edin7,Control_202,45.0,Pz,-9.696762,53.0,93.0
EDIN,edin7,Control_202,45.0,Cz,3.800428,53.0,93.0
EDIN,edin7,Control_202,45.0,CP1,-5.880072,53.0,93.0
EDIN,edin7,Control_202,45.0,CP2,14.55496,53.0,93.0
EDIN,edin7,Control_202,45.0,P3,-4.292366,53.0,93.0
EDIN,edin7,Control_202,45.0,P4,2.901337,53.0,93.0
EDIN,edin7,Control_202,45.0,C3,-6.464734,53.0,93.0
EDIN,edin7,Control_202,45.0,C4,-18.37909,53.0,93.0
EDIN,edin7,Control_202,45.0,P7,2.088765,53.0,93.0
EDIN,edin7,Control_202,45.0,P8,-1.975857,53.0,93.0
EDIN,edin7,Control_202,45.0,O1,1.044555,53.0,93.0
EDIN,edin7,Control_202,45.0,O2,3.94366,53.0,93.0
EDIN,edin7,Control_202,41.0,Pz,-9.596098,59.0,73.0
EDIN,edin7,Control_202,41.0,Cz,-7.779122,59.0,73.0
EDIN,edin7,Control_202,41.0,CP1,-12.27694,59.0,73.0
EDIN,edin7,Control_202,41.0,CP2,-26.09211,59.0,73.0
EDIN,edin7,Control_202,41.0,P3,-13.92692,59.0,73.0
EDIN,edin7,Control_202,41.0,P4,-12.87308,59.0,73.0
EDIN,edin7,Control_202,41.0,C3,-16.48344,59.0,73.0
EDIN,edin7,Control_202,41.0,C4,-38.47892,59.0,73.0
EDIN,edin7,Control_202,41.0,P7,-27.97943,59.0,73.0
EDIN,edin7,Control_202,41.0,P8,-4.117682,59.0,73.0
EDIN,edin7,Control_202,41.0,O1,-8.688788,59.0,73.0
EDIN,edin7,Control_202,41.0,O2,-12.81792,59.0,73.0
EDIN,edin7,Violation_201,50.0,Pz,20.81091,47.0,100.0
EDIN,edin7,Violation_201,50.0,Cz,-0.9306614,47.0,100.0
EDIN,edin7,Violation_201,50.0,CP1,17.10244,47.0,100.0
EDIN,edin7,Violation_201,50.0,CP2,16.50017,47.0,100.0
EDIN,edin7,Violation_201,50.0,P3,13.68217,47.0,100.0
EDIN,edin7,Violation_201,50.0,P4,14.63512,47.0,100.0
EDIN,edin7,Violation_201,50.0,C3,13.86734,47.0,100.0
EDIN,edin7,Violation_201,50.0,C4,5.020673,47.0,100.0
EDIN,edin7,Violation_201,50.0,P7,10.12253,47.0,100.0
EDIN,edin7,Violation_201,50.0,P8,21.0235,47.0,100.0
EDIN,edin7,Violation_201,50.0,O1,8.78558,47.0,100.0
EDIN,edin7,Violation_201,50.0,O2,18.95471,47.0,100.0
EDIN,edin7,Violation_201,54.0,Pz,-8.931284,57.0,69.0
EDIN,edin7,Violation_201,54.0,Cz,-16.60674,57.0,69.0
EDIN,edin7,Violation_201,54.0,CP1,-1.841148,57.0,69.0
EDIN,edin7,Violation_201,54.0,CP2,-4.902865,57.0,69.0
EDIN,edin7,Violation_201,54.0,P3,-2.652683,57.0,69.0
EDIN,edin7,Violation_201,54.0,P4,-13.69068,57.0,69.0
EDIN,edin7,Violation_201,54.0,C3,15.65287,57.0,69.0
EDIN,edin7,Violation_201,54.0,C4,19.37544,57.0,69.0
EDIN,edin7,Violation_201,54.0,P7,-6.801417,57.0,69.0
EDIN,edin7,Violation_201,54.0,P8,16.22972,57.0,69.0
EDIN,edin7,Violation_201,54.0,O1,-5.749634,57.0,69.0
EDIN,edin7,Violation_201,54.0,O2,0.9467254,57.0,69.0
EDIN,edin7,Control_202,57.0,Pz,-3.714211,49.0,40.0
EDIN,edin7,Control_202,57.0,Cz,-3.540946,49.0,40.0
EDIN,edin7,Control_202,57.0,CP1,-6.517262,49.0,40.0
EDIN,edin7,Control_202,57.0,CP2,2.980886,49.0,40.0
EDIN,edin7,Control_202,57.0,P3,3.142011,49.0,40.0
EDIN,edin7,Control_202,57.0,P4,6.20771,49.0,40.0
EDIN,edin7,Control_202,57.0,C3,3.902818,49.0,40.0
EDIN,edin7,Control_202,57.0,C4,18.14153,49.0,40.0
EDIN,edin7,Control_202,57.0,P7,-3.81354,49.0,40.0
EDIN,edin7,Control_202,57.0,P8,-45.35999,49.0,40.0
EDIN,edin7,Control_202,57.0,O1,-1.141624,49.0,40.0
EDIN,edin7,Control_202,57.0,O2,-1.875165,49.0,40.0
EDIN,edin7,Violation_201,46.0,Pz,-36.68547,58.0,73.0
EDIN,edin7,Violation_201,46.0,Cz,-8.105365,58.0,73.0
EDIN,edin7,Violation_201,46.0,CP1,-18.36541,58.0,73.0
EDIN,edin7,Violation_201,46.0,CP2,-28.96195,58.0,73.0
EDIN,edin7,Violation_201,46.0,P3,-25.27882,58.0,73.0
EDIN,edin7,Violation_201,46.0,P4,-27.9777,58.0,73.0
EDIN,edin7,Violation_201,46.0,C3,-16.42829,58.0,73.0
EDIN,edin7,Violation_201,46.0,C4,-22.81016,58.0,73.0
EDIN,edin7,Violation_201,46.0,P7,-15.54774,58.0,73.0
EDIN,edin7,Violation_201,46.0,P8,-42.22961,58.0,73.0
EDIN,edin7,Violation_201,46.0,O1,-19.84146,58.0,73.0
EDIN,edin7,Violation_201,46.0,O2,-10.39143,58.0,73.0
EDIN,edin7,Control_202,49.0,Pz,1.943579,50.0,37.0
EDIN,edin7,Control_202,49.0,Cz,19.93547,50.0,37.0
EDIN,edin7,Control_202,49.0,CP1,9.066413,50.0,37.0
EDIN,edin7,Control_202,49.0,CP2,-0.9226925,50.0,37.0
EDIN,edin7,Control_202,49.0,P3,-0.5051888,50.0,37.0
EDIN,edin7,Control_202,49.0,P4,-5.641101,50.0,37.0
EDIN,edin7,Control_202,49.0,C3,11.54644,50.0,37.0
EDIN,edin7,Control_202,49.0,C4,37.84224,50.0,37.0
EDIN,edin7,Control_202,49.0,P7,5.065966,50.0,37.0
EDIN,edin7,Control_202,49.0,P8,-5.214963,50.0,37.0
EDIN,edin7,Control_202,49.0,O1,-3.784048,50.0,37.0
EDIN,edin7,Control_202,49.0,O2,3.943101,50.0,37.0
EDIN,edin7,Violation_201,42.0,Pz,-0.8974045,51.0,90.0
EDIN,edin7,Violation_201,42.0,Cz,-12.21854,51.0,90.0
EDIN,edin7,Violation_201,42.0,CP1,0.4726162,51.0,90.0
EDIN,edin7,Violation_201,42.0,CP2,7.735269,51.0,90.0
EDIN,edin7,Violation_201,42.0,P3,-1.742046,51.0,90.0
EDIN,edin7,Violation_201,42.0,P4,-4.67879,51.0,90.0
EDIN,edin7,Violation_201,42.0,C3,-2.461617,51.0,90.0
EDIN,edin7,Violation_201,42.0,C4,1.462328,51.0,90.0
EDIN,edin7,Violation_201,42.0,P7,-1.046345,51.0,90.0
EDIN,edin7,Violation_201,42.0,P8,19.93271,51.0,90.0
EDIN,edin7,Violation_201,42.0,O1,-2.124178,51.0,90.0
EDIN,edin7,Violation_201,42.0,O2,-2.790913,51.0,90.0
EDIN,edin7,Control_202,69.0,Pz,3.386798,73.0,80.0
EDIN,edin7,Control_202,69.0,Cz,0.426421,73.0,80.0
EDIN,edin7,Control_202,69.0,CP1,5.183416,73.0,80.0
EDIN,edin7,Control_202,69.0,CP2,26.56771,73.0,80.0
EDIN,edin7,Control_202,69.0,P3,13.55182,73.0,80.0
EDIN,edin7,Control_202,69.0,P4,4.904843,73.0,80.0
EDIN,edin7,Control_202,69.0,C3,-5.114247,73.0,80.0
EDIN,edin7,Control_202,69.0,C4,-9.797941,73.0,80.0
EDIN,edin7,Control_202,69.0,P7,9.991621,73.0,80.0
EDIN,edin7,Control_202,69.0,P8,3.051303,73.0,80.0
EDIN,edin7,Control_202,69.0,O1,7.46839,73.0,80.0
EDIN,edin7,Control_202,69.0,O2,10.23451,73.0,80.0
EDIN,edin7,Violation_201,62.0,Pz,5.073276,69.0,93.0
EDIN,edin7,Violation_201,62.0,Cz,11.55278,69.0,93.0
EDIN,edin7,Violation_201,62.0,CP1,8.709714,69.0,93.0
EDIN,edin7,Violation_201,62.0,CP2,15.0123,69.0,93.0
EDIN,edin7,Violation_201,62.0,P3,6.621095,69.0,93.0
EDIN,edin7,Violation_201,62.0,P4,14.61415,69.0,93.0
EDIN,edin7,Violation_201,62.0,C3,13.78674,69.0,93.0
EDIN,edin7,Violation_201,62.0,C4,8.376308,69.0,93.0
EDIN,edin7,Violation_201,62.0,P7,5.603644,69.0,93.0
EDIN,edin7,Violation_201,62.0,P8,-11.26213,69.0,93.0
EDIN,edin7,Violation_201,62.0,O1,0.7564374,69.0,93.0
EDIN,edin7,Violation_201,62.0,O2,0.8988461,69.0,93.0
EDIN,edin7,Violation_201,70.0,Pz,-3.318775,75.0,60.0
EDIN,edin7,Violation_201,70.0,Cz,-8.040962,75.0,60.0
EDIN,edin7,Violation_201,70.0,CP1,5.430628,75.0,60.0
EDIN,edin7,Violation_201,70.0,CP2,12.7765,75.0,60.0
EDIN,edin7,Violation_201,70.0,P3,2.126734,75.0,60.0
EDIN,edin7,Violation_201,70.0,P4,8.31081,75.0,60.0
EDIN,edin7,Violation_201,70.0,C3,6.627657,75.0,60.0
EDIN,edin7,Violation_201,70.0,C4,31.57157,75.0,60.0
EDIN,edin7,Violation_201,70.0,P7,8.367516,75.0,60.0
EDIN,edin7,Violation_201,70.0,P8,1.998375,75.0,60.0
EDIN,edin7,Violation_201,70.0,O1,-1.997279,75.0,60.0
EDIN,edin7,Violation_201,70.0,O2,2.880157,75.0,60.0
EDIN,edin7,Control_202,61.0,Pz,-17.29706,79.0,97.0
EDIN,edin7,Control_202,61.0,Cz,-2.854866,79.0,97.0
EDIN,edin7,Control_202,61.0,CP1,-17.2172,79.0,97.0
EDIN,edin7,Control_202,61.0,CP2,-11.22783,79.0,97.0
EDIN,edin7,Control_202,61.0,P3,-19.65974,79.0,97.0
EDIN,edin7,Control_202,61.0,P4,-10.4275,79.0,97.0
EDIN,edin7,Control_202,61.0,C3,-8.107767,79.0,97.0
EDIN,edin7,Control_202,61.0,C4,-25.56272,79.0,97.0
EDIN,edin7,Control_202,61.0,P7,-1.038701,79.0,97.0
EDIN,edin7,Control_202,61.0,P8,-8.710478,79.0,97.0
EDIN,edin7,Control_202,61.0,O1,-5.780195,79.0,97.0
EDIN,edin7,Control_202,61.0,O2,-5.746984,79.0,97.0
EDIN,edin7,Control_202,73.0,Pz,-8.005842,77.0,100.0
EDIN,edin7,Control_202,73.0,Cz,-8.401589,77.0,100.0
EDIN,edin7,Control_202,73.0,CP1,4.707961,77.0,100.0
EDIN,edin7,Control_202,73.0,CP2,-17.93864,77.0,100.0
EDIN,edin7,Control_202,73.0,P3,6.834962,77.0,100.0
EDIN,edin7,Control_202,73.0,P4,-8.869447,77.0,100.0
EDIN,edin7,Control_202,73.0,C3,8.484951,77.0,100.0
EDIN,edin7,Control_202,73.0,C4,7.892042,77.0,100.0
EDIN,edin7,Control_202,73.0,P7,16.69181,77.0,100.0
EDIN,edin7,Control_202,73.0,P8,-36.8711,77.0,100.0
EDIN,edin7,Control_202,73.0,O1,-2.278505,77.0,100.0
EDIN,edin7,Control_202,73.0,O2,-6.496211,77.0,100.0
EDIN,edin7,Violation_201,78.0,Pz,0.9991485,66.0,23.0
EDIN,edin7,Violation_201,78.0,Cz,6.117195,66.0,23.0
EDIN,edin7,Violation_201,78.0,CP1,-1.00847,66.0,23.0
EDIN,edin7,Violation_201,78.0,CP2,9.220176,66.0,23.0
EDIN,edin7,Violation_201,78.0,P3,6.877141,66.0,23.0
EDIN,edin7,Violation_201,78.0,P4,1.837972,66.0,23.0
EDIN,edin7,Violation_201,78.0,C3,6.867985,66.0,23.0
EDIN,edin7,Violation_201,78.0,C4,14.08154,66.0,23.0
EDIN,edin7,Violation_201,78.0,P7,4.415874,66.0,23.0
EDIN,edin7,Violation_201,78.0,P8,-2.174798,66.0,23.0
EDIN,edin7,Violation_201,78.0,O1,2.426711,66.0,23.0
EDIN,edin7,Violation_201,78.0,O2,-1.009421,66.0,23.0
EDIN,edin7,Violation_201,74.0,Pz,-16.17493,71.0,90.0
EDIN,edin7,Violation_201,74.0,Cz,1.132087,71.0,90.0
EDIN,edin7,Violation_201,74.0,CP1,-6.967132,71.0,90.0
EDIN,edin7,Violation_201,74.0,CP2,-11.3136,71.0,90.0
EDIN,edin7,Violation_201,74.0,P3,-3.226639,71.0,90.0
EDIN,edin7,Violation_201,74.0,P4,-6.873541,71.0,90.0
EDIN,edin7,Violation_201,74.0,C3,-0.7770392,71.0,90.0
EDIN,edin7,Violation_201,74.0,C4,-6.958286,71.0,90.0
EDIN,edin7,Violation_201,74.0,P7,-2.761735,71.0,90.0
EDIN,edin7,Violation_201,74.0,P8,-2.498438,71.0,90.0
EDIN,edin7,Violation_201,74.0,O1,-2.821697,71.0,90.0
EDIN,edin7,Violation_201,74.0,O2,-10.43094,71.0,90.0
EDIN,edin7,Control_202,77.0,Pz,11.05478,67.0,87.0
EDIN,edin7,Control_202,77.0,Cz,19.65937,67.0,87.0
EDIN,edin7,Control_202,77.0,CP1,8.450368,67.0,87.0
EDIN,edin7,Control_202,77.0,CP2,7.5189,67.0,87.0
EDIN,edin7,Control_202,77.0,P3,7.004088,67.0,87.0
EDIN,edin7,Control_202,77.0,P4,-5.488014,67.0,87.0
EDIN,edin7,Control_202,77.0,C3,3.856858,67.0,87.0
EDIN,edin7,Control_202,77.0,C4,24.0314,67.0,87.0
EDIN,edin7,Control_202,77.0,P7,1.22721,67.0,87.0
EDIN,edin7,Control_202,77.0,P8,-30.54287,67.0,87.0
EDIN,edin7,Control_202,77.0,O1,1.462668,67.0,87.0
EDIN,edin7,Control_202,77.0,O2,-5.509973,67.0,87.0
EDIN,edin7,Violation_201,66.0,Pz,5.153843,65.0,93.0
EDIN,edin7,Violation_201,66.0,Cz,18.48516,65.0,93.0
EDIN,edin7,Violation_201,66.0,CP1,18.78652,65.0,93.0
EDIN,edin7,Violation_201,66.0,CP2,20.09396,65.0,93.0
EDIN,edin7,Violation_201,66.0,P3,10.20749,65.0,93.0
EDIN,edin7,Violation_201,66.0,P4,13.13467,65.0,93.0
EDIN,edin7,Violation_201,66.0,C3,3.577806,65.0,93.0
EDIN,edin7,Violation_201,66.0,C4,3.950526,65.0,93.0
EDIN,edin7,Violation_201,66.0,P7,18.0044,65.0,93.0
EDIN,edin7,Violation_201,66.0,P8,22.69478,65.0,93.0
EDIN,edin7,Violation_201,66.0,O1,8.985655,65.0,93.0
EDIN,edin7,Violation_201,66.0,O2,9.985871,65.0,93.0
EDIN,edin8,Violation_201,6.0,Pz,-12.4724,3.0,100.0
EDIN,edin8,Violation_201,6.0,Cz,-8.511959,3.0,100.0
EDIN,edin8,Violation_201,6.0,CP1,-6.266811,3.0,100.0
EDIN,edin8,Violation_201,6.0,CP2,-12.33851,3.0,100.0
EDIN,edin8,Violation_201,6.0,P3,-10.47417,3.0,100.0
EDIN,edin8,Violation_201,6.0,P4,-17.32435,3.0,100.0
EDIN,edin8,Violation_201,6.0,C3,-9.741067,3.0,100.0
EDIN,edin8,Violation_201,6.0,C4,-10.75726,3.0,100.0
EDIN,edin8,Violation_201,6.0,P7,-10.23053,3.0,100.0
EDIN,edin8,Violation_201,6.0,P8,-17.38275,3.0,100.0
EDIN,edin8,Violation_201,6.0,O1,-12.37529,3.0,100.0
EDIN,edin8,Violation_201,6.0,O2,-16.94648,3.0,100.0
EDIN,edin8,Violation_201,18.0,Pz,3.899341,10.0,80.0
EDIN,edin8,Violation_201,18.0,Cz,-8.30267,10.0,80.0
EDIN,edin8,Violation_201,18.0,CP1,-7.497858,10.0,80.0
EDIN,edin8,Violation_201,18.0,CP2,-0.1879586,10.0,80.0
EDIN,edin8,Violation_201,18.0,P3,-10.67348,10.0,80.0
EDIN,edin8,Violation_201,18.0,P4,3.046599,10.0,80.0
EDIN,edin8,Violation_201,18.0,C3,-6.375464,10.0,80.0
EDIN,edin8,Violation_201,18.0,C4,-4.939745,10.0,80.0
EDIN,edin8,Violation_201,18.0,P7,-11.42726,10.0,80.0
EDIN,edin8,Violation_201,18.0,P8,2.751187,10.0,80.0
EDIN,edin8,Violation_201,18.0,O1,-4.312429,10.0,80.0
EDIN,edin8,Violation_201,18.0,O2,3.144474,10.0,80.0
EDIN,edin8,Control_202,17.0,Pz,6.055382,20.0,90.0
EDIN,edin8,Control_202,17.0,Cz,-1.455226,20.0,90.0
EDIN,edin8,Control_202,17.0,CP1,3.40674,20.0,90.0
EDIN,edin8,Control_202,17.0,CP2,-0.3568188,20.0,90.0
EDIN,edin8,Control_202,17.0,P3,4.839839,20.0,90.0
EDIN,edin8,Control_202,17.0,P4,-5.573677,20.0,90.0
EDIN,edin8,Control_202,17.0,C3,9.216574,20.0,90.0
EDIN,edin8,Control_202,17.0,C4,4.598718,20.0,90.0
EDIN,edin8,Control_202,17.0,P7,4.890173,20.0,90.0
EDIN,edin8,Control_202,17.0,P8,-4.369689,20.0,90.0
EDIN,edin8,Control_202,17.0,O1,11.30914,20.0,90.0
EDIN,edin8,Control_202,17.0,O2,-4.822692,20.0,90.0
EDIN,edin8,Control_202,1.0,Pz,-8.831839,6.0,100.0
EDIN,edin8,Control_202,1.0,Cz,-4.068802,6.0,100.0
EDIN,edin8,Control_202,1.0,CP1,0.5271693,6.0,100.0
EDIN,edin8,Control_202,1.0,CP2,-2.185168,6.0,100.0
EDIN,edin8,Control_202,1.0,P3,0.5900406,6.0,100.0
EDIN,edin8,Control_202,1.0,P4,5.253963,6.0,100.0
EDIN,edin8,Control_202,1.0,C3,5.903964,6.0,100.0
EDIN,edin8,Control_202,1.0,C4,24.80513,6.0,100.0
EDIN,edin8,Control_202,1.0,P7,0.6239906,6.0,100.0
EDIN,edin8,Control_202,1.0,P8,8.293285,6.0,100.0
EDIN,edin8,Control_202,1.0,O1,0.1577582,6.0,100.0
EDIN,edin8,Control_202,1.0,O2,6.074712,6.0,100.0
EDIN,edin8,Violation_201,14.0,Pz,-11.31889,8.0,97.0
EDIN,edin8,Violation_201,14.0,Cz,-12.59397,8.0,97.0
EDIN,edin8,Violation_201,14.0,CP1,-14.94681,8.0,97.0
EDIN,edin8,Violation_201,14.0,CP2,-17.53023,8.0,97.0
EDIN,edin8,Violation_201,14.0,P3,2.516123,8.0,97.0
EDIN,edin8,Violation_201,14.0,P4,1.912934,8.0,97.0
EDIN,edin8,Violation_201,14.0,C3,-2.841747,8.0,97.0
EDIN,edin8,Violation_201,14.0,C4,6.846179,8.0,97.0
EDIN,edin8,Violation_201,14.0,P7,1.794782,8.0,97.0
EDIN,edin8,Violation_201,14.0,P8,1.928147,8.0,97.0
EDIN,edin8,Violation_201,14.0,O1,-2.707494,8.0,97.0
EDIN,edin8,Violation_201,14.0,O2,2.177286,8.0,97.0
EDIN,edin8,Control_202,13.0,Pz,7.57934,13.0,97.0
EDIN,edin8,Control_202,13.0,Cz,2.939266,13.0,97.0
EDIN,edin8,Control_202,13.0,CP1,-4.310877,13.0,97.0
EDIN,edin8,Control_202,13.0,CP2,3.828802,13.0,97.0
EDIN,edin8,Control_202,13.0,P3,-1.433441,13.0,97.0
EDIN,edin8,Control_202,13.0,P4,18.24944,13.0,97.0
EDIN,edin8,Control_202,13.0,C3,1.655462,13.0,97.0
EDIN,edin8,Control_202,13.0,C4,16.67511,13.0,97.0
EDIN,edin8,Control_202,13.0,P7,-2.41987,13.0,97.0
EDIN,edin8,Control_202,13.0,P8,16.52453,13.0,97.0
EDIN,edin8,Control_202,13.0,O1,7.055671,13.0,97.0
EDIN,edin8,Control_202,13.0,O2,17.71688,13.0,97.0
EDIN,edin8,Violation_201,2.0,Pz,5.775115,15.0,90.0
EDIN,edin8,Violation_201,2.0,Cz,5.619658,15.0,90.0
EDIN,edin8,Violation_201,2.0,CP1,5.711269,15.0,90.0
EDIN,edin8,Violation_201,2.0,CP2,5.384617,15.0,90.0
EDIN,edin8,Violation_201,2.0,P3,10.27097,15.0,90.0
EDIN,edin8,Violation_201,2.0,P4,11.0838,15.0,90.0
EDIN,edin8,Violation_201,2.0,C3,2.458867,15.0,90.0
EDIN,edin8,Violation_201,2.0,C4,1.301936,15.0,90.0
EDIN,edin8,Violation_201,2.0,P7,10.00531,15.0,90.0
EDIN,edin8,Violation_201,2.0,P8,11.41879,15.0,90.0
EDIN,edin8,Violation_201,2.0,O1,23.01073,15.0,90.0
EDIN,edin8,Violation_201,2.0,O2,10.98685,15.0,90.0
EDIN,edin8,Control_202,5.0,Pz,16.77211,16.0,93.0
EDIN,edin8,Control_202,5.0,Cz,10.04394,16.0,93.0
EDIN,edin8,Control_202,5.0,CP1,7.88332,16.0,93.0
EDIN,edin8,Control_202,5.0,CP2,13.32831,16.0,93.0
EDIN,edin8,Control_202,5.0,P3,14.09681,16.0,93.0
EDIN,edin8,Control_202,5.0,P4,22.85588,16.0,93.0
EDIN,edin8,Control_202,5.0,C3,9.323387,16.0,93.0
EDIN,edin8,Control_202,5.0,C4,21.99445,16.0,93.0
EDIN,edin8,Control_202,5.0,P7,13.70168,16.0,93.0
EDIN,edin8,Control_202,5.0,P8,20.92679,16.0,93.0
EDIN,edin8,Control_202,5.0,O1,8.24885,16.0,93.0
EDIN,edin8,Control_202,5.0,O2,23.22698,16.0,93.0
EDIN,edin8,Violation_201,10.0,Pz,33.80082,14.0,90.0
EDIN,edin8,Violation_201,10.0,Cz,19.517,14.0,90.0
EDIN,edin8,Violation_201,10.0,CP1,41.14397,14.0,90.0
EDIN,edin8,Violation_201,10.0,CP2,22.76086,14.0,90.0
EDIN,edin8,Violation_201,10.0,P3,16.38804,14.0,90.0
EDIN,edin8,Violation_201,10.0,P4,32.11919,14.0,90.0
EDIN,edin8,Violation_201,10.0,C3,7.118791,14.0,90.0
EDIN,edin8,Violation_201,10.0,C4,24.67331,14.0,90.0
EDIN,edin8,Violation_201,10.0,P7,16.04131,14.0,90.0
EDIN,edin8,Violation_201,10.0,P8,28.63501,14.0,90.0
EDIN,edin8,Violation_201,10.0,O1,18.75918,14.0,90.0
EDIN,edin8,Violation_201,10.0,O2,31.91638,14.0,90.0
EDIN,edin8,Control_202,9.0,Pz,23.61798,1.0,97.0
EDIN,edin8,Control_202,9.0,Cz,12.59431,1.0,97.0
EDIN,edin8,Control_202,9.0,CP1,42.28837,1.0,97.0
EDIN,edin8,Control_202,9.0,CP2,17.40442,1.0,97.0
EDIN,edin8,Control_202,9.0,P3,13.59902,1.0,97.0
EDIN,edin8,Control_202,9.0,P4,10.81556,1.0,97.0
EDIN,edin8,Control_202,9.0,C3,11.5444,1.0,97.0
EDIN,edin8,Control_202,9.0,C4,13.54045,1.0,97.0
EDIN,edin8,Control_202,9.0,P7,13.78242,1.0,97.0
EDIN,edin8,Control_202,9.0,P8,14.27682,1.0,97.0
EDIN,edin8,Control_202,9.0,O1,-6.430369,1.0,97.0
EDIN,edin8,Control_202,9.0,O2,10.2822,1.0,97.0
EDIN,edin8,Control_202,33.0,Pz,2.571851,30.0,90.0
EDIN,edin8,Control_202,33.0,Cz,-2.178715,30.0,90.0
EDIN,edin8,Control_202,33.0,CP1,-15.6424,30.0,90.0
EDIN,edin8,Control_202,33.0,CP2,-4.523969,30.0,90.0
EDIN,edin8,Control_202,33.0,P3,-0.6657951,30.0,90.0
EDIN,edin8,Control_202,33.0,P4,-3.892801,30.0,90.0
EDIN,edin8,Control_202,33.0,C3,-11.30481,30.0,90.0
EDIN,edin8,Control_202,33.0,C4,-20.50643,30.0,90.0
EDIN,edin8,Control_202,33.0,P7,-1.190132,30.0,90.0
EDIN,edin8,Control_202,33.0,P8,-6.672851,30.0,90.0
EDIN,edin8,Control_202,33.0,O1,4.174379,30.0,90.0
EDIN,edin8,Control_202,33.0,O2,-3.371649,30.0,90.0
EDIN,edin8,Violation_201,26.0,Pz,27.88063,40.0,93.0
EDIN,edin8,Violation_201,26.0,Cz,24.55443,40.0,93.0
EDIN,edin8,Violation_201,26.0,CP1,15.57541,40.0,93.0
EDIN,edin8,Violation_201,26.0,CP2,23.6587,40.0,93.0
EDIN,edin8,Violation_201,26.0,P3,19.61071,40.0,93.0
EDIN,edin8,Violation_201,26.0,P4,17.99482,40.0,93.0
EDIN,edin8,Violation_201,26.0,C3,20.35232,40.0,93.0
EDIN,edin8,Violation_201,26.0,C4,9.040715,40.0,93.0
EDIN,edin8,Violation_201,26.0,P7,19.78484,40.0,93.0
EDIN,edin8,Violation_201,26.0,P8,17.62916,40.0,93.0
EDIN,edin8,Violation_201,26.0,O1,3.667445,40.0,93.0
EDIN,edin8,Violation_201,26.0,O2,18.8466,40.0,93.0
EDIN,edin8,Violation_201,38.0,Pz,-21.86999,24.0,93.0
EDIN,edin8,Violation_201,38.0,Cz,-28.42139,24.0,93.0
EDIN,edin8,Violation_201,38.0,CP1,-28.45442,24.0,93.0
EDIN,edin8,Violation_201,38.0,CP2,-19.76578,24.0,93.0
EDIN,edin8,Violation_201,38.0,P3,-15.98126,24.0,93.0
EDIN,edin8,Violation_201,38.0,P4,-8.350191,24.0,93.0
EDIN,edin8,Violation_201,38.0,C3,-21.4413,24.0,93.0
EDIN,edin8,Violation_201,38.0,C4,-10.07846,24.0,93.0
EDIN,edin8,Violation_201,38.0,P7,-16.30626,24.0,93.0
EDIN,edin8,Violation_201,38.0,P8,-7.779006,24.0,93.0
EDIN,edin8,Violation_201,38.0,O1,1.160849,24.0,93.0
EDIN,edin8,Violation_201,38.0,O2,-8.798704,24.0,93.0
EDIN,edin8,Violation_201,29.0,Pz,-8.61763,28.0,27.0
EDIN,edin8,Violation_201,29.0,Cz,-17.73338,28.0,27.0
EDIN,edin8,Violation_201,29.0,CP1,-23.32895,28.0,27.0
EDIN,edin8,Violation_201,29.0,CP2,-13.04574,28.0,27.0
EDIN,edin8,Violation_201,29.0,P3,-8.168749,28.0,27.0
EDIN,edin8,Violation_201,29.0,P4,-9.396647,28.0,27.0
EDIN,edin8,Violation_201,29.0,C3,-6.713522,28.0,27.0
EDIN,edin8,Violation_201,29.0,C4,8.339029,28.0,27.0
EDIN,edin8,Violation_201,29.0,P7,-8.553684,28.0,27.0
EDIN,edin8,Violation_201,29.0,P8,-7.764871,28.0,27.0
EDIN,edin8,Violation_201,29.0,O1,1.255284,28.0,27.0
EDIN,edin8,Violation_201,29.0,O2,-10.56861,28.0,27.0
EDIN,edin8,Violation_201,34.0,Pz,-1.346063,21.0,77.0
EDIN,edin8,Violation_201,34.0,Cz,6.261551,21.0,77.0
EDIN,edin8,Violation_201,34.0,CP1,-12.80163,21.0,77.0
EDIN,edin8,Violation_201,34.0,CP2,2.357882,21.0,77.0
EDIN,edin8,Violation_201,34.0,P3,-6.476201,21.0,77.0
EDIN,edin8,Violation_201,34.0,P4,-2.928883,21.0,77.0
EDIN,edin8,Violation_201,34.0,C3,-6.101608,21.0,77.0
EDIN,edin8,Violation_201,34.0,C4,0.3752817,21.0,77.0
EDIN,edin8,Violation_201,34.0,P7,-7.327469,21.0,77.0
EDIN,edin8,Violation_201,34.0,P8,-5.369464,21.0,77.0
EDIN,edin8,Violation_201,34.0,O1,6.565023,21.0,77.0
EDIN,edin8,Violation_201,34.0,O2,-2.75415,21.0,77.0
EDIN,edin8,Control_202,25.0,Pz,-1.719109,38.0,93.0
EDIN,edin8,Control_202,25.0,Cz,7.579306,38.0,93.0
EDIN,edin8,Control_202,25.0,CP1,9.939645,38.0,93.0
EDIN,edin8,Control_202,25.0,CP2,0.3202781,38.0,93.0
EDIN,edin8,Control_202,25.0,P3,0.9389721,38.0,93.0
EDIN,edin8,Control_202,25.0,P4,-8.673077,38.0,93.0
EDIN,edin8,Control_202,25.0,C3,-3.792467,38.0,93.0
EDIN,edin8,Control_202,25.0,C4,5.134552,38.0,93.0
EDIN,edin8,Control_202,25.0,P7,1.220837,38.0,93.0
EDIN,edin8,Control_202,25.0,P8,-8.625462,38.0,93.0
EDIN,edin8,Control_202,25.0,O1,-10.84499,38.0,93.0
EDIN,edin8,Control_202,25.0,O2,-8.66088,38.0,93.0
EDIN,edin8,Violation_201,30.0,Pz,-39.06852,32.0,80.0
EDIN,edin8,Violation_201,30.0,Cz,-13.51763,32.0,80.0
EDIN,edin8,Violation_201,30.0,CP1,-34.79581,32.0,80.0
EDIN,edin8,Violation_201,30.0,CP2,-17.79253,32.0,80.0
EDIN,edin8,Violation_201,30.0,P3,-23.96165,32.0,80.0
EDIN,edin8,Violation_201,30.0,P4,-38.88533,32.0,80.0
EDIN,edin8,Violation_201,30.0,C3,-25.45418,32.0,80.0
EDIN,edin8,Violation_201,30.0,C4,-18.41528,32.0,80.0
EDIN,edin8,Violation_201,30.0,P7,-23.4755,32.0,80.0
EDIN,edin8,Violation_201,30.0,P8,-38.73792,32.0,80.0
EDIN,edin8,Violation_201,30.0,O1,-29.03733,32.0,80.0
EDIN,edin8,Violation_201,30.0,O2,-38.17867,32.0,80.0
EDIN,edin8,Control_202,21.0,Pz,-9.171257,33.0,53.0
EDIN,edin8,Control_202,21.0,Cz,-14.01083,33.0,53.0
EDIN,edin8,Control_202,21.0,CP1,-19.85813,33.0,53.0
EDIN,edin8,Control_202,21.0,CP2,-8.603357,33.0,53.0
EDIN,edin8,Control_202,21.0,P3,0.0390044,33.0,53.0
EDIN,edin8,Control_202,21.0,P4,-16.55208,33.0,53.0
EDIN,edin8,Control_202,21.0,C3,-3.777884,33.0,53.0
EDIN,edin8,Control_202,21.0,C4,-7.957637,33.0,53.0
EDIN,edin8,Control_202,21.0,P7,0.5413301,33.0,53.0
EDIN,edin8,Control_202,21.0,P8,-15.29522,33.0,53.0
EDIN,edin8,Control_202,21.0,O1,-11.13802,33.0,53.0
EDIN,edin8,Control_202,21.0,O2,-16.41053,33.0,53.0
EDIN,edin8,Violation_201,22.0,Pz,-13.30076,23.0,93.0
EDIN,edin8,Violation_201,22.0,Cz,-2.149578,23.0,93.0
EDIN,edin8,Violation_201,22.0,CP1,10.35592,23.0,93.0
EDIN,edin8,Violation_201,22.0,CP2,-13.83264,23.0,93.0
EDIN,edin8,Violation_201,22.0,P3,-19.90951,23.0,93.0
EDIN,edin8,Violation_201,22.0,P4,-17.41196,23.0,93.0
EDIN,edin8,Violation_201,22.0,C3,-19.17417,23.0,93.0
EDIN,edin8,Violation_201,22.0,C4,-11.83381,23.0,93.0
EDIN,edin8,Violation_201,22.0,P7,-19.0346,23.0,93.0
EDIN,edin8,Violation_201,22.0,P8,-19.82762,23.0,93.0
EDIN,edin8,Violation_201,22.0,O1,-23.61039,23.0,93.0
EDIN,edin8,Violation_201,22.0,O2,-16.38696,23.0,93.0
EDIN,edin8,Control_202,37.0,Pz,14.40872,36.0,77.0
EDIN,edin8,Control_202,37.0,Cz,-6.797846,36.0,77.0
EDIN,edin8,Control_202,37.0,CP1,5.341859,36.0,77.0
EDIN,edin8,Control_202,37.0,CP2,-1.781884,36.0,77.0
EDIN,edin8,Control_202,37.0,P3,-2.061958,36.0,77.0
EDIN,edin8,Control_202,37.0,P4,11.64586,36.0,77.0
EDIN,edin8,Control_202,37.0,C3,-5.945484,36.0,77.0
EDIN,edin8,Control_202,37.0,C4,10.59501,36.0,77.0
EDIN,edin8,Control_202,37.0,P7,-3.979569,36.0,77.0
EDIN,edin8,Control_202,37.0,P8,7.082642,36.0,77.0
EDIN,edin8,Control_202,37.0,O1,-9.317251,36.0,77.0
EDIN,edin8,Control_202,37.0,O2,12.09818,36.0,77.0
EDIN,edin8,Violation_201,58.0,Pz,-32.27478,43.0,93.0
EDIN,edin8,Violation_201,58.0,Cz,-21.73858,43.0,93.0
EDIN,edin8,Violation_201,58.0,CP1,-26.77675,43.0,93.0
EDIN,edin8,Violation_201,58.0,CP2,-24.50719,43.0,93.0
EDIN,edin8,Violation_201,58.0,P3,-20.09034,43.0,93.0
EDIN,edin8,Violation_201,58.0,P4,-33.09355,43.0,93.0
EDIN,edin8,Violation_201,58.0,C3,-19.13725,43.0,93.0
EDIN,edin8,Violation_201,58.0,C4,-29.87067,43.0,93.0
EDIN,edin8,Violation_201,58.0,P7,-19.70791,43.0,93.0
EDIN,edin8,Violation_201,58.0,P8,-32.39978,43.0,93.0
EDIN,edin8,Violation_201,58.0,O1,-27.58939,43.0,93.0
EDIN,edin8,Violation_201,58.0,O2,-33.08453,43.0,93.0
EDIN,edin8,Control_202,57.0,Pz,0.3300145,48.0,87.0
EDIN,edin8,Control_202,57.0,Cz,-4.733501,48.0,87.0
EDIN,edin8,Control_202,57.0,CP1,-7.381983,48.0,87.0
EDIN,edin8,Control_202,57.0,CP2,-2.238254,48.0,87.0
EDIN,edin8,Control_202,57.0,P3,3.714575,48.0,87.0
EDIN,edin8,Control_202,57.0,P4,5.418234,48.0,87.0
EDIN,edin8,Control_202,57.0,C3,3.568094,48.0,87.0
EDIN,edin8,Control_202,57.0,C4,7.628188,48.0,87.0
EDIN,edin8,Control_202,57.0,P7,4.310868,48.0,87.0
EDIN,edin8,Control_202,57.0,P8,6.473791,48.0,87.0
EDIN,edin8,Control_202,57.0,O1,6.098127,48.0,87.0
EDIN,edin8,Control_202,57.0,O2,5.442453,48.0,87.0
EDIN,edin8,Control_202,53.0,Pz,24.19488,56.0,93.0
EDIN,edin8,Control_202,53.0,Cz,1.94869,56.0,93.0
EDIN,edin8,Control_202,53.0,CP1,-5.047608,56.0,93.0
EDIN,edin8,Control_202,53.0,CP2,17.35533,56.0,93.0
EDIN,edin8,Control_202,53.0,P3,11.54139,56.0,93.0
EDIN,edin8,Control_202,53.0,P4,26.63935,56.0,93.0
EDIN,edin8,Control_202,53.0,C3,11.02106,56.0,93.0
EDIN,edin8,Control_202,53.0,C4,30.0232,56.0,93.0
EDIN,edin8,Control_202,53.0,P7,11.11354,56.0,93.0
EDIN,edin8,Control_202,53.0,P8,23.44784,56.0,93.0
EDIN,edin8,Control_202,53.0,O1,17.13903,56.0,93.0
EDIN,edin8,Control_202,53.0,O2,27.52414,56.0,93.0
EDIN,edin8,Violation_201,50.0,Pz,10.3005,54.0,77.0
EDIN,edin8,Violation_201,50.0,Cz,10.97748,54.0,77.0
EDIN,edin8,Violation_201,50.0,CP1,42.17627,54.0,77.0
EDIN,edin8,Violation_201,50.0,CP2,23.21812,54.0,77.0
EDIN,edin8,Violation_201,50.0,P3,4.376174,54.0,77.0
EDIN,edin8,Violation_201,50.0,P4,6.280119,54.0,77.0
EDIN,edin8,Violation_201,50.0,C3,9.83549,54.0,77.0
EDIN,edin8,Violation_201,50.0,C4,6.57521,54.0,77.0
EDIN,edin8,Violation_201,50.0,P7,4.123343,54.0,77.0
EDIN,edin8,Violation_201,50.0,P8,9.241541,54.0,77.0
EDIN,edin8,Violation_201,50.0,O1,3.967786,54.0,77.0
EDIN,edin8,Violation_201,50.0,O2,5.580892,54.0,77.0
EDIN,edin8,Control_202,49.0,Pz,12.47821,41.0,100.0
EDIN,edin8,Control_202,49.0,Cz,11.81221,41.0,100.0
EDIN,edin8,Control_202,49.0,CP1,36.33253,41.0,100.0
EDIN,edin8,Control_202,49.0,CP2,20.83987,41.0,100.0
EDIN,edin8,Control_202,49.0,P3,14.82413,41.0,100.0
EDIN,edin8,Control_202,49.0,P4,25.49349,41.0,100.0
EDIN,edin8,Control_202,49.0,C3,16.19543,41.0,100.0
EDIN,edin8,Control_202,49.0,C4,44.22028,41.0,100.0
EDIN,edin8,Control_202,49.0,P7,14.89846,41.0,100.0
EDIN,edin8,Control_202,49.0,P8,23.5787,41.0,100.0
EDIN,edin8,Control_202,49.0,O1,4.08534,41.0,100.0
EDIN,edin8,Control_202,49.0,O2,25.75637,41.0,100.0
EDIN,edin8,Control_202,41.0,Pz,-30.25956,58.0,73.0
EDIN,edin8,Control_202,41.0,Cz,-37.5915,58.0,73.0
EDIN,edin8,Control_202,41.0,CP1,-27.56278,58.0,73.0
EDIN,edin8,Control_202,41.0,CP2,-28.09074,58.0,73.0
EDIN,edin8,Control_202,41.0,P3,-30.41359,58.0,73.0
EDIN,edin8,Control_202,41.0,P4,-32.37561,58.0,73.0
EDIN,edin8,Control_202,41.0,C3,-37.83777,58.0,73.0
EDIN,edin8,Control_202,41.0,C4,-31.0492,58.0,73.0
EDIN,edin8,Control_202,41.0,P7,-29.46212,58.0,73.0
EDIN,edin8,Control_202,41.0,P8,-31.98481,58.0,73.0
EDIN,edin8,Control_202,41.0,O1,-8.687174,58.0,73.0
EDIN,edin8,Control_202,41.0,O2,-31.83072,58.0,73.0
EDIN,edin8,Violation_201,54.0,Pz,-25.23936,46.0,63.0
EDIN,edin8,Violation_201,54.0,Cz,-30.33886,46.0,63.0
EDIN,edin8,Violation_201,54.0,CP1,-36.9995,46.0,63.0
EDIN,edin8,Violation_201,54.0,CP2,-30.28744,46.0,63.0
EDIN,edin8,Violation_201,54.0,P3,-14.50875,46.0,63.0
EDIN,edin8,Violation_201,54.0,P4,-13.76592,46.0,63.0
EDIN,edin8,Violation_201,54.0,C3,-25.22867,46.0,63.0
EDIN,edin8,Violation_201,54.0,C4,-21.64396,46.0,63.0
EDIN,edin8,Violation_201,54.0,P7,-13.70051,46.0,63.0
EDIN,edin8,Violation_201,54.0,P8,-14.86725,46.0,63.0
EDIN,edin8,Violation_201,54.0,O1,-17.32192,46.0,63.0
EDIN,edin8,Violation_201,54.0,O2,-13.55104,46.0,63.0
EDIN,edin8,Control_202,45.0,Pz,25.99379,53.0,93.0
EDIN,edin8,Control_202,45.0,Cz,-10.51094,53.0,93.0
EDIN,edin8,Control_202,45.0,CP1,10.50154,53.0,93.0
EDIN,edin8,Control_202,45.0,CP2,6.622945,53.0,93.0
EDIN,edin8,Control_202,45.0,P3,14.16335,53.0,93.0
EDIN,edin8,Control_202,45.0,P4,16.39165,53.0,93.0
EDIN,edin8,Control_202,45.0,C3,1.388713,53.0,93.0
EDIN,edin8,Control_202,45.0,C4,-1.46724,53.0,93.0
EDIN,edin8,Control_202,45.0,P7,13.34588,53.0,93.0
EDIN,edin8,Control_202,45.0,P8,15.39356,53.0,93.0
EDIN,edin8,Control_202,45.0,O1,17.67563,53.0,93.0
EDIN,edin8,Control_202,45.0,O2,16.10547,53.0,93.0
EDIN,edin8,Violation_201,46.0,Pz,19.36543,50.0,37.0
EDIN,edin8,Violation_201,46.0,Cz,7.682186,50.0,37.0
EDIN,edin8,Violation_201,46.0,CP1,3.566542,50.0,37.0
EDIN,edin8,Violation_201,46.0,CP2,0.4419644,50.0,37.0
EDIN,edin8,Violation_201,46.0,P3,5.845385,50.0,37.0
EDIN,edin8,Violation_201,46.0,P4,16.3544,50.0,37.0
EDIN,edin8,Violation_201,46.0,C3,-2.589329,50.0,37.0
EDIN,edin8,Violation_201,46.0,C4,7.801852,50.0,37.0
EDIN,edin8,Violation_201,46.0,P7,4.514109,50.0,37.0
EDIN,edin8,Violation_201,46.0,P8,16.68666,50.0,37.0
EDIN,edin8,Violation_201,46.0,O1,-1.640494,50.0,37.0
EDIN,edin8,Violation_201,46.0,O2,15.86052,50.0,37.0
EDIN,edin8,Violation_201,42.0,Pz,5.855978,47.0,100.0
EDIN,edin8,Violation_201,42.0,Cz,1.964317,47.0,100.0
EDIN,edin8,Violation_201,42.0,CP1,-4.816847,47.0,100.0
EDIN,edin8,Violation_201,42.0,CP2,18.06959,47.0,100.0
EDIN,edin8,Violation_201,42.0,P3,8.083239,47.0,100.0
EDIN,edin8,Violation_201,42.0,P4,9.032821,47.0,100.0
EDIN,edin8,Violation_201,42.0,C3,12.71139,47.0,100.0
EDIN,edin8,Violation_201,42.0,C4,40.0704,47.0,100.0
EDIN,edin8,Violation_201,42.0,P7,8.489349,47.0,100.0
EDIN,edin8,Violation_201,42.0,P8,9.043389,47.0,100.0
EDIN,edin8,Violation_201,42.0,O1,26.65723,47.0,100.0
EDIN,edin8,Violation_201,42.0,O2,9.201971,47.0,100.0
EDIN,edin8,Violation_201,78.0,Pz,-22.80544,71.0,90.0
EDIN,edin8,Violation_201,78.0,Cz,-24.8182,71.0,90.0
EDIN,edin8,Violation_201,78.0,CP1,-23.50679,71.0,90.0
EDIN,edin8,Violation_201,78.0,CP2,-17.45746,71.0,90.0
EDIN,edin8,Violation_201,78.0,P3,-11.47705,71.0,90.0
EDIN,edin8,Violation_201,78.0,P4,-23.89743,71.0,90.0
EDIN,edin8,Violation_201,78.0,C3,-10.11972,71.0,90.0
EDIN,edin8,Violation_201,78.0,C4,-18.00125,71.0,90.0
EDIN,edin8,Violation_201,78.0,P7,-10.80662,71.0,90.0
EDIN,edin8,Violation_201,78.0,P8,-22.36504,71.0,90.0
EDIN,edin8,Violation_201,78.0,O1,-18.26986,71.0,90.0
EDIN,edin8,Violation_201,78.0,O2,-23.73752,71.0,90.0
EDIN,edin8,Control_202,73.0,Pz,13.83754,69.0,93.0
EDIN,edin8,Control_202,73.0,Cz,4.932909,69.0,93.0
EDIN,edin8,Control_202,73.0,CP1,-2.846352,69.0,93.0
EDIN,edin8,Control_202,73.0,CP2,3.85963,69.0,93.0
EDIN,edin8,Control_202,73.0,P3,6.399033,69.0,93.0
EDIN,edin8,Control_202,73.0,P4,13.65757,69.0,93.0
EDIN,edin8,Control_202,73.0,C3,-2.146078,69.0,93.0
EDIN,edin8,Control_202,73.0,C4,6.21413,69.0,93.0
EDIN,edin8,Control_202,73.0,P7,5.345006,69.0,93.0
EDIN,edin8,Control_202,73.0,P8,14.83273,69.0,93.0
EDIN,edin8,Control_202,73.0,O1,22.52339,69.0,93.0
EDIN,edin8,Control_202,73.0,O2,12.78233,69.0,93.0
EDIN,edin8,Violation_201,70.0,Pz,16.93432,61.0,34.0
EDIN,edin8,Violation_201,70.0,Cz,15.97162,61.0,34.0
EDIN,edin8,Violation_201,70.0,CP1,12.4014,61.0,34.0
EDIN,edin8,Violation_201,70.0,CP2,8.419401,61.0,34.0
EDIN,edin8,Violation_201,70.0,P3,17.73077,61.0,34.0
EDIN,edin8,Violation_201,70.0,P4,20.47562,61.0,34.0
EDIN,edin8,Violation_201,70.0,C3,13.73799,61.0,34.0
EDIN,edin8,Violation_201,70.0,C4,3.813559,61.0,34.0
EDIN,edin8,Violation_201,70.0,P7,17.81053,61.0,34.0
EDIN,edin8,Violation_201,70.0,P8,19.27651,61.0,34.0
EDIN,edin8,Violation_201,70.0,O1,16.91872,61.0,34.0
EDIN,edin8,Violation_201,70.0,O2,20.82216,61.0,34.0
EDIN,edin8,Violation_201,74.0,Pz,27.31591,80.0,97.0
EDIN,edin8,Violation_201,74.0,Cz,10.68811,80.0,97.0
EDIN,edin8,Violation_201,74.0,CP1,17.54109,80.0,97.0
EDIN,edin8,Violation_201,74.0,CP2,19.59972,80.0,97.0
EDIN,edin8,Violation_201,74.0,P3,15.67974,80.0,97.0
EDIN,edin8,Violation_201,74.0,P4,34.102,80.0,97.0
EDIN,edin8,Violation_201,74.0,C3,22.75584,80.0,97.0
EDIN,edin8,Violation_201,74.0,C4,35.36781,80.0,97.0
EDIN,edin8,Violation_201,74.0,P7,15.11716,80.0,97.0
EDIN,edin8,Violation_201,74.0,P8,30.80496,80.0,97.0
EDIN,edin8,Violation_201,74.0,O1,8.355706,80.0,97.0
EDIN,edin8,Violation_201,74.0,O2,34.41357,80.0,97.0
EDIN,edin8,Control_202,61.0,Pz,-13.26755,78.0,97.0
EDIN,edin8,Control_202,61.0,Cz,-7.732827,78.0,97.0
EDIN,edin8,Control_202,61.0,CP1,-17.77924,78.0,97.0
EDIN,edin8,Control_202,61.0,CP2,-7.527949,78.0,97.0
EDIN,edin8,Control_202,61.0,P3,-1.745508,78.0,97.0
EDIN,edin8,Control_202,61.0,P4,-4.424973,78.0,97.0
EDIN,edin8,Control_202,61.0,C3,-0.8579185,78.0,97.0
EDIN,edin8,Control_202,61.0,C4,5.78237,78.0,97.0
EDIN,edin8,Control_202,61.0,P7,-0.8805099,78.0,97.0
EDIN,edin8,Control_202,61.0,P8,-3.069205,78.0,97.0
EDIN,edin8,Control_202,61.0,O1,-3.795233,78.0,97.0
EDIN,edin8,Control_202,61.0,O2,-4.895093,78.0,97.0
EDIN,edin8,Control_202,69.0,Pz,-31.09524,74.0,93.0
EDIN,edin8,Control_202,69.0,Cz,-14.47612,74.0,93.0
EDIN,edin8,Control_202,69.0,CP1,-34.45354,74.0,93.0
EDIN,edin8,Control_202,69.0,CP2,-21.73111,74.0,93.0
EDIN,edin8,Control_202,69.0,P3,-17.76932,74.0,93.0
EDIN,edin8,Control_202,69.0,P4,-35.44414,74.0,93.0
EDIN,edin8,Control_202,69.0,C3,-13.55577,74.0,93.0
EDIN,edin8,Control_202,69.0,C4,-15.35063,74.0,93.0
EDIN,edin8,Control_202,69.0,P7,-16.63248,74.0,93.0
EDIN,edin8,Control_202,69.0,P8,-34.97242,74.0,93.0
EDIN,edin8,Control_202,69.0,O1,-16.89262,74.0,93.0
EDIN,edin8,Control_202,69.0,O2,-34.42542,74.0,93.0
EDIN,edin8,Control_202,65.0,Pz,2.412826,68.0,27.0
EDIN,edin8,Control_202,65.0,Cz,-1.482802,68.0,27.0
EDIN,edin8,Control_202,65.0,CP1,-9.37158,68.0,27.0
EDIN,edin8,Control_202,65.0,CP2,-0.07056977,68.0,27.0
EDIN,edin8,Control_202,65.0,P3,4.439599,68.0,27.0
EDIN,edin8,Control_202,65.0,P4,13.95974,68.0,27.0
EDIN,edin8,Control_202,65.0,C3,8.287015,68.0,27.0
EDIN,edin8,Control_202,65.0,C4,6.657337,68.0,27.0
EDIN,edin8,Control_202,65.0,P7,4.259339,68.0,27.0
EDIN,edin8,Control_202,65.0,P8,13.24302,68.0,27.0
EDIN,edin8,Control_202,65.0,O1,13.98388,68.0,27.0
EDIN,edin8,Control_202,65.0,O2,14.54236,68.0,27.0
EDIN,edin8,Violation_201,62.0,Pz,-11.37077,73.0,80.0
EDIN,edin8,Violation_201,62.0,Cz,0.6267225,73.0,80.0
EDIN,edin8,Violation_201,62.0,CP1,-2.365804,73.0,80.0
EDIN,edin8,Violation_201,62.0,CP2,4.230024,73.0,80.0
EDIN,edin8,Violation_201,62.0,P3,-6.818209,73.0,80.0
EDIN,edin8,Violation_201,62.0,P4,-10.96393,73.0,80.0
EDIN,edin8,Violation_201,62.0,C3,-0.4834564,73.0,80.0
EDIN,edin8,Violation_201,62.0,C4,12.65791,73.0,80.0
EDIN,edin8,Violation_201,62.0,P7,-6.424388,73.0,80.0
EDIN,edin8,Violation_201,62.0,P8,-9.548496,73.0,80.0
EDIN,edin8,Violation_201,62.0,O1,-13.11326,73.0,80.0
EDIN,edin8,Violation_201,62.0,O2,-11.39519,73.0,80.0
EDIN,edin8,Control_202,77.0,Pz,-1.163307,77.0,100.0
EDIN,edin8,Control_202,77.0,Cz,-19.84047,77.0,100.0
EDIN,edin8,Control_202,77.0,CP1,8.278406,77.0,100.0
EDIN,edin8,Control_202,77.0,CP2,-9.220195,77.0,100.0
EDIN,edin8,Control_202,77.0,P3,-12.64396,77.0,100.0
EDIN,edin8,Control_202,77.0,P4,-13.04446,77.0,100.0
EDIN,edin8,Control_202,77.0,C3,-18.11638,77.0,100.0
EDIN,edin8,Control_202,77.0,C4,-23.50467,77.0,100.0
EDIN,edin8,Control_202,77.0,P7,-12.8736,77.0,100.0
EDIN,edin8,Control_202,77.0,P8,-12.84162,77.0,100.0
EDIN,edin8,Control_202,77.0,O1,-13.2563,77.0,100.0
EDIN,edin8,Control_202,77.0,O2,-14.05321,77.0,100.0
EDIN,edin8,Violation_201,66.0,Pz,-15.976,70.0,57.0
EDIN,edin8,Violation_201,66.0,Cz,-3.429408,70.0,57.0
EDIN,edin8,Violation_201,66.0,CP1,-17.49224,70.0,57.0
EDIN,edin8,Violation_201,66.0,CP2,-15.00686,70.0,57.0
EDIN,edin8,Violation_201,66.0,P3,-13.39808,70.0,57.0
EDIN,edin8,Violation_201,66.0,P4,-9.049603,70.0,57.0
EDIN,edin8,Violation_201,66.0,C3,-11.83523,70.0,57.0
EDIN,edin8,Violation_201,66.0,C4,-11.59507,70.0,57.0
EDIN,edin8,Violation_201,66.0,P7,-13.09732,70.0,57.0
EDIN,edin8,Violation_201,66.0,P8,-10.86906,70.0,57.0
EDIN,edin8,Violation_201,66.0,O1,-13.65641,70.0,57.0
EDIN,edin8,Violation_201,66.0,O2,-8.407145,70.0,57.0
EDIN,edin9,Control_202,15.0,Pz,0.1404234,6.0,100.0
EDIN,edin9,Control_202,15.0,Cz,15.00468,6.0,100.0
EDIN,edin9,Control_202,15.0,CP1,-8.218691,6.0,100.0
EDIN,edin9,Control_202,15.0,CP2,1.782271,6.0,100.0
EDIN,edin9,Control_202,15.0,P3,-7.42448,6.0,100.0
EDIN,edin9,Control_202,15.0,P4,-13.75626,6.0,100.0
EDIN,edin9,Control_202,15.0,C3,-9.218354,6.0,100.0
EDIN,edin9,Control_202,15.0,C4,-25.85073,6.0,100.0
EDIN,edin9,Control_202,15.0,P7,-1.971601,6.0,100.0
EDIN,edin9,Control_202,15.0,P8,-25.75984,6.0,100.0
EDIN,edin9,Control_202,15.0,O1,-16.16603,6.0,100.0
EDIN,edin9,Control_202,15.0,O2,-15.27105,6.0,100.0
EDIN,edin9,Control_202,11.0,Pz,-21.99363,1.0,97.0
EDIN,edin9,Control_202,11.0,Cz,-15.72938,1.0,97.0
EDIN,edin9,Control_202,11.0,CP1,-16.03695,1.0,97.0
EDIN,edin9,Control_202,11.0,CP2,-8.679139,1.0,97.0
EDIN,edin9,Control_202,11.0,P3,-2.049391,1.0,97.0
EDIN,edin9,Control_202,11.0,P4,-1.228644,1.0,97.0
EDIN,edin9,Control_202,11.0,C3,-9.282187,1.0,97.0
EDIN,edin9,Control_202,11.0,C4,3.313832,1.0,97.0
EDIN,edin9,Control_202,11.0,P7,4.629305,1.0,97.0
EDIN,edin9,Control_202,11.0,P8,9.676043,1.0,97.0
EDIN,edin9,Control_202,11.0,O1,3.064012,1.0,97.0
EDIN,edin9,Control_202,11.0,O2,-10.40221,1.0,97.0
EDIN,edin9,Control_202,7.0,Pz,-20.05863,9.0,93.0
EDIN,edin9,Control_202,7.0,Cz,-14.099,9.0,93.0
EDIN,edin9,Control_202,7.0,CP1,-15.73692,9.0,93.0
EDIN,edin9,Control_202,7.0,CP2,-5.034049,9.0,93.0
EDIN,edin9,Control_202,7.0,P3,-14.93842,9.0,93.0
EDIN,edin9,Control_202,7.0,P4,-30.47357,9.0,93.0
EDIN,edin9,Control_202,7.0,C3,-14.49547,9.0,93.0
EDIN,edin9,Control_202,7.0,C4,-38.83833,9.0,93.0
EDIN,edin9,Control_202,7.0,P7,-12.86359,9.0,93.0
EDIN,edin9,Control_202,7.0,P8,-34.91204,9.0,93.0
EDIN,edin9,Control_202,7.0,O1,-24.47195,9.0,93.0
EDIN,edin9,Control_202,7.0,O2,-30.22782,9.0,93.0
EDIN,edin9,Violation_201,20.0,Pz,-25.53764,4.0,93.0
EDIN,edin9,Violation_201,20.0,Cz,16.89469,4.0,93.0
EDIN,edin9,Violation_201,20.0,CP1,2.357676,4.0,93.0
EDIN,edin9,Violation_201,20.0,CP2,17.00981,4.0,93.0
EDIN,edin9,Violation_201,20.0,P3,13.57823,4.0,93.0
EDIN,edin9,Violation_201,20.0,P4,-2.380177,4.0,93.0
EDIN,edin9,Violation_201,20.0,C3,1.49931,4.0,93.0
EDIN,edin9,Violation_201,20.0,C4,6.824809,4.0,93.0
EDIN,edin9,Violation_201,20.0,P7,1.678605,4.0,93.0
EDIN,edin9,Violation_201,20.0,P8,-2.476329,4.0,93.0
EDIN,edin9,Violation_201,20.0,O1,-6.719962,4.0,93.0
EDIN,edin9,Violation_201,20.0,O2,-7.548727,4.0,93.0
EDIN,edin9,Violation_201,8.0,Pz,-8.462554,13.0,97.0
EDIN,edin9,Violation_201,8.0,Cz,-8.681557,13.0,97.0
EDIN,edin9,Violation_201,8.0,CP1,-13.71947,13.0,97.0
EDIN,edin9,Violation_201,8.0,CP2,-25.64722,13.0,97.0
EDIN,edin9,Violation_201,8.0,P3,-6.219405,13.0,97.0
EDIN,edin9,Violation_201,8.0,P4,-2.837843,13.0,97.0
EDIN,edin9,Violation_201,8.0,C3,-23.41727,13.0,97.0
EDIN,edin9,Violation_201,8.0,C4,-8.171789,13.0,97.0
EDIN,edin9,Violation_201,8.0,P7,-0.8787095,13.0,97.0
EDIN,edin9,Violation_201,8.0,P8,-7.629283,13.0,97.0
EDIN,edin9,Violation_201,8.0,O1,10.82841,13.0,97.0
EDIN,edin9,Violation_201,8.0,O2,-13.06052,13.0,97.0
EDIN,edin9,Violation_201,12.0,Pz,14.37745,7.0,80.0
EDIN,edin9,Violation_201,12.0,Cz,-0.5199533,7.0,80.0
EDIN,edin9,Violation_201,12.0,CP1,5.325219,7.0,80.0
EDIN,edin9,Violation_201,12.0,CP2,-3.946789,7.0,80.0
EDIN,edin9,Violation_201,12.0,P3,17.67066,7.0,80.0
EDIN,edin9,Violation_201,12.0,P4,18.98857,7.0,80.0
EDIN,edin9,Violation_201,12.0,C3,5.911729,7.0,80.0
EDIN,edin9,Violation_201,12.0,C4,22.44913,7.0,80.0
EDIN,edin9,Violation_201,12.0,P7,12.30819,7.0,80.0
EDIN,edin9,Violation_201,12.0,P8,20.33512,7.0,80.0
EDIN,edin9,Violation_201,12.0,O1,24.95659,7.0,80.0
EDIN,edin9,Violation_201,12.0,O2,29.48932,7.0,80.0
EDIN,edin9,Control_202,19.0,Pz,-18.12676,14.0,90.0
EDIN,edin9,Control_202,19.0,Cz,8.621684,14.0,90.0
EDIN,edin9,Control_202,19.0,CP1,-19.63452,14.0,90.0
EDIN,edin9,Control_202,19.0,CP2,5.114465,14.0,90.0
EDIN,edin9,Control_202,19.0,P3,-12.38606,14.0,90.0
EDIN,edin9,Control_202,19.0,P4,-16.56409,14.0,90.0
EDIN,edin9,Control_202,19.0,C3,-18.04709,14.0,90.0
EDIN,edin9,Control_202,19.0,C4,-18.39499,14.0,90.0
EDIN,edin9,Control_202,19.0,P7,-12.13641,14.0,90.0
EDIN,edin9,Control_202,19.0,P8,-12.03718,14.0,90.0
EDIN,edin9,Control_202,19.0,O1,-17.42469,14.0,90.0
EDIN,edin9,Control_202,19.0,O2,-23.27563,14.0,90.0
EDIN,edin9,Control_202,3.0,Pz,-17.79771,10.0,80.0
EDIN,edin9,Control_202,3.0,Cz,4.111008,10.0,80.0
EDIN,edin9,Control_202,3.0,CP1,-1.59908,10.0,80.0
EDIN,edin9,Control_202,3.0,CP2,6.650404,10.0,80.0
EDIN,edin9,Control_202,3.0,P3,-7.964478,10.0,80.0
EDIN,edin9,Control_202,3.0,P4,-6.676125,10.0,80.0
EDIN,edin9,Control_202,3.0,C3,-6.776182,10.0,80.0
EDIN,edin9,Control_202,3.0,C4,-20.68031,10.0,80.0
EDIN,edin9,Control_202,3.0,P7,7.915123,10.0,80.0
EDIN,edin9,Control_202,3.0,P8,4.904185,10.0,80.0
EDIN,edin9,Control_202,3.0,O1,-3.530081,10.0,80.0
EDIN,edin9,Control_202,3.0,O2,1.910939,10.0,80.0
EDIN,edin9,Violation_201,4.0,Pz,12.6953,17.0,62.0
EDIN,edin9,Violation_201,4.0,Cz,-1.057877,17.0,62.0
EDIN,edin9,Violation_201,4.0,CP1,20.7171,17.0,62.0
EDIN,edin9,Violation_201,4.0,CP2,4.464257,17.0,62.0
EDIN,edin9,Violation_201,4.0,P3,16.9128,17.0,62.0
EDIN,edin9,Violation_201,4.0,P4,11.52266,17.0,62.0
EDIN,edin9,Violation_201,4.0,C3,18.53536,17.0,62.0
EDIN,edin9,Violation_201,4.0,C4,28.77047,17.0,62.0
EDIN,edin9,Violation_201,4.0,P7,3.210492,17.0,62.0
EDIN,edin9,Violation_201,4.0,P8,5.913108,17.0,62.0
EDIN,edin9,Violation_201,4.0,O1,12.73371,17.0,62.0
EDIN,edin9,Violation_201,4.0,O2,4.479036,17.0,62.0
EDIN,edin9,Control_202,39.0,Pz,2.526019,26.0,87.0
EDIN,edin9,Control_202,39.0,Cz,-4.441333,26.0,87.0
EDIN,edin9,Control_202,39.0,CP1,-12.07639,26.0,87.0
EDIN,edin9,Control_202,39.0,CP2,-1.136646,26.0,87.0
EDIN,edin9,Control_202,39.0,P3,-8.521904,26.0,87.0
EDIN,edin9,Control_202,39.0,P4,-17.12049,26.0,87.0
EDIN,edin9,Control_202,39.0,C3,-16.15142,26.0,87.0
EDIN,edin9,Control_202,39.0,C4,-12.80454,26.0,87.0
EDIN,edin9,Control_202,39.0,P7,-5.54997,26.0,87.0
EDIN,edin9,Control_202,39.0,P8,-10.02603,26.0,87.0
EDIN,edin9,Control_202,39.0,O1,-12.66595,26.0,87.0
EDIN,edin9,Control_202,39.0,O2,-13.91658,26.0,87.0
EDIN,edin9,Violation_201,24.0,Pz,4.158198,38.0,93.0
EDIN,edin9,Violation_201,24.0,Cz,2.902478,38.0,93.0
EDIN,edin9,Violation_201,24.0,CP1,-2.08904,38.0,93.0
EDIN,edin9,Violation_201,24.0,CP2,-12.03071,38.0,93.0
EDIN,edin9,Violation_201,24.0,P3,0.2933496,38.0,93.0
EDIN,edin9,Violation_201,24.0,P4,8.528542,38.0,93.0
EDIN,edin9,Violation_201,24.0,C3,10.67066,38.0,93.0
EDIN,edin9,Violation_201,24.0,C4,0.9055629,38.0,93.0
EDIN,edin9,Violation_201,24.0,P7,12.08262,38.0,93.0
EDIN,edin9,Violation_201,24.0,P8,2.843465,38.0,93.0
EDIN,edin9,Violation_201,24.0,O1,19.5925,38.0,93.0
EDIN,edin9,Violation_201,24.0,O2,8.910478,38.0,93.0
EDIN,edin9,Violation_201,28.0,Pz,-40.39057,22.0,53.0
EDIN,edin9,Violation_201,28.0,Cz,-28.575,22.0,53.0
EDIN,edin9,Violation_201,28.0,CP1,-28.77139,22.0,53.0
EDIN,edin9,Violation_201,28.0,CP2,-31.15115,22.0,53.0
EDIN,edin9,Violation_201,28.0,P3,-26.74721,22.0,53.0
EDIN,edin9,Violation_201,28.0,P4,-28.43365,22.0,53.0
EDIN,edin9,Violation_201,28.0,C3,-35.07074,22.0,53.0
EDIN,edin9,Violation_201,28.0,C4,-26.92351,22.0,53.0
EDIN,edin9,Violation_201,28.0,P7,-36.82212,22.0,53.0
EDIN,edin9,Violation_201,28.0,P8,-23.62132,22.0,53.0
EDIN,edin9,Violation_201,28.0,O1,-29.02902,22.0,53.0
EDIN,edin9,Violation_201,28.0,O2,-15.03304,22.0,53.0
EDIN,edin9,Violation_201,32.0,Pz,2.366767,23.0,93.0
EDIN,edin9,Violation_201,32.0,Cz,-9.942486,23.0,93.0
EDIN,edin9,Violation_201,32.0,CP1,10.20927,23.0,93.0
EDIN,edin9,Violation_201,32.0,CP2,14.97355,23.0,93.0
EDIN,edin9,Violation_201,32.0,P3,1.576002,23.0,93.0
EDIN,edin9,Violation_201,32.0,P4,-3.834246,23.0,93.0
EDIN,edin9,Violation_201,32.0,C3,10.81837,23.0,93.0
EDIN,edin9,Violation_201,32.0,C4,2.40591,23.0,93.0
EDIN,edin9,Violation_201,32.0,P7,-0.3315988,23.0,93.0
EDIN,edin9,Violation_201,32.0,P8,-1.212275,23.0,93.0
EDIN,edin9,Violation_201,32.0,O1,8.315757,23.0,93.0
EDIN,edin9,Violation_201,32.0,O2,-1.158947,23.0,93.0
EDIN,edin9,Control_202,23.0,Pz,-2.810396,24.0,93.0
EDIN,edin9,Control_202,23.0,Cz,7.583131,24.0,93.0
EDIN,edin9,Control_202,23.0,CP1,-1.68105,24.0,93.0
EDIN,edin9,Control_202,23.0,CP2,-12.59343,24.0,93.0
EDIN,edin9,Control_202,23.0,P3,2.720969,24.0,93.0
EDIN,edin9,Control_202,23.0,P4,19.54363,24.0,93.0
EDIN,edin9,Control_202,23.0,C3,-4.895055,24.0,93.0
EDIN,edin9,Control_202,23.0,C4,6.472786,24.0,93.0
EDIN,edin9,Control_202,23.0,P7,4.001857,24.0,93.0
EDIN,edin9,Control_202,23.0,P8,21.9325,24.0,93.0
EDIN,edin9,Control_202,23.0,O1,14.12055,24.0,93.0
EDIN,edin9,Control_202,23.0,O2,21.70553,24.0,93.0
EDIN,edin9,Control_202,35.0,Pz,-18.22655,40.0,93.0
EDIN,edin9,Control_202,35.0,Cz,-34.3834,40.0,93.0
EDIN,edin9,Control_202,35.0,CP1,-27.7506,40.0,93.0
EDIN,edin9,Control_202,35.0,CP2,-28.6206,40.0,93.0
EDIN,edin9,Control_202,35.0,P3,-28.09722,40.0,93.0
EDIN,edin9,Control_202,35.0,P4,-20.13989,40.0,93.0
EDIN,edin9,Control_202,35.0,C3,-42.54808,40.0,93.0
EDIN,edin9,Control_202,35.0,C4,-12.38585,40.0,93.0
EDIN,edin9,Control_202,35.0,P7,-19.7086,40.0,93.0
EDIN,edin9,Control_202,35.0,P8,-14.89435,40.0,93.0
EDIN,edin9,Control_202,35.0,O1,-21.04993,40.0,93.0
EDIN,edin9,Control_202,35.0,O2,-3.640728,40.0,93.0
EDIN,edin9,Control_202,31.0,Pz,16.00848,29.0,90.0
EDIN,edin9,Control_202,31.0,Cz,5.699509,29.0,90.0
EDIN,edin9,Control_202,31.0,CP1,15.56166,29.0,90.0
EDIN,edin9,Control_202,31.0,CP2,2.521304,29.0,90.0
EDIN,edin9,Control_202,31.0,P3,21.4551,29.0,90.0
EDIN,edin9,Control_202,31.0,P4,11.31683,29.0,90.0
EDIN,edin9,Control_202,31.0,C3,4.443061,29.0,90.0
EDIN,edin9,Control_202,31.0,C4,13.56734,29.0,90.0
EDIN,edin9,Control_202,31.0,P7,17.52056,29.0,90.0
EDIN,edin9,Control_202,31.0,P8,11.67612,29.0,90.0
EDIN,edin9,Control_202,31.0,O1,10.01026,29.0,90.0
EDIN,edin9,Control_202,31.0,O2,20.60998,29.0,90.0
EDIN,edin9,Violation_201,40.0,Pz,-14.35854,21.0,77.0
EDIN,edin9,Violation_201,40.0,Cz,-9.290633,21.0,77.0
EDIN,edin9,Violation_201,40.0,CP1,-0.5916696,21.0,77.0
EDIN,edin9,Violation_201,40.0,CP2,-7.977935,21.0,77.0
EDIN,edin9,Violation_201,40.0,P3,-18.35892,21.0,77.0
EDIN,edin9,Violation_201,40.0,P4,-7.311545,21.0,77.0
EDIN,edin9,Violation_201,40.0,C3,-1.382423,21.0,77.0
EDIN,edin9,Violation_201,40.0,C4,-12.02648,21.0,77.0
EDIN,edin9,Violation_201,40.0,P7,-13.13037,21.0,77.0
EDIN,edin9,Violation_201,40.0,P8,-7.076028,21.0,77.0
EDIN,edin9,Violation_201,40.0,O1,1.135717,21.0,77.0
EDIN,edin9,Violation_201,40.0,O2,-23.7272,21.0,77.0
EDIN,edin9,Control_202,27.0,Pz,-2.69097,37.0,80.0
EDIN,edin9,Control_202,27.0,Cz,-17.93596,37.0,80.0
EDIN,edin9,Control_202,27.0,CP1,-1.981486,37.0,80.0
EDIN,edin9,Control_202,27.0,CP2,-7.706987,37.0,80.0
EDIN,edin9,Control_202,27.0,P3,5.457106,37.0,80.0
EDIN,edin9,Control_202,27.0,P4,7.644686,37.0,80.0
EDIN,edin9,Control_202,27.0,C3,-3.405532,37.0,80.0
EDIN,edin9,Control_202,27.0,C4,8.744768,37.0,80.0
EDIN,edin9,Control_202,27.0,P7,13.35105,37.0,80.0
EDIN,edin9,Control_202,27.0,P8,12.41019,37.0,80.0
EDIN,edin9,Control_202,27.0,O1,29.07424,37.0,80.0
EDIN,edin9,Control_202,27.0,O2,23.92372,37.0,80.0
EDIN,edin9,Violation_201,36.0,Pz,21.54544,27.0,97.0
EDIN,edin9,Violation_201,36.0,Cz,34.4361,27.0,97.0
EDIN,edin9,Violation_201,36.0,CP1,16.82073,27.0,97.0
EDIN,edin9,Violation_201,36.0,CP2,26.85002,27.0,97.0
EDIN,edin9,Violation_201,36.0,P3,12.74835,27.0,97.0
EDIN,edin9,Violation_201,36.0,P4,14.78897,27.0,97.0
EDIN,edin9,Violation_201,36.0,C3,30.02137,27.0,97.0
EDIN,edin9,Violation_201,36.0,C4,-1.968914,27.0,97.0
EDIN,edin9,Violation_201,36.0,P7,17.90455,27.0,97.0
EDIN,edin9,Violation_201,36.0,P8,3.626085,27.0,97.0
EDIN,edin9,Violation_201,36.0,O1,8.369904,27.0,97.0
EDIN,edin9,Violation_201,36.0,O2,3.987225,27.0,97.0
EDIN,edin9,Control_202,47.0,Pz,-4.093369,44.0,90.0
EDIN,edin9,Control_202,47.0,Cz,28.78326,44.0,90.0
EDIN,edin9,Control_202,47.0,CP1,-0.217428,44.0,90.0
EDIN,edin9,Control_202,47.0,CP2,15.39067,44.0,90.0
EDIN,edin9,Control_202,47.0,P3,4.03902,44.0,90.0
EDIN,edin9,Control_202,47.0,P4,0.5745624,44.0,90.0
EDIN,edin9,Control_202,47.0,C3,-0.3963106,44.0,90.0
EDIN,edin9,Control_202,47.0,C4,0.3993524,44.0,90.0
EDIN,edin9,Control_202,47.0,P7,-1.359459,44.0,90.0
EDIN,edin9,Control_202,47.0,P8,-5.734726,44.0,90.0
EDIN,edin9,Control_202,47.0,O1,-6.866649,44.0,90.0
EDIN,edin9,Control_202,47.0,O2,-20.25943,44.0,90.0
EDIN,edin9,Violation_201,60.0,Pz,-5.497637,51.0,90.0
EDIN,edin9,Violation_201,60.0,Cz,-16.63781,51.0,90.0
EDIN,edin9,Violation_201,60.0,CP1,-2.482102,51.0,90.0
EDIN,edin9,Violation_201,60.0,CP2,-17.80071,51.0,90.0
EDIN,edin9,Violation_201,60.0,P3,-4.584639,51.0,90.0
EDIN,edin9,Violation_201,60.0,P4,2.481492,51.0,90.0
EDIN,edin9,Violation_201,60.0,C3,-10.93832,51.0,90.0
EDIN,edin9,Violation_201,60.0,C4,-3.943141,51.0,90.0
EDIN,edin9,Violation_201,60.0,P7,-4.362473,51.0,90.0
EDIN,edin9,Violation_201,60.0,P8,3.700425,51.0,90.0
EDIN,edin9,Violation_201,60.0,O1,6.924889,51.0,90.0
EDIN,edin9,Violation_201,60.0,O2,-8.032432,51.0,90.0
EDIN,edin9,Control_202,44.0,Pz,-11.0914,60.0,90.0
EDIN,edin9,Control_202,44.0,Cz,-7.268236,60.0,90.0
EDIN,edin9,Control_202,44.0,CP1,0.7491362,60.0,90.0
EDIN,edin9,Control_202,44.0,CP2,1.781097,60.0,90.0
EDIN,edin9,Control_202,44.0,P3,-10.7279,60.0,90.0
EDIN,edin9,Control_202,44.0,P4,0.6929005,60.0,90.0
EDIN,edin9,Control_202,44.0,C3,-11.30971,60.0,90.0
EDIN,edin9,Control_202,44.0,C4,-4.72897,60.0,90.0
EDIN,edin9,Control_202,44.0,P7,0.5312731,60.0,90.0
EDIN,edin9,Control_202,44.0,P8,-3.713959,60.0,90.0
EDIN,edin9,Control_202,44.0,O1,11.34649,60.0,90.0
EDIN,edin9,Control_202,44.0,O2,-2.741325,60.0,90.0
EDIN,edin9,Control_202,55.0,Pz,-9.707952,48.0,87.0
EDIN,edin9,Control_202,55.0,Cz,-22.60155,48.0,87.0
EDIN,edin9,Control_202,55.0,CP1,-15.94455,48.0,87.0
EDIN,edin9,Control_202,55.0,CP2,-30.94124,48.0,87.0
EDIN,edin9,Control_202,55.0,P3,-6.582952,48.0,87.0
EDIN,edin9,Control_202,55.0,P4,-4.01515,48.0,87.0
EDIN,edin9,Control_202,55.0,C3,-25.33934,48.0,87.0
EDIN,edin9,Control_202,55.0,C4,-14.00883,48.0,87.0
EDIN,edin9,Control_202,55.0,P7,2.030703,48.0,87.0
EDIN,edin9,Control_202,55.0,P8,-10.22172,48.0,87.0
EDIN,edin9,Control_202,55.0,O1,16.4559,48.0,87.0
EDIN,edin9,Control_202,55.0,O2,10.81142,48.0,87.0
EDIN,edin9,Violation_201,56.0,Pz,-21.10239,54.0,77.0
EDIN,edin9,Violation_201,56.0,Cz,-22.96571,54.0,77.0
EDIN,edin9,Violation_201,56.0,CP1,-17.08569,54.0,77.0
EDIN,edin9,Violation_201,56.0,CP2,-17.34078,54.0,77.0
EDIN,edin9,Violation_201,56.0,P3,-6.104356,54.0,77.0
EDIN,edin9,Violation_201,56.0,P4,-5.834531,54.0,77.0
EDIN,edin9,Violation_201,56.0,C3,-24.06487,54.0,77.0
EDIN,edin9,Violation_201,56.0,C4,10.17252,54.0,77.0
EDIN,edin9,Violation_201,56.0,P7,2.526956,54.0,77.0
EDIN,edin9,Violation_201,56.0,P8,-6.080208,54.0,77.0
EDIN,edin9,Violation_201,56.0,O1,4.562284,54.0,77.0
EDIN,edin9,Violation_201,56.0,O2,4.553185,54.0,77.0
EDIN,edin9,Violation_201,48.0,Pz,1.51724,58.0,73.0
EDIN,edin9,Violation_201,48.0,Cz,0.1366802,58.0,73.0
EDIN,edin9,Violation_201,48.0,CP1,2.663395,58.0,73.0
EDIN,edin9,Violation_201,48.0,CP2,12.04542,58.0,73.0
EDIN,edin9,Violation_201,48.0,P3,1.192071,58.0,73.0
EDIN,edin9,Violation_201,48.0,P4,7.920211,58.0,73.0
EDIN,edin9,Violation_201,48.0,C3,5.750988,58.0,73.0
EDIN,edin9,Violation_201,48.0,C4,24.77625,58.0,73.0
EDIN,edin9,Violation_201,48.0,P7,2.195918,58.0,73.0
EDIN,edin9,Violation_201,48.0,P8,1.320328,58.0,73.0
EDIN,edin9,Violation_201,48.0,O1,-13.96861,58.0,73.0
EDIN,edin9,Violation_201,48.0,O2,-1.87149,58.0,73.0
EDIN,edin9,Violation_201,52.0,Pz,5.600044,49.0,40.0
EDIN,edin9,Violation_201,52.0,Cz,-4.466746,49.0,40.0
EDIN,edin9,Violation_201,52.0,CP1,13.50297,49.0,40.0
EDIN,edin9,Violation_201,52.0,CP2,-13.70169,49.0,40.0
EDIN,edin9,Violation_201,52.0,P3,0.1986221,49.0,40.0
EDIN,edin9,Violation_201,52.0,P4,2.647603,49.0,40.0
EDIN,edin9,Violation_201,52.0,C3,4.626516,49.0,40.0
EDIN,edin9,Violation_201,52.0,C4,4.03957,49.0,40.0
EDIN,edin9,Violation_201,52.0,P7,9.363068,49.0,40.0
EDIN,edin9,Violation_201,52.0,P8,-8.070688,49.0,40.0
EDIN,edin9,Violation_201,52.0,O1,21.63138,49.0,40.0
EDIN,edin9,Violation_201,52.0,O2,-0.6579447,49.0,40.0
EDIN,edin9,Violation_201,43.0,Pz,-3.157978,57.0,69.0
EDIN,edin9,Violation_201,43.0,Cz,-2.370299,57.0,69.0
EDIN,edin9,Violation_201,43.0,CP1,7.79481,57.0,69.0
EDIN,edin9,Violation_201,43.0,CP2,-1.677569,57.0,69.0
EDIN,edin9,Violation_201,43.0,P3,-1.884004,57.0,69.0
EDIN,edin9,Violation_201,43.0,P4,-8.982594,57.0,69.0
EDIN,edin9,Violation_201,43.0,C3,11.72814,57.0,69.0
EDIN,edin9,Violation_201,43.0,C4,-11.15575,57.0,69.0
EDIN,edin9,Violation_201,43.0,P7,8.539001,57.0,69.0
EDIN,edin9,Violation_201,43.0,P8,-19.4706,57.0,69.0
EDIN,edin9,Violation_201,43.0,O1,15.61903,57.0,69.0
EDIN,edin9,Violation_201,43.0,O2,-10.64011,57.0,69.0
EDIN,edin9,Control_202,59.0,Pz,23.31072,59.0,73.0
EDIN,edin9,Control_202,59.0,Cz,14.95807,59.0,73.0
EDIN,edin9,Control_202,59.0,CP1,24.32964,59.0,73.0
EDIN,edin9,Control_202,59.0,CP2,27.55046,59.0,73.0
EDIN,edin9,Control_202,59.0,P3,10.6098,59.0,73.0
EDIN,edin9,Control_202,59.0,P4,16.30135,59.0,73.0
EDIN,edin9,Control_202,59.0,C3,17.31587,59.0,73.0
EDIN,edin9,Control_202,59.0,C4,7.143023,59.0,73.0
EDIN,edin9,Control_202,59.0,P7,1.331753,59.0,73.0
EDIN,edin9,Control_202,59.0,P8,10.60589,59.0,73.0
EDIN,edin9,Control_202,59.0,O1,28.85344,59.0,73.0
EDIN,edin9,Control_202,59.0,O2,26.58808,59.0,73.0
EDIN,edin9,Control_202,51.0,Pz,23.41013,55.0,93.0
EDIN,edin9,Control_202,51.0,Cz,37.23456,55.0,93.0
EDIN,edin9,Control_202,51.0,CP1,24.94732,55.0,93.0
EDIN,edin9,Control_202,51.0,CP2,51.78315,55.0,93.0
EDIN,edin9,Control_202,51.0,P3,16.2438,55.0,93.0
EDIN,edin9,Control_202,51.0,P4,16.38844,55.0,93.0
EDIN,edin9,Control_202,51.0,C3,14.18339,55.0,93.0
EDIN,edin9,Control_202,51.0,C4,5.608312,55.0,93.0
EDIN,edin9,Control_202,51.0,P7,13.13008,55.0,93.0
EDIN,edin9,Control_202,51.0,P8,16.16027,55.0,93.0
EDIN,edin9,Control_202,51.0,O1,14.3199,55.0,93.0
EDIN,edin9,Control_202,51.0,O2,19.08559,55.0,93.0
EDIN,edin9,Violation_201,72.0,Pz,-1.804364,76.0,90.0
EDIN,edin9,Violation_201,72.0,Cz,11.98768,76.0,90.0
EDIN,edin9,Violation_201,72.0,CP1,0.08138759,76.0,90.0
EDIN,edin9,Violation_201,72.0,CP2,26.62135,76.0,90.0
EDIN,edin9,Violation_201,72.0,P3,2.169603,76.0,90.0
EDIN,edin9,Violation_201,72.0,P4,-3.321388,76.0,90.0
EDIN,edin9,Violation_201,72.0,C3,17.86528,76.0,90.0
EDIN,edin9,Violation_201,72.0,C4,-4.384538,76.0,90.0
EDIN,edin9,Violation_201,72.0,P7,6.594986,76.0,90.0
EDIN,edin9,Violation_201,72.0,P8,-7.06434,76.0,90.0
EDIN,edin9,Violation_201,72.0,O1,14.46739,76.0,90.0
EDIN,edin9,Violation_201,72.0,O2,-4.089179,76.0,90.0
EDIN,edin9,Control_202,63.0,Pz,5.741932,72.0,90.0
EDIN,edin9,Control_202,63.0,Cz,23.31886,72.0,90.0
EDIN,edin9,Control_202,63.0,CP1,5.617401,72.0,90.0
EDIN,edin9,Control_202,63.0,CP2,21.4527,72.0,90.0
EDIN,edin9,Control_202,63.0,P3,5.824973,72.0,90.0
EDIN,edin9,Control_202,63.0,P4,-5.092423,72.0,90.0
EDIN,edin9,Control_202,63.0,C3,-12.77836,72.0,90.0
EDIN,edin9,Control_202,63.0,C4,-17.12474,72.0,90.0
EDIN,edin9,Control_202,63.0,P7,-4.990222,72.0,90.0
EDIN,edin9,Control_202,63.0,P8,7.342858,72.0,90.0
EDIN,edin9,Control_202,63.0,O1,-12.52835,72.0,90.0
EDIN,edin9,Control_202,63.0,O2,-14.448,72.0,90.0
EDIN,edin9,Violation_201,64.0,Pz,-0.2450897,63.0,83.0
EDIN,edin9,Violation_201,64.0,Cz,-6.572684,63.0,83.0
EDIN,edin9,Violation_201,64.0,CP1,-9.566543,63.0,83.0
EDIN,edin9,Violation_201,64.0,CP2,-22.23834,63.0,83.0
EDIN,edin9,Violation_201,64.0,P3,-1.450543,63.0,83.0
EDIN,edin9,Violation_201,64.0,P4,-2.444203,63.0,83.0
EDIN,edin9,Violation_201,64.0,C3,-19.68877,63.0,83.0
EDIN,edin9,Violation_201,64.0,C4,-10.18431,63.0,83.0
EDIN,edin9,Violation_201,64.0,P7,-4.529398,63.0,83.0
EDIN,edin9,Violation_201,64.0,P8,-9.690016,63.0,83.0
EDIN,edin9,Violation_201,64.0,O1,13.46801,63.0,83.0
EDIN,edin9,Violation_201,64.0,O2,6.071717,63.0,83.0
EDIN,edin9,Violation_201,76.0,Pz,15.40364,75.0,60.0
EDIN,edin9,Violation_201,76.0,Cz,9.522902,75.0,60.0
EDIN,edin9,Violation_201,76.0,CP1,14.0973,75.0,60.0
EDIN,edin9,Violation_201,76.0,CP2,30.21593,75.0,60.0
EDIN,edin9,Violation_201,76.0,P3,25.18633,75.0,60.0
EDIN,edin9,Violation_201,76.0,P4,11.02633,75.0,60.0
EDIN,edin9,Violation_201,76.0,C3,16.87597,75.0,60.0
EDIN,edin9,Violation_201,76.0,C4,7.328738,75.0,60.0
EDIN,edin9,Violation_201,76.0,P7,16.39437,75.0,60.0
EDIN,edin9,Violation_201,76.0,P8,26.4189,75.0,60.0
EDIN,edin9,Violation_201,76.0,O1,11.92708,75.0,60.0
EDIN,edin9,Violation_201,76.0,O2,33.36157,75.0,60.0
EDIN,edin9,Violation_201,68.0,Pz,-1.247358,62.0,70.0
EDIN,edin9,Violation_201,68.0,Cz,-1.954183,62.0,70.0
EDIN,edin9,Violation_201,68.0,CP1,-1.761379,62.0,70.0
EDIN,edin9,Violation_201,68.0,CP2,-0.00830434,62.0,70.0
EDIN,edin9,Violation_201,68.0,P3,0.3947119,62.0,70.0
EDIN,edin9,Violation_201,68.0,P4,2.342763,62.0,70.0
EDIN,edin9,Violation_201,68.0,C3,-16.01328,62.0,70.0
EDIN,edin9,Violation_201,68.0,C4,-3.26483,62.0,70.0
EDIN,edin9,Violation_201,68.0,P7,0.5861618,62.0,70.0
EDIN,edin9,Violation_201,68.0,P8,-11.99982,62.0,70.0
EDIN,edin9,Violation_201,68.0,O1,14.45533,62.0,70.0
EDIN,edin9,Violation_201,68.0,O2,3.152643,62.0,70.0
EDIN,edin9,Control_202,67.0,Pz,-32.73852,64.0,50.0
EDIN,edin9,Control_202,67.0,Cz,-34.54798,64.0,50.0
EDIN,edin9,Control_202,67.0,CP1,-32.92904,64.0,50.0
EDIN,edin9,Control_202,67.0,CP2,-27.03676,64.0,50.0
EDIN,edin9,Control_202,67.0,P3,-29.31378,64.0,50.0
EDIN,edin9,Control_202,67.0,P4,-20.9595,64.0,50.0
EDIN,edin9,Control_202,67.0,C3,-33.93081,64.0,50.0
EDIN,edin9,Control_202,67.0,C4,-31.39408,64.0,50.0
EDIN,edin9,Control_202,67.0,P7,-38.69684,64.0,50.0
EDIN,edin9,Control_202,67.0,P8,-23.76612,64.0,50.0
EDIN,edin9,Control_202,67.0,O1,-37.56317,64.0,50.0
EDIN,edin9,Control_202,67.0,O2,-34.56114,64.0,50.0
EDIN,edin9,Control_202,75.0,Pz,0.4533594,67.0,87.0
EDIN,edin9,Control_202,75.0,Cz,-10.22409,67.0,87.0
EDIN,edin9,Control_202,75.0,CP1,-0.4848377,67.0,87.0
EDIN,edin9,Control_202,75.0,CP2,-18.26992,67.0,87.0
EDIN,edin9,Control_202,75.0,P3,-3.806432,67.0,87.0
EDIN,edin9,Control_202,75.0,P4,-6.60702,67.0,87.0
EDIN,edin9,Control_202,75.0,C3,-11.79643,67.0,87.0
EDIN,edin9,Control_202,75.0,C4,1.465867,67.0,87.0
EDIN,edin9,Control_202,75.0,P7,-3.26513,67.0,87.0
EDIN,edin9,Control_202,75.0,P8,3.497135,67.0,87.0
EDIN,edin9,Control_202,75.0,O1,24.8703,67.0,87.0
EDIN,edin9,Control_202,75.0,O2,16.85197,67.0,87.0
EDIN,edin9,Control_202,71.0,Pz,12.39801,70.0,57.0
EDIN,edin9,Control_202,71.0,Cz,8.607637,70.0,57.0
EDIN,edin9,Control_202,71.0,CP1,14.91217,70.0,57.0
EDIN,edin9,Control_202,71.0,CP2,-0.7171855,70.0,57.0
EDIN,edin9,Control_202,71.0,P3,12.53339,70.0,57.0
EDIN,edin9,Control_202,71.0,P4,6.814761,70.0,57.0
EDIN,edin9,Control_202,71.0,C3,10.72205,70.0,57.0
EDIN,edin9,Control_202,71.0,C4,23.81559,70.0,57.0
EDIN,edin9,Control_202,71.0,P7,4.422168,70.0,57.0
EDIN,edin9,Control_202,71.0,P8,4.150558,70.0,57.0
EDIN,edin9,Control_202,71.0,O1,-7.12709,70.0,57.0
EDIN,edin9,Control_202,71.0,O2,-3.819182,70.0,57.0
EDIN,edin9,Violation_201,80.0,Pz,2.610281,79.0,97.0
EDIN,edin9,Violation_201,80.0,Cz,-2.7536,79.0,97.0
EDIN,edin9,Violation_201,80.0,CP1,2.10691,79.0,97.0
EDIN,edin9,Violation_201,80.0,CP2,-9.175299,79.0,97.0
EDIN,edin9,Violation_201,80.0,P3,10.4214,79.0,97.0
EDIN,edin9,Violation_201,80.0,P4,8.090034,79.0,97.0
EDIN,edin9,Violation_201,80.0,C3,5.781661,79.0,97.0
EDIN,edin9,Violation_201,80.0,C4,9.919231,79.0,97.0
EDIN,edin9,Violation_201,80.0,P7,2.317058,79.0,97.0
EDIN,edin9,Violation_201,80.0,P8,8.670811,79.0,97.0
EDIN,edin9,Violation_201,80.0,O1,-0.9023305,79.0,97.0
EDIN,edin9,Violation_201,80.0,O2,-12.93271,79.0,97.0
EDIN,edin9,Control_202,79.0,Pz,-5.107986,80.0,97.0
EDIN,edin9,Control_202,79.0,Cz,-14.64641,80.0,97.0
EDIN,edin9,Control_202,79.0,CP1,-9.014457,80.0,97.0
EDIN,edin9,Control_202,79.0,CP2,-16.09456,80.0,97.0
EDIN,edin9,Control_202,79.0,P3,-7.71688,80.0,97.0
EDIN,edin9,Control_202,79.0,P4,3.036502,80.0,97.0
EDIN,edin9,Control_202,79.0,C3,-8.971025,80.0,97.0
EDIN,edin9,Control_202,79.0,C4,1.690608,80.0,97.0
EDIN,edin9,Control_202,79.0,P7,-2.851802,80.0,97.0
EDIN,edin9,Control_202,79.0,P8,-13.66662,80.0,97.0
EDIN,edin9,Control_202,79.0,O1,-19.76054,80.0,97.0
EDIN,edin9,Control_202,79.0,O2,-21.00532,80.0,97.0
