Lab,Subject,Condition,Trial,Electrode,Mean_Amplitude_uV,Item Number,Norming
LOND,lond002,Violation_201,18.0,Pz,6.236253,17.0,62
LOND,lond002,Violation_201,18.0,Cz,1.429034,17.0,62
LOND,lond002,Violation_201,18.0,CP1,0.9993645,17.0,62
LOND,lond002,Violation_201,18.0,CP2,-10.30115,17.0,62
LOND,lond002,Violation_201,18.0,P3,5.733611,17.0,62
LOND,lond002,Violation_201,18.0,P4,9.866917,17.0,62
LOND,lond002,Violation_201,18.0,C3,4.330705,17.0,62
LOND,lond002,Violation_201,18.0,C4,6.860706,17.0,62
LOND,lond002,Violation_201,18.0,P7,10.3657,17.0,62
LOND,lond002,Violation_201,18.0,P8,15.41248,17.0,62
LOND,lond002,Violation_201,18.0,O1,11.16462,17.0,62
LOND,lond002,Violation_201,18.0,O2,15.75037,17.0,62
LOND,lond002,Control_202,13.0,Pz,-0.04590472,14.0,90
LOND,lond002,Control_202,13.0,Cz,-7.063917,14.0,90
LOND,lond002,Control_202,13.0,CP1,-20.24764,14.0,90
LOND,lond002,Control_202,13.0,CP2,-25.91599,14.0,90
LOND,lond002,Control_202,13.0,P3,-3.882504,14.0,90
LOND,lond002,Control_202,13.0,P4,12.93765,14.0,90
LOND,lond002,Control_202,13.0,C3,-4.270115,14.0,90
LOND,lond002,Control_202,13.0,C4,-1.513784,14.0,90
LOND,lond002,Control_202,13.0,P7,-1.8264,14.0,90
LOND,lond002,Control_202,13.0,P8,7.155135,14.0,90
LOND,lond002,Control_202,13.0,O1,-2.164577,14.0,90
LOND,lond002,Control_202,13.0,O2,-2.153365,14.0,90
LOND,lond002,Violation_201,10.0,Pz,-1.462371,1.0,97
LOND,lond002,Violation_201,10.0,Cz,-5.956205,1.0,97
LOND,lond002,Violation_201,10.0,CP1,-11.06374,1.0,97
LOND,lond002,Violation_201,10.0,CP2,-11.03268,1.0,97
LOND,lond002,Violation_201,10.0,P3,2.716126,1.0,97
LOND,lond002,Violation_201,10.0,P4,-1.646873,1.0,97
LOND,lond002,Violation_201,10.0,C3,2.704875,1.0,97
LOND,lond002,Violation_201,10.0,C4,7.292416,1.0,97
LOND,lond002,Violation_201,10.0,P7,0.1456154,1.0,97
LOND,lond002,Violation_201,10.0,P8,5.271989,1.0,97
LOND,lond002,Violation_201,10.0,O1,3.879898,1.0,97
LOND,lond002,Violation_201,10.0,O2,7.476604,1.0,97
LOND,lond002,Control_202,1.0,Pz,-9.682676,3.0,100
LOND,lond002,Control_202,1.0,Cz,-11.46366,3.0,100
LOND,lond002,Control_202,1.0,CP1,-20.84056,3.0,100
LOND,lond002,Control_202,1.0,CP2,-19.4614,3.0,100
LOND,lond002,Control_202,1.0,P3,-13.48996,3.0,100
LOND,lond002,Control_202,1.0,P4,-12.54653,3.0,100
LOND,lond002,Control_202,1.0,C3,-13.14901,3.0,100
LOND,lond002,Control_202,1.0,C4,-5.41975,3.0,100
LOND,lond002,Control_202,1.0,P7,-20.99593,3.0,100
LOND,lond002,Control_202,1.0,P8,-15.67537,3.0,100
LOND,lond002,Control_202,1.0,O1,-12.00979,3.0,100
LOND,lond002,Control_202,1.0,O2,-21.33602,3.0,100
LOND,lond002,Control_202,9.0,Pz,4.702374,10.0,80
LOND,lond002,Control_202,9.0,Cz,7.781613,10.0,80
LOND,lond002,Control_202,9.0,CP1,16.05022,10.0,80
LOND,lond002,Control_202,9.0,CP2,-20.77041,10.0,80
LOND,lond002,Control_202,9.0,P3,1.663649,10.0,80
LOND,lond002,Control_202,9.0,P4,-16.42051,10.0,80
LOND,lond002,Control_202,9.0,C3,-5.760699,10.0,80
LOND,lond002,Control_202,9.0,C4,3.794555,10.0,80
LOND,lond002,Control_202,9.0,P7,0.9820465,10.0,80
LOND,lond002,Control_202,9.0,P8,5.129013,10.0,80
LOND,lond002,Control_202,9.0,O1,5.288589,10.0,80
LOND,lond002,Control_202,9.0,O2,12.44066,10.0,80
LOND,lond002,Violation_201,2.0,Pz,-20.29512,8.0,97
LOND,lond002,Violation_201,2.0,Cz,-20.6528,8.0,97
LOND,lond002,Violation_201,2.0,CP1,-23.64545,8.0,97
LOND,lond002,Violation_201,2.0,CP2,-23.30066,8.0,97
LOND,lond002,Violation_201,2.0,P3,-15.11552,8.0,97
LOND,lond002,Violation_201,2.0,P4,-12.49724,8.0,97
LOND,lond002,Violation_201,2.0,C3,-1.58914,8.0,97
LOND,lond002,Violation_201,2.0,C4,-12.0463,8.0,97
LOND,lond002,Violation_201,2.0,P7,-11.46735,8.0,97
LOND,lond002,Violation_201,2.0,P8,-16.0811,8.0,97
LOND,lond002,Violation_201,2.0,O1,-16.70749,8.0,97
LOND,lond002,Violation_201,2.0,O2,-18.13194,8.0,97
LOND,lond002,Violation_201,14.0,Pz,-17.54762,19.0,100
LOND,lond002,Violation_201,14.0,Cz,0.2775887,19.0,100
LOND,lond002,Violation_201,14.0,CP1,1.645016,19.0,100
LOND,lond002,Violation_201,14.0,CP2,22.26038,19.0,100
LOND,lond002,Violation_201,14.0,P3,-11.12384,19.0,100
LOND,lond002,Violation_201,14.0,P4,-36.14383,19.0,100
LOND,lond002,Violation_201,14.0,C3,-6.590656,19.0,100
LOND,lond002,Violation_201,14.0,C4,-12.27394,19.0,100
LOND,lond002,Violation_201,14.0,P7,-3.076376,19.0,100
LOND,lond002,Violation_201,14.0,P8,-12.93725,19.0,100
LOND,lond002,Violation_201,14.0,O1,-10.05584,19.0,100
LOND,lond002,Violation_201,14.0,O2,-9.948893,19.0,100
LOND,lond002,Control_202,17.0,Pz,-6.571432,16.0,93
LOND,lond002,Control_202,17.0,Cz,-16.88162,16.0,93
LOND,lond002,Control_202,17.0,CP1,-20.15111,16.0,93
LOND,lond002,Control_202,17.0,CP2,-21.36683,16.0,93
LOND,lond002,Control_202,17.0,P3,-6.424867,16.0,93
LOND,lond002,Control_202,17.0,P4,-12.44828,16.0,93
LOND,lond002,Control_202,17.0,C3,-8.756551,16.0,93
LOND,lond002,Control_202,17.0,C4,-9.702793,16.0,93
LOND,lond002,Control_202,17.0,P7,-9.815476,16.0,93
LOND,lond002,Control_202,17.0,P8,-1.087351,16.0,93
LOND,lond002,Control_202,17.0,O1,-8.524607,16.0,93
LOND,lond002,Control_202,17.0,O2,-5.711259,16.0,93
LOND,lond002,Control_202,5.0,Pz,-5.79467,18.0,87
LOND,lond002,Control_202,5.0,Cz,-2.672335,18.0,87
LOND,lond002,Control_202,5.0,CP1,8.848348,18.0,87
LOND,lond002,Control_202,5.0,CP2,-10.83029,18.0,87
LOND,lond002,Control_202,5.0,P3,-7.190246,18.0,87
LOND,lond002,Control_202,5.0,P4,-25.9445,18.0,87
LOND,lond002,Control_202,5.0,C3,-5.66561,18.0,87
LOND,lond002,Control_202,5.0,C4,-4.551719,18.0,87
LOND,lond002,Control_202,5.0,P7,-7.291735,18.0,87
LOND,lond002,Control_202,5.0,P8,2.113432,18.0,87
LOND,lond002,Control_202,5.0,O1,-5.279236,18.0,87
LOND,lond002,Control_202,5.0,O2,-15.62349,18.0,87
LOND,lond002,Violation_201,26.0,Pz,-2.713838,40.0,93
LOND,lond002,Violation_201,26.0,Cz,-9.117492,40.0,93
LOND,lond002,Violation_201,26.0,CP1,-12.13419,40.0,93
LOND,lond002,Violation_201,26.0,CP2,15.88186,40.0,93
LOND,lond002,Violation_201,26.0,P3,-4.76445,40.0,93
LOND,lond002,Violation_201,26.0,P4,-17.82079,40.0,93
LOND,lond002,Violation_201,26.0,C3,-4.409925,40.0,93
LOND,lond002,Violation_201,26.0,C4,0.3255704,40.0,93
LOND,lond002,Violation_201,26.0,P7,4.769384,40.0,93
LOND,lond002,Violation_201,26.0,P8,5.218646,40.0,93
LOND,lond002,Violation_201,26.0,O1,-4.764575,40.0,93
LOND,lond002,Violation_201,26.0,O2,-1.250875,40.0,93
LOND,lond002,Control_202,25.0,Pz,-1.340004,24.0,93
LOND,lond002,Control_202,25.0,Cz,-12.18745,24.0,93
LOND,lond002,Control_202,25.0,CP1,-16.87132,24.0,93
LOND,lond002,Control_202,25.0,CP2,-33.57025,24.0,93
LOND,lond002,Control_202,25.0,P3,9.007586,24.0,93
LOND,lond002,Control_202,25.0,P4,6.024262,24.0,93
LOND,lond002,Control_202,25.0,C3,4.164494,24.0,93
LOND,lond002,Control_202,25.0,C4,-12.06169,24.0,93
LOND,lond002,Control_202,25.0,P7,3.15482,24.0,93
LOND,lond002,Control_202,25.0,P8,-9.694547,24.0,93
LOND,lond002,Control_202,25.0,O1,-0.3077156,24.0,93
LOND,lond002,Control_202,25.0,O2,-14.54383,24.0,93
LOND,lond002,Violation_201,38.0,Pz,-2.062812,22.0,53
LOND,lond002,Violation_201,38.0,Cz,-10.23604,22.0,53
LOND,lond002,Violation_201,38.0,CP1,-19.18611,22.0,53
LOND,lond002,Violation_201,38.0,CP2,-15.30126,22.0,53
LOND,lond002,Violation_201,38.0,P3,-11.51734,22.0,53
LOND,lond002,Violation_201,38.0,P4,-18.95605,22.0,53
LOND,lond002,Violation_201,38.0,C3,-5.067051,22.0,53
LOND,lond002,Violation_201,38.0,C4,5.058614,22.0,53
LOND,lond002,Violation_201,38.0,P7,5.567283,22.0,53
LOND,lond002,Violation_201,38.0,P8,-7.616013,22.0,53
LOND,lond002,Violation_201,38.0,O1,-6.686375,22.0,53
LOND,lond002,Violation_201,38.0,O2,-10.85369,22.0,53
LOND,lond002,Control_202,33.0,Pz,-13.05357,34.0,97
LOND,lond002,Control_202,33.0,Cz,-14.64298,34.0,97
LOND,lond002,Control_202,33.0,CP1,-19.94915,34.0,97
LOND,lond002,Control_202,33.0,CP2,-10.27918,34.0,97
LOND,lond002,Control_202,33.0,P3,-5.23752,34.0,97
LOND,lond002,Control_202,33.0,P4,1.556824,34.0,97
LOND,lond002,Control_202,33.0,C3,-6.32046,34.0,97
LOND,lond002,Control_202,33.0,C4,-7.396554,34.0,97
LOND,lond002,Control_202,33.0,P7,-19.05137,34.0,97
LOND,lond002,Control_202,33.0,P8,0.6617659,34.0,97
LOND,lond002,Control_202,33.0,O1,-6.549439,34.0,97
LOND,lond002,Control_202,33.0,O2,-6.785183,34.0,97
LOND,lond002,Control_202,37.0,Pz,6.329077,29.0,90
LOND,lond002,Control_202,37.0,Cz,-11.51115,29.0,90
LOND,lond002,Control_202,37.0,CP1,-13.69624,29.0,90
LOND,lond002,Control_202,37.0,CP2,-5.208864,29.0,90
LOND,lond002,Control_202,37.0,P3,11.43223,29.0,90
LOND,lond002,Control_202,37.0,P4,-4.404994,29.0,90
LOND,lond002,Control_202,37.0,C3,-17.84855,29.0,90
LOND,lond002,Control_202,37.0,C4,4.076386,29.0,90
LOND,lond002,Control_202,37.0,P7,10.84625,29.0,90
LOND,lond002,Control_202,37.0,P8,8.332159,29.0,90
LOND,lond002,Control_202,37.0,O1,16.68251,29.0,90
LOND,lond002,Control_202,37.0,O2,14.19656,29.0,90
LOND,lond002,Violation_201,34.0,Pz,-6.789828,39.0,97
LOND,lond002,Violation_201,34.0,Cz,-11.32864,39.0,97
LOND,lond002,Violation_201,34.0,CP1,-2.811378,39.0,97
LOND,lond002,Violation_201,34.0,CP2,-0.9683784,39.0,97
LOND,lond002,Violation_201,34.0,P3,-6.539654,39.0,97
LOND,lond002,Violation_201,34.0,P4,3.130523,39.0,97
LOND,lond002,Violation_201,34.0,C3,-8.996858,39.0,97
LOND,lond002,Violation_201,34.0,C4,5.735773,39.0,97
LOND,lond002,Violation_201,34.0,P7,-11.85792,39.0,97
LOND,lond002,Violation_201,34.0,P8,13.80406,39.0,97
LOND,lond002,Violation_201,34.0,O1,-4.44268,39.0,97
LOND,lond002,Violation_201,34.0,O2,2.285678,39.0,97
LOND,lond002,Control_202,21.0,Pz,2.106633,31.0,77
LOND,lond002,Control_202,21.0,Cz,15.11623,31.0,77
LOND,lond002,Control_202,21.0,CP1,8.754908,31.0,77
LOND,lond002,Control_202,21.0,CP2,11.08488,31.0,77
LOND,lond002,Control_202,21.0,P3,-5.016872,31.0,77
LOND,lond002,Control_202,21.0,P4,12.89415,31.0,77
LOND,lond002,Control_202,21.0,C3,-6.597541,31.0,77
LOND,lond002,Control_202,21.0,C4,11.90172,31.0,77
LOND,lond002,Control_202,21.0,P7,-12.50111,31.0,77
LOND,lond002,Control_202,21.0,P8,5.313591,31.0,77
LOND,lond002,Control_202,21.0,O1,-5.320732,31.0,77
LOND,lond002,Control_202,21.0,O2,0.9762832,31.0,77
LOND,lond002,Violation_201,30.0,Pz,-28.53265,33.0,53
LOND,lond002,Violation_201,30.0,Cz,-18.89168,33.0,53
LOND,lond002,Violation_201,30.0,CP1,-26.47544,33.0,53
LOND,lond002,Violation_201,30.0,CP2,19.5946,33.0,53
LOND,lond002,Violation_201,30.0,P3,-17.72045,33.0,53
LOND,lond002,Violation_201,30.0,P4,-12.01858,33.0,53
LOND,lond002,Violation_201,30.0,C3,-18.12488,33.0,53
LOND,lond002,Violation_201,30.0,C4,-9.115148,33.0,53
LOND,lond002,Violation_201,30.0,P7,-14.96278,33.0,53
LOND,lond002,Violation_201,30.0,P8,-11.17621,33.0,53
LOND,lond002,Violation_201,30.0,O1,-20.14873,33.0,53
LOND,lond002,Violation_201,30.0,O2,-24.81498,33.0,53
LOND,lond002,Violation_201,29.0,Pz,-8.573061,38.0,93
LOND,lond002,Violation_201,29.0,Cz,-4.969923,38.0,93
LOND,lond002,Violation_201,29.0,CP1,2.028035,38.0,93
LOND,lond002,Violation_201,29.0,CP2,-42.22403,38.0,93
LOND,lond002,Violation_201,29.0,P3,-6.439125,38.0,93
LOND,lond002,Violation_201,29.0,P4,-11.50439,38.0,93
LOND,lond002,Violation_201,29.0,C3,0.008724693,38.0,93
LOND,lond002,Violation_201,29.0,C4,-9.174861,38.0,93
LOND,lond002,Violation_201,29.0,P7,-3.376501,38.0,93
LOND,lond002,Violation_201,29.0,P8,1.705284,38.0,93
LOND,lond002,Violation_201,29.0,O1,-0.1074546,38.0,93
LOND,lond002,Violation_201,29.0,O2,0.1823317,38.0,93
LOND,lond002,Violation_201,22.0,Pz,7.166363,26.0,87
LOND,lond002,Violation_201,22.0,Cz,2.969206,26.0,87
LOND,lond002,Violation_201,22.0,CP1,1.450762,26.0,87
LOND,lond002,Violation_201,22.0,CP2,-14.06608,26.0,87
LOND,lond002,Violation_201,22.0,P3,2.467135,26.0,87
LOND,lond002,Violation_201,22.0,P4,9.536735,26.0,87
LOND,lond002,Violation_201,22.0,C3,-2.739836,26.0,87
LOND,lond002,Violation_201,22.0,C4,8.536354,26.0,87
LOND,lond002,Violation_201,22.0,P7,2.337074,26.0,87
LOND,lond002,Violation_201,22.0,P8,0.2672517,26.0,87
LOND,lond002,Violation_201,22.0,O1,-3.122062,26.0,87
LOND,lond002,Violation_201,22.0,O2,3.409839,26.0,87
LOND,lond002,Control_202,49.0,Pz,26.82511,43.0,93
LOND,lond002,Control_202,49.0,Cz,41.77169,43.0,93
LOND,lond002,Control_202,49.0,CP1,42.44284,43.0,93
LOND,lond002,Control_202,49.0,CP2,2.059862,43.0,93
LOND,lond002,Control_202,49.0,P3,21.59138,43.0,93
LOND,lond002,Control_202,49.0,P4,-0.5491784,43.0,93
LOND,lond002,Control_202,49.0,C3,26.90179,43.0,93
LOND,lond002,Control_202,49.0,C4,20.83131,43.0,93
LOND,lond002,Control_202,49.0,P7,57.50808,43.0,93
LOND,lond002,Control_202,49.0,P8,14.17428,43.0,93
LOND,lond002,Control_202,49.0,O1,9.708038,43.0,93
LOND,lond002,Control_202,49.0,O2,10.29377,43.0,93
LOND,lond002,Control_202,57.0,Pz,-2.475742,53.0,93
LOND,lond002,Control_202,57.0,Cz,-5.038043,53.0,93
LOND,lond002,Control_202,57.0,CP1,-16.16096,53.0,93
LOND,lond002,Control_202,57.0,CP2,-19.20072,53.0,93
LOND,lond002,Control_202,57.0,P3,10.43227,53.0,93
LOND,lond002,Control_202,57.0,P4,2.191282,53.0,93
LOND,lond002,Control_202,57.0,C3,-13.03639,53.0,93
LOND,lond002,Control_202,57.0,C4,-0.26203,53.0,93
LOND,lond002,Control_202,57.0,P7,-0.4823457,53.0,93
LOND,lond002,Control_202,57.0,P8,-7.630523,53.0,93
LOND,lond002,Control_202,57.0,O1,-1.246692,53.0,93
LOND,lond002,Control_202,57.0,O2,-7.795341,53.0,93
LOND,lond002,Violation_201,58.0,Pz,-0.6219659,50.0,37
LOND,lond002,Violation_201,58.0,Cz,-6.372362,50.0,37
LOND,lond002,Violation_201,58.0,CP1,22.22808,50.0,37
LOND,lond002,Violation_201,58.0,CP2,2.646223,50.0,37
LOND,lond002,Violation_201,58.0,P3,0.676604,50.0,37
LOND,lond002,Violation_201,58.0,P4,22.89238,50.0,37
LOND,lond002,Violation_201,58.0,C3,13.10112,50.0,37
LOND,lond002,Violation_201,58.0,C4,-3.162552,50.0,37
LOND,lond002,Violation_201,58.0,P7,-4.208788,50.0,37
LOND,lond002,Violation_201,58.0,P8,-3.597518,50.0,37
LOND,lond002,Violation_201,58.0,O1,-1.74312,50.0,37
LOND,lond002,Violation_201,58.0,O2,-15.88717,50.0,37
LOND,lond002,Violation_201,46.0,Pz,-12.75707,52.0,87
LOND,lond002,Violation_201,46.0,Cz,-4.478078,52.0,87
LOND,lond002,Violation_201,46.0,CP1,-5.278449,52.0,87
LOND,lond002,Violation_201,46.0,CP2,-30.07445,52.0,87
LOND,lond002,Violation_201,46.0,P3,-10.88436,52.0,87
LOND,lond002,Violation_201,46.0,P4,-15.20883,52.0,87
LOND,lond002,Violation_201,46.0,C3,-2.251085,52.0,87
LOND,lond002,Violation_201,46.0,C4,-3.707103,52.0,87
LOND,lond002,Violation_201,46.0,P7,-4.561894,52.0,87
LOND,lond002,Violation_201,46.0,P8,7.228887,52.0,87
LOND,lond002,Violation_201,46.0,O1,-4.967918,52.0,87
LOND,lond002,Violation_201,46.0,O2,-11.4046,52.0,87
LOND,lond002,Control_202,45.0,Pz,-11.27822,42.0,37
LOND,lond002,Control_202,45.0,Cz,-13.23131,42.0,37
LOND,lond002,Control_202,45.0,CP1,-39.89352,42.0,37
LOND,lond002,Control_202,45.0,CP2,25.2656,42.0,37
LOND,lond002,Control_202,45.0,P3,4.278698,42.0,37
LOND,lond002,Control_202,45.0,P4,5.47578,42.0,37
LOND,lond002,Control_202,45.0,C3,-4.512149,42.0,37
LOND,lond002,Control_202,45.0,C4,-10.26976,42.0,37
LOND,lond002,Control_202,45.0,P7,0.4545614,42.0,37
LOND,lond002,Control_202,45.0,P8,-26.47878,42.0,37
LOND,lond002,Control_202,45.0,O1,3.650337,42.0,37
LOND,lond002,Control_202,45.0,O2,-6.25142,42.0,37
LOND,lond002,Control_202,53.0,Pz,-8.033861,48.0,87
LOND,lond002,Control_202,53.0,Cz,-10.78377,48.0,87
LOND,lond002,Control_202,53.0,CP1,-13.38655,48.0,87
LOND,lond002,Control_202,53.0,CP2,-10.31112,48.0,87
LOND,lond002,Control_202,53.0,P3,-5.6259,48.0,87
LOND,lond002,Control_202,53.0,P4,-4.532568,48.0,87
LOND,lond002,Control_202,53.0,C3,-5.449524,48.0,87
LOND,lond002,Control_202,53.0,C4,-9.371227,48.0,87
LOND,lond002,Control_202,53.0,P7,-2.244987,48.0,87
LOND,lond002,Control_202,53.0,P8,-10.19662,48.0,87
LOND,lond002,Control_202,53.0,O1,-2.353806,48.0,87
LOND,lond002,Control_202,53.0,O2,-2.96627,48.0,87
LOND,lond002,Violation_201,50.0,Pz,17.57184,47.0,100
LOND,lond002,Violation_201,50.0,Cz,11.75095,47.0,100
LOND,lond002,Violation_201,50.0,CP1,16.27338,47.0,100
LOND,lond002,Violation_201,50.0,CP2,34.579,47.0,100
LOND,lond002,Violation_201,50.0,P3,20.97366,47.0,100
LOND,lond002,Violation_201,50.0,P4,19.36057,47.0,100
LOND,lond002,Violation_201,50.0,C3,24.49952,47.0,100
LOND,lond002,Violation_201,50.0,C4,18.36393,47.0,100
LOND,lond002,Violation_201,50.0,P7,17.07935,47.0,100
LOND,lond002,Violation_201,50.0,P8,10.8039,47.0,100
LOND,lond002,Violation_201,50.0,O1,14.7405,47.0,100
LOND,lond002,Violation_201,50.0,O2,26.31078,47.0,100
LOND,lond002,Control_202,41.0,Pz,-8.27152,49.0,40
LOND,lond002,Control_202,41.0,Cz,-26.53562,49.0,40
LOND,lond002,Control_202,41.0,CP1,-20.36241,49.0,40
LOND,lond002,Control_202,41.0,CP2,22.31475,49.0,40
LOND,lond002,Control_202,41.0,P3,-12.81219,49.0,40
LOND,lond002,Control_202,41.0,P4,-21.33886,49.0,40
LOND,lond002,Control_202,41.0,C3,-25.35877,49.0,40
LOND,lond002,Control_202,41.0,C4,-18.93254,49.0,40
LOND,lond002,Control_202,41.0,P7,3.585157,49.0,40
LOND,lond002,Control_202,41.0,P8,2.783983,49.0,40
LOND,lond002,Control_202,41.0,O1,0.7827379,49.0,40
LOND,lond002,Control_202,41.0,O2,6.771215,49.0,40
LOND,lond002,Violation_201,54.0,Pz,-9.235693,51.0,90
LOND,lond002,Violation_201,54.0,Cz,-11.87334,51.0,90
LOND,lond002,Violation_201,54.0,CP1,-28.55816,51.0,90
LOND,lond002,Violation_201,54.0,CP2,-17.7944,51.0,90
LOND,lond002,Violation_201,54.0,P3,-12.73433,51.0,90
LOND,lond002,Violation_201,54.0,P4,-14.56184,51.0,90
LOND,lond002,Violation_201,54.0,C3,-10.97189,51.0,90
LOND,lond002,Violation_201,54.0,C4,-6.314564,51.0,90
LOND,lond002,Violation_201,54.0,P7,-16.26713,51.0,90
LOND,lond002,Violation_201,54.0,P8,-27.46104,51.0,90
LOND,lond002,Violation_201,54.0,O1,-12.87453,51.0,90
LOND,lond002,Violation_201,54.0,O2,-15.8594,51.0,90
LOND,lond002,Control_202,73.0,Pz,-16.48084,67.0,87
LOND,lond002,Control_202,73.0,Cz,-15.9848,67.0,87
LOND,lond002,Control_202,73.0,CP1,-11.95913,67.0,87
LOND,lond002,Control_202,73.0,CP2,-17.96447,67.0,87
LOND,lond002,Control_202,73.0,P3,-16.73625,67.0,87
LOND,lond002,Control_202,73.0,P4,-9.504677,67.0,87
LOND,lond002,Control_202,73.0,C3,-7.442117,67.0,87
LOND,lond002,Control_202,73.0,C4,-3.321459,67.0,87
LOND,lond002,Control_202,73.0,P7,-18.36399,67.0,87
LOND,lond002,Control_202,73.0,P8,-12.24036,67.0,87
LOND,lond002,Control_202,73.0,O1,-14.37094,67.0,87
LOND,lond002,Control_202,73.0,O2,-11.17278,67.0,87
LOND,lond002,Violation_201,70.0,Pz,-0.1753365,71.0,90
LOND,lond002,Violation_201,70.0,Cz,-4.260225,71.0,90
LOND,lond002,Violation_201,70.0,CP1,2.691337,71.0,90
LOND,lond002,Violation_201,70.0,CP2,-3.623762,71.0,90
LOND,lond002,Violation_201,70.0,P3,6.347685,71.0,90
LOND,lond002,Violation_201,70.0,P4,-3.78566,71.0,90
LOND,lond002,Violation_201,70.0,C3,-0.3537038,71.0,90
LOND,lond002,Violation_201,70.0,C4,-0.4975924,71.0,90
LOND,lond002,Violation_201,70.0,P7,4.316008,71.0,90
LOND,lond002,Violation_201,70.0,P8,-0.5999818,71.0,90
LOND,lond002,Violation_201,70.0,O1,-2.612024,71.0,90
LOND,lond002,Violation_201,70.0,O2,-9.532847,71.0,90
LOND,lond002,Violation_201,66.0,Pz,9.889807,61.0,34
LOND,lond002,Violation_201,66.0,Cz,20.11239,61.0,34
LOND,lond002,Violation_201,66.0,CP1,27.61483,61.0,34
LOND,lond002,Violation_201,66.0,CP2,9.578975,61.0,34
LOND,lond002,Violation_201,66.0,P3,9.540543,61.0,34
LOND,lond002,Violation_201,66.0,P4,-7.102444,61.0,34
LOND,lond002,Violation_201,66.0,C3,12.42676,61.0,34
LOND,lond002,Violation_201,66.0,C4,10.25778,61.0,34
LOND,lond002,Violation_201,66.0,P7,-9.579316,61.0,34
LOND,lond002,Violation_201,66.0,P8,-7.18833,61.0,34
LOND,lond002,Violation_201,66.0,O1,-0.5230666,61.0,34
LOND,lond002,Violation_201,66.0,O2,-0.07662851,61.0,34
LOND,lond002,Control_202,61.0,Pz,2.646482,73.0,80
LOND,lond002,Control_202,61.0,Cz,11.07344,73.0,80
LOND,lond002,Control_202,61.0,CP1,8.829444,73.0,80
LOND,lond002,Control_202,61.0,CP2,22.71867,73.0,80
LOND,lond002,Control_202,61.0,P3,-0.8552715,73.0,80
LOND,lond002,Control_202,61.0,P4,6.365796,73.0,80
LOND,lond002,Control_202,61.0,C3,1.983801,73.0,80
LOND,lond002,Control_202,61.0,C4,4.588468,73.0,80
LOND,lond002,Control_202,61.0,P7,-0.1936485,73.0,80
LOND,lond002,Control_202,61.0,P8,5.271453,73.0,80
LOND,lond002,Control_202,61.0,O1,3.699861,73.0,80
LOND,lond002,Control_202,61.0,O2,13.85984,73.0,80
LOND,lond002,Violation_201,74.0,Pz,-11.76574,65.0,93
LOND,lond002,Violation_201,74.0,Cz,4.879786,65.0,93
LOND,lond002,Violation_201,74.0,CP1,10.14852,65.0,93
LOND,lond002,Violation_201,74.0,CP2,4.118251,65.0,93
LOND,lond002,Violation_201,74.0,P3,-1.172136,65.0,93
LOND,lond002,Violation_201,74.0,P4,-7.507584,65.0,93
LOND,lond002,Violation_201,74.0,C3,-10.96841,65.0,93
LOND,lond002,Violation_201,74.0,C4,1.818682,65.0,93
LOND,lond002,Violation_201,74.0,P7,-11.56595,65.0,93
LOND,lond002,Violation_201,74.0,P8,-8.090868,65.0,93
LOND,lond002,Violation_201,74.0,O1,-5.210008,65.0,93
LOND,lond002,Violation_201,74.0,O2,5.283453,65.0,93
LOND,lond002,Control_202,65.0,Pz,2.931199,63.0,83
LOND,lond002,Control_202,65.0,Cz,9.743699,63.0,83
LOND,lond002,Control_202,65.0,CP1,11.26246,63.0,83
LOND,lond002,Control_202,65.0,CP2,-26.09436,63.0,83
LOND,lond002,Control_202,65.0,P3,9.899682,63.0,83
LOND,lond002,Control_202,65.0,P4,-9.60164,63.0,83
LOND,lond002,Control_202,65.0,C3,15.29008,63.0,83
LOND,lond002,Control_202,65.0,C4,10.31944,63.0,83
LOND,lond002,Control_202,65.0,P7,17.62661,63.0,83
LOND,lond002,Control_202,65.0,P8,8.842195,63.0,83
LOND,lond002,Control_202,65.0,O1,9.263968,63.0,83
LOND,lond002,Control_202,65.0,O2,6.230199,63.0,83
LOND,lond002,Violation_201,78.0,Pz,5.276572,77.0,100
LOND,lond002,Violation_201,78.0,Cz,-13.141,77.0,100
LOND,lond002,Violation_201,78.0,CP1,-14.17774,77.0,100
LOND,lond002,Violation_201,78.0,CP2,-19.1481,77.0,100
LOND,lond002,Violation_201,78.0,P3,3.373624,77.0,100
LOND,lond002,Violation_201,78.0,P4,0.4976365,77.0,100
LOND,lond002,Violation_201,78.0,C3,-0.5433976,77.0,100
LOND,lond002,Violation_201,78.0,C4,-4.906381,77.0,100
LOND,lond002,Violation_201,78.0,P7,1.922728,77.0,100
LOND,lond002,Violation_201,78.0,P8,0.9229105,77.0,100
LOND,lond002,Violation_201,78.0,O1,-5.472604,77.0,100
LOND,lond002,Violation_201,78.0,O2,1.897039,77.0,100
LOND,lond002,Control_202,69.0,Pz,-6.708876,76.0,90
LOND,lond002,Control_202,69.0,Cz,-3.880478,76.0,90
LOND,lond002,Control_202,69.0,CP1,33.53484,76.0,90
LOND,lond002,Control_202,69.0,CP2,19.36588,76.0,90
LOND,lond002,Control_202,69.0,P3,-9.717283,76.0,90
LOND,lond002,Control_202,69.0,P4,-3.102909,76.0,90
LOND,lond002,Control_202,69.0,C3,-7.054527,76.0,90
LOND,lond002,Control_202,69.0,C4,-4.017138,76.0,90
LOND,lond002,Control_202,69.0,P7,-6.450393,76.0,90
LOND,lond002,Control_202,69.0,P8,-1.032496,76.0,90
LOND,lond002,Control_202,69.0,O1,-1.601455,76.0,90
LOND,lond002,Control_202,69.0,O2,-3.828743,76.0,90
LOND,lond002,Control_202,77.0,Pz,14.62275,69.0,93
LOND,lond002,Control_202,77.0,Cz,-0.5789787,69.0,93
LOND,lond002,Control_202,77.0,CP1,-7.31251,69.0,93
LOND,lond002,Control_202,77.0,CP2,-14.41057,69.0,93
LOND,lond002,Control_202,77.0,P3,7.743889,69.0,93
LOND,lond002,Control_202,77.0,P4,47.63833,69.0,93
LOND,lond002,Control_202,77.0,C3,5.758157,69.0,93
LOND,lond002,Control_202,77.0,C4,13.9723,69.0,93
LOND,lond002,Control_202,77.0,P7,3.81998,69.0,93
LOND,lond002,Control_202,77.0,P8,15.83679,69.0,93
LOND,lond002,Control_202,77.0,O1,1.254245,69.0,93
LOND,lond002,Control_202,77.0,O2,11.92057,69.0,93
LOND,lond003(answered questions randomly),Violation_201,16.0,Pz,-2.625369,15.0,90
LOND,lond003(answered questions randomly),Violation_201,16.0,Cz,17.4668,15.0,90
LOND,lond003(answered questions randomly),Violation_201,16.0,CP1,1.336298,15.0,90
LOND,lond003(answered questions randomly),Violation_201,16.0,CP2,-0.3870415,15.0,90
LOND,lond003(answered questions randomly),Violation_201,16.0,P3,-0.5328911,15.0,90
LOND,lond003(answered questions randomly),Violation_201,16.0,P4,-2.107498,15.0,90
LOND,lond003(answered questions randomly),Violation_201,16.0,C3,-6.722528,15.0,90
LOND,lond003(answered questions randomly),Violation_201,16.0,C4,-5.300539,15.0,90
LOND,lond003(answered questions randomly),Violation_201,16.0,P7,-7.18757,15.0,90
LOND,lond003(answered questions randomly),Violation_201,16.0,P8,0.3439053,15.0,90
LOND,lond003(answered questions randomly),Violation_201,16.0,O1,-2.470447,15.0,90
LOND,lond003(answered questions randomly),Violation_201,16.0,O2,2.108993,15.0,90
LOND,lond003(answered questions randomly),Control_202,11.0,Pz,-1.704984,8.0,97
LOND,lond003(answered questions randomly),Control_202,11.0,Cz,-16.41439,8.0,97
LOND,lond003(answered questions randomly),Control_202,11.0,CP1,6.245289,8.0,97
LOND,lond003(answered questions randomly),Control_202,11.0,CP2,8.327387,8.0,97
LOND,lond003(answered questions randomly),Control_202,11.0,P3,9.961965,8.0,97
LOND,lond003(answered questions randomly),Control_202,11.0,P4,8.746881,8.0,97
LOND,lond003(answered questions randomly),Control_202,11.0,C3,17.03151,8.0,97
LOND,lond003(answered questions randomly),Control_202,11.0,C4,-1.05342,8.0,97
LOND,lond003(answered questions randomly),Control_202,11.0,P7,8.25833,8.0,97
LOND,lond003(answered questions randomly),Control_202,11.0,P8,7.445188,8.0,97
LOND,lond003(answered questions randomly),Control_202,11.0,O1,11.73399,8.0,97
LOND,lond003(answered questions randomly),Control_202,11.0,O2,9.167251,8.0,97
LOND,lond003(answered questions randomly),Control_202,3.0,Pz,2.259563,16.0,93
LOND,lond003(answered questions randomly),Control_202,3.0,Cz,20.62347,16.0,93
LOND,lond003(answered questions randomly),Control_202,3.0,CP1,7.490884,16.0,93
LOND,lond003(answered questions randomly),Control_202,3.0,CP2,10.34402,16.0,93
LOND,lond003(answered questions randomly),Control_202,3.0,P3,11.43817,16.0,93
LOND,lond003(answered questions randomly),Control_202,3.0,P4,12.40135,16.0,93
LOND,lond003(answered questions randomly),Control_202,3.0,C3,11.4685,16.0,93
LOND,lond003(answered questions randomly),Control_202,3.0,C4,4.020857,16.0,93
LOND,lond003(answered questions randomly),Control_202,3.0,P7,13.24848,16.0,93
LOND,lond003(answered questions randomly),Control_202,3.0,P8,4.65338,16.0,93
LOND,lond003(answered questions randomly),Control_202,3.0,O1,12.38758,16.0,93
LOND,lond003(answered questions randomly),Control_202,3.0,O2,8.960559,16.0,93
LOND,lond003(answered questions randomly),Violation_201,8.0,Pz,-11.23251,17.0,62
LOND,lond003(answered questions randomly),Violation_201,8.0,Cz,-9.738852,17.0,62
LOND,lond003(answered questions randomly),Violation_201,8.0,CP1,-6.384067,17.0,62
LOND,lond003(answered questions randomly),Violation_201,8.0,CP2,-4.5064,17.0,62
LOND,lond003(answered questions randomly),Violation_201,8.0,P3,-11.97157,17.0,62
LOND,lond003(answered questions randomly),Violation_201,8.0,P4,-3.773132,17.0,62
LOND,lond003(answered questions randomly),Violation_201,8.0,C3,2.249351,17.0,62
LOND,lond003(answered questions randomly),Violation_201,8.0,C4,-17.97301,17.0,62
LOND,lond003(answered questions randomly),Violation_201,8.0,P7,-8.614071,17.0,62
LOND,lond003(answered questions randomly),Violation_201,8.0,P8,-4.724226,17.0,62
LOND,lond003(answered questions randomly),Violation_201,8.0,O1,-13.07667,17.0,62
LOND,lond003(answered questions randomly),Violation_201,8.0,O2,-11.82235,17.0,62
LOND,lond003(answered questions randomly),Violation_201,20.0,Pz,1.462039,19.0,100
LOND,lond003(answered questions randomly),Violation_201,20.0,Cz,14.43972,19.0,100
LOND,lond003(answered questions randomly),Violation_201,20.0,CP1,0.8097638,19.0,100
LOND,lond003(answered questions randomly),Violation_201,20.0,CP2,3.13419,19.0,100
LOND,lond003(answered questions randomly),Violation_201,20.0,P3,6.050479,19.0,100
LOND,lond003(answered questions randomly),Violation_201,20.0,P4,12.55545,19.0,100
LOND,lond003(answered questions randomly),Violation_201,20.0,C3,4.92501,19.0,100
LOND,lond003(answered questions randomly),Violation_201,20.0,C4,-9.784066,19.0,100
LOND,lond003(answered questions randomly),Violation_201,20.0,P7,4.759211,19.0,100
LOND,lond003(answered questions randomly),Violation_201,20.0,P8,-0.8958902,19.0,100
LOND,lond003(answered questions randomly),Violation_201,20.0,O1,3.092972,19.0,100
LOND,lond003(answered questions randomly),Violation_201,20.0,O2,2.716879,19.0,100
LOND,lond003(answered questions randomly),Control_202,15.0,Pz,-6.857761,1.0,97
LOND,lond003(answered questions randomly),Control_202,15.0,Cz,14.14591,1.0,97
LOND,lond003(answered questions randomly),Control_202,15.0,CP1,-2.882713,1.0,97
LOND,lond003(answered questions randomly),Control_202,15.0,CP2,-3.288098,1.0,97
LOND,lond003(answered questions randomly),Control_202,15.0,P3,-1.257231,1.0,97
LOND,lond003(answered questions randomly),Control_202,15.0,P4,-7.612104,1.0,97
LOND,lond003(answered questions randomly),Control_202,15.0,C3,4.044305,1.0,97
LOND,lond003(answered questions randomly),Control_202,15.0,C4,-5.770226,1.0,97
LOND,lond003(answered questions randomly),Control_202,15.0,P7,-8.130361,1.0,97
LOND,lond003(answered questions randomly),Control_202,15.0,P8,-3.964363,1.0,97
LOND,lond003(answered questions randomly),Control_202,15.0,O1,-10.06413,1.0,97
LOND,lond003(answered questions randomly),Control_202,15.0,O2,-5.288269,1.0,97
LOND,lond003(answered questions randomly),Violation_201,4.0,Pz,-2.866333,5.0,93
LOND,lond003(answered questions randomly),Violation_201,4.0,Cz,-11.19769,5.0,93
LOND,lond003(answered questions randomly),Violation_201,4.0,CP1,3.759384,5.0,93
LOND,lond003(answered questions randomly),Violation_201,4.0,CP2,2.371414,5.0,93
LOND,lond003(answered questions randomly),Violation_201,4.0,P3,4.619766,5.0,93
LOND,lond003(answered questions randomly),Violation_201,4.0,P4,-0.7235375,5.0,93
LOND,lond003(answered questions randomly),Violation_201,4.0,C3,-5.52358,5.0,93
LOND,lond003(answered questions randomly),Violation_201,4.0,C4,-19.13019,5.0,93
LOND,lond003(answered questions randomly),Violation_201,4.0,P7,4.845163,5.0,93
LOND,lond003(answered questions randomly),Violation_201,4.0,P8,-1.201262,5.0,93
LOND,lond003(answered questions randomly),Violation_201,4.0,O1,10.48535,5.0,93
LOND,lond003(answered questions randomly),Violation_201,4.0,O2,2.635924,5.0,93
LOND,lond003(answered questions randomly),Violation_201,12.0,Pz,-0.8346978,6.0,100
LOND,lond003(answered questions randomly),Violation_201,12.0,Cz,12.60752,6.0,100
LOND,lond003(answered questions randomly),Violation_201,12.0,CP1,-4.011873,6.0,100
LOND,lond003(answered questions randomly),Violation_201,12.0,CP2,-6.702871,6.0,100
LOND,lond003(answered questions randomly),Violation_201,12.0,P3,-1.457011,6.0,100
LOND,lond003(answered questions randomly),Violation_201,12.0,P4,-8.849079,6.0,100
LOND,lond003(answered questions randomly),Violation_201,12.0,C3,-0.7976202,6.0,100
LOND,lond003(answered questions randomly),Violation_201,12.0,C4,-12.25539,6.0,100
LOND,lond003(answered questions randomly),Violation_201,12.0,P7,3.502128,6.0,100
LOND,lond003(answered questions randomly),Violation_201,12.0,P8,-4.370352,6.0,100
LOND,lond003(answered questions randomly),Violation_201,12.0,O1,-7.771002,6.0,100
LOND,lond003(answered questions randomly),Violation_201,12.0,O2,-3.819879,6.0,100
LOND,lond003(answered questions randomly),Control_202,19.0,Pz,-10.24051,12.0,100
LOND,lond003(answered questions randomly),Control_202,19.0,Cz,-15.98149,12.0,100
LOND,lond003(answered questions randomly),Control_202,19.0,CP1,-14.29469,12.0,100
LOND,lond003(answered questions randomly),Control_202,19.0,CP2,-14.89087,12.0,100
LOND,lond003(answered questions randomly),Control_202,19.0,P3,-9.906066,12.0,100
LOND,lond003(answered questions randomly),Control_202,19.0,P4,5.845163,12.0,100
LOND,lond003(answered questions randomly),Control_202,19.0,C3,-10.72445,12.0,100
LOND,lond003(answered questions randomly),Control_202,19.0,C4,-12.41774,12.0,100
LOND,lond003(answered questions randomly),Control_202,19.0,P7,-9.128128,12.0,100
LOND,lond003(answered questions randomly),Control_202,19.0,P8,-10.39433,12.0,100
LOND,lond003(answered questions randomly),Control_202,19.0,O1,-17.28952,12.0,100
LOND,lond003(answered questions randomly),Control_202,19.0,O2,-13.89705,12.0,100
LOND,lond003(answered questions randomly),Control_202,39.0,Pz,4.666899,33.0,53
LOND,lond003(answered questions randomly),Control_202,39.0,Cz,-5.000468,33.0,53
LOND,lond003(answered questions randomly),Control_202,39.0,CP1,7.939656,33.0,53
LOND,lond003(answered questions randomly),Control_202,39.0,CP2,6.021224,33.0,53
LOND,lond003(answered questions randomly),Control_202,39.0,P3,0.2584605,33.0,53
LOND,lond003(answered questions randomly),Control_202,39.0,P4,9.374574,33.0,53
LOND,lond003(answered questions randomly),Control_202,39.0,C3,-1.67535,33.0,53
LOND,lond003(answered questions randomly),Control_202,39.0,C4,-14.29073,33.0,53
LOND,lond003(answered questions randomly),Control_202,39.0,P7,0.6803597,33.0,53
LOND,lond003(answered questions randomly),Control_202,39.0,P8,4.957437,33.0,53
LOND,lond003(answered questions randomly),Control_202,39.0,O1,1.894444,33.0,53
LOND,lond003(answered questions randomly),Control_202,39.0,O2,3.420028,33.0,53
LOND,lond003(answered questions randomly),Violation_201,36.0,Pz,23.51917,22.0,53
LOND,lond003(answered questions randomly),Violation_201,36.0,Cz,30.71922,22.0,53
LOND,lond003(answered questions randomly),Violation_201,36.0,CP1,17.165,22.0,53
LOND,lond003(answered questions randomly),Violation_201,36.0,CP2,13.11374,22.0,53
LOND,lond003(answered questions randomly),Violation_201,36.0,P3,9.372896,22.0,53
LOND,lond003(answered questions randomly),Violation_201,36.0,P4,13.95967,22.0,53
LOND,lond003(answered questions randomly),Violation_201,36.0,C3,7.99465,22.0,53
LOND,lond003(answered questions randomly),Violation_201,36.0,C4,3.163393,22.0,53
LOND,lond003(answered questions randomly),Violation_201,36.0,P7,6.912078,22.0,53
LOND,lond003(answered questions randomly),Violation_201,36.0,P8,1.999089,22.0,53
LOND,lond003(answered questions randomly),Violation_201,36.0,O1,2.003735,22.0,53
LOND,lond003(answered questions randomly),Violation_201,36.0,O2,11.54498,22.0,53
LOND,lond003(answered questions randomly),Violation_201,28.0,Pz,-26.31838,32.0,80
LOND,lond003(answered questions randomly),Violation_201,28.0,Cz,-22.45295,32.0,80
LOND,lond003(answered questions randomly),Violation_201,28.0,CP1,-16.73977,32.0,80
LOND,lond003(answered questions randomly),Violation_201,28.0,CP2,-20.31958,32.0,80
LOND,lond003(answered questions randomly),Violation_201,28.0,P3,-21.16355,32.0,80
LOND,lond003(answered questions randomly),Violation_201,28.0,P4,-24.09052,32.0,80
LOND,lond003(answered questions randomly),Violation_201,28.0,C3,-31.42317,32.0,80
LOND,lond003(answered questions randomly),Violation_201,28.0,C4,-23.20827,32.0,80
LOND,lond003(answered questions randomly),Violation_201,28.0,P7,-25.10353,32.0,80
LOND,lond003(answered questions randomly),Violation_201,28.0,P8,-18.54179,32.0,80
LOND,lond003(answered questions randomly),Violation_201,28.0,O1,-21.9933,32.0,80
LOND,lond003(answered questions randomly),Violation_201,28.0,O2,-29.81566,32.0,80
LOND,lond003(answered questions randomly),Control_202,31.0,Pz,-5.739393,30.0,90
LOND,lond003(answered questions randomly),Control_202,31.0,Cz,13.52546,30.0,90
LOND,lond003(answered questions randomly),Control_202,31.0,CP1,-5.342309,30.0,90
LOND,lond003(answered questions randomly),Control_202,31.0,CP2,-5.346178,30.0,90
LOND,lond003(answered questions randomly),Control_202,31.0,P3,-2.375916,30.0,90
LOND,lond003(answered questions randomly),Control_202,31.0,P4,-0.2337837,30.0,90
LOND,lond003(answered questions randomly),Control_202,31.0,C3,-7.95132,30.0,90
LOND,lond003(answered questions randomly),Control_202,31.0,C4,-0.8093302,30.0,90
LOND,lond003(answered questions randomly),Control_202,31.0,P7,-5.757651,30.0,90
LOND,lond003(answered questions randomly),Control_202,31.0,P8,-6.275171,30.0,90
LOND,lond003(answered questions randomly),Control_202,31.0,O1,-7.36493,30.0,90
LOND,lond003(answered questions randomly),Control_202,31.0,O2,-3.317894,30.0,90
LOND,lond003(answered questions randomly),Violation_201,32.0,Pz,-16.24587,29.0,90
LOND,lond003(answered questions randomly),Violation_201,32.0,Cz,-0.4988818,29.0,90
LOND,lond003(answered questions randomly),Violation_201,32.0,CP1,-11.6769,29.0,90
LOND,lond003(answered questions randomly),Violation_201,32.0,CP2,-9.053576,29.0,90
LOND,lond003(answered questions randomly),Violation_201,32.0,P3,-10.87189,29.0,90
LOND,lond003(answered questions randomly),Violation_201,32.0,P4,-5.015967,29.0,90
LOND,lond003(answered questions randomly),Violation_201,32.0,C3,-4.526041,29.0,90
LOND,lond003(answered questions randomly),Violation_201,32.0,C4,-10.66807,29.0,90
LOND,lond003(answered questions randomly),Violation_201,32.0,P7,-12.47376,29.0,90
LOND,lond003(answered questions randomly),Violation_201,32.0,P8,-15.90243,29.0,90
LOND,lond003(answered questions randomly),Violation_201,32.0,O1,-7.182162,29.0,90
LOND,lond003(answered questions randomly),Violation_201,32.0,O2,-18.0916,29.0,90
LOND,lond003(answered questions randomly),Control_202,23.0,Pz,-2.034047,36.0,77
LOND,lond003(answered questions randomly),Control_202,23.0,Cz,13.91563,36.0,77
LOND,lond003(answered questions randomly),Control_202,23.0,CP1,3.474123,36.0,77
LOND,lond003(answered questions randomly),Control_202,23.0,CP2,0.7737917,36.0,77
LOND,lond003(answered questions randomly),Control_202,23.0,P3,1.277464,36.0,77
LOND,lond003(answered questions randomly),Control_202,23.0,P4,4.358766,36.0,77
LOND,lond003(answered questions randomly),Control_202,23.0,C3,-2.516464,36.0,77
LOND,lond003(answered questions randomly),Control_202,23.0,C4,18.27688,36.0,77
LOND,lond003(answered questions randomly),Control_202,23.0,P7,1.608624,36.0,77
LOND,lond003(answered questions randomly),Control_202,23.0,P8,4.918275,36.0,77
LOND,lond003(answered questions randomly),Control_202,23.0,O1,12.99826,36.0,77
LOND,lond003(answered questions randomly),Control_202,23.0,O2,5.539554,36.0,77
LOND,lond003(answered questions randomly),Violation_201,24.0,Pz,37.34594,37.0,80
LOND,lond003(answered questions randomly),Violation_201,24.0,Cz,15.65472,37.0,80
LOND,lond003(answered questions randomly),Violation_201,24.0,CP1,15.09751,37.0,80
LOND,lond003(answered questions randomly),Violation_201,24.0,CP2,12.2717,37.0,80
LOND,lond003(answered questions randomly),Violation_201,24.0,P3,7.486383,37.0,80
LOND,lond003(answered questions randomly),Violation_201,24.0,P4,8.677477,37.0,80
LOND,lond003(answered questions randomly),Violation_201,24.0,C3,6.673864,37.0,80
LOND,lond003(answered questions randomly),Violation_201,24.0,C4,4.794618,37.0,80
LOND,lond003(answered questions randomly),Violation_201,24.0,P7,1.729804,37.0,80
LOND,lond003(answered questions randomly),Violation_201,24.0,P8,22.70729,37.0,80
LOND,lond003(answered questions randomly),Violation_201,24.0,O1,5.81617,37.0,80
LOND,lond003(answered questions randomly),Violation_201,24.0,O2,3.559,37.0,80
LOND,lond003(answered questions randomly),Control_202,27.0,Pz,-8.74396,31.0,77
LOND,lond003(answered questions randomly),Control_202,27.0,Cz,-17.48567,31.0,77
LOND,lond003(answered questions randomly),Control_202,27.0,CP1,-10.56075,31.0,77
LOND,lond003(answered questions randomly),Control_202,27.0,CP2,-8.163098,31.0,77
LOND,lond003(answered questions randomly),Control_202,27.0,P3,-1.16546,31.0,77
LOND,lond003(answered questions randomly),Control_202,27.0,P4,-2.910999,31.0,77
LOND,lond003(answered questions randomly),Control_202,27.0,C3,-5.529221,31.0,77
LOND,lond003(answered questions randomly),Control_202,27.0,C4,-24.14779,31.0,77
LOND,lond003(answered questions randomly),Control_202,27.0,P7,-10.84742,31.0,77
LOND,lond003(answered questions randomly),Control_202,27.0,P8,-2.641479,31.0,77
LOND,lond003(answered questions randomly),Control_202,27.0,O1,-12.19369,31.0,77
LOND,lond003(answered questions randomly),Control_202,27.0,O2,-1.770148,31.0,77
LOND,lond003(answered questions randomly),Violation_201,40.0,Pz,10.17201,35.0,97
LOND,lond003(answered questions randomly),Violation_201,40.0,Cz,9.084565,35.0,97
LOND,lond003(answered questions randomly),Violation_201,40.0,CP1,11.05834,35.0,97
LOND,lond003(answered questions randomly),Violation_201,40.0,CP2,6.870247,35.0,97
LOND,lond003(answered questions randomly),Violation_201,40.0,P3,16.36237,35.0,97
LOND,lond003(answered questions randomly),Violation_201,40.0,P4,8.907866,35.0,97
LOND,lond003(answered questions randomly),Violation_201,40.0,C3,3.026653,35.0,97
LOND,lond003(answered questions randomly),Violation_201,40.0,C4,5.447702,35.0,97
LOND,lond003(answered questions randomly),Violation_201,40.0,P7,8.757524,35.0,97
LOND,lond003(answered questions randomly),Violation_201,40.0,P8,2.557591,35.0,97
LOND,lond003(answered questions randomly),Violation_201,40.0,O1,8.707343,35.0,97
LOND,lond003(answered questions randomly),Violation_201,40.0,O2,9.391137,35.0,97
LOND,lond003(answered questions randomly),Control_202,35.0,Pz,-0.1477541,38.0,93
LOND,lond003(answered questions randomly),Control_202,35.0,Cz,-8.595906,38.0,93
LOND,lond003(answered questions randomly),Control_202,35.0,CP1,11.91497,38.0,93
LOND,lond003(answered questions randomly),Control_202,35.0,CP2,9.502592,38.0,93
LOND,lond003(answered questions randomly),Control_202,35.0,P3,6.17858,38.0,93
LOND,lond003(answered questions randomly),Control_202,35.0,P4,11.0828,38.0,93
LOND,lond003(answered questions randomly),Control_202,35.0,C3,7.8562,38.0,93
LOND,lond003(answered questions randomly),Control_202,35.0,C4,-0.6055446,38.0,93
LOND,lond003(answered questions randomly),Control_202,35.0,P7,3.27138,38.0,93
LOND,lond003(answered questions randomly),Control_202,35.0,P8,4.778453,38.0,93
LOND,lond003(answered questions randomly),Control_202,35.0,O1,10.10828,38.0,93
LOND,lond003(answered questions randomly),Control_202,35.0,O2,12.04334,38.0,93
LOND,lond003(answered questions randomly),Violation_201,60.0,Pz,4.505249,59.0,73
LOND,lond003(answered questions randomly),Violation_201,60.0,Cz,-22.15261,59.0,73
LOND,lond003(answered questions randomly),Violation_201,60.0,CP1,4.706497,59.0,73
LOND,lond003(answered questions randomly),Violation_201,60.0,CP2,6.848451,59.0,73
LOND,lond003(answered questions randomly),Violation_201,60.0,P3,8.583848,59.0,73
LOND,lond003(answered questions randomly),Violation_201,60.0,P4,6.695673,59.0,73
LOND,lond003(answered questions randomly),Violation_201,60.0,C3,4.848561,59.0,73
LOND,lond003(answered questions randomly),Violation_201,60.0,C4,11.00481,59.0,73
LOND,lond003(answered questions randomly),Violation_201,60.0,P7,10.47893,59.0,73
LOND,lond003(answered questions randomly),Violation_201,60.0,P8,9.733937,59.0,73
LOND,lond003(answered questions randomly),Violation_201,60.0,O1,8.40513,59.0,73
LOND,lond003(answered questions randomly),Violation_201,60.0,O2,14.74066,59.0,73
LOND,lond003(answered questions randomly),Violation_201,43.0,Pz,-2.407361,49.0,40
LOND,lond003(answered questions randomly),Violation_201,43.0,Cz,-11.39231,49.0,40
LOND,lond003(answered questions randomly),Violation_201,43.0,CP1,-1.248837,49.0,40
LOND,lond003(answered questions randomly),Violation_201,43.0,CP2,6.479388,49.0,40
LOND,lond003(answered questions randomly),Violation_201,43.0,P3,2.303715,49.0,40
LOND,lond003(answered questions randomly),Violation_201,43.0,P4,3.646584,49.0,40
LOND,lond003(answered questions randomly),Violation_201,43.0,C3,6.149685,49.0,40
LOND,lond003(answered questions randomly),Violation_201,43.0,C4,3.536292,49.0,40
LOND,lond003(answered questions randomly),Violation_201,43.0,P7,-0.6233665,49.0,40
LOND,lond003(answered questions randomly),Violation_201,43.0,P8,-0.1899005,49.0,40
LOND,lond003(answered questions randomly),Violation_201,43.0,O1,4.207105,49.0,40
LOND,lond003(answered questions randomly),Violation_201,43.0,O2,4.187272,49.0,40
LOND,lond003(answered questions randomly),Control_202,51.0,Pz,-12.47164,58.0,73
LOND,lond003(answered questions randomly),Control_202,51.0,Cz,23.77395,58.0,73
LOND,lond003(answered questions randomly),Control_202,51.0,CP1,-6.986877,58.0,73
LOND,lond003(answered questions randomly),Control_202,51.0,CP2,-2.531794,58.0,73
LOND,lond003(answered questions randomly),Control_202,51.0,P3,5.772532,58.0,73
LOND,lond003(answered questions randomly),Control_202,51.0,P4,-6.587697,58.0,73
LOND,lond003(answered questions randomly),Control_202,51.0,C3,-6.668768,58.0,73
LOND,lond003(answered questions randomly),Control_202,51.0,C4,0.002980637,58.0,73
LOND,lond003(answered questions randomly),Control_202,51.0,P7,0.4955743,58.0,73
LOND,lond003(answered questions randomly),Control_202,51.0,P8,-0.4947957,58.0,73
LOND,lond003(answered questions randomly),Control_202,51.0,O1,4.132424,58.0,73
LOND,lond003(answered questions randomly),Control_202,51.0,O2,2.5785,58.0,73
LOND,lond003(answered questions randomly),Violation_201,48.0,Pz,-4.44627,46.0,63
LOND,lond003(answered questions randomly),Violation_201,48.0,Cz,-38.3467,46.0,63
LOND,lond003(answered questions randomly),Violation_201,48.0,CP1,-13.98842,46.0,63
LOND,lond003(answered questions randomly),Violation_201,48.0,CP2,-10.31905,46.0,63
LOND,lond003(answered questions randomly),Violation_201,48.0,P3,-11.95203,46.0,63
LOND,lond003(answered questions randomly),Violation_201,48.0,P4,-15.31412,46.0,63
LOND,lond003(answered questions randomly),Violation_201,48.0,C3,-25.74896,46.0,63
LOND,lond003(answered questions randomly),Violation_201,48.0,C4,-19.98416,46.0,63
LOND,lond003(answered questions randomly),Violation_201,48.0,P7,1.388081,46.0,63
LOND,lond003(answered questions randomly),Violation_201,48.0,P8,-3.588634,46.0,63
LOND,lond003(answered questions randomly),Violation_201,48.0,O1,5.69347,46.0,63
LOND,lond003(answered questions randomly),Violation_201,48.0,O2,8.093803,46.0,63
LOND,lond003(answered questions randomly),Violation_201,56.0,Pz,4.219434,44.0,90
LOND,lond003(answered questions randomly),Violation_201,56.0,Cz,-8.574795,44.0,90
LOND,lond003(answered questions randomly),Violation_201,56.0,CP1,-0.811241,44.0,90
LOND,lond003(answered questions randomly),Violation_201,56.0,CP2,5.954385,44.0,90
LOND,lond003(answered questions randomly),Violation_201,56.0,P3,3.326803,44.0,90
LOND,lond003(answered questions randomly),Violation_201,56.0,P4,1.08934,44.0,90
LOND,lond003(answered questions randomly),Violation_201,56.0,C3,2.51123,44.0,90
LOND,lond003(answered questions randomly),Violation_201,56.0,C4,-9.015539,44.0,90
LOND,lond003(answered questions randomly),Violation_201,56.0,P7,-0.1690907,44.0,90
LOND,lond003(answered questions randomly),Violation_201,56.0,P8,8.050463,44.0,90
LOND,lond003(answered questions randomly),Violation_201,56.0,O1,5.496885,44.0,90
LOND,lond003(answered questions randomly),Violation_201,56.0,O2,5.285198,44.0,90
LOND,lond003(answered questions randomly),Control_202,47.0,Pz,-16.69325,41.0,100
LOND,lond003(answered questions randomly),Control_202,47.0,Cz,17.5466,41.0,100
LOND,lond003(answered questions randomly),Control_202,47.0,CP1,-8.445066,41.0,100
LOND,lond003(answered questions randomly),Control_202,47.0,CP2,-0.4997799,41.0,100
LOND,lond003(answered questions randomly),Control_202,47.0,P3,-8.417402,41.0,100
LOND,lond003(answered questions randomly),Control_202,47.0,P4,-4.983305,41.0,100
LOND,lond003(answered questions randomly),Control_202,47.0,C3,4.362689,41.0,100
LOND,lond003(answered questions randomly),Control_202,47.0,C4,-9.719614,41.0,100
LOND,lond003(answered questions randomly),Control_202,47.0,P7,-12.00592,41.0,100
LOND,lond003(answered questions randomly),Control_202,47.0,P8,-9.583861,41.0,100
LOND,lond003(answered questions randomly),Control_202,47.0,O1,1.618005,41.0,100
LOND,lond003(answered questions randomly),Control_202,47.0,O2,-13.91359,41.0,100
LOND,lond003(answered questions randomly),Control_202,44.0,Pz,-4.580783,54.0,77
LOND,lond003(answered questions randomly),Control_202,44.0,Cz,-16.69496,54.0,77
LOND,lond003(answered questions randomly),Control_202,44.0,CP1,-8.796072,54.0,77
LOND,lond003(answered questions randomly),Control_202,44.0,CP2,-6.075679,54.0,77
LOND,lond003(answered questions randomly),Control_202,44.0,P3,-7.718382,54.0,77
LOND,lond003(answered questions randomly),Control_202,44.0,P4,-3.845847,54.0,77
LOND,lond003(answered questions randomly),Control_202,44.0,C3,-11.06123,54.0,77
LOND,lond003(answered questions randomly),Control_202,44.0,C4,1.395554,54.0,77
LOND,lond003(answered questions randomly),Control_202,44.0,P7,-6.11182,54.0,77
LOND,lond003(answered questions randomly),Control_202,44.0,P8,-2.402926,54.0,77
LOND,lond003(answered questions randomly),Control_202,44.0,O1,-1.940404,54.0,77
LOND,lond003(answered questions randomly),Control_202,44.0,O2,-7.621373,54.0,77
LOND,lond003(answered questions randomly),Control_202,55.0,Pz,10.1789,47.0,100
LOND,lond003(answered questions randomly),Control_202,55.0,Cz,33.31945,47.0,100
LOND,lond003(answered questions randomly),Control_202,55.0,CP1,1.888123,47.0,100
LOND,lond003(answered questions randomly),Control_202,55.0,CP2,4.644057,47.0,100
LOND,lond003(answered questions randomly),Control_202,55.0,P3,0.1414281,47.0,100
LOND,lond003(answered questions randomly),Control_202,55.0,P4,24.73753,47.0,100
LOND,lond003(answered questions randomly),Control_202,55.0,C3,-1.58903,47.0,100
LOND,lond003(answered questions randomly),Control_202,55.0,C4,13.03654,47.0,100
LOND,lond003(answered questions randomly),Control_202,55.0,P7,-0.1485112,47.0,100
LOND,lond003(answered questions randomly),Control_202,55.0,P8,-2.684915,47.0,100
LOND,lond003(answered questions randomly),Control_202,55.0,O1,2.166759,47.0,100
LOND,lond003(answered questions randomly),Control_202,55.0,O2,-2.309195,47.0,100
LOND,lond003(answered questions randomly),Violation_201,52.0,Pz,9.480786,48.0,87
LOND,lond003(answered questions randomly),Violation_201,52.0,Cz,5.883542,48.0,87
LOND,lond003(answered questions randomly),Violation_201,52.0,CP1,5.935941,48.0,87
LOND,lond003(answered questions randomly),Violation_201,52.0,CP2,13.22002,48.0,87
LOND,lond003(answered questions randomly),Violation_201,52.0,P3,13.56918,48.0,87
LOND,lond003(answered questions randomly),Violation_201,52.0,P4,12.89984,48.0,87
LOND,lond003(answered questions randomly),Violation_201,52.0,C3,5.19442,48.0,87
LOND,lond003(answered questions randomly),Violation_201,52.0,C4,10.45703,48.0,87
LOND,lond003(answered questions randomly),Violation_201,52.0,P7,19.50987,48.0,87
LOND,lond003(answered questions randomly),Violation_201,52.0,P8,11.72118,48.0,87
LOND,lond003(answered questions randomly),Violation_201,52.0,O1,13.03148,48.0,87
LOND,lond003(answered questions randomly),Violation_201,52.0,O2,14.89653,48.0,87
LOND,lond003(answered questions randomly),Control_202,59.0,Pz,-10.37013,53.0,93
LOND,lond003(answered questions randomly),Control_202,59.0,Cz,10.63075,53.0,93
LOND,lond003(answered questions randomly),Control_202,59.0,CP1,-7.375402,53.0,93
LOND,lond003(answered questions randomly),Control_202,59.0,CP2,-11.46746,53.0,93
LOND,lond003(answered questions randomly),Control_202,59.0,P3,-12.07881,53.0,93
LOND,lond003(answered questions randomly),Control_202,59.0,P4,-10.95618,53.0,93
LOND,lond003(answered questions randomly),Control_202,59.0,C3,-18.19747,53.0,93
LOND,lond003(answered questions randomly),Control_202,59.0,C4,-17.84702,53.0,93
LOND,lond003(answered questions randomly),Control_202,59.0,P7,-6.090301,53.0,93
LOND,lond003(answered questions randomly),Control_202,59.0,P8,-9.535404,53.0,93
LOND,lond003(answered questions randomly),Control_202,59.0,O1,-3.15803,53.0,93
LOND,lond003(answered questions randomly),Control_202,59.0,O2,-7.15364,53.0,93
LOND,lond003(answered questions randomly),Control_202,63.0,Pz,0.9172341,69.0,93
LOND,lond003(answered questions randomly),Control_202,63.0,Cz,-12.42462,69.0,93
LOND,lond003(answered questions randomly),Control_202,63.0,CP1,5.841565,69.0,93
LOND,lond003(answered questions randomly),Control_202,63.0,CP2,2.19178,69.0,93
LOND,lond003(answered questions randomly),Control_202,63.0,P3,0.968279,69.0,93
LOND,lond003(answered questions randomly),Control_202,63.0,P4,1.223545,69.0,93
LOND,lond003(answered questions randomly),Control_202,63.0,C3,1.233923,69.0,93
LOND,lond003(answered questions randomly),Control_202,63.0,C4,0.9733164,69.0,93
LOND,lond003(answered questions randomly),Control_202,63.0,P7,6.471055,69.0,93
LOND,lond003(answered questions randomly),Control_202,63.0,P8,-9.534325,69.0,93
LOND,lond003(answered questions randomly),Control_202,63.0,O1,-1.43243,69.0,93
LOND,lond003(answered questions randomly),Control_202,63.0,O2,3.767501,69.0,93
LOND,lond003(answered questions randomly),Control_202,67.0,Pz,11.15767,75.0,60
LOND,lond003(answered questions randomly),Control_202,67.0,Cz,28.23644,75.0,60
LOND,lond003(answered questions randomly),Control_202,67.0,CP1,10.06218,75.0,60
LOND,lond003(answered questions randomly),Control_202,67.0,CP2,21.65145,75.0,60
LOND,lond003(answered questions randomly),Control_202,67.0,P3,8.862371,75.0,60
LOND,lond003(answered questions randomly),Control_202,67.0,P4,15.60561,75.0,60
LOND,lond003(answered questions randomly),Control_202,67.0,C3,13.9683,75.0,60
LOND,lond003(answered questions randomly),Control_202,67.0,C4,14.48582,75.0,60
LOND,lond003(answered questions randomly),Control_202,67.0,P7,9.057244,75.0,60
LOND,lond003(answered questions randomly),Control_202,67.0,P8,16.29352,75.0,60
LOND,lond003(answered questions randomly),Control_202,67.0,O1,10.23009,75.0,60
LOND,lond003(answered questions randomly),Control_202,67.0,O2,9.313654,75.0,60
LOND,lond003(answered questions randomly),Control_202,75.0,Pz,-13.79212,77.0,100
LOND,lond003(answered questions randomly),Control_202,75.0,Cz,-19.61868,77.0,100
LOND,lond003(answered questions randomly),Control_202,75.0,CP1,-3.852407,77.0,100
LOND,lond003(answered questions randomly),Control_202,75.0,CP2,-13.34531,77.0,100
LOND,lond003(answered questions randomly),Control_202,75.0,P3,-24.67166,77.0,100
LOND,lond003(answered questions randomly),Control_202,75.0,P4,-14.68144,77.0,100
LOND,lond003(answered questions randomly),Control_202,75.0,C3,-14.71795,77.0,100
LOND,lond003(answered questions randomly),Control_202,75.0,C4,-13.21188,77.0,100
LOND,lond003(answered questions randomly),Control_202,75.0,P7,-7.970683,77.0,100
LOND,lond003(answered questions randomly),Control_202,75.0,P8,-7.663374,77.0,100
LOND,lond003(answered questions randomly),Control_202,75.0,O1,-13.87583,77.0,100
LOND,lond003(answered questions randomly),Control_202,75.0,O2,-14.82149,77.0,100
LOND,lond003(answered questions randomly),Violation_201,76.0,Pz,-26.06041,70.0,57
LOND,lond003(answered questions randomly),Violation_201,76.0,Cz,-32.15081,70.0,57
LOND,lond003(answered questions randomly),Violation_201,76.0,CP1,-21.21757,70.0,57
LOND,lond003(answered questions randomly),Violation_201,76.0,CP2,-25.10925,70.0,57
LOND,lond003(answered questions randomly),Violation_201,76.0,P3,-19.70318,70.0,57
LOND,lond003(answered questions randomly),Violation_201,76.0,P4,-17.16321,70.0,57
LOND,lond003(answered questions randomly),Violation_201,76.0,C3,-15.34649,70.0,57
LOND,lond003(answered questions randomly),Violation_201,76.0,C4,-46.30513,70.0,57
LOND,lond003(answered questions randomly),Violation_201,76.0,P7,-18.95006,70.0,57
LOND,lond003(answered questions randomly),Violation_201,76.0,P8,-24.08636,70.0,57
LOND,lond003(answered questions randomly),Violation_201,76.0,O1,-24.75605,70.0,57
LOND,lond003(answered questions randomly),Violation_201,76.0,O2,-24.54342,70.0,57
LOND,lond003(answered questions randomly),Violation_201,64.0,Pz,-15.44017,67.0,87
LOND,lond003(answered questions randomly),Violation_201,64.0,Cz,-17.91755,67.0,87
LOND,lond003(answered questions randomly),Violation_201,64.0,CP1,-2.787548,67.0,87
LOND,lond003(answered questions randomly),Violation_201,64.0,CP2,-5.777049,67.0,87
LOND,lond003(answered questions randomly),Violation_201,64.0,P3,-7.68407,67.0,87
LOND,lond003(answered questions randomly),Violation_201,64.0,P4,6.068211,67.0,87
LOND,lond003(answered questions randomly),Violation_201,64.0,C3,-4.913728,67.0,87
LOND,lond003(answered questions randomly),Violation_201,64.0,C4,-4.28289,67.0,87
LOND,lond003(answered questions randomly),Violation_201,64.0,P7,0.5616616,67.0,87
LOND,lond003(answered questions randomly),Violation_201,64.0,P8,1.471746,67.0,87
LOND,lond003(answered questions randomly),Violation_201,64.0,O1,3.456344,67.0,87
LOND,lond003(answered questions randomly),Violation_201,64.0,O2,6.489053,67.0,87
LOND,lond003(answered questions randomly),Violation_201,72.0,Pz,-3.197607,64.0,50
LOND,lond003(answered questions randomly),Violation_201,72.0,Cz,3.195789,64.0,50
LOND,lond003(answered questions randomly),Violation_201,72.0,CP1,-0.5123267,64.0,50
LOND,lond003(answered questions randomly),Violation_201,72.0,CP2,-3.459704,64.0,50
LOND,lond003(answered questions randomly),Violation_201,72.0,P3,-7.183986,64.0,50
LOND,lond003(answered questions randomly),Violation_201,72.0,P4,3.780772,64.0,50
LOND,lond003(answered questions randomly),Violation_201,72.0,C3,-7.759737,64.0,50
LOND,lond003(answered questions randomly),Violation_201,72.0,C4,0.1304476,64.0,50
LOND,lond003(answered questions randomly),Violation_201,72.0,P7,-4.048225,64.0,50
LOND,lond003(answered questions randomly),Violation_201,72.0,P8,-10.69833,64.0,50
LOND,lond003(answered questions randomly),Violation_201,72.0,O1,-6.99589,64.0,50
LOND,lond003(answered questions randomly),Violation_201,72.0,O2,-1.189539,64.0,50
LOND,lond003(answered questions randomly),Violation_201,80.0,Pz,5.111631,66.0,23
LOND,lond003(answered questions randomly),Violation_201,80.0,Cz,6.719009,66.0,23
LOND,lond003(answered questions randomly),Violation_201,80.0,CP1,7.199378,66.0,23
LOND,lond003(answered questions randomly),Violation_201,80.0,CP2,8.517379,66.0,23
LOND,lond003(answered questions randomly),Violation_201,80.0,P3,3.638392,66.0,23
LOND,lond003(answered questions randomly),Violation_201,80.0,P4,-1.48471,66.0,23
LOND,lond003(answered questions randomly),Violation_201,80.0,C3,4.716118,66.0,23
LOND,lond003(answered questions randomly),Violation_201,80.0,C4,9.377994,66.0,23
LOND,lond003(answered questions randomly),Violation_201,80.0,P7,-2.674118,66.0,23
LOND,lond003(answered questions randomly),Violation_201,80.0,P8,1.997452,66.0,23
LOND,lond003(answered questions randomly),Violation_201,80.0,O1,3.029623,66.0,23
LOND,lond003(answered questions randomly),Violation_201,80.0,O2,7.490081,66.0,23
LOND,lond003(answered questions randomly),Control_202,71.0,Pz,-3.633058,65.0,93
LOND,lond003(answered questions randomly),Control_202,71.0,Cz,9.44959,65.0,93
LOND,lond003(answered questions randomly),Control_202,71.0,CP1,0.6411384,65.0,93
LOND,lond003(answered questions randomly),Control_202,71.0,CP2,4.089239,65.0,93
LOND,lond003(answered questions randomly),Control_202,71.0,P3,-4.997373,65.0,93
LOND,lond003(answered questions randomly),Control_202,71.0,P4,6.683821,65.0,93
LOND,lond003(answered questions randomly),Control_202,71.0,C3,-2.739482,65.0,93
LOND,lond003(answered questions randomly),Control_202,71.0,C4,0.979535,65.0,93
LOND,lond003(answered questions randomly),Control_202,71.0,P7,-0.5951665,65.0,93
LOND,lond003(answered questions randomly),Control_202,71.0,P8,7.075229,65.0,93
LOND,lond003(answered questions randomly),Control_202,71.0,O1,4.037065,65.0,93
LOND,lond003(answered questions randomly),Control_202,71.0,O2,3.712806,65.0,93
LOND,lond003(answered questions randomly),Control_202,79.0,Pz,2.603825,68.0,27
LOND,lond003(answered questions randomly),Control_202,79.0,Cz,14.44821,68.0,27
LOND,lond003(answered questions randomly),Control_202,79.0,CP1,-2.053278,68.0,27
LOND,lond003(answered questions randomly),Control_202,79.0,CP2,0.3269595,68.0,27
LOND,lond003(answered questions randomly),Control_202,79.0,P3,-1.098641,68.0,27
LOND,lond003(answered questions randomly),Control_202,79.0,P4,-4.726458,68.0,27
LOND,lond003(answered questions randomly),Control_202,79.0,C3,6.052258,68.0,27
LOND,lond003(answered questions randomly),Control_202,79.0,C4,-6.761878,68.0,27
LOND,lond003(answered questions randomly),Control_202,79.0,P7,-1.116161,68.0,27
LOND,lond003(answered questions randomly),Control_202,79.0,P8,-23.02207,68.0,27
LOND,lond003(answered questions randomly),Control_202,79.0,O1,-8.016085,68.0,27
LOND,lond003(answered questions randomly),Control_202,79.0,O2,1.338883,68.0,27
LOND,lond003(answered questions randomly),Violation_201,68.0,Pz,5.638004,76.0,90
LOND,lond003(answered questions randomly),Violation_201,68.0,Cz,30.4241,76.0,90
LOND,lond003(answered questions randomly),Violation_201,68.0,CP1,5.384969,76.0,90
LOND,lond003(answered questions randomly),Violation_201,68.0,CP2,-2.917228,76.0,90
LOND,lond003(answered questions randomly),Violation_201,68.0,P3,-0.6555941,76.0,90
LOND,lond003(answered questions randomly),Violation_201,68.0,P4,1.263545,76.0,90
LOND,lond003(answered questions randomly),Violation_201,68.0,C3,-1.604613,76.0,90
LOND,lond003(answered questions randomly),Violation_201,68.0,C4,2.105297,76.0,90
LOND,lond003(answered questions randomly),Violation_201,68.0,P7,-7.458924,76.0,90
LOND,lond003(answered questions randomly),Violation_201,68.0,P8,-2.757587,76.0,90
LOND,lond003(answered questions randomly),Violation_201,68.0,O1,-5.567215,76.0,90
LOND,lond003(answered questions randomly),Violation_201,68.0,O2,-9.654028,76.0,90
LOND,lond004(possibly non native English speaker),Violation_201,8.0,Pz,-15.34151,4.0,93
LOND,lond004(possibly non native English speaker),Violation_201,8.0,Cz,1.791108,4.0,93
LOND,lond004(possibly non native English speaker),Violation_201,8.0,CP1,-11.34577,4.0,93
LOND,lond004(possibly non native English speaker),Violation_201,8.0,CP2,-1.83046,4.0,93
LOND,lond004(possibly non native English speaker),Violation_201,8.0,P3,-27.44887,4.0,93
LOND,lond004(possibly non native English speaker),Violation_201,8.0,P4,-11.36341,4.0,93
LOND,lond004(possibly non native English speaker),Violation_201,8.0,C3,-3.3381,4.0,93
LOND,lond004(possibly non native English speaker),Violation_201,8.0,C4,-12.83426,4.0,93
LOND,lond004(possibly non native English speaker),Violation_201,8.0,P7,-2.295272,4.0,93
LOND,lond004(possibly non native English speaker),Violation_201,8.0,P8,2.694068,4.0,93
LOND,lond004(possibly non native English speaker),Violation_201,8.0,O1,-27.07488,4.0,93
LOND,lond004(possibly non native English speaker),Violation_201,8.0,O2,-15.49494,4.0,93
LOND,lond004(possibly non native English speaker),Violation_201,12.0,Pz,11.26456,9.0,93
LOND,lond004(possibly non native English speaker),Violation_201,12.0,Cz,3.387784,9.0,93
LOND,lond004(possibly non native English speaker),Violation_201,12.0,CP1,11.84355,9.0,93
LOND,lond004(possibly non native English speaker),Violation_201,12.0,CP2,7.273062,9.0,93
LOND,lond004(possibly non native English speaker),Violation_201,12.0,P3,12.01401,9.0,93
LOND,lond004(possibly non native English speaker),Violation_201,12.0,P4,11.22757,9.0,93
LOND,lond004(possibly non native English speaker),Violation_201,12.0,C3,32.40164,9.0,93
LOND,lond004(possibly non native English speaker),Violation_201,12.0,C4,11.17091,9.0,93
LOND,lond004(possibly non native English speaker),Violation_201,12.0,P7,-5.378003,9.0,93
LOND,lond004(possibly non native English speaker),Violation_201,12.0,P8,22.36977,9.0,93
LOND,lond004(possibly non native English speaker),Violation_201,12.0,O1,19.54574,9.0,93
LOND,lond004(possibly non native English speaker),Violation_201,12.0,O2,-49.65009,9.0,93
LOND,lond004(possibly non native English speaker),Violation_201,4.0,Pz,6.732596,5.0,93
LOND,lond004(possibly non native English speaker),Violation_201,4.0,Cz,20.26945,5.0,93
LOND,lond004(possibly non native English speaker),Violation_201,4.0,CP1,17.90594,5.0,93
LOND,lond004(possibly non native English speaker),Violation_201,4.0,CP2,7.332133,5.0,93
LOND,lond004(possibly non native English speaker),Violation_201,4.0,P3,0.3625522,5.0,93
LOND,lond004(possibly non native English speaker),Violation_201,4.0,P4,-7.846089,5.0,93
LOND,lond004(possibly non native English speaker),Violation_201,4.0,C3,34.2398,5.0,93
LOND,lond004(possibly non native English speaker),Violation_201,4.0,C4,-18.40978,5.0,93
LOND,lond004(possibly non native English speaker),Violation_201,4.0,P7,17.67998,5.0,93
LOND,lond004(possibly non native English speaker),Violation_201,4.0,P8,22.1935,5.0,93
LOND,lond004(possibly non native English speaker),Violation_201,4.0,O1,13.19751,5.0,93
LOND,lond004(possibly non native English speaker),Violation_201,4.0,O2,5.122609,5.0,93
LOND,lond004(possibly non native English speaker),Violation_201,20.0,Pz,-12.21737,14.0,90
LOND,lond004(possibly non native English speaker),Violation_201,20.0,Cz,-16.36632,14.0,90
LOND,lond004(possibly non native English speaker),Violation_201,20.0,CP1,-8.42668,14.0,90
LOND,lond004(possibly non native English speaker),Violation_201,20.0,CP2,-18.49875,14.0,90
LOND,lond004(possibly non native English speaker),Violation_201,20.0,P3,-7.040015,14.0,90
LOND,lond004(possibly non native English speaker),Violation_201,20.0,P4,-6.600596,14.0,90
LOND,lond004(possibly non native English speaker),Violation_201,20.0,C3,13.14003,14.0,90
LOND,lond004(possibly non native English speaker),Violation_201,20.0,C4,-19.3441,14.0,90
LOND,lond004(possibly non native English speaker),Violation_201,20.0,P7,1.211216,14.0,90
LOND,lond004(possibly non native English speaker),Violation_201,20.0,P8,-10.33505,14.0,90
LOND,lond004(possibly non native English speaker),Violation_201,20.0,O1,-11.17106,14.0,90
LOND,lond004(possibly non native English speaker),Violation_201,20.0,O2,-4.991767,14.0,90
LOND,lond004(possibly non native English speaker),Control_202,11.0,Pz,2.460294,3.0,100
LOND,lond004(possibly non native English speaker),Control_202,11.0,Cz,6.260954,3.0,100
LOND,lond004(possibly non native English speaker),Control_202,11.0,CP1,-3.951374,3.0,100
LOND,lond004(possibly non native English speaker),Control_202,11.0,CP2,12.27548,3.0,100
LOND,lond004(possibly non native English speaker),Control_202,11.0,P3,-12.07844,3.0,100
LOND,lond004(possibly non native English speaker),Control_202,11.0,P4,11.29674,3.0,100
LOND,lond004(possibly non native English speaker),Control_202,11.0,C3,24.75095,3.0,100
LOND,lond004(possibly non native English speaker),Control_202,11.0,C4,4.566716,3.0,100
LOND,lond004(possibly non native English speaker),Control_202,11.0,P7,11.63997,3.0,100
LOND,lond004(possibly non native English speaker),Control_202,11.0,P8,5.260867,3.0,100
LOND,lond004(possibly non native English speaker),Control_202,11.0,O1,-7.470737,3.0,100
LOND,lond004(possibly non native English speaker),Control_202,11.0,O2,30.43328,3.0,100
LOND,lond004(possibly non native English speaker),Control_202,7.0,Pz,-5.443095,2.0,100
LOND,lond004(possibly non native English speaker),Control_202,7.0,Cz,-2.385219,2.0,100
LOND,lond004(possibly non native English speaker),Control_202,7.0,CP1,-6.079386,2.0,100
LOND,lond004(possibly non native English speaker),Control_202,7.0,CP2,-17.34369,2.0,100
LOND,lond004(possibly non native English speaker),Control_202,7.0,P3,-10.55732,2.0,100
LOND,lond004(possibly non native English speaker),Control_202,7.0,P4,-4.623421,2.0,100
LOND,lond004(possibly non native English speaker),Control_202,7.0,C3,-2.267529,2.0,100
LOND,lond004(possibly non native English speaker),Control_202,7.0,C4,-24.83159,2.0,100
LOND,lond004(possibly non native English speaker),Control_202,7.0,P7,-16.72276,2.0,100
LOND,lond004(possibly non native English speaker),Control_202,7.0,P8,-5.78231,2.0,100
LOND,lond004(possibly non native English speaker),Control_202,7.0,O1,-16.7979,2.0,100
LOND,lond004(possibly non native English speaker),Control_202,7.0,O2,-43.88649,2.0,100
LOND,lond004(possibly non native English speaker),Violation_201,16.0,Pz,-16.06475,16.0,93
LOND,lond004(possibly non native English speaker),Violation_201,16.0,Cz,-9.082065,16.0,93
LOND,lond004(possibly non native English speaker),Violation_201,16.0,CP1,-2.990617,16.0,93
LOND,lond004(possibly non native English speaker),Violation_201,16.0,CP2,-14.39263,16.0,93
LOND,lond004(possibly non native English speaker),Violation_201,16.0,P3,-12.40103,16.0,93
LOND,lond004(possibly non native English speaker),Violation_201,16.0,P4,27.97616,16.0,93
LOND,lond004(possibly non native English speaker),Violation_201,16.0,C3,-10.6783,16.0,93
LOND,lond004(possibly non native English speaker),Violation_201,16.0,C4,-0.2422244,16.0,93
LOND,lond004(possibly non native English speaker),Violation_201,16.0,P7,-4.672967,16.0,93
LOND,lond004(possibly non native English speaker),Violation_201,16.0,P8,7.374097,16.0,93
LOND,lond004(possibly non native English speaker),Violation_201,16.0,O1,-2.351885,16.0,93
LOND,lond004(possibly non native English speaker),Violation_201,16.0,O2,30.0462,16.0,93
LOND,lond004(possibly non native English speaker),Control_202,15.0,Pz,10.54897,1.0,97
LOND,lond004(possibly non native English speaker),Control_202,15.0,Cz,4.526324,1.0,97
LOND,lond004(possibly non native English speaker),Control_202,15.0,CP1,2.439544,1.0,97
LOND,lond004(possibly non native English speaker),Control_202,15.0,CP2,-1.00925,1.0,97
LOND,lond004(possibly non native English speaker),Control_202,15.0,P3,-0.9916177,1.0,97
LOND,lond004(possibly non native English speaker),Control_202,15.0,P4,-5.121546,1.0,97
LOND,lond004(possibly non native English speaker),Control_202,15.0,C3,-6.653346,1.0,97
LOND,lond004(possibly non native English speaker),Control_202,15.0,C4,-8.49109,1.0,97
LOND,lond004(possibly non native English speaker),Control_202,15.0,P7,4.008923,1.0,97
LOND,lond004(possibly non native English speaker),Control_202,15.0,P8,-2.767756,1.0,97
LOND,lond004(possibly non native English speaker),Control_202,15.0,O1,-21.80903,1.0,97
LOND,lond004(possibly non native English speaker),Control_202,15.0,O2,-28.00169,1.0,97
LOND,lond004(possibly non native English speaker),Control_202,23.0,Pz,9.69206,25.0,97
LOND,lond004(possibly non native English speaker),Control_202,23.0,Cz,16.98834,25.0,97
LOND,lond004(possibly non native English speaker),Control_202,23.0,CP1,12.73281,25.0,97
LOND,lond004(possibly non native English speaker),Control_202,23.0,CP2,11.62715,25.0,97
LOND,lond004(possibly non native English speaker),Control_202,23.0,P3,6.098105,25.0,97
LOND,lond004(possibly non native English speaker),Control_202,23.0,P4,6.310326,25.0,97
LOND,lond004(possibly non native English speaker),Control_202,23.0,C3,4.638228,25.0,97
LOND,lond004(possibly non native English speaker),Control_202,23.0,C4,30.08688,25.0,97
LOND,lond004(possibly non native English speaker),Control_202,23.0,P7,56.74516,25.0,97
LOND,lond004(possibly non native English speaker),Control_202,23.0,P8,17.40313,25.0,97
LOND,lond004(possibly non native English speaker),Control_202,23.0,O1,21.60683,25.0,97
LOND,lond004(possibly non native English speaker),Control_202,23.0,O2,41.80995,25.0,97
LOND,lond004(possibly non native English speaker),Control_202,35.0,Pz,0.784789,33.0,53
LOND,lond004(possibly non native English speaker),Control_202,35.0,Cz,-0.3686273,33.0,53
LOND,lond004(possibly non native English speaker),Control_202,35.0,CP1,1.163914,33.0,53
LOND,lond004(possibly non native English speaker),Control_202,35.0,CP2,-1.014819,33.0,53
LOND,lond004(possibly non native English speaker),Control_202,35.0,P3,9.624078,33.0,53
LOND,lond004(possibly non native English speaker),Control_202,35.0,P4,9.271788,33.0,53
LOND,lond004(possibly non native English speaker),Control_202,35.0,C3,-8.300492,33.0,53
LOND,lond004(possibly non native English speaker),Control_202,35.0,C4,0.2910818,33.0,53
LOND,lond004(possibly non native English speaker),Control_202,35.0,P7,7.09768,33.0,53
LOND,lond004(possibly non native English speaker),Control_202,35.0,P8,6.74879,33.0,53
LOND,lond004(possibly non native English speaker),Control_202,35.0,O1,16.77542,33.0,53
LOND,lond004(possibly non native English speaker),Control_202,35.0,O2,6.748316,33.0,53
LOND,lond004(possibly non native English speaker),Violation_201,28.0,Pz,24.24946,37.0,80
LOND,lond004(possibly non native English speaker),Violation_201,28.0,Cz,25.70394,37.0,80
LOND,lond004(possibly non native English speaker),Violation_201,28.0,CP1,27.79736,37.0,80
LOND,lond004(possibly non native English speaker),Violation_201,28.0,CP2,28.03813,37.0,80
LOND,lond004(possibly non native English speaker),Violation_201,28.0,P3,15.904,37.0,80
LOND,lond004(possibly non native English speaker),Violation_201,28.0,P4,12.48674,37.0,80
LOND,lond004(possibly non native English speaker),Violation_201,28.0,C3,34.60207,37.0,80
LOND,lond004(possibly non native English speaker),Violation_201,28.0,C4,27.03096,37.0,80
LOND,lond004(possibly non native English speaker),Violation_201,28.0,P7,12.96086,37.0,80
LOND,lond004(possibly non native English speaker),Violation_201,28.0,P8,18.15925,37.0,80
LOND,lond004(possibly non native English speaker),Violation_201,28.0,O1,6.28969,37.0,80
LOND,lond004(possibly non native English speaker),Violation_201,28.0,O2,27.96027,37.0,80
LOND,lond004(possibly non native English speaker),Control_202,31.0,Pz,-2.217169,34.0,97
LOND,lond004(possibly non native English speaker),Control_202,31.0,Cz,-13.09826,34.0,97
LOND,lond004(possibly non native English speaker),Control_202,31.0,CP1,-19.25315,34.0,97
LOND,lond004(possibly non native English speaker),Control_202,31.0,CP2,-1.861806,34.0,97
LOND,lond004(possibly non native English speaker),Control_202,31.0,P3,-9.463906,34.0,97
LOND,lond004(possibly non native English speaker),Control_202,31.0,P4,1.862631,34.0,97
LOND,lond004(possibly non native English speaker),Control_202,31.0,C3,-0.3876916,34.0,97
LOND,lond004(possibly non native English speaker),Control_202,31.0,C4,4.68889,34.0,97
LOND,lond004(possibly non native English speaker),Control_202,31.0,P7,8.411711,34.0,97
LOND,lond004(possibly non native English speaker),Control_202,31.0,P8,-9.330914,34.0,97
LOND,lond004(possibly non native English speaker),Control_202,31.0,O1,-7.389943,34.0,97
LOND,lond004(possibly non native English speaker),Control_202,31.0,O2,-21.37454,34.0,97
LOND,lond004(possibly non native English speaker),Violation_201,24.0,Pz,18.13696,29.0,90
LOND,lond004(possibly non native English speaker),Violation_201,24.0,Cz,-0.7326413,29.0,90
LOND,lond004(possibly non native English speaker),Violation_201,24.0,CP1,21.28686,29.0,90
LOND,lond004(possibly non native English speaker),Violation_201,24.0,CP2,4.987795,29.0,90
LOND,lond004(possibly non native English speaker),Violation_201,24.0,P3,9.142235,29.0,90
LOND,lond004(possibly non native English speaker),Violation_201,24.0,P4,4.564465,29.0,90
LOND,lond004(possibly non native English speaker),Violation_201,24.0,C3,1.825992,29.0,90
LOND,lond004(possibly non native English speaker),Violation_201,24.0,C4,9.620361,29.0,90
LOND,lond004(possibly non native English speaker),Violation_201,24.0,P7,5.209383,29.0,90
LOND,lond004(possibly non native English speaker),Violation_201,24.0,P8,1.65801,29.0,90
LOND,lond004(possibly non native English speaker),Violation_201,24.0,O1,15.46457,29.0,90
LOND,lond004(possibly non native English speaker),Violation_201,24.0,O2,9.197871,29.0,90
LOND,lond004(possibly non native English speaker),Violation_201,32.0,Pz,6.946248,31.0,77
LOND,lond004(possibly non native English speaker),Violation_201,32.0,Cz,5.720475,31.0,77
LOND,lond004(possibly non native English speaker),Violation_201,32.0,CP1,5.96594,31.0,77
LOND,lond004(possibly non native English speaker),Violation_201,32.0,CP2,2.978501,31.0,77
LOND,lond004(possibly non native English speaker),Violation_201,32.0,P3,-1.018207,31.0,77
LOND,lond004(possibly non native English speaker),Violation_201,32.0,P4,12.28954,31.0,77
LOND,lond004(possibly non native English speaker),Violation_201,32.0,C3,22.23175,31.0,77
LOND,lond004(possibly non native English speaker),Violation_201,32.0,C4,6.081653,31.0,77
LOND,lond004(possibly non native English speaker),Violation_201,32.0,P7,2.696959,31.0,77
LOND,lond004(possibly non native English speaker),Violation_201,32.0,P8,-2.698747,31.0,77
LOND,lond004(possibly non native English speaker),Violation_201,32.0,O1,-1.660663,31.0,77
LOND,lond004(possibly non native English speaker),Violation_201,32.0,O2,9.773663,31.0,77
LOND,lond004(possibly non native English speaker),Control_202,39.0,Pz,12.31164,39.0,97
LOND,lond004(possibly non native English speaker),Control_202,39.0,Cz,10.82686,39.0,97
LOND,lond004(possibly non native English speaker),Control_202,39.0,CP1,4.645771,39.0,97
LOND,lond004(possibly non native English speaker),Control_202,39.0,CP2,7.010934,39.0,97
LOND,lond004(possibly non native English speaker),Control_202,39.0,P3,13.1836,39.0,97
LOND,lond004(possibly non native English speaker),Control_202,39.0,P4,12.35428,39.0,97
LOND,lond004(possibly non native English speaker),Control_202,39.0,C3,45.25519,39.0,97
LOND,lond004(possibly non native English speaker),Control_202,39.0,C4,-1.379761,39.0,97
LOND,lond004(possibly non native English speaker),Control_202,39.0,P7,14.11226,39.0,97
LOND,lond004(possibly non native English speaker),Control_202,39.0,P8,4.312171,39.0,97
LOND,lond004(possibly non native English speaker),Control_202,39.0,O1,16.65343,39.0,97
LOND,lond004(possibly non native English speaker),Control_202,39.0,O2,-20.43428,39.0,97
LOND,lond004(possibly non native English speaker),Violation_201,36.0,Pz,6.170188,32.0,80
LOND,lond004(possibly non native English speaker),Violation_201,36.0,Cz,4.892947,32.0,80
LOND,lond004(possibly non native English speaker),Violation_201,36.0,CP1,-1.817633,32.0,80
LOND,lond004(possibly non native English speaker),Violation_201,36.0,CP2,2.677367,32.0,80
LOND,lond004(possibly non native English speaker),Violation_201,36.0,P3,-4.252137,32.0,80
LOND,lond004(possibly non native English speaker),Violation_201,36.0,P4,-17.87322,32.0,80
LOND,lond004(possibly non native English speaker),Violation_201,36.0,C3,19.2008,32.0,80
LOND,lond004(possibly non native English speaker),Violation_201,36.0,C4,0.1534956,32.0,80
LOND,lond004(possibly non native English speaker),Violation_201,36.0,P7,11.84209,32.0,80
LOND,lond004(possibly non native English speaker),Violation_201,36.0,P8,2.191515,32.0,80
LOND,lond004(possibly non native English speaker),Violation_201,36.0,O1,-0.2498754,32.0,80
LOND,lond004(possibly non native English speaker),Violation_201,36.0,O2,-57.42334,32.0,80
LOND,lond004(possibly non native English speaker),Control_202,59.0,Pz,32.45655,52.0,87
LOND,lond004(possibly non native English speaker),Control_202,59.0,Cz,21.83332,52.0,87
LOND,lond004(possibly non native English speaker),Control_202,59.0,CP1,29.47881,52.0,87
LOND,lond004(possibly non native English speaker),Control_202,59.0,CP2,19.55049,52.0,87
LOND,lond004(possibly non native English speaker),Control_202,59.0,P3,27.15325,52.0,87
LOND,lond004(possibly non native English speaker),Control_202,59.0,P4,31.79967,52.0,87
LOND,lond004(possibly non native English speaker),Control_202,59.0,C3,14.58398,52.0,87
LOND,lond004(possibly non native English speaker),Control_202,59.0,C4,34.99445,52.0,87
LOND,lond004(possibly non native English speaker),Control_202,59.0,P7,-1.176964,52.0,87
LOND,lond004(possibly non native English speaker),Control_202,59.0,P8,29.15989,52.0,87
LOND,lond004(possibly non native English speaker),Control_202,59.0,O1,13.58429,52.0,87
LOND,lond004(possibly non native English speaker),Control_202,59.0,O2,16.70356,52.0,87
LOND,lond004(possibly non native English speaker),Control_202,44.0,Pz,-7.261587,54.0,77
LOND,lond004(possibly non native English speaker),Control_202,44.0,Cz,-15.49966,54.0,77
LOND,lond004(possibly non native English speaker),Control_202,44.0,CP1,-3.261453,54.0,77
LOND,lond004(possibly non native English speaker),Control_202,44.0,CP2,-4.322911,54.0,77
LOND,lond004(possibly non native English speaker),Control_202,44.0,P3,-8.467674,54.0,77
LOND,lond004(possibly non native English speaker),Control_202,44.0,P4,-10.9984,54.0,77
LOND,lond004(possibly non native English speaker),Control_202,44.0,C3,-17.66722,54.0,77
LOND,lond004(possibly non native English speaker),Control_202,44.0,C4,-27.01888,54.0,77
LOND,lond004(possibly non native English speaker),Control_202,44.0,P7,-9.157802,54.0,77
LOND,lond004(possibly non native English speaker),Control_202,44.0,P8,-3.206462,54.0,77
LOND,lond004(possibly non native English speaker),Control_202,44.0,O1,-20.29753,54.0,77
LOND,lond004(possibly non native English speaker),Control_202,44.0,O2,-9.758053,54.0,77
LOND,lond004(possibly non native English speaker),Violation_201,48.0,Pz,-18.00768,60.0,90
LOND,lond004(possibly non native English speaker),Violation_201,48.0,Cz,6.36275,60.0,90
LOND,lond004(possibly non native English speaker),Violation_201,48.0,CP1,-7.973917,60.0,90
LOND,lond004(possibly non native English speaker),Violation_201,48.0,CP2,-8.380023,60.0,90
LOND,lond004(possibly non native English speaker),Violation_201,48.0,P3,-16.66611,60.0,90
LOND,lond004(possibly non native English speaker),Violation_201,48.0,P4,-11.33043,60.0,90
LOND,lond004(possibly non native English speaker),Violation_201,48.0,C3,-25.18913,60.0,90
LOND,lond004(possibly non native English speaker),Violation_201,48.0,C4,-6.721494,60.0,90
LOND,lond004(possibly non native English speaker),Violation_201,48.0,P7,-6.305544,60.0,90
LOND,lond004(possibly non native English speaker),Violation_201,48.0,P8,-9.092824,60.0,90
LOND,lond004(possibly non native English speaker),Violation_201,48.0,O1,-7.246245,60.0,90
LOND,lond004(possibly non native English speaker),Violation_201,48.0,O2,-4.310819,60.0,90
LOND,lond004(possibly non native English speaker),Violation_201,60.0,Pz,-0.2252444,56.0,93
LOND,lond004(possibly non native English speaker),Violation_201,60.0,Cz,-0.556879,56.0,93
LOND,lond004(possibly non native English speaker),Violation_201,60.0,CP1,9.136784,56.0,93
LOND,lond004(possibly non native English speaker),Violation_201,60.0,CP2,7.896116,56.0,93
LOND,lond004(possibly non native English speaker),Violation_201,60.0,P3,0.6686757,56.0,93
LOND,lond004(possibly non native English speaker),Violation_201,60.0,P4,13.34339,56.0,93
LOND,lond004(possibly non native English speaker),Violation_201,60.0,C3,10.06163,56.0,93
LOND,lond004(possibly non native English speaker),Violation_201,60.0,C4,14.75547,56.0,93
LOND,lond004(possibly non native English speaker),Violation_201,60.0,P7,7.680652,56.0,93
LOND,lond004(possibly non native English speaker),Violation_201,60.0,P8,-0.8382266,56.0,93
LOND,lond004(possibly non native English speaker),Violation_201,60.0,O1,-21.41203,56.0,93
LOND,lond004(possibly non native English speaker),Violation_201,60.0,O2,1.167007,56.0,93
LOND,lond004(possibly non native English speaker),Violation_201,43.0,Pz,-5.190075,44.0,90
LOND,lond004(possibly non native English speaker),Violation_201,43.0,Cz,22.15172,44.0,90
LOND,lond004(possibly non native English speaker),Violation_201,43.0,CP1,8.232113,44.0,90
LOND,lond004(possibly non native English speaker),Violation_201,43.0,CP2,10.83814,44.0,90
LOND,lond004(possibly non native English speaker),Violation_201,43.0,P3,14.42047,44.0,90
LOND,lond004(possibly non native English speaker),Violation_201,43.0,P4,2.878794,44.0,90
LOND,lond004(possibly non native English speaker),Violation_201,43.0,C3,36.33405,44.0,90
LOND,lond004(possibly non native English speaker),Violation_201,43.0,C4,-10.7155,44.0,90
LOND,lond004(possibly non native English speaker),Violation_201,43.0,P7,17.922,44.0,90
LOND,lond004(possibly non native English speaker),Violation_201,43.0,P8,17.3707,44.0,90
LOND,lond004(possibly non native English speaker),Violation_201,43.0,O1,12.03555,44.0,90
LOND,lond004(possibly non native English speaker),Violation_201,43.0,O2,0.7913386,44.0,90
LOND,lond004(possibly non native English speaker),Control_202,55.0,Pz,10.24986,49.0,40
LOND,lond004(possibly non native English speaker),Control_202,55.0,Cz,11.84076,49.0,40
LOND,lond004(possibly non native English speaker),Control_202,55.0,CP1,15.25191,49.0,40
LOND,lond004(possibly non native English speaker),Control_202,55.0,CP2,16.18665,49.0,40
LOND,lond004(possibly non native English speaker),Control_202,55.0,P3,3.631755,49.0,40
LOND,lond004(possibly non native English speaker),Control_202,55.0,P4,-0.2461681,49.0,40
LOND,lond004(possibly non native English speaker),Control_202,55.0,C3,7.442225,49.0,40
LOND,lond004(possibly non native English speaker),Control_202,55.0,C4,-10.44366,49.0,40
LOND,lond004(possibly non native English speaker),Control_202,55.0,P7,0.2188584,49.0,40
LOND,lond004(possibly non native English speaker),Control_202,55.0,P8,2.634037,49.0,40
LOND,lond004(possibly non native English speaker),Control_202,55.0,O1,20.94306,49.0,40
LOND,lond004(possibly non native English speaker),Control_202,55.0,O2,5.414186,49.0,40
LOND,lond004(possibly non native English speaker),Control_202,47.0,Pz,8.361191,58.0,73
LOND,lond004(possibly non native English speaker),Control_202,47.0,Cz,3.273587,58.0,73
LOND,lond004(possibly non native English speaker),Control_202,47.0,CP1,6.449268,58.0,73
LOND,lond004(possibly non native English speaker),Control_202,47.0,CP2,2.727557,58.0,73
LOND,lond004(possibly non native English speaker),Control_202,47.0,P3,7.903778,58.0,73
LOND,lond004(possibly non native English speaker),Control_202,47.0,P4,8.636154,58.0,73
LOND,lond004(possibly non native English speaker),Control_202,47.0,C3,7.234011,58.0,73
LOND,lond004(possibly non native English speaker),Control_202,47.0,C4,6.569764,58.0,73
LOND,lond004(possibly non native English speaker),Control_202,47.0,P7,-5.096896,58.0,73
LOND,lond004(possibly non native English speaker),Control_202,47.0,P8,-3.111997,58.0,73
LOND,lond004(possibly non native English speaker),Control_202,47.0,O1,3.167504,58.0,73
LOND,lond004(possibly non native English speaker),Control_202,47.0,O2,20.08944,58.0,73
LOND,lond004(possibly non native English speaker),Control_202,51.0,Pz,-5.194342,47.0,100
LOND,lond004(possibly non native English speaker),Control_202,51.0,Cz,8.770079,47.0,100
LOND,lond004(possibly non native English speaker),Control_202,51.0,CP1,3.98981,47.0,100
LOND,lond004(possibly non native English speaker),Control_202,51.0,CP2,10.63882,47.0,100
LOND,lond004(possibly non native English speaker),Control_202,51.0,P3,4.26859,47.0,100
LOND,lond004(possibly non native English speaker),Control_202,51.0,P4,2.703998,47.0,100
LOND,lond004(possibly non native English speaker),Control_202,51.0,C3,16.06246,47.0,100
LOND,lond004(possibly non native English speaker),Control_202,51.0,C4,5.122679,47.0,100
LOND,lond004(possibly non native English speaker),Control_202,51.0,P7,8.053068,47.0,100
LOND,lond004(possibly non native English speaker),Control_202,51.0,P8,1.704536,47.0,100
LOND,lond004(possibly non native English speaker),Control_202,51.0,O1,-6.029106,47.0,100
LOND,lond004(possibly non native English speaker),Control_202,51.0,O2,2.933045,47.0,100
LOND,lond004(possibly non native English speaker),Violation_201,52.0,Pz,-5.140327,41.0,100
LOND,lond004(possibly non native English speaker),Violation_201,52.0,Cz,-14.76086,41.0,100
LOND,lond004(possibly non native English speaker),Violation_201,52.0,CP1,-24.47356,41.0,100
LOND,lond004(possibly non native English speaker),Violation_201,52.0,CP2,-5.719565,41.0,100
LOND,lond004(possibly non native English speaker),Violation_201,52.0,P3,-11.38147,41.0,100
LOND,lond004(possibly non native English speaker),Violation_201,52.0,P4,-26.07446,41.0,100
LOND,lond004(possibly non native English speaker),Violation_201,52.0,C3,-19.96742,41.0,100
LOND,lond004(possibly non native English speaker),Violation_201,52.0,C4,-36.46862,41.0,100
LOND,lond004(possibly non native English speaker),Violation_201,52.0,P7,3.086585,41.0,100
LOND,lond004(possibly non native English speaker),Violation_201,52.0,P8,-21.75904,41.0,100
LOND,lond004(possibly non native English speaker),Violation_201,52.0,O1,-15.41792,41.0,100
LOND,lond004(possibly non native English speaker),Violation_201,52.0,O2,-17.15165,41.0,100
LOND,lond004(possibly non native English speaker),Violation_201,56.0,Pz,11.77377,51.0,90
LOND,lond004(possibly non native English speaker),Violation_201,56.0,Cz,8.656086,51.0,90
LOND,lond004(possibly non native English speaker),Violation_201,56.0,CP1,9.631609,51.0,90
LOND,lond004(possibly non native English speaker),Violation_201,56.0,CP2,7.326372,51.0,90
LOND,lond004(possibly non native English speaker),Violation_201,56.0,P3,0.8284785,51.0,90
LOND,lond004(possibly non native English speaker),Violation_201,56.0,P4,14.31618,51.0,90
LOND,lond004(possibly non native English speaker),Violation_201,56.0,C3,14.38826,51.0,90
LOND,lond004(possibly non native English speaker),Violation_201,56.0,C4,9.858121,51.0,90
LOND,lond004(possibly non native English speaker),Violation_201,56.0,P7,18.75747,51.0,90
LOND,lond004(possibly non native English speaker),Violation_201,56.0,P8,6.493103,51.0,90
LOND,lond004(possibly non native English speaker),Violation_201,56.0,O1,19.49703,51.0,90
LOND,lond004(possibly non native English speaker),Violation_201,56.0,O2,17.87755,51.0,90
LOND,lond004(possibly non native English speaker),Violation_201,80.0,Pz,26.81788,69.0,93
LOND,lond004(possibly non native English speaker),Violation_201,80.0,Cz,31.48132,69.0,93
LOND,lond004(possibly non native English speaker),Violation_201,80.0,CP1,25.87779,69.0,93
LOND,lond004(possibly non native English speaker),Violation_201,80.0,CP2,18.09297,69.0,93
LOND,lond004(possibly non native English speaker),Violation_201,80.0,P3,16.81657,69.0,93
LOND,lond004(possibly non native English speaker),Violation_201,80.0,P4,14.41236,69.0,93
LOND,lond004(possibly non native English speaker),Violation_201,80.0,C3,22.23838,69.0,93
LOND,lond004(possibly non native English speaker),Violation_201,80.0,C4,17.86153,69.0,93
LOND,lond004(possibly non native English speaker),Violation_201,80.0,P7,3.475956,69.0,93
LOND,lond004(possibly non native English speaker),Violation_201,80.0,P8,-0.6381947,69.0,93
LOND,lond004(possibly non native English speaker),Violation_201,80.0,O1,18.53099,69.0,93
LOND,lond004(possibly non native English speaker),Violation_201,80.0,O2,6.911888,69.0,93
LOND,lond004(possibly non native English speaker),Control_202,75.0,Pz,-9.585842,64.0,50
LOND,lond004(possibly non native English speaker),Control_202,75.0,Cz,-0.06802399,64.0,50
LOND,lond004(possibly non native English speaker),Control_202,75.0,CP1,-8.805382,64.0,50
LOND,lond004(possibly non native English speaker),Control_202,75.0,CP2,-6.239323,64.0,50
LOND,lond004(possibly non native English speaker),Control_202,75.0,P3,-9.178158,64.0,50
LOND,lond004(possibly non native English speaker),Control_202,75.0,P4,-18.45122,64.0,50
LOND,lond004(possibly non native English speaker),Control_202,75.0,C3,-10.94277,64.0,50
LOND,lond004(possibly non native English speaker),Control_202,75.0,C4,-12.3195,64.0,50
LOND,lond004(possibly non native English speaker),Control_202,75.0,P7,-7.373048,64.0,50
LOND,lond004(possibly non native English speaker),Control_202,75.0,P8,-9.299123,64.0,50
LOND,lond004(possibly non native English speaker),Control_202,75.0,O1,-18.87135,64.0,50
LOND,lond004(possibly non native English speaker),Control_202,75.0,O2,-10.96288,64.0,50
LOND,lond004(possibly non native English speaker),Violation_201,72.0,Pz,9.623234,70.0,57
LOND,lond004(possibly non native English speaker),Violation_201,72.0,Cz,-19.04202,70.0,57
LOND,lond004(possibly non native English speaker),Violation_201,72.0,CP1,14.33056,70.0,57
LOND,lond004(possibly non native English speaker),Violation_201,72.0,CP2,1.657827,70.0,57
LOND,lond004(possibly non native English speaker),Violation_201,72.0,P3,10.92751,70.0,57
LOND,lond004(possibly non native English speaker),Violation_201,72.0,P4,2.028065,70.0,57
LOND,lond004(possibly non native English speaker),Violation_201,72.0,C3,-15.89894,70.0,57
LOND,lond004(possibly non native English speaker),Violation_201,72.0,C4,-18.1183,70.0,57
LOND,lond004(possibly non native English speaker),Violation_201,72.0,P7,-8.766157,70.0,57
LOND,lond004(possibly non native English speaker),Violation_201,72.0,P8,6.167651,70.0,57
LOND,lond004(possibly non native English speaker),Violation_201,72.0,O1,-3.684846,70.0,57
LOND,lond004(possibly non native English speaker),Violation_201,72.0,O2,12.17226,70.0,57
LOND,lond004(possibly non native English speaker),Violation_201,76.0,Pz,-29.79683,79.0,97
LOND,lond004(possibly non native English speaker),Violation_201,76.0,Cz,-32.4622,79.0,97
LOND,lond004(possibly non native English speaker),Violation_201,76.0,CP1,-28.92926,79.0,97
LOND,lond004(possibly non native English speaker),Violation_201,76.0,CP2,-28.87181,79.0,97
LOND,lond004(possibly non native English speaker),Violation_201,76.0,P3,-25.29618,79.0,97
LOND,lond004(possibly non native English speaker),Violation_201,76.0,P4,-30.09083,79.0,97
LOND,lond004(possibly non native English speaker),Violation_201,76.0,C3,-18.05389,79.0,97
LOND,lond004(possibly non native English speaker),Violation_201,76.0,C4,-14.27813,79.0,97
LOND,lond004(possibly non native English speaker),Violation_201,76.0,P7,-20.24656,79.0,97
LOND,lond004(possibly non native English speaker),Violation_201,76.0,P8,-25.69621,79.0,97
LOND,lond004(possibly non native English speaker),Violation_201,76.0,O1,-13.45891,79.0,97
LOND,lond004(possibly non native English speaker),Violation_201,76.0,O2,-18.69188,79.0,97
LOND,lond004(possibly non native English speaker),Control_202,63.0,Pz,7.925824,62.0,70
LOND,lond004(possibly non native English speaker),Control_202,63.0,Cz,19.68386,62.0,70
LOND,lond004(possibly non native English speaker),Control_202,63.0,CP1,18.43777,62.0,70
LOND,lond004(possibly non native English speaker),Control_202,63.0,CP2,11.72921,62.0,70
LOND,lond004(possibly non native English speaker),Control_202,63.0,P3,16.03039,62.0,70
LOND,lond004(possibly non native English speaker),Control_202,63.0,P4,12.77783,62.0,70
LOND,lond004(possibly non native English speaker),Control_202,63.0,C3,22.18295,62.0,70
LOND,lond004(possibly non native English speaker),Control_202,63.0,C4,1.862397,62.0,70
LOND,lond004(possibly non native English speaker),Control_202,63.0,P7,2.80795,62.0,70
LOND,lond004(possibly non native English speaker),Control_202,63.0,P8,22.72031,62.0,70
LOND,lond004(possibly non native English speaker),Control_202,63.0,O1,5.356652,62.0,70
LOND,lond004(possibly non native English speaker),Control_202,63.0,O2,5.551331,62.0,70
LOND,lond004(possibly non native English speaker),Control_202,67.0,Pz,-8.253856,75.0,60
LOND,lond004(possibly non native English speaker),Control_202,67.0,Cz,-10.53228,75.0,60
LOND,lond004(possibly non native English speaker),Control_202,67.0,CP1,-12.66176,75.0,60
LOND,lond004(possibly non native English speaker),Control_202,67.0,CP2,-4.788115,75.0,60
LOND,lond004(possibly non native English speaker),Control_202,67.0,P3,-17.38611,75.0,60
LOND,lond004(possibly non native English speaker),Control_202,67.0,P4,-14.22924,75.0,60
LOND,lond004(possibly non native English speaker),Control_202,67.0,C3,-3.342002,75.0,60
LOND,lond004(possibly non native English speaker),Control_202,67.0,C4,-2.103737,75.0,60
LOND,lond004(possibly non native English speaker),Control_202,67.0,P7,-5.852913,75.0,60
LOND,lond004(possibly non native English speaker),Control_202,67.0,P8,-6.526417,75.0,60
LOND,lond004(possibly non native English speaker),Control_202,67.0,O1,-5.881363,75.0,60
LOND,lond004(possibly non native English speaker),Control_202,67.0,O2,-6.95911,75.0,60
LOND,lond004(possibly non native English speaker),Violation_201,64.0,Pz,3.946244,77.0,100
LOND,lond004(possibly non native English speaker),Violation_201,64.0,Cz,-3.647419,77.0,100
LOND,lond004(possibly non native English speaker),Violation_201,64.0,CP1,-2.968949,77.0,100
LOND,lond004(possibly non native English speaker),Violation_201,64.0,CP2,-1.444646,77.0,100
LOND,lond004(possibly non native English speaker),Violation_201,64.0,P3,-3.621161,77.0,100
LOND,lond004(possibly non native English speaker),Violation_201,64.0,P4,18.35352,77.0,100
LOND,lond004(possibly non native English speaker),Violation_201,64.0,C3,5.714472,77.0,100
LOND,lond004(possibly non native English speaker),Violation_201,64.0,C4,-6.039117,77.0,100
LOND,lond004(possibly non native English speaker),Violation_201,64.0,P7,0.03884251,77.0,100
LOND,lond004(possibly non native English speaker),Violation_201,64.0,P8,-6.040282,77.0,100
LOND,lond004(possibly non native English speaker),Violation_201,64.0,O1,-9.481455,77.0,100
LOND,lond004(possibly non native English speaker),Violation_201,64.0,O2,8.048946,77.0,100
LOND,lond004(possibly non native English speaker),Control_202,79.0,Pz,0.07304028,68.0,27
LOND,lond004(possibly non native English speaker),Control_202,79.0,Cz,2.387309,68.0,27
LOND,lond004(possibly non native English speaker),Control_202,79.0,CP1,11.04418,68.0,27
LOND,lond004(possibly non native English speaker),Control_202,79.0,CP2,-0.466251,68.0,27
LOND,lond004(possibly non native English speaker),Control_202,79.0,P3,-11.32518,68.0,27
LOND,lond004(possibly non native English speaker),Control_202,79.0,P4,8.15022,68.0,27
LOND,lond004(possibly non native English speaker),Control_202,79.0,C3,3.780549,68.0,27
LOND,lond004(possibly non native English speaker),Control_202,79.0,C4,-4.841044,68.0,27
LOND,lond004(possibly non native English speaker),Control_202,79.0,P7,8.500806,68.0,27
LOND,lond004(possibly non native English speaker),Control_202,79.0,P8,-1.008464,68.0,27
LOND,lond004(possibly non native English speaker),Control_202,79.0,O1,-1.891199,68.0,27
LOND,lond004(possibly non native English speaker),Control_202,79.0,O2,0.7570728,68.0,27
LOND,lond004(possibly non native English speaker),Control_202,71.0,Pz,-15.63689,61.0,34
LOND,lond004(possibly non native English speaker),Control_202,71.0,Cz,-13.20541,61.0,34
LOND,lond004(possibly non native English speaker),Control_202,71.0,CP1,-17.12042,61.0,34
LOND,lond004(possibly non native English speaker),Control_202,71.0,CP2,-22.28494,61.0,34
LOND,lond004(possibly non native English speaker),Control_202,71.0,P3,-19.97428,61.0,34
LOND,lond004(possibly non native English speaker),Control_202,71.0,P4,-24.95597,61.0,34
LOND,lond004(possibly non native English speaker),Control_202,71.0,C3,-42.75764,61.0,34
LOND,lond004(possibly non native English speaker),Control_202,71.0,C4,-14.64403,61.0,34
LOND,lond004(possibly non native English speaker),Control_202,71.0,P7,-22.28065,61.0,34
LOND,lond004(possibly non native English speaker),Control_202,71.0,P8,-9.380479,61.0,34
LOND,lond004(possibly non native English speaker),Control_202,71.0,O1,-30.61904,61.0,34
LOND,lond004(possibly non native English speaker),Control_202,71.0,O2,-28.36173,61.0,34
LOND,lond004(possibly non native English speaker),Violation_201,68.0,Pz,-32.45818,72.0,90
LOND,lond004(possibly non native English speaker),Violation_201,68.0,Cz,-21.31287,72.0,90
LOND,lond004(possibly non native English speaker),Violation_201,68.0,CP1,-17.35014,72.0,90
LOND,lond004(possibly non native English speaker),Violation_201,68.0,CP2,-32.30355,72.0,90
LOND,lond004(possibly non native English speaker),Violation_201,68.0,P3,-28.66396,72.0,90
LOND,lond004(possibly non native English speaker),Violation_201,68.0,P4,-26.09247,72.0,90
LOND,lond004(possibly non native English speaker),Violation_201,68.0,C3,-10.25132,72.0,90
LOND,lond004(possibly non native English speaker),Violation_201,68.0,C4,-8.48977,72.0,90
LOND,lond004(possibly non native English speaker),Violation_201,68.0,P7,-17.86898,72.0,90
LOND,lond004(possibly non native English speaker),Violation_201,68.0,P8,-20.73342,72.0,90
LOND,lond004(possibly non native English speaker),Violation_201,68.0,O1,-34.8595,72.0,90
LOND,lond004(possibly non native English speaker),Violation_201,68.0,O2,-28.05689,72.0,90
LOND,lond005,Violation_201,18.0,Pz,7.810334,6.0,100
LOND,lond005,Violation_201,18.0,Pz,7.810334,9.0,93
LOND,lond005,Violation_201,18.0,Cz,3.991553,6.0,100
LOND,lond005,Violation_201,18.0,Cz,3.991553,9.0,93
LOND,lond005,Violation_201,18.0,CP1,1.734537,6.0,100
LOND,lond005,Violation_201,18.0,CP1,1.734537,9.0,93
LOND,lond005,Violation_201,18.0,CP2,4.862806,6.0,100
LOND,lond005,Violation_201,18.0,CP2,4.862806,9.0,93
LOND,lond005,Violation_201,18.0,P3,7.943495,6.0,100
LOND,lond005,Violation_201,18.0,P3,7.943495,9.0,93
LOND,lond005,Violation_201,18.0,P4,3.126461,6.0,100
LOND,lond005,Violation_201,18.0,P4,3.126461,9.0,93
LOND,lond005,Violation_201,18.0,C3,6.716056,6.0,100
LOND,lond005,Violation_201,18.0,C3,6.716056,9.0,93
LOND,lond005,Violation_201,18.0,C4,2.656689,6.0,100
LOND,lond005,Violation_201,18.0,C4,2.656689,9.0,93
LOND,lond005,Violation_201,18.0,P7,-1.560205,6.0,100
LOND,lond005,Violation_201,18.0,P7,-1.560205,9.0,93
LOND,lond005,Violation_201,18.0,P8,1.329722,6.0,100
LOND,lond005,Violation_201,18.0,P8,1.329722,9.0,93
LOND,lond005,Violation_201,18.0,O1,3.786101,6.0,100
LOND,lond005,Violation_201,18.0,O1,3.786101,9.0,93
LOND,lond005,Violation_201,18.0,O2,1.674475,6.0,100
LOND,lond005,Violation_201,18.0,O2,1.674475,9.0,93
LOND,lond005,Violation_201,10.0,Pz,7.305449,17.0,62
LOND,lond005,Violation_201,10.0,Pz,7.305449,5.0,93
LOND,lond005,Violation_201,10.0,Cz,-2.877913,17.0,62
LOND,lond005,Violation_201,10.0,Cz,-2.877913,5.0,93
LOND,lond005,Violation_201,10.0,CP1,-3.794084,17.0,62
LOND,lond005,Violation_201,10.0,CP1,-3.794084,5.0,93
LOND,lond005,Violation_201,10.0,CP2,4.257127,17.0,62
LOND,lond005,Violation_201,10.0,CP2,4.257127,5.0,93
LOND,lond005,Violation_201,10.0,P3,1.305663,17.0,62
LOND,lond005,Violation_201,10.0,P3,1.305663,5.0,93
LOND,lond005,Violation_201,10.0,P4,1.410086,17.0,62
LOND,lond005,Violation_201,10.0,P4,1.410086,5.0,93
LOND,lond005,Violation_201,10.0,C3,-1.937747,17.0,62
LOND,lond005,Violation_201,10.0,C3,-1.937747,5.0,93
LOND,lond005,Violation_201,10.0,C4,4.488386,17.0,62
LOND,lond005,Violation_201,10.0,C4,4.488386,5.0,93
LOND,lond005,Violation_201,10.0,P7,7.448058,17.0,62
LOND,lond005,Violation_201,10.0,P7,7.448058,5.0,93
LOND,lond005,Violation_201,10.0,P8,0.7467424,17.0,62
LOND,lond005,Violation_201,10.0,P8,0.7467424,5.0,93
LOND,lond005,Violation_201,10.0,O1,11.31573,17.0,62
LOND,lond005,Violation_201,10.0,O1,11.31573,5.0,93
LOND,lond005,Violation_201,10.0,O2,3.634053,17.0,62
LOND,lond005,Violation_201,10.0,O2,3.634053,5.0,93
LOND,lond005,Violation_201,2.0,Pz,-6.84646,2.0,100
LOND,lond005,Violation_201,2.0,Pz,-6.84646,10.0,80
LOND,lond005,Violation_201,2.0,Cz,-13.43896,2.0,100
LOND,lond005,Violation_201,2.0,Cz,-13.43896,10.0,80
LOND,lond005,Violation_201,2.0,CP1,-13.7608,2.0,100
LOND,lond005,Violation_201,2.0,CP1,-13.7608,10.0,80
LOND,lond005,Violation_201,2.0,CP2,-7.942824,2.0,100
LOND,lond005,Violation_201,2.0,CP2,-7.942824,10.0,80
LOND,lond005,Violation_201,2.0,P3,-5.483722,2.0,100
LOND,lond005,Violation_201,2.0,P3,-5.483722,10.0,80
LOND,lond005,Violation_201,2.0,P4,-4.662453,2.0,100
LOND,lond005,Violation_201,2.0,P4,-4.662453,10.0,80
LOND,lond005,Violation_201,2.0,C3,-6.841227,2.0,100
LOND,lond005,Violation_201,2.0,C3,-6.841227,10.0,80
LOND,lond005,Violation_201,2.0,C4,-7.804759,2.0,100
LOND,lond005,Violation_201,2.0,C4,-7.804759,10.0,80
LOND,lond005,Violation_201,2.0,P7,4.712738,2.0,100
LOND,lond005,Violation_201,2.0,P7,4.712738,10.0,80
LOND,lond005,Violation_201,2.0,P8,-2.527546,2.0,100
LOND,lond005,Violation_201,2.0,P8,-2.527546,10.0,80
LOND,lond005,Violation_201,2.0,O1,-1.764181,2.0,100
LOND,lond005,Violation_201,2.0,O1,-1.764181,10.0,80
LOND,lond005,Violation_201,2.0,O2,-0.8807986,2.0,100
LOND,lond005,Violation_201,2.0,O2,-0.8807986,10.0,80
LOND,lond005,Control_202,1.0,Pz,-2.407088,1.0,97
LOND,lond005,Control_202,1.0,Pz,-2.407088,18.0,87
LOND,lond005,Control_202,1.0,Cz,5.10203,1.0,97
LOND,lond005,Control_202,1.0,Cz,5.10203,18.0,87
LOND,lond005,Control_202,1.0,CP1,-4.06191,1.0,97
LOND,lond005,Control_202,1.0,CP1,-4.06191,18.0,87
LOND,lond005,Control_202,1.0,CP2,-1.418181,1.0,97
LOND,lond005,Control_202,1.0,CP2,-1.418181,18.0,87
LOND,lond005,Control_202,1.0,P3,-5.818068,1.0,97
LOND,lond005,Control_202,1.0,P3,-5.818068,18.0,87
LOND,lond005,Control_202,1.0,P4,-6.930508,1.0,97
LOND,lond005,Control_202,1.0,P4,-6.930508,18.0,87
LOND,lond005,Control_202,1.0,C3,-1.087746,1.0,97
LOND,lond005,Control_202,1.0,C3,-1.087746,18.0,87
LOND,lond005,Control_202,1.0,C4,-1.353002,1.0,97
LOND,lond005,Control_202,1.0,C4,-1.353002,18.0,87
LOND,lond005,Control_202,1.0,P7,3.768276,1.0,97
LOND,lond005,Control_202,1.0,P7,3.768276,18.0,87
LOND,lond005,Control_202,1.0,P8,-3.658809,1.0,97
LOND,lond005,Control_202,1.0,P8,-3.658809,18.0,87
LOND,lond005,Control_202,1.0,O1,-2.330425,1.0,97
LOND,lond005,Control_202,1.0,O1,-2.330425,18.0,87
LOND,lond005,Control_202,1.0,O2,-8.306554,1.0,97
LOND,lond005,Control_202,1.0,O2,-8.306554,18.0,87
LOND,lond005,Violation_201,14.0,Pz,-8.013111,7.0,80
LOND,lond005,Violation_201,14.0,Pz,-8.013111,12.0,100
LOND,lond005,Violation_201,14.0,Cz,-4.565799,7.0,80
LOND,lond005,Violation_201,14.0,Cz,-4.565799,12.0,100
LOND,lond005,Violation_201,14.0,CP1,0.1640578,7.0,80
LOND,lond005,Violation_201,14.0,CP1,0.1640578,12.0,100
LOND,lond005,Violation_201,14.0,CP2,-9.946975,7.0,80
LOND,lond005,Violation_201,14.0,CP2,-9.946975,12.0,100
LOND,lond005,Violation_201,14.0,P3,-0.3499996,7.0,80
LOND,lond005,Violation_201,14.0,P3,-0.3499996,12.0,100
LOND,lond005,Violation_201,14.0,P4,-7.164768,7.0,80
LOND,lond005,Violation_201,14.0,P4,-7.164768,12.0,100
LOND,lond005,Violation_201,14.0,C3,-3.242541,7.0,80
LOND,lond005,Violation_201,14.0,C3,-3.242541,12.0,100
LOND,lond005,Violation_201,14.0,C4,0.4084106,7.0,80
LOND,lond005,Violation_201,14.0,C4,0.4084106,12.0,100
LOND,lond005,Violation_201,14.0,P7,-0.7123266,7.0,80
LOND,lond005,Violation_201,14.0,P7,-0.7123266,12.0,100
LOND,lond005,Violation_201,14.0,P8,1.834835,7.0,80
LOND,lond005,Violation_201,14.0,P8,1.834835,12.0,100
LOND,lond005,Violation_201,14.0,O1,-2.72058,7.0,80
LOND,lond005,Violation_201,14.0,O1,-2.72058,12.0,100
LOND,lond005,Violation_201,14.0,O2,-4.861596,7.0,80
LOND,lond005,Violation_201,14.0,O2,-4.861596,12.0,100
LOND,lond005,Control_202,5.0,Pz,-9.237939,11.0,87
LOND,lond005,Control_202,5.0,Pz,-9.237939,8.0,97
LOND,lond005,Control_202,5.0,Cz,-3.21405,11.0,87
LOND,lond005,Control_202,5.0,Cz,-3.21405,8.0,97
LOND,lond005,Control_202,5.0,CP1,-12.62189,11.0,87
LOND,lond005,Control_202,5.0,CP1,-12.62189,8.0,97
LOND,lond005,Control_202,5.0,CP2,-5.045602,11.0,87
LOND,lond005,Control_202,5.0,CP2,-5.045602,8.0,97
LOND,lond005,Control_202,5.0,P3,3.666117,11.0,87
LOND,lond005,Control_202,5.0,P3,3.666117,8.0,97
LOND,lond005,Control_202,5.0,P4,-0.8356693,11.0,87
LOND,lond005,Control_202,5.0,P4,-0.8356693,8.0,97
LOND,lond005,Control_202,5.0,C3,-6.677418,11.0,87
LOND,lond005,Control_202,5.0,C3,-6.677418,8.0,97
LOND,lond005,Control_202,5.0,C4,-4.111581,11.0,87
LOND,lond005,Control_202,5.0,C4,-4.111581,8.0,97
LOND,lond005,Control_202,5.0,P7,-3.89614,11.0,87
LOND,lond005,Control_202,5.0,P7,-3.89614,8.0,97
LOND,lond005,Control_202,5.0,P8,1.086921,11.0,87
LOND,lond005,Control_202,5.0,P8,1.086921,8.0,97
LOND,lond005,Control_202,5.0,O1,-3.652931,11.0,87
LOND,lond005,Control_202,5.0,O1,-3.652931,8.0,97
LOND,lond005,Control_202,5.0,O2,-4.54278,11.0,87
LOND,lond005,Control_202,5.0,O2,-4.54278,8.0,97
LOND,lond005,Control_202,17.0,Pz,-12.76202,18.0,87
LOND,lond005,Control_202,17.0,Pz,-12.76202,20.0,90
LOND,lond005,Control_202,17.0,Cz,-11.81438,18.0,87
LOND,lond005,Control_202,17.0,Cz,-11.81438,20.0,90
LOND,lond005,Control_202,17.0,CP1,-13.61819,18.0,87
LOND,lond005,Control_202,17.0,CP1,-13.61819,20.0,90
LOND,lond005,Control_202,17.0,CP2,-9.678153,18.0,87
LOND,lond005,Control_202,17.0,CP2,-9.678153,20.0,90
LOND,lond005,Control_202,17.0,P3,-11.7101,18.0,87
LOND,lond005,Control_202,17.0,P3,-11.7101,20.0,90
LOND,lond005,Control_202,17.0,P4,-10.04944,18.0,87
LOND,lond005,Control_202,17.0,P4,-10.04944,20.0,90
LOND,lond005,Control_202,17.0,C3,-0.8979349,18.0,87
LOND,lond005,Control_202,17.0,C3,-0.8979349,20.0,90
LOND,lond005,Control_202,17.0,C4,-11.03527,18.0,87
LOND,lond005,Control_202,17.0,C4,-11.03527,20.0,90
LOND,lond005,Control_202,17.0,P7,-1.428902,18.0,87
LOND,lond005,Control_202,17.0,P7,-1.428902,20.0,90
LOND,lond005,Control_202,17.0,P8,-9.918897,18.0,87
LOND,lond005,Control_202,17.0,P8,-9.918897,20.0,90
LOND,lond005,Control_202,17.0,O1,-7.633364,18.0,87
LOND,lond005,Control_202,17.0,O1,-7.633364,20.0,90
LOND,lond005,Control_202,17.0,O2,-0.8908991,18.0,87
LOND,lond005,Control_202,17.0,O2,-0.8908991,20.0,90
LOND,lond005,Violation_201,6.0,Pz,-4.798231,13.0,97
LOND,lond005,Violation_201,6.0,Pz,-4.798231,2.0,100
LOND,lond005,Violation_201,6.0,Cz,-4.318227,13.0,97
LOND,lond005,Violation_201,6.0,Cz,-4.318227,2.0,100
LOND,lond005,Violation_201,6.0,CP1,4.495039,13.0,97
LOND,lond005,Violation_201,6.0,CP1,4.495039,2.0,100
LOND,lond005,Violation_201,6.0,CP2,-1.427254,13.0,97
LOND,lond005,Violation_201,6.0,CP2,-1.427254,2.0,100
LOND,lond005,Violation_201,6.0,P3,2.139642,13.0,97
LOND,lond005,Violation_201,6.0,P3,2.139642,2.0,100
LOND,lond005,Violation_201,6.0,P4,0.5187165,13.0,97
LOND,lond005,Violation_201,6.0,P4,0.5187165,2.0,100
LOND,lond005,Violation_201,6.0,C3,-0.5823609,13.0,97
LOND,lond005,Violation_201,6.0,C3,-0.5823609,2.0,100
LOND,lond005,Violation_201,6.0,C4,0.9673037,13.0,97
LOND,lond005,Violation_201,6.0,C4,0.9673037,2.0,100
LOND,lond005,Violation_201,6.0,P7,1.975845,13.0,97
LOND,lond005,Violation_201,6.0,P7,1.975845,2.0,100
LOND,lond005,Violation_201,6.0,P8,0.4176832,13.0,97
LOND,lond005,Violation_201,6.0,P8,0.4176832,2.0,100
LOND,lond005,Violation_201,6.0,O1,-1.04184,13.0,97
LOND,lond005,Violation_201,6.0,O1,-1.04184,2.0,100
LOND,lond005,Violation_201,6.0,O2,-2.622104,13.0,97
LOND,lond005,Violation_201,6.0,O2,-2.622104,2.0,100
LOND,lond005,Control_202,13.0,Pz,-15.80368,3.0,100
LOND,lond005,Control_202,13.0,Pz,-15.80368,4.0,93
LOND,lond005,Control_202,13.0,Cz,-16.78039,3.0,100
LOND,lond005,Control_202,13.0,Cz,-16.78039,4.0,93
LOND,lond005,Control_202,13.0,CP1,-31.15087,3.0,100
LOND,lond005,Control_202,13.0,CP1,-31.15087,4.0,93
LOND,lond005,Control_202,13.0,CP2,-18.66508,3.0,100
LOND,lond005,Control_202,13.0,CP2,-18.66508,4.0,93
LOND,lond005,Control_202,13.0,P3,-11.76223,3.0,100
LOND,lond005,Control_202,13.0,P3,-11.76223,4.0,93
LOND,lond005,Control_202,13.0,P4,-16.23916,3.0,100
LOND,lond005,Control_202,13.0,P4,-16.23916,4.0,93
LOND,lond005,Control_202,13.0,C3,-19.40491,3.0,100
LOND,lond005,Control_202,13.0,C3,-19.40491,4.0,93
LOND,lond005,Control_202,13.0,C4,-24.41328,3.0,100
LOND,lond005,Control_202,13.0,C4,-24.41328,4.0,93
LOND,lond005,Control_202,13.0,P7,-9.117329,3.0,100
LOND,lond005,Control_202,13.0,P7,-9.117329,4.0,93
LOND,lond005,Control_202,13.0,P8,-13.43563,3.0,100
LOND,lond005,Control_202,13.0,P8,-13.43563,4.0,93
LOND,lond005,Control_202,13.0,O1,-5.811675,3.0,100
LOND,lond005,Control_202,13.0,O1,-5.811675,4.0,93
LOND,lond005,Control_202,13.0,O2,-5.28168,3.0,100
LOND,lond005,Control_202,13.0,O2,-5.28168,4.0,93
LOND,lond005,Control_202,9.0,Pz,11.70728,16.0,93
LOND,lond005,Control_202,9.0,Pz,11.70728,19.0,100
LOND,lond005,Control_202,9.0,Cz,1.418964,16.0,93
LOND,lond005,Control_202,9.0,Cz,1.418964,19.0,100
LOND,lond005,Control_202,9.0,CP1,11.42787,16.0,93
LOND,lond005,Control_202,9.0,CP1,11.42787,19.0,100
LOND,lond005,Control_202,9.0,CP2,6.720037,16.0,93
LOND,lond005,Control_202,9.0,CP2,6.720037,19.0,100
LOND,lond005,Control_202,9.0,P3,9.599334,16.0,93
LOND,lond005,Control_202,9.0,P3,9.599334,19.0,100
LOND,lond005,Control_202,9.0,P4,6.564591,16.0,93
LOND,lond005,Control_202,9.0,P4,6.564591,19.0,100
LOND,lond005,Control_202,9.0,C3,7.407738,16.0,93
LOND,lond005,Control_202,9.0,C3,7.407738,19.0,100
LOND,lond005,Control_202,9.0,C4,7.946545,16.0,93
LOND,lond005,Control_202,9.0,C4,7.946545,19.0,100
LOND,lond005,Control_202,9.0,P7,3.846206,16.0,93
LOND,lond005,Control_202,9.0,P7,3.846206,19.0,100
LOND,lond005,Control_202,9.0,P8,5.188846,16.0,93
LOND,lond005,Control_202,9.0,P8,5.188846,19.0,100
LOND,lond005,Control_202,9.0,O1,2.968468,16.0,93
LOND,lond005,Control_202,9.0,O1,2.968468,19.0,100
LOND,lond005,Control_202,9.0,O2,-1.664422,16.0,93
LOND,lond005,Control_202,9.0,O2,-1.664422,19.0,100
LOND,lond005,Control_202,37.0,Pz,6.176593,27.0,97
LOND,lond005,Control_202,37.0,Pz,6.176593,39.0,97
LOND,lond005,Control_202,37.0,Cz,2.064465,27.0,97
LOND,lond005,Control_202,37.0,Cz,2.064465,39.0,97
LOND,lond005,Control_202,37.0,CP1,-0.6011952,27.0,97
LOND,lond005,Control_202,37.0,CP1,-0.6011952,39.0,97
LOND,lond005,Control_202,37.0,CP2,2.525984,27.0,97
LOND,lond005,Control_202,37.0,CP2,2.525984,39.0,97
LOND,lond005,Control_202,37.0,P3,-0.6328292,27.0,97
LOND,lond005,Control_202,37.0,P3,-0.6328292,39.0,97
LOND,lond005,Control_202,37.0,P4,7.519924,27.0,97
LOND,lond005,Control_202,37.0,P4,7.519924,39.0,97
LOND,lond005,Control_202,37.0,C3,4.345952,27.0,97
LOND,lond005,Control_202,37.0,C3,4.345952,39.0,97
LOND,lond005,Control_202,37.0,C4,4.626525,27.0,97
LOND,lond005,Control_202,37.0,C4,4.626525,39.0,97
LOND,lond005,Control_202,37.0,P7,11.63129,27.0,97
LOND,lond005,Control_202,37.0,P7,11.63129,39.0,97
LOND,lond005,Control_202,37.0,P8,10.09975,27.0,97
LOND,lond005,Control_202,37.0,P8,10.09975,39.0,97
LOND,lond005,Control_202,37.0,O1,9.143504,27.0,97
LOND,lond005,Control_202,37.0,O1,9.143504,39.0,97
LOND,lond005,Control_202,37.0,O2,6.996905,27.0,97
LOND,lond005,Control_202,37.0,O2,6.996905,39.0,97
LOND,lond005,Control_202,21.0,Pz,5.792865,21.0,77
LOND,lond005,Control_202,21.0,Pz,5.792865,37.0,80
LOND,lond005,Control_202,21.0,Cz,4.556546,21.0,77
LOND,lond005,Control_202,21.0,Cz,4.556546,37.0,80
LOND,lond005,Control_202,21.0,CP1,2.140995,21.0,77
LOND,lond005,Control_202,21.0,CP1,2.140995,37.0,80
LOND,lond005,Control_202,21.0,CP2,4.868216,21.0,77
LOND,lond005,Control_202,21.0,CP2,4.868216,37.0,80
LOND,lond005,Control_202,21.0,P3,-1.874987,21.0,77
LOND,lond005,Control_202,21.0,P3,-1.874987,37.0,80
LOND,lond005,Control_202,21.0,P4,3.766243,21.0,77
LOND,lond005,Control_202,21.0,P4,3.766243,37.0,80
LOND,lond005,Control_202,21.0,C3,-8.926673,21.0,77
LOND,lond005,Control_202,21.0,C3,-8.926673,37.0,80
LOND,lond005,Control_202,21.0,C4,5.583764,21.0,77
LOND,lond005,Control_202,21.0,C4,5.583764,37.0,80
LOND,lond005,Control_202,21.0,P7,0.9060685,21.0,77
LOND,lond005,Control_202,21.0,P7,0.9060685,37.0,80
LOND,lond005,Control_202,21.0,P8,8.76198,21.0,77
LOND,lond005,Control_202,21.0,P8,8.76198,37.0,80
LOND,lond005,Control_202,21.0,O1,1.838676,21.0,77
LOND,lond005,Control_202,21.0,O1,1.838676,37.0,80
LOND,lond005,Control_202,21.0,O2,6.375692,21.0,77
LOND,lond005,Control_202,21.0,O2,6.375692,37.0,80
LOND,lond005,Violation_201,38.0,Pz,18.09611,24.0,93
LOND,lond005,Violation_201,38.0,Cz,11.5608,24.0,93
LOND,lond005,Violation_201,38.0,CP1,24.70057,24.0,93
LOND,lond005,Violation_201,38.0,CP2,11.84225,24.0,93
LOND,lond005,Violation_201,38.0,P3,18.20554,24.0,93
LOND,lond005,Violation_201,38.0,P4,14.75603,24.0,93
LOND,lond005,Violation_201,38.0,C3,7.359292,24.0,93
LOND,lond005,Violation_201,38.0,C4,12.18584,24.0,93
LOND,lond005,Violation_201,38.0,P7,4.765604,24.0,93
LOND,lond005,Violation_201,38.0,P8,11.56306,24.0,93
LOND,lond005,Violation_201,38.0,O1,10.89546,24.0,93
LOND,lond005,Violation_201,38.0,O2,11.41666,24.0,93
LOND,lond005,Control_202,25.0,Pz,3.788663,32.0,80
LOND,lond005,Control_202,25.0,Pz,3.788663,28.0,27
LOND,lond005,Control_202,25.0,Cz,6.00662,32.0,80
LOND,lond005,Control_202,25.0,Cz,6.00662,28.0,27
LOND,lond005,Control_202,25.0,CP1,2.370391,32.0,80
LOND,lond005,Control_202,25.0,CP1,2.370391,28.0,27
LOND,lond005,Control_202,25.0,CP2,1.283724,32.0,80
LOND,lond005,Control_202,25.0,CP2,1.283724,28.0,27
LOND,lond005,Control_202,25.0,P3,6.024137,32.0,80
LOND,lond005,Control_202,25.0,P3,6.024137,28.0,27
LOND,lond005,Control_202,25.0,P4,1.833857,32.0,80
LOND,lond005,Control_202,25.0,P4,1.833857,28.0,27
LOND,lond005,Control_202,25.0,C3,-2.449455,32.0,80
LOND,lond005,Control_202,25.0,C3,-2.449455,28.0,27
LOND,lond005,Control_202,25.0,C4,1.375917,32.0,80
LOND,lond005,Control_202,25.0,C4,1.375917,28.0,27
LOND,lond005,Control_202,25.0,P7,1.894874,32.0,80
LOND,lond005,Control_202,25.0,P7,1.894874,28.0,27
LOND,lond005,Control_202,25.0,P8,0.8368933,32.0,80
LOND,lond005,Control_202,25.0,P8,0.8368933,28.0,27
LOND,lond005,Control_202,25.0,O1,1.576618,32.0,80
LOND,lond005,Control_202,25.0,O1,1.576618,28.0,27
LOND,lond005,Control_202,25.0,O2,3.672333,32.0,80
LOND,lond005,Control_202,25.0,O2,3.672333,28.0,27
LOND,lond005,Violation_201,30.0,Pz,-13.97632,35.0,97
LOND,lond005,Violation_201,30.0,Pz,-13.97632,30.0,90
LOND,lond005,Violation_201,30.0,Cz,-19.46652,35.0,97
LOND,lond005,Violation_201,30.0,Cz,-19.46652,30.0,90
LOND,lond005,Violation_201,30.0,CP1,-23.96392,35.0,97
LOND,lond005,Violation_201,30.0,CP1,-23.96392,30.0,90
LOND,lond005,Violation_201,30.0,CP2,-12.3994,35.0,97
LOND,lond005,Violation_201,30.0,CP2,-12.3994,30.0,90
LOND,lond005,Violation_201,30.0,P3,-9.594654,35.0,97
LOND,lond005,Violation_201,30.0,P3,-9.594654,30.0,90
LOND,lond005,Violation_201,30.0,P4,-10.52092,35.0,97
LOND,lond005,Violation_201,30.0,P4,-10.52092,30.0,90
LOND,lond005,Violation_201,30.0,C3,-36.4897,35.0,97
LOND,lond005,Violation_201,30.0,C3,-36.4897,30.0,90
LOND,lond005,Violation_201,30.0,C4,-19.47374,35.0,97
LOND,lond005,Violation_201,30.0,C4,-19.47374,30.0,90
LOND,lond005,Violation_201,30.0,P7,-3.173974,35.0,97
LOND,lond005,Violation_201,30.0,P7,-3.173974,30.0,90
LOND,lond005,Violation_201,30.0,P8,-3.73079,35.0,97
LOND,lond005,Violation_201,30.0,P8,-3.73079,30.0,90
LOND,lond005,Violation_201,30.0,O1,-7.175708,35.0,97
LOND,lond005,Violation_201,30.0,O1,-7.175708,30.0,90
LOND,lond005,Violation_201,30.0,O2,-7.389951,35.0,97
LOND,lond005,Violation_201,30.0,O2,-7.389951,30.0,90
LOND,lond005,Violation_201,22.0,Pz,1.116996,39.0,97
LOND,lond005,Violation_201,22.0,Pz,1.116996,21.0,77
LOND,lond005,Violation_201,22.0,Cz,-6.567792,39.0,97
LOND,lond005,Violation_201,22.0,Cz,-6.567792,21.0,77
LOND,lond005,Violation_201,22.0,CP1,-3.706795,39.0,97
LOND,lond005,Violation_201,22.0,CP1,-3.706795,21.0,77
LOND,lond005,Violation_201,22.0,CP2,-2.103374,39.0,97
LOND,lond005,Violation_201,22.0,CP2,-2.103374,21.0,77
LOND,lond005,Violation_201,22.0,P3,-3.096793,39.0,97
LOND,lond005,Violation_201,22.0,P3,-3.096793,21.0,77
LOND,lond005,Violation_201,22.0,P4,2.271105,39.0,97
LOND,lond005,Violation_201,22.0,P4,2.271105,21.0,77
LOND,lond005,Violation_201,22.0,C3,8.911015,39.0,97
LOND,lond005,Violation_201,22.0,C3,8.911015,21.0,77
LOND,lond005,Violation_201,22.0,C4,-1.892734,39.0,97
LOND,lond005,Violation_201,22.0,C4,-1.892734,21.0,77
LOND,lond005,Violation_201,22.0,P7,12.95029,39.0,97
LOND,lond005,Violation_201,22.0,P7,12.95029,21.0,77
LOND,lond005,Violation_201,22.0,P8,2.256642,39.0,97
LOND,lond005,Violation_201,22.0,P8,2.256642,21.0,77
LOND,lond005,Violation_201,22.0,O1,6.416927,39.0,97
LOND,lond005,Violation_201,22.0,O1,6.416927,21.0,77
LOND,lond005,Violation_201,22.0,O2,4.41792,39.0,97
LOND,lond005,Violation_201,22.0,O2,4.41792,21.0,77
LOND,lond005,Violation_201,29.0,Pz,20.76452,34.0,97
LOND,lond005,Violation_201,29.0,Pz,20.76452,25.0,97
LOND,lond005,Violation_201,29.0,Cz,17.69922,34.0,97
LOND,lond005,Violation_201,29.0,Cz,17.69922,25.0,97
LOND,lond005,Violation_201,29.0,CP1,32.16065,34.0,97
LOND,lond005,Violation_201,29.0,CP1,32.16065,25.0,97
LOND,lond005,Violation_201,29.0,CP2,20.04851,34.0,97
LOND,lond005,Violation_201,29.0,CP2,20.04851,25.0,97
LOND,lond005,Violation_201,29.0,P3,18.54077,34.0,97
LOND,lond005,Violation_201,29.0,P3,18.54077,25.0,97
LOND,lond005,Violation_201,29.0,P4,22.49265,34.0,97
LOND,lond005,Violation_201,29.0,P4,22.49265,25.0,97
LOND,lond005,Violation_201,29.0,C3,26.86662,34.0,97
LOND,lond005,Violation_201,29.0,C3,26.86662,25.0,97
LOND,lond005,Violation_201,29.0,C4,17.94483,34.0,97
LOND,lond005,Violation_201,29.0,C4,17.94483,25.0,97
LOND,lond005,Violation_201,29.0,P7,18.07241,34.0,97
LOND,lond005,Violation_201,29.0,P7,18.07241,25.0,97
LOND,lond005,Violation_201,29.0,P8,12.42702,34.0,97
LOND,lond005,Violation_201,29.0,P8,12.42702,25.0,97
LOND,lond005,Violation_201,29.0,O1,1.800996,34.0,97
LOND,lond005,Violation_201,29.0,O1,1.800996,25.0,97
LOND,lond005,Violation_201,29.0,O2,5.044473,34.0,97
LOND,lond005,Violation_201,29.0,O2,5.044473,25.0,97
LOND,lond005,Control_202,33.0,Pz,-7.63744,38.0,93
LOND,lond005,Control_202,33.0,Pz,-7.63744,33.0,53
LOND,lond005,Control_202,33.0,Cz,-9.944584,38.0,93
LOND,lond005,Control_202,33.0,Cz,-9.944584,33.0,53
LOND,lond005,Control_202,33.0,CP1,-10.35849,38.0,93
LOND,lond005,Control_202,33.0,CP1,-10.35849,33.0,53
LOND,lond005,Control_202,33.0,CP2,-14.54194,38.0,93
LOND,lond005,Control_202,33.0,CP2,-14.54194,33.0,53
LOND,lond005,Control_202,33.0,P3,-5.936409,38.0,93
LOND,lond005,Control_202,33.0,P3,-5.936409,33.0,53
LOND,lond005,Control_202,33.0,P4,-4.906819,38.0,93
LOND,lond005,Control_202,33.0,P4,-4.906819,33.0,53
LOND,lond005,Control_202,33.0,C3,-11.88491,38.0,93
LOND,lond005,Control_202,33.0,C3,-11.88491,33.0,53
LOND,lond005,Control_202,33.0,C4,-11.67341,38.0,93
LOND,lond005,Control_202,33.0,C4,-11.67341,33.0,53
LOND,lond005,Control_202,33.0,P7,-10.79025,38.0,93
LOND,lond005,Control_202,33.0,P7,-10.79025,33.0,53
LOND,lond005,Control_202,33.0,P8,-4.232597,38.0,93
LOND,lond005,Control_202,33.0,P8,-4.232597,33.0,53
LOND,lond005,Control_202,33.0,O1,-2.100475,38.0,93
LOND,lond005,Control_202,33.0,O1,-2.100475,33.0,53
LOND,lond005,Control_202,33.0,O2,-1.802578,38.0,93
LOND,lond005,Control_202,33.0,O2,-1.802578,33.0,53
LOND,lond005,Violation_201,34.0,Pz,-16.5523,23.0,93
LOND,lond005,Violation_201,34.0,Pz,-16.5523,34.0,97
LOND,lond005,Violation_201,34.0,Cz,-20.51267,23.0,93
LOND,lond005,Violation_201,34.0,Cz,-20.51267,34.0,97
LOND,lond005,Violation_201,34.0,CP1,-26.70091,23.0,93
LOND,lond005,Violation_201,34.0,CP1,-26.70091,34.0,97
LOND,lond005,Violation_201,34.0,CP2,-14.33704,23.0,93
LOND,lond005,Violation_201,34.0,CP2,-14.33704,34.0,97
LOND,lond005,Violation_201,34.0,P3,-15.33214,23.0,93
LOND,lond005,Violation_201,34.0,P3,-15.33214,34.0,97
LOND,lond005,Violation_201,34.0,P4,-18.64524,23.0,93
LOND,lond005,Violation_201,34.0,P4,-18.64524,34.0,97
LOND,lond005,Violation_201,34.0,C3,-21.37529,23.0,93
LOND,lond005,Violation_201,34.0,C3,-21.37529,34.0,97
LOND,lond005,Violation_201,34.0,C4,-25.52038,23.0,93
LOND,lond005,Violation_201,34.0,C4,-25.52038,34.0,97
LOND,lond005,Violation_201,34.0,P7,-13.00321,23.0,93
LOND,lond005,Violation_201,34.0,P7,-13.00321,34.0,97
LOND,lond005,Violation_201,34.0,P8,-17.20484,23.0,93
LOND,lond005,Violation_201,34.0,P8,-17.20484,34.0,97
LOND,lond005,Violation_201,34.0,O1,-12.45218,23.0,93
LOND,lond005,Violation_201,34.0,O1,-12.45218,34.0,97
LOND,lond005,Violation_201,34.0,O2,-14.01591,23.0,93
LOND,lond005,Violation_201,34.0,O2,-14.01591,34.0,97
LOND,lond005,Violation_201,26.0,Pz,-10.15806,36.0,77
LOND,lond005,Violation_201,26.0,Cz,-8.869328,36.0,77
LOND,lond005,Violation_201,26.0,CP1,-18.33323,36.0,77
LOND,lond005,Violation_201,26.0,CP2,-2.847046,36.0,77
LOND,lond005,Violation_201,26.0,P3,-8.95654,36.0,77
LOND,lond005,Violation_201,26.0,P4,-5.891231,36.0,77
LOND,lond005,Violation_201,26.0,C3,-8.420388,36.0,77
LOND,lond005,Violation_201,26.0,C4,-8.172055,36.0,77
LOND,lond005,Violation_201,26.0,P7,-4.92437,36.0,77
LOND,lond005,Violation_201,26.0,P8,0.3053103,36.0,77
LOND,lond005,Violation_201,26.0,O1,-5.462859,36.0,77
LOND,lond005,Violation_201,26.0,O2,-10.797,36.0,77
LOND,lond005,Control_202,57.0,Pz,2.07047,41.0,100
LOND,lond005,Control_202,57.0,Pz,2.07047,48.0,87
LOND,lond005,Control_202,57.0,Cz,2.512017,41.0,100
LOND,lond005,Control_202,57.0,Cz,2.512017,48.0,87
LOND,lond005,Control_202,57.0,CP1,-3.000499,41.0,100
LOND,lond005,Control_202,57.0,CP1,-3.000499,48.0,87
LOND,lond005,Control_202,57.0,CP2,5.730958,41.0,100
LOND,lond005,Control_202,57.0,CP2,5.730958,48.0,87
LOND,lond005,Control_202,57.0,P3,1.515084,41.0,100
LOND,lond005,Control_202,57.0,P3,1.515084,48.0,87
LOND,lond005,Control_202,57.0,P4,3.096075,41.0,100
LOND,lond005,Control_202,57.0,P4,3.096075,48.0,87
LOND,lond005,Control_202,57.0,C3,1.377467,41.0,100
LOND,lond005,Control_202,57.0,C3,1.377467,48.0,87
LOND,lond005,Control_202,57.0,C4,5.901403,41.0,100
LOND,lond005,Control_202,57.0,C4,5.901403,48.0,87
LOND,lond005,Control_202,57.0,P7,2.098073,41.0,100
LOND,lond005,Control_202,57.0,P7,2.098073,48.0,87
LOND,lond005,Control_202,57.0,P8,2.212872,41.0,100
LOND,lond005,Control_202,57.0,P8,2.212872,48.0,87
LOND,lond005,Control_202,57.0,O1,6.264164,41.0,100
LOND,lond005,Control_202,57.0,O1,6.264164,48.0,87
LOND,lond005,Control_202,57.0,O2,6.052702,41.0,100
LOND,lond005,Control_202,57.0,O2,6.052702,48.0,87
LOND,lond005,Violation_201,46.0,Pz,-14.71076,51.0,90
LOND,lond005,Violation_201,46.0,Pz,-14.71076,58.0,73
LOND,lond005,Violation_201,46.0,Cz,-25.90141,51.0,90
LOND,lond005,Violation_201,46.0,Cz,-25.90141,58.0,73
LOND,lond005,Violation_201,46.0,CP1,-17.69808,51.0,90
LOND,lond005,Violation_201,46.0,CP1,-17.69808,58.0,73
LOND,lond005,Violation_201,46.0,CP2,-24.87116,51.0,90
LOND,lond005,Violation_201,46.0,CP2,-24.87116,58.0,73
LOND,lond005,Violation_201,46.0,P3,-5.816338,51.0,90
LOND,lond005,Violation_201,46.0,P3,-5.816338,58.0,73
LOND,lond005,Violation_201,46.0,P4,-7.697417,51.0,90
LOND,lond005,Violation_201,46.0,P4,-7.697417,58.0,73
LOND,lond005,Violation_201,46.0,C3,-10.32074,51.0,90
LOND,lond005,Violation_201,46.0,C3,-10.32074,58.0,73
LOND,lond005,Violation_201,46.0,C4,-16.40935,51.0,90
LOND,lond005,Violation_201,46.0,C4,-16.40935,58.0,73
LOND,lond005,Violation_201,46.0,P7,5.171672,51.0,90
LOND,lond005,Violation_201,46.0,P7,5.171672,58.0,73
LOND,lond005,Violation_201,46.0,P8,3.616828,51.0,90
LOND,lond005,Violation_201,46.0,P8,3.616828,58.0,73
LOND,lond005,Violation_201,46.0,O1,-11.27402,51.0,90
LOND,lond005,Violation_201,46.0,O1,-11.27402,58.0,73
LOND,lond005,Violation_201,46.0,O2,-7.314209,51.0,90
LOND,lond005,Violation_201,46.0,O2,-7.314209,58.0,73
LOND,lond005,Violation_201,58.0,Pz,8.894355,57.0,69
LOND,lond005,Violation_201,58.0,Pz,8.894355,51.0,90
LOND,lond005,Violation_201,58.0,Cz,16.78726,57.0,69
LOND,lond005,Violation_201,58.0,Cz,16.78726,51.0,90
LOND,lond005,Violation_201,58.0,CP1,13.20232,57.0,69
LOND,lond005,Violation_201,58.0,CP1,13.20232,51.0,90
LOND,lond005,Violation_201,58.0,CP2,15.17385,57.0,69
LOND,lond005,Violation_201,58.0,CP2,15.17385,51.0,90
LOND,lond005,Violation_201,58.0,P3,9.948207,57.0,69
LOND,lond005,Violation_201,58.0,P3,9.948207,51.0,90
LOND,lond005,Violation_201,58.0,P4,4.200449,57.0,69
LOND,lond005,Violation_201,58.0,P4,4.200449,51.0,90
LOND,lond005,Violation_201,58.0,C3,17.28684,57.0,69
LOND,lond005,Violation_201,58.0,C3,17.28684,51.0,90
LOND,lond005,Violation_201,58.0,C4,10.54336,57.0,69
LOND,lond005,Violation_201,58.0,C4,10.54336,51.0,90
LOND,lond005,Violation_201,58.0,P7,13.10116,57.0,69
LOND,lond005,Violation_201,58.0,P7,13.10116,51.0,90
LOND,lond005,Violation_201,58.0,P8,-1.686145,57.0,69
LOND,lond005,Violation_201,58.0,P8,-1.686145,51.0,90
LOND,lond005,Violation_201,58.0,O1,6.008847,57.0,69
LOND,lond005,Violation_201,58.0,O1,6.008847,51.0,90
LOND,lond005,Violation_201,58.0,O2,2.812467,57.0,69
LOND,lond005,Violation_201,58.0,O2,2.812467,51.0,90
LOND,lond005,Control_202,41.0,Pz,9.376554,43.0,93
LOND,lond005,Control_202,41.0,Pz,9.376554,57.0,69
LOND,lond005,Control_202,41.0,Cz,12.93937,43.0,93
LOND,lond005,Control_202,41.0,Cz,12.93937,57.0,69
LOND,lond005,Control_202,41.0,CP1,12.63273,43.0,93
LOND,lond005,Control_202,41.0,CP1,12.63273,57.0,69
LOND,lond005,Control_202,41.0,CP2,13.60248,43.0,93
LOND,lond005,Control_202,41.0,CP2,13.60248,57.0,69
LOND,lond005,Control_202,41.0,P3,9.656549,43.0,93
LOND,lond005,Control_202,41.0,P3,9.656549,57.0,69
LOND,lond005,Control_202,41.0,P4,11.39857,43.0,93
LOND,lond005,Control_202,41.0,P4,11.39857,57.0,69
LOND,lond005,Control_202,41.0,C3,14.92368,43.0,93
LOND,lond005,Control_202,41.0,C3,14.92368,57.0,69
LOND,lond005,Control_202,41.0,C4,18.76636,43.0,93
LOND,lond005,Control_202,41.0,C4,18.76636,57.0,69
LOND,lond005,Control_202,41.0,P7,5.767605,43.0,93
LOND,lond005,Control_202,41.0,P7,5.767605,57.0,69
LOND,lond005,Control_202,41.0,P8,9.646865,43.0,93
LOND,lond005,Control_202,41.0,P8,9.646865,57.0,69
LOND,lond005,Control_202,41.0,O1,7.049444,43.0,93
LOND,lond005,Control_202,41.0,O1,7.049444,57.0,69
LOND,lond005,Control_202,41.0,O2,7.593142,43.0,93
LOND,lond005,Control_202,41.0,O2,7.593142,57.0,69
LOND,lond005,Violation_201,50.0,Pz,-0.1757407,52.0,87
LOND,lond005,Violation_201,50.0,Pz,-0.1757407,56.0,93
LOND,lond005,Violation_201,50.0,Cz,-6.414001,52.0,87
LOND,lond005,Violation_201,50.0,Cz,-6.414001,56.0,93
LOND,lond005,Violation_201,50.0,CP1,-0.4056645,52.0,87
LOND,lond005,Violation_201,50.0,CP1,-0.4056645,56.0,93
LOND,lond005,Violation_201,50.0,CP2,-0.7499758,52.0,87
LOND,lond005,Violation_201,50.0,CP2,-0.7499758,56.0,93
LOND,lond005,Violation_201,50.0,P3,4.311992,52.0,87
LOND,lond005,Violation_201,50.0,P3,4.311992,56.0,93
LOND,lond005,Violation_201,50.0,P4,1.40213,52.0,87
LOND,lond005,Violation_201,50.0,P4,1.40213,56.0,93
LOND,lond005,Violation_201,50.0,C3,-3.98681,52.0,87
LOND,lond005,Violation_201,50.0,C3,-3.98681,56.0,93
LOND,lond005,Violation_201,50.0,C4,-3.399647,52.0,87
LOND,lond005,Violation_201,50.0,C4,-3.399647,56.0,93
LOND,lond005,Violation_201,50.0,P7,5.272526,52.0,87
LOND,lond005,Violation_201,50.0,P7,5.272526,56.0,93
LOND,lond005,Violation_201,50.0,P8,1.689946,52.0,87
LOND,lond005,Violation_201,50.0,P8,1.689946,56.0,93
LOND,lond005,Violation_201,50.0,O1,5.773971,52.0,87
LOND,lond005,Violation_201,50.0,O1,5.773971,56.0,93
LOND,lond005,Violation_201,50.0,O2,5.554379,52.0,87
LOND,lond005,Violation_201,50.0,O2,5.554379,56.0,93
LOND,lond005,Control_202,45.0,Pz,-6.288066,55.0,93
LOND,lond005,Control_202,45.0,Pz,-6.288066,44.0,90
LOND,lond005,Control_202,45.0,Cz,-3.341495,55.0,93
LOND,lond005,Control_202,45.0,Cz,-3.341495,44.0,90
LOND,lond005,Control_202,45.0,CP1,-12.1494,55.0,93
LOND,lond005,Control_202,45.0,CP1,-12.1494,44.0,90
LOND,lond005,Control_202,45.0,CP2,3.144038,55.0,93
LOND,lond005,Control_202,45.0,CP2,3.144038,44.0,90
LOND,lond005,Control_202,45.0,P3,-5.616309,55.0,93
LOND,lond005,Control_202,45.0,P3,-5.616309,44.0,90
LOND,lond005,Control_202,45.0,P4,-6.324467,55.0,93
LOND,lond005,Control_202,45.0,P4,-6.324467,44.0,90
LOND,lond005,Control_202,45.0,C3,-20.48555,55.0,93
LOND,lond005,Control_202,45.0,C3,-20.48555,44.0,90
LOND,lond005,Control_202,45.0,C4,-3.604416,55.0,93
LOND,lond005,Control_202,45.0,C4,-3.604416,44.0,90
LOND,lond005,Control_202,45.0,P7,-7.921463,55.0,93
LOND,lond005,Control_202,45.0,P7,-7.921463,44.0,90
LOND,lond005,Control_202,45.0,P8,-6.322821,55.0,93
LOND,lond005,Control_202,45.0,P8,-6.322821,44.0,90
LOND,lond005,Control_202,45.0,O1,-6.683457,55.0,93
LOND,lond005,Control_202,45.0,O1,-6.683457,44.0,90
LOND,lond005,Control_202,45.0,O2,-7.534921,55.0,93
LOND,lond005,Control_202,45.0,O2,-7.534921,44.0,90
LOND,lond005,Control_202,49.0,Pz,20.84256,42.0,37
LOND,lond005,Control_202,49.0,Pz,20.84256,50.0,37
LOND,lond005,Control_202,49.0,Cz,21.89135,42.0,37
LOND,lond005,Control_202,49.0,Cz,21.89135,50.0,37
LOND,lond005,Control_202,49.0,CP1,22.27876,42.0,37
LOND,lond005,Control_202,49.0,CP1,22.27876,50.0,37
LOND,lond005,Control_202,49.0,CP2,24.59825,42.0,37
LOND,lond005,Control_202,49.0,CP2,24.59825,50.0,37
LOND,lond005,Control_202,49.0,P3,13.00109,42.0,37
LOND,lond005,Control_202,49.0,P3,13.00109,50.0,37
LOND,lond005,Control_202,49.0,P4,15.05282,42.0,37
LOND,lond005,Control_202,49.0,P4,15.05282,50.0,37
LOND,lond005,Control_202,49.0,C3,8.451961,42.0,37
LOND,lond005,Control_202,49.0,C3,8.451961,50.0,37
LOND,lond005,Control_202,49.0,C4,18.07252,42.0,37
LOND,lond005,Control_202,49.0,C4,18.07252,50.0,37
LOND,lond005,Control_202,49.0,P7,5.123376,42.0,37
LOND,lond005,Control_202,49.0,P7,5.123376,50.0,37
LOND,lond005,Control_202,49.0,P8,2.507336,42.0,37
LOND,lond005,Control_202,49.0,P8,2.507336,50.0,37
LOND,lond005,Control_202,49.0,O1,13.56216,42.0,37
LOND,lond005,Control_202,49.0,O1,13.56216,50.0,37
LOND,lond005,Control_202,49.0,O2,8.596844,42.0,37
LOND,lond005,Control_202,49.0,O2,8.596844,50.0,37
LOND,lond005,Violation_201,42.0,Pz,5.208299,44.0,90
LOND,lond005,Violation_201,42.0,Pz,5.208299,46.0,63
LOND,lond005,Violation_201,42.0,Cz,6.687619,44.0,90
LOND,lond005,Violation_201,42.0,Cz,6.687619,46.0,63
LOND,lond005,Violation_201,42.0,CP1,7.795149,44.0,90
LOND,lond005,Violation_201,42.0,CP1,7.795149,46.0,63
LOND,lond005,Violation_201,42.0,CP2,8.916617,44.0,90
LOND,lond005,Violation_201,42.0,CP2,8.916617,46.0,63
LOND,lond005,Violation_201,42.0,P3,3.112157,44.0,90
LOND,lond005,Violation_201,42.0,P3,3.112157,46.0,63
LOND,lond005,Violation_201,42.0,P4,7.228762,44.0,90
LOND,lond005,Violation_201,42.0,P4,7.228762,46.0,63
LOND,lond005,Violation_201,42.0,C3,-1.600195,44.0,90
LOND,lond005,Violation_201,42.0,C3,-1.600195,46.0,63
LOND,lond005,Violation_201,42.0,C4,9.926627,44.0,90
LOND,lond005,Violation_201,42.0,C4,9.926627,46.0,63
LOND,lond005,Violation_201,42.0,P7,-3.791301,44.0,90
LOND,lond005,Violation_201,42.0,P7,-3.791301,46.0,63
LOND,lond005,Violation_201,42.0,P8,6.058958,44.0,90
LOND,lond005,Violation_201,42.0,P8,6.058958,46.0,63
LOND,lond005,Violation_201,42.0,O1,3.526744,44.0,90
LOND,lond005,Violation_201,42.0,O1,3.526744,46.0,63
LOND,lond005,Violation_201,42.0,O2,7.938437,44.0,90
LOND,lond005,Violation_201,42.0,O2,7.938437,46.0,63
LOND,lond005,Control_202,53.0,Pz,-5.008629,60.0,90
LOND,lond005,Control_202,53.0,Pz,-5.008629,52.0,87
LOND,lond005,Control_202,53.0,Cz,2.013997,60.0,90
LOND,lond005,Control_202,53.0,Cz,2.013997,52.0,87
LOND,lond005,Control_202,53.0,CP1,-0.3427169,60.0,90
LOND,lond005,Control_202,53.0,CP1,-0.3427169,52.0,87
LOND,lond005,Control_202,53.0,CP2,2.0871,60.0,90
LOND,lond005,Control_202,53.0,CP2,2.0871,52.0,87
LOND,lond005,Control_202,53.0,P3,-1.375553,60.0,90
LOND,lond005,Control_202,53.0,P3,-1.375553,52.0,87
LOND,lond005,Control_202,53.0,P4,-3.17288,60.0,90
LOND,lond005,Control_202,53.0,P4,-3.17288,52.0,87
LOND,lond005,Control_202,53.0,C3,-3.372013,60.0,90
LOND,lond005,Control_202,53.0,C3,-3.372013,52.0,87
LOND,lond005,Control_202,53.0,C4,-2.749376,60.0,90
LOND,lond005,Control_202,53.0,C4,-2.749376,52.0,87
LOND,lond005,Control_202,53.0,P7,-1.339821,60.0,90
LOND,lond005,Control_202,53.0,P7,-1.339821,52.0,87
LOND,lond005,Control_202,53.0,P8,-7.054303,60.0,90
LOND,lond005,Control_202,53.0,P8,-7.054303,52.0,87
LOND,lond005,Control_202,53.0,O1,-3.175853,60.0,90
LOND,lond005,Control_202,53.0,O1,-3.175853,52.0,87
LOND,lond005,Control_202,53.0,O2,-6.658896,60.0,90
LOND,lond005,Control_202,53.0,O2,-6.658896,52.0,87
LOND,lond005,Violation_201,54.0,Pz,6.530746,50.0,37
LOND,lond005,Violation_201,54.0,Pz,6.530746,49.0,40
LOND,lond005,Violation_201,54.0,Cz,12.22461,50.0,37
LOND,lond005,Violation_201,54.0,Cz,12.22461,49.0,40
LOND,lond005,Violation_201,54.0,CP1,8.494959,50.0,37
LOND,lond005,Violation_201,54.0,CP1,8.494959,49.0,40
LOND,lond005,Violation_201,54.0,CP2,7.988394,50.0,37
LOND,lond005,Violation_201,54.0,CP2,7.988394,49.0,40
LOND,lond005,Violation_201,54.0,P3,10.43146,50.0,37
LOND,lond005,Violation_201,54.0,P3,10.43146,49.0,40
LOND,lond005,Violation_201,54.0,P4,7.399805,50.0,37
LOND,lond005,Violation_201,54.0,P4,7.399805,49.0,40
LOND,lond005,Violation_201,54.0,C3,-0.4318482,50.0,37
LOND,lond005,Violation_201,54.0,C3,-0.4318482,49.0,40
LOND,lond005,Violation_201,54.0,C4,9.494576,50.0,37
LOND,lond005,Violation_201,54.0,C4,9.494576,49.0,40
LOND,lond005,Violation_201,54.0,P7,-4.456728,50.0,37
LOND,lond005,Violation_201,54.0,P7,-4.456728,49.0,40
LOND,lond005,Violation_201,54.0,P8,1.698565,50.0,37
LOND,lond005,Violation_201,54.0,P8,1.698565,49.0,40
LOND,lond005,Violation_201,54.0,O1,5.528463,50.0,37
LOND,lond005,Violation_201,54.0,O1,5.528463,49.0,40
LOND,lond005,Violation_201,54.0,O2,4.283959,50.0,37
LOND,lond005,Violation_201,54.0,O2,4.283959,49.0,40
LOND,lond005,Control_202,65.0,Pz,-6.07113,67.0,87
LOND,lond005,Control_202,65.0,Pz,-6.07113,63.0,83
LOND,lond005,Control_202,65.0,Cz,8.517406,67.0,87
LOND,lond005,Control_202,65.0,Cz,8.517406,63.0,83
LOND,lond005,Control_202,65.0,CP1,11.41387,67.0,87
LOND,lond005,Control_202,65.0,CP1,11.41387,63.0,83
LOND,lond005,Control_202,65.0,CP2,6.65636,67.0,87
LOND,lond005,Control_202,65.0,CP2,6.65636,63.0,83
LOND,lond005,Control_202,65.0,P3,4.088272,67.0,87
LOND,lond005,Control_202,65.0,P3,4.088272,63.0,83
LOND,lond005,Control_202,65.0,P4,1.66593,67.0,87
LOND,lond005,Control_202,65.0,P4,1.66593,63.0,83
LOND,lond005,Control_202,65.0,C3,1.126086,67.0,87
LOND,lond005,Control_202,65.0,C3,1.126086,63.0,83
LOND,lond005,Control_202,65.0,C4,6.964946,67.0,87
LOND,lond005,Control_202,65.0,C4,6.964946,63.0,83
LOND,lond005,Control_202,65.0,P7,5.786638,67.0,87
LOND,lond005,Control_202,65.0,P7,5.786638,63.0,83
LOND,lond005,Control_202,65.0,P8,7.755638,67.0,87
LOND,lond005,Control_202,65.0,P8,7.755638,63.0,83
LOND,lond005,Control_202,65.0,O1,2.884492,67.0,87
LOND,lond005,Control_202,65.0,O1,2.884492,63.0,83
LOND,lond005,Control_202,65.0,O2,-1.116551,67.0,87
LOND,lond005,Control_202,65.0,O2,-1.116551,63.0,83
LOND,lond005,Violation_201,70.0,Pz,-11.13055,62.0,70
LOND,lond005,Violation_201,70.0,Pz,-11.13055,61.0,34
LOND,lond005,Violation_201,70.0,Cz,-39.96925,62.0,70
LOND,lond005,Violation_201,70.0,Cz,-39.96925,61.0,34
LOND,lond005,Violation_201,70.0,CP1,6.189785,62.0,70
LOND,lond005,Violation_201,70.0,CP1,6.189785,61.0,34
LOND,lond005,Violation_201,70.0,CP2,-8.10573,62.0,70
LOND,lond005,Violation_201,70.0,CP2,-8.10573,61.0,34
LOND,lond005,Violation_201,70.0,P3,-13.10941,62.0,70
LOND,lond005,Violation_201,70.0,P3,-13.10941,61.0,34
LOND,lond005,Violation_201,70.0,P4,-12.91023,62.0,70
LOND,lond005,Violation_201,70.0,P4,-12.91023,61.0,34
LOND,lond005,Violation_201,70.0,C3,-15.84232,62.0,70
LOND,lond005,Violation_201,70.0,C3,-15.84232,61.0,34
LOND,lond005,Violation_201,70.0,C4,-7.718883,62.0,70
LOND,lond005,Violation_201,70.0,C4,-7.718883,61.0,34
LOND,lond005,Violation_201,70.0,P7,-8.68502,62.0,70
LOND,lond005,Violation_201,70.0,P7,-8.68502,61.0,34
LOND,lond005,Violation_201,70.0,P8,-11.83375,62.0,70
LOND,lond005,Violation_201,70.0,P8,-11.83375,61.0,34
LOND,lond005,Violation_201,70.0,O1,-9.607859,62.0,70
LOND,lond005,Violation_201,70.0,O1,-9.607859,61.0,34
LOND,lond005,Violation_201,70.0,O2,-2.190794,62.0,70
LOND,lond005,Violation_201,70.0,O2,-2.190794,61.0,34
LOND,lond005,Violation_201,78.0,Pz,6.862012,72.0,90
LOND,lond005,Violation_201,78.0,Pz,6.862012,74.0,93
LOND,lond005,Violation_201,78.0,Cz,-9.558307,72.0,90
LOND,lond005,Violation_201,78.0,Cz,-9.558307,74.0,93
LOND,lond005,Violation_201,78.0,CP1,7.05361,72.0,90
LOND,lond005,Violation_201,78.0,CP1,7.05361,74.0,93
LOND,lond005,Violation_201,78.0,CP2,-5.804228,72.0,90
LOND,lond005,Violation_201,78.0,CP2,-5.804228,74.0,93
LOND,lond005,Violation_201,78.0,P3,22.23635,72.0,90
LOND,lond005,Violation_201,78.0,P3,22.23635,74.0,93
LOND,lond005,Violation_201,78.0,P4,4.018909,72.0,90
LOND,lond005,Violation_201,78.0,P4,4.018909,74.0,93
LOND,lond005,Violation_201,78.0,C3,-4.524218,72.0,90
LOND,lond005,Violation_201,78.0,C3,-4.524218,74.0,93
LOND,lond005,Violation_201,78.0,C4,-13.41157,72.0,90
LOND,lond005,Violation_201,78.0,C4,-13.41157,74.0,93
LOND,lond005,Violation_201,78.0,P7,23.00116,72.0,90
LOND,lond005,Violation_201,78.0,P7,23.00116,74.0,93
LOND,lond005,Violation_201,78.0,P8,5.943621,72.0,90
LOND,lond005,Violation_201,78.0,P8,5.943621,74.0,93
LOND,lond005,Violation_201,78.0,O1,13.89932,72.0,90
LOND,lond005,Violation_201,78.0,O1,13.89932,74.0,93
LOND,lond005,Violation_201,78.0,O2,7.662953,72.0,90
LOND,lond005,Violation_201,78.0,O2,7.662953,74.0,93
LOND,lond005,Control_202,61.0,Pz,-7.760484,73.0,80
LOND,lond005,Control_202,61.0,Pz,-7.760484,65.0,93
LOND,lond005,Control_202,61.0,Cz,-10.28311,73.0,80
LOND,lond005,Control_202,61.0,Cz,-10.28311,65.0,93
LOND,lond005,Control_202,61.0,CP1,-20.31897,73.0,80
LOND,lond005,Control_202,61.0,CP1,-20.31897,65.0,93
LOND,lond005,Control_202,61.0,CP2,-12.48971,73.0,80
LOND,lond005,Control_202,61.0,CP2,-12.48971,65.0,93
LOND,lond005,Control_202,61.0,P3,-10.35172,73.0,80
LOND,lond005,Control_202,61.0,P3,-10.35172,65.0,93
LOND,lond005,Control_202,61.0,P4,-5.184721,73.0,80
LOND,lond005,Control_202,61.0,P4,-5.184721,65.0,93
LOND,lond005,Control_202,61.0,C3,-11.15072,73.0,80
LOND,lond005,Control_202,61.0,C3,-11.15072,65.0,93
LOND,lond005,Control_202,61.0,C4,-12.20708,73.0,80
LOND,lond005,Control_202,61.0,C4,-12.20708,65.0,93
LOND,lond005,Control_202,61.0,P7,-16.77862,73.0,80
LOND,lond005,Control_202,61.0,P7,-16.77862,65.0,93
LOND,lond005,Control_202,61.0,P8,8.082673,73.0,80
LOND,lond005,Control_202,61.0,P8,8.082673,65.0,93
LOND,lond005,Control_202,61.0,O1,-5.453254,73.0,80
LOND,lond005,Control_202,61.0,O1,-5.453254,65.0,93
LOND,lond005,Control_202,61.0,O2,-10.18529,73.0,80
LOND,lond005,Control_202,61.0,O2,-10.18529,65.0,93
LOND,lond005,Control_202,73.0,Pz,-21.01246,76.0,90
LOND,lond005,Control_202,73.0,Cz,-13.05127,76.0,90
LOND,lond005,Control_202,73.0,CP1,-31.20205,76.0,90
LOND,lond005,Control_202,73.0,CP2,-11.72902,76.0,90
LOND,lond005,Control_202,73.0,P3,-11.77891,76.0,90
LOND,lond005,Control_202,73.0,P4,-18.98051,76.0,90
LOND,lond005,Control_202,73.0,C3,-19.06194,76.0,90
LOND,lond005,Control_202,73.0,C4,-16.73389,76.0,90
LOND,lond005,Control_202,73.0,P7,-7.845717,76.0,90
LOND,lond005,Control_202,73.0,P8,-13.29034,76.0,90
LOND,lond005,Control_202,73.0,O1,-13.95678,76.0,90
LOND,lond005,Control_202,73.0,O2,-20.3192,76.0,90
LOND,lond005,Violation_201,62.0,Pz,1.024008,71.0,90
LOND,lond005,Violation_201,62.0,Pz,1.024008,70.0,57
LOND,lond005,Violation_201,62.0,Cz,-4.200854,71.0,90
LOND,lond005,Violation_201,62.0,Cz,-4.200854,70.0,57
LOND,lond005,Violation_201,62.0,CP1,-10.63545,71.0,90
LOND,lond005,Violation_201,62.0,CP1,-10.63545,70.0,57
LOND,lond005,Violation_201,62.0,CP2,-5.011609,71.0,90
LOND,lond005,Violation_201,62.0,CP2,-5.011609,70.0,57
LOND,lond005,Violation_201,62.0,P3,-1.283734,71.0,90
LOND,lond005,Violation_201,62.0,P3,-1.283734,70.0,57
LOND,lond005,Violation_201,62.0,P4,-1.630633,71.0,90
LOND,lond005,Violation_201,62.0,P4,-1.630633,70.0,57
LOND,lond005,Violation_201,62.0,C3,0.724096,71.0,90
LOND,lond005,Violation_201,62.0,C3,0.724096,70.0,57
LOND,lond005,Violation_201,62.0,C4,-1.781891,71.0,90
LOND,lond005,Violation_201,62.0,C4,-1.781891,70.0,57
LOND,lond005,Violation_201,62.0,P7,5.436124,71.0,90
LOND,lond005,Violation_201,62.0,P7,5.436124,70.0,57
LOND,lond005,Violation_201,62.0,P8,3.051239,71.0,90
LOND,lond005,Violation_201,62.0,P8,3.051239,70.0,57
LOND,lond005,Violation_201,62.0,O1,0.1666653,71.0,90
LOND,lond005,Violation_201,62.0,O1,0.1666653,70.0,57
LOND,lond005,Violation_201,62.0,O2,0.2830038,71.0,90
LOND,lond005,Violation_201,62.0,O2,0.2830038,70.0,57
LOND,lond005,Control_202,77.0,Pz,5.715635,75.0,60
LOND,lond005,Control_202,77.0,Pz,5.715635,69.0,93
LOND,lond005,Control_202,77.0,Cz,7.270226,75.0,60
LOND,lond005,Control_202,77.0,Cz,7.270226,69.0,93
LOND,lond005,Control_202,77.0,CP1,-0.4887214,75.0,60
LOND,lond005,Control_202,77.0,CP1,-0.4887214,69.0,93
LOND,lond005,Control_202,77.0,CP2,4.97548,75.0,60
LOND,lond005,Control_202,77.0,CP2,4.97548,69.0,93
LOND,lond005,Control_202,77.0,P3,13.04187,75.0,60
LOND,lond005,Control_202,77.0,P3,13.04187,69.0,93
LOND,lond005,Control_202,77.0,P4,6.698929,75.0,60
LOND,lond005,Control_202,77.0,P4,6.698929,69.0,93
LOND,lond005,Control_202,77.0,C3,5.356209,75.0,60
LOND,lond005,Control_202,77.0,C3,5.356209,69.0,93
LOND,lond005,Control_202,77.0,C4,4.124192,75.0,60
LOND,lond005,Control_202,77.0,C4,4.124192,69.0,93
LOND,lond005,Control_202,77.0,P7,15.03185,75.0,60
LOND,lond005,Control_202,77.0,P7,15.03185,69.0,93
LOND,lond005,Control_202,77.0,P8,5.041094,75.0,60
LOND,lond005,Control_202,77.0,P8,5.041094,69.0,93
LOND,lond005,Control_202,77.0,O1,8.589111,75.0,60
LOND,lond005,Control_202,77.0,O1,8.589111,69.0,93
LOND,lond005,Control_202,77.0,O2,9.077985,75.0,60
LOND,lond005,Control_202,77.0,O2,9.077985,69.0,93
LOND,lond005,Control_202,69.0,Pz,-13.99344,79.0,97
LOND,lond005,Control_202,69.0,Pz,-13.99344,75.0,60
LOND,lond005,Control_202,69.0,Cz,-7.374553,79.0,97
LOND,lond005,Control_202,69.0,Cz,-7.374553,75.0,60
LOND,lond005,Control_202,69.0,CP1,-18.97089,79.0,97
LOND,lond005,Control_202,69.0,CP1,-18.97089,75.0,60
LOND,lond005,Control_202,69.0,CP2,-4.56611,79.0,97
LOND,lond005,Control_202,69.0,CP2,-4.56611,75.0,60
LOND,lond005,Control_202,69.0,P3,-10.28212,79.0,97
LOND,lond005,Control_202,69.0,P3,-10.28212,75.0,60
LOND,lond005,Control_202,69.0,P4,-7.528845,79.0,97
LOND,lond005,Control_202,69.0,P4,-7.528845,75.0,60
LOND,lond005,Control_202,69.0,C3,-7.134205,79.0,97
LOND,lond005,Control_202,69.0,C3,-7.134205,75.0,60
LOND,lond005,Control_202,69.0,C4,-5.625038,79.0,97
LOND,lond005,Control_202,69.0,C4,-5.625038,75.0,60
LOND,lond005,Control_202,69.0,P7,4.441788,79.0,97
LOND,lond005,Control_202,69.0,P7,4.441788,75.0,60
LOND,lond005,Control_202,69.0,P8,-5.330889,79.0,97
LOND,lond005,Control_202,69.0,P8,-5.330889,75.0,60
LOND,lond005,Control_202,69.0,O1,-5.636534,79.0,97
LOND,lond005,Control_202,69.0,O1,-5.636534,75.0,60
LOND,lond005,Control_202,69.0,O2,-6.690502,79.0,97
LOND,lond005,Control_202,69.0,O2,-6.690502,75.0,60
LOND,lond005,Violation_201,74.0,Pz,0.5410821,78.0,97
LOND,lond005,Violation_201,74.0,Pz,0.5410821,79.0,97
LOND,lond005,Violation_201,74.0,Cz,6.307563,78.0,97
LOND,lond005,Violation_201,74.0,Cz,6.307563,79.0,97
LOND,lond005,Violation_201,74.0,CP1,13.66936,78.0,97
LOND,lond005,Violation_201,74.0,CP1,13.66936,79.0,97
LOND,lond005,Violation_201,74.0,CP2,-3.685329,78.0,97
LOND,lond005,Violation_201,74.0,CP2,-3.685329,79.0,97
LOND,lond005,Violation_201,74.0,P3,11.5421,78.0,97
LOND,lond005,Violation_201,74.0,P3,11.5421,79.0,97
LOND,lond005,Violation_201,74.0,P4,4.571681,78.0,97
LOND,lond005,Violation_201,74.0,P4,4.571681,79.0,97
LOND,lond005,Violation_201,74.0,C3,19.29888,78.0,97
LOND,lond005,Violation_201,74.0,C3,19.29888,79.0,97
LOND,lond005,Violation_201,74.0,C4,1.477659,78.0,97
LOND,lond005,Violation_201,74.0,C4,1.477659,79.0,97
LOND,lond005,Violation_201,74.0,P7,3.049798,78.0,97
LOND,lond005,Violation_201,74.0,P7,3.049798,79.0,97
LOND,lond005,Violation_201,74.0,P8,5.038854,78.0,97
LOND,lond005,Violation_201,74.0,P8,5.038854,79.0,97
LOND,lond005,Violation_201,74.0,O1,6.393589,78.0,97
LOND,lond005,Violation_201,74.0,O1,6.393589,79.0,97
LOND,lond005,Violation_201,74.0,O2,2.110965,78.0,97
LOND,lond005,Violation_201,74.0,O2,2.110965,79.0,97
LOND,lond005,Violation_201,66.0,Pz,3.437737,61.0,34
LOND,lond005,Violation_201,66.0,Pz,3.437737,78.0,97
LOND,lond005,Violation_201,66.0,Cz,4.051026,61.0,34
LOND,lond005,Violation_201,66.0,Cz,4.051026,78.0,97
LOND,lond005,Violation_201,66.0,CP1,13.00721,61.0,34
LOND,lond005,Violation_201,66.0,CP1,13.00721,78.0,97
LOND,lond005,Violation_201,66.0,CP2,-2.011311,61.0,34
LOND,lond005,Violation_201,66.0,CP2,-2.011311,78.0,97
LOND,lond005,Violation_201,66.0,P3,2.888303,61.0,34
LOND,lond005,Violation_201,66.0,P3,2.888303,78.0,97
LOND,lond005,Violation_201,66.0,P4,3.967257,61.0,34
LOND,lond005,Violation_201,66.0,P4,3.967257,78.0,97
LOND,lond005,Violation_201,66.0,C3,5.305125,61.0,34
LOND,lond005,Violation_201,66.0,C3,5.305125,78.0,97
LOND,lond005,Violation_201,66.0,C4,2.386577,61.0,34
LOND,lond005,Violation_201,66.0,C4,2.386577,78.0,97
LOND,lond005,Violation_201,66.0,P7,4.267248,61.0,34
LOND,lond005,Violation_201,66.0,P7,4.267248,78.0,97
LOND,lond005,Violation_201,66.0,P8,-2.020188,61.0,34
LOND,lond005,Violation_201,66.0,P8,-2.020188,78.0,97
LOND,lond005,Violation_201,66.0,O1,3.260307,61.0,34
LOND,lond005,Violation_201,66.0,O1,3.260307,78.0,97
LOND,lond005,Violation_201,66.0,O2,6.063192,61.0,34
LOND,lond005,Violation_201,66.0,O2,6.063192,78.0,97
LOND,lond006,Control_202,15.0,Pz,16.09635,18.0,87
LOND,lond006,Control_202,15.0,Pz,16.09635,1.0,97
LOND,lond006,Control_202,15.0,Cz,1.583895,18.0,87
LOND,lond006,Control_202,15.0,Cz,1.583895,1.0,97
LOND,lond006,Control_202,15.0,CP1,49.65399,18.0,87
LOND,lond006,Control_202,15.0,CP1,49.65399,1.0,97
LOND,lond006,Control_202,15.0,CP2,14.97993,18.0,87
LOND,lond006,Control_202,15.0,CP2,14.97993,1.0,97
LOND,lond006,Control_202,15.0,P3,19.93597,18.0,87
LOND,lond006,Control_202,15.0,P3,19.93597,1.0,97
LOND,lond006,Control_202,15.0,P4,54.01198,18.0,87
LOND,lond006,Control_202,15.0,P4,54.01198,1.0,97
LOND,lond006,Control_202,15.0,C3,32.17648,18.0,87
LOND,lond006,Control_202,15.0,C3,32.17648,1.0,97
LOND,lond006,Control_202,15.0,C4,47.19328,18.0,87
LOND,lond006,Control_202,15.0,C4,47.19328,1.0,97
LOND,lond006,Control_202,15.0,P7,22.6487,18.0,87
LOND,lond006,Control_202,15.0,P7,22.6487,1.0,97
LOND,lond006,Control_202,15.0,P8,2.315395,18.0,87
LOND,lond006,Control_202,15.0,P8,2.315395,1.0,97
LOND,lond006,Control_202,15.0,O1,28.41079,18.0,87
LOND,lond006,Control_202,15.0,O1,28.41079,1.0,97
LOND,lond006,Control_202,15.0,O2,-0.3596717,18.0,87
LOND,lond006,Control_202,15.0,O2,-0.3596717,1.0,97
LOND,lond006,Violation_201,12.0,Pz,13.56783,5.0,93
LOND,lond006,Violation_201,12.0,Pz,13.56783,18.0,87
LOND,lond006,Violation_201,12.0,Cz,27.12555,5.0,93
LOND,lond006,Violation_201,12.0,Cz,27.12555,18.0,87
LOND,lond006,Violation_201,12.0,CP1,30.71325,5.0,93
LOND,lond006,Violation_201,12.0,CP1,30.71325,18.0,87
LOND,lond006,Violation_201,12.0,CP2,-0.4303658,5.0,93
LOND,lond006,Violation_201,12.0,CP2,-0.4303658,18.0,87
LOND,lond006,Violation_201,12.0,P3,12.13233,5.0,93
LOND,lond006,Violation_201,12.0,P3,12.13233,18.0,87
LOND,lond006,Violation_201,12.0,P4,45.43087,5.0,93
LOND,lond006,Violation_201,12.0,P4,45.43087,18.0,87
LOND,lond006,Violation_201,12.0,C3,-2.510889,5.0,93
LOND,lond006,Violation_201,12.0,C3,-2.510889,18.0,87
LOND,lond006,Violation_201,12.0,C4,16.44018,5.0,93
LOND,lond006,Violation_201,12.0,C4,16.44018,18.0,87
LOND,lond006,Violation_201,12.0,P7,9.87019,5.0,93
LOND,lond006,Violation_201,12.0,P7,9.87019,18.0,87
LOND,lond006,Violation_201,12.0,P8,-5.717777,5.0,93
LOND,lond006,Violation_201,12.0,P8,-5.717777,18.0,87
LOND,lond006,Violation_201,12.0,O1,41.00626,5.0,93
LOND,lond006,Violation_201,12.0,O1,41.00626,18.0,87
LOND,lond006,Violation_201,12.0,O2,36.48856,5.0,93
LOND,lond006,Violation_201,12.0,O2,36.48856,18.0,87
LOND,lond006,Control_202,11.0,Pz,-16.35689,17.0,62
LOND,lond006,Control_202,11.0,Pz,-16.35689,15.0,90
LOND,lond006,Control_202,11.0,Cz,-27.07025,17.0,62
LOND,lond006,Control_202,11.0,Cz,-27.07025,15.0,90
LOND,lond006,Control_202,11.0,CP1,-35.98146,17.0,62
LOND,lond006,Control_202,11.0,CP1,-35.98146,15.0,90
LOND,lond006,Control_202,11.0,CP2,-29.1048,17.0,62
LOND,lond006,Control_202,11.0,CP2,-29.1048,15.0,90
LOND,lond006,Control_202,11.0,P3,-24.67633,17.0,62
LOND,lond006,Control_202,11.0,P3,-24.67633,15.0,90
LOND,lond006,Control_202,11.0,P4,-44.48737,17.0,62
LOND,lond006,Control_202,11.0,P4,-44.48737,15.0,90
LOND,lond006,Control_202,11.0,C3,-11.19601,17.0,62
LOND,lond006,Control_202,11.0,C3,-11.19601,15.0,90
LOND,lond006,Control_202,11.0,C4,-27.28535,17.0,62
LOND,lond006,Control_202,11.0,C4,-27.28535,15.0,90
LOND,lond006,Control_202,11.0,P7,-26.3423,17.0,62
LOND,lond006,Control_202,11.0,P7,-26.3423,15.0,90
LOND,lond006,Control_202,11.0,P8,-21.96702,17.0,62
LOND,lond006,Control_202,11.0,P8,-21.96702,15.0,90
LOND,lond006,Control_202,11.0,O1,-18.90681,17.0,62
LOND,lond006,Control_202,11.0,O1,-18.90681,15.0,90
LOND,lond006,Control_202,11.0,O2,-25.11719,17.0,62
LOND,lond006,Control_202,11.0,O2,-25.11719,15.0,90
LOND,lond006,Violation_201,16.0,Pz,8.962376,1.0,97
LOND,lond006,Violation_201,16.0,Pz,8.962376,11.0,87
LOND,lond006,Violation_201,16.0,Cz,3.109717,1.0,97
LOND,lond006,Violation_201,16.0,Cz,3.109717,11.0,87
LOND,lond006,Violation_201,16.0,CP1,-16.188,1.0,97
LOND,lond006,Violation_201,16.0,CP1,-16.188,11.0,87
LOND,lond006,Violation_201,16.0,CP2,36.83739,1.0,97
LOND,lond006,Violation_201,16.0,CP2,36.83739,11.0,87
LOND,lond006,Violation_201,16.0,P3,8.95148,1.0,97
LOND,lond006,Violation_201,16.0,P3,8.95148,11.0,87
LOND,lond006,Violation_201,16.0,P4,-9.869237,1.0,97
LOND,lond006,Violation_201,16.0,P4,-9.869237,11.0,87
LOND,lond006,Violation_201,16.0,C3,15.92145,1.0,97
LOND,lond006,Violation_201,16.0,C3,15.92145,11.0,87
LOND,lond006,Violation_201,16.0,C4,-7.826911,1.0,97
LOND,lond006,Violation_201,16.0,C4,-7.826911,11.0,87
LOND,lond006,Violation_201,16.0,P7,39.01881,1.0,97
LOND,lond006,Violation_201,16.0,P7,39.01881,11.0,87
LOND,lond006,Violation_201,16.0,P8,41.49444,1.0,97
LOND,lond006,Violation_201,16.0,P8,41.49444,11.0,87
LOND,lond006,Violation_201,16.0,O1,26.63902,1.0,97
LOND,lond006,Violation_201,16.0,O1,26.63902,11.0,87
LOND,lond006,Violation_201,16.0,O2,20.46595,1.0,97
LOND,lond006,Violation_201,16.0,O2,20.46595,11.0,87
LOND,lond006,Control_202,19.0,Pz,6.480181,4.0,93
LOND,lond006,Control_202,19.0,Pz,6.480181,20.0,90
LOND,lond006,Control_202,19.0,Cz,-11.72967,4.0,93
LOND,lond006,Control_202,19.0,Cz,-11.72967,20.0,90
LOND,lond006,Control_202,19.0,CP1,0.340569,4.0,93
LOND,lond006,Control_202,19.0,CP1,0.340569,20.0,90
LOND,lond006,Control_202,19.0,CP2,-16.42696,4.0,93
LOND,lond006,Control_202,19.0,CP2,-16.42696,20.0,90
LOND,lond006,Control_202,19.0,P3,18.62179,4.0,93
LOND,lond006,Control_202,19.0,P3,18.62179,20.0,90
LOND,lond006,Control_202,19.0,P4,23.9479,4.0,93
LOND,lond006,Control_202,19.0,P4,23.9479,20.0,90
LOND,lond006,Control_202,19.0,C3,21.59264,4.0,93
LOND,lond006,Control_202,19.0,C3,21.59264,20.0,90
LOND,lond006,Control_202,19.0,C4,-12.22414,4.0,93
LOND,lond006,Control_202,19.0,C4,-12.22414,20.0,90
LOND,lond006,Control_202,19.0,P7,10.16592,4.0,93
LOND,lond006,Control_202,19.0,P7,10.16592,20.0,90
LOND,lond006,Control_202,19.0,P8,41.42687,4.0,93
LOND,lond006,Control_202,19.0,P8,41.42687,20.0,90
LOND,lond006,Control_202,19.0,O1,13.00626,4.0,93
LOND,lond006,Control_202,19.0,O1,13.00626,20.0,90
LOND,lond006,Control_202,19.0,O2,28.49814,4.0,93
LOND,lond006,Control_202,19.0,O2,28.49814,20.0,90
LOND,lond006,Control_202,7.0,Pz,-14.85317,9.0,93
LOND,lond006,Control_202,7.0,Pz,-14.85317,3.0,100
LOND,lond006,Control_202,7.0,Cz,-11.24594,9.0,93
LOND,lond006,Control_202,7.0,Cz,-11.24594,3.0,100
LOND,lond006,Control_202,7.0,CP1,-5.279063,9.0,93
LOND,lond006,Control_202,7.0,CP1,-5.279063,3.0,100
LOND,lond006,Control_202,7.0,CP2,-18.92005,9.0,93
LOND,lond006,Control_202,7.0,CP2,-18.92005,3.0,100
LOND,lond006,Control_202,7.0,P3,-19.50731,9.0,93
LOND,lond006,Control_202,7.0,P3,-19.50731,3.0,100
LOND,lond006,Control_202,7.0,P4,-41.26416,9.0,93
LOND,lond006,Control_202,7.0,P4,-41.26416,3.0,100
LOND,lond006,Control_202,7.0,C3,-24.47681,9.0,93
LOND,lond006,Control_202,7.0,C3,-24.47681,3.0,100
LOND,lond006,Control_202,7.0,C4,-18.90117,9.0,93
LOND,lond006,Control_202,7.0,C4,-18.90117,3.0,100
LOND,lond006,Control_202,7.0,P7,-27.08789,9.0,93
LOND,lond006,Control_202,7.0,P7,-27.08789,3.0,100
LOND,lond006,Control_202,7.0,P8,-31.38926,9.0,93
LOND,lond006,Control_202,7.0,P8,-31.38926,3.0,100
LOND,lond006,Control_202,7.0,O1,-41.28339,9.0,93
LOND,lond006,Control_202,7.0,O1,-41.28339,3.0,100
LOND,lond006,Control_202,7.0,O2,-35.76808,9.0,93
LOND,lond006,Control_202,7.0,O2,-35.76808,3.0,100
LOND,lond006,Violation_201,8.0,Pz,4.167174,3.0,100
LOND,lond006,Violation_201,8.0,Pz,4.167174,8.0,97
LOND,lond006,Violation_201,8.0,Cz,19.18452,3.0,100
LOND,lond006,Violation_201,8.0,Cz,19.18452,8.0,97
LOND,lond006,Violation_201,8.0,CP1,20.35232,3.0,100
LOND,lond006,Violation_201,8.0,CP1,20.35232,8.0,97
LOND,lond006,Violation_201,8.0,CP2,17.17468,3.0,100
LOND,lond006,Violation_201,8.0,CP2,17.17468,8.0,97
LOND,lond006,Violation_201,8.0,P3,-23.85405,3.0,100
LOND,lond006,Violation_201,8.0,P3,-23.85405,8.0,97
LOND,lond006,Violation_201,8.0,P4,17.61454,3.0,100
LOND,lond006,Violation_201,8.0,P4,17.61454,8.0,97
LOND,lond006,Violation_201,8.0,C3,-19.86401,3.0,100
LOND,lond006,Violation_201,8.0,C3,-19.86401,8.0,97
LOND,lond006,Violation_201,8.0,C4,-4.153271,3.0,100
LOND,lond006,Violation_201,8.0,C4,-4.153271,8.0,97
LOND,lond006,Violation_201,8.0,P7,-18.12742,3.0,100
LOND,lond006,Violation_201,8.0,P7,-18.12742,8.0,97
LOND,lond006,Violation_201,8.0,P8,-33.04018,3.0,100
LOND,lond006,Violation_201,8.0,P8,-33.04018,8.0,97
LOND,lond006,Violation_201,8.0,O1,-29.92375,3.0,100
LOND,lond006,Violation_201,8.0,O1,-29.92375,8.0,97
LOND,lond006,Violation_201,8.0,O2,-2.736053,3.0,100
LOND,lond006,Violation_201,8.0,O2,-2.736053,8.0,97
LOND,lond006,Violation_201,4.0,Pz,-7.081423,12.0,100
LOND,lond006,Violation_201,4.0,Pz,-7.081423,19.0,100
LOND,lond006,Violation_201,4.0,Cz,6.910947,12.0,100
LOND,lond006,Violation_201,4.0,Cz,6.910947,19.0,100
LOND,lond006,Violation_201,4.0,CP1,-35.37173,12.0,100
LOND,lond006,Violation_201,4.0,CP1,-35.37173,19.0,100
LOND,lond006,Violation_201,4.0,CP2,-1.268402,12.0,100
LOND,lond006,Violation_201,4.0,CP2,-1.268402,19.0,100
LOND,lond006,Violation_201,4.0,P3,-18.39703,12.0,100
LOND,lond006,Violation_201,4.0,P3,-18.39703,19.0,100
LOND,lond006,Violation_201,4.0,P4,-28.64048,12.0,100
LOND,lond006,Violation_201,4.0,P4,-28.64048,19.0,100
LOND,lond006,Violation_201,4.0,C3,0.4617803,12.0,100
LOND,lond006,Violation_201,4.0,C3,0.4617803,19.0,100
LOND,lond006,Violation_201,4.0,C4,-16.97184,12.0,100
LOND,lond006,Violation_201,4.0,C4,-16.97184,19.0,100
LOND,lond006,Violation_201,4.0,P7,-12.1608,12.0,100
LOND,lond006,Violation_201,4.0,P7,-12.1608,19.0,100
LOND,lond006,Violation_201,4.0,P8,2.677339,12.0,100
LOND,lond006,Violation_201,4.0,P8,2.677339,19.0,100
LOND,lond006,Violation_201,4.0,O1,-1.83594,12.0,100
LOND,lond006,Violation_201,4.0,O1,-1.83594,19.0,100
LOND,lond006,Violation_201,4.0,O2,-16.76361,12.0,100
LOND,lond006,Violation_201,4.0,O2,-16.76361,19.0,100
LOND,lond006,Control_202,23.0,Pz,14.40272,23.0,93
LOND,lond006,Control_202,23.0,Pz,14.40272,39.0,97
LOND,lond006,Control_202,23.0,Cz,13.37613,23.0,93
LOND,lond006,Control_202,23.0,Cz,13.37613,39.0,97
LOND,lond006,Control_202,23.0,CP1,-2.857296,23.0,93
LOND,lond006,Control_202,23.0,CP1,-2.857296,39.0,97
LOND,lond006,Control_202,23.0,CP2,7.619527,23.0,93
LOND,lond006,Control_202,23.0,CP2,7.619527,39.0,97
LOND,lond006,Control_202,23.0,P3,20.55001,23.0,93
LOND,lond006,Control_202,23.0,P3,20.55001,39.0,97
LOND,lond006,Control_202,23.0,P4,-4.311049,23.0,93
LOND,lond006,Control_202,23.0,P4,-4.311049,39.0,97
LOND,lond006,Control_202,23.0,C3,-11.52925,23.0,93
LOND,lond006,Control_202,23.0,C3,-11.52925,39.0,97
LOND,lond006,Control_202,23.0,C4,-30.71013,23.0,93
LOND,lond006,Control_202,23.0,C4,-30.71013,39.0,97
LOND,lond006,Control_202,23.0,P7,16.71694,23.0,93
LOND,lond006,Control_202,23.0,P7,16.71694,39.0,97
LOND,lond006,Control_202,23.0,P8,3.234824,23.0,93
LOND,lond006,Control_202,23.0,P8,3.234824,39.0,97
LOND,lond006,Control_202,23.0,O1,21.39189,23.0,93
LOND,lond006,Control_202,23.0,O1,21.39189,39.0,97
LOND,lond006,Control_202,23.0,O2,28.03524,23.0,93
LOND,lond006,Control_202,23.0,O2,28.03524,39.0,97
LOND,lond006,Violation_201,24.0,Pz,-12.20873,24.0,93
LOND,lond006,Violation_201,24.0,Pz,-12.20873,30.0,90
LOND,lond006,Violation_201,24.0,Cz,-23.33365,24.0,93
LOND,lond006,Violation_201,24.0,Cz,-23.33365,30.0,90
LOND,lond006,Violation_201,24.0,CP1,-22.05839,24.0,93
LOND,lond006,Violation_201,24.0,CP1,-22.05839,30.0,90
LOND,lond006,Violation_201,24.0,CP2,-33.62054,24.0,93
LOND,lond006,Violation_201,24.0,CP2,-33.62054,30.0,90
LOND,lond006,Violation_201,24.0,P3,0.9071624,24.0,93
LOND,lond006,Violation_201,24.0,P3,0.9071624,30.0,90
LOND,lond006,Violation_201,24.0,P4,-0.4570017,24.0,93
LOND,lond006,Violation_201,24.0,P4,-0.4570017,30.0,90
LOND,lond006,Violation_201,24.0,C3,-14.13818,24.0,93
LOND,lond006,Violation_201,24.0,C3,-14.13818,30.0,90
LOND,lond006,Violation_201,24.0,C4,-30.96196,24.0,93
LOND,lond006,Violation_201,24.0,C4,-30.96196,30.0,90
LOND,lond006,Violation_201,24.0,P7,17.57712,24.0,93
LOND,lond006,Violation_201,24.0,P7,17.57712,30.0,90
LOND,lond006,Violation_201,24.0,P8,17.65592,24.0,93
LOND,lond006,Violation_201,24.0,P8,17.65592,30.0,90
LOND,lond006,Violation_201,24.0,O1,0.3126937,24.0,93
LOND,lond006,Violation_201,24.0,O1,0.3126937,30.0,90
LOND,lond006,Violation_201,24.0,O2,-13.65245,24.0,93
LOND,lond006,Violation_201,24.0,O2,-13.65245,30.0,90
LOND,lond006,Control_202,31.0,Pz,18.13992,26.0,87
LOND,lond006,Control_202,31.0,Pz,18.13992,23.0,93
LOND,lond006,Control_202,31.0,Cz,14.17004,26.0,87
LOND,lond006,Control_202,31.0,Cz,14.17004,23.0,93
LOND,lond006,Control_202,31.0,CP1,61.90678,26.0,87
LOND,lond006,Control_202,31.0,CP1,61.90678,23.0,93
LOND,lond006,Control_202,31.0,CP2,5.496678,26.0,87
LOND,lond006,Control_202,31.0,CP2,5.496678,23.0,93
LOND,lond006,Control_202,31.0,P3,13.17368,26.0,87
LOND,lond006,Control_202,31.0,P3,13.17368,23.0,93
LOND,lond006,Control_202,31.0,P4,-7.496772,26.0,87
LOND,lond006,Control_202,31.0,P4,-7.496772,23.0,93
LOND,lond006,Control_202,31.0,C3,12.48386,26.0,87
LOND,lond006,Control_202,31.0,C3,12.48386,23.0,93
LOND,lond006,Control_202,31.0,C4,19.75033,26.0,87
LOND,lond006,Control_202,31.0,C4,19.75033,23.0,93
LOND,lond006,Control_202,31.0,P7,-11.23123,26.0,87
LOND,lond006,Control_202,31.0,P7,-11.23123,23.0,93
LOND,lond006,Control_202,31.0,P8,-9.181564,26.0,87
LOND,lond006,Control_202,31.0,P8,-9.181564,23.0,93
LOND,lond006,Control_202,31.0,O1,-18.51424,26.0,87
LOND,lond006,Control_202,31.0,O1,-18.51424,23.0,93
LOND,lond006,Control_202,31.0,O2,-11.69835,26.0,87
LOND,lond006,Control_202,31.0,O2,-11.69835,23.0,93
LOND,lond006,Control_202,35.0,Pz,19.97515,27.0,97
LOND,lond006,Control_202,35.0,Pz,19.97515,22.0,53
LOND,lond006,Control_202,35.0,Cz,3.093627,27.0,97
LOND,lond006,Control_202,35.0,Cz,3.093627,22.0,53
LOND,lond006,Control_202,35.0,CP1,13.31143,27.0,97
LOND,lond006,Control_202,35.0,CP1,13.31143,22.0,53
LOND,lond006,Control_202,35.0,CP2,0.8456243,27.0,97
LOND,lond006,Control_202,35.0,CP2,0.8456243,22.0,53
LOND,lond006,Control_202,35.0,P3,19.51216,27.0,97
LOND,lond006,Control_202,35.0,P3,19.51216,22.0,53
LOND,lond006,Control_202,35.0,P4,30.55971,27.0,97
LOND,lond006,Control_202,35.0,P4,30.55971,22.0,53
LOND,lond006,Control_202,35.0,C3,33.91853,27.0,97
LOND,lond006,Control_202,35.0,C3,33.91853,22.0,53
LOND,lond006,Control_202,35.0,C4,41.73742,27.0,97
LOND,lond006,Control_202,35.0,C4,41.73742,22.0,53
LOND,lond006,Control_202,35.0,P7,8.825498,27.0,97
LOND,lond006,Control_202,35.0,P7,8.825498,22.0,53
LOND,lond006,Control_202,35.0,P8,2.716737,27.0,97
LOND,lond006,Control_202,35.0,P8,2.716737,22.0,53
LOND,lond006,Control_202,35.0,O1,7.44084,27.0,97
LOND,lond006,Control_202,35.0,O1,7.44084,22.0,53
LOND,lond006,Control_202,35.0,O2,-0.4421405,27.0,97
LOND,lond006,Control_202,35.0,O2,-0.4421405,22.0,53
LOND,lond006,Violation_201,28.0,Pz,-4.131864,34.0,97
LOND,lond006,Violation_201,28.0,Pz,-4.131864,38.0,93
LOND,lond006,Violation_201,28.0,Cz,36.62786,34.0,97
LOND,lond006,Violation_201,28.0,Cz,36.62786,38.0,93
LOND,lond006,Violation_201,28.0,CP1,33.01811,34.0,97
LOND,lond006,Violation_201,28.0,CP1,33.01811,38.0,93
LOND,lond006,Violation_201,28.0,CP2,26.77071,34.0,97
LOND,lond006,Violation_201,28.0,CP2,26.77071,38.0,93
LOND,lond006,Violation_201,28.0,P3,-20.17945,34.0,97
LOND,lond006,Violation_201,28.0,P3,-20.17945,38.0,93
LOND,lond006,Violation_201,28.0,P4,-25.06029,34.0,97
LOND,lond006,Violation_201,28.0,P4,-25.06029,38.0,93
LOND,lond006,Violation_201,28.0,C3,0.6609089,34.0,97
LOND,lond006,Violation_201,28.0,C3,0.6609089,38.0,93
LOND,lond006,Violation_201,28.0,C4,-4.599592,34.0,97
LOND,lond006,Violation_201,28.0,C4,-4.599592,38.0,93
LOND,lond006,Violation_201,28.0,P7,-2.456635,34.0,97
LOND,lond006,Violation_201,28.0,P7,-2.456635,38.0,93
LOND,lond006,Violation_201,28.0,P8,-6.359842,34.0,97
LOND,lond006,Violation_201,28.0,P8,-6.359842,38.0,93
LOND,lond006,Violation_201,28.0,O1,-17.90262,34.0,97
LOND,lond006,Violation_201,28.0,O1,-17.90262,38.0,93
LOND,lond006,Violation_201,28.0,O2,1.692123,34.0,97
LOND,lond006,Violation_201,28.0,O2,1.692123,38.0,93
LOND,lond006,Control_202,39.0,Pz,-7.571183,37.0,80
LOND,lond006,Control_202,39.0,Pz,-7.571183,31.0,77
LOND,lond006,Control_202,39.0,Cz,-25.13593,37.0,80
LOND,lond006,Control_202,39.0,Cz,-25.13593,31.0,77
LOND,lond006,Control_202,39.0,CP1,-27.64282,37.0,80
LOND,lond006,Control_202,39.0,CP1,-27.64282,31.0,77
LOND,lond006,Control_202,39.0,CP2,-18.80697,37.0,80
LOND,lond006,Control_202,39.0,CP2,-18.80697,31.0,77
LOND,lond006,Control_202,39.0,P3,23.7027,37.0,80
LOND,lond006,Control_202,39.0,P3,23.7027,31.0,77
LOND,lond006,Control_202,39.0,P4,5.02984,37.0,80
LOND,lond006,Control_202,39.0,P4,5.02984,31.0,77
LOND,lond006,Control_202,39.0,C3,2.974188,37.0,80
LOND,lond006,Control_202,39.0,C3,2.974188,31.0,77
LOND,lond006,Control_202,39.0,C4,-20.86798,37.0,80
LOND,lond006,Control_202,39.0,C4,-20.86798,31.0,77
LOND,lond006,Control_202,39.0,P7,29.2031,37.0,80
LOND,lond006,Control_202,39.0,P7,29.2031,31.0,77
LOND,lond006,Control_202,39.0,P8,32.5801,37.0,80
LOND,lond006,Control_202,39.0,P8,32.5801,31.0,77
LOND,lond006,Control_202,39.0,O1,10.95888,37.0,80
LOND,lond006,Control_202,39.0,O1,10.95888,31.0,77
LOND,lond006,Control_202,39.0,O2,9.289165,37.0,80
LOND,lond006,Control_202,39.0,O2,9.289165,31.0,77
LOND,lond006,Violation_201,32.0,Pz,15.90294,33.0,53
LOND,lond006,Violation_201,32.0,Pz,15.90294,37.0,80
LOND,lond006,Violation_201,32.0,Cz,3.451235,33.0,53
LOND,lond006,Violation_201,32.0,Cz,3.451235,37.0,80
LOND,lond006,Violation_201,32.0,CP1,3.018758,33.0,53
LOND,lond006,Violation_201,32.0,CP1,3.018758,37.0,80
LOND,lond006,Violation_201,32.0,CP2,13.02357,33.0,53
LOND,lond006,Violation_201,32.0,CP2,13.02357,37.0,80
LOND,lond006,Violation_201,32.0,P3,59.57922,33.0,53
LOND,lond006,Violation_201,32.0,P3,59.57922,37.0,80
LOND,lond006,Violation_201,32.0,P4,36.45236,33.0,53
LOND,lond006,Violation_201,32.0,P4,36.45236,37.0,80
LOND,lond006,Violation_201,32.0,C3,35.96773,33.0,53
LOND,lond006,Violation_201,32.0,C3,35.96773,37.0,80
LOND,lond006,Violation_201,32.0,C4,10.54383,33.0,53
LOND,lond006,Violation_201,32.0,C4,10.54383,37.0,80
LOND,lond006,Violation_201,32.0,P7,40.04807,33.0,53
LOND,lond006,Violation_201,32.0,P7,40.04807,37.0,80
LOND,lond006,Violation_201,32.0,P8,42.20607,33.0,53
LOND,lond006,Violation_201,32.0,P8,42.20607,37.0,80
LOND,lond006,Violation_201,32.0,O1,27.79736,33.0,53
LOND,lond006,Violation_201,32.0,O1,27.79736,37.0,80
LOND,lond006,Violation_201,32.0,O2,40.08997,33.0,53
LOND,lond006,Violation_201,32.0,O2,40.08997,37.0,80
LOND,lond006,Control_202,27.0,Pz,-28.86252,28.0,27
LOND,lond006,Control_202,27.0,Pz,-28.86252,21.0,77
LOND,lond006,Control_202,27.0,Cz,-25.64129,28.0,27
LOND,lond006,Control_202,27.0,Cz,-25.64129,21.0,77
LOND,lond006,Control_202,27.0,CP1,16.25692,28.0,27
LOND,lond006,Control_202,27.0,CP1,16.25692,21.0,77
LOND,lond006,Control_202,27.0,CP2,-33.21846,28.0,27
LOND,lond006,Control_202,27.0,CP2,-33.21846,21.0,77
LOND,lond006,Control_202,27.0,P3,-52.10284,28.0,27
LOND,lond006,Control_202,27.0,P3,-52.10284,21.0,77
LOND,lond006,Control_202,27.0,P4,-55.30373,28.0,27
LOND,lond006,Control_202,27.0,P4,-55.30373,21.0,77
LOND,lond006,Control_202,27.0,C3,-25.76581,28.0,27
LOND,lond006,Control_202,27.0,C3,-25.76581,21.0,77
LOND,lond006,Control_202,27.0,C4,5.701598,28.0,27
LOND,lond006,Control_202,27.0,C4,5.701598,21.0,77
LOND,lond006,Control_202,27.0,P7,-44.07171,28.0,27
LOND,lond006,Control_202,27.0,P7,-44.07171,21.0,77
LOND,lond006,Control_202,27.0,P8,-32.30473,28.0,27
LOND,lond006,Control_202,27.0,P8,-32.30473,21.0,77
LOND,lond006,Control_202,27.0,O1,-50.42136,28.0,27
LOND,lond006,Control_202,27.0,O1,-50.42136,21.0,77
LOND,lond006,Control_202,27.0,O2,-42.85566,28.0,27
LOND,lond006,Control_202,27.0,O2,-42.85566,21.0,77
LOND,lond006,Violation_201,40.0,Pz,-2.594006,36.0,77
LOND,lond006,Violation_201,40.0,Pz,-2.594006,27.0,97
LOND,lond006,Violation_201,40.0,Cz,25.17138,36.0,77
LOND,lond006,Violation_201,40.0,Cz,25.17138,27.0,97
LOND,lond006,Violation_201,40.0,CP1,-29.49911,36.0,77
LOND,lond006,Violation_201,40.0,CP1,-29.49911,27.0,97
LOND,lond006,Violation_201,40.0,CP2,20.29915,36.0,77
LOND,lond006,Violation_201,40.0,CP2,20.29915,27.0,97
LOND,lond006,Violation_201,40.0,P3,-7.543648,36.0,77
LOND,lond006,Violation_201,40.0,P3,-7.543648,27.0,97
LOND,lond006,Violation_201,40.0,P4,-22.07797,36.0,77
LOND,lond006,Violation_201,40.0,P4,-22.07797,27.0,97
LOND,lond006,Violation_201,40.0,C3,3.017907,36.0,77
LOND,lond006,Violation_201,40.0,C3,3.017907,27.0,97
LOND,lond006,Violation_201,40.0,C4,-13.15089,36.0,77
LOND,lond006,Violation_201,40.0,C4,-13.15089,27.0,97
LOND,lond006,Violation_201,40.0,P7,2.41135,36.0,77
LOND,lond006,Violation_201,40.0,P7,2.41135,27.0,97
LOND,lond006,Violation_201,40.0,P8,18.8748,36.0,77
LOND,lond006,Violation_201,40.0,P8,18.8748,27.0,97
LOND,lond006,Violation_201,40.0,O1,19.49952,36.0,77
LOND,lond006,Violation_201,40.0,O1,19.49952,27.0,97
LOND,lond006,Violation_201,40.0,O2,-6.590086,36.0,77
LOND,lond006,Violation_201,40.0,O2,-6.590086,27.0,97
LOND,lond006,Violation_201,36.0,Pz,18.53378,25.0,97
LOND,lond006,Violation_201,36.0,Pz,18.53378,35.0,97
LOND,lond006,Violation_201,36.0,Cz,36.35513,25.0,97
LOND,lond006,Violation_201,36.0,Cz,36.35513,35.0,97
LOND,lond006,Violation_201,36.0,CP1,62.67517,25.0,97
LOND,lond006,Violation_201,36.0,CP1,62.67517,35.0,97
LOND,lond006,Violation_201,36.0,CP2,56.46951,25.0,97
LOND,lond006,Violation_201,36.0,CP2,56.46951,35.0,97
LOND,lond006,Violation_201,36.0,P3,5.029297,25.0,97
LOND,lond006,Violation_201,36.0,P3,5.029297,35.0,97
LOND,lond006,Violation_201,36.0,P4,9.623753,25.0,97
LOND,lond006,Violation_201,36.0,P4,9.623753,35.0,97
LOND,lond006,Violation_201,36.0,C3,16.30438,25.0,97
LOND,lond006,Violation_201,36.0,C3,16.30438,35.0,97
LOND,lond006,Violation_201,36.0,C4,53.70533,25.0,97
LOND,lond006,Violation_201,36.0,C4,53.70533,35.0,97
LOND,lond006,Violation_201,36.0,P7,1.651637,25.0,97
LOND,lond006,Violation_201,36.0,P7,1.651637,35.0,97
LOND,lond006,Violation_201,36.0,P8,-1.106753,25.0,97
LOND,lond006,Violation_201,36.0,P8,-1.106753,35.0,97
LOND,lond006,Violation_201,36.0,O1,6.434338,25.0,97
LOND,lond006,Violation_201,36.0,O1,6.434338,35.0,97
LOND,lond006,Violation_201,36.0,O2,9.199635,25.0,97
LOND,lond006,Violation_201,36.0,O2,9.199635,35.0,97
LOND,lond006,Violation_201,43.0,Pz,-18.54774,60.0,90
LOND,lond006,Violation_201,43.0,Pz,-18.54774,52.0,87
LOND,lond006,Violation_201,43.0,Cz,-39.7961,60.0,90
LOND,lond006,Violation_201,43.0,Cz,-39.7961,52.0,87
LOND,lond006,Violation_201,43.0,CP1,-29.02775,60.0,90
LOND,lond006,Violation_201,43.0,CP1,-29.02775,52.0,87
LOND,lond006,Violation_201,43.0,CP2,-32.71471,60.0,90
LOND,lond006,Violation_201,43.0,CP2,-32.71471,52.0,87
LOND,lond006,Violation_201,43.0,P3,20.12948,60.0,90
LOND,lond006,Violation_201,43.0,P3,20.12948,52.0,87
LOND,lond006,Violation_201,43.0,P4,39.55186,60.0,90
LOND,lond006,Violation_201,43.0,P4,39.55186,52.0,87
LOND,lond006,Violation_201,43.0,C3,-0.2870472,60.0,90
LOND,lond006,Violation_201,43.0,C3,-0.2870472,52.0,87
LOND,lond006,Violation_201,43.0,C4,-5.902552,60.0,90
LOND,lond006,Violation_201,43.0,C4,-5.902552,52.0,87
LOND,lond006,Violation_201,43.0,P7,-27.65959,60.0,90
LOND,lond006,Violation_201,43.0,P7,-27.65959,52.0,87
LOND,lond006,Violation_201,43.0,P8,-32.59256,60.0,90
LOND,lond006,Violation_201,43.0,P8,-32.59256,52.0,87
LOND,lond006,Violation_201,43.0,O1,-4.909008,60.0,90
LOND,lond006,Violation_201,43.0,O1,-4.909008,52.0,87
LOND,lond006,Violation_201,43.0,O2,-9.427006,60.0,90
LOND,lond006,Violation_201,43.0,O2,-9.427006,52.0,87
LOND,lond006,Violation_201,60.0,Pz,15.57689,52.0,87
LOND,lond006,Violation_201,60.0,Pz,15.57689,41.0,100
LOND,lond006,Violation_201,60.0,Cz,13.54458,52.0,87
LOND,lond006,Violation_201,60.0,Cz,13.54458,41.0,100
LOND,lond006,Violation_201,60.0,CP1,-5.840785,52.0,87
LOND,lond006,Violation_201,60.0,CP1,-5.840785,41.0,100
LOND,lond006,Violation_201,60.0,CP2,55.59495,52.0,87
LOND,lond006,Violation_201,60.0,CP2,55.59495,41.0,100
LOND,lond006,Violation_201,60.0,P3,50.01557,52.0,87
LOND,lond006,Violation_201,60.0,P3,50.01557,41.0,100
LOND,lond006,Violation_201,60.0,P4,-4.109545,52.0,87
LOND,lond006,Violation_201,60.0,P4,-4.109545,41.0,100
LOND,lond006,Violation_201,60.0,C3,23.17321,52.0,87
LOND,lond006,Violation_201,60.0,C3,23.17321,41.0,100
LOND,lond006,Violation_201,60.0,C4,10.34598,52.0,87
LOND,lond006,Violation_201,60.0,C4,10.34598,41.0,100
LOND,lond006,Violation_201,60.0,P7,29.97518,52.0,87
LOND,lond006,Violation_201,60.0,P7,29.97518,41.0,100
LOND,lond006,Violation_201,60.0,P8,21.71381,52.0,87
LOND,lond006,Violation_201,60.0,P8,21.71381,41.0,100
LOND,lond006,Violation_201,60.0,O1,39.56886,52.0,87
LOND,lond006,Violation_201,60.0,O1,39.56886,41.0,100
LOND,lond006,Violation_201,60.0,O2,32.06482,52.0,87
LOND,lond006,Violation_201,60.0,O2,32.06482,41.0,100
LOND,lond006,Control_202,59.0,Pz,-8.347665,46.0,63
LOND,lond006,Control_202,59.0,Pz,-8.347665,47.0,100
LOND,lond006,Control_202,59.0,Cz,-17.72832,46.0,63
LOND,lond006,Control_202,59.0,Cz,-17.72832,47.0,100
LOND,lond006,Control_202,59.0,CP1,1.291139,46.0,63
LOND,lond006,Control_202,59.0,CP1,1.291139,47.0,100
LOND,lond006,Control_202,59.0,CP2,-19.8067,46.0,63
LOND,lond006,Control_202,59.0,CP2,-19.8067,47.0,100
LOND,lond006,Control_202,59.0,P3,-21.02468,46.0,63
LOND,lond006,Control_202,59.0,P3,-21.02468,47.0,100
LOND,lond006,Control_202,59.0,P4,16.99323,46.0,63
LOND,lond006,Control_202,59.0,P4,16.99323,47.0,100
LOND,lond006,Control_202,59.0,C3,-23.4888,46.0,63
LOND,lond006,Control_202,59.0,C3,-23.4888,47.0,100
LOND,lond006,Control_202,59.0,C4,-10.20415,46.0,63
LOND,lond006,Control_202,59.0,C4,-10.20415,47.0,100
LOND,lond006,Control_202,59.0,P7,-23.73103,46.0,63
LOND,lond006,Control_202,59.0,P7,-23.73103,47.0,100
LOND,lond006,Control_202,59.0,P8,-16.36569,46.0,63
LOND,lond006,Control_202,59.0,P8,-16.36569,47.0,100
LOND,lond006,Control_202,59.0,O1,-21.87902,46.0,63
LOND,lond006,Control_202,59.0,O1,-21.87902,47.0,100
LOND,lond006,Control_202,59.0,O2,-26.11799,46.0,63
LOND,lond006,Control_202,59.0,O2,-26.11799,47.0,100
LOND,lond006,Control_202,55.0,Pz,-2.924693,50.0,37
LOND,lond006,Control_202,55.0,Pz,-2.924693,60.0,90
LOND,lond006,Control_202,55.0,Cz,34.52487,50.0,37
LOND,lond006,Control_202,55.0,Cz,34.52487,60.0,90
LOND,lond006,Control_202,55.0,CP1,-18.14296,50.0,37
LOND,lond006,Control_202,55.0,CP1,-18.14296,60.0,90
LOND,lond006,Control_202,55.0,CP2,33.59628,50.0,37
LOND,lond006,Control_202,55.0,CP2,33.59628,60.0,90
LOND,lond006,Control_202,55.0,P3,2.573773,50.0,37
LOND,lond006,Control_202,55.0,P3,2.573773,60.0,90
LOND,lond006,Control_202,55.0,P4,-27.37605,50.0,37
LOND,lond006,Control_202,55.0,P4,-27.37605,60.0,90
LOND,lond006,Control_202,55.0,C3,-10.66806,50.0,37
LOND,lond006,Control_202,55.0,C3,-10.66806,60.0,90
LOND,lond006,Control_202,55.0,C4,8.842355,50.0,37
LOND,lond006,Control_202,55.0,C4,8.842355,60.0,90
LOND,lond006,Control_202,55.0,P7,-20.34207,50.0,37
LOND,lond006,Control_202,55.0,P7,-20.34207,60.0,90
LOND,lond006,Control_202,55.0,P8,-10.38348,50.0,37
LOND,lond006,Control_202,55.0,P8,-10.38348,60.0,90
LOND,lond006,Control_202,55.0,O1,-9.102918,50.0,37
LOND,lond006,Control_202,55.0,O1,-9.102918,60.0,90
LOND,lond006,Control_202,55.0,O2,0.861326,50.0,37
LOND,lond006,Control_202,55.0,O2,0.861326,60.0,90
LOND,lond006,Control_202,51.0,Pz,2.326706,55.0,93
LOND,lond006,Control_202,51.0,Pz,2.326706,54.0,77
LOND,lond006,Control_202,51.0,Cz,0.7578101,55.0,93
LOND,lond006,Control_202,51.0,Cz,0.7578101,54.0,77
LOND,lond006,Control_202,51.0,CP1,-18.33479,55.0,93
LOND,lond006,Control_202,51.0,CP1,-18.33479,54.0,77
LOND,lond006,Control_202,51.0,CP2,12.4715,55.0,93
LOND,lond006,Control_202,51.0,CP2,12.4715,54.0,77
LOND,lond006,Control_202,51.0,P3,13.06837,55.0,93
LOND,lond006,Control_202,51.0,P3,13.06837,54.0,77
LOND,lond006,Control_202,51.0,P4,-19.09852,55.0,93
LOND,lond006,Control_202,51.0,P4,-19.09852,54.0,77
LOND,lond006,Control_202,51.0,C3,-11.93694,55.0,93
LOND,lond006,Control_202,51.0,C3,-11.93694,54.0,77
LOND,lond006,Control_202,51.0,C4,1.871387,55.0,93
LOND,lond006,Control_202,51.0,C4,1.871387,54.0,77
LOND,lond006,Control_202,51.0,P7,-7.351938,55.0,93
LOND,lond006,Control_202,51.0,P7,-7.351938,54.0,77
LOND,lond006,Control_202,51.0,P8,-10.33144,55.0,93
LOND,lond006,Control_202,51.0,P8,-10.33144,54.0,77
LOND,lond006,Control_202,51.0,O1,-2.211192,55.0,93
LOND,lond006,Control_202,51.0,O1,-2.211192,54.0,77
LOND,lond006,Control_202,51.0,O2,7.58975,55.0,93
LOND,lond006,Control_202,51.0,O2,7.58975,54.0,77
LOND,lond006,Violation_201,48.0,Pz,-21.57691,54.0,77
LOND,lond006,Violation_201,48.0,Pz,-21.57691,57.0,69
LOND,lond006,Violation_201,48.0,Cz,-16.48014,54.0,77
LOND,lond006,Violation_201,48.0,Cz,-16.48014,57.0,69
LOND,lond006,Violation_201,48.0,CP1,-31.27703,54.0,77
LOND,lond006,Violation_201,48.0,CP1,-31.27703,57.0,69
LOND,lond006,Violation_201,48.0,CP2,-11.88863,54.0,77
LOND,lond006,Violation_201,48.0,CP2,-11.88863,57.0,69
LOND,lond006,Violation_201,48.0,P3,-7.005937,54.0,77
LOND,lond006,Violation_201,48.0,P3,-7.005937,57.0,69
LOND,lond006,Violation_201,48.0,P4,-6.672156,54.0,77
LOND,lond006,Violation_201,48.0,P4,-6.672156,57.0,69
LOND,lond006,Violation_201,48.0,C3,-4.211928,54.0,77
LOND,lond006,Violation_201,48.0,C3,-4.211928,57.0,69
LOND,lond006,Violation_201,48.0,C4,-14.85611,54.0,77
LOND,lond006,Violation_201,48.0,C4,-14.85611,57.0,69
LOND,lond006,Violation_201,48.0,P7,-17.49779,54.0,77
LOND,lond006,Violation_201,48.0,P7,-17.49779,57.0,69
LOND,lond006,Violation_201,48.0,P8,-15.00872,54.0,77
LOND,lond006,Violation_201,48.0,P8,-15.00872,57.0,69
LOND,lond006,Violation_201,48.0,O1,-11.38742,54.0,77
LOND,lond006,Violation_201,48.0,O1,-11.38742,57.0,69
LOND,lond006,Violation_201,48.0,O2,-2.484198,54.0,77
LOND,lond006,Violation_201,48.0,O2,-2.484198,57.0,69
LOND,lond006,Control_202,44.0,Pz,-7.645375,57.0,69
LOND,lond006,Control_202,44.0,Pz,-7.645375,53.0,93
LOND,lond006,Control_202,44.0,Cz,15.29725,57.0,69
LOND,lond006,Control_202,44.0,Cz,15.29725,53.0,93
LOND,lond006,Control_202,44.0,CP1,15.06964,57.0,69
LOND,lond006,Control_202,44.0,CP1,15.06964,53.0,93
LOND,lond006,Control_202,44.0,CP2,24.5352,57.0,69
LOND,lond006,Control_202,44.0,CP2,24.5352,53.0,93
LOND,lond006,Control_202,44.0,P3,-38.13515,57.0,69
LOND,lond006,Control_202,44.0,P3,-38.13515,53.0,93
LOND,lond006,Control_202,44.0,P4,-26.85183,57.0,69
LOND,lond006,Control_202,44.0,P4,-26.85183,53.0,93
LOND,lond006,Control_202,44.0,C3,-6.106,57.0,69
LOND,lond006,Control_202,44.0,C3,-6.106,53.0,93
LOND,lond006,Control_202,44.0,C4,-4.293659,57.0,69
LOND,lond006,Control_202,44.0,C4,-4.293659,53.0,93
LOND,lond006,Control_202,44.0,P7,-27.92801,57.0,69
LOND,lond006,Control_202,44.0,P7,-27.92801,53.0,93
LOND,lond006,Control_202,44.0,P8,-17.52218,57.0,69
LOND,lond006,Control_202,44.0,P8,-17.52218,53.0,93
LOND,lond006,Control_202,44.0,O1,-11.57701,57.0,69
LOND,lond006,Control_202,44.0,O1,-11.57701,53.0,93
LOND,lond006,Control_202,44.0,O2,2.158784,57.0,69
LOND,lond006,Control_202,44.0,O2,2.158784,53.0,93
LOND,lond006,Control_202,47.0,Pz,-2.926708,42.0,37
LOND,lond006,Control_202,47.0,Pz,-2.926708,50.0,37
LOND,lond006,Control_202,47.0,Cz,29.09465,42.0,37
LOND,lond006,Control_202,47.0,Cz,29.09465,50.0,37
LOND,lond006,Control_202,47.0,CP1,-11.76944,42.0,37
LOND,lond006,Control_202,47.0,CP1,-11.76944,50.0,37
LOND,lond006,Control_202,47.0,CP2,5.583428,42.0,37
LOND,lond006,Control_202,47.0,CP2,5.583428,50.0,37
LOND,lond006,Control_202,47.0,P3,22.55239,42.0,37
LOND,lond006,Control_202,47.0,P3,22.55239,50.0,37
LOND,lond006,Control_202,47.0,P4,-20.51706,42.0,37
LOND,lond006,Control_202,47.0,P4,-20.51706,50.0,37
LOND,lond006,Control_202,47.0,C3,-2.527061,42.0,37
LOND,lond006,Control_202,47.0,C3,-2.527061,50.0,37
LOND,lond006,Control_202,47.0,C4,-18.44576,42.0,37
LOND,lond006,Control_202,47.0,C4,-18.44576,50.0,37
LOND,lond006,Control_202,47.0,P7,-6.635261,42.0,37
LOND,lond006,Control_202,47.0,P7,-6.635261,50.0,37
LOND,lond006,Control_202,47.0,P8,-20.64468,42.0,37
LOND,lond006,Control_202,47.0,P8,-20.64468,50.0,37
LOND,lond006,Control_202,47.0,O1,-16.34517,42.0,37
LOND,lond006,Control_202,47.0,O1,-16.34517,50.0,37
LOND,lond006,Control_202,47.0,O2,-19.89882,42.0,37
LOND,lond006,Control_202,47.0,O2,-19.89882,50.0,37
LOND,lond006,Violation_201,56.0,Pz,0.5266616,44.0,90
LOND,lond006,Violation_201,56.0,Pz,0.5266616,48.0,87
LOND,lond006,Violation_201,56.0,Cz,-18.9787,44.0,90
LOND,lond006,Violation_201,56.0,Cz,-18.9787,48.0,87
LOND,lond006,Violation_201,56.0,CP1,-5.65533,44.0,90
LOND,lond006,Violation_201,56.0,CP1,-5.65533,48.0,87
LOND,lond006,Violation_201,56.0,CP2,-0.6422025,44.0,90
LOND,lond006,Violation_201,56.0,CP2,-0.6422025,48.0,87
LOND,lond006,Violation_201,56.0,P3,-8.857139,44.0,90
LOND,lond006,Violation_201,56.0,P3,-8.857139,48.0,87
LOND,lond006,Violation_201,56.0,P4,30.2815,44.0,90
LOND,lond006,Violation_201,56.0,P4,30.2815,48.0,87
LOND,lond006,Violation_201,56.0,C3,-10.92704,44.0,90
LOND,lond006,Violation_201,56.0,C3,-10.92704,48.0,87
LOND,lond006,Violation_201,56.0,C4,-8.002224,44.0,90
LOND,lond006,Violation_201,56.0,C4,-8.002224,48.0,87
LOND,lond006,Violation_201,56.0,P7,0.82411,44.0,90
LOND,lond006,Violation_201,56.0,P7,0.82411,48.0,87
LOND,lond006,Violation_201,56.0,P8,11.19617,44.0,90
LOND,lond006,Violation_201,56.0,P8,11.19617,48.0,87
LOND,lond006,Violation_201,56.0,O1,-2.994328,44.0,90
LOND,lond006,Violation_201,56.0,O1,-2.994328,48.0,87
LOND,lond006,Violation_201,56.0,O2,20.0168,44.0,90
LOND,lond006,Violation_201,56.0,O2,20.0168,48.0,87
LOND,lond006,Violation_201,52.0,Pz,-0.5164857,51.0,90
LOND,lond006,Violation_201,52.0,Pz,-0.5164857,49.0,40
LOND,lond006,Violation_201,52.0,Cz,-14.30785,51.0,90
LOND,lond006,Violation_201,52.0,Cz,-14.30785,49.0,40
LOND,lond006,Violation_201,52.0,CP1,-17.80314,51.0,90
LOND,lond006,Violation_201,52.0,CP1,-17.80314,49.0,40
LOND,lond006,Violation_201,52.0,CP2,-15.29665,51.0,90
LOND,lond006,Violation_201,52.0,CP2,-15.29665,49.0,40
LOND,lond006,Violation_201,52.0,P3,10.33998,51.0,90
LOND,lond006,Violation_201,52.0,P3,10.33998,49.0,40
LOND,lond006,Violation_201,52.0,P4,1.721093,51.0,90
LOND,lond006,Violation_201,52.0,P4,1.721093,49.0,40
LOND,lond006,Violation_201,52.0,C3,4.278969,51.0,90
LOND,lond006,Violation_201,52.0,C3,4.278969,49.0,40
LOND,lond006,Violation_201,52.0,C4,-13.09576,51.0,90
LOND,lond006,Violation_201,52.0,C4,-13.09576,49.0,40
LOND,lond006,Violation_201,52.0,P7,17.51223,51.0,90
LOND,lond006,Violation_201,52.0,P7,17.51223,49.0,40
LOND,lond006,Violation_201,52.0,P8,16.29976,51.0,90
LOND,lond006,Violation_201,52.0,P8,16.29976,49.0,40
LOND,lond006,Violation_201,52.0,O1,23.42366,51.0,90
LOND,lond006,Violation_201,52.0,O1,23.42366,49.0,40
LOND,lond006,Violation_201,52.0,O2,-6.834151,51.0,90
LOND,lond006,Violation_201,52.0,O2,-6.834151,49.0,40
LOND,lond006,Violation_201,76.0,Pz,18.51946,77.0,100
LOND,lond006,Violation_201,76.0,Pz,18.51946,62.0,70
LOND,lond006,Violation_201,76.0,Cz,0.6667755,77.0,100
LOND,lond006,Violation_201,76.0,Cz,0.6667755,62.0,70
LOND,lond006,Violation_201,76.0,CP1,32.4385,77.0,100
LOND,lond006,Violation_201,76.0,CP1,32.4385,62.0,70
LOND,lond006,Violation_201,76.0,CP2,7.794961,77.0,100
LOND,lond006,Violation_201,76.0,CP2,7.794961,62.0,70
LOND,lond006,Violation_201,76.0,P3,11.86962,77.0,100
LOND,lond006,Violation_201,76.0,P3,11.86962,62.0,70
LOND,lond006,Violation_201,76.0,P4,35.0003,77.0,100
LOND,lond006,Violation_201,76.0,P4,35.0003,62.0,70
LOND,lond006,Violation_201,76.0,C3,17.25345,77.0,100
LOND,lond006,Violation_201,76.0,C3,17.25345,62.0,70
LOND,lond006,Violation_201,76.0,C4,42.729,77.0,100
LOND,lond006,Violation_201,76.0,C4,42.729,62.0,70
LOND,lond006,Violation_201,76.0,P7,3.791066,77.0,100
LOND,lond006,Violation_201,76.0,P7,3.791066,62.0,70
LOND,lond006,Violation_201,76.0,P8,-2.668069,77.0,100
LOND,lond006,Violation_201,76.0,P8,-2.668069,62.0,70
LOND,lond006,Violation_201,76.0,O1,15.07563,77.0,100
LOND,lond006,Violation_201,76.0,O1,15.07563,62.0,70
LOND,lond006,Violation_201,76.0,O2,-10.54205,77.0,100
LOND,lond006,Violation_201,76.0,O2,-10.54205,62.0,70
LOND,lond006,Violation_201,68.0,Pz,5.965019,62.0,70
LOND,lond006,Violation_201,68.0,Pz,5.965019,74.0,93
LOND,lond006,Violation_201,68.0,Cz,27.34284,62.0,70
LOND,lond006,Violation_201,68.0,Cz,27.34284,74.0,93
LOND,lond006,Violation_201,68.0,CP1,-2.663934,62.0,70
LOND,lond006,Violation_201,68.0,CP1,-2.663934,74.0,93
LOND,lond006,Violation_201,68.0,CP2,56.09816,62.0,70
LOND,lond006,Violation_201,68.0,CP2,56.09816,74.0,93
LOND,lond006,Violation_201,68.0,P3,-18.79939,62.0,70
LOND,lond006,Violation_201,68.0,P3,-18.79939,74.0,93
LOND,lond006,Violation_201,68.0,P4,-12.40309,62.0,70
LOND,lond006,Violation_201,68.0,P4,-12.40309,74.0,93
LOND,lond006,Violation_201,68.0,C3,8.444701,62.0,70
LOND,lond006,Violation_201,68.0,C3,8.444701,74.0,93
LOND,lond006,Violation_201,68.0,C4,22.2361,62.0,70
LOND,lond006,Violation_201,68.0,C4,22.2361,74.0,93
LOND,lond006,Violation_201,68.0,P7,1.352777,62.0,70
LOND,lond006,Violation_201,68.0,P7,1.352777,74.0,93
LOND,lond006,Violation_201,68.0,P8,1.628049,62.0,70
LOND,lond006,Violation_201,68.0,P8,1.628049,74.0,93
LOND,lond006,Violation_201,68.0,O1,3.148474,62.0,70
LOND,lond006,Violation_201,68.0,O1,3.148474,74.0,93
LOND,lond006,Violation_201,68.0,O2,5.328123,62.0,70
LOND,lond006,Violation_201,68.0,O2,5.328123,74.0,93
LOND,lond006,Violation_201,80.0,Pz,-16.55211,72.0,90
LOND,lond006,Violation_201,80.0,Pz,-16.55211,80.0,97
LOND,lond006,Violation_201,80.0,Cz,-37.9935,72.0,90
LOND,lond006,Violation_201,80.0,Cz,-37.9935,80.0,97
LOND,lond006,Violation_201,80.0,CP1,-2.415924,72.0,90
LOND,lond006,Violation_201,80.0,CP1,-2.415924,80.0,97
LOND,lond006,Violation_201,80.0,CP2,-22.34558,72.0,90
LOND,lond006,Violation_201,80.0,CP2,-22.34558,80.0,97
LOND,lond006,Violation_201,80.0,P3,-8.759719,72.0,90
LOND,lond006,Violation_201,80.0,P3,-8.759719,80.0,97
LOND,lond006,Violation_201,80.0,P4,-7.557543,72.0,90
LOND,lond006,Violation_201,80.0,P4,-7.557543,80.0,97
LOND,lond006,Violation_201,80.0,C3,5.814085,72.0,90
LOND,lond006,Violation_201,80.0,C3,5.814085,80.0,97
LOND,lond006,Violation_201,80.0,C4,6.074283,72.0,90
LOND,lond006,Violation_201,80.0,C4,6.074283,80.0,97
LOND,lond006,Violation_201,80.0,P7,-28.80944,72.0,90
LOND,lond006,Violation_201,80.0,P7,-28.80944,80.0,97
LOND,lond006,Violation_201,80.0,P8,-8.843547,72.0,90
LOND,lond006,Violation_201,80.0,P8,-8.843547,80.0,97
LOND,lond006,Violation_201,80.0,O1,8.769155,72.0,90
LOND,lond006,Violation_201,80.0,O1,8.769155,80.0,97
LOND,lond006,Violation_201,80.0,O2,4.606342,72.0,90
LOND,lond006,Violation_201,80.0,O2,4.606342,80.0,97
LOND,lond006,Control_202,75.0,Pz,16.96381,64.0,50
LOND,lond006,Control_202,75.0,Cz,0.2528991,64.0,50
LOND,lond006,Control_202,75.0,CP1,47.00139,64.0,50
LOND,lond006,Control_202,75.0,CP2,2.715437,64.0,50
LOND,lond006,Control_202,75.0,P3,29.3376,64.0,50
LOND,lond006,Control_202,75.0,P4,36.82506,64.0,50
LOND,lond006,Control_202,75.0,C3,39.28144,64.0,50
LOND,lond006,Control_202,75.0,C4,41.70816,64.0,50
LOND,lond006,Control_202,75.0,P7,26.36854,64.0,50
LOND,lond006,Control_202,75.0,P8,5.963611,64.0,50
LOND,lond006,Control_202,75.0,O1,-0.9104429,64.0,50
LOND,lond006,Control_202,75.0,O2,8.033933,64.0,50
LOND,lond006,Control_202,79.0,Pz,13.92311,78.0,97
LOND,lond006,Control_202,79.0,Pz,13.92311,61.0,34
LOND,lond006,Control_202,79.0,Cz,-14.41062,78.0,97
LOND,lond006,Control_202,79.0,Cz,-14.41062,61.0,34
LOND,lond006,Control_202,79.0,CP1,43.57053,78.0,97
LOND,lond006,Control_202,79.0,CP1,43.57053,61.0,34
LOND,lond006,Control_202,79.0,CP2,-8.841087,78.0,97
LOND,lond006,Control_202,79.0,CP2,-8.841087,61.0,34
LOND,lond006,Control_202,79.0,P3,22.68248,78.0,97
LOND,lond006,Control_202,79.0,P3,22.68248,61.0,34
LOND,lond006,Control_202,79.0,P4,37.77765,78.0,97
LOND,lond006,Control_202,79.0,P4,37.77765,61.0,34
LOND,lond006,Control_202,79.0,C3,32.98531,78.0,97
LOND,lond006,Control_202,79.0,C3,32.98531,61.0,34
LOND,lond006,Control_202,79.0,C4,30.911,78.0,97
LOND,lond006,Control_202,79.0,C4,30.911,61.0,34
LOND,lond006,Control_202,79.0,P7,-8.226742,78.0,97
LOND,lond006,Control_202,79.0,P7,-8.226742,61.0,34
LOND,lond006,Control_202,79.0,P8,-11.68298,78.0,97
LOND,lond006,Control_202,79.0,P8,-11.68298,61.0,34
LOND,lond006,Control_202,79.0,O1,-1.077181,78.0,97
LOND,lond006,Control_202,79.0,O1,-1.077181,61.0,34
LOND,lond006,Control_202,79.0,O2,-0.2983777,78.0,97
LOND,lond006,Control_202,79.0,O2,-0.2983777,61.0,34
LOND,lond006,Control_202,71.0,Pz,17.70938,79.0,97
LOND,lond006,Control_202,71.0,Cz,22.45679,79.0,97
LOND,lond006,Control_202,71.0,CP1,-8.15083,79.0,97
LOND,lond006,Control_202,71.0,CP2,8.913084,79.0,97
LOND,lond006,Control_202,71.0,P3,39.29173,79.0,97
LOND,lond006,Control_202,71.0,P4,8.411749,79.0,97
LOND,lond006,Control_202,71.0,C3,20.13491,79.0,97
LOND,lond006,Control_202,71.0,C4,26.27377,79.0,97
LOND,lond006,Control_202,71.0,P7,-2.65012,79.0,97
LOND,lond006,Control_202,71.0,P8,8.062304,79.0,97
LOND,lond006,Control_202,71.0,O1,45.93909,79.0,97
LOND,lond006,Control_202,71.0,O2,35.61785,79.0,97
LOND,lond006,Control_202,63.0,Pz,-15.18032,68.0,27
LOND,lond006,Control_202,63.0,Pz,-15.18032,73.0,80
LOND,lond006,Control_202,63.0,Cz,-4.163316,68.0,27
LOND,lond006,Control_202,63.0,Cz,-4.163316,73.0,80
LOND,lond006,Control_202,63.0,CP1,-36.999,68.0,27
LOND,lond006,Control_202,63.0,CP1,-36.999,73.0,80
LOND,lond006,Control_202,63.0,CP2,19.67099,68.0,27
LOND,lond006,Control_202,63.0,CP2,19.67099,73.0,80
LOND,lond006,Control_202,63.0,P3,12.47195,68.0,27
LOND,lond006,Control_202,63.0,P3,12.47195,73.0,80
LOND,lond006,Control_202,63.0,P4,-17.40915,68.0,27
LOND,lond006,Control_202,63.0,P4,-17.40915,73.0,80
LOND,lond006,Control_202,63.0,C3,9.891519,68.0,27
LOND,lond006,Control_202,63.0,C3,9.891519,73.0,80
LOND,lond006,Control_202,63.0,C4,-18.69357,68.0,27
LOND,lond006,Control_202,63.0,C4,-18.69357,73.0,80
LOND,lond006,Control_202,63.0,P7,-17.67346,68.0,27
LOND,lond006,Control_202,63.0,P7,-17.67346,73.0,80
LOND,lond006,Control_202,63.0,P8,-21.23584,68.0,27
LOND,lond006,Control_202,63.0,P8,-21.23584,73.0,80
LOND,lond006,Control_202,63.0,O1,-0.232192,68.0,27
LOND,lond006,Control_202,63.0,O1,-0.232192,73.0,80
LOND,lond006,Control_202,63.0,O2,-9.369847,68.0,27
LOND,lond006,Control_202,63.0,O2,-9.369847,73.0,80
LOND,lond006,Violation_201,64.0,Pz,-9.25024,80.0,97
LOND,lond006,Violation_201,64.0,Pz,-9.25024,63.0,83
LOND,lond006,Violation_201,64.0,Cz,-15.65687,80.0,97
LOND,lond006,Violation_201,64.0,Cz,-15.65687,63.0,83
LOND,lond006,Violation_201,64.0,CP1,10.89574,80.0,97
LOND,lond006,Violation_201,64.0,CP1,10.89574,63.0,83
LOND,lond006,Violation_201,64.0,CP2,-24.38091,80.0,97
LOND,lond006,Violation_201,64.0,CP2,-24.38091,63.0,83
LOND,lond006,Violation_201,64.0,P3,15.71557,80.0,97
LOND,lond006,Violation_201,64.0,P3,15.71557,63.0,83
LOND,lond006,Violation_201,64.0,P4,-7.45013,80.0,97
LOND,lond006,Violation_201,64.0,P4,-7.45013,63.0,83
LOND,lond006,Violation_201,64.0,C3,9.046756,80.0,97
LOND,lond006,Violation_201,64.0,C3,9.046756,63.0,83
LOND,lond006,Violation_201,64.0,C4,-11.57947,80.0,97
LOND,lond006,Violation_201,64.0,C4,-11.57947,63.0,83
LOND,lond006,Violation_201,64.0,P7,-15.56373,80.0,97
LOND,lond006,Violation_201,64.0,P7,-15.56373,63.0,83
LOND,lond006,Violation_201,64.0,P8,-21.26956,80.0,97
LOND,lond006,Violation_201,64.0,P8,-21.26956,63.0,83
LOND,lond006,Violation_201,64.0,O1,-3.493001,80.0,97
LOND,lond006,Violation_201,64.0,O1,-3.493001,63.0,83
LOND,lond006,Violation_201,64.0,O2,-27.75985,80.0,97
LOND,lond006,Violation_201,64.0,O2,-27.75985,63.0,83
LOND,lond006,Control_202,67.0,Pz,14.66928,65.0,93
LOND,lond006,Control_202,67.0,Pz,14.66928,75.0,60
LOND,lond006,Control_202,67.0,Cz,-11.37048,65.0,93
LOND,lond006,Control_202,67.0,Cz,-11.37048,75.0,60
LOND,lond006,Control_202,67.0,CP1,-0.4023339,65.0,93
LOND,lond006,Control_202,67.0,CP1,-0.4023339,75.0,60
LOND,lond006,Control_202,67.0,CP2,1.85578,65.0,93
LOND,lond006,Control_202,67.0,CP2,1.85578,75.0,60
LOND,lond006,Control_202,67.0,P3,8.707242,65.0,93
LOND,lond006,Control_202,67.0,P3,8.707242,75.0,60
LOND,lond006,Control_202,67.0,P4,36.41898,65.0,93
LOND,lond006,Control_202,67.0,P4,36.41898,75.0,60
LOND,lond006,Control_202,67.0,C3,24.6017,65.0,93
LOND,lond006,Control_202,67.0,C3,24.6017,75.0,60
LOND,lond006,Control_202,67.0,C4,20.95061,65.0,93
LOND,lond006,Control_202,67.0,C4,20.95061,75.0,60
LOND,lond006,Control_202,67.0,P7,-20.72021,65.0,93
LOND,lond006,Control_202,67.0,P7,-20.72021,75.0,60
LOND,lond006,Control_202,67.0,P8,13.63599,65.0,93
LOND,lond006,Control_202,67.0,P8,13.63599,75.0,60
LOND,lond006,Control_202,67.0,O1,15.11452,65.0,93
LOND,lond006,Control_202,67.0,O1,15.11452,75.0,60
LOND,lond006,Control_202,67.0,O2,29.32117,65.0,93
LOND,lond006,Control_202,67.0,O2,29.32117,75.0,60
LOND,lond006,Violation_201,72.0,Pz,-0.656604,71.0,90
LOND,lond006,Violation_201,72.0,Pz,-0.656604,67.0,87
LOND,lond006,Violation_201,72.0,Cz,11.32292,71.0,90
LOND,lond006,Violation_201,72.0,Cz,11.32292,67.0,87
LOND,lond006,Violation_201,72.0,CP1,-21.67951,71.0,90
LOND,lond006,Violation_201,72.0,CP1,-21.67951,67.0,87
LOND,lond006,Violation_201,72.0,CP2,-1.159273,71.0,90
LOND,lond006,Violation_201,72.0,CP2,-1.159273,67.0,87
LOND,lond006,Violation_201,72.0,P3,-12.00606,71.0,90
LOND,lond006,Violation_201,72.0,P3,-12.00606,67.0,87
LOND,lond006,Violation_201,72.0,P4,35.54391,71.0,90
LOND,lond006,Violation_201,72.0,P4,35.54391,67.0,87
LOND,lond006,Violation_201,72.0,C3,12.7953,71.0,90
LOND,lond006,Violation_201,72.0,C3,12.7953,67.0,87
LOND,lond006,Violation_201,72.0,C4,-10.37256,71.0,90
LOND,lond006,Violation_201,72.0,C4,-10.37256,67.0,87
LOND,lond006,Violation_201,72.0,P7,8.030578,71.0,90
LOND,lond006,Violation_201,72.0,P7,8.030578,67.0,87
LOND,lond006,Violation_201,72.0,P8,8.019422,71.0,90
LOND,lond006,Violation_201,72.0,P8,8.019422,67.0,87
LOND,lond006,Violation_201,72.0,O1,19.40924,71.0,90
LOND,lond006,Violation_201,72.0,O1,19.40924,67.0,87
LOND,lond006,Violation_201,72.0,O2,-22.42648,71.0,90
LOND,lond006,Violation_201,72.0,O2,-22.42648,67.0,87
LOND,lond008,Violation_201,20.0,Pz,3.602102,2.0,100
LOND,lond008,Violation_201,20.0,Cz,1.209483,2.0,100
LOND,lond008,Violation_201,20.0,CP1,0.836009,2.0,100
LOND,lond008,Violation_201,20.0,CP2,3.522185,2.0,100
LOND,lond008,Violation_201,20.0,P3,8.093019,2.0,100
LOND,lond008,Violation_201,20.0,P4,1.230372,2.0,100
LOND,lond008,Violation_201,20.0,C3,5.935147,2.0,100
LOND,lond008,Violation_201,20.0,C4,6.727552,2.0,100
LOND,lond008,Violation_201,20.0,P7,10.39577,2.0,100
LOND,lond008,Violation_201,20.0,P8,-1.356093,2.0,100
LOND,lond008,Violation_201,20.0,O1,-1.177382,2.0,100
LOND,lond008,Violation_201,20.0,O2,-5.091521,2.0,100
LOND,lond008,Control_202,7.0,Pz,1.496215,14.0,90
LOND,lond008,Control_202,7.0,Cz,4.754014,14.0,90
LOND,lond008,Control_202,7.0,CP1,5.073481,14.0,90
LOND,lond008,Control_202,7.0,CP2,-0.2085596,14.0,90
LOND,lond008,Control_202,7.0,P3,3.436307,14.0,90
LOND,lond008,Control_202,7.0,P4,-1.87411,14.0,90
LOND,lond008,Control_202,7.0,C3,9.096601,14.0,90
LOND,lond008,Control_202,7.0,C4,1.200994,14.0,90
LOND,lond008,Control_202,7.0,P7,0.5899928,14.0,90
LOND,lond008,Control_202,7.0,P8,-4.897264,14.0,90
LOND,lond008,Control_202,7.0,O1,-4.251529,14.0,90
LOND,lond008,Control_202,7.0,O2,-0.05316295,14.0,90
LOND,lond008,Control_202,19.0,Pz,6.641584,12.0,100
LOND,lond008,Control_202,19.0,Cz,9.409321,12.0,100
LOND,lond008,Control_202,19.0,CP1,4.422706,12.0,100
LOND,lond008,Control_202,19.0,CP2,8.34901,12.0,100
LOND,lond008,Control_202,19.0,P3,-1.026886,12.0,100
LOND,lond008,Control_202,19.0,P4,2.563667,12.0,100
LOND,lond008,Control_202,19.0,C3,8.272246,12.0,100
LOND,lond008,Control_202,19.0,C4,8.556808,12.0,100
LOND,lond008,Control_202,19.0,P7,1.129475,12.0,100
LOND,lond008,Control_202,19.0,P8,6.537198,12.0,100
LOND,lond008,Control_202,19.0,O1,3.800443,12.0,100
LOND,lond008,Control_202,19.0,O2,-2.006436,12.0,100
LOND,lond008,Violation_201,4.0,Pz,10.54737,6.0,100
LOND,lond008,Violation_201,4.0,Cz,8.785432,6.0,100
LOND,lond008,Violation_201,4.0,CP1,18.27027,6.0,100
LOND,lond008,Violation_201,4.0,CP2,5.738245,6.0,100
LOND,lond008,Violation_201,4.0,P3,13.62858,6.0,100
LOND,lond008,Violation_201,4.0,P4,4.918024,6.0,100
LOND,lond008,Violation_201,4.0,C3,13.66298,6.0,100
LOND,lond008,Violation_201,4.0,C4,-1.990279,6.0,100
LOND,lond008,Violation_201,4.0,P7,20.61136,6.0,100
LOND,lond008,Violation_201,4.0,P8,3.519912,6.0,100
LOND,lond008,Violation_201,4.0,O1,11.20713,6.0,100
LOND,lond008,Violation_201,4.0,O2,8.97784,6.0,100
LOND,lond008,Control_202,15.0,Pz,-4.409008,8.0,97
LOND,lond008,Control_202,15.0,Cz,1.941199,8.0,97
LOND,lond008,Control_202,15.0,CP1,2.44408,8.0,97
LOND,lond008,Control_202,15.0,CP2,-0.9564379,8.0,97
LOND,lond008,Control_202,15.0,P3,-5.860675,8.0,97
LOND,lond008,Control_202,15.0,P4,-8.894193,8.0,97
LOND,lond008,Control_202,15.0,C3,-0.06516664,8.0,97
LOND,lond008,Control_202,15.0,C4,2.006349,8.0,97
LOND,lond008,Control_202,15.0,P7,-17.01381,8.0,97
LOND,lond008,Control_202,15.0,P8,-15.85983,8.0,97
LOND,lond008,Control_202,15.0,O1,-9.812675,8.0,97
LOND,lond008,Control_202,15.0,O2,-9.715779,8.0,97
LOND,lond008,Control_202,11.0,Pz,-0.8036401,1.0,97
LOND,lond008,Control_202,11.0,Cz,1.570788,1.0,97
LOND,lond008,Control_202,11.0,CP1,2.079819,1.0,97
LOND,lond008,Control_202,11.0,CP2,4.275932,1.0,97
LOND,lond008,Control_202,11.0,P3,-4.505196,1.0,97
LOND,lond008,Control_202,11.0,P4,2.96998,1.0,97
LOND,lond008,Control_202,11.0,C3,-1.923077,1.0,97
LOND,lond008,Control_202,11.0,C4,6.532155,1.0,97
LOND,lond008,Control_202,11.0,P7,-8.860448,1.0,97
LOND,lond008,Control_202,11.0,P8,0.1820727,1.0,97
LOND,lond008,Control_202,11.0,O1,-2.330725,1.0,97
LOND,lond008,Control_202,11.0,O2,2.098671,1.0,97
LOND,lond008,Violation_201,16.0,Pz,1.104092,17.0,62
LOND,lond008,Violation_201,16.0,Cz,-3.631753,17.0,62
LOND,lond008,Violation_201,16.0,CP1,4.878747,17.0,62
LOND,lond008,Violation_201,16.0,CP2,2.00144,17.0,62
LOND,lond008,Violation_201,16.0,P3,1.856504,17.0,62
LOND,lond008,Violation_201,16.0,P4,3.087841,17.0,62
LOND,lond008,Violation_201,16.0,C3,1.900701,17.0,62
LOND,lond008,Violation_201,16.0,C4,3.085732,17.0,62
LOND,lond008,Violation_201,16.0,P7,9.533287,17.0,62
LOND,lond008,Violation_201,16.0,P8,-1.757849,17.0,62
LOND,lond008,Violation_201,16.0,O1,-0.2337107,17.0,62
LOND,lond008,Violation_201,16.0,O2,0.8978586,17.0,62
LOND,lond008,Violation_201,8.0,Pz,0.5962576,5.0,93
LOND,lond008,Violation_201,8.0,Cz,-4.950292,5.0,93
LOND,lond008,Violation_201,8.0,CP1,-2.631802,5.0,93
LOND,lond008,Violation_201,8.0,CP2,-4.001755,5.0,93
LOND,lond008,Violation_201,8.0,P3,2.511363,5.0,93
LOND,lond008,Violation_201,8.0,P4,1.645228,5.0,93
LOND,lond008,Violation_201,8.0,C3,-5.450424,5.0,93
LOND,lond008,Violation_201,8.0,C4,-5.91014,5.0,93
LOND,lond008,Violation_201,8.0,P7,7.066359,5.0,93
LOND,lond008,Violation_201,8.0,P8,1.196423,5.0,93
LOND,lond008,Violation_201,8.0,O1,5.591643,5.0,93
LOND,lond008,Violation_201,8.0,O2,-3.06062,5.0,93
LOND,lond008,Control_202,3.0,Pz,10.51243,20.0,90
LOND,lond008,Control_202,3.0,Cz,11.41341,20.0,90
LOND,lond008,Control_202,3.0,CP1,7.543216,20.0,90
LOND,lond008,Control_202,3.0,CP2,10.67803,20.0,90
LOND,lond008,Control_202,3.0,P3,5.428959,20.0,90
LOND,lond008,Control_202,3.0,P4,9.787047,20.0,90
LOND,lond008,Control_202,3.0,C3,5.564247,20.0,90
LOND,lond008,Control_202,3.0,C4,8.143996,20.0,90
LOND,lond008,Control_202,3.0,P7,4.800431,20.0,90
LOND,lond008,Control_202,3.0,P8,8.512057,20.0,90
LOND,lond008,Control_202,3.0,O1,4.155377,20.0,90
LOND,lond008,Control_202,3.0,O2,10.2399,20.0,90
LOND,lond008,Violation_201,12.0,Pz,-11.5469,15.0,90
LOND,lond008,Violation_201,12.0,Cz,-13.43189,15.0,90
LOND,lond008,Violation_201,12.0,CP1,-11.93601,15.0,90
LOND,lond008,Violation_201,12.0,CP2,-16.55687,15.0,90
LOND,lond008,Violation_201,12.0,P3,-5.986474,15.0,90
LOND,lond008,Violation_201,12.0,P4,-12.79668,15.0,90
LOND,lond008,Violation_201,12.0,C3,-11.3325,15.0,90
LOND,lond008,Violation_201,12.0,C4,-19.61026,15.0,90
LOND,lond008,Violation_201,12.0,P7,-4.207169,15.0,90
LOND,lond008,Violation_201,12.0,P8,-7.87728,15.0,90
LOND,lond008,Violation_201,12.0,O1,6.00784,15.0,90
LOND,lond008,Violation_201,12.0,O2,-0.9709938,15.0,90
LOND,lond008,Violation_201,32.0,Pz,-7.322777,23.0,93
LOND,lond008,Violation_201,32.0,Cz,1.1934,23.0,93
LOND,lond008,Violation_201,32.0,CP1,-1.333109,23.0,93
LOND,lond008,Violation_201,32.0,CP2,-3.231627,23.0,93
LOND,lond008,Violation_201,32.0,P3,-6.1503,23.0,93
LOND,lond008,Violation_201,32.0,P4,-5.801922,23.0,93
LOND,lond008,Violation_201,32.0,C3,1.013453,23.0,93
LOND,lond008,Violation_201,32.0,C4,-3.774322,23.0,93
LOND,lond008,Violation_201,32.0,P7,-9.976109,23.0,93
LOND,lond008,Violation_201,32.0,P8,-3.20691,23.0,93
LOND,lond008,Violation_201,32.0,O1,-14.70418,23.0,93
LOND,lond008,Violation_201,32.0,O2,-12.45466,23.0,93
LOND,lond008,Violation_201,28.0,Pz,-0.06795648,35.0,97
LOND,lond008,Violation_201,28.0,Cz,4.86377,35.0,97
LOND,lond008,Violation_201,28.0,CP1,0.07432833,35.0,97
LOND,lond008,Violation_201,28.0,CP2,-1.467301,35.0,97
LOND,lond008,Violation_201,28.0,P3,3.356694,35.0,97
LOND,lond008,Violation_201,28.0,P4,-3.94302,35.0,97
LOND,lond008,Violation_201,28.0,C3,3.128194,35.0,97
LOND,lond008,Violation_201,28.0,C4,-0.4509174,35.0,97
LOND,lond008,Violation_201,28.0,P7,8.374416,35.0,97
LOND,lond008,Violation_201,28.0,P8,0.9781517,35.0,97
LOND,lond008,Violation_201,28.0,O1,3.951675,35.0,97
LOND,lond008,Violation_201,28.0,O2,-3.209168,35.0,97
LOND,lond008,Control_202,39.0,Pz,8.104842,21.0,77
LOND,lond008,Control_202,39.0,Cz,12.23857,21.0,77
LOND,lond008,Control_202,39.0,CP1,2.257913,21.0,77
LOND,lond008,Control_202,39.0,CP2,9.072725,21.0,77
LOND,lond008,Control_202,39.0,P3,5.086837,21.0,77
LOND,lond008,Control_202,39.0,P4,4.927686,21.0,77
LOND,lond008,Control_202,39.0,C3,3.21032,21.0,77
LOND,lond008,Control_202,39.0,C4,5.599286,21.0,77
LOND,lond008,Control_202,39.0,P7,3.514838,21.0,77
LOND,lond008,Control_202,39.0,P8,4.312817,21.0,77
LOND,lond008,Control_202,39.0,O1,8.692152,21.0,77
LOND,lond008,Control_202,39.0,O2,10.20928,21.0,77
LOND,lond008,Violation_201,24.0,Pz,11.50798,39.0,97
LOND,lond008,Violation_201,24.0,Cz,6.766111,39.0,97
LOND,lond008,Violation_201,24.0,CP1,7.334716,39.0,97
LOND,lond008,Violation_201,24.0,CP2,7.495947,39.0,97
LOND,lond008,Violation_201,24.0,P3,19.34898,39.0,97
LOND,lond008,Violation_201,24.0,P4,10.96675,39.0,97
LOND,lond008,Violation_201,24.0,C3,12.7668,39.0,97
LOND,lond008,Violation_201,24.0,C4,6.886297,39.0,97
LOND,lond008,Violation_201,24.0,P7,10.31311,39.0,97
LOND,lond008,Violation_201,24.0,P8,6.332947,39.0,97
LOND,lond008,Violation_201,24.0,O1,9.549893,39.0,97
LOND,lond008,Violation_201,24.0,O2,-3.560283,39.0,97
LOND,lond008,Control_202,35.0,Pz,-9.974762,40.0,93
LOND,lond008,Control_202,35.0,Cz,-7.881864,40.0,93
LOND,lond008,Control_202,35.0,CP1,-8.053692,40.0,93
LOND,lond008,Control_202,35.0,CP2,-9.175268,40.0,93
LOND,lond008,Control_202,35.0,P3,-6.340665,40.0,93
LOND,lond008,Control_202,35.0,P4,-8.851842,40.0,93
LOND,lond008,Control_202,35.0,C3,-4.882069,40.0,93
LOND,lond008,Control_202,35.0,C4,-5.82453,40.0,93
LOND,lond008,Control_202,35.0,P7,-4.767462,40.0,93
LOND,lond008,Control_202,35.0,P8,-8.021739,40.0,93
LOND,lond008,Control_202,35.0,O1,-5.938325,40.0,93
LOND,lond008,Control_202,35.0,O2,-8.033692,40.0,93
LOND,lond008,Control_202,31.0,Pz,10.29069,29.0,90
LOND,lond008,Control_202,31.0,Cz,12.94094,29.0,90
LOND,lond008,Control_202,31.0,CP1,10.7389,29.0,90
LOND,lond008,Control_202,31.0,CP2,8.013709,29.0,90
LOND,lond008,Control_202,31.0,P3,5.489021,29.0,90
LOND,lond008,Control_202,31.0,P4,6.449982,29.0,90
LOND,lond008,Control_202,31.0,C3,6.615392,29.0,90
LOND,lond008,Control_202,31.0,C4,2.79069,29.0,90
LOND,lond008,Control_202,31.0,P7,6.337135,29.0,90
LOND,lond008,Control_202,31.0,P8,7.358631,29.0,90
LOND,lond008,Control_202,31.0,O1,4.95016,29.0,90
LOND,lond008,Control_202,31.0,O2,5.586485,29.0,90
LOND,lond008,Control_202,23.0,Pz,-10.33116,28.0,27
LOND,lond008,Control_202,23.0,Cz,-10.53679,28.0,27
LOND,lond008,Control_202,23.0,CP1,-4.443852,28.0,27
LOND,lond008,Control_202,23.0,CP2,-9.708367,28.0,27
LOND,lond008,Control_202,23.0,P3,-3.055916,28.0,27
LOND,lond008,Control_202,23.0,P4,-10.19175,28.0,27
LOND,lond008,Control_202,23.0,C3,-5.979991,28.0,27
LOND,lond008,Control_202,23.0,C4,-8.949477,28.0,27
LOND,lond008,Control_202,23.0,P7,-8.69746,28.0,27
LOND,lond008,Control_202,23.0,P8,-5.972365,28.0,27
LOND,lond008,Control_202,23.0,O1,-5.432998,28.0,27
LOND,lond008,Control_202,23.0,O2,-7.856881,28.0,27
LOND,lond008,Violation_201,36.0,Pz,-2.07479,38.0,93
LOND,lond008,Violation_201,36.0,Cz,-8.376597,38.0,93
LOND,lond008,Violation_201,36.0,CP1,-3.506769,38.0,93
LOND,lond008,Violation_201,36.0,CP2,-6.207287,38.0,93
LOND,lond008,Violation_201,36.0,P3,3.065058,38.0,93
LOND,lond008,Violation_201,36.0,P4,-2.726223,38.0,93
LOND,lond008,Violation_201,36.0,C3,-2.536726,38.0,93
LOND,lond008,Violation_201,36.0,C4,-10.50692,38.0,93
LOND,lond008,Violation_201,36.0,P7,7.393986,38.0,93
LOND,lond008,Violation_201,36.0,P8,-1.243962,38.0,93
LOND,lond008,Violation_201,36.0,O1,-1.255476,38.0,93
LOND,lond008,Violation_201,36.0,O2,-4.729887,38.0,93
LOND,lond008,Violation_201,40.0,Pz,8.103146,27.0,97
LOND,lond008,Violation_201,40.0,Cz,5.71399,27.0,97
LOND,lond008,Violation_201,40.0,CP1,11.70605,27.0,97
LOND,lond008,Violation_201,40.0,CP2,6.793186,27.0,97
LOND,lond008,Violation_201,40.0,P3,8.651258,27.0,97
LOND,lond008,Violation_201,40.0,P4,2.757149,27.0,97
LOND,lond008,Violation_201,40.0,C3,4.621661,27.0,97
LOND,lond008,Violation_201,40.0,C4,0.7755295,27.0,97
LOND,lond008,Violation_201,40.0,P7,-1.743502,27.0,97
LOND,lond008,Violation_201,40.0,P8,0.02252395,27.0,97
LOND,lond008,Violation_201,40.0,O1,1.400336,27.0,97
LOND,lond008,Violation_201,40.0,O2,-3.631974,27.0,97
LOND,lond008,Control_202,27.0,Pz,-4.504096,26.0,87
LOND,lond008,Control_202,27.0,Cz,0.03469464,26.0,87
LOND,lond008,Control_202,27.0,CP1,-4.683328,26.0,87
LOND,lond008,Control_202,27.0,CP2,-1.553382,26.0,87
LOND,lond008,Control_202,27.0,P3,-4.442554,26.0,87
LOND,lond008,Control_202,27.0,P4,-0.8950854,26.0,87
LOND,lond008,Control_202,27.0,C3,-3.970279,26.0,87
LOND,lond008,Control_202,27.0,C4,-0.7540205,26.0,87
LOND,lond008,Control_202,27.0,P7,0.7228451,26.0,87
LOND,lond008,Control_202,27.0,P8,6.120666,26.0,87
LOND,lond008,Control_202,27.0,O1,9.203194,26.0,87
LOND,lond008,Control_202,27.0,O2,1.106771,26.0,87
LOND,lond008,Control_202,59.0,Pz,22.27892,56.0,93
LOND,lond008,Control_202,59.0,Cz,29.59083,56.0,93
LOND,lond008,Control_202,59.0,CP1,26.31804,56.0,93
LOND,lond008,Control_202,59.0,CP2,26.71494,56.0,93
LOND,lond008,Control_202,59.0,P3,16.23817,56.0,93
LOND,lond008,Control_202,59.0,P4,17.57093,56.0,93
LOND,lond008,Control_202,59.0,C3,29.1243,56.0,93
LOND,lond008,Control_202,59.0,C4,21.6399,56.0,93
LOND,lond008,Control_202,59.0,P7,15.26068,56.0,93
LOND,lond008,Control_202,59.0,P8,7.860269,56.0,93
LOND,lond008,Control_202,59.0,O1,8.777156,56.0,93
LOND,lond008,Control_202,59.0,O2,9.40359,56.0,93
LOND,lond008,Violation_201,48.0,Pz,20.30889,41.0,100
LOND,lond008,Violation_201,48.0,Cz,7.52694,41.0,100
LOND,lond008,Violation_201,48.0,CP1,12.53156,41.0,100
LOND,lond008,Violation_201,48.0,CP2,14.909,41.0,100
LOND,lond008,Violation_201,48.0,P3,17.53263,41.0,100
LOND,lond008,Violation_201,48.0,P4,16.86642,41.0,100
LOND,lond008,Violation_201,48.0,C3,8.552671,41.0,100
LOND,lond008,Violation_201,48.0,C4,9.146927,41.0,100
LOND,lond008,Violation_201,48.0,P7,23.27808,41.0,100
LOND,lond008,Violation_201,48.0,P8,9.893264,41.0,100
LOND,lond008,Violation_201,48.0,O1,18.40897,41.0,100
LOND,lond008,Violation_201,48.0,O2,14.40551,41.0,100
LOND,lond008,Control_202,44.0,Pz,-19.22483,44.0,90
LOND,lond008,Control_202,44.0,Cz,-13.60406,44.0,90
LOND,lond008,Control_202,44.0,CP1,-19.37233,44.0,90
LOND,lond008,Control_202,44.0,CP2,-15.45295,44.0,90
LOND,lond008,Control_202,44.0,P3,-9.543075,44.0,90
LOND,lond008,Control_202,44.0,P4,-8.567359,44.0,90
LOND,lond008,Control_202,44.0,C3,-9.116615,44.0,90
LOND,lond008,Control_202,44.0,C4,-13.08195,44.0,90
LOND,lond008,Control_202,44.0,P7,-2.359364,44.0,90
LOND,lond008,Control_202,44.0,P8,-3.10437,44.0,90
LOND,lond008,Control_202,44.0,O1,2.103901,44.0,90
LOND,lond008,Control_202,44.0,O2,-1.5114,44.0,90
LOND,lond008,Violation_201,52.0,Pz,9.899924,47.0,100
LOND,lond008,Violation_201,52.0,Cz,5.070024,47.0,100
LOND,lond008,Violation_201,52.0,CP1,-0.8909617,47.0,100
LOND,lond008,Violation_201,52.0,CP2,2.78456,47.0,100
LOND,lond008,Violation_201,52.0,P3,5.971513,47.0,100
LOND,lond008,Violation_201,52.0,P4,1.258582,47.0,100
LOND,lond008,Violation_201,52.0,C3,2.862829,47.0,100
LOND,lond008,Violation_201,52.0,C4,-1.674387,47.0,100
LOND,lond008,Violation_201,52.0,P7,-4.329893,47.0,100
LOND,lond008,Violation_201,52.0,P8,-5.672381,47.0,100
LOND,lond008,Violation_201,52.0,O1,-0.2332804,47.0,100
LOND,lond008,Violation_201,52.0,O2,0.6832284,47.0,100
LOND,lond008,Control_202,47.0,Pz,-7.130301,45.0,67
LOND,lond008,Control_202,47.0,Cz,-3.423649,45.0,67
LOND,lond008,Control_202,47.0,CP1,-0.6058395,45.0,67
LOND,lond008,Control_202,47.0,CP2,-5.67758,45.0,67
LOND,lond008,Control_202,47.0,P3,-0.1632079,45.0,67
LOND,lond008,Control_202,47.0,P4,-4.511153,45.0,67
LOND,lond008,Control_202,47.0,C3,4.293146,45.0,67
LOND,lond008,Control_202,47.0,C4,-1.688333,45.0,67
LOND,lond008,Control_202,47.0,P7,7.729371,45.0,67
LOND,lond008,Control_202,47.0,P8,-2.488736,45.0,67
LOND,lond008,Control_202,47.0,O1,-2.524763,45.0,67
LOND,lond008,Control_202,47.0,O2,-4.454881,45.0,67
LOND,lond008,Violation_201,60.0,Pz,0.8726361,55.0,93
LOND,lond008,Violation_201,60.0,Cz,4.487101,55.0,93
LOND,lond008,Violation_201,60.0,CP1,-2.015658,55.0,93
LOND,lond008,Violation_201,60.0,CP2,1.523733,55.0,93
LOND,lond008,Violation_201,60.0,P3,3.938409,55.0,93
LOND,lond008,Violation_201,60.0,P4,0.5833834,55.0,93
LOND,lond008,Violation_201,60.0,C3,3.504869,55.0,93
LOND,lond008,Violation_201,60.0,C4,1.549975,55.0,93
LOND,lond008,Violation_201,60.0,P7,12.61645,55.0,93
LOND,lond008,Violation_201,60.0,P8,1.233952,55.0,93
LOND,lond008,Violation_201,60.0,O1,3.661753,55.0,93
LOND,lond008,Violation_201,60.0,O2,11.42952,55.0,93
LOND,lond008,Violation_201,43.0,Pz,9.332673,53.0,93
LOND,lond008,Violation_201,43.0,Cz,6.125622,53.0,93
LOND,lond008,Violation_201,43.0,CP1,10.04448,53.0,93
LOND,lond008,Violation_201,43.0,CP2,7.439549,53.0,93
LOND,lond008,Violation_201,43.0,P3,4.854586,53.0,93
LOND,lond008,Violation_201,43.0,P4,8.606162,53.0,93
LOND,lond008,Violation_201,43.0,C3,5.763391,53.0,93
LOND,lond008,Violation_201,43.0,C4,5.654393,53.0,93
LOND,lond008,Violation_201,43.0,P7,5.201646,53.0,93
LOND,lond008,Violation_201,43.0,P8,3.297044,53.0,93
LOND,lond008,Violation_201,43.0,O1,4.34886,53.0,93
LOND,lond008,Violation_201,43.0,O2,2.435506,53.0,93
LOND,lond008,Control_202,51.0,Pz,18.74489,52.0,87
LOND,lond008,Control_202,51.0,Cz,10.83993,52.0,87
LOND,lond008,Control_202,51.0,CP1,17.74835,52.0,87
LOND,lond008,Control_202,51.0,CP2,17.48872,52.0,87
LOND,lond008,Control_202,51.0,P3,19.15937,52.0,87
LOND,lond008,Control_202,51.0,P4,15.73719,52.0,87
LOND,lond008,Control_202,51.0,C3,9.682671,52.0,87
LOND,lond008,Control_202,51.0,C4,15.1026,52.0,87
LOND,lond008,Control_202,51.0,P7,4.856277,52.0,87
LOND,lond008,Control_202,51.0,P8,7.722435,52.0,87
LOND,lond008,Control_202,51.0,O1,14.9719,52.0,87
LOND,lond008,Control_202,51.0,O2,10.48585,52.0,87
LOND,lond008,Violation_201,56.0,Pz,1.447229,58.0,73
LOND,lond008,Violation_201,56.0,Cz,-2.826227,58.0,73
LOND,lond008,Violation_201,56.0,CP1,-1.491901,58.0,73
LOND,lond008,Violation_201,56.0,CP2,1.830577,58.0,73
LOND,lond008,Violation_201,56.0,P3,0.7656665,58.0,73
LOND,lond008,Violation_201,56.0,P4,1.47694,58.0,73
LOND,lond008,Violation_201,56.0,C3,-0.04051767,58.0,73
LOND,lond008,Violation_201,56.0,C4,1.827839,58.0,73
LOND,lond008,Violation_201,56.0,P7,10.86396,58.0,73
LOND,lond008,Violation_201,56.0,P8,2.274841,58.0,73
LOND,lond008,Violation_201,56.0,O1,2.69063,58.0,73
LOND,lond008,Violation_201,56.0,O2,1.616474,58.0,73
LOND,lond008,Control_202,55.0,Pz,-3.635447,43.0,93
LOND,lond008,Control_202,55.0,Cz,-0.1354122,43.0,93
LOND,lond008,Control_202,55.0,CP1,-3.422646,43.0,93
LOND,lond008,Control_202,55.0,CP2,-1.285126,43.0,93
LOND,lond008,Control_202,55.0,P3,-2.203925,43.0,93
LOND,lond008,Control_202,55.0,P4,2.105133,43.0,93
LOND,lond008,Control_202,55.0,C3,-3.829577,43.0,93
LOND,lond008,Control_202,55.0,C4,0.5256144,43.0,93
LOND,lond008,Control_202,55.0,P7,-3.857292,43.0,93
LOND,lond008,Control_202,55.0,P8,0.603032,43.0,93
LOND,lond008,Control_202,55.0,O1,-5.26224,43.0,93
LOND,lond008,Control_202,55.0,O2,-1.948108,43.0,93
LOND,lond008,Violation_201,68.0,Pz,3.154665,62.0,70
LOND,lond008,Violation_201,68.0,Cz,5.578276,62.0,70
LOND,lond008,Violation_201,68.0,CP1,3.510148,62.0,70
LOND,lond008,Violation_201,68.0,CP2,4.036577,62.0,70
LOND,lond008,Violation_201,68.0,P3,7.518293,62.0,70
LOND,lond008,Violation_201,68.0,P4,7.693248,62.0,70
LOND,lond008,Violation_201,68.0,C3,5.091283,62.0,70
LOND,lond008,Violation_201,68.0,C4,5.134257,62.0,70
LOND,lond008,Violation_201,68.0,P7,9.994291,62.0,70
LOND,lond008,Violation_201,68.0,P8,10.72855,62.0,70
LOND,lond008,Violation_201,68.0,O1,13.13293,62.0,70
LOND,lond008,Violation_201,68.0,O2,11.53673,62.0,70
LOND,lond008,Violation_201,76.0,Pz,-4.495822,66.0,23
LOND,lond008,Violation_201,76.0,Cz,-2.138285,66.0,23
LOND,lond008,Violation_201,76.0,CP1,-1.03313,66.0,23
LOND,lond008,Violation_201,76.0,CP2,-0.3105606,66.0,23
LOND,lond008,Violation_201,76.0,P3,-7.095227,66.0,23
LOND,lond008,Violation_201,76.0,P4,0.1932389,66.0,23
LOND,lond008,Violation_201,76.0,C3,-1.312981,66.0,23
LOND,lond008,Violation_201,76.0,C4,0.4186984,66.0,23
LOND,lond008,Violation_201,76.0,P7,-3.998099,66.0,23
LOND,lond008,Violation_201,76.0,P8,-1.634696,66.0,23
LOND,lond008,Violation_201,76.0,O1,-7.495766,66.0,23
LOND,lond008,Violation_201,76.0,O2,-4.9829,66.0,23
LOND,lond008,Control_202,63.0,Pz,3.149625,74.0,93
LOND,lond008,Control_202,63.0,Cz,-0.4077748,74.0,93
LOND,lond008,Control_202,63.0,CP1,1.984183,74.0,93
LOND,lond008,Control_202,63.0,CP2,4.889461,74.0,93
LOND,lond008,Control_202,63.0,P3,9.658313,74.0,93
LOND,lond008,Control_202,63.0,P4,14.36418,74.0,93
LOND,lond008,Control_202,63.0,C3,4.407754,74.0,93
LOND,lond008,Control_202,63.0,C4,3.890797,74.0,93
LOND,lond008,Control_202,63.0,P7,8.426929,74.0,93
LOND,lond008,Control_202,63.0,P8,14.36919,74.0,93
LOND,lond008,Control_202,63.0,O1,7.924169,74.0,93
LOND,lond008,Control_202,63.0,O2,14.14063,74.0,93
LOND,lond008,Control_202,75.0,Pz,-0.483588,79.0,97
LOND,lond008,Control_202,75.0,Cz,5.986292,79.0,97
LOND,lond008,Control_202,75.0,CP1,14.18697,79.0,97
LOND,lond008,Control_202,75.0,CP2,7.635072,79.0,97
LOND,lond008,Control_202,75.0,P3,0.08491286,79.0,97
LOND,lond008,Control_202,75.0,P4,1.19243,79.0,97
LOND,lond008,Control_202,75.0,C3,7.830616,79.0,97
LOND,lond008,Control_202,75.0,C4,9.635026,79.0,97
LOND,lond008,Control_202,75.0,P7,4.779096,79.0,97
LOND,lond008,Control_202,75.0,P8,2.134043,79.0,97
LOND,lond008,Control_202,75.0,O1,2.224778,79.0,97
LOND,lond008,Control_202,75.0,O2,-1.450084,79.0,97
LOND,lond008,Violation_201,72.0,Pz,-9.246522,65.0,93
LOND,lond008,Violation_201,72.0,Cz,-20.70091,65.0,93
LOND,lond008,Violation_201,72.0,CP1,-7.641647,65.0,93
LOND,lond008,Violation_201,72.0,CP2,-19.32173,65.0,93
LOND,lond008,Violation_201,72.0,P3,-12.75419,65.0,93
LOND,lond008,Violation_201,72.0,P4,-24.24473,65.0,93
LOND,lond008,Violation_201,72.0,C3,-11.43864,65.0,93
LOND,lond008,Violation_201,72.0,C4,-27.18564,65.0,93
LOND,lond008,Violation_201,72.0,P7,-28.08969,65.0,93
LOND,lond008,Violation_201,72.0,P8,-32.92055,65.0,93
LOND,lond008,Violation_201,72.0,O1,-26.65827,65.0,93
LOND,lond008,Violation_201,72.0,O2,-30.63896,65.0,93
LOND,lond008,Control_202,79.0,Pz,-12.78491,71.0,90
LOND,lond008,Control_202,79.0,Cz,-17.97333,71.0,90
LOND,lond008,Control_202,79.0,CP1,-24.29565,71.0,90
LOND,lond008,Control_202,79.0,CP2,-16.65888,71.0,90
LOND,lond008,Control_202,79.0,P3,-12.85055,71.0,90
LOND,lond008,Control_202,79.0,P4,-13.21973,71.0,90
LOND,lond008,Control_202,79.0,C3,-16.61433,71.0,90
LOND,lond008,Control_202,79.0,C4,-13.09716,71.0,90
LOND,lond008,Control_202,79.0,P7,-13.25011,71.0,90
LOND,lond008,Control_202,79.0,P8,-12.2786,71.0,90
LOND,lond008,Control_202,79.0,O1,-9.941526,71.0,90
LOND,lond008,Control_202,79.0,O2,-12.54129,71.0,90
LOND,lond008,Violation_201,80.0,Pz,3.559559,67.0,87
LOND,lond008,Violation_201,80.0,Cz,1.820354,67.0,87
LOND,lond008,Violation_201,80.0,CP1,7.116123,67.0,87
LOND,lond008,Violation_201,80.0,CP2,3.23532,67.0,87
LOND,lond008,Violation_201,80.0,P3,1.140393,67.0,87
LOND,lond008,Violation_201,80.0,P4,4.809999,67.0,87
LOND,lond008,Violation_201,80.0,C3,1.476953,67.0,87
LOND,lond008,Violation_201,80.0,C4,-3.597126,67.0,87
LOND,lond008,Violation_201,80.0,P7,2.624716,67.0,87
LOND,lond008,Violation_201,80.0,P8,-4.982485,67.0,87
LOND,lond008,Violation_201,80.0,O1,4.53822,67.0,87
LOND,lond008,Violation_201,80.0,O2,3.446514,67.0,87
LOND,lond008,Violation_201,64.0,Pz,0.07576472,69.0,93
LOND,lond008,Violation_201,64.0,Cz,-7.773057,69.0,93
LOND,lond008,Violation_201,64.0,CP1,-1.290449,69.0,93
LOND,lond008,Violation_201,64.0,CP2,-4.044818,69.0,93
LOND,lond008,Violation_201,64.0,P3,2.480738,69.0,93
LOND,lond008,Violation_201,64.0,P4,0.4972882,69.0,93
LOND,lond008,Violation_201,64.0,C3,-5.356309,69.0,93
LOND,lond008,Violation_201,64.0,C4,-7.221238,69.0,93
LOND,lond008,Violation_201,64.0,P7,13.67021,69.0,93
LOND,lond008,Violation_201,64.0,P8,-0.3329358,69.0,93
LOND,lond008,Violation_201,64.0,O1,4.243772,69.0,93
LOND,lond008,Violation_201,64.0,O2,2.078348,69.0,93
LOND,lond008,Control_202,71.0,Pz,5.871381,75.0,60
LOND,lond008,Control_202,71.0,Cz,6.446141,75.0,60
LOND,lond008,Control_202,71.0,CP1,7.553785,75.0,60
LOND,lond008,Control_202,71.0,CP2,5.347539,75.0,60
LOND,lond008,Control_202,71.0,P3,6.564043,75.0,60
LOND,lond008,Control_202,71.0,P4,4.20993,75.0,60
LOND,lond008,Control_202,71.0,C3,4.527771,75.0,60
LOND,lond008,Control_202,71.0,C4,8.669314,75.0,60
LOND,lond008,Control_202,71.0,P7,11.51719,75.0,60
LOND,lond008,Control_202,71.0,P8,3.401945,75.0,60
LOND,lond008,Control_202,71.0,O1,2.089197,75.0,60
LOND,lond008,Control_202,71.0,O2,-2.938229,75.0,60
LOND,lond008,Control_202,67.0,Pz,10.08304,76.0,90
LOND,lond008,Control_202,67.0,Cz,6.325634,76.0,90
LOND,lond008,Control_202,67.0,CP1,1.4084,76.0,90
LOND,lond008,Control_202,67.0,CP2,9.866902,76.0,90
LOND,lond008,Control_202,67.0,P3,-2.185517,76.0,90
LOND,lond008,Control_202,67.0,P4,9.632284,76.0,90
LOND,lond008,Control_202,67.0,C3,-3.250715,76.0,90
LOND,lond008,Control_202,67.0,C4,2.254456,76.0,90
LOND,lond008,Control_202,67.0,P7,-1.146037,76.0,90
LOND,lond008,Control_202,67.0,P8,7.168394,76.0,90
LOND,lond008,Control_202,67.0,O1,3.170335,76.0,90
LOND,lond008,Control_202,67.0,O2,4.542833,76.0,90
LOND,lond009,Violation_201,18.0,Pz,-3.189089,19.0,100
LOND,lond009,Violation_201,18.0,Cz,-6.872787,19.0,100
LOND,lond009,Violation_201,18.0,CP1,-11.78804,19.0,100
LOND,lond009,Violation_201,18.0,CP2,-8.956739,19.0,100
LOND,lond009,Violation_201,18.0,P3,-15.88567,19.0,100
LOND,lond009,Violation_201,18.0,P4,-0.6863087,19.0,100
LOND,lond009,Violation_201,18.0,C3,-12.03641,19.0,100
LOND,lond009,Violation_201,18.0,C4,-0.2266087,19.0,100
LOND,lond009,Violation_201,18.0,P7,-9.654725,19.0,100
LOND,lond009,Violation_201,18.0,P8,-6.400134,19.0,100
LOND,lond009,Violation_201,18.0,O1,-9.748755,19.0,100
LOND,lond009,Violation_201,18.0,O2,-3.801026,19.0,100
LOND,lond009,Violation_201,14.0,Pz,-5.658715,9.0,93
LOND,lond009,Violation_201,14.0,Cz,-4.111341,9.0,93
LOND,lond009,Violation_201,14.0,CP1,-2.819294,9.0,93
LOND,lond009,Violation_201,14.0,CP2,0.4566482,9.0,93
LOND,lond009,Violation_201,14.0,P3,-5.404643,9.0,93
LOND,lond009,Violation_201,14.0,P4,-14.62895,9.0,93
LOND,lond009,Violation_201,14.0,C3,-6.823951,9.0,93
LOND,lond009,Violation_201,14.0,C4,-9.064965,9.0,93
LOND,lond009,Violation_201,14.0,P7,-3.451059,9.0,93
LOND,lond009,Violation_201,14.0,P8,-12.44279,9.0,93
LOND,lond009,Violation_201,14.0,O1,-7.774433,9.0,93
LOND,lond009,Violation_201,14.0,O2,-11.00867,9.0,93
LOND,lond009,Violation_201,6.0,Pz,-4.533541,4.0,93
LOND,lond009,Violation_201,6.0,Cz,-8.871431,4.0,93
LOND,lond009,Violation_201,6.0,CP1,-8.539107,4.0,93
LOND,lond009,Violation_201,6.0,CP2,-3.002115,4.0,93
LOND,lond009,Violation_201,6.0,P3,-10.65281,4.0,93
LOND,lond009,Violation_201,6.0,P4,3.36097,4.0,93
LOND,lond009,Violation_201,6.0,C3,-5.648052,4.0,93
LOND,lond009,Violation_201,6.0,C4,0.5001829,4.0,93
LOND,lond009,Violation_201,6.0,P7,-2.385915,4.0,93
LOND,lond009,Violation_201,6.0,P8,12.65556,4.0,93
LOND,lond009,Violation_201,6.0,O1,-1.940979,4.0,93
LOND,lond009,Violation_201,6.0,O2,-1.498372,4.0,93
LOND,lond009,Control_202,13.0,Pz,41.16293,20.0,90
LOND,lond009,Control_202,13.0,Cz,37.86948,20.0,90
LOND,lond009,Control_202,13.0,CP1,27.9929,20.0,90
LOND,lond009,Control_202,13.0,CP2,60.92608,20.0,90
LOND,lond009,Control_202,13.0,P3,23.3563,20.0,90
LOND,lond009,Control_202,13.0,P4,32.12427,20.0,90
LOND,lond009,Control_202,13.0,C3,22.05665,20.0,90
LOND,lond009,Control_202,13.0,C4,26.88703,20.0,90
LOND,lond009,Control_202,13.0,P7,19.63299,20.0,90
LOND,lond009,Control_202,13.0,P8,34.17852,20.0,90
LOND,lond009,Control_202,13.0,O1,28.84644,20.0,90
LOND,lond009,Control_202,13.0,O2,37.23272,20.0,90
LOND,lond009,Control_202,5.0,Pz,-4.907835,6.0,100
LOND,lond009,Control_202,5.0,Cz,4.751052,6.0,100
LOND,lond009,Control_202,5.0,CP1,-2.473906,6.0,100
LOND,lond009,Control_202,5.0,CP2,-1.0959,6.0,100
LOND,lond009,Control_202,5.0,P3,-0.410852,6.0,100
LOND,lond009,Control_202,5.0,P4,-1.850384,6.0,100
LOND,lond009,Control_202,5.0,C3,-1.273435,6.0,100
LOND,lond009,Control_202,5.0,C4,1.133815,6.0,100
LOND,lond009,Control_202,5.0,P7,-14.15539,6.0,100
LOND,lond009,Control_202,5.0,P8,-0.3497243,6.0,100
LOND,lond009,Control_202,5.0,O1,-8.777389,6.0,100
LOND,lond009,Control_202,5.0,O2,-5.566628,6.0,100
LOND,lond009,Control_202,1.0,Pz,11.8884,3.0,100
LOND,lond009,Control_202,1.0,Cz,-0.3734727,3.0,100
LOND,lond009,Control_202,1.0,CP1,1.150094,3.0,100
LOND,lond009,Control_202,1.0,CP2,15.39229,3.0,100
LOND,lond009,Control_202,1.0,P3,4.729307,3.0,100
LOND,lond009,Control_202,1.0,P4,1.463716,3.0,100
LOND,lond009,Control_202,1.0,C3,8.830523,3.0,100
LOND,lond009,Control_202,1.0,C4,6.195467,3.0,100
LOND,lond009,Control_202,1.0,P7,8.643116,3.0,100
LOND,lond009,Control_202,1.0,P8,5.887395,3.0,100
LOND,lond009,Control_202,1.0,O1,11.72958,3.0,100
LOND,lond009,Control_202,1.0,O2,10.89615,3.0,100
LOND,lond009,Control_202,9.0,Pz,-8.386435,11.0,87
LOND,lond009,Control_202,9.0,Cz,-2.495907,11.0,87
LOND,lond009,Control_202,9.0,CP1,-9.324163,11.0,87
LOND,lond009,Control_202,9.0,CP2,-9.38369,11.0,87
LOND,lond009,Control_202,9.0,P3,-8.836427,11.0,87
LOND,lond009,Control_202,9.0,P4,-12.35877,11.0,87
LOND,lond009,Control_202,9.0,C3,-6.766788,11.0,87
LOND,lond009,Control_202,9.0,C4,5.518232,11.0,87
LOND,lond009,Control_202,9.0,P7,-1.07336,11.0,87
LOND,lond009,Control_202,9.0,P8,0.05773296,11.0,87
LOND,lond009,Control_202,9.0,O1,-8.450566,11.0,87
LOND,lond009,Control_202,9.0,O2,-14.56938,11.0,87
LOND,lond009,Violation_201,10.0,Pz,-17.85544,5.0,93
LOND,lond009,Violation_201,10.0,Cz,-18.68809,5.0,93
LOND,lond009,Violation_201,10.0,CP1,-24.14974,5.0,93
LOND,lond009,Violation_201,10.0,CP2,-32.56998,5.0,93
LOND,lond009,Violation_201,10.0,P3,-11.53114,5.0,93
LOND,lond009,Violation_201,10.0,P4,-18.39216,5.0,93
LOND,lond009,Violation_201,10.0,C3,-12.38007,5.0,93
LOND,lond009,Violation_201,10.0,C4,-25.9322,5.0,93
LOND,lond009,Violation_201,10.0,P7,-20.98762,5.0,93
LOND,lond009,Violation_201,10.0,P8,-19.37336,5.0,93
LOND,lond009,Violation_201,10.0,O1,-16.86727,5.0,93
LOND,lond009,Violation_201,10.0,O2,-18.4778,5.0,93
LOND,lond009,Control_202,17.0,Pz,-13.1897,16.0,93
LOND,lond009,Control_202,17.0,Cz,-3.299497,16.0,93
LOND,lond009,Control_202,17.0,CP1,-7.840283,16.0,93
LOND,lond009,Control_202,17.0,CP2,-19.90817,16.0,93
LOND,lond009,Control_202,17.0,P3,-7.517245,16.0,93
LOND,lond009,Control_202,17.0,P4,-9.699554,16.0,93
LOND,lond009,Control_202,17.0,C3,-9.762727,16.0,93
LOND,lond009,Control_202,17.0,C4,-12.04237,16.0,93
LOND,lond009,Control_202,17.0,P7,-4.912881,16.0,93
LOND,lond009,Control_202,17.0,P8,-11.27995,16.0,93
LOND,lond009,Control_202,17.0,O1,-19.24503,16.0,93
LOND,lond009,Control_202,17.0,O2,-10.60036,16.0,93
LOND,lond009,Violation_201,2.0,Pz,10.04739,18.0,87
LOND,lond009,Violation_201,2.0,Cz,-9.128777,18.0,87
LOND,lond009,Violation_201,2.0,CP1,12.20986,18.0,87
LOND,lond009,Violation_201,2.0,CP2,0.47914,18.0,87
LOND,lond009,Violation_201,2.0,P3,-2.680619,18.0,87
LOND,lond009,Violation_201,2.0,P4,3.533397,18.0,87
LOND,lond009,Violation_201,2.0,C3,9.229964,18.0,87
LOND,lond009,Violation_201,2.0,C4,4.198712,18.0,87
LOND,lond009,Violation_201,2.0,P7,-2.135912,18.0,87
LOND,lond009,Violation_201,2.0,P8,5.417132,18.0,87
LOND,lond009,Violation_201,2.0,O1,-4.965128,18.0,87
LOND,lond009,Violation_201,2.0,O2,13.33254,18.0,87
LOND,lond009,Control_202,25.0,Pz,-10.36252,24.0,93
LOND,lond009,Control_202,25.0,Cz,-7.366803,24.0,93
LOND,lond009,Control_202,25.0,CP1,-15.0679,24.0,93
LOND,lond009,Control_202,25.0,CP2,-9.595541,24.0,93
LOND,lond009,Control_202,25.0,P3,-5.314548,24.0,93
LOND,lond009,Control_202,25.0,P4,-10.60046,24.0,93
LOND,lond009,Control_202,25.0,C3,5.016873,24.0,93
LOND,lond009,Control_202,25.0,C4,-11.84898,24.0,93
LOND,lond009,Control_202,25.0,P7,1.298784,24.0,93
LOND,lond009,Control_202,25.0,P8,1.696533,24.0,93
LOND,lond009,Control_202,25.0,O1,-5.07957,24.0,93
LOND,lond009,Control_202,25.0,O2,-5.854778,24.0,93
LOND,lond009,Control_202,33.0,Pz,-8.268781,28.0,27
LOND,lond009,Control_202,33.0,Cz,-16.73536,28.0,27
LOND,lond009,Control_202,33.0,CP1,-4.619106,28.0,27
LOND,lond009,Control_202,33.0,CP2,-17.83383,28.0,27
LOND,lond009,Control_202,33.0,P3,-0.2765128,28.0,27
LOND,lond009,Control_202,33.0,P4,-9.237235,28.0,27
LOND,lond009,Control_202,33.0,C3,-13.11122,28.0,27
LOND,lond009,Control_202,33.0,C4,-12.39326,28.0,27
LOND,lond009,Control_202,33.0,P7,6.650064,28.0,27
LOND,lond009,Control_202,33.0,P8,-4.854691,28.0,27
LOND,lond009,Control_202,33.0,O1,-10.9984,28.0,27
LOND,lond009,Control_202,33.0,O2,-7.387821,28.0,27
LOND,lond009,Control_202,37.0,Pz,1.04859,34.0,97
LOND,lond009,Control_202,37.0,Cz,6.951767,34.0,97
LOND,lond009,Control_202,37.0,CP1,-9.956308,34.0,97
LOND,lond009,Control_202,37.0,CP2,16.03675,34.0,97
LOND,lond009,Control_202,37.0,P3,-7.928446,34.0,97
LOND,lond009,Control_202,37.0,P4,-7.100878,34.0,97
LOND,lond009,Control_202,37.0,C3,-13.02299,34.0,97
LOND,lond009,Control_202,37.0,C4,-5.703504,34.0,97
LOND,lond009,Control_202,37.0,P7,-13.102,34.0,97
LOND,lond009,Control_202,37.0,P8,-4.152552,34.0,97
LOND,lond009,Control_202,37.0,O1,-1.481766,34.0,97
LOND,lond009,Control_202,37.0,O2,-1.841795,34.0,97
LOND,lond009,Violation_201,26.0,Pz,21.76136,37.0,80
LOND,lond009,Violation_201,26.0,Cz,31.40366,37.0,80
LOND,lond009,Violation_201,26.0,CP1,25.0485,37.0,80
LOND,lond009,Violation_201,26.0,CP2,25.91878,37.0,80
LOND,lond009,Violation_201,26.0,P3,22.70243,37.0,80
LOND,lond009,Violation_201,26.0,P4,28.7743,37.0,80
LOND,lond009,Violation_201,26.0,C3,34.02458,37.0,80
LOND,lond009,Violation_201,26.0,C4,33.90949,37.0,80
LOND,lond009,Violation_201,26.0,P7,30.6234,37.0,80
LOND,lond009,Violation_201,26.0,P8,30.39456,37.0,80
LOND,lond009,Violation_201,26.0,O1,15.53812,37.0,80
LOND,lond009,Violation_201,26.0,O2,26.35261,37.0,80
LOND,lond009,Violation_201,30.0,Pz,-7.28861,26.0,87
LOND,lond009,Violation_201,30.0,Cz,-18.61689,26.0,87
LOND,lond009,Violation_201,30.0,CP1,-15.42308,26.0,87
LOND,lond009,Violation_201,30.0,CP2,-14.52415,26.0,87
LOND,lond009,Violation_201,30.0,P3,-18.50368,26.0,87
LOND,lond009,Violation_201,30.0,P4,-4.886734,26.0,87
LOND,lond009,Violation_201,30.0,C3,-14.9826,26.0,87
LOND,lond009,Violation_201,30.0,C4,-10.31533,26.0,87
LOND,lond009,Violation_201,30.0,P7,-10.28455,26.0,87
LOND,lond009,Violation_201,30.0,P8,-11.24344,26.0,87
LOND,lond009,Violation_201,30.0,O1,-13.68934,26.0,87
LOND,lond009,Violation_201,30.0,O2,-9.979969,26.0,87
LOND,lond009,Violation_201,38.0,Pz,-37.12218,31.0,77
LOND,lond009,Violation_201,38.0,Cz,-39.93117,31.0,77
LOND,lond009,Violation_201,38.0,CP1,-35.41319,31.0,77
LOND,lond009,Violation_201,38.0,CP2,-35.61251,31.0,77
LOND,lond009,Violation_201,38.0,P3,-32.27145,31.0,77
LOND,lond009,Violation_201,38.0,P4,-43.70445,31.0,77
LOND,lond009,Violation_201,38.0,C3,-36.03894,31.0,77
LOND,lond009,Violation_201,38.0,C4,-34.7177,31.0,77
LOND,lond009,Violation_201,38.0,P7,-25.04852,31.0,77
LOND,lond009,Violation_201,38.0,P8,-35.59638,31.0,77
LOND,lond009,Violation_201,38.0,O1,-33.16931,31.0,77
LOND,lond009,Violation_201,38.0,O2,-33.83396,31.0,77
LOND,lond009,Violation_201,29.0,Pz,-4.771836,35.0,97
LOND,lond009,Violation_201,29.0,Cz,-9.210928,35.0,97
LOND,lond009,Violation_201,29.0,CP1,-13.72122,35.0,97
LOND,lond009,Violation_201,29.0,CP2,10.3144,35.0,97
LOND,lond009,Violation_201,29.0,P3,-16.29245,35.0,97
LOND,lond009,Violation_201,29.0,P4,1.588958,35.0,97
LOND,lond009,Violation_201,29.0,C3,-11.62434,35.0,97
LOND,lond009,Violation_201,29.0,C4,-4.890288,35.0,97
LOND,lond009,Violation_201,29.0,P7,-10.61907,35.0,97
LOND,lond009,Violation_201,29.0,P8,-3.716327,35.0,97
LOND,lond009,Violation_201,29.0,O1,-5.05935,35.0,97
LOND,lond009,Violation_201,29.0,O2,-10.58749,35.0,97
LOND,lond009,Violation_201,22.0,Pz,45.91745,33.0,53
LOND,lond009,Violation_201,22.0,Cz,48.07205,33.0,53
LOND,lond009,Violation_201,22.0,CP1,30.53185,33.0,53
LOND,lond009,Violation_201,22.0,CP2,37.18433,33.0,53
LOND,lond009,Violation_201,22.0,P3,37.57393,33.0,53
LOND,lond009,Violation_201,22.0,P4,35.18171,33.0,53
LOND,lond009,Violation_201,22.0,C3,25.64488,33.0,53
LOND,lond009,Violation_201,22.0,C4,35.17203,33.0,53
LOND,lond009,Violation_201,22.0,P7,35.32461,33.0,53
LOND,lond009,Violation_201,22.0,P8,57.93062,33.0,53
LOND,lond009,Violation_201,22.0,O1,38.47987,33.0,53
LOND,lond009,Violation_201,22.0,O2,43.47882,33.0,53
LOND,lond009,Violation_201,34.0,Pz,-20.56902,40.0,93
LOND,lond009,Violation_201,34.0,Cz,-16.28527,40.0,93
LOND,lond009,Violation_201,34.0,CP1,-10.64585,40.0,93
LOND,lond009,Violation_201,34.0,CP2,-25.91546,40.0,93
LOND,lond009,Violation_201,34.0,P3,-4.187528,40.0,93
LOND,lond009,Violation_201,34.0,P4,-8.100551,40.0,93
LOND,lond009,Violation_201,34.0,C3,-12.49567,40.0,93
LOND,lond009,Violation_201,34.0,C4,-11.92102,40.0,93
LOND,lond009,Violation_201,34.0,P7,-15.60504,40.0,93
LOND,lond009,Violation_201,34.0,P8,-15.5015,40.0,93
LOND,lond009,Violation_201,34.0,O1,-10.30024,40.0,93
LOND,lond009,Violation_201,34.0,O2,-22.38585,40.0,93
LOND,lond009,Control_202,21.0,Pz,15.62507,25.0,97
LOND,lond009,Control_202,21.0,Cz,17.9682,25.0,97
LOND,lond009,Control_202,21.0,CP1,14.76567,25.0,97
LOND,lond009,Control_202,21.0,CP2,13.28422,25.0,97
LOND,lond009,Control_202,21.0,P3,10.05677,25.0,97
LOND,lond009,Control_202,21.0,P4,12.76526,25.0,97
LOND,lond009,Control_202,21.0,C3,13.29564,25.0,97
LOND,lond009,Control_202,21.0,C4,15.25658,25.0,97
LOND,lond009,Control_202,21.0,P7,16.69798,25.0,97
LOND,lond009,Control_202,21.0,P8,11.10241,25.0,97
LOND,lond009,Control_202,21.0,O1,9.995276,25.0,97
LOND,lond009,Control_202,21.0,O2,15.57191,25.0,97
LOND,lond009,Violation_201,50.0,Pz,1.36661,58.0,73
LOND,lond009,Violation_201,50.0,Cz,11.15491,58.0,73
LOND,lond009,Violation_201,50.0,CP1,9.393707,58.0,73
LOND,lond009,Violation_201,50.0,CP2,8.028346,58.0,73
LOND,lond009,Violation_201,50.0,P3,-0.210616,58.0,73
LOND,lond009,Violation_201,50.0,P4,0.2492525,58.0,73
LOND,lond009,Violation_201,50.0,C3,13.42198,58.0,73
LOND,lond009,Violation_201,50.0,C4,2.963069,58.0,73
LOND,lond009,Violation_201,50.0,P7,-2.062683,58.0,73
LOND,lond009,Violation_201,50.0,P8,7.194129,58.0,73
LOND,lond009,Violation_201,50.0,O1,-3.081161,58.0,73
LOND,lond009,Violation_201,50.0,O2,2.876524,58.0,73
LOND,lond009,Control_202,57.0,Pz,-10.65272,54.0,77
LOND,lond009,Control_202,57.0,Cz,-11.16017,54.0,77
LOND,lond009,Control_202,57.0,CP1,-12.65791,54.0,77
LOND,lond009,Control_202,57.0,CP2,-1.663631,54.0,77
LOND,lond009,Control_202,57.0,P3,-14.13143,54.0,77
LOND,lond009,Control_202,57.0,P4,8.983162,54.0,77
LOND,lond009,Control_202,57.0,C3,-4.34707,54.0,77
LOND,lond009,Control_202,57.0,C4,2.234027,54.0,77
LOND,lond009,Control_202,57.0,P7,-9.964536,54.0,77
LOND,lond009,Control_202,57.0,P8,-2.667171,54.0,77
LOND,lond009,Control_202,57.0,O1,-6.807672,54.0,77
LOND,lond009,Control_202,57.0,O2,-3.59147,54.0,77
LOND,lond009,Violation_201,46.0,Pz,-13.01264,41.0,100
LOND,lond009,Violation_201,46.0,Cz,-8.561594,41.0,100
LOND,lond009,Violation_201,46.0,CP1,-5.935621,41.0,100
LOND,lond009,Violation_201,46.0,CP2,-12.39548,41.0,100
LOND,lond009,Violation_201,46.0,P3,-3.520102,41.0,100
LOND,lond009,Violation_201,46.0,P4,0.5556187,41.0,100
LOND,lond009,Violation_201,46.0,C3,4.194788,41.0,100
LOND,lond009,Violation_201,46.0,C4,-0.8282536,41.0,100
LOND,lond009,Violation_201,46.0,P7,-11.0794,41.0,100
LOND,lond009,Violation_201,46.0,P8,-6.740634,41.0,100
LOND,lond009,Violation_201,46.0,O1,-13.04545,41.0,100
LOND,lond009,Violation_201,46.0,O2,-9.705815,41.0,100
LOND,lond009,Control_202,41.0,Pz,16.61013,50.0,37
LOND,lond009,Control_202,41.0,Cz,21.93284,50.0,37
LOND,lond009,Control_202,41.0,CP1,18.82561,50.0,37
LOND,lond009,Control_202,41.0,CP2,15.00691,50.0,37
LOND,lond009,Control_202,41.0,P3,7.943351,50.0,37
LOND,lond009,Control_202,41.0,P4,10.38146,50.0,37
LOND,lond009,Control_202,41.0,C3,1.324896,50.0,37
LOND,lond009,Control_202,41.0,C4,7.697305,50.0,37
LOND,lond009,Control_202,41.0,P7,19.03435,50.0,37
LOND,lond009,Control_202,41.0,P8,6.923898,50.0,37
LOND,lond009,Control_202,41.0,O1,15.63912,50.0,37
LOND,lond009,Control_202,41.0,O2,16.07503,50.0,37
LOND,lond009,Violation_201,58.0,Pz,6.499744,47.0,100
LOND,lond009,Violation_201,58.0,Cz,5.696857,47.0,100
LOND,lond009,Violation_201,58.0,CP1,15.95534,47.0,100
LOND,lond009,Violation_201,58.0,CP2,-4.021492,47.0,100
LOND,lond009,Violation_201,58.0,P3,20.08171,47.0,100
LOND,lond009,Violation_201,58.0,P4,17.18473,47.0,100
LOND,lond009,Violation_201,58.0,C3,17.85204,47.0,100
LOND,lond009,Violation_201,58.0,C4,18.91911,47.0,100
LOND,lond009,Violation_201,58.0,P7,10.18076,47.0,100
LOND,lond009,Violation_201,58.0,P8,3.724415,47.0,100
LOND,lond009,Violation_201,58.0,O1,18.96558,47.0,100
LOND,lond009,Violation_201,58.0,O2,14.32063,47.0,100
LOND,lond009,Control_202,45.0,Pz,8.198284,46.0,63
LOND,lond009,Control_202,45.0,Cz,4.195055,46.0,63
LOND,lond009,Control_202,45.0,CP1,3.527172,46.0,63
LOND,lond009,Control_202,45.0,CP2,-2.406265,46.0,63
LOND,lond009,Control_202,45.0,P3,4.660484,46.0,63
LOND,lond009,Control_202,45.0,P4,4.12329,46.0,63
LOND,lond009,Control_202,45.0,C3,6.820141,46.0,63
LOND,lond009,Control_202,45.0,C4,0.3000424,46.0,63
LOND,lond009,Control_202,45.0,P7,5.637866,46.0,63
LOND,lond009,Control_202,45.0,P8,7.931769,46.0,63
LOND,lond009,Control_202,45.0,O1,2.924057,46.0,63
LOND,lond009,Control_202,45.0,O2,-0.6970632,46.0,63
LOND,lond009,Control_202,53.0,Pz,-19.29914,53.0,93
LOND,lond009,Control_202,53.0,Cz,-22.75091,53.0,93
LOND,lond009,Control_202,53.0,CP1,-25.12988,53.0,93
LOND,lond009,Control_202,53.0,CP2,-22.44529,53.0,93
LOND,lond009,Control_202,53.0,P3,-26.86548,53.0,93
LOND,lond009,Control_202,53.0,P4,-26.78115,53.0,93
LOND,lond009,Control_202,53.0,C3,-24.06519,53.0,93
LOND,lond009,Control_202,53.0,C4,-21.02742,53.0,93
LOND,lond009,Control_202,53.0,P7,-30.89676,53.0,93
LOND,lond009,Control_202,53.0,P8,-28.45303,53.0,93
LOND,lond009,Control_202,53.0,O1,-36.79328,53.0,93
LOND,lond009,Control_202,53.0,O2,-32.09896,53.0,93
LOND,lond009,Control_202,49.0,Pz,-19.17792,55.0,93
LOND,lond009,Control_202,49.0,Cz,0.3256475,55.0,93
LOND,lond009,Control_202,49.0,CP1,-11.93727,55.0,93
LOND,lond009,Control_202,49.0,CP2,-20.59257,55.0,93
LOND,lond009,Control_202,49.0,P3,-10.21264,55.0,93
LOND,lond009,Control_202,49.0,P4,3.231924,55.0,93
LOND,lond009,Control_202,49.0,C3,2.761476,55.0,93
LOND,lond009,Control_202,49.0,C4,-6.003318,55.0,93
LOND,lond009,Control_202,49.0,P7,-4.752428,55.0,93
LOND,lond009,Control_202,49.0,P8,-2.810555,55.0,93
LOND,lond009,Control_202,49.0,O1,-10.07164,55.0,93
LOND,lond009,Control_202,49.0,O2,-8.74362,55.0,93
LOND,lond009,Violation_201,54.0,Pz,11.37698,59.0,73
LOND,lond009,Violation_201,54.0,Cz,5.132738,59.0,73
LOND,lond009,Violation_201,54.0,CP1,-11.49062,59.0,73
LOND,lond009,Violation_201,54.0,CP2,19.09781,59.0,73
LOND,lond009,Violation_201,54.0,P3,-13.53091,59.0,73
LOND,lond009,Violation_201,54.0,P4,-11.77997,59.0,73
LOND,lond009,Violation_201,54.0,C3,-9.670558,59.0,73
LOND,lond009,Violation_201,54.0,C4,-14.37941,59.0,73
LOND,lond009,Violation_201,54.0,P7,-18.66872,59.0,73
LOND,lond009,Violation_201,54.0,P8,-4.589275,59.0,73
LOND,lond009,Violation_201,54.0,O1,-6.333457,59.0,73
LOND,lond009,Violation_201,54.0,O2,-7.887717,59.0,73
LOND,lond009,Violation_201,42.0,Pz,15.76683,56.0,93
LOND,lond009,Violation_201,42.0,Cz,5.644977,56.0,93
LOND,lond009,Violation_201,42.0,CP1,3.993308,56.0,93
LOND,lond009,Violation_201,42.0,CP2,9.925289,56.0,93
LOND,lond009,Violation_201,42.0,P3,6.467871,56.0,93
LOND,lond009,Violation_201,42.0,P4,12.43715,56.0,93
LOND,lond009,Violation_201,42.0,C3,5.305123,56.0,93
LOND,lond009,Violation_201,42.0,C4,3.044202,56.0,93
LOND,lond009,Violation_201,42.0,P7,9.971919,56.0,93
LOND,lond009,Violation_201,42.0,P8,-6.932661,56.0,93
LOND,lond009,Violation_201,42.0,O1,14.03249,56.0,93
LOND,lond009,Violation_201,42.0,O2,13.77509,56.0,93
LOND,lond009,Control_202,69.0,Pz,-16.01073,72.0,90
LOND,lond009,Control_202,69.0,Cz,-10.94098,72.0,90
LOND,lond009,Control_202,69.0,CP1,-10.54134,72.0,90
LOND,lond009,Control_202,69.0,CP2,-13.045,72.0,90
LOND,lond009,Control_202,69.0,P3,-10.16424,72.0,90
LOND,lond009,Control_202,69.0,P4,-17.74342,72.0,90
LOND,lond009,Control_202,69.0,C3,-16.62358,72.0,90
LOND,lond009,Control_202,69.0,C4,-17.3499,72.0,90
LOND,lond009,Control_202,69.0,P7,-9.326656,72.0,90
LOND,lond009,Control_202,69.0,P8,-26.45055,72.0,90
LOND,lond009,Control_202,69.0,O1,-6.469043,72.0,90
LOND,lond009,Control_202,69.0,O2,-8.032947,72.0,90
LOND,lond009,Violation_201,66.0,Pz,-15.38079,75.0,60
LOND,lond009,Violation_201,66.0,Cz,-4.832682,75.0,60
LOND,lond009,Violation_201,66.0,CP1,-12.66954,75.0,60
LOND,lond009,Violation_201,66.0,CP2,-13.96485,75.0,60
LOND,lond009,Violation_201,66.0,P3,-12.302,75.0,60
LOND,lond009,Violation_201,66.0,P4,2.237528,75.0,60
LOND,lond009,Violation_201,66.0,C3,-10.51871,75.0,60
LOND,lond009,Violation_201,66.0,C4,8.276975,75.0,60
LOND,lond009,Violation_201,66.0,P7,2.062292,75.0,60
LOND,lond009,Violation_201,66.0,P8,7.094223,75.0,60
LOND,lond009,Violation_201,66.0,O1,-2.928233,75.0,60
LOND,lond009,Violation_201,66.0,O2,-1.182201,75.0,60
LOND,lond009,Violation_201,70.0,Pz,-0.6398414,61.0,34
LOND,lond009,Violation_201,70.0,Cz,-11.3385,61.0,34
LOND,lond009,Violation_201,70.0,CP1,1.187103,61.0,34
LOND,lond009,Violation_201,70.0,CP2,-14.55879,61.0,34
LOND,lond009,Violation_201,70.0,P3,3.035941,61.0,34
LOND,lond009,Violation_201,70.0,P4,-3.258207,61.0,34
LOND,lond009,Violation_201,70.0,C3,4.309204,61.0,34
LOND,lond009,Violation_201,70.0,C4,-4.974943,61.0,34
LOND,lond009,Violation_201,70.0,P7,25.81727,61.0,34
LOND,lond009,Violation_201,70.0,P8,16.99714,61.0,34
LOND,lond009,Violation_201,70.0,O1,11.13692,61.0,34
LOND,lond009,Violation_201,70.0,O2,4.219174,61.0,34
LOND,lond009,Control_202,61.0,Pz,19.91643,80.0,97
LOND,lond009,Control_202,61.0,Cz,18.3633,80.0,97
LOND,lond009,Control_202,61.0,CP1,20.33522,80.0,97
LOND,lond009,Control_202,61.0,CP2,9.279048,80.0,97
LOND,lond009,Control_202,61.0,P3,29.00557,80.0,97
LOND,lond009,Control_202,61.0,P4,12.94087,80.0,97
LOND,lond009,Control_202,61.0,C3,14.78646,80.0,97
LOND,lond009,Control_202,61.0,C4,17.87746,80.0,97
LOND,lond009,Control_202,61.0,P7,26.75809,80.0,97
LOND,lond009,Control_202,61.0,P8,17.57295,80.0,97
LOND,lond009,Control_202,61.0,O1,22.31698,80.0,97
LOND,lond009,Control_202,61.0,O2,24.16695,80.0,97
LOND,lond009,Violation_201,74.0,Pz,9.461687,74.0,93
LOND,lond009,Violation_201,74.0,Cz,17.95965,74.0,93
LOND,lond009,Violation_201,74.0,CP1,17.12447,74.0,93
LOND,lond009,Violation_201,74.0,CP2,19.3671,74.0,93
LOND,lond009,Violation_201,74.0,P3,8.161459,74.0,93
LOND,lond009,Violation_201,74.0,P4,4.565331,74.0,93
LOND,lond009,Violation_201,74.0,C3,9.575171,74.0,93
LOND,lond009,Violation_201,74.0,C4,15.81762,74.0,93
LOND,lond009,Violation_201,74.0,P7,12.0831,74.0,93
LOND,lond009,Violation_201,74.0,P8,13.39722,74.0,93
LOND,lond009,Violation_201,74.0,O1,19.30352,74.0,93
LOND,lond009,Violation_201,74.0,O2,14.0219,74.0,93
LOND,lond009,Control_202,65.0,Pz,-13.84214,64.0,50
LOND,lond009,Control_202,65.0,Cz,1.247562,64.0,50
LOND,lond009,Control_202,65.0,CP1,-11.11494,64.0,50
LOND,lond009,Control_202,65.0,CP2,-4.412285,64.0,50
LOND,lond009,Control_202,65.0,P3,-11.42085,64.0,50
LOND,lond009,Control_202,65.0,P4,-14.83504,64.0,50
LOND,lond009,Control_202,65.0,C3,-19.41634,64.0,50
LOND,lond009,Control_202,65.0,C4,-3.723433,64.0,50
LOND,lond009,Control_202,65.0,P7,-17.64046,64.0,50
LOND,lond009,Control_202,65.0,P8,-10.05694,64.0,50
LOND,lond009,Control_202,65.0,O1,-12.14112,64.0,50
LOND,lond009,Control_202,65.0,O2,-13.18937,64.0,50
LOND,lond009,Violation_201,78.0,Pz,7.567125,73.0,80
LOND,lond009,Violation_201,78.0,Cz,12.35799,73.0,80
LOND,lond009,Violation_201,78.0,CP1,4.615723,73.0,80
LOND,lond009,Violation_201,78.0,CP2,15.83405,73.0,80
LOND,lond009,Violation_201,78.0,P3,-1.602405,73.0,80
LOND,lond009,Violation_201,78.0,P4,-0.9097661,73.0,80
LOND,lond009,Violation_201,78.0,C3,-1.654935,73.0,80
LOND,lond009,Violation_201,78.0,C4,3.382977,73.0,80
LOND,lond009,Violation_201,78.0,P7,-0.01109215,73.0,80
LOND,lond009,Violation_201,78.0,P8,9.747506,73.0,80
LOND,lond009,Violation_201,78.0,O1,8.855666,73.0,80
LOND,lond009,Violation_201,78.0,O2,8.547867,73.0,80
LOND,lond009,Control_202,77.0,Pz,0.5350767,77.0,100
LOND,lond009,Control_202,77.0,Cz,5.032462,77.0,100
LOND,lond009,Control_202,77.0,CP1,6.48419,77.0,100
LOND,lond009,Control_202,77.0,CP2,16.19459,77.0,100
LOND,lond009,Control_202,77.0,P3,-8.518098,77.0,100
LOND,lond009,Control_202,77.0,P4,1.965216,77.0,100
LOND,lond009,Control_202,77.0,C3,-1.834658,77.0,100
LOND,lond009,Control_202,77.0,C4,-9.482783,77.0,100
LOND,lond009,Control_202,77.0,P7,-3.342733,77.0,100
LOND,lond009,Control_202,77.0,P8,-8.921815,77.0,100
LOND,lond009,Control_202,77.0,O1,-2.788711,77.0,100
LOND,lond009,Control_202,77.0,O2,1.899418,77.0,100
LOND,lond009,Control_202,73.0,Pz,-17.35986,63.0,83
LOND,lond009,Control_202,73.0,Cz,-30.29705,63.0,83
LOND,lond009,Control_202,73.0,CP1,-24.011,63.0,83
LOND,lond009,Control_202,73.0,CP2,-23.77948,63.0,83
LOND,lond009,Control_202,73.0,P3,-17.18179,63.0,83
LOND,lond009,Control_202,73.0,P4,-24.49447,63.0,83
LOND,lond009,Control_202,73.0,C3,-30.36596,63.0,83
LOND,lond009,Control_202,73.0,C4,-20.79201,63.0,83
LOND,lond009,Control_202,73.0,P7,-13.74791,63.0,83
LOND,lond009,Control_202,73.0,P8,-27.32974,63.0,83
LOND,lond009,Control_202,73.0,O1,-10.57992,63.0,83
LOND,lond009,Control_202,73.0,O2,-16.74443,63.0,83
LOND,lond009,Violation_201,62.0,Pz,-28.03323,69.0,93
LOND,lond009,Violation_201,62.0,Cz,-10.87808,69.0,93
LOND,lond009,Violation_201,62.0,CP1,-8.523133,69.0,93
LOND,lond009,Violation_201,62.0,CP2,-3.9663,69.0,93
LOND,lond009,Violation_201,62.0,P3,-14.77955,69.0,93
LOND,lond009,Violation_201,62.0,P4,-15.71011,69.0,93
LOND,lond009,Violation_201,62.0,C3,-9.027386,69.0,93
LOND,lond009,Violation_201,62.0,C4,-7.107679,69.0,93
LOND,lond009,Violation_201,62.0,P7,-16.34704,69.0,93
LOND,lond009,Violation_201,62.0,P8,-14.56806,69.0,93
LOND,lond009,Violation_201,62.0,O1,-21.70954,69.0,93
LOND,lond009,Violation_201,62.0,O2,-19.70721,69.0,93
LOND,lond010,Violation_201,6.0,Pz,-16.15403,13.0,97
LOND,lond010,Violation_201,6.0,Cz,-14.15283,13.0,97
LOND,lond010,Violation_201,6.0,CP1,-15.49739,13.0,97
LOND,lond010,Violation_201,6.0,CP2,-16.82918,13.0,97
LOND,lond010,Violation_201,6.0,P3,-17.51196,13.0,97
LOND,lond010,Violation_201,6.0,P4,-16.88772,13.0,97
LOND,lond010,Violation_201,6.0,C3,-17.29121,13.0,97
LOND,lond010,Violation_201,6.0,C4,-13.93416,13.0,97
LOND,lond010,Violation_201,6.0,P7,-10.75937,13.0,97
LOND,lond010,Violation_201,6.0,P8,-10.73061,13.0,97
LOND,lond010,Violation_201,6.0,O1,-11.32972,13.0,97
LOND,lond010,Violation_201,6.0,O2,-14.98999,13.0,97
LOND,lond010,Violation_201,14.0,Pz,-5.850992,17.0,62
LOND,lond010,Violation_201,14.0,Cz,-3.220033,17.0,62
LOND,lond010,Violation_201,14.0,CP1,-6.810119,17.0,62
LOND,lond010,Violation_201,14.0,CP2,-5.952454,17.0,62
LOND,lond010,Violation_201,14.0,P3,-9.610957,17.0,62
LOND,lond010,Violation_201,14.0,P4,-12.3892,17.0,62
LOND,lond010,Violation_201,14.0,C3,-3.353225,17.0,62
LOND,lond010,Violation_201,14.0,C4,-8.828176,17.0,62
LOND,lond010,Violation_201,14.0,P7,-16.85163,17.0,62
LOND,lond010,Violation_201,14.0,P8,-12.17306,17.0,62
LOND,lond010,Violation_201,14.0,O1,-5.398958,17.0,62
LOND,lond010,Violation_201,14.0,O2,-4.656672,17.0,62
LOND,lond010,Control_202,1.0,Pz,-3.082265,7.0,80
LOND,lond010,Control_202,1.0,Cz,-3.327975,7.0,80
LOND,lond010,Control_202,1.0,CP1,-3.35849,7.0,80
LOND,lond010,Control_202,1.0,CP2,1.288427,7.0,80
LOND,lond010,Control_202,1.0,P3,-7.049538,7.0,80
LOND,lond010,Control_202,1.0,P4,3.158967,7.0,80
LOND,lond010,Control_202,1.0,C3,-7.454794,7.0,80
LOND,lond010,Control_202,1.0,C4,-4.801691,7.0,80
LOND,lond010,Control_202,1.0,P7,-7.897851,7.0,80
LOND,lond010,Control_202,1.0,P8,3.516468,7.0,80
LOND,lond010,Control_202,1.0,O1,-5.278241,7.0,80
LOND,lond010,Control_202,1.0,O2,1.50012,7.0,80
LOND,lond010,Violation_201,18.0,Pz,-6.448181,8.0,97
LOND,lond010,Violation_201,18.0,Cz,-2.542651,8.0,97
LOND,lond010,Violation_201,18.0,CP1,-3.464595,8.0,97
LOND,lond010,Violation_201,18.0,CP2,-2.497343,8.0,97
LOND,lond010,Violation_201,18.0,P3,-8.89832,8.0,97
LOND,lond010,Violation_201,18.0,P4,-6.683468,8.0,97
LOND,lond010,Violation_201,18.0,C3,6.006996,8.0,97
LOND,lond010,Violation_201,18.0,C4,-6.337198,8.0,97
LOND,lond010,Violation_201,18.0,P7,-9.094906,8.0,97
LOND,lond010,Violation_201,18.0,P8,-0.5426001,8.0,97
LOND,lond010,Violation_201,18.0,O1,-3.536808,8.0,97
LOND,lond010,Violation_201,18.0,O2,-4.661813,8.0,97
LOND,lond010,Control_202,5.0,Pz,20.48193,6.0,100
LOND,lond010,Control_202,5.0,Cz,24.2011,6.0,100
LOND,lond010,Control_202,5.0,CP1,17.45122,6.0,100
LOND,lond010,Control_202,5.0,CP2,19.83673,6.0,100
LOND,lond010,Control_202,5.0,P3,14.71502,6.0,100
LOND,lond010,Control_202,5.0,P4,16.97088,6.0,100
LOND,lond010,Control_202,5.0,C3,21.9943,6.0,100
LOND,lond010,Control_202,5.0,C4,21.27015,6.0,100
LOND,lond010,Control_202,5.0,P7,13.1153,6.0,100
LOND,lond010,Control_202,5.0,P8,6.85028,6.0,100
LOND,lond010,Control_202,5.0,O1,11.75755,6.0,100
LOND,lond010,Control_202,5.0,O2,8.411576,6.0,100
LOND,lond010,Violation_201,30.0,Pz,8.392217,36.0,77
LOND,lond010,Violation_201,30.0,Cz,4.643435,36.0,77
LOND,lond010,Violation_201,30.0,CP1,9.84609,36.0,77
LOND,lond010,Violation_201,30.0,CP2,3.235861,36.0,77
LOND,lond010,Violation_201,30.0,P3,9.796933,36.0,77
LOND,lond010,Violation_201,30.0,P4,2.862232,36.0,77
LOND,lond010,Violation_201,30.0,C3,7.850256,36.0,77
LOND,lond010,Violation_201,30.0,C4,2.501763,36.0,77
LOND,lond010,Violation_201,30.0,P7,5.994974,36.0,77
LOND,lond010,Violation_201,30.0,P8,-0.7308269,36.0,77
LOND,lond010,Violation_201,30.0,O1,5.910756,36.0,77
LOND,lond010,Violation_201,30.0,O2,4.771252,36.0,77
LOND,lond010,Violation_201,26.0,Pz,5.693486,32.0,80
LOND,lond010,Violation_201,26.0,Cz,10.66938,32.0,80
LOND,lond010,Violation_201,26.0,CP1,7.177578,32.0,80
LOND,lond010,Violation_201,26.0,CP2,7.902571,32.0,80
LOND,lond010,Violation_201,26.0,P3,3.413341,32.0,80
LOND,lond010,Violation_201,26.0,P4,6.805487,32.0,80
LOND,lond010,Violation_201,26.0,C3,0.2140716,32.0,80
LOND,lond010,Violation_201,26.0,C4,6.540257,32.0,80
LOND,lond010,Violation_201,26.0,P7,7.530235,32.0,80
LOND,lond010,Violation_201,26.0,P8,6.458138,32.0,80
LOND,lond010,Violation_201,26.0,O1,3.118084,32.0,80
LOND,lond010,Violation_201,26.0,O2,6.312944,32.0,80
LOND,lond010,Control_202,33.0,Pz,9.565754,25.0,97
LOND,lond010,Control_202,33.0,Cz,3.073846,25.0,97
LOND,lond010,Control_202,33.0,CP1,1.38247,25.0,97
LOND,lond010,Control_202,33.0,CP2,10.72721,25.0,97
LOND,lond010,Control_202,33.0,P3,5.147168,25.0,97
LOND,lond010,Control_202,33.0,P4,18.73191,25.0,97
LOND,lond010,Control_202,33.0,C3,-7.040473,25.0,97
LOND,lond010,Control_202,33.0,C4,14.16081,25.0,97
LOND,lond010,Control_202,33.0,P7,-1.858599,25.0,97
LOND,lond010,Control_202,33.0,P8,18.25286,25.0,97
LOND,lond010,Control_202,33.0,O1,10.23205,25.0,97
LOND,lond010,Control_202,33.0,O2,15.40558,25.0,97
LOND,lond010,Violation_201,29.0,Pz,14.57012,33.0,53
LOND,lond010,Violation_201,29.0,Cz,10.10133,33.0,53
LOND,lond010,Violation_201,29.0,CP1,9.80231,33.0,53
LOND,lond010,Violation_201,29.0,CP2,12.8292,33.0,53
LOND,lond010,Violation_201,29.0,P3,13.37533,33.0,53
LOND,lond010,Violation_201,29.0,P4,13.66473,33.0,53
LOND,lond010,Violation_201,29.0,C3,7.620698,33.0,53
LOND,lond010,Violation_201,29.0,C4,10.87956,33.0,53
LOND,lond010,Violation_201,29.0,P7,15.76457,33.0,53
LOND,lond010,Violation_201,29.0,P8,8.79534,33.0,53
LOND,lond010,Violation_201,29.0,O1,12.94876,33.0,53
LOND,lond010,Violation_201,29.0,O2,10.51864,33.0,53
LOND,lond010,Control_202,37.0,Pz,0.846868,34.0,97
LOND,lond010,Control_202,37.0,Cz,-7.872726,34.0,97
LOND,lond010,Control_202,37.0,CP1,-8.314274,34.0,97
LOND,lond010,Control_202,37.0,CP2,-0.5102585,34.0,97
LOND,lond010,Control_202,37.0,P3,-3.003617,34.0,97
LOND,lond010,Control_202,37.0,P4,-0.1534602,34.0,97
LOND,lond010,Control_202,37.0,C3,-18.56521,34.0,97
LOND,lond010,Control_202,37.0,C4,-2.695473,34.0,97
LOND,lond010,Control_202,37.0,P7,-11.79995,34.0,97
LOND,lond010,Control_202,37.0,P8,-6.868641,34.0,97
LOND,lond010,Control_202,37.0,O1,1.284001,34.0,97
LOND,lond010,Control_202,37.0,O2,-1.132114,34.0,97
LOND,lond010,Control_202,25.0,Pz,-38.37738,26.0,87
LOND,lond010,Control_202,25.0,Cz,-39.88277,26.0,87
LOND,lond010,Control_202,25.0,CP1,-39.06067,26.0,87
LOND,lond010,Control_202,25.0,CP2,-38.30473,26.0,87
LOND,lond010,Control_202,25.0,P3,-43.35973,26.0,87
LOND,lond010,Control_202,25.0,P4,-35.51149,26.0,87
LOND,lond010,Control_202,25.0,C3,-40.40756,26.0,87
LOND,lond010,Control_202,25.0,C4,-39.19109,26.0,87
LOND,lond010,Control_202,25.0,P7,-36.95073,26.0,87
LOND,lond010,Control_202,25.0,P8,-29.41552,26.0,87
LOND,lond010,Control_202,25.0,O1,-32.53693,26.0,87
LOND,lond010,Control_202,25.0,O2,-34.14101,26.0,87
LOND,lond010,Violation_201,34.0,Pz,-3.8248,39.0,97
LOND,lond010,Violation_201,34.0,Cz,-3.846093,39.0,97
LOND,lond010,Violation_201,34.0,CP1,-0.7152269,39.0,97
LOND,lond010,Violation_201,34.0,CP2,-5.50179,39.0,97
LOND,lond010,Violation_201,34.0,P3,2.988518,39.0,97
LOND,lond010,Violation_201,34.0,P4,-6.413267,39.0,97
LOND,lond010,Violation_201,34.0,C3,1.636659,39.0,97
LOND,lond010,Violation_201,34.0,C4,-1.673582,39.0,97
LOND,lond010,Violation_201,34.0,P7,9.67264,39.0,97
LOND,lond010,Violation_201,34.0,P8,-6.3057,39.0,97
LOND,lond010,Violation_201,34.0,O1,-10.5098,39.0,97
LOND,lond010,Violation_201,34.0,O2,-8.307653,39.0,97
LOND,lond010,Control_202,21.0,Pz,7.275644,27.0,97
LOND,lond010,Control_202,21.0,Cz,7.819631,27.0,97
LOND,lond010,Control_202,21.0,CP1,9.853107,27.0,97
LOND,lond010,Control_202,21.0,CP2,9.492557,27.0,97
LOND,lond010,Control_202,21.0,P3,6.393456,27.0,97
LOND,lond010,Control_202,21.0,P4,8.903235,27.0,97
LOND,lond010,Control_202,21.0,C3,5.661549,27.0,97
LOND,lond010,Control_202,21.0,C4,9.014486,27.0,97
LOND,lond010,Control_202,21.0,P7,12.59842,27.0,97
LOND,lond010,Control_202,21.0,P8,10.31981,27.0,97
LOND,lond010,Control_202,21.0,O1,6.986073,27.0,97
LOND,lond010,Control_202,21.0,O2,10.22261,27.0,97
LOND,lond010,Violation_201,22.0,Pz,5.106373,38.0,93
LOND,lond010,Violation_201,22.0,Cz,5.156041,38.0,93
LOND,lond010,Violation_201,22.0,CP1,3.553815,38.0,93
LOND,lond010,Violation_201,22.0,CP2,2.794179,38.0,93
LOND,lond010,Violation_201,22.0,P3,-0.1754208,38.0,93
LOND,lond010,Violation_201,22.0,P4,-4.0331,38.0,93
LOND,lond010,Violation_201,22.0,C3,3.491013,38.0,93
LOND,lond010,Violation_201,22.0,C4,-8.735205,38.0,93
LOND,lond010,Violation_201,22.0,P7,1.529026,38.0,93
LOND,lond010,Violation_201,22.0,P8,-5.896773,38.0,93
LOND,lond010,Violation_201,22.0,O1,6.390735,38.0,93
LOND,lond010,Violation_201,22.0,O2,3.248857,38.0,93
LOND,lond010,Control_202,45.0,Pz,-5.691954,55.0,93
LOND,lond010,Control_202,45.0,Cz,-1.616734,55.0,93
LOND,lond010,Control_202,45.0,CP1,-1.941385,55.0,93
LOND,lond010,Control_202,45.0,CP2,-2.239722,55.0,93
LOND,lond010,Control_202,45.0,P3,3.493018,55.0,93
LOND,lond010,Control_202,45.0,P4,-5.750919,55.0,93
LOND,lond010,Control_202,45.0,C3,3.325065,55.0,93
LOND,lond010,Control_202,45.0,C4,-7.885921,55.0,93
LOND,lond010,Control_202,45.0,P7,6.506647,55.0,93
LOND,lond010,Control_202,45.0,P8,-4.380014,55.0,93
LOND,lond010,Control_202,45.0,O1,-3.604142,55.0,93
LOND,lond010,Control_202,45.0,O2,-3.320059,55.0,93
LOND,lond010,Control_202,57.0,Pz,12.97679,54.0,77
LOND,lond010,Control_202,57.0,Cz,15.79807,54.0,77
LOND,lond010,Control_202,57.0,CP1,14.86925,54.0,77
LOND,lond010,Control_202,57.0,CP2,14.62893,54.0,77
LOND,lond010,Control_202,57.0,P3,9.414708,54.0,77
LOND,lond010,Control_202,57.0,P4,11.53978,54.0,77
LOND,lond010,Control_202,57.0,C3,10.14878,54.0,77
LOND,lond010,Control_202,57.0,C4,13.42741,54.0,77
LOND,lond010,Control_202,57.0,P7,7.118537,54.0,77
LOND,lond010,Control_202,57.0,P8,3.983094,54.0,77
LOND,lond010,Control_202,57.0,O1,9.078309,54.0,77
LOND,lond010,Control_202,57.0,O2,10.44072,54.0,77
LOND,lond010,Violation_201,42.0,Pz,27.29999,60.0,90
LOND,lond010,Violation_201,42.0,Cz,23.74081,60.0,90
LOND,lond010,Violation_201,42.0,CP1,23.23386,60.0,90
LOND,lond010,Violation_201,42.0,CP2,29.10832,60.0,90
LOND,lond010,Violation_201,42.0,P3,25.83959,60.0,90
LOND,lond010,Violation_201,42.0,P4,33.81827,60.0,90
LOND,lond010,Violation_201,42.0,C3,28.18089,60.0,90
LOND,lond010,Violation_201,42.0,C4,23.12694,60.0,90
LOND,lond010,Violation_201,42.0,P7,29.65064,60.0,90
LOND,lond010,Violation_201,42.0,P8,31.45502,60.0,90
LOND,lond010,Violation_201,42.0,O1,28.07522,60.0,90
LOND,lond010,Violation_201,42.0,O2,28.24858,60.0,90
LOND,lond010,Control_202,49.0,Pz,1.924636,51.0,90
LOND,lond010,Control_202,49.0,Cz,-0.4574039,51.0,90
LOND,lond010,Control_202,49.0,CP1,6.917178,51.0,90
LOND,lond010,Control_202,49.0,CP2,-5.689229,51.0,90
LOND,lond010,Control_202,49.0,P3,14.21512,51.0,90
LOND,lond010,Control_202,49.0,P4,-9.663225,51.0,90
LOND,lond010,Control_202,49.0,C3,23.25963,51.0,90
LOND,lond010,Control_202,49.0,C4,-12.15537,51.0,90
LOND,lond010,Control_202,49.0,P7,21.61489,51.0,90
LOND,lond010,Control_202,49.0,P8,-15.44927,51.0,90
LOND,lond010,Control_202,49.0,O1,0.9518512,51.0,90
LOND,lond010,Control_202,49.0,O2,-8.119316,51.0,90
LOND,lond010,Violation_201,50.0,Pz,5.287941,48.0,87
LOND,lond010,Violation_201,50.0,Cz,6.036204,48.0,87
LOND,lond010,Violation_201,50.0,CP1,6.916285,48.0,87
LOND,lond010,Violation_201,50.0,CP2,3.278544,48.0,87
LOND,lond010,Violation_201,50.0,P3,6.952791,48.0,87
LOND,lond010,Violation_201,50.0,P4,-1.607471,48.0,87
LOND,lond010,Violation_201,50.0,C3,5.264933,48.0,87
LOND,lond010,Violation_201,50.0,C4,7.430836,48.0,87
LOND,lond010,Violation_201,50.0,P7,0.5751589,48.0,87
LOND,lond010,Violation_201,50.0,P8,1.545015,48.0,87
LOND,lond010,Violation_201,50.0,O1,7.115467,48.0,87
LOND,lond010,Violation_201,50.0,O2,2.623795,48.0,87
LOND,lond010,Control_202,53.0,Pz,-10.71034,53.0,93
LOND,lond010,Control_202,53.0,Cz,-1.191187,53.0,93
LOND,lond010,Control_202,53.0,CP1,-1.74852,53.0,93
LOND,lond010,Control_202,53.0,CP2,-4.366137,53.0,93
LOND,lond010,Control_202,53.0,P3,-6.529447,53.0,93
LOND,lond010,Control_202,53.0,P4,-5.766747,53.0,93
LOND,lond010,Control_202,53.0,C3,0.4134883,53.0,93
LOND,lond010,Control_202,53.0,C4,-3.319113,53.0,93
LOND,lond010,Control_202,53.0,P7,-3.685442,53.0,93
LOND,lond010,Control_202,53.0,P8,-2.946889,53.0,93
LOND,lond010,Control_202,53.0,O1,-3.851887,53.0,93
LOND,lond010,Control_202,53.0,O2,-5.240395,53.0,93
LOND,lond010,Violation_201,46.0,Pz,16.86161,43.0,93
LOND,lond010,Violation_201,46.0,Cz,10.58967,43.0,93
LOND,lond010,Violation_201,46.0,CP1,6.870943,43.0,93
LOND,lond010,Violation_201,46.0,CP2,15.4838,43.0,93
LOND,lond010,Violation_201,46.0,P3,6.199999,43.0,93
LOND,lond010,Violation_201,46.0,P4,12.10158,43.0,93
LOND,lond010,Violation_201,46.0,C3,0.5033864,43.0,93
LOND,lond010,Violation_201,46.0,C4,15.22021,43.0,93
LOND,lond010,Violation_201,46.0,P7,3.498055,43.0,93
LOND,lond010,Violation_201,46.0,P8,8.013188,43.0,93
LOND,lond010,Violation_201,46.0,O1,12.18738,43.0,93
LOND,lond010,Violation_201,46.0,O2,16.73607,43.0,93
LOND,lond010,Control_202,41.0,Pz,-3.60901,45.0,67
LOND,lond010,Control_202,41.0,Cz,-5.073347,45.0,67
LOND,lond010,Control_202,41.0,CP1,-4.146028,45.0,67
LOND,lond010,Control_202,41.0,CP2,-4.307384,45.0,67
LOND,lond010,Control_202,41.0,P3,-3.725391,45.0,67
LOND,lond010,Control_202,41.0,P4,-6.068066,45.0,67
LOND,lond010,Control_202,41.0,C3,10.92563,45.0,67
LOND,lond010,Control_202,41.0,C4,-6.94612,45.0,67
LOND,lond010,Control_202,41.0,P7,-7.906413,45.0,67
LOND,lond010,Control_202,41.0,P8,-3.080045,45.0,67
LOND,lond010,Control_202,41.0,O1,-0.05529835,45.0,67
LOND,lond010,Control_202,41.0,O2,-0.7844338,45.0,67
LOND,lond010,Violation_201,54.0,Pz,20.4658,46.0,63
LOND,lond010,Violation_201,54.0,Cz,26.45169,46.0,63
LOND,lond010,Violation_201,54.0,CP1,9.521697,46.0,63
LOND,lond010,Violation_201,54.0,CP2,30.83123,46.0,63
LOND,lond010,Violation_201,54.0,P3,6.585582,46.0,63
LOND,lond010,Violation_201,54.0,P4,25.77591,46.0,63
LOND,lond010,Violation_201,54.0,C3,3.090298,46.0,63
LOND,lond010,Violation_201,54.0,C4,30.83473,46.0,63
LOND,lond010,Violation_201,54.0,P7,-4.412118,46.0,63
LOND,lond010,Violation_201,54.0,P8,29.79666,46.0,63
LOND,lond010,Violation_201,54.0,O1,10.35339,46.0,63
LOND,lond010,Violation_201,54.0,O2,18.39314,46.0,63
LOND,lond010,Violation_201,58.0,Pz,1.588858,58.0,73
LOND,lond010,Violation_201,58.0,Cz,3.936727,58.0,73
LOND,lond010,Violation_201,58.0,CP1,5.838237,58.0,73
LOND,lond010,Violation_201,58.0,CP2,2.793754,58.0,73
LOND,lond010,Violation_201,58.0,P3,-3.217863,58.0,73
LOND,lond010,Violation_201,58.0,P4,-1.56825,58.0,73
LOND,lond010,Violation_201,58.0,C3,4.921115,58.0,73
LOND,lond010,Violation_201,58.0,C4,5.426755,58.0,73
LOND,lond010,Violation_201,58.0,P7,-11.13152,58.0,73
LOND,lond010,Violation_201,58.0,P8,-7.092396,58.0,73
LOND,lond010,Violation_201,58.0,O1,-6.374281,58.0,73
LOND,lond010,Violation_201,58.0,O2,-6.65151,58.0,73
LOND,lond010,Violation_201,70.0,Pz,13.90599,67.0,87
LOND,lond010,Violation_201,70.0,Cz,6.764631,67.0,87
LOND,lond010,Violation_201,70.0,CP1,5.609847,67.0,87
LOND,lond010,Violation_201,70.0,CP2,8.498719,67.0,87
LOND,lond010,Violation_201,70.0,P3,9.932234,67.0,87
LOND,lond010,Violation_201,70.0,P4,7.980628,67.0,87
LOND,lond010,Violation_201,70.0,C3,0.9813614,67.0,87
LOND,lond010,Violation_201,70.0,C4,7.42678,67.0,87
LOND,lond010,Violation_201,70.0,P7,13.75832,67.0,87
LOND,lond010,Violation_201,70.0,P8,7.802278,67.0,87
LOND,lond010,Violation_201,70.0,O1,19.57223,67.0,87
LOND,lond010,Violation_201,70.0,O2,9.572763,67.0,87
LOND,lond010,Violation_201,78.0,Pz,19.50825,77.0,100
LOND,lond010,Violation_201,78.0,Cz,10.22589,77.0,100
LOND,lond010,Violation_201,78.0,CP1,18.12964,77.0,100
LOND,lond010,Violation_201,78.0,CP2,16.51851,77.0,100
LOND,lond010,Violation_201,78.0,P3,15.79607,77.0,100
LOND,lond010,Violation_201,78.0,P4,20.3425,77.0,100
LOND,lond010,Violation_201,78.0,C3,14.56754,77.0,100
LOND,lond010,Violation_201,78.0,C4,12.64999,77.0,100
LOND,lond010,Violation_201,78.0,P7,14.8223,77.0,100
LOND,lond010,Violation_201,78.0,P8,13.3833,77.0,100
LOND,lond010,Violation_201,78.0,O1,12.96009,77.0,100
LOND,lond010,Violation_201,78.0,O2,15.20347,77.0,100
LOND,lond010,Violation_201,62.0,Pz,7.418027,70.0,57
LOND,lond010,Violation_201,62.0,Cz,4.037142,70.0,57
LOND,lond010,Violation_201,62.0,CP1,5.150886,70.0,57
LOND,lond010,Violation_201,62.0,CP2,3.78672,70.0,57
LOND,lond010,Violation_201,62.0,P3,10.75926,70.0,57
LOND,lond010,Violation_201,62.0,P4,1.426179,70.0,57
LOND,lond010,Violation_201,62.0,C3,8.047521,70.0,57
LOND,lond010,Violation_201,62.0,C4,-0.3138715,70.0,57
LOND,lond010,Violation_201,62.0,P7,14.53062,70.0,57
LOND,lond010,Violation_201,62.0,P8,-1.358275,70.0,57
LOND,lond010,Violation_201,62.0,O1,-1.48836,70.0,57
LOND,lond010,Violation_201,62.0,O2,-1.342727,70.0,57
LOND,lond010,Violation_201,66.0,Pz,23.05904,76.0,90
LOND,lond010,Violation_201,66.0,Cz,23.12926,76.0,90
LOND,lond010,Violation_201,66.0,CP1,24.93484,76.0,90
LOND,lond010,Violation_201,66.0,CP2,22.43814,76.0,90
LOND,lond010,Violation_201,66.0,P3,24.29727,76.0,90
LOND,lond010,Violation_201,66.0,P4,18.45182,76.0,90
LOND,lond010,Violation_201,66.0,C3,18.1373,76.0,90
LOND,lond010,Violation_201,66.0,C4,18.9929,76.0,90
LOND,lond010,Violation_201,66.0,P7,26.7893,76.0,90
LOND,lond010,Violation_201,66.0,P8,10.50701,76.0,90
LOND,lond010,Violation_201,66.0,O1,21.31259,76.0,90
LOND,lond010,Violation_201,66.0,O2,17.82905,76.0,90
LOND,lond010,Control_202,65.0,Pz,-8.259127,62.0,70
LOND,lond010,Control_202,65.0,Cz,-6.211612,62.0,70
LOND,lond010,Control_202,65.0,CP1,-7.465143,62.0,70
LOND,lond010,Control_202,65.0,CP2,-11.36305,62.0,70
LOND,lond010,Control_202,65.0,P3,-5.727801,62.0,70
LOND,lond010,Control_202,65.0,P4,-17.84579,62.0,70
LOND,lond010,Control_202,65.0,C3,-4.323239,62.0,70
LOND,lond010,Control_202,65.0,C4,-15.42032,62.0,70
LOND,lond010,Control_202,65.0,P7,-6.589314,62.0,70
LOND,lond010,Control_202,65.0,P8,-17.81563,62.0,70
LOND,lond010,Control_202,65.0,O1,-11.24876,62.0,70
LOND,lond010,Control_202,65.0,O2,-16.08374,62.0,70
LOND,lond010,Control_202,61.0,Pz,11.20831,75.0,60
LOND,lond010,Control_202,61.0,Cz,9.798751,75.0,60
LOND,lond010,Control_202,61.0,CP1,15.52347,75.0,60
LOND,lond010,Control_202,61.0,CP2,12.66767,75.0,60
LOND,lond010,Control_202,61.0,P3,13.89323,75.0,60
LOND,lond010,Control_202,61.0,P4,10.91137,75.0,60
LOND,lond010,Control_202,61.0,C3,18.29473,75.0,60
LOND,lond010,Control_202,61.0,C4,10.04533,75.0,60
LOND,lond010,Control_202,61.0,P7,5.881718,75.0,60
LOND,lond010,Control_202,61.0,P8,10.2574,75.0,60
LOND,lond010,Control_202,61.0,O1,10.93119,75.0,60
LOND,lond010,Control_202,61.0,O2,14.52914,75.0,60
LOND,lond010,Control_202,73.0,Pz,-18.53443,73.0,80
LOND,lond010,Control_202,73.0,Cz,-15.3562,73.0,80
LOND,lond010,Control_202,73.0,CP1,-11.86697,73.0,80
LOND,lond010,Control_202,73.0,CP2,-15.42434,73.0,80
LOND,lond010,Control_202,73.0,P3,-18.94201,73.0,80
LOND,lond010,Control_202,73.0,P4,-15.2209,73.0,80
LOND,lond010,Control_202,73.0,C3,-15.96548,73.0,80
LOND,lond010,Control_202,73.0,C4,-16.6716,73.0,80
LOND,lond010,Control_202,73.0,P7,-17.26087,73.0,80
LOND,lond010,Control_202,73.0,P8,-12.12303,73.0,80
LOND,lond010,Control_202,73.0,O1,-15.34249,73.0,80
LOND,lond010,Control_202,73.0,O2,-14.41063,73.0,80
LOND,lond010,Control_202,69.0,Pz,-1.35753,63.0,83
LOND,lond010,Control_202,69.0,Cz,2.569212,63.0,83
LOND,lond010,Control_202,69.0,CP1,-0.0402107,63.0,83
LOND,lond010,Control_202,69.0,CP2,1.569314,63.0,83
LOND,lond010,Control_202,69.0,P3,-7.242914,63.0,83
LOND,lond010,Control_202,69.0,P4,1.667349,63.0,83
LOND,lond010,Control_202,69.0,C3,-3.133372,63.0,83
LOND,lond010,Control_202,69.0,C4,5.028475,63.0,83
LOND,lond010,Control_202,69.0,P7,-5.616819,63.0,83
LOND,lond010,Control_202,69.0,P8,3.771746,63.0,83
LOND,lond010,Control_202,69.0,O1,-0.365328,63.0,83
LOND,lond010,Control_202,69.0,O2,1.724186,63.0,83
LOND,lond010,Control_202,77.0,Pz,-18.15093,64.0,50
LOND,lond010,Control_202,77.0,Cz,-18.16727,64.0,50
LOND,lond010,Control_202,77.0,CP1,-15.63517,64.0,50
LOND,lond010,Control_202,77.0,CP2,-18.70388,64.0,50
LOND,lond010,Control_202,77.0,P3,-11.16889,64.0,50
LOND,lond010,Control_202,77.0,P4,-12.75688,64.0,50
LOND,lond010,Control_202,77.0,C3,-9.24393,64.0,50
LOND,lond010,Control_202,77.0,C4,-14.40563,64.0,50
LOND,lond010,Control_202,77.0,P7,-4.599308,64.0,50
LOND,lond010,Control_202,77.0,P8,-5.531154,64.0,50
LOND,lond010,Control_202,77.0,O1,-5.658885,64.0,50
LOND,lond010,Control_202,77.0,O2,-5.332451,64.0,50
LOND,lond010,Violation_201,74.0,Pz,0.9550858,71.0,90
LOND,lond010,Violation_201,74.0,Cz,4.581591,71.0,90
LOND,lond010,Violation_201,74.0,CP1,3.639947,71.0,90
LOND,lond010,Violation_201,74.0,CP2,5.511445,71.0,90
LOND,lond010,Violation_201,74.0,P3,0.4462313,71.0,90
LOND,lond010,Violation_201,74.0,P4,5.05305,71.0,90
LOND,lond010,Violation_201,74.0,C3,9.098666,71.0,90
LOND,lond010,Violation_201,74.0,C4,10.79304,71.0,90
LOND,lond010,Violation_201,74.0,P7,0.1563859,71.0,90
LOND,lond010,Violation_201,74.0,P8,9.425233,71.0,90
LOND,lond010,Violation_201,74.0,O1,-3.15981,71.0,90
LOND,lond010,Violation_201,74.0,O2,0.4701793,71.0,90
LOND,lond011,Violation_201,16.0,Pz,6.9866,15.0,90
LOND,lond011,Violation_201,16.0,Cz,6.361699,15.0,90
LOND,lond011,Violation_201,16.0,CP1,-6.55866,15.0,90
LOND,lond011,Violation_201,16.0,CP2,2.07109,15.0,90
LOND,lond011,Violation_201,16.0,P3,-1.518982,15.0,90
LOND,lond011,Violation_201,16.0,P4,-14.48718,15.0,90
LOND,lond011,Violation_201,16.0,C3,-6.252689,15.0,90
LOND,lond011,Violation_201,16.0,C4,-0.4260922,15.0,90
LOND,lond011,Violation_201,16.0,P7,-11.59733,15.0,90
LOND,lond011,Violation_201,16.0,P8,-8.710412,15.0,90
LOND,lond011,Violation_201,16.0,O1,-3.797514,15.0,90
LOND,lond011,Violation_201,16.0,O2,-2.380058,15.0,90
LOND,lond011,Control_202,11.0,Pz,29.29797,8.0,97
LOND,lond011,Control_202,11.0,Cz,-5.891765,8.0,97
LOND,lond011,Control_202,11.0,CP1,3.941879,8.0,97
LOND,lond011,Control_202,11.0,CP2,17.20787,8.0,97
LOND,lond011,Control_202,11.0,P3,9.69552,8.0,97
LOND,lond011,Control_202,11.0,P4,-4.653635,8.0,97
LOND,lond011,Control_202,11.0,C3,1.280247,8.0,97
LOND,lond011,Control_202,11.0,C4,3.032567,8.0,97
LOND,lond011,Control_202,11.0,P7,19.64724,8.0,97
LOND,lond011,Control_202,11.0,P8,8.070434,8.0,97
LOND,lond011,Control_202,11.0,O1,0.6326884,8.0,97
LOND,lond011,Control_202,11.0,O2,20.2542,8.0,97
LOND,lond011,Control_202,7.0,Pz,-18.1505,12.0,100
LOND,lond011,Control_202,7.0,Cz,-18.0962,12.0,100
LOND,lond011,Control_202,7.0,CP1,-15.70467,12.0,100
LOND,lond011,Control_202,7.0,CP2,-9.128386,12.0,100
LOND,lond011,Control_202,7.0,P3,-12.58743,12.0,100
LOND,lond011,Control_202,7.0,P4,-19.17925,12.0,100
LOND,lond011,Control_202,7.0,C3,-9.957713,12.0,100
LOND,lond011,Control_202,7.0,C4,-17.2247,12.0,100
LOND,lond011,Control_202,7.0,P7,-10.02736,12.0,100
LOND,lond011,Control_202,7.0,P8,-15.71623,12.0,100
LOND,lond011,Control_202,7.0,O1,-6.048495,12.0,100
LOND,lond011,Control_202,7.0,O2,-16.20887,12.0,100
LOND,lond011,Violation_201,12.0,Pz,-20.64593,9.0,93
LOND,lond011,Violation_201,12.0,Cz,-5.067364,9.0,93
LOND,lond011,Violation_201,12.0,CP1,-1.347255,9.0,93
LOND,lond011,Violation_201,12.0,CP2,-8.4409,9.0,93
LOND,lond011,Violation_201,12.0,P3,-2.124579,9.0,93
LOND,lond011,Violation_201,12.0,P4,-7.811117,9.0,93
LOND,lond011,Violation_201,12.0,C3,-8.663685,9.0,93
LOND,lond011,Violation_201,12.0,C4,-5.853177,9.0,93
LOND,lond011,Violation_201,12.0,P7,-10.81052,9.0,93
LOND,lond011,Violation_201,12.0,P8,-15.63516,9.0,93
LOND,lond011,Violation_201,12.0,O1,-11.43766,9.0,93
LOND,lond011,Violation_201,12.0,O2,-11.6725,9.0,93
LOND,lond011,Control_202,3.0,Pz,-4.599713,2.0,100
LOND,lond011,Control_202,3.0,Cz,-18.29368,2.0,100
LOND,lond011,Control_202,3.0,CP1,-12.11393,2.0,100
LOND,lond011,Control_202,3.0,CP2,-1.473117,2.0,100
LOND,lond011,Control_202,3.0,P3,-10.39227,2.0,100
LOND,lond011,Control_202,3.0,P4,-17.26148,2.0,100
LOND,lond011,Control_202,3.0,C3,-11.88039,2.0,100
LOND,lond011,Control_202,3.0,C4,-20.65461,2.0,100
LOND,lond011,Control_202,3.0,P7,-11.36794,2.0,100
LOND,lond011,Control_202,3.0,P8,0.5705705,2.0,100
LOND,lond011,Control_202,3.0,O1,-14.73142,2.0,100
LOND,lond011,Control_202,3.0,O2,2.953627,2.0,100
LOND,lond011,Violation_201,8.0,Pz,34.35101,18.0,87
LOND,lond011,Violation_201,8.0,Cz,49.79887,18.0,87
LOND,lond011,Violation_201,8.0,CP1,28.0665,18.0,87
LOND,lond011,Violation_201,8.0,CP2,30.15487,18.0,87
LOND,lond011,Violation_201,8.0,P3,33.85701,18.0,87
LOND,lond011,Violation_201,8.0,P4,42.14552,18.0,87
LOND,lond011,Violation_201,8.0,C3,31.53693,18.0,87
LOND,lond011,Violation_201,8.0,C4,31.70667,18.0,87
LOND,lond011,Violation_201,8.0,P7,22.19075,18.0,87
LOND,lond011,Violation_201,8.0,P8,33.05758,18.0,87
LOND,lond011,Violation_201,8.0,O1,32.78902,18.0,87
LOND,lond011,Violation_201,8.0,O2,24.29872,18.0,87
LOND,lond011,Violation_201,4.0,Pz,4.791617,11.0,87
LOND,lond011,Violation_201,4.0,Cz,3.893003,11.0,87
LOND,lond011,Violation_201,4.0,CP1,6.40614,11.0,87
LOND,lond011,Violation_201,4.0,CP2,11.75213,11.0,87
LOND,lond011,Violation_201,4.0,P3,5.520129,11.0,87
LOND,lond011,Violation_201,4.0,P4,-0.9797421,11.0,87
LOND,lond011,Violation_201,4.0,C3,5.178562,11.0,87
LOND,lond011,Violation_201,4.0,C4,-0.684844,11.0,87
LOND,lond011,Violation_201,4.0,P7,4.210949,11.0,87
LOND,lond011,Violation_201,4.0,P8,-2.500655,11.0,87
LOND,lond011,Violation_201,4.0,O1,-5.616158,11.0,87
LOND,lond011,Violation_201,4.0,O2,5.626287,11.0,87
LOND,lond011,Violation_201,20.0,Pz,17.10522,10.0,80
LOND,lond011,Violation_201,20.0,Cz,26.43902,10.0,80
LOND,lond011,Violation_201,20.0,CP1,9.368924,10.0,80
LOND,lond011,Violation_201,20.0,CP2,16.38067,10.0,80
LOND,lond011,Violation_201,20.0,P3,24.1071,10.0,80
LOND,lond011,Violation_201,20.0,P4,16.28218,10.0,80
LOND,lond011,Violation_201,20.0,C3,13.58841,10.0,80
LOND,lond011,Violation_201,20.0,C4,25.65365,10.0,80
LOND,lond011,Violation_201,20.0,P7,11.66443,10.0,80
LOND,lond011,Violation_201,20.0,P8,5.938022,10.0,80
LOND,lond011,Violation_201,20.0,O1,10.0078,10.0,80
LOND,lond011,Violation_201,20.0,O2,10.86313,10.0,80
LOND,lond011,Control_202,19.0,Pz,2.441563,5.0,93
LOND,lond011,Control_202,19.0,Cz,12.46991,5.0,93
LOND,lond011,Control_202,19.0,CP1,-1.419521,5.0,93
LOND,lond011,Control_202,19.0,CP2,4.616608,5.0,93
LOND,lond011,Control_202,19.0,P3,-1.66644,5.0,93
LOND,lond011,Control_202,19.0,P4,6.597703,5.0,93
LOND,lond011,Control_202,19.0,C3,0.6934932,5.0,93
LOND,lond011,Control_202,19.0,C4,0.7926108,5.0,93
LOND,lond011,Control_202,19.0,P7,-6.177485,5.0,93
LOND,lond011,Control_202,19.0,P8,-0.9435129,5.0,93
LOND,lond011,Control_202,19.0,O1,-2.954561,5.0,93
LOND,lond011,Control_202,19.0,O2,-8.598221,5.0,93
LOND,lond011,Control_202,15.0,Pz,38.86547,19.0,100
LOND,lond011,Control_202,15.0,Cz,42.76003,19.0,100
LOND,lond011,Control_202,15.0,CP1,36.68892,19.0,100
LOND,lond011,Control_202,15.0,CP2,33.37077,19.0,100
LOND,lond011,Control_202,15.0,P3,22.27514,19.0,100
LOND,lond011,Control_202,15.0,P4,14.77523,19.0,100
LOND,lond011,Control_202,15.0,C3,31.30984,19.0,100
LOND,lond011,Control_202,15.0,C4,12.40045,19.0,100
LOND,lond011,Control_202,15.0,P7,44.49149,19.0,100
LOND,lond011,Control_202,15.0,P8,14.00815,19.0,100
LOND,lond011,Control_202,15.0,O1,26.80257,19.0,100
LOND,lond011,Control_202,15.0,O2,21.82337,19.0,100
LOND,lond011,Violation_201,32.0,Pz,-3.416701,39.0,97
LOND,lond011,Violation_201,32.0,Cz,10.04646,39.0,97
LOND,lond011,Violation_201,32.0,CP1,-4.59617,39.0,97
LOND,lond011,Violation_201,32.0,CP2,-11.68421,39.0,97
LOND,lond011,Violation_201,32.0,P3,-9.858383,39.0,97
LOND,lond011,Violation_201,32.0,P4,6.175269,39.0,97
LOND,lond011,Violation_201,32.0,C3,-10.55282,39.0,97
LOND,lond011,Violation_201,32.0,C4,-4.695316,39.0,97
LOND,lond011,Violation_201,32.0,P7,-13.1666,39.0,97
LOND,lond011,Violation_201,32.0,P8,-2.008018,39.0,97
LOND,lond011,Violation_201,32.0,O1,-4.437634,39.0,97
LOND,lond011,Violation_201,32.0,O2,-12.16323,39.0,97
LOND,lond011,Violation_201,24.0,Pz,24.19365,31.0,77
LOND,lond011,Violation_201,24.0,Cz,14.02823,31.0,77
LOND,lond011,Violation_201,24.0,CP1,13.40043,31.0,77
LOND,lond011,Violation_201,24.0,CP2,9.703519,31.0,77
LOND,lond011,Violation_201,24.0,P3,16.75146,31.0,77
LOND,lond011,Violation_201,24.0,P4,27.32763,31.0,77
LOND,lond011,Violation_201,24.0,C3,8.661637,31.0,77
LOND,lond011,Violation_201,24.0,C4,25.05366,31.0,77
LOND,lond011,Violation_201,24.0,P7,6.396379,31.0,77
LOND,lond011,Violation_201,24.0,P8,8.855427,31.0,77
LOND,lond011,Violation_201,24.0,O1,7.521549,31.0,77
LOND,lond011,Violation_201,24.0,O2,11.57302,31.0,77
LOND,lond011,Control_202,31.0,Pz,-2.461744,22.0,53
LOND,lond011,Control_202,31.0,Cz,-1.090283,22.0,53
LOND,lond011,Control_202,31.0,CP1,-16.82272,22.0,53
LOND,lond011,Control_202,31.0,CP2,-18.02567,22.0,53
LOND,lond011,Control_202,31.0,P3,-19.02084,22.0,53
LOND,lond011,Control_202,31.0,P4,1.554753,22.0,53
LOND,lond011,Control_202,31.0,C3,-18.32737,22.0,53
LOND,lond011,Control_202,31.0,C4,-0.8952102,22.0,53
LOND,lond011,Control_202,31.0,P7,-11.42483,22.0,53
LOND,lond011,Control_202,31.0,P8,-14.66423,22.0,53
LOND,lond011,Control_202,31.0,O1,-23.42065,22.0,53
LOND,lond011,Control_202,31.0,O2,-21.55152,22.0,53
LOND,lond011,Control_202,23.0,Pz,-30.21449,25.0,97
LOND,lond011,Control_202,23.0,Cz,-46.29396,25.0,97
LOND,lond011,Control_202,23.0,CP1,-40.30917,25.0,97
LOND,lond011,Control_202,23.0,CP2,-44.71784,25.0,97
LOND,lond011,Control_202,23.0,P3,-38.9818,25.0,97
LOND,lond011,Control_202,23.0,P4,-40.26421,25.0,97
LOND,lond011,Control_202,23.0,C3,-32.85113,25.0,97
LOND,lond011,Control_202,23.0,C4,-60.17446,25.0,97
LOND,lond011,Control_202,23.0,P7,-39.75272,25.0,97
LOND,lond011,Control_202,23.0,P8,-34.54186,25.0,97
LOND,lond011,Control_202,23.0,O1,-17.44971,25.0,97
LOND,lond011,Control_202,23.0,O2,-35.3485,25.0,97
LOND,lond011,Control_202,27.0,Pz,15.70159,37.0,80
LOND,lond011,Control_202,27.0,Cz,-6.123951,37.0,80
LOND,lond011,Control_202,27.0,CP1,2.359527,37.0,80
LOND,lond011,Control_202,27.0,CP2,12.95276,37.0,80
LOND,lond011,Control_202,27.0,P3,5.387923,37.0,80
LOND,lond011,Control_202,27.0,P4,11.24279,37.0,80
LOND,lond011,Control_202,27.0,C3,-9.262701,37.0,80
LOND,lond011,Control_202,27.0,C4,9.915595,37.0,80
LOND,lond011,Control_202,27.0,P7,8.575995,37.0,80
LOND,lond011,Control_202,27.0,P8,4.591737,37.0,80
LOND,lond011,Control_202,27.0,O1,-1.095292,37.0,80
LOND,lond011,Control_202,27.0,O2,17.24665,37.0,80
LOND,lond011,Control_202,39.0,Pz,14.62412,33.0,53
LOND,lond011,Control_202,39.0,Cz,-10.24537,33.0,53
LOND,lond011,Control_202,39.0,CP1,3.81532,33.0,53
LOND,lond011,Control_202,39.0,CP2,9.905243,33.0,53
LOND,lond011,Control_202,39.0,P3,18.5564,33.0,53
LOND,lond011,Control_202,39.0,P4,10.60045,33.0,53
LOND,lond011,Control_202,39.0,C3,-4.374268,33.0,53
LOND,lond011,Control_202,39.0,C4,-1.441014,33.0,53
LOND,lond011,Control_202,39.0,P7,27.19511,33.0,53
LOND,lond011,Control_202,39.0,P8,-2.527697,33.0,53
LOND,lond011,Control_202,39.0,O1,13.08064,33.0,53
LOND,lond011,Control_202,39.0,O2,22.02245,33.0,53
LOND,lond011,Violation_201,36.0,Pz,-8.186984,30.0,90
LOND,lond011,Violation_201,36.0,Cz,4.068678,30.0,90
LOND,lond011,Violation_201,36.0,CP1,11.04967,30.0,90
LOND,lond011,Violation_201,36.0,CP2,-3.028196,30.0,90
LOND,lond011,Violation_201,36.0,P3,3.605107,30.0,90
LOND,lond011,Violation_201,36.0,P4,-6.76206,30.0,90
LOND,lond011,Violation_201,36.0,C3,12.1582,30.0,90
LOND,lond011,Violation_201,36.0,C4,2.191832,30.0,90
LOND,lond011,Violation_201,36.0,P7,-13.75881,30.0,90
LOND,lond011,Violation_201,36.0,P8,9.201027,30.0,90
LOND,lond011,Violation_201,36.0,O1,7.786386,30.0,90
LOND,lond011,Violation_201,36.0,O2,-6.678928,30.0,90
LOND,lond011,Control_202,35.0,Pz,14.15304,35.0,97
LOND,lond011,Control_202,35.0,Cz,-3.639882,35.0,97
LOND,lond011,Control_202,35.0,CP1,10.78113,35.0,97
LOND,lond011,Control_202,35.0,CP2,3.622035,35.0,97
LOND,lond011,Control_202,35.0,P3,-0.781922,35.0,97
LOND,lond011,Control_202,35.0,P4,-7.122234,35.0,97
LOND,lond011,Control_202,35.0,C3,8.287373,35.0,97
LOND,lond011,Control_202,35.0,C4,-6.141165,35.0,97
LOND,lond011,Control_202,35.0,P7,5.627001,35.0,97
LOND,lond011,Control_202,35.0,P8,3.851128,35.0,97
LOND,lond011,Control_202,35.0,O1,4.410884,35.0,97
LOND,lond011,Control_202,35.0,O2,-0.4320922,35.0,97
LOND,lond011,Violation_201,40.0,Pz,-6.863884,28.0,27
LOND,lond011,Violation_201,40.0,Cz,-5.892554,28.0,27
LOND,lond011,Violation_201,40.0,CP1,-1.673646,28.0,27
LOND,lond011,Violation_201,40.0,CP2,1.280468,28.0,27
LOND,lond011,Violation_201,40.0,P3,-3.196953,28.0,27
LOND,lond011,Violation_201,40.0,P4,1.3981,28.0,27
LOND,lond011,Violation_201,40.0,C3,-0.6142612,28.0,27
LOND,lond011,Violation_201,40.0,C4,-0.1558574,28.0,27
LOND,lond011,Violation_201,40.0,P7,-1.065944,28.0,27
LOND,lond011,Violation_201,40.0,P8,1.415846,28.0,27
LOND,lond011,Violation_201,40.0,O1,-0.3480497,28.0,27
LOND,lond011,Violation_201,40.0,O2,3.636258,28.0,27
LOND,lond011,Violation_201,28.0,Pz,-7.013315,26.0,87
LOND,lond011,Violation_201,28.0,Cz,0.6361353,26.0,87
LOND,lond011,Violation_201,28.0,CP1,5.476299,26.0,87
LOND,lond011,Violation_201,28.0,CP2,1.264146,26.0,87
LOND,lond011,Violation_201,28.0,P3,4.823375,26.0,87
LOND,lond011,Violation_201,28.0,P4,-10.69981,26.0,87
LOND,lond011,Violation_201,28.0,C3,10.37716,26.0,87
LOND,lond011,Violation_201,28.0,C4,0.7785814,26.0,87
LOND,lond011,Violation_201,28.0,P7,11.21265,26.0,87
LOND,lond011,Violation_201,28.0,P8,5.903551,26.0,87
LOND,lond011,Violation_201,28.0,O1,6.7223,26.0,87
LOND,lond011,Violation_201,28.0,O2,3.203599,26.0,87
LOND,lond011,Control_202,55.0,Pz,-16.25964,58.0,73
LOND,lond011,Control_202,55.0,Cz,-10.10413,58.0,73
LOND,lond011,Control_202,55.0,CP1,-4.35606,58.0,73
LOND,lond011,Control_202,55.0,CP2,-10.24172,58.0,73
LOND,lond011,Control_202,55.0,P3,-0.9318392,58.0,73
LOND,lond011,Control_202,55.0,P4,-17.24802,58.0,73
LOND,lond011,Control_202,55.0,C3,0.008950359,58.0,73
LOND,lond011,Control_202,55.0,C4,-11.84436,58.0,73
LOND,lond011,Control_202,55.0,P7,0.3054884,58.0,73
LOND,lond011,Control_202,55.0,P8,1.053432,58.0,73
LOND,lond011,Control_202,55.0,O1,3.688416,58.0,73
LOND,lond011,Control_202,55.0,O2,-3.634816,58.0,73
LOND,lond011,Control_202,47.0,Pz,-6.630297,50.0,37
LOND,lond011,Control_202,47.0,Cz,2.418902,50.0,37
LOND,lond011,Control_202,47.0,CP1,1.974835,50.0,37
LOND,lond011,Control_202,47.0,CP2,1.361663,50.0,37
LOND,lond011,Control_202,47.0,P3,-2.737655,50.0,37
LOND,lond011,Control_202,47.0,P4,4.518868,50.0,37
LOND,lond011,Control_202,47.0,C3,8.090141,50.0,37
LOND,lond011,Control_202,47.0,C4,6.586156,50.0,37
LOND,lond011,Control_202,47.0,P7,-3.029298,50.0,37
LOND,lond011,Control_202,47.0,P8,-4.604845,50.0,37
LOND,lond011,Control_202,47.0,O1,-0.4227596,50.0,37
LOND,lond011,Control_202,47.0,O2,3.994456,50.0,37
LOND,lond011,Violation_201,43.0,Pz,10.60607,46.0,63
LOND,lond011,Violation_201,43.0,Cz,16.05019,46.0,63
LOND,lond011,Violation_201,43.0,CP1,22.3393,46.0,63
LOND,lond011,Violation_201,43.0,CP2,8.433025,46.0,63
LOND,lond011,Violation_201,43.0,P3,20.07192,46.0,63
LOND,lond011,Violation_201,43.0,P4,8.829363,46.0,63
LOND,lond011,Violation_201,43.0,C3,18.99593,46.0,63
LOND,lond011,Violation_201,43.0,C4,17.90323,46.0,63
LOND,lond011,Violation_201,43.0,P7,10.94205,46.0,63
LOND,lond011,Violation_201,43.0,P8,18.95138,46.0,63
LOND,lond011,Violation_201,43.0,O1,14.87182,46.0,63
LOND,lond011,Violation_201,43.0,O2,6.196984,46.0,63
LOND,lond011,Control_202,51.0,Pz,-12.40083,48.0,87
LOND,lond011,Control_202,51.0,Cz,7.526185,48.0,87
LOND,lond011,Control_202,51.0,CP1,-18.35615,48.0,87
LOND,lond011,Control_202,51.0,CP2,-12.69989,48.0,87
LOND,lond011,Control_202,51.0,P3,-26.78445,48.0,87
LOND,lond011,Control_202,51.0,P4,-13.14881,48.0,87
LOND,lond011,Control_202,51.0,C3,-15.98634,48.0,87
LOND,lond011,Control_202,51.0,C4,-11.33437,48.0,87
LOND,lond011,Control_202,51.0,P7,-32.82069,48.0,87
LOND,lond011,Control_202,51.0,P8,-29.10824,48.0,87
LOND,lond011,Control_202,51.0,O1,-20.58716,48.0,87
LOND,lond011,Control_202,51.0,O2,-15.81027,48.0,87
LOND,lond011,Violation_201,60.0,Pz,-14.13207,44.0,90
LOND,lond011,Violation_201,60.0,Cz,-32.42956,44.0,90
LOND,lond011,Violation_201,60.0,CP1,-29.85857,44.0,90
LOND,lond011,Violation_201,60.0,CP2,-15.05577,44.0,90
LOND,lond011,Violation_201,60.0,P3,-12.90858,44.0,90
LOND,lond011,Violation_201,60.0,P4,-20.14947,44.0,90
LOND,lond011,Violation_201,60.0,C3,-27.44197,44.0,90
LOND,lond011,Violation_201,60.0,C4,-16.43046,44.0,90
LOND,lond011,Violation_201,60.0,P7,-15.0469,44.0,90
LOND,lond011,Violation_201,60.0,P8,-5.188142,44.0,90
LOND,lond011,Violation_201,60.0,O1,-12.78459,44.0,90
LOND,lond011,Violation_201,60.0,O2,-5.011171,44.0,90
LOND,lond011,Violation_201,48.0,Pz,-9.577005,45.0,67
LOND,lond011,Violation_201,48.0,Cz,9.526056,45.0,67
LOND,lond011,Violation_201,48.0,CP1,8.194437,45.0,67
LOND,lond011,Violation_201,48.0,CP2,9.651766,45.0,67
LOND,lond011,Violation_201,48.0,P3,4.628773,45.0,67
LOND,lond011,Violation_201,48.0,P4,4.38867,45.0,67
LOND,lond011,Violation_201,48.0,C3,4.775238,45.0,67
LOND,lond011,Violation_201,48.0,C4,0.2679695,45.0,67
LOND,lond011,Violation_201,48.0,P7,1.02534,45.0,67
LOND,lond011,Violation_201,48.0,P8,-2.727675,45.0,67
LOND,lond011,Violation_201,48.0,O1,-7.253446,45.0,67
LOND,lond011,Violation_201,48.0,O2,-3.412212,45.0,67
LOND,lond011,Control_202,59.0,Pz,27.28245,56.0,93
LOND,lond011,Control_202,59.0,Cz,16.85952,56.0,93
LOND,lond011,Control_202,59.0,CP1,14.06003,56.0,93
LOND,lond011,Control_202,59.0,CP2,24.02489,56.0,93
LOND,lond011,Control_202,59.0,P3,24.03548,56.0,93
LOND,lond011,Control_202,59.0,P4,18.38415,56.0,93
LOND,lond011,Control_202,59.0,C3,25.7996,56.0,93
LOND,lond011,Control_202,59.0,C4,19.83149,56.0,93
LOND,lond011,Control_202,59.0,P7,8.648123,56.0,93
LOND,lond011,Control_202,59.0,P8,24.12724,56.0,93
LOND,lond011,Control_202,59.0,O1,8.19477,56.0,93
LOND,lond011,Control_202,59.0,O2,19.20558,56.0,93
LOND,lond011,Violation_201,52.0,Pz,-5.256667,54.0,77
LOND,lond011,Violation_201,52.0,Cz,6.850092,54.0,77
LOND,lond011,Violation_201,52.0,CP1,1.033838,54.0,77
LOND,lond011,Violation_201,52.0,CP2,14.47081,54.0,77
LOND,lond011,Violation_201,52.0,P3,8.148305,54.0,77
LOND,lond011,Violation_201,52.0,P4,9.869701,54.0,77
LOND,lond011,Violation_201,52.0,C3,9.853991,54.0,77
LOND,lond011,Violation_201,52.0,C4,15.82163,54.0,77
LOND,lond011,Violation_201,52.0,P7,6.124338,54.0,77
LOND,lond011,Violation_201,52.0,P8,3.398331,54.0,77
LOND,lond011,Violation_201,52.0,O1,-10.98037,54.0,77
LOND,lond011,Violation_201,52.0,O2,-16.29112,54.0,77
LOND,lond011,Violation_201,56.0,Pz,-6.32599,53.0,93
LOND,lond011,Violation_201,56.0,Cz,-30.36005,53.0,93
LOND,lond011,Violation_201,56.0,CP1,-19.36611,53.0,93
LOND,lond011,Violation_201,56.0,CP2,-3.25242,53.0,93
LOND,lond011,Violation_201,56.0,P3,-13.31914,53.0,93
LOND,lond011,Violation_201,56.0,P4,0.5370807,53.0,93
LOND,lond011,Violation_201,56.0,C3,-28.29714,53.0,93
LOND,lond011,Violation_201,56.0,C4,-23.57588,53.0,93
LOND,lond011,Violation_201,56.0,P7,-12.63803,53.0,93
LOND,lond011,Violation_201,56.0,P8,-24.0767,53.0,93
LOND,lond011,Violation_201,56.0,O1,-21.62633,53.0,93
LOND,lond011,Violation_201,56.0,O2,-22.71274,53.0,93
LOND,lond011,Control_202,44.0,Pz,22.93746,47.0,100
LOND,lond011,Control_202,44.0,Cz,-2.309507,47.0,100
LOND,lond011,Control_202,44.0,CP1,12.0268,47.0,100
LOND,lond011,Control_202,44.0,CP2,14.49524,47.0,100
LOND,lond011,Control_202,44.0,P3,20.00703,47.0,100
LOND,lond011,Control_202,44.0,P4,16.11182,47.0,100
LOND,lond011,Control_202,44.0,C3,8.667815,47.0,100
LOND,lond011,Control_202,44.0,C4,6.223977,47.0,100
LOND,lond011,Control_202,44.0,P7,15.51655,47.0,100
LOND,lond011,Control_202,44.0,P8,13.18451,47.0,100
LOND,lond011,Control_202,44.0,O1,9.825147,47.0,100
LOND,lond011,Control_202,44.0,O2,19.59097,47.0,100
LOND,lond011,Violation_201,80.0,Pz,10.57005,64.0,50
LOND,lond011,Violation_201,80.0,Cz,-0.5224537,64.0,50
LOND,lond011,Violation_201,80.0,CP1,4.530272,64.0,50
LOND,lond011,Violation_201,80.0,CP2,3.496459,64.0,50
LOND,lond011,Violation_201,80.0,P3,5.259953,64.0,50
LOND,lond011,Violation_201,80.0,P4,-2.38748,64.0,50
LOND,lond011,Violation_201,80.0,C3,2.139564,64.0,50
LOND,lond011,Violation_201,80.0,C4,-9.543295,64.0,50
LOND,lond011,Violation_201,80.0,P7,19.94044,64.0,50
LOND,lond011,Violation_201,80.0,P8,0.8608692,64.0,50
LOND,lond011,Violation_201,80.0,O1,5.190716,64.0,50
LOND,lond011,Violation_201,80.0,O2,3.852829,64.0,50
LOND,lond011,Control_202,75.0,Pz,1.126196,76.0,90
LOND,lond011,Control_202,75.0,Cz,-17.31561,76.0,90
LOND,lond011,Control_202,75.0,CP1,-7.798524,76.0,90
LOND,lond011,Control_202,75.0,CP2,-2.792739,76.0,90
LOND,lond011,Control_202,75.0,P3,-2.627563,76.0,90
LOND,lond011,Control_202,75.0,P4,1.521452,76.0,90
LOND,lond011,Control_202,75.0,C3,-12.45765,76.0,90
LOND,lond011,Control_202,75.0,C4,-8.073668,76.0,90
LOND,lond011,Control_202,75.0,P7,-14.50553,76.0,90
LOND,lond011,Control_202,75.0,P8,5.854337,76.0,90
LOND,lond011,Control_202,75.0,O1,-12.51183,76.0,90
LOND,lond011,Control_202,75.0,O2,-10.38589,76.0,90
LOND,lond011,Control_202,79.0,Pz,-6.847003,68.0,27
LOND,lond011,Control_202,79.0,Cz,-12.69915,68.0,27
LOND,lond011,Control_202,79.0,CP1,7.337987,68.0,27
LOND,lond011,Control_202,79.0,CP2,-5.333281,68.0,27
LOND,lond011,Control_202,79.0,P3,-6.746192,68.0,27
LOND,lond011,Control_202,79.0,P4,-5.979544,68.0,27
LOND,lond011,Control_202,79.0,C3,-0.3193703,68.0,27
LOND,lond011,Control_202,79.0,C4,-11.40584,68.0,27
LOND,lond011,Control_202,79.0,P7,11.78937,68.0,27
LOND,lond011,Control_202,79.0,P8,11.15447,68.0,27
LOND,lond011,Control_202,79.0,O1,10.10561,68.0,27
LOND,lond011,Control_202,79.0,O2,31.4562,68.0,27
LOND,lond011,Violation_201,72.0,Pz,16.87155,66.0,23
LOND,lond011,Violation_201,72.0,Cz,14.44421,66.0,23
LOND,lond011,Violation_201,72.0,CP1,21.31522,66.0,23
LOND,lond011,Violation_201,72.0,CP2,6.128337,66.0,23
LOND,lond011,Violation_201,72.0,P3,3.647972,66.0,23
LOND,lond011,Violation_201,72.0,P4,13.59779,66.0,23
LOND,lond011,Violation_201,72.0,C3,-1.545874,66.0,23
LOND,lond011,Violation_201,72.0,C4,-3.644821,66.0,23
LOND,lond011,Violation_201,72.0,P7,-4.826534,66.0,23
LOND,lond011,Violation_201,72.0,P8,-5.732112,66.0,23
LOND,lond011,Violation_201,72.0,O1,2.592747,66.0,23
LOND,lond011,Violation_201,72.0,O2,-6.386975,66.0,23
LOND,lond011,Control_202,67.0,Pz,-0.8120006,75.0,60
LOND,lond011,Control_202,67.0,Cz,4.215638,75.0,60
LOND,lond011,Control_202,67.0,CP1,7.598721,75.0,60
LOND,lond011,Control_202,67.0,CP2,10.24883,75.0,60
LOND,lond011,Control_202,67.0,P3,1.012089,75.0,60
LOND,lond011,Control_202,67.0,P4,9.94649,75.0,60
LOND,lond011,Control_202,67.0,C3,-0.2235753,75.0,60
LOND,lond011,Control_202,67.0,C4,6.541123,75.0,60
LOND,lond011,Control_202,67.0,P7,-21.08049,75.0,60
LOND,lond011,Control_202,67.0,P8,9.71781,75.0,60
LOND,lond011,Control_202,67.0,O1,-2.812604,75.0,60
LOND,lond011,Control_202,67.0,O2,5.507064,75.0,60
LOND,lond011,Violation_201,76.0,Pz,1.507764,63.0,83
LOND,lond011,Violation_201,76.0,Cz,6.83104,63.0,83
LOND,lond011,Violation_201,76.0,CP1,20.37746,63.0,83
LOND,lond011,Violation_201,76.0,CP2,4.281864,63.0,83
LOND,lond011,Violation_201,76.0,P3,17.68248,63.0,83
LOND,lond011,Violation_201,76.0,P4,10.04212,63.0,83
LOND,lond011,Violation_201,76.0,C3,21.94289,63.0,83
LOND,lond011,Violation_201,76.0,C4,11.64526,63.0,83
LOND,lond011,Violation_201,76.0,P7,20.5122,63.0,83
LOND,lond011,Violation_201,76.0,P8,2.296126,63.0,83
LOND,lond011,Violation_201,76.0,O1,10.24065,63.0,83
LOND,lond011,Violation_201,76.0,O2,-8.140572,63.0,83
LOND,lond011,Control_202,63.0,Pz,-4.790104,65.0,93
LOND,lond011,Control_202,63.0,Cz,2.152948,65.0,93
LOND,lond011,Control_202,63.0,CP1,5.563248,65.0,93
LOND,lond011,Control_202,63.0,CP2,3.864903,65.0,93
LOND,lond011,Control_202,63.0,P3,1.918109,65.0,93
LOND,lond011,Control_202,63.0,P4,-0.1762987,65.0,93
LOND,lond011,Control_202,63.0,C3,6.643737,65.0,93
LOND,lond011,Control_202,63.0,C4,2.724612,65.0,93
LOND,lond011,Control_202,63.0,P7,1.575067,65.0,93
LOND,lond011,Control_202,63.0,P8,2.740781,65.0,93
LOND,lond011,Control_202,63.0,O1,8.809058,65.0,93
LOND,lond011,Control_202,63.0,O2,7.923292,65.0,93
LOND,lond011,Control_202,71.0,Pz,0.5708532,67.0,87
LOND,lond011,Control_202,71.0,Cz,4.142069,67.0,87
LOND,lond011,Control_202,71.0,CP1,3.904727,67.0,87
LOND,lond011,Control_202,71.0,CP2,-2.27616,67.0,87
LOND,lond011,Control_202,71.0,P3,4.578787,67.0,87
LOND,lond011,Control_202,71.0,P4,21.05479,67.0,87
LOND,lond011,Control_202,71.0,C3,-5.065994,67.0,87
LOND,lond011,Control_202,71.0,C4,21.48972,67.0,87
LOND,lond011,Control_202,71.0,P7,-3.24716,67.0,87
LOND,lond011,Control_202,71.0,P8,-12.61022,67.0,87
LOND,lond011,Control_202,71.0,O1,-5.922385,67.0,87
LOND,lond011,Control_202,71.0,O2,-4.790137,67.0,87
LOND,lond011,Violation_201,68.0,Pz,6.068455,69.0,93
LOND,lond011,Violation_201,68.0,Cz,-1.927569,69.0,93
LOND,lond011,Violation_201,68.0,CP1,-4.027254,69.0,93
LOND,lond011,Violation_201,68.0,CP2,-8.284216,69.0,93
LOND,lond011,Violation_201,68.0,P3,4.899762,69.0,93
LOND,lond011,Violation_201,68.0,P4,-6.141325,69.0,93
LOND,lond011,Violation_201,68.0,C3,7.198504,69.0,93
LOND,lond011,Violation_201,68.0,C4,-3.637619,69.0,93
LOND,lond011,Violation_201,68.0,P7,-5.26208,69.0,93
LOND,lond011,Violation_201,68.0,P8,2.919951,69.0,93
LOND,lond011,Violation_201,68.0,O1,3.150249,69.0,93
LOND,lond011,Violation_201,68.0,O2,5.591983,69.0,93
LOND,lond011,Violation_201,64.0,Pz,17.11679,77.0,100
LOND,lond011,Violation_201,64.0,Cz,28.81486,77.0,100
LOND,lond011,Violation_201,64.0,CP1,18.90654,77.0,100
LOND,lond011,Violation_201,64.0,CP2,31.86066,77.0,100
LOND,lond011,Violation_201,64.0,P3,19.13279,77.0,100
LOND,lond011,Violation_201,64.0,P4,25.12472,77.0,100
LOND,lond011,Violation_201,64.0,C3,18.28382,77.0,100
LOND,lond011,Violation_201,64.0,C4,29.1398,77.0,100
LOND,lond011,Violation_201,64.0,P7,3.716696,77.0,100
LOND,lond011,Violation_201,64.0,P8,19.91552,77.0,100
LOND,lond011,Violation_201,64.0,O1,12.10306,77.0,100
LOND,lond011,Violation_201,64.0,O2,17.46964,77.0,100
LOND,lond012,Control_202,9.0,Pz,-6.834748,4.0,93
LOND,lond012,Control_202,9.0,Cz,7.500748,4.0,93
LOND,lond012,Control_202,9.0,CP1,3.622491,4.0,93
LOND,lond012,Control_202,9.0,CP2,6.110749,4.0,93
LOND,lond012,Control_202,9.0,P3,9.350094,4.0,93
LOND,lond012,Control_202,9.0,P4,5.464232,4.0,93
LOND,lond012,Control_202,9.0,C3,-59.50957,4.0,93
LOND,lond012,Control_202,9.0,C4,-3.019948,4.0,93
LOND,lond012,Control_202,9.0,P7,-30.20467,4.0,93
LOND,lond012,Control_202,9.0,P8,13.63543,4.0,93
LOND,lond012,Control_202,9.0,O1,-5.870076,4.0,93
LOND,lond012,Control_202,9.0,O2,-1.188769,4.0,93
LOND,lond012,Violation_201,10.0,Pz,-9.479258,1.0,97
LOND,lond012,Violation_201,10.0,Cz,-19.22991,1.0,97
LOND,lond012,Violation_201,10.0,CP1,-9.531603,1.0,97
LOND,lond012,Violation_201,10.0,CP2,-8.914102,1.0,97
LOND,lond012,Violation_201,10.0,P3,-22.71059,1.0,97
LOND,lond012,Violation_201,10.0,P4,-17.97701,1.0,97
LOND,lond012,Violation_201,10.0,C3,-6.823963,1.0,97
LOND,lond012,Violation_201,10.0,C4,-13.4315,1.0,97
LOND,lond012,Violation_201,10.0,P7,11.34167,1.0,97
LOND,lond012,Violation_201,10.0,P8,-1.18885,1.0,97
LOND,lond012,Violation_201,10.0,O1,-0.7729954,1.0,97
LOND,lond012,Violation_201,10.0,O2,-8.436855,1.0,97
LOND,lond012,Violation_201,14.0,Pz,11.56645,6.0,100
LOND,lond012,Violation_201,14.0,Cz,1.671477,6.0,100
LOND,lond012,Violation_201,14.0,CP1,-4.147972,6.0,100
LOND,lond012,Violation_201,14.0,CP2,-5.851199,6.0,100
LOND,lond012,Violation_201,14.0,P3,6.236733,6.0,100
LOND,lond012,Violation_201,14.0,P4,-2.501026,6.0,100
LOND,lond012,Violation_201,14.0,C3,5.915459,6.0,100
LOND,lond012,Violation_201,14.0,C4,6.028011,6.0,100
LOND,lond012,Violation_201,14.0,P7,14.01961,6.0,100
LOND,lond012,Violation_201,14.0,P8,10.36406,6.0,100
LOND,lond012,Violation_201,14.0,O1,12.57118,6.0,100
LOND,lond012,Violation_201,14.0,O2,0.3237923,6.0,100
LOND,lond012,Control_202,17.0,Pz,12.12338,8.0,97
LOND,lond012,Control_202,17.0,Cz,32.06997,8.0,97
LOND,lond012,Control_202,17.0,CP1,7.336176,8.0,97
LOND,lond012,Control_202,17.0,CP2,9.612483,8.0,97
LOND,lond012,Control_202,17.0,P3,16.22613,8.0,97
LOND,lond012,Control_202,17.0,P4,14.09689,8.0,97
LOND,lond012,Control_202,17.0,C3,20.65855,8.0,97
LOND,lond012,Control_202,17.0,C4,-0.5636136,8.0,97
LOND,lond012,Control_202,17.0,P7,-28.94822,8.0,97
LOND,lond012,Control_202,17.0,P8,22.82926,8.0,97
LOND,lond012,Control_202,17.0,O1,17.73271,8.0,97
LOND,lond012,Control_202,17.0,O2,20.86934,8.0,97
LOND,lond012,Control_202,1.0,Pz,10.5362,9.0,93
LOND,lond012,Control_202,1.0,Cz,-8.124385,9.0,93
LOND,lond012,Control_202,1.0,CP1,10.62721,9.0,93
LOND,lond012,Control_202,1.0,CP2,7.830461,9.0,93
LOND,lond012,Control_202,1.0,P3,24.76802,9.0,93
LOND,lond012,Control_202,1.0,P4,10.6521,9.0,93
LOND,lond012,Control_202,1.0,C3,10.28014,9.0,93
LOND,lond012,Control_202,1.0,C4,3.195154,9.0,93
LOND,lond012,Control_202,1.0,P7,-13.92835,9.0,93
LOND,lond012,Control_202,1.0,P8,14.15143,9.0,93
LOND,lond012,Control_202,1.0,O1,23.09321,9.0,93
LOND,lond012,Control_202,1.0,O2,37.2768,9.0,93
LOND,lond012,Control_202,5.0,Pz,-3.654725,15.0,90
LOND,lond012,Control_202,5.0,Cz,-5.920322,15.0,90
LOND,lond012,Control_202,5.0,CP1,-11.50496,15.0,90
LOND,lond012,Control_202,5.0,CP2,-22.72493,15.0,90
LOND,lond012,Control_202,5.0,P3,-15.04876,15.0,90
LOND,lond012,Control_202,5.0,P4,-14.07856,15.0,90
LOND,lond012,Control_202,5.0,C3,-10.77668,15.0,90
LOND,lond012,Control_202,5.0,C4,-6.366318,15.0,90
LOND,lond012,Control_202,5.0,P7,-17.21219,15.0,90
LOND,lond012,Control_202,5.0,P8,-5.810262,15.0,90
LOND,lond012,Control_202,5.0,O1,-26.43744,15.0,90
LOND,lond012,Control_202,5.0,O2,-11.36728,15.0,90
LOND,lond012,Violation_201,6.0,Pz,12.9561,16.0,93
LOND,lond012,Violation_201,6.0,Cz,0.9230723,16.0,93
LOND,lond012,Violation_201,6.0,CP1,7.019385,16.0,93
LOND,lond012,Violation_201,6.0,CP2,9.947583,16.0,93
LOND,lond012,Violation_201,6.0,P3,12.372,16.0,93
LOND,lond012,Violation_201,6.0,P4,12.01972,16.0,93
LOND,lond012,Violation_201,6.0,C3,16.96467,16.0,93
LOND,lond012,Violation_201,6.0,C4,1.973207,16.0,93
LOND,lond012,Violation_201,6.0,P7,8.938589,16.0,93
LOND,lond012,Violation_201,6.0,P8,29.90241,16.0,93
LOND,lond012,Violation_201,6.0,O1,9.8189,16.0,93
LOND,lond012,Violation_201,6.0,O2,35.06711,16.0,93
LOND,lond012,Control_202,13.0,Pz,15.26818,11.0,87
LOND,lond012,Control_202,13.0,Cz,6.148729,11.0,87
LOND,lond012,Control_202,13.0,CP1,-0.949262,11.0,87
LOND,lond012,Control_202,13.0,CP2,29.49603,11.0,87
LOND,lond012,Control_202,13.0,P3,24.76378,11.0,87
LOND,lond012,Control_202,13.0,P4,21.53333,11.0,87
LOND,lond012,Control_202,13.0,C3,6.025142,11.0,87
LOND,lond012,Control_202,13.0,C4,6.669975,11.0,87
LOND,lond012,Control_202,13.0,P7,-6.491146,11.0,87
LOND,lond012,Control_202,13.0,P8,22.53345,11.0,87
LOND,lond012,Control_202,13.0,O1,19.78878,11.0,87
LOND,lond012,Control_202,13.0,O2,-45.08641,11.0,87
LOND,lond012,Violation_201,18.0,Pz,-5.943757,13.0,97
LOND,lond012,Violation_201,18.0,Cz,-1.562415,13.0,97
LOND,lond012,Violation_201,18.0,CP1,-0.8163114,13.0,97
LOND,lond012,Violation_201,18.0,CP2,3.417808,13.0,97
LOND,lond012,Violation_201,18.0,P3,-11.99931,13.0,97
LOND,lond012,Violation_201,18.0,P4,5.564998,13.0,97
LOND,lond012,Violation_201,18.0,C3,0.4826337,13.0,97
LOND,lond012,Violation_201,18.0,C4,9.113114,13.0,97
LOND,lond012,Violation_201,18.0,P7,46.46895,13.0,97
LOND,lond012,Violation_201,18.0,P8,2.477278,13.0,97
LOND,lond012,Violation_201,18.0,O1,2.362762,13.0,97
LOND,lond012,Violation_201,18.0,O2,-5.291168,13.0,97
LOND,lond012,Violation_201,2.0,Pz,10.51046,19.0,100
LOND,lond012,Violation_201,2.0,Cz,8.455877,19.0,100
LOND,lond012,Violation_201,2.0,CP1,15.17427,19.0,100
LOND,lond012,Violation_201,2.0,CP2,-7.344555,19.0,100
LOND,lond012,Violation_201,2.0,P3,15.73881,19.0,100
LOND,lond012,Violation_201,2.0,P4,16.91602,19.0,100
LOND,lond012,Violation_201,2.0,C3,19.79796,19.0,100
LOND,lond012,Violation_201,2.0,C4,14.43472,19.0,100
LOND,lond012,Violation_201,2.0,P7,17.86061,19.0,100
LOND,lond012,Violation_201,2.0,P8,-5.184029,19.0,100
LOND,lond012,Violation_201,2.0,O1,32.03445,19.0,100
LOND,lond012,Violation_201,2.0,O2,16.26678,19.0,100
LOND,lond012,Violation_201,29.0,Pz,4.46515,30.0,90
LOND,lond012,Violation_201,29.0,Cz,4.432093,30.0,90
LOND,lond012,Violation_201,29.0,CP1,4.421465,30.0,90
LOND,lond012,Violation_201,29.0,CP2,-10.4594,30.0,90
LOND,lond012,Violation_201,29.0,P3,3.666894,30.0,90
LOND,lond012,Violation_201,29.0,P4,3.535456,30.0,90
LOND,lond012,Violation_201,29.0,C3,1.810256,30.0,90
LOND,lond012,Violation_201,29.0,C4,-1.158338,30.0,90
LOND,lond012,Violation_201,29.0,P7,4.263418,30.0,90
LOND,lond012,Violation_201,29.0,P8,3.365685,30.0,90
LOND,lond012,Violation_201,29.0,O1,11.94186,30.0,90
LOND,lond012,Violation_201,29.0,O2,-5.151509,30.0,90
LOND,lond012,Violation_201,38.0,Pz,0.7214978,25.0,97
LOND,lond012,Violation_201,38.0,Cz,-3.233315,25.0,97
LOND,lond012,Violation_201,38.0,CP1,-9.350875,25.0,97
LOND,lond012,Violation_201,38.0,CP2,-22.67264,25.0,97
LOND,lond012,Violation_201,38.0,P3,-3.61724,25.0,97
LOND,lond012,Violation_201,38.0,P4,-3.092866,25.0,97
LOND,lond012,Violation_201,38.0,C3,-18.75224,25.0,97
LOND,lond012,Violation_201,38.0,C4,-15.37289,25.0,97
LOND,lond012,Violation_201,38.0,P7,-0.9366652,25.0,97
LOND,lond012,Violation_201,38.0,P8,5.987192,25.0,97
LOND,lond012,Violation_201,38.0,O1,-12.39412,25.0,97
LOND,lond012,Violation_201,38.0,O2,-8.380647,25.0,97
LOND,lond012,Violation_201,34.0,Pz,15.6987,39.0,97
LOND,lond012,Violation_201,34.0,Cz,6.167312,39.0,97
LOND,lond012,Violation_201,34.0,CP1,11.31949,39.0,97
LOND,lond012,Violation_201,34.0,CP2,15.6318,39.0,97
LOND,lond012,Violation_201,34.0,P3,10.84234,39.0,97
LOND,lond012,Violation_201,34.0,P4,26.20029,39.0,97
LOND,lond012,Violation_201,34.0,C3,18.03715,39.0,97
LOND,lond012,Violation_201,34.0,C4,11.50521,39.0,97
LOND,lond012,Violation_201,34.0,P7,-6.51273,39.0,97
LOND,lond012,Violation_201,34.0,P8,11.77367,39.0,97
LOND,lond012,Violation_201,34.0,O1,-5.714799,39.0,97
LOND,lond012,Violation_201,34.0,O2,42.1468,39.0,97
LOND,lond012,Violation_201,30.0,Pz,13.03919,21.0,77
LOND,lond012,Violation_201,30.0,Cz,14.33314,21.0,77
LOND,lond012,Violation_201,30.0,CP1,11.65234,21.0,77
LOND,lond012,Violation_201,30.0,CP2,19.65903,21.0,77
LOND,lond012,Violation_201,30.0,P3,-1.918854,21.0,77
LOND,lond012,Violation_201,30.0,P4,-0.42802,21.0,77
LOND,lond012,Violation_201,30.0,C3,40.85969,21.0,77
LOND,lond012,Violation_201,30.0,C4,18.00095,21.0,77
LOND,lond012,Violation_201,30.0,P7,13.04634,21.0,77
LOND,lond012,Violation_201,30.0,P8,11.60361,21.0,77
LOND,lond012,Violation_201,30.0,O1,11.47135,21.0,77
LOND,lond012,Violation_201,30.0,O2,11.62611,21.0,77
LOND,lond012,Control_202,21.0,Pz,-0.6186739,29.0,90
LOND,lond012,Control_202,21.0,Cz,3.924412,29.0,90
LOND,lond012,Control_202,21.0,CP1,1.014089,29.0,90
LOND,lond012,Control_202,21.0,CP2,11.50327,29.0,90
LOND,lond012,Control_202,21.0,P3,-1.732874,29.0,90
LOND,lond012,Control_202,21.0,P4,2.42239,29.0,90
LOND,lond012,Control_202,21.0,C3,2.164738,29.0,90
LOND,lond012,Control_202,21.0,C4,-2.927848,29.0,90
LOND,lond012,Control_202,21.0,P7,39.64291,29.0,90
LOND,lond012,Control_202,21.0,P8,-7.036015,29.0,90
LOND,lond012,Control_202,21.0,O1,9.80045,29.0,90
LOND,lond012,Control_202,21.0,O2,-10.68854,29.0,90
LOND,lond012,Violation_201,26.0,Pz,-1.860301,38.0,93
LOND,lond012,Violation_201,26.0,Cz,4.404744,38.0,93
LOND,lond012,Violation_201,26.0,CP1,-3.617649,38.0,93
LOND,lond012,Violation_201,26.0,CP2,-3.789729,38.0,93
LOND,lond012,Violation_201,26.0,P3,10.82965,38.0,93
LOND,lond012,Violation_201,26.0,P4,2.709642,38.0,93
LOND,lond012,Violation_201,26.0,C3,2.736421,38.0,93
LOND,lond012,Violation_201,26.0,C4,4.399776,38.0,93
LOND,lond012,Violation_201,26.0,P7,3.107336,38.0,93
LOND,lond012,Violation_201,26.0,P8,4.274658,38.0,93
LOND,lond012,Violation_201,26.0,O1,5.667387,38.0,93
LOND,lond012,Violation_201,26.0,O2,24.75003,38.0,93
LOND,lond012,Control_202,37.0,Pz,-4.810719,37.0,80
LOND,lond012,Control_202,37.0,Cz,6.740375,37.0,80
LOND,lond012,Control_202,37.0,CP1,-10.78,37.0,80
LOND,lond012,Control_202,37.0,CP2,-4.27039,37.0,80
LOND,lond012,Control_202,37.0,P3,6.805905,37.0,80
LOND,lond012,Control_202,37.0,P4,-4.552053,37.0,80
LOND,lond012,Control_202,37.0,C3,6.395013,37.0,80
LOND,lond012,Control_202,37.0,C4,6.942926,37.0,80
LOND,lond012,Control_202,37.0,P7,-9.486201,37.0,80
LOND,lond012,Control_202,37.0,P8,-1.811706,37.0,80
LOND,lond012,Control_202,37.0,O1,3.045758,37.0,80
LOND,lond012,Control_202,37.0,O2,-0.4908933,37.0,80
LOND,lond012,Control_202,25.0,Pz,-13.30813,24.0,93
LOND,lond012,Control_202,25.0,Cz,14.01939,24.0,93
LOND,lond012,Control_202,25.0,CP1,4.982948,24.0,93
LOND,lond012,Control_202,25.0,CP2,-21.93323,24.0,93
LOND,lond012,Control_202,25.0,P3,-15.01972,24.0,93
LOND,lond012,Control_202,25.0,P4,-0.3474174,24.0,93
LOND,lond012,Control_202,25.0,C3,9.150878,24.0,93
LOND,lond012,Control_202,25.0,C4,6.583618,24.0,93
LOND,lond012,Control_202,25.0,P7,-5.996629,24.0,93
LOND,lond012,Control_202,25.0,P8,-13.60937,24.0,93
LOND,lond012,Control_202,25.0,O1,-0.1292961,24.0,93
LOND,lond012,Control_202,25.0,O2,-10.75085,24.0,93
LOND,lond012,Control_202,33.0,Pz,-10.64045,23.0,93
LOND,lond012,Control_202,33.0,Cz,2.465704,23.0,93
LOND,lond012,Control_202,33.0,CP1,7.085838,23.0,93
LOND,lond012,Control_202,33.0,CP2,17.86596,23.0,93
LOND,lond012,Control_202,33.0,P3,10.17929,23.0,93
LOND,lond012,Control_202,33.0,P4,22.87929,23.0,93
LOND,lond012,Control_202,33.0,C3,18.91446,23.0,93
LOND,lond012,Control_202,33.0,C4,5.018405,23.0,93
LOND,lond012,Control_202,33.0,P7,5.673674,23.0,93
LOND,lond012,Control_202,33.0,P8,30.26694,23.0,93
LOND,lond012,Control_202,33.0,O1,18.86327,23.0,93
LOND,lond012,Control_202,33.0,O2,35.09366,23.0,93
LOND,lond012,Violation_201,54.0,Pz,0.4937462,42.0,37
LOND,lond012,Violation_201,54.0,Cz,2.52551,42.0,37
LOND,lond012,Violation_201,54.0,CP1,-1.862833,42.0,37
LOND,lond012,Violation_201,54.0,CP2,-6.465249,42.0,37
LOND,lond012,Violation_201,54.0,P3,-1.319468,42.0,37
LOND,lond012,Violation_201,54.0,P4,1.873913,42.0,37
LOND,lond012,Violation_201,54.0,C3,7.643437,42.0,37
LOND,lond012,Violation_201,54.0,C4,-11.1148,42.0,37
LOND,lond012,Violation_201,54.0,P7,11.66383,42.0,37
LOND,lond012,Violation_201,54.0,P8,-5.649217,42.0,37
LOND,lond012,Violation_201,54.0,O1,4.502322,42.0,37
LOND,lond012,Violation_201,54.0,O2,-7.496116,42.0,37
LOND,lond012,Violation_201,50.0,Pz,-7.293171,52.0,87
LOND,lond012,Violation_201,50.0,Cz,-8.536089,52.0,87
LOND,lond012,Violation_201,50.0,CP1,-18.09187,52.0,87
LOND,lond012,Violation_201,50.0,CP2,-32.16711,52.0,87
LOND,lond012,Violation_201,50.0,P3,-20.20424,52.0,87
LOND,lond012,Violation_201,50.0,P4,-6.64854,52.0,87
LOND,lond012,Violation_201,50.0,C3,-14.04989,52.0,87
LOND,lond012,Violation_201,50.0,C4,-15.32505,52.0,87
LOND,lond012,Violation_201,50.0,P7,-4.008967,52.0,87
LOND,lond012,Violation_201,50.0,P8,-4.389933,52.0,87
LOND,lond012,Violation_201,50.0,O1,-4.48186,52.0,87
LOND,lond012,Violation_201,50.0,O2,2.161081,52.0,87
LOND,lond012,Control_202,45.0,Pz,-23.05781,50.0,37
LOND,lond012,Control_202,45.0,Cz,-22.44442,50.0,37
LOND,lond012,Control_202,45.0,CP1,-3.270746,50.0,37
LOND,lond012,Control_202,45.0,CP2,-7.919799,50.0,37
LOND,lond012,Control_202,45.0,P3,-23.62426,50.0,37
LOND,lond012,Control_202,45.0,P4,-13.80978,50.0,37
LOND,lond012,Control_202,45.0,C3,-9.837619,50.0,37
LOND,lond012,Control_202,45.0,C4,1.427867,50.0,37
LOND,lond012,Control_202,45.0,P7,-17.66741,50.0,37
LOND,lond012,Control_202,45.0,P8,-5.693095,50.0,37
LOND,lond012,Control_202,45.0,O1,-5.413095,50.0,37
LOND,lond012,Control_202,45.0,O2,-46.89323,50.0,37
LOND,lond012,Control_202,49.0,Pz,-0.3924138,43.0,93
LOND,lond012,Control_202,49.0,Cz,0.90152,43.0,93
LOND,lond012,Control_202,49.0,CP1,1.083176,43.0,93
LOND,lond012,Control_202,49.0,CP2,15.42923,43.0,93
LOND,lond012,Control_202,49.0,P3,22.5605,43.0,93
LOND,lond012,Control_202,49.0,P4,19.48665,43.0,93
LOND,lond012,Control_202,49.0,C3,18.50179,43.0,93
LOND,lond012,Control_202,49.0,C4,12.00572,43.0,93
LOND,lond012,Control_202,49.0,P7,5.717909,43.0,93
LOND,lond012,Control_202,49.0,P8,12.31564,43.0,93
LOND,lond012,Control_202,49.0,O1,11.7966,43.0,93
LOND,lond012,Control_202,49.0,O2,-71.66633,43.0,93
LOND,lond012,Violation_201,42.0,Pz,-14.75245,51.0,90
LOND,lond012,Violation_201,42.0,Cz,-14.09003,51.0,90
LOND,lond012,Violation_201,42.0,CP1,-3.983127,51.0,90
LOND,lond012,Violation_201,42.0,CP2,-12.28816,51.0,90
LOND,lond012,Violation_201,42.0,P3,-13.75923,51.0,90
LOND,lond012,Violation_201,42.0,P4,-5.120193,51.0,90
LOND,lond012,Violation_201,42.0,C3,-4.803069,51.0,90
LOND,lond012,Violation_201,42.0,C4,-6.252457,51.0,90
LOND,lond012,Violation_201,42.0,P7,21.19607,51.0,90
LOND,lond012,Violation_201,42.0,P8,-6.218433,51.0,90
LOND,lond012,Violation_201,42.0,O1,-4.595856,51.0,90
LOND,lond012,Violation_201,42.0,O2,-23.5963,51.0,90
LOND,lond012,Control_202,41.0,Pz,-22.69786,54.0,77
LOND,lond012,Control_202,41.0,Cz,-25.66786,54.0,77
LOND,lond012,Control_202,41.0,CP1,-38.64532,54.0,77
LOND,lond012,Control_202,41.0,CP2,-15.27316,54.0,77
LOND,lond012,Control_202,41.0,P3,-2.336807,54.0,77
LOND,lond012,Control_202,41.0,P4,-20.35861,54.0,77
LOND,lond012,Control_202,41.0,C3,-14.49919,54.0,77
LOND,lond012,Control_202,41.0,C4,2.72603,54.0,77
LOND,lond012,Control_202,41.0,P7,-25.3345,54.0,77
LOND,lond012,Control_202,41.0,P8,-16.60961,54.0,77
LOND,lond012,Control_202,41.0,O1,-8.620941,54.0,77
LOND,lond012,Control_202,41.0,O2,50.8073,54.0,77
LOND,lond012,Violation_201,46.0,Pz,0.9928414,45.0,67
LOND,lond012,Violation_201,46.0,Cz,16.68998,45.0,67
LOND,lond012,Violation_201,46.0,CP1,-3.095731,45.0,67
LOND,lond012,Violation_201,46.0,CP2,16.71159,45.0,67
LOND,lond012,Violation_201,46.0,P3,1.185213,45.0,67
LOND,lond012,Violation_201,46.0,P4,-2.040068,45.0,67
LOND,lond012,Violation_201,46.0,C3,-3.384107,45.0,67
LOND,lond012,Violation_201,46.0,C4,-6.329582,45.0,67
LOND,lond012,Violation_201,46.0,P7,10.51336,45.0,67
LOND,lond012,Violation_201,46.0,P8,6.486489,45.0,67
LOND,lond012,Violation_201,46.0,O1,-6.074151,45.0,67
LOND,lond012,Violation_201,46.0,O2,-10.71111,45.0,67
LOND,lond012,Violation_201,74.0,Pz,-11.43841,61.0,34
LOND,lond012,Violation_201,74.0,Cz,7.08805,61.0,34
LOND,lond012,Violation_201,74.0,CP1,-10.44247,61.0,34
LOND,lond012,Violation_201,74.0,CP2,-14.69543,61.0,34
LOND,lond012,Violation_201,74.0,P3,-21.69492,61.0,34
LOND,lond012,Violation_201,74.0,P4,-16.26845,61.0,34
LOND,lond012,Violation_201,74.0,C3,-3.616663,61.0,34
LOND,lond012,Violation_201,74.0,C4,-5.19002,61.0,34
LOND,lond012,Violation_201,74.0,P7,-17.76331,61.0,34
LOND,lond012,Violation_201,74.0,P8,-15.33967,61.0,34
LOND,lond012,Violation_201,74.0,O1,-17.53219,61.0,34
LOND,lond012,Violation_201,74.0,O2,-35.25351,61.0,34
LOND,lond012,Violation_201,78.0,Pz,21.48464,80.0,97
LOND,lond012,Violation_201,78.0,Cz,17.66107,80.0,97
LOND,lond012,Violation_201,78.0,CP1,14.00453,80.0,97
LOND,lond012,Violation_201,78.0,CP2,12.96732,80.0,97
LOND,lond012,Violation_201,78.0,P3,24.08953,80.0,97
LOND,lond012,Violation_201,78.0,P4,8.101274,80.0,97
LOND,lond012,Violation_201,78.0,C3,18.46059,80.0,97
LOND,lond012,Violation_201,78.0,C4,14.53415,80.0,97
LOND,lond012,Violation_201,78.0,P7,-9.730737,80.0,97
LOND,lond012,Violation_201,78.0,P8,-1.106314,80.0,97
LOND,lond012,Violation_201,78.0,O1,13.49685,80.0,97
LOND,lond012,Violation_201,78.0,O2,53.87693,80.0,97
LOND,lond012,Violation_201,62.0,Pz,-12.49797,76.0,90
LOND,lond012,Violation_201,62.0,Cz,-24.09788,76.0,90
LOND,lond012,Violation_201,62.0,CP1,-11.55141,76.0,90
LOND,lond012,Violation_201,62.0,CP2,-8.910592,76.0,90
LOND,lond012,Violation_201,62.0,P3,-5.934694,76.0,90
LOND,lond012,Violation_201,62.0,P4,-23.57692,76.0,90
LOND,lond012,Violation_201,62.0,C3,-12.76924,76.0,90
LOND,lond012,Violation_201,62.0,C4,5.139654,76.0,90
LOND,lond012,Violation_201,62.0,P7,4.649038,76.0,90
LOND,lond012,Violation_201,62.0,P8,-8.285185,76.0,90
LOND,lond012,Violation_201,62.0,O1,-14.50727,76.0,90
LOND,lond012,Violation_201,62.0,O2,2.339208,76.0,90
LOND,lond012,Control_202,65.0,Pz,-3.927181,68.0,27
LOND,lond012,Control_202,65.0,Cz,1.643935,68.0,27
LOND,lond012,Control_202,65.0,CP1,-8.805516,68.0,27
LOND,lond012,Control_202,65.0,CP2,-2.439256,68.0,27
LOND,lond012,Control_202,65.0,P3,1.255364,68.0,27
LOND,lond012,Control_202,65.0,P4,-15.85541,68.0,27
LOND,lond012,Control_202,65.0,C3,0.2216582,68.0,27
LOND,lond012,Control_202,65.0,C4,0.5620316,68.0,27
LOND,lond012,Control_202,65.0,P7,-2.554997,68.0,27
LOND,lond012,Control_202,65.0,P8,-13.49873,68.0,27
LOND,lond012,Control_202,65.0,O1,-13.23205,68.0,27
LOND,lond012,Control_202,65.0,O2,-11.34982,68.0,27
LOND,lond012,Control_202,73.0,Pz,24.01507,66.0,23
LOND,lond012,Control_202,73.0,Cz,19.51972,66.0,23
LOND,lond012,Control_202,73.0,CP1,18.36831,66.0,23
LOND,lond012,Control_202,73.0,CP2,30.18893,66.0,23
LOND,lond012,Control_202,73.0,P3,26.31079,66.0,23
LOND,lond012,Control_202,73.0,P4,27.88605,66.0,23
LOND,lond012,Control_202,73.0,C3,36.35485,66.0,23
LOND,lond012,Control_202,73.0,C4,9.726113,66.0,23
LOND,lond012,Control_202,73.0,P7,35.16718,66.0,23
LOND,lond012,Control_202,73.0,P8,25.89081,66.0,23
LOND,lond012,Control_202,73.0,O1,17.57974,66.0,23
LOND,lond012,Control_202,73.0,O2,31.31228,66.0,23
LOND,lond012,Control_202,77.0,Pz,-2.251131,69.0,93
LOND,lond012,Control_202,77.0,Cz,11.20029,69.0,93
LOND,lond012,Control_202,77.0,CP1,-5.358059,69.0,93
LOND,lond012,Control_202,77.0,CP2,-0.8815712,69.0,93
LOND,lond012,Control_202,77.0,P3,-1.933822,69.0,93
LOND,lond012,Control_202,77.0,P4,-6.101728,69.0,93
LOND,lond012,Control_202,77.0,C3,-4.522464,69.0,93
LOND,lond012,Control_202,77.0,C4,-11.5381,69.0,93
LOND,lond012,Control_202,77.0,P7,-10.8949,69.0,93
LOND,lond012,Control_202,77.0,P8,-26.30286,69.0,93
LOND,lond012,Control_202,77.0,O1,-21.00529,69.0,93
LOND,lond012,Control_202,77.0,O2,-46.73463,69.0,93
LOND,lond012,Violation_201,66.0,Pz,12.8038,62.0,70
LOND,lond012,Violation_201,66.0,Cz,9.863524,62.0,70
LOND,lond012,Violation_201,66.0,CP1,-5.806095,62.0,70
LOND,lond012,Violation_201,66.0,CP2,-17.89107,62.0,70
LOND,lond012,Violation_201,66.0,P3,5.141646,62.0,70
LOND,lond012,Violation_201,66.0,P4,-0.2611555,62.0,70
LOND,lond012,Violation_201,66.0,C3,-6.400296,62.0,70
LOND,lond012,Violation_201,66.0,C4,-5.260049,62.0,70
LOND,lond012,Violation_201,66.0,P7,-57.89645,62.0,70
LOND,lond012,Violation_201,66.0,P8,0.9745918,62.0,70
LOND,lond012,Violation_201,66.0,O1,-5.216195,62.0,70
LOND,lond012,Violation_201,66.0,O2,35.8524,62.0,70
LOND,lond012,Control_202,61.0,Pz,-4.502519,74.0,93
LOND,lond012,Control_202,61.0,Cz,10.34876,74.0,93
LOND,lond012,Control_202,61.0,CP1,-1.218569,74.0,93
LOND,lond012,Control_202,61.0,CP2,-3.901049,74.0,93
LOND,lond012,Control_202,61.0,P3,9.026016,74.0,93
LOND,lond012,Control_202,61.0,P4,6.307441,74.0,93
LOND,lond012,Control_202,61.0,C3,4.076494,74.0,93
LOND,lond012,Control_202,61.0,C4,-10.52397,74.0,93
LOND,lond012,Control_202,61.0,P7,-10.1148,74.0,93
LOND,lond012,Control_202,61.0,P8,11.53063,74.0,93
LOND,lond012,Control_202,61.0,O1,8.186327,74.0,93
LOND,lond012,Control_202,61.0,O2,-17.86181,74.0,93
LOND,lond012,Control_202,69.0,Pz,-1.591061,73.0,80
LOND,lond012,Control_202,69.0,Cz,-20.43896,73.0,80
LOND,lond012,Control_202,69.0,CP1,-19.04377,73.0,80
LOND,lond012,Control_202,69.0,CP2,-9.438855,73.0,80
LOND,lond012,Control_202,69.0,P3,-2.396983,73.0,80
LOND,lond012,Control_202,69.0,P4,-15.28756,73.0,80
LOND,lond012,Control_202,69.0,C3,-7.261078,73.0,80
LOND,lond012,Control_202,69.0,C4,-16.24489,73.0,80
LOND,lond012,Control_202,69.0,P7,1.498424,73.0,80
LOND,lond012,Control_202,69.0,P8,-5.937776,73.0,80
LOND,lond012,Control_202,69.0,O1,-1.549672,73.0,80
LOND,lond012,Control_202,69.0,O2,20.36701,73.0,80
LOND,lond012,Violation_201,70.0,Pz,-10.71877,64.0,50
LOND,lond012,Violation_201,70.0,Cz,-9.484097,64.0,50
LOND,lond012,Violation_201,70.0,CP1,-7.274701,64.0,50
LOND,lond012,Violation_201,70.0,CP2,37.42407,64.0,50
LOND,lond012,Violation_201,70.0,P3,-20.55287,64.0,50
LOND,lond012,Violation_201,70.0,P4,-3.919685,64.0,50
LOND,lond012,Violation_201,70.0,C3,-6.02353,64.0,50
LOND,lond012,Violation_201,70.0,C4,-24.91736,64.0,50
LOND,lond012,Violation_201,70.0,P7,-5.510745,64.0,50
LOND,lond012,Violation_201,70.0,P8,6.3873,64.0,50
LOND,lond012,Violation_201,70.0,O1,-1.101833,64.0,50
LOND,lond012,Violation_201,70.0,O2,16.3712,64.0,50
LOND,lond013,Control_202,3.0,Pz,-5.832556,16.0,93
LOND,lond013,Control_202,3.0,Cz,-11.30747,16.0,93
LOND,lond013,Control_202,3.0,CP1,-19.14563,16.0,93
LOND,lond013,Control_202,3.0,CP2,-17.33445,16.0,93
LOND,lond013,Control_202,3.0,P3,-3.771963,16.0,93
LOND,lond013,Control_202,3.0,P4,-10.07317,16.0,93
LOND,lond013,Control_202,3.0,C3,-12.92542,16.0,93
LOND,lond013,Control_202,3.0,C4,-22.66501,16.0,93
LOND,lond013,Control_202,3.0,P7,-0.6177264,16.0,93
LOND,lond013,Control_202,3.0,P8,-6.472801,16.0,93
LOND,lond013,Control_202,3.0,O1,37.63315,16.0,93
LOND,lond013,Control_202,3.0,O2,-1.715408,16.0,93
LOND,lond013,Violation_201,16.0,Pz,41.69222,2.0,100
LOND,lond013,Violation_201,16.0,Cz,29.06043,2.0,100
LOND,lond013,Violation_201,16.0,CP1,18.94975,2.0,100
LOND,lond013,Violation_201,16.0,CP2,30.0377,2.0,100
LOND,lond013,Violation_201,16.0,P3,44.99723,2.0,100
LOND,lond013,Violation_201,16.0,P4,42.06959,2.0,100
LOND,lond013,Violation_201,16.0,C3,23.3761,2.0,100
LOND,lond013,Violation_201,16.0,C4,31.7143,2.0,100
LOND,lond013,Violation_201,16.0,P7,34.87748,2.0,100
LOND,lond013,Violation_201,16.0,P8,41.39635,2.0,100
LOND,lond013,Violation_201,16.0,O1,36.56963,2.0,100
LOND,lond013,Violation_201,16.0,O2,37.98645,2.0,100
LOND,lond013,Violation_201,12.0,Pz,-10.44336,9.0,93
LOND,lond013,Violation_201,12.0,Cz,-10.953,9.0,93
LOND,lond013,Violation_201,12.0,CP1,1.380749,9.0,93
LOND,lond013,Violation_201,12.0,CP2,12.568,9.0,93
LOND,lond013,Violation_201,12.0,P3,-15.63845,9.0,93
LOND,lond013,Violation_201,12.0,P4,-5.229938,9.0,93
LOND,lond013,Violation_201,12.0,C3,-6.544613,9.0,93
LOND,lond013,Violation_201,12.0,C4,-6.348497,9.0,93
LOND,lond013,Violation_201,12.0,P7,-9.722969,9.0,93
LOND,lond013,Violation_201,12.0,P8,-2.963378,9.0,93
LOND,lond013,Violation_201,12.0,O1,-25.52932,9.0,93
LOND,lond013,Violation_201,12.0,O2,-9.05258,9.0,93
LOND,lond013,Control_202,15.0,Pz,-9.886185,1.0,97
LOND,lond013,Control_202,15.0,Cz,-1.135043,1.0,97
LOND,lond013,Control_202,15.0,CP1,-4.98704,1.0,97
LOND,lond013,Control_202,15.0,CP2,5.153769,1.0,97
LOND,lond013,Control_202,15.0,P3,-3.723476,1.0,97
LOND,lond013,Control_202,15.0,P4,-8.264287,1.0,97
LOND,lond013,Control_202,15.0,C3,-5.9424,1.0,97
LOND,lond013,Control_202,15.0,C4,-0.9054735,1.0,97
LOND,lond013,Control_202,15.0,P7,11.71568,1.0,97
LOND,lond013,Control_202,15.0,P8,2.520648,1.0,97
LOND,lond013,Control_202,15.0,O1,10.46673,1.0,97
LOND,lond013,Control_202,15.0,O2,4.804147,1.0,97
LOND,lond013,Violation_201,4.0,Pz,31.38184,12.0,100
LOND,lond013,Violation_201,4.0,Cz,-6.299117,12.0,100
LOND,lond013,Violation_201,4.0,CP1,15.87728,12.0,100
LOND,lond013,Violation_201,4.0,CP2,3.462586,12.0,100
LOND,lond013,Violation_201,4.0,P3,32.42592,12.0,100
LOND,lond013,Violation_201,4.0,P4,38.44721,12.0,100
LOND,lond013,Violation_201,4.0,C3,6.066206,12.0,100
LOND,lond013,Violation_201,4.0,C4,21.08343,12.0,100
LOND,lond013,Violation_201,4.0,P7,15.13401,12.0,100
LOND,lond013,Violation_201,4.0,P8,20.67019,12.0,100
LOND,lond013,Violation_201,4.0,O1,20.51162,12.0,100
LOND,lond013,Violation_201,4.0,O2,27.03557,12.0,100
LOND,lond013,Control_202,7.0,Pz,-14.36646,4.0,93
LOND,lond013,Control_202,7.0,Cz,9.728779,4.0,93
LOND,lond013,Control_202,7.0,CP1,-19.26143,4.0,93
LOND,lond013,Control_202,7.0,CP2,-8.437062,4.0,93
LOND,lond013,Control_202,7.0,P3,-20.10517,4.0,93
LOND,lond013,Control_202,7.0,P4,-23.41568,4.0,93
LOND,lond013,Control_202,7.0,C3,-6.242049,4.0,93
LOND,lond013,Control_202,7.0,C4,-5.461834,4.0,93
LOND,lond013,Control_202,7.0,P7,-16.26192,4.0,93
LOND,lond013,Control_202,7.0,P8,-10.72414,4.0,93
LOND,lond013,Control_202,7.0,O1,4.221765,4.0,93
LOND,lond013,Control_202,7.0,O2,-5.809761,4.0,93
LOND,lond013,Control_202,11.0,Pz,13.99743,18.0,87
LOND,lond013,Control_202,11.0,Cz,18.85792,18.0,87
LOND,lond013,Control_202,11.0,CP1,32.85937,18.0,87
LOND,lond013,Control_202,11.0,CP2,17.58787,18.0,87
LOND,lond013,Control_202,11.0,P3,7.032507,18.0,87
LOND,lond013,Control_202,11.0,P4,11.33497,18.0,87
LOND,lond013,Control_202,11.0,C3,30.44994,18.0,87
LOND,lond013,Control_202,11.0,C4,24.58802,18.0,87
LOND,lond013,Control_202,11.0,P7,14.81775,18.0,87
LOND,lond013,Control_202,11.0,P8,-8.15673,18.0,87
LOND,lond013,Control_202,11.0,O1,-15.45624,18.0,87
LOND,lond013,Control_202,11.0,O2,-7.208159,18.0,87
LOND,lond013,Control_202,19.0,Pz,28.17152,20.0,90
LOND,lond013,Control_202,19.0,Cz,7.672081,20.0,90
LOND,lond013,Control_202,19.0,CP1,20.41128,20.0,90
LOND,lond013,Control_202,19.0,CP2,13.19134,20.0,90
LOND,lond013,Control_202,19.0,P3,4.516191,20.0,90
LOND,lond013,Control_202,19.0,P4,11.37048,20.0,90
LOND,lond013,Control_202,19.0,C3,12.8105,20.0,90
LOND,lond013,Control_202,19.0,C4,8.501183,20.0,90
LOND,lond013,Control_202,19.0,P7,3.037862,20.0,90
LOND,lond013,Control_202,19.0,P8,0.52691,20.0,90
LOND,lond013,Control_202,19.0,O1,30.77281,20.0,90
LOND,lond013,Control_202,19.0,O2,-2.199799,20.0,90
LOND,lond013,Violation_201,20.0,Pz,22.73363,8.0,97
LOND,lond013,Violation_201,20.0,Cz,26.28169,8.0,97
LOND,lond013,Violation_201,20.0,CP1,15.01442,8.0,97
LOND,lond013,Violation_201,20.0,CP2,1.954963,8.0,97
LOND,lond013,Violation_201,20.0,P3,10.06187,8.0,97
LOND,lond013,Violation_201,20.0,P4,11.81836,8.0,97
LOND,lond013,Violation_201,20.0,C3,10.48519,8.0,97
LOND,lond013,Violation_201,20.0,C4,9.946781,8.0,97
LOND,lond013,Violation_201,20.0,P7,4.66045,8.0,97
LOND,lond013,Violation_201,20.0,P8,6.670265,8.0,97
LOND,lond013,Violation_201,20.0,O1,7.318069,8.0,97
LOND,lond013,Violation_201,20.0,O2,10.44187,8.0,97
LOND,lond013,Violation_201,8.0,Pz,12.64296,7.0,80
LOND,lond013,Violation_201,8.0,Cz,7.994566,7.0,80
LOND,lond013,Violation_201,8.0,CP1,27.38858,7.0,80
LOND,lond013,Violation_201,8.0,CP2,21.92075,7.0,80
LOND,lond013,Violation_201,8.0,P3,24.65638,7.0,80
LOND,lond013,Violation_201,8.0,P4,25.66987,7.0,80
LOND,lond013,Violation_201,8.0,C3,15.16303,7.0,80
LOND,lond013,Violation_201,8.0,C4,23.1613,7.0,80
LOND,lond013,Violation_201,8.0,P7,13.01209,7.0,80
LOND,lond013,Violation_201,8.0,P8,4.800922,7.0,80
LOND,lond013,Violation_201,8.0,O1,25.29133,7.0,80
LOND,lond013,Violation_201,8.0,O2,6.793012,7.0,80
LOND,lond013,Violation_201,24.0,Pz,15.92343,29.0,90
LOND,lond013,Violation_201,24.0,Cz,15.95289,29.0,90
LOND,lond013,Violation_201,24.0,CP1,18.09355,29.0,90
LOND,lond013,Violation_201,24.0,CP2,16.7121,29.0,90
LOND,lond013,Violation_201,24.0,P3,6.783002,29.0,90
LOND,lond013,Violation_201,24.0,P4,8.95846,29.0,90
LOND,lond013,Violation_201,24.0,C3,23.79973,29.0,90
LOND,lond013,Violation_201,24.0,C4,8.480476,29.0,90
LOND,lond013,Violation_201,24.0,P7,15.41422,29.0,90
LOND,lond013,Violation_201,24.0,P8,18.01287,29.0,90
LOND,lond013,Violation_201,24.0,O1,4.16345,29.0,90
LOND,lond013,Violation_201,24.0,O2,15.6091,29.0,90
LOND,lond013,Control_202,31.0,Pz,-21.78297,39.0,97
LOND,lond013,Control_202,31.0,Cz,-14.66589,39.0,97
LOND,lond013,Control_202,31.0,CP1,-24.18666,39.0,97
LOND,lond013,Control_202,31.0,CP2,-36.0013,39.0,97
LOND,lond013,Control_202,31.0,P3,-19.03949,39.0,97
LOND,lond013,Control_202,31.0,P4,-37.92484,39.0,97
LOND,lond013,Control_202,31.0,C3,-19.97138,39.0,97
LOND,lond013,Control_202,31.0,C4,-21.1326,39.0,97
LOND,lond013,Control_202,31.0,P7,-15.58566,39.0,97
LOND,lond013,Control_202,31.0,P8,-20.82699,39.0,97
LOND,lond013,Control_202,31.0,O1,-22.44297,39.0,97
LOND,lond013,Control_202,31.0,O2,-21.16188,39.0,97
LOND,lond013,Control_202,35.0,Pz,8.449819,23.0,93
LOND,lond013,Control_202,35.0,Cz,7.884244,23.0,93
LOND,lond013,Control_202,35.0,CP1,14.56264,23.0,93
LOND,lond013,Control_202,35.0,CP2,11.48023,23.0,93
LOND,lond013,Control_202,35.0,P3,1.939081,23.0,93
LOND,lond013,Control_202,35.0,P4,6.256639,23.0,93
LOND,lond013,Control_202,35.0,C3,13.03728,23.0,93
LOND,lond013,Control_202,35.0,C4,25.49311,23.0,93
LOND,lond013,Control_202,35.0,P7,-4.34327,23.0,93
LOND,lond013,Control_202,35.0,P8,1.169654,23.0,93
LOND,lond013,Control_202,35.0,O1,2.359276,23.0,93
LOND,lond013,Control_202,35.0,O2,12.14599,23.0,93
LOND,lond013,Violation_201,28.0,Pz,2.725315,34.0,97
LOND,lond013,Violation_201,28.0,Cz,2.773489,34.0,97
LOND,lond013,Violation_201,28.0,CP1,19.70083,34.0,97
LOND,lond013,Violation_201,28.0,CP2,5.698504,34.0,97
LOND,lond013,Violation_201,28.0,P3,-6.70334,34.0,97
LOND,lond013,Violation_201,28.0,P4,-9.174159,34.0,97
LOND,lond013,Violation_201,28.0,C3,20.20704,34.0,97
LOND,lond013,Violation_201,28.0,C4,14.48456,34.0,97
LOND,lond013,Violation_201,28.0,P7,-9.834758,34.0,97
LOND,lond013,Violation_201,28.0,P8,-10.38045,34.0,97
LOND,lond013,Violation_201,28.0,O1,-5.746028,34.0,97
LOND,lond013,Violation_201,28.0,O2,-7.856971,34.0,97
LOND,lond013,Violation_201,32.0,Pz,17.86956,33.0,53
LOND,lond013,Violation_201,32.0,Cz,-6.204328,33.0,53
LOND,lond013,Violation_201,32.0,CP1,13.3861,33.0,53
LOND,lond013,Violation_201,32.0,CP2,-7.800843,33.0,53
LOND,lond013,Violation_201,32.0,P3,-12.02194,33.0,53
LOND,lond013,Violation_201,32.0,P4,-2.351419,33.0,53
LOND,lond013,Violation_201,32.0,C3,20.50983,33.0,53
LOND,lond013,Violation_201,32.0,C4,21.57467,33.0,53
LOND,lond013,Violation_201,32.0,P7,-1.225321,33.0,53
LOND,lond013,Violation_201,32.0,P8,1.800934,33.0,53
LOND,lond013,Violation_201,32.0,O1,-7.845474,33.0,53
LOND,lond013,Violation_201,32.0,O2,-3.148082,33.0,53
LOND,lond013,Control_202,39.0,Pz,32.8645,37.0,80
LOND,lond013,Control_202,39.0,Cz,17.56549,37.0,80
LOND,lond013,Control_202,39.0,CP1,29.14132,37.0,80
LOND,lond013,Control_202,39.0,CP2,37.56838,37.0,80
LOND,lond013,Control_202,39.0,P3,17.97076,37.0,80
LOND,lond013,Control_202,39.0,P4,27.70157,37.0,80
LOND,lond013,Control_202,39.0,C3,25.80948,37.0,80
LOND,lond013,Control_202,39.0,C4,15.6285,37.0,80
LOND,lond013,Control_202,39.0,P7,22.03513,37.0,80
LOND,lond013,Control_202,39.0,P8,14.18134,37.0,80
LOND,lond013,Control_202,39.0,O1,15.66441,37.0,80
LOND,lond013,Control_202,39.0,O2,17.42101,37.0,80
LOND,lond013,Violation_201,36.0,Pz,4.274787,40.0,93
LOND,lond013,Violation_201,36.0,Cz,10.68836,40.0,93
LOND,lond013,Violation_201,36.0,CP1,-0.7846491,40.0,93
LOND,lond013,Violation_201,36.0,CP2,9.299994,40.0,93
LOND,lond013,Violation_201,36.0,P3,22.6284,40.0,93
LOND,lond013,Violation_201,36.0,P4,-3.082196,40.0,93
LOND,lond013,Violation_201,36.0,C3,13.76911,40.0,93
LOND,lond013,Violation_201,36.0,C4,0.5832041,40.0,93
LOND,lond013,Violation_201,36.0,P7,23.21955,40.0,93
LOND,lond013,Violation_201,36.0,P8,7.161397,40.0,93
LOND,lond013,Violation_201,36.0,O1,10.33801,40.0,93
LOND,lond013,Violation_201,36.0,O2,-0.3574497,40.0,93
LOND,lond013,Control_202,23.0,Pz,-11.96226,38.0,93
LOND,lond013,Control_202,23.0,Cz,-2.335936,38.0,93
LOND,lond013,Control_202,23.0,CP1,-15.3593,38.0,93
LOND,lond013,Control_202,23.0,CP2,-5.011656,38.0,93
LOND,lond013,Control_202,23.0,P3,-15.0406,38.0,93
LOND,lond013,Control_202,23.0,P4,-12.44597,38.0,93
LOND,lond013,Control_202,23.0,C3,-7.788998,38.0,93
LOND,lond013,Control_202,23.0,C4,-3.956715,38.0,93
LOND,lond013,Control_202,23.0,P7,-8.324724,38.0,93
LOND,lond013,Control_202,23.0,P8,3.861062,38.0,93
LOND,lond013,Control_202,23.0,O1,-16.40981,38.0,93
LOND,lond013,Control_202,23.0,O2,-5.647035,38.0,93
LOND,lond013,Violation_201,40.0,Pz,1.718139,25.0,97
LOND,lond013,Violation_201,40.0,Cz,13.84396,25.0,97
LOND,lond013,Violation_201,40.0,CP1,-10.65676,25.0,97
LOND,lond013,Violation_201,40.0,CP2,8.652876,25.0,97
LOND,lond013,Violation_201,40.0,P3,-2.133229,25.0,97
LOND,lond013,Violation_201,40.0,P4,0.9053818,25.0,97
LOND,lond013,Violation_201,40.0,C3,0.1686571,25.0,97
LOND,lond013,Violation_201,40.0,C4,-1.396582,25.0,97
LOND,lond013,Violation_201,40.0,P7,5.232769,25.0,97
LOND,lond013,Violation_201,40.0,P8,-2.387089,25.0,97
LOND,lond013,Violation_201,40.0,O1,-7.732458,25.0,97
LOND,lond013,Violation_201,40.0,O2,-0.424465,25.0,97
LOND,lond013,Control_202,27.0,Pz,-1.343587,21.0,77
LOND,lond013,Control_202,27.0,Cz,-10.81082,21.0,77
LOND,lond013,Control_202,27.0,CP1,-0.9123119,21.0,77
LOND,lond013,Control_202,27.0,CP2,-19.71215,21.0,77
LOND,lond013,Control_202,27.0,P3,8.41699,21.0,77
LOND,lond013,Control_202,27.0,P4,16.82022,21.0,77
LOND,lond013,Control_202,27.0,C3,-4.821194,21.0,77
LOND,lond013,Control_202,27.0,C4,4.858132,21.0,77
LOND,lond013,Control_202,27.0,P7,9.390873,21.0,77
LOND,lond013,Control_202,27.0,P8,14.8471,21.0,77
LOND,lond013,Control_202,27.0,O1,2.592305,21.0,77
LOND,lond013,Control_202,27.0,O2,6.539546,21.0,77
LOND,lond013,Control_202,59.0,Pz,6.985582,49.0,40
LOND,lond013,Control_202,59.0,Cz,8.001055,49.0,40
LOND,lond013,Control_202,59.0,CP1,19.39126,49.0,40
LOND,lond013,Control_202,59.0,CP2,20.83222,49.0,40
LOND,lond013,Control_202,59.0,P3,7.299717,49.0,40
LOND,lond013,Control_202,59.0,P4,9.991428,49.0,40
LOND,lond013,Control_202,59.0,C3,25.66296,49.0,40
LOND,lond013,Control_202,59.0,C4,25.3897,49.0,40
LOND,lond013,Control_202,59.0,P7,1.997761,49.0,40
LOND,lond013,Control_202,59.0,P8,9.595089,49.0,40
LOND,lond013,Control_202,59.0,O1,3.908288,49.0,40
LOND,lond013,Control_202,59.0,O2,5.736582,49.0,40
LOND,lond013,Violation_201,52.0,Pz,-1.208108,50.0,37
LOND,lond013,Violation_201,52.0,Cz,-14.51266,50.0,37
LOND,lond013,Violation_201,52.0,CP1,-17.11253,50.0,37
LOND,lond013,Violation_201,52.0,CP2,-8.184788,50.0,37
LOND,lond013,Violation_201,52.0,P3,-0.7722476,50.0,37
LOND,lond013,Violation_201,52.0,P4,-3.17625,50.0,37
LOND,lond013,Violation_201,52.0,C3,-17.11791,50.0,37
LOND,lond013,Violation_201,52.0,C4,-5.721021,50.0,37
LOND,lond013,Violation_201,52.0,P7,0.8672353,50.0,37
LOND,lond013,Violation_201,52.0,P8,-1.061028,50.0,37
LOND,lond013,Violation_201,52.0,O1,-2.638021,50.0,37
LOND,lond013,Violation_201,52.0,O2,5.983715,50.0,37
LOND,lond013,Violation_201,56.0,Pz,16.93851,54.0,77
LOND,lond013,Violation_201,56.0,Cz,5.131609,54.0,77
LOND,lond013,Violation_201,56.0,CP1,-4.707113,54.0,77
LOND,lond013,Violation_201,56.0,CP2,12.5686,54.0,77
LOND,lond013,Violation_201,56.0,P3,14.23606,54.0,77
LOND,lond013,Violation_201,56.0,P4,36.18338,54.0,77
LOND,lond013,Violation_201,56.0,C3,-1.36413,54.0,77
LOND,lond013,Violation_201,56.0,C4,10.26763,54.0,77
LOND,lond013,Violation_201,56.0,P7,21.03214,54.0,77
LOND,lond013,Violation_201,56.0,P8,9.52359,54.0,77
LOND,lond013,Violation_201,56.0,O1,10.50934,54.0,77
LOND,lond013,Violation_201,56.0,O2,8.74871,54.0,77
LOND,lond013,Control_202,55.0,Pz,0.2693908,53.0,93
LOND,lond013,Control_202,55.0,Cz,11.52823,53.0,93
LOND,lond013,Control_202,55.0,CP1,14.77592,53.0,93
LOND,lond013,Control_202,55.0,CP2,16.56623,53.0,93
LOND,lond013,Control_202,55.0,P3,12.30838,53.0,93
LOND,lond013,Control_202,55.0,P4,30.31358,53.0,93
LOND,lond013,Control_202,55.0,C3,12.53559,53.0,93
LOND,lond013,Control_202,55.0,C4,18.62173,53.0,93
LOND,lond013,Control_202,55.0,P7,9.744884,53.0,93
LOND,lond013,Control_202,55.0,P8,18.44748,53.0,93
LOND,lond013,Control_202,55.0,O1,20.68948,53.0,93
LOND,lond013,Control_202,55.0,O2,12.96212,53.0,93
LOND,lond013,Violation_201,48.0,Pz,9.863463,42.0,37
LOND,lond013,Violation_201,48.0,Cz,0.2978055,42.0,37
LOND,lond013,Violation_201,48.0,CP1,8.566585,42.0,37
LOND,lond013,Violation_201,48.0,CP2,26.88852,42.0,37
LOND,lond013,Violation_201,48.0,P3,19.57871,42.0,37
LOND,lond013,Violation_201,48.0,P4,33.57183,42.0,37
LOND,lond013,Violation_201,48.0,C3,5.271706,42.0,37
LOND,lond013,Violation_201,48.0,C4,12.95145,42.0,37
LOND,lond013,Violation_201,48.0,P7,-3.272184,42.0,37
LOND,lond013,Violation_201,48.0,P8,6.584105,42.0,37
LOND,lond013,Violation_201,48.0,O1,14.69914,42.0,37
LOND,lond013,Violation_201,48.0,O2,-2.687491,42.0,37
LOND,lond013,Violation_201,60.0,Pz,25.72329,51.0,90
LOND,lond013,Violation_201,60.0,Cz,-3.887501,51.0,90
LOND,lond013,Violation_201,60.0,CP1,19.61664,51.0,90
LOND,lond013,Violation_201,60.0,CP2,20.62877,51.0,90
LOND,lond013,Violation_201,60.0,P3,-4.717402,51.0,90
LOND,lond013,Violation_201,60.0,P4,-1.264099,51.0,90
LOND,lond013,Violation_201,60.0,C3,4.064252,51.0,90
LOND,lond013,Violation_201,60.0,C4,31.01809,51.0,90
LOND,lond013,Violation_201,60.0,P7,3.578047,51.0,90
LOND,lond013,Violation_201,60.0,P8,2.892722,51.0,90
LOND,lond013,Violation_201,60.0,O1,10.00258,51.0,90
LOND,lond013,Violation_201,60.0,O2,6.625554,51.0,90
LOND,lond013,Control_202,47.0,Pz,17.37104,45.0,67
LOND,lond013,Control_202,47.0,Cz,25.91341,45.0,67
LOND,lond013,Control_202,47.0,CP1,12.44531,45.0,67
LOND,lond013,Control_202,47.0,CP2,16.93068,45.0,67
LOND,lond013,Control_202,47.0,P3,14.27059,45.0,67
LOND,lond013,Control_202,47.0,P4,19.35302,45.0,67
LOND,lond013,Control_202,47.0,C3,7.689432,45.0,67
LOND,lond013,Control_202,47.0,C4,13.04465,45.0,67
LOND,lond013,Control_202,47.0,P7,7.256974,45.0,67
LOND,lond013,Control_202,47.0,P8,11.69603,45.0,67
LOND,lond013,Control_202,47.0,O1,4.210022,45.0,67
LOND,lond013,Control_202,47.0,O2,15.36898,45.0,67
LOND,lond013,Control_202,44.0,Pz,9.406412,41.0,100
LOND,lond013,Control_202,44.0,Cz,-2.364966,41.0,100
LOND,lond013,Control_202,44.0,CP1,22.20808,41.0,100
LOND,lond013,Control_202,44.0,CP2,10.25146,41.0,100
LOND,lond013,Control_202,44.0,P3,-3.193208,41.0,100
LOND,lond013,Control_202,44.0,P4,-4.114174,41.0,100
LOND,lond013,Control_202,44.0,C3,18.33869,41.0,100
LOND,lond013,Control_202,44.0,C4,23.07873,41.0,100
LOND,lond013,Control_202,44.0,P7,-1.206043,41.0,100
LOND,lond013,Control_202,44.0,P8,5.688916,41.0,100
LOND,lond013,Control_202,44.0,O1,3.744322,41.0,100
LOND,lond013,Control_202,44.0,O2,4.568613,41.0,100
LOND,lond013,Violation_201,43.0,Pz,-15.34975,57.0,69
LOND,lond013,Violation_201,43.0,Cz,-15.22105,57.0,69
LOND,lond013,Violation_201,43.0,CP1,-22.18422,57.0,69
LOND,lond013,Violation_201,43.0,CP2,-19.25661,57.0,69
LOND,lond013,Violation_201,43.0,P3,5.438058,57.0,69
LOND,lond013,Violation_201,43.0,P4,14.08988,57.0,69
LOND,lond013,Violation_201,43.0,C3,-9.392131,57.0,69
LOND,lond013,Violation_201,43.0,C4,-12.19606,57.0,69
LOND,lond013,Violation_201,43.0,P7,13.11416,57.0,69
LOND,lond013,Violation_201,43.0,P8,-11.45507,57.0,69
LOND,lond013,Violation_201,43.0,O1,-7.289747,57.0,69
LOND,lond013,Violation_201,43.0,O2,-17.85145,57.0,69
LOND,lond013,Control_202,51.0,Pz,-1.668897,60.0,90
LOND,lond013,Control_202,51.0,Cz,-1.027276,60.0,90
LOND,lond013,Control_202,51.0,CP1,-15.39431,60.0,90
LOND,lond013,Control_202,51.0,CP2,2.74054,60.0,90
LOND,lond013,Control_202,51.0,P3,-24.55636,60.0,90
LOND,lond013,Control_202,51.0,P4,-22.29112,60.0,90
LOND,lond013,Control_202,51.0,C3,-8.695893,60.0,90
LOND,lond013,Control_202,51.0,C4,2.341957,60.0,90
LOND,lond013,Control_202,51.0,P7,-5.655062,60.0,90
LOND,lond013,Control_202,51.0,P8,-1.23897,60.0,90
LOND,lond013,Control_202,51.0,O1,-9.481492,60.0,90
LOND,lond013,Control_202,51.0,O2,0.09319814,60.0,90
LOND,lond013,Violation_201,76.0,Pz,-3.627655,77.0,100
LOND,lond013,Violation_201,76.0,Cz,17.20708,77.0,100
LOND,lond013,Violation_201,76.0,CP1,4.538966,77.0,100
LOND,lond013,Violation_201,76.0,CP2,7.973546,77.0,100
LOND,lond013,Violation_201,76.0,P3,1.151181,77.0,100
LOND,lond013,Violation_201,76.0,P4,25.06284,77.0,100
LOND,lond013,Violation_201,76.0,C3,15.60461,77.0,100
LOND,lond013,Violation_201,76.0,C4,24.38241,77.0,100
LOND,lond013,Violation_201,76.0,P7,13.77995,77.0,100
LOND,lond013,Violation_201,76.0,P8,3.56218,77.0,100
LOND,lond013,Violation_201,76.0,O1,4.40968,77.0,100
LOND,lond013,Violation_201,76.0,O2,-5.795362,77.0,100
LOND,lond013,Violation_201,64.0,Pz,11.17377,68.0,27
LOND,lond013,Violation_201,64.0,Cz,6.714168,68.0,27
LOND,lond013,Violation_201,64.0,CP1,0.9207667,68.0,27
LOND,lond013,Violation_201,64.0,CP2,11.67904,68.0,27
LOND,lond013,Violation_201,64.0,P3,1.160893,68.0,27
LOND,lond013,Violation_201,64.0,P4,5.008604,68.0,27
LOND,lond013,Violation_201,64.0,C3,2.348511,68.0,27
LOND,lond013,Violation_201,64.0,C4,-3.888704,68.0,27
LOND,lond013,Violation_201,64.0,P7,-6.484799,68.0,27
LOND,lond013,Violation_201,64.0,P8,-8.590514,68.0,27
LOND,lond013,Violation_201,64.0,O1,-13.00351,68.0,27
LOND,lond013,Violation_201,64.0,O2,10.03569,68.0,27
LOND,lond013,Violation_201,72.0,Pz,32.52058,71.0,90
LOND,lond013,Violation_201,72.0,Cz,30.10196,71.0,90
LOND,lond013,Violation_201,72.0,CP1,44.0615,71.0,90
LOND,lond013,Violation_201,72.0,CP2,38.89779,71.0,90
LOND,lond013,Violation_201,72.0,P3,44.67709,71.0,90
LOND,lond013,Violation_201,72.0,P4,44.34816,71.0,90
LOND,lond013,Violation_201,72.0,C3,21.68719,71.0,90
LOND,lond013,Violation_201,72.0,C4,23.25999,71.0,90
LOND,lond013,Violation_201,72.0,P7,18.34226,71.0,90
LOND,lond013,Violation_201,72.0,P8,16.98846,71.0,90
LOND,lond013,Violation_201,72.0,O1,4.272048,71.0,90
LOND,lond013,Violation_201,72.0,O2,17.71099,71.0,90
LOND,lond013,Violation_201,68.0,Pz,-15.29861,66.0,23
LOND,lond013,Violation_201,68.0,Cz,-13.84324,66.0,23
LOND,lond013,Violation_201,68.0,CP1,9.02238,66.0,23
LOND,lond013,Violation_201,68.0,CP2,0.5815454,66.0,23
LOND,lond013,Violation_201,68.0,P3,-16.21014,66.0,23
LOND,lond013,Violation_201,68.0,P4,2.376502,66.0,23
LOND,lond013,Violation_201,68.0,C3,-6.768118,66.0,23
LOND,lond013,Violation_201,68.0,C4,-2.411905,66.0,23
LOND,lond013,Violation_201,68.0,P7,-10.13657,66.0,23
LOND,lond013,Violation_201,68.0,P8,8.715685,66.0,23
LOND,lond013,Violation_201,68.0,O1,7.046087,66.0,23
LOND,lond013,Violation_201,68.0,O2,2.572375,66.0,23
LOND,lond013,Control_202,79.0,Pz,25.23872,62.0,70
LOND,lond013,Control_202,79.0,Cz,47.48897,62.0,70
LOND,lond013,Control_202,79.0,CP1,13.78596,62.0,70
LOND,lond013,Control_202,79.0,CP2,11.328,62.0,70
LOND,lond013,Control_202,79.0,P3,22.06022,62.0,70
LOND,lond013,Control_202,79.0,P4,25.81678,62.0,70
LOND,lond013,Control_202,79.0,C3,1.993451,62.0,70
LOND,lond013,Control_202,79.0,C4,1.420161,62.0,70
LOND,lond013,Control_202,79.0,P7,17.06257,62.0,70
LOND,lond013,Control_202,79.0,P8,-3.18464,62.0,70
LOND,lond013,Control_202,79.0,O1,10.8225,62.0,70
LOND,lond013,Control_202,79.0,O2,-0.3333877,62.0,70
LOND,lond013,Control_202,63.0,Pz,28.37623,72.0,90
LOND,lond013,Control_202,63.0,Cz,9.593721,72.0,90
LOND,lond013,Control_202,63.0,CP1,19.16235,72.0,90
LOND,lond013,Control_202,63.0,CP2,11.15486,72.0,90
LOND,lond013,Control_202,63.0,P3,1.187952,72.0,90
LOND,lond013,Control_202,63.0,P4,-6.650544,72.0,90
LOND,lond013,Control_202,63.0,C3,14.26308,72.0,90
LOND,lond013,Control_202,63.0,C4,-7.109794,72.0,90
LOND,lond013,Control_202,63.0,P7,-17.90302,72.0,90
LOND,lond013,Control_202,63.0,P8,-21.29528,72.0,90
LOND,lond013,Control_202,63.0,O1,-10.13018,72.0,90
LOND,lond013,Control_202,63.0,O2,-2.206591,72.0,90
LOND,lond013,Control_202,67.0,Pz,21.37071,69.0,93
LOND,lond013,Control_202,67.0,Cz,9.117729,69.0,93
LOND,lond013,Control_202,67.0,CP1,25.9442,69.0,93
LOND,lond013,Control_202,67.0,CP2,31.7476,69.0,93
LOND,lond013,Control_202,67.0,P3,27.67996,69.0,93
LOND,lond013,Control_202,67.0,P4,22.6573,69.0,93
LOND,lond013,Control_202,67.0,C3,34.64465,69.0,93
LOND,lond013,Control_202,67.0,C4,30.92839,69.0,93
LOND,lond013,Control_202,67.0,P7,17.84583,69.0,93
LOND,lond013,Control_202,67.0,P8,6.104248,69.0,93
LOND,lond013,Control_202,67.0,O1,-7.426281,69.0,93
LOND,lond013,Control_202,67.0,O2,5.542955,69.0,93
LOND,lond013,Control_202,71.0,Pz,20.17713,73.0,80
LOND,lond013,Control_202,71.0,Cz,8.886992,73.0,80
LOND,lond013,Control_202,71.0,CP1,9.205939,73.0,80
LOND,lond013,Control_202,71.0,CP2,9.645554,73.0,80
LOND,lond013,Control_202,71.0,P3,8.618592,73.0,80
LOND,lond013,Control_202,71.0,P4,-2.999083,73.0,80
LOND,lond013,Control_202,71.0,C3,17.48156,73.0,80
LOND,lond013,Control_202,71.0,C4,14.02678,73.0,80
LOND,lond013,Control_202,71.0,P7,-4.569441,73.0,80
LOND,lond013,Control_202,71.0,P8,0.5444474,73.0,80
LOND,lond013,Control_202,71.0,O1,3.627033,73.0,80
LOND,lond013,Control_202,71.0,O2,1.265845,73.0,80
LOND,lond013,Control_202,75.0,Pz,6.857444,61.0,34
LOND,lond013,Control_202,75.0,Cz,-10.72062,61.0,34
LOND,lond013,Control_202,75.0,CP1,14.71201,61.0,34
LOND,lond013,Control_202,75.0,CP2,-0.2133161,61.0,34
LOND,lond013,Control_202,75.0,P3,25.04873,61.0,34
LOND,lond013,Control_202,75.0,P4,-6.411914,61.0,34
LOND,lond013,Control_202,75.0,C3,0.8774307,61.0,34
LOND,lond013,Control_202,75.0,C4,-2.848644,61.0,34
LOND,lond013,Control_202,75.0,P7,12.552,61.0,34
LOND,lond013,Control_202,75.0,P8,8.700537,61.0,34
LOND,lond013,Control_202,75.0,O1,19.87614,61.0,34
LOND,lond013,Control_202,75.0,O2,7.050024,61.0,34
LOND,lond014,Control_202,5.0,Pz,10.12857,11.0,87
LOND,lond014,Control_202,5.0,Cz,10.67956,11.0,87
LOND,lond014,Control_202,5.0,CP1,8.117483,11.0,87
LOND,lond014,Control_202,5.0,CP2,9.824428,11.0,87
LOND,lond014,Control_202,5.0,P3,14.56929,11.0,87
LOND,lond014,Control_202,5.0,P4,12.04029,11.0,87
LOND,lond014,Control_202,5.0,C3,5.579335,11.0,87
LOND,lond014,Control_202,5.0,C4,5.922014,11.0,87
LOND,lond014,Control_202,5.0,P7,-2.498554,11.0,87
LOND,lond014,Control_202,5.0,P8,6.663346,11.0,87
LOND,lond014,Control_202,5.0,O1,-1.416756,11.0,87
LOND,lond014,Control_202,5.0,O2,6.084676,11.0,87
LOND,lond014,Control_202,13.0,Pz,-11.37958,16.0,93
LOND,lond014,Control_202,13.0,Cz,-6.572441,16.0,93
LOND,lond014,Control_202,13.0,CP1,-16.55338,16.0,93
LOND,lond014,Control_202,13.0,CP2,-8.618297,16.0,93
LOND,lond014,Control_202,13.0,P3,-11.50746,16.0,93
LOND,lond014,Control_202,13.0,P4,-2.045004,16.0,93
LOND,lond014,Control_202,13.0,C3,-18.45889,16.0,93
LOND,lond014,Control_202,13.0,C4,1.891727,16.0,93
LOND,lond014,Control_202,13.0,P7,-13.68853,16.0,93
LOND,lond014,Control_202,13.0,P8,-8.456017,16.0,93
LOND,lond014,Control_202,13.0,O1,-10.90916,16.0,93
LOND,lond014,Control_202,13.0,O2,-16.68844,16.0,93
LOND,lond014,Violation_201,10.0,Pz,-1.069312,20.0,90
LOND,lond014,Violation_201,10.0,Cz,-6.43447,20.0,90
LOND,lond014,Violation_201,10.0,CP1,-5.611057,20.0,90
LOND,lond014,Violation_201,10.0,CP2,-7.597922,20.0,90
LOND,lond014,Violation_201,10.0,P3,-7.427673,20.0,90
LOND,lond014,Violation_201,10.0,P4,-13.09483,20.0,90
LOND,lond014,Violation_201,10.0,C3,-3.054915,20.0,90
LOND,lond014,Violation_201,10.0,C4,-18.51184,20.0,90
LOND,lond014,Violation_201,10.0,P7,-18.01016,20.0,90
LOND,lond014,Violation_201,10.0,P8,-14.89543,20.0,90
LOND,lond014,Violation_201,10.0,O1,-14.21169,20.0,90
LOND,lond014,Violation_201,10.0,O2,-8.193944,20.0,90
LOND,lond014,Violation_201,2.0,Pz,4.799465,13.0,97
LOND,lond014,Violation_201,2.0,Cz,-9.379016,13.0,97
LOND,lond014,Violation_201,2.0,CP1,4.949277,13.0,97
LOND,lond014,Violation_201,2.0,CP2,-1.258459,13.0,97
LOND,lond014,Violation_201,2.0,P3,8.322051,13.0,97
LOND,lond014,Violation_201,2.0,P4,9.203834,13.0,97
LOND,lond014,Violation_201,2.0,C3,-1.118244,13.0,97
LOND,lond014,Violation_201,2.0,C4,-7.191506,13.0,97
LOND,lond014,Violation_201,2.0,P7,14.8427,13.0,97
LOND,lond014,Violation_201,2.0,P8,-17.38138,13.0,97
LOND,lond014,Violation_201,2.0,O1,3.398504,13.0,97
LOND,lond014,Violation_201,2.0,O2,9.329408,13.0,97
LOND,lond014,Control_202,9.0,Pz,2.249964,8.0,97
LOND,lond014,Control_202,9.0,Cz,-5.564109,8.0,97
LOND,lond014,Control_202,9.0,CP1,-6.848026,8.0,97
LOND,lond014,Control_202,9.0,CP2,1.277459,8.0,97
LOND,lond014,Control_202,9.0,P3,-1.158371,8.0,97
LOND,lond014,Control_202,9.0,P4,-4.040144,8.0,97
LOND,lond014,Control_202,9.0,C3,-11.12244,8.0,97
LOND,lond014,Control_202,9.0,C4,-10.78284,8.0,97
LOND,lond014,Control_202,9.0,P7,0.7073483,8.0,97
LOND,lond014,Control_202,9.0,P8,7.456599,8.0,97
LOND,lond014,Control_202,9.0,O1,2.533784,8.0,97
LOND,lond014,Control_202,9.0,O2,1.091649,8.0,97
LOND,lond014,Control_202,17.0,Pz,3.317616,15.0,90
LOND,lond014,Control_202,17.0,Cz,-4.765977,15.0,90
LOND,lond014,Control_202,17.0,CP1,8.613852,15.0,90
LOND,lond014,Control_202,17.0,CP2,3.793881,15.0,90
LOND,lond014,Control_202,17.0,P3,3.134512,15.0,90
LOND,lond014,Control_202,17.0,P4,3.760773,15.0,90
LOND,lond014,Control_202,17.0,C3,8.642836,15.0,90
LOND,lond014,Control_202,17.0,C4,-8.207804,15.0,90
LOND,lond014,Control_202,17.0,P7,0.2979252,15.0,90
LOND,lond014,Control_202,17.0,P8,-13.18972,15.0,90
LOND,lond014,Control_202,17.0,O1,3.352049,15.0,90
LOND,lond014,Control_202,17.0,O2,4.540158,15.0,90
LOND,lond014,Violation_201,18.0,Pz,20.49722,12.0,100
LOND,lond014,Violation_201,18.0,Cz,28.41693,12.0,100
LOND,lond014,Violation_201,18.0,CP1,13.58759,12.0,100
LOND,lond014,Violation_201,18.0,CP2,14.45503,12.0,100
LOND,lond014,Violation_201,18.0,P3,22.28065,12.0,100
LOND,lond014,Violation_201,18.0,P4,15.35155,12.0,100
LOND,lond014,Violation_201,18.0,C3,14.45403,12.0,100
LOND,lond014,Violation_201,18.0,C4,24.4735,12.0,100
LOND,lond014,Violation_201,18.0,P7,23.10891,12.0,100
LOND,lond014,Violation_201,18.0,P8,14.52242,12.0,100
LOND,lond014,Violation_201,18.0,O1,20.65334,12.0,100
LOND,lond014,Violation_201,18.0,O2,17.79279,12.0,100
LOND,lond014,Violation_201,6.0,Pz,6.499517,2.0,100
LOND,lond014,Violation_201,6.0,Cz,13.36524,2.0,100
LOND,lond014,Violation_201,6.0,CP1,11.09945,2.0,100
LOND,lond014,Violation_201,6.0,CP2,9.100563,2.0,100
LOND,lond014,Violation_201,6.0,P3,10.23846,2.0,100
LOND,lond014,Violation_201,6.0,P4,10.9986,2.0,100
LOND,lond014,Violation_201,6.0,C3,11.56606,2.0,100
LOND,lond014,Violation_201,6.0,C4,22.96029,2.0,100
LOND,lond014,Violation_201,6.0,P7,17.41175,2.0,100
LOND,lond014,Violation_201,6.0,P8,-6.569561,2.0,100
LOND,lond014,Violation_201,6.0,O1,8.496265,2.0,100
LOND,lond014,Violation_201,6.0,O2,6.308555,2.0,100
LOND,lond014,Control_202,1.0,Pz,-45.49673,5.0,93
LOND,lond014,Control_202,1.0,Cz,-26.47312,5.0,93
LOND,lond014,Control_202,1.0,CP1,-41.53928,5.0,93
LOND,lond014,Control_202,1.0,CP2,-40.6609,5.0,93
LOND,lond014,Control_202,1.0,P3,-47.00365,5.0,93
LOND,lond014,Control_202,1.0,P4,-41.03995,5.0,93
LOND,lond014,Control_202,1.0,C3,-47.33604,5.0,93
LOND,lond014,Control_202,1.0,C4,-19.82486,5.0,93
LOND,lond014,Control_202,1.0,P7,-45.44799,5.0,93
LOND,lond014,Control_202,1.0,P8,-62.66866,5.0,93
LOND,lond014,Control_202,1.0,O1,-28.04004,5.0,93
LOND,lond014,Control_202,1.0,O2,-44.87481,5.0,93
LOND,lond014,Violation_201,14.0,Pz,-12.24455,18.0,87
LOND,lond014,Violation_201,14.0,Cz,-11.12418,18.0,87
LOND,lond014,Violation_201,14.0,CP1,-15.62098,18.0,87
LOND,lond014,Violation_201,14.0,CP2,-11.05582,18.0,87
LOND,lond014,Violation_201,14.0,P3,-20.26973,18.0,87
LOND,lond014,Violation_201,14.0,P4,-11.68932,18.0,87
LOND,lond014,Violation_201,14.0,C3,-19.09555,18.0,87
LOND,lond014,Violation_201,14.0,C4,-19.74311,18.0,87
LOND,lond014,Violation_201,14.0,P7,-13.56389,18.0,87
LOND,lond014,Violation_201,14.0,P8,-0.5102634,18.0,87
LOND,lond014,Violation_201,14.0,O1,-23.39389,18.0,87
LOND,lond014,Violation_201,14.0,O2,-21.77205,18.0,87
LOND,lond014,Violation_201,22.0,Pz,10.66405,34.0,97
LOND,lond014,Violation_201,22.0,Cz,27.76387,34.0,97
LOND,lond014,Violation_201,22.0,CP1,12.56173,34.0,97
LOND,lond014,Violation_201,22.0,CP2,11.83889,34.0,97
LOND,lond014,Violation_201,22.0,P3,11.64789,34.0,97
LOND,lond014,Violation_201,22.0,P4,6.567053,34.0,97
LOND,lond014,Violation_201,22.0,C3,15.886,34.0,97
LOND,lond014,Violation_201,22.0,C4,27.89904,34.0,97
LOND,lond014,Violation_201,22.0,P7,17.3879,34.0,97
LOND,lond014,Violation_201,22.0,P8,17.93453,34.0,97
LOND,lond014,Violation_201,22.0,O1,5.542304,34.0,97
LOND,lond014,Violation_201,22.0,O2,12.0675,34.0,97
LOND,lond014,Violation_201,34.0,Pz,-15.62089,27.0,97
LOND,lond014,Violation_201,34.0,Cz,-22.51962,27.0,97
LOND,lond014,Violation_201,34.0,CP1,-17.89399,27.0,97
LOND,lond014,Violation_201,34.0,CP2,-11.40342,27.0,97
LOND,lond014,Violation_201,34.0,P3,-15.36852,27.0,97
LOND,lond014,Violation_201,34.0,P4,-6.344619,27.0,97
LOND,lond014,Violation_201,34.0,C3,-26.98154,27.0,97
LOND,lond014,Violation_201,34.0,C4,-13.17185,27.0,97
LOND,lond014,Violation_201,34.0,P7,-13.18255,27.0,97
LOND,lond014,Violation_201,34.0,P8,4.03509,27.0,97
LOND,lond014,Violation_201,34.0,O1,-14.81604,27.0,97
LOND,lond014,Violation_201,34.0,O2,-10.3015,27.0,97
LOND,lond014,Violation_201,29.0,Pz,7.652929,25.0,97
LOND,lond014,Violation_201,29.0,Cz,-1.669276,25.0,97
LOND,lond014,Violation_201,29.0,CP1,4.38452,25.0,97
LOND,lond014,Violation_201,29.0,CP2,5.39459,25.0,97
LOND,lond014,Violation_201,29.0,P3,-3.135267,25.0,97
LOND,lond014,Violation_201,29.0,P4,-5.865031,25.0,97
LOND,lond014,Violation_201,29.0,C3,11.77614,25.0,97
LOND,lond014,Violation_201,29.0,C4,-6.05055,25.0,97
LOND,lond014,Violation_201,29.0,P7,-2.058152,25.0,97
LOND,lond014,Violation_201,29.0,P8,-12.07068,25.0,97
LOND,lond014,Violation_201,29.0,O1,18.25414,25.0,97
LOND,lond014,Violation_201,29.0,O2,-5.525546,25.0,97
LOND,lond014,Violation_201,38.0,Pz,-19.13837,33.0,53
LOND,lond014,Violation_201,38.0,Cz,-13.21453,33.0,53
LOND,lond014,Violation_201,38.0,CP1,-10.71223,33.0,53
LOND,lond014,Violation_201,38.0,CP2,-10.3573,33.0,53
LOND,lond014,Violation_201,38.0,P3,-11.97644,33.0,53
LOND,lond014,Violation_201,38.0,P4,-6.91372,33.0,53
LOND,lond014,Violation_201,38.0,C3,-10.61711,33.0,53
LOND,lond014,Violation_201,38.0,C4,-22.29668,33.0,53
LOND,lond014,Violation_201,38.0,P7,-18.78415,33.0,53
LOND,lond014,Violation_201,38.0,P8,3.191855,33.0,53
LOND,lond014,Violation_201,38.0,O1,-0.1013439,33.0,53
LOND,lond014,Violation_201,38.0,O2,-4.475327,33.0,53
LOND,lond014,Control_202,25.0,Pz,14.19418,31.0,77
LOND,lond014,Control_202,25.0,Cz,6.715389,31.0,77
LOND,lond014,Control_202,25.0,CP1,5.155087,31.0,77
LOND,lond014,Control_202,25.0,CP2,7.359924,31.0,77
LOND,lond014,Control_202,25.0,P3,8.523998,31.0,77
LOND,lond014,Control_202,25.0,P4,8.640227,31.0,77
LOND,lond014,Control_202,25.0,C3,11.72187,31.0,77
LOND,lond014,Control_202,25.0,C4,-0.7449077,31.0,77
LOND,lond014,Control_202,25.0,P7,13.37955,31.0,77
LOND,lond014,Control_202,25.0,P8,8.181599,31.0,77
LOND,lond014,Control_202,25.0,O1,23.00776,31.0,77
LOND,lond014,Control_202,25.0,O2,12.77555,31.0,77
LOND,lond014,Violation_201,26.0,Pz,9.230024,38.0,93
LOND,lond014,Violation_201,26.0,Cz,8.39567,38.0,93
LOND,lond014,Violation_201,26.0,CP1,5.717997,38.0,93
LOND,lond014,Violation_201,26.0,CP2,7.991852,38.0,93
LOND,lond014,Violation_201,26.0,P3,5.638308,38.0,93
LOND,lond014,Violation_201,26.0,P4,6.740826,38.0,93
LOND,lond014,Violation_201,26.0,C3,3.849617,38.0,93
LOND,lond014,Violation_201,26.0,C4,3.878552,38.0,93
LOND,lond014,Violation_201,26.0,P7,8.407018,38.0,93
LOND,lond014,Violation_201,26.0,P8,30.09906,38.0,93
LOND,lond014,Violation_201,26.0,O1,17.68986,38.0,93
LOND,lond014,Violation_201,26.0,O2,12.15958,38.0,93
LOND,lond014,Control_202,37.0,Pz,3.746312,21.0,77
LOND,lond014,Control_202,37.0,Cz,5.226845,21.0,77
LOND,lond014,Control_202,37.0,CP1,-0.1715107,21.0,77
LOND,lond014,Control_202,37.0,CP2,3.790797,21.0,77
LOND,lond014,Control_202,37.0,P3,-4.317729,21.0,77
LOND,lond014,Control_202,37.0,P4,-2.900245,21.0,77
LOND,lond014,Control_202,37.0,C3,-6.141852,21.0,77
LOND,lond014,Control_202,37.0,C4,11.80762,21.0,77
LOND,lond014,Control_202,37.0,P7,-6.19635,21.0,77
LOND,lond014,Control_202,37.0,P8,3.428762,21.0,77
LOND,lond014,Control_202,37.0,O1,-0.189392,21.0,77
LOND,lond014,Control_202,37.0,O2,3.590207,21.0,77
LOND,lond014,Control_202,21.0,Pz,-3.605456,22.0,53
LOND,lond014,Control_202,21.0,Cz,-11.35104,22.0,53
LOND,lond014,Control_202,21.0,CP1,-6.52542,22.0,53
LOND,lond014,Control_202,21.0,CP2,-6.182747,22.0,53
LOND,lond014,Control_202,21.0,P3,-7.680434,22.0,53
LOND,lond014,Control_202,21.0,P4,-4.708616,22.0,53
LOND,lond014,Control_202,21.0,C3,-5.882678,22.0,53
LOND,lond014,Control_202,21.0,C4,-7.411406,22.0,53
LOND,lond014,Control_202,21.0,P7,-2.432558,22.0,53
LOND,lond014,Control_202,21.0,P8,-2.738985,22.0,53
LOND,lond014,Control_202,21.0,O1,-13.88978,22.0,53
LOND,lond014,Control_202,21.0,O2,-14.49514,22.0,53
LOND,lond014,Control_202,33.0,Pz,12.32264,39.0,97
LOND,lond014,Control_202,33.0,Cz,10.33999,39.0,97
LOND,lond014,Control_202,33.0,CP1,11.00191,39.0,97
LOND,lond014,Control_202,33.0,CP2,11.12946,39.0,97
LOND,lond014,Control_202,33.0,P3,9.354895,39.0,97
LOND,lond014,Control_202,33.0,P4,3.317852,39.0,97
LOND,lond014,Control_202,33.0,C3,3.97561,39.0,97
LOND,lond014,Control_202,33.0,C4,20.46803,39.0,97
LOND,lond014,Control_202,33.0,P7,9.900907,39.0,97
LOND,lond014,Control_202,33.0,P8,14.91171,39.0,97
LOND,lond014,Control_202,33.0,O1,7.080883,39.0,97
LOND,lond014,Control_202,33.0,O2,15.78194,39.0,97
LOND,lond014,Violation_201,30.0,Pz,-13.01765,23.0,93
LOND,lond014,Violation_201,30.0,Cz,-10.94721,23.0,93
LOND,lond014,Violation_201,30.0,CP1,-21.03744,23.0,93
LOND,lond014,Violation_201,30.0,CP2,-10.77017,23.0,93
LOND,lond014,Violation_201,30.0,P3,-22.34973,23.0,93
LOND,lond014,Violation_201,30.0,P4,-14.00509,23.0,93
LOND,lond014,Violation_201,30.0,C3,-21.75644,23.0,93
LOND,lond014,Violation_201,30.0,C4,-5.928979,23.0,93
LOND,lond014,Violation_201,30.0,P7,-28.19751,23.0,93
LOND,lond014,Violation_201,30.0,P8,-9.812411,23.0,93
LOND,lond014,Violation_201,30.0,O1,-25.16726,23.0,93
LOND,lond014,Violation_201,30.0,O2,-16.07458,23.0,93
LOND,lond014,Control_202,41.0,Pz,-5.451978,41.0,100
LOND,lond014,Control_202,41.0,Cz,3.242088,41.0,100
LOND,lond014,Control_202,41.0,CP1,-11.33659,41.0,100
LOND,lond014,Control_202,41.0,CP2,-10.10832,41.0,100
LOND,lond014,Control_202,41.0,P3,5.86828,41.0,100
LOND,lond014,Control_202,41.0,P4,-10.52591,41.0,100
LOND,lond014,Control_202,41.0,C3,-12.49838,41.0,100
LOND,lond014,Control_202,41.0,C4,-23.12881,41.0,100
LOND,lond014,Control_202,41.0,P7,-5.657638,41.0,100
LOND,lond014,Control_202,41.0,P8,14.71624,41.0,100
LOND,lond014,Control_202,41.0,O1,-2.731082,41.0,100
LOND,lond014,Control_202,41.0,O2,-8.842463,41.0,100
LOND,lond014,Violation_201,50.0,Pz,1.023208,47.0,100
LOND,lond014,Violation_201,50.0,Cz,5.765464,47.0,100
LOND,lond014,Violation_201,50.0,CP1,6.105658,47.0,100
LOND,lond014,Violation_201,50.0,CP2,1.814711,47.0,100
LOND,lond014,Violation_201,50.0,P3,3.205876,47.0,100
LOND,lond014,Violation_201,50.0,P4,4.87657,47.0,100
LOND,lond014,Violation_201,50.0,C3,6.798276,47.0,100
LOND,lond014,Violation_201,50.0,C4,4.877647,47.0,100
LOND,lond014,Violation_201,50.0,P7,3.03882,47.0,100
LOND,lond014,Violation_201,50.0,P8,20.92888,47.0,100
LOND,lond014,Violation_201,50.0,O1,4.337951,47.0,100
LOND,lond014,Violation_201,50.0,O2,10.22036,47.0,100
LOND,lond014,Violation_201,54.0,Pz,0.7899196,60.0,90
LOND,lond014,Violation_201,54.0,Cz,-15.48833,60.0,90
LOND,lond014,Violation_201,54.0,CP1,-7.926191,60.0,90
LOND,lond014,Violation_201,54.0,CP2,3.111801,60.0,90
LOND,lond014,Violation_201,54.0,P3,-2.882619,60.0,90
LOND,lond014,Violation_201,54.0,P4,-1.347565,60.0,90
LOND,lond014,Violation_201,54.0,C3,-0.4850283,60.0,90
LOND,lond014,Violation_201,54.0,C4,-5.221512,60.0,90
LOND,lond014,Violation_201,54.0,P7,0.2861036,60.0,90
LOND,lond014,Violation_201,54.0,P8,-7.576986,60.0,90
LOND,lond014,Violation_201,54.0,O1,0.9678239,60.0,90
LOND,lond014,Violation_201,54.0,O2,-3.034499,60.0,90
LOND,lond014,Violation_201,58.0,Pz,12.43012,44.0,90
LOND,lond014,Violation_201,58.0,Cz,8.80501,44.0,90
LOND,lond014,Violation_201,58.0,CP1,3.412642,44.0,90
LOND,lond014,Violation_201,58.0,CP2,11.70058,44.0,90
LOND,lond014,Violation_201,58.0,P3,2.82751,44.0,90
LOND,lond014,Violation_201,58.0,P4,13.34772,44.0,90
LOND,lond014,Violation_201,58.0,C3,10.22466,44.0,90
LOND,lond014,Violation_201,58.0,C4,5.442677,44.0,90
LOND,lond014,Violation_201,58.0,P7,16.9561,44.0,90
LOND,lond014,Violation_201,58.0,P8,9.639049,44.0,90
LOND,lond014,Violation_201,58.0,O1,3.214615,44.0,90
LOND,lond014,Violation_201,58.0,O2,8.565502,44.0,90
LOND,lond014,Control_202,45.0,Pz,8.104462,54.0,77
LOND,lond014,Control_202,45.0,Cz,3.989082,54.0,77
LOND,lond014,Control_202,45.0,CP1,9.125687,54.0,77
LOND,lond014,Control_202,45.0,CP2,4.602275,54.0,77
LOND,lond014,Control_202,45.0,P3,7.216894,54.0,77
LOND,lond014,Control_202,45.0,P4,8.424132,54.0,77
LOND,lond014,Control_202,45.0,C3,13.58748,54.0,77
LOND,lond014,Control_202,45.0,C4,-7.311755,54.0,77
LOND,lond014,Control_202,45.0,P7,13.83082,54.0,77
LOND,lond014,Control_202,45.0,P8,10.49878,54.0,77
LOND,lond014,Control_202,45.0,O1,2.203618,54.0,77
LOND,lond014,Control_202,45.0,O2,7.390473,54.0,77
LOND,lond014,Violation_201,46.0,Pz,-2.941094,58.0,73
LOND,lond014,Violation_201,46.0,Cz,-6.510272,58.0,73
LOND,lond014,Violation_201,46.0,CP1,-9.613605,58.0,73
LOND,lond014,Violation_201,46.0,CP2,-8.871055,58.0,73
LOND,lond014,Violation_201,46.0,P3,-17.17602,58.0,73
LOND,lond014,Violation_201,46.0,P4,-0.6676484,58.0,73
LOND,lond014,Violation_201,46.0,C3,-7.537164,58.0,73
LOND,lond014,Violation_201,46.0,C4,-25.72793,58.0,73
LOND,lond014,Violation_201,46.0,P7,-13.98446,58.0,73
LOND,lond014,Violation_201,46.0,P8,-7.633111,58.0,73
LOND,lond014,Violation_201,46.0,O1,-18.75031,58.0,73
LOND,lond014,Violation_201,46.0,O2,-8.53648,58.0,73
LOND,lond014,Control_202,53.0,Pz,7.567426,42.0,37
LOND,lond014,Control_202,53.0,Cz,13.46444,42.0,37
LOND,lond014,Control_202,53.0,CP1,10.45069,42.0,37
LOND,lond014,Control_202,53.0,CP2,12.90814,42.0,37
LOND,lond014,Control_202,53.0,P3,7.214451,42.0,37
LOND,lond014,Control_202,53.0,P4,22.02504,42.0,37
LOND,lond014,Control_202,53.0,C3,6.554908,42.0,37
LOND,lond014,Control_202,53.0,C4,26.29137,42.0,37
LOND,lond014,Control_202,53.0,P7,9.68223,42.0,37
LOND,lond014,Control_202,53.0,P8,9.774172,42.0,37
LOND,lond014,Control_202,53.0,O1,0.0578877,42.0,37
LOND,lond014,Control_202,53.0,O2,11.50845,42.0,37
LOND,lond014,Violation_201,42.0,Pz,-6.38097,50.0,37
LOND,lond014,Violation_201,42.0,Cz,-5.536925,50.0,37
LOND,lond014,Violation_201,42.0,CP1,-5.143343,50.0,37
LOND,lond014,Violation_201,42.0,CP2,-12.61675,50.0,37
LOND,lond014,Violation_201,42.0,P3,-6.176062,50.0,37
LOND,lond014,Violation_201,42.0,P4,-27.50211,50.0,37
LOND,lond014,Violation_201,42.0,C3,-7.095951,50.0,37
LOND,lond014,Violation_201,42.0,C4,-0.5012848,50.0,37
LOND,lond014,Violation_201,42.0,P7,-7.361757,50.0,37
LOND,lond014,Violation_201,42.0,P8,-17.40994,50.0,37
LOND,lond014,Violation_201,42.0,O1,5.452299,50.0,37
LOND,lond014,Violation_201,42.0,O2,-6.466139,50.0,37
LOND,lond014,Control_202,49.0,Pz,-22.71241,46.0,63
LOND,lond014,Control_202,49.0,Cz,-23.69571,46.0,63
LOND,lond014,Control_202,49.0,CP1,-31.701,46.0,63
LOND,lond014,Control_202,49.0,CP2,-24.68195,46.0,63
LOND,lond014,Control_202,49.0,P3,-34.79617,46.0,63
LOND,lond014,Control_202,49.0,P4,-10.23066,46.0,63
LOND,lond014,Control_202,49.0,C3,-28.68322,46.0,63
LOND,lond014,Control_202,49.0,C4,-21.02559,46.0,63
LOND,lond014,Control_202,49.0,P7,-26.29335,46.0,63
LOND,lond014,Control_202,49.0,P8,-31.38412,46.0,63
LOND,lond014,Control_202,49.0,O1,-19.72887,46.0,63
LOND,lond014,Control_202,49.0,O2,-14.4592,46.0,63
LOND,lond014,Control_202,57.0,Pz,19.80975,52.0,87
LOND,lond014,Control_202,57.0,Cz,16.16519,52.0,87
LOND,lond014,Control_202,57.0,CP1,19.03154,52.0,87
LOND,lond014,Control_202,57.0,CP2,21.17766,52.0,87
LOND,lond014,Control_202,57.0,P3,10.22745,52.0,87
LOND,lond014,Control_202,57.0,P4,18.37777,52.0,87
LOND,lond014,Control_202,57.0,C3,11.1564,52.0,87
LOND,lond014,Control_202,57.0,C4,0.4353992,52.0,87
LOND,lond014,Control_202,57.0,P7,13.63318,52.0,87
LOND,lond014,Control_202,57.0,P8,-17.62694,52.0,87
LOND,lond014,Control_202,57.0,O1,22.16858,52.0,87
LOND,lond014,Control_202,57.0,O2,8.977028,52.0,87
LOND,lond014,Violation_201,62.0,Pz,17.35609,62.0,70
LOND,lond014,Violation_201,62.0,Cz,12.48734,62.0,70
LOND,lond014,Violation_201,62.0,CP1,24.87582,62.0,70
LOND,lond014,Violation_201,62.0,CP2,19.64521,62.0,70
LOND,lond014,Violation_201,62.0,P3,23.50491,62.0,70
LOND,lond014,Violation_201,62.0,P4,11.28274,62.0,70
LOND,lond014,Violation_201,62.0,C3,24.45747,62.0,70
LOND,lond014,Violation_201,62.0,C4,34.06438,62.0,70
LOND,lond014,Violation_201,62.0,P7,29.30534,62.0,70
LOND,lond014,Violation_201,62.0,P8,25.51528,62.0,70
LOND,lond014,Violation_201,62.0,O1,9.521173,62.0,70
LOND,lond014,Violation_201,62.0,O2,24.46924,62.0,70
LOND,lond014,Violation_201,78.0,Pz,8.289696,65.0,93
LOND,lond014,Violation_201,78.0,Cz,14.37987,65.0,93
LOND,lond014,Violation_201,78.0,CP1,1.729253,65.0,93
LOND,lond014,Violation_201,78.0,CP2,7.845432,65.0,93
LOND,lond014,Violation_201,78.0,P3,8.323451,65.0,93
LOND,lond014,Violation_201,78.0,P4,1.127041,65.0,93
LOND,lond014,Violation_201,78.0,C3,18.1333,65.0,93
LOND,lond014,Violation_201,78.0,C4,-7.60791,65.0,93
LOND,lond014,Violation_201,78.0,P7,3.659314,65.0,93
LOND,lond014,Violation_201,78.0,P8,5.977654,65.0,93
LOND,lond014,Violation_201,78.0,O1,0.08518536,65.0,93
LOND,lond014,Violation_201,78.0,O2,5.449124,65.0,93
LOND,lond014,Violation_201,74.0,Pz,19.92789,77.0,100
LOND,lond014,Violation_201,74.0,Cz,33.08583,77.0,100
LOND,lond014,Violation_201,74.0,CP1,33.43683,77.0,100
LOND,lond014,Violation_201,74.0,CP2,22.04063,77.0,100
LOND,lond014,Violation_201,74.0,P3,20.92312,77.0,100
LOND,lond014,Violation_201,74.0,P4,11.19556,77.0,100
LOND,lond014,Violation_201,74.0,C3,30.26596,77.0,100
LOND,lond014,Violation_201,74.0,C4,37.17476,77.0,100
LOND,lond014,Violation_201,74.0,P7,11.10589,77.0,100
LOND,lond014,Violation_201,74.0,P8,14.54926,77.0,100
LOND,lond014,Violation_201,74.0,O1,23.93639,77.0,100
LOND,lond014,Violation_201,74.0,O2,12.7703,77.0,100
LOND,lond014,Violation_201,70.0,Pz,16.07065,73.0,80
LOND,lond014,Violation_201,70.0,Cz,-4.031386,73.0,80
LOND,lond014,Violation_201,70.0,CP1,0.3749757,73.0,80
LOND,lond014,Violation_201,70.0,CP2,4.63784,73.0,80
LOND,lond014,Violation_201,70.0,P3,-4.70918,73.0,80
LOND,lond014,Violation_201,70.0,P4,-10.93904,73.0,80
LOND,lond014,Violation_201,70.0,C3,-8.323236,73.0,80
LOND,lond014,Violation_201,70.0,C4,-15.50655,73.0,80
LOND,lond014,Violation_201,70.0,P7,-1.01942,73.0,80
LOND,lond014,Violation_201,70.0,P8,7.564347,73.0,80
LOND,lond014,Violation_201,70.0,O1,-0.9241109,73.0,80
LOND,lond014,Violation_201,70.0,O2,5.827554,73.0,80
LOND,lond014,Control_202,73.0,Pz,1.199894,64.0,50
LOND,lond014,Control_202,73.0,Cz,8.347826,64.0,50
LOND,lond014,Control_202,73.0,CP1,5.360598,64.0,50
LOND,lond014,Control_202,73.0,CP2,2.979652,64.0,50
LOND,lond014,Control_202,73.0,P3,3.632226,64.0,50
LOND,lond014,Control_202,73.0,P4,5.490424,64.0,50
LOND,lond014,Control_202,73.0,C3,5.603898,64.0,50
LOND,lond014,Control_202,73.0,C4,0.5805061,64.0,50
LOND,lond014,Control_202,73.0,P7,-15.14785,64.0,50
LOND,lond014,Control_202,73.0,P8,-9.100472,64.0,50
LOND,lond014,Control_202,73.0,O1,-1.741978,64.0,50
LOND,lond014,Control_202,73.0,O2,-8.089275,64.0,50
LOND,lond014,Control_202,61.0,Pz,5.715793,72.0,90
LOND,lond014,Control_202,61.0,Cz,11.7015,72.0,90
LOND,lond014,Control_202,61.0,CP1,11.0127,72.0,90
LOND,lond014,Control_202,61.0,CP2,9.294547,72.0,90
LOND,lond014,Control_202,61.0,P3,3.599414,72.0,90
LOND,lond014,Control_202,61.0,P4,8.98373,72.0,90
LOND,lond014,Control_202,61.0,C3,12.4832,72.0,90
LOND,lond014,Control_202,61.0,C4,13.69411,72.0,90
LOND,lond014,Control_202,61.0,P7,5.997422,72.0,90
LOND,lond014,Control_202,61.0,P8,19.37787,72.0,90
LOND,lond014,Control_202,61.0,O1,-18.7099,72.0,90
LOND,lond014,Control_202,61.0,O2,4.646154,72.0,90
LOND,lond014,Violation_201,66.0,Pz,-15.01174,74.0,93
LOND,lond014,Violation_201,66.0,Cz,-7.329515,74.0,93
LOND,lond014,Violation_201,66.0,CP1,-9.887952,74.0,93
LOND,lond014,Violation_201,66.0,CP2,-12.5889,74.0,93
LOND,lond014,Violation_201,66.0,P3,-10.16843,74.0,93
LOND,lond014,Violation_201,66.0,P4,-11.06569,74.0,93
LOND,lond014,Violation_201,66.0,C3,-14.59008,74.0,93
LOND,lond014,Violation_201,66.0,C4,-15.87678,74.0,93
LOND,lond014,Violation_201,66.0,P7,-20.14275,74.0,93
LOND,lond014,Violation_201,66.0,P8,-30.00731,74.0,93
LOND,lond014,Violation_201,66.0,O1,-17.04155,74.0,93
LOND,lond014,Violation_201,66.0,O2,-11.33173,74.0,93
LOND,lond014,Control_202,77.0,Pz,6.37236,68.0,27
LOND,lond014,Control_202,77.0,Cz,12.31501,68.0,27
LOND,lond014,Control_202,77.0,CP1,11.7603,68.0,27
LOND,lond014,Control_202,77.0,CP2,12.3422,68.0,27
LOND,lond014,Control_202,77.0,P3,8.953445,68.0,27
LOND,lond014,Control_202,77.0,P4,32.62445,68.0,27
LOND,lond014,Control_202,77.0,C3,9.20818,68.0,27
LOND,lond014,Control_202,77.0,C4,2.483786,68.0,27
LOND,lond014,Control_202,77.0,P7,-8.981582,68.0,27
LOND,lond014,Control_202,77.0,P8,-3.397537,68.0,27
LOND,lond014,Control_202,77.0,O1,0.2385867,68.0,27
LOND,lond014,Control_202,77.0,O2,-5.774967,68.0,27
LOND,lond014,Control_202,65.0,Pz,-6.785191,75.0,60
LOND,lond014,Control_202,65.0,Cz,-19.26229,75.0,60
LOND,lond014,Control_202,65.0,CP1,-13.51828,75.0,60
LOND,lond014,Control_202,65.0,CP2,-7.219738,75.0,60
LOND,lond014,Control_202,65.0,P3,-6.264894,75.0,60
LOND,lond014,Control_202,65.0,P4,-13.55936,75.0,60
LOND,lond014,Control_202,65.0,C3,-12.78031,75.0,60
LOND,lond014,Control_202,65.0,C4,-20.74219,75.0,60
LOND,lond014,Control_202,65.0,P7,-11.22601,75.0,60
LOND,lond014,Control_202,65.0,P8,-2.659129,75.0,60
LOND,lond014,Control_202,65.0,O1,-4.162287,75.0,60
LOND,lond014,Control_202,65.0,O2,-1.356507,75.0,60
LOND,lond014,Control_202,69.0,Pz,-31.62336,70.0,57
LOND,lond014,Control_202,69.0,Cz,-38.62311,70.0,57
LOND,lond014,Control_202,69.0,CP1,-28.80043,70.0,57
LOND,lond014,Control_202,69.0,CP2,-35.9282,70.0,57
LOND,lond014,Control_202,69.0,P3,-38.49494,70.0,57
LOND,lond014,Control_202,69.0,P4,-51.73181,70.0,57
LOND,lond014,Control_202,69.0,C3,-24.33969,70.0,57
LOND,lond014,Control_202,69.0,C4,-18.30509,70.0,57
LOND,lond014,Control_202,69.0,P7,-37.21507,70.0,57
LOND,lond014,Control_202,69.0,P8,-53.16525,70.0,57
LOND,lond014,Control_202,69.0,O1,-38.52509,70.0,57
LOND,lond014,Control_202,69.0,O2,-40.39766,70.0,57
LOND,lond015,Control_202,7.0,Pz,-11.57166,13.0,97
LOND,lond015,Control_202,7.0,Cz,-2.495286,13.0,97
LOND,lond015,Control_202,7.0,CP1,-0.04576892,13.0,97
LOND,lond015,Control_202,7.0,CP2,-13.72212,13.0,97
LOND,lond015,Control_202,7.0,P3,-18.12862,13.0,97
LOND,lond015,Control_202,7.0,P4,-6.989655,13.0,97
LOND,lond015,Control_202,7.0,C3,-22.63099,13.0,97
LOND,lond015,Control_202,7.0,C4,0.2285184,13.0,97
LOND,lond015,Control_202,7.0,P7,-10.22355,13.0,97
LOND,lond015,Control_202,7.0,P8,-6.951236,13.0,97
LOND,lond015,Control_202,7.0,O1,4.925893,13.0,97
LOND,lond015,Control_202,7.0,O2,-5.20935,13.0,97
LOND,lond015,Control_202,15.0,Pz,15.3186,19.0,100
LOND,lond015,Control_202,15.0,Cz,15.09755,19.0,100
LOND,lond015,Control_202,15.0,CP1,15.73976,19.0,100
LOND,lond015,Control_202,15.0,CP2,9.837551,19.0,100
LOND,lond015,Control_202,15.0,P3,18.02823,19.0,100
LOND,lond015,Control_202,15.0,P4,22.10458,19.0,100
LOND,lond015,Control_202,15.0,C3,16.45073,19.0,100
LOND,lond015,Control_202,15.0,C4,16.70872,19.0,100
LOND,lond015,Control_202,15.0,P7,15.13552,19.0,100
LOND,lond015,Control_202,15.0,P8,17.88314,19.0,100
LOND,lond015,Control_202,15.0,O1,21.20055,19.0,100
LOND,lond015,Control_202,15.0,O2,32.8916,19.0,100
LOND,lond015,Violation_201,16.0,Pz,-25.26105,1.0,97
LOND,lond015,Violation_201,16.0,Cz,-9.162615,1.0,97
LOND,lond015,Violation_201,16.0,CP1,-18.33363,1.0,97
LOND,lond015,Violation_201,16.0,CP2,-29.24844,1.0,97
LOND,lond015,Violation_201,16.0,P3,-30.86179,1.0,97
LOND,lond015,Violation_201,16.0,P4,-18.90552,1.0,97
LOND,lond015,Violation_201,16.0,C3,-17.42385,1.0,97
LOND,lond015,Violation_201,16.0,C4,-15.56745,1.0,97
LOND,lond015,Violation_201,16.0,P7,-18.41835,1.0,97
LOND,lond015,Violation_201,16.0,P8,-18.46797,1.0,97
LOND,lond015,Violation_201,16.0,O1,-26.56431,1.0,97
LOND,lond015,Violation_201,16.0,O2,-14.52273,1.0,97
LOND,lond015,Violation_201,8.0,Pz,1.605413,8.0,97
LOND,lond015,Violation_201,8.0,Cz,-15.52351,8.0,97
LOND,lond015,Violation_201,8.0,CP1,-12.67123,8.0,97
LOND,lond015,Violation_201,8.0,CP2,-4.247242,8.0,97
LOND,lond015,Violation_201,8.0,P3,-0.4866971,8.0,97
LOND,lond015,Violation_201,8.0,P4,-13.4396,8.0,97
LOND,lond015,Violation_201,8.0,C3,5.787553,8.0,97
LOND,lond015,Violation_201,8.0,C4,0.9547141,8.0,97
LOND,lond015,Violation_201,8.0,P7,-10.03082,8.0,97
LOND,lond015,Violation_201,8.0,P8,-11.34527,8.0,97
LOND,lond015,Violation_201,8.0,O1,-7.919523,8.0,97
LOND,lond015,Violation_201,8.0,O2,-13.38335,8.0,97
LOND,lond015,Violation_201,12.0,Pz,-10.95153,4.0,93
LOND,lond015,Violation_201,12.0,Cz,-0.8270825,4.0,93
LOND,lond015,Violation_201,12.0,CP1,-22.21462,4.0,93
LOND,lond015,Violation_201,12.0,CP2,-4.470379,4.0,93
LOND,lond015,Violation_201,12.0,P3,2.094024,4.0,93
LOND,lond015,Violation_201,12.0,P4,-5.361408,4.0,93
LOND,lond015,Violation_201,12.0,C3,-11.15969,4.0,93
LOND,lond015,Violation_201,12.0,C4,-14.42375,4.0,93
LOND,lond015,Violation_201,12.0,P7,4.114285,4.0,93
LOND,lond015,Violation_201,12.0,P8,-7.734461,4.0,93
LOND,lond015,Violation_201,12.0,O1,-9.436285,4.0,93
LOND,lond015,Violation_201,12.0,O2,-18.62375,4.0,93
LOND,lond015,Violation_201,4.0,Pz,13.68643,14.0,90
LOND,lond015,Violation_201,4.0,Cz,-9.773287,14.0,90
LOND,lond015,Violation_201,4.0,CP1,14.51702,14.0,90
LOND,lond015,Violation_201,4.0,CP2,30.94006,14.0,90
LOND,lond015,Violation_201,4.0,P3,23.94345,14.0,90
LOND,lond015,Violation_201,4.0,P4,23.19551,14.0,90
LOND,lond015,Violation_201,4.0,C3,23.36915,14.0,90
LOND,lond015,Violation_201,4.0,C4,23.68391,14.0,90
LOND,lond015,Violation_201,4.0,P7,22.09961,14.0,90
LOND,lond015,Violation_201,4.0,P8,19.7282,14.0,90
LOND,lond015,Violation_201,4.0,O1,5.700787,14.0,90
LOND,lond015,Violation_201,4.0,O2,21.53782,14.0,90
LOND,lond015,Violation_201,20.0,Pz,15.48608,3.0,100
LOND,lond015,Violation_201,20.0,Cz,1.466616,3.0,100
LOND,lond015,Violation_201,20.0,CP1,3.374189,3.0,100
LOND,lond015,Violation_201,20.0,CP2,17.21949,3.0,100
LOND,lond015,Violation_201,20.0,P3,-3.066257,3.0,100
LOND,lond015,Violation_201,20.0,P4,4.360902,3.0,100
LOND,lond015,Violation_201,20.0,C3,24.66491,3.0,100
LOND,lond015,Violation_201,20.0,C4,36.62054,3.0,100
LOND,lond015,Violation_201,20.0,P7,5.746488,3.0,100
LOND,lond015,Violation_201,20.0,P8,-5.285569,3.0,100
LOND,lond015,Violation_201,20.0,O1,-7.49284,3.0,100
LOND,lond015,Violation_201,20.0,O2,-8.75813,3.0,100
LOND,lond015,Control_202,19.0,Pz,-7.86709,18.0,87
LOND,lond015,Control_202,19.0,Cz,-8.513677,18.0,87
LOND,lond015,Control_202,19.0,CP1,-8.584062,18.0,87
LOND,lond015,Control_202,19.0,CP2,-11.06684,18.0,87
LOND,lond015,Control_202,19.0,P3,-15.45738,18.0,87
LOND,lond015,Control_202,19.0,P4,2.933855,18.0,87
LOND,lond015,Control_202,19.0,C3,-21.20005,18.0,87
LOND,lond015,Control_202,19.0,C4,-6.918274,18.0,87
LOND,lond015,Control_202,19.0,P7,-5.231845,18.0,87
LOND,lond015,Control_202,19.0,P8,7.727947,18.0,87
LOND,lond015,Control_202,19.0,O1,-2.708431,18.0,87
LOND,lond015,Control_202,19.0,O2,-2.106223,18.0,87
LOND,lond015,Control_202,11.0,Pz,-19.31144,17.0,62
LOND,lond015,Control_202,11.0,Cz,-18.68888,17.0,62
LOND,lond015,Control_202,11.0,CP1,-3.246983,17.0,62
LOND,lond015,Control_202,11.0,CP2,-12.53164,17.0,62
LOND,lond015,Control_202,11.0,P3,-11.18066,17.0,62
LOND,lond015,Control_202,11.0,P4,-9.206852,17.0,62
LOND,lond015,Control_202,11.0,C3,-36.71143,17.0,62
LOND,lond015,Control_202,11.0,C4,-39.20781,17.0,62
LOND,lond015,Control_202,11.0,P7,-5.764881,17.0,62
LOND,lond015,Control_202,11.0,P8,-9.724834,17.0,62
LOND,lond015,Control_202,11.0,O1,12.76345,17.0,62
LOND,lond015,Control_202,11.0,O2,-5.335466,17.0,62
LOND,lond015,Violation_201,40.0,Pz,3.506002,38.0,93
LOND,lond015,Violation_201,40.0,Cz,8.301618,38.0,93
LOND,lond015,Violation_201,40.0,CP1,0.9177103,38.0,93
LOND,lond015,Violation_201,40.0,CP2,5.556621,38.0,93
LOND,lond015,Violation_201,40.0,P3,-7.373751,38.0,93
LOND,lond015,Violation_201,40.0,P4,4.268092,38.0,93
LOND,lond015,Violation_201,40.0,C3,-0.06951763,38.0,93
LOND,lond015,Violation_201,40.0,C4,-3.239175,38.0,93
LOND,lond015,Violation_201,40.0,P7,-6.929823,38.0,93
LOND,lond015,Violation_201,40.0,P8,0.8054067,38.0,93
LOND,lond015,Violation_201,40.0,O1,-1.105952,38.0,93
LOND,lond015,Violation_201,40.0,O2,10.71005,38.0,93
LOND,lond015,Control_202,39.0,Pz,-3.140972,36.0,77
LOND,lond015,Control_202,39.0,Cz,-1.532166,36.0,77
LOND,lond015,Control_202,39.0,CP1,1.781305,36.0,77
LOND,lond015,Control_202,39.0,CP2,-0.05945466,36.0,77
LOND,lond015,Control_202,39.0,P3,-11.29478,36.0,77
LOND,lond015,Control_202,39.0,P4,3.132348,36.0,77
LOND,lond015,Control_202,39.0,C3,-10.25244,36.0,77
LOND,lond015,Control_202,39.0,C4,-6.572693,36.0,77
LOND,lond015,Control_202,39.0,P7,-10.54852,36.0,77
LOND,lond015,Control_202,39.0,P8,5.531287,36.0,77
LOND,lond015,Control_202,39.0,O1,-3.909126,36.0,77
LOND,lond015,Control_202,39.0,O2,11.89358,36.0,77
LOND,lond015,Control_202,27.0,Pz,0.5239806,23.0,93
LOND,lond015,Control_202,27.0,Cz,4.616317,23.0,93
LOND,lond015,Control_202,27.0,CP1,13.89512,23.0,93
LOND,lond015,Control_202,27.0,CP2,7.961689,23.0,93
LOND,lond015,Control_202,27.0,P3,4.194324,23.0,93
LOND,lond015,Control_202,27.0,P4,15.61715,23.0,93
LOND,lond015,Control_202,27.0,C3,5.381954,23.0,93
LOND,lond015,Control_202,27.0,C4,4.886611,23.0,93
LOND,lond015,Control_202,27.0,P7,4.763788,23.0,93
LOND,lond015,Control_202,27.0,P8,12.52978,23.0,93
LOND,lond015,Control_202,27.0,O1,10.34533,23.0,93
LOND,lond015,Control_202,27.0,O2,10.01002,23.0,93
LOND,lond015,Violation_201,24.0,Pz,-0.7104461,33.0,53
LOND,lond015,Violation_201,24.0,Cz,-11.60499,33.0,53
LOND,lond015,Violation_201,24.0,CP1,-13.68076,33.0,53
LOND,lond015,Violation_201,24.0,CP2,-9.243179,33.0,53
LOND,lond015,Violation_201,24.0,P3,0.472379,33.0,53
LOND,lond015,Violation_201,24.0,P4,-1.008099,33.0,53
LOND,lond015,Violation_201,24.0,C3,-1.487411,33.0,53
LOND,lond015,Violation_201,24.0,C4,17.80879,33.0,53
LOND,lond015,Violation_201,24.0,P7,-7.105844,33.0,53
LOND,lond015,Violation_201,24.0,P8,6.99755,33.0,53
LOND,lond015,Violation_201,24.0,O1,-3.8028,33.0,53
LOND,lond015,Violation_201,24.0,O2,3.116738,33.0,53
LOND,lond015,Violation_201,28.0,Pz,10.73214,27.0,97
LOND,lond015,Violation_201,28.0,Cz,17.38426,27.0,97
LOND,lond015,Violation_201,28.0,CP1,18.64275,27.0,97
LOND,lond015,Violation_201,28.0,CP2,6.196234,27.0,97
LOND,lond015,Violation_201,28.0,P3,9.792899,27.0,97
LOND,lond015,Violation_201,28.0,P4,13.27841,27.0,97
LOND,lond015,Violation_201,28.0,C3,9.196378,27.0,97
LOND,lond015,Violation_201,28.0,C4,-4.027519,27.0,97
LOND,lond015,Violation_201,28.0,P7,31.36101,27.0,97
LOND,lond015,Violation_201,28.0,P8,3.173887,27.0,97
LOND,lond015,Violation_201,28.0,O1,25.10343,27.0,97
LOND,lond015,Violation_201,28.0,O2,16.38156,27.0,97
LOND,lond015,Control_202,35.0,Pz,-9.160315,35.0,97
LOND,lond015,Control_202,35.0,Cz,-22.12558,35.0,97
LOND,lond015,Control_202,35.0,CP1,-3.006475,35.0,97
LOND,lond015,Control_202,35.0,CP2,14.68063,35.0,97
LOND,lond015,Control_202,35.0,P3,-2.510808,35.0,97
LOND,lond015,Control_202,35.0,P4,4.795768,35.0,97
LOND,lond015,Control_202,35.0,C3,-7.763056,35.0,97
LOND,lond015,Control_202,35.0,C4,-6.698071,35.0,97
LOND,lond015,Control_202,35.0,P7,-10.03153,35.0,97
LOND,lond015,Control_202,35.0,P8,9.949107,35.0,97
LOND,lond015,Control_202,35.0,O1,-15.23789,35.0,97
LOND,lond015,Control_202,35.0,O2,-1.299415,35.0,97
LOND,lond015,Control_202,31.0,Pz,-5.977203,28.0,27
LOND,lond015,Control_202,31.0,Cz,-27.34159,28.0,27
LOND,lond015,Control_202,31.0,CP1,-1.981128,28.0,27
LOND,lond015,Control_202,31.0,CP2,-24.65672,28.0,27
LOND,lond015,Control_202,31.0,P3,-9.366891,28.0,27
LOND,lond015,Control_202,31.0,P4,-9.202781,28.0,27
LOND,lond015,Control_202,31.0,C3,-19.38363,28.0,27
LOND,lond015,Control_202,31.0,C4,-16.3204,28.0,27
LOND,lond015,Control_202,31.0,P7,-16.02083,28.0,27
LOND,lond015,Control_202,31.0,P8,-8.293358,28.0,27
LOND,lond015,Control_202,31.0,O1,-14.63155,28.0,27
LOND,lond015,Control_202,31.0,O2,-12.51247,28.0,27
LOND,lond015,Violation_201,32.0,Pz,13.1129,29.0,90
LOND,lond015,Violation_201,32.0,Cz,23.88863,29.0,90
LOND,lond015,Violation_201,32.0,CP1,30.23529,29.0,90
LOND,lond015,Violation_201,32.0,CP2,33.14261,29.0,90
LOND,lond015,Violation_201,32.0,P3,22.51966,29.0,90
LOND,lond015,Violation_201,32.0,P4,4.083937,29.0,90
LOND,lond015,Violation_201,32.0,C3,39.2951,29.0,90
LOND,lond015,Violation_201,32.0,C4,17.13278,29.0,90
LOND,lond015,Violation_201,32.0,P7,16.31502,29.0,90
LOND,lond015,Violation_201,32.0,P8,6.297485,29.0,90
LOND,lond015,Violation_201,32.0,O1,-1.199382,29.0,90
LOND,lond015,Violation_201,32.0,O2,-3.946075,29.0,90
LOND,lond015,Violation_201,36.0,Pz,1.403852,31.0,77
LOND,lond015,Violation_201,36.0,Cz,1.436162,31.0,77
LOND,lond015,Violation_201,36.0,CP1,-5.130946,31.0,77
LOND,lond015,Violation_201,36.0,CP2,-17.5029,31.0,77
LOND,lond015,Violation_201,36.0,P3,3.076612,31.0,77
LOND,lond015,Violation_201,36.0,P4,2.449771,31.0,77
LOND,lond015,Violation_201,36.0,C3,1.983574,31.0,77
LOND,lond015,Violation_201,36.0,C4,20.47472,31.0,77
LOND,lond015,Violation_201,36.0,P7,2.95204,31.0,77
LOND,lond015,Violation_201,36.0,P8,6.110221,31.0,77
LOND,lond015,Violation_201,36.0,O1,15.57834,31.0,77
LOND,lond015,Violation_201,36.0,O2,11.33897,31.0,77
LOND,lond015,Control_202,55.0,Pz,-18.78073,45.0,67
LOND,lond015,Control_202,55.0,Cz,-9.341529,45.0,67
LOND,lond015,Control_202,55.0,CP1,-4.673948,45.0,67
LOND,lond015,Control_202,55.0,CP2,-3.485677,45.0,67
LOND,lond015,Control_202,55.0,P3,-9.207531,45.0,67
LOND,lond015,Control_202,55.0,P4,-25.51905,45.0,67
LOND,lond015,Control_202,55.0,C3,-2.002618,45.0,67
LOND,lond015,Control_202,55.0,C4,-17.37466,45.0,67
LOND,lond015,Control_202,55.0,P7,1.607795,45.0,67
LOND,lond015,Control_202,55.0,P8,-13.58428,45.0,67
LOND,lond015,Control_202,55.0,O1,-19.56697,45.0,67
LOND,lond015,Control_202,55.0,O2,-11.52519,45.0,67
LOND,lond015,Violation_201,56.0,Pz,-20.0778,46.0,63
LOND,lond015,Violation_201,56.0,Cz,-18.69419,46.0,63
LOND,lond015,Violation_201,56.0,CP1,-26.84538,46.0,63
LOND,lond015,Violation_201,56.0,CP2,-21.85109,46.0,63
LOND,lond015,Violation_201,56.0,P3,-18.92793,46.0,63
LOND,lond015,Violation_201,56.0,P4,-11.72021,46.0,63
LOND,lond015,Violation_201,56.0,C3,-12.19818,46.0,63
LOND,lond015,Violation_201,56.0,C4,13.56478,46.0,63
LOND,lond015,Violation_201,56.0,P7,-23.97283,46.0,63
LOND,lond015,Violation_201,56.0,P8,0.4954132,46.0,63
LOND,lond015,Violation_201,56.0,O1,-22.75775,46.0,63
LOND,lond015,Violation_201,56.0,O2,-3.481003,46.0,63
LOND,lond015,Violation_201,52.0,Pz,23.9992,44.0,90
LOND,lond015,Violation_201,52.0,Cz,16.20118,44.0,90
LOND,lond015,Violation_201,52.0,CP1,20.18576,44.0,90
LOND,lond015,Violation_201,52.0,CP2,4.3858,44.0,90
LOND,lond015,Violation_201,52.0,P3,22.68886,44.0,90
LOND,lond015,Violation_201,52.0,P4,15.16079,44.0,90
LOND,lond015,Violation_201,52.0,C3,5.435813,44.0,90
LOND,lond015,Violation_201,52.0,C4,34.84279,44.0,90
LOND,lond015,Violation_201,52.0,P7,27.28888,44.0,90
LOND,lond015,Violation_201,52.0,P8,5.421975,44.0,90
LOND,lond015,Violation_201,52.0,O1,15.66651,44.0,90
LOND,lond015,Violation_201,52.0,O2,5.891772,44.0,90
LOND,lond015,Violation_201,43.0,Pz,24.08269,55.0,93
LOND,lond015,Violation_201,43.0,Cz,25.30084,55.0,93
LOND,lond015,Violation_201,43.0,CP1,18.10676,55.0,93
LOND,lond015,Violation_201,43.0,CP2,17.41988,55.0,93
LOND,lond015,Violation_201,43.0,P3,6.845146,55.0,93
LOND,lond015,Violation_201,43.0,P4,5.2757,55.0,93
LOND,lond015,Violation_201,43.0,C3,30.88034,55.0,93
LOND,lond015,Violation_201,43.0,C4,21.23165,55.0,93
LOND,lond015,Violation_201,43.0,P7,3.135638,55.0,93
LOND,lond015,Violation_201,43.0,P8,2.68807,55.0,93
LOND,lond015,Violation_201,43.0,O1,11.30005,55.0,93
LOND,lond015,Violation_201,43.0,O2,3.623115,55.0,93
LOND,lond015,Control_202,44.0,Pz,-7.088759,42.0,37
LOND,lond015,Control_202,44.0,Cz,-3.983355,42.0,37
LOND,lond015,Control_202,44.0,CP1,-4.21745,42.0,37
LOND,lond015,Control_202,44.0,CP2,-7.333309,42.0,37
LOND,lond015,Control_202,44.0,P3,-3.620761,42.0,37
LOND,lond015,Control_202,44.0,P4,-0.9567389,42.0,37
LOND,lond015,Control_202,44.0,C3,2.045784,42.0,37
LOND,lond015,Control_202,44.0,C4,-12.59041,42.0,37
LOND,lond015,Control_202,44.0,P7,-11.64103,42.0,37
LOND,lond015,Control_202,44.0,P8,12.89778,42.0,37
LOND,lond015,Control_202,44.0,O1,-13.23791,42.0,37
LOND,lond015,Control_202,44.0,O2,-0.8800185,42.0,37
LOND,lond015,Violation_201,48.0,Pz,4.671861,57.0,69
LOND,lond015,Violation_201,48.0,Cz,-14.27112,57.0,69
LOND,lond015,Violation_201,48.0,CP1,-6.142309,57.0,69
LOND,lond015,Violation_201,48.0,CP2,-2.513272,57.0,69
LOND,lond015,Violation_201,48.0,P3,-10.04521,57.0,69
LOND,lond015,Violation_201,48.0,P4,-2.006743,57.0,69
LOND,lond015,Violation_201,48.0,C3,4.058061,57.0,69
LOND,lond015,Violation_201,48.0,C4,5.942486,57.0,69
LOND,lond015,Violation_201,48.0,P7,8.097111,57.0,69
LOND,lond015,Violation_201,48.0,P8,-21.06453,57.0,69
LOND,lond015,Violation_201,48.0,O1,-13.45475,57.0,69
LOND,lond015,Violation_201,48.0,O2,-7.221868,57.0,69
LOND,lond015,Control_202,51.0,Pz,25.82642,47.0,100
LOND,lond015,Control_202,51.0,Cz,28.60039,47.0,100
LOND,lond015,Control_202,51.0,CP1,20.23592,47.0,100
LOND,lond015,Control_202,51.0,CP2,17.69304,47.0,100
LOND,lond015,Control_202,51.0,P3,18.38786,47.0,100
LOND,lond015,Control_202,51.0,P4,19.69076,47.0,100
LOND,lond015,Control_202,51.0,C3,25.58137,47.0,100
LOND,lond015,Control_202,51.0,C4,18.1934,47.0,100
LOND,lond015,Control_202,51.0,P7,14.40768,47.0,100
LOND,lond015,Control_202,51.0,P8,19.16569,47.0,100
LOND,lond015,Control_202,51.0,O1,11.89157,47.0,100
LOND,lond015,Control_202,51.0,O2,8.929334,47.0,100
LOND,lond015,Control_202,59.0,Pz,-31.03432,59.0,73
LOND,lond015,Control_202,59.0,Cz,-34.46335,59.0,73
LOND,lond015,Control_202,59.0,CP1,-17.17901,59.0,73
LOND,lond015,Control_202,59.0,CP2,-29.34731,59.0,73
LOND,lond015,Control_202,59.0,P3,-13.89394,59.0,73
LOND,lond015,Control_202,59.0,P4,-8.257513,59.0,73
LOND,lond015,Control_202,59.0,C3,-16.2471,59.0,73
LOND,lond015,Control_202,59.0,C4,-11.98798,59.0,73
LOND,lond015,Control_202,59.0,P7,-10.6007,59.0,73
LOND,lond015,Control_202,59.0,P8,-8.284083,59.0,73
LOND,lond015,Control_202,59.0,O1,-16.09507,59.0,73
LOND,lond015,Control_202,59.0,O2,-10.044,59.0,73
LOND,lond015,Violation_201,76.0,Pz,7.943594,68.0,27
LOND,lond015,Violation_201,76.0,Cz,-30.76502,68.0,27
LOND,lond015,Violation_201,76.0,CP1,-14.31951,68.0,27
LOND,lond015,Violation_201,76.0,CP2,17.62103,68.0,27
LOND,lond015,Violation_201,76.0,P3,-15.27923,68.0,27
LOND,lond015,Violation_201,76.0,P4,8.904712,68.0,27
LOND,lond015,Violation_201,76.0,C3,-13.15392,68.0,27
LOND,lond015,Violation_201,76.0,C4,8.639367,68.0,27
LOND,lond015,Violation_201,76.0,P7,-19.18937,68.0,27
LOND,lond015,Violation_201,76.0,P8,5.776344,68.0,27
LOND,lond015,Violation_201,76.0,O1,10.83331,68.0,27
LOND,lond015,Violation_201,76.0,O2,15.39459,68.0,27
LOND,lond015,Control_202,75.0,Pz,-4.516181,77.0,100
LOND,lond015,Control_202,75.0,Cz,8.792766,77.0,100
LOND,lond015,Control_202,75.0,CP1,4.683416,77.0,100
LOND,lond015,Control_202,75.0,CP2,-1.260301,77.0,100
LOND,lond015,Control_202,75.0,P3,-1.710202,77.0,100
LOND,lond015,Control_202,75.0,P4,-2.42567,77.0,100
LOND,lond015,Control_202,75.0,C3,2.044937,77.0,100
LOND,lond015,Control_202,75.0,C4,-9.382765,77.0,100
LOND,lond015,Control_202,75.0,P7,-3.456897,77.0,100
LOND,lond015,Control_202,75.0,P8,-6.527459,77.0,100
LOND,lond015,Control_202,75.0,O1,-4.915646,77.0,100
LOND,lond015,Control_202,75.0,O2,-16.07237,77.0,100
LOND,lond015,Control_202,63.0,Pz,-7.21834,78.0,97
LOND,lond015,Control_202,63.0,Cz,28.00908,78.0,97
LOND,lond015,Control_202,63.0,CP1,4.91264,78.0,97
LOND,lond015,Control_202,63.0,CP2,-4.70546,78.0,97
LOND,lond015,Control_202,63.0,P3,6.667391,78.0,97
LOND,lond015,Control_202,63.0,P4,6.434356,78.0,97
LOND,lond015,Control_202,63.0,C3,10.83631,78.0,97
LOND,lond015,Control_202,63.0,C4,-4.572077,78.0,97
LOND,lond015,Control_202,63.0,P7,-4.531359,78.0,97
LOND,lond015,Control_202,63.0,P8,11.17042,78.0,97
LOND,lond015,Control_202,63.0,O1,-2.469002,78.0,97
LOND,lond015,Control_202,63.0,O2,-2.374626,78.0,97
LOND,lond015,Violation_201,80.0,Pz,1.39501,79.0,97
LOND,lond015,Violation_201,80.0,Cz,-14.96073,79.0,97
LOND,lond015,Violation_201,80.0,CP1,1.362194,79.0,97
LOND,lond015,Violation_201,80.0,CP2,-24.71321,79.0,97
LOND,lond015,Violation_201,80.0,P3,-15.44342,79.0,97
LOND,lond015,Violation_201,80.0,P4,-32.72107,79.0,97
LOND,lond015,Violation_201,80.0,C3,4.358112,79.0,97
LOND,lond015,Violation_201,80.0,C4,-19.20641,79.0,97
LOND,lond015,Violation_201,80.0,P7,-23.16088,79.0,97
LOND,lond015,Violation_201,80.0,P8,-8.52642,79.0,97
LOND,lond015,Violation_201,80.0,O1,1.668719,79.0,97
LOND,lond015,Violation_201,80.0,O2,-19.08144,79.0,97
LOND,lond015,Control_202,71.0,Pz,24.10316,73.0,80
LOND,lond015,Control_202,71.0,Cz,9.403296,73.0,80
LOND,lond015,Control_202,71.0,CP1,13.38864,73.0,80
LOND,lond015,Control_202,71.0,CP2,3.217118,73.0,80
LOND,lond015,Control_202,71.0,P3,15.55176,73.0,80
LOND,lond015,Control_202,71.0,P4,13.3981,73.0,80
LOND,lond015,Control_202,71.0,C3,6.177991,73.0,80
LOND,lond015,Control_202,71.0,C4,32.47038,73.0,80
LOND,lond015,Control_202,71.0,P7,12.378,73.0,80
LOND,lond015,Control_202,71.0,P8,18.2747,73.0,80
LOND,lond015,Control_202,71.0,O1,12.92135,73.0,80
LOND,lond015,Control_202,71.0,O2,15.74075,73.0,80
LOND,lond015,Violation_201,68.0,Pz,40.66673,61.0,34
LOND,lond015,Violation_201,68.0,Cz,42.25852,61.0,34
LOND,lond015,Violation_201,68.0,CP1,27.79293,61.0,34
LOND,lond015,Violation_201,68.0,CP2,-1.242186,61.0,34
LOND,lond015,Violation_201,68.0,P3,17.23824,61.0,34
LOND,lond015,Violation_201,68.0,P4,15.14941,61.0,34
LOND,lond015,Violation_201,68.0,C3,16.0106,61.0,34
LOND,lond015,Violation_201,68.0,C4,10.8929,61.0,34
LOND,lond015,Violation_201,68.0,P7,-22.8897,61.0,34
LOND,lond015,Violation_201,68.0,P8,16.62342,61.0,34
LOND,lond015,Violation_201,68.0,O1,27.69734,61.0,34
LOND,lond015,Violation_201,68.0,O2,8.392189,61.0,34
LOND,lond015,Violation_201,64.0,Pz,-0.617217,69.0,93
LOND,lond015,Violation_201,64.0,Cz,-33.3714,69.0,93
LOND,lond015,Violation_201,64.0,CP1,-3.763703,69.0,93
LOND,lond015,Violation_201,64.0,CP2,1.407622,69.0,93
LOND,lond015,Violation_201,64.0,P3,13.60511,69.0,93
LOND,lond015,Violation_201,64.0,P4,16.98842,69.0,93
LOND,lond015,Violation_201,64.0,C3,16.30852,69.0,93
LOND,lond015,Violation_201,64.0,C4,21.55354,69.0,93
LOND,lond015,Violation_201,64.0,P7,23.35143,69.0,93
LOND,lond015,Violation_201,64.0,P8,17.71182,69.0,93
LOND,lond015,Violation_201,64.0,O1,13.65853,69.0,93
LOND,lond015,Violation_201,64.0,O2,10.67445,69.0,93
LOND,lond015,Control_202,67.0,Pz,9.959393,62.0,70
LOND,lond015,Control_202,67.0,Cz,18.80991,62.0,70
LOND,lond015,Control_202,67.0,CP1,9.924235,62.0,70
LOND,lond015,Control_202,67.0,CP2,-1.387313,62.0,70
LOND,lond015,Control_202,67.0,P3,8.364193,62.0,70
LOND,lond015,Control_202,67.0,P4,-11.12779,62.0,70
LOND,lond015,Control_202,67.0,C3,-6.640508,62.0,70
LOND,lond015,Control_202,67.0,C4,-21.83342,62.0,70
LOND,lond015,Control_202,67.0,P7,0.7805671,62.0,70
LOND,lond015,Control_202,67.0,P8,-7.650318,62.0,70
LOND,lond015,Control_202,67.0,O1,14.71924,62.0,70
LOND,lond015,Control_202,67.0,O2,-3.583876,62.0,70
LOND,lond015,Control_202,79.0,Pz,19.73811,70.0,57
LOND,lond015,Control_202,79.0,Cz,-0.8669702,70.0,57
LOND,lond015,Control_202,79.0,CP1,11.12158,70.0,57
LOND,lond015,Control_202,79.0,CP2,-4.056238,70.0,57
LOND,lond015,Control_202,79.0,P3,11.92357,70.0,57
LOND,lond015,Control_202,79.0,P4,-1.414459,70.0,57
LOND,lond015,Control_202,79.0,C3,5.132217,70.0,57
LOND,lond015,Control_202,79.0,C4,6.420815,70.0,57
LOND,lond015,Control_202,79.0,P7,11.32734,70.0,57
LOND,lond015,Control_202,79.0,P8,12.45425,70.0,57
LOND,lond015,Control_202,79.0,O1,20.42295,70.0,57
LOND,lond015,Control_202,79.0,O2,14.44138,70.0,57
LOND,lond016,Control_202,5.0,Pz,6.664918,4.0,93
LOND,lond016,Control_202,5.0,Cz,0.05427698,4.0,93
LOND,lond016,Control_202,5.0,CP1,2.918557,4.0,93
LOND,lond016,Control_202,5.0,CP2,8.968324,4.0,93
LOND,lond016,Control_202,5.0,P3,5.201744,4.0,93
LOND,lond016,Control_202,5.0,P4,-1.530691,4.0,93
LOND,lond016,Control_202,5.0,C3,5.745095,4.0,93
LOND,lond016,Control_202,5.0,C4,6.143234,4.0,93
LOND,lond016,Control_202,5.0,P7,2.039651,4.0,93
LOND,lond016,Control_202,5.0,P8,3.088939,4.0,93
LOND,lond016,Control_202,5.0,O1,4.94961,4.0,93
LOND,lond016,Control_202,5.0,O2,-0.3223485,4.0,93
LOND,lond016,Violation_201,14.0,Pz,-5.480882,6.0,100
LOND,lond016,Violation_201,14.0,Cz,-4.259529,6.0,100
LOND,lond016,Violation_201,14.0,CP1,-4.344803,6.0,100
LOND,lond016,Violation_201,14.0,CP2,-1.194145,6.0,100
LOND,lond016,Violation_201,14.0,P3,-3.344919,6.0,100
LOND,lond016,Violation_201,14.0,P4,-13.32095,6.0,100
LOND,lond016,Violation_201,14.0,C3,12.44938,6.0,100
LOND,lond016,Violation_201,14.0,C4,-3.234233,6.0,100
LOND,lond016,Violation_201,14.0,P7,-3.840525,6.0,100
LOND,lond016,Violation_201,14.0,P8,-15.01829,6.0,100
LOND,lond016,Violation_201,14.0,O1,2.218997,6.0,100
LOND,lond016,Violation_201,14.0,O2,-6.113804,6.0,100
LOND,lond016,Violation_201,18.0,Pz,8.623611,20.0,90
LOND,lond016,Violation_201,18.0,Cz,9.996705,20.0,90
LOND,lond016,Violation_201,18.0,CP1,16.5489,20.0,90
LOND,lond016,Violation_201,18.0,CP2,26.442,20.0,90
LOND,lond016,Violation_201,18.0,P3,14.75114,20.0,90
LOND,lond016,Violation_201,18.0,P4,14.92519,20.0,90
LOND,lond016,Violation_201,18.0,C3,-0.468312,20.0,90
LOND,lond016,Violation_201,18.0,C4,13.45303,20.0,90
LOND,lond016,Violation_201,18.0,P7,6.559965,20.0,90
LOND,lond016,Violation_201,18.0,P8,3.872173,20.0,90
LOND,lond016,Violation_201,18.0,O1,4.624721,20.0,90
LOND,lond016,Violation_201,18.0,O2,10.30548,20.0,90
LOND,lond016,Control_202,17.0,Pz,2.720129,15.0,90
LOND,lond016,Control_202,17.0,Cz,-2.368257,15.0,90
LOND,lond016,Control_202,17.0,CP1,3.973386,15.0,90
LOND,lond016,Control_202,17.0,CP2,5.12655,15.0,90
LOND,lond016,Control_202,17.0,P3,-0.8004888,15.0,90
LOND,lond016,Control_202,17.0,P4,-2.352236,15.0,90
LOND,lond016,Control_202,17.0,C3,-3.379381,15.0,90
LOND,lond016,Control_202,17.0,C4,-3.750555,15.0,90
LOND,lond016,Control_202,17.0,P7,4.541797,15.0,90
LOND,lond016,Control_202,17.0,P8,-4.52654,15.0,90
LOND,lond016,Control_202,17.0,O1,-11.67679,15.0,90
LOND,lond016,Control_202,17.0,O2,-2.719501,15.0,90
LOND,lond016,Control_202,13.0,Pz,-6.15315,8.0,97
LOND,lond016,Control_202,13.0,Cz,-12.0661,8.0,97
LOND,lond016,Control_202,13.0,CP1,-5.044023,8.0,97
LOND,lond016,Control_202,13.0,CP2,-18.12798,8.0,97
LOND,lond016,Control_202,13.0,P3,-8.105863,8.0,97
LOND,lond016,Control_202,13.0,P4,-6.262634,8.0,97
LOND,lond016,Control_202,13.0,C3,-3.023687,8.0,97
LOND,lond016,Control_202,13.0,C4,-10.52924,8.0,97
LOND,lond016,Control_202,13.0,P7,-2.991988,8.0,97
LOND,lond016,Control_202,13.0,P8,-4.444304,8.0,97
LOND,lond016,Control_202,13.0,O1,-10.23884,8.0,97
LOND,lond016,Control_202,13.0,O2,-5.621765,8.0,97
LOND,lond016,Control_202,9.0,Pz,-10.17066,17.0,62
LOND,lond016,Control_202,9.0,Cz,-10.70663,17.0,62
LOND,lond016,Control_202,9.0,CP1,-14.32037,17.0,62
LOND,lond016,Control_202,9.0,CP2,-10.91232,17.0,62
LOND,lond016,Control_202,9.0,P3,-9.105289,17.0,62
LOND,lond016,Control_202,9.0,P4,13.18541,17.0,62
LOND,lond016,Control_202,9.0,C3,-16.33185,17.0,62
LOND,lond016,Control_202,9.0,C4,-3.05739,17.0,62
LOND,lond016,Control_202,9.0,P7,-2.683016,17.0,62
LOND,lond016,Control_202,9.0,P8,6.332697,17.0,62
LOND,lond016,Control_202,9.0,O1,-14.95135,17.0,62
LOND,lond016,Control_202,9.0,O2,3.543564,17.0,62
LOND,lond016,Violation_201,6.0,Pz,-2.067955,3.0,100
LOND,lond016,Violation_201,6.0,Cz,-13.45497,3.0,100
LOND,lond016,Violation_201,6.0,CP1,-4.604113,3.0,100
LOND,lond016,Violation_201,6.0,CP2,-6.977673,3.0,100
LOND,lond016,Violation_201,6.0,P3,-8.042995,3.0,100
LOND,lond016,Violation_201,6.0,P4,2.957457,3.0,100
LOND,lond016,Violation_201,6.0,C3,-10.3441,3.0,100
LOND,lond016,Violation_201,6.0,C4,-2.368611,3.0,100
LOND,lond016,Violation_201,6.0,P7,-12.77051,3.0,100
LOND,lond016,Violation_201,6.0,P8,3.074175,3.0,100
LOND,lond016,Violation_201,6.0,O1,-12.33749,3.0,100
LOND,lond016,Violation_201,6.0,O2,2.651718,3.0,100
LOND,lond016,Violation_201,2.0,Pz,-14.00884,14.0,90
LOND,lond016,Violation_201,2.0,Cz,-9.193645,14.0,90
LOND,lond016,Violation_201,2.0,CP1,-16.1446,14.0,90
LOND,lond016,Violation_201,2.0,CP2,-1.820054,14.0,90
LOND,lond016,Violation_201,2.0,P3,9.773332,14.0,90
LOND,lond016,Violation_201,2.0,P4,-19.79402,14.0,90
LOND,lond016,Violation_201,2.0,C3,-14.96674,14.0,90
LOND,lond016,Violation_201,2.0,C4,-11.29209,14.0,90
LOND,lond016,Violation_201,2.0,P7,-8.589502,14.0,90
LOND,lond016,Violation_201,2.0,P8,-13.61491,14.0,90
LOND,lond016,Violation_201,2.0,O1,12.17406,14.0,90
LOND,lond016,Violation_201,2.0,O2,-9.630118,14.0,90
LOND,lond016,Control_202,1.0,Pz,4.580706,5.0,93
LOND,lond016,Control_202,1.0,Cz,7.084232,5.0,93
LOND,lond016,Control_202,1.0,CP1,8.959913,5.0,93
LOND,lond016,Control_202,1.0,CP2,1.865445,5.0,93
LOND,lond016,Control_202,1.0,P3,0.7501942,5.0,93
LOND,lond016,Control_202,1.0,P4,7.899981,5.0,93
LOND,lond016,Control_202,1.0,C3,8.679277,5.0,93
LOND,lond016,Control_202,1.0,C4,7.313157,5.0,93
LOND,lond016,Control_202,1.0,P7,-14.88964,5.0,93
LOND,lond016,Control_202,1.0,P8,0.2426201,5.0,93
LOND,lond016,Control_202,1.0,O1,6.746673,5.0,93
LOND,lond016,Control_202,1.0,O2,1.093767,5.0,93
LOND,lond016,Violation_201,10.0,Pz,4.127527,13.0,97
LOND,lond016,Violation_201,10.0,Cz,-0.1124124,13.0,97
LOND,lond016,Violation_201,10.0,CP1,1.066412,13.0,97
LOND,lond016,Violation_201,10.0,CP2,5.849864,13.0,97
LOND,lond016,Violation_201,10.0,P3,-2.563076,13.0,97
LOND,lond016,Violation_201,10.0,P4,1.62485,13.0,97
LOND,lond016,Violation_201,10.0,C3,8.334605,13.0,97
LOND,lond016,Violation_201,10.0,C4,2.087996,13.0,97
LOND,lond016,Violation_201,10.0,P7,0.2647812,13.0,97
LOND,lond016,Violation_201,10.0,P8,-3.429268,13.0,97
LOND,lond016,Violation_201,10.0,O1,-5.841239,13.0,97
LOND,lond016,Violation_201,10.0,O2,-1.562632,13.0,97
LOND,lond016,Violation_201,34.0,Pz,-1.86243,29.0,90
LOND,lond016,Violation_201,34.0,Cz,7.557924,29.0,90
LOND,lond016,Violation_201,34.0,CP1,2.254663,29.0,90
LOND,lond016,Violation_201,34.0,CP2,5.26002,29.0,90
LOND,lond016,Violation_201,34.0,P3,-2.915081,29.0,90
LOND,lond016,Violation_201,34.0,P4,2.720567,29.0,90
LOND,lond016,Violation_201,34.0,C3,5.710719,29.0,90
LOND,lond016,Violation_201,34.0,C4,-3.471348,29.0,90
LOND,lond016,Violation_201,34.0,P7,-7.966486,29.0,90
LOND,lond016,Violation_201,34.0,P8,0.492247,29.0,90
LOND,lond016,Violation_201,34.0,O1,2.504974,29.0,90
LOND,lond016,Violation_201,34.0,O2,-1.506159,29.0,90
LOND,lond016,Violation_201,22.0,Pz,12.07377,31.0,77
LOND,lond016,Violation_201,22.0,Cz,-2.352688,31.0,77
LOND,lond016,Violation_201,22.0,CP1,-5.620425,31.0,77
LOND,lond016,Violation_201,22.0,CP2,5.841883,31.0,77
LOND,lond016,Violation_201,22.0,P3,14.02051,31.0,77
LOND,lond016,Violation_201,22.0,P4,7.979007,31.0,77
LOND,lond016,Violation_201,22.0,C3,-11.99761,31.0,77
LOND,lond016,Violation_201,22.0,C4,-0.8962255,31.0,77
LOND,lond016,Violation_201,22.0,P7,2.380212,31.0,77
LOND,lond016,Violation_201,22.0,P8,6.155059,31.0,77
LOND,lond016,Violation_201,22.0,O1,12.45015,31.0,77
LOND,lond016,Violation_201,22.0,O2,6.136592,31.0,77
LOND,lond016,Control_202,21.0,Pz,-10.94277,24.0,93
LOND,lond016,Control_202,21.0,Cz,-14.09969,24.0,93
LOND,lond016,Control_202,21.0,CP1,-15.38366,24.0,93
LOND,lond016,Control_202,21.0,CP2,-16.64798,24.0,93
LOND,lond016,Control_202,21.0,P3,-11.76605,24.0,93
LOND,lond016,Control_202,21.0,P4,-18.91729,24.0,93
LOND,lond016,Control_202,21.0,C3,20.90353,24.0,93
LOND,lond016,Control_202,21.0,C4,-8.833444,24.0,93
LOND,lond016,Control_202,21.0,P7,1.663217,24.0,93
LOND,lond016,Control_202,21.0,P8,-5.669192,24.0,93
LOND,lond016,Control_202,21.0,O1,1.942106,24.0,93
LOND,lond016,Control_202,21.0,O2,-6.179853,24.0,93
LOND,lond016,Violation_201,30.0,Pz,3.980608,27.0,97
LOND,lond016,Violation_201,30.0,Cz,1.831537,27.0,97
LOND,lond016,Violation_201,30.0,CP1,7.914251,27.0,97
LOND,lond016,Violation_201,30.0,CP2,12.37771,27.0,97
LOND,lond016,Violation_201,30.0,P3,8.10708,27.0,97
LOND,lond016,Violation_201,30.0,P4,14.19652,27.0,97
LOND,lond016,Violation_201,30.0,C3,11.28122,27.0,97
LOND,lond016,Violation_201,30.0,C4,1.25751,27.0,97
LOND,lond016,Violation_201,30.0,P7,3.108967,27.0,97
LOND,lond016,Violation_201,30.0,P8,3.951275,27.0,97
LOND,lond016,Violation_201,30.0,O1,3.947715,27.0,97
LOND,lond016,Violation_201,30.0,O2,1.679881,27.0,97
LOND,lond016,Violation_201,26.0,Pz,-6.700524,40.0,93
LOND,lond016,Violation_201,26.0,Cz,-11.10171,40.0,93
LOND,lond016,Violation_201,26.0,CP1,-11.33396,40.0,93
LOND,lond016,Violation_201,26.0,CP2,-9.352088,40.0,93
LOND,lond016,Violation_201,26.0,P3,2.541177,40.0,93
LOND,lond016,Violation_201,26.0,P4,-9.514819,40.0,93
LOND,lond016,Violation_201,26.0,C3,-7.775083,40.0,93
LOND,lond016,Violation_201,26.0,C4,-5.763106,40.0,93
LOND,lond016,Violation_201,26.0,P7,3.099479,40.0,93
LOND,lond016,Violation_201,26.0,P8,-11.81853,40.0,93
LOND,lond016,Violation_201,26.0,O1,-10.68078,40.0,93
LOND,lond016,Violation_201,26.0,O2,-9.612339,40.0,93
LOND,lond016,Violation_201,38.0,Pz,-4.038929,23.0,93
LOND,lond016,Violation_201,38.0,Cz,-3.786556,23.0,93
LOND,lond016,Violation_201,38.0,CP1,-6.392494,23.0,93
LOND,lond016,Violation_201,38.0,CP2,-16.65483,23.0,93
LOND,lond016,Violation_201,38.0,P3,-10.81277,23.0,93
LOND,lond016,Violation_201,38.0,P4,-5.017013,23.0,93
LOND,lond016,Violation_201,38.0,C3,2.09928,23.0,93
LOND,lond016,Violation_201,38.0,C4,-1.550082,23.0,93
LOND,lond016,Violation_201,38.0,P7,-2.737226,23.0,93
LOND,lond016,Violation_201,38.0,P8,-10.65544,23.0,93
LOND,lond016,Violation_201,38.0,O1,-7.199877,23.0,93
LOND,lond016,Violation_201,38.0,O2,-11.69001,23.0,93
LOND,lond016,Control_202,25.0,Pz,-9.147413,22.0,53
LOND,lond016,Control_202,25.0,Cz,-10.49743,22.0,53
LOND,lond016,Control_202,25.0,CP1,-6.409758,22.0,53
LOND,lond016,Control_202,25.0,CP2,-4.099251,22.0,53
LOND,lond016,Control_202,25.0,P3,-12.50399,22.0,53
LOND,lond016,Control_202,25.0,P4,-14.25163,22.0,53
LOND,lond016,Control_202,25.0,C3,-2.655819,22.0,53
LOND,lond016,Control_202,25.0,C4,-11.21117,22.0,53
LOND,lond016,Control_202,25.0,P7,11.74627,22.0,53
LOND,lond016,Control_202,25.0,P8,-7.53008,22.0,53
LOND,lond016,Control_202,25.0,O1,-6.406374,22.0,53
LOND,lond016,Control_202,25.0,O2,-6.236521,22.0,53
LOND,lond016,Violation_201,29.0,Pz,5.982962,32.0,80
LOND,lond016,Violation_201,29.0,Cz,8.565202,32.0,80
LOND,lond016,Violation_201,29.0,CP1,16.41042,32.0,80
LOND,lond016,Violation_201,29.0,CP2,23.83099,32.0,80
LOND,lond016,Violation_201,29.0,P3,17.07294,32.0,80
LOND,lond016,Violation_201,29.0,P4,8.740526,32.0,80
LOND,lond016,Violation_201,29.0,C3,15.01486,32.0,80
LOND,lond016,Violation_201,29.0,C4,1.698478,32.0,80
LOND,lond016,Violation_201,29.0,P7,5.966622,32.0,80
LOND,lond016,Violation_201,29.0,P8,-7.532877,32.0,80
LOND,lond016,Violation_201,29.0,O1,4.796278,32.0,80
LOND,lond016,Violation_201,29.0,O2,2.563494,32.0,80
LOND,lond016,Control_202,37.0,Pz,7.597821,39.0,97
LOND,lond016,Control_202,37.0,Cz,7.881741,39.0,97
LOND,lond016,Control_202,37.0,CP1,8.426717,39.0,97
LOND,lond016,Control_202,37.0,CP2,21.86081,39.0,97
LOND,lond016,Control_202,37.0,P3,15.72475,39.0,97
LOND,lond016,Control_202,37.0,P4,9.010793,39.0,97
LOND,lond016,Control_202,37.0,C3,7.254837,39.0,97
LOND,lond016,Control_202,37.0,C4,2.809185,39.0,97
LOND,lond016,Control_202,37.0,P7,19.21693,39.0,97
LOND,lond016,Control_202,37.0,P8,4.553689,39.0,97
LOND,lond016,Control_202,37.0,O1,15.16372,39.0,97
LOND,lond016,Control_202,37.0,O2,10.044,39.0,97
LOND,lond016,Control_202,33.0,Pz,16.85153,25.0,97
LOND,lond016,Control_202,33.0,Cz,12.83516,25.0,97
LOND,lond016,Control_202,33.0,CP1,15.26179,25.0,97
LOND,lond016,Control_202,33.0,CP2,4.561821,25.0,97
LOND,lond016,Control_202,33.0,P3,6.118925,25.0,97
LOND,lond016,Control_202,33.0,P4,23.23442,25.0,97
LOND,lond016,Control_202,33.0,C3,12.13756,25.0,97
LOND,lond016,Control_202,33.0,C4,14.79317,25.0,97
LOND,lond016,Control_202,33.0,P7,-5.985853,25.0,97
LOND,lond016,Control_202,33.0,P8,9.398994,25.0,97
LOND,lond016,Control_202,33.0,O1,-1.828003,25.0,97
LOND,lond016,Control_202,33.0,O2,13.69412,25.0,97
LOND,lond016,Violation_201,42.0,Pz,8.99503,54.0,77
LOND,lond016,Violation_201,42.0,Cz,0.6412391,54.0,77
LOND,lond016,Violation_201,42.0,CP1,-0.5023379,54.0,77
LOND,lond016,Violation_201,42.0,CP2,23.11678,54.0,77
LOND,lond016,Violation_201,42.0,P3,8.846246,54.0,77
LOND,lond016,Violation_201,42.0,P4,2.378809,54.0,77
LOND,lond016,Violation_201,42.0,C3,9.25267,54.0,77
LOND,lond016,Violation_201,42.0,C4,3.916988,54.0,77
LOND,lond016,Violation_201,42.0,P7,10.70589,54.0,77
LOND,lond016,Violation_201,42.0,P8,3.502599,54.0,77
LOND,lond016,Violation_201,42.0,O1,9.794253,54.0,77
LOND,lond016,Violation_201,42.0,O2,11.03927,54.0,77
LOND,lond016,Violation_201,54.0,Pz,-13.40091,46.0,63
LOND,lond016,Violation_201,54.0,Cz,-9.529985,46.0,63
LOND,lond016,Violation_201,54.0,CP1,-11.75574,46.0,63
LOND,lond016,Violation_201,54.0,CP2,-10.51233,46.0,63
LOND,lond016,Violation_201,54.0,P3,6.726893,46.0,63
LOND,lond016,Violation_201,54.0,P4,-18.14356,46.0,63
LOND,lond016,Violation_201,54.0,C3,-6.926213,46.0,63
LOND,lond016,Violation_201,54.0,C4,-8.992618,46.0,63
LOND,lond016,Violation_201,54.0,P7,-3.840436,46.0,63
LOND,lond016,Violation_201,54.0,P8,-11.23715,46.0,63
LOND,lond016,Violation_201,54.0,O1,3.064632,46.0,63
LOND,lond016,Violation_201,54.0,O2,-6.039831,46.0,63
LOND,lond016,Violation_201,50.0,Pz,-15.28598,57.0,69
LOND,lond016,Violation_201,50.0,Cz,-19.50629,57.0,69
LOND,lond016,Violation_201,50.0,CP1,-10.83991,57.0,69
LOND,lond016,Violation_201,50.0,CP2,0.4659764,57.0,69
LOND,lond016,Violation_201,50.0,P3,-1.64642,57.0,69
LOND,lond016,Violation_201,50.0,P4,-3.723847,57.0,69
LOND,lond016,Violation_201,50.0,C3,-11.81399,57.0,69
LOND,lond016,Violation_201,50.0,C4,-11.9024,57.0,69
LOND,lond016,Violation_201,50.0,P7,-9.873804,57.0,69
LOND,lond016,Violation_201,50.0,P8,-4.87956,57.0,69
LOND,lond016,Violation_201,50.0,O1,3.438358,57.0,69
LOND,lond016,Violation_201,50.0,O2,-2.080163,57.0,69
LOND,lond016,Violation_201,58.0,Pz,-4.957986,47.0,100
LOND,lond016,Violation_201,58.0,Cz,-6.647792,47.0,100
LOND,lond016,Violation_201,58.0,CP1,0.6059064,47.0,100
LOND,lond016,Violation_201,58.0,CP2,5.274321,47.0,100
LOND,lond016,Violation_201,58.0,P3,10.75494,47.0,100
LOND,lond016,Violation_201,58.0,P4,-7.274776,47.0,100
LOND,lond016,Violation_201,58.0,C3,3.748162,47.0,100
LOND,lond016,Violation_201,58.0,C4,-6.92423,47.0,100
LOND,lond016,Violation_201,58.0,P7,5.41232,47.0,100
LOND,lond016,Violation_201,58.0,P8,-7.718002,47.0,100
LOND,lond016,Violation_201,58.0,O1,-1.643297,47.0,100
LOND,lond016,Violation_201,58.0,O2,-3.028291,47.0,100
LOND,lond016,Control_202,49.0,Pz,7.857,49.0,40
LOND,lond016,Control_202,49.0,Cz,20.57777,49.0,40
LOND,lond016,Control_202,49.0,CP1,19.50794,49.0,40
LOND,lond016,Control_202,49.0,CP2,10.43614,49.0,40
LOND,lond016,Control_202,49.0,P3,4.579573,49.0,40
LOND,lond016,Control_202,49.0,P4,3.286105,49.0,40
LOND,lond016,Control_202,49.0,C3,16.83048,49.0,40
LOND,lond016,Control_202,49.0,C4,10.59459,49.0,40
LOND,lond016,Control_202,49.0,P7,6.256095,49.0,40
LOND,lond016,Control_202,49.0,P8,8.894308,49.0,40
LOND,lond016,Control_202,49.0,O1,1.771861,49.0,40
LOND,lond016,Control_202,49.0,O2,-3.40695,49.0,40
LOND,lond016,Control_202,57.0,Pz,-0.4859547,41.0,100
LOND,lond016,Control_202,57.0,Cz,-14.1538,41.0,100
LOND,lond016,Control_202,57.0,CP1,-3.88556,41.0,100
LOND,lond016,Control_202,57.0,CP2,-6.205601,41.0,100
LOND,lond016,Control_202,57.0,P3,13.26917,41.0,100
LOND,lond016,Control_202,57.0,P4,-2.017472,41.0,100
LOND,lond016,Control_202,57.0,C3,-2.584885,41.0,100
LOND,lond016,Control_202,57.0,C4,-0.786997,41.0,100
LOND,lond016,Control_202,57.0,P7,-13.15051,41.0,100
LOND,lond016,Control_202,57.0,P8,-12.34314,41.0,100
LOND,lond016,Control_202,57.0,O1,-3.106178,41.0,100
LOND,lond016,Control_202,57.0,O2,-8.185948,41.0,100
LOND,lond016,Violation_201,46.0,Pz,9.819751,60.0,90
LOND,lond016,Violation_201,46.0,Cz,11.3894,60.0,90
LOND,lond016,Violation_201,46.0,CP1,5.491572,60.0,90
LOND,lond016,Violation_201,46.0,CP2,20.8262,60.0,90
LOND,lond016,Violation_201,46.0,P3,14.99755,60.0,90
LOND,lond016,Violation_201,46.0,P4,20.62599,60.0,90
LOND,lond016,Violation_201,46.0,C3,-0.5971836,60.0,90
LOND,lond016,Violation_201,46.0,C4,8.688603,60.0,90
LOND,lond016,Violation_201,46.0,P7,9.865217,60.0,90
LOND,lond016,Violation_201,46.0,P8,5.249897,60.0,90
LOND,lond016,Violation_201,46.0,O1,4.279441,60.0,90
LOND,lond016,Violation_201,46.0,O2,13.12283,60.0,90
LOND,lond016,Control_202,41.0,Pz,2.410895,42.0,37
LOND,lond016,Control_202,41.0,Cz,-13.47937,42.0,37
LOND,lond016,Control_202,41.0,CP1,-7.789484,42.0,37
LOND,lond016,Control_202,41.0,CP2,2.485433,42.0,37
LOND,lond016,Control_202,41.0,P3,11.86929,42.0,37
LOND,lond016,Control_202,41.0,P4,-5.207314,42.0,37
LOND,lond016,Control_202,41.0,C3,-10.84935,42.0,37
LOND,lond016,Control_202,41.0,C4,-3.17077,42.0,37
LOND,lond016,Control_202,41.0,P7,-8.254338,42.0,37
LOND,lond016,Control_202,41.0,P8,-2.864866,42.0,37
LOND,lond016,Control_202,41.0,O1,-0.6105907,42.0,37
LOND,lond016,Control_202,41.0,O2,5.084061,42.0,37
LOND,lond016,Control_202,45.0,Pz,6.62842,56.0,93
LOND,lond016,Control_202,45.0,Cz,16.22413,56.0,93
LOND,lond016,Control_202,45.0,CP1,10.19808,56.0,93
LOND,lond016,Control_202,45.0,CP2,11.58663,56.0,93
LOND,lond016,Control_202,45.0,P3,6.299557,56.0,93
LOND,lond016,Control_202,45.0,P4,3.075201,56.0,93
LOND,lond016,Control_202,45.0,C3,11.51357,56.0,93
LOND,lond016,Control_202,45.0,C4,13.53473,56.0,93
LOND,lond016,Control_202,45.0,P7,2.18597,56.0,93
LOND,lond016,Control_202,45.0,P8,-1.895537,56.0,93
LOND,lond016,Control_202,45.0,O1,-4.100147,56.0,93
LOND,lond016,Control_202,45.0,O2,0.1642359,56.0,93
LOND,lond016,Control_202,53.0,Pz,12.47185,43.0,93
LOND,lond016,Control_202,53.0,Cz,2.813708,43.0,93
LOND,lond016,Control_202,53.0,CP1,7.664281,43.0,93
LOND,lond016,Control_202,53.0,CP2,4.292228,43.0,93
LOND,lond016,Control_202,53.0,P3,7.199701,43.0,93
LOND,lond016,Control_202,53.0,P4,8.009113,43.0,93
LOND,lond016,Control_202,53.0,C3,4.596948,43.0,93
LOND,lond016,Control_202,53.0,C4,8.092316,43.0,93
LOND,lond016,Control_202,53.0,P7,-11.23817,43.0,93
LOND,lond016,Control_202,53.0,P8,3.375506,43.0,93
LOND,lond016,Control_202,53.0,O1,5.932764,43.0,93
LOND,lond016,Control_202,53.0,O2,5.28201,43.0,93
LOND,lond016,Violation_201,78.0,Pz,0.5732139,76.0,90
LOND,lond016,Violation_201,78.0,Cz,-7.851869,76.0,90
LOND,lond016,Violation_201,78.0,CP1,-3.588377,76.0,90
LOND,lond016,Violation_201,78.0,CP2,5.020965,76.0,90
LOND,lond016,Violation_201,78.0,P3,5.861271,76.0,90
LOND,lond016,Violation_201,78.0,P4,-3.033541,76.0,90
LOND,lond016,Violation_201,78.0,C3,-8.616535,76.0,90
LOND,lond016,Violation_201,78.0,C4,-9.16516,76.0,90
LOND,lond016,Violation_201,78.0,P7,8.793971,76.0,90
LOND,lond016,Violation_201,78.0,P8,-8.683493,76.0,90
LOND,lond016,Violation_201,78.0,O1,6.622395,76.0,90
LOND,lond016,Violation_201,78.0,O2,4.090181,76.0,90
LOND,lond016,Control_202,73.0,Pz,-12.1792,74.0,93
LOND,lond016,Control_202,73.0,Cz,-14.02038,74.0,93
LOND,lond016,Control_202,73.0,CP1,-7.043013,74.0,93
LOND,lond016,Control_202,73.0,CP2,-1.715238,74.0,93
LOND,lond016,Control_202,73.0,P3,-16.5199,74.0,93
LOND,lond016,Control_202,73.0,P4,5.441906,74.0,93
LOND,lond016,Control_202,73.0,C3,-10.47373,74.0,93
LOND,lond016,Control_202,73.0,C4,-16.89196,74.0,93
LOND,lond016,Control_202,73.0,P7,-3.874416,74.0,93
LOND,lond016,Control_202,73.0,P8,-6.706013,74.0,93
LOND,lond016,Control_202,73.0,O1,8.414595,74.0,93
LOND,lond016,Control_202,73.0,O2,-8.912741,74.0,93
LOND,lond016,Violation_201,70.0,Pz,-24.89922,62.0,70
LOND,lond016,Violation_201,70.0,Cz,-23.70512,62.0,70
LOND,lond016,Violation_201,70.0,CP1,-14.97661,62.0,70
LOND,lond016,Violation_201,70.0,CP2,-14.61729,62.0,70
LOND,lond016,Violation_201,70.0,P3,-17.25916,62.0,70
LOND,lond016,Violation_201,70.0,P4,-40.05183,62.0,70
LOND,lond016,Violation_201,70.0,C3,-20.58597,62.0,70
LOND,lond016,Violation_201,70.0,C4,-31.14869,62.0,70
LOND,lond016,Violation_201,70.0,P7,-13.26213,62.0,70
LOND,lond016,Violation_201,70.0,P8,-12.48136,62.0,70
LOND,lond016,Violation_201,70.0,O1,-12.10044,62.0,70
LOND,lond016,Violation_201,70.0,O2,-18.67955,62.0,70
LOND,lond016,Control_202,61.0,Pz,4.532898,78.0,97
LOND,lond016,Control_202,61.0,Cz,0.2046962,78.0,97
LOND,lond016,Control_202,61.0,CP1,1.750222,78.0,97
LOND,lond016,Control_202,61.0,CP2,-0.4296499,78.0,97
LOND,lond016,Control_202,61.0,P3,9.350266,78.0,97
LOND,lond016,Control_202,61.0,P4,28.19257,78.0,97
LOND,lond016,Control_202,61.0,C3,4.954527,78.0,97
LOND,lond016,Control_202,61.0,C4,6.356246,78.0,97
LOND,lond016,Control_202,61.0,P7,8.005111,78.0,97
LOND,lond016,Control_202,61.0,P8,3.133176,78.0,97
LOND,lond016,Control_202,61.0,O1,1.999654,78.0,97
LOND,lond016,Control_202,61.0,O2,4.239402,78.0,97
LOND,lond016,Control_202,77.0,Pz,5.053096,68.0,27
LOND,lond016,Control_202,77.0,Cz,13.06136,68.0,27
LOND,lond016,Control_202,77.0,CP1,8.631267,68.0,27
LOND,lond016,Control_202,77.0,CP2,5.395203,68.0,27
LOND,lond016,Control_202,77.0,P3,-10.36719,68.0,27
LOND,lond016,Control_202,77.0,P4,-3.346918,68.0,27
LOND,lond016,Control_202,77.0,C3,6.459541,68.0,27
LOND,lond016,Control_202,77.0,C4,6.187954,68.0,27
LOND,lond016,Control_202,77.0,P7,0.1395258,68.0,27
LOND,lond016,Control_202,77.0,P8,7.626276,68.0,27
LOND,lond016,Control_202,77.0,O1,-3.681748,68.0,27
LOND,lond016,Control_202,77.0,O2,2.723643,68.0,27
LOND,lond016,Violation_201,66.0,Pz,-9.681453,79.0,97
LOND,lond016,Violation_201,66.0,Cz,-3.677388,79.0,97
LOND,lond016,Violation_201,66.0,CP1,-5.170322,79.0,97
LOND,lond016,Violation_201,66.0,CP2,-7.57058,79.0,97
LOND,lond016,Violation_201,66.0,P3,-1.771649,79.0,97
LOND,lond016,Violation_201,66.0,P4,-0.002775803,79.0,97
LOND,lond016,Violation_201,66.0,C3,3.122616,79.0,97
LOND,lond016,Violation_201,66.0,C4,-3.747888,79.0,97
LOND,lond016,Violation_201,66.0,P7,-4.188407,79.0,97
LOND,lond016,Violation_201,66.0,P8,-4.199993,79.0,97
LOND,lond016,Violation_201,66.0,O1,-1.110387,79.0,97
LOND,lond016,Violation_201,66.0,O2,-8.397487,79.0,97
LOND,lond016,Violation_201,62.0,Pz,-1.249101,75.0,60
LOND,lond016,Violation_201,62.0,Cz,4.026585,75.0,60
LOND,lond016,Violation_201,62.0,CP1,1.128217,75.0,60
LOND,lond016,Violation_201,62.0,CP2,7.001465,75.0,60
LOND,lond016,Violation_201,62.0,P3,-0.2027063,75.0,60
LOND,lond016,Violation_201,62.0,P4,-1.603047,75.0,60
LOND,lond016,Violation_201,62.0,C3,8.661079,75.0,60
LOND,lond016,Violation_201,62.0,C4,-1.430058,75.0,60
LOND,lond016,Violation_201,62.0,P7,-7.996991,75.0,60
LOND,lond016,Violation_201,62.0,P8,-0.9841158,75.0,60
LOND,lond016,Violation_201,62.0,O1,-5.107471,75.0,60
LOND,lond016,Violation_201,62.0,O2,-2.347541,75.0,60
LOND,lond016,Violation_201,74.0,Pz,2.568236,67.0,87
LOND,lond016,Violation_201,74.0,Cz,6.450548,67.0,87
LOND,lond016,Violation_201,74.0,CP1,2.170836,67.0,87
LOND,lond016,Violation_201,74.0,CP2,8.208607,67.0,87
LOND,lond016,Violation_201,74.0,P3,14.67324,67.0,87
LOND,lond016,Violation_201,74.0,P4,-12.17029,67.0,87
LOND,lond016,Violation_201,74.0,C3,4.761744,67.0,87
LOND,lond016,Violation_201,74.0,C4,-5.3522,67.0,87
LOND,lond016,Violation_201,74.0,P7,9.394246,67.0,87
LOND,lond016,Violation_201,74.0,P8,-9.061661,67.0,87
LOND,lond016,Violation_201,74.0,O1,-2.850734,67.0,87
LOND,lond016,Violation_201,74.0,O2,-0.878691,67.0,87
LOND,lond016,Control_202,69.0,Pz,-11.73169,66.0,23
LOND,lond016,Control_202,69.0,Cz,-8.748557,66.0,23
LOND,lond016,Control_202,69.0,CP1,-7.577783,66.0,23
LOND,lond016,Control_202,69.0,CP2,-6.3153,66.0,23
LOND,lond016,Control_202,69.0,P3,-8.997822,66.0,23
LOND,lond016,Control_202,69.0,P4,-7.232177,66.0,23
LOND,lond016,Control_202,69.0,C3,-11.26351,66.0,23
LOND,lond016,Control_202,69.0,C4,-13.85448,66.0,23
LOND,lond016,Control_202,69.0,P7,0.7168598,66.0,23
LOND,lond016,Control_202,69.0,P8,-14.69606,66.0,23
LOND,lond016,Control_202,69.0,O1,-5.499331,66.0,23
LOND,lond016,Control_202,69.0,O2,-14.08638,66.0,23
LOND,lond016,Control_202,65.0,Pz,9.913197,61.0,34
LOND,lond016,Control_202,65.0,Cz,-3.557173,61.0,34
LOND,lond016,Control_202,65.0,CP1,-0.6208292,61.0,34
LOND,lond016,Control_202,65.0,CP2,7.618468,61.0,34
LOND,lond016,Control_202,65.0,P3,-3.297091,61.0,34
LOND,lond016,Control_202,65.0,P4,6.742567,61.0,34
LOND,lond016,Control_202,65.0,C3,5.391593,61.0,34
LOND,lond016,Control_202,65.0,C4,0.3517867,61.0,34
LOND,lond016,Control_202,65.0,P7,0.9145044,61.0,34
LOND,lond016,Control_202,65.0,P8,3.083454,61.0,34
LOND,lond016,Control_202,65.0,O1,-4.259485,61.0,34
LOND,lond016,Control_202,65.0,O2,5.577371,61.0,34
LOND,lond017,Violation_201,8.0,Pz,1.93505,15.0,90
LOND,lond017,Violation_201,8.0,Cz,-6.961142,15.0,90
LOND,lond017,Violation_201,8.0,CP1,-15.14334,15.0,90
LOND,lond017,Violation_201,8.0,CP2,-7.660534,15.0,90
LOND,lond017,Violation_201,8.0,P3,-2.362411,15.0,90
LOND,lond017,Violation_201,8.0,P4,-2.352417,15.0,90
LOND,lond017,Violation_201,8.0,C3,-12.7372,15.0,90
LOND,lond017,Violation_201,8.0,C4,-18.18229,15.0,90
LOND,lond017,Violation_201,8.0,P7,-1.421398,15.0,90
LOND,lond017,Violation_201,8.0,P8,-6.434608,15.0,90
LOND,lond017,Violation_201,8.0,O1,-1.568174,15.0,90
LOND,lond017,Violation_201,8.0,O2,2.918276,15.0,90
LOND,lond017,Violation_201,20.0,Pz,12.70074,13.0,97
LOND,lond017,Violation_201,20.0,Cz,15.17489,13.0,97
LOND,lond017,Violation_201,20.0,CP1,12.03829,13.0,97
LOND,lond017,Violation_201,20.0,CP2,13.24982,13.0,97
LOND,lond017,Violation_201,20.0,P3,10.75416,13.0,97
LOND,lond017,Violation_201,20.0,P4,12.96683,13.0,97
LOND,lond017,Violation_201,20.0,C3,4.951212,13.0,97
LOND,lond017,Violation_201,20.0,C4,15.91504,13.0,97
LOND,lond017,Violation_201,20.0,P7,19.69729,13.0,97
LOND,lond017,Violation_201,20.0,P8,10.44116,13.0,97
LOND,lond017,Violation_201,20.0,O1,11.64388,13.0,97
LOND,lond017,Violation_201,20.0,O2,-7.855824,13.0,97
LOND,lond017,Control_202,11.0,Pz,5.144951,4.0,93
LOND,lond017,Control_202,11.0,Cz,13.72926,4.0,93
LOND,lond017,Control_202,11.0,CP1,1.228911,4.0,93
LOND,lond017,Control_202,11.0,CP2,12.08437,4.0,93
LOND,lond017,Control_202,11.0,P3,2.423662,4.0,93
LOND,lond017,Control_202,11.0,P4,2.623394,4.0,93
LOND,lond017,Control_202,11.0,C3,5.244328,4.0,93
LOND,lond017,Control_202,11.0,C4,7.540763,4.0,93
LOND,lond017,Control_202,11.0,P7,0.1835385,4.0,93
LOND,lond017,Control_202,11.0,P8,4.647437,4.0,93
LOND,lond017,Control_202,11.0,O1,-2.506522,4.0,93
LOND,lond017,Control_202,11.0,O2,6.8849,4.0,93
LOND,lond017,Control_202,15.0,Pz,1.29356,12.0,100
LOND,lond017,Control_202,15.0,Cz,11.56226,12.0,100
LOND,lond017,Control_202,15.0,CP1,7.306671,12.0,100
LOND,lond017,Control_202,15.0,CP2,8.240644,12.0,100
LOND,lond017,Control_202,15.0,P3,-0.9625336,12.0,100
LOND,lond017,Control_202,15.0,P4,-3.404531,12.0,100
LOND,lond017,Control_202,15.0,C3,-1.835756,12.0,100
LOND,lond017,Control_202,15.0,C4,11.05548,12.0,100
LOND,lond017,Control_202,15.0,P7,2.216923,12.0,100
LOND,lond017,Control_202,15.0,P8,-0.35075,12.0,100
LOND,lond017,Control_202,15.0,O1,-9.088623,12.0,100
LOND,lond017,Control_202,15.0,O2,-6.998316,12.0,100
LOND,lond017,Violation_201,4.0,Pz,-5.217443,9.0,93
LOND,lond017,Violation_201,4.0,Cz,-5.016873,9.0,93
LOND,lond017,Violation_201,4.0,CP1,-13.80529,9.0,93
LOND,lond017,Violation_201,4.0,CP2,-5.090456,9.0,93
LOND,lond017,Violation_201,4.0,P3,-7.913903,9.0,93
LOND,lond017,Violation_201,4.0,P4,-5.868748,9.0,93
LOND,lond017,Violation_201,4.0,C3,-11.33322,9.0,93
LOND,lond017,Violation_201,4.0,C4,-22.16827,9.0,93
LOND,lond017,Violation_201,4.0,P7,-2.759886,9.0,93
LOND,lond017,Violation_201,4.0,P8,2.379881,9.0,93
LOND,lond017,Violation_201,4.0,O1,12.2046,9.0,93
LOND,lond017,Violation_201,4.0,O2,5.277857,9.0,93
LOND,lond017,Control_202,3.0,Pz,-16.208,17.0,62
LOND,lond017,Control_202,3.0,Cz,5.78464,17.0,62
LOND,lond017,Control_202,3.0,CP1,-2.397017,17.0,62
LOND,lond017,Control_202,3.0,CP2,-1.470487,17.0,62
LOND,lond017,Control_202,3.0,P3,-2.97877,17.0,62
LOND,lond017,Control_202,3.0,P4,7.051925,17.0,62
LOND,lond017,Control_202,3.0,C3,16.59606,17.0,62
LOND,lond017,Control_202,3.0,C4,1.900675,17.0,62
LOND,lond017,Control_202,3.0,P7,2.431633,17.0,62
LOND,lond017,Control_202,3.0,P8,-12.38476,17.0,62
LOND,lond017,Control_202,3.0,O1,-4.065842,17.0,62
LOND,lond017,Control_202,3.0,O2,62.97117,17.0,62
LOND,lond017,Control_202,7.0,Pz,-3.011148,11.0,87
LOND,lond017,Control_202,7.0,Cz,7.201331,11.0,87
LOND,lond017,Control_202,7.0,CP1,10.48036,11.0,87
LOND,lond017,Control_202,7.0,CP2,1.973616,11.0,87
LOND,lond017,Control_202,7.0,P3,19.67007,11.0,87
LOND,lond017,Control_202,7.0,P4,7.809802,11.0,87
LOND,lond017,Control_202,7.0,C3,3.935443,11.0,87
LOND,lond017,Control_202,7.0,C4,10.0806,11.0,87
LOND,lond017,Control_202,7.0,P7,-3.163597,11.0,87
LOND,lond017,Control_202,7.0,P8,2.109955,11.0,87
LOND,lond017,Control_202,7.0,O1,1.082204,11.0,87
LOND,lond017,Control_202,7.0,O2,8.271729,11.0,87
LOND,lond017,Violation_201,12.0,Pz,3.206552,1.0,97
LOND,lond017,Violation_201,12.0,Cz,5.776114,1.0,97
LOND,lond017,Violation_201,12.0,CP1,9.178532,1.0,97
LOND,lond017,Violation_201,12.0,CP2,-2.88616,1.0,97
LOND,lond017,Violation_201,12.0,P3,-0.3976459,1.0,97
LOND,lond017,Violation_201,12.0,P4,2.062445,1.0,97
LOND,lond017,Violation_201,12.0,C3,-3.135435,1.0,97
LOND,lond017,Violation_201,12.0,C4,-1.313312,1.0,97
LOND,lond017,Violation_201,12.0,P7,-3.826286,1.0,97
LOND,lond017,Violation_201,12.0,P8,0.262162,1.0,97
LOND,lond017,Violation_201,12.0,O1,-0.8311484,1.0,97
LOND,lond017,Violation_201,12.0,O2,5.163822,1.0,97
LOND,lond017,Violation_201,16.0,Pz,-9.206049,16.0,93
LOND,lond017,Violation_201,16.0,Cz,-5.061544,16.0,93
LOND,lond017,Violation_201,16.0,CP1,-3.637473,16.0,93
LOND,lond017,Violation_201,16.0,CP2,-3.435108,16.0,93
LOND,lond017,Violation_201,16.0,P3,-27.44822,16.0,93
LOND,lond017,Violation_201,16.0,P4,-16.94505,16.0,93
LOND,lond017,Violation_201,16.0,C3,-9.668354,16.0,93
LOND,lond017,Violation_201,16.0,C4,0.4559022,16.0,93
LOND,lond017,Violation_201,16.0,P7,-12.54658,16.0,93
LOND,lond017,Violation_201,16.0,P8,-1.408636,16.0,93
LOND,lond017,Violation_201,16.0,O1,-10.97834,16.0,93
LOND,lond017,Violation_201,16.0,O2,-0.7357647,16.0,93
LOND,lond017,Control_202,19.0,Pz,17.85018,6.0,100
LOND,lond017,Control_202,19.0,Cz,13.10761,6.0,100
LOND,lond017,Control_202,19.0,CP1,29.12488,6.0,100
LOND,lond017,Control_202,19.0,CP2,18.9891,6.0,100
LOND,lond017,Control_202,19.0,P3,12.67277,6.0,100
LOND,lond017,Control_202,19.0,P4,4.584041,6.0,100
LOND,lond017,Control_202,19.0,C3,8.84482,6.0,100
LOND,lond017,Control_202,19.0,C4,19.80884,6.0,100
LOND,lond017,Control_202,19.0,P7,21.35996,6.0,100
LOND,lond017,Control_202,19.0,P8,10.59466,6.0,100
LOND,lond017,Control_202,19.0,O1,16.86442,6.0,100
LOND,lond017,Control_202,19.0,O2,10.16865,6.0,100
LOND,lond017,Control_202,23.0,Pz,-20.56573,27.0,97
LOND,lond017,Control_202,23.0,Cz,-33.97816,27.0,97
LOND,lond017,Control_202,23.0,CP1,-21.40121,27.0,97
LOND,lond017,Control_202,23.0,CP2,-28.15689,27.0,97
LOND,lond017,Control_202,23.0,P3,-36.78985,27.0,97
LOND,lond017,Control_202,23.0,P4,-22.54653,27.0,97
LOND,lond017,Control_202,23.0,C3,-27.22485,27.0,97
LOND,lond017,Control_202,23.0,C4,-27.56215,27.0,97
LOND,lond017,Control_202,23.0,P7,-23.25197,27.0,97
LOND,lond017,Control_202,23.0,P8,-19.13763,27.0,97
LOND,lond017,Control_202,23.0,O1,-25.9497,27.0,97
LOND,lond017,Control_202,23.0,O2,-20.10261,27.0,97
LOND,lond017,Violation_201,28.0,Pz,-14.35351,25.0,97
LOND,lond017,Violation_201,28.0,Cz,-5.021793,25.0,97
LOND,lond017,Violation_201,28.0,CP1,-4.44112,25.0,97
LOND,lond017,Violation_201,28.0,CP2,-9.825032,25.0,97
LOND,lond017,Violation_201,28.0,P3,-5.522968,25.0,97
LOND,lond017,Violation_201,28.0,P4,18.77361,25.0,97
LOND,lond017,Violation_201,28.0,C3,-1.442693,25.0,97
LOND,lond017,Violation_201,28.0,C4,-0.7850427,25.0,97
LOND,lond017,Violation_201,28.0,P7,-20.58327,25.0,97
LOND,lond017,Violation_201,28.0,P8,-21.61815,25.0,97
LOND,lond017,Violation_201,28.0,O1,-13.12276,25.0,97
LOND,lond017,Violation_201,28.0,O2,-25.00143,25.0,97
LOND,lond017,Control_202,27.0,Pz,-0.2684398,24.0,93
LOND,lond017,Control_202,27.0,Cz,16.73077,24.0,93
LOND,lond017,Control_202,27.0,CP1,-3.618505,24.0,93
LOND,lond017,Control_202,27.0,CP2,8.63611,24.0,93
LOND,lond017,Control_202,27.0,P3,4.16013,24.0,93
LOND,lond017,Control_202,27.0,P4,9.076534,24.0,93
LOND,lond017,Control_202,27.0,C3,2.796845,24.0,93
LOND,lond017,Control_202,27.0,C4,17.50504,24.0,93
LOND,lond017,Control_202,27.0,P7,-17.60884,24.0,93
LOND,lond017,Control_202,27.0,P8,3.242751,24.0,93
LOND,lond017,Control_202,27.0,O1,-2.870501,24.0,93
LOND,lond017,Control_202,27.0,O2,8.945553,24.0,93
LOND,lond017,Violation_201,40.0,Pz,-3.009912,30.0,90
LOND,lond017,Violation_201,40.0,Cz,5.645422,30.0,90
LOND,lond017,Violation_201,40.0,CP1,-6.78002,30.0,90
LOND,lond017,Violation_201,40.0,CP2,-1.119812,30.0,90
LOND,lond017,Violation_201,40.0,P3,-17.25121,30.0,90
LOND,lond017,Violation_201,40.0,P4,-7.863554,30.0,90
LOND,lond017,Violation_201,40.0,C3,3.557452,30.0,90
LOND,lond017,Violation_201,40.0,C4,-1.711208,30.0,90
LOND,lond017,Violation_201,40.0,P7,-11.12009,30.0,90
LOND,lond017,Violation_201,40.0,P8,-13.40061,30.0,90
LOND,lond017,Violation_201,40.0,O1,0.5827698,30.0,90
LOND,lond017,Violation_201,40.0,O2,-7.620882,30.0,90
LOND,lond017,Violation_201,24.0,Pz,-4.403206,40.0,93
LOND,lond017,Violation_201,24.0,Cz,-2.371128,40.0,93
LOND,lond017,Violation_201,24.0,CP1,12.42705,40.0,93
LOND,lond017,Violation_201,24.0,CP2,-13.11025,40.0,93
LOND,lond017,Violation_201,24.0,P3,-7.411086,40.0,93
LOND,lond017,Violation_201,24.0,P4,-8.498839,40.0,93
LOND,lond017,Violation_201,24.0,C3,5.09183,40.0,93
LOND,lond017,Violation_201,24.0,C4,-7.948281,40.0,93
LOND,lond017,Violation_201,24.0,P7,-6.197764,40.0,93
LOND,lond017,Violation_201,24.0,P8,-14.76123,40.0,93
LOND,lond017,Violation_201,24.0,O1,-6.109474,40.0,93
LOND,lond017,Violation_201,24.0,O2,-17.52649,40.0,93
LOND,lond017,Violation_201,32.0,Pz,35.61423,29.0,90
LOND,lond017,Violation_201,32.0,Cz,54.12811,29.0,90
LOND,lond017,Violation_201,32.0,CP1,35.12426,29.0,90
LOND,lond017,Violation_201,32.0,CP2,27.70753,29.0,90
LOND,lond017,Violation_201,32.0,P3,17.66173,29.0,90
LOND,lond017,Violation_201,32.0,P4,21.62948,29.0,90
LOND,lond017,Violation_201,32.0,C3,26.48409,29.0,90
LOND,lond017,Violation_201,32.0,C4,27.81725,29.0,90
LOND,lond017,Violation_201,32.0,P7,18.49807,29.0,90
LOND,lond017,Violation_201,32.0,P8,19.02393,29.0,90
LOND,lond017,Violation_201,32.0,O1,32.68333,29.0,90
LOND,lond017,Violation_201,32.0,O2,33.41785,29.0,90
LOND,lond017,Control_202,35.0,Pz,-13.79368,22.0,53
LOND,lond017,Control_202,35.0,Cz,-22.47095,22.0,53
LOND,lond017,Control_202,35.0,CP1,-28.26444,22.0,53
LOND,lond017,Control_202,35.0,CP2,-18.59923,22.0,53
LOND,lond017,Control_202,35.0,P3,-45.16587,22.0,53
LOND,lond017,Control_202,35.0,P4,-30.50945,22.0,53
LOND,lond017,Control_202,35.0,C3,-38.32431,22.0,53
LOND,lond017,Control_202,35.0,C4,-30.70481,22.0,53
LOND,lond017,Control_202,35.0,P7,-24.7469,22.0,53
LOND,lond017,Control_202,35.0,P8,-22.41729,22.0,53
LOND,lond017,Control_202,35.0,O1,-24.29917,22.0,53
LOND,lond017,Control_202,35.0,O2,-22.5507,22.0,53
LOND,lond017,Violation_201,36.0,Pz,-4.398254,31.0,77
LOND,lond017,Violation_201,36.0,Cz,-13.97977,31.0,77
LOND,lond017,Violation_201,36.0,CP1,18.79048,31.0,77
LOND,lond017,Violation_201,36.0,CP2,0.4520411,31.0,77
LOND,lond017,Violation_201,36.0,P3,17.25274,31.0,77
LOND,lond017,Violation_201,36.0,P4,16.65813,31.0,77
LOND,lond017,Violation_201,36.0,C3,-1.034233,31.0,77
LOND,lond017,Violation_201,36.0,C4,3.121764,31.0,77
LOND,lond017,Violation_201,36.0,P7,-17.11893,31.0,77
LOND,lond017,Violation_201,36.0,P8,7.171325,31.0,77
LOND,lond017,Violation_201,36.0,O1,17.86683,31.0,77
LOND,lond017,Violation_201,36.0,O2,7.181353,31.0,77
LOND,lond017,Control_202,31.0,Pz,-15.52284,32.0,80
LOND,lond017,Control_202,31.0,Cz,6.667145,32.0,80
LOND,lond017,Control_202,31.0,CP1,10.04947,32.0,80
LOND,lond017,Control_202,31.0,CP2,-2.464978,32.0,80
LOND,lond017,Control_202,31.0,P3,-3.09936,32.0,80
LOND,lond017,Control_202,31.0,P4,-13.28923,32.0,80
LOND,lond017,Control_202,31.0,C3,-7.485656,32.0,80
LOND,lond017,Control_202,31.0,C4,-21.08407,32.0,80
LOND,lond017,Control_202,31.0,P7,0.8867095,32.0,80
LOND,lond017,Control_202,31.0,P8,4.665559,32.0,80
LOND,lond017,Control_202,31.0,O1,-16.76064,32.0,80
LOND,lond017,Control_202,31.0,O2,-29.7488,32.0,80
LOND,lond017,Control_202,39.0,Pz,-8.913887,26.0,87
LOND,lond017,Control_202,39.0,Cz,-10.28339,26.0,87
LOND,lond017,Control_202,39.0,CP1,-11.3762,26.0,87
LOND,lond017,Control_202,39.0,CP2,-6.974545,26.0,87
LOND,lond017,Control_202,39.0,P3,-16.55981,26.0,87
LOND,lond017,Control_202,39.0,P4,-19.12999,26.0,87
LOND,lond017,Control_202,39.0,C3,-10.11916,26.0,87
LOND,lond017,Control_202,39.0,C4,-13.98515,26.0,87
LOND,lond017,Control_202,39.0,P7,2.778879,26.0,87
LOND,lond017,Control_202,39.0,P8,-5.968637,26.0,87
LOND,lond017,Control_202,39.0,O1,-5.355471,26.0,87
LOND,lond017,Control_202,39.0,O2,-27.93382,26.0,87
LOND,lond017,Control_202,44.0,Pz,5.280631,52.0,87
LOND,lond017,Control_202,44.0,Cz,-4.42584,52.0,87
LOND,lond017,Control_202,44.0,CP1,3.985233,52.0,87
LOND,lond017,Control_202,44.0,CP2,3.758145,52.0,87
LOND,lond017,Control_202,44.0,P3,6.346347,52.0,87
LOND,lond017,Control_202,44.0,P4,1.541454,52.0,87
LOND,lond017,Control_202,44.0,C3,3.703038,52.0,87
LOND,lond017,Control_202,44.0,C4,2.438744,52.0,87
LOND,lond017,Control_202,44.0,P7,-20.51661,52.0,87
LOND,lond017,Control_202,44.0,P8,-2.112961,52.0,87
LOND,lond017,Control_202,44.0,O1,-3.417723,52.0,87
LOND,lond017,Control_202,44.0,O2,1.224993,52.0,87
LOND,lond017,Violation_201,52.0,Pz,8.163103,55.0,93
LOND,lond017,Violation_201,52.0,Cz,21.01086,55.0,93
LOND,lond017,Violation_201,52.0,CP1,0.1869419,55.0,93
LOND,lond017,Violation_201,52.0,CP2,10.32964,55.0,93
LOND,lond017,Violation_201,52.0,P3,-0.09858752,55.0,93
LOND,lond017,Violation_201,52.0,P4,0.4981481,55.0,93
LOND,lond017,Violation_201,52.0,C3,12.11384,55.0,93
LOND,lond017,Violation_201,52.0,C4,4.991778,55.0,93
LOND,lond017,Violation_201,52.0,P7,-8.297707,55.0,93
LOND,lond017,Violation_201,52.0,P8,3.940401,55.0,93
LOND,lond017,Violation_201,52.0,O1,2.147218,55.0,93
LOND,lond017,Violation_201,52.0,O2,-10.95268,55.0,93
LOND,lond017,Control_202,47.0,Pz,-7.866626,58.0,73
LOND,lond017,Control_202,47.0,Cz,-5.294548,58.0,73
LOND,lond017,Control_202,47.0,CP1,24.71728,58.0,73
LOND,lond017,Control_202,47.0,CP2,1.938094,58.0,73
LOND,lond017,Control_202,47.0,P3,8.837854,58.0,73
LOND,lond017,Control_202,47.0,P4,4.041626,58.0,73
LOND,lond017,Control_202,47.0,C3,-10.6921,58.0,73
LOND,lond017,Control_202,47.0,C4,9.066229,58.0,73
LOND,lond017,Control_202,47.0,P7,13.50372,58.0,73
LOND,lond017,Control_202,47.0,P8,2.93204,58.0,73
LOND,lond017,Control_202,47.0,O1,-0.7095242,58.0,73
LOND,lond017,Control_202,47.0,O2,-9.045746,58.0,73
LOND,lond017,Violation_201,43.0,Pz,-3.776221,49.0,40
LOND,lond017,Violation_201,43.0,Cz,40.72744,49.0,40
LOND,lond017,Violation_201,43.0,CP1,15.34092,49.0,40
LOND,lond017,Violation_201,43.0,CP2,0.8527548,49.0,40
LOND,lond017,Violation_201,43.0,P3,-6.612296,49.0,40
LOND,lond017,Violation_201,43.0,P4,-9.870275,49.0,40
LOND,lond017,Violation_201,43.0,C3,3.905868,49.0,40
LOND,lond017,Violation_201,43.0,C4,8.111929,49.0,40
LOND,lond017,Violation_201,43.0,P7,9.025523,49.0,40
LOND,lond017,Violation_201,43.0,P8,-0.3041058,49.0,40
LOND,lond017,Violation_201,43.0,O1,9.844969,49.0,40
LOND,lond017,Violation_201,43.0,O2,22.67242,49.0,40
LOND,lond017,Control_202,59.0,Pz,7.297784,41.0,100
LOND,lond017,Control_202,59.0,Cz,6.913644,41.0,100
LOND,lond017,Control_202,59.0,CP1,6.727609,41.0,100
LOND,lond017,Control_202,59.0,CP2,8.256792,41.0,100
LOND,lond017,Control_202,59.0,P3,0.3888769,41.0,100
LOND,lond017,Control_202,59.0,P4,11.0415,41.0,100
LOND,lond017,Control_202,59.0,C3,10.38256,41.0,100
LOND,lond017,Control_202,59.0,C4,5.198996,41.0,100
LOND,lond017,Control_202,59.0,P7,-6.852623,41.0,100
LOND,lond017,Control_202,59.0,P8,-4.418612,41.0,100
LOND,lond017,Control_202,59.0,O1,14.36397,41.0,100
LOND,lond017,Control_202,59.0,O2,7.426944,41.0,100
LOND,lond017,Control_202,55.0,Pz,-1.493613,51.0,90
LOND,lond017,Control_202,55.0,Cz,14.04502,51.0,90
LOND,lond017,Control_202,55.0,CP1,20.83464,51.0,90
LOND,lond017,Control_202,55.0,CP2,11.09271,51.0,90
LOND,lond017,Control_202,55.0,P3,-7.579396,51.0,90
LOND,lond017,Control_202,55.0,P4,-5.311006,51.0,90
LOND,lond017,Control_202,55.0,C3,-0.5040661,51.0,90
LOND,lond017,Control_202,55.0,C4,4.155597,51.0,90
LOND,lond017,Control_202,55.0,P7,19.7012,51.0,90
LOND,lond017,Control_202,55.0,P8,14.02188,51.0,90
LOND,lond017,Control_202,55.0,O1,2.23297,51.0,90
LOND,lond017,Control_202,55.0,O2,17.0354,51.0,90
LOND,lond017,Control_202,51.0,Pz,-13.5862,50.0,37
LOND,lond017,Control_202,51.0,Cz,-34.66625,50.0,37
LOND,lond017,Control_202,51.0,CP1,-5.998044,50.0,37
LOND,lond017,Control_202,51.0,CP2,-12.21392,50.0,37
LOND,lond017,Control_202,51.0,P3,-29.75645,50.0,37
LOND,lond017,Control_202,51.0,P4,-18.00438,50.0,37
LOND,lond017,Control_202,51.0,C3,-10.04494,50.0,37
LOND,lond017,Control_202,51.0,C4,-4.355453,50.0,37
LOND,lond017,Control_202,51.0,P7,-12.35137,50.0,37
LOND,lond017,Control_202,51.0,P8,-7.168693,50.0,37
LOND,lond017,Control_202,51.0,O1,-13.13215,50.0,37
LOND,lond017,Control_202,51.0,O2,-15.60751,50.0,37
LOND,lond017,Violation_201,48.0,Pz,5.818279,42.0,37
LOND,lond017,Violation_201,48.0,Cz,-0.9102848,42.0,37
LOND,lond017,Violation_201,48.0,CP1,-15.72761,42.0,37
LOND,lond017,Violation_201,48.0,CP2,-2.368479,42.0,37
LOND,lond017,Violation_201,48.0,P3,1.0396,42.0,37
LOND,lond017,Violation_201,48.0,P4,-14.98118,42.0,37
LOND,lond017,Violation_201,48.0,C3,6.453368,42.0,37
LOND,lond017,Violation_201,48.0,C4,-2.185758,42.0,37
LOND,lond017,Violation_201,48.0,P7,9.046775,42.0,37
LOND,lond017,Violation_201,48.0,P8,-1.111861,42.0,37
LOND,lond017,Violation_201,48.0,O1,9.473125,42.0,37
LOND,lond017,Violation_201,48.0,O2,-8.369172,42.0,37
LOND,lond017,Violation_201,60.0,Pz,23.21407,60.0,90
LOND,lond017,Violation_201,60.0,Cz,15.35385,60.0,90
LOND,lond017,Violation_201,60.0,CP1,17.15532,60.0,90
LOND,lond017,Violation_201,60.0,CP2,3.828595,60.0,90
LOND,lond017,Violation_201,60.0,P3,23.51784,60.0,90
LOND,lond017,Violation_201,60.0,P4,12.90223,60.0,90
LOND,lond017,Violation_201,60.0,C3,18.00762,60.0,90
LOND,lond017,Violation_201,60.0,C4,-1.339852,60.0,90
LOND,lond017,Violation_201,60.0,P7,5.677064,60.0,90
LOND,lond017,Violation_201,60.0,P8,1.649726,60.0,90
LOND,lond017,Violation_201,60.0,O1,13.44632,60.0,90
LOND,lond017,Violation_201,60.0,O2,15.06199,60.0,90
LOND,lond017,Violation_201,72.0,Pz,-3.970955,62.0,70
LOND,lond017,Violation_201,72.0,Cz,10.84309,62.0,70
LOND,lond017,Violation_201,72.0,CP1,9.409224,62.0,70
LOND,lond017,Violation_201,72.0,CP2,-2.688544,62.0,70
LOND,lond017,Violation_201,72.0,P3,5.873419,62.0,70
LOND,lond017,Violation_201,72.0,P4,0.5302752,62.0,70
LOND,lond017,Violation_201,72.0,C3,7.109698,62.0,70
LOND,lond017,Violation_201,72.0,C4,-0.6020166,62.0,70
LOND,lond017,Violation_201,72.0,P7,-9.707035,62.0,70
LOND,lond017,Violation_201,72.0,P8,-6.833265,62.0,70
LOND,lond017,Violation_201,72.0,O1,-7.355953,62.0,70
LOND,lond017,Violation_201,72.0,O2,-7.880937,62.0,70
LOND,lond017,Control_202,71.0,Pz,-10.27629,74.0,93
LOND,lond017,Control_202,71.0,Cz,-3.040133,74.0,93
LOND,lond017,Control_202,71.0,CP1,5.865618,74.0,93
LOND,lond017,Control_202,71.0,CP2,-1.439896,74.0,93
LOND,lond017,Control_202,71.0,P3,-1.315666,74.0,93
LOND,lond017,Control_202,71.0,P4,4.703414,74.0,93
LOND,lond017,Control_202,71.0,C3,-6.642833,74.0,93
LOND,lond017,Control_202,71.0,C4,12.32955,74.0,93
LOND,lond017,Control_202,71.0,P7,-9.235991,74.0,93
LOND,lond017,Control_202,71.0,P8,-6.946694,74.0,93
LOND,lond017,Control_202,71.0,O1,-21.12243,74.0,93
LOND,lond017,Control_202,71.0,O2,-20.18978,74.0,93
LOND,lond017,Violation_201,64.0,Pz,-9.761377,65.0,93
LOND,lond017,Violation_201,64.0,Cz,-6.00596,65.0,93
LOND,lond017,Violation_201,64.0,CP1,-10.28501,65.0,93
LOND,lond017,Violation_201,64.0,CP2,-7.842287,65.0,93
LOND,lond017,Violation_201,64.0,P3,-13.64458,65.0,93
LOND,lond017,Violation_201,64.0,P4,-17.68601,65.0,93
LOND,lond017,Violation_201,64.0,C3,-10.4322,65.0,93
LOND,lond017,Violation_201,64.0,C4,-8.414966,65.0,93
LOND,lond017,Violation_201,64.0,P7,0.1330116,65.0,93
LOND,lond017,Violation_201,64.0,P8,-4.401283,65.0,93
LOND,lond017,Violation_201,64.0,O1,1.810558,65.0,93
LOND,lond017,Violation_201,64.0,O2,12.03193,65.0,93
LOND,lond017,Control_202,79.0,Pz,11.97122,80.0,97
LOND,lond017,Control_202,79.0,Cz,8.52157,80.0,97
LOND,lond017,Control_202,79.0,CP1,16.79215,80.0,97
LOND,lond017,Control_202,79.0,CP2,13.05493,80.0,97
LOND,lond017,Control_202,79.0,P3,-2.843174,80.0,97
LOND,lond017,Control_202,79.0,P4,3.83556,80.0,97
LOND,lond017,Control_202,79.0,C3,11.95161,80.0,97
LOND,lond017,Control_202,79.0,C4,-0.6271588,80.0,97
LOND,lond017,Control_202,79.0,P7,14.77359,80.0,97
LOND,lond017,Control_202,79.0,P8,6.034411,80.0,97
LOND,lond017,Control_202,79.0,O1,21.6372,80.0,97
LOND,lond017,Control_202,79.0,O2,35.31242,80.0,97
LOND,lond017,Control_202,63.0,Pz,-25.6068,78.0,97
LOND,lond017,Control_202,63.0,Cz,-32.46374,78.0,97
LOND,lond017,Control_202,63.0,CP1,-7.676223,78.0,97
LOND,lond017,Control_202,63.0,CP2,-17.6722,78.0,97
LOND,lond017,Control_202,63.0,P3,7.34425,78.0,97
LOND,lond017,Control_202,63.0,P4,-7.550735,78.0,97
LOND,lond017,Control_202,63.0,C3,-2.356589,78.0,97
LOND,lond017,Control_202,63.0,C4,-3.89073,78.0,97
LOND,lond017,Control_202,63.0,P7,-19.93182,78.0,97
LOND,lond017,Control_202,63.0,P8,-8.76631,78.0,97
LOND,lond017,Control_202,63.0,O1,-14.28989,78.0,97
LOND,lond017,Control_202,63.0,O2,-10.75114,78.0,97
LOND,lond017,Violation_201,68.0,Pz,10.28138,77.0,100
LOND,lond017,Violation_201,68.0,Cz,1.891099,77.0,100
LOND,lond017,Violation_201,68.0,CP1,6.443718,77.0,100
LOND,lond017,Violation_201,68.0,CP2,5.517535,77.0,100
LOND,lond017,Violation_201,68.0,P3,-8.189079,77.0,100
LOND,lond017,Violation_201,68.0,P4,7.64191,77.0,100
LOND,lond017,Violation_201,68.0,C3,10.74093,77.0,100
LOND,lond017,Violation_201,68.0,C4,11.91291,77.0,100
LOND,lond017,Violation_201,68.0,P7,12.8799,77.0,100
LOND,lond017,Violation_201,68.0,P8,6.20692,77.0,100
LOND,lond017,Violation_201,68.0,O1,55.08832,77.0,100
LOND,lond017,Violation_201,68.0,O2,19.02546,77.0,100
LOND,lond017,Violation_201,80.0,Pz,5.553841,76.0,90
LOND,lond017,Violation_201,80.0,Cz,2.489115,76.0,90
LOND,lond017,Violation_201,80.0,CP1,-2.346314,76.0,90
LOND,lond017,Violation_201,80.0,CP2,5.192119,76.0,90
LOND,lond017,Violation_201,80.0,P3,-0.1114721,76.0,90
LOND,lond017,Violation_201,80.0,P4,9.184727,76.0,90
LOND,lond017,Violation_201,80.0,C3,-14.29546,76.0,90
LOND,lond017,Violation_201,80.0,C4,-9.127935,76.0,90
LOND,lond017,Violation_201,80.0,P7,17.27887,76.0,90
LOND,lond017,Violation_201,80.0,P8,6.990056,76.0,90
LOND,lond017,Violation_201,80.0,O1,18.16374,76.0,90
LOND,lond017,Violation_201,80.0,O2,16.88162,76.0,90
LOND,lond017,Violation_201,76.0,Pz,5.346459,69.0,93
LOND,lond017,Violation_201,76.0,Cz,-27.02032,69.0,93
LOND,lond017,Violation_201,76.0,CP1,-11.33341,69.0,93
LOND,lond017,Violation_201,76.0,CP2,-5.182553,69.0,93
LOND,lond017,Violation_201,76.0,P3,5.582357,69.0,93
LOND,lond017,Violation_201,76.0,P4,2.870115,69.0,93
LOND,lond017,Violation_201,76.0,C3,2.603646,69.0,93
LOND,lond017,Violation_201,76.0,C4,8.18068,69.0,93
LOND,lond017,Violation_201,76.0,P7,-5.872789,69.0,93
LOND,lond017,Violation_201,76.0,P8,0.5821862,69.0,93
LOND,lond017,Violation_201,76.0,O1,-0.4543993,69.0,93
LOND,lond017,Violation_201,76.0,O2,-7.337969,69.0,93
LOND,lond018,Violation_201,14.0,Pz,-6.286413,6.0,100
LOND,lond018,Violation_201,14.0,Cz,-4.116278,6.0,100
LOND,lond018,Violation_201,14.0,CP1,-6.03822,6.0,100
LOND,lond018,Violation_201,14.0,CP2,-4.362262,6.0,100
LOND,lond018,Violation_201,14.0,P3,-7.566779,6.0,100
LOND,lond018,Violation_201,14.0,P4,-4.27287,6.0,100
LOND,lond018,Violation_201,14.0,C3,-4.547814,6.0,100
LOND,lond018,Violation_201,14.0,C4,-8.006629,6.0,100
LOND,lond018,Violation_201,14.0,P7,-2.28669,6.0,100
LOND,lond018,Violation_201,14.0,P8,-5.180426,6.0,100
LOND,lond018,Violation_201,14.0,O1,-7.702692,6.0,100
LOND,lond018,Violation_201,14.0,O2,-2.903358,6.0,100
LOND,lond018,Violation_201,10.0,Pz,5.757639,8.0,97
LOND,lond018,Violation_201,10.0,Cz,9.619361,8.0,97
LOND,lond018,Violation_201,10.0,CP1,7.214556,8.0,97
LOND,lond018,Violation_201,10.0,CP2,8.3095,8.0,97
LOND,lond018,Violation_201,10.0,P3,0.1218043,8.0,97
LOND,lond018,Violation_201,10.0,P4,11.99489,8.0,97
LOND,lond018,Violation_201,10.0,C3,9.686701,8.0,97
LOND,lond018,Violation_201,10.0,C4,7.355604,8.0,97
LOND,lond018,Violation_201,10.0,P7,4.845668,8.0,97
LOND,lond018,Violation_201,10.0,P8,2.760477,8.0,97
LOND,lond018,Violation_201,10.0,O1,8.051887,8.0,97
LOND,lond018,Violation_201,10.0,O2,2.977383,8.0,97
LOND,lond018,Violation_201,18.0,Pz,5.444592,3.0,100
LOND,lond018,Violation_201,18.0,Cz,-0.2462529,3.0,100
LOND,lond018,Violation_201,18.0,CP1,6.145765,3.0,100
LOND,lond018,Violation_201,18.0,CP2,5.466332,3.0,100
LOND,lond018,Violation_201,18.0,P3,4.857294,3.0,100
LOND,lond018,Violation_201,18.0,P4,4.837562,3.0,100
LOND,lond018,Violation_201,18.0,C3,1.106604,3.0,100
LOND,lond018,Violation_201,18.0,C4,0.03963879,3.0,100
LOND,lond018,Violation_201,18.0,P7,3.72541,3.0,100
LOND,lond018,Violation_201,18.0,P8,5.052321,3.0,100
LOND,lond018,Violation_201,18.0,O1,1.357216,3.0,100
LOND,lond018,Violation_201,18.0,O2,9.994349,3.0,100
LOND,lond018,Control_202,13.0,Pz,-15.00706,5.0,93
LOND,lond018,Control_202,13.0,Cz,-15.28267,5.0,93
LOND,lond018,Control_202,13.0,CP1,-14.6095,5.0,93
LOND,lond018,Control_202,13.0,CP2,-14.82688,5.0,93
LOND,lond018,Control_202,13.0,P3,-10.94711,5.0,93
LOND,lond018,Control_202,13.0,P4,-8.188012,5.0,93
LOND,lond018,Control_202,13.0,C3,-14.70198,5.0,93
LOND,lond018,Control_202,13.0,C4,-10.97632,5.0,93
LOND,lond018,Control_202,13.0,P7,-14.42527,5.0,93
LOND,lond018,Control_202,13.0,P8,-12.91657,5.0,93
LOND,lond018,Control_202,13.0,O1,-9.439711,5.0,93
LOND,lond018,Control_202,13.0,O2,-13.43918,5.0,93
LOND,lond018,Control_202,17.0,Pz,-1.332844,12.0,100
LOND,lond018,Control_202,17.0,Cz,-5.786312,12.0,100
LOND,lond018,Control_202,17.0,CP1,-2.30701,12.0,100
LOND,lond018,Control_202,17.0,CP2,-2.248162,12.0,100
LOND,lond018,Control_202,17.0,P3,-1.547367,12.0,100
LOND,lond018,Control_202,17.0,P4,-4.838798,12.0,100
LOND,lond018,Control_202,17.0,C3,-6.593469,12.0,100
LOND,lond018,Control_202,17.0,C4,-1.724475,12.0,100
LOND,lond018,Control_202,17.0,P7,0.7276691,12.0,100
LOND,lond018,Control_202,17.0,P8,-2.191805,12.0,100
LOND,lond018,Control_202,17.0,O1,-1.925315,12.0,100
LOND,lond018,Control_202,17.0,O2,0.3878932,12.0,100
LOND,lond018,Control_202,5.0,Pz,-3.0027,19.0,100
LOND,lond018,Control_202,5.0,Cz,-2.514716,19.0,100
LOND,lond018,Control_202,5.0,CP1,-4.908915,19.0,100
LOND,lond018,Control_202,5.0,CP2,-4.413664,19.0,100
LOND,lond018,Control_202,5.0,P3,-1.474839,19.0,100
LOND,lond018,Control_202,5.0,P4,-0.06386228,19.0,100
LOND,lond018,Control_202,5.0,C3,-4.248405,19.0,100
LOND,lond018,Control_202,5.0,C4,-2.415495,19.0,100
LOND,lond018,Control_202,5.0,P7,7.381099,19.0,100
LOND,lond018,Control_202,5.0,P8,2.218067,19.0,100
LOND,lond018,Control_202,5.0,O1,-1.854238,19.0,100
LOND,lond018,Control_202,5.0,O2,4.544934,19.0,100
LOND,lond018,Violation_201,6.0,Pz,11.29681,11.0,87
LOND,lond018,Violation_201,6.0,Cz,10.49477,11.0,87
LOND,lond018,Violation_201,6.0,CP1,17.22085,11.0,87
LOND,lond018,Violation_201,6.0,CP2,10.58604,11.0,87
LOND,lond018,Violation_201,6.0,P3,15.589,11.0,87
LOND,lond018,Violation_201,6.0,P4,5.760736,11.0,87
LOND,lond018,Violation_201,6.0,C3,20.60439,11.0,87
LOND,lond018,Violation_201,6.0,C4,5.129641,11.0,87
LOND,lond018,Violation_201,6.0,P7,15.93555,11.0,87
LOND,lond018,Violation_201,6.0,P8,6.743491,11.0,87
LOND,lond018,Violation_201,6.0,O1,17.53213,11.0,87
LOND,lond018,Violation_201,6.0,O2,11.1719,11.0,87
LOND,lond018,Control_202,9.0,Pz,-5.394778,15.0,90
LOND,lond018,Control_202,9.0,Cz,-8.27703,15.0,90
LOND,lond018,Control_202,9.0,CP1,-5.039095,15.0,90
LOND,lond018,Control_202,9.0,CP2,-2.08401,15.0,90
LOND,lond018,Control_202,9.0,P3,-3.450902,15.0,90
LOND,lond018,Control_202,9.0,P4,-1.473893,15.0,90
LOND,lond018,Control_202,9.0,C3,-0.6066731,15.0,90
LOND,lond018,Control_202,9.0,C4,-3.614365,15.0,90
LOND,lond018,Control_202,9.0,P7,1.416175,15.0,90
LOND,lond018,Control_202,9.0,P8,3.65086,15.0,90
LOND,lond018,Control_202,9.0,O1,-1.40925,15.0,90
LOND,lond018,Control_202,9.0,O2,3.449197,15.0,90
LOND,lond018,Control_202,1.0,Pz,8.755179,16.0,93
LOND,lond018,Control_202,1.0,Cz,5.317485,16.0,93
LOND,lond018,Control_202,1.0,CP1,8.211986,16.0,93
LOND,lond018,Control_202,1.0,CP2,6.155115,16.0,93
LOND,lond018,Control_202,1.0,P3,7.080515,16.0,93
LOND,lond018,Control_202,1.0,P4,10.33507,16.0,93
LOND,lond018,Control_202,1.0,C3,4.146985,16.0,93
LOND,lond018,Control_202,1.0,C4,5.904294,16.0,93
LOND,lond018,Control_202,1.0,P7,4.435245,16.0,93
LOND,lond018,Control_202,1.0,P8,5.467514,16.0,93
LOND,lond018,Control_202,1.0,O1,3.665716,16.0,93
LOND,lond018,Control_202,1.0,O2,7.947089,16.0,93
LOND,lond018,Violation_201,2.0,Pz,-7.949946,14.0,90
LOND,lond018,Violation_201,2.0,Cz,-9.927938,14.0,90
LOND,lond018,Violation_201,2.0,CP1,-9.671053,14.0,90
LOND,lond018,Violation_201,2.0,CP2,-7.6591,14.0,90
LOND,lond018,Violation_201,2.0,P3,-10.7159,14.0,90
LOND,lond018,Violation_201,2.0,P4,-13.77942,14.0,90
LOND,lond018,Violation_201,2.0,C3,-6.985759,14.0,90
LOND,lond018,Violation_201,2.0,C4,-8.241797,14.0,90
LOND,lond018,Violation_201,2.0,P7,-13.15513,14.0,90
LOND,lond018,Violation_201,2.0,P8,-12.54885,14.0,90
LOND,lond018,Violation_201,2.0,O1,-17.62648,14.0,90
LOND,lond018,Violation_201,2.0,O2,-12.84415,14.0,90
LOND,lond018,Violation_201,38.0,Pz,3.579108,26.0,87
LOND,lond018,Violation_201,38.0,Cz,-0.9478756,26.0,87
LOND,lond018,Violation_201,38.0,CP1,1.953298,26.0,87
LOND,lond018,Violation_201,38.0,CP2,2.056997,26.0,87
LOND,lond018,Violation_201,38.0,P3,13.00058,26.0,87
LOND,lond018,Violation_201,38.0,P4,10.2171,26.0,87
LOND,lond018,Violation_201,38.0,C3,10.39134,26.0,87
LOND,lond018,Violation_201,38.0,C4,6.233926,26.0,87
LOND,lond018,Violation_201,38.0,P7,2.672805,26.0,87
LOND,lond018,Violation_201,38.0,P8,8.591861,26.0,87
LOND,lond018,Violation_201,38.0,O1,8.379691,26.0,87
LOND,lond018,Violation_201,38.0,O2,1.735038,26.0,87
LOND,lond018,Control_202,25.0,Pz,9.581757,29.0,90
LOND,lond018,Control_202,25.0,Cz,20.84245,29.0,90
LOND,lond018,Control_202,25.0,CP1,13.33632,29.0,90
LOND,lond018,Control_202,25.0,CP2,14.19778,29.0,90
LOND,lond018,Control_202,25.0,P3,13.66192,29.0,90
LOND,lond018,Control_202,25.0,P4,5.18257,29.0,90
LOND,lond018,Control_202,25.0,C3,8.768121,29.0,90
LOND,lond018,Control_202,25.0,C4,15.8566,29.0,90
LOND,lond018,Control_202,25.0,P7,11.43946,29.0,90
LOND,lond018,Control_202,25.0,P8,14.64633,29.0,90
LOND,lond018,Control_202,25.0,O1,10.92747,29.0,90
LOND,lond018,Control_202,25.0,O2,10.6681,29.0,90
LOND,lond018,Violation_201,29.0,Pz,-22.2665,40.0,93
LOND,lond018,Violation_201,29.0,Cz,-20.67127,40.0,93
LOND,lond018,Violation_201,29.0,CP1,-22.99026,40.0,93
LOND,lond018,Violation_201,29.0,CP2,-22.94105,40.0,93
LOND,lond018,Violation_201,29.0,P3,-27.36083,40.0,93
LOND,lond018,Violation_201,29.0,P4,-24.47362,40.0,93
LOND,lond018,Violation_201,29.0,C3,-24.85197,40.0,93
LOND,lond018,Violation_201,29.0,C4,-23.67437,40.0,93
LOND,lond018,Violation_201,29.0,P7,-28.44914,40.0,93
LOND,lond018,Violation_201,29.0,P8,-28.02339,40.0,93
LOND,lond018,Violation_201,29.0,O1,-30.31969,40.0,93
LOND,lond018,Violation_201,29.0,O2,-26.67889,40.0,93
LOND,lond018,Control_202,37.0,Pz,-1.282935,22.0,53
LOND,lond018,Control_202,37.0,Cz,-7.529378,22.0,53
LOND,lond018,Control_202,37.0,CP1,-2.976543,22.0,53
LOND,lond018,Control_202,37.0,CP2,-2.565496,22.0,53
LOND,lond018,Control_202,37.0,P3,1.745501,22.0,53
LOND,lond018,Control_202,37.0,P4,-0.263003,22.0,53
LOND,lond018,Control_202,37.0,C3,-6.353974,22.0,53
LOND,lond018,Control_202,37.0,C4,-2.733446,22.0,53
LOND,lond018,Control_202,37.0,P7,-1.784066,22.0,53
LOND,lond018,Control_202,37.0,P8,-5.729672,22.0,53
LOND,lond018,Control_202,37.0,O1,-5.20908,22.0,53
LOND,lond018,Control_202,37.0,O2,2.351513,22.0,53
LOND,lond018,Violation_201,34.0,Pz,1.792627,36.0,77
LOND,lond018,Violation_201,34.0,Cz,7.38801,36.0,77
LOND,lond018,Violation_201,34.0,CP1,3.809877,36.0,77
LOND,lond018,Violation_201,34.0,CP2,5.961661,36.0,77
LOND,lond018,Violation_201,34.0,P3,3.633768,36.0,77
LOND,lond018,Violation_201,34.0,P4,6.441238,36.0,77
LOND,lond018,Violation_201,34.0,C3,5.472851,36.0,77
LOND,lond018,Violation_201,34.0,C4,8.330203,36.0,77
LOND,lond018,Violation_201,34.0,P7,4.128999,36.0,77
LOND,lond018,Violation_201,34.0,P8,7.027906,36.0,77
LOND,lond018,Violation_201,34.0,O1,0.8869701,36.0,77
LOND,lond018,Violation_201,34.0,O2,1.983532,36.0,77
LOND,lond018,Violation_201,30.0,Pz,16.05149,23.0,93
LOND,lond018,Violation_201,30.0,Cz,14.47065,23.0,93
LOND,lond018,Violation_201,30.0,CP1,17.42444,23.0,93
LOND,lond018,Violation_201,30.0,CP2,17.79132,23.0,93
LOND,lond018,Violation_201,30.0,P3,14.82384,23.0,93
LOND,lond018,Violation_201,30.0,P4,15.25165,23.0,93
LOND,lond018,Violation_201,30.0,C3,5.518209,23.0,93
LOND,lond018,Violation_201,30.0,C4,16.97599,23.0,93
LOND,lond018,Violation_201,30.0,P7,10.98328,23.0,93
LOND,lond018,Violation_201,30.0,P8,13.44103,23.0,93
LOND,lond018,Violation_201,30.0,O1,16.3776,23.0,93
LOND,lond018,Violation_201,30.0,O2,15.26442,23.0,93
LOND,lond018,Control_202,33.0,Pz,-2.567027,30.0,90
LOND,lond018,Control_202,33.0,Cz,-0.05422507,30.0,90
LOND,lond018,Control_202,33.0,CP1,0.7308735,30.0,90
LOND,lond018,Control_202,33.0,CP2,-0.6375934,30.0,90
LOND,lond018,Control_202,33.0,P3,-9.220177,30.0,90
LOND,lond018,Control_202,33.0,P4,1.349967,30.0,90
LOND,lond018,Control_202,33.0,C3,-2.624246,30.0,90
LOND,lond018,Control_202,33.0,C4,4.642224,30.0,90
LOND,lond018,Control_202,33.0,P7,-3.313023,30.0,90
LOND,lond018,Control_202,33.0,P8,-1.462912,30.0,90
LOND,lond018,Control_202,33.0,O1,-5.851278,30.0,90
LOND,lond018,Control_202,33.0,O2,1.236009,30.0,90
LOND,lond018,Violation_201,22.0,Pz,-21.22007,25.0,97
LOND,lond018,Violation_201,22.0,Cz,-19.02845,25.0,97
LOND,lond018,Violation_201,22.0,CP1,-18.27998,25.0,97
LOND,lond018,Violation_201,22.0,CP2,-20.13833,25.0,97
LOND,lond018,Violation_201,22.0,P3,-16.72487,25.0,97
LOND,lond018,Violation_201,22.0,P4,-20.3492,25.0,97
LOND,lond018,Violation_201,22.0,C3,-23.50216,25.0,97
LOND,lond018,Violation_201,22.0,C4,-18.88165,25.0,97
LOND,lond018,Violation_201,22.0,P7,-21.11568,25.0,97
LOND,lond018,Violation_201,22.0,P8,-23.33805,25.0,97
LOND,lond018,Violation_201,22.0,O1,-23.29317,25.0,97
LOND,lond018,Violation_201,22.0,O2,-16.35469,25.0,97
LOND,lond018,Violation_201,26.0,Pz,-30.63759,24.0,93
LOND,lond018,Violation_201,26.0,Cz,-39.11547,24.0,93
LOND,lond018,Violation_201,26.0,CP1,-38.18976,24.0,93
LOND,lond018,Violation_201,26.0,CP2,-34.15019,24.0,93
LOND,lond018,Violation_201,26.0,P3,-35.86988,24.0,93
LOND,lond018,Violation_201,26.0,P4,-33.49568,24.0,93
LOND,lond018,Violation_201,26.0,C3,-40.21253,24.0,93
LOND,lond018,Violation_201,26.0,C4,-39.14424,24.0,93
LOND,lond018,Violation_201,26.0,P7,-32.34884,24.0,93
LOND,lond018,Violation_201,26.0,P8,-36.27458,24.0,93
LOND,lond018,Violation_201,26.0,O1,-32.77847,24.0,93
LOND,lond018,Violation_201,26.0,O2,-26.6403,24.0,93
LOND,lond018,Control_202,21.0,Pz,10.89642,38.0,93
LOND,lond018,Control_202,21.0,Cz,13.93232,38.0,93
LOND,lond018,Control_202,21.0,CP1,12.81884,38.0,93
LOND,lond018,Control_202,21.0,CP2,13.99599,38.0,93
LOND,lond018,Control_202,21.0,P3,10.32452,38.0,93
LOND,lond018,Control_202,21.0,P4,9.573756,38.0,93
LOND,lond018,Control_202,21.0,C3,12.03364,38.0,93
LOND,lond018,Control_202,21.0,C4,14.30635,38.0,93
LOND,lond018,Control_202,21.0,P7,10.22963,38.0,93
LOND,lond018,Control_202,21.0,P8,11.58448,38.0,93
LOND,lond018,Control_202,21.0,O1,9.373977,38.0,93
LOND,lond018,Control_202,21.0,O2,9.020983,38.0,93
LOND,lond018,Control_202,41.0,Pz,22.06949,51.0,90
LOND,lond018,Control_202,41.0,Cz,23.3554,51.0,90
LOND,lond018,Control_202,41.0,CP1,20.25122,51.0,90
LOND,lond018,Control_202,41.0,CP2,25.3547,51.0,90
LOND,lond018,Control_202,41.0,P3,17.99,51.0,90
LOND,lond018,Control_202,41.0,P4,19.95654,51.0,90
LOND,lond018,Control_202,41.0,C3,15.43854,51.0,90
LOND,lond018,Control_202,41.0,C4,20.55632,51.0,90
LOND,lond018,Control_202,41.0,P7,17.72688,51.0,90
LOND,lond018,Control_202,41.0,P8,14.69872,51.0,90
LOND,lond018,Control_202,41.0,O1,13.02974,51.0,90
LOND,lond018,Control_202,41.0,O2,17.7521,51.0,90
LOND,lond018,Violation_201,46.0,Pz,-14.13588,55.0,93
LOND,lond018,Violation_201,46.0,Cz,-16.05327,55.0,93
LOND,lond018,Violation_201,46.0,CP1,-13.63258,55.0,93
LOND,lond018,Violation_201,46.0,CP2,-17.18626,55.0,93
LOND,lond018,Violation_201,46.0,P3,-19.51553,55.0,93
LOND,lond018,Violation_201,46.0,P4,-13.49975,55.0,93
LOND,lond018,Violation_201,46.0,C3,-14.43993,55.0,93
LOND,lond018,Violation_201,46.0,C4,-16.09137,55.0,93
LOND,lond018,Violation_201,46.0,P7,-15.99011,55.0,93
LOND,lond018,Violation_201,46.0,P8,-16.47077,55.0,93
LOND,lond018,Violation_201,46.0,O1,-10.97339,55.0,93
LOND,lond018,Violation_201,46.0,O2,-17.72286,55.0,93
LOND,lond018,Control_202,45.0,Pz,-17.87856,48.0,87
LOND,lond018,Control_202,45.0,Cz,-24.5804,48.0,87
LOND,lond018,Control_202,45.0,CP1,-21.06836,48.0,87
LOND,lond018,Control_202,45.0,CP2,-24.1871,48.0,87
LOND,lond018,Control_202,45.0,P3,-12.36339,48.0,87
LOND,lond018,Control_202,45.0,P4,-13.25293,48.0,87
LOND,lond018,Control_202,45.0,C3,-14.95636,48.0,87
LOND,lond018,Control_202,45.0,C4,-19.46924,48.0,87
LOND,lond018,Control_202,45.0,P7,-19.93137,48.0,87
LOND,lond018,Control_202,45.0,P8,-12.81115,48.0,87
LOND,lond018,Control_202,45.0,O1,-7.655505,48.0,87
LOND,lond018,Control_202,45.0,O2,-17.73101,48.0,87
LOND,lond018,Control_202,57.0,Pz,12.14686,42.0,37
LOND,lond018,Control_202,57.0,Cz,12.7295,42.0,37
LOND,lond018,Control_202,57.0,CP1,11.45428,42.0,37
LOND,lond018,Control_202,57.0,CP2,17.22078,42.0,37
LOND,lond018,Control_202,57.0,P3,12.79523,42.0,37
LOND,lond018,Control_202,57.0,P4,15.34402,42.0,37
LOND,lond018,Control_202,57.0,C3,17.73996,42.0,37
LOND,lond018,Control_202,57.0,C4,14.774,42.0,37
LOND,lond018,Control_202,57.0,P7,12.94619,42.0,37
LOND,lond018,Control_202,57.0,P8,14.75848,42.0,37
LOND,lond018,Control_202,57.0,O1,15.85993,42.0,37
LOND,lond018,Control_202,57.0,O2,9.771095,42.0,37
LOND,lond018,Violation_201,50.0,Pz,-2.049163,50.0,37
LOND,lond018,Violation_201,50.0,Cz,-4.134902,50.0,37
LOND,lond018,Violation_201,50.0,CP1,1.264015,50.0,37
LOND,lond018,Violation_201,50.0,CP2,-1.808608,50.0,37
LOND,lond018,Violation_201,50.0,P3,7.054634,50.0,37
LOND,lond018,Violation_201,50.0,P4,4.18681,50.0,37
LOND,lond018,Violation_201,50.0,C3,1.026763,50.0,37
LOND,lond018,Violation_201,50.0,C4,2.195851,50.0,37
LOND,lond018,Violation_201,50.0,P7,1.021332,50.0,37
LOND,lond018,Violation_201,50.0,P8,5.34237,50.0,37
LOND,lond018,Violation_201,50.0,O1,1.587922,50.0,37
LOND,lond018,Violation_201,50.0,O2,3.626645,50.0,37
LOND,lond018,Violation_201,58.0,Pz,27.78831,54.0,77
LOND,lond018,Violation_201,58.0,Cz,35.42673,54.0,77
LOND,lond018,Violation_201,58.0,CP1,28.43915,54.0,77
LOND,lond018,Violation_201,58.0,CP2,26.43224,54.0,77
LOND,lond018,Violation_201,58.0,P3,22.47056,54.0,77
LOND,lond018,Violation_201,58.0,P4,22.62374,54.0,77
LOND,lond018,Violation_201,58.0,C3,24.60365,54.0,77
LOND,lond018,Violation_201,58.0,C4,21.82823,54.0,77
LOND,lond018,Violation_201,58.0,P7,16.65994,54.0,77
LOND,lond018,Violation_201,58.0,P8,17.08381,54.0,77
LOND,lond018,Violation_201,58.0,O1,30.85636,54.0,77
LOND,lond018,Violation_201,58.0,O2,18.90154,54.0,77
LOND,lond018,Control_202,49.0,Pz,-31.99576,57.0,69
LOND,lond018,Control_202,49.0,Cz,-32.5027,57.0,69
LOND,lond018,Control_202,49.0,CP1,-33.04438,57.0,69
LOND,lond018,Control_202,49.0,CP2,-28.95504,57.0,69
LOND,lond018,Control_202,49.0,P3,-33.88314,57.0,69
LOND,lond018,Control_202,49.0,P4,-34.11413,57.0,69
LOND,lond018,Control_202,49.0,C3,-25.5692,57.0,69
LOND,lond018,Control_202,49.0,C4,-30.05925,57.0,69
LOND,lond018,Control_202,49.0,P7,-27.2693,57.0,69
LOND,lond018,Control_202,49.0,P8,-28.0004,57.0,69
LOND,lond018,Control_202,49.0,O1,-31.51857,57.0,69
LOND,lond018,Control_202,49.0,O2,-29.05152,57.0,69
LOND,lond018,Violation_201,42.0,Pz,-5.555149,41.0,100
LOND,lond018,Violation_201,42.0,Cz,-4.109601,41.0,100
LOND,lond018,Violation_201,42.0,CP1,-5.913038,41.0,100
LOND,lond018,Violation_201,42.0,CP2,-3.376016,41.0,100
LOND,lond018,Violation_201,42.0,P3,-1.490481,41.0,100
LOND,lond018,Violation_201,42.0,P4,-4.052987,41.0,100
LOND,lond018,Violation_201,42.0,C3,-6.678984,41.0,100
LOND,lond018,Violation_201,42.0,C4,-4.808224,41.0,100
LOND,lond018,Violation_201,42.0,P7,-5.732468,41.0,100
LOND,lond018,Violation_201,42.0,P8,-4.528831,41.0,100
LOND,lond018,Violation_201,42.0,O1,-10.07461,41.0,100
LOND,lond018,Violation_201,42.0,O2,-4.71684,41.0,100
LOND,lond018,Violation_201,54.0,Pz,-13.6065,47.0,100
LOND,lond018,Violation_201,54.0,Cz,-1.386955,47.0,100
LOND,lond018,Violation_201,54.0,CP1,-9.69056,47.0,100
LOND,lond018,Violation_201,54.0,CP2,-8.402981,47.0,100
LOND,lond018,Violation_201,54.0,P3,-21.00935,47.0,100
LOND,lond018,Violation_201,54.0,P4,-9.826164,47.0,100
LOND,lond018,Violation_201,54.0,C3,-4.940367,47.0,100
LOND,lond018,Violation_201,54.0,C4,-5.138337,47.0,100
LOND,lond018,Violation_201,54.0,P7,-11.61804,47.0,100
LOND,lond018,Violation_201,54.0,P8,-9.399334,47.0,100
LOND,lond018,Violation_201,54.0,O1,-12.53928,47.0,100
LOND,lond018,Violation_201,54.0,O2,-12.23459,47.0,100
LOND,lond018,Control_202,53.0,Pz,10.99132,43.0,93
LOND,lond018,Control_202,53.0,Cz,12.56487,43.0,93
LOND,lond018,Control_202,53.0,CP1,12.48439,43.0,93
LOND,lond018,Control_202,53.0,CP2,23.4451,43.0,93
LOND,lond018,Control_202,53.0,P3,6.998908,43.0,93
LOND,lond018,Control_202,53.0,P4,13.31125,43.0,93
LOND,lond018,Control_202,53.0,C3,13.24676,43.0,93
LOND,lond018,Control_202,53.0,C4,12.96111,43.0,93
LOND,lond018,Control_202,53.0,P7,11.67678,43.0,93
LOND,lond018,Control_202,53.0,P8,11.0853,43.0,93
LOND,lond018,Control_202,53.0,O1,15.36293,43.0,93
LOND,lond018,Control_202,53.0,O2,10.19463,43.0,93
LOND,lond018,Violation_201,62.0,Pz,3.7384,72.0,90
LOND,lond018,Violation_201,62.0,Cz,6.737226,72.0,90
LOND,lond018,Violation_201,62.0,CP1,6.829827,72.0,90
LOND,lond018,Violation_201,62.0,CP2,-2.046577,72.0,90
LOND,lond018,Violation_201,62.0,P3,6.057302,72.0,90
LOND,lond018,Violation_201,62.0,P4,5.823394,72.0,90
LOND,lond018,Violation_201,62.0,C3,5.291154,72.0,90
LOND,lond018,Violation_201,62.0,C4,3.819968,72.0,90
LOND,lond018,Violation_201,62.0,P7,2.649135,72.0,90
LOND,lond018,Violation_201,62.0,P8,4.25055,72.0,90
LOND,lond018,Violation_201,62.0,O1,4.820562,72.0,90
LOND,lond018,Violation_201,62.0,O2,2.591774,72.0,90
LOND,lond018,Violation_201,78.0,Pz,-8.826934,73.0,80
LOND,lond018,Violation_201,78.0,Cz,-0.5695521,73.0,80
LOND,lond018,Violation_201,78.0,CP1,-14.50369,73.0,80
LOND,lond018,Violation_201,78.0,CP2,0.08099644,73.0,80
LOND,lond018,Violation_201,78.0,P3,-11.30561,73.0,80
LOND,lond018,Violation_201,78.0,P4,-8.585505,73.0,80
LOND,lond018,Violation_201,78.0,C3,-7.830063,73.0,80
LOND,lond018,Violation_201,78.0,C4,-10.86015,73.0,80
LOND,lond018,Violation_201,78.0,P7,-13.08803,73.0,80
LOND,lond018,Violation_201,78.0,P8,-11.17248,73.0,80
LOND,lond018,Violation_201,78.0,O1,-12.19508,73.0,80
LOND,lond018,Violation_201,78.0,O2,-11.4057,73.0,80
LOND,lond018,Control_202,69.0,Pz,-19.58418,68.0,27
LOND,lond018,Control_202,69.0,Cz,-22.13575,68.0,27
LOND,lond018,Control_202,69.0,CP1,-27.41955,68.0,27
LOND,lond018,Control_202,69.0,CP2,-1.021015,68.0,27
LOND,lond018,Control_202,69.0,P3,-18.92521,68.0,27
LOND,lond018,Control_202,69.0,P4,-19.11213,68.0,27
LOND,lond018,Control_202,69.0,C3,-18.68769,68.0,27
LOND,lond018,Control_202,69.0,C4,-31.14695,68.0,27
LOND,lond018,Control_202,69.0,P7,-23.19241,68.0,27
LOND,lond018,Control_202,69.0,P8,-22.93004,68.0,27
LOND,lond018,Control_202,69.0,O1,-14.85818,68.0,27
LOND,lond018,Control_202,69.0,O2,-20.36256,68.0,27
LOND,lond018,Control_202,65.0,Pz,-41.66798,65.0,93
LOND,lond018,Control_202,65.0,Cz,-47.44358,65.0,93
LOND,lond018,Control_202,65.0,CP1,-42.62078,65.0,93
LOND,lond018,Control_202,65.0,CP2,-54.45276,65.0,93
LOND,lond018,Control_202,65.0,P3,-39.37633,65.0,93
LOND,lond018,Control_202,65.0,P4,-43.79208,65.0,93
LOND,lond018,Control_202,65.0,C3,-41.87084,65.0,93
LOND,lond018,Control_202,65.0,C4,-46.67504,65.0,93
LOND,lond018,Control_202,65.0,P7,-31.60828,65.0,93
LOND,lond018,Control_202,65.0,P8,-35.32335,65.0,93
LOND,lond018,Control_202,65.0,O1,-35.53241,65.0,93
LOND,lond018,Control_202,65.0,O2,-36.7513,65.0,93
LOND,lond018,Control_202,61.0,Pz,-1.728307,62.0,70
LOND,lond018,Control_202,61.0,Cz,-5.44619,62.0,70
LOND,lond018,Control_202,61.0,CP1,1.805191,62.0,70
LOND,lond018,Control_202,61.0,CP2,5.140177,62.0,70
LOND,lond018,Control_202,61.0,P3,0.266791,62.0,70
LOND,lond018,Control_202,61.0,P4,-1.245374,62.0,70
LOND,lond018,Control_202,61.0,C3,-3.560089,62.0,70
LOND,lond018,Control_202,61.0,C4,-1.95841,62.0,70
LOND,lond018,Control_202,61.0,P7,-2.377287,62.0,70
LOND,lond018,Control_202,61.0,P8,-2.511946,62.0,70
LOND,lond018,Control_202,61.0,O1,-6.127489,62.0,70
LOND,lond018,Control_202,61.0,O2,-3.721953,62.0,70
LOND,lond018,Violation_201,70.0,Pz,4.408637,76.0,90
LOND,lond018,Violation_201,70.0,Cz,10.54987,76.0,90
LOND,lond018,Violation_201,70.0,CP1,10.74373,76.0,90
LOND,lond018,Violation_201,70.0,CP2,10.63572,76.0,90
LOND,lond018,Violation_201,70.0,P3,2.296058,76.0,90
LOND,lond018,Violation_201,70.0,P4,9.034755,76.0,90
LOND,lond018,Violation_201,70.0,C3,11.57425,76.0,90
LOND,lond018,Violation_201,70.0,C4,9.05492,76.0,90
LOND,lond018,Violation_201,70.0,P7,8.136577,76.0,90
LOND,lond018,Violation_201,70.0,P8,4.252944,76.0,90
LOND,lond018,Violation_201,70.0,O1,3.28911,76.0,90
LOND,lond018,Violation_201,70.0,O2,4.039337,76.0,90
LOND,lond018,Violation_201,66.0,Pz,6.774687,79.0,97
LOND,lond018,Violation_201,66.0,Cz,11.08127,79.0,97
LOND,lond018,Violation_201,66.0,CP1,8.556973,79.0,97
LOND,lond018,Violation_201,66.0,CP2,10.73764,79.0,97
LOND,lond018,Violation_201,66.0,P3,11.88218,79.0,97
LOND,lond018,Violation_201,66.0,P4,1.823426,79.0,97
LOND,lond018,Violation_201,66.0,C3,6.079289,79.0,97
LOND,lond018,Violation_201,66.0,C4,3.906589,79.0,97
LOND,lond018,Violation_201,66.0,P7,4.105914,79.0,97
LOND,lond018,Violation_201,66.0,P8,-0.271803,79.0,97
LOND,lond018,Violation_201,66.0,O1,6.518075,79.0,97
LOND,lond018,Violation_201,66.0,O2,4.831787,79.0,97
LOND,lond018,Violation_201,74.0,Pz,8.821346,74.0,93
LOND,lond018,Violation_201,74.0,Cz,12.16275,74.0,93
LOND,lond018,Violation_201,74.0,CP1,12.37748,74.0,93
LOND,lond018,Violation_201,74.0,CP2,9.805707,74.0,93
LOND,lond018,Violation_201,74.0,P3,-1.902378,74.0,93
LOND,lond018,Violation_201,74.0,P4,8.166582,74.0,93
LOND,lond018,Violation_201,74.0,C3,11.3208,74.0,93
LOND,lond018,Violation_201,74.0,C4,20.34833,74.0,93
LOND,lond018,Violation_201,74.0,P7,-10.08157,74.0,93
LOND,lond018,Violation_201,74.0,P8,9.614032,74.0,93
LOND,lond018,Violation_201,74.0,O1,-12.97527,74.0,93
LOND,lond018,Violation_201,74.0,O2,-1.665122,74.0,93
LOND,lond018,Control_202,77.0,Pz,21.42242,75.0,60
LOND,lond018,Control_202,77.0,Cz,23.94012,75.0,60
LOND,lond018,Control_202,77.0,CP1,22.82406,75.0,60
LOND,lond018,Control_202,77.0,CP2,16.92334,75.0,60
LOND,lond018,Control_202,77.0,P3,14.43941,75.0,60
LOND,lond018,Control_202,77.0,P4,20.62314,75.0,60
LOND,lond018,Control_202,77.0,C3,19.79546,75.0,60
LOND,lond018,Control_202,77.0,C4,16.20692,75.0,60
LOND,lond018,Control_202,77.0,P7,8.278069,75.0,60
LOND,lond018,Control_202,77.0,P8,9.636098,75.0,60
LOND,lond018,Control_202,77.0,O1,13.36602,75.0,60
LOND,lond018,Control_202,77.0,O2,12.8991,75.0,60
LOND,lond018,Control_202,73.0,Pz,35.07652,64.0,50
LOND,lond018,Control_202,73.0,Cz,48.1833,64.0,50
LOND,lond018,Control_202,73.0,CP1,37.44366,64.0,50
LOND,lond018,Control_202,73.0,CP2,46.79486,64.0,50
LOND,lond018,Control_202,73.0,P3,35.01983,64.0,50
LOND,lond018,Control_202,73.0,P4,42.52421,64.0,50
LOND,lond018,Control_202,73.0,C3,48.45748,64.0,50
LOND,lond018,Control_202,73.0,C4,47.32236,64.0,50
LOND,lond018,Control_202,73.0,P7,30.78373,64.0,50
LOND,lond018,Control_202,73.0,P8,46.77317,64.0,50
LOND,lond018,Control_202,73.0,O1,31.53911,64.0,50
LOND,lond018,Control_202,73.0,O2,30.03013,64.0,50
LOND,lond019,Violation_201,12.0,Pz,9.142434,10.0,80
LOND,lond019,Violation_201,12.0,Cz,-4.54614,10.0,80
LOND,lond019,Violation_201,12.0,CP1,-0.1225864,10.0,80
LOND,lond019,Violation_201,12.0,CP2,1.206857,10.0,80
LOND,lond019,Violation_201,12.0,P3,1.629287,10.0,80
LOND,lond019,Violation_201,12.0,P4,-7.259844,10.0,80
LOND,lond019,Violation_201,12.0,C3,-3.358958,10.0,80
LOND,lond019,Violation_201,12.0,C4,-5.623506,10.0,80
LOND,lond019,Violation_201,12.0,P7,2.620422,10.0,80
LOND,lond019,Violation_201,12.0,P8,2.511709,10.0,80
LOND,lond019,Violation_201,12.0,O1,2.335866,10.0,80
LOND,lond019,Violation_201,12.0,O2,4.689987,10.0,80
LOND,lond019,Violation_201,8.0,Pz,-2.321948,14.0,90
LOND,lond019,Violation_201,8.0,Cz,-16.22487,14.0,90
LOND,lond019,Violation_201,8.0,CP1,-13.41406,14.0,90
LOND,lond019,Violation_201,8.0,CP2,-11.14755,14.0,90
LOND,lond019,Violation_201,8.0,P3,-7.522305,14.0,90
LOND,lond019,Violation_201,8.0,P4,-5.488534,14.0,90
LOND,lond019,Violation_201,8.0,C3,-2.299685,14.0,90
LOND,lond019,Violation_201,8.0,C4,-8.266192,14.0,90
LOND,lond019,Violation_201,8.0,P7,-7.179658,14.0,90
LOND,lond019,Violation_201,8.0,P8,-10.62875,14.0,90
LOND,lond019,Violation_201,8.0,O1,-7.408457,14.0,90
LOND,lond019,Violation_201,8.0,O2,-15.62255,14.0,90
LOND,lond019,Control_202,11.0,Pz,14.99368,19.0,100
LOND,lond019,Control_202,11.0,Cz,5.708453,19.0,100
LOND,lond019,Control_202,11.0,CP1,5.499313,19.0,100
LOND,lond019,Control_202,11.0,CP2,9.383071,19.0,100
LOND,lond019,Control_202,11.0,P3,5.598891,19.0,100
LOND,lond019,Control_202,11.0,P4,11.32714,19.0,100
LOND,lond019,Control_202,11.0,C3,10.37336,19.0,100
LOND,lond019,Control_202,11.0,C4,7.831842,19.0,100
LOND,lond019,Control_202,11.0,P7,5.360747,19.0,100
LOND,lond019,Control_202,11.0,P8,1.042082,19.0,100
LOND,lond019,Control_202,11.0,O1,7.763437,19.0,100
LOND,lond019,Control_202,11.0,O2,6.566828,19.0,100
LOND,lond019,Control_202,3.0,Pz,8.152085,8.0,97
LOND,lond019,Control_202,3.0,Cz,7.762328,8.0,97
LOND,lond019,Control_202,3.0,CP1,5.620306,8.0,97
LOND,lond019,Control_202,3.0,CP2,9.895336,8.0,97
LOND,lond019,Control_202,3.0,P3,12.4313,8.0,97
LOND,lond019,Control_202,3.0,P4,10.58855,8.0,97
LOND,lond019,Control_202,3.0,C3,-1.477888,8.0,97
LOND,lond019,Control_202,3.0,C4,-0.00495174,8.0,97
LOND,lond019,Control_202,3.0,P7,9.161668,8.0,97
LOND,lond019,Control_202,3.0,P8,-0.0518772,8.0,97
LOND,lond019,Control_202,3.0,O1,2.310338,8.0,97
LOND,lond019,Control_202,3.0,O2,5.220346,8.0,97
LOND,lond019,Control_202,19.0,Pz,0.9020039,17.0,62
LOND,lond019,Control_202,19.0,Cz,-0.804917,17.0,62
LOND,lond019,Control_202,19.0,CP1,-3.243594,17.0,62
LOND,lond019,Control_202,19.0,CP2,-0.453472,17.0,62
LOND,lond019,Control_202,19.0,P3,-0.3277378,17.0,62
LOND,lond019,Control_202,19.0,P4,-1.358259,17.0,62
LOND,lond019,Control_202,19.0,C3,-4.35943,17.0,62
LOND,lond019,Control_202,19.0,C4,0.4696827,17.0,62
LOND,lond019,Control_202,19.0,P7,-8.741014,17.0,62
LOND,lond019,Control_202,19.0,P8,-0.594169,17.0,62
LOND,lond019,Control_202,19.0,O1,-7.729418,17.0,62
LOND,lond019,Control_202,19.0,O2,0.02731689,17.0,62
LOND,lond019,Control_202,7.0,Pz,8.335845,5.0,93
LOND,lond019,Control_202,7.0,Cz,-0.8969132,5.0,93
LOND,lond019,Control_202,7.0,CP1,2.22405,5.0,93
LOND,lond019,Control_202,7.0,CP2,4.743626,5.0,93
LOND,lond019,Control_202,7.0,P3,4.657886,5.0,93
LOND,lond019,Control_202,7.0,P4,8.725224,5.0,93
LOND,lond019,Control_202,7.0,C3,-1.573135,5.0,93
LOND,lond019,Control_202,7.0,C4,-1.703518,5.0,93
LOND,lond019,Control_202,7.0,P7,8.739615,5.0,93
LOND,lond019,Control_202,7.0,P8,5.972459,5.0,93
LOND,lond019,Control_202,7.0,O1,6.549735,5.0,93
LOND,lond019,Control_202,7.0,O2,8.804813,5.0,93
LOND,lond019,Violation_201,4.0,Pz,-10.59773,11.0,87
LOND,lond019,Violation_201,4.0,Cz,-13.7228,11.0,87
LOND,lond019,Violation_201,4.0,CP1,-11.5445,11.0,87
LOND,lond019,Violation_201,4.0,CP2,-9.752752,11.0,87
LOND,lond019,Violation_201,4.0,P3,0.2202989,11.0,87
LOND,lond019,Violation_201,4.0,P4,-3.254319,11.0,87
LOND,lond019,Violation_201,4.0,C3,-11.7347,11.0,87
LOND,lond019,Violation_201,4.0,C4,-7.165411,11.0,87
LOND,lond019,Violation_201,4.0,P7,-3.233382,11.0,87
LOND,lond019,Violation_201,4.0,P8,-6.6394,11.0,87
LOND,lond019,Violation_201,4.0,O1,-3.367246,11.0,87
LOND,lond019,Violation_201,4.0,O2,-4.760328,11.0,87
LOND,lond019,Violation_201,16.0,Pz,-2.616483,16.0,93
LOND,lond019,Violation_201,16.0,Cz,-2.523798,16.0,93
LOND,lond019,Violation_201,16.0,CP1,0.3549803,16.0,93
LOND,lond019,Violation_201,16.0,CP2,-1.055802,16.0,93
LOND,lond019,Violation_201,16.0,P3,3.737736,16.0,93
LOND,lond019,Violation_201,16.0,P4,-0.8175507,16.0,93
LOND,lond019,Violation_201,16.0,C3,-1.908589,16.0,93
LOND,lond019,Violation_201,16.0,C4,-0.5519329,16.0,93
LOND,lond019,Violation_201,16.0,P7,3.965843,16.0,93
LOND,lond019,Violation_201,16.0,P8,-3.170311,16.0,93
LOND,lond019,Violation_201,16.0,O1,10.0748,16.0,93
LOND,lond019,Violation_201,16.0,O2,8.19282,16.0,93
LOND,lond019,Violation_201,20.0,Pz,8.166114,18.0,87
LOND,lond019,Violation_201,20.0,Cz,7.577468,18.0,87
LOND,lond019,Violation_201,20.0,CP1,3.665589,18.0,87
LOND,lond019,Violation_201,20.0,CP2,8.863712,18.0,87
LOND,lond019,Violation_201,20.0,P3,7.042375,18.0,87
LOND,lond019,Violation_201,20.0,P4,8.310873,18.0,87
LOND,lond019,Violation_201,20.0,C3,8.520596,18.0,87
LOND,lond019,Violation_201,20.0,C4,5.193687,18.0,87
LOND,lond019,Violation_201,20.0,P7,7.048484,18.0,87
LOND,lond019,Violation_201,20.0,P8,1.809954,18.0,87
LOND,lond019,Violation_201,20.0,O1,5.01284,18.0,87
LOND,lond019,Violation_201,20.0,O2,13.616,18.0,87
LOND,lond019,Control_202,15.0,Pz,12.3633,4.0,93
LOND,lond019,Control_202,15.0,Cz,21.85791,4.0,93
LOND,lond019,Control_202,15.0,CP1,18.50258,4.0,93
LOND,lond019,Control_202,15.0,CP2,16.20482,4.0,93
LOND,lond019,Control_202,15.0,P3,11.76385,4.0,93
LOND,lond019,Control_202,15.0,P4,9.191512,4.0,93
LOND,lond019,Control_202,15.0,C3,17.55715,4.0,93
LOND,lond019,Control_202,15.0,C4,12.74086,4.0,93
LOND,lond019,Control_202,15.0,P7,7.082686,4.0,93
LOND,lond019,Control_202,15.0,P8,12.33126,4.0,93
LOND,lond019,Control_202,15.0,O1,17.27359,4.0,93
LOND,lond019,Control_202,15.0,O2,9.198008,4.0,93
LOND,lond019,Violation_201,32.0,Pz,2.095044,23.0,93
LOND,lond019,Violation_201,32.0,Cz,-5.095922,23.0,93
LOND,lond019,Violation_201,32.0,CP1,-0.9164482,23.0,93
LOND,lond019,Violation_201,32.0,CP2,-3.836855,23.0,93
LOND,lond019,Violation_201,32.0,P3,14.48644,23.0,93
LOND,lond019,Violation_201,32.0,P4,0.08618724,23.0,93
LOND,lond019,Violation_201,32.0,C3,-7.131921,23.0,93
LOND,lond019,Violation_201,32.0,C4,-2.648937,23.0,93
LOND,lond019,Violation_201,32.0,P7,10.33764,23.0,93
LOND,lond019,Violation_201,32.0,P8,-2.737444,23.0,93
LOND,lond019,Violation_201,32.0,O1,5.897317,23.0,93
LOND,lond019,Violation_201,32.0,O2,-0.2505552,23.0,93
LOND,lond019,Violation_201,24.0,Pz,0.1432953,24.0,93
LOND,lond019,Violation_201,24.0,Cz,8.252705,24.0,93
LOND,lond019,Violation_201,24.0,CP1,1.02089,24.0,93
LOND,lond019,Violation_201,24.0,CP2,1.0951,24.0,93
LOND,lond019,Violation_201,24.0,P3,3.437413,24.0,93
LOND,lond019,Violation_201,24.0,P4,0.2806915,24.0,93
LOND,lond019,Violation_201,24.0,C3,-4.001165,24.0,93
LOND,lond019,Violation_201,24.0,C4,1.358017,24.0,93
LOND,lond019,Violation_201,24.0,P7,3.204683,24.0,93
LOND,lond019,Violation_201,24.0,P8,0.2603075,24.0,93
LOND,lond019,Violation_201,24.0,O1,2.339346,24.0,93
LOND,lond019,Violation_201,24.0,O2,8.354174,24.0,93
LOND,lond019,Violation_201,36.0,Pz,-10.54896,29.0,90
LOND,lond019,Violation_201,36.0,Cz,-11.25137,29.0,90
LOND,lond019,Violation_201,36.0,CP1,-14.23413,29.0,90
LOND,lond019,Violation_201,36.0,CP2,-12.97789,29.0,90
LOND,lond019,Violation_201,36.0,P3,-13.80671,29.0,90
LOND,lond019,Violation_201,36.0,P4,-4.844681,29.0,90
LOND,lond019,Violation_201,36.0,C3,-4.548828,29.0,90
LOND,lond019,Violation_201,36.0,C4,-13.12796,29.0,90
LOND,lond019,Violation_201,36.0,P7,-9.109752,29.0,90
LOND,lond019,Violation_201,36.0,P8,-10.36963,29.0,90
LOND,lond019,Violation_201,36.0,O1,-11.74641,29.0,90
LOND,lond019,Violation_201,36.0,O2,-15.69769,29.0,90
LOND,lond019,Control_202,27.0,Pz,6.574638,26.0,87
LOND,lond019,Control_202,27.0,Cz,6.546081,26.0,87
LOND,lond019,Control_202,27.0,CP1,6.159267,26.0,87
LOND,lond019,Control_202,27.0,CP2,5.126915,26.0,87
LOND,lond019,Control_202,27.0,P3,0.8149304,26.0,87
LOND,lond019,Control_202,27.0,P4,7.437018,26.0,87
LOND,lond019,Control_202,27.0,C3,3.692389,26.0,87
LOND,lond019,Control_202,27.0,C4,1.553218,26.0,87
LOND,lond019,Control_202,27.0,P7,-2.576478,26.0,87
LOND,lond019,Control_202,27.0,P8,1.963016,26.0,87
LOND,lond019,Control_202,27.0,O1,1.377246,26.0,87
LOND,lond019,Control_202,27.0,O2,1.952258,26.0,87
LOND,lond019,Control_202,35.0,Pz,-1.062442,34.0,97
LOND,lond019,Control_202,35.0,Cz,0.6843462,34.0,97
LOND,lond019,Control_202,35.0,CP1,-3.404083,34.0,97
LOND,lond019,Control_202,35.0,CP2,-1.384302,34.0,97
LOND,lond019,Control_202,35.0,P3,5.926602,34.0,97
LOND,lond019,Control_202,35.0,P4,-6.335257,34.0,97
LOND,lond019,Control_202,35.0,C3,-0.9206849,34.0,97
LOND,lond019,Control_202,35.0,C4,-5.44913,34.0,97
LOND,lond019,Control_202,35.0,P7,4.465738,34.0,97
LOND,lond019,Control_202,35.0,P8,-7.361109,34.0,97
LOND,lond019,Control_202,35.0,O1,7.749003,34.0,97
LOND,lond019,Control_202,35.0,O2,5.418193,34.0,97
LOND,lond019,Violation_201,40.0,Pz,6.17402,33.0,53
LOND,lond019,Violation_201,40.0,Cz,7.165557,33.0,53
LOND,lond019,Violation_201,40.0,CP1,7.96285,33.0,53
LOND,lond019,Violation_201,40.0,CP2,10.36157,33.0,53
LOND,lond019,Violation_201,40.0,P3,1.879905,33.0,53
LOND,lond019,Violation_201,40.0,P4,5.419748,33.0,53
LOND,lond019,Violation_201,40.0,C3,5.007501,33.0,53
LOND,lond019,Violation_201,40.0,C4,7.964366,33.0,53
LOND,lond019,Violation_201,40.0,P7,4.932294,33.0,53
LOND,lond019,Violation_201,40.0,P8,1.421873,33.0,53
LOND,lond019,Violation_201,40.0,O1,8.25544,33.0,53
LOND,lond019,Violation_201,40.0,O2,4.046066,33.0,53
LOND,lond019,Control_202,23.0,Pz,3.488877,32.0,80
LOND,lond019,Control_202,23.0,Cz,2.84128,32.0,80
LOND,lond019,Control_202,23.0,CP1,3.169388,32.0,80
LOND,lond019,Control_202,23.0,CP2,2.792964,32.0,80
LOND,lond019,Control_202,23.0,P3,-4.333831,32.0,80
LOND,lond019,Control_202,23.0,P4,-5.456628,32.0,80
LOND,lond019,Control_202,23.0,C3,6.330005,32.0,80
LOND,lond019,Control_202,23.0,C4,1.757563,32.0,80
LOND,lond019,Control_202,23.0,P7,9.115289,32.0,80
LOND,lond019,Control_202,23.0,P8,4.100777,32.0,80
LOND,lond019,Control_202,23.0,O1,2.283692,32.0,80
LOND,lond019,Control_202,23.0,O2,-2.34246,32.0,80
LOND,lond019,Control_202,39.0,Pz,14.92627,37.0,80
LOND,lond019,Control_202,39.0,Cz,16.94964,37.0,80
LOND,lond019,Control_202,39.0,CP1,14.4564,37.0,80
LOND,lond019,Control_202,39.0,CP2,15.41484,37.0,80
LOND,lond019,Control_202,39.0,P3,14.42904,37.0,80
LOND,lond019,Control_202,39.0,P4,18.80499,37.0,80
LOND,lond019,Control_202,39.0,C3,11.45914,37.0,80
LOND,lond019,Control_202,39.0,C4,12.37732,37.0,80
LOND,lond019,Control_202,39.0,P7,7.893249,37.0,80
LOND,lond019,Control_202,39.0,P8,11.47676,37.0,80
LOND,lond019,Control_202,39.0,O1,6.911951,37.0,80
LOND,lond019,Control_202,39.0,O2,4.8658,37.0,80
LOND,lond019,Control_202,31.0,Pz,2.906817,40.0,93
LOND,lond019,Control_202,31.0,Cz,0.07178015,40.0,93
LOND,lond019,Control_202,31.0,CP1,0.1373383,40.0,93
LOND,lond019,Control_202,31.0,CP2,1.730298,40.0,93
LOND,lond019,Control_202,31.0,P3,12.07597,40.0,93
LOND,lond019,Control_202,31.0,P4,11.47824,40.0,93
LOND,lond019,Control_202,31.0,C3,7.473737,40.0,93
LOND,lond019,Control_202,31.0,C4,-0.7768819,40.0,93
LOND,lond019,Control_202,31.0,P7,10.31308,40.0,93
LOND,lond019,Control_202,31.0,P8,4.830446,40.0,93
LOND,lond019,Control_202,31.0,O1,3.973048,40.0,93
LOND,lond019,Control_202,31.0,O2,3.468979,40.0,93
LOND,lond019,Violation_201,28.0,Pz,10.89093,27.0,97
LOND,lond019,Violation_201,28.0,Cz,17.65889,27.0,97
LOND,lond019,Violation_201,28.0,CP1,13.37749,27.0,97
LOND,lond019,Violation_201,28.0,CP2,12.24128,27.0,97
LOND,lond019,Violation_201,28.0,P3,14.50202,27.0,97
LOND,lond019,Violation_201,28.0,P4,4.836227,27.0,97
LOND,lond019,Violation_201,28.0,C3,11.61636,27.0,97
LOND,lond019,Violation_201,28.0,C4,8.285274,27.0,97
LOND,lond019,Violation_201,28.0,P7,10.05585,27.0,97
LOND,lond019,Violation_201,28.0,P8,8.316649,27.0,97
LOND,lond019,Violation_201,28.0,O1,9.712905,27.0,97
LOND,lond019,Violation_201,28.0,O2,8.663869,27.0,97
LOND,lond019,Violation_201,43.0,Pz,-9.835451,58.0,73
LOND,lond019,Violation_201,43.0,Cz,-17.50878,58.0,73
LOND,lond019,Violation_201,43.0,CP1,-21.07674,58.0,73
LOND,lond019,Violation_201,43.0,CP2,-14.29818,58.0,73
LOND,lond019,Violation_201,43.0,P3,-12.06013,58.0,73
LOND,lond019,Violation_201,43.0,P4,-12.7083,58.0,73
LOND,lond019,Violation_201,43.0,C3,-17.57887,58.0,73
LOND,lond019,Violation_201,43.0,C4,-15.12518,58.0,73
LOND,lond019,Violation_201,43.0,P7,-3.909956,58.0,73
LOND,lond019,Violation_201,43.0,P8,-9.823668,58.0,73
LOND,lond019,Violation_201,43.0,O1,-11.89263,58.0,73
LOND,lond019,Violation_201,43.0,O2,-5.115857,58.0,73
LOND,lond019,Control_202,47.0,Pz,9.232379,44.0,90
LOND,lond019,Control_202,47.0,Cz,16.27624,44.0,90
LOND,lond019,Control_202,47.0,CP1,8.968664,44.0,90
LOND,lond019,Control_202,47.0,CP2,14.34295,44.0,90
LOND,lond019,Control_202,47.0,P3,19.20441,44.0,90
LOND,lond019,Control_202,47.0,P4,5.036496,44.0,90
LOND,lond019,Control_202,47.0,C3,10.67025,44.0,90
LOND,lond019,Control_202,47.0,C4,15.47778,44.0,90
LOND,lond019,Control_202,47.0,P7,-1.215028,44.0,90
LOND,lond019,Control_202,47.0,P8,9.026278,44.0,90
LOND,lond019,Control_202,47.0,O1,7.269286,44.0,90
LOND,lond019,Control_202,47.0,O2,8.946462,44.0,90
LOND,lond019,Control_202,44.0,Pz,10.0544,54.0,77
LOND,lond019,Control_202,44.0,Cz,24.33891,54.0,77
LOND,lond019,Control_202,44.0,CP1,10.60552,54.0,77
LOND,lond019,Control_202,44.0,CP2,16.13657,54.0,77
LOND,lond019,Control_202,44.0,P3,6.73902,54.0,77
LOND,lond019,Control_202,44.0,P4,8.005673,54.0,77
LOND,lond019,Control_202,44.0,C3,17.74351,54.0,77
LOND,lond019,Control_202,44.0,C4,13.54433,54.0,77
LOND,lond019,Control_202,44.0,P7,-0.4507762,54.0,77
LOND,lond019,Control_202,44.0,P8,10.14581,54.0,77
LOND,lond019,Control_202,44.0,O1,7.866204,54.0,77
LOND,lond019,Control_202,44.0,O2,16.32765,54.0,77
LOND,lond019,Control_202,51.0,Pz,1.375134,49.0,40
LOND,lond019,Control_202,51.0,Cz,13.20285,49.0,40
LOND,lond019,Control_202,51.0,CP1,7.095331,49.0,40
LOND,lond019,Control_202,51.0,CP2,5.959906,49.0,40
LOND,lond019,Control_202,51.0,P3,-1.175083,49.0,40
LOND,lond019,Control_202,51.0,P4,-9.896256,49.0,40
LOND,lond019,Control_202,51.0,C3,12.7118,49.0,40
LOND,lond019,Control_202,51.0,C4,6.058769,49.0,40
LOND,lond019,Control_202,51.0,P7,-15.22908,49.0,40
LOND,lond019,Control_202,51.0,P8,-5.684117,49.0,40
LOND,lond019,Control_202,51.0,O1,0.7498031,49.0,40
LOND,lond019,Control_202,51.0,O2,-3.97267,49.0,40
LOND,lond019,Control_202,55.0,Pz,-0.3259577,57.0,69
LOND,lond019,Control_202,55.0,Cz,0.6723934,57.0,69
LOND,lond019,Control_202,55.0,CP1,10.9628,57.0,69
LOND,lond019,Control_202,55.0,CP2,1.535126,57.0,69
LOND,lond019,Control_202,55.0,P3,-4.116827,57.0,69
LOND,lond019,Control_202,55.0,P4,-13.08334,57.0,69
LOND,lond019,Control_202,55.0,C3,1.242391,57.0,69
LOND,lond019,Control_202,55.0,C4,-3.51186,57.0,69
LOND,lond019,Control_202,55.0,P7,-0.7637926,57.0,69
LOND,lond019,Control_202,55.0,P8,-0.3031978,57.0,69
LOND,lond019,Control_202,55.0,O1,0.445446,57.0,69
LOND,lond019,Control_202,55.0,O2,-0.3695286,57.0,69
LOND,lond019,Violation_201,48.0,Pz,7.645287,51.0,90
LOND,lond019,Violation_201,48.0,Cz,0.9883532,51.0,90
LOND,lond019,Violation_201,48.0,CP1,10.00769,51.0,90
LOND,lond019,Violation_201,48.0,CP2,5.635931,51.0,90
LOND,lond019,Violation_201,48.0,P3,16.76163,51.0,90
LOND,lond019,Violation_201,48.0,P4,6.839346,51.0,90
LOND,lond019,Violation_201,48.0,C3,-1.682948,51.0,90
LOND,lond019,Violation_201,48.0,C4,0.6589258,51.0,90
LOND,lond019,Violation_201,48.0,P7,-0.08154368,51.0,90
LOND,lond019,Violation_201,48.0,P8,1.995947,51.0,90
LOND,lond019,Violation_201,48.0,O1,0.3744632,51.0,90
LOND,lond019,Violation_201,48.0,O2,-1.410694,51.0,90
LOND,lond019,Control_202,59.0,Pz,15.24932,60.0,90
LOND,lond019,Control_202,59.0,Cz,14.82823,60.0,90
LOND,lond019,Control_202,59.0,CP1,27.65055,60.0,90
LOND,lond019,Control_202,59.0,CP2,20.00018,60.0,90
LOND,lond019,Control_202,59.0,P3,17.59015,60.0,90
LOND,lond019,Control_202,59.0,P4,8.535079,60.0,90
LOND,lond019,Control_202,59.0,C3,19.2207,60.0,90
LOND,lond019,Control_202,59.0,C4,18.82649,60.0,90
LOND,lond019,Control_202,59.0,P7,13.12743,60.0,90
LOND,lond019,Control_202,59.0,P8,12.53442,60.0,90
LOND,lond019,Control_202,59.0,O1,21.95057,60.0,90
LOND,lond019,Control_202,59.0,O2,18.93306,60.0,90
LOND,lond019,Violation_201,56.0,Pz,-24.43824,48.0,87
LOND,lond019,Violation_201,56.0,Cz,-18.51366,48.0,87
LOND,lond019,Violation_201,56.0,CP1,-10.05118,48.0,87
LOND,lond019,Violation_201,56.0,CP2,-17.66677,48.0,87
LOND,lond019,Violation_201,56.0,P3,-34.26188,48.0,87
LOND,lond019,Violation_201,56.0,P4,-27.98424,48.0,87
LOND,lond019,Violation_201,56.0,C3,-24.3605,48.0,87
LOND,lond019,Violation_201,56.0,C4,-13.56472,48.0,87
LOND,lond019,Violation_201,56.0,P7,-22.60803,48.0,87
LOND,lond019,Violation_201,56.0,P8,-17.82376,48.0,87
LOND,lond019,Violation_201,56.0,O1,-18.12851,48.0,87
LOND,lond019,Violation_201,56.0,O2,-29.2896,48.0,87
LOND,lond019,Violation_201,60.0,Pz,-6.318385,52.0,87
LOND,lond019,Violation_201,60.0,Cz,-5.978586,52.0,87
LOND,lond019,Violation_201,60.0,CP1,-2.78647,52.0,87
LOND,lond019,Violation_201,60.0,CP2,-1.2805,52.0,87
LOND,lond019,Violation_201,60.0,P3,-19.12048,52.0,87
LOND,lond019,Violation_201,60.0,P4,-1.999737,52.0,87
LOND,lond019,Violation_201,60.0,C3,-11.5868,52.0,87
LOND,lond019,Violation_201,60.0,C4,0.02570448,52.0,87
LOND,lond019,Violation_201,60.0,P7,-4.934038,52.0,87
LOND,lond019,Violation_201,60.0,P8,-0.7574105,52.0,87
LOND,lond019,Violation_201,60.0,O1,-3.753166,52.0,87
LOND,lond019,Violation_201,60.0,O2,-6.526473,52.0,87
LOND,lond019,Violation_201,52.0,Pz,-13.54371,50.0,37
LOND,lond019,Violation_201,52.0,Cz,-15.06384,50.0,37
LOND,lond019,Violation_201,52.0,CP1,-18.38677,50.0,37
LOND,lond019,Violation_201,52.0,CP2,-10.44283,50.0,37
LOND,lond019,Violation_201,52.0,P3,-29.89396,50.0,37
LOND,lond019,Violation_201,52.0,P4,-19.62297,50.0,37
LOND,lond019,Violation_201,52.0,C3,-20.07729,50.0,37
LOND,lond019,Violation_201,52.0,C4,-12.67163,50.0,37
LOND,lond019,Violation_201,52.0,P7,-9.406574,50.0,37
LOND,lond019,Violation_201,52.0,P8,-10.41532,50.0,37
LOND,lond019,Violation_201,52.0,O1,-7.422107,50.0,37
LOND,lond019,Violation_201,52.0,O2,-10.04428,50.0,37
LOND,lond019,Violation_201,72.0,Pz,20.04945,77.0,100
LOND,lond019,Violation_201,72.0,Cz,15.78227,77.0,100
LOND,lond019,Violation_201,72.0,CP1,21.31787,77.0,100
LOND,lond019,Violation_201,72.0,CP2,18.81713,77.0,100
LOND,lond019,Violation_201,72.0,P3,31.29481,77.0,100
LOND,lond019,Violation_201,72.0,P4,20.61104,77.0,100
LOND,lond019,Violation_201,72.0,C3,20.70539,77.0,100
LOND,lond019,Violation_201,72.0,C4,18.43772,77.0,100
LOND,lond019,Violation_201,72.0,P7,18.80035,77.0,100
LOND,lond019,Violation_201,72.0,P8,7.335016,77.0,100
LOND,lond019,Violation_201,72.0,O1,14.27431,77.0,100
LOND,lond019,Violation_201,72.0,O2,7.310311,77.0,100
LOND,lond019,Violation_201,64.0,Pz,10.77158,61.0,34
LOND,lond019,Violation_201,64.0,Cz,8.873119,61.0,34
LOND,lond019,Violation_201,64.0,CP1,3.481578,61.0,34
LOND,lond019,Violation_201,64.0,CP2,7.686702,61.0,34
LOND,lond019,Violation_201,64.0,P3,8.939115,61.0,34
LOND,lond019,Violation_201,64.0,P4,5.604629,61.0,34
LOND,lond019,Violation_201,64.0,C3,3.208802,61.0,34
LOND,lond019,Violation_201,64.0,C4,1.209851,61.0,34
LOND,lond019,Violation_201,64.0,P7,1.743581,61.0,34
LOND,lond019,Violation_201,64.0,P8,9.767118,61.0,34
LOND,lond019,Violation_201,64.0,O1,14.16044,61.0,34
LOND,lond019,Violation_201,64.0,O2,15.66276,61.0,34
LOND,lond019,Violation_201,80.0,Pz,12.21299,75.0,60
LOND,lond019,Violation_201,80.0,Cz,13.27438,75.0,60
LOND,lond019,Violation_201,80.0,CP1,9.32137,75.0,60
LOND,lond019,Violation_201,80.0,CP2,10.83692,75.0,60
LOND,lond019,Violation_201,80.0,P3,31.10668,75.0,60
LOND,lond019,Violation_201,80.0,P4,18.81262,75.0,60
LOND,lond019,Violation_201,80.0,C3,20.18299,75.0,60
LOND,lond019,Violation_201,80.0,C4,12.12789,75.0,60
LOND,lond019,Violation_201,80.0,P7,26.89986,75.0,60
LOND,lond019,Violation_201,80.0,P8,10.22177,75.0,60
LOND,lond019,Violation_201,80.0,O1,18.44125,75.0,60
LOND,lond019,Violation_201,80.0,O2,11.19279,75.0,60
LOND,lond019,Control_202,71.0,Pz,3.691905,78.0,97
LOND,lond019,Control_202,71.0,Cz,2.330196,78.0,97
LOND,lond019,Control_202,71.0,CP1,-2.537025,78.0,97
LOND,lond019,Control_202,71.0,CP2,0.8429915,78.0,97
LOND,lond019,Control_202,71.0,P3,20.7458,78.0,97
LOND,lond019,Control_202,71.0,P4,6.234017,78.0,97
LOND,lond019,Control_202,71.0,C3,15.99683,78.0,97
LOND,lond019,Control_202,71.0,C4,7.466038,78.0,97
LOND,lond019,Control_202,71.0,P7,21.99445,78.0,97
LOND,lond019,Control_202,71.0,P8,-1.724135,78.0,97
LOND,lond019,Control_202,71.0,O1,3.511484,78.0,97
LOND,lond019,Control_202,71.0,O2,3.755787,78.0,97
LOND,lond019,Control_202,63.0,Pz,-5.960983,80.0,97
LOND,lond019,Control_202,63.0,Cz,-17.48417,80.0,97
LOND,lond019,Control_202,63.0,CP1,-22.16446,80.0,97
LOND,lond019,Control_202,63.0,CP2,-11.32576,80.0,97
LOND,lond019,Control_202,63.0,P3,4.171745,80.0,97
LOND,lond019,Control_202,63.0,P4,-6.105553,80.0,97
LOND,lond019,Control_202,63.0,C3,-16.51274,80.0,97
LOND,lond019,Control_202,63.0,C4,-16.37702,80.0,97
LOND,lond019,Control_202,63.0,P7,-3.019243,80.0,97
LOND,lond019,Control_202,63.0,P8,1.978684,80.0,97
LOND,lond019,Control_202,63.0,O1,-4.859818,80.0,97
LOND,lond019,Control_202,63.0,O2,8.725829,80.0,97
LOND,lond019,Violation_201,76.0,Pz,-13.58639,69.0,93
LOND,lond019,Violation_201,76.0,Cz,-7.583907,69.0,93
LOND,lond019,Violation_201,76.0,CP1,-14.81602,69.0,93
LOND,lond019,Violation_201,76.0,CP2,-8.105722,69.0,93
LOND,lond019,Violation_201,76.0,P3,-12.48288,69.0,93
LOND,lond019,Violation_201,76.0,P4,-7.126802,69.0,93
LOND,lond019,Violation_201,76.0,C3,-8.208593,69.0,93
LOND,lond019,Violation_201,76.0,C4,-2.098153,69.0,93
LOND,lond019,Violation_201,76.0,P7,-14.07293,69.0,93
LOND,lond019,Violation_201,76.0,P8,-5.833875,69.0,93
LOND,lond019,Violation_201,76.0,O1,-19.06267,69.0,93
LOND,lond019,Violation_201,76.0,O2,-6.9459,69.0,93
LOND,lond019,Violation_201,68.0,Pz,0.8214898,71.0,90
LOND,lond019,Violation_201,68.0,Cz,13.63586,71.0,90
LOND,lond019,Violation_201,68.0,CP1,6.374466,71.0,90
LOND,lond019,Violation_201,68.0,CP2,7.230473,71.0,90
LOND,lond019,Violation_201,68.0,P3,1.046664,71.0,90
LOND,lond019,Violation_201,68.0,P4,8.741168,71.0,90
LOND,lond019,Violation_201,68.0,C3,0.4886875,71.0,90
LOND,lond019,Violation_201,68.0,C4,4.974333,71.0,90
LOND,lond019,Violation_201,68.0,P7,-9.555263,71.0,90
LOND,lond019,Violation_201,68.0,P8,-0.1520744,71.0,90
LOND,lond019,Violation_201,68.0,O1,5.85733,71.0,90
LOND,lond019,Violation_201,68.0,O2,10.85788,71.0,90
LOND,lond019,Control_202,79.0,Pz,5.65553,67.0,87
LOND,lond019,Control_202,79.0,Cz,6.104043,67.0,87
LOND,lond019,Control_202,79.0,CP1,1.308719,67.0,87
LOND,lond019,Control_202,79.0,CP2,-0.07757873,67.0,87
LOND,lond019,Control_202,79.0,P3,14.04509,67.0,87
LOND,lond019,Control_202,79.0,P4,10.79865,67.0,87
LOND,lond019,Control_202,79.0,C3,11.75825,67.0,87
LOND,lond019,Control_202,79.0,C4,-3.115944,67.0,87
LOND,lond019,Control_202,79.0,P7,10.73561,67.0,87
LOND,lond019,Control_202,79.0,P8,0.5159605,67.0,87
LOND,lond019,Control_202,79.0,O1,-1.162134,67.0,87
LOND,lond019,Control_202,79.0,O2,-1.444138,67.0,87
LOND,lond019,Control_202,67.0,Pz,4.100054,70.0,57
LOND,lond019,Control_202,67.0,Cz,4.222979,70.0,57
LOND,lond019,Control_202,67.0,CP1,-4.232074,70.0,57
LOND,lond019,Control_202,67.0,CP2,4.992435,70.0,57
LOND,lond019,Control_202,67.0,P3,-3.194856,70.0,57
LOND,lond019,Control_202,67.0,P4,8.393574,70.0,57
LOND,lond019,Control_202,67.0,C3,7.558327,70.0,57
LOND,lond019,Control_202,67.0,C4,1.903387,70.0,57
LOND,lond019,Control_202,67.0,P7,-2.189258,70.0,57
LOND,lond019,Control_202,67.0,P8,5.265906,70.0,57
LOND,lond019,Control_202,67.0,O1,4.262414,70.0,57
LOND,lond019,Control_202,67.0,O2,9.363049,70.0,57
LOND,lond019,Control_202,75.0,Pz,29.61273,76.0,90
LOND,lond019,Control_202,75.0,Cz,-1.567309,76.0,90
LOND,lond019,Control_202,75.0,CP1,14.30857,76.0,90
LOND,lond019,Control_202,75.0,CP2,14.44385,76.0,90
LOND,lond019,Control_202,75.0,P3,27.74594,76.0,90
LOND,lond019,Control_202,75.0,P4,13.83769,76.0,90
LOND,lond019,Control_202,75.0,C3,15.58001,76.0,90
LOND,lond019,Control_202,75.0,C4,13.7551,76.0,90
LOND,lond019,Control_202,75.0,P7,22.05153,76.0,90
LOND,lond019,Control_202,75.0,P8,22.19032,76.0,90
LOND,lond019,Control_202,75.0,O1,13.84808,76.0,90
LOND,lond019,Control_202,75.0,O2,24.05819,76.0,90
LOND,lond020,Violation_201,8.0,Pz,0.2558046,15.0,90
LOND,lond020,Violation_201,8.0,Cz,-6.190775,15.0,90
LOND,lond020,Violation_201,8.0,CP1,0.1906604,15.0,90
LOND,lond020,Violation_201,8.0,CP2,-7.294825,15.0,90
LOND,lond020,Violation_201,8.0,P3,-15.68549,15.0,90
LOND,lond020,Violation_201,8.0,P4,-7.161401,15.0,90
LOND,lond020,Violation_201,8.0,C3,-6.911979,15.0,90
LOND,lond020,Violation_201,8.0,C4,-8.405301,15.0,90
LOND,lond020,Violation_201,8.0,P7,-4.047489,15.0,90
LOND,lond020,Violation_201,8.0,P8,-9.318789,15.0,90
LOND,lond020,Violation_201,8.0,O1,-6.031173,15.0,90
LOND,lond020,Violation_201,8.0,O2,-12.54296,15.0,90
LOND,lond020,Control_202,7.0,Pz,-8.63691,19.0,100
LOND,lond020,Control_202,7.0,Cz,-13.53981,19.0,100
LOND,lond020,Control_202,7.0,CP1,-21.83075,19.0,100
LOND,lond020,Control_202,7.0,CP2,-13.89183,19.0,100
LOND,lond020,Control_202,7.0,P3,-22.03725,19.0,100
LOND,lond020,Control_202,7.0,P4,-14.88475,19.0,100
LOND,lond020,Control_202,7.0,C3,-26.17497,19.0,100
LOND,lond020,Control_202,7.0,C4,-21.76473,19.0,100
LOND,lond020,Control_202,7.0,P7,-13.44867,19.0,100
LOND,lond020,Control_202,7.0,P8,-16.99855,19.0,100
LOND,lond020,Control_202,7.0,O1,-15.99307,19.0,100
LOND,lond020,Control_202,7.0,O2,-18.7213,19.0,100
LOND,lond020,Control_202,19.0,Pz,32.56482,12.0,100
LOND,lond020,Control_202,19.0,Cz,36.95078,12.0,100
LOND,lond020,Control_202,19.0,CP1,43.51043,12.0,100
LOND,lond020,Control_202,19.0,CP2,33.96554,12.0,100
LOND,lond020,Control_202,19.0,P3,41.99433,12.0,100
LOND,lond020,Control_202,19.0,P4,39.20219,12.0,100
LOND,lond020,Control_202,19.0,C3,46.72401,12.0,100
LOND,lond020,Control_202,19.0,C4,32.34558,12.0,100
LOND,lond020,Control_202,19.0,P7,46.18827,12.0,100
LOND,lond020,Control_202,19.0,P8,40.85025,12.0,100
LOND,lond020,Control_202,19.0,O1,45.20267,12.0,100
LOND,lond020,Control_202,19.0,O2,43.56157,12.0,100
LOND,lond020,Control_202,15.0,Pz,-45.65501,16.0,93
LOND,lond020,Control_202,15.0,Cz,-44.57176,16.0,93
LOND,lond020,Control_202,15.0,CP1,-52.18915,16.0,93
LOND,lond020,Control_202,15.0,CP2,-46.05031,16.0,93
LOND,lond020,Control_202,15.0,P3,-35.34186,16.0,93
LOND,lond020,Control_202,15.0,P4,-36.34596,16.0,93
LOND,lond020,Control_202,15.0,C3,-37.45856,16.0,93
LOND,lond020,Control_202,15.0,C4,-29.79876,16.0,93
LOND,lond020,Control_202,15.0,P7,-47.84938,16.0,93
LOND,lond020,Control_202,15.0,P8,-38.69445,16.0,93
LOND,lond020,Control_202,15.0,O1,-49.12531,16.0,93
LOND,lond020,Control_202,15.0,O2,-44.16391,16.0,93
LOND,lond020,Control_202,3.0,Pz,-23.03087,8.0,97
LOND,lond020,Control_202,3.0,Cz,-25.87908,8.0,97
LOND,lond020,Control_202,3.0,CP1,-18.2912,8.0,97
LOND,lond020,Control_202,3.0,CP2,-15.1658,8.0,97
LOND,lond020,Control_202,3.0,P3,-11.86198,8.0,97
LOND,lond020,Control_202,3.0,P4,-14.34717,8.0,97
LOND,lond020,Control_202,3.0,C3,-16.77685,8.0,97
LOND,lond020,Control_202,3.0,C4,-21.34571,8.0,97
LOND,lond020,Control_202,3.0,P7,-1.878389,8.0,97
LOND,lond020,Control_202,3.0,P8,-22.06967,8.0,97
LOND,lond020,Control_202,3.0,O1,-11.10277,8.0,97
LOND,lond020,Control_202,3.0,O2,-4.993446,8.0,97
LOND,lond020,Violation_201,4.0,Pz,-24.09155,17.0,62
LOND,lond020,Violation_201,4.0,Cz,-18.74358,17.0,62
LOND,lond020,Violation_201,4.0,CP1,-17.31276,17.0,62
LOND,lond020,Violation_201,4.0,CP2,-22.08879,17.0,62
LOND,lond020,Violation_201,4.0,P3,-10.46329,17.0,62
LOND,lond020,Violation_201,4.0,P4,-22.06904,17.0,62
LOND,lond020,Violation_201,4.0,C3,-11.98055,17.0,62
LOND,lond020,Violation_201,4.0,C4,-22.16205,17.0,62
LOND,lond020,Violation_201,4.0,P7,-15.01719,17.0,62
LOND,lond020,Violation_201,4.0,P8,-20.81948,17.0,62
LOND,lond020,Violation_201,4.0,O1,-15.97945,17.0,62
LOND,lond020,Violation_201,4.0,O2,-21.43408,17.0,62
LOND,lond020,Violation_201,16.0,Pz,-30.22956,5.0,93
LOND,lond020,Violation_201,16.0,Cz,-30.9736,5.0,93
LOND,lond020,Violation_201,16.0,CP1,-23.78578,5.0,93
LOND,lond020,Violation_201,16.0,CP2,-35.37421,5.0,93
LOND,lond020,Violation_201,16.0,P3,-12.11401,5.0,93
LOND,lond020,Violation_201,16.0,P4,-33.92774,5.0,93
LOND,lond020,Violation_201,16.0,C3,-37.53899,5.0,93
LOND,lond020,Violation_201,16.0,C4,-30.6771,5.0,93
LOND,lond020,Violation_201,16.0,P7,-31.85244,5.0,93
LOND,lond020,Violation_201,16.0,P8,-37.03762,5.0,93
LOND,lond020,Violation_201,16.0,O1,-28.89575,5.0,93
LOND,lond020,Violation_201,16.0,O2,-27.84876,5.0,93
LOND,lond020,Control_202,11.0,Pz,-11.90909,3.0,100
LOND,lond020,Control_202,11.0,Cz,-15.53897,3.0,100
LOND,lond020,Control_202,11.0,CP1,-13.98967,3.0,100
LOND,lond020,Control_202,11.0,CP2,-5.441021,3.0,100
LOND,lond020,Control_202,11.0,P3,-10.74017,3.0,100
LOND,lond020,Control_202,11.0,P4,-16.54096,3.0,100
LOND,lond020,Control_202,11.0,C3,-18.20202,3.0,100
LOND,lond020,Control_202,11.0,C4,-15.46919,3.0,100
LOND,lond020,Control_202,11.0,P7,-26.71642,3.0,100
LOND,lond020,Control_202,11.0,P8,-17.46102,3.0,100
LOND,lond020,Control_202,11.0,O1,-17.55708,3.0,100
LOND,lond020,Control_202,11.0,O2,-14.99059,3.0,100
LOND,lond020,Violation_201,12.0,Pz,5.511961,2.0,100
LOND,lond020,Violation_201,12.0,Cz,-7.53082,2.0,100
LOND,lond020,Violation_201,12.0,CP1,1.545037,2.0,100
LOND,lond020,Violation_201,12.0,CP2,-0.01503871,2.0,100
LOND,lond020,Violation_201,12.0,P3,1.759609,2.0,100
LOND,lond020,Violation_201,12.0,P4,13.94854,2.0,100
LOND,lond020,Violation_201,12.0,C3,-1.134389,2.0,100
LOND,lond020,Violation_201,12.0,C4,3.397199,2.0,100
LOND,lond020,Violation_201,12.0,P7,29.22229,2.0,100
LOND,lond020,Violation_201,12.0,P8,17.20495,2.0,100
LOND,lond020,Violation_201,12.0,O1,5.17344,2.0,100
LOND,lond020,Violation_201,12.0,O2,11.64533,2.0,100
LOND,lond020,Violation_201,20.0,Pz,9.403604,20.0,90
LOND,lond020,Violation_201,20.0,Cz,6.84629,20.0,90
LOND,lond020,Violation_201,20.0,CP1,5.885425,20.0,90
LOND,lond020,Violation_201,20.0,CP2,16.29953,20.0,90
LOND,lond020,Violation_201,20.0,P3,14.11989,20.0,90
LOND,lond020,Violation_201,20.0,P4,13.48145,20.0,90
LOND,lond020,Violation_201,20.0,C3,14.22646,20.0,90
LOND,lond020,Violation_201,20.0,C4,11.37143,20.0,90
LOND,lond020,Violation_201,20.0,P7,11.15795,20.0,90
LOND,lond020,Violation_201,20.0,P8,20.29838,20.0,90
LOND,lond020,Violation_201,20.0,O1,7.341327,20.0,90
LOND,lond020,Violation_201,20.0,O2,12.9554,20.0,90
LOND,lond020,Control_202,39.0,Pz,-2.5541,31.0,77
LOND,lond020,Control_202,39.0,Cz,-10.11022,31.0,77
LOND,lond020,Control_202,39.0,CP1,-4.967713,31.0,77
LOND,lond020,Control_202,39.0,CP2,3.154725,31.0,77
LOND,lond020,Control_202,39.0,P3,-6.6966,31.0,77
LOND,lond020,Control_202,39.0,P4,5.24681,31.0,77
LOND,lond020,Control_202,39.0,C3,-15.79164,31.0,77
LOND,lond020,Control_202,39.0,C4,-4.097188,31.0,77
LOND,lond020,Control_202,39.0,P7,-13.51892,31.0,77
LOND,lond020,Control_202,39.0,P8,-3.826269,31.0,77
LOND,lond020,Control_202,39.0,O1,11.64096,31.0,77
LOND,lond020,Control_202,39.0,O2,8.514698,31.0,77
LOND,lond020,Control_202,27.0,Pz,11.05072,29.0,90
LOND,lond020,Control_202,27.0,Cz,12.96644,29.0,90
LOND,lond020,Control_202,27.0,CP1,16.07705,29.0,90
LOND,lond020,Control_202,27.0,CP2,11.53651,29.0,90
LOND,lond020,Control_202,27.0,P3,12.72713,29.0,90
LOND,lond020,Control_202,27.0,P4,12.3588,29.0,90
LOND,lond020,Control_202,27.0,C3,13.24798,29.0,90
LOND,lond020,Control_202,27.0,C4,11.80989,29.0,90
LOND,lond020,Control_202,27.0,P7,16.20803,29.0,90
LOND,lond020,Control_202,27.0,P8,15.78073,29.0,90
LOND,lond020,Control_202,27.0,O1,-8.211474,29.0,90
LOND,lond020,Control_202,27.0,O2,9.696941,29.0,90
LOND,lond020,Violation_201,36.0,Pz,-38.86636,23.0,93
LOND,lond020,Violation_201,36.0,Cz,-38.78419,23.0,93
LOND,lond020,Violation_201,36.0,CP1,-42.55614,23.0,93
LOND,lond020,Violation_201,36.0,CP2,-48.4815,23.0,93
LOND,lond020,Violation_201,36.0,P3,-48.98938,23.0,93
LOND,lond020,Violation_201,36.0,P4,-47.79039,23.0,93
LOND,lond020,Violation_201,36.0,C3,-41.60077,23.0,93
LOND,lond020,Violation_201,36.0,C4,-49.60836,23.0,93
LOND,lond020,Violation_201,36.0,P7,-43.72317,23.0,93
LOND,lond020,Violation_201,36.0,P8,-47.31384,23.0,93
LOND,lond020,Violation_201,36.0,O1,-43.3781,23.0,93
LOND,lond020,Violation_201,36.0,O2,-38.73028,23.0,93
LOND,lond020,Violation_201,40.0,Pz,27.57471,33.0,53
LOND,lond020,Violation_201,40.0,Cz,39.61476,33.0,53
LOND,lond020,Violation_201,40.0,CP1,43.5741,33.0,53
LOND,lond020,Violation_201,40.0,CP2,32.01741,33.0,53
LOND,lond020,Violation_201,40.0,P3,17.30595,33.0,53
LOND,lond020,Violation_201,40.0,P4,25.49705,33.0,53
LOND,lond020,Violation_201,40.0,C3,21.81097,33.0,53
LOND,lond020,Violation_201,40.0,C4,26.20066,33.0,53
LOND,lond020,Violation_201,40.0,P7,18.04788,33.0,53
LOND,lond020,Violation_201,40.0,P8,15.28662,33.0,53
LOND,lond020,Violation_201,40.0,O1,17.14618,33.0,53
LOND,lond020,Violation_201,40.0,O2,12.0615,33.0,53
LOND,lond020,Control_202,35.0,Pz,23.92332,26.0,87
LOND,lond020,Control_202,35.0,Cz,19.7351,26.0,87
LOND,lond020,Control_202,35.0,CP1,18.14064,26.0,87
LOND,lond020,Control_202,35.0,CP2,18.66503,26.0,87
LOND,lond020,Control_202,35.0,P3,19.3712,26.0,87
LOND,lond020,Control_202,35.0,P4,20.04571,26.0,87
LOND,lond020,Control_202,35.0,C3,19.95782,26.0,87
LOND,lond020,Control_202,35.0,C4,17.47655,26.0,87
LOND,lond020,Control_202,35.0,P7,21.33405,26.0,87
LOND,lond020,Control_202,35.0,P8,27.33068,26.0,87
LOND,lond020,Control_202,35.0,O1,24.17902,26.0,87
LOND,lond020,Control_202,35.0,O2,25.78587,26.0,87
LOND,lond020,Violation_201,32.0,Pz,1.496828,25.0,97
LOND,lond020,Violation_201,32.0,Cz,-3.414524,25.0,97
LOND,lond020,Violation_201,32.0,CP1,-2.330629,25.0,97
LOND,lond020,Violation_201,32.0,CP2,-1.232644,25.0,97
LOND,lond020,Violation_201,32.0,P3,5.825074,25.0,97
LOND,lond020,Violation_201,32.0,P4,7.407756,25.0,97
LOND,lond020,Violation_201,32.0,C3,-5.339866,25.0,97
LOND,lond020,Violation_201,32.0,C4,-2.390965,25.0,97
LOND,lond020,Violation_201,32.0,P7,9.380687,25.0,97
LOND,lond020,Violation_201,32.0,P8,5.13943,25.0,97
LOND,lond020,Violation_201,32.0,O1,10.37281,25.0,97
LOND,lond020,Violation_201,32.0,O2,13.58006,25.0,97
LOND,lond020,Control_202,23.0,Pz,-11.92261,22.0,53
LOND,lond020,Control_202,23.0,Cz,-8.403431,22.0,53
LOND,lond020,Control_202,23.0,CP1,-3.702817,22.0,53
LOND,lond020,Control_202,23.0,CP2,-6.89193,22.0,53
LOND,lond020,Control_202,23.0,P3,-12.63553,22.0,53
LOND,lond020,Control_202,23.0,P4,-15.87545,22.0,53
LOND,lond020,Control_202,23.0,C3,-4.423629,22.0,53
LOND,lond020,Control_202,23.0,C4,-9.749524,22.0,53
LOND,lond020,Control_202,23.0,P7,-6.69865,22.0,53
LOND,lond020,Control_202,23.0,P8,-14.59222,22.0,53
LOND,lond020,Control_202,23.0,O1,-10.99593,22.0,53
LOND,lond020,Control_202,23.0,O2,-13.48918,22.0,53
LOND,lond020,Violation_201,28.0,Pz,26.80126,40.0,93
LOND,lond020,Violation_201,28.0,Cz,33.26694,40.0,93
LOND,lond020,Violation_201,28.0,CP1,34.21747,40.0,93
LOND,lond020,Violation_201,28.0,CP2,23.68746,40.0,93
LOND,lond020,Violation_201,28.0,P3,26.9936,40.0,93
LOND,lond020,Violation_201,28.0,P4,20.94411,40.0,93
LOND,lond020,Violation_201,28.0,C3,31.54711,40.0,93
LOND,lond020,Violation_201,28.0,C4,4.896171,40.0,93
LOND,lond020,Violation_201,28.0,P7,17.97043,40.0,93
LOND,lond020,Violation_201,28.0,P8,10.49064,40.0,93
LOND,lond020,Violation_201,28.0,O1,24.3962,40.0,93
LOND,lond020,Violation_201,28.0,O2,12.94786,40.0,93
LOND,lond020,Violation_201,24.0,Pz,-10.36822,34.0,97
LOND,lond020,Violation_201,24.0,Cz,-17.41699,34.0,97
LOND,lond020,Violation_201,24.0,CP1,-14.32216,34.0,97
LOND,lond020,Violation_201,24.0,CP2,-12.94864,34.0,97
LOND,lond020,Violation_201,24.0,P3,-19.76246,34.0,97
LOND,lond020,Violation_201,24.0,P4,-7.348335,34.0,97
LOND,lond020,Violation_201,24.0,C3,-10.80858,34.0,97
LOND,lond020,Violation_201,24.0,C4,-14.51032,34.0,97
LOND,lond020,Violation_201,24.0,P7,-5.460369,34.0,97
LOND,lond020,Violation_201,24.0,P8,-12.85029,34.0,97
LOND,lond020,Violation_201,24.0,O1,-17.49753,34.0,97
LOND,lond020,Violation_201,24.0,O2,-6.479821,34.0,97
LOND,lond020,Control_202,31.0,Pz,16.09249,35.0,97
LOND,lond020,Control_202,31.0,Cz,23.18235,35.0,97
LOND,lond020,Control_202,31.0,CP1,17.89421,35.0,97
LOND,lond020,Control_202,31.0,CP2,21.55812,35.0,97
LOND,lond020,Control_202,31.0,P3,31.58987,35.0,97
LOND,lond020,Control_202,31.0,P4,24.03428,35.0,97
LOND,lond020,Control_202,31.0,C3,10.66763,35.0,97
LOND,lond020,Control_202,31.0,C4,26.17481,35.0,97
LOND,lond020,Control_202,31.0,P7,28.59476,35.0,97
LOND,lond020,Control_202,31.0,P8,21.89304,35.0,97
LOND,lond020,Control_202,31.0,O1,25.76769,35.0,97
LOND,lond020,Control_202,31.0,O2,20.38913,35.0,97
LOND,lond020,Violation_201,43.0,Pz,1.560531,50.0,37
LOND,lond020,Violation_201,43.0,Cz,1.455186,50.0,37
LOND,lond020,Violation_201,43.0,CP1,1.186958,50.0,37
LOND,lond020,Violation_201,43.0,CP2,-9.840054,50.0,37
LOND,lond020,Violation_201,43.0,P3,-1.839604,50.0,37
LOND,lond020,Violation_201,43.0,P4,2.187453,50.0,37
LOND,lond020,Violation_201,43.0,C3,-0.2049111,50.0,37
LOND,lond020,Violation_201,43.0,C4,-10.44658,50.0,37
LOND,lond020,Violation_201,43.0,P7,5.383698,50.0,37
LOND,lond020,Violation_201,43.0,P8,-1.495212,50.0,37
LOND,lond020,Violation_201,43.0,O1,3.270852,50.0,37
LOND,lond020,Violation_201,43.0,O2,0.7693548,50.0,37
LOND,lond020,Violation_201,52.0,Pz,5.787178,58.0,73
LOND,lond020,Violation_201,52.0,Cz,-2.745978,58.0,73
LOND,lond020,Violation_201,52.0,CP1,0.3280628,58.0,73
LOND,lond020,Violation_201,52.0,CP2,1.279069,58.0,73
LOND,lond020,Violation_201,52.0,P3,2.886169,58.0,73
LOND,lond020,Violation_201,52.0,P4,1.913357,58.0,73
LOND,lond020,Violation_201,52.0,C3,-5.495547,58.0,73
LOND,lond020,Violation_201,52.0,C4,4.594697,58.0,73
LOND,lond020,Violation_201,52.0,P7,7.253047,58.0,73
LOND,lond020,Violation_201,52.0,P8,-4.670033,58.0,73
LOND,lond020,Violation_201,52.0,O1,-10.45747,58.0,73
LOND,lond020,Violation_201,52.0,O2,-3.783252,58.0,73
LOND,lond020,Violation_201,60.0,Pz,18.20446,45.0,67
LOND,lond020,Violation_201,60.0,Cz,-0.9325274,45.0,67
LOND,lond020,Violation_201,60.0,CP1,9.191604,45.0,67
LOND,lond020,Violation_201,60.0,CP2,7.109137,45.0,67
LOND,lond020,Violation_201,60.0,P3,21.93767,45.0,67
LOND,lond020,Violation_201,60.0,P4,23.07221,45.0,67
LOND,lond020,Violation_201,60.0,C3,14.96551,45.0,67
LOND,lond020,Violation_201,60.0,C4,14.04927,45.0,67
LOND,lond020,Violation_201,60.0,P7,10.1325,45.0,67
LOND,lond020,Violation_201,60.0,P8,14.97609,45.0,67
LOND,lond020,Violation_201,60.0,O1,25.9079,45.0,67
LOND,lond020,Violation_201,60.0,O2,19.16957,45.0,67
LOND,lond020,Control_202,59.0,Pz,3.898492,42.0,37
LOND,lond020,Control_202,59.0,Cz,9.005431,42.0,37
LOND,lond020,Control_202,59.0,CP1,6.301937,42.0,37
LOND,lond020,Control_202,59.0,CP2,7.525512,42.0,37
LOND,lond020,Control_202,59.0,P3,11.72007,42.0,37
LOND,lond020,Control_202,59.0,P4,3.009434,42.0,37
LOND,lond020,Control_202,59.0,C3,11.26321,42.0,37
LOND,lond020,Control_202,59.0,C4,2.975446,42.0,37
LOND,lond020,Control_202,59.0,P7,-6.110518,42.0,37
LOND,lond020,Control_202,59.0,P8,0.3787982,42.0,37
LOND,lond020,Control_202,59.0,O1,12.80577,42.0,37
LOND,lond020,Control_202,59.0,O2,5.492593,42.0,37
LOND,lond020,Control_202,55.0,Pz,2.076264,56.0,93
LOND,lond020,Control_202,55.0,Cz,2.626444,56.0,93
LOND,lond020,Control_202,55.0,CP1,-5.935207,56.0,93
LOND,lond020,Control_202,55.0,CP2,2.131793,56.0,93
LOND,lond020,Control_202,55.0,P3,4.697183,56.0,93
LOND,lond020,Control_202,55.0,P4,0.07483985,56.0,93
LOND,lond020,Control_202,55.0,C3,10.90002,56.0,93
LOND,lond020,Control_202,55.0,C4,11.2384,56.0,93
LOND,lond020,Control_202,55.0,P7,11.08296,56.0,93
LOND,lond020,Control_202,55.0,P8,3.530015,56.0,93
LOND,lond020,Control_202,55.0,O1,-3.686055,56.0,93
LOND,lond020,Control_202,55.0,O2,1.299059,56.0,93
LOND,lond020,Violation_201,48.0,Pz,0.8763745,46.0,63
LOND,lond020,Violation_201,48.0,Cz,8.341548,46.0,63
LOND,lond020,Violation_201,48.0,CP1,0.7709331,46.0,63
LOND,lond020,Violation_201,48.0,CP2,9.470844,46.0,63
LOND,lond020,Violation_201,48.0,P3,-0.821587,46.0,63
LOND,lond020,Violation_201,48.0,P4,0.1784814,46.0,63
LOND,lond020,Violation_201,48.0,C3,2.79408,46.0,63
LOND,lond020,Violation_201,48.0,C4,11.38111,46.0,63
LOND,lond020,Violation_201,48.0,P7,-12.93676,46.0,63
LOND,lond020,Violation_201,48.0,P8,-8.329069,46.0,63
LOND,lond020,Violation_201,48.0,O1,-4.092396,46.0,63
LOND,lond020,Violation_201,48.0,O2,-2.971659,46.0,63
LOND,lond020,Control_202,47.0,Pz,16.21735,55.0,93
LOND,lond020,Control_202,47.0,Cz,9.831285,55.0,93
LOND,lond020,Control_202,47.0,CP1,11.37876,55.0,93
LOND,lond020,Control_202,47.0,CP2,10.61898,55.0,93
LOND,lond020,Control_202,47.0,P3,10.73958,55.0,93
LOND,lond020,Control_202,47.0,P4,11.13221,55.0,93
LOND,lond020,Control_202,47.0,C3,8.653787,55.0,93
LOND,lond020,Control_202,47.0,C4,4.358387,55.0,93
LOND,lond020,Control_202,47.0,P7,20.85309,55.0,93
LOND,lond020,Control_202,47.0,P8,12.73897,55.0,93
LOND,lond020,Control_202,47.0,O1,17.95483,55.0,93
LOND,lond020,Control_202,47.0,O2,7.00661,55.0,93
LOND,lond020,Violation_201,56.0,Pz,-5.246722,51.0,90
LOND,lond020,Violation_201,56.0,Cz,-1.299739,51.0,90
LOND,lond020,Violation_201,56.0,CP1,6.798508,51.0,90
LOND,lond020,Violation_201,56.0,CP2,2.966106,51.0,90
LOND,lond020,Violation_201,56.0,P3,10.95767,51.0,90
LOND,lond020,Violation_201,56.0,P4,-2.497811,51.0,90
LOND,lond020,Violation_201,56.0,C3,11.8748,51.0,90
LOND,lond020,Violation_201,56.0,C4,0.8106838,51.0,90
LOND,lond020,Violation_201,56.0,P7,18.99882,51.0,90
LOND,lond020,Violation_201,56.0,P8,1.991613,51.0,90
LOND,lond020,Violation_201,56.0,O1,14.57495,51.0,90
LOND,lond020,Violation_201,56.0,O2,6.481138,51.0,90
LOND,lond020,Control_202,51.0,Pz,-7.141443,47.0,100
LOND,lond020,Control_202,51.0,Cz,-12.05621,47.0,100
LOND,lond020,Control_202,51.0,CP1,-11.65392,47.0,100
LOND,lond020,Control_202,51.0,CP2,-6.133651,47.0,100
LOND,lond020,Control_202,51.0,P3,-17.05056,47.0,100
LOND,lond020,Control_202,51.0,P4,-6.002656,47.0,100
LOND,lond020,Control_202,51.0,C3,-8.535072,47.0,100
LOND,lond020,Control_202,51.0,C4,-4.413055,47.0,100
LOND,lond020,Control_202,51.0,P7,-9.377898,47.0,100
LOND,lond020,Control_202,51.0,P8,-5.33275,47.0,100
LOND,lond020,Control_202,51.0,O1,-3.368444,47.0,100
LOND,lond020,Control_202,51.0,O2,-5.813326,47.0,100
LOND,lond020,Control_202,44.0,Pz,14.22097,60.0,90
LOND,lond020,Control_202,44.0,Cz,18.88641,60.0,90
LOND,lond020,Control_202,44.0,CP1,19.01027,60.0,90
LOND,lond020,Control_202,44.0,CP2,13.19115,60.0,90
LOND,lond020,Control_202,44.0,P3,17.9748,60.0,90
LOND,lond020,Control_202,44.0,P4,16.36424,60.0,90
LOND,lond020,Control_202,44.0,C3,17.69903,60.0,90
LOND,lond020,Control_202,44.0,C4,11.11252,60.0,90
LOND,lond020,Control_202,44.0,P7,9.0535,60.0,90
LOND,lond020,Control_202,44.0,P8,3.51491,60.0,90
LOND,lond020,Control_202,44.0,O1,26.59366,60.0,90
LOND,lond020,Control_202,44.0,O2,7.763201,60.0,90
LOND,lond020,Violation_201,64.0,Pz,-5.830391,69.0,93
LOND,lond020,Violation_201,64.0,Cz,-11.40812,69.0,93
LOND,lond020,Violation_201,64.0,CP1,-3.991901,69.0,93
LOND,lond020,Violation_201,64.0,CP2,-13.20377,69.0,93
LOND,lond020,Violation_201,64.0,P3,1.857617,69.0,93
LOND,lond020,Violation_201,64.0,P4,-1.760772,69.0,93
LOND,lond020,Violation_201,64.0,C3,-1.135646,69.0,93
LOND,lond020,Violation_201,64.0,C4,-8.55589,69.0,93
LOND,lond020,Violation_201,64.0,P7,-3.982161,69.0,93
LOND,lond020,Violation_201,64.0,P8,-9.541623,69.0,93
LOND,lond020,Violation_201,64.0,O1,6.788243,69.0,93
LOND,lond020,Violation_201,64.0,O2,-4.999444,69.0,93
LOND,lond020,Violation_201,80.0,Pz,-6.700293,66.0,23
LOND,lond020,Violation_201,80.0,Cz,-5.361529,66.0,23
LOND,lond020,Violation_201,80.0,CP1,-8.123484,66.0,23
LOND,lond020,Violation_201,80.0,CP2,-6.591424,66.0,23
LOND,lond020,Violation_201,80.0,P3,-16.46911,66.0,23
LOND,lond020,Violation_201,80.0,P4,-13.27517,66.0,23
LOND,lond020,Violation_201,80.0,C3,-15.35773,66.0,23
LOND,lond020,Violation_201,80.0,C4,-13.85969,66.0,23
LOND,lond020,Violation_201,80.0,P7,-11.85101,66.0,23
LOND,lond020,Violation_201,80.0,P8,-11.18335,66.0,23
LOND,lond020,Violation_201,80.0,O1,-8.106815,66.0,23
LOND,lond020,Violation_201,80.0,O2,-10.03269,66.0,23
LOND,lond020,Violation_201,68.0,Pz,26.37983,76.0,90
LOND,lond020,Violation_201,68.0,Cz,25.03848,76.0,90
LOND,lond020,Violation_201,68.0,CP1,26.15118,76.0,90
LOND,lond020,Violation_201,68.0,CP2,20.48312,76.0,90
LOND,lond020,Violation_201,68.0,P3,19.27285,76.0,90
LOND,lond020,Violation_201,68.0,P4,17.51481,76.0,90
LOND,lond020,Violation_201,68.0,C3,24.6225,76.0,90
LOND,lond020,Violation_201,68.0,C4,14.09365,76.0,90
LOND,lond020,Violation_201,68.0,P7,16.08003,76.0,90
LOND,lond020,Violation_201,68.0,P8,15.6276,76.0,90
LOND,lond020,Violation_201,68.0,O1,16.84744,76.0,90
LOND,lond020,Violation_201,68.0,O2,18.58663,76.0,90
LOND,lond020,Control_202,71.0,Pz,10.42061,62.0,70
LOND,lond020,Control_202,71.0,Cz,19.72872,62.0,70
LOND,lond020,Control_202,71.0,CP1,7.390712,62.0,70
LOND,lond020,Control_202,71.0,CP2,18.38308,62.0,70
LOND,lond020,Control_202,71.0,P3,10.80707,62.0,70
LOND,lond020,Control_202,71.0,P4,8.306426,62.0,70
LOND,lond020,Control_202,71.0,C3,15.13343,62.0,70
LOND,lond020,Control_202,71.0,C4,18.23537,62.0,70
LOND,lond020,Control_202,71.0,P7,1.234791,62.0,70
LOND,lond020,Control_202,71.0,P8,1.533563,62.0,70
LOND,lond020,Control_202,71.0,O1,5.839261,62.0,70
LOND,lond020,Control_202,71.0,O2,2.969422,62.0,70
LOND,lond020,Violation_201,76.0,Pz,-28.44653,79.0,97
LOND,lond020,Violation_201,76.0,Cz,-26.62343,79.0,97
LOND,lond020,Violation_201,76.0,CP1,-24.2192,79.0,97
LOND,lond020,Violation_201,76.0,CP2,-26.70929,79.0,97
LOND,lond020,Violation_201,76.0,P3,-41.79729,79.0,97
LOND,lond020,Violation_201,76.0,P4,-32.40218,79.0,97
LOND,lond020,Violation_201,76.0,C3,-37.32981,79.0,97
LOND,lond020,Violation_201,76.0,C4,-34.6529,79.0,97
LOND,lond020,Violation_201,76.0,P7,-26.37609,79.0,97
LOND,lond020,Violation_201,76.0,P8,-32.9595,79.0,97
LOND,lond020,Violation_201,76.0,O1,-26.78157,79.0,97
LOND,lond020,Violation_201,76.0,O2,-33.10126,79.0,97
LOND,lond020,Control_202,63.0,Pz,-18.95492,74.0,93
LOND,lond020,Control_202,63.0,Cz,-10.11345,74.0,93
LOND,lond020,Control_202,63.0,CP1,-12.91245,74.0,93
LOND,lond020,Control_202,63.0,CP2,-13.70166,74.0,93
LOND,lond020,Control_202,63.0,P3,-26.05807,74.0,93
LOND,lond020,Control_202,63.0,P4,-14.61378,74.0,93
LOND,lond020,Control_202,63.0,C3,-7.742015,74.0,93
LOND,lond020,Control_202,63.0,C4,-14.70949,74.0,93
LOND,lond020,Control_202,63.0,P7,-8.078762,74.0,93
LOND,lond020,Control_202,63.0,P8,-18.79251,74.0,93
LOND,lond020,Control_202,63.0,O1,-13.45164,74.0,93
LOND,lond020,Control_202,63.0,O2,-6.905011,74.0,93
LOND,lond020,Control_202,75.0,Pz,-16.66376,67.0,87
LOND,lond020,Control_202,75.0,Cz,-19.33494,67.0,87
LOND,lond020,Control_202,75.0,CP1,-20.96378,67.0,87
LOND,lond020,Control_202,75.0,CP2,-14.96344,67.0,87
LOND,lond020,Control_202,75.0,P3,-11.41293,67.0,87
LOND,lond020,Control_202,75.0,P4,-18.0638,67.0,87
LOND,lond020,Control_202,75.0,C3,-16.59943,67.0,87
LOND,lond020,Control_202,75.0,C4,-20.6042,67.0,87
LOND,lond020,Control_202,75.0,P7,-14.66158,67.0,87
LOND,lond020,Control_202,75.0,P8,-16.84411,67.0,87
LOND,lond020,Control_202,75.0,O1,-8.82053,67.0,87
LOND,lond020,Control_202,75.0,O2,-17.12163,67.0,87
LOND,lond020,Violation_201,72.0,Pz,-6.977628,75.0,60
LOND,lond020,Violation_201,72.0,Cz,-10.66553,75.0,60
LOND,lond020,Violation_201,72.0,CP1,-14.26733,75.0,60
LOND,lond020,Violation_201,72.0,CP2,-16.7365,75.0,60
LOND,lond020,Violation_201,72.0,P3,-2.797195,75.0,60
LOND,lond020,Violation_201,72.0,P4,-8.47495,75.0,60
LOND,lond020,Violation_201,72.0,C3,-7.541066,75.0,60
LOND,lond020,Violation_201,72.0,C4,-3.3271,75.0,60
LOND,lond020,Violation_201,72.0,P7,-10.89386,75.0,60
LOND,lond020,Violation_201,72.0,P8,4.658662,75.0,60
LOND,lond020,Violation_201,72.0,O1,-0.3778667,75.0,60
LOND,lond020,Violation_201,72.0,O2,-6.191962,75.0,60
LOND,lond020,Control_202,67.0,Pz,16.95033,71.0,90
LOND,lond020,Control_202,67.0,Cz,3.665517,71.0,90
LOND,lond020,Control_202,67.0,CP1,18.66212,71.0,90
LOND,lond020,Control_202,67.0,CP2,19.225,71.0,90
LOND,lond020,Control_202,67.0,P3,12.20481,71.0,90
LOND,lond020,Control_202,67.0,P4,16.10561,71.0,90
LOND,lond020,Control_202,67.0,C3,9.973495,71.0,90
LOND,lond020,Control_202,67.0,C4,10.63625,71.0,90
LOND,lond020,Control_202,67.0,P7,15.75154,71.0,90
LOND,lond020,Control_202,67.0,P8,7.379568,71.0,90
LOND,lond020,Control_202,67.0,O1,14.62846,71.0,90
LOND,lond020,Control_202,67.0,O2,15.39543,71.0,90
LOND,lond020,Control_202,79.0,Pz,3.042106,65.0,93
LOND,lond020,Control_202,79.0,Cz,5.851305,65.0,93
LOND,lond020,Control_202,79.0,CP1,6.725292,65.0,93
LOND,lond020,Control_202,79.0,CP2,10.5029,65.0,93
LOND,lond020,Control_202,79.0,P3,-0.1748348,65.0,93
LOND,lond020,Control_202,79.0,P4,5.932011,65.0,93
LOND,lond020,Control_202,79.0,C3,6.909044,65.0,93
LOND,lond020,Control_202,79.0,C4,8.417225,65.0,93
LOND,lond020,Control_202,79.0,P7,17.27546,65.0,93
LOND,lond020,Control_202,79.0,P8,17.202,65.0,93
LOND,lond020,Control_202,79.0,O1,2.330105,65.0,93
LOND,lond020,Control_202,79.0,O2,12.44552,65.0,93
LOND,lond021,Control_202,5.0,Pz,18.1099,10.0,80
LOND,lond021,Control_202,5.0,Cz,12.62082,10.0,80
LOND,lond021,Control_202,5.0,CP1,-2.351063,10.0,80
LOND,lond021,Control_202,5.0,CP2,10.87182,10.0,80
LOND,lond021,Control_202,5.0,P3,10.82026,10.0,80
LOND,lond021,Control_202,5.0,P4,11.49531,10.0,80
LOND,lond021,Control_202,5.0,C3,17.60299,10.0,80
LOND,lond021,Control_202,5.0,C4,15.45539,10.0,80
LOND,lond021,Control_202,5.0,P7,27.02352,10.0,80
LOND,lond021,Control_202,5.0,P8,13.22802,10.0,80
LOND,lond021,Control_202,5.0,O1,20.10718,10.0,80
LOND,lond021,Control_202,5.0,O2,18.93332,10.0,80
LOND,lond021,Control_202,9.0,Pz,-18.50502,8.0,97
LOND,lond021,Control_202,9.0,Cz,-15.6195,8.0,97
LOND,lond021,Control_202,9.0,CP1,-4.361665,8.0,97
LOND,lond021,Control_202,9.0,CP2,-13.69983,8.0,97
LOND,lond021,Control_202,9.0,P3,-7.942812,8.0,97
LOND,lond021,Control_202,9.0,P4,-14.37565,8.0,97
LOND,lond021,Control_202,9.0,C3,-21.17695,8.0,97
LOND,lond021,Control_202,9.0,C4,-15.96506,8.0,97
LOND,lond021,Control_202,9.0,P7,-5.958061,8.0,97
LOND,lond021,Control_202,9.0,P8,-10.459,8.0,97
LOND,lond021,Control_202,9.0,O1,-11.0831,8.0,97
LOND,lond021,Control_202,9.0,O2,-21.73952,8.0,97
LOND,lond021,Violation_201,10.0,Pz,16.51952,6.0,100
LOND,lond021,Violation_201,10.0,Cz,16.6922,6.0,100
LOND,lond021,Violation_201,10.0,CP1,8.226461,6.0,100
LOND,lond021,Violation_201,10.0,CP2,11.65015,6.0,100
LOND,lond021,Violation_201,10.0,P3,16.13357,6.0,100
LOND,lond021,Violation_201,10.0,P4,11.60886,6.0,100
LOND,lond021,Violation_201,10.0,C3,18.3808,6.0,100
LOND,lond021,Violation_201,10.0,C4,12.16508,6.0,100
LOND,lond021,Violation_201,10.0,P7,12.05786,6.0,100
LOND,lond021,Violation_201,10.0,P8,8.192031,6.0,100
LOND,lond021,Violation_201,10.0,O1,12.27686,6.0,100
LOND,lond021,Violation_201,10.0,O2,13.05751,6.0,100
LOND,lond021,Control_202,17.0,Pz,1.355072,15.0,90
LOND,lond021,Control_202,17.0,Cz,-1.71566,15.0,90
LOND,lond021,Control_202,17.0,CP1,-3.567344,15.0,90
LOND,lond021,Control_202,17.0,CP2,-2.242021,15.0,90
LOND,lond021,Control_202,17.0,P3,5.404775,15.0,90
LOND,lond021,Control_202,17.0,P4,-1.893993,15.0,90
LOND,lond021,Control_202,17.0,C3,-1.360067,15.0,90
LOND,lond021,Control_202,17.0,C4,-2.007384,15.0,90
LOND,lond021,Control_202,17.0,P7,-11.59316,15.0,90
LOND,lond021,Control_202,17.0,P8,-9.502678,15.0,90
LOND,lond021,Control_202,17.0,O1,-9.705748,15.0,90
LOND,lond021,Control_202,17.0,O2,-7.996856,15.0,90
LOND,lond021,Violation_201,6.0,Pz,-15.43211,17.0,62
LOND,lond021,Violation_201,6.0,Cz,0.756405,17.0,62
LOND,lond021,Violation_201,6.0,CP1,-10.43585,17.0,62
LOND,lond021,Violation_201,6.0,CP2,-3.926563,17.0,62
LOND,lond021,Violation_201,6.0,P3,-13.6033,17.0,62
LOND,lond021,Violation_201,6.0,P4,-6.222826,17.0,62
LOND,lond021,Violation_201,6.0,C3,0.4285719,17.0,62
LOND,lond021,Violation_201,6.0,C4,1.942087,17.0,62
LOND,lond021,Violation_201,6.0,P7,-1.394349,17.0,62
LOND,lond021,Violation_201,6.0,P8,-0.4527096,17.0,62
LOND,lond021,Violation_201,6.0,O1,-5.007608,17.0,62
LOND,lond021,Violation_201,6.0,O2,-4.366132,17.0,62
LOND,lond021,Violation_201,18.0,Pz,-3.424924,14.0,90
LOND,lond021,Violation_201,18.0,Cz,0.8693089,14.0,90
LOND,lond021,Violation_201,18.0,CP1,10.53194,14.0,90
LOND,lond021,Violation_201,18.0,CP2,-1.505327,14.0,90
LOND,lond021,Violation_201,18.0,P3,-5.748363,14.0,90
LOND,lond021,Violation_201,18.0,P4,5.128106,14.0,90
LOND,lond021,Violation_201,18.0,C3,5.030679,14.0,90
LOND,lond021,Violation_201,18.0,C4,0.4775419,14.0,90
LOND,lond021,Violation_201,18.0,P7,7.711595,14.0,90
LOND,lond021,Violation_201,18.0,P8,5.982412,14.0,90
LOND,lond021,Violation_201,18.0,O1,4.365624,14.0,90
LOND,lond021,Violation_201,18.0,O2,2.849495,14.0,90
LOND,lond021,Control_202,1.0,Pz,-20.11985,5.0,93
LOND,lond021,Control_202,1.0,Cz,-20.38784,5.0,93
LOND,lond021,Control_202,1.0,CP1,-15.96074,5.0,93
LOND,lond021,Control_202,1.0,CP2,-15.95179,5.0,93
LOND,lond021,Control_202,1.0,P3,-23.15784,5.0,93
LOND,lond021,Control_202,1.0,P4,-13.60974,5.0,93
LOND,lond021,Control_202,1.0,C3,-22.29315,5.0,93
LOND,lond021,Control_202,1.0,C4,-23.24129,5.0,93
LOND,lond021,Control_202,1.0,P7,-32.21515,5.0,93
LOND,lond021,Control_202,1.0,P8,-25.79064,5.0,93
LOND,lond021,Control_202,1.0,O1,-32.63903,5.0,93
LOND,lond021,Control_202,1.0,O2,-22.25158,5.0,93
LOND,lond021,Control_202,13.0,Pz,-31.40404,4.0,93
LOND,lond021,Control_202,13.0,Cz,-28.53377,4.0,93
LOND,lond021,Control_202,13.0,CP1,-25.85124,4.0,93
LOND,lond021,Control_202,13.0,CP2,-31.00282,4.0,93
LOND,lond021,Control_202,13.0,P3,-36.01439,4.0,93
LOND,lond021,Control_202,13.0,P4,-38.75713,4.0,93
LOND,lond021,Control_202,13.0,C3,-27.22201,4.0,93
LOND,lond021,Control_202,13.0,C4,-33.71,4.0,93
LOND,lond021,Control_202,13.0,P7,-31.1426,4.0,93
LOND,lond021,Control_202,13.0,P8,-39.46264,4.0,93
LOND,lond021,Control_202,13.0,O1,-31.67624,4.0,93
LOND,lond021,Control_202,13.0,O2,-38.60612,4.0,93
LOND,lond021,Violation_201,14.0,Pz,-26.86662,13.0,97
LOND,lond021,Violation_201,14.0,Cz,-13.08485,13.0,97
LOND,lond021,Violation_201,14.0,CP1,-15.35269,13.0,97
LOND,lond021,Violation_201,14.0,CP2,-13.95796,13.0,97
LOND,lond021,Violation_201,14.0,P3,-8.91722,13.0,97
LOND,lond021,Violation_201,14.0,P4,-23.46619,13.0,97
LOND,lond021,Violation_201,14.0,C3,-12.08335,13.0,97
LOND,lond021,Violation_201,14.0,C4,-15.25655,13.0,97
LOND,lond021,Violation_201,14.0,P7,-23.91494,13.0,97
LOND,lond021,Violation_201,14.0,P8,-16.95575,13.0,97
LOND,lond021,Violation_201,14.0,O1,-17.37018,13.0,97
LOND,lond021,Violation_201,14.0,O2,-17.51201,13.0,97
LOND,lond021,Violation_201,2.0,Pz,-4.002597,3.0,100
LOND,lond021,Violation_201,2.0,Cz,1.385445,3.0,100
LOND,lond021,Violation_201,2.0,CP1,4.016965,3.0,100
LOND,lond021,Violation_201,2.0,CP2,-2.4477,3.0,100
LOND,lond021,Violation_201,2.0,P3,-4.904349,3.0,100
LOND,lond021,Violation_201,2.0,P4,-2.270966,3.0,100
LOND,lond021,Violation_201,2.0,C3,-7.787506,3.0,100
LOND,lond021,Violation_201,2.0,C4,-2.598342,3.0,100
LOND,lond021,Violation_201,2.0,P7,-7.144426,3.0,100
LOND,lond021,Violation_201,2.0,P8,-8.742951,3.0,100
LOND,lond021,Violation_201,2.0,O1,-2.604719,3.0,100
LOND,lond021,Violation_201,2.0,O2,-8.570793,3.0,100
LOND,lond021,Violation_201,26.0,Pz,33.93102,25.0,97
LOND,lond021,Violation_201,26.0,Cz,6.376969,25.0,97
LOND,lond021,Violation_201,26.0,CP1,3.63918,25.0,97
LOND,lond021,Violation_201,26.0,CP2,10.82413,25.0,97
LOND,lond021,Violation_201,26.0,P3,-0.7813385,25.0,97
LOND,lond021,Violation_201,26.0,P4,6.459905,25.0,97
LOND,lond021,Violation_201,26.0,C3,2.711784,25.0,97
LOND,lond021,Violation_201,26.0,C4,7.056582,25.0,97
LOND,lond021,Violation_201,26.0,P7,-4.736378,25.0,97
LOND,lond021,Violation_201,26.0,P8,6.910846,25.0,97
LOND,lond021,Violation_201,26.0,O1,5.169416,25.0,97
LOND,lond021,Violation_201,26.0,O2,4.880751,25.0,97
LOND,lond021,Control_202,33.0,Pz,14.1583,37.0,80
LOND,lond021,Control_202,33.0,Cz,11.57252,37.0,80
LOND,lond021,Control_202,33.0,CP1,11.30713,37.0,80
LOND,lond021,Control_202,33.0,CP2,9.004203,37.0,80
LOND,lond021,Control_202,33.0,P3,2.552346,37.0,80
LOND,lond021,Control_202,33.0,P4,9.469606,37.0,80
LOND,lond021,Control_202,33.0,C3,7.549059,37.0,80
LOND,lond021,Control_202,33.0,C4,10.35621,37.0,80
LOND,lond021,Control_202,33.0,P7,5.430584,37.0,80
LOND,lond021,Control_202,33.0,P8,1.551721,37.0,80
LOND,lond021,Control_202,33.0,O1,-1.87123,37.0,80
LOND,lond021,Control_202,33.0,O2,9.811018,37.0,80
LOND,lond021,Violation_201,34.0,Pz,-14.93117,39.0,97
LOND,lond021,Violation_201,34.0,Cz,-6.329643,39.0,97
LOND,lond021,Violation_201,34.0,CP1,-5.495836,39.0,97
LOND,lond021,Violation_201,34.0,CP2,-12.6489,39.0,97
LOND,lond021,Violation_201,34.0,P3,-4.165563,39.0,97
LOND,lond021,Violation_201,34.0,P4,-5.60944,39.0,97
LOND,lond021,Violation_201,34.0,C3,-3.890407,39.0,97
LOND,lond021,Violation_201,34.0,C4,-3.607885,39.0,97
LOND,lond021,Violation_201,34.0,P7,-1.080579,39.0,97
LOND,lond021,Violation_201,34.0,P8,-0.8693557,39.0,97
LOND,lond021,Violation_201,34.0,O1,-12.66649,39.0,97
LOND,lond021,Violation_201,34.0,O2,-7.365581,39.0,97
LOND,lond021,Control_202,25.0,Pz,-5.272724,35.0,97
LOND,lond021,Control_202,25.0,Cz,-9.4363,35.0,97
LOND,lond021,Control_202,25.0,CP1,-4.95329,35.0,97
LOND,lond021,Control_202,25.0,CP2,-9.401187,35.0,97
LOND,lond021,Control_202,25.0,P3,-13.26609,35.0,97
LOND,lond021,Control_202,25.0,P4,-3.226268,35.0,97
LOND,lond021,Control_202,25.0,C3,-3.064706,35.0,97
LOND,lond021,Control_202,25.0,C4,-8.441869,35.0,97
LOND,lond021,Control_202,25.0,P7,-0.1309892,35.0,97
LOND,lond021,Control_202,25.0,P8,-11.72977,35.0,97
LOND,lond021,Control_202,25.0,O1,-13.40487,35.0,97
LOND,lond021,Control_202,25.0,O2,-9.708703,35.0,97
LOND,lond021,Control_202,37.0,Pz,9.444708,27.0,97
LOND,lond021,Control_202,37.0,Cz,6.014927,27.0,97
LOND,lond021,Control_202,37.0,CP1,8.537526,27.0,97
LOND,lond021,Control_202,37.0,CP2,5.511653,27.0,97
LOND,lond021,Control_202,37.0,P3,0.1713258,27.0,97
LOND,lond021,Control_202,37.0,P4,6.604721,27.0,97
LOND,lond021,Control_202,37.0,C3,15.6137,27.0,97
LOND,lond021,Control_202,37.0,C4,11.93823,27.0,97
LOND,lond021,Control_202,37.0,P7,10.92106,27.0,97
LOND,lond021,Control_202,37.0,P8,11.75753,27.0,97
LOND,lond021,Control_202,37.0,O1,19.14475,27.0,97
LOND,lond021,Control_202,37.0,O2,13.32167,27.0,97
LOND,lond021,Violation_201,29.0,Pz,21.58279,24.0,93
LOND,lond021,Violation_201,29.0,Cz,14.83206,24.0,93
LOND,lond021,Violation_201,29.0,CP1,25.30983,24.0,93
LOND,lond021,Violation_201,29.0,CP2,13.64464,24.0,93
LOND,lond021,Violation_201,29.0,P3,10.77536,24.0,93
LOND,lond021,Violation_201,29.0,P4,20.72938,24.0,93
LOND,lond021,Violation_201,29.0,C3,7.460002,24.0,93
LOND,lond021,Violation_201,29.0,C4,16.43462,24.0,93
LOND,lond021,Violation_201,29.0,P7,20.82965,24.0,93
LOND,lond021,Violation_201,29.0,P8,13.66351,24.0,93
LOND,lond021,Violation_201,29.0,O1,10.82882,24.0,93
LOND,lond021,Violation_201,29.0,O2,10.8821,24.0,93
LOND,lond021,Control_202,21.0,Pz,20.0745,36.0,77
LOND,lond021,Control_202,21.0,Cz,14.54295,36.0,77
LOND,lond021,Control_202,21.0,CP1,11.03575,36.0,77
LOND,lond021,Control_202,21.0,CP2,7.502726,36.0,77
LOND,lond021,Control_202,21.0,P3,15.41785,36.0,77
LOND,lond021,Control_202,21.0,P4,9.689796,36.0,77
LOND,lond021,Control_202,21.0,C3,10.78304,36.0,77
LOND,lond021,Control_202,21.0,C4,11.56847,36.0,77
LOND,lond021,Control_202,21.0,P7,11.67975,36.0,77
LOND,lond021,Control_202,21.0,P8,6.570124,36.0,77
LOND,lond021,Control_202,21.0,O1,12.41923,36.0,77
LOND,lond021,Control_202,21.0,O2,11.27387,36.0,77
LOND,lond021,Violation_201,38.0,Pz,22.41845,38.0,93
LOND,lond021,Violation_201,38.0,Cz,22.13948,38.0,93
LOND,lond021,Violation_201,38.0,CP1,16.55283,38.0,93
LOND,lond021,Violation_201,38.0,CP2,20.17339,38.0,93
LOND,lond021,Violation_201,38.0,P3,25.01508,38.0,93
LOND,lond021,Violation_201,38.0,P4,18.2162,38.0,93
LOND,lond021,Violation_201,38.0,C3,25.84526,38.0,93
LOND,lond021,Violation_201,38.0,C4,22.2426,38.0,93
LOND,lond021,Violation_201,38.0,P7,20.21609,38.0,93
LOND,lond021,Violation_201,38.0,P8,11.27515,38.0,93
LOND,lond021,Violation_201,38.0,O1,24.41057,38.0,93
LOND,lond021,Violation_201,38.0,O2,18.45224,38.0,93
LOND,lond021,Violation_201,22.0,Pz,-1.554826,26.0,87
LOND,lond021,Violation_201,22.0,Cz,3.208719,26.0,87
LOND,lond021,Violation_201,22.0,CP1,-1.746024,26.0,87
LOND,lond021,Violation_201,22.0,CP2,10.91008,26.0,87
LOND,lond021,Violation_201,22.0,P3,9.137573,26.0,87
LOND,lond021,Violation_201,22.0,P4,8.046763,26.0,87
LOND,lond021,Violation_201,22.0,C3,-5.632888,26.0,87
LOND,lond021,Violation_201,22.0,C4,6.604681,26.0,87
LOND,lond021,Violation_201,22.0,P7,0.6650519,26.0,87
LOND,lond021,Violation_201,22.0,P8,7.24392,26.0,87
LOND,lond021,Violation_201,22.0,O1,2.861629,26.0,87
LOND,lond021,Violation_201,22.0,O2,5.853487,26.0,87
LOND,lond021,Violation_201,30.0,Pz,6.593417,32.0,80
LOND,lond021,Violation_201,30.0,Cz,7.759834,32.0,80
LOND,lond021,Violation_201,30.0,CP1,5.452683,32.0,80
LOND,lond021,Violation_201,30.0,CP2,10.70087,32.0,80
LOND,lond021,Violation_201,30.0,P3,13.92136,32.0,80
LOND,lond021,Violation_201,30.0,P4,22.12624,32.0,80
LOND,lond021,Violation_201,30.0,C3,6.977237,32.0,80
LOND,lond021,Violation_201,30.0,C4,13.71449,32.0,80
LOND,lond021,Violation_201,30.0,P7,3.794644,32.0,80
LOND,lond021,Violation_201,30.0,P8,2.25187,32.0,80
LOND,lond021,Violation_201,30.0,O1,11.27264,32.0,80
LOND,lond021,Violation_201,30.0,O2,7.942201,32.0,80
LOND,lond021,Control_202,49.0,Pz,-12.41264,41.0,100
LOND,lond021,Control_202,49.0,Cz,1.656235,41.0,100
LOND,lond021,Control_202,49.0,CP1,5.92849,41.0,100
LOND,lond021,Control_202,49.0,CP2,-0.02477986,41.0,100
LOND,lond021,Control_202,49.0,P3,-3.497308,41.0,100
LOND,lond021,Control_202,49.0,P4,-6.669167,41.0,100
LOND,lond021,Control_202,49.0,C3,-8.416134,41.0,100
LOND,lond021,Control_202,49.0,C4,-1.994863,41.0,100
LOND,lond021,Control_202,49.0,P7,8.22994,41.0,100
LOND,lond021,Control_202,49.0,P8,8.491722,41.0,100
LOND,lond021,Control_202,49.0,O1,5.994513,41.0,100
LOND,lond021,Control_202,49.0,O2,10.35521,41.0,100
LOND,lond021,Control_202,53.0,Pz,31.80059,45.0,67
LOND,lond021,Control_202,53.0,Cz,24.45259,45.0,67
LOND,lond021,Control_202,53.0,CP1,20.14743,45.0,67
LOND,lond021,Control_202,53.0,CP2,23.82275,45.0,67
LOND,lond021,Control_202,53.0,P3,21.86627,45.0,67
LOND,lond021,Control_202,53.0,P4,25.03204,45.0,67
LOND,lond021,Control_202,53.0,C3,29.07551,45.0,67
LOND,lond021,Control_202,53.0,C4,21.38328,45.0,67
LOND,lond021,Control_202,53.0,P7,33.74639,45.0,67
LOND,lond021,Control_202,53.0,P8,13.74868,45.0,67
LOND,lond021,Control_202,53.0,O1,24.37675,45.0,67
LOND,lond021,Control_202,53.0,O2,25.64432,45.0,67
LOND,lond021,Violation_201,50.0,Pz,21.19808,55.0,93
LOND,lond021,Violation_201,50.0,Cz,30.02843,55.0,93
LOND,lond021,Violation_201,50.0,CP1,20.41406,55.0,93
LOND,lond021,Violation_201,50.0,CP2,22.90148,55.0,93
LOND,lond021,Violation_201,50.0,P3,16.88905,55.0,93
LOND,lond021,Violation_201,50.0,P4,8.696398,55.0,93
LOND,lond021,Violation_201,50.0,C3,27.06705,55.0,93
LOND,lond021,Violation_201,50.0,C4,26.83099,55.0,93
LOND,lond021,Violation_201,50.0,P7,20.4908,55.0,93
LOND,lond021,Violation_201,50.0,P8,22.62862,55.0,93
LOND,lond021,Violation_201,50.0,O1,17.00628,55.0,93
LOND,lond021,Violation_201,50.0,O2,16.48979,55.0,93
LOND,lond021,Control_202,41.0,Pz,-30.0412,49.0,40
LOND,lond021,Control_202,41.0,Cz,-21.25213,49.0,40
LOND,lond021,Control_202,41.0,CP1,-10.17136,49.0,40
LOND,lond021,Control_202,41.0,CP2,-17.59366,49.0,40
LOND,lond021,Control_202,41.0,P3,-28.41068,49.0,40
LOND,lond021,Control_202,41.0,P4,-18.65156,49.0,40
LOND,lond021,Control_202,41.0,C3,-24.31285,49.0,40
LOND,lond021,Control_202,41.0,C4,-21.49367,49.0,40
LOND,lond021,Control_202,41.0,P7,-17.35998,49.0,40
LOND,lond021,Control_202,41.0,P8,-15.5911,49.0,40
LOND,lond021,Control_202,41.0,O1,-17.61869,49.0,40
LOND,lond021,Control_202,41.0,O2,-17.33179,49.0,40
LOND,lond021,Violation_201,42.0,Pz,-11.35863,52.0,87
LOND,lond021,Violation_201,42.0,Cz,-2.814658,52.0,87
LOND,lond021,Violation_201,42.0,CP1,-6.983556,52.0,87
LOND,lond021,Violation_201,42.0,CP2,-3.332619,52.0,87
LOND,lond021,Violation_201,42.0,P3,-9.808444,52.0,87
LOND,lond021,Violation_201,42.0,P4,-8.456966,52.0,87
LOND,lond021,Violation_201,42.0,C3,-4.66475,52.0,87
LOND,lond021,Violation_201,42.0,C4,-6.243371,52.0,87
LOND,lond021,Violation_201,42.0,P7,-6.053624,52.0,87
LOND,lond021,Violation_201,42.0,P8,-3.20439,52.0,87
LOND,lond021,Violation_201,42.0,O1,0.9096093,52.0,87
LOND,lond021,Violation_201,42.0,O2,-5.362266,52.0,87
LOND,lond021,Violation_201,58.0,Pz,-19.1083,54.0,77
LOND,lond021,Violation_201,58.0,Cz,-13.50655,54.0,77
LOND,lond021,Violation_201,58.0,CP1,-20.18482,54.0,77
LOND,lond021,Violation_201,58.0,CP2,-12.54204,54.0,77
LOND,lond021,Violation_201,58.0,P3,-11.4003,54.0,77
LOND,lond021,Violation_201,58.0,P4,-18.60529,54.0,77
LOND,lond021,Violation_201,58.0,C3,-15.06838,54.0,77
LOND,lond021,Violation_201,58.0,C4,-13.56308,54.0,77
LOND,lond021,Violation_201,58.0,P7,-6.379046,54.0,77
LOND,lond021,Violation_201,58.0,P8,-25.50339,54.0,77
LOND,lond021,Violation_201,58.0,O1,-14.35496,54.0,77
LOND,lond021,Violation_201,58.0,O2,-26.6041,54.0,77
LOND,lond021,Control_202,45.0,Pz,-7.644412,44.0,90
LOND,lond021,Control_202,45.0,Cz,1.786179,44.0,90
LOND,lond021,Control_202,45.0,CP1,-11.52821,44.0,90
LOND,lond021,Control_202,45.0,CP2,-0.732583,44.0,90
LOND,lond021,Control_202,45.0,P3,-4.538739,44.0,90
LOND,lond021,Control_202,45.0,P4,8.226171,44.0,90
LOND,lond021,Control_202,45.0,C3,-4.056445,44.0,90
LOND,lond021,Control_202,45.0,C4,-5.302882,44.0,90
LOND,lond021,Control_202,45.0,P7,-9.517293,44.0,90
LOND,lond021,Control_202,45.0,P8,-0.9501514,44.0,90
LOND,lond021,Control_202,45.0,O1,4.438493,44.0,90
LOND,lond021,Control_202,45.0,O2,2.953215,44.0,90
LOND,lond021,Violation_201,46.0,Pz,-27.89467,43.0,93
LOND,lond021,Violation_201,46.0,Cz,-21.26049,43.0,93
LOND,lond021,Violation_201,46.0,CP1,-26.99783,43.0,93
LOND,lond021,Violation_201,46.0,CP2,-21.54523,43.0,93
LOND,lond021,Violation_201,46.0,P3,-14.37689,43.0,93
LOND,lond021,Violation_201,46.0,P4,-22.30352,43.0,93
LOND,lond021,Violation_201,46.0,C3,-22.8497,43.0,93
LOND,lond021,Violation_201,46.0,C4,-22.62726,43.0,93
LOND,lond021,Violation_201,46.0,P7,-16.40429,43.0,93
LOND,lond021,Violation_201,46.0,P8,-26.16743,43.0,93
LOND,lond021,Violation_201,46.0,O1,-14.35097,43.0,93
LOND,lond021,Violation_201,46.0,O2,-19.1573,43.0,93
LOND,lond021,Control_202,57.0,Pz,1.889385,57.0,69
LOND,lond021,Control_202,57.0,Cz,8.156659,57.0,69
LOND,lond021,Control_202,57.0,CP1,10.03434,57.0,69
LOND,lond021,Control_202,57.0,CP2,3.250843,57.0,69
LOND,lond021,Control_202,57.0,P3,1.241902,57.0,69
LOND,lond021,Control_202,57.0,P4,9.045559,57.0,69
LOND,lond021,Control_202,57.0,C3,8.269325,57.0,69
LOND,lond021,Control_202,57.0,C4,3.845048,57.0,69
LOND,lond021,Control_202,57.0,P7,8.671725,57.0,69
LOND,lond021,Control_202,57.0,P8,-2.503243,57.0,69
LOND,lond021,Control_202,57.0,O1,15.83087,57.0,69
LOND,lond021,Control_202,57.0,O2,0.6850658,57.0,69
LOND,lond021,Violation_201,54.0,Pz,-5.509746,48.0,87
LOND,lond021,Violation_201,54.0,Cz,-6.164982,48.0,87
LOND,lond021,Violation_201,54.0,CP1,-11.98793,48.0,87
LOND,lond021,Violation_201,54.0,CP2,-4.60351,48.0,87
LOND,lond021,Violation_201,54.0,P3,2.279753,48.0,87
LOND,lond021,Violation_201,54.0,P4,-13.31843,48.0,87
LOND,lond021,Violation_201,54.0,C3,-0.661846,48.0,87
LOND,lond021,Violation_201,54.0,C4,-6.669673,48.0,87
LOND,lond021,Violation_201,54.0,P7,7.327689,48.0,87
LOND,lond021,Violation_201,54.0,P8,-12.70196,48.0,87
LOND,lond021,Violation_201,54.0,O1,-1.575702,48.0,87
LOND,lond021,Violation_201,54.0,O2,-7.43804,48.0,87
LOND,lond021,Violation_201,74.0,Pz,2.728395,79.0,97
LOND,lond021,Violation_201,74.0,Cz,4.309641,79.0,97
LOND,lond021,Violation_201,74.0,CP1,8.287391,79.0,97
LOND,lond021,Violation_201,74.0,CP2,-4.434613,79.0,97
LOND,lond021,Violation_201,74.0,P3,8.961009,79.0,97
LOND,lond021,Violation_201,74.0,P4,6.847482,79.0,97
LOND,lond021,Violation_201,74.0,C3,12.66193,79.0,97
LOND,lond021,Violation_201,74.0,C4,1.811049,79.0,97
LOND,lond021,Violation_201,74.0,P7,9.115045,79.0,97
LOND,lond021,Violation_201,74.0,P8,-2.813088,79.0,97
LOND,lond021,Violation_201,74.0,O1,4.4108,79.0,97
LOND,lond021,Violation_201,74.0,O2,-2.270773,79.0,97
LOND,lond021,Violation_201,78.0,Pz,-4.945575,65.0,93
LOND,lond021,Violation_201,78.0,Cz,-4.119222,65.0,93
LOND,lond021,Violation_201,78.0,CP1,-7.818252,65.0,93
LOND,lond021,Violation_201,78.0,CP2,-5.1735,65.0,93
LOND,lond021,Violation_201,78.0,P3,5.194812,65.0,93
LOND,lond021,Violation_201,78.0,P4,2.071395,65.0,93
LOND,lond021,Violation_201,78.0,C3,0.3812639,65.0,93
LOND,lond021,Violation_201,78.0,C4,3.553274,65.0,93
LOND,lond021,Violation_201,78.0,P7,5.933428,65.0,93
LOND,lond021,Violation_201,78.0,P8,-1.719478,65.0,93
LOND,lond021,Violation_201,78.0,O1,-5.188416,65.0,93
LOND,lond021,Violation_201,78.0,O2,-1.884108,65.0,93
LOND,lond021,Control_202,69.0,Pz,-0.07989358,77.0,100
LOND,lond021,Control_202,69.0,Cz,-2.657026,77.0,100
LOND,lond021,Control_202,69.0,CP1,0.3255947,77.0,100
LOND,lond021,Control_202,69.0,CP2,3.94791,77.0,100
LOND,lond021,Control_202,69.0,P3,13.03015,77.0,100
LOND,lond021,Control_202,69.0,P4,10.0599,77.0,100
LOND,lond021,Control_202,69.0,C3,3.211903,77.0,100
LOND,lond021,Control_202,69.0,C4,-0.5799361,77.0,100
LOND,lond021,Control_202,69.0,P7,3.484306,77.0,100
LOND,lond021,Control_202,69.0,P8,8.18549,77.0,100
LOND,lond021,Control_202,69.0,O1,6.649169,77.0,100
LOND,lond021,Control_202,69.0,O2,7.917759,77.0,100
LOND,lond021,Control_202,77.0,Pz,9.653299,67.0,87
LOND,lond021,Control_202,77.0,Cz,-2.154049,67.0,87
LOND,lond021,Control_202,77.0,CP1,2.326656,67.0,87
LOND,lond021,Control_202,77.0,CP2,-0.5988962,67.0,87
LOND,lond021,Control_202,77.0,P3,-6.182666,67.0,87
LOND,lond021,Control_202,77.0,P4,-0.6525247,67.0,87
LOND,lond021,Control_202,77.0,C3,-9.232784,67.0,87
LOND,lond021,Control_202,77.0,C4,-2.644927,67.0,87
LOND,lond021,Control_202,77.0,P7,7.879928,67.0,87
LOND,lond021,Control_202,77.0,P8,-11.17086,67.0,87
LOND,lond021,Control_202,77.0,O1,-11.21341,67.0,87
LOND,lond021,Control_202,77.0,O2,-11.82154,67.0,87
LOND,lond021,Violation_201,62.0,Pz,1.544595,74.0,93
LOND,lond021,Violation_201,62.0,Cz,-0.1775703,74.0,93
LOND,lond021,Violation_201,62.0,CP1,-2.254207,74.0,93
LOND,lond021,Violation_201,62.0,CP2,-3.896676,74.0,93
LOND,lond021,Violation_201,62.0,P3,-4.539299,74.0,93
LOND,lond021,Violation_201,62.0,P4,-14.76014,74.0,93
LOND,lond021,Violation_201,62.0,C3,3.049257,74.0,93
LOND,lond021,Violation_201,62.0,C4,-8.62523,74.0,93
LOND,lond021,Violation_201,62.0,P7,-2.559122,74.0,93
LOND,lond021,Violation_201,62.0,P8,-12.3852,74.0,93
LOND,lond021,Violation_201,62.0,O1,-16.82122,74.0,93
LOND,lond021,Violation_201,62.0,O2,-9.027644,74.0,93
LOND,lond021,Violation_201,66.0,Pz,-2.12888,63.0,83
LOND,lond021,Violation_201,66.0,Cz,-8.876369,63.0,83
LOND,lond021,Violation_201,66.0,CP1,-10.34896,63.0,83
LOND,lond021,Violation_201,66.0,CP2,-6.25902,63.0,83
LOND,lond021,Violation_201,66.0,P3,-5.14192,63.0,83
LOND,lond021,Violation_201,66.0,P4,-7.655601,63.0,83
LOND,lond021,Violation_201,66.0,C3,6.086272,63.0,83
LOND,lond021,Violation_201,66.0,C4,-1.291796,63.0,83
LOND,lond021,Violation_201,66.0,P7,-2.182388,63.0,83
LOND,lond021,Violation_201,66.0,P8,-1.170148,63.0,83
LOND,lond021,Violation_201,66.0,O1,-3.498728,63.0,83
LOND,lond021,Violation_201,66.0,O2,-9.998601,63.0,83
LOND,lond021,Violation_201,70.0,Pz,24.0962,62.0,70
LOND,lond021,Violation_201,70.0,Cz,13.61972,62.0,70
LOND,lond021,Violation_201,70.0,CP1,23.21959,62.0,70
LOND,lond021,Violation_201,70.0,CP2,17.86411,62.0,70
LOND,lond021,Violation_201,70.0,P3,24.62811,62.0,70
LOND,lond021,Violation_201,70.0,P4,15.45774,62.0,70
LOND,lond021,Violation_201,70.0,C3,26.14078,62.0,70
LOND,lond021,Violation_201,70.0,C4,11.33666,62.0,70
LOND,lond021,Violation_201,70.0,P7,22.22293,62.0,70
LOND,lond021,Violation_201,70.0,P8,9.116237,62.0,70
LOND,lond021,Violation_201,70.0,O1,15.85474,62.0,70
LOND,lond021,Violation_201,70.0,O2,10.89184,62.0,70
LOND,lond021,Control_202,61.0,Pz,10.39077,80.0,97
LOND,lond021,Control_202,61.0,Cz,3.653935,80.0,97
LOND,lond021,Control_202,61.0,CP1,5.017027,80.0,97
LOND,lond021,Control_202,61.0,CP2,-1.772343,80.0,97
LOND,lond021,Control_202,61.0,P3,-9.013748,80.0,97
LOND,lond021,Control_202,61.0,P4,-11.32514,80.0,97
LOND,lond021,Control_202,61.0,C3,-1.616711,80.0,97
LOND,lond021,Control_202,61.0,C4,0.0174135,80.0,97
LOND,lond021,Control_202,61.0,P7,13.90769,80.0,97
LOND,lond021,Control_202,61.0,P8,0.811137,80.0,97
LOND,lond021,Control_202,61.0,O1,-4.810215,80.0,97
LOND,lond021,Control_202,61.0,O2,-11.2759,80.0,97
LOND,lond021,Control_202,65.0,Pz,4.688394,76.0,90
LOND,lond021,Control_202,65.0,Cz,3.282588,76.0,90
LOND,lond021,Control_202,65.0,CP1,-7.492253,76.0,90
LOND,lond021,Control_202,65.0,CP2,8.1831,76.0,90
LOND,lond021,Control_202,65.0,P3,1.673401,76.0,90
LOND,lond021,Control_202,65.0,P4,7.481102,76.0,90
LOND,lond021,Control_202,65.0,C3,11.50016,76.0,90
LOND,lond021,Control_202,65.0,C4,2.697422,76.0,90
LOND,lond021,Control_202,65.0,P7,-1.044549,76.0,90
LOND,lond021,Control_202,65.0,P8,11.62648,76.0,90
LOND,lond021,Control_202,65.0,O1,3.667526,76.0,90
LOND,lond021,Control_202,65.0,O2,6.671386,76.0,90
LOND,lond021,Control_202,73.0,Pz,-7.591144,66.0,23
LOND,lond021,Control_202,73.0,Cz,-3.844377,66.0,23
LOND,lond021,Control_202,73.0,CP1,-10.71442,66.0,23
LOND,lond021,Control_202,73.0,CP2,2.88063,66.0,23
LOND,lond021,Control_202,73.0,P3,1.317827,66.0,23
LOND,lond021,Control_202,73.0,P4,5.857245,66.0,23
LOND,lond021,Control_202,73.0,C3,4.090307,66.0,23
LOND,lond021,Control_202,73.0,C4,3.281096,66.0,23
LOND,lond021,Control_202,73.0,P7,8.104555,66.0,23
LOND,lond021,Control_202,73.0,P8,4.979496,66.0,23
LOND,lond021,Control_202,73.0,O1,5.313573,66.0,23
LOND,lond021,Control_202,73.0,O2,16.58683,66.0,23
LOND,lond022,Control_202,7.0,Pz,-9.246751,11.0,87
LOND,lond022,Control_202,7.0,Cz,-14.75365,11.0,87
LOND,lond022,Control_202,7.0,CP1,-7.363035,11.0,87
LOND,lond022,Control_202,7.0,CP2,-13.06765,11.0,87
LOND,lond022,Control_202,7.0,P3,-13.50898,11.0,87
LOND,lond022,Control_202,7.0,P4,28.79207,11.0,87
LOND,lond022,Control_202,7.0,C3,4.647007,11.0,87
LOND,lond022,Control_202,7.0,C4,-8.33666,11.0,87
LOND,lond022,Control_202,7.0,P7,-22.9703,11.0,87
LOND,lond022,Control_202,7.0,P8,-13.67545,11.0,87
LOND,lond022,Control_202,7.0,O1,6.908794,11.0,87
LOND,lond022,Control_202,7.0,O2,-24.87595,11.0,87
LOND,lond022,Violation_201,12.0,Pz,9.990473,9.0,93
LOND,lond022,Violation_201,12.0,Cz,17.12803,9.0,93
LOND,lond022,Violation_201,12.0,CP1,16.23148,9.0,93
LOND,lond022,Violation_201,12.0,CP2,14.86835,9.0,93
LOND,lond022,Violation_201,12.0,P3,51.96814,9.0,93
LOND,lond022,Violation_201,12.0,P4,33.70266,9.0,93
LOND,lond022,Violation_201,12.0,C3,7.934626,9.0,93
LOND,lond022,Violation_201,12.0,C4,1.482314,9.0,93
LOND,lond022,Violation_201,12.0,P7,23.32819,9.0,93
LOND,lond022,Violation_201,12.0,P8,26.18115,9.0,93
LOND,lond022,Violation_201,12.0,O1,31.23408,9.0,93
LOND,lond022,Violation_201,12.0,O2,2.354837,9.0,93
LOND,lond022,Control_202,15.0,Pz,13.23879,1.0,97
LOND,lond022,Control_202,15.0,Cz,1.499926,1.0,97
LOND,lond022,Control_202,15.0,CP1,9.856402,1.0,97
LOND,lond022,Control_202,15.0,CP2,-7.642763,1.0,97
LOND,lond022,Control_202,15.0,P3,5.255074,1.0,97
LOND,lond022,Control_202,15.0,P4,-14.26082,1.0,97
LOND,lond022,Control_202,15.0,C3,2.561267,1.0,97
LOND,lond022,Control_202,15.0,C4,-5.064539,1.0,97
LOND,lond022,Control_202,15.0,P7,3.834136,1.0,97
LOND,lond022,Control_202,15.0,P8,10.95009,1.0,97
LOND,lond022,Control_202,15.0,O1,-2.293272,1.0,97
LOND,lond022,Control_202,15.0,O2,-5.92157,1.0,97
LOND,lond022,Violation_201,8.0,Pz,2.09443,10.0,80
LOND,lond022,Violation_201,8.0,Cz,16.72277,10.0,80
LOND,lond022,Violation_201,8.0,CP1,8.382074,10.0,80
LOND,lond022,Violation_201,8.0,CP2,13.99194,10.0,80
LOND,lond022,Violation_201,8.0,P3,-3.922508,10.0,80
LOND,lond022,Violation_201,8.0,P4,-1.39956,10.0,80
LOND,lond022,Violation_201,8.0,C3,5.950876,10.0,80
LOND,lond022,Violation_201,8.0,C4,6.009073,10.0,80
LOND,lond022,Violation_201,8.0,P7,7.454813,10.0,80
LOND,lond022,Violation_201,8.0,P8,13.0485,10.0,80
LOND,lond022,Violation_201,8.0,O1,-1.676802,10.0,80
LOND,lond022,Violation_201,8.0,O2,10.67517,10.0,80
LOND,lond022,Violation_201,16.0,Pz,0.8014849,19.0,100
LOND,lond022,Violation_201,16.0,Cz,-0.8057889,19.0,100
LOND,lond022,Violation_201,16.0,CP1,-4.490942,19.0,100
LOND,lond022,Violation_201,16.0,CP2,-6.641691,19.0,100
LOND,lond022,Violation_201,16.0,P3,3.518062,19.0,100
LOND,lond022,Violation_201,16.0,P4,-9.284856,19.0,100
LOND,lond022,Violation_201,16.0,C3,-3.023014,19.0,100
LOND,lond022,Violation_201,16.0,C4,-1.668536,19.0,100
LOND,lond022,Violation_201,16.0,P7,2.329129,19.0,100
LOND,lond022,Violation_201,16.0,P8,-2.590595,19.0,100
LOND,lond022,Violation_201,16.0,O1,-9.31179,19.0,100
LOND,lond022,Violation_201,16.0,O2,29.73845,19.0,100
LOND,lond022,Control_202,11.0,Pz,-17.43434,2.0,100
LOND,lond022,Control_202,11.0,Cz,-10.82376,2.0,100
LOND,lond022,Control_202,11.0,CP1,-8.879784,2.0,100
LOND,lond022,Control_202,11.0,CP2,-18.4079,2.0,100
LOND,lond022,Control_202,11.0,P3,22.95283,2.0,100
LOND,lond022,Control_202,11.0,P4,-16.56074,2.0,100
LOND,lond022,Control_202,11.0,C3,-5.576131,2.0,100
LOND,lond022,Control_202,11.0,C4,-16.42138,2.0,100
LOND,lond022,Control_202,11.0,P7,13.48197,2.0,100
LOND,lond022,Control_202,11.0,P8,-32.79523,2.0,100
LOND,lond022,Control_202,11.0,O1,-24.10147,2.0,100
LOND,lond022,Control_202,11.0,O2,-5.27848,2.0,100
LOND,lond022,Violation_201,20.0,Pz,13.38667,5.0,93
LOND,lond022,Violation_201,20.0,Cz,-0.5998279,5.0,93
LOND,lond022,Violation_201,20.0,CP1,9.577842,5.0,93
LOND,lond022,Violation_201,20.0,CP2,4.400078,5.0,93
LOND,lond022,Violation_201,20.0,P3,50.38686,5.0,93
LOND,lond022,Violation_201,20.0,P4,15.71062,5.0,93
LOND,lond022,Violation_201,20.0,C3,1.93436,5.0,93
LOND,lond022,Violation_201,20.0,C4,21.56747,5.0,93
LOND,lond022,Violation_201,20.0,P7,31.98313,5.0,93
LOND,lond022,Violation_201,20.0,P8,16.07534,5.0,93
LOND,lond022,Violation_201,20.0,O1,25.11237,5.0,93
LOND,lond022,Violation_201,20.0,O2,5.745897,5.0,93
LOND,lond022,Control_202,19.0,Pz,-45.15789,4.0,93
LOND,lond022,Control_202,19.0,Cz,-17.58938,4.0,93
LOND,lond022,Control_202,19.0,CP1,-22.37396,4.0,93
LOND,lond022,Control_202,19.0,CP2,-20.55488,4.0,93
LOND,lond022,Control_202,19.0,P3,-0.4563488,4.0,93
LOND,lond022,Control_202,19.0,P4,6.503925,4.0,93
LOND,lond022,Control_202,19.0,C3,1.494088,4.0,93
LOND,lond022,Control_202,19.0,C4,-6.121261,4.0,93
LOND,lond022,Control_202,19.0,P7,-26.70562,4.0,93
LOND,lond022,Control_202,19.0,P8,-38.17818,4.0,93
LOND,lond022,Control_202,19.0,O1,-25.71124,4.0,93
LOND,lond022,Control_202,19.0,O2,-20.1307,4.0,93
LOND,lond022,Control_202,3.0,Pz,21.61347,12.0,100
LOND,lond022,Control_202,3.0,Cz,24.28595,12.0,100
LOND,lond022,Control_202,3.0,CP1,17.12005,12.0,100
LOND,lond022,Control_202,3.0,CP2,15.92165,12.0,100
LOND,lond022,Control_202,3.0,P3,18.14658,12.0,100
LOND,lond022,Control_202,3.0,P4,-5.628873,12.0,100
LOND,lond022,Control_202,3.0,C3,17.28705,12.0,100
LOND,lond022,Control_202,3.0,C4,5.661056,12.0,100
LOND,lond022,Control_202,3.0,P7,4.16009,12.0,100
LOND,lond022,Control_202,3.0,P8,-10.32082,12.0,100
LOND,lond022,Control_202,3.0,O1,-5.401284,12.0,100
LOND,lond022,Control_202,3.0,O2,11.59312,12.0,100
LOND,lond022,Violation_201,4.0,Pz,21.37089,15.0,90
LOND,lond022,Violation_201,4.0,Cz,-12.08202,15.0,90
LOND,lond022,Violation_201,4.0,CP1,-6.830411,15.0,90
LOND,lond022,Violation_201,4.0,CP2,0.6442215,15.0,90
LOND,lond022,Violation_201,4.0,P3,9.003019,15.0,90
LOND,lond022,Violation_201,4.0,P4,16.83707,15.0,90
LOND,lond022,Violation_201,4.0,C3,-5.47476,15.0,90
LOND,lond022,Violation_201,4.0,C4,-1.949288,15.0,90
LOND,lond022,Violation_201,4.0,P7,1.737549,15.0,90
LOND,lond022,Violation_201,4.0,P8,-6.120613,15.0,90
LOND,lond022,Violation_201,4.0,O1,14.16031,15.0,90
LOND,lond022,Violation_201,4.0,O2,31.3219,15.0,90
LOND,lond022,Control_202,35.0,Pz,-7.418516,31.0,77
LOND,lond022,Control_202,35.0,Cz,-14.02177,31.0,77
LOND,lond022,Control_202,35.0,CP1,-11.94492,31.0,77
LOND,lond022,Control_202,35.0,CP2,-16.51963,31.0,77
LOND,lond022,Control_202,35.0,P3,-13.31705,31.0,77
LOND,lond022,Control_202,35.0,P4,9.036695,31.0,77
LOND,lond022,Control_202,35.0,C3,-2.042001,31.0,77
LOND,lond022,Control_202,35.0,C4,-6.862871,31.0,77
LOND,lond022,Control_202,35.0,P7,-31.87734,31.0,77
LOND,lond022,Control_202,35.0,P8,-34.93378,31.0,77
LOND,lond022,Control_202,35.0,O1,-12.2483,31.0,77
LOND,lond022,Control_202,35.0,O2,-15.84388,31.0,77
LOND,lond022,Violation_201,24.0,Pz,-16.46442,37.0,80
LOND,lond022,Violation_201,24.0,Cz,-16.31757,37.0,80
LOND,lond022,Violation_201,24.0,CP1,-21.52387,37.0,80
LOND,lond022,Violation_201,24.0,CP2,-15.17978,37.0,80
LOND,lond022,Violation_201,24.0,P3,-41.38564,37.0,80
LOND,lond022,Violation_201,24.0,P4,-6.894197,37.0,80
LOND,lond022,Violation_201,24.0,C3,-5.163681,37.0,80
LOND,lond022,Violation_201,24.0,C4,-10.01845,37.0,80
LOND,lond022,Violation_201,24.0,P7,7.206,37.0,80
LOND,lond022,Violation_201,24.0,P8,9.700232,37.0,80
LOND,lond022,Violation_201,24.0,O1,1.889382,37.0,80
LOND,lond022,Violation_201,24.0,O2,-24.33959,37.0,80
LOND,lond022,Violation_201,32.0,Pz,9.403511,39.0,97
LOND,lond022,Violation_201,32.0,Cz,5.479695,39.0,97
LOND,lond022,Violation_201,32.0,CP1,0.4316149,39.0,97
LOND,lond022,Violation_201,32.0,CP2,17.43085,39.0,97
LOND,lond022,Violation_201,32.0,P3,-28.69297,39.0,97
LOND,lond022,Violation_201,32.0,P4,43.02417,39.0,97
LOND,lond022,Violation_201,32.0,C3,-2.401066,39.0,97
LOND,lond022,Violation_201,32.0,C4,-2.790201,39.0,97
LOND,lond022,Violation_201,32.0,P7,4.854632,39.0,97
LOND,lond022,Violation_201,32.0,P8,-11.50774,39.0,97
LOND,lond022,Violation_201,32.0,O1,-6.139854,39.0,97
LOND,lond022,Violation_201,32.0,O2,-26.46756,39.0,97
LOND,lond022,Violation_201,36.0,Pz,-1.803478,38.0,93
LOND,lond022,Violation_201,36.0,Cz,-10.63937,38.0,93
LOND,lond022,Violation_201,36.0,CP1,-5.378645,38.0,93
LOND,lond022,Violation_201,36.0,CP2,-18.64144,38.0,93
LOND,lond022,Violation_201,36.0,P3,-25.37558,38.0,93
LOND,lond022,Violation_201,36.0,P4,-22.80655,38.0,93
LOND,lond022,Violation_201,36.0,C3,-1.647571,38.0,93
LOND,lond022,Violation_201,36.0,C4,-18.70208,38.0,93
LOND,lond022,Violation_201,36.0,P7,13.66247,38.0,93
LOND,lond022,Violation_201,36.0,P8,-19.53334,38.0,93
LOND,lond022,Violation_201,36.0,O1,-5.51411,38.0,93
LOND,lond022,Violation_201,36.0,O2,0.1492804,38.0,93
LOND,lond022,Control_202,39.0,Pz,23.25551,40.0,93
LOND,lond022,Control_202,39.0,Cz,-4.063036,40.0,93
LOND,lond022,Control_202,39.0,CP1,-0.8479555,40.0,93
LOND,lond022,Control_202,39.0,CP2,14.11788,40.0,93
LOND,lond022,Control_202,39.0,P3,-17.57893,40.0,93
LOND,lond022,Control_202,39.0,P4,4.390657,40.0,93
LOND,lond022,Control_202,39.0,C3,-2.147667,40.0,93
LOND,lond022,Control_202,39.0,C4,22.28434,40.0,93
LOND,lond022,Control_202,39.0,P7,4.073898,40.0,93
LOND,lond022,Control_202,39.0,P8,31.51473,40.0,93
LOND,lond022,Control_202,39.0,O1,-14.02462,40.0,93
LOND,lond022,Control_202,39.0,O2,-9.648436,40.0,93
LOND,lond022,Control_202,23.0,Pz,-21.79293,34.0,97
LOND,lond022,Control_202,23.0,Cz,-13.43274,34.0,97
LOND,lond022,Control_202,23.0,CP1,-24.74154,34.0,97
LOND,lond022,Control_202,23.0,CP2,-19.28564,34.0,97
LOND,lond022,Control_202,23.0,P3,-23.57612,34.0,97
LOND,lond022,Control_202,23.0,P4,-5.463624,34.0,97
LOND,lond022,Control_202,23.0,C3,-21.77466,34.0,97
LOND,lond022,Control_202,23.0,C4,-5.587339,34.0,97
LOND,lond022,Control_202,23.0,P7,-20.04519,34.0,97
LOND,lond022,Control_202,23.0,P8,10.74385,34.0,97
LOND,lond022,Control_202,23.0,O1,-25.85166,34.0,97
LOND,lond022,Control_202,23.0,O2,-8.641315,34.0,97
LOND,lond022,Control_202,27.0,Pz,-5.221934,30.0,90
LOND,lond022,Control_202,27.0,Cz,-14.90538,30.0,90
LOND,lond022,Control_202,27.0,CP1,-8.693391,30.0,90
LOND,lond022,Control_202,27.0,CP2,-9.194437,30.0,90
LOND,lond022,Control_202,27.0,P3,-2.351025,30.0,90
LOND,lond022,Control_202,27.0,P4,25.23625,30.0,90
LOND,lond022,Control_202,27.0,C3,8.766965,30.0,90
LOND,lond022,Control_202,27.0,C4,-21.26742,30.0,90
LOND,lond022,Control_202,27.0,P7,19.00194,30.0,90
LOND,lond022,Control_202,27.0,P8,-0.1122143,30.0,90
LOND,lond022,Control_202,27.0,O1,35.55844,30.0,90
LOND,lond022,Control_202,27.0,O2,0.7991647,30.0,90
LOND,lond022,Control_202,31.0,Pz,-8.769863,26.0,87
LOND,lond022,Control_202,31.0,Cz,-5.885019,26.0,87
LOND,lond022,Control_202,31.0,CP1,-8.705246,26.0,87
LOND,lond022,Control_202,31.0,CP2,-6.977233,26.0,87
LOND,lond022,Control_202,31.0,P3,-19.29551,26.0,87
LOND,lond022,Control_202,31.0,P4,-28.6152,26.0,87
LOND,lond022,Control_202,31.0,C3,-9.402864,26.0,87
LOND,lond022,Control_202,31.0,C4,-27.78782,26.0,87
LOND,lond022,Control_202,31.0,P7,-7.941212,26.0,87
LOND,lond022,Control_202,31.0,P8,-6.482582,26.0,87
LOND,lond022,Control_202,31.0,O1,-7.83726,26.0,87
LOND,lond022,Control_202,31.0,O2,-11.05604,26.0,87
LOND,lond022,Violation_201,28.0,Pz,1.156769,24.0,93
LOND,lond022,Violation_201,28.0,Cz,4.052895,24.0,93
LOND,lond022,Violation_201,28.0,CP1,3.33612,24.0,93
LOND,lond022,Violation_201,28.0,CP2,-11.95955,24.0,93
LOND,lond022,Violation_201,28.0,P3,-15.96573,24.0,93
LOND,lond022,Violation_201,28.0,P4,-20.67308,24.0,93
LOND,lond022,Violation_201,28.0,C3,1.227367,24.0,93
LOND,lond022,Violation_201,28.0,C4,-4.845681,24.0,93
LOND,lond022,Violation_201,28.0,P7,-6.9951,24.0,93
LOND,lond022,Violation_201,28.0,P8,18.64424,24.0,93
LOND,lond022,Violation_201,28.0,O1,1.007093,24.0,93
LOND,lond022,Violation_201,28.0,O2,0.7673132,24.0,93
LOND,lond022,Violation_201,40.0,Pz,-13.43107,33.0,53
LOND,lond022,Violation_201,40.0,Cz,-12.89585,33.0,53
LOND,lond022,Violation_201,40.0,CP1,-6.978644,33.0,53
LOND,lond022,Violation_201,40.0,CP2,-20.54962,33.0,53
LOND,lond022,Violation_201,40.0,P3,3.179252,33.0,53
LOND,lond022,Violation_201,40.0,P4,-18.65316,33.0,53
LOND,lond022,Violation_201,40.0,C3,-0.7107571,33.0,53
LOND,lond022,Violation_201,40.0,C4,-16.26598,33.0,53
LOND,lond022,Violation_201,40.0,P7,-4.183351,33.0,53
LOND,lond022,Violation_201,40.0,P8,-39.67113,33.0,53
LOND,lond022,Violation_201,40.0,O1,0.5432151,33.0,53
LOND,lond022,Violation_201,40.0,O2,-14.57202,33.0,53
LOND,lond022,Control_202,55.0,Pz,10.97769,49.0,40
LOND,lond022,Control_202,55.0,Cz,-3.746307,49.0,40
LOND,lond022,Control_202,55.0,CP1,4.170455,49.0,40
LOND,lond022,Control_202,55.0,CP2,3.679085,49.0,40
LOND,lond022,Control_202,55.0,P3,9.326715,49.0,40
LOND,lond022,Control_202,55.0,P4,32.61,49.0,40
LOND,lond022,Control_202,55.0,C3,20.04547,49.0,40
LOND,lond022,Control_202,55.0,C4,5.971427,49.0,40
LOND,lond022,Control_202,55.0,P7,2.010593,49.0,40
LOND,lond022,Control_202,55.0,P8,11.70095,49.0,40
LOND,lond022,Control_202,55.0,O1,-23.48182,49.0,40
LOND,lond022,Control_202,55.0,O2,7.998172,49.0,40
LOND,lond022,Control_202,59.0,Pz,18.07323,46.0,63
LOND,lond022,Control_202,59.0,Cz,11.9543,46.0,63
LOND,lond022,Control_202,59.0,CP1,12.64057,46.0,63
LOND,lond022,Control_202,59.0,CP2,17.5875,46.0,63
LOND,lond022,Control_202,59.0,P3,9.149035,46.0,63
LOND,lond022,Control_202,59.0,P4,-10.19305,46.0,63
LOND,lond022,Control_202,59.0,C3,18.92768,46.0,63
LOND,lond022,Control_202,59.0,C4,24.68717,46.0,63
LOND,lond022,Control_202,59.0,P7,1.158905,46.0,63
LOND,lond022,Control_202,59.0,P8,6.687851,46.0,63
LOND,lond022,Control_202,59.0,O1,17.64789,46.0,63
LOND,lond022,Control_202,59.0,O2,23.74179,46.0,63
LOND,lond022,Control_202,51.0,Pz,-25.47832,42.0,37
LOND,lond022,Control_202,51.0,Cz,-28.47505,42.0,37
LOND,lond022,Control_202,51.0,CP1,-25.14811,42.0,37
LOND,lond022,Control_202,51.0,CP2,-30.19419,42.0,37
LOND,lond022,Control_202,51.0,P3,-12.96419,42.0,37
LOND,lond022,Control_202,51.0,P4,-11.24276,42.0,37
LOND,lond022,Control_202,51.0,C3,-24.85226,42.0,37
LOND,lond022,Control_202,51.0,C4,-29.00735,42.0,37
LOND,lond022,Control_202,51.0,P7,-27.82518,42.0,37
LOND,lond022,Control_202,51.0,P8,-26.63726,42.0,37
LOND,lond022,Control_202,51.0,O1,-39.32295,42.0,37
LOND,lond022,Control_202,51.0,O2,-39.44033,42.0,37
LOND,lond022,Control_202,47.0,Pz,22.95558,45.0,67
LOND,lond022,Control_202,47.0,Cz,21.14875,45.0,67
LOND,lond022,Control_202,47.0,CP1,29.02011,45.0,67
LOND,lond022,Control_202,47.0,CP2,32.99039,45.0,67
LOND,lond022,Control_202,47.0,P3,42.86247,45.0,67
LOND,lond022,Control_202,47.0,P4,66.91142,45.0,67
LOND,lond022,Control_202,47.0,C3,48.9894,45.0,67
LOND,lond022,Control_202,47.0,C4,22.06605,45.0,67
LOND,lond022,Control_202,47.0,P7,39.70966,45.0,67
LOND,lond022,Control_202,47.0,P8,-7.407458,45.0,67
LOND,lond022,Control_202,47.0,O1,25.84143,45.0,67
LOND,lond022,Control_202,47.0,O2,4.0113,45.0,67
LOND,lond022,Violation_201,56.0,Pz,-13.91851,43.0,93
LOND,lond022,Violation_201,56.0,Cz,-28.11524,43.0,93
LOND,lond022,Violation_201,56.0,CP1,-21.40444,43.0,93
LOND,lond022,Violation_201,56.0,CP2,-22.83489,43.0,93
LOND,lond022,Violation_201,56.0,P3,-9.847211,43.0,93
LOND,lond022,Violation_201,56.0,P4,-38.47468,43.0,93
LOND,lond022,Violation_201,56.0,C3,-30.23052,43.0,93
LOND,lond022,Violation_201,56.0,C4,-20.46209,43.0,93
LOND,lond022,Violation_201,56.0,P7,0.1921359,43.0,93
LOND,lond022,Violation_201,56.0,P8,34.53423,43.0,93
LOND,lond022,Violation_201,56.0,O1,-2.624496,43.0,93
LOND,lond022,Violation_201,56.0,O2,-0.7698196,43.0,93
LOND,lond022,Control_202,44.0,Pz,-20.31584,51.0,90
LOND,lond022,Control_202,44.0,Cz,-11.49726,51.0,90
LOND,lond022,Control_202,44.0,CP1,-10.95191,51.0,90
LOND,lond022,Control_202,44.0,CP2,-6.678087,51.0,90
LOND,lond022,Control_202,44.0,P3,-4.887775,51.0,90
LOND,lond022,Control_202,44.0,P4,9.323919,51.0,90
LOND,lond022,Control_202,44.0,C3,-11.13892,51.0,90
LOND,lond022,Control_202,44.0,C4,-9.053845,51.0,90
LOND,lond022,Control_202,44.0,P7,-11.6898,51.0,90
LOND,lond022,Control_202,44.0,P8,2.589315,51.0,90
LOND,lond022,Control_202,44.0,O1,-18.63319,51.0,90
LOND,lond022,Control_202,44.0,O2,5.814772,51.0,90
LOND,lond022,Violation_201,48.0,Pz,22.31446,56.0,93
LOND,lond022,Violation_201,48.0,Cz,12.26356,56.0,93
LOND,lond022,Violation_201,48.0,CP1,15.99996,56.0,93
LOND,lond022,Violation_201,48.0,CP2,6.829747,56.0,93
LOND,lond022,Violation_201,48.0,P3,27.761,56.0,93
LOND,lond022,Violation_201,48.0,P4,23.36436,56.0,93
LOND,lond022,Violation_201,48.0,C3,2.787278,56.0,93
LOND,lond022,Violation_201,48.0,C4,12.42264,56.0,93
LOND,lond022,Violation_201,48.0,P7,-1.907266,56.0,93
LOND,lond022,Violation_201,48.0,P8,10.35744,56.0,93
LOND,lond022,Violation_201,48.0,O1,3.982001,56.0,93
LOND,lond022,Violation_201,48.0,O2,11.68003,56.0,93
LOND,lond022,Violation_201,52.0,Pz,12.98373,48.0,87
LOND,lond022,Violation_201,52.0,Cz,-10.21685,48.0,87
LOND,lond022,Violation_201,52.0,CP1,-2.654727,48.0,87
LOND,lond022,Violation_201,52.0,CP2,-7.215688,48.0,87
LOND,lond022,Violation_201,52.0,P3,7.604743,48.0,87
LOND,lond022,Violation_201,52.0,P4,-18.47671,48.0,87
LOND,lond022,Violation_201,52.0,C3,-13.17627,48.0,87
LOND,lond022,Violation_201,52.0,C4,5.930077,48.0,87
LOND,lond022,Violation_201,52.0,P7,-9.112162,48.0,87
LOND,lond022,Violation_201,52.0,P8,10.69461,48.0,87
LOND,lond022,Violation_201,52.0,O1,-11.17323,48.0,87
LOND,lond022,Violation_201,52.0,O2,-7.376386,48.0,87
LOND,lond022,Violation_201,43.0,Pz,-7.842248,53.0,93
LOND,lond022,Violation_201,43.0,Cz,13.29217,53.0,93
LOND,lond022,Violation_201,43.0,CP1,1.706878,53.0,93
LOND,lond022,Violation_201,43.0,CP2,-0.6425846,53.0,93
LOND,lond022,Violation_201,43.0,P3,-20.86096,53.0,93
LOND,lond022,Violation_201,43.0,P4,7.511681,53.0,93
LOND,lond022,Violation_201,43.0,C3,-18.5596,53.0,93
LOND,lond022,Violation_201,43.0,C4,-14.1539,53.0,93
LOND,lond022,Violation_201,43.0,P7,-13.40943,53.0,93
LOND,lond022,Violation_201,43.0,P8,-34.68968,53.0,93
LOND,lond022,Violation_201,43.0,O1,8.096459,53.0,93
LOND,lond022,Violation_201,43.0,O2,-11.8978,53.0,93
LOND,lond022,Violation_201,60.0,Pz,-8.355031,54.0,77
LOND,lond022,Violation_201,60.0,Cz,-2.053994,54.0,77
LOND,lond022,Violation_201,60.0,CP1,0.546963,54.0,77
LOND,lond022,Violation_201,60.0,CP2,-2.856754,54.0,77
LOND,lond022,Violation_201,60.0,P3,-1.284402,54.0,77
LOND,lond022,Violation_201,60.0,P4,-10.14686,54.0,77
LOND,lond022,Violation_201,60.0,C3,-5.50308,54.0,77
LOND,lond022,Violation_201,60.0,C4,-0.9479774,54.0,77
LOND,lond022,Violation_201,60.0,P7,-0.2805312,54.0,77
LOND,lond022,Violation_201,60.0,P8,39.9285,54.0,77
LOND,lond022,Violation_201,60.0,O1,-13.89971,54.0,77
LOND,lond022,Violation_201,60.0,O2,5.689727,54.0,77
LOND,lond022,Violation_201,76.0,Pz,-5.499434,67.0,87
LOND,lond022,Violation_201,76.0,Cz,5.095197,67.0,87
LOND,lond022,Violation_201,76.0,CP1,3.625154,67.0,87
LOND,lond022,Violation_201,76.0,CP2,-7.418126,67.0,87
LOND,lond022,Violation_201,76.0,P3,-4.436882,67.0,87
LOND,lond022,Violation_201,76.0,P4,-38.81105,67.0,87
LOND,lond022,Violation_201,76.0,C3,13.81889,67.0,87
LOND,lond022,Violation_201,76.0,C4,-0.06360316,67.0,87
LOND,lond022,Violation_201,76.0,P7,15.03856,67.0,87
LOND,lond022,Violation_201,76.0,P8,-16.47395,67.0,87
LOND,lond022,Violation_201,76.0,O1,-5.155401,67.0,87
LOND,lond022,Violation_201,76.0,O2,-9.230002,67.0,87
LOND,lond022,Control_202,75.0,Pz,23.38293,65.0,93
LOND,lond022,Control_202,75.0,Cz,1.120731,65.0,93
LOND,lond022,Control_202,75.0,CP1,10.26902,65.0,93
LOND,lond022,Control_202,75.0,CP2,6.964699,65.0,93
LOND,lond022,Control_202,75.0,P3,21.92415,65.0,93
LOND,lond022,Control_202,75.0,P4,21.84656,65.0,93
LOND,lond022,Control_202,75.0,C3,13.83749,65.0,93
LOND,lond022,Control_202,75.0,C4,2.142133,65.0,93
LOND,lond022,Control_202,75.0,P7,-1.834617,65.0,93
LOND,lond022,Control_202,75.0,P8,24.90193,65.0,93
LOND,lond022,Control_202,75.0,O1,6.843215,65.0,93
LOND,lond022,Control_202,75.0,O2,12.36541,65.0,93
LOND,lond022,Violation_201,68.0,Pz,-7.663828,64.0,50
LOND,lond022,Violation_201,68.0,Cz,-11.52296,64.0,50
LOND,lond022,Violation_201,68.0,CP1,-7.830263,64.0,50
LOND,lond022,Violation_201,68.0,CP2,-14.90584,64.0,50
LOND,lond022,Violation_201,68.0,P3,-0.3866159,64.0,50
LOND,lond022,Violation_201,68.0,P4,20.12449,64.0,50
LOND,lond022,Violation_201,68.0,C3,22.74887,64.0,50
LOND,lond022,Violation_201,68.0,C4,5.004071,64.0,50
LOND,lond022,Violation_201,68.0,P7,-18.72649,64.0,50
LOND,lond022,Violation_201,68.0,P8,-28.48231,64.0,50
LOND,lond022,Violation_201,68.0,O1,4.253891,64.0,50
LOND,lond022,Violation_201,68.0,O2,10.52652,64.0,50
LOND,lond022,Violation_201,64.0,Pz,0.06446761,75.0,60
LOND,lond022,Violation_201,64.0,Cz,22.3848,75.0,60
LOND,lond022,Violation_201,64.0,CP1,10.97233,75.0,60
LOND,lond022,Violation_201,64.0,CP2,5.787868,75.0,60
LOND,lond022,Violation_201,64.0,P3,-9.237659,75.0,60
LOND,lond022,Violation_201,64.0,P4,48.8334,75.0,60
LOND,lond022,Violation_201,64.0,C3,0.07398345,75.0,60
LOND,lond022,Violation_201,64.0,C4,13.69165,75.0,60
LOND,lond022,Violation_201,64.0,P7,-4.041877,75.0,60
LOND,lond022,Violation_201,64.0,P8,1.719027,75.0,60
LOND,lond022,Violation_201,64.0,O1,10.86291,75.0,60
LOND,lond022,Violation_201,64.0,O2,12.1532,75.0,60
LOND,lond022,Control_202,79.0,Pz,-28.92894,70.0,57
LOND,lond022,Control_202,79.0,Cz,-10.10557,70.0,57
LOND,lond022,Control_202,79.0,CP1,-11.98677,70.0,57
LOND,lond022,Control_202,79.0,CP2,-8.537409,70.0,57
LOND,lond022,Control_202,79.0,P3,21.70224,70.0,57
LOND,lond022,Control_202,79.0,P4,-9.777201,70.0,57
LOND,lond022,Control_202,79.0,C3,-16.16253,70.0,57
LOND,lond022,Control_202,79.0,C4,-9.388491,70.0,57
LOND,lond022,Control_202,79.0,P7,-3.700488,70.0,57
LOND,lond022,Control_202,79.0,P8,-27.4251,70.0,57
LOND,lond022,Control_202,79.0,O1,-7.423678,70.0,57
LOND,lond022,Control_202,79.0,O2,13.81954,70.0,57
LOND,lond022,Control_202,71.0,Pz,3.106131,71.0,90
LOND,lond022,Control_202,71.0,Cz,24.29987,71.0,90
LOND,lond022,Control_202,71.0,CP1,18.94395,71.0,90
LOND,lond022,Control_202,71.0,CP2,9.765832,71.0,90
LOND,lond022,Control_202,71.0,P3,13.99749,71.0,90
LOND,lond022,Control_202,71.0,P4,23.73727,71.0,90
LOND,lond022,Control_202,71.0,C3,10.7533,71.0,90
LOND,lond022,Control_202,71.0,C4,26.81906,71.0,90
LOND,lond022,Control_202,71.0,P7,-3.168122,71.0,90
LOND,lond022,Control_202,71.0,P8,-13.70214,71.0,90
LOND,lond022,Control_202,71.0,O1,7.702003,71.0,90
LOND,lond022,Control_202,71.0,O2,-4.661168,71.0,90
LOND,lond022,Control_202,63.0,Pz,-2.447722,76.0,90
LOND,lond022,Control_202,63.0,Cz,4.184378,76.0,90
LOND,lond022,Control_202,63.0,CP1,4.751704,76.0,90
LOND,lond022,Control_202,63.0,CP2,1.794605,76.0,90
LOND,lond022,Control_202,63.0,P3,-9.883164,76.0,90
LOND,lond022,Control_202,63.0,P4,-18.88993,76.0,90
LOND,lond022,Control_202,63.0,C3,13.16962,76.0,90
LOND,lond022,Control_202,63.0,C4,-1.349521,76.0,90
LOND,lond022,Control_202,63.0,P7,-4.375922,76.0,90
LOND,lond022,Control_202,63.0,P8,20.74535,76.0,90
LOND,lond022,Control_202,63.0,O1,2.432476,76.0,90
LOND,lond022,Control_202,63.0,O2,10.68978,76.0,90
LOND,lond022,Control_202,67.0,Pz,3.535105,69.0,93
LOND,lond022,Control_202,67.0,Cz,8.306928,69.0,93
LOND,lond022,Control_202,67.0,CP1,10.8866,69.0,93
LOND,lond022,Control_202,67.0,CP2,14.00808,69.0,93
LOND,lond022,Control_202,67.0,P3,-11.7658,69.0,93
LOND,lond022,Control_202,67.0,P4,-3.314186,69.0,93
LOND,lond022,Control_202,67.0,C3,-1.472623,69.0,93
LOND,lond022,Control_202,67.0,C4,3.221066,69.0,93
LOND,lond022,Control_202,67.0,P7,28.90187,69.0,93
LOND,lond022,Control_202,67.0,P8,-17.5806,69.0,93
LOND,lond022,Control_202,67.0,O1,18.34855,69.0,93
LOND,lond022,Control_202,67.0,O2,18.06958,69.0,93
LOND,lond022,Violation_201,72.0,Pz,11.19337,62.0,70
LOND,lond022,Violation_201,72.0,Cz,5.830772,62.0,70
LOND,lond022,Violation_201,72.0,CP1,3.752078,62.0,70
LOND,lond022,Violation_201,72.0,CP2,-0.2781689,62.0,70
LOND,lond022,Violation_201,72.0,P3,-13.7085,62.0,70
LOND,lond022,Violation_201,72.0,P4,-4.050612,62.0,70
LOND,lond022,Violation_201,72.0,C3,-5.895376,62.0,70
LOND,lond022,Violation_201,72.0,C4,-14.05308,62.0,70
LOND,lond022,Violation_201,72.0,P7,-3.168385,62.0,70
LOND,lond022,Violation_201,72.0,P8,10.94748,62.0,70
LOND,lond022,Violation_201,72.0,O1,8.802512,62.0,70
LOND,lond022,Violation_201,72.0,O2,3.523577,62.0,70
LOND,lond022,Violation_201,80.0,Pz,23.96016,77.0,100
LOND,lond022,Violation_201,80.0,Cz,10.46696,77.0,100
LOND,lond022,Violation_201,80.0,CP1,10.14085,77.0,100
LOND,lond022,Violation_201,80.0,CP2,13.52122,77.0,100
LOND,lond022,Violation_201,80.0,P3,13.03685,77.0,100
LOND,lond022,Violation_201,80.0,P4,-27.09365,77.0,100
LOND,lond022,Violation_201,80.0,C3,21.09766,77.0,100
LOND,lond022,Violation_201,80.0,C4,20.71487,77.0,100
LOND,lond022,Violation_201,80.0,P7,24.94373,77.0,100
LOND,lond022,Violation_201,80.0,P8,19.41904,77.0,100
LOND,lond022,Violation_201,80.0,O1,8.271497,77.0,100
LOND,lond022,Violation_201,80.0,O2,43.8056,77.0,100
LOND,lond023,Violation_201,14.0,Pz,4.544352,20.0,90
LOND,lond023,Violation_201,14.0,Cz,9.284426,20.0,90
LOND,lond023,Violation_201,14.0,CP1,6.23032,20.0,90
LOND,lond023,Violation_201,14.0,CP2,7.35474,20.0,90
LOND,lond023,Violation_201,14.0,P3,9.121192,20.0,90
LOND,lond023,Violation_201,14.0,P4,10.19389,20.0,90
LOND,lond023,Violation_201,14.0,C3,11.45432,20.0,90
LOND,lond023,Violation_201,14.0,C4,-8.249339,20.0,90
LOND,lond023,Violation_201,14.0,P7,0.7118891,20.0,90
LOND,lond023,Violation_201,14.0,P8,18.39749,20.0,90
LOND,lond023,Violation_201,14.0,O1,6.045937,20.0,90
LOND,lond023,Violation_201,14.0,O2,14.91048,20.0,90
LOND,lond023,Control_202,1.0,Pz,0.5216983,14.0,90
LOND,lond023,Control_202,1.0,Cz,7.143919,14.0,90
LOND,lond023,Control_202,1.0,CP1,8.644176,14.0,90
LOND,lond023,Control_202,1.0,CP2,-0.9844102,14.0,90
LOND,lond023,Control_202,1.0,P3,-2.73562,14.0,90
LOND,lond023,Control_202,1.0,P4,-4.480333,14.0,90
LOND,lond023,Control_202,1.0,C3,-5.377616,14.0,90
LOND,lond023,Control_202,1.0,C4,8.77591,14.0,90
LOND,lond023,Control_202,1.0,P7,36.77312,14.0,90
LOND,lond023,Control_202,1.0,P8,-1.175115,14.0,90
LOND,lond023,Control_202,1.0,O1,-0.4172089,14.0,90
LOND,lond023,Control_202,1.0,O2,-2.967951,14.0,90
LOND,lond023,Violation_201,18.0,Pz,-5.553937,9.0,93
LOND,lond023,Violation_201,18.0,Cz,-8.127371,9.0,93
LOND,lond023,Violation_201,18.0,CP1,-3.905177,9.0,93
LOND,lond023,Violation_201,18.0,CP2,0.655531,9.0,93
LOND,lond023,Violation_201,18.0,P3,1.971801,9.0,93
LOND,lond023,Violation_201,18.0,P4,3.028756,9.0,93
LOND,lond023,Violation_201,18.0,C3,1.9555,9.0,93
LOND,lond023,Violation_201,18.0,C4,-7.548491,9.0,93
LOND,lond023,Violation_201,18.0,P7,4.762184,9.0,93
LOND,lond023,Violation_201,18.0,P8,11.71534,9.0,93
LOND,lond023,Violation_201,18.0,O1,-3.352298,9.0,93
LOND,lond023,Violation_201,18.0,O2,7.088142,9.0,93
LOND,lond023,Violation_201,6.0,Pz,-19.91626,15.0,90
LOND,lond023,Violation_201,6.0,Cz,-19.4459,15.0,90
LOND,lond023,Violation_201,6.0,CP1,-16.55109,15.0,90
LOND,lond023,Violation_201,6.0,CP2,-21.46476,15.0,90
LOND,lond023,Violation_201,6.0,P3,-7.774142,15.0,90
LOND,lond023,Violation_201,6.0,P4,-15.23696,15.0,90
LOND,lond023,Violation_201,6.0,C3,-12.8009,15.0,90
LOND,lond023,Violation_201,6.0,C4,-25.16149,15.0,90
LOND,lond023,Violation_201,6.0,P7,-12.88687,15.0,90
LOND,lond023,Violation_201,6.0,P8,-0.1060313,15.0,90
LOND,lond023,Violation_201,6.0,O1,-5.333721,15.0,90
LOND,lond023,Violation_201,6.0,O2,-10.24305,15.0,90
LOND,lond023,Control_202,17.0,Pz,-1.578063,10.0,80
LOND,lond023,Control_202,17.0,Cz,25.32291,10.0,80
LOND,lond023,Control_202,17.0,CP1,8.081504,10.0,80
LOND,lond023,Control_202,17.0,CP2,0.6022024,10.0,80
LOND,lond023,Control_202,17.0,P3,-0.6495321,10.0,80
LOND,lond023,Control_202,17.0,P4,-2.541151,10.0,80
LOND,lond023,Control_202,17.0,C3,-1.331586,10.0,80
LOND,lond023,Control_202,17.0,C4,20.7989,10.0,80
LOND,lond023,Control_202,17.0,P7,-9.172971,10.0,80
LOND,lond023,Control_202,17.0,P8,8.162632,10.0,80
LOND,lond023,Control_202,17.0,O1,-0.4128671,10.0,80
LOND,lond023,Control_202,17.0,O2,-7.991667,10.0,80
LOND,lond023,Control_202,5.0,Pz,-10.22834,7.0,80
LOND,lond023,Control_202,5.0,Cz,-19.26026,7.0,80
LOND,lond023,Control_202,5.0,CP1,-14.05233,7.0,80
LOND,lond023,Control_202,5.0,CP2,-11.57102,7.0,80
LOND,lond023,Control_202,5.0,P3,-19.38726,7.0,80
LOND,lond023,Control_202,5.0,P4,-11.048,7.0,80
LOND,lond023,Control_202,5.0,C3,-15.55179,7.0,80
LOND,lond023,Control_202,5.0,C4,-5.745284,7.0,80
LOND,lond023,Control_202,5.0,P7,-20.44041,7.0,80
LOND,lond023,Control_202,5.0,P8,-1.710994,7.0,80
LOND,lond023,Control_202,5.0,O1,-11.05328,7.0,80
LOND,lond023,Control_202,5.0,O2,-5.800083,7.0,80
LOND,lond023,Control_202,13.0,Pz,12.13849,8.0,97
LOND,lond023,Control_202,13.0,Cz,21.57588,8.0,97
LOND,lond023,Control_202,13.0,CP1,20.1645,8.0,97
LOND,lond023,Control_202,13.0,CP2,23.92691,8.0,97
LOND,lond023,Control_202,13.0,P3,7.32939,8.0,97
LOND,lond023,Control_202,13.0,P4,21.48513,8.0,97
LOND,lond023,Control_202,13.0,C3,13.54699,8.0,97
LOND,lond023,Control_202,13.0,C4,10.31577,8.0,97
LOND,lond023,Control_202,13.0,P7,1.925552,8.0,97
LOND,lond023,Control_202,13.0,P8,12.89481,8.0,97
LOND,lond023,Control_202,13.0,O1,8.996597,8.0,97
LOND,lond023,Control_202,13.0,O2,17.93359,8.0,97
LOND,lond023,Violation_201,10.0,Pz,8.700006,3.0,100
LOND,lond023,Violation_201,10.0,Cz,4.260292,3.0,100
LOND,lond023,Violation_201,10.0,CP1,0.6555556,3.0,100
LOND,lond023,Violation_201,10.0,CP2,8.494733,3.0,100
LOND,lond023,Violation_201,10.0,P3,14.72672,3.0,100
LOND,lond023,Violation_201,10.0,P4,11.79641,3.0,100
LOND,lond023,Violation_201,10.0,C3,7.601209,3.0,100
LOND,lond023,Violation_201,10.0,C4,3.150008,3.0,100
LOND,lond023,Violation_201,10.0,P7,12.70663,3.0,100
LOND,lond023,Violation_201,10.0,P8,-1.635607,3.0,100
LOND,lond023,Violation_201,10.0,O1,3.614874,3.0,100
LOND,lond023,Violation_201,10.0,O2,-1.064426,3.0,100
LOND,lond023,Control_202,9.0,Pz,-12.862,4.0,93
LOND,lond023,Control_202,9.0,Cz,-13.30185,4.0,93
LOND,lond023,Control_202,9.0,CP1,-11.22536,4.0,93
LOND,lond023,Control_202,9.0,CP2,-3.439562,4.0,93
LOND,lond023,Control_202,9.0,P3,-1.950712,4.0,93
LOND,lond023,Control_202,9.0,P4,-0.3532989,4.0,93
LOND,lond023,Control_202,9.0,C3,1.19456,4.0,93
LOND,lond023,Control_202,9.0,C4,-10.26329,4.0,93
LOND,lond023,Control_202,9.0,P7,-1.656928,4.0,93
LOND,lond023,Control_202,9.0,P8,-2.102747,4.0,93
LOND,lond023,Control_202,9.0,O1,-12.68923,4.0,93
LOND,lond023,Control_202,9.0,O2,6.409512,4.0,93
LOND,lond023,Violation_201,2.0,Pz,1.377767,1.0,97
LOND,lond023,Violation_201,2.0,Cz,-2.306196,1.0,97
LOND,lond023,Violation_201,2.0,CP1,1.000085,1.0,97
LOND,lond023,Violation_201,2.0,CP2,-4.929538,1.0,97
LOND,lond023,Violation_201,2.0,P3,-10.87883,1.0,97
LOND,lond023,Violation_201,2.0,P4,-9.467538,1.0,97
LOND,lond023,Violation_201,2.0,C3,-6.79248,1.0,97
LOND,lond023,Violation_201,2.0,C4,15.29905,1.0,97
LOND,lond023,Violation_201,2.0,P7,-3.411608,1.0,97
LOND,lond023,Violation_201,2.0,P8,-21.0226,1.0,97
LOND,lond023,Violation_201,2.0,O1,-8.835188,1.0,97
LOND,lond023,Violation_201,2.0,O2,-13.39301,1.0,97
LOND,lond023,Control_202,37.0,Pz,1.197016,29.0,90
LOND,lond023,Control_202,37.0,Cz,2.556094,29.0,90
LOND,lond023,Control_202,37.0,CP1,5.679093,29.0,90
LOND,lond023,Control_202,37.0,CP2,5.812999,29.0,90
LOND,lond023,Control_202,37.0,P3,6.079995,29.0,90
LOND,lond023,Control_202,37.0,P4,6.47745,29.0,90
LOND,lond023,Control_202,37.0,C3,11.40084,29.0,90
LOND,lond023,Control_202,37.0,C4,18.24392,29.0,90
LOND,lond023,Control_202,37.0,P7,5.059006,29.0,90
LOND,lond023,Control_202,37.0,P8,12.90913,29.0,90
LOND,lond023,Control_202,37.0,O1,8.839664,29.0,90
LOND,lond023,Control_202,37.0,O2,12.08865,29.0,90
LOND,lond023,Violation_201,30.0,Pz,-13.45448,25.0,97
LOND,lond023,Violation_201,30.0,Cz,-7.73931,25.0,97
LOND,lond023,Violation_201,30.0,CP1,-13.13541,25.0,97
LOND,lond023,Violation_201,30.0,CP2,-10.38675,25.0,97
LOND,lond023,Violation_201,30.0,P3,-9.928453,25.0,97
LOND,lond023,Violation_201,30.0,P4,-9.63393,25.0,97
LOND,lond023,Violation_201,30.0,C3,-8.126407,25.0,97
LOND,lond023,Violation_201,30.0,C4,8.728131,25.0,97
LOND,lond023,Violation_201,30.0,P7,3.03411,25.0,97
LOND,lond023,Violation_201,30.0,P8,-13.54204,25.0,97
LOND,lond023,Violation_201,30.0,O1,-8.544074,25.0,97
LOND,lond023,Violation_201,30.0,O2,-14.51016,25.0,97
LOND,lond023,Violation_201,34.0,Pz,7.855592,24.0,93
LOND,lond023,Violation_201,34.0,Cz,-6.29179,24.0,93
LOND,lond023,Violation_201,34.0,CP1,3.245436,24.0,93
LOND,lond023,Violation_201,34.0,CP2,-4.378277,24.0,93
LOND,lond023,Violation_201,34.0,P3,1.076367,24.0,93
LOND,lond023,Violation_201,34.0,P4,-2.515445,24.0,93
LOND,lond023,Violation_201,34.0,C3,-7.765207,24.0,93
LOND,lond023,Violation_201,34.0,C4,9.757709,24.0,93
LOND,lond023,Violation_201,34.0,P7,1.679319,24.0,93
LOND,lond023,Violation_201,34.0,P8,-8.667359,24.0,93
LOND,lond023,Violation_201,34.0,O1,-4.0899,24.0,93
LOND,lond023,Violation_201,34.0,O2,-3.671408,24.0,93
LOND,lond023,Violation_201,22.0,Pz,15.07878,37.0,80
LOND,lond023,Violation_201,22.0,Cz,33.24212,37.0,80
LOND,lond023,Violation_201,22.0,CP1,-16.44198,37.0,80
LOND,lond023,Violation_201,22.0,CP2,7.062095,37.0,80
LOND,lond023,Violation_201,22.0,P3,1.814701,37.0,80
LOND,lond023,Violation_201,22.0,P4,8.192588,37.0,80
LOND,lond023,Violation_201,22.0,C3,-6.419327,37.0,80
LOND,lond023,Violation_201,22.0,C4,-13.47839,37.0,80
LOND,lond023,Violation_201,22.0,P7,-1.448978,37.0,80
LOND,lond023,Violation_201,22.0,P8,4.978026,37.0,80
LOND,lond023,Violation_201,22.0,O1,5.449463,37.0,80
LOND,lond023,Violation_201,22.0,O2,4.264894,37.0,80
LOND,lond023,Control_202,33.0,Pz,1.697378,21.0,77
LOND,lond023,Control_202,33.0,Cz,12.13451,21.0,77
LOND,lond023,Control_202,33.0,CP1,10.75181,21.0,77
LOND,lond023,Control_202,33.0,CP2,9.082409,21.0,77
LOND,lond023,Control_202,33.0,P3,2.977414,21.0,77
LOND,lond023,Control_202,33.0,P4,6.200579,21.0,77
LOND,lond023,Control_202,33.0,C3,10.93051,21.0,77
LOND,lond023,Control_202,33.0,C4,6.778579,21.0,77
LOND,lond023,Control_202,33.0,P7,21.4082,21.0,77
LOND,lond023,Control_202,33.0,P8,7.183815,21.0,77
LOND,lond023,Control_202,33.0,O1,4.514642,21.0,77
LOND,lond023,Control_202,33.0,O2,-11.56658,21.0,77
LOND,lond023,Control_202,25.0,Pz,-12.67877,34.0,97
LOND,lond023,Control_202,25.0,Cz,-15.16528,34.0,97
LOND,lond023,Control_202,25.0,CP1,-11.59108,34.0,97
LOND,lond023,Control_202,25.0,CP2,-10.23278,34.0,97
LOND,lond023,Control_202,25.0,P3,-7.039315,34.0,97
LOND,lond023,Control_202,25.0,P4,-5.087751,34.0,97
LOND,lond023,Control_202,25.0,C3,-8.582847,34.0,97
LOND,lond023,Control_202,25.0,C4,-18.72739,34.0,97
LOND,lond023,Control_202,25.0,P7,-11.03034,34.0,97
LOND,lond023,Control_202,25.0,P8,1.934085,34.0,97
LOND,lond023,Control_202,25.0,O1,-8.686086,34.0,97
LOND,lond023,Control_202,25.0,O2,-7.383093,34.0,97
LOND,lond023,Control_202,21.0,Pz,4.902511,39.0,97
LOND,lond023,Control_202,21.0,Cz,3.551722,39.0,97
LOND,lond023,Control_202,21.0,CP1,-0.3416749,39.0,97
LOND,lond023,Control_202,21.0,CP2,1.67603,39.0,97
LOND,lond023,Control_202,21.0,P3,6.254755,39.0,97
LOND,lond023,Control_202,21.0,P4,7.541583,39.0,97
LOND,lond023,Control_202,21.0,C3,8.939811,39.0,97
LOND,lond023,Control_202,21.0,C4,10.0813,39.0,97
LOND,lond023,Control_202,21.0,P7,20.24372,39.0,97
LOND,lond023,Control_202,21.0,P8,38.27737,39.0,97
LOND,lond023,Control_202,21.0,O1,4.239019,39.0,97
LOND,lond023,Control_202,21.0,O2,0.7082725,39.0,97
LOND,lond023,Violation_201,26.0,Pz,2.485096,22.0,53
LOND,lond023,Violation_201,26.0,Cz,-2.412587,22.0,53
LOND,lond023,Violation_201,26.0,CP1,-0.9479924,22.0,53
LOND,lond023,Violation_201,26.0,CP2,-1.654271,22.0,53
LOND,lond023,Violation_201,26.0,P3,0.6826019,22.0,53
LOND,lond023,Violation_201,26.0,P4,1.437454,22.0,53
LOND,lond023,Violation_201,26.0,C3,0.2748379,22.0,53
LOND,lond023,Violation_201,26.0,C4,-18.66078,22.0,53
LOND,lond023,Violation_201,26.0,P7,-12.18464,22.0,53
LOND,lond023,Violation_201,26.0,P8,3.165493,22.0,53
LOND,lond023,Violation_201,26.0,O1,-3.849216,22.0,53
LOND,lond023,Violation_201,26.0,O2,-3.170492,22.0,53
LOND,lond023,Violation_201,29.0,Pz,-21.67797,33.0,53
LOND,lond023,Violation_201,29.0,Cz,-10.48274,33.0,53
LOND,lond023,Violation_201,29.0,CP1,20.62014,33.0,53
LOND,lond023,Violation_201,29.0,CP2,-5.235983,33.0,53
LOND,lond023,Violation_201,29.0,P3,-2.628182,33.0,53
LOND,lond023,Violation_201,29.0,P4,-4.625302,33.0,53
LOND,lond023,Violation_201,29.0,C3,-5.434737,33.0,53
LOND,lond023,Violation_201,29.0,C4,2.860924,33.0,53
LOND,lond023,Violation_201,29.0,P7,-19.19365,33.0,53
LOND,lond023,Violation_201,29.0,P8,-3.737715,33.0,53
LOND,lond023,Violation_201,29.0,O1,-11.53635,33.0,53
LOND,lond023,Violation_201,29.0,O2,-0.06192369,33.0,53
LOND,lond023,Violation_201,38.0,Pz,-12.97902,32.0,80
LOND,lond023,Violation_201,38.0,Cz,-3.605558,32.0,80
LOND,lond023,Violation_201,38.0,CP1,3.349861,32.0,80
LOND,lond023,Violation_201,38.0,CP2,-4.764302,32.0,80
LOND,lond023,Violation_201,38.0,P3,-7.440111,32.0,80
LOND,lond023,Violation_201,38.0,P4,-9.539102,32.0,80
LOND,lond023,Violation_201,38.0,C3,-2.874989,32.0,80
LOND,lond023,Violation_201,38.0,C4,12.05301,32.0,80
LOND,lond023,Violation_201,38.0,P7,-2.306217,32.0,80
LOND,lond023,Violation_201,38.0,P8,-3.31889,32.0,80
LOND,lond023,Violation_201,38.0,O1,-2.691072,32.0,80
LOND,lond023,Violation_201,38.0,O2,-13.13303,32.0,80
LOND,lond023,Violation_201,50.0,Pz,2.772277,45.0,67
LOND,lond023,Violation_201,50.0,Cz,-7.126601,45.0,67
LOND,lond023,Violation_201,50.0,CP1,-2.557822,45.0,67
LOND,lond023,Violation_201,50.0,CP2,2.607096,45.0,67
LOND,lond023,Violation_201,50.0,P3,0.912859,45.0,67
LOND,lond023,Violation_201,50.0,P4,7.790793,45.0,67
LOND,lond023,Violation_201,50.0,C3,9.126533,45.0,67
LOND,lond023,Violation_201,50.0,C4,11.30214,45.0,67
LOND,lond023,Violation_201,50.0,P7,-17.43916,45.0,67
LOND,lond023,Violation_201,50.0,P8,12.25074,45.0,67
LOND,lond023,Violation_201,50.0,O1,8.867209,45.0,67
LOND,lond023,Violation_201,50.0,O2,7.960322,45.0,67
LOND,lond023,Violation_201,54.0,Pz,3.944634,48.0,87
LOND,lond023,Violation_201,54.0,Cz,35.50669,48.0,87
LOND,lond023,Violation_201,54.0,CP1,23.09274,48.0,87
LOND,lond023,Violation_201,54.0,CP2,12.64175,48.0,87
LOND,lond023,Violation_201,54.0,P3,4.374686,48.0,87
LOND,lond023,Violation_201,54.0,P4,9.167944,48.0,87
LOND,lond023,Violation_201,54.0,C3,-5.300843,48.0,87
LOND,lond023,Violation_201,54.0,C4,12.6014,48.0,87
LOND,lond023,Violation_201,54.0,P7,-3.335575,48.0,87
LOND,lond023,Violation_201,54.0,P8,10.50499,48.0,87
LOND,lond023,Violation_201,54.0,O1,18.00042,48.0,87
LOND,lond023,Violation_201,54.0,O2,11.94494,48.0,87
LOND,lond023,Control_202,53.0,Pz,-4.084066,59.0,73
LOND,lond023,Control_202,53.0,Cz,9.923878,59.0,73
LOND,lond023,Control_202,53.0,CP1,-5.975503,59.0,73
LOND,lond023,Control_202,53.0,CP2,-0.9404013,59.0,73
LOND,lond023,Control_202,53.0,P3,-1.848586,59.0,73
LOND,lond023,Control_202,53.0,P4,-1.522684,59.0,73
LOND,lond023,Control_202,53.0,C3,4.876217,59.0,73
LOND,lond023,Control_202,53.0,C4,-10.22256,59.0,73
LOND,lond023,Control_202,53.0,P7,-3.554765,59.0,73
LOND,lond023,Control_202,53.0,P8,-10.50866,59.0,73
LOND,lond023,Control_202,53.0,O1,-12.61157,59.0,73
LOND,lond023,Control_202,53.0,O2,-0.7806616,59.0,73
LOND,lond023,Control_202,49.0,Pz,-3.604089,41.0,100
LOND,lond023,Control_202,49.0,Cz,-6.260527,41.0,100
LOND,lond023,Control_202,49.0,CP1,-5.012603,41.0,100
LOND,lond023,Control_202,49.0,CP2,-1.163509,41.0,100
LOND,lond023,Control_202,49.0,P3,-2.335106,41.0,100
LOND,lond023,Control_202,49.0,P4,-3.520783,41.0,100
LOND,lond023,Control_202,49.0,C3,-0.6238126,41.0,100
LOND,lond023,Control_202,49.0,C4,-11.08479,41.0,100
LOND,lond023,Control_202,49.0,P7,12.24302,41.0,100
LOND,lond023,Control_202,49.0,P8,4.928519,41.0,100
LOND,lond023,Control_202,49.0,O1,-0.8722109,41.0,100
LOND,lond023,Control_202,49.0,O2,-6.61034,41.0,100
LOND,lond023,Control_202,41.0,Pz,-3.590275,55.0,93
LOND,lond023,Control_202,41.0,Cz,9.957277,55.0,93
LOND,lond023,Control_202,41.0,CP1,-3.562882,55.0,93
LOND,lond023,Control_202,41.0,CP2,-8.472672,55.0,93
LOND,lond023,Control_202,41.0,P3,3.349211,55.0,93
LOND,lond023,Control_202,41.0,P4,-6.713512,55.0,93
LOND,lond023,Control_202,41.0,C3,-0.4354045,55.0,93
LOND,lond023,Control_202,41.0,C4,6.304891,55.0,93
LOND,lond023,Control_202,41.0,P7,-5.886213,55.0,93
LOND,lond023,Control_202,41.0,P8,-2.599351,55.0,93
LOND,lond023,Control_202,41.0,O1,1.383977,55.0,93
LOND,lond023,Control_202,41.0,O2,-6.688577,55.0,93
LOND,lond023,Control_202,45.0,Pz,-7.751946,53.0,93
LOND,lond023,Control_202,45.0,Cz,-3.866542,53.0,93
LOND,lond023,Control_202,45.0,CP1,-14.33061,53.0,93
LOND,lond023,Control_202,45.0,CP2,-2.600593,53.0,93
LOND,lond023,Control_202,45.0,P3,-1.365254,53.0,93
LOND,lond023,Control_202,45.0,P4,0.849723,53.0,93
LOND,lond023,Control_202,45.0,C3,-4.500902,53.0,93
LOND,lond023,Control_202,45.0,C4,-5.699525,53.0,93
LOND,lond023,Control_202,45.0,P7,-2.844595,53.0,93
LOND,lond023,Control_202,45.0,P8,7.60708,53.0,93
LOND,lond023,Control_202,45.0,O1,0.4224569,53.0,93
LOND,lond023,Control_202,45.0,O2,-2.632931,53.0,93
LOND,lond023,Violation_201,58.0,Pz,-1.764072,44.0,90
LOND,lond023,Violation_201,58.0,Cz,-5.627246,44.0,90
LOND,lond023,Violation_201,58.0,CP1,4.693137,44.0,90
LOND,lond023,Violation_201,58.0,CP2,-0.1917196,44.0,90
LOND,lond023,Violation_201,58.0,P3,3.896888,44.0,90
LOND,lond023,Violation_201,58.0,P4,-0.789625,44.0,90
LOND,lond023,Violation_201,58.0,C3,-2.578881,44.0,90
LOND,lond023,Violation_201,58.0,C4,-9.057983,44.0,90
LOND,lond023,Violation_201,58.0,P7,14.90722,44.0,90
LOND,lond023,Violation_201,58.0,P8,-12.04332,44.0,90
LOND,lond023,Violation_201,58.0,O1,-5.197363,44.0,90
LOND,lond023,Violation_201,58.0,O2,-6.871396,44.0,90
LOND,lond023,Control_202,57.0,Pz,-3.970732,57.0,69
LOND,lond023,Control_202,57.0,Cz,-4.897587,57.0,69
LOND,lond023,Control_202,57.0,CP1,-5.192075,57.0,69
LOND,lond023,Control_202,57.0,CP2,3.484076,57.0,69
LOND,lond023,Control_202,57.0,P3,-8.184771,57.0,69
LOND,lond023,Control_202,57.0,P4,1.341854,57.0,69
LOND,lond023,Control_202,57.0,C3,19.63893,57.0,69
LOND,lond023,Control_202,57.0,C4,-1.209182,57.0,69
LOND,lond023,Control_202,57.0,P7,-29.22808,57.0,69
LOND,lond023,Control_202,57.0,P8,4.121669,57.0,69
LOND,lond023,Control_202,57.0,O1,-9.710393,57.0,69
LOND,lond023,Control_202,57.0,O2,-2.097887,57.0,69
LOND,lond023,Violation_201,46.0,Pz,8.064444,60.0,90
LOND,lond023,Violation_201,46.0,Cz,-12.6861,60.0,90
LOND,lond023,Violation_201,46.0,CP1,12.11261,60.0,90
LOND,lond023,Violation_201,46.0,CP2,-6.175937,60.0,90
LOND,lond023,Violation_201,46.0,P3,2.857074,60.0,90
LOND,lond023,Violation_201,46.0,P4,-3.345047,60.0,90
LOND,lond023,Violation_201,46.0,C3,0.9633608,60.0,90
LOND,lond023,Violation_201,46.0,C4,-11.06988,60.0,90
LOND,lond023,Violation_201,46.0,P7,30.36567,60.0,90
LOND,lond023,Violation_201,46.0,P8,-7.728766,60.0,90
LOND,lond023,Violation_201,46.0,O1,13.53366,60.0,90
LOND,lond023,Violation_201,46.0,O2,0.9814169,60.0,90
LOND,lond023,Violation_201,42.0,Pz,10.25974,50.0,37
LOND,lond023,Violation_201,42.0,Cz,-10.21284,50.0,37
LOND,lond023,Violation_201,42.0,CP1,-18.79187,50.0,37
LOND,lond023,Violation_201,42.0,CP2,-4.62079,50.0,37
LOND,lond023,Violation_201,42.0,P3,-3.146914,50.0,37
LOND,lond023,Violation_201,42.0,P4,-4.210122,50.0,37
LOND,lond023,Violation_201,42.0,C3,-9.661447,50.0,37
LOND,lond023,Violation_201,42.0,C4,-22.51357,50.0,37
LOND,lond023,Violation_201,42.0,P7,1.70342,50.0,37
LOND,lond023,Violation_201,42.0,P8,-5.015379,50.0,37
LOND,lond023,Violation_201,42.0,O1,-3.447994,50.0,37
LOND,lond023,Violation_201,42.0,O2,0.1816923,50.0,37
LOND,lond023,Control_202,73.0,Pz,4.652799,70.0,57
LOND,lond023,Control_202,73.0,Cz,14.99755,70.0,57
LOND,lond023,Control_202,73.0,CP1,-3.508397,70.0,57
LOND,lond023,Control_202,73.0,CP2,14.14722,70.0,57
LOND,lond023,Control_202,73.0,P3,23.77552,70.0,57
LOND,lond023,Control_202,73.0,P4,21.83945,70.0,57
LOND,lond023,Control_202,73.0,C3,12.75599,70.0,57
LOND,lond023,Control_202,73.0,C4,1.797253,70.0,57
LOND,lond023,Control_202,73.0,P7,9.041527,70.0,57
LOND,lond023,Control_202,73.0,P8,12.80033,70.0,57
LOND,lond023,Control_202,73.0,O1,12.69881,70.0,57
LOND,lond023,Control_202,73.0,O2,13.55493,70.0,57
LOND,lond023,Violation_201,74.0,Pz,0.4822727,69.0,93
LOND,lond023,Violation_201,74.0,Cz,-30.63021,69.0,93
LOND,lond023,Violation_201,74.0,CP1,-20.02695,69.0,93
LOND,lond023,Violation_201,74.0,CP2,-7.392025,69.0,93
LOND,lond023,Violation_201,74.0,P3,-14.23396,69.0,93
LOND,lond023,Violation_201,74.0,P4,-7.197371,69.0,93
LOND,lond023,Violation_201,74.0,C3,-9.489795,69.0,93
LOND,lond023,Violation_201,74.0,C4,-12.32392,69.0,93
LOND,lond023,Violation_201,74.0,P7,-29.93724,69.0,93
LOND,lond023,Violation_201,74.0,P8,-9.30584,69.0,93
LOND,lond023,Violation_201,74.0,O1,-6.329745,69.0,93
LOND,lond023,Violation_201,74.0,O2,-2.611691,69.0,93
LOND,lond023,Violation_201,66.0,Pz,11.22844,66.0,23
LOND,lond023,Violation_201,66.0,Cz,-0.9316599,66.0,23
LOND,lond023,Violation_201,66.0,CP1,5.664277,66.0,23
LOND,lond023,Violation_201,66.0,CP2,4.800954,66.0,23
LOND,lond023,Violation_201,66.0,P3,1.761346,66.0,23
LOND,lond023,Violation_201,66.0,P4,5.921588,66.0,23
LOND,lond023,Violation_201,66.0,C3,7.14935,66.0,23
LOND,lond023,Violation_201,66.0,C4,-9.396204,66.0,23
LOND,lond023,Violation_201,66.0,P7,0.6920513,66.0,23
LOND,lond023,Violation_201,66.0,P8,-3.038356,66.0,23
LOND,lond023,Violation_201,66.0,O1,3.932564,66.0,23
LOND,lond023,Violation_201,66.0,O2,5.020322,66.0,23
LOND,lond023,Control_202,77.0,Pz,-2.505488,75.0,60
LOND,lond023,Control_202,77.0,Cz,17.46147,75.0,60
LOND,lond023,Control_202,77.0,CP1,10.6262,75.0,60
LOND,lond023,Control_202,77.0,CP2,-6.622493,75.0,60
LOND,lond023,Control_202,77.0,P3,-8.64535,75.0,60
LOND,lond023,Control_202,77.0,P4,-11.87306,75.0,60
LOND,lond023,Control_202,77.0,C3,12.97723,75.0,60
LOND,lond023,Control_202,77.0,C4,-3.79173,75.0,60
LOND,lond023,Control_202,77.0,P7,-7.811484,75.0,60
LOND,lond023,Control_202,77.0,P8,-3.413028,75.0,60
LOND,lond023,Control_202,77.0,O1,-3.6217,75.0,60
LOND,lond023,Control_202,77.0,O2,-8.402903,75.0,60
LOND,lond023,Control_202,65.0,Pz,-10.31523,74.0,93
LOND,lond023,Control_202,65.0,Cz,-18.69339,74.0,93
LOND,lond023,Control_202,65.0,CP1,3.696652,74.0,93
LOND,lond023,Control_202,65.0,CP2,-16.1662,74.0,93
LOND,lond023,Control_202,65.0,P3,-15.6595,74.0,93
LOND,lond023,Control_202,65.0,P4,-18.35134,74.0,93
LOND,lond023,Control_202,65.0,C3,-15.18831,74.0,93
LOND,lond023,Control_202,65.0,C4,-0.3297421,74.0,93
LOND,lond023,Control_202,65.0,P7,8.770701,74.0,93
LOND,lond023,Control_202,65.0,P8,-13.96219,74.0,93
LOND,lond023,Control_202,65.0,O1,-22.79656,74.0,93
LOND,lond023,Control_202,65.0,O2,-6.051217,74.0,93
LOND,lond023,Violation_201,78.0,Pz,7.416864,64.0,50
LOND,lond023,Violation_201,78.0,Cz,2.438751,64.0,50
LOND,lond023,Violation_201,78.0,CP1,35.07034,64.0,50
LOND,lond023,Violation_201,78.0,CP2,9.811354,64.0,50
LOND,lond023,Violation_201,78.0,P3,3.223929,64.0,50
LOND,lond023,Violation_201,78.0,P4,11.99784,64.0,50
LOND,lond023,Violation_201,78.0,C3,1.963372,64.0,50
LOND,lond023,Violation_201,78.0,C4,20.12731,64.0,50
LOND,lond023,Violation_201,78.0,P7,3.819302,64.0,50
LOND,lond023,Violation_201,78.0,P8,11.74269,64.0,50
LOND,lond023,Violation_201,78.0,O1,10.20055,64.0,50
LOND,lond023,Violation_201,78.0,O2,-1.309953,64.0,50
LOND,lond023,Violation_201,70.0,Pz,4.197348,67.0,87
LOND,lond023,Violation_201,70.0,Cz,2.39898,67.0,87
LOND,lond023,Violation_201,70.0,CP1,-10.15615,67.0,87
LOND,lond023,Violation_201,70.0,CP2,7.46999,67.0,87
LOND,lond023,Violation_201,70.0,P3,-1.50971,67.0,87
LOND,lond023,Violation_201,70.0,P4,6.132574,67.0,87
LOND,lond023,Violation_201,70.0,C3,-1.770941,67.0,87
LOND,lond023,Violation_201,70.0,C4,0.7563415,67.0,87
LOND,lond023,Violation_201,70.0,P7,-4.199956,67.0,87
LOND,lond023,Violation_201,70.0,P8,2.312887,67.0,87
LOND,lond023,Violation_201,70.0,O1,5.121787,67.0,87
LOND,lond023,Violation_201,70.0,O2,-5.094622,67.0,87
LOND,lond023,Control_202,69.0,Pz,-16.47114,72.0,90
LOND,lond023,Control_202,69.0,Cz,-3.474643,72.0,90
LOND,lond023,Control_202,69.0,CP1,2.347186,72.0,90
LOND,lond023,Control_202,69.0,CP2,-5.971536,72.0,90
LOND,lond023,Control_202,69.0,P3,-2.396337,72.0,90
LOND,lond023,Control_202,69.0,P4,-11.11924,72.0,90
LOND,lond023,Control_202,69.0,C3,-1.714148,72.0,90
LOND,lond023,Control_202,69.0,C4,17.67451,72.0,90
LOND,lond023,Control_202,69.0,P7,-9.334336,72.0,90
LOND,lond023,Control_202,69.0,P8,-3.582416,72.0,90
LOND,lond023,Control_202,69.0,O1,-0.740791,72.0,90
LOND,lond023,Control_202,69.0,O2,-9.647899,72.0,90
LOND,lond023,Control_202,61.0,Pz,-3.756473,71.0,90
LOND,lond023,Control_202,61.0,Cz,-5.503095,71.0,90
LOND,lond023,Control_202,61.0,CP1,-14.17065,71.0,90
LOND,lond023,Control_202,61.0,CP2,-5.16081,71.0,90
LOND,lond023,Control_202,61.0,P3,-9.558947,71.0,90
LOND,lond023,Control_202,61.0,P4,-7.624036,71.0,90
LOND,lond023,Control_202,61.0,C3,-1.248331,71.0,90
LOND,lond023,Control_202,61.0,C4,-3.065538,71.0,90
LOND,lond023,Control_202,61.0,P7,-8.40474,71.0,90
LOND,lond023,Control_202,61.0,P8,1.925996,71.0,90
LOND,lond023,Control_202,61.0,O1,2.58353,71.0,90
LOND,lond023,Control_202,61.0,O2,-2.559089,71.0,90
LOND,lond023,Violation_201,62.0,Pz,-23.55556,80.0,97
LOND,lond023,Violation_201,62.0,Cz,-16.71711,80.0,97
LOND,lond023,Violation_201,62.0,CP1,-28.55298,80.0,97
LOND,lond023,Violation_201,62.0,CP2,-13.9165,80.0,97
LOND,lond023,Violation_201,62.0,P3,-12.52206,80.0,97
LOND,lond023,Violation_201,62.0,P4,-7.174433,80.0,97
LOND,lond023,Violation_201,62.0,C3,-7.471692,80.0,97
LOND,lond023,Violation_201,62.0,C4,-24.49572,80.0,97
LOND,lond023,Violation_201,62.0,P7,14.52297,80.0,97
LOND,lond023,Violation_201,62.0,P8,5.671498,80.0,97
LOND,lond023,Violation_201,62.0,O1,-11.35585,80.0,97
LOND,lond023,Violation_201,62.0,O2,-2.769139,80.0,97
LOND,lond024,Violation_201,20.0,Pz,7.579577,11.0,87
LOND,lond024,Violation_201,20.0,Cz,-2.857128,11.0,87
LOND,lond024,Violation_201,20.0,CP1,14.57137,11.0,87
LOND,lond024,Violation_201,20.0,CP2,7.657401,11.0,87
LOND,lond024,Violation_201,20.0,P3,4.996068,11.0,87
LOND,lond024,Violation_201,20.0,P4,16.71453,11.0,87
LOND,lond024,Violation_201,20.0,C3,9.774072,11.0,87
LOND,lond024,Violation_201,20.0,C4,2.265717,11.0,87
LOND,lond024,Violation_201,20.0,P7,10.67159,11.0,87
LOND,lond024,Violation_201,20.0,P8,-6.490348,11.0,87
LOND,lond024,Violation_201,20.0,O1,-4.682587,11.0,87
LOND,lond024,Violation_201,20.0,O2,-27.29226,11.0,87
LOND,lond024,Violation_201,4.0,Pz,42.91248,4.0,93
LOND,lond024,Violation_201,4.0,Cz,8.06041,4.0,93
LOND,lond024,Violation_201,4.0,CP1,40.57874,4.0,93
LOND,lond024,Violation_201,4.0,CP2,49.85159,4.0,93
LOND,lond024,Violation_201,4.0,P3,41.68969,4.0,93
LOND,lond024,Violation_201,4.0,P4,61.20136,4.0,93
LOND,lond024,Violation_201,4.0,C3,48.21502,4.0,93
LOND,lond024,Violation_201,4.0,C4,44.14426,4.0,93
LOND,lond024,Violation_201,4.0,P7,31.08418,4.0,93
LOND,lond024,Violation_201,4.0,P8,32.77973,4.0,93
LOND,lond024,Violation_201,4.0,O1,3.437471,4.0,93
LOND,lond024,Violation_201,4.0,O2,36.69813,4.0,93
LOND,lond024,Violation_201,16.0,Pz,18.17288,5.0,93
LOND,lond024,Violation_201,16.0,Cz,2.553521,5.0,93
LOND,lond024,Violation_201,16.0,CP1,9.502077,5.0,93
LOND,lond024,Violation_201,16.0,CP2,16.28348,5.0,93
LOND,lond024,Violation_201,16.0,P3,18.69551,5.0,93
LOND,lond024,Violation_201,16.0,P4,19.99662,5.0,93
LOND,lond024,Violation_201,16.0,C3,27.72371,5.0,93
LOND,lond024,Violation_201,16.0,C4,1.167979,5.0,93
LOND,lond024,Violation_201,16.0,P7,20.29817,5.0,93
LOND,lond024,Violation_201,16.0,P8,13.88719,5.0,93
LOND,lond024,Violation_201,16.0,O1,8.91801,5.0,93
LOND,lond024,Violation_201,16.0,O2,23.41396,5.0,93
LOND,lond024,Violation_201,8.0,Pz,-10.68116,2.0,100
LOND,lond024,Violation_201,8.0,Cz,-14.75008,2.0,100
LOND,lond024,Violation_201,8.0,CP1,-12.41763,2.0,100
LOND,lond024,Violation_201,8.0,CP2,-11.38212,2.0,100
LOND,lond024,Violation_201,8.0,P3,-1.312224,2.0,100
LOND,lond024,Violation_201,8.0,P4,-13.16796,2.0,100
LOND,lond024,Violation_201,8.0,C3,-10.19572,2.0,100
LOND,lond024,Violation_201,8.0,C4,1.024146,2.0,100
LOND,lond024,Violation_201,8.0,P7,-5.874558,2.0,100
LOND,lond024,Violation_201,8.0,P8,-9.843379,2.0,100
LOND,lond024,Violation_201,8.0,O1,-15.92731,2.0,100
LOND,lond024,Violation_201,8.0,O2,-50.19704,2.0,100
LOND,lond024,Control_202,3.0,Pz,-7.884249,17.0,62
LOND,lond024,Control_202,3.0,Cz,-39.87218,17.0,62
LOND,lond024,Control_202,3.0,CP1,-16.54845,17.0,62
LOND,lond024,Control_202,3.0,CP2,-5.975135,17.0,62
LOND,lond024,Control_202,3.0,P3,8.510258,17.0,62
LOND,lond024,Control_202,3.0,P4,15.05984,17.0,62
LOND,lond024,Control_202,3.0,C3,-13.49906,17.0,62
LOND,lond024,Control_202,3.0,C4,30.35789,17.0,62
LOND,lond024,Control_202,3.0,P7,15.93112,17.0,62
LOND,lond024,Control_202,3.0,P8,28.48232,17.0,62
LOND,lond024,Control_202,3.0,O1,11.6752,17.0,62
LOND,lond024,Control_202,3.0,O2,47.3129,17.0,62
LOND,lond024,Control_202,19.0,Pz,2.025776,14.0,90
LOND,lond024,Control_202,19.0,Cz,-18.3407,14.0,90
LOND,lond024,Control_202,19.0,CP1,-10.7128,14.0,90
LOND,lond024,Control_202,19.0,CP2,1.928113,14.0,90
LOND,lond024,Control_202,19.0,P3,-3.180639,14.0,90
LOND,lond024,Control_202,19.0,P4,-36.17753,14.0,90
LOND,lond024,Control_202,19.0,C3,-1.259503,14.0,90
LOND,lond024,Control_202,19.0,C4,-14.10565,14.0,90
LOND,lond024,Control_202,19.0,P7,-2.211708,14.0,90
LOND,lond024,Control_202,19.0,P8,4.491544,14.0,90
LOND,lond024,Control_202,19.0,O1,2.047084,14.0,90
LOND,lond024,Control_202,19.0,O2,-21.52002,14.0,90
LOND,lond024,Control_202,15.0,Pz,0.2333583,15.0,90
LOND,lond024,Control_202,15.0,Cz,-6.932336,15.0,90
LOND,lond024,Control_202,15.0,CP1,4.923468,15.0,90
LOND,lond024,Control_202,15.0,CP2,-9.246221,15.0,90
LOND,lond024,Control_202,15.0,P3,-5.264711,15.0,90
LOND,lond024,Control_202,15.0,P4,-27.26349,15.0,90
LOND,lond024,Control_202,15.0,C3,-17.54469,15.0,90
LOND,lond024,Control_202,15.0,C4,-19.69552,15.0,90
LOND,lond024,Control_202,15.0,P7,-11.89241,15.0,90
LOND,lond024,Control_202,15.0,P8,6.626277,15.0,90
LOND,lond024,Control_202,15.0,O1,23.92861,15.0,90
LOND,lond024,Control_202,15.0,O2,5.987099,15.0,90
LOND,lond024,Control_202,11.0,Pz,4.869516,8.0,97
LOND,lond024,Control_202,11.0,Cz,-6.851256,8.0,97
LOND,lond024,Control_202,11.0,CP1,-14.65851,8.0,97
LOND,lond024,Control_202,11.0,CP2,9.331187,8.0,97
LOND,lond024,Control_202,11.0,P3,-15.92014,8.0,97
LOND,lond024,Control_202,11.0,P4,-15.52601,8.0,97
LOND,lond024,Control_202,11.0,C3,7.119468,8.0,97
LOND,lond024,Control_202,11.0,C4,7.241491,8.0,97
LOND,lond024,Control_202,11.0,P7,-6.584382,8.0,97
LOND,lond024,Control_202,11.0,P8,-5.630595,8.0,97
LOND,lond024,Control_202,11.0,O1,-19.68966,8.0,97
LOND,lond024,Control_202,11.0,O2,1.500103,8.0,97
LOND,lond024,Violation_201,32.0,Pz,13.505,22.0,53
LOND,lond024,Violation_201,32.0,Cz,3.731616,22.0,53
LOND,lond024,Violation_201,32.0,CP1,-5.909902,22.0,53
LOND,lond024,Violation_201,32.0,CP2,7.909182,22.0,53
LOND,lond024,Violation_201,32.0,P3,0.3469814,22.0,53
LOND,lond024,Violation_201,32.0,P4,50.2112,22.0,53
LOND,lond024,Violation_201,32.0,C3,-5.166914,22.0,53
LOND,lond024,Violation_201,32.0,C4,-8.313834,22.0,53
LOND,lond024,Violation_201,32.0,P7,-1.135004,22.0,53
LOND,lond024,Violation_201,32.0,P8,-11.04246,22.0,53
LOND,lond024,Violation_201,32.0,O1,-9.454493,22.0,53
LOND,lond024,Violation_201,32.0,O2,-18.36097,22.0,53
LOND,lond024,Violation_201,24.0,Pz,28.86642,30.0,90
LOND,lond024,Violation_201,24.0,Cz,29.20846,30.0,90
LOND,lond024,Violation_201,24.0,CP1,31.72173,30.0,90
LOND,lond024,Violation_201,24.0,CP2,32.89895,30.0,90
LOND,lond024,Violation_201,24.0,P3,16.29302,30.0,90
LOND,lond024,Violation_201,24.0,P4,15.8865,30.0,90
LOND,lond024,Violation_201,24.0,C3,25.77204,30.0,90
LOND,lond024,Violation_201,24.0,C4,16.30563,30.0,90
LOND,lond024,Violation_201,24.0,P7,5.899821,30.0,90
LOND,lond024,Violation_201,24.0,P8,10.45631,30.0,90
LOND,lond024,Violation_201,24.0,O1,3.361884,30.0,90
LOND,lond024,Violation_201,24.0,O2,22.25693,30.0,90
LOND,lond024,Control_202,23.0,Pz,-10.60346,23.0,93
LOND,lond024,Control_202,23.0,Cz,16.09635,23.0,93
LOND,lond024,Control_202,23.0,CP1,-5.971211,23.0,93
LOND,lond024,Control_202,23.0,CP2,-9.164167,23.0,93
LOND,lond024,Control_202,23.0,P3,-18.97631,23.0,93
LOND,lond024,Control_202,23.0,P4,-24.37707,23.0,93
LOND,lond024,Control_202,23.0,C3,-5.725541,23.0,93
LOND,lond024,Control_202,23.0,C4,-13.37514,23.0,93
LOND,lond024,Control_202,23.0,P7,-13.97105,23.0,93
LOND,lond024,Control_202,23.0,P8,-21.16664,23.0,93
LOND,lond024,Control_202,23.0,O1,-34.00852,23.0,93
LOND,lond024,Control_202,23.0,O2,-53.39022,23.0,93
LOND,lond024,Control_202,27.0,Pz,-2.873396,27.0,97
LOND,lond024,Control_202,27.0,Cz,-21.78824,27.0,97
LOND,lond024,Control_202,27.0,CP1,-24.58997,27.0,97
LOND,lond024,Control_202,27.0,CP2,-8.255333,27.0,97
LOND,lond024,Control_202,27.0,P3,3.624951,27.0,97
LOND,lond024,Control_202,27.0,P4,32.62515,27.0,97
LOND,lond024,Control_202,27.0,C3,-2.121662,27.0,97
LOND,lond024,Control_202,27.0,C4,8.615935,27.0,97
LOND,lond024,Control_202,27.0,P7,-7.750299,27.0,97
LOND,lond024,Control_202,27.0,P8,-3.289487,27.0,97
LOND,lond024,Control_202,27.0,O1,-1.447742,27.0,97
LOND,lond024,Control_202,27.0,O2,31.78547,27.0,97
LOND,lond024,Control_202,35.0,Pz,6.305561,21.0,77
LOND,lond024,Control_202,35.0,Cz,-13.31383,21.0,77
LOND,lond024,Control_202,35.0,CP1,-7.602051,21.0,77
LOND,lond024,Control_202,35.0,CP2,-1.770049,21.0,77
LOND,lond024,Control_202,35.0,P3,-9.39061,21.0,77
LOND,lond024,Control_202,35.0,P4,9.111929,21.0,77
LOND,lond024,Control_202,35.0,C3,9.048511,21.0,77
LOND,lond024,Control_202,35.0,C4,-12.71854,21.0,77
LOND,lond024,Control_202,35.0,P7,-12.09514,21.0,77
LOND,lond024,Control_202,35.0,P8,7.422544,21.0,77
LOND,lond024,Control_202,35.0,O1,-17.10491,21.0,77
LOND,lond024,Control_202,35.0,O2,-48.8144,21.0,77
LOND,lond024,Violation_201,28.0,Pz,16.11059,25.0,97
LOND,lond024,Violation_201,28.0,Cz,-7.842282,25.0,97
LOND,lond024,Violation_201,28.0,CP1,-7.052244,25.0,97
LOND,lond024,Violation_201,28.0,CP2,18.21313,25.0,97
LOND,lond024,Violation_201,28.0,P3,-7.610442,25.0,97
LOND,lond024,Violation_201,28.0,P4,-35.36271,25.0,97
LOND,lond024,Violation_201,28.0,C3,18.78716,25.0,97
LOND,lond024,Violation_201,28.0,C4,-25.35087,25.0,97
LOND,lond024,Violation_201,28.0,P7,-5.273604,25.0,97
LOND,lond024,Violation_201,28.0,P8,-24.60031,25.0,97
LOND,lond024,Violation_201,28.0,O1,-29.95761,25.0,97
LOND,lond024,Violation_201,28.0,O2,5.36245,25.0,97
LOND,lond024,Violation_201,40.0,Pz,36.20274,26.0,87
LOND,lond024,Violation_201,40.0,Cz,30.21558,26.0,87
LOND,lond024,Violation_201,40.0,CP1,37.33611,26.0,87
LOND,lond024,Violation_201,40.0,CP2,33.23386,26.0,87
LOND,lond024,Violation_201,40.0,P3,11.14435,26.0,87
LOND,lond024,Violation_201,40.0,P4,20.19165,26.0,87
LOND,lond024,Violation_201,40.0,C3,21.41862,26.0,87
LOND,lond024,Violation_201,40.0,C4,-8.491131,26.0,87
LOND,lond024,Violation_201,40.0,P7,20.88215,26.0,87
LOND,lond024,Violation_201,40.0,P8,2.915763,26.0,87
LOND,lond024,Violation_201,40.0,O1,29.71767,26.0,87
LOND,lond024,Violation_201,40.0,O2,-19.74146,26.0,87
LOND,lond024,Violation_201,36.0,Pz,0.9199974,39.0,97
LOND,lond024,Violation_201,36.0,Cz,42.7292,39.0,97
LOND,lond024,Violation_201,36.0,CP1,13.62821,39.0,97
LOND,lond024,Violation_201,36.0,CP2,4.874388,39.0,97
LOND,lond024,Violation_201,36.0,P3,-9.870807,39.0,97
LOND,lond024,Violation_201,36.0,P4,30.29681,39.0,97
LOND,lond024,Violation_201,36.0,C3,2.60818,39.0,97
LOND,lond024,Violation_201,36.0,C4,-5.605563,39.0,97
LOND,lond024,Violation_201,36.0,P7,-3.81963,39.0,97
LOND,lond024,Violation_201,36.0,P8,2.212805,39.0,97
LOND,lond024,Violation_201,36.0,O1,-1.040147,39.0,97
LOND,lond024,Violation_201,36.0,O2,-21.49026,39.0,97
LOND,lond024,Control_202,31.0,Pz,17.08689,28.0,27
LOND,lond024,Control_202,31.0,Cz,5.472425,28.0,27
LOND,lond024,Control_202,31.0,CP1,13.08948,28.0,27
LOND,lond024,Control_202,31.0,CP2,20.45788,28.0,27
LOND,lond024,Control_202,31.0,P3,-11.24473,28.0,27
LOND,lond024,Control_202,31.0,P4,15.42863,28.0,27
LOND,lond024,Control_202,31.0,C3,15.10381,28.0,27
LOND,lond024,Control_202,31.0,C4,-6.143081,28.0,27
LOND,lond024,Control_202,31.0,P7,-2.628308,28.0,27
LOND,lond024,Control_202,31.0,P8,8.324232,28.0,27
LOND,lond024,Control_202,31.0,O1,-11.75321,28.0,27
LOND,lond024,Control_202,31.0,O2,-19.84255,28.0,27
LOND,lond024,Violation_201,56.0,Pz,-3.181531,46.0,63
LOND,lond024,Violation_201,56.0,Cz,-35.03693,46.0,63
LOND,lond024,Violation_201,56.0,CP1,-29.39557,46.0,63
LOND,lond024,Violation_201,56.0,CP2,-5.271929,46.0,63
LOND,lond024,Violation_201,56.0,P3,-2.66368,46.0,63
LOND,lond024,Violation_201,56.0,P4,7.260092,46.0,63
LOND,lond024,Violation_201,56.0,C3,5.180679,46.0,63
LOND,lond024,Violation_201,56.0,C4,31.88682,46.0,63
LOND,lond024,Violation_201,56.0,P7,-2.766252,46.0,63
LOND,lond024,Violation_201,56.0,P8,6.892241,46.0,63
LOND,lond024,Violation_201,56.0,O1,-4.5452,46.0,63
LOND,lond024,Violation_201,56.0,O2,-5.018265,46.0,63
LOND,lond024,Control_202,59.0,Pz,23.10169,49.0,40
LOND,lond024,Control_202,59.0,Cz,-10.55819,49.0,40
LOND,lond024,Control_202,59.0,CP1,-1.347596,49.0,40
LOND,lond024,Control_202,59.0,CP2,25.1347,49.0,40
LOND,lond024,Control_202,59.0,P3,0.9259497,49.0,40
LOND,lond024,Control_202,59.0,P4,4.488702,49.0,40
LOND,lond024,Control_202,59.0,C3,29.30056,49.0,40
LOND,lond024,Control_202,59.0,C4,2.915903,49.0,40
LOND,lond024,Control_202,59.0,P7,9.299223,49.0,40
LOND,lond024,Control_202,59.0,P8,5.321708,49.0,40
LOND,lond024,Control_202,59.0,O1,1.206522,49.0,40
LOND,lond024,Control_202,59.0,O2,29.75347,49.0,40
LOND,lond024,Control_202,44.0,Pz,-8.108589,50.0,37
LOND,lond024,Control_202,44.0,Cz,11.98777,50.0,37
LOND,lond024,Control_202,44.0,CP1,14.38408,50.0,37
LOND,lond024,Control_202,44.0,CP2,-6.040502,50.0,37
LOND,lond024,Control_202,44.0,P3,-14.387,50.0,37
LOND,lond024,Control_202,44.0,P4,-42.33683,50.0,37
LOND,lond024,Control_202,44.0,C3,-4.711978,50.0,37
LOND,lond024,Control_202,44.0,C4,-0.05739813,50.0,37
LOND,lond024,Control_202,44.0,P7,0.4272549,50.0,37
LOND,lond024,Control_202,44.0,P8,-19.01171,50.0,37
LOND,lond024,Control_202,44.0,O1,10.93706,50.0,37
LOND,lond024,Control_202,44.0,O2,-13.17851,50.0,37
LOND,lond024,Violation_201,43.0,Pz,-2.619124,44.0,90
LOND,lond024,Violation_201,43.0,Cz,19.2446,44.0,90
LOND,lond024,Violation_201,43.0,CP1,-1.253425,44.0,90
LOND,lond024,Violation_201,43.0,CP2,2.211972,44.0,90
LOND,lond024,Violation_201,43.0,P3,-16.09282,44.0,90
LOND,lond024,Violation_201,43.0,P4,-13.17992,44.0,90
LOND,lond024,Violation_201,43.0,C3,-4.695886,44.0,90
LOND,lond024,Violation_201,43.0,C4,-5.51504,44.0,90
LOND,lond024,Violation_201,43.0,P7,-1.292535,44.0,90
LOND,lond024,Violation_201,43.0,P8,-12.16373,44.0,90
LOND,lond024,Violation_201,43.0,O1,-22.74141,44.0,90
LOND,lond024,Violation_201,43.0,O2,9.021271,44.0,90
LOND,lond024,Violation_201,52.0,Pz,10.20693,51.0,90
LOND,lond024,Violation_201,52.0,Cz,-14.19297,51.0,90
LOND,lond024,Violation_201,52.0,CP1,1.768243,51.0,90
LOND,lond024,Violation_201,52.0,CP2,1.112791,51.0,90
LOND,lond024,Violation_201,52.0,P3,21.26793,51.0,90
LOND,lond024,Violation_201,52.0,P4,12.31495,51.0,90
LOND,lond024,Violation_201,52.0,C3,-14.11548,51.0,90
LOND,lond024,Violation_201,52.0,C4,14.89271,51.0,90
LOND,lond024,Violation_201,52.0,P7,2.222456,51.0,90
LOND,lond024,Violation_201,52.0,P8,19.94465,51.0,90
LOND,lond024,Violation_201,52.0,O1,-18.29003,51.0,90
LOND,lond024,Violation_201,52.0,O2,20.97129,51.0,90
LOND,lond024,Violation_201,60.0,Pz,-0.2871118,53.0,93
LOND,lond024,Violation_201,60.0,Cz,-15.59829,53.0,93
LOND,lond024,Violation_201,60.0,CP1,-0.06399569,53.0,93
LOND,lond024,Violation_201,60.0,CP2,-6.998875,53.0,93
LOND,lond024,Violation_201,60.0,P3,-6.674556,53.0,93
LOND,lond024,Violation_201,60.0,P4,-24.14375,53.0,93
LOND,lond024,Violation_201,60.0,C3,23.07467,53.0,93
LOND,lond024,Violation_201,60.0,C4,-19.12881,53.0,93
LOND,lond024,Violation_201,60.0,P7,-1.598823,53.0,93
LOND,lond024,Violation_201,60.0,P8,-11.35837,53.0,93
LOND,lond024,Violation_201,60.0,O1,0.8099946,53.0,93
LOND,lond024,Violation_201,60.0,O2,-30.2307,53.0,93
LOND,lond024,Control_202,47.0,Pz,7.794735,52.0,87
LOND,lond024,Control_202,47.0,Cz,37.24446,52.0,87
LOND,lond024,Control_202,47.0,CP1,21.69632,52.0,87
LOND,lond024,Control_202,47.0,CP2,6.885907,52.0,87
LOND,lond024,Control_202,47.0,P3,14.55816,52.0,87
LOND,lond024,Control_202,47.0,P4,9.932728,52.0,87
LOND,lond024,Control_202,47.0,C3,11.64295,52.0,87
LOND,lond024,Control_202,47.0,C4,-0.2506434,52.0,87
LOND,lond024,Control_202,47.0,P7,4.040513,52.0,87
LOND,lond024,Control_202,47.0,P8,-11.49541,52.0,87
LOND,lond024,Control_202,47.0,O1,-14.58825,52.0,87
LOND,lond024,Control_202,47.0,O2,9.351059,52.0,87
LOND,lond024,Control_202,51.0,Pz,28.68332,47.0,100
LOND,lond024,Control_202,51.0,Cz,9.048368,47.0,100
LOND,lond024,Control_202,51.0,CP1,13.28375,47.0,100
LOND,lond024,Control_202,51.0,CP2,41.2931,47.0,100
LOND,lond024,Control_202,51.0,P3,14.12543,47.0,100
LOND,lond024,Control_202,51.0,P4,55.13331,47.0,100
LOND,lond024,Control_202,51.0,C3,30.28657,47.0,100
LOND,lond024,Control_202,51.0,C4,21.40293,47.0,100
LOND,lond024,Control_202,51.0,P7,9.336805,47.0,100
LOND,lond024,Control_202,51.0,P8,17.97827,47.0,100
LOND,lond024,Control_202,51.0,O1,-21.68563,47.0,100
LOND,lond024,Control_202,51.0,O2,42.14579,47.0,100
LOND,lond024,Violation_201,48.0,Pz,29.0506,58.0,73
LOND,lond024,Violation_201,48.0,Cz,8.150467,58.0,73
LOND,lond024,Violation_201,48.0,CP1,8.401684,58.0,73
LOND,lond024,Violation_201,48.0,CP2,31.50706,58.0,73
LOND,lond024,Violation_201,48.0,P3,5.439768,58.0,73
LOND,lond024,Violation_201,48.0,P4,-17.44297,58.0,73
LOND,lond024,Violation_201,48.0,C3,32.3287,58.0,73
LOND,lond024,Violation_201,48.0,C4,20.6002,58.0,73
LOND,lond024,Violation_201,48.0,P7,-5.037626,58.0,73
LOND,lond024,Violation_201,48.0,P8,6.169051,58.0,73
LOND,lond024,Violation_201,48.0,O1,5.812096,58.0,73
LOND,lond024,Violation_201,48.0,O2,10.43394,58.0,73
LOND,lond024,Control_202,55.0,Pz,-0.5085379,48.0,87
LOND,lond024,Control_202,55.0,Cz,-12.47174,48.0,87
LOND,lond024,Control_202,55.0,CP1,-1.923713,48.0,87
LOND,lond024,Control_202,55.0,CP2,3.536482,48.0,87
LOND,lond024,Control_202,55.0,P3,-10.79956,48.0,87
LOND,lond024,Control_202,55.0,P4,-16.87811,48.0,87
LOND,lond024,Control_202,55.0,C3,-24.87207,48.0,87
LOND,lond024,Control_202,55.0,C4,-2.202716,48.0,87
LOND,lond024,Control_202,55.0,P7,-18.12093,48.0,87
LOND,lond024,Control_202,55.0,P8,-9.961722,48.0,87
LOND,lond024,Control_202,55.0,O1,2.661332,48.0,87
LOND,lond024,Control_202,55.0,O2,-6.411278,48.0,87
LOND,lond024,Control_202,75.0,Pz,16.3056,77.0,100
LOND,lond024,Control_202,75.0,Cz,39.70163,77.0,100
LOND,lond024,Control_202,75.0,CP1,18.27868,77.0,100
LOND,lond024,Control_202,75.0,CP2,39.19773,77.0,100
LOND,lond024,Control_202,75.0,P3,19.58697,77.0,100
LOND,lond024,Control_202,75.0,P4,-1.27225,77.0,100
LOND,lond024,Control_202,75.0,C3,23.57072,77.0,100
LOND,lond024,Control_202,75.0,C4,14.02838,77.0,100
LOND,lond024,Control_202,75.0,P7,7.239448,77.0,100
LOND,lond024,Control_202,75.0,P8,21.14038,77.0,100
LOND,lond024,Control_202,75.0,O1,-34.24414,77.0,100
LOND,lond024,Control_202,75.0,O2,4.353048,77.0,100
LOND,lond024,Violation_201,72.0,Pz,-8.243742,80.0,97
LOND,lond024,Violation_201,72.0,Cz,-9.251075,80.0,97
LOND,lond024,Violation_201,72.0,CP1,2.474215,80.0,97
LOND,lond024,Violation_201,72.0,CP2,-4.335221,80.0,97
LOND,lond024,Violation_201,72.0,P3,-11.85954,80.0,97
LOND,lond024,Violation_201,72.0,P4,-17.78265,80.0,97
LOND,lond024,Violation_201,72.0,C3,-15.91094,80.0,97
LOND,lond024,Violation_201,72.0,C4,-11.13977,80.0,97
LOND,lond024,Violation_201,72.0,P7,-21.44798,80.0,97
LOND,lond024,Violation_201,72.0,P8,-20.17848,80.0,97
LOND,lond024,Violation_201,72.0,O1,-25.38546,80.0,97
LOND,lond024,Violation_201,72.0,O2,-17.93095,80.0,97
LOND,lond024,Violation_201,76.0,Pz,-6.373977,70.0,57
LOND,lond024,Violation_201,76.0,Cz,10.53442,70.0,57
LOND,lond024,Violation_201,76.0,CP1,-4.630415,70.0,57
LOND,lond024,Violation_201,76.0,CP2,-1.683397,70.0,57
LOND,lond024,Violation_201,76.0,P3,-17.14574,70.0,57
LOND,lond024,Violation_201,76.0,P4,-21.71545,70.0,57
LOND,lond024,Violation_201,76.0,C3,-12.57705,70.0,57
LOND,lond024,Violation_201,76.0,C4,9.057395,70.0,57
LOND,lond024,Violation_201,76.0,P7,-18.15289,70.0,57
LOND,lond024,Violation_201,76.0,P8,0.260363,70.0,57
LOND,lond024,Violation_201,76.0,O1,22.85907,70.0,57
LOND,lond024,Violation_201,76.0,O2,6.649962,70.0,57
LOND,lond024,Violation_201,80.0,Pz,8.234666,62.0,70
LOND,lond024,Violation_201,80.0,Cz,-37.96295,62.0,70
LOND,lond024,Violation_201,80.0,CP1,-29.77593,62.0,70
LOND,lond024,Violation_201,80.0,CP2,0.6045151,62.0,70
LOND,lond024,Violation_201,80.0,P3,13.69295,62.0,70
LOND,lond024,Violation_201,80.0,P4,-31.89736,62.0,70
LOND,lond024,Violation_201,80.0,C3,25.23735,62.0,70
LOND,lond024,Violation_201,80.0,C4,-5.634577,62.0,70
LOND,lond024,Violation_201,80.0,P7,-1.352203,62.0,70
LOND,lond024,Violation_201,80.0,P8,15.60546,62.0,70
LOND,lond024,Violation_201,80.0,O1,-11.95186,62.0,70
LOND,lond024,Violation_201,80.0,O2,-11.7602,62.0,70
LOND,lond024,Control_202,79.0,Pz,8.76436,68.0,27
LOND,lond024,Control_202,79.0,Cz,-18.78149,68.0,27
LOND,lond024,Control_202,79.0,CP1,-9.107176,68.0,27
LOND,lond024,Control_202,79.0,CP2,3.78575,68.0,27
LOND,lond024,Control_202,79.0,P3,-4.698657,68.0,27
LOND,lond024,Control_202,79.0,P4,-1.132605,68.0,27
LOND,lond024,Control_202,79.0,C3,-9.523092,68.0,27
LOND,lond024,Control_202,79.0,C4,26.65929,68.0,27
LOND,lond024,Control_202,79.0,P7,-9.873916,68.0,27
LOND,lond024,Control_202,79.0,P8,-0.7660089,68.0,27
LOND,lond024,Control_202,79.0,O1,4.187506,68.0,27
LOND,lond024,Control_202,79.0,O2,25.37311,68.0,27
LOND,lond024,Control_202,67.0,Pz,2.007131,69.0,93
LOND,lond024,Control_202,67.0,Cz,9.477704,69.0,93
LOND,lond024,Control_202,67.0,CP1,7.879065,69.0,93
LOND,lond024,Control_202,67.0,CP2,-1.761562,69.0,93
LOND,lond024,Control_202,67.0,P3,-3.64228,69.0,93
LOND,lond024,Control_202,67.0,P4,3.534381,69.0,93
LOND,lond024,Control_202,67.0,C3,-3.900195,69.0,93
LOND,lond024,Control_202,67.0,C4,0.9081715,69.0,93
LOND,lond024,Control_202,67.0,P7,4.794051,69.0,93
LOND,lond024,Control_202,67.0,P8,22.28151,69.0,93
LOND,lond024,Control_202,67.0,O1,-11.32062,69.0,93
LOND,lond024,Control_202,67.0,O2,53.67345,69.0,93
LOND,lond024,Control_202,63.0,Pz,27.10621,75.0,60
LOND,lond024,Control_202,63.0,Cz,-4.865962,75.0,60
LOND,lond024,Control_202,63.0,CP1,7.147863,75.0,60
LOND,lond024,Control_202,63.0,CP2,32.01889,75.0,60
LOND,lond024,Control_202,63.0,P3,4.125557,75.0,60
LOND,lond024,Control_202,63.0,P4,32.68607,75.0,60
LOND,lond024,Control_202,63.0,C3,30.82695,75.0,60
LOND,lond024,Control_202,63.0,C4,32.9012,75.0,60
LOND,lond024,Control_202,63.0,P7,13.18756,75.0,60
LOND,lond024,Control_202,63.0,P8,14.40045,75.0,60
LOND,lond024,Control_202,63.0,O1,30.84986,75.0,60
LOND,lond024,Control_202,63.0,O2,47.52733,75.0,60
LOND,lond024,Control_202,71.0,Pz,-12.17275,73.0,80
LOND,lond024,Control_202,71.0,Cz,12.56557,73.0,80
LOND,lond024,Control_202,71.0,CP1,-0.7950267,73.0,80
LOND,lond024,Control_202,71.0,CP2,-12.60006,73.0,80
LOND,lond024,Control_202,71.0,P3,-12.65137,73.0,80
LOND,lond024,Control_202,71.0,P4,-9.511098,73.0,80
LOND,lond024,Control_202,71.0,C3,-15.07158,73.0,80
LOND,lond024,Control_202,71.0,C4,-11.9155,73.0,80
LOND,lond024,Control_202,71.0,P7,-2.614186,73.0,80
LOND,lond024,Control_202,71.0,P8,4.0253,73.0,80
LOND,lond024,Control_202,71.0,O1,-0.7751675,73.0,80
LOND,lond024,Control_202,71.0,O2,-27.79364,73.0,80
LOND,lond025,Violation_201,4.0,Pz,-24.22434,10.0,80
LOND,lond025,Violation_201,4.0,Cz,-32.25002,10.0,80
LOND,lond025,Violation_201,4.0,CP1,-47.17191,10.0,80
LOND,lond025,Violation_201,4.0,CP2,-36.56681,10.0,80
LOND,lond025,Violation_201,4.0,P3,-28.83488,10.0,80
LOND,lond025,Violation_201,4.0,P4,-14.51851,10.0,80
LOND,lond025,Violation_201,4.0,C3,-47.64262,10.0,80
LOND,lond025,Violation_201,4.0,C4,-30.91637,10.0,80
LOND,lond025,Violation_201,4.0,P7,-29.89808,10.0,80
LOND,lond025,Violation_201,4.0,P8,-24.0939,10.0,80
LOND,lond025,Violation_201,4.0,O1,-27.20167,10.0,80
LOND,lond025,Violation_201,4.0,O2,-30.16811,10.0,80
LOND,lond025,Control_202,7.0,Pz,-4.916915,1.0,97
LOND,lond025,Control_202,7.0,Cz,-12.00649,1.0,97
LOND,lond025,Control_202,7.0,CP1,-12.38792,1.0,97
LOND,lond025,Control_202,7.0,CP2,-5.813391,1.0,97
LOND,lond025,Control_202,7.0,P3,9.10434,1.0,97
LOND,lond025,Control_202,7.0,P4,-7.335724,1.0,97
LOND,lond025,Control_202,7.0,C3,-7.463305,1.0,97
LOND,lond025,Control_202,7.0,C4,-6.929548,1.0,97
LOND,lond025,Control_202,7.0,P7,-1.97956,1.0,97
LOND,lond025,Control_202,7.0,P8,-12.64187,1.0,97
LOND,lond025,Control_202,7.0,O1,-11.14549,1.0,97
LOND,lond025,Control_202,7.0,O2,-12.88882,1.0,97
LOND,lond025,Violation_201,8.0,Pz,-8.557387,19.0,100
LOND,lond025,Violation_201,8.0,Cz,-29.34846,19.0,100
LOND,lond025,Violation_201,8.0,CP1,-14.61309,19.0,100
LOND,lond025,Violation_201,8.0,CP2,-25.54479,19.0,100
LOND,lond025,Violation_201,8.0,P3,-6.925982,19.0,100
LOND,lond025,Violation_201,8.0,P4,-17.30691,19.0,100
LOND,lond025,Violation_201,8.0,C3,-20.09686,19.0,100
LOND,lond025,Violation_201,8.0,C4,-22.11853,19.0,100
LOND,lond025,Violation_201,8.0,P7,-9.525522,19.0,100
LOND,lond025,Violation_201,8.0,P8,-6.625854,19.0,100
LOND,lond025,Violation_201,8.0,O1,-9.754542,19.0,100
LOND,lond025,Violation_201,8.0,O2,-11.08194,19.0,100
LOND,lond025,Control_202,19.0,Pz,-6.644931,20.0,90
LOND,lond025,Control_202,19.0,Cz,-14.94289,20.0,90
LOND,lond025,Control_202,19.0,CP1,-1.364074,20.0,90
LOND,lond025,Control_202,19.0,CP2,0.6059361,20.0,90
LOND,lond025,Control_202,19.0,P3,8.229074,20.0,90
LOND,lond025,Control_202,19.0,P4,-6.022269,20.0,90
LOND,lond025,Control_202,19.0,C3,7.551397,20.0,90
LOND,lond025,Control_202,19.0,C4,-9.305399,20.0,90
LOND,lond025,Control_202,19.0,P7,13.69481,20.0,90
LOND,lond025,Control_202,19.0,P8,-6.610189,20.0,90
LOND,lond025,Control_202,19.0,O1,2.445626,20.0,90
LOND,lond025,Control_202,19.0,O2,-3.340024,20.0,90
LOND,lond025,Control_202,15.0,Pz,9.297389,13.0,97
LOND,lond025,Control_202,15.0,Cz,22.44834,13.0,97
LOND,lond025,Control_202,15.0,CP1,41.49946,13.0,97
LOND,lond025,Control_202,15.0,CP2,19.80951,13.0,97
LOND,lond025,Control_202,15.0,P3,16.29784,13.0,97
LOND,lond025,Control_202,15.0,P4,17.50901,13.0,97
LOND,lond025,Control_202,15.0,C3,27.27202,13.0,97
LOND,lond025,Control_202,15.0,C4,9.513729,13.0,97
LOND,lond025,Control_202,15.0,P7,12.05181,13.0,97
LOND,lond025,Control_202,15.0,P8,5.923934,13.0,97
LOND,lond025,Control_202,15.0,O1,5.560484,13.0,97
LOND,lond025,Control_202,15.0,O2,4.71315,13.0,97
LOND,lond025,Control_202,11.0,Pz,-13.34679,15.0,90
LOND,lond025,Control_202,11.0,Cz,-5.025227,15.0,90
LOND,lond025,Control_202,11.0,CP1,-8.816282,15.0,90
LOND,lond025,Control_202,11.0,CP2,-15.95075,15.0,90
LOND,lond025,Control_202,11.0,P3,-8.438553,15.0,90
LOND,lond025,Control_202,11.0,P4,-4.495437,15.0,90
LOND,lond025,Control_202,11.0,C3,-1.296228,15.0,90
LOND,lond025,Control_202,11.0,C4,-8.023582,15.0,90
LOND,lond025,Control_202,11.0,P7,-1.715483,15.0,90
LOND,lond025,Control_202,11.0,P8,-11.43154,15.0,90
LOND,lond025,Control_202,11.0,O1,4.688074,15.0,90
LOND,lond025,Control_202,11.0,O2,-25.46906,15.0,90
LOND,lond025,Violation_201,16.0,Pz,10.65875,16.0,93
LOND,lond025,Violation_201,16.0,Cz,7.095609,16.0,93
LOND,lond025,Violation_201,16.0,CP1,6.592049,16.0,93
LOND,lond025,Violation_201,16.0,CP2,10.25763,16.0,93
LOND,lond025,Violation_201,16.0,P3,-4.732176,16.0,93
LOND,lond025,Violation_201,16.0,P4,0.2307581,16.0,93
LOND,lond025,Violation_201,16.0,C3,11.73264,16.0,93
LOND,lond025,Violation_201,16.0,C4,6.436638,16.0,93
LOND,lond025,Violation_201,16.0,P7,11.17599,16.0,93
LOND,lond025,Violation_201,16.0,P8,7.095757,16.0,93
LOND,lond025,Violation_201,16.0,O1,-43.25777,16.0,93
LOND,lond025,Violation_201,16.0,O2,-44.45542,16.0,93
LOND,lond025,Control_202,3.0,Pz,-38.21365,4.0,93
LOND,lond025,Control_202,3.0,Cz,-29.15812,4.0,93
LOND,lond025,Control_202,3.0,CP1,-22.06027,4.0,93
LOND,lond025,Control_202,3.0,CP2,-21.84353,4.0,93
LOND,lond025,Control_202,3.0,P3,-33.00013,4.0,93
LOND,lond025,Control_202,3.0,P4,-32.65836,4.0,93
LOND,lond025,Control_202,3.0,C3,-33.18653,4.0,93
LOND,lond025,Control_202,3.0,C4,-25.12933,4.0,93
LOND,lond025,Control_202,3.0,P7,-15.56158,4.0,93
LOND,lond025,Control_202,3.0,P8,-14.19197,4.0,93
LOND,lond025,Control_202,3.0,O1,-5.023334,4.0,93
LOND,lond025,Control_202,3.0,O2,-13.13516,4.0,93
LOND,lond025,Violation_201,20.0,Pz,-4.938898,12.0,100
LOND,lond025,Violation_201,20.0,Cz,4.426006,12.0,100
LOND,lond025,Violation_201,20.0,CP1,-9.114797,12.0,100
LOND,lond025,Violation_201,20.0,CP2,-7.862792,12.0,100
LOND,lond025,Violation_201,20.0,P3,15.2921,12.0,100
LOND,lond025,Violation_201,20.0,P4,22.74347,12.0,100
LOND,lond025,Violation_201,20.0,C3,-2.265029,12.0,100
LOND,lond025,Violation_201,20.0,C4,-5.446032,12.0,100
LOND,lond025,Violation_201,20.0,P7,9.397651,12.0,100
LOND,lond025,Violation_201,20.0,P8,2.095351,12.0,100
LOND,lond025,Violation_201,20.0,O1,2.791799,12.0,100
LOND,lond025,Violation_201,20.0,O2,-6.962743,12.0,100
LOND,lond025,Violation_201,12.0,Pz,5.769469,2.0,100
LOND,lond025,Violation_201,12.0,Cz,-22.26712,2.0,100
LOND,lond025,Violation_201,12.0,CP1,-23.91133,2.0,100
LOND,lond025,Violation_201,12.0,CP2,-28.83691,2.0,100
LOND,lond025,Violation_201,12.0,P3,-26.09579,2.0,100
LOND,lond025,Violation_201,12.0,P4,-28.27715,2.0,100
LOND,lond025,Violation_201,12.0,C3,-39.98515,2.0,100
LOND,lond025,Violation_201,12.0,C4,-26.60711,2.0,100
LOND,lond025,Violation_201,12.0,P7,-35.01698,2.0,100
LOND,lond025,Violation_201,12.0,P8,-42.99783,2.0,100
LOND,lond025,Violation_201,12.0,O1,-69.00119,2.0,100
LOND,lond025,Violation_201,12.0,O2,-39.68361,2.0,100
LOND,lond025,Violation_201,24.0,Pz,-30.6301,28.0,27
LOND,lond025,Violation_201,24.0,Cz,-13.699,28.0,27
LOND,lond025,Violation_201,24.0,CP1,-31.65047,28.0,27
LOND,lond025,Violation_201,24.0,CP2,-25.53351,28.0,27
LOND,lond025,Violation_201,24.0,P3,-20.2372,28.0,27
LOND,lond025,Violation_201,24.0,P4,-2.381287,28.0,27
LOND,lond025,Violation_201,24.0,C3,-29.52834,28.0,27
LOND,lond025,Violation_201,24.0,C4,-22.89186,28.0,27
LOND,lond025,Violation_201,24.0,P7,-21.03015,28.0,27
LOND,lond025,Violation_201,24.0,P8,-18.23062,28.0,27
LOND,lond025,Violation_201,24.0,O1,-25.39286,28.0,27
LOND,lond025,Violation_201,24.0,O2,-29.20284,28.0,27
LOND,lond025,Violation_201,32.0,Pz,-31.98429,37.0,80
LOND,lond025,Violation_201,32.0,Cz,-32.42611,37.0,80
LOND,lond025,Violation_201,32.0,CP1,-30.10357,37.0,80
LOND,lond025,Violation_201,32.0,CP2,-31.70305,37.0,80
LOND,lond025,Violation_201,32.0,P3,-25.72518,37.0,80
LOND,lond025,Violation_201,32.0,P4,-13.17377,37.0,80
LOND,lond025,Violation_201,32.0,C3,-28.81462,37.0,80
LOND,lond025,Violation_201,32.0,C4,-23.75484,37.0,80
LOND,lond025,Violation_201,32.0,P7,-8.408045,37.0,80
LOND,lond025,Violation_201,32.0,P8,-10.6141,37.0,80
LOND,lond025,Violation_201,32.0,O1,-6.905076,37.0,80
LOND,lond025,Violation_201,32.0,O2,3.419862,37.0,80
LOND,lond025,Violation_201,28.0,Pz,0.3242659,31.0,77
LOND,lond025,Violation_201,28.0,Cz,5.188134,31.0,77
LOND,lond025,Violation_201,28.0,CP1,15.98038,31.0,77
LOND,lond025,Violation_201,28.0,CP2,11.04546,31.0,77
LOND,lond025,Violation_201,28.0,P3,0.719283,31.0,77
LOND,lond025,Violation_201,28.0,P4,-3.682868,31.0,77
LOND,lond025,Violation_201,28.0,C3,18.96108,31.0,77
LOND,lond025,Violation_201,28.0,C4,1.872625,31.0,77
LOND,lond025,Violation_201,28.0,P7,-6.866693,31.0,77
LOND,lond025,Violation_201,28.0,P8,-11.27012,31.0,77
LOND,lond025,Violation_201,28.0,O1,-0.6263131,31.0,77
LOND,lond025,Violation_201,28.0,O2,-3.149862,31.0,77
LOND,lond025,Control_202,27.0,Pz,-1.816011,34.0,97
LOND,lond025,Control_202,27.0,Cz,-22.50236,34.0,97
LOND,lond025,Control_202,27.0,CP1,-18.89291,34.0,97
LOND,lond025,Control_202,27.0,CP2,-21.58577,34.0,97
LOND,lond025,Control_202,27.0,P3,-16.44729,34.0,97
LOND,lond025,Control_202,27.0,P4,-18.39725,34.0,97
LOND,lond025,Control_202,27.0,C3,-20.78135,34.0,97
LOND,lond025,Control_202,27.0,C4,-23.44362,34.0,97
LOND,lond025,Control_202,27.0,P7,-16.77224,34.0,97
LOND,lond025,Control_202,27.0,P8,-24.53729,34.0,97
LOND,lond025,Control_202,27.0,O1,-48.78049,34.0,97
LOND,lond025,Control_202,27.0,O2,-36.72999,34.0,97
LOND,lond025,Control_202,31.0,Pz,-0.5240574,25.0,97
LOND,lond025,Control_202,31.0,Cz,4.372118,25.0,97
LOND,lond025,Control_202,31.0,CP1,24.74073,25.0,97
LOND,lond025,Control_202,31.0,CP2,6.440815,25.0,97
LOND,lond025,Control_202,31.0,P3,2.669114,25.0,97
LOND,lond025,Control_202,31.0,P4,-0.9366145,25.0,97
LOND,lond025,Control_202,31.0,C3,15.74159,25.0,97
LOND,lond025,Control_202,31.0,C4,7.184386,25.0,97
LOND,lond025,Control_202,31.0,P7,8.266594,25.0,97
LOND,lond025,Control_202,31.0,P8,5.112304,25.0,97
LOND,lond025,Control_202,31.0,O1,5.400833,25.0,97
LOND,lond025,Control_202,31.0,O2,4.654131,25.0,97
LOND,lond025,Violation_201,40.0,Pz,-11.20604,35.0,97
LOND,lond025,Violation_201,40.0,Cz,-10.49954,35.0,97
LOND,lond025,Violation_201,40.0,CP1,-12.62902,35.0,97
LOND,lond025,Violation_201,40.0,CP2,-3.092599,35.0,97
LOND,lond025,Violation_201,40.0,P3,1.232013,35.0,97
LOND,lond025,Violation_201,40.0,P4,-2.367539,35.0,97
LOND,lond025,Violation_201,40.0,C3,-6.109547,35.0,97
LOND,lond025,Violation_201,40.0,C4,-6.40238,35.0,97
LOND,lond025,Violation_201,40.0,P7,-3.072488,35.0,97
LOND,lond025,Violation_201,40.0,P8,-6.505215,35.0,97
LOND,lond025,Violation_201,40.0,O1,-3.80078,35.0,97
LOND,lond025,Violation_201,40.0,O2,-5.656573,35.0,97
LOND,lond025,Control_202,39.0,Pz,-5.258583,36.0,77
LOND,lond025,Control_202,39.0,Cz,-23.55993,36.0,77
LOND,lond025,Control_202,39.0,CP1,-13.58278,36.0,77
LOND,lond025,Control_202,39.0,CP2,-28.98053,36.0,77
LOND,lond025,Control_202,39.0,P3,-23.96361,36.0,77
LOND,lond025,Control_202,39.0,P4,-19.33584,36.0,77
LOND,lond025,Control_202,39.0,C3,-30.72104,36.0,77
LOND,lond025,Control_202,39.0,C4,-11.52561,36.0,77
LOND,lond025,Control_202,39.0,P7,-18.24905,36.0,77
LOND,lond025,Control_202,39.0,P8,-33.0936,36.0,77
LOND,lond025,Control_202,39.0,O1,-66.58938,36.0,77
LOND,lond025,Control_202,39.0,O2,-61.73059,36.0,77
LOND,lond025,Violation_201,36.0,Pz,-11.11991,22.0,53
LOND,lond025,Violation_201,36.0,Cz,-6.262252,22.0,53
LOND,lond025,Violation_201,36.0,CP1,-15.07801,22.0,53
LOND,lond025,Violation_201,36.0,CP2,-16.4698,22.0,53
LOND,lond025,Violation_201,36.0,P3,-2.650254,22.0,53
LOND,lond025,Violation_201,36.0,P4,-13.11619,22.0,53
LOND,lond025,Violation_201,36.0,C3,-12.93931,22.0,53
LOND,lond025,Violation_201,36.0,C4,-11.97938,22.0,53
LOND,lond025,Violation_201,36.0,P7,-16.44498,22.0,53
LOND,lond025,Violation_201,36.0,P8,-14.85639,22.0,53
LOND,lond025,Violation_201,36.0,O1,-20.50262,22.0,53
LOND,lond025,Violation_201,36.0,O2,-16.1954,22.0,53
LOND,lond025,Control_202,35.0,Pz,-5.623904,40.0,93
LOND,lond025,Control_202,35.0,Cz,0.2111439,40.0,93
LOND,lond025,Control_202,35.0,CP1,-0.112922,40.0,93
LOND,lond025,Control_202,35.0,CP2,-4.762356,40.0,93
LOND,lond025,Control_202,35.0,P3,0.1030676,40.0,93
LOND,lond025,Control_202,35.0,P4,4.710089,40.0,93
LOND,lond025,Control_202,35.0,C3,0.2208958,40.0,93
LOND,lond025,Control_202,35.0,C4,-6.902983,40.0,93
LOND,lond025,Control_202,35.0,P7,-3.561146,40.0,93
LOND,lond025,Control_202,35.0,P8,-6.49034,40.0,93
LOND,lond025,Control_202,35.0,O1,-1.817275,40.0,93
LOND,lond025,Control_202,35.0,O2,-1.797481,40.0,93
LOND,lond025,Violation_201,52.0,Pz,-4.188312,42.0,37
LOND,lond025,Violation_201,52.0,Cz,-3.444556,42.0,37
LOND,lond025,Violation_201,52.0,CP1,4.795421,42.0,37
LOND,lond025,Violation_201,52.0,CP2,1.126294,42.0,37
LOND,lond025,Violation_201,52.0,P3,-11.0212,42.0,37
LOND,lond025,Violation_201,52.0,P4,2.04096,42.0,37
LOND,lond025,Violation_201,52.0,C3,-3.831339,42.0,37
LOND,lond025,Violation_201,52.0,C4,2.395491,42.0,37
LOND,lond025,Violation_201,52.0,P7,-4.946463,42.0,37
LOND,lond025,Violation_201,52.0,P8,-1.768447,42.0,37
LOND,lond025,Violation_201,52.0,O1,-2.4006,42.0,37
LOND,lond025,Violation_201,52.0,O2,2.08731,42.0,37
LOND,lond025,Violation_201,43.0,Pz,-3.906259,43.0,93
LOND,lond025,Violation_201,43.0,Cz,0.4645488,43.0,93
LOND,lond025,Violation_201,43.0,CP1,2.481841,43.0,93
LOND,lond025,Violation_201,43.0,CP2,14.40441,43.0,93
LOND,lond025,Violation_201,43.0,P3,-0.3924037,43.0,93
LOND,lond025,Violation_201,43.0,P4,4.74043,43.0,93
LOND,lond025,Violation_201,43.0,C3,6.507797,43.0,93
LOND,lond025,Violation_201,43.0,C4,8.351824,43.0,93
LOND,lond025,Violation_201,43.0,P7,4.273891,43.0,93
LOND,lond025,Violation_201,43.0,P8,6.823577,43.0,93
LOND,lond025,Violation_201,43.0,O1,5.530073,43.0,93
LOND,lond025,Violation_201,43.0,O2,6.53922,43.0,93
LOND,lond025,Violation_201,48.0,Pz,8.938147,54.0,77
LOND,lond025,Violation_201,48.0,Cz,8.716477,54.0,77
LOND,lond025,Violation_201,48.0,CP1,-10.35663,54.0,77
LOND,lond025,Violation_201,48.0,CP2,1.143581,54.0,77
LOND,lond025,Violation_201,48.0,P3,-3.578899,54.0,77
LOND,lond025,Violation_201,48.0,P4,-3.857872,54.0,77
LOND,lond025,Violation_201,48.0,C3,-8.038033,54.0,77
LOND,lond025,Violation_201,48.0,C4,-0.61086,54.0,77
LOND,lond025,Violation_201,48.0,P7,0.002707861,54.0,77
LOND,lond025,Violation_201,48.0,P8,-3.010446,54.0,77
LOND,lond025,Violation_201,48.0,O1,-2.477705,54.0,77
LOND,lond025,Violation_201,48.0,O2,-7.006012,54.0,77
LOND,lond025,Control_202,47.0,Pz,0.860036,46.0,63
LOND,lond025,Control_202,47.0,Cz,3.464766,46.0,63
LOND,lond025,Control_202,47.0,CP1,1.953686,46.0,63
LOND,lond025,Control_202,47.0,CP2,2.543905,46.0,63
LOND,lond025,Control_202,47.0,P3,4.398718,46.0,63
LOND,lond025,Control_202,47.0,P4,-4.25763,46.0,63
LOND,lond025,Control_202,47.0,C3,-0.4540792,46.0,63
LOND,lond025,Control_202,47.0,C4,-2.561774,46.0,63
LOND,lond025,Control_202,47.0,P7,-0.08911315,46.0,63
LOND,lond025,Control_202,47.0,P8,-5.778893,46.0,63
LOND,lond025,Control_202,47.0,O1,3.708739,46.0,63
LOND,lond025,Control_202,47.0,O2,0.3222966,46.0,63
LOND,lond025,Violation_201,56.0,Pz,5.929794,60.0,90
LOND,lond025,Violation_201,56.0,Cz,9.590996,60.0,90
LOND,lond025,Violation_201,56.0,CP1,-0.3454092,60.0,90
LOND,lond025,Violation_201,56.0,CP2,8.123031,60.0,90
LOND,lond025,Violation_201,56.0,P3,6.424577,60.0,90
LOND,lond025,Violation_201,56.0,P4,-4.492732,60.0,90
LOND,lond025,Violation_201,56.0,C3,3.389342,60.0,90
LOND,lond025,Violation_201,56.0,C4,-0.728255,60.0,90
LOND,lond025,Violation_201,56.0,P7,-5.155857,60.0,90
LOND,lond025,Violation_201,56.0,P8,-1.026726,60.0,90
LOND,lond025,Violation_201,56.0,O1,0.9498016,60.0,90
LOND,lond025,Violation_201,56.0,O2,1.600752,60.0,90
LOND,lond025,Control_202,51.0,Pz,1.329286,50.0,37
LOND,lond025,Control_202,51.0,Cz,-0.04444743,50.0,37
LOND,lond025,Control_202,51.0,CP1,-6.918574,50.0,37
LOND,lond025,Control_202,51.0,CP2,-6.660201,50.0,37
LOND,lond025,Control_202,51.0,P3,0.001581062,50.0,37
LOND,lond025,Control_202,51.0,P4,-1.672485,50.0,37
LOND,lond025,Control_202,51.0,C3,6.275753,50.0,37
LOND,lond025,Control_202,51.0,C4,2.170644,50.0,37
LOND,lond025,Control_202,51.0,P7,1.24277,50.0,37
LOND,lond025,Control_202,51.0,P8,-1.571121,50.0,37
LOND,lond025,Control_202,51.0,O1,-2.617616,50.0,37
LOND,lond025,Control_202,51.0,O2,-4.022938,50.0,37
LOND,lond025,Control_202,55.0,Pz,7.011186,44.0,90
LOND,lond025,Control_202,55.0,Cz,-20.13354,44.0,90
LOND,lond025,Control_202,55.0,CP1,19.23428,44.0,90
LOND,lond025,Control_202,55.0,CP2,9.829447,44.0,90
LOND,lond025,Control_202,55.0,P3,4.463432,44.0,90
LOND,lond025,Control_202,55.0,P4,0.9899147,44.0,90
LOND,lond025,Control_202,55.0,C3,1.405029,44.0,90
LOND,lond025,Control_202,55.0,C4,-9.518762,44.0,90
LOND,lond025,Control_202,55.0,P7,6.88329,44.0,90
LOND,lond025,Control_202,55.0,P8,7.369774,44.0,90
LOND,lond025,Control_202,55.0,O1,9.191027,44.0,90
LOND,lond025,Control_202,55.0,O2,8.143123,44.0,90
LOND,lond025,Control_202,44.0,Pz,-3.864537,41.0,100
LOND,lond025,Control_202,44.0,Cz,7.781841,41.0,100
LOND,lond025,Control_202,44.0,CP1,-5.708521,41.0,100
LOND,lond025,Control_202,44.0,CP2,-1.58432,41.0,100
LOND,lond025,Control_202,44.0,P3,-8.339459,41.0,100
LOND,lond025,Control_202,44.0,P4,6.432672,41.0,100
LOND,lond025,Control_202,44.0,C3,-0.2072563,41.0,100
LOND,lond025,Control_202,44.0,C4,5.02443,41.0,100
LOND,lond025,Control_202,44.0,P7,0.9800841,41.0,100
LOND,lond025,Control_202,44.0,P8,4.192918,41.0,100
LOND,lond025,Control_202,44.0,O1,-2.673053,41.0,100
LOND,lond025,Control_202,44.0,O2,-0.2474069,41.0,100
LOND,lond025,Violation_201,60.0,Pz,36.70621,49.0,40
LOND,lond025,Violation_201,60.0,Cz,6.065045,49.0,40
LOND,lond025,Violation_201,60.0,CP1,19.18833,49.0,40
LOND,lond025,Violation_201,60.0,CP2,13.95349,49.0,40
LOND,lond025,Violation_201,60.0,P3,4.290308,49.0,40
LOND,lond025,Violation_201,60.0,P4,23.16107,49.0,40
LOND,lond025,Violation_201,60.0,C3,4.662222,49.0,40
LOND,lond025,Violation_201,60.0,C4,16.06922,49.0,40
LOND,lond025,Violation_201,60.0,P7,-4.909055,49.0,40
LOND,lond025,Violation_201,60.0,P8,-7.017792,49.0,40
LOND,lond025,Violation_201,60.0,O1,-17.19008,49.0,40
LOND,lond025,Violation_201,60.0,O2,-17.23989,49.0,40
LOND,lond025,Control_202,59.0,Pz,-12.27028,59.0,73
LOND,lond025,Control_202,59.0,Cz,-10.60715,59.0,73
LOND,lond025,Control_202,59.0,CP1,8.024148,59.0,73
LOND,lond025,Control_202,59.0,CP2,5.256102,59.0,73
LOND,lond025,Control_202,59.0,P3,-9.262887,59.0,73
LOND,lond025,Control_202,59.0,P4,0.7640601,59.0,73
LOND,lond025,Control_202,59.0,C3,-0.2050537,59.0,73
LOND,lond025,Control_202,59.0,C4,-3.667272,59.0,73
LOND,lond025,Control_202,59.0,P7,-7.904962,59.0,73
LOND,lond025,Control_202,59.0,P8,-6.080671,59.0,73
LOND,lond025,Control_202,59.0,O1,3.757528,59.0,73
LOND,lond025,Control_202,59.0,O2,0.3000165,59.0,73
LOND,lond025,Control_202,79.0,Pz,-14.82919,77.0,100
LOND,lond025,Control_202,79.0,Cz,-19.34248,77.0,100
LOND,lond025,Control_202,79.0,CP1,-8.968406,77.0,100
LOND,lond025,Control_202,79.0,CP2,-18.54584,77.0,100
LOND,lond025,Control_202,79.0,P3,-5.529974,77.0,100
LOND,lond025,Control_202,79.0,P4,0.2021536,77.0,100
LOND,lond025,Control_202,79.0,C3,-20.62921,77.0,100
LOND,lond025,Control_202,79.0,C4,-19.035,77.0,100
LOND,lond025,Control_202,79.0,P7,-2.425848,77.0,100
LOND,lond025,Control_202,79.0,P8,2.608077,77.0,100
LOND,lond025,Control_202,79.0,O1,1.090919,77.0,100
LOND,lond025,Control_202,79.0,O2,6.81515,77.0,100
LOND,lond025,Violation_201,68.0,Pz,18.19496,68.0,27
LOND,lond025,Violation_201,68.0,Cz,6.367108,68.0,27
LOND,lond025,Violation_201,68.0,CP1,-2.410722,68.0,27
LOND,lond025,Violation_201,68.0,CP2,4.53797,68.0,27
LOND,lond025,Violation_201,68.0,P3,22.03878,68.0,27
LOND,lond025,Violation_201,68.0,P4,16.43744,68.0,27
LOND,lond025,Violation_201,68.0,C3,6.234118,68.0,27
LOND,lond025,Violation_201,68.0,C4,9.551491,68.0,27
LOND,lond025,Violation_201,68.0,P7,12.70397,68.0,27
LOND,lond025,Violation_201,68.0,P8,4.184909,68.0,27
LOND,lond025,Violation_201,68.0,O1,5.287016,68.0,27
LOND,lond025,Violation_201,68.0,O2,2.755356,68.0,27
LOND,lond025,Control_202,67.0,Pz,-5.522415,62.0,70
LOND,lond025,Control_202,67.0,Cz,-3.44965,62.0,70
LOND,lond025,Control_202,67.0,CP1,-3.096354,62.0,70
LOND,lond025,Control_202,67.0,CP2,-2.032887,62.0,70
LOND,lond025,Control_202,67.0,P3,-1.011184,62.0,70
LOND,lond025,Control_202,67.0,P4,2.682369,62.0,70
LOND,lond025,Control_202,67.0,C3,3.42728,62.0,70
LOND,lond025,Control_202,67.0,C4,-1.027459,62.0,70
LOND,lond025,Control_202,67.0,P7,3.586777,62.0,70
LOND,lond025,Control_202,67.0,P8,40.23851,62.0,70
LOND,lond025,Control_202,67.0,O1,14.53378,62.0,70
LOND,lond025,Control_202,67.0,O2,26.15696,62.0,70
LOND,lond025,Violation_201,76.0,Pz,-3.138072,63.0,83
LOND,lond025,Violation_201,76.0,Cz,-4.24966,63.0,83
LOND,lond025,Violation_201,76.0,CP1,-11.11333,63.0,83
LOND,lond025,Violation_201,76.0,CP2,-14.55651,63.0,83
LOND,lond025,Violation_201,76.0,P3,-9.151777,63.0,83
LOND,lond025,Violation_201,76.0,P4,-9.738347,63.0,83
LOND,lond025,Violation_201,76.0,C3,-6.429612,63.0,83
LOND,lond025,Violation_201,76.0,C4,-3.795063,63.0,83
LOND,lond025,Violation_201,76.0,P7,-7.074436,63.0,83
LOND,lond025,Violation_201,76.0,P8,-12.44865,63.0,83
LOND,lond025,Violation_201,76.0,O1,-8.638932,63.0,83
LOND,lond025,Violation_201,76.0,O2,-10.70038,63.0,83
LOND,lond025,Control_202,75.0,Pz,-0.03499755,71.0,90
LOND,lond025,Control_202,75.0,Cz,3.176494,71.0,90
LOND,lond025,Control_202,75.0,CP1,-4.69546,71.0,90
LOND,lond025,Control_202,75.0,CP2,-10.08534,71.0,90
LOND,lond025,Control_202,75.0,P3,-4.377594,71.0,90
LOND,lond025,Control_202,75.0,P4,-12.79273,71.0,90
LOND,lond025,Control_202,75.0,C3,-6.22954,71.0,90
LOND,lond025,Control_202,75.0,C4,-10.47883,71.0,90
LOND,lond025,Control_202,75.0,P7,-8.157331,71.0,90
LOND,lond025,Control_202,75.0,P8,-11.51409,71.0,90
LOND,lond025,Control_202,75.0,O1,-12.35646,71.0,90
LOND,lond025,Control_202,75.0,O2,-10.49186,71.0,90
LOND,lond025,Violation_201,72.0,Pz,10.42491,66.0,23
LOND,lond025,Violation_201,72.0,Cz,-20.02427,66.0,23
LOND,lond025,Violation_201,72.0,CP1,-1.583113,66.0,23
LOND,lond025,Violation_201,72.0,CP2,-8.405724,66.0,23
LOND,lond025,Violation_201,72.0,P3,2.813072,66.0,23
LOND,lond025,Violation_201,72.0,P4,3.912557,66.0,23
LOND,lond025,Violation_201,72.0,C3,-8.961346,66.0,23
LOND,lond025,Violation_201,72.0,C4,-3.808523,66.0,23
LOND,lond025,Violation_201,72.0,P7,4.960867,66.0,23
LOND,lond025,Violation_201,72.0,P8,6.127396,66.0,23
LOND,lond025,Violation_201,72.0,O1,4.201931,66.0,23
LOND,lond025,Violation_201,72.0,O2,7.131795,66.0,23
LOND,lond025,Control_202,71.0,Pz,25.7088,76.0,90
LOND,lond025,Control_202,71.0,Cz,35.51073,76.0,90
LOND,lond025,Control_202,71.0,CP1,35.51705,76.0,90
LOND,lond025,Control_202,71.0,CP2,38.93484,76.0,90
LOND,lond025,Control_202,71.0,P3,23.011,76.0,90
LOND,lond025,Control_202,71.0,P4,19.88394,76.0,90
LOND,lond025,Control_202,71.0,C3,43.92409,76.0,90
LOND,lond025,Control_202,71.0,C4,37.51509,76.0,90
LOND,lond025,Control_202,71.0,P7,18.54579,76.0,90
LOND,lond025,Control_202,71.0,P8,10.51127,76.0,90
LOND,lond025,Control_202,71.0,O1,5.253686,76.0,90
LOND,lond025,Control_202,71.0,O2,6.821133,76.0,90
LOND,lond025,Control_202,63.0,Pz,-0.3037679,78.0,97
LOND,lond025,Control_202,63.0,Cz,-11.23453,78.0,97
LOND,lond025,Control_202,63.0,CP1,5.505692,78.0,97
LOND,lond025,Control_202,63.0,CP2,3.215638,78.0,97
LOND,lond025,Control_202,63.0,P3,-4.954671,78.0,97
LOND,lond025,Control_202,63.0,P4,1.276945,78.0,97
LOND,lond025,Control_202,63.0,C3,-0.3262772,78.0,97
LOND,lond025,Control_202,63.0,C4,0.6236088,78.0,97
LOND,lond025,Control_202,63.0,P7,0.9491217,78.0,97
LOND,lond025,Control_202,63.0,P8,-3.186067,78.0,97
LOND,lond025,Control_202,63.0,O1,5.203591,78.0,97
LOND,lond025,Control_202,63.0,O2,1.696345,78.0,97
LOND,lond025,Violation_201,80.0,Pz,9.161016,64.0,50
LOND,lond025,Violation_201,80.0,Cz,8.221448,64.0,50
LOND,lond025,Violation_201,80.0,CP1,-1.334817,64.0,50
LOND,lond025,Violation_201,80.0,CP2,6.263247,64.0,50
LOND,lond025,Violation_201,80.0,P3,3.960192,64.0,50
LOND,lond025,Violation_201,80.0,P4,-2.896008,64.0,50
LOND,lond025,Violation_201,80.0,C3,9.60356,64.0,50
LOND,lond025,Violation_201,80.0,C4,-0.4628069,64.0,50
LOND,lond025,Violation_201,80.0,P7,-16.2024,64.0,50
LOND,lond025,Violation_201,80.0,P8,-13.77469,64.0,50
LOND,lond025,Violation_201,80.0,O1,-6.718969,64.0,50
LOND,lond025,Violation_201,80.0,O2,-8.121419,64.0,50
LOND,lond025,Violation_201,64.0,Pz,11.42954,79.0,97
LOND,lond025,Violation_201,64.0,Cz,7.977756,79.0,97
LOND,lond025,Violation_201,64.0,CP1,-1.905852,79.0,97
LOND,lond025,Violation_201,64.0,CP2,6.341344,79.0,97
LOND,lond025,Violation_201,64.0,P3,12.90025,79.0,97
LOND,lond025,Violation_201,64.0,P4,3.015724,79.0,97
LOND,lond025,Violation_201,64.0,C3,3.378977,79.0,97
LOND,lond025,Violation_201,64.0,C4,-0.4640668,79.0,97
LOND,lond025,Violation_201,64.0,P7,6.654005,79.0,97
LOND,lond025,Violation_201,64.0,P8,1.80301,79.0,97
LOND,lond025,Violation_201,64.0,O1,-5.277552,79.0,97
LOND,lond025,Violation_201,64.0,O2,11.45194,79.0,97
LOND,lond026,Violation_201,14.0,Pz,5.318569,2.0,100
LOND,lond026,Violation_201,14.0,Cz,2.867789,2.0,100
LOND,lond026,Violation_201,14.0,CP1,-0.5054974,2.0,100
LOND,lond026,Violation_201,14.0,CP2,-0.1954511,2.0,100
LOND,lond026,Violation_201,14.0,P3,-0.5891497,2.0,100
LOND,lond026,Violation_201,14.0,P4,6.054925,2.0,100
LOND,lond026,Violation_201,14.0,C3,0.3719653,2.0,100
LOND,lond026,Violation_201,14.0,C4,1.825744,2.0,100
LOND,lond026,Violation_201,14.0,P7,2.251899,2.0,100
LOND,lond026,Violation_201,14.0,P8,3.749099,2.0,100
LOND,lond026,Violation_201,14.0,O1,-3.211052,2.0,100
LOND,lond026,Violation_201,14.0,O2,-5.330598,2.0,100
LOND,lond026,Violation_201,6.0,Pz,-3.245124,12.0,100
LOND,lond026,Violation_201,6.0,Cz,-18.89478,12.0,100
LOND,lond026,Violation_201,6.0,CP1,-7.976264,12.0,100
LOND,lond026,Violation_201,6.0,CP2,-11.18444,12.0,100
LOND,lond026,Violation_201,6.0,P3,0.8138413,12.0,100
LOND,lond026,Violation_201,6.0,P4,3.961106,12.0,100
LOND,lond026,Violation_201,6.0,C3,-3.890101,12.0,100
LOND,lond026,Violation_201,6.0,C4,-9.43061,12.0,100
LOND,lond026,Violation_201,6.0,P7,8.09379,12.0,100
LOND,lond026,Violation_201,6.0,P8,13.42241,12.0,100
LOND,lond026,Violation_201,6.0,O1,-9.89641,12.0,100
LOND,lond026,Violation_201,6.0,O2,-3.553015,12.0,100
LOND,lond026,Control_202,9.0,Pz,15.18189,7.0,80
LOND,lond026,Control_202,9.0,Cz,-1.652183,7.0,80
LOND,lond026,Control_202,9.0,CP1,-2.199404,7.0,80
LOND,lond026,Control_202,9.0,CP2,9.505358,7.0,80
LOND,lond026,Control_202,9.0,P3,-1.433851,7.0,80
LOND,lond026,Control_202,9.0,P4,12.43158,7.0,80
LOND,lond026,Control_202,9.0,C3,-2.031049,7.0,80
LOND,lond026,Control_202,9.0,C4,-0.3185119,7.0,80
LOND,lond026,Control_202,9.0,P7,-0.5771295,7.0,80
LOND,lond026,Control_202,9.0,P8,-16.40702,7.0,80
LOND,lond026,Control_202,9.0,O1,2.063685,7.0,80
LOND,lond026,Control_202,9.0,O2,5.28305,7.0,80
LOND,lond026,Control_202,17.0,Pz,4.161189,3.0,100
LOND,lond026,Control_202,17.0,Cz,0.2831227,3.0,100
LOND,lond026,Control_202,17.0,CP1,3.217557,3.0,100
LOND,lond026,Control_202,17.0,CP2,3.655257,3.0,100
LOND,lond026,Control_202,17.0,P3,1.177323,3.0,100
LOND,lond026,Control_202,17.0,P4,15.06256,3.0,100
LOND,lond026,Control_202,17.0,C3,-0.9646751,3.0,100
LOND,lond026,Control_202,17.0,C4,1.031994,3.0,100
LOND,lond026,Control_202,17.0,P7,-0.284548,3.0,100
LOND,lond026,Control_202,17.0,P8,-15.24425,3.0,100
LOND,lond026,Control_202,17.0,O1,-2.806368,3.0,100
LOND,lond026,Control_202,17.0,O2,0.8616968,3.0,100
LOND,lond026,Violation_201,2.0,Pz,9.926863,11.0,87
LOND,lond026,Violation_201,2.0,Cz,2.295681,11.0,87
LOND,lond026,Violation_201,2.0,CP1,11.60875,11.0,87
LOND,lond026,Violation_201,2.0,CP2,10.04483,11.0,87
LOND,lond026,Violation_201,2.0,P3,9.543542,11.0,87
LOND,lond026,Violation_201,2.0,P4,10.86831,11.0,87
LOND,lond026,Violation_201,2.0,C3,0.5270321,11.0,87
LOND,lond026,Violation_201,2.0,C4,5.423239,11.0,87
LOND,lond026,Violation_201,2.0,P7,2.340447,11.0,87
LOND,lond026,Violation_201,2.0,P8,11.04881,11.0,87
LOND,lond026,Violation_201,2.0,O1,10.92698,11.0,87
LOND,lond026,Violation_201,2.0,O2,9.874637,11.0,87
LOND,lond026,Control_202,13.0,Pz,3.769446,19.0,100
LOND,lond026,Control_202,13.0,Cz,13.92806,19.0,100
LOND,lond026,Control_202,13.0,CP1,7.007168,19.0,100
LOND,lond026,Control_202,13.0,CP2,17.38286,19.0,100
LOND,lond026,Control_202,13.0,P3,4.98392,19.0,100
LOND,lond026,Control_202,13.0,P4,15.60631,19.0,100
LOND,lond026,Control_202,13.0,C3,5.44296,19.0,100
LOND,lond026,Control_202,13.0,C4,9.669766,19.0,100
LOND,lond026,Control_202,13.0,P7,-17.97703,19.0,100
LOND,lond026,Control_202,13.0,P8,0.162132,19.0,100
LOND,lond026,Control_202,13.0,O1,1.454102,19.0,100
LOND,lond026,Control_202,13.0,O2,-0.1694113,19.0,100
LOND,lond026,Violation_201,18.0,Pz,31.87947,18.0,87
LOND,lond026,Violation_201,18.0,Cz,15.6842,18.0,87
LOND,lond026,Violation_201,18.0,CP1,6.208421,18.0,87
LOND,lond026,Violation_201,18.0,CP2,21.54207,18.0,87
LOND,lond026,Violation_201,18.0,P3,16.53691,18.0,87
LOND,lond026,Violation_201,18.0,P4,14.85361,18.0,87
LOND,lond026,Violation_201,18.0,C3,10.2912,18.0,87
LOND,lond026,Violation_201,18.0,C4,19.87004,18.0,87
LOND,lond026,Violation_201,18.0,P7,20.27712,18.0,87
LOND,lond026,Violation_201,18.0,P8,11.88198,18.0,87
LOND,lond026,Violation_201,18.0,O1,8.585315,18.0,87
LOND,lond026,Violation_201,18.0,O2,8.687753,18.0,87
LOND,lond026,Violation_201,10.0,Pz,-4.281996,9.0,93
LOND,lond026,Violation_201,10.0,Cz,-3.704204,9.0,93
LOND,lond026,Violation_201,10.0,CP1,-2.915763,9.0,93
LOND,lond026,Violation_201,10.0,CP2,3.632963,9.0,93
LOND,lond026,Violation_201,10.0,P3,-8.305271,9.0,93
LOND,lond026,Violation_201,10.0,P4,-6.33673,9.0,93
LOND,lond026,Violation_201,10.0,C3,-3.523403,9.0,93
LOND,lond026,Violation_201,10.0,C4,-1.465829,9.0,93
LOND,lond026,Violation_201,10.0,P7,-8.706479,9.0,93
LOND,lond026,Violation_201,10.0,P8,1.12325,9.0,93
LOND,lond026,Violation_201,10.0,O1,-8.02119,9.0,93
LOND,lond026,Violation_201,10.0,O2,-9.306501,9.0,93
LOND,lond026,Control_202,5.0,Pz,0.3684824,14.0,90
LOND,lond026,Control_202,5.0,Cz,-3.255447,14.0,90
LOND,lond026,Control_202,5.0,CP1,-2.964542,14.0,90
LOND,lond026,Control_202,5.0,CP2,2.287636,14.0,90
LOND,lond026,Control_202,5.0,P3,2.59874,14.0,90
LOND,lond026,Control_202,5.0,P4,-0.3661515,14.0,90
LOND,lond026,Control_202,5.0,C3,-8.373467,14.0,90
LOND,lond026,Control_202,5.0,C4,3.987288,14.0,90
LOND,lond026,Control_202,5.0,P7,-6.081141,14.0,90
LOND,lond026,Control_202,5.0,P8,-11.85585,14.0,90
LOND,lond026,Control_202,5.0,O1,2.342675,14.0,90
LOND,lond026,Control_202,5.0,O2,-3.795682,14.0,90
LOND,lond026,Violation_201,29.0,Pz,11.13186,35.0,97
LOND,lond026,Violation_201,29.0,Cz,2.013973,35.0,97
LOND,lond026,Violation_201,29.0,CP1,3.115735,35.0,97
LOND,lond026,Violation_201,29.0,CP2,2.162091,35.0,97
LOND,lond026,Violation_201,29.0,P3,1.773558,35.0,97
LOND,lond026,Violation_201,29.0,P4,-5.808418,35.0,97
LOND,lond026,Violation_201,29.0,C3,1.766628,35.0,97
LOND,lond026,Violation_201,29.0,C4,-2.595227,35.0,97
LOND,lond026,Violation_201,29.0,P7,4.984966,35.0,97
LOND,lond026,Violation_201,29.0,P8,5.688549,35.0,97
LOND,lond026,Violation_201,29.0,O1,8.509311,35.0,97
LOND,lond026,Violation_201,29.0,O2,4.596907,35.0,97
LOND,lond026,Control_202,25.0,Pz,13.85979,36.0,77
LOND,lond026,Control_202,25.0,Cz,10.08876,36.0,77
LOND,lond026,Control_202,25.0,CP1,9.682684,36.0,77
LOND,lond026,Control_202,25.0,CP2,2.386878,36.0,77
LOND,lond026,Control_202,25.0,P3,3.068312,36.0,77
LOND,lond026,Control_202,25.0,P4,-3.583275,36.0,77
LOND,lond026,Control_202,25.0,C3,12.19465,36.0,77
LOND,lond026,Control_202,25.0,C4,7.045493,36.0,77
LOND,lond026,Control_202,25.0,P7,10.07732,36.0,77
LOND,lond026,Control_202,25.0,P8,-3.347398,36.0,77
LOND,lond026,Control_202,25.0,O1,2.50056,36.0,77
LOND,lond026,Control_202,25.0,O2,-0.2445711,36.0,77
LOND,lond026,Violation_201,34.0,Pz,2.140167,26.0,87
LOND,lond026,Violation_201,34.0,Cz,-2.680821,26.0,87
LOND,lond026,Violation_201,34.0,CP1,-1.448142,26.0,87
LOND,lond026,Violation_201,34.0,CP2,-0.6630751,26.0,87
LOND,lond026,Violation_201,34.0,P3,-3.520275,26.0,87
LOND,lond026,Violation_201,34.0,P4,-9.986996,26.0,87
LOND,lond026,Violation_201,34.0,C3,1.743346,26.0,87
LOND,lond026,Violation_201,34.0,C4,-8.33001,26.0,87
LOND,lond026,Violation_201,34.0,P7,-7.435843,26.0,87
LOND,lond026,Violation_201,34.0,P8,11.45636,26.0,87
LOND,lond026,Violation_201,34.0,O1,-0.0975291,26.0,87
LOND,lond026,Violation_201,34.0,O2,-5.412251,26.0,87
LOND,lond026,Violation_201,30.0,Pz,-11.57803,23.0,93
LOND,lond026,Violation_201,30.0,Cz,-8.965123,23.0,93
LOND,lond026,Violation_201,30.0,CP1,-10.8862,23.0,93
LOND,lond026,Violation_201,30.0,CP2,-14.28061,23.0,93
LOND,lond026,Violation_201,30.0,P3,-7.084021,23.0,93
LOND,lond026,Violation_201,30.0,P4,-5.675982,23.0,93
LOND,lond026,Violation_201,30.0,C3,-6.803141,23.0,93
LOND,lond026,Violation_201,30.0,C4,-5.644131,23.0,93
LOND,lond026,Violation_201,30.0,P7,-4.81683,23.0,93
LOND,lond026,Violation_201,30.0,P8,25.02718,23.0,93
LOND,lond026,Violation_201,30.0,O1,-6.710535,23.0,93
LOND,lond026,Violation_201,30.0,O2,-7.846869,23.0,93
LOND,lond026,Control_202,33.0,Pz,-46.3041,28.0,27
LOND,lond026,Control_202,33.0,Cz,6.013826,28.0,27
LOND,lond026,Control_202,33.0,CP1,12.67475,28.0,27
LOND,lond026,Control_202,33.0,CP2,7.73437,28.0,27
LOND,lond026,Control_202,33.0,P3,11.08835,28.0,27
LOND,lond026,Control_202,33.0,P4,14.17032,28.0,27
LOND,lond026,Control_202,33.0,C3,8.157642,28.0,27
LOND,lond026,Control_202,33.0,C4,9.537162,28.0,27
LOND,lond026,Control_202,33.0,P7,3.52064,28.0,27
LOND,lond026,Control_202,33.0,P8,-13.89887,28.0,27
LOND,lond026,Control_202,33.0,O1,21.73426,28.0,27
LOND,lond026,Control_202,33.0,O2,12.50785,28.0,27
LOND,lond026,Violation_201,26.0,Pz,-6.258452,40.0,93
LOND,lond026,Violation_201,26.0,Cz,-5.434273,40.0,93
LOND,lond026,Violation_201,26.0,CP1,-2.314419,40.0,93
LOND,lond026,Violation_201,26.0,CP2,-14.89184,40.0,93
LOND,lond026,Violation_201,26.0,P3,0.5620273,40.0,93
LOND,lond026,Violation_201,26.0,P4,-22.18678,40.0,93
LOND,lond026,Violation_201,26.0,C3,-3.081162,40.0,93
LOND,lond026,Violation_201,26.0,C4,0.1713543,40.0,93
LOND,lond026,Violation_201,26.0,P7,-2.126619,40.0,93
LOND,lond026,Violation_201,26.0,P8,-14.36487,40.0,93
LOND,lond026,Violation_201,26.0,O1,0.7180076,40.0,93
LOND,lond026,Violation_201,26.0,O2,1.207226,40.0,93
LOND,lond026,Violation_201,38.0,Pz,22.06851,24.0,93
LOND,lond026,Violation_201,38.0,Cz,9.474503,24.0,93
LOND,lond026,Violation_201,38.0,CP1,5.283202,24.0,93
LOND,lond026,Violation_201,38.0,CP2,14.49721,24.0,93
LOND,lond026,Violation_201,38.0,P3,9.848607,24.0,93
LOND,lond026,Violation_201,38.0,P4,16.51478,24.0,93
LOND,lond026,Violation_201,38.0,C3,5.560935,24.0,93
LOND,lond026,Violation_201,38.0,C4,18.82386,24.0,93
LOND,lond026,Violation_201,38.0,P7,6.674155,24.0,93
LOND,lond026,Violation_201,38.0,P8,-0.9141736,24.0,93
LOND,lond026,Violation_201,38.0,O1,29.91853,24.0,93
LOND,lond026,Violation_201,38.0,O2,18.20914,24.0,93
LOND,lond026,Control_202,37.0,Pz,-15.69621,31.0,77
LOND,lond026,Control_202,37.0,Cz,-13.2274,31.0,77
LOND,lond026,Control_202,37.0,CP1,-5.071955,31.0,77
LOND,lond026,Control_202,37.0,CP2,-12.33746,31.0,77
LOND,lond026,Control_202,37.0,P3,-24.55352,31.0,77
LOND,lond026,Control_202,37.0,P4,-19.35485,31.0,77
LOND,lond026,Control_202,37.0,C3,-11.39949,31.0,77
LOND,lond026,Control_202,37.0,C4,-21.34974,31.0,77
LOND,lond026,Control_202,37.0,P7,-22.28816,31.0,77
LOND,lond026,Control_202,37.0,P8,-24.8605,31.0,77
LOND,lond026,Control_202,37.0,O1,-19.3607,31.0,77
LOND,lond026,Control_202,37.0,O2,-11.86963,31.0,77
LOND,lond026,Violation_201,22.0,Pz,-3.622327,29.0,90
LOND,lond026,Violation_201,22.0,Cz,-17.91625,29.0,90
LOND,lond026,Violation_201,22.0,CP1,-14.39022,29.0,90
LOND,lond026,Violation_201,22.0,CP2,-12.90251,29.0,90
LOND,lond026,Violation_201,22.0,P3,-19.54712,29.0,90
LOND,lond026,Violation_201,22.0,P4,-8.324566,29.0,90
LOND,lond026,Violation_201,22.0,C3,-19.47857,29.0,90
LOND,lond026,Violation_201,22.0,C4,-15.21622,29.0,90
LOND,lond026,Violation_201,22.0,P7,-20.31997,29.0,90
LOND,lond026,Violation_201,22.0,P8,-21.61662,29.0,90
LOND,lond026,Violation_201,22.0,O1,-35.17152,29.0,90
LOND,lond026,Violation_201,22.0,O2,-8.673305,29.0,90
LOND,lond026,Control_202,21.0,Pz,-5.066895,32.0,80
LOND,lond026,Control_202,21.0,Cz,-1.862549,32.0,80
LOND,lond026,Control_202,21.0,CP1,-7.360184,32.0,80
LOND,lond026,Control_202,21.0,CP2,-10.94503,32.0,80
LOND,lond026,Control_202,21.0,P3,-16.64726,32.0,80
LOND,lond026,Control_202,21.0,P4,-1.796433,32.0,80
LOND,lond026,Control_202,21.0,C3,-10.95922,32.0,80
LOND,lond026,Control_202,21.0,C4,-1.003456,32.0,80
LOND,lond026,Control_202,21.0,P7,-6.491739,32.0,80
LOND,lond026,Control_202,21.0,P8,9.145609,32.0,80
LOND,lond026,Control_202,21.0,O1,-1.105677,32.0,80
LOND,lond026,Control_202,21.0,O2,3.929812,32.0,80
LOND,lond026,Violation_201,42.0,Pz,1.641858,51.0,90
LOND,lond026,Violation_201,42.0,Cz,2.803372,51.0,90
LOND,lond026,Violation_201,42.0,CP1,-1.801464,51.0,90
LOND,lond026,Violation_201,42.0,CP2,-6.048684,51.0,90
LOND,lond026,Violation_201,42.0,P3,3.702197,51.0,90
LOND,lond026,Violation_201,42.0,P4,32.34128,51.0,90
LOND,lond026,Violation_201,42.0,C3,3.066454,51.0,90
LOND,lond026,Violation_201,42.0,C4,-4.390708,51.0,90
LOND,lond026,Violation_201,42.0,P7,-9.653982,51.0,90
LOND,lond026,Violation_201,42.0,P8,-25.74238,51.0,90
LOND,lond026,Violation_201,42.0,O1,0.009940246,51.0,90
LOND,lond026,Violation_201,42.0,O2,-4.83623,51.0,90
LOND,lond026,Control_202,45.0,Pz,9.804371,45.0,67
LOND,lond026,Control_202,45.0,Cz,2.424298,45.0,67
LOND,lond026,Control_202,45.0,CP1,6.126079,45.0,67
LOND,lond026,Control_202,45.0,CP2,7.303361,45.0,67
LOND,lond026,Control_202,45.0,P3,0.6121206,45.0,67
LOND,lond026,Control_202,45.0,P4,4.848356,45.0,67
LOND,lond026,Control_202,45.0,C3,5.624714,45.0,67
LOND,lond026,Control_202,45.0,C4,1.021216,45.0,67
LOND,lond026,Control_202,45.0,P7,8.086663,45.0,67
LOND,lond026,Control_202,45.0,P8,-54.29634,45.0,67
LOND,lond026,Control_202,45.0,O1,5.027972,45.0,67
LOND,lond026,Control_202,45.0,O2,17.57171,45.0,67
LOND,lond026,Violation_201,46.0,Pz,-23.77857,46.0,63
LOND,lond026,Violation_201,46.0,Cz,-20.86178,46.0,63
LOND,lond026,Violation_201,46.0,CP1,-3.984243,46.0,63
LOND,lond026,Violation_201,46.0,CP2,-11.99335,46.0,63
LOND,lond026,Violation_201,46.0,P3,-8.789338,46.0,63
LOND,lond026,Violation_201,46.0,P4,-24.5508,46.0,63
LOND,lond026,Violation_201,46.0,C3,-15.48091,46.0,63
LOND,lond026,Violation_201,46.0,C4,-18.84798,46.0,63
LOND,lond026,Violation_201,46.0,P7,-8.296234,46.0,63
LOND,lond026,Violation_201,46.0,P8,-23.21269,46.0,63
LOND,lond026,Violation_201,46.0,O1,-12.67206,46.0,63
LOND,lond026,Violation_201,46.0,O2,-8.173556,46.0,63
LOND,lond026,Violation_201,54.0,Pz,-1.97738,59.0,73
LOND,lond026,Violation_201,54.0,Cz,6.187213,59.0,73
LOND,lond026,Violation_201,54.0,CP1,2.159501,59.0,73
LOND,lond026,Violation_201,54.0,CP2,2.362816,59.0,73
LOND,lond026,Violation_201,54.0,P3,5.830182,59.0,73
LOND,lond026,Violation_201,54.0,P4,0.03155418,59.0,73
LOND,lond026,Violation_201,54.0,C3,5.546779,59.0,73
LOND,lond026,Violation_201,54.0,C4,-1.062988,59.0,73
LOND,lond026,Violation_201,54.0,P7,-1.874418,59.0,73
LOND,lond026,Violation_201,54.0,P8,5.903969,59.0,73
LOND,lond026,Violation_201,54.0,O1,0.08974916,59.0,73
LOND,lond026,Violation_201,54.0,O2,0.4056395,59.0,73
LOND,lond026,Control_202,57.0,Pz,-0.4437932,52.0,87
LOND,lond026,Control_202,57.0,Cz,-8.259591,52.0,87
LOND,lond026,Control_202,57.0,CP1,-8.63113,52.0,87
LOND,lond026,Control_202,57.0,CP2,-0.5807785,52.0,87
LOND,lond026,Control_202,57.0,P3,-3.762973,52.0,87
LOND,lond026,Control_202,57.0,P4,7.976155,52.0,87
LOND,lond026,Control_202,57.0,C3,-1.291253,52.0,87
LOND,lond026,Control_202,57.0,C4,-1.958428,52.0,87
LOND,lond026,Control_202,57.0,P7,-4.199825,52.0,87
LOND,lond026,Control_202,57.0,P8,-7.105684,52.0,87
LOND,lond026,Control_202,57.0,O1,-9.248301,52.0,87
LOND,lond026,Control_202,57.0,O2,-5.051439,52.0,87
LOND,lond026,Violation_201,58.0,Pz,-2.543764,41.0,100
LOND,lond026,Violation_201,58.0,Cz,-4.172612,41.0,100
LOND,lond026,Violation_201,58.0,CP1,-2.817075,41.0,100
LOND,lond026,Violation_201,58.0,CP2,-2.678127,41.0,100
LOND,lond026,Violation_201,58.0,P3,-1.445726,41.0,100
LOND,lond026,Violation_201,58.0,P4,0.2296291,41.0,100
LOND,lond026,Violation_201,58.0,C3,-5.037182,41.0,100
LOND,lond026,Violation_201,58.0,C4,1.781401,41.0,100
LOND,lond026,Violation_201,58.0,P7,-8.044838,41.0,100
LOND,lond026,Violation_201,58.0,P8,9.663302,41.0,100
LOND,lond026,Violation_201,58.0,O1,-4.108651,41.0,100
LOND,lond026,Violation_201,58.0,O2,-5.748088,41.0,100
LOND,lond026,Control_202,53.0,Pz,9.956175,53.0,93
LOND,lond026,Control_202,53.0,Cz,10.60197,53.0,93
LOND,lond026,Control_202,53.0,CP1,13.04138,53.0,93
LOND,lond026,Control_202,53.0,CP2,17.1669,53.0,93
LOND,lond026,Control_202,53.0,P3,7.470438,53.0,93
LOND,lond026,Control_202,53.0,P4,21.99792,53.0,93
LOND,lond026,Control_202,53.0,C3,11.89932,53.0,93
LOND,lond026,Control_202,53.0,C4,16.81493,53.0,93
LOND,lond026,Control_202,53.0,P7,0.9244621,53.0,93
LOND,lond026,Control_202,53.0,P8,13.65005,53.0,93
LOND,lond026,Control_202,53.0,O1,8.008491,53.0,93
LOND,lond026,Control_202,53.0,O2,3.446096,53.0,93
LOND,lond026,Violation_201,50.0,Pz,12.16071,60.0,90
LOND,lond026,Violation_201,50.0,Cz,3.061545,60.0,90
LOND,lond026,Violation_201,50.0,CP1,2.461042,60.0,90
LOND,lond026,Violation_201,50.0,CP2,7.906723,60.0,90
LOND,lond026,Violation_201,50.0,P3,7.097807,60.0,90
LOND,lond026,Violation_201,50.0,P4,4.081307,60.0,90
LOND,lond026,Violation_201,50.0,C3,0.7492406,60.0,90
LOND,lond026,Violation_201,50.0,C4,0.3510884,60.0,90
LOND,lond026,Violation_201,50.0,P7,0.8366893,60.0,90
LOND,lond026,Violation_201,50.0,P8,-9.886519,60.0,90
LOND,lond026,Violation_201,50.0,O1,-1.151477,60.0,90
LOND,lond026,Violation_201,50.0,O2,13.1099,60.0,90
LOND,lond026,Control_202,41.0,Pz,-10.61847,55.0,93
LOND,lond026,Control_202,41.0,Cz,-11.85171,55.0,93
LOND,lond026,Control_202,41.0,CP1,-6.754653,55.0,93
LOND,lond026,Control_202,41.0,CP2,-6.564713,55.0,93
LOND,lond026,Control_202,41.0,P3,-5.03091,55.0,93
LOND,lond026,Control_202,41.0,P4,-3.396281,55.0,93
LOND,lond026,Control_202,41.0,C3,-10.41798,55.0,93
LOND,lond026,Control_202,41.0,C4,-7.299383,55.0,93
LOND,lond026,Control_202,41.0,P7,-14.08335,55.0,93
LOND,lond026,Control_202,41.0,P8,-9.378383,55.0,93
LOND,lond026,Control_202,41.0,O1,-2.070658,55.0,93
LOND,lond026,Control_202,41.0,O2,-11.63204,55.0,93
LOND,lond026,Control_202,49.0,Pz,-4.186296,44.0,90
LOND,lond026,Control_202,49.0,Cz,-11.87858,44.0,90
LOND,lond026,Control_202,49.0,CP1,-4.923573,44.0,90
LOND,lond026,Control_202,49.0,CP2,4.412684,44.0,90
LOND,lond026,Control_202,49.0,P3,-10.61648,44.0,90
LOND,lond026,Control_202,49.0,P4,-22.40663,44.0,90
LOND,lond026,Control_202,49.0,C3,-8.252164,44.0,90
LOND,lond026,Control_202,49.0,C4,-5.26561,44.0,90
LOND,lond026,Control_202,49.0,P7,-23.50448,44.0,90
LOND,lond026,Control_202,49.0,P8,-14.16961,44.0,90
LOND,lond026,Control_202,49.0,O1,-16.46224,44.0,90
LOND,lond026,Control_202,49.0,O2,-23.03302,44.0,90
LOND,lond026,Control_202,69.0,Pz,0.4400522,66.0,23
LOND,lond026,Control_202,69.0,Cz,0.4207618,66.0,23
LOND,lond026,Control_202,69.0,CP1,-0.3792026,66.0,23
LOND,lond026,Control_202,69.0,CP2,5.082968,66.0,23
LOND,lond026,Control_202,69.0,P3,9.223666,66.0,23
LOND,lond026,Control_202,69.0,P4,6.432232,66.0,23
LOND,lond026,Control_202,69.0,C3,3.642154,66.0,23
LOND,lond026,Control_202,69.0,C4,4.570109,66.0,23
LOND,lond026,Control_202,69.0,P7,13.30652,66.0,23
LOND,lond026,Control_202,69.0,P8,10.92216,66.0,23
LOND,lond026,Control_202,69.0,O1,24.51884,66.0,23
LOND,lond026,Control_202,69.0,O2,3.076909,66.0,23
LOND,lond026,Control_202,77.0,Pz,14.76459,68.0,27
LOND,lond026,Control_202,77.0,Cz,15.77355,68.0,27
LOND,lond026,Control_202,77.0,CP1,15.27573,68.0,27
LOND,lond026,Control_202,77.0,CP2,11.31062,68.0,27
LOND,lond026,Control_202,77.0,P3,20.24731,68.0,27
LOND,lond026,Control_202,77.0,P4,20.60425,68.0,27
LOND,lond026,Control_202,77.0,C3,15.82658,68.0,27
LOND,lond026,Control_202,77.0,C4,18.55272,68.0,27
LOND,lond026,Control_202,77.0,P7,6.671831,68.0,27
LOND,lond026,Control_202,77.0,P8,16.30807,68.0,27
LOND,lond026,Control_202,77.0,O1,12.18095,68.0,27
LOND,lond026,Control_202,77.0,O2,-1.47139,68.0,27
LOND,lond026,Control_202,65.0,Pz,-12.09608,77.0,100
LOND,lond026,Control_202,65.0,Cz,-23.33619,77.0,100
LOND,lond026,Control_202,65.0,CP1,-28.13948,77.0,100
LOND,lond026,Control_202,65.0,CP2,-17.0318,77.0,100
LOND,lond026,Control_202,65.0,P3,-22.48388,77.0,100
LOND,lond026,Control_202,65.0,P4,-8.832575,77.0,100
LOND,lond026,Control_202,65.0,C3,-26.24856,77.0,100
LOND,lond026,Control_202,65.0,C4,-23.79416,77.0,100
LOND,lond026,Control_202,65.0,P7,-15.63782,77.0,100
LOND,lond026,Control_202,65.0,P8,-0.6205227,77.0,100
LOND,lond026,Control_202,65.0,O1,-14.51276,77.0,100
LOND,lond026,Control_202,65.0,O2,-19.42807,77.0,100
LOND,lond026,Violation_201,66.0,Pz,-3.21269,65.0,93
LOND,lond026,Violation_201,66.0,Cz,-12.64516,65.0,93
LOND,lond026,Violation_201,66.0,CP1,-2.637605,65.0,93
LOND,lond026,Violation_201,66.0,CP2,-5.826622,65.0,93
LOND,lond026,Violation_201,66.0,P3,-5.312183,65.0,93
LOND,lond026,Violation_201,66.0,P4,-1.56835,65.0,93
LOND,lond026,Violation_201,66.0,C3,1.757977,65.0,93
LOND,lond026,Violation_201,66.0,C4,-5.906725,65.0,93
LOND,lond026,Violation_201,66.0,P7,-5.261001,65.0,93
LOND,lond026,Violation_201,66.0,P8,-10.56632,65.0,93
LOND,lond026,Violation_201,66.0,O1,2.89755,65.0,93
LOND,lond026,Violation_201,66.0,O2,-6.990523,65.0,93
LOND,lond026,Violation_201,70.0,Pz,10.3009,67.0,87
LOND,lond026,Violation_201,70.0,Cz,10.86982,67.0,87
LOND,lond026,Violation_201,70.0,CP1,17.92476,67.0,87
LOND,lond026,Violation_201,70.0,CP2,10.25941,67.0,87
LOND,lond026,Violation_201,70.0,P3,23.23405,67.0,87
LOND,lond026,Violation_201,70.0,P4,2.878978,67.0,87
LOND,lond026,Violation_201,70.0,C3,11.82329,67.0,87
LOND,lond026,Violation_201,70.0,C4,7.218699,67.0,87
LOND,lond026,Violation_201,70.0,P7,16.15794,67.0,87
LOND,lond026,Violation_201,70.0,P8,16.69158,67.0,87
LOND,lond026,Violation_201,70.0,O1,24.35306,67.0,87
LOND,lond026,Violation_201,70.0,O2,24.618,67.0,87
LOND,lond026,Violation_201,62.0,Pz,1.915877,76.0,90
LOND,lond026,Violation_201,62.0,Cz,6.417233,76.0,90
LOND,lond026,Violation_201,62.0,CP1,5.026628,76.0,90
LOND,lond026,Violation_201,62.0,CP2,6.584929,76.0,90
LOND,lond026,Violation_201,62.0,P3,-2.868274,76.0,90
LOND,lond026,Violation_201,62.0,P4,12.92032,76.0,90
LOND,lond026,Violation_201,62.0,C3,3.182696,76.0,90
LOND,lond026,Violation_201,62.0,C4,6.150834,76.0,90
LOND,lond026,Violation_201,62.0,P7,6.928392,76.0,90
LOND,lond026,Violation_201,62.0,P8,11.59711,76.0,90
LOND,lond026,Violation_201,62.0,O1,-1.493601,76.0,90
LOND,lond026,Violation_201,62.0,O2,6.122226,76.0,90
LOND,lond026,Violation_201,78.0,Pz,19.3225,78.0,97
LOND,lond026,Violation_201,78.0,Cz,-5.989478,78.0,97
LOND,lond026,Violation_201,78.0,CP1,15.07724,78.0,97
LOND,lond026,Violation_201,78.0,CP2,26.44197,78.0,97
LOND,lond026,Violation_201,78.0,P3,12.6071,78.0,97
LOND,lond026,Violation_201,78.0,P4,12.23498,78.0,97
LOND,lond026,Violation_201,78.0,C3,3.266814,78.0,97
LOND,lond026,Violation_201,78.0,C4,16.8532,78.0,97
LOND,lond026,Violation_201,78.0,P7,12.18865,78.0,97
LOND,lond026,Violation_201,78.0,P8,12.93001,78.0,97
LOND,lond026,Violation_201,78.0,O1,3.58727,78.0,97
LOND,lond026,Violation_201,78.0,O2,3.650188,78.0,97
LOND,lond026,Control_202,73.0,Pz,-0.5253951,62.0,70
LOND,lond026,Control_202,73.0,Cz,11.46005,62.0,70
LOND,lond026,Control_202,73.0,CP1,9.705836,62.0,70
LOND,lond026,Control_202,73.0,CP2,15.779,62.0,70
LOND,lond026,Control_202,73.0,P3,0.7552662,62.0,70
LOND,lond026,Control_202,73.0,P4,32.23236,62.0,70
LOND,lond026,Control_202,73.0,C3,8.321082,62.0,70
LOND,lond026,Control_202,73.0,C4,12.43007,62.0,70
LOND,lond026,Control_202,73.0,P7,-2.464813,62.0,70
LOND,lond026,Control_202,73.0,P8,-6.628882,62.0,70
LOND,lond026,Control_202,73.0,O1,3.844836,62.0,70
LOND,lond026,Control_202,73.0,O2,-3.035232,62.0,70
LOND,lond027,Control_202,17.0,Pz,-14.30774,18.0,87
LOND,lond027,Control_202,17.0,Cz,-12.87051,18.0,87
LOND,lond027,Control_202,17.0,CP1,-12.07534,18.0,87
LOND,lond027,Control_202,17.0,CP2,-5.153539,18.0,87
LOND,lond027,Control_202,17.0,P3,-19.57779,18.0,87
LOND,lond027,Control_202,17.0,P4,1.023703,18.0,87
LOND,lond027,Control_202,17.0,C3,-11.38767,18.0,87
LOND,lond027,Control_202,17.0,C4,-3.00975,18.0,87
LOND,lond027,Control_202,17.0,P7,-9.101717,18.0,87
LOND,lond027,Control_202,17.0,P8,-8.690722,18.0,87
LOND,lond027,Control_202,17.0,O1,-12.4597,18.0,87
LOND,lond027,Control_202,17.0,O2,-12.68218,18.0,87
LOND,lond027,Violation_201,14.0,Pz,-11.64127,1.0,97
LOND,lond027,Violation_201,14.0,Cz,0.292727,1.0,97
LOND,lond027,Violation_201,14.0,CP1,-1.066392,1.0,97
LOND,lond027,Violation_201,14.0,CP2,-6.997959,1.0,97
LOND,lond027,Violation_201,14.0,P3,-1.776441,1.0,97
LOND,lond027,Violation_201,14.0,P4,-2.806988,1.0,97
LOND,lond027,Violation_201,14.0,C3,-0.4944374,1.0,97
LOND,lond027,Violation_201,14.0,C4,-5.007195,1.0,97
LOND,lond027,Violation_201,14.0,P7,2.160887,1.0,97
LOND,lond027,Violation_201,14.0,P8,3.035923,1.0,97
LOND,lond027,Violation_201,14.0,O1,-6.799418,1.0,97
LOND,lond027,Violation_201,14.0,O2,4.534163,1.0,97
LOND,lond027,Control_202,9.0,Pz,2.233056,13.0,97
LOND,lond027,Control_202,9.0,Cz,-2.057971,13.0,97
LOND,lond027,Control_202,9.0,CP1,-2.086505,13.0,97
LOND,lond027,Control_202,9.0,CP2,9.221042,13.0,97
LOND,lond027,Control_202,9.0,P3,6.057415,13.0,97
LOND,lond027,Control_202,9.0,P4,-3.607851,13.0,97
LOND,lond027,Control_202,9.0,C3,-9.002775,13.0,97
LOND,lond027,Control_202,9.0,C4,6.30559,13.0,97
LOND,lond027,Control_202,9.0,P7,-4.139431,13.0,97
LOND,lond027,Control_202,9.0,P8,0.7594928,13.0,97
LOND,lond027,Control_202,9.0,O1,-6.484119,13.0,97
LOND,lond027,Control_202,9.0,O2,-9.972429,13.0,97
LOND,lond027,Violation_201,2.0,Pz,15.60562,12.0,100
LOND,lond027,Violation_201,2.0,Cz,16.44618,12.0,100
LOND,lond027,Violation_201,2.0,CP1,8.053622,12.0,100
LOND,lond027,Violation_201,2.0,CP2,21.32705,12.0,100
LOND,lond027,Violation_201,2.0,P3,10.98919,12.0,100
LOND,lond027,Violation_201,2.0,P4,9.262103,12.0,100
LOND,lond027,Violation_201,2.0,C3,6.639665,12.0,100
LOND,lond027,Violation_201,2.0,C4,15.30533,12.0,100
LOND,lond027,Violation_201,2.0,P7,4.858651,12.0,100
LOND,lond027,Violation_201,2.0,P8,7.087532,12.0,100
LOND,lond027,Violation_201,2.0,O1,7.829032,12.0,100
LOND,lond027,Violation_201,2.0,O2,13.95729,12.0,100
LOND,lond027,Violation_201,6.0,Pz,-6.122406,2.0,100
LOND,lond027,Violation_201,6.0,Cz,4.090969,2.0,100
LOND,lond027,Violation_201,6.0,CP1,-3.787005,2.0,100
LOND,lond027,Violation_201,6.0,CP2,-7.475101,2.0,100
LOND,lond027,Violation_201,6.0,P3,-2.158194,2.0,100
LOND,lond027,Violation_201,6.0,P4,-8.326141,2.0,100
LOND,lond027,Violation_201,6.0,C3,0.9728051,2.0,100
LOND,lond027,Violation_201,6.0,C4,-10.47461,2.0,100
LOND,lond027,Violation_201,6.0,P7,-4.576505,2.0,100
LOND,lond027,Violation_201,6.0,P8,-8.718107,2.0,100
LOND,lond027,Violation_201,6.0,O1,-5.665088,2.0,100
LOND,lond027,Violation_201,6.0,O2,-4.642452,2.0,100
LOND,lond027,Control_202,13.0,Pz,6.201424,7.0,80
LOND,lond027,Control_202,13.0,Cz,-5.698837,7.0,80
LOND,lond027,Control_202,13.0,CP1,1.129387,7.0,80
LOND,lond027,Control_202,13.0,CP2,-1.731745,7.0,80
LOND,lond027,Control_202,13.0,P3,5.431827,7.0,80
LOND,lond027,Control_202,13.0,P4,8.246517,7.0,80
LOND,lond027,Control_202,13.0,C3,1.128985,7.0,80
LOND,lond027,Control_202,13.0,C4,-6.54784,7.0,80
LOND,lond027,Control_202,13.0,P7,2.951376,7.0,80
LOND,lond027,Control_202,13.0,P8,6.708275,7.0,80
LOND,lond027,Control_202,13.0,O1,2.597707,7.0,80
LOND,lond027,Control_202,13.0,O2,-7.716984,7.0,80
LOND,lond027,Control_202,1.0,Pz,3.653783,20.0,90
LOND,lond027,Control_202,1.0,Cz,7.069438,20.0,90
LOND,lond027,Control_202,1.0,CP1,-3.175034,20.0,90
LOND,lond027,Control_202,1.0,CP2,-1.176376,20.0,90
LOND,lond027,Control_202,1.0,P3,9.216512,20.0,90
LOND,lond027,Control_202,1.0,P4,-8.483602,20.0,90
LOND,lond027,Control_202,1.0,C3,-0.6417058,20.0,90
LOND,lond027,Control_202,1.0,C4,-3.70278,20.0,90
LOND,lond027,Control_202,1.0,P7,5.127597,20.0,90
LOND,lond027,Control_202,1.0,P8,-3.468409,20.0,90
LOND,lond027,Control_202,1.0,O1,-2.848524,20.0,90
LOND,lond027,Control_202,1.0,O2,-4.550083,20.0,90
LOND,lond027,Violation_201,10.0,Pz,1.762452,11.0,87
LOND,lond027,Violation_201,10.0,Cz,2.896254,11.0,87
LOND,lond027,Violation_201,10.0,CP1,6.333605,11.0,87
LOND,lond027,Violation_201,10.0,CP2,-4.715293,11.0,87
LOND,lond027,Violation_201,10.0,P3,4.302425,11.0,87
LOND,lond027,Violation_201,10.0,P4,2.803346,11.0,87
LOND,lond027,Violation_201,10.0,C3,12.49338,11.0,87
LOND,lond027,Violation_201,10.0,C4,8.018704,11.0,87
LOND,lond027,Violation_201,10.0,P7,0.7529907,11.0,87
LOND,lond027,Violation_201,10.0,P8,2.316592,11.0,87
LOND,lond027,Violation_201,10.0,O1,-3.803212,11.0,87
LOND,lond027,Violation_201,10.0,O2,-4.793881,11.0,87
LOND,lond027,Violation_201,18.0,Pz,23.19436,5.0,93
LOND,lond027,Violation_201,18.0,Cz,22.10859,5.0,93
LOND,lond027,Violation_201,18.0,CP1,17.35719,5.0,93
LOND,lond027,Violation_201,18.0,CP2,22.13987,5.0,93
LOND,lond027,Violation_201,18.0,P3,11.75901,5.0,93
LOND,lond027,Violation_201,18.0,P4,17.50845,5.0,93
LOND,lond027,Violation_201,18.0,C3,5.235269,5.0,93
LOND,lond027,Violation_201,18.0,C4,18.09756,5.0,93
LOND,lond027,Violation_201,18.0,P7,3.123221,5.0,93
LOND,lond027,Violation_201,18.0,P8,8.882313,5.0,93
LOND,lond027,Violation_201,18.0,O1,14.33881,5.0,93
LOND,lond027,Violation_201,18.0,O2,12.40447,5.0,93
LOND,lond027,Control_202,5.0,Pz,-0.1078921,9.0,93
LOND,lond027,Control_202,5.0,Cz,2.768521,9.0,93
LOND,lond027,Control_202,5.0,CP1,-1.25499,9.0,93
LOND,lond027,Control_202,5.0,CP2,-3.604991,9.0,93
LOND,lond027,Control_202,5.0,P3,0.5113061,9.0,93
LOND,lond027,Control_202,5.0,P4,-4.335873,9.0,93
LOND,lond027,Control_202,5.0,C3,4.226455,9.0,93
LOND,lond027,Control_202,5.0,C4,-3.994281,9.0,93
LOND,lond027,Control_202,5.0,P7,6.973186,9.0,93
LOND,lond027,Control_202,5.0,P8,-2.973678,9.0,93
LOND,lond027,Control_202,5.0,O1,-0.3923154,9.0,93
LOND,lond027,Control_202,5.0,O2,4.165918,9.0,93
LOND,lond027,Violation_201,34.0,Pz,2.352906,38.0,93
LOND,lond027,Violation_201,34.0,Cz,17.95247,38.0,93
LOND,lond027,Violation_201,34.0,CP1,8.923394,38.0,93
LOND,lond027,Violation_201,34.0,CP2,9.787946,38.0,93
LOND,lond027,Violation_201,34.0,P3,6.366773,38.0,93
LOND,lond027,Violation_201,34.0,P4,10.63278,38.0,93
LOND,lond027,Violation_201,34.0,C3,12.91812,38.0,93
LOND,lond027,Violation_201,34.0,C4,6.72446,38.0,93
LOND,lond027,Violation_201,34.0,P7,13.24146,38.0,93
LOND,lond027,Violation_201,34.0,P8,5.094199,38.0,93
LOND,lond027,Violation_201,34.0,O1,11.12642,38.0,93
LOND,lond027,Violation_201,34.0,O2,8.969572,38.0,93
LOND,lond027,Violation_201,22.0,Pz,1.500351,32.0,80
LOND,lond027,Violation_201,22.0,Cz,-6.128601,32.0,80
LOND,lond027,Violation_201,22.0,CP1,-1.898856,32.0,80
LOND,lond027,Violation_201,22.0,CP2,1.20103,32.0,80
LOND,lond027,Violation_201,22.0,P3,5.014997,32.0,80
LOND,lond027,Violation_201,22.0,P4,-2.068309,32.0,80
LOND,lond027,Violation_201,22.0,C3,-3.43922,32.0,80
LOND,lond027,Violation_201,22.0,C4,-5.971924,32.0,80
LOND,lond027,Violation_201,22.0,P7,-1.08914,32.0,80
LOND,lond027,Violation_201,22.0,P8,-7.583059,32.0,80
LOND,lond027,Violation_201,22.0,O1,-3.953958,32.0,80
LOND,lond027,Violation_201,22.0,O2,1.467217,32.0,80
LOND,lond027,Control_202,21.0,Pz,-3.478608,31.0,77
LOND,lond027,Control_202,21.0,Cz,1.045334,31.0,77
LOND,lond027,Control_202,21.0,CP1,-8.461646,31.0,77
LOND,lond027,Control_202,21.0,CP2,-2.92921,31.0,77
LOND,lond027,Control_202,21.0,P3,-5.053476,31.0,77
LOND,lond027,Control_202,21.0,P4,-3.530839,31.0,77
LOND,lond027,Control_202,21.0,C3,-5.955448,31.0,77
LOND,lond027,Control_202,21.0,C4,1.336609,31.0,77
LOND,lond027,Control_202,21.0,P7,-9.128761,31.0,77
LOND,lond027,Control_202,21.0,P8,0.4226117,31.0,77
LOND,lond027,Control_202,21.0,O1,-6.176111,31.0,77
LOND,lond027,Control_202,21.0,O2,2.514768,31.0,77
LOND,lond027,Control_202,37.0,Pz,5.463744,36.0,77
LOND,lond027,Control_202,37.0,Cz,-6.104803,36.0,77
LOND,lond027,Control_202,37.0,CP1,0.1241484,36.0,77
LOND,lond027,Control_202,37.0,CP2,7.787288,36.0,77
LOND,lond027,Control_202,37.0,P3,1.018731,36.0,77
LOND,lond027,Control_202,37.0,P4,1.708622,36.0,77
LOND,lond027,Control_202,37.0,C3,-4.969836,36.0,77
LOND,lond027,Control_202,37.0,C4,6.560965,36.0,77
LOND,lond027,Control_202,37.0,P7,-3.242754,36.0,77
LOND,lond027,Control_202,37.0,P8,-7.104286,36.0,77
LOND,lond027,Control_202,37.0,O1,-5.848451,36.0,77
LOND,lond027,Control_202,37.0,O2,-8.032746,36.0,77
LOND,lond027,Control_202,33.0,Pz,5.050879,26.0,87
LOND,lond027,Control_202,33.0,Cz,11.93493,26.0,87
LOND,lond027,Control_202,33.0,CP1,8.243561,26.0,87
LOND,lond027,Control_202,33.0,CP2,21.81928,26.0,87
LOND,lond027,Control_202,33.0,P3,7.884017,26.0,87
LOND,lond027,Control_202,33.0,P4,3.840413,26.0,87
LOND,lond027,Control_202,33.0,C3,-0.02688341,26.0,87
LOND,lond027,Control_202,33.0,C4,5.477017,26.0,87
LOND,lond027,Control_202,33.0,P7,-0.2060271,26.0,87
LOND,lond027,Control_202,33.0,P8,-3.258786,26.0,87
LOND,lond027,Control_202,33.0,O1,-7.789408,26.0,87
LOND,lond027,Control_202,33.0,O2,-1.390565,26.0,87
LOND,lond027,Violation_201,30.0,Pz,4.348475,30.0,90
LOND,lond027,Violation_201,30.0,Cz,13.84776,30.0,90
LOND,lond027,Violation_201,30.0,CP1,6.770219,30.0,90
LOND,lond027,Violation_201,30.0,CP2,8.223219,30.0,90
LOND,lond027,Violation_201,30.0,P3,4.474333,30.0,90
LOND,lond027,Violation_201,30.0,P4,2.47912,30.0,90
LOND,lond027,Violation_201,30.0,C3,9.324864,30.0,90
LOND,lond027,Violation_201,30.0,C4,7.405925,30.0,90
LOND,lond027,Violation_201,30.0,P7,2.719584,30.0,90
LOND,lond027,Violation_201,30.0,P8,1.955321,30.0,90
LOND,lond027,Violation_201,30.0,O1,-1.704106,30.0,90
LOND,lond027,Violation_201,30.0,O2,1.45157,30.0,90
LOND,lond027,Violation_201,29.0,Pz,1.510041,27.0,97
LOND,lond027,Violation_201,29.0,Cz,12.53222,27.0,97
LOND,lond027,Violation_201,29.0,CP1,1.574865,27.0,97
LOND,lond027,Violation_201,29.0,CP2,2.557344,27.0,97
LOND,lond027,Violation_201,29.0,P3,7.347013,27.0,97
LOND,lond027,Violation_201,29.0,P4,12.49421,27.0,97
LOND,lond027,Violation_201,29.0,C3,14.09748,27.0,97
LOND,lond027,Violation_201,29.0,C4,4.570717,27.0,97
LOND,lond027,Violation_201,29.0,P7,7.352727,27.0,97
LOND,lond027,Violation_201,29.0,P8,10.21375,27.0,97
LOND,lond027,Violation_201,29.0,O1,11.33046,27.0,97
LOND,lond027,Violation_201,29.0,O2,8.250311,27.0,97
LOND,lond027,Violation_201,26.0,Pz,-2.680786,21.0,77
LOND,lond027,Violation_201,26.0,Cz,-7.977618,21.0,77
LOND,lond027,Violation_201,26.0,CP1,-11.68905,21.0,77
LOND,lond027,Violation_201,26.0,CP2,-2.953883,21.0,77
LOND,lond027,Violation_201,26.0,P3,-14.23577,21.0,77
LOND,lond027,Violation_201,26.0,P4,-11.44086,21.0,77
LOND,lond027,Violation_201,26.0,C3,-15.85064,21.0,77
LOND,lond027,Violation_201,26.0,C4,5.580167,21.0,77
LOND,lond027,Violation_201,26.0,P7,-11.05933,21.0,77
LOND,lond027,Violation_201,26.0,P8,-11.05414,21.0,77
LOND,lond027,Violation_201,26.0,O1,-15.47632,21.0,77
LOND,lond027,Violation_201,26.0,O2,-17.38799,21.0,77
LOND,lond027,Violation_201,38.0,Pz,13.46125,28.0,27
LOND,lond027,Violation_201,38.0,Cz,24.42396,28.0,27
LOND,lond027,Violation_201,38.0,CP1,16.29612,28.0,27
LOND,lond027,Violation_201,38.0,CP2,19.95936,28.0,27
LOND,lond027,Violation_201,38.0,P3,15.08796,28.0,27
LOND,lond027,Violation_201,38.0,P4,12.98326,28.0,27
LOND,lond027,Violation_201,38.0,C3,11.0236,28.0,27
LOND,lond027,Violation_201,38.0,C4,15.13184,28.0,27
LOND,lond027,Violation_201,38.0,P7,8.418935,28.0,27
LOND,lond027,Violation_201,38.0,P8,-0.5535238,28.0,27
LOND,lond027,Violation_201,38.0,O1,8.963177,28.0,27
LOND,lond027,Violation_201,38.0,O2,-0.7941257,28.0,27
LOND,lond027,Control_202,25.0,Pz,-4.054244,22.0,53
LOND,lond027,Control_202,25.0,Cz,1.758853,22.0,53
LOND,lond027,Control_202,25.0,CP1,-2.636181,22.0,53
LOND,lond027,Control_202,25.0,CP2,2.360424,22.0,53
LOND,lond027,Control_202,25.0,P3,-2.417808,22.0,53
LOND,lond027,Control_202,25.0,P4,2.28497,22.0,53
LOND,lond027,Control_202,25.0,C3,-4.14657,22.0,53
LOND,lond027,Control_202,25.0,C4,2.176264,22.0,53
LOND,lond027,Control_202,25.0,P7,-4.727422,22.0,53
LOND,lond027,Control_202,25.0,P8,5.47446,22.0,53
LOND,lond027,Control_202,25.0,O1,-3.146049,22.0,53
LOND,lond027,Control_202,25.0,O2,2.65477,22.0,53
LOND,lond027,Control_202,45.0,Pz,9.593966,42.0,37
LOND,lond027,Control_202,45.0,Cz,0.5656414,42.0,37
LOND,lond027,Control_202,45.0,CP1,2.770855,42.0,37
LOND,lond027,Control_202,45.0,CP2,5.478643,42.0,37
LOND,lond027,Control_202,45.0,P3,3.275271,42.0,37
LOND,lond027,Control_202,45.0,P4,0.09792124,42.0,37
LOND,lond027,Control_202,45.0,C3,1.134216,42.0,37
LOND,lond027,Control_202,45.0,C4,2.021198,42.0,37
LOND,lond027,Control_202,45.0,P7,-3.245309,42.0,37
LOND,lond027,Control_202,45.0,P8,-6.347181,42.0,37
LOND,lond027,Control_202,45.0,O1,-3.818298,42.0,37
LOND,lond027,Control_202,45.0,O2,2.513767,42.0,37
LOND,lond027,Violation_201,46.0,Pz,-9.099252,60.0,90
LOND,lond027,Violation_201,46.0,Cz,-9.288114,60.0,90
LOND,lond027,Violation_201,46.0,CP1,-2.870076,60.0,90
LOND,lond027,Violation_201,46.0,CP2,-10.60115,60.0,90
LOND,lond027,Violation_201,46.0,P3,1.286002,60.0,90
LOND,lond027,Violation_201,46.0,P4,-2.127554,60.0,90
LOND,lond027,Violation_201,46.0,C3,3.32371,60.0,90
LOND,lond027,Violation_201,46.0,C4,-11.26865,60.0,90
LOND,lond027,Violation_201,46.0,P7,-2.246643,60.0,90
LOND,lond027,Violation_201,46.0,P8,1.290269,60.0,90
LOND,lond027,Violation_201,46.0,O1,-5.534393,60.0,90
LOND,lond027,Violation_201,46.0,O2,-2.478323,60.0,90
LOND,lond027,Violation_201,42.0,Pz,17.78952,59.0,73
LOND,lond027,Violation_201,42.0,Cz,14.3316,59.0,73
LOND,lond027,Violation_201,42.0,CP1,18.84797,59.0,73
LOND,lond027,Violation_201,42.0,CP2,25.18999,59.0,73
LOND,lond027,Violation_201,42.0,P3,14.89796,59.0,73
LOND,lond027,Violation_201,42.0,P4,17.31831,59.0,73
LOND,lond027,Violation_201,42.0,C3,13.09186,59.0,73
LOND,lond027,Violation_201,42.0,C4,18.0221,59.0,73
LOND,lond027,Violation_201,42.0,P7,20.03745,59.0,73
LOND,lond027,Violation_201,42.0,P8,25.25196,59.0,73
LOND,lond027,Violation_201,42.0,O1,17.48342,59.0,73
LOND,lond027,Violation_201,42.0,O2,19.0603,59.0,73
LOND,lond027,Violation_201,50.0,Pz,10.12709,44.0,90
LOND,lond027,Violation_201,50.0,Cz,38.88194,44.0,90
LOND,lond027,Violation_201,50.0,CP1,14.52878,44.0,90
LOND,lond027,Violation_201,50.0,CP2,33.24144,44.0,90
LOND,lond027,Violation_201,50.0,P3,13.86119,44.0,90
LOND,lond027,Violation_201,50.0,P4,13.15996,44.0,90
LOND,lond027,Violation_201,50.0,C3,7.886188,44.0,90
LOND,lond027,Violation_201,50.0,C4,10.32897,44.0,90
LOND,lond027,Violation_201,50.0,P7,9.483735,44.0,90
LOND,lond027,Violation_201,50.0,P8,3.07746,44.0,90
LOND,lond027,Violation_201,50.0,O1,6.784214,44.0,90
LOND,lond027,Violation_201,50.0,O2,9.726639,44.0,90
LOND,lond027,Violation_201,58.0,Pz,-8.945754,41.0,100
LOND,lond027,Violation_201,58.0,Cz,-7.065445,41.0,100
LOND,lond027,Violation_201,58.0,CP1,-11.73673,41.0,100
LOND,lond027,Violation_201,58.0,CP2,-7.199453,41.0,100
LOND,lond027,Violation_201,58.0,P3,-11.7861,41.0,100
LOND,lond027,Violation_201,58.0,P4,-5.039487,41.0,100
LOND,lond027,Violation_201,58.0,C3,-9.071502,41.0,100
LOND,lond027,Violation_201,58.0,C4,-3.463218,41.0,100
LOND,lond027,Violation_201,58.0,P7,-9.629828,41.0,100
LOND,lond027,Violation_201,58.0,P8,-4.815126,41.0,100
LOND,lond027,Violation_201,58.0,O1,-8.889799,41.0,100
LOND,lond027,Violation_201,58.0,O2,-7.242485,41.0,100
LOND,lond027,Control_202,49.0,Pz,-3.866522,55.0,93
LOND,lond027,Control_202,49.0,Cz,-4.555346,55.0,93
LOND,lond027,Control_202,49.0,CP1,-2.393166,55.0,93
LOND,lond027,Control_202,49.0,CP2,-10.99956,55.0,93
LOND,lond027,Control_202,49.0,P3,-5.990765,55.0,93
LOND,lond027,Control_202,49.0,P4,-6.403715,55.0,93
LOND,lond027,Control_202,49.0,C3,1.149995,55.0,93
LOND,lond027,Control_202,49.0,C4,-5.500486,55.0,93
LOND,lond027,Control_202,49.0,P7,5.78972,55.0,93
LOND,lond027,Control_202,49.0,P8,4.077073,55.0,93
LOND,lond027,Control_202,49.0,O1,-0.3791997,55.0,93
LOND,lond027,Control_202,49.0,O2,5.877141,55.0,93
LOND,lond027,Control_202,53.0,Pz,14.70912,58.0,73
LOND,lond027,Control_202,53.0,Cz,6.52283,58.0,73
LOND,lond027,Control_202,53.0,CP1,11.75969,58.0,73
LOND,lond027,Control_202,53.0,CP2,-0.08004416,58.0,73
LOND,lond027,Control_202,53.0,P3,12.95005,58.0,73
LOND,lond027,Control_202,53.0,P4,15.50588,58.0,73
LOND,lond027,Control_202,53.0,C3,24.11765,58.0,73
LOND,lond027,Control_202,53.0,C4,13.32674,58.0,73
LOND,lond027,Control_202,53.0,P7,13.39074,58.0,73
LOND,lond027,Control_202,53.0,P8,6.498145,58.0,73
LOND,lond027,Control_202,53.0,O1,6.573621,58.0,73
LOND,lond027,Control_202,53.0,O2,4.836321,58.0,73
LOND,lond027,Control_202,41.0,Pz,22.458,43.0,93
LOND,lond027,Control_202,41.0,Cz,20.01978,43.0,93
LOND,lond027,Control_202,41.0,CP1,20.45515,43.0,93
LOND,lond027,Control_202,41.0,CP2,32.63609,43.0,93
LOND,lond027,Control_202,41.0,P3,19.56612,43.0,93
LOND,lond027,Control_202,41.0,P4,22.98595,43.0,93
LOND,lond027,Control_202,41.0,C3,13.19304,43.0,93
LOND,lond027,Control_202,41.0,C4,16.65968,43.0,93
LOND,lond027,Control_202,41.0,P7,15.48063,43.0,93
LOND,lond027,Control_202,41.0,P8,12.59428,43.0,93
LOND,lond027,Control_202,41.0,O1,16.50824,43.0,93
LOND,lond027,Control_202,41.0,O2,14.3697,43.0,93
LOND,lond027,Control_202,57.0,Pz,-22.84129,53.0,93
LOND,lond027,Control_202,57.0,Cz,-33.32111,53.0,93
LOND,lond027,Control_202,57.0,CP1,-30.49656,53.0,93
LOND,lond027,Control_202,57.0,CP2,-28.77865,53.0,93
LOND,lond027,Control_202,57.0,P3,-29.74302,53.0,93
LOND,lond027,Control_202,57.0,P4,-25.87178,53.0,93
LOND,lond027,Control_202,57.0,C3,-34.49787,53.0,93
LOND,lond027,Control_202,57.0,C4,-35.78751,53.0,93
LOND,lond027,Control_202,57.0,P7,-36.98081,53.0,93
LOND,lond027,Control_202,57.0,P8,-35.2571,53.0,93
LOND,lond027,Control_202,57.0,O1,-34.74392,53.0,93
LOND,lond027,Control_202,57.0,O2,-34.06543,53.0,93
LOND,lond027,Violation_201,54.0,Pz,-2.889717,52.0,87
LOND,lond027,Violation_201,54.0,Cz,-0.7974382,52.0,87
LOND,lond027,Violation_201,54.0,CP1,1.929502,52.0,87
LOND,lond027,Violation_201,54.0,CP2,-2.433012,52.0,87
LOND,lond027,Violation_201,54.0,P3,-4.251304,52.0,87
LOND,lond027,Violation_201,54.0,P4,-3.052273,52.0,87
LOND,lond027,Violation_201,54.0,C3,-2.606473,52.0,87
LOND,lond027,Violation_201,54.0,C4,-1.369927,52.0,87
LOND,lond027,Violation_201,54.0,P7,0.4336379,52.0,87
LOND,lond027,Violation_201,54.0,P8,2.90529,52.0,87
LOND,lond027,Violation_201,54.0,O1,1.088078,52.0,87
LOND,lond027,Violation_201,54.0,O2,-3.099671,52.0,87
LOND,lond027,Violation_201,66.0,Pz,5.77714,70.0,57
LOND,lond027,Violation_201,66.0,Cz,8.036046,70.0,57
LOND,lond027,Violation_201,66.0,CP1,7.683118,70.0,57
LOND,lond027,Violation_201,66.0,CP2,9.589344,70.0,57
LOND,lond027,Violation_201,66.0,P3,7.628241,70.0,57
LOND,lond027,Violation_201,66.0,P4,5.43825,70.0,57
LOND,lond027,Violation_201,66.0,C3,10.04657,70.0,57
LOND,lond027,Violation_201,66.0,C4,14.18478,70.0,57
LOND,lond027,Violation_201,66.0,P7,7.320401,70.0,57
LOND,lond027,Violation_201,66.0,P8,16.94487,70.0,57
LOND,lond027,Violation_201,66.0,O1,3.604231,70.0,57
LOND,lond027,Violation_201,66.0,O2,10.20657,70.0,57
LOND,lond027,Violation_201,70.0,Pz,-0.9433255,72.0,90
LOND,lond027,Violation_201,70.0,Cz,-17.70537,72.0,90
LOND,lond027,Violation_201,70.0,CP1,-6.293161,72.0,90
LOND,lond027,Violation_201,70.0,CP2,-12.95354,72.0,90
LOND,lond027,Violation_201,70.0,P3,-5.592906,72.0,90
LOND,lond027,Violation_201,70.0,P4,-8.554483,72.0,90
LOND,lond027,Violation_201,70.0,C3,-8.565221,72.0,90
LOND,lond027,Violation_201,70.0,C4,-8.239195,72.0,90
LOND,lond027,Violation_201,70.0,P7,3.939233,72.0,90
LOND,lond027,Violation_201,70.0,P8,-0.2198799,72.0,90
LOND,lond027,Violation_201,70.0,O1,3.16826,72.0,90
LOND,lond027,Violation_201,70.0,O2,1.560183,72.0,90
LOND,lond027,Violation_201,62.0,Pz,-8.860241,64.0,50
LOND,lond027,Violation_201,62.0,Cz,-2.206468,64.0,50
LOND,lond027,Violation_201,62.0,CP1,-2.968859,64.0,50
LOND,lond027,Violation_201,62.0,CP2,2.060568,64.0,50
LOND,lond027,Violation_201,62.0,P3,0.279128,64.0,50
LOND,lond027,Violation_201,62.0,P4,1.116415,64.0,50
LOND,lond027,Violation_201,62.0,C3,-1.735669,64.0,50
LOND,lond027,Violation_201,62.0,C4,-3.156472,64.0,50
LOND,lond027,Violation_201,62.0,P7,-1.53231,64.0,50
LOND,lond027,Violation_201,62.0,P8,1.853313,64.0,50
LOND,lond027,Violation_201,62.0,O1,-0.9061383,64.0,50
LOND,lond027,Violation_201,62.0,O2,1.852588,64.0,50
LOND,lond027,Control_202,65.0,Pz,8.256838,76.0,90
LOND,lond027,Control_202,65.0,Cz,6.556941,76.0,90
LOND,lond027,Control_202,65.0,CP1,5.274605,76.0,90
LOND,lond027,Control_202,65.0,CP2,10.456,76.0,90
LOND,lond027,Control_202,65.0,P3,3.518687,76.0,90
LOND,lond027,Control_202,65.0,P4,0.9650969,76.0,90
LOND,lond027,Control_202,65.0,C3,-3.627223,76.0,90
LOND,lond027,Control_202,65.0,C4,5.581525,76.0,90
LOND,lond027,Control_202,65.0,P7,-5.922567,76.0,90
LOND,lond027,Control_202,65.0,P8,-3.722242,76.0,90
LOND,lond027,Control_202,65.0,O1,-2.258411,76.0,90
LOND,lond027,Control_202,65.0,O2,-0.3221953,76.0,90
LOND,lond027,Control_202,73.0,Pz,-15.7335,75.0,60
LOND,lond027,Control_202,73.0,Cz,-16.78974,75.0,60
LOND,lond027,Control_202,73.0,CP1,-12.53276,75.0,60
LOND,lond027,Control_202,73.0,CP2,-19.29305,75.0,60
LOND,lond027,Control_202,73.0,P3,-15.32334,75.0,60
LOND,lond027,Control_202,73.0,P4,-17.91138,75.0,60
LOND,lond027,Control_202,73.0,C3,-16.20506,75.0,60
LOND,lond027,Control_202,73.0,C4,-18.72607,75.0,60
LOND,lond027,Control_202,73.0,P7,-14.00483,75.0,60
LOND,lond027,Control_202,73.0,P8,-15.77472,75.0,60
LOND,lond027,Control_202,73.0,O1,-9.85699,75.0,60
LOND,lond027,Control_202,73.0,O2,-13.9088,75.0,60
LOND,lond027,Violation_201,78.0,Pz,18.37136,79.0,97
LOND,lond027,Violation_201,78.0,Cz,18.19365,79.0,97
LOND,lond027,Violation_201,78.0,CP1,17.04665,79.0,97
LOND,lond027,Violation_201,78.0,CP2,14.71914,79.0,97
LOND,lond027,Violation_201,78.0,P3,13.99379,79.0,97
LOND,lond027,Violation_201,78.0,P4,25.00481,79.0,97
LOND,lond027,Violation_201,78.0,C3,23.23765,79.0,97
LOND,lond027,Violation_201,78.0,C4,22.3529,79.0,97
LOND,lond027,Violation_201,78.0,P7,13.16181,79.0,97
LOND,lond027,Violation_201,78.0,P8,15.43765,79.0,97
LOND,lond027,Violation_201,78.0,O1,16.92026,79.0,97
LOND,lond027,Violation_201,78.0,O2,7.580276,79.0,97
LOND,lond027,Control_202,61.0,Pz,2.357954,68.0,27
LOND,lond027,Control_202,61.0,Cz,12.45917,68.0,27
LOND,lond027,Control_202,61.0,CP1,6.836873,68.0,27
LOND,lond027,Control_202,61.0,CP2,13.74602,68.0,27
LOND,lond027,Control_202,61.0,P3,5.303537,68.0,27
LOND,lond027,Control_202,61.0,P4,8.984744,68.0,27
LOND,lond027,Control_202,61.0,C3,10.38927,68.0,27
LOND,lond027,Control_202,61.0,C4,13.3562,68.0,27
LOND,lond027,Control_202,61.0,P7,4.105122,68.0,27
LOND,lond027,Control_202,61.0,P8,13.05618,68.0,27
LOND,lond027,Control_202,61.0,O1,12.91347,68.0,27
LOND,lond027,Control_202,61.0,O2,6.510926,68.0,27
LOND,lond027,Control_202,69.0,Pz,2.095833,73.0,80
LOND,lond027,Control_202,69.0,Cz,3.175783,73.0,80
LOND,lond027,Control_202,69.0,CP1,-0.05590221,73.0,80
LOND,lond027,Control_202,69.0,CP2,5.275358,73.0,80
LOND,lond027,Control_202,69.0,P3,2.881622,73.0,80
LOND,lond027,Control_202,69.0,P4,1.259002,73.0,80
LOND,lond027,Control_202,69.0,C3,4.991095,73.0,80
LOND,lond027,Control_202,69.0,C4,9.813731,73.0,80
LOND,lond027,Control_202,69.0,P7,1.011365,73.0,80
LOND,lond027,Control_202,69.0,P8,1.187294,73.0,80
LOND,lond027,Control_202,69.0,O1,-6.396861,73.0,80
LOND,lond027,Control_202,69.0,O2,-2.84631,73.0,80
LOND,lond027,Control_202,77.0,Pz,-5.876576,67.0,87
LOND,lond027,Control_202,77.0,Cz,1.859138,67.0,87
LOND,lond027,Control_202,77.0,CP1,-1.720098,67.0,87
LOND,lond027,Control_202,77.0,CP2,-6.290168,67.0,87
LOND,lond027,Control_202,77.0,P3,-7.505001,67.0,87
LOND,lond027,Control_202,77.0,P4,-5.631577,67.0,87
LOND,lond027,Control_202,77.0,C3,-3.747459,67.0,87
LOND,lond027,Control_202,77.0,C4,-10.9188,67.0,87
LOND,lond027,Control_202,77.0,P7,-8.532515,67.0,87
LOND,lond027,Control_202,77.0,P8,-6.491597,67.0,87
LOND,lond027,Control_202,77.0,O1,-4.135329,67.0,87
LOND,lond027,Control_202,77.0,O2,-8.590356,67.0,87
LOND,lond027,Violation_201,74.0,Pz,1.661518,71.0,90
LOND,lond027,Violation_201,74.0,Cz,-1.794301,71.0,90
LOND,lond027,Violation_201,74.0,CP1,5.409952,71.0,90
LOND,lond027,Violation_201,74.0,CP2,-2.634382,71.0,90
LOND,lond027,Violation_201,74.0,P3,13.38234,71.0,90
LOND,lond027,Violation_201,74.0,P4,5.992128,71.0,90
LOND,lond027,Violation_201,74.0,C3,10.01093,71.0,90
LOND,lond027,Violation_201,74.0,C4,4.956713,71.0,90
LOND,lond027,Violation_201,74.0,P7,7.080752,71.0,90
LOND,lond027,Violation_201,74.0,P8,1.462768,71.0,90
LOND,lond027,Violation_201,74.0,O1,8.421664,71.0,90
LOND,lond027,Violation_201,74.0,O2,-2.043518,71.0,90
LOND,lond028,Violation_201,12.0,Pz,26.25616,15.0,90
LOND,lond028,Violation_201,12.0,Cz,16.11229,15.0,90
LOND,lond028,Violation_201,12.0,CP1,5.601037,15.0,90
LOND,lond028,Violation_201,12.0,CP2,28.73242,15.0,90
LOND,lond028,Violation_201,12.0,P3,7.103722,15.0,90
LOND,lond028,Violation_201,12.0,P4,13.32076,15.0,90
LOND,lond028,Violation_201,12.0,C3,7.104822,15.0,90
LOND,lond028,Violation_201,12.0,C4,10.25605,15.0,90
LOND,lond028,Violation_201,12.0,P7,40.10545,15.0,90
LOND,lond028,Violation_201,12.0,P8,19.55592,15.0,90
LOND,lond028,Violation_201,12.0,O1,25.07114,15.0,90
LOND,lond028,Violation_201,12.0,O2,14.09783,15.0,90
LOND,lond028,Violation_201,8.0,Pz,-8.349459,2.0,100
LOND,lond028,Violation_201,8.0,Cz,-6.793351,2.0,100
LOND,lond028,Violation_201,8.0,CP1,-9.240605,2.0,100
LOND,lond028,Violation_201,8.0,CP2,-11.86467,2.0,100
LOND,lond028,Violation_201,8.0,P3,10.22739,2.0,100
LOND,lond028,Violation_201,8.0,P4,-8.612264,2.0,100
LOND,lond028,Violation_201,8.0,C3,6.085026,2.0,100
LOND,lond028,Violation_201,8.0,C4,3.007178,2.0,100
LOND,lond028,Violation_201,8.0,P7,12.34943,2.0,100
LOND,lond028,Violation_201,8.0,P8,-1.571915,2.0,100
LOND,lond028,Violation_201,8.0,O1,9.359064,2.0,100
LOND,lond028,Violation_201,8.0,O2,-12.91522,2.0,100
LOND,lond028,Control_202,19.0,Pz,12.68786,7.0,80
LOND,lond028,Control_202,19.0,Cz,-6.617863,7.0,80
LOND,lond028,Control_202,19.0,CP1,-5.460587,7.0,80
LOND,lond028,Control_202,19.0,CP2,-9.260798,7.0,80
LOND,lond028,Control_202,19.0,P3,-45.11457,7.0,80
LOND,lond028,Control_202,19.0,P4,21.82647,7.0,80
LOND,lond028,Control_202,19.0,C3,-18.38958,7.0,80
LOND,lond028,Control_202,19.0,C4,6.009109,7.0,80
LOND,lond028,Control_202,19.0,P7,14.01126,7.0,80
LOND,lond028,Control_202,19.0,P8,6.507424,7.0,80
LOND,lond028,Control_202,19.0,O1,3.802962,7.0,80
LOND,lond028,Control_202,19.0,O2,33.19563,7.0,80
LOND,lond028,Control_202,3.0,Pz,-15.2119,12.0,100
LOND,lond028,Control_202,3.0,Cz,-13.64663,12.0,100
LOND,lond028,Control_202,3.0,CP1,-8.166946,12.0,100
LOND,lond028,Control_202,3.0,CP2,-14.1069,12.0,100
LOND,lond028,Control_202,3.0,P3,-16.36413,12.0,100
LOND,lond028,Control_202,3.0,P4,-1.488104,12.0,100
LOND,lond028,Control_202,3.0,C3,-7.352562,12.0,100
LOND,lond028,Control_202,3.0,C4,-7.582151,12.0,100
LOND,lond028,Control_202,3.0,P7,6.519603,12.0,100
LOND,lond028,Control_202,3.0,P8,-7.565474,12.0,100
LOND,lond028,Control_202,3.0,O1,-13.7672,12.0,100
LOND,lond028,Control_202,3.0,O2,-5.740891,12.0,100
LOND,lond028,Control_202,11.0,Pz,22.60951,11.0,87
LOND,lond028,Control_202,11.0,Cz,10.65853,11.0,87
LOND,lond028,Control_202,11.0,CP1,-1.577462,11.0,87
LOND,lond028,Control_202,11.0,CP2,14.86921,11.0,87
LOND,lond028,Control_202,11.0,P3,31.5512,11.0,87
LOND,lond028,Control_202,11.0,P4,35.47416,11.0,87
LOND,lond028,Control_202,11.0,C3,-5.054874,11.0,87
LOND,lond028,Control_202,11.0,C4,-25.84788,11.0,87
LOND,lond028,Control_202,11.0,P7,51.53577,11.0,87
LOND,lond028,Control_202,11.0,P8,4.384054,11.0,87
LOND,lond028,Control_202,11.0,O1,5.33775,11.0,87
LOND,lond028,Control_202,11.0,O2,0.05941922,11.0,87
LOND,lond028,Control_202,15.0,Pz,0.3832434,4.0,93
LOND,lond028,Control_202,15.0,Cz,-10.85188,4.0,93
LOND,lond028,Control_202,15.0,CP1,-7.088065,4.0,93
LOND,lond028,Control_202,15.0,CP2,-2.925912,4.0,93
LOND,lond028,Control_202,15.0,P3,-4.898078,4.0,93
LOND,lond028,Control_202,15.0,P4,-8.081702,4.0,93
LOND,lond028,Control_202,15.0,C3,8.555934,4.0,93
LOND,lond028,Control_202,15.0,C4,6.911168,4.0,93
LOND,lond028,Control_202,15.0,P7,51.98837,4.0,93
LOND,lond028,Control_202,15.0,P8,-5.834245,4.0,93
LOND,lond028,Control_202,15.0,O1,-17.55413,4.0,93
LOND,lond028,Control_202,15.0,O2,-11.65049,4.0,93
LOND,lond028,Violation_201,16.0,Pz,16.67265,20.0,90
LOND,lond028,Violation_201,16.0,Cz,10.64481,20.0,90
LOND,lond028,Violation_201,16.0,CP1,6.02017,20.0,90
LOND,lond028,Violation_201,16.0,CP2,14.68166,20.0,90
LOND,lond028,Violation_201,16.0,P3,22.99061,20.0,90
LOND,lond028,Violation_201,16.0,P4,5.419309,20.0,90
LOND,lond028,Violation_201,16.0,C3,-29.23927,20.0,90
LOND,lond028,Violation_201,16.0,C4,-69.64221,20.0,90
LOND,lond028,Violation_201,16.0,P7,28.07871,20.0,90
LOND,lond028,Violation_201,16.0,P8,3.107992,20.0,90
LOND,lond028,Violation_201,16.0,O1,6.036736,20.0,90
LOND,lond028,Violation_201,16.0,O2,-32.42537,20.0,90
LOND,lond028,Violation_201,4.0,Pz,3.121696,8.0,97
LOND,lond028,Violation_201,4.0,Cz,7.808863,8.0,97
LOND,lond028,Violation_201,4.0,CP1,24.30631,8.0,97
LOND,lond028,Violation_201,4.0,CP2,18.04403,8.0,97
LOND,lond028,Violation_201,4.0,P3,21.54417,8.0,97
LOND,lond028,Violation_201,4.0,P4,11.5869,8.0,97
LOND,lond028,Violation_201,4.0,C3,23.78233,8.0,97
LOND,lond028,Violation_201,4.0,C4,4.265116,8.0,97
LOND,lond028,Violation_201,4.0,P7,37.74855,8.0,97
LOND,lond028,Violation_201,4.0,P8,12.94958,8.0,97
LOND,lond028,Violation_201,4.0,O1,8.91842,8.0,97
LOND,lond028,Violation_201,4.0,O2,30.58438,8.0,97
LOND,lond028,Violation_201,20.0,Pz,18.67419,6.0,100
LOND,lond028,Violation_201,20.0,Cz,6.71784,6.0,100
LOND,lond028,Violation_201,20.0,CP1,8.301649,6.0,100
LOND,lond028,Violation_201,20.0,CP2,-3.109482,6.0,100
LOND,lond028,Violation_201,20.0,P3,46.68719,6.0,100
LOND,lond028,Violation_201,20.0,P4,10.80692,6.0,100
LOND,lond028,Violation_201,20.0,C3,10.63478,6.0,100
LOND,lond028,Violation_201,20.0,C4,5.980702,6.0,100
LOND,lond028,Violation_201,20.0,P7,23.52114,6.0,100
LOND,lond028,Violation_201,20.0,P8,2.293526,6.0,100
LOND,lond028,Violation_201,20.0,O1,39.49633,6.0,100
LOND,lond028,Violation_201,20.0,O2,-31.97595,6.0,100
LOND,lond028,Violation_201,28.0,Pz,14.19309,27.0,97
LOND,lond028,Violation_201,28.0,Cz,-0.4821559,27.0,97
LOND,lond028,Violation_201,28.0,CP1,5.40725,27.0,97
LOND,lond028,Violation_201,28.0,CP2,-1.983309,27.0,97
LOND,lond028,Violation_201,28.0,P3,-6.153177,27.0,97
LOND,lond028,Violation_201,28.0,P4,-0.5130548,27.0,97
LOND,lond028,Violation_201,28.0,C3,49.78025,27.0,97
LOND,lond028,Violation_201,28.0,C4,-13.24393,27.0,97
LOND,lond028,Violation_201,28.0,P7,21.4089,27.0,97
LOND,lond028,Violation_201,28.0,P8,15.9168,27.0,97
LOND,lond028,Violation_201,28.0,O1,7.258014,27.0,97
LOND,lond028,Violation_201,28.0,O2,20.93715,27.0,97
LOND,lond028,Violation_201,32.0,Pz,3.212982,34.0,97
LOND,lond028,Violation_201,32.0,Cz,11.12726,34.0,97
LOND,lond028,Violation_201,32.0,CP1,15.20226,34.0,97
LOND,lond028,Violation_201,32.0,CP2,-6.155027,34.0,97
LOND,lond028,Violation_201,32.0,P3,-8.254527,34.0,97
LOND,lond028,Violation_201,32.0,P4,-7.037527,34.0,97
LOND,lond028,Violation_201,32.0,C3,10.76147,34.0,97
LOND,lond028,Violation_201,32.0,C4,-47.88911,34.0,97
LOND,lond028,Violation_201,32.0,P7,25.93815,34.0,97
LOND,lond028,Violation_201,32.0,P8,3.961899,34.0,97
LOND,lond028,Violation_201,32.0,O1,16.76348,34.0,97
LOND,lond028,Violation_201,32.0,O2,26.80355,34.0,97
LOND,lond028,Control_202,35.0,Pz,-14.38561,26.0,87
LOND,lond028,Control_202,35.0,Cz,-13.92528,26.0,87
LOND,lond028,Control_202,35.0,CP1,-0.9846945,26.0,87
LOND,lond028,Control_202,35.0,CP2,4.748596,26.0,87
LOND,lond028,Control_202,35.0,P3,-0.7756358,26.0,87
LOND,lond028,Control_202,35.0,P4,14.95004,26.0,87
LOND,lond028,Control_202,35.0,C3,-2.673148,26.0,87
LOND,lond028,Control_202,35.0,C4,-6.326217,26.0,87
LOND,lond028,Control_202,35.0,P7,-8.87174,26.0,87
LOND,lond028,Control_202,35.0,P8,-4.711983,26.0,87
LOND,lond028,Control_202,35.0,O1,-1.680459,26.0,87
LOND,lond028,Control_202,35.0,O2,-18.02798,26.0,87
LOND,lond028,Control_202,27.0,Pz,-5.597561,30.0,90
LOND,lond028,Control_202,27.0,Cz,-1.384833,30.0,90
LOND,lond028,Control_202,27.0,CP1,1.408893,30.0,90
LOND,lond028,Control_202,27.0,CP2,4.671634,30.0,90
LOND,lond028,Control_202,27.0,P3,-7.503154,30.0,90
LOND,lond028,Control_202,27.0,P4,-26.99309,30.0,90
LOND,lond028,Control_202,27.0,C3,10.43661,30.0,90
LOND,lond028,Control_202,27.0,C4,-11.7037,30.0,90
LOND,lond028,Control_202,27.0,P7,-4.871739,30.0,90
LOND,lond028,Control_202,27.0,P8,7.167618,30.0,90
LOND,lond028,Control_202,27.0,O1,-24.8579,30.0,90
LOND,lond028,Control_202,27.0,O2,50.18763,30.0,90
LOND,lond028,Violation_201,36.0,Pz,-5.492797,22.0,53
LOND,lond028,Violation_201,36.0,Cz,-3.638366,22.0,53
LOND,lond028,Violation_201,36.0,CP1,-1.70918,22.0,53
LOND,lond028,Violation_201,36.0,CP2,9.179502,22.0,53
LOND,lond028,Violation_201,36.0,P3,-8.934091,22.0,53
LOND,lond028,Violation_201,36.0,P4,-17.70551,22.0,53
LOND,lond028,Violation_201,36.0,C3,16.21456,22.0,53
LOND,lond028,Violation_201,36.0,C4,-18.97184,22.0,53
LOND,lond028,Violation_201,36.0,P7,5.413816,22.0,53
LOND,lond028,Violation_201,36.0,P8,-4.219685,22.0,53
LOND,lond028,Violation_201,36.0,O1,-20.97723,22.0,53
LOND,lond028,Violation_201,36.0,O2,40.03481,22.0,53
LOND,lond028,Violation_201,24.0,Pz,1.434217,35.0,97
LOND,lond028,Violation_201,24.0,Cz,0.7506942,35.0,97
LOND,lond028,Violation_201,24.0,CP1,-3.472619,35.0,97
LOND,lond028,Violation_201,24.0,CP2,-10.4578,35.0,97
LOND,lond028,Violation_201,24.0,P3,-24.88821,35.0,97
LOND,lond028,Violation_201,24.0,P4,-2.292556,35.0,97
LOND,lond028,Violation_201,24.0,C3,-2.406069,35.0,97
LOND,lond028,Violation_201,24.0,C4,22.51762,35.0,97
LOND,lond028,Violation_201,24.0,P7,-3.126994,35.0,97
LOND,lond028,Violation_201,24.0,P8,-11.05757,35.0,97
LOND,lond028,Violation_201,24.0,O1,-14.59778,35.0,97
LOND,lond028,Violation_201,24.0,O2,14.03997,35.0,97
LOND,lond028,Control_202,23.0,Pz,20.92909,32.0,80
LOND,lond028,Control_202,23.0,Cz,3.519683,32.0,80
LOND,lond028,Control_202,23.0,CP1,-6.540472,32.0,80
LOND,lond028,Control_202,23.0,CP2,19.36614,32.0,80
LOND,lond028,Control_202,23.0,P3,-14.63853,32.0,80
LOND,lond028,Control_202,23.0,P4,-2.804045,32.0,80
LOND,lond028,Control_202,23.0,C3,-0.06926957,32.0,80
LOND,lond028,Control_202,23.0,C4,36.98008,32.0,80
LOND,lond028,Control_202,23.0,P7,20.96232,32.0,80
LOND,lond028,Control_202,23.0,P8,9.677849,32.0,80
LOND,lond028,Control_202,23.0,O1,1.913479,32.0,80
LOND,lond028,Control_202,23.0,O2,-8.546176,32.0,80
LOND,lond028,Violation_201,40.0,Pz,-20.71874,40.0,93
LOND,lond028,Violation_201,40.0,Cz,-7.208409,40.0,93
LOND,lond028,Violation_201,40.0,CP1,-4.865091,40.0,93
LOND,lond028,Violation_201,40.0,CP2,-29.98659,40.0,93
LOND,lond028,Violation_201,40.0,P3,-49.82236,40.0,93
LOND,lond028,Violation_201,40.0,P4,1.200515,40.0,93
LOND,lond028,Violation_201,40.0,C3,3.057315,40.0,93
LOND,lond028,Violation_201,40.0,C4,48.59033,40.0,93
LOND,lond028,Violation_201,40.0,P7,-23.55685,40.0,93
LOND,lond028,Violation_201,40.0,P8,-12.998,40.0,93
LOND,lond028,Violation_201,40.0,O1,-9.966247,40.0,93
LOND,lond028,Violation_201,40.0,O2,-45.3187,40.0,93
LOND,lond028,Violation_201,48.0,Pz,6.610065,43.0,93
LOND,lond028,Violation_201,48.0,Cz,-1.470654,43.0,93
LOND,lond028,Violation_201,48.0,CP1,10.90865,43.0,93
LOND,lond028,Violation_201,48.0,CP2,-5.865176,43.0,93
LOND,lond028,Violation_201,48.0,P3,-8.813512,43.0,93
LOND,lond028,Violation_201,48.0,P4,-6.199758,43.0,93
LOND,lond028,Violation_201,48.0,C3,-9.597884,43.0,93
LOND,lond028,Violation_201,48.0,C4,-1.044949,43.0,93
LOND,lond028,Violation_201,48.0,P7,20.95541,43.0,93
LOND,lond028,Violation_201,48.0,P8,5.596767,43.0,93
LOND,lond028,Violation_201,48.0,O1,1.112113,43.0,93
LOND,lond028,Violation_201,48.0,O2,-6.156326,43.0,93
LOND,lond028,Violation_201,60.0,Pz,13.17887,58.0,73
LOND,lond028,Violation_201,60.0,Cz,1.558215,58.0,73
LOND,lond028,Violation_201,60.0,CP1,-4.225153,58.0,73
LOND,lond028,Violation_201,60.0,CP2,24.22862,58.0,73
LOND,lond028,Violation_201,60.0,P3,-8.248452,58.0,73
LOND,lond028,Violation_201,60.0,P4,32.31619,58.0,73
LOND,lond028,Violation_201,60.0,C3,5.876111,58.0,73
LOND,lond028,Violation_201,60.0,C4,35.44534,58.0,73
LOND,lond028,Violation_201,60.0,P7,0.5598044,58.0,73
LOND,lond028,Violation_201,60.0,P8,17.78312,58.0,73
LOND,lond028,Violation_201,60.0,O1,17.413,58.0,73
LOND,lond028,Violation_201,60.0,O2,28.30685,58.0,73
LOND,lond028,Control_202,59.0,Pz,15.66741,50.0,37
LOND,lond028,Control_202,59.0,Cz,32.5756,50.0,37
LOND,lond028,Control_202,59.0,CP1,25.72602,50.0,37
LOND,lond028,Control_202,59.0,CP2,19.94897,50.0,37
LOND,lond028,Control_202,59.0,P3,14.31774,50.0,37
LOND,lond028,Control_202,59.0,P4,36.38843,50.0,37
LOND,lond028,Control_202,59.0,C3,10.50169,50.0,37
LOND,lond028,Control_202,59.0,C4,3.085199,50.0,37
LOND,lond028,Control_202,59.0,P7,28.53997,50.0,37
LOND,lond028,Control_202,59.0,P8,3.280655,50.0,37
LOND,lond028,Control_202,59.0,O1,3.338589,50.0,37
LOND,lond028,Control_202,59.0,O2,-15.96083,50.0,37
LOND,lond028,Violation_201,43.0,Pz,7.395281,45.0,67
LOND,lond028,Violation_201,43.0,Cz,19.38588,45.0,67
LOND,lond028,Violation_201,43.0,CP1,9.86095,45.0,67
LOND,lond028,Violation_201,43.0,CP2,1.948503,45.0,67
LOND,lond028,Violation_201,43.0,P3,13.93215,45.0,67
LOND,lond028,Violation_201,43.0,P4,-17.02612,45.0,67
LOND,lond028,Violation_201,43.0,C3,6.934538,45.0,67
LOND,lond028,Violation_201,43.0,C4,43.27076,45.0,67
LOND,lond028,Violation_201,43.0,P7,-14.62012,45.0,67
LOND,lond028,Violation_201,43.0,P8,2.033678,45.0,67
LOND,lond028,Violation_201,43.0,O1,45.53897,45.0,67
LOND,lond028,Violation_201,43.0,O2,0.4063212,45.0,67
LOND,lond028,Control_202,51.0,Pz,-13.63161,46.0,63
LOND,lond028,Control_202,51.0,Cz,-16.49767,46.0,63
LOND,lond028,Control_202,51.0,CP1,-7.876988,46.0,63
LOND,lond028,Control_202,51.0,CP2,-14.00104,46.0,63
LOND,lond028,Control_202,51.0,P3,-29.792,46.0,63
LOND,lond028,Control_202,51.0,P4,-33.56205,46.0,63
LOND,lond028,Control_202,51.0,C3,-6.246771,46.0,63
LOND,lond028,Control_202,51.0,C4,-42.33112,46.0,63
LOND,lond028,Control_202,51.0,P7,-14.02719,46.0,63
LOND,lond028,Control_202,51.0,P8,-22.74951,46.0,63
LOND,lond028,Control_202,51.0,O1,-17.97297,46.0,63
LOND,lond028,Control_202,51.0,O2,-13.21142,46.0,63
LOND,lond028,Control_202,55.0,Pz,6.449832,52.0,87
LOND,lond028,Control_202,55.0,Cz,8.899591,52.0,87
LOND,lond028,Control_202,55.0,CP1,24.89747,52.0,87
LOND,lond028,Control_202,55.0,CP2,12.86831,52.0,87
LOND,lond028,Control_202,55.0,P3,7.961257,52.0,87
LOND,lond028,Control_202,55.0,P4,7.087065,52.0,87
LOND,lond028,Control_202,55.0,C3,12.65828,52.0,87
LOND,lond028,Control_202,55.0,C4,11.6102,52.0,87
LOND,lond028,Control_202,55.0,P7,7.714709,52.0,87
LOND,lond028,Control_202,55.0,P8,6.260863,52.0,87
LOND,lond028,Control_202,55.0,O1,30.32361,52.0,87
LOND,lond028,Control_202,55.0,O2,40.95881,52.0,87
LOND,lond028,Control_202,44.0,Pz,1.698848,41.0,100
LOND,lond028,Control_202,44.0,Cz,17.1564,41.0,100
LOND,lond028,Control_202,44.0,CP1,18.21243,41.0,100
LOND,lond028,Control_202,44.0,CP2,8.923021,41.0,100
LOND,lond028,Control_202,44.0,P3,28.99395,41.0,100
LOND,lond028,Control_202,44.0,P4,16.13658,41.0,100
LOND,lond028,Control_202,44.0,C3,29.99767,41.0,100
LOND,lond028,Control_202,44.0,C4,0.175794,41.0,100
LOND,lond028,Control_202,44.0,P7,11.36798,41.0,100
LOND,lond028,Control_202,44.0,P8,14.73691,41.0,100
LOND,lond028,Control_202,44.0,O1,3.350885,41.0,100
LOND,lond028,Control_202,44.0,O2,8.305215,41.0,100
LOND,lond028,Violation_201,56.0,Pz,-23.93884,47.0,100
LOND,lond028,Violation_201,56.0,Cz,-5.530312,47.0,100
LOND,lond028,Violation_201,56.0,CP1,-6.741678,47.0,100
LOND,lond028,Violation_201,56.0,CP2,0.800843,47.0,100
LOND,lond028,Violation_201,56.0,P3,-4.765686,47.0,100
LOND,lond028,Violation_201,56.0,P4,-22.84832,47.0,100
LOND,lond028,Violation_201,56.0,C3,-21.03592,47.0,100
LOND,lond028,Violation_201,56.0,C4,-30.32276,47.0,100
LOND,lond028,Violation_201,56.0,P7,-2.700715,47.0,100
LOND,lond028,Violation_201,56.0,P8,10.79976,47.0,100
LOND,lond028,Violation_201,56.0,O1,13.79671,47.0,100
LOND,lond028,Violation_201,56.0,O2,34.5207,47.0,100
LOND,lond028,Control_202,47.0,Pz,-13.99817,57.0,69
LOND,lond028,Control_202,47.0,Cz,-15.98716,57.0,69
LOND,lond028,Control_202,47.0,CP1,-20.3566,57.0,69
LOND,lond028,Control_202,47.0,CP2,-10.32691,57.0,69
LOND,lond028,Control_202,47.0,P3,-5.987364,57.0,69
LOND,lond028,Control_202,47.0,P4,-36.43652,57.0,69
LOND,lond028,Control_202,47.0,C3,2.729666,57.0,69
LOND,lond028,Control_202,47.0,C4,1.584413,57.0,69
LOND,lond028,Control_202,47.0,P7,4.55929,57.0,69
LOND,lond028,Control_202,47.0,P8,-17.69973,57.0,69
LOND,lond028,Control_202,47.0,O1,-18.18062,57.0,69
LOND,lond028,Control_202,47.0,O2,5.358767,57.0,69
LOND,lond028,Violation_201,72.0,Pz,15.40312,76.0,90
LOND,lond028,Violation_201,72.0,Cz,-0.3019993,76.0,90
LOND,lond028,Violation_201,72.0,CP1,13.56864,76.0,90
LOND,lond028,Violation_201,72.0,CP2,-8.381785,76.0,90
LOND,lond028,Violation_201,72.0,P3,15.27553,76.0,90
LOND,lond028,Violation_201,72.0,P4,17.49968,76.0,90
LOND,lond028,Violation_201,72.0,C3,1.579615,76.0,90
LOND,lond028,Violation_201,72.0,C4,11.8721,76.0,90
LOND,lond028,Violation_201,72.0,P7,-0.5671068,76.0,90
LOND,lond028,Violation_201,72.0,P8,3.511218,76.0,90
LOND,lond028,Violation_201,72.0,O1,-20.13675,76.0,90
LOND,lond028,Violation_201,72.0,O2,-8.025462,76.0,90
LOND,lond028,Violation_201,80.0,Pz,-18.87056,64.0,50
LOND,lond028,Violation_201,80.0,Cz,-33.58812,64.0,50
LOND,lond028,Violation_201,80.0,CP1,-36.97441,64.0,50
LOND,lond028,Violation_201,80.0,CP2,-9.899062,64.0,50
LOND,lond028,Violation_201,80.0,P3,-30.06,64.0,50
LOND,lond028,Violation_201,80.0,P4,-51.53048,64.0,50
LOND,lond028,Violation_201,80.0,C3,-31.69291,64.0,50
LOND,lond028,Violation_201,80.0,C4,-36.04061,64.0,50
LOND,lond028,Violation_201,80.0,P7,-24.84739,64.0,50
LOND,lond028,Violation_201,80.0,P8,-15.40281,64.0,50
LOND,lond028,Violation_201,80.0,O1,-31.79925,64.0,50
LOND,lond028,Violation_201,80.0,O2,-11.87093,64.0,50
LOND,lond028,Control_202,71.0,Pz,-20.05774,78.0,97
LOND,lond028,Control_202,71.0,Cz,-6.325308,78.0,97
LOND,lond028,Control_202,71.0,CP1,-7.729825,78.0,97
LOND,lond028,Control_202,71.0,CP2,-10.87901,78.0,97
LOND,lond028,Control_202,71.0,P3,-3.294174,78.0,97
LOND,lond028,Control_202,71.0,P4,4.185098,78.0,97
LOND,lond028,Control_202,71.0,C3,-3.30569,78.0,97
LOND,lond028,Control_202,71.0,C4,8.481471,78.0,97
LOND,lond028,Control_202,71.0,P7,-14.50834,78.0,97
LOND,lond028,Control_202,71.0,P8,-11.06865,78.0,97
LOND,lond028,Control_202,71.0,O1,5.578306,78.0,97
LOND,lond028,Control_202,71.0,O2,4.859374,78.0,97
LOND,lond028,Violation_201,76.0,Pz,27.37985,67.0,87
LOND,lond028,Violation_201,76.0,Cz,30.28117,67.0,87
LOND,lond028,Violation_201,76.0,CP1,10.80569,67.0,87
LOND,lond028,Violation_201,76.0,CP2,21.84552,67.0,87
LOND,lond028,Violation_201,76.0,P3,35.22435,67.0,87
LOND,lond028,Violation_201,76.0,P4,27.84231,67.0,87
LOND,lond028,Violation_201,76.0,C3,34.25017,67.0,87
LOND,lond028,Violation_201,76.0,C4,5.025465,67.0,87
LOND,lond028,Violation_201,76.0,P7,18.18102,67.0,87
LOND,lond028,Violation_201,76.0,P8,6.813016,67.0,87
LOND,lond028,Violation_201,76.0,O1,39.55611,67.0,87
LOND,lond028,Violation_201,76.0,O2,27.31384,67.0,87
LOND,lond028,Control_202,63.0,Pz,-15.49189,74.0,93
LOND,lond028,Control_202,63.0,Cz,-16.07594,74.0,93
LOND,lond028,Control_202,63.0,CP1,-16.9228,74.0,93
LOND,lond028,Control_202,63.0,CP2,-17.44589,74.0,93
LOND,lond028,Control_202,63.0,P3,-7.398696,74.0,93
LOND,lond028,Control_202,63.0,P4,9.939988,74.0,93
LOND,lond028,Control_202,63.0,C3,-2.89492,74.0,93
LOND,lond028,Control_202,63.0,C4,-14.81816,74.0,93
LOND,lond028,Control_202,63.0,P7,-0.2615778,74.0,93
LOND,lond028,Control_202,63.0,P8,1.557435,74.0,93
LOND,lond028,Control_202,63.0,O1,-34.37213,74.0,93
LOND,lond028,Control_202,63.0,O2,1.054529,74.0,93
LOND,lond028,Control_202,67.0,Pz,-22.68248,65.0,93
LOND,lond028,Control_202,67.0,Cz,-10.46485,65.0,93
LOND,lond028,Control_202,67.0,CP1,-19.87528,65.0,93
LOND,lond028,Control_202,67.0,CP2,-6.968645,65.0,93
LOND,lond028,Control_202,67.0,P3,-8.390875,65.0,93
LOND,lond028,Control_202,67.0,P4,-0.8436348,65.0,93
LOND,lond028,Control_202,67.0,C3,-18.59105,65.0,93
LOND,lond028,Control_202,67.0,C4,-34.15033,65.0,93
LOND,lond028,Control_202,67.0,P7,-11.06898,65.0,93
LOND,lond028,Control_202,67.0,P8,-18.60254,65.0,93
LOND,lond028,Control_202,67.0,O1,-14.35461,65.0,93
LOND,lond028,Control_202,67.0,O2,-29.82916,65.0,93
LOND,lond028,Control_202,75.0,Pz,-36.45443,63.0,83
LOND,lond028,Control_202,75.0,Cz,-27.23079,63.0,83
LOND,lond028,Control_202,75.0,CP1,-44.41786,63.0,83
LOND,lond028,Control_202,75.0,CP2,-36.02304,63.0,83
LOND,lond028,Control_202,75.0,P3,-26.08934,63.0,83
LOND,lond028,Control_202,75.0,P4,-35.60101,63.0,83
LOND,lond028,Control_202,75.0,C3,-33.60727,63.0,83
LOND,lond028,Control_202,75.0,C4,-26.12215,63.0,83
LOND,lond028,Control_202,75.0,P7,-28.3839,63.0,83
LOND,lond028,Control_202,75.0,P8,-15.97715,63.0,83
LOND,lond028,Control_202,75.0,O1,-44.89115,63.0,83
LOND,lond028,Control_202,75.0,O2,-68.95526,63.0,83
LOND,lond028,Violation_201,64.0,Pz,-14.97367,77.0,100
LOND,lond028,Violation_201,64.0,Cz,-7.71388,77.0,100
LOND,lond028,Violation_201,64.0,CP1,3.158386,77.0,100
LOND,lond028,Violation_201,64.0,CP2,-10.62087,77.0,100
LOND,lond028,Violation_201,64.0,P3,-30.36877,77.0,100
LOND,lond028,Violation_201,64.0,P4,-23.97182,77.0,100
LOND,lond028,Violation_201,64.0,C3,-9.902181,77.0,100
LOND,lond028,Violation_201,64.0,C4,-14.42848,77.0,100
LOND,lond028,Violation_201,64.0,P7,-18.95139,77.0,100
LOND,lond028,Violation_201,64.0,P8,-14.97864,77.0,100
LOND,lond028,Violation_201,64.0,O1,-10.30439,77.0,100
LOND,lond028,Violation_201,64.0,O2,0.8757894,77.0,100
LOND,lond029,Violation_201,10.0,Pz,-17.82903,17.0,62
LOND,lond029,Violation_201,10.0,Cz,-11.97538,17.0,62
LOND,lond029,Violation_201,10.0,CP1,-18.05626,17.0,62
LOND,lond029,Violation_201,10.0,CP2,-15.41775,17.0,62
LOND,lond029,Violation_201,10.0,P3,-28.44909,17.0,62
LOND,lond029,Violation_201,10.0,P4,-18.7636,17.0,62
LOND,lond029,Violation_201,10.0,C3,-18.84308,17.0,62
LOND,lond029,Violation_201,10.0,C4,-25.33362,17.0,62
LOND,lond029,Violation_201,10.0,P7,-20.70973,17.0,62
LOND,lond029,Violation_201,10.0,P8,-30.49203,17.0,62
LOND,lond029,Violation_201,10.0,O1,-15.37411,17.0,62
LOND,lond029,Violation_201,10.0,O2,-19.09754,17.0,62
LOND,lond029,Violation_201,6.0,Pz,8.604155,8.0,97
LOND,lond029,Violation_201,6.0,Cz,15.30569,8.0,97
LOND,lond029,Violation_201,6.0,CP1,6.656534,8.0,97
LOND,lond029,Violation_201,6.0,CP2,10.29615,8.0,97
LOND,lond029,Violation_201,6.0,P3,7.364617,8.0,97
LOND,lond029,Violation_201,6.0,P4,14.06234,8.0,97
LOND,lond029,Violation_201,6.0,C3,15.89668,8.0,97
LOND,lond029,Violation_201,6.0,C4,13.44572,8.0,97
LOND,lond029,Violation_201,6.0,P7,-1.207956,8.0,97
LOND,lond029,Violation_201,6.0,P8,-0.5030736,8.0,97
LOND,lond029,Violation_201,6.0,O1,7.586822,8.0,97
LOND,lond029,Violation_201,6.0,O2,6.683797,8.0,97
LOND,lond029,Control_202,5.0,Pz,6.439683,11.0,87
LOND,lond029,Control_202,5.0,Cz,5.019929,11.0,87
LOND,lond029,Control_202,5.0,CP1,1.994651,11.0,87
LOND,lond029,Control_202,5.0,CP2,-25.85849,11.0,87
LOND,lond029,Control_202,5.0,P3,5.970693,11.0,87
LOND,lond029,Control_202,5.0,P4,15.98988,11.0,87
LOND,lond029,Control_202,5.0,C3,10.79418,11.0,87
LOND,lond029,Control_202,5.0,C4,-8.097286,11.0,87
LOND,lond029,Control_202,5.0,P7,-0.07594283,11.0,87
LOND,lond029,Control_202,5.0,P8,8.555169,11.0,87
LOND,lond029,Control_202,5.0,O1,14.31862,11.0,87
LOND,lond029,Control_202,5.0,O2,5.184352,11.0,87
LOND,lond029,Violation_201,14.0,Pz,2.014432,3.0,100
LOND,lond029,Violation_201,14.0,Cz,6.185554,3.0,100
LOND,lond029,Violation_201,14.0,CP1,3.962242,3.0,100
LOND,lond029,Violation_201,14.0,CP2,21.58487,3.0,100
LOND,lond029,Violation_201,14.0,P3,-11.07082,3.0,100
LOND,lond029,Violation_201,14.0,P4,-1.197513,3.0,100
LOND,lond029,Violation_201,14.0,C3,1.677512,3.0,100
LOND,lond029,Violation_201,14.0,C4,-1.751528,3.0,100
LOND,lond029,Violation_201,14.0,P7,-3.243442,3.0,100
LOND,lond029,Violation_201,14.0,P8,4.567065,3.0,100
LOND,lond029,Violation_201,14.0,O1,-1.458623,3.0,100
LOND,lond029,Violation_201,14.0,O2,3.847296,3.0,100
LOND,lond029,Control_202,9.0,Pz,-7.266778,9.0,93
LOND,lond029,Control_202,9.0,Cz,-20.59592,9.0,93
LOND,lond029,Control_202,9.0,CP1,1.973764,9.0,93
LOND,lond029,Control_202,9.0,CP2,-0.8393041,9.0,93
LOND,lond029,Control_202,9.0,P3,-17.75112,9.0,93
LOND,lond029,Control_202,9.0,P4,-7.269452,9.0,93
LOND,lond029,Control_202,9.0,C3,-14.17067,9.0,93
LOND,lond029,Control_202,9.0,C4,-11.48327,9.0,93
LOND,lond029,Control_202,9.0,P7,-5.860308,9.0,93
LOND,lond029,Control_202,9.0,P8,4.852395,9.0,93
LOND,lond029,Control_202,9.0,O1,-7.226338,9.0,93
LOND,lond029,Control_202,9.0,O2,-0.2109715,9.0,93
LOND,lond029,Control_202,17.0,Pz,5.505487,2.0,100
LOND,lond029,Control_202,17.0,Cz,-2.800629,2.0,100
LOND,lond029,Control_202,17.0,CP1,-0.8475433,2.0,100
LOND,lond029,Control_202,17.0,CP2,-1.683379,2.0,100
LOND,lond029,Control_202,17.0,P3,-12.76536,2.0,100
LOND,lond029,Control_202,17.0,P4,1.2693,2.0,100
LOND,lond029,Control_202,17.0,C3,6.173884,2.0,100
LOND,lond029,Control_202,17.0,C4,0.883154,2.0,100
LOND,lond029,Control_202,17.0,P7,6.619092,2.0,100
LOND,lond029,Control_202,17.0,P8,10.78516,2.0,100
LOND,lond029,Control_202,17.0,O1,1.376775,2.0,100
LOND,lond029,Control_202,17.0,O2,8.137704,2.0,100
LOND,lond029,Violation_201,18.0,Pz,10.7673,4.0,93
LOND,lond029,Violation_201,18.0,Cz,2.413766,4.0,93
LOND,lond029,Violation_201,18.0,CP1,12.64408,4.0,93
LOND,lond029,Violation_201,18.0,CP2,6.130898,4.0,93
LOND,lond029,Violation_201,18.0,P3,7.399969,4.0,93
LOND,lond029,Violation_201,18.0,P4,5.493605,4.0,93
LOND,lond029,Violation_201,18.0,C3,10.42307,4.0,93
LOND,lond029,Violation_201,18.0,C4,0.3761748,4.0,93
LOND,lond029,Violation_201,18.0,P7,5.767993,4.0,93
LOND,lond029,Violation_201,18.0,P8,6.235765,4.0,93
LOND,lond029,Violation_201,18.0,O1,13.64189,4.0,93
LOND,lond029,Violation_201,18.0,O2,4.942264,4.0,93
LOND,lond029,Control_202,13.0,Pz,9.648919,13.0,97
LOND,lond029,Control_202,13.0,Cz,11.26579,13.0,97
LOND,lond029,Control_202,13.0,CP1,4.793187,13.0,97
LOND,lond029,Control_202,13.0,CP2,6.205571,13.0,97
LOND,lond029,Control_202,13.0,P3,8.144889,13.0,97
LOND,lond029,Control_202,13.0,P4,4.729512,13.0,97
LOND,lond029,Control_202,13.0,C3,6.362673,13.0,97
LOND,lond029,Control_202,13.0,C4,-4.168094,13.0,97
LOND,lond029,Control_202,13.0,P7,2.164678,13.0,97
LOND,lond029,Control_202,13.0,P8,3.884453,13.0,97
LOND,lond029,Control_202,13.0,O1,21.33425,13.0,97
LOND,lond029,Control_202,13.0,O2,9.142706,13.0,97
LOND,lond029,Violation_201,2.0,Pz,-0.6867298,10.0,80
LOND,lond029,Violation_201,2.0,Cz,-14.67735,10.0,80
LOND,lond029,Violation_201,2.0,CP1,7.863206,10.0,80
LOND,lond029,Violation_201,2.0,CP2,-2.985799,10.0,80
LOND,lond029,Violation_201,2.0,P3,12.11286,10.0,80
LOND,lond029,Violation_201,2.0,P4,0.2714072,10.0,80
LOND,lond029,Violation_201,2.0,C3,-1.234681,10.0,80
LOND,lond029,Violation_201,2.0,C4,-3.262014,10.0,80
LOND,lond029,Violation_201,2.0,P7,-4.542058,10.0,80
LOND,lond029,Violation_201,2.0,P8,0.3845304,10.0,80
LOND,lond029,Violation_201,2.0,O1,1.905463,10.0,80
LOND,lond029,Violation_201,2.0,O2,-0.3245748,10.0,80
LOND,lond029,Control_202,1.0,Pz,-28.02007,19.0,100
LOND,lond029,Control_202,1.0,Cz,-35.32585,19.0,100
LOND,lond029,Control_202,1.0,CP1,-32.03083,19.0,100
LOND,lond029,Control_202,1.0,CP2,-34.3376,19.0,100
LOND,lond029,Control_202,1.0,P3,-37.84963,19.0,100
LOND,lond029,Control_202,1.0,P4,-39.61379,19.0,100
LOND,lond029,Control_202,1.0,C3,-25.50619,19.0,100
LOND,lond029,Control_202,1.0,C4,-27.44282,19.0,100
LOND,lond029,Control_202,1.0,P7,-32.97202,19.0,100
LOND,lond029,Control_202,1.0,P8,-24.57114,19.0,100
LOND,lond029,Control_202,1.0,O1,-33.35524,19.0,100
LOND,lond029,Control_202,1.0,O2,-28.85771,19.0,100
LOND,lond029,Violation_201,34.0,Pz,11.07595,27.0,97
LOND,lond029,Violation_201,34.0,Cz,14.27967,27.0,97
LOND,lond029,Violation_201,34.0,CP1,10.6968,27.0,97
LOND,lond029,Violation_201,34.0,CP2,17.84086,27.0,97
LOND,lond029,Violation_201,34.0,P3,7.622898,27.0,97
LOND,lond029,Violation_201,34.0,P4,19.64525,27.0,97
LOND,lond029,Violation_201,34.0,C3,17.91922,27.0,97
LOND,lond029,Violation_201,34.0,C4,10.06634,27.0,97
LOND,lond029,Violation_201,34.0,P7,7.519435,27.0,97
LOND,lond029,Violation_201,34.0,P8,26.70386,27.0,97
LOND,lond029,Violation_201,34.0,O1,12.46673,27.0,97
LOND,lond029,Violation_201,34.0,O2,14.05509,27.0,97
LOND,lond029,Violation_201,30.0,Pz,7.37008,32.0,80
LOND,lond029,Violation_201,30.0,Cz,-0.2680289,32.0,80
LOND,lond029,Violation_201,30.0,CP1,-0.9581737,32.0,80
LOND,lond029,Violation_201,30.0,CP2,-9.402654,32.0,80
LOND,lond029,Violation_201,30.0,P3,11.57586,32.0,80
LOND,lond029,Violation_201,30.0,P4,6.286099,32.0,80
LOND,lond029,Violation_201,30.0,C3,9.285604,32.0,80
LOND,lond029,Violation_201,30.0,C4,2.209126,32.0,80
LOND,lond029,Violation_201,30.0,P7,5.776031,32.0,80
LOND,lond029,Violation_201,30.0,P8,16.05532,32.0,80
LOND,lond029,Violation_201,30.0,O1,9.3641,32.0,80
LOND,lond029,Violation_201,30.0,O2,9.619758,32.0,80
LOND,lond029,Violation_201,29.0,Pz,-10.85444,25.0,97
LOND,lond029,Violation_201,29.0,Cz,-11.80968,25.0,97
LOND,lond029,Violation_201,29.0,CP1,-14.4613,25.0,97
LOND,lond029,Violation_201,29.0,CP2,-2.630641,25.0,97
LOND,lond029,Violation_201,29.0,P3,-7.65389,25.0,97
LOND,lond029,Violation_201,29.0,P4,-10.40408,25.0,97
LOND,lond029,Violation_201,29.0,C3,-18.7109,25.0,97
LOND,lond029,Violation_201,29.0,C4,-15.10705,25.0,97
LOND,lond029,Violation_201,29.0,P7,-15.2447,25.0,97
LOND,lond029,Violation_201,29.0,P8,-6.582161,25.0,97
LOND,lond029,Violation_201,29.0,O1,-12.87745,25.0,97
LOND,lond029,Violation_201,29.0,O2,-18.51444,25.0,97
LOND,lond029,Violation_201,26.0,Pz,-10.33576,35.0,97
LOND,lond029,Violation_201,26.0,Cz,-25.4933,35.0,97
LOND,lond029,Violation_201,26.0,CP1,-18.21546,35.0,97
LOND,lond029,Violation_201,26.0,CP2,-24.34376,35.0,97
LOND,lond029,Violation_201,26.0,P3,-14.19392,35.0,97
LOND,lond029,Violation_201,26.0,P4,-19.06565,35.0,97
LOND,lond029,Violation_201,26.0,C3,-6.564863,35.0,97
LOND,lond029,Violation_201,26.0,C4,-11.41247,35.0,97
LOND,lond029,Violation_201,26.0,P7,-14.33805,35.0,97
LOND,lond029,Violation_201,26.0,P8,-15.33531,35.0,97
LOND,lond029,Violation_201,26.0,O1,-20.37144,35.0,97
LOND,lond029,Violation_201,26.0,O2,-11.07152,35.0,97
LOND,lond029,Control_202,25.0,Pz,-7.483553,26.0,87
LOND,lond029,Control_202,25.0,Cz,-1.992218,26.0,87
LOND,lond029,Control_202,25.0,CP1,-22.93587,26.0,87
LOND,lond029,Control_202,25.0,CP2,-2.004775,26.0,87
LOND,lond029,Control_202,25.0,P3,-10.46801,26.0,87
LOND,lond029,Control_202,25.0,P4,-6.908182,26.0,87
LOND,lond029,Control_202,25.0,C3,-7.906753,26.0,87
LOND,lond029,Control_202,25.0,C4,-5.637937,26.0,87
LOND,lond029,Control_202,25.0,P7,-11.69588,26.0,87
LOND,lond029,Control_202,25.0,P8,3.958657,26.0,87
LOND,lond029,Control_202,25.0,O1,-9.021717,26.0,87
LOND,lond029,Control_202,25.0,O2,-7.46759,26.0,87
LOND,lond029,Control_202,21.0,Pz,-29.01211,34.0,97
LOND,lond029,Control_202,21.0,Cz,-0.5140555,34.0,97
LOND,lond029,Control_202,21.0,CP1,-37.09588,34.0,97
LOND,lond029,Control_202,21.0,CP2,-45.45134,34.0,97
LOND,lond029,Control_202,21.0,P3,-39.31945,34.0,97
LOND,lond029,Control_202,21.0,P4,-30.89353,34.0,97
LOND,lond029,Control_202,21.0,C3,-34.23645,34.0,97
LOND,lond029,Control_202,21.0,C4,-38.09245,34.0,97
LOND,lond029,Control_202,21.0,P7,-43.88845,34.0,97
LOND,lond029,Control_202,21.0,P8,-38.02394,34.0,97
LOND,lond029,Control_202,21.0,O1,-36.72238,34.0,97
LOND,lond029,Control_202,21.0,O2,-31.59873,34.0,97
LOND,lond029,Control_202,33.0,Pz,25.84243,22.0,53
LOND,lond029,Control_202,33.0,Cz,20.5392,22.0,53
LOND,lond029,Control_202,33.0,CP1,28.35048,22.0,53
LOND,lond029,Control_202,33.0,CP2,13.60241,22.0,53
LOND,lond029,Control_202,33.0,P3,26.22921,22.0,53
LOND,lond029,Control_202,33.0,P4,21.88785,22.0,53
LOND,lond029,Control_202,33.0,C3,32.83352,22.0,53
LOND,lond029,Control_202,33.0,C4,20.68607,22.0,53
LOND,lond029,Control_202,33.0,P7,22.36672,22.0,53
LOND,lond029,Control_202,33.0,P8,27.67155,22.0,53
LOND,lond029,Control_202,33.0,O1,19.71956,22.0,53
LOND,lond029,Control_202,33.0,O2,29.59481,22.0,53
LOND,lond029,Violation_201,22.0,Pz,-16.14553,30.0,90
LOND,lond029,Violation_201,22.0,Cz,-9.670641,30.0,90
LOND,lond029,Violation_201,22.0,CP1,-2.103621,30.0,90
LOND,lond029,Violation_201,22.0,CP2,33.47588,30.0,90
LOND,lond029,Violation_201,22.0,P3,-3.538287,30.0,90
LOND,lond029,Violation_201,22.0,P4,-13.82784,30.0,90
LOND,lond029,Violation_201,22.0,C3,-15.87418,30.0,90
LOND,lond029,Violation_201,22.0,C4,-7.935257,30.0,90
LOND,lond029,Violation_201,22.0,P7,-4.146597,30.0,90
LOND,lond029,Violation_201,22.0,P8,-23.84918,30.0,90
LOND,lond029,Violation_201,22.0,O1,-13.26379,30.0,90
LOND,lond029,Violation_201,22.0,O2,-8.893684,30.0,90
LOND,lond029,Violation_201,38.0,Pz,-25.4673,37.0,80
LOND,lond029,Violation_201,38.0,Cz,-32.44231,37.0,80
LOND,lond029,Violation_201,38.0,CP1,-19.09554,37.0,80
LOND,lond029,Violation_201,38.0,CP2,-32.11404,37.0,80
LOND,lond029,Violation_201,38.0,P3,-13.26235,37.0,80
LOND,lond029,Violation_201,38.0,P4,-25.69268,37.0,80
LOND,lond029,Violation_201,38.0,C3,-6.890789,37.0,80
LOND,lond029,Violation_201,38.0,C4,-15.46349,37.0,80
LOND,lond029,Violation_201,38.0,P7,-14.83701,37.0,80
LOND,lond029,Violation_201,38.0,P8,-32.59118,37.0,80
LOND,lond029,Violation_201,38.0,O1,-19.85331,37.0,80
LOND,lond029,Violation_201,38.0,O2,-22.4589,37.0,80
LOND,lond029,Control_202,37.0,Pz,-8.720106,24.0,93
LOND,lond029,Control_202,37.0,Cz,-1.748521,24.0,93
LOND,lond029,Control_202,37.0,CP1,-4.997565,24.0,93
LOND,lond029,Control_202,37.0,CP2,18.94777,24.0,93
LOND,lond029,Control_202,37.0,P3,4.790626,24.0,93
LOND,lond029,Control_202,37.0,P4,-0.1508278,24.0,93
LOND,lond029,Control_202,37.0,C3,2.475843,24.0,93
LOND,lond029,Control_202,37.0,C4,5.107058,24.0,93
LOND,lond029,Control_202,37.0,P7,5.849651,24.0,93
LOND,lond029,Control_202,37.0,P8,-6.776369,24.0,93
LOND,lond029,Control_202,37.0,O1,4.875035,24.0,93
LOND,lond029,Control_202,37.0,O2,3.638326,24.0,93
LOND,lond029,Violation_201,54.0,Pz,-63.01313,59.0,73
LOND,lond029,Violation_201,54.0,Cz,-66.69053,59.0,73
LOND,lond029,Violation_201,54.0,CP1,-59.97256,59.0,73
LOND,lond029,Violation_201,54.0,CP2,-67.21808,59.0,73
LOND,lond029,Violation_201,54.0,P3,-52.82167,59.0,73
LOND,lond029,Violation_201,54.0,P4,-68.36863,59.0,73
LOND,lond029,Violation_201,54.0,C3,-69.43195,59.0,73
LOND,lond029,Violation_201,54.0,C4,-53.73678,59.0,73
LOND,lond029,Violation_201,54.0,P7,-47.94642,59.0,73
LOND,lond029,Violation_201,54.0,P8,-68.30592,59.0,73
LOND,lond029,Violation_201,54.0,O1,-62.59014,59.0,73
LOND,lond029,Violation_201,54.0,O2,-69.489,59.0,73
LOND,lond029,Control_202,57.0,Pz,-10.95242,46.0,63
LOND,lond029,Control_202,57.0,Cz,-1.909192,46.0,63
LOND,lond029,Control_202,57.0,CP1,-16.10464,46.0,63
LOND,lond029,Control_202,57.0,CP2,-4.690208,46.0,63
LOND,lond029,Control_202,57.0,P3,-9.891273,46.0,63
LOND,lond029,Control_202,57.0,P4,-10.41918,46.0,63
LOND,lond029,Control_202,57.0,C3,-12.13783,46.0,63
LOND,lond029,Control_202,57.0,C4,-16.49464,46.0,63
LOND,lond029,Control_202,57.0,P7,-7.021337,46.0,63
LOND,lond029,Control_202,57.0,P8,-17.78431,46.0,63
LOND,lond029,Control_202,57.0,O1,-3.588985,46.0,63
LOND,lond029,Control_202,57.0,O2,-9.138183,46.0,63
LOND,lond029,Control_202,45.0,Pz,-5.455034,55.0,93
LOND,lond029,Control_202,45.0,Cz,-4.823638,55.0,93
LOND,lond029,Control_202,45.0,CP1,-5.216466,55.0,93
LOND,lond029,Control_202,45.0,CP2,-12.43231,55.0,93
LOND,lond029,Control_202,45.0,P3,-7.90494,55.0,93
LOND,lond029,Control_202,45.0,P4,-9.670841,55.0,93
LOND,lond029,Control_202,45.0,C3,-7.694988,55.0,93
LOND,lond029,Control_202,45.0,C4,-6.372973,55.0,93
LOND,lond029,Control_202,45.0,P7,-4.830807,55.0,93
LOND,lond029,Control_202,45.0,P8,-7.764845,55.0,93
LOND,lond029,Control_202,45.0,O1,-1.628449,55.0,93
LOND,lond029,Control_202,45.0,O2,0.07293107,55.0,93
LOND,lond029,Control_202,49.0,Pz,-19.22717,47.0,100
LOND,lond029,Control_202,49.0,Cz,-21.87581,47.0,100
LOND,lond029,Control_202,49.0,CP1,-8.704586,47.0,100
LOND,lond029,Control_202,49.0,CP2,45.4817,47.0,100
LOND,lond029,Control_202,49.0,P3,-12.3048,47.0,100
LOND,lond029,Control_202,49.0,P4,-10.75358,47.0,100
LOND,lond029,Control_202,49.0,C3,-7.177276,47.0,100
LOND,lond029,Control_202,49.0,C4,-20.62519,47.0,100
LOND,lond029,Control_202,49.0,P7,-4.019624,47.0,100
LOND,lond029,Control_202,49.0,P8,-3.24657,47.0,100
LOND,lond029,Control_202,49.0,O1,-17.2459,47.0,100
LOND,lond029,Control_202,49.0,O2,-19.62475,47.0,100
LOND,lond029,Violation_201,58.0,Pz,-28.09482,53.0,93
LOND,lond029,Violation_201,58.0,Cz,-22.40151,53.0,93
LOND,lond029,Violation_201,58.0,CP1,-29.55876,53.0,93
LOND,lond029,Violation_201,58.0,CP2,-15.77913,53.0,93
LOND,lond029,Violation_201,58.0,P3,-11.09258,53.0,93
LOND,lond029,Violation_201,58.0,P4,-29.90382,53.0,93
LOND,lond029,Violation_201,58.0,C3,-15.61403,53.0,93
LOND,lond029,Violation_201,58.0,C4,-41.36578,53.0,93
LOND,lond029,Violation_201,58.0,P7,-23.04419,53.0,93
LOND,lond029,Violation_201,58.0,P8,-5.371503,53.0,93
LOND,lond029,Violation_201,58.0,O1,-21.37188,53.0,93
LOND,lond029,Violation_201,58.0,O2,-16.67322,53.0,93
LOND,lond029,Control_202,41.0,Pz,10.64059,43.0,93
LOND,lond029,Control_202,41.0,Cz,2.552072,43.0,93
LOND,lond029,Control_202,41.0,CP1,-31.28484,43.0,93
LOND,lond029,Control_202,41.0,CP2,-13.43694,43.0,93
LOND,lond029,Control_202,41.0,P3,6.143484,43.0,93
LOND,lond029,Control_202,41.0,P4,4.481019,43.0,93
LOND,lond029,Control_202,41.0,C3,15.83399,43.0,93
LOND,lond029,Control_202,41.0,C4,1.908764,43.0,93
LOND,lond029,Control_202,41.0,P7,18.40309,43.0,93
LOND,lond029,Control_202,41.0,P8,9.866531,43.0,93
LOND,lond029,Control_202,41.0,O1,5.945237,43.0,93
LOND,lond029,Control_202,41.0,O2,12.10352,43.0,93
LOND,lond029,Violation_201,42.0,Pz,-6.817438,56.0,93
LOND,lond029,Violation_201,42.0,Cz,-15.31509,56.0,93
LOND,lond029,Violation_201,42.0,CP1,-0.7485514,56.0,93
LOND,lond029,Violation_201,42.0,CP2,-5.526897,56.0,93
LOND,lond029,Violation_201,42.0,P3,-9.757031,56.0,93
LOND,lond029,Violation_201,42.0,P4,-23.71571,56.0,93
LOND,lond029,Violation_201,42.0,C3,-19.99335,56.0,93
LOND,lond029,Violation_201,42.0,C4,-13.82968,56.0,93
LOND,lond029,Violation_201,42.0,P7,8.974157,56.0,93
LOND,lond029,Violation_201,42.0,P8,-14.28818,56.0,93
LOND,lond029,Violation_201,42.0,O1,-13.07086,56.0,93
LOND,lond029,Violation_201,42.0,O2,-11.27686,56.0,93
LOND,lond029,Violation_201,46.0,Pz,-10.1383,44.0,90
LOND,lond029,Violation_201,46.0,Cz,-4.605641,44.0,90
LOND,lond029,Violation_201,46.0,CP1,-15.74655,44.0,90
LOND,lond029,Violation_201,46.0,CP2,-15.60807,44.0,90
LOND,lond029,Violation_201,46.0,P3,-19.44383,44.0,90
LOND,lond029,Violation_201,46.0,P4,-15.89923,44.0,90
LOND,lond029,Violation_201,46.0,C3,-15.15521,44.0,90
LOND,lond029,Violation_201,46.0,C4,-0.6614465,44.0,90
LOND,lond029,Violation_201,46.0,P7,-14.8438,44.0,90
LOND,lond029,Violation_201,46.0,P8,-9.292953,44.0,90
LOND,lond029,Violation_201,46.0,O1,-12.40407,44.0,90
LOND,lond029,Violation_201,46.0,O2,-14.3088,44.0,90
LOND,lond029,Control_202,53.0,Pz,-11.00448,41.0,100
LOND,lond029,Control_202,53.0,Cz,-7.209552,41.0,100
LOND,lond029,Control_202,53.0,CP1,-9.984914,41.0,100
LOND,lond029,Control_202,53.0,CP2,-1.469131,41.0,100
LOND,lond029,Control_202,53.0,P3,-10.95763,41.0,100
LOND,lond029,Control_202,53.0,P4,-14.2008,41.0,100
LOND,lond029,Control_202,53.0,C3,-5.075879,41.0,100
LOND,lond029,Control_202,53.0,C4,-0.9545693,41.0,100
LOND,lond029,Control_202,53.0,P7,-2.801622,41.0,100
LOND,lond029,Control_202,53.0,P8,-4.729475,41.0,100
LOND,lond029,Control_202,53.0,O1,-8.176387,41.0,100
LOND,lond029,Control_202,53.0,O2,-9.325073,41.0,100
LOND,lond029,Violation_201,50.0,Pz,5.124075,51.0,90
LOND,lond029,Violation_201,50.0,Cz,17.68693,51.0,90
LOND,lond029,Violation_201,50.0,CP1,20.60976,51.0,90
LOND,lond029,Violation_201,50.0,CP2,24.95186,51.0,90
LOND,lond029,Violation_201,50.0,P3,12.79801,51.0,90
LOND,lond029,Violation_201,50.0,P4,4.684972,51.0,90
LOND,lond029,Violation_201,50.0,C3,8.53674,51.0,90
LOND,lond029,Violation_201,50.0,C4,14.65913,51.0,90
LOND,lond029,Violation_201,50.0,P7,7.398294,51.0,90
LOND,lond029,Violation_201,50.0,P8,7.03438,51.0,90
LOND,lond029,Violation_201,50.0,O1,15.1906,51.0,90
LOND,lond029,Violation_201,50.0,O2,9.357492,51.0,90
LOND,lond029,Violation_201,62.0,Pz,12.08698,76.0,90
LOND,lond029,Violation_201,62.0,Cz,-10.20468,76.0,90
LOND,lond029,Violation_201,62.0,CP1,21.79226,76.0,90
LOND,lond029,Violation_201,62.0,CP2,14.55968,76.0,90
LOND,lond029,Violation_201,62.0,P3,14.05987,76.0,90
LOND,lond029,Violation_201,62.0,P4,3.263042,76.0,90
LOND,lond029,Violation_201,62.0,C3,4.616107,76.0,90
LOND,lond029,Violation_201,62.0,C4,-7.287563,76.0,90
LOND,lond029,Violation_201,62.0,P7,-2.669929,76.0,90
LOND,lond029,Violation_201,62.0,P8,3.766502,76.0,90
LOND,lond029,Violation_201,62.0,O1,2.007529,76.0,90
LOND,lond029,Violation_201,62.0,O2,16.03395,76.0,90
LOND,lond029,Control_202,65.0,Pz,-9.225388,65.0,93
LOND,lond029,Control_202,65.0,Cz,0.09454099,65.0,93
LOND,lond029,Control_202,65.0,CP1,-10.75751,65.0,93
LOND,lond029,Control_202,65.0,CP2,-14.68773,65.0,93
LOND,lond029,Control_202,65.0,P3,2.289566,65.0,93
LOND,lond029,Control_202,65.0,P4,-10.1031,65.0,93
LOND,lond029,Control_202,65.0,C3,2.832272,65.0,93
LOND,lond029,Control_202,65.0,C4,-9.706798,65.0,93
LOND,lond029,Control_202,65.0,P7,-8.364697,65.0,93
LOND,lond029,Control_202,65.0,P8,-11.44768,65.0,93
LOND,lond029,Control_202,65.0,O1,-10.1088,65.0,93
LOND,lond029,Control_202,65.0,O2,-4.035688,65.0,93
LOND,lond029,Violation_201,74.0,Pz,6.541534,75.0,60
LOND,lond029,Violation_201,74.0,Cz,29.16992,75.0,60
LOND,lond029,Violation_201,74.0,CP1,1.86508,75.0,60
LOND,lond029,Violation_201,74.0,CP2,21.47131,75.0,60
LOND,lond029,Violation_201,74.0,P3,13.98313,75.0,60
LOND,lond029,Violation_201,74.0,P4,8.142109,75.0,60
LOND,lond029,Violation_201,74.0,C3,9.11479,75.0,60
LOND,lond029,Violation_201,74.0,C4,7.828952,75.0,60
LOND,lond029,Violation_201,74.0,P7,-3.756329,75.0,60
LOND,lond029,Violation_201,74.0,P8,-3.642696,75.0,60
LOND,lond029,Violation_201,74.0,O1,-4.893018,75.0,60
LOND,lond029,Violation_201,74.0,O2,2.269491,75.0,60
LOND,lond029,Control_202,73.0,Pz,17.76024,78.0,97
LOND,lond029,Control_202,73.0,Cz,20.37568,78.0,97
LOND,lond029,Control_202,73.0,CP1,46.56379,78.0,97
LOND,lond029,Control_202,73.0,CP2,19.48988,78.0,97
LOND,lond029,Control_202,73.0,P3,7.578343,78.0,97
LOND,lond029,Control_202,73.0,P4,11.79106,78.0,97
LOND,lond029,Control_202,73.0,C3,3.558659,78.0,97
LOND,lond029,Control_202,73.0,C4,8.014179,78.0,97
LOND,lond029,Control_202,73.0,P7,23.16925,78.0,97
LOND,lond029,Control_202,73.0,P8,14.08441,78.0,97
LOND,lond029,Control_202,73.0,O1,21.36404,78.0,97
LOND,lond029,Control_202,73.0,O2,19.61174,78.0,97
LOND,lond029,Control_202,77.0,Pz,-8.2009,63.0,83
LOND,lond029,Control_202,77.0,Cz,-17.06046,63.0,83
LOND,lond029,Control_202,77.0,CP1,4.573939,63.0,83
LOND,lond029,Control_202,77.0,CP2,-6.46297,63.0,83
LOND,lond029,Control_202,77.0,P3,29.23124,63.0,83
LOND,lond029,Control_202,77.0,P4,4.626334,63.0,83
LOND,lond029,Control_202,77.0,C3,-16.15536,63.0,83
LOND,lond029,Control_202,77.0,C4,-21.43006,63.0,83
LOND,lond029,Control_202,77.0,P7,0.7368442,63.0,83
LOND,lond029,Control_202,77.0,P8,-2.563996,63.0,83
LOND,lond029,Control_202,77.0,O1,-0.4431864,63.0,83
LOND,lond029,Control_202,77.0,O2,-7.132712,63.0,83
LOND,lond029,Violation_201,78.0,Pz,13.27937,61.0,34
LOND,lond029,Violation_201,78.0,Cz,4.229801,61.0,34
LOND,lond029,Violation_201,78.0,CP1,19.43951,61.0,34
LOND,lond029,Violation_201,78.0,CP2,-4.620899,61.0,34
LOND,lond029,Violation_201,78.0,P3,6.858521,61.0,34
LOND,lond029,Violation_201,78.0,P4,0.2751285,61.0,34
LOND,lond029,Violation_201,78.0,C3,20.38165,61.0,34
LOND,lond029,Violation_201,78.0,C4,-2.329014,61.0,34
LOND,lond029,Violation_201,78.0,P7,7.339757,61.0,34
LOND,lond029,Violation_201,78.0,P8,10.20176,61.0,34
LOND,lond029,Violation_201,78.0,O1,11.86448,61.0,34
LOND,lond029,Violation_201,78.0,O2,10.81199,61.0,34
LOND,lond029,Violation_201,70.0,Pz,5.395173,80.0,97
LOND,lond029,Violation_201,70.0,Cz,4.045054,80.0,97
LOND,lond029,Violation_201,70.0,CP1,4.248553,80.0,97
LOND,lond029,Violation_201,70.0,CP2,12.90328,80.0,97
LOND,lond029,Violation_201,70.0,P3,5.779574,80.0,97
LOND,lond029,Violation_201,70.0,P4,1.867114,80.0,97
LOND,lond029,Violation_201,70.0,C3,14.46397,80.0,97
LOND,lond029,Violation_201,70.0,C4,-8.898509,80.0,97
LOND,lond029,Violation_201,70.0,P7,2.808475,80.0,97
LOND,lond029,Violation_201,70.0,P8,6.426805,80.0,97
LOND,lond029,Violation_201,70.0,O1,4.949602,80.0,97
LOND,lond029,Violation_201,70.0,O2,4.079313,80.0,97
LOND,lond029,Control_202,69.0,Pz,-9.511294,67.0,87
LOND,lond029,Control_202,69.0,Cz,-5.32119,67.0,87
LOND,lond029,Control_202,69.0,CP1,-5.442419,67.0,87
LOND,lond029,Control_202,69.0,CP2,-52.91841,67.0,87
LOND,lond029,Control_202,69.0,P3,-10.51496,67.0,87
LOND,lond029,Control_202,69.0,P4,-13.52661,67.0,87
LOND,lond029,Control_202,69.0,C3,-12.74008,67.0,87
LOND,lond029,Control_202,69.0,C4,-17.98756,67.0,87
LOND,lond029,Control_202,69.0,P7,-12.58413,67.0,87
LOND,lond029,Control_202,69.0,P8,-17.57931,67.0,87
LOND,lond029,Control_202,69.0,O1,-9.442026,67.0,87
LOND,lond029,Control_202,69.0,O2,-18.75494,67.0,87
LOND,lond029,Control_202,61.0,Pz,-21.88856,68.0,27
LOND,lond029,Control_202,61.0,Cz,-19.9222,68.0,27
LOND,lond029,Control_202,61.0,CP1,-16.11922,68.0,27
LOND,lond029,Control_202,61.0,CP2,-24.56863,68.0,27
LOND,lond029,Control_202,61.0,P3,-21.01785,68.0,27
LOND,lond029,Control_202,61.0,P4,-18.79586,68.0,27
LOND,lond029,Control_202,61.0,C3,-22.28563,68.0,27
LOND,lond029,Control_202,61.0,C4,-31.49877,68.0,27
LOND,lond029,Control_202,61.0,P7,-36.86209,68.0,27
LOND,lond029,Control_202,61.0,P8,-29.06384,68.0,27
LOND,lond029,Control_202,61.0,O1,-33.67524,68.0,27
LOND,lond029,Control_202,61.0,O2,-23.75306,68.0,27
LOND,lond029,Violation_201,66.0,Pz,-0.7621598,74.0,93
LOND,lond029,Violation_201,66.0,Cz,-2.540903,74.0,93
LOND,lond029,Violation_201,66.0,CP1,6.178291,74.0,93
LOND,lond029,Violation_201,66.0,CP2,-7.817725,74.0,93
LOND,lond029,Violation_201,66.0,P3,-0.04869717,74.0,93
LOND,lond029,Violation_201,66.0,P4,-4.236611,74.0,93
LOND,lond029,Violation_201,66.0,C3,-2.239651,74.0,93
LOND,lond029,Violation_201,66.0,C4,2.701456,74.0,93
LOND,lond029,Violation_201,66.0,P7,-0.01090951,74.0,93
LOND,lond029,Violation_201,66.0,P8,7.696745,74.0,93
LOND,lond029,Violation_201,66.0,O1,-3.899419,74.0,93
LOND,lond029,Violation_201,66.0,O2,-6.425653,74.0,93
LOND,lond030,Control_202,11.0,Pz,16.60854,17.0,62
LOND,lond030,Control_202,11.0,Cz,18.40273,17.0,62
LOND,lond030,Control_202,11.0,CP1,19.32893,17.0,62
LOND,lond030,Control_202,11.0,CP2,18.66109,17.0,62
LOND,lond030,Control_202,11.0,P3,10.25596,17.0,62
LOND,lond030,Control_202,11.0,P4,23.30648,17.0,62
LOND,lond030,Control_202,11.0,C3,29.21239,17.0,62
LOND,lond030,Control_202,11.0,C4,9.624348,17.0,62
LOND,lond030,Control_202,11.0,P7,-2.964839,17.0,62
LOND,lond030,Control_202,11.0,P8,16.68343,17.0,62
LOND,lond030,Control_202,11.0,O1,14.11795,17.0,62
LOND,lond030,Control_202,11.0,O2,12.29599,17.0,62
LOND,lond030,Violation_201,16.0,Pz,11.77652,7.0,80
LOND,lond030,Violation_201,16.0,Cz,16.4418,7.0,80
LOND,lond030,Violation_201,16.0,CP1,4.648601,7.0,80
LOND,lond030,Violation_201,16.0,CP2,17.18052,7.0,80
LOND,lond030,Violation_201,16.0,P3,2.436035,7.0,80
LOND,lond030,Violation_201,16.0,P4,-2.328591,7.0,80
LOND,lond030,Violation_201,16.0,C3,1.942953,7.0,80
LOND,lond030,Violation_201,16.0,C4,3.35422,7.0,80
LOND,lond030,Violation_201,16.0,P7,-6.749692,7.0,80
LOND,lond030,Violation_201,16.0,P8,19.8969,7.0,80
LOND,lond030,Violation_201,16.0,O1,8.582726,7.0,80
LOND,lond030,Violation_201,16.0,O2,6.328053,7.0,80
LOND,lond030,Violation_201,12.0,Pz,5.059171,8.0,97
LOND,lond030,Violation_201,12.0,Cz,4.68162,8.0,97
LOND,lond030,Violation_201,12.0,CP1,2.708814,8.0,97
LOND,lond030,Violation_201,12.0,CP2,0.6827023,8.0,97
LOND,lond030,Violation_201,12.0,P3,10.8553,8.0,97
LOND,lond030,Violation_201,12.0,P4,17.77086,8.0,97
LOND,lond030,Violation_201,12.0,C3,-0.3876148,8.0,97
LOND,lond030,Violation_201,12.0,C4,7.521741,8.0,97
LOND,lond030,Violation_201,12.0,P7,22.21607,8.0,97
LOND,lond030,Violation_201,12.0,P8,16.27282,8.0,97
LOND,lond030,Violation_201,12.0,O1,12.18513,8.0,97
LOND,lond030,Violation_201,12.0,O2,9.577885,8.0,97
LOND,lond030,Control_202,19.0,Pz,-2.685209,14.0,90
LOND,lond030,Control_202,19.0,Cz,-0.536401,14.0,90
LOND,lond030,Control_202,19.0,CP1,-0.3210115,14.0,90
LOND,lond030,Control_202,19.0,CP2,-11.29712,14.0,90
LOND,lond030,Control_202,19.0,P3,-7.793869,14.0,90
LOND,lond030,Control_202,19.0,P4,-20.87884,14.0,90
LOND,lond030,Control_202,19.0,C3,-10.6779,14.0,90
LOND,lond030,Control_202,19.0,C4,-5.919587,14.0,90
LOND,lond030,Control_202,19.0,P7,8.665566,14.0,90
LOND,lond030,Control_202,19.0,P8,-12.70385,14.0,90
LOND,lond030,Control_202,19.0,O1,-4.823862,14.0,90
LOND,lond030,Control_202,19.0,O2,-4.926853,14.0,90
LOND,lond030,Violation_201,4.0,Pz,-16.91095,16.0,93
LOND,lond030,Violation_201,4.0,Cz,-13.54336,16.0,93
LOND,lond030,Violation_201,4.0,CP1,-21.80206,16.0,93
LOND,lond030,Violation_201,4.0,CP2,-24.9934,16.0,93
LOND,lond030,Violation_201,4.0,P3,-18.70854,16.0,93
LOND,lond030,Violation_201,4.0,P4,-18.94196,16.0,93
LOND,lond030,Violation_201,4.0,C3,-2.213016,16.0,93
LOND,lond030,Violation_201,4.0,C4,-5.430438,16.0,93
LOND,lond030,Violation_201,4.0,P7,-0.9735773,16.0,93
LOND,lond030,Violation_201,4.0,P8,-2.1361,16.0,93
LOND,lond030,Violation_201,4.0,O1,-4.880167,16.0,93
LOND,lond030,Violation_201,4.0,O2,-11.14545,16.0,93
LOND,lond030,Violation_201,8.0,Pz,-12.70389,19.0,100
LOND,lond030,Violation_201,8.0,Cz,-7.920704,19.0,100
LOND,lond030,Violation_201,8.0,CP1,-14.83236,19.0,100
LOND,lond030,Violation_201,8.0,CP2,-8.003766,19.0,100
LOND,lond030,Violation_201,8.0,P3,-7.309335,19.0,100
LOND,lond030,Violation_201,8.0,P4,3.002631,19.0,100
LOND,lond030,Violation_201,8.0,C3,-7.913148,19.0,100
LOND,lond030,Violation_201,8.0,C4,-6.552757,19.0,100
LOND,lond030,Violation_201,8.0,P7,0.3600777,19.0,100
LOND,lond030,Violation_201,8.0,P8,-19.29018,19.0,100
LOND,lond030,Violation_201,8.0,O1,0.6608298,19.0,100
LOND,lond030,Violation_201,8.0,O2,-2.252336,19.0,100
LOND,lond030,Violation_201,20.0,Pz,7.215404,3.0,100
LOND,lond030,Violation_201,20.0,Cz,3.303542,3.0,100
LOND,lond030,Violation_201,20.0,CP1,11.0638,3.0,100
LOND,lond030,Violation_201,20.0,CP2,12.58914,3.0,100
LOND,lond030,Violation_201,20.0,P3,9.069982,3.0,100
LOND,lond030,Violation_201,20.0,P4,-2.419241,3.0,100
LOND,lond030,Violation_201,20.0,C3,5.058598,3.0,100
LOND,lond030,Violation_201,20.0,C4,-2.356138,3.0,100
LOND,lond030,Violation_201,20.0,P7,-5.492208,3.0,100
LOND,lond030,Violation_201,20.0,P8,13.92239,3.0,100
LOND,lond030,Violation_201,20.0,O1,10.79648,3.0,100
LOND,lond030,Violation_201,20.0,O2,8.372652,3.0,100
LOND,lond030,Control_202,15.0,Pz,2.533046,13.0,97
LOND,lond030,Control_202,15.0,Cz,-0.9389241,13.0,97
LOND,lond030,Control_202,15.0,CP1,-0.839689,13.0,97
LOND,lond030,Control_202,15.0,CP2,7.51027,13.0,97
LOND,lond030,Control_202,15.0,P3,3.772902,13.0,97
LOND,lond030,Control_202,15.0,P4,-2.78177,13.0,97
LOND,lond030,Control_202,15.0,C3,8.000255,13.0,97
LOND,lond030,Control_202,15.0,C4,-1.096358,13.0,97
LOND,lond030,Control_202,15.0,P7,-9.643394,13.0,97
LOND,lond030,Control_202,15.0,P8,-13.7479,13.0,97
LOND,lond030,Control_202,15.0,O1,3.288855,13.0,97
LOND,lond030,Control_202,15.0,O2,-1.068835,13.0,97
LOND,lond030,Control_202,7.0,Pz,27.5598,12.0,100
LOND,lond030,Control_202,7.0,Cz,30.0521,12.0,100
LOND,lond030,Control_202,7.0,CP1,37.43483,12.0,100
LOND,lond030,Control_202,7.0,CP2,22.32009,12.0,100
LOND,lond030,Control_202,7.0,P3,31.43974,12.0,100
LOND,lond030,Control_202,7.0,P4,10.36706,12.0,100
LOND,lond030,Control_202,7.0,C3,5.742479,12.0,100
LOND,lond030,Control_202,7.0,C4,30.98647,12.0,100
LOND,lond030,Control_202,7.0,P7,41.5752,12.0,100
LOND,lond030,Control_202,7.0,P8,14.86362,12.0,100
LOND,lond030,Control_202,7.0,O1,28.49477,12.0,100
LOND,lond030,Control_202,7.0,O2,27.96078,12.0,100
LOND,lond030,Control_202,31.0,Pz,1.416645,38.0,93
LOND,lond030,Control_202,31.0,Cz,0.05477206,38.0,93
LOND,lond030,Control_202,31.0,CP1,1.916674,38.0,93
LOND,lond030,Control_202,31.0,CP2,1.819309,38.0,93
LOND,lond030,Control_202,31.0,P3,4.158144,38.0,93
LOND,lond030,Control_202,31.0,P4,-0.7388766,38.0,93
LOND,lond030,Control_202,31.0,C3,-0.4206044,38.0,93
LOND,lond030,Control_202,31.0,C4,2.741339,38.0,93
LOND,lond030,Control_202,31.0,P7,20.38126,38.0,93
LOND,lond030,Control_202,31.0,P8,24.94311,38.0,93
LOND,lond030,Control_202,31.0,O1,9.224951,38.0,93
LOND,lond030,Control_202,31.0,O2,6.010577,38.0,93
LOND,lond030,Control_202,35.0,Pz,1.413855,40.0,93
LOND,lond030,Control_202,35.0,Cz,12.41767,40.0,93
LOND,lond030,Control_202,35.0,CP1,-1.338966,40.0,93
LOND,lond030,Control_202,35.0,CP2,14.68064,40.0,93
LOND,lond030,Control_202,35.0,P3,3.658491,40.0,93
LOND,lond030,Control_202,35.0,P4,-12.40201,40.0,93
LOND,lond030,Control_202,35.0,C3,7.726367,40.0,93
LOND,lond030,Control_202,35.0,C4,14.60933,40.0,93
LOND,lond030,Control_202,35.0,P7,20.94002,40.0,93
LOND,lond030,Control_202,35.0,P8,-8.716325,40.0,93
LOND,lond030,Control_202,35.0,O1,0.9018984,40.0,93
LOND,lond030,Control_202,35.0,O2,0.5946447,40.0,93
LOND,lond030,Violation_201,36.0,Pz,-4.443102,22.0,53
LOND,lond030,Violation_201,36.0,Cz,-6.073565,22.0,53
LOND,lond030,Violation_201,36.0,CP1,-11.32199,22.0,53
LOND,lond030,Violation_201,36.0,CP2,-7.359722,22.0,53
LOND,lond030,Violation_201,36.0,P3,-0.8217475,22.0,53
LOND,lond030,Violation_201,36.0,P4,3.731362,22.0,53
LOND,lond030,Violation_201,36.0,C3,5.529135,22.0,53
LOND,lond030,Violation_201,36.0,C4,-7.442987,22.0,53
LOND,lond030,Violation_201,36.0,P7,-8.163065,22.0,53
LOND,lond030,Violation_201,36.0,P8,-16.03672,22.0,53
LOND,lond030,Violation_201,36.0,O1,-1.860775,22.0,53
LOND,lond030,Violation_201,36.0,O2,-13.17,22.0,53
LOND,lond030,Violation_201,28.0,Pz,2.132767,30.0,90
LOND,lond030,Violation_201,28.0,Cz,-5.346258,30.0,90
LOND,lond030,Violation_201,28.0,CP1,11.80315,30.0,90
LOND,lond030,Violation_201,28.0,CP2,8.694172,30.0,90
LOND,lond030,Violation_201,28.0,P3,16.97553,30.0,90
LOND,lond030,Violation_201,28.0,P4,13.60449,30.0,90
LOND,lond030,Violation_201,28.0,C3,7.162658,30.0,90
LOND,lond030,Violation_201,28.0,C4,-2.721366,30.0,90
LOND,lond030,Violation_201,28.0,P7,-6.958627,30.0,90
LOND,lond030,Violation_201,28.0,P8,-18.64869,30.0,90
LOND,lond030,Violation_201,28.0,O1,-2.828321,30.0,90
LOND,lond030,Violation_201,28.0,O2,-15.50359,30.0,90
LOND,lond030,Control_202,27.0,Pz,19.80544,28.0,27
LOND,lond030,Control_202,27.0,Cz,16.48388,28.0,27
LOND,lond030,Control_202,27.0,CP1,4.677903,28.0,27
LOND,lond030,Control_202,27.0,CP2,19.22944,28.0,27
LOND,lond030,Control_202,27.0,P3,14.47754,28.0,27
LOND,lond030,Control_202,27.0,P4,12.85231,28.0,27
LOND,lond030,Control_202,27.0,C3,13.30457,28.0,27
LOND,lond030,Control_202,27.0,C4,17.18451,28.0,27
LOND,lond030,Control_202,27.0,P7,4.181894,28.0,27
LOND,lond030,Control_202,27.0,P8,21.79652,28.0,27
LOND,lond030,Control_202,27.0,O1,14.9688,28.0,27
LOND,lond030,Control_202,27.0,O2,21.1033,28.0,27
LOND,lond030,Violation_201,24.0,Pz,-9.751184,29.0,90
LOND,lond030,Violation_201,24.0,Cz,-11.78449,29.0,90
LOND,lond030,Violation_201,24.0,CP1,-22.5163,29.0,90
LOND,lond030,Violation_201,24.0,CP2,4.736857,29.0,90
LOND,lond030,Violation_201,24.0,P3,1.735834,29.0,90
LOND,lond030,Violation_201,24.0,P4,4.509151,29.0,90
LOND,lond030,Violation_201,24.0,C3,-10.29174,29.0,90
LOND,lond030,Violation_201,24.0,C4,6.412614,29.0,90
LOND,lond030,Violation_201,24.0,P7,3.319968,29.0,90
LOND,lond030,Violation_201,24.0,P8,0.1358886,29.0,90
LOND,lond030,Violation_201,24.0,O1,1.791418,29.0,90
LOND,lond030,Violation_201,24.0,O2,-4.19172,29.0,90
LOND,lond030,Violation_201,32.0,Pz,-12.54651,34.0,97
LOND,lond030,Violation_201,32.0,Cz,-14.89018,34.0,97
LOND,lond030,Violation_201,32.0,CP1,-11.21158,34.0,97
LOND,lond030,Violation_201,32.0,CP2,-21.47131,34.0,97
LOND,lond030,Violation_201,32.0,P3,-18.44921,34.0,97
LOND,lond030,Violation_201,32.0,P4,-23.92766,34.0,97
LOND,lond030,Violation_201,32.0,C3,0.6899957,34.0,97
LOND,lond030,Violation_201,32.0,C4,-14.53199,34.0,97
LOND,lond030,Violation_201,32.0,P7,-5.011919,34.0,97
LOND,lond030,Violation_201,32.0,P8,-7.196344,34.0,97
LOND,lond030,Violation_201,32.0,O1,-8.367243,34.0,97
LOND,lond030,Violation_201,32.0,O2,-12.08442,34.0,97
LOND,lond030,Violation_201,40.0,Pz,2.654922,21.0,77
LOND,lond030,Violation_201,40.0,Cz,-2.627098,21.0,77
LOND,lond030,Violation_201,40.0,CP1,-8.746163,21.0,77
LOND,lond030,Violation_201,40.0,CP2,9.301259,21.0,77
LOND,lond030,Violation_201,40.0,P3,0.7654944,21.0,77
LOND,lond030,Violation_201,40.0,P4,6.019158,21.0,77
LOND,lond030,Violation_201,40.0,C3,-0.213238,21.0,77
LOND,lond030,Violation_201,40.0,C4,-6.48962,21.0,77
LOND,lond030,Violation_201,40.0,P7,-6.427917,21.0,77
LOND,lond030,Violation_201,40.0,P8,-0.1687234,21.0,77
LOND,lond030,Violation_201,40.0,O1,5.280575,21.0,77
LOND,lond030,Violation_201,40.0,O2,-9.158289,21.0,77
LOND,lond030,Control_202,23.0,Pz,6.231894,35.0,97
LOND,lond030,Control_202,23.0,Cz,13.09754,35.0,97
LOND,lond030,Control_202,23.0,CP1,14.87107,35.0,97
LOND,lond030,Control_202,23.0,CP2,10.0131,35.0,97
LOND,lond030,Control_202,23.0,P3,6.807458,35.0,97
LOND,lond030,Control_202,23.0,P4,11.69673,35.0,97
LOND,lond030,Control_202,23.0,C3,18.54364,35.0,97
LOND,lond030,Control_202,23.0,C4,9.659018,35.0,97
LOND,lond030,Control_202,23.0,P7,-2.562566,35.0,97
LOND,lond030,Control_202,23.0,P8,3.289169,35.0,97
LOND,lond030,Control_202,23.0,O1,-5.743294,35.0,97
LOND,lond030,Control_202,23.0,O2,-1.36366,35.0,97
LOND,lond030,Control_202,39.0,Pz,-1.304578,39.0,97
LOND,lond030,Control_202,39.0,Cz,0.06242957,39.0,97
LOND,lond030,Control_202,39.0,CP1,-0.1385829,39.0,97
LOND,lond030,Control_202,39.0,CP2,-8.225526,39.0,97
LOND,lond030,Control_202,39.0,P3,0.7777034,39.0,97
LOND,lond030,Control_202,39.0,P4,-9.352575,39.0,97
LOND,lond030,Control_202,39.0,C3,1.418371,39.0,97
LOND,lond030,Control_202,39.0,C4,1.648377,39.0,97
LOND,lond030,Control_202,39.0,P7,11.217,39.0,97
LOND,lond030,Control_202,39.0,P8,-0.3329072,39.0,97
LOND,lond030,Control_202,39.0,O1,-2.886404,39.0,97
LOND,lond030,Control_202,39.0,O2,1.199926,39.0,97
LOND,lond030,Control_202,44.0,Pz,-3.839841,56.0,93
LOND,lond030,Control_202,44.0,Cz,-23.65453,56.0,93
LOND,lond030,Control_202,44.0,CP1,-24.64343,56.0,93
LOND,lond030,Control_202,44.0,CP2,-2.678307,56.0,93
LOND,lond030,Control_202,44.0,P3,-0.6168357,56.0,93
LOND,lond030,Control_202,44.0,P4,-2.521809,56.0,93
LOND,lond030,Control_202,44.0,C3,-7.814793,56.0,93
LOND,lond030,Control_202,44.0,C4,-7.714947,56.0,93
LOND,lond030,Control_202,44.0,P7,4.393272,56.0,93
LOND,lond030,Control_202,44.0,P8,2.594357,56.0,93
LOND,lond030,Control_202,44.0,O1,2.089973,56.0,93
LOND,lond030,Control_202,44.0,O2,-6.547759,56.0,93
LOND,lond030,Control_202,51.0,Pz,4.094088,59.0,73
LOND,lond030,Control_202,51.0,Cz,-0.1839676,59.0,73
LOND,lond030,Control_202,51.0,CP1,12.70051,59.0,73
LOND,lond030,Control_202,51.0,CP2,-0.8756659,59.0,73
LOND,lond030,Control_202,51.0,P3,8.043794,59.0,73
LOND,lond030,Control_202,51.0,P4,-5.139884,59.0,73
LOND,lond030,Control_202,51.0,C3,-0.1087693,59.0,73
LOND,lond030,Control_202,51.0,C4,6.386458,59.0,73
LOND,lond030,Control_202,51.0,P7,11.68217,59.0,73
LOND,lond030,Control_202,51.0,P8,-0.0622377,59.0,73
LOND,lond030,Control_202,51.0,O1,2.22647,59.0,73
LOND,lond030,Control_202,51.0,O2,6.072351,59.0,73
LOND,lond030,Violation_201,56.0,Pz,-4.197692,41.0,100
LOND,lond030,Violation_201,56.0,Cz,-10.28462,41.0,100
LOND,lond030,Violation_201,56.0,CP1,-4.944861,41.0,100
LOND,lond030,Violation_201,56.0,CP2,-22.06401,41.0,100
LOND,lond030,Violation_201,56.0,P3,-12.40245,41.0,100
LOND,lond030,Violation_201,56.0,P4,-23.00609,41.0,100
LOND,lond030,Violation_201,56.0,C3,-14.16391,41.0,100
LOND,lond030,Violation_201,56.0,C4,-20.94799,41.0,100
LOND,lond030,Violation_201,56.0,P7,-9.374875,41.0,100
LOND,lond030,Violation_201,56.0,P8,12.924,41.0,100
LOND,lond030,Violation_201,56.0,O1,4.660314,41.0,100
LOND,lond030,Violation_201,56.0,O2,8.786648,41.0,100
LOND,lond030,Control_202,59.0,Pz,-20.96538,47.0,100
LOND,lond030,Control_202,59.0,Cz,-18.45962,47.0,100
LOND,lond030,Control_202,59.0,CP1,-8.165505,47.0,100
LOND,lond030,Control_202,59.0,CP2,-24.46121,47.0,100
LOND,lond030,Control_202,59.0,P3,-12.99196,47.0,100
LOND,lond030,Control_202,59.0,P4,-23.35658,47.0,100
LOND,lond030,Control_202,59.0,C3,-21.59541,47.0,100
LOND,lond030,Control_202,59.0,C4,-13.29869,47.0,100
LOND,lond030,Control_202,59.0,P7,-10.51132,47.0,100
LOND,lond030,Control_202,59.0,P8,-9.329202,47.0,100
LOND,lond030,Control_202,59.0,O1,-23.95136,47.0,100
LOND,lond030,Control_202,59.0,O2,-13.35299,47.0,100
LOND,lond030,Violation_201,43.0,Pz,-32.59667,51.0,90
LOND,lond030,Violation_201,43.0,Cz,-25.05013,51.0,90
LOND,lond030,Violation_201,43.0,CP1,-34.5205,51.0,90
LOND,lond030,Violation_201,43.0,CP2,-27.71115,51.0,90
LOND,lond030,Violation_201,43.0,P3,-31.18289,51.0,90
LOND,lond030,Violation_201,43.0,P4,-32.81425,51.0,90
LOND,lond030,Violation_201,43.0,C3,-11.94432,51.0,90
LOND,lond030,Violation_201,43.0,C4,6.964708,51.0,90
LOND,lond030,Violation_201,43.0,P7,-18.51788,51.0,90
LOND,lond030,Violation_201,43.0,P8,-25.2585,51.0,90
LOND,lond030,Violation_201,43.0,O1,-18.80219,51.0,90
LOND,lond030,Violation_201,43.0,O2,-19.42009,51.0,90
LOND,lond030,Control_202,55.0,Pz,-4.561886,55.0,93
LOND,lond030,Control_202,55.0,Cz,6.777533,55.0,93
LOND,lond030,Control_202,55.0,CP1,9.956906,55.0,93
LOND,lond030,Control_202,55.0,CP2,-10.36515,55.0,93
LOND,lond030,Control_202,55.0,P3,-2.129045,55.0,93
LOND,lond030,Control_202,55.0,P4,-13.70346,55.0,93
LOND,lond030,Control_202,55.0,C3,7.769004,55.0,93
LOND,lond030,Control_202,55.0,C4,-5.467188,55.0,93
LOND,lond030,Control_202,55.0,P7,-14.09053,55.0,93
LOND,lond030,Control_202,55.0,P8,-20.99875,55.0,93
LOND,lond030,Control_202,55.0,O1,-10.95737,55.0,93
LOND,lond030,Control_202,55.0,O2,-11.01651,55.0,93
LOND,lond030,Violation_201,48.0,Pz,13.63344,57.0,69
LOND,lond030,Violation_201,48.0,Cz,10.79253,57.0,69
LOND,lond030,Violation_201,48.0,CP1,10.85233,57.0,69
LOND,lond030,Violation_201,48.0,CP2,21.58277,57.0,69
LOND,lond030,Violation_201,48.0,P3,5.984045,57.0,69
LOND,lond030,Violation_201,48.0,P4,9.738268,57.0,69
LOND,lond030,Violation_201,48.0,C3,21.182,57.0,69
LOND,lond030,Violation_201,48.0,C4,0.2512458,57.0,69
LOND,lond030,Violation_201,48.0,P7,2.474367,57.0,69
LOND,lond030,Violation_201,48.0,P8,8.489052,57.0,69
LOND,lond030,Violation_201,48.0,O1,13.87294,57.0,69
LOND,lond030,Violation_201,48.0,O2,2.789358,57.0,69
LOND,lond030,Control_202,47.0,Pz,-21.32754,45.0,67
LOND,lond030,Control_202,47.0,Cz,1.239361,45.0,67
LOND,lond030,Control_202,47.0,CP1,2.476262,45.0,67
LOND,lond030,Control_202,47.0,CP2,-18.64197,45.0,67
LOND,lond030,Control_202,47.0,P3,-9.500051,45.0,67
LOND,lond030,Control_202,47.0,P4,-25.96891,45.0,67
LOND,lond030,Control_202,47.0,C3,-11.63203,45.0,67
LOND,lond030,Control_202,47.0,C4,9.515789,45.0,67
LOND,lond030,Control_202,47.0,P7,-11.04717,45.0,67
LOND,lond030,Control_202,47.0,P8,-20.12337,45.0,67
LOND,lond030,Control_202,47.0,O1,-27.72136,45.0,67
LOND,lond030,Control_202,47.0,O2,-11.85303,45.0,67
LOND,lond030,Violation_201,52.0,Pz,36.91499,53.0,93
LOND,lond030,Violation_201,52.0,Cz,31.25407,53.0,93
LOND,lond030,Violation_201,52.0,CP1,28.10864,53.0,93
LOND,lond030,Violation_201,52.0,CP2,31.24746,53.0,93
LOND,lond030,Violation_201,52.0,P3,29.26273,53.0,93
LOND,lond030,Violation_201,52.0,P4,30.0827,53.0,93
LOND,lond030,Violation_201,52.0,C3,26.00223,53.0,93
LOND,lond030,Violation_201,52.0,C4,27.09288,53.0,93
LOND,lond030,Violation_201,52.0,P7,12.33524,53.0,93
LOND,lond030,Violation_201,52.0,P8,15.64487,53.0,93
LOND,lond030,Violation_201,52.0,O1,28.41573,53.0,93
LOND,lond030,Violation_201,52.0,O2,24.00052,53.0,93
LOND,lond030,Violation_201,64.0,Pz,13.62067,72.0,90
LOND,lond030,Violation_201,64.0,Cz,17.37849,72.0,90
LOND,lond030,Violation_201,64.0,CP1,13.29169,72.0,90
LOND,lond030,Violation_201,64.0,CP2,7.488395,72.0,90
LOND,lond030,Violation_201,64.0,P3,3.925606,72.0,90
LOND,lond030,Violation_201,64.0,P4,1.541957,72.0,90
LOND,lond030,Violation_201,64.0,C3,-13.88039,72.0,90
LOND,lond030,Violation_201,64.0,C4,5.000895,72.0,90
LOND,lond030,Violation_201,64.0,P7,-1.008129,72.0,90
LOND,lond030,Violation_201,64.0,P8,6.629881,72.0,90
LOND,lond030,Violation_201,64.0,O1,-4.506507,72.0,90
LOND,lond030,Violation_201,64.0,O2,6.655192,72.0,90
LOND,lond030,Control_202,79.0,Pz,9.658254,67.0,87
LOND,lond030,Control_202,79.0,Cz,1.07514,67.0,87
LOND,lond030,Control_202,79.0,CP1,-1.089837,67.0,87
LOND,lond030,Control_202,79.0,CP2,18.18628,67.0,87
LOND,lond030,Control_202,79.0,P3,9.907659,67.0,87
LOND,lond030,Control_202,79.0,P4,10.90606,67.0,87
LOND,lond030,Control_202,79.0,C3,19.24606,67.0,87
LOND,lond030,Control_202,79.0,C4,11.95783,67.0,87
LOND,lond030,Control_202,79.0,P7,2.496865,67.0,87
LOND,lond030,Control_202,79.0,P8,5.514289,67.0,87
LOND,lond030,Control_202,79.0,O1,6.383713,67.0,87
LOND,lond030,Control_202,79.0,O2,-0.06740947,67.0,87
LOND,lond030,Violation_201,72.0,Pz,-12.80746,65.0,93
LOND,lond030,Violation_201,72.0,Cz,-5.193112,65.0,93
LOND,lond030,Violation_201,72.0,CP1,-7.34777,65.0,93
LOND,lond030,Violation_201,72.0,CP2,-12.11341,65.0,93
LOND,lond030,Violation_201,72.0,P3,-16.32209,65.0,93
LOND,lond030,Violation_201,72.0,P4,-16.01745,65.0,93
LOND,lond030,Violation_201,72.0,C3,-11.51091,65.0,93
LOND,lond030,Violation_201,72.0,C4,1.684336,65.0,93
LOND,lond030,Violation_201,72.0,P7,-9.488602,65.0,93
LOND,lond030,Violation_201,72.0,P8,-7.266071,65.0,93
LOND,lond030,Violation_201,72.0,O1,-17.32359,65.0,93
LOND,lond030,Violation_201,72.0,O2,-11.90559,65.0,93
LOND,lond030,Control_202,71.0,Pz,-10.0911,76.0,90
LOND,lond030,Control_202,71.0,Cz,-9.474212,76.0,90
LOND,lond030,Control_202,71.0,CP1,-1.864599,76.0,90
LOND,lond030,Control_202,71.0,CP2,-7.100499,76.0,90
LOND,lond030,Control_202,71.0,P3,-7.706948,76.0,90
LOND,lond030,Control_202,71.0,P4,-4.093955,76.0,90
LOND,lond030,Control_202,71.0,C3,-13.82382,76.0,90
LOND,lond030,Control_202,71.0,C4,0.3404074,76.0,90
LOND,lond030,Control_202,71.0,P7,-11.12896,76.0,90
LOND,lond030,Control_202,71.0,P8,-13.06839,76.0,90
LOND,lond030,Control_202,71.0,O1,-15.52042,76.0,90
LOND,lond030,Control_202,71.0,O2,-16.16396,76.0,90
LOND,lond030,Violation_201,68.0,Pz,9.055388,66.0,23
LOND,lond030,Violation_201,68.0,Cz,4.514567,66.0,23
LOND,lond030,Violation_201,68.0,CP1,16.04519,66.0,23
LOND,lond030,Violation_201,68.0,CP2,6.804097,66.0,23
LOND,lond030,Violation_201,68.0,P3,14.87371,66.0,23
LOND,lond030,Violation_201,68.0,P4,13.69188,66.0,23
LOND,lond030,Violation_201,68.0,C3,1.203584,66.0,23
LOND,lond030,Violation_201,68.0,C4,10.60405,66.0,23
LOND,lond030,Violation_201,68.0,P7,4.593012,66.0,23
LOND,lond030,Violation_201,68.0,P8,2.564741,66.0,23
LOND,lond030,Violation_201,68.0,O1,2.837321,66.0,23
LOND,lond030,Violation_201,68.0,O2,4.952024,66.0,23
LOND,lond030,Control_202,75.0,Pz,4.91161,78.0,97
LOND,lond030,Control_202,75.0,Cz,-3.51682,78.0,97
LOND,lond030,Control_202,75.0,CP1,-8.434436,78.0,97
LOND,lond030,Control_202,75.0,CP2,20.45888,78.0,97
LOND,lond030,Control_202,75.0,P3,8.353119,78.0,97
LOND,lond030,Control_202,75.0,P4,5.445839,78.0,97
LOND,lond030,Control_202,75.0,C3,1.813233,78.0,97
LOND,lond030,Control_202,75.0,C4,6.437318,78.0,97
LOND,lond030,Control_202,75.0,P7,12.70027,78.0,97
LOND,lond030,Control_202,75.0,P8,8.764758,78.0,97
LOND,lond030,Control_202,75.0,O1,2.172791,78.0,97
LOND,lond030,Control_202,75.0,O2,0.7350041,78.0,97
LOND,lond030,Violation_201,76.0,Pz,-3.031889,69.0,93
LOND,lond030,Violation_201,76.0,Cz,1.595386,69.0,93
LOND,lond030,Violation_201,76.0,CP1,-11.28466,69.0,93
LOND,lond030,Violation_201,76.0,CP2,-3.232286,69.0,93
LOND,lond030,Violation_201,76.0,P3,-9.328953,69.0,93
LOND,lond030,Violation_201,76.0,P4,4.328922,69.0,93
LOND,lond030,Violation_201,76.0,C3,-3.887745,69.0,93
LOND,lond030,Violation_201,76.0,C4,-4.86842,69.0,93
LOND,lond030,Violation_201,76.0,P7,-7.314792,69.0,93
LOND,lond030,Violation_201,76.0,P8,7.969494,69.0,93
LOND,lond030,Violation_201,76.0,O1,-0.6923957,69.0,93
LOND,lond030,Violation_201,76.0,O2,3.757061,69.0,93
LOND,lond030,Control_202,63.0,Pz,-0.5359202,73.0,80
LOND,lond030,Control_202,63.0,Cz,12.84683,73.0,80
LOND,lond030,Control_202,63.0,CP1,-0.3774319,73.0,80
LOND,lond030,Control_202,63.0,CP2,4.539434,73.0,80
LOND,lond030,Control_202,63.0,P3,-5.607437,73.0,80
LOND,lond030,Control_202,63.0,P4,2.01233,73.0,80
LOND,lond030,Control_202,63.0,C3,4.925799,73.0,80
LOND,lond030,Control_202,63.0,C4,3.654279,73.0,80
LOND,lond030,Control_202,63.0,P7,-0.2242693,73.0,80
LOND,lond030,Control_202,63.0,P8,-7.591805,73.0,80
LOND,lond030,Control_202,63.0,O1,1.511827,73.0,80
LOND,lond030,Control_202,63.0,O2,2.572839,73.0,80
LOND,lond030,Control_202,67.0,Pz,-3.594208,68.0,27
LOND,lond030,Control_202,67.0,Cz,-7.013511,68.0,27
LOND,lond030,Control_202,67.0,CP1,-8.22443,68.0,27
LOND,lond030,Control_202,67.0,CP2,-5.209146,68.0,27
LOND,lond030,Control_202,67.0,P3,-16.90636,68.0,27
LOND,lond030,Control_202,67.0,P4,-7.909916,68.0,27
LOND,lond030,Control_202,67.0,C3,-12.52193,68.0,27
LOND,lond030,Control_202,67.0,C4,-13.86428,68.0,27
LOND,lond030,Control_202,67.0,P7,-17.65673,68.0,27
LOND,lond030,Control_202,67.0,P8,15.1087,68.0,27
LOND,lond030,Control_202,67.0,O1,-2.342828,68.0,27
LOND,lond030,Control_202,67.0,O2,-6.990644,68.0,27
LOND,lond030,Violation_201,80.0,Pz,7.736477,80.0,97
LOND,lond030,Violation_201,80.0,Cz,3.965625,80.0,97
LOND,lond030,Violation_201,80.0,CP1,3.878555,80.0,97
LOND,lond030,Violation_201,80.0,CP2,0.1120683,80.0,97
LOND,lond030,Violation_201,80.0,P3,9.041418,80.0,97
LOND,lond030,Violation_201,80.0,P4,5.232455,80.0,97
LOND,lond030,Violation_201,80.0,C3,-6.078042,80.0,97
LOND,lond030,Violation_201,80.0,C4,12.68945,80.0,97
LOND,lond030,Violation_201,80.0,P7,14.47986,80.0,97
LOND,lond030,Violation_201,80.0,P8,12.64007,80.0,97
LOND,lond030,Violation_201,80.0,O1,15.32911,80.0,97
LOND,lond030,Violation_201,80.0,O2,13.46047,80.0,97
LOND,lond031,Control_202,3.0,Pz,21.38126,16.0,93
LOND,lond031,Control_202,3.0,Cz,13.0065,16.0,93
LOND,lond031,Control_202,3.0,CP1,27.76704,16.0,93
LOND,lond031,Control_202,3.0,CP2,24.80534,16.0,93
LOND,lond031,Control_202,3.0,P3,12.70446,16.0,93
LOND,lond031,Control_202,3.0,P4,5.35415,16.0,93
LOND,lond031,Control_202,3.0,C3,15.19485,16.0,93
LOND,lond031,Control_202,3.0,C4,17.86028,16.0,93
LOND,lond031,Control_202,3.0,P7,17.74034,16.0,93
LOND,lond031,Control_202,3.0,P8,11.93999,16.0,93
LOND,lond031,Control_202,3.0,O1,12.29567,16.0,93
LOND,lond031,Control_202,3.0,O2,22.05485,16.0,93
LOND,lond031,Violation_201,8.0,Pz,-4.333361,20.0,90
LOND,lond031,Violation_201,8.0,Cz,-7.587508,20.0,90
LOND,lond031,Violation_201,8.0,CP1,-3.864956,20.0,90
LOND,lond031,Violation_201,8.0,CP2,-4.520077,20.0,90
LOND,lond031,Violation_201,8.0,P3,-4.466191,20.0,90
LOND,lond031,Violation_201,8.0,P4,-10.56649,20.0,90
LOND,lond031,Violation_201,8.0,C3,-5.809202,20.0,90
LOND,lond031,Violation_201,8.0,C4,-32.07327,20.0,90
LOND,lond031,Violation_201,8.0,P7,-3.444786,20.0,90
LOND,lond031,Violation_201,8.0,P8,-6.949193,20.0,90
LOND,lond031,Violation_201,8.0,O1,-8.211746,20.0,90
LOND,lond031,Violation_201,8.0,O2,-9.816909,20.0,90
LOND,lond031,Violation_201,16.0,Pz,11.73011,1.0,97
LOND,lond031,Violation_201,16.0,Cz,13.31409,1.0,97
LOND,lond031,Violation_201,16.0,CP1,16.09675,1.0,97
LOND,lond031,Violation_201,16.0,CP2,16.49445,1.0,97
LOND,lond031,Violation_201,16.0,P3,5.793355,1.0,97
LOND,lond031,Violation_201,16.0,P4,4.244111,1.0,97
LOND,lond031,Violation_201,16.0,C3,9.085518,1.0,97
LOND,lond031,Violation_201,16.0,C4,2.558092,1.0,97
LOND,lond031,Violation_201,16.0,P7,15.7167,1.0,97
LOND,lond031,Violation_201,16.0,P8,18.71145,1.0,97
LOND,lond031,Violation_201,16.0,O1,12.47865,1.0,97
LOND,lond031,Violation_201,16.0,O2,10.97609,1.0,97
LOND,lond031,Control_202,15.0,Pz,16.49021,4.0,93
LOND,lond031,Control_202,15.0,Cz,16.21364,4.0,93
LOND,lond031,Control_202,15.0,CP1,14.48483,4.0,93
LOND,lond031,Control_202,15.0,CP2,21.62758,4.0,93
LOND,lond031,Control_202,15.0,P3,8.989965,4.0,93
LOND,lond031,Control_202,15.0,P4,7.31525,4.0,93
LOND,lond031,Control_202,15.0,C3,14.73321,4.0,93
LOND,lond031,Control_202,15.0,C4,1.795124,4.0,93
LOND,lond031,Control_202,15.0,P7,10.33635,4.0,93
LOND,lond031,Control_202,15.0,P8,18.23688,4.0,93
LOND,lond031,Control_202,15.0,O1,20.11428,4.0,93
LOND,lond031,Control_202,15.0,O2,10.56171,4.0,93
LOND,lond031,Control_202,11.0,Pz,-5.154145,12.0,100
LOND,lond031,Control_202,11.0,Cz,-8.751881,12.0,100
LOND,lond031,Control_202,11.0,CP1,-3.706919,12.0,100
LOND,lond031,Control_202,11.0,CP2,-1.307626,12.0,100
LOND,lond031,Control_202,11.0,P3,-14.47116,12.0,100
LOND,lond031,Control_202,11.0,P4,-9.480153,12.0,100
LOND,lond031,Control_202,11.0,C3,-10.60133,12.0,100
LOND,lond031,Control_202,11.0,C4,4.036337,12.0,100
LOND,lond031,Control_202,11.0,P7,-9.230845,12.0,100
LOND,lond031,Control_202,11.0,P8,-8.192194,12.0,100
LOND,lond031,Control_202,11.0,O1,-1.731574,12.0,100
LOND,lond031,Control_202,11.0,O2,-5.975393,12.0,100
LOND,lond031,Violation_201,20.0,Pz,-28.17252,7.0,80
LOND,lond031,Violation_201,20.0,Cz,-23.80079,7.0,80
LOND,lond031,Violation_201,20.0,CP1,-24.96483,7.0,80
LOND,lond031,Violation_201,20.0,CP2,-27.04087,7.0,80
LOND,lond031,Violation_201,20.0,P3,-26.78354,7.0,80
LOND,lond031,Violation_201,20.0,P4,-27.92835,7.0,80
LOND,lond031,Violation_201,20.0,C3,-22.10462,7.0,80
LOND,lond031,Violation_201,20.0,C4,-22.5088,7.0,80
LOND,lond031,Violation_201,20.0,P7,-19.85263,7.0,80
LOND,lond031,Violation_201,20.0,P8,-30.37535,7.0,80
LOND,lond031,Violation_201,20.0,O1,-22.29809,7.0,80
LOND,lond031,Violation_201,20.0,O2,-25.4997,7.0,80
LOND,lond031,Violation_201,12.0,Pz,33.14175,5.0,93
LOND,lond031,Violation_201,12.0,Cz,30.80913,5.0,93
LOND,lond031,Violation_201,12.0,CP1,31.16594,5.0,93
LOND,lond031,Violation_201,12.0,CP2,32.23644,5.0,93
LOND,lond031,Violation_201,12.0,P3,21.24448,5.0,93
LOND,lond031,Violation_201,12.0,P4,38.48513,5.0,93
LOND,lond031,Violation_201,12.0,C3,28.26136,5.0,93
LOND,lond031,Violation_201,12.0,C4,25.04068,5.0,93
LOND,lond031,Violation_201,12.0,P7,35.25229,5.0,93
LOND,lond031,Violation_201,12.0,P8,29.71384,5.0,93
LOND,lond031,Violation_201,12.0,O1,26.00242,5.0,93
LOND,lond031,Violation_201,12.0,O2,32.6674,5.0,93
LOND,lond031,Violation_201,4.0,Pz,-4.754409,9.0,93
LOND,lond031,Violation_201,4.0,Cz,-4.062274,9.0,93
LOND,lond031,Violation_201,4.0,CP1,-1.219909,9.0,93
LOND,lond031,Violation_201,4.0,CP2,-3.539298,9.0,93
LOND,lond031,Violation_201,4.0,P3,-4.33178,9.0,93
LOND,lond031,Violation_201,4.0,P4,-7.249337,9.0,93
LOND,lond031,Violation_201,4.0,C3,-12.77357,9.0,93
LOND,lond031,Violation_201,4.0,C4,-6.128628,9.0,93
LOND,lond031,Violation_201,4.0,P7,-3.226743,9.0,93
LOND,lond031,Violation_201,4.0,P8,-15.24918,9.0,93
LOND,lond031,Violation_201,4.0,O1,-10.17202,9.0,93
LOND,lond031,Violation_201,4.0,O2,-11.69504,9.0,93
LOND,lond031,Control_202,19.0,Pz,4.23466,14.0,90
LOND,lond031,Control_202,19.0,Cz,0.2862416,14.0,90
LOND,lond031,Control_202,19.0,CP1,-3.13312,14.0,90
LOND,lond031,Control_202,19.0,CP2,-0.2308431,14.0,90
LOND,lond031,Control_202,19.0,P3,8.48125,14.0,90
LOND,lond031,Control_202,19.0,P4,-5.2992,14.0,90
LOND,lond031,Control_202,19.0,C3,-4.454383,14.0,90
LOND,lond031,Control_202,19.0,C4,7.617724,14.0,90
LOND,lond031,Control_202,19.0,P7,0.2042835,14.0,90
LOND,lond031,Control_202,19.0,P8,-5.523023,14.0,90
LOND,lond031,Control_202,19.0,O1,1.784355,14.0,90
LOND,lond031,Control_202,19.0,O2,2.35416,14.0,90
LOND,lond031,Control_202,7.0,Pz,-5.843056,11.0,87
LOND,lond031,Control_202,7.0,Cz,-7.143304,11.0,87
LOND,lond031,Control_202,7.0,CP1,-5.180923,11.0,87
LOND,lond031,Control_202,7.0,CP2,-7.562336,11.0,87
LOND,lond031,Control_202,7.0,P3,8.480002,11.0,87
LOND,lond031,Control_202,7.0,P4,17.41214,11.0,87
LOND,lond031,Control_202,7.0,C3,2.794159,11.0,87
LOND,lond031,Control_202,7.0,C4,0.02068406,11.0,87
LOND,lond031,Control_202,7.0,P7,-1.314388,11.0,87
LOND,lond031,Control_202,7.0,P8,11.6061,11.0,87
LOND,lond031,Control_202,7.0,O1,15.06598,11.0,87
LOND,lond031,Control_202,7.0,O2,0.5567608,11.0,87
LOND,lond031,Control_202,31.0,Pz,9.667871,30.0,90
LOND,lond031,Control_202,31.0,Cz,16.99267,30.0,90
LOND,lond031,Control_202,31.0,CP1,12.65589,30.0,90
LOND,lond031,Control_202,31.0,CP2,14.94779,30.0,90
LOND,lond031,Control_202,31.0,P3,9.771734,30.0,90
LOND,lond031,Control_202,31.0,P4,5.517658,30.0,90
LOND,lond031,Control_202,31.0,C3,20.59516,30.0,90
LOND,lond031,Control_202,31.0,C4,6.829668,30.0,90
LOND,lond031,Control_202,31.0,P7,16.45283,30.0,90
LOND,lond031,Control_202,31.0,P8,17.66174,30.0,90
LOND,lond031,Control_202,31.0,O1,17.95544,30.0,90
LOND,lond031,Control_202,31.0,O2,12.64517,30.0,90
LOND,lond031,Violation_201,32.0,Pz,1.786613,29.0,90
LOND,lond031,Violation_201,32.0,Cz,7.231323,29.0,90
LOND,lond031,Violation_201,32.0,CP1,4.415694,29.0,90
LOND,lond031,Violation_201,32.0,CP2,2.841405,29.0,90
LOND,lond031,Violation_201,32.0,P3,-3.13713,29.0,90
LOND,lond031,Violation_201,32.0,P4,5.64699,29.0,90
LOND,lond031,Violation_201,32.0,C3,0.3955202,29.0,90
LOND,lond031,Violation_201,32.0,C4,7.124064,29.0,90
LOND,lond031,Violation_201,32.0,P7,8.731254,29.0,90
LOND,lond031,Violation_201,32.0,P8,6.333622,29.0,90
LOND,lond031,Violation_201,32.0,O1,-2.47397,29.0,90
LOND,lond031,Violation_201,32.0,O2,4.333049,29.0,90
LOND,lond031,Control_202,23.0,Pz,-8.935936,32.0,80
LOND,lond031,Control_202,23.0,Cz,-16.82036,32.0,80
LOND,lond031,Control_202,23.0,CP1,-14.01959,32.0,80
LOND,lond031,Control_202,23.0,CP2,-14.19699,32.0,80
LOND,lond031,Control_202,23.0,P3,-11.34107,32.0,80
LOND,lond031,Control_202,23.0,P4,-10.45015,32.0,80
LOND,lond031,Control_202,23.0,C3,-27.50986,32.0,80
LOND,lond031,Control_202,23.0,C4,-21.86228,32.0,80
LOND,lond031,Control_202,23.0,P7,-6.159822,32.0,80
LOND,lond031,Control_202,23.0,P8,-4.040492,32.0,80
LOND,lond031,Control_202,23.0,O1,-4.609679,32.0,80
LOND,lond031,Control_202,23.0,O2,-0.9733512,32.0,80
LOND,lond031,Control_202,39.0,Pz,-3.887961,27.0,97
LOND,lond031,Control_202,39.0,Cz,0.393772,27.0,97
LOND,lond031,Control_202,39.0,CP1,12.53493,27.0,97
LOND,lond031,Control_202,39.0,CP2,-1.156304,27.0,97
LOND,lond031,Control_202,39.0,P3,-1.427995,27.0,97
LOND,lond031,Control_202,39.0,P4,-8.495281,27.0,97
LOND,lond031,Control_202,39.0,C3,2.404492,27.0,97
LOND,lond031,Control_202,39.0,C4,25.94994,27.0,97
LOND,lond031,Control_202,39.0,P7,2.671339,27.0,97
LOND,lond031,Control_202,39.0,P8,-0.2603655,27.0,97
LOND,lond031,Control_202,39.0,O1,1.177007,27.0,97
LOND,lond031,Control_202,39.0,O2,-1.102398,27.0,97
LOND,lond031,Control_202,35.0,Pz,-7.186191,28.0,27
LOND,lond031,Control_202,35.0,Cz,-7.820917,28.0,27
LOND,lond031,Control_202,35.0,CP1,-11.15784,28.0,27
LOND,lond031,Control_202,35.0,CP2,-10.70068,28.0,27
LOND,lond031,Control_202,35.0,P3,5.295595,28.0,27
LOND,lond031,Control_202,35.0,P4,0.2666818,28.0,27
LOND,lond031,Control_202,35.0,C3,-15.37434,28.0,27
LOND,lond031,Control_202,35.0,C4,-13.91043,28.0,27
LOND,lond031,Control_202,35.0,P7,-7.748282,28.0,27
LOND,lond031,Control_202,35.0,P8,-13.08859,28.0,27
LOND,lond031,Control_202,35.0,O1,-9.883189,28.0,27
LOND,lond031,Control_202,35.0,O2,-6.34963,28.0,27
LOND,lond031,Violation_201,36.0,Pz,-5.481036,34.0,97
LOND,lond031,Violation_201,36.0,Cz,-1.400352,34.0,97
LOND,lond031,Violation_201,36.0,CP1,-2.272265,34.0,97
LOND,lond031,Violation_201,36.0,CP2,-2.038619,34.0,97
LOND,lond031,Violation_201,36.0,P3,-7.899104,34.0,97
LOND,lond031,Violation_201,36.0,P4,-7.543617,34.0,97
LOND,lond031,Violation_201,36.0,C3,0.7634046,34.0,97
LOND,lond031,Violation_201,36.0,C4,3.257009,34.0,97
LOND,lond031,Violation_201,36.0,P7,-2.243792,34.0,97
LOND,lond031,Violation_201,36.0,P8,-3.795525,34.0,97
LOND,lond031,Violation_201,36.0,O1,-4.286542,34.0,97
LOND,lond031,Violation_201,36.0,O2,-5.327798,34.0,97
LOND,lond031,Violation_201,24.0,Pz,6.64348,26.0,87
LOND,lond031,Violation_201,24.0,Cz,4.33812,26.0,87
LOND,lond031,Violation_201,24.0,CP1,1.522208,26.0,87
LOND,lond031,Violation_201,24.0,CP2,-0.705008,26.0,87
LOND,lond031,Violation_201,24.0,P3,8.128391,26.0,87
LOND,lond031,Violation_201,24.0,P4,14.87329,26.0,87
LOND,lond031,Violation_201,24.0,C3,0.596335,26.0,87
LOND,lond031,Violation_201,24.0,C4,-7.254564,26.0,87
LOND,lond031,Violation_201,24.0,P7,-0.2267216,26.0,87
LOND,lond031,Violation_201,24.0,P8,3.567424,26.0,87
LOND,lond031,Violation_201,24.0,O1,13.51244,26.0,87
LOND,lond031,Violation_201,24.0,O2,6.543128,26.0,87
LOND,lond031,Violation_201,28.0,Pz,-15.18309,35.0,97
LOND,lond031,Violation_201,28.0,Cz,-3.765171,35.0,97
LOND,lond031,Violation_201,28.0,CP1,-10.01468,35.0,97
LOND,lond031,Violation_201,28.0,CP2,-14.49681,35.0,97
LOND,lond031,Violation_201,28.0,P3,-8.355124,35.0,97
LOND,lond031,Violation_201,28.0,P4,-21.30966,35.0,97
LOND,lond031,Violation_201,28.0,C3,-9.603021,35.0,97
LOND,lond031,Violation_201,28.0,C4,-6.529557,35.0,97
LOND,lond031,Violation_201,28.0,P7,-11.20269,35.0,97
LOND,lond031,Violation_201,28.0,P8,-16.99592,35.0,97
LOND,lond031,Violation_201,28.0,O1,-11.99946,35.0,97
LOND,lond031,Violation_201,28.0,O2,-16.80584,35.0,97
LOND,lond031,Control_202,27.0,Pz,13.06107,39.0,97
LOND,lond031,Control_202,27.0,Cz,8.476812,39.0,97
LOND,lond031,Control_202,27.0,CP1,3.847706,39.0,97
LOND,lond031,Control_202,27.0,CP2,12.07701,39.0,97
LOND,lond031,Control_202,27.0,P3,12.51229,39.0,97
LOND,lond031,Control_202,27.0,P4,6.008997,39.0,97
LOND,lond031,Control_202,27.0,C3,11.04074,39.0,97
LOND,lond031,Control_202,27.0,C4,11.83951,39.0,97
LOND,lond031,Control_202,27.0,P7,1.676307,39.0,97
LOND,lond031,Control_202,27.0,P8,14.66174,39.0,97
LOND,lond031,Control_202,27.0,O1,12.42042,39.0,97
LOND,lond031,Control_202,27.0,O2,15.47566,39.0,97
LOND,lond031,Violation_201,40.0,Pz,12.13678,40.0,93
LOND,lond031,Violation_201,40.0,Cz,14.28942,40.0,93
LOND,lond031,Violation_201,40.0,CP1,6.570805,40.0,93
LOND,lond031,Violation_201,40.0,CP2,8.876464,40.0,93
LOND,lond031,Violation_201,40.0,P3,6.0721,40.0,93
LOND,lond031,Violation_201,40.0,P4,15.566,40.0,93
LOND,lond031,Violation_201,40.0,C3,8.010709,40.0,93
LOND,lond031,Violation_201,40.0,C4,3.065099,40.0,93
LOND,lond031,Violation_201,40.0,P7,6.303857,40.0,93
LOND,lond031,Violation_201,40.0,P8,12.37863,40.0,93
LOND,lond031,Violation_201,40.0,O1,2.016913,40.0,93
LOND,lond031,Violation_201,40.0,O2,5.977757,40.0,93
LOND,lond031,Violation_201,43.0,Pz,8.241162,60.0,90
LOND,lond031,Violation_201,43.0,Cz,6.103809,60.0,90
LOND,lond031,Violation_201,43.0,CP1,11.66019,60.0,90
LOND,lond031,Violation_201,43.0,CP2,4.665423,60.0,90
LOND,lond031,Violation_201,43.0,P3,15.06244,60.0,90
LOND,lond031,Violation_201,43.0,P4,3.120203,60.0,90
LOND,lond031,Violation_201,43.0,C3,4.781703,60.0,90
LOND,lond031,Violation_201,43.0,C4,14.71707,60.0,90
LOND,lond031,Violation_201,43.0,P7,3.883046,60.0,90
LOND,lond031,Violation_201,43.0,P8,-4.164122,60.0,90
LOND,lond031,Violation_201,43.0,O1,0.6082842,60.0,90
LOND,lond031,Violation_201,43.0,O2,3.217546,60.0,90
LOND,lond031,Violation_201,60.0,Pz,9.937389,58.0,73
LOND,lond031,Violation_201,60.0,Cz,8.365885,58.0,73
LOND,lond031,Violation_201,60.0,CP1,-30.63607,58.0,73
LOND,lond031,Violation_201,60.0,CP2,12.55895,58.0,73
LOND,lond031,Violation_201,60.0,P3,4.778405,58.0,73
LOND,lond031,Violation_201,60.0,P4,15.35554,58.0,73
LOND,lond031,Violation_201,60.0,C3,11.56049,58.0,73
LOND,lond031,Violation_201,60.0,C4,6.795953,58.0,73
LOND,lond031,Violation_201,60.0,P7,11.21891,58.0,73
LOND,lond031,Violation_201,60.0,P8,13.34847,58.0,73
LOND,lond031,Violation_201,60.0,O1,14.96442,58.0,73
LOND,lond031,Violation_201,60.0,O2,11.49143,58.0,73
LOND,lond031,Violation_201,48.0,Pz,-0.3189865,59.0,73
LOND,lond031,Violation_201,48.0,Cz,9.052035,59.0,73
LOND,lond031,Violation_201,48.0,CP1,13.81108,59.0,73
LOND,lond031,Violation_201,48.0,CP2,-0.2217339,59.0,73
LOND,lond031,Violation_201,48.0,P3,-5.228961,59.0,73
LOND,lond031,Violation_201,48.0,P4,5.733363,59.0,73
LOND,lond031,Violation_201,48.0,C3,4.931784,59.0,73
LOND,lond031,Violation_201,48.0,C4,-8.650361,59.0,73
LOND,lond031,Violation_201,48.0,P7,-0.7396886,59.0,73
LOND,lond031,Violation_201,48.0,P8,-8.692698,59.0,73
LOND,lond031,Violation_201,48.0,O1,-10.8295,59.0,73
LOND,lond031,Violation_201,48.0,O2,-7.453526,59.0,73
LOND,lond031,Violation_201,52.0,Pz,0.5410421,55.0,93
LOND,lond031,Violation_201,52.0,Cz,4.757092,55.0,93
LOND,lond031,Violation_201,52.0,CP1,-38.14191,55.0,93
LOND,lond031,Violation_201,52.0,CP2,3.982385,55.0,93
LOND,lond031,Violation_201,52.0,P3,1.660148,55.0,93
LOND,lond031,Violation_201,52.0,P4,-3.880426,55.0,93
LOND,lond031,Violation_201,52.0,C3,-0.3073316,55.0,93
LOND,lond031,Violation_201,52.0,C4,11.96912,55.0,93
LOND,lond031,Violation_201,52.0,P7,-3.745584,55.0,93
LOND,lond031,Violation_201,52.0,P8,6.511212,55.0,93
LOND,lond031,Violation_201,52.0,O1,2.12752,55.0,93
LOND,lond031,Violation_201,52.0,O2,2.584684,55.0,93
LOND,lond031,Control_202,59.0,Pz,20.73455,50.0,37
LOND,lond031,Control_202,59.0,Cz,13.53042,50.0,37
LOND,lond031,Control_202,59.0,CP1,16.17857,50.0,37
LOND,lond031,Control_202,59.0,CP2,12.40581,50.0,37
LOND,lond031,Control_202,59.0,P3,29.77562,50.0,37
LOND,lond031,Control_202,59.0,P4,28.96782,50.0,37
LOND,lond031,Control_202,59.0,C3,38.10104,50.0,37
LOND,lond031,Control_202,59.0,C4,8.248442,50.0,37
LOND,lond031,Control_202,59.0,P7,16.47516,50.0,37
LOND,lond031,Control_202,59.0,P8,21.1485,50.0,37
LOND,lond031,Control_202,59.0,O1,21.19182,50.0,37
LOND,lond031,Control_202,59.0,O2,10.16512,50.0,37
LOND,lond031,Control_202,44.0,Pz,-15.88699,49.0,40
LOND,lond031,Control_202,44.0,Cz,-13.30216,49.0,40
LOND,lond031,Control_202,44.0,CP1,-4.79925,49.0,40
LOND,lond031,Control_202,44.0,CP2,-16.03369,49.0,40
LOND,lond031,Control_202,44.0,P3,-16.32972,49.0,40
LOND,lond031,Control_202,44.0,P4,-20.7386,49.0,40
LOND,lond031,Control_202,44.0,C3,-3.926998,49.0,40
LOND,lond031,Control_202,44.0,C4,-10.95209,49.0,40
LOND,lond031,Control_202,44.0,P7,-15.28137,49.0,40
LOND,lond031,Control_202,44.0,P8,-10.517,49.0,40
LOND,lond031,Control_202,44.0,O1,-18.63218,49.0,40
LOND,lond031,Control_202,44.0,O2,-19.17939,49.0,40
LOND,lond031,Violation_201,56.0,Pz,-6.245144,46.0,63
LOND,lond031,Violation_201,56.0,Cz,-12.29407,46.0,63
LOND,lond031,Violation_201,56.0,CP1,0.5763953,46.0,63
LOND,lond031,Violation_201,56.0,CP2,-9.311816,46.0,63
LOND,lond031,Violation_201,56.0,P3,-5.52585,46.0,63
LOND,lond031,Violation_201,56.0,P4,-10.67799,46.0,63
LOND,lond031,Violation_201,56.0,C3,-8.096324,46.0,63
LOND,lond031,Violation_201,56.0,C4,-13.79042,46.0,63
LOND,lond031,Violation_201,56.0,P7,-3.110522,46.0,63
LOND,lond031,Violation_201,56.0,P8,-1.219859,46.0,63
LOND,lond031,Violation_201,56.0,O1,-3.75129,46.0,63
LOND,lond031,Violation_201,56.0,O2,-8.847317,46.0,63
LOND,lond031,Control_202,55.0,Pz,7.423408,47.0,100
LOND,lond031,Control_202,55.0,Cz,12.7879,47.0,100
LOND,lond031,Control_202,55.0,CP1,16.24291,47.0,100
LOND,lond031,Control_202,55.0,CP2,3.16496,47.0,100
LOND,lond031,Control_202,55.0,P3,5.330983,47.0,100
LOND,lond031,Control_202,55.0,P4,17.69906,47.0,100
LOND,lond031,Control_202,55.0,C3,3.986774,47.0,100
LOND,lond031,Control_202,55.0,C4,-0.7778583,47.0,100
LOND,lond031,Control_202,55.0,P7,-8.012909,47.0,100
LOND,lond031,Control_202,55.0,P8,-4.665139,47.0,100
LOND,lond031,Control_202,55.0,O1,-1.733567,47.0,100
LOND,lond031,Control_202,55.0,O2,0.6537923,47.0,100
LOND,lond031,Control_202,47.0,Pz,-5.720436,52.0,87
LOND,lond031,Control_202,47.0,Cz,-7.337653,52.0,87
LOND,lond031,Control_202,47.0,CP1,-2.62817,52.0,87
LOND,lond031,Control_202,47.0,CP2,-4.468812,52.0,87
LOND,lond031,Control_202,47.0,P3,-9.644353,52.0,87
LOND,lond031,Control_202,47.0,P4,-12.941,52.0,87
LOND,lond031,Control_202,47.0,C3,-7.156844,52.0,87
LOND,lond031,Control_202,47.0,C4,-7.614981,52.0,87
LOND,lond031,Control_202,47.0,P7,-2.701855,52.0,87
LOND,lond031,Control_202,47.0,P8,-7.896586,52.0,87
LOND,lond031,Control_202,47.0,O1,-3.513774,52.0,87
LOND,lond031,Control_202,47.0,O2,-9.763499,52.0,87
LOND,lond031,Control_202,51.0,Pz,2.537733,56.0,93
LOND,lond031,Control_202,51.0,Cz,2.707248,56.0,93
LOND,lond031,Control_202,51.0,CP1,-39.24041,56.0,93
LOND,lond031,Control_202,51.0,CP2,5.708444,56.0,93
LOND,lond031,Control_202,51.0,P3,11.77455,56.0,93
LOND,lond031,Control_202,51.0,P4,8.685081,56.0,93
LOND,lond031,Control_202,51.0,C3,5.828377,56.0,93
LOND,lond031,Control_202,51.0,C4,4.928502,56.0,93
LOND,lond031,Control_202,51.0,P7,4.243386,56.0,93
LOND,lond031,Control_202,51.0,P8,-0.9827695,56.0,93
LOND,lond031,Control_202,51.0,O1,5.76902,56.0,93
LOND,lond031,Control_202,51.0,O2,-1.079671,56.0,93
LOND,lond031,Violation_201,64.0,Pz,-2.899163,77.0,100
LOND,lond031,Violation_201,64.0,Cz,-2.468361,77.0,100
LOND,lond031,Violation_201,64.0,CP1,19.67373,77.0,100
LOND,lond031,Violation_201,64.0,CP2,-7.202063,77.0,100
LOND,lond031,Violation_201,64.0,P3,2.538321,77.0,100
LOND,lond031,Violation_201,64.0,P4,-4.076422,77.0,100
LOND,lond031,Violation_201,64.0,C3,-6.091793,77.0,100
LOND,lond031,Violation_201,64.0,C4,-2.509778,77.0,100
LOND,lond031,Violation_201,64.0,P7,-4.809125,77.0,100
LOND,lond031,Violation_201,64.0,P8,-4.674576,77.0,100
LOND,lond031,Violation_201,64.0,O1,-4.213149,77.0,100
LOND,lond031,Violation_201,64.0,O2,-6.569767,77.0,100
LOND,lond031,Violation_201,72.0,Pz,0.483348,66.0,23
LOND,lond031,Violation_201,72.0,Cz,-4.388619,66.0,23
LOND,lond031,Violation_201,72.0,CP1,-0.8957016,66.0,23
LOND,lond031,Violation_201,72.0,CP2,1.525255,66.0,23
LOND,lond031,Violation_201,72.0,P3,-2.904438,66.0,23
LOND,lond031,Violation_201,72.0,P4,-3.546546,66.0,23
LOND,lond031,Violation_201,72.0,C3,3.421018,66.0,23
LOND,lond031,Violation_201,72.0,C4,-3.757998,66.0,23
LOND,lond031,Violation_201,72.0,P7,10.26867,66.0,23
LOND,lond031,Violation_201,72.0,P8,11.29678,66.0,23
LOND,lond031,Violation_201,72.0,O1,4.877558,66.0,23
LOND,lond031,Violation_201,72.0,O2,6.888772,66.0,23
LOND,lond031,Control_202,71.0,Pz,-11.84866,79.0,97
LOND,lond031,Control_202,71.0,Cz,-11.87015,79.0,97
LOND,lond031,Control_202,71.0,CP1,-11.08438,79.0,97
LOND,lond031,Control_202,71.0,CP2,-11.80349,79.0,97
LOND,lond031,Control_202,71.0,P3,-7.205869,79.0,97
LOND,lond031,Control_202,71.0,P4,-18.9164,79.0,97
LOND,lond031,Control_202,71.0,C3,-14.10062,79.0,97
LOND,lond031,Control_202,71.0,C4,-9.820797,79.0,97
LOND,lond031,Control_202,71.0,P7,-14.85927,79.0,97
LOND,lond031,Control_202,71.0,P8,-14.92809,79.0,97
LOND,lond031,Control_202,71.0,O1,-18.40391,79.0,97
LOND,lond031,Control_202,71.0,O2,-11.43536,79.0,97
LOND,lond031,Violation_201,68.0,Pz,2.961236,71.0,90
LOND,lond031,Violation_201,68.0,Cz,3.029614,71.0,90
LOND,lond031,Violation_201,68.0,CP1,-8.530598,71.0,90
LOND,lond031,Violation_201,68.0,CP2,-3.61147,71.0,90
LOND,lond031,Violation_201,68.0,P3,12.63508,71.0,90
LOND,lond031,Violation_201,68.0,P4,14.17897,71.0,90
LOND,lond031,Violation_201,68.0,C3,-5.632003,71.0,90
LOND,lond031,Violation_201,68.0,C4,-5.274685,71.0,90
LOND,lond031,Violation_201,68.0,P7,-8.464669,71.0,90
LOND,lond031,Violation_201,68.0,P8,4.783774,71.0,90
LOND,lond031,Violation_201,68.0,O1,3.117592,71.0,90
LOND,lond031,Violation_201,68.0,O2,-2.788294,71.0,90
LOND,lond031,Control_202,79.0,Pz,6.215293,78.0,97
LOND,lond031,Control_202,79.0,Cz,6.666963,78.0,97
LOND,lond031,Control_202,79.0,CP1,2.317795,78.0,97
LOND,lond031,Control_202,79.0,CP2,5.898052,78.0,97
LOND,lond031,Control_202,79.0,P3,9.627306,78.0,97
LOND,lond031,Control_202,79.0,P4,5.299212,78.0,97
LOND,lond031,Control_202,79.0,C3,4.892441,78.0,97
LOND,lond031,Control_202,79.0,C4,8.512393,78.0,97
LOND,lond031,Control_202,79.0,P7,2.065183,78.0,97
LOND,lond031,Control_202,79.0,P8,-1.936125,78.0,97
LOND,lond031,Control_202,79.0,O1,5.645308,78.0,97
LOND,lond031,Control_202,79.0,O2,-3.794744,78.0,97
LOND,lond031,Control_202,75.0,Pz,9.753695,67.0,87
LOND,lond031,Control_202,75.0,Cz,3.20522,67.0,87
LOND,lond031,Control_202,75.0,CP1,7.039792,67.0,87
LOND,lond031,Control_202,75.0,CP2,7.738276,67.0,87
LOND,lond031,Control_202,75.0,P3,9.043267,67.0,87
LOND,lond031,Control_202,75.0,P4,22.99836,67.0,87
LOND,lond031,Control_202,75.0,C3,4.629237,67.0,87
LOND,lond031,Control_202,75.0,C4,7.011341,67.0,87
LOND,lond031,Control_202,75.0,P7,2.277528,67.0,87
LOND,lond031,Control_202,75.0,P8,18.53169,67.0,87
LOND,lond031,Control_202,75.0,O1,12.88919,67.0,87
LOND,lond031,Control_202,75.0,O2,11.296,67.0,87
LOND,lond031,Control_202,67.0,Pz,5.012002,72.0,90
LOND,lond031,Control_202,67.0,Cz,2.471573,72.0,90
LOND,lond031,Control_202,67.0,CP1,15.62689,72.0,90
LOND,lond031,Control_202,67.0,CP2,3.281218,72.0,90
LOND,lond031,Control_202,67.0,P3,6.080479,72.0,90
LOND,lond031,Control_202,67.0,P4,15.36522,72.0,90
LOND,lond031,Control_202,67.0,C3,-1.583658,72.0,90
LOND,lond031,Control_202,67.0,C4,3.852677,72.0,90
LOND,lond031,Control_202,67.0,P7,1.313573,72.0,90
LOND,lond031,Control_202,67.0,P8,15.96026,72.0,90
LOND,lond031,Control_202,67.0,O1,4.19237,72.0,90
LOND,lond031,Control_202,67.0,O2,8.61284,72.0,90
LOND,lond031,Violation_201,80.0,Pz,-3.9114,61.0,34
LOND,lond031,Violation_201,80.0,Cz,-1.200474,61.0,34
LOND,lond031,Violation_201,80.0,CP1,-11.38987,61.0,34
LOND,lond031,Violation_201,80.0,CP2,0.675187,61.0,34
LOND,lond031,Violation_201,80.0,P3,-7.804634,61.0,34
LOND,lond031,Violation_201,80.0,P4,-0.902921,61.0,34
LOND,lond031,Violation_201,80.0,C3,-3.451613,61.0,34
LOND,lond031,Violation_201,80.0,C4,-7.345009,61.0,34
LOND,lond031,Violation_201,80.0,P7,-7.303851,61.0,34
LOND,lond031,Violation_201,80.0,P8,7.054359,61.0,34
LOND,lond031,Violation_201,80.0,O1,2.529256,61.0,34
LOND,lond031,Violation_201,80.0,O2,-1.559539,61.0,34
LOND,lond031,Violation_201,76.0,Pz,-11.99189,80.0,97
LOND,lond031,Violation_201,76.0,Cz,-9.986375,80.0,97
LOND,lond031,Violation_201,76.0,CP1,-7.966608,80.0,97
LOND,lond031,Violation_201,76.0,CP2,-11.22671,80.0,97
LOND,lond031,Violation_201,76.0,P3,-8.731237,80.0,97
LOND,lond031,Violation_201,76.0,P4,-14.35379,80.0,97
LOND,lond031,Violation_201,76.0,C3,-8.846214,80.0,97
LOND,lond031,Violation_201,76.0,C4,-6.766501,80.0,97
LOND,lond031,Violation_201,76.0,P7,-12.86981,80.0,97
LOND,lond031,Violation_201,76.0,P8,-12.81769,80.0,97
LOND,lond031,Violation_201,76.0,O1,-11.09397,80.0,97
LOND,lond031,Violation_201,76.0,O2,-9.377112,80.0,97
LOND,lond031,Control_202,63.0,Pz,0.4542772,62.0,70
LOND,lond031,Control_202,63.0,Cz,0.02308288,62.0,70
LOND,lond031,Control_202,63.0,CP1,-2.728382,62.0,70
LOND,lond031,Control_202,63.0,CP2,-0.1301589,62.0,70
LOND,lond031,Control_202,63.0,P3,2.837005,62.0,70
LOND,lond031,Control_202,63.0,P4,-6.520102,62.0,70
LOND,lond031,Control_202,63.0,C3,-3.308201,62.0,70
LOND,lond031,Control_202,63.0,C4,0.9359475,62.0,70
LOND,lond031,Control_202,63.0,P7,-0.9794276,62.0,70
LOND,lond031,Control_202,63.0,P8,-1.779414,62.0,70
LOND,lond031,Control_202,63.0,O1,-8.114983,62.0,70
LOND,lond031,Control_202,63.0,O2,-3.373205,62.0,70
LOND,lond032,Control_202,5.0,Pz,6.734885,17.0,62
LOND,lond032,Control_202,5.0,Cz,6.797506,17.0,62
LOND,lond032,Control_202,5.0,CP1,-0.2019251,17.0,62
LOND,lond032,Control_202,5.0,CP2,8.907069,17.0,62
LOND,lond032,Control_202,5.0,P3,5.579397,17.0,62
LOND,lond032,Control_202,5.0,P4,9.091659,17.0,62
LOND,lond032,Control_202,5.0,C3,9.067787,17.0,62
LOND,lond032,Control_202,5.0,C4,6.659347,17.0,62
LOND,lond032,Control_202,5.0,P7,4.534152,17.0,62
LOND,lond032,Control_202,5.0,P8,1.172466,17.0,62
LOND,lond032,Control_202,5.0,O1,-3.348376,17.0,62
LOND,lond032,Control_202,5.0,O2,2.113694,17.0,62
LOND,lond032,Violation_201,14.0,Pz,-2.578037,4.0,93
LOND,lond032,Violation_201,14.0,Cz,-5.191941,4.0,93
LOND,lond032,Violation_201,14.0,CP1,3.116284,4.0,93
LOND,lond032,Violation_201,14.0,CP2,-4.200802,4.0,93
LOND,lond032,Violation_201,14.0,P3,-1.491813,4.0,93
LOND,lond032,Violation_201,14.0,P4,-4.097309,4.0,93
LOND,lond032,Violation_201,14.0,C3,16.56242,4.0,93
LOND,lond032,Violation_201,14.0,C4,-3.242179,4.0,93
LOND,lond032,Violation_201,14.0,P7,4.704196,4.0,93
LOND,lond032,Violation_201,14.0,P8,-7.080028,4.0,93
LOND,lond032,Violation_201,14.0,O1,-2.252251,4.0,93
LOND,lond032,Violation_201,14.0,O2,-7.265797,4.0,93
LOND,lond032,Control_202,17.0,Pz,-0.8163825,9.0,93
LOND,lond032,Control_202,17.0,Cz,-9.776912,9.0,93
LOND,lond032,Control_202,17.0,CP1,3.671246,9.0,93
LOND,lond032,Control_202,17.0,CP2,-5.536188,9.0,93
LOND,lond032,Control_202,17.0,P3,-3.619756,9.0,93
LOND,lond032,Control_202,17.0,P4,-1.454412,9.0,93
LOND,lond032,Control_202,17.0,C3,-0.6600497,9.0,93
LOND,lond032,Control_202,17.0,C4,-8.454368,9.0,93
LOND,lond032,Control_202,17.0,P7,4.777287,9.0,93
LOND,lond032,Control_202,17.0,P8,-0.2570052,9.0,93
LOND,lond032,Control_202,17.0,O1,6.196847,9.0,93
LOND,lond032,Control_202,17.0,O2,2.752589,9.0,93
LOND,lond032,Control_202,13.0,Pz,5.271765,2.0,100
LOND,lond032,Control_202,13.0,Cz,3.928198,2.0,100
LOND,lond032,Control_202,13.0,CP1,4.165308,2.0,100
LOND,lond032,Control_202,13.0,CP2,1.898127,2.0,100
LOND,lond032,Control_202,13.0,P3,1.520574,2.0,100
LOND,lond032,Control_202,13.0,P4,-0.2080831,2.0,100
LOND,lond032,Control_202,13.0,C3,9.065766,2.0,100
LOND,lond032,Control_202,13.0,C4,1.17892,2.0,100
LOND,lond032,Control_202,13.0,P7,-1.860237,2.0,100
LOND,lond032,Control_202,13.0,P8,-0.1268755,2.0,100
LOND,lond032,Control_202,13.0,O1,2.621687,2.0,100
LOND,lond032,Control_202,13.0,O2,0.02478531,2.0,100
LOND,lond032,Violation_201,6.0,Pz,-13.71665,13.0,97
LOND,lond032,Violation_201,6.0,Cz,-16.9117,13.0,97
LOND,lond032,Violation_201,6.0,CP1,-6.601085,13.0,97
LOND,lond032,Violation_201,6.0,CP2,-15.47883,13.0,97
LOND,lond032,Violation_201,6.0,P3,-7.29911,13.0,97
LOND,lond032,Violation_201,6.0,P4,-10.95739,13.0,97
LOND,lond032,Violation_201,6.0,C3,-29.61987,13.0,97
LOND,lond032,Violation_201,6.0,C4,-13.78393,13.0,97
LOND,lond032,Violation_201,6.0,P7,3.063712,13.0,97
LOND,lond032,Violation_201,6.0,P8,-10.384,13.0,97
LOND,lond032,Violation_201,6.0,O1,-11.25595,13.0,97
LOND,lond032,Violation_201,6.0,O2,-4.936802,13.0,97
LOND,lond032,Violation_201,10.0,Pz,9.792973,12.0,100
LOND,lond032,Violation_201,10.0,Cz,10.61047,12.0,100
LOND,lond032,Violation_201,10.0,CP1,26.12771,12.0,100
LOND,lond032,Violation_201,10.0,CP2,8.969347,12.0,100
LOND,lond032,Violation_201,10.0,P3,13.81168,12.0,100
LOND,lond032,Violation_201,10.0,P4,11.09978,12.0,100
LOND,lond032,Violation_201,10.0,C3,12.85256,12.0,100
LOND,lond032,Violation_201,10.0,C4,10.16615,12.0,100
LOND,lond032,Violation_201,10.0,P7,-0.3221013,12.0,100
LOND,lond032,Violation_201,10.0,P8,9.261642,12.0,100
LOND,lond032,Violation_201,10.0,O1,4.573834,12.0,100
LOND,lond032,Violation_201,10.0,O2,4.545144,12.0,100
LOND,lond032,Violation_201,2.0,Pz,17.33894,5.0,93
LOND,lond032,Violation_201,2.0,Cz,14.8276,5.0,93
LOND,lond032,Violation_201,2.0,CP1,26.52315,5.0,93
LOND,lond032,Violation_201,2.0,CP2,15.19294,5.0,93
LOND,lond032,Violation_201,2.0,P3,21.3733,5.0,93
LOND,lond032,Violation_201,2.0,P4,9.523943,5.0,93
LOND,lond032,Violation_201,2.0,C3,24.92048,5.0,93
LOND,lond032,Violation_201,2.0,C4,12.88898,5.0,93
LOND,lond032,Violation_201,2.0,P7,14.06833,5.0,93
LOND,lond032,Violation_201,2.0,P8,12.0165,5.0,93
LOND,lond032,Violation_201,2.0,O1,16.90805,5.0,93
LOND,lond032,Violation_201,2.0,O2,14.95624,5.0,93
LOND,lond032,Violation_201,18.0,Pz,-13.34331,8.0,97
LOND,lond032,Violation_201,18.0,Cz,-20.02574,8.0,97
LOND,lond032,Violation_201,18.0,CP1,-18.44495,8.0,97
LOND,lond032,Violation_201,18.0,CP2,-19.81362,8.0,97
LOND,lond032,Violation_201,18.0,P3,-2.216999,8.0,97
LOND,lond032,Violation_201,18.0,P4,-18.919,8.0,97
LOND,lond032,Violation_201,18.0,C3,4.630531,8.0,97
LOND,lond032,Violation_201,18.0,C4,-18.59527,8.0,97
LOND,lond032,Violation_201,18.0,P7,-6.977401,8.0,97
LOND,lond032,Violation_201,18.0,P8,-15.90734,8.0,97
LOND,lond032,Violation_201,18.0,O1,-2.740522,8.0,97
LOND,lond032,Violation_201,18.0,O2,-8.096603,8.0,97
LOND,lond032,Control_202,1.0,Pz,-2.324134,3.0,100
LOND,lond032,Control_202,1.0,Cz,-9.103396,3.0,100
LOND,lond032,Control_202,1.0,CP1,-8.823371,3.0,100
LOND,lond032,Control_202,1.0,CP2,-5.659899,3.0,100
LOND,lond032,Control_202,1.0,P3,-8.70423,3.0,100
LOND,lond032,Control_202,1.0,P4,-5.267909,3.0,100
LOND,lond032,Control_202,1.0,C3,-15.43879,3.0,100
LOND,lond032,Control_202,1.0,C4,-7.58853,3.0,100
LOND,lond032,Control_202,1.0,P7,-12.92873,3.0,100
LOND,lond032,Control_202,1.0,P8,-5.503477,3.0,100
LOND,lond032,Control_202,1.0,O1,6.087954,3.0,100
LOND,lond032,Control_202,1.0,O2,2.247999,3.0,100
LOND,lond032,Control_202,9.0,Pz,-2.168461,6.0,100
LOND,lond032,Control_202,9.0,Cz,-0.1993381,6.0,100
LOND,lond032,Control_202,9.0,CP1,4.42791,6.0,100
LOND,lond032,Control_202,9.0,CP2,3.592174,6.0,100
LOND,lond032,Control_202,9.0,P3,-1.787101,6.0,100
LOND,lond032,Control_202,9.0,P4,-1.471415,6.0,100
LOND,lond032,Control_202,9.0,C3,3.427718,6.0,100
LOND,lond032,Control_202,9.0,C4,3.898135,6.0,100
LOND,lond032,Control_202,9.0,P7,3.940193,6.0,100
LOND,lond032,Control_202,9.0,P8,1.00325,6.0,100
LOND,lond032,Control_202,9.0,O1,1.997313,6.0,100
LOND,lond032,Control_202,9.0,O2,1.961994,6.0,100
LOND,lond032,Control_202,25.0,Pz,4.577303,28.0,27
LOND,lond032,Control_202,25.0,Cz,10.88102,28.0,27
LOND,lond032,Control_202,25.0,CP1,1.342167,28.0,27
LOND,lond032,Control_202,25.0,CP2,4.190641,28.0,27
LOND,lond032,Control_202,25.0,P3,6.252117,28.0,27
LOND,lond032,Control_202,25.0,P4,8.255219,28.0,27
LOND,lond032,Control_202,25.0,C3,50.81707,28.0,27
LOND,lond032,Control_202,25.0,C4,8.711561,28.0,27
LOND,lond032,Control_202,25.0,P7,14.79486,28.0,27
LOND,lond032,Control_202,25.0,P8,9.657946,28.0,27
LOND,lond032,Control_202,25.0,O1,1.976163,28.0,27
LOND,lond032,Control_202,25.0,O2,6.427827,28.0,27
LOND,lond032,Violation_201,26.0,Pz,-13.20542,35.0,97
LOND,lond032,Violation_201,26.0,Cz,-10.73828,35.0,97
LOND,lond032,Violation_201,26.0,CP1,-1.267493,35.0,97
LOND,lond032,Violation_201,26.0,CP2,-13.53064,35.0,97
LOND,lond032,Violation_201,26.0,P3,-20.10678,35.0,97
LOND,lond032,Violation_201,26.0,P4,-14.06059,35.0,97
LOND,lond032,Violation_201,26.0,C3,6.713267,35.0,97
LOND,lond032,Violation_201,26.0,C4,-12.08706,35.0,97
LOND,lond032,Violation_201,26.0,P7,-7.787531,35.0,97
LOND,lond032,Violation_201,26.0,P8,-9.153818,35.0,97
LOND,lond032,Violation_201,26.0,O1,-11.94235,35.0,97
LOND,lond032,Violation_201,26.0,O2,-12.72267,35.0,97
LOND,lond032,Control_202,33.0,Pz,3.798474,34.0,97
LOND,lond032,Control_202,33.0,Cz,-2.977716,34.0,97
LOND,lond032,Control_202,33.0,CP1,-1.175634,34.0,97
LOND,lond032,Control_202,33.0,CP2,1.734142,34.0,97
LOND,lond032,Control_202,33.0,P3,10.09685,34.0,97
LOND,lond032,Control_202,33.0,P4,5.672732,34.0,97
LOND,lond032,Control_202,33.0,C3,4.712004,34.0,97
LOND,lond032,Control_202,33.0,C4,-1.646577,34.0,97
LOND,lond032,Control_202,33.0,P7,11.13818,34.0,97
LOND,lond032,Control_202,33.0,P8,3.093949,34.0,97
LOND,lond032,Control_202,33.0,O1,3.037224,34.0,97
LOND,lond032,Control_202,33.0,O2,8.093748,34.0,97
LOND,lond032,Control_202,37.0,Pz,-33.36139,27.0,97
LOND,lond032,Control_202,37.0,Cz,-35.76956,27.0,97
LOND,lond032,Control_202,37.0,CP1,-31.09966,27.0,97
LOND,lond032,Control_202,37.0,CP2,-36.28634,27.0,97
LOND,lond032,Control_202,37.0,P3,-32.97214,27.0,97
LOND,lond032,Control_202,37.0,P4,-39.44494,27.0,97
LOND,lond032,Control_202,37.0,C3,-38.98213,27.0,97
LOND,lond032,Control_202,37.0,C4,-31.12204,27.0,97
LOND,lond032,Control_202,37.0,P7,-41.02733,27.0,97
LOND,lond032,Control_202,37.0,P8,-34.6062,27.0,97
LOND,lond032,Control_202,37.0,O1,-27.53984,27.0,97
LOND,lond032,Control_202,37.0,O2,-40.25846,27.0,97
LOND,lond032,Violation_201,22.0,Pz,2.900987,31.0,77
LOND,lond032,Violation_201,22.0,Cz,4.457341,31.0,77
LOND,lond032,Violation_201,22.0,CP1,-1.753521,31.0,77
LOND,lond032,Violation_201,22.0,CP2,11.16815,31.0,77
LOND,lond032,Violation_201,22.0,P3,-0.7977184,31.0,77
LOND,lond032,Violation_201,22.0,P4,4.835261,31.0,77
LOND,lond032,Violation_201,22.0,C3,2.844767,31.0,77
LOND,lond032,Violation_201,22.0,C4,-0.8324189,31.0,77
LOND,lond032,Violation_201,22.0,P7,-7.262212,31.0,77
LOND,lond032,Violation_201,22.0,P8,2.410434,31.0,77
LOND,lond032,Violation_201,22.0,O1,-0.0311412,31.0,77
LOND,lond032,Violation_201,22.0,O2,-4.812196,31.0,77
LOND,lond032,Violation_201,34.0,Pz,14.82953,36.0,77
LOND,lond032,Violation_201,34.0,Cz,9.064155,36.0,77
LOND,lond032,Violation_201,34.0,CP1,22.05648,36.0,77
LOND,lond032,Violation_201,34.0,CP2,14.87055,36.0,77
LOND,lond032,Violation_201,34.0,P3,11.18703,36.0,77
LOND,lond032,Violation_201,34.0,P4,15.50767,36.0,77
LOND,lond032,Violation_201,34.0,C3,7.995601,36.0,77
LOND,lond032,Violation_201,34.0,C4,12.34096,36.0,77
LOND,lond032,Violation_201,34.0,P7,11.10432,36.0,77
LOND,lond032,Violation_201,34.0,P8,13.91726,36.0,77
LOND,lond032,Violation_201,34.0,O1,12.95044,36.0,77
LOND,lond032,Violation_201,34.0,O2,11.08545,36.0,77
LOND,lond032,Control_202,21.0,Pz,-21.23126,25.0,97
LOND,lond032,Control_202,21.0,Cz,-17.40201,25.0,97
LOND,lond032,Control_202,21.0,CP1,-29.45938,25.0,97
LOND,lond032,Control_202,21.0,CP2,-18.53766,25.0,97
LOND,lond032,Control_202,21.0,P3,-23.07615,25.0,97
LOND,lond032,Control_202,21.0,P4,-20.33581,25.0,97
LOND,lond032,Control_202,21.0,C3,-16.72298,25.0,97
LOND,lond032,Control_202,21.0,C4,-17.06909,25.0,97
LOND,lond032,Control_202,21.0,P7,-29.59893,25.0,97
LOND,lond032,Control_202,21.0,P8,-20.0388,25.0,97
LOND,lond032,Control_202,21.0,O1,-15.90715,25.0,97
LOND,lond032,Control_202,21.0,O2,-22.31971,25.0,97
LOND,lond032,Violation_201,38.0,Pz,8.516851,38.0,93
LOND,lond032,Violation_201,38.0,Cz,12.16214,38.0,93
LOND,lond032,Violation_201,38.0,CP1,17.72595,38.0,93
LOND,lond032,Violation_201,38.0,CP2,9.556108,38.0,93
LOND,lond032,Violation_201,38.0,P3,13.58623,38.0,93
LOND,lond032,Violation_201,38.0,P4,11.44983,38.0,93
LOND,lond032,Violation_201,38.0,C3,12.53418,38.0,93
LOND,lond032,Violation_201,38.0,C4,10.30578,38.0,93
LOND,lond032,Violation_201,38.0,P7,12.41034,38.0,93
LOND,lond032,Violation_201,38.0,P8,11.51042,38.0,93
LOND,lond032,Violation_201,38.0,O1,6.790669,38.0,93
LOND,lond032,Violation_201,38.0,O2,9.896629,38.0,93
LOND,lond032,Violation_201,29.0,Pz,18.5286,39.0,97
LOND,lond032,Violation_201,29.0,Cz,14.32298,39.0,97
LOND,lond032,Violation_201,29.0,CP1,-15.56117,39.0,97
LOND,lond032,Violation_201,29.0,CP2,19.17009,39.0,97
LOND,lond032,Violation_201,29.0,P3,11.17234,39.0,97
LOND,lond032,Violation_201,29.0,P4,17.95601,39.0,97
LOND,lond032,Violation_201,29.0,C3,11.82232,39.0,97
LOND,lond032,Violation_201,29.0,C4,14.6426,39.0,97
LOND,lond032,Violation_201,29.0,P7,6.468004,39.0,97
LOND,lond032,Violation_201,29.0,P8,15.83887,39.0,97
LOND,lond032,Violation_201,29.0,O1,15.86121,39.0,97
LOND,lond032,Violation_201,29.0,O2,21.03374,39.0,97
LOND,lond032,Violation_201,30.0,Pz,7.306453,24.0,93
LOND,lond032,Violation_201,30.0,Cz,-7.40293,24.0,93
LOND,lond032,Violation_201,30.0,CP1,13.5633,24.0,93
LOND,lond032,Violation_201,30.0,CP2,7.037103,24.0,93
LOND,lond032,Violation_201,30.0,P3,10.90596,24.0,93
LOND,lond032,Violation_201,30.0,P4,7.684597,24.0,93
LOND,lond032,Violation_201,30.0,C3,8.771177,24.0,93
LOND,lond032,Violation_201,30.0,C4,4.554712,24.0,93
LOND,lond032,Violation_201,30.0,P7,-9.727614,24.0,93
LOND,lond032,Violation_201,30.0,P8,7.81681,24.0,93
LOND,lond032,Violation_201,30.0,O1,8.522488,24.0,93
LOND,lond032,Violation_201,30.0,O2,0.6218965,24.0,93
LOND,lond032,Control_202,41.0,Pz,1.958651,41.0,100
LOND,lond032,Control_202,41.0,Cz,-1.398727,41.0,100
LOND,lond032,Control_202,41.0,CP1,5.431714,41.0,100
LOND,lond032,Control_202,41.0,CP2,0.1019724,41.0,100
LOND,lond032,Control_202,41.0,P3,-5.050146,41.0,100
LOND,lond032,Control_202,41.0,P4,7.493551,41.0,100
LOND,lond032,Control_202,41.0,C3,-1.406294,41.0,100
LOND,lond032,Control_202,41.0,C4,-1.858463,41.0,100
LOND,lond032,Control_202,41.0,P7,6.26255,41.0,100
LOND,lond032,Control_202,41.0,P8,10.70255,41.0,100
LOND,lond032,Control_202,41.0,O1,9.652582,41.0,100
LOND,lond032,Control_202,41.0,O2,10.38074,41.0,100
LOND,lond032,Violation_201,46.0,Pz,10.18297,59.0,73
LOND,lond032,Violation_201,46.0,Cz,5.144427,59.0,73
LOND,lond032,Violation_201,46.0,CP1,3.011139,59.0,73
LOND,lond032,Violation_201,46.0,CP2,6.990094,59.0,73
LOND,lond032,Violation_201,46.0,P3,7.55024,59.0,73
LOND,lond032,Violation_201,46.0,P4,8.435307,59.0,73
LOND,lond032,Violation_201,46.0,C3,18.43721,59.0,73
LOND,lond032,Violation_201,46.0,C4,11.47704,59.0,73
LOND,lond032,Violation_201,46.0,P7,0.8161047,59.0,73
LOND,lond032,Violation_201,46.0,P8,4.99099,59.0,73
LOND,lond032,Violation_201,46.0,O1,3.828445,59.0,73
LOND,lond032,Violation_201,46.0,O2,7.830736,59.0,73
LOND,lond032,Violation_201,42.0,Pz,8.874258,55.0,93
LOND,lond032,Violation_201,42.0,Cz,18.99066,55.0,93
LOND,lond032,Violation_201,42.0,CP1,-20.3836,55.0,93
LOND,lond032,Violation_201,42.0,CP2,7.487664,55.0,93
LOND,lond032,Violation_201,42.0,P3,14.33223,55.0,93
LOND,lond032,Violation_201,42.0,P4,11.70714,55.0,93
LOND,lond032,Violation_201,42.0,C3,-4.484641,55.0,93
LOND,lond032,Violation_201,42.0,C4,9.421472,55.0,93
LOND,lond032,Violation_201,42.0,P7,12.82164,55.0,93
LOND,lond032,Violation_201,42.0,P8,7.31195,55.0,93
LOND,lond032,Violation_201,42.0,O1,7.538078,55.0,93
LOND,lond032,Violation_201,42.0,O2,8.953078,55.0,93
LOND,lond032,Violation_201,54.0,Pz,-11.81485,49.0,40
LOND,lond032,Violation_201,54.0,Cz,-2.514983,49.0,40
LOND,lond032,Violation_201,54.0,CP1,9.020204,49.0,40
LOND,lond032,Violation_201,54.0,CP2,-12.08857,49.0,40
LOND,lond032,Violation_201,54.0,P3,-14.02275,49.0,40
LOND,lond032,Violation_201,54.0,P4,-11.71925,49.0,40
LOND,lond032,Violation_201,54.0,C3,-1.526436,49.0,40
LOND,lond032,Violation_201,54.0,C4,-13.54164,49.0,40
LOND,lond032,Violation_201,54.0,P7,-2.47501,49.0,40
LOND,lond032,Violation_201,54.0,P8,-8.046436,49.0,40
LOND,lond032,Violation_201,54.0,O1,-15.42471,49.0,40
LOND,lond032,Violation_201,54.0,O2,-13.05063,49.0,40
LOND,lond032,Control_202,57.0,Pz,7.562519,60.0,90
LOND,lond032,Control_202,57.0,Cz,7.235668,60.0,90
LOND,lond032,Control_202,57.0,CP1,21.63365,60.0,90
LOND,lond032,Control_202,57.0,CP2,0.5408304,60.0,90
LOND,lond032,Control_202,57.0,P3,5.227702,60.0,90
LOND,lond032,Control_202,57.0,P4,4.202073,60.0,90
LOND,lond032,Control_202,57.0,C3,2.761795,60.0,90
LOND,lond032,Control_202,57.0,C4,9.20287,60.0,90
LOND,lond032,Control_202,57.0,P7,4.459304,60.0,90
LOND,lond032,Control_202,57.0,P8,1.553299,60.0,90
LOND,lond032,Control_202,57.0,O1,1.203825,60.0,90
LOND,lond032,Control_202,57.0,O2,2.88052,60.0,90
LOND,lond032,Control_202,49.0,Pz,-6.416649,43.0,93
LOND,lond032,Control_202,49.0,Cz,-2.247039,43.0,93
LOND,lond032,Control_202,49.0,CP1,10.01933,43.0,93
LOND,lond032,Control_202,49.0,CP2,-2.782194,43.0,93
LOND,lond032,Control_202,49.0,P3,-20.66948,43.0,93
LOND,lond032,Control_202,49.0,P4,-13.26301,43.0,93
LOND,lond032,Control_202,49.0,C3,-3.877684,43.0,93
LOND,lond032,Control_202,49.0,C4,-3.373611,43.0,93
LOND,lond032,Control_202,49.0,P7,-2.268444,43.0,93
LOND,lond032,Control_202,49.0,P8,-11.66984,43.0,93
LOND,lond032,Control_202,49.0,O1,-14.71,43.0,93
LOND,lond032,Control_202,49.0,O2,1.894755,43.0,93
LOND,lond032,Control_202,53.0,Pz,-2.155972,52.0,87
LOND,lond032,Control_202,53.0,Cz,-0.6037564,52.0,87
LOND,lond032,Control_202,53.0,CP1,-2.584516,52.0,87
LOND,lond032,Control_202,53.0,CP2,2.663296,52.0,87
LOND,lond032,Control_202,53.0,P3,2.287515,52.0,87
LOND,lond032,Control_202,53.0,P4,1.979841,52.0,87
LOND,lond032,Control_202,53.0,C3,13.85519,52.0,87
LOND,lond032,Control_202,53.0,C4,-3.887694,52.0,87
LOND,lond032,Control_202,53.0,P7,-15.77526,52.0,87
LOND,lond032,Control_202,53.0,P8,-3.42144,52.0,87
LOND,lond032,Control_202,53.0,O1,-1.820674,52.0,87
LOND,lond032,Control_202,53.0,O2,-0.02814439,52.0,87
LOND,lond032,Control_202,45.0,Pz,-8.648866,46.0,63
LOND,lond032,Control_202,45.0,Cz,-9.242418,46.0,63
LOND,lond032,Control_202,45.0,CP1,-54.53405,46.0,63
LOND,lond032,Control_202,45.0,CP2,-11.30692,46.0,63
LOND,lond032,Control_202,45.0,P3,-17.69152,46.0,63
LOND,lond032,Control_202,45.0,P4,-12.31397,46.0,63
LOND,lond032,Control_202,45.0,C3,-15.148,46.0,63
LOND,lond032,Control_202,45.0,C4,-7.358861,46.0,63
LOND,lond032,Control_202,45.0,P7,-6.301836,46.0,63
LOND,lond032,Control_202,45.0,P8,-5.968584,46.0,63
LOND,lond032,Control_202,45.0,O1,-7.834123,46.0,63
LOND,lond032,Control_202,45.0,O2,-5.171072,46.0,63
LOND,lond032,Violation_201,58.0,Pz,-18.59541,58.0,73
LOND,lond032,Violation_201,58.0,Cz,-14.24941,58.0,73
LOND,lond032,Violation_201,58.0,CP1,-6.58789,58.0,73
LOND,lond032,Violation_201,58.0,CP2,-4.548106,58.0,73
LOND,lond032,Violation_201,58.0,P3,-8.680901,58.0,73
LOND,lond032,Violation_201,58.0,P4,-19.70121,58.0,73
LOND,lond032,Violation_201,58.0,C3,-12.92649,58.0,73
LOND,lond032,Violation_201,58.0,C4,-19.6259,58.0,73
LOND,lond032,Violation_201,58.0,P7,-11.64403,58.0,73
LOND,lond032,Violation_201,58.0,P8,-25.62379,58.0,73
LOND,lond032,Violation_201,58.0,O1,-25.14545,58.0,73
LOND,lond032,Violation_201,58.0,O2,-28.59483,58.0,73
LOND,lond032,Violation_201,50.0,Pz,-17.66885,44.0,90
LOND,lond032,Violation_201,50.0,Cz,-14.56716,44.0,90
LOND,lond032,Violation_201,50.0,CP1,-24.03096,44.0,90
LOND,lond032,Violation_201,50.0,CP2,-14.98072,44.0,90
LOND,lond032,Violation_201,50.0,P3,-19.339,44.0,90
LOND,lond032,Violation_201,50.0,P4,-20.00619,44.0,90
LOND,lond032,Violation_201,50.0,C3,-12.15315,44.0,90
LOND,lond032,Violation_201,50.0,C4,-12.09199,44.0,90
LOND,lond032,Violation_201,50.0,P7,-23.52263,44.0,90
LOND,lond032,Violation_201,50.0,P8,-18.4306,44.0,90
LOND,lond032,Violation_201,50.0,O1,-15.8106,44.0,90
LOND,lond032,Violation_201,50.0,O2,-22.39388,44.0,90
LOND,lond032,Control_202,77.0,Pz,8.964157,64.0,50
LOND,lond032,Control_202,77.0,Cz,3.718131,64.0,50
LOND,lond032,Control_202,77.0,CP1,6.992452,64.0,50
LOND,lond032,Control_202,77.0,CP2,10.95706,64.0,50
LOND,lond032,Control_202,77.0,P3,-8.642615,64.0,50
LOND,lond032,Control_202,77.0,P4,16.60816,64.0,50
LOND,lond032,Control_202,77.0,C3,-18.79532,64.0,50
LOND,lond032,Control_202,77.0,C4,4.211725,64.0,50
LOND,lond032,Control_202,77.0,P7,-8.666521,64.0,50
LOND,lond032,Control_202,77.0,P8,1.034141,64.0,50
LOND,lond032,Control_202,77.0,O1,6.847482,64.0,50
LOND,lond032,Control_202,77.0,O2,4.077825,64.0,50
LOND,lond032,Violation_201,74.0,Pz,8.653612,79.0,97
LOND,lond032,Violation_201,74.0,Cz,14.0616,79.0,97
LOND,lond032,Violation_201,74.0,CP1,9.830498,79.0,97
LOND,lond032,Violation_201,74.0,CP2,14.04561,79.0,97
LOND,lond032,Violation_201,74.0,P3,12.68438,79.0,97
LOND,lond032,Violation_201,74.0,P4,12.46576,79.0,97
LOND,lond032,Violation_201,74.0,C3,8.11114,79.0,97
LOND,lond032,Violation_201,74.0,C4,8.838442,79.0,97
LOND,lond032,Violation_201,74.0,P7,17.05939,79.0,97
LOND,lond032,Violation_201,74.0,P8,15.50259,79.0,97
LOND,lond032,Violation_201,74.0,O1,14.62976,79.0,97
LOND,lond032,Violation_201,74.0,O2,15.99676,79.0,97
LOND,lond032,Control_202,61.0,Pz,8.170252,76.0,90
LOND,lond032,Control_202,61.0,Cz,-1.897451,76.0,90
LOND,lond032,Control_202,61.0,CP1,-3.974908,76.0,90
LOND,lond032,Control_202,61.0,CP2,4.115547,76.0,90
LOND,lond032,Control_202,61.0,P3,10.16173,76.0,90
LOND,lond032,Control_202,61.0,P4,9.69158,76.0,90
LOND,lond032,Control_202,61.0,C3,-3.407337,76.0,90
LOND,lond032,Control_202,61.0,C4,4.602191,76.0,90
LOND,lond032,Control_202,61.0,P7,17.96707,76.0,90
LOND,lond032,Control_202,61.0,P8,4.884324,76.0,90
LOND,lond032,Control_202,61.0,O1,6.019991,76.0,90
LOND,lond032,Control_202,61.0,O2,9.716146,76.0,90
LOND,lond032,Violation_201,62.0,Pz,17.29,77.0,100
LOND,lond032,Violation_201,62.0,Cz,14.19465,77.0,100
LOND,lond032,Violation_201,62.0,CP1,11.28278,77.0,100
LOND,lond032,Violation_201,62.0,CP2,12.00317,77.0,100
LOND,lond032,Violation_201,62.0,P3,13.31402,77.0,100
LOND,lond032,Violation_201,62.0,P4,19.4236,77.0,100
LOND,lond032,Violation_201,62.0,C3,-19.43145,77.0,100
LOND,lond032,Violation_201,62.0,C4,10.03931,77.0,100
LOND,lond032,Violation_201,62.0,P7,16.04748,77.0,100
LOND,lond032,Violation_201,62.0,P8,18.77935,77.0,100
LOND,lond032,Violation_201,62.0,O1,19.57366,77.0,100
LOND,lond032,Violation_201,62.0,O2,15.83358,77.0,100
LOND,lond032,Control_202,65.0,Pz,-0.3057267,74.0,93
LOND,lond032,Control_202,65.0,Cz,-13.76927,74.0,93
LOND,lond032,Control_202,65.0,CP1,-7.604817,74.0,93
LOND,lond032,Control_202,65.0,CP2,-5.343073,74.0,93
LOND,lond032,Control_202,65.0,P3,-1.682376,74.0,93
LOND,lond032,Control_202,65.0,P4,1.128857,74.0,93
LOND,lond032,Control_202,65.0,C3,24.25087,74.0,93
LOND,lond032,Control_202,65.0,C4,-3.273296,74.0,93
LOND,lond032,Control_202,65.0,P7,-10.83208,74.0,93
LOND,lond032,Control_202,65.0,P8,-1.395486,74.0,93
LOND,lond032,Control_202,65.0,O1,-1.741808,74.0,93
LOND,lond032,Control_202,65.0,O2,-0.5272767,74.0,93
LOND,lond032,Violation_201,66.0,Pz,-15.52634,67.0,87
LOND,lond032,Violation_201,66.0,Cz,-22.52156,67.0,87
LOND,lond032,Violation_201,66.0,CP1,-27.0953,67.0,87
LOND,lond032,Violation_201,66.0,CP2,-25.78545,67.0,87
LOND,lond032,Violation_201,66.0,P3,-31.2793,67.0,87
LOND,lond032,Violation_201,66.0,P4,-11.81421,67.0,87
LOND,lond032,Violation_201,66.0,C3,-18.61017,67.0,87
LOND,lond032,Violation_201,66.0,C4,-14.8227,67.0,87
LOND,lond032,Violation_201,66.0,P7,-7.64809,67.0,87
LOND,lond032,Violation_201,66.0,P8,-17.88098,67.0,87
LOND,lond032,Violation_201,66.0,O1,-16.04524,67.0,87
LOND,lond032,Violation_201,66.0,O2,-19.37217,67.0,87
LOND,lond032,Violation_201,70.0,Pz,-19.59226,63.0,83
LOND,lond032,Violation_201,70.0,Cz,-22.31709,63.0,83
LOND,lond032,Violation_201,70.0,CP1,-15.91854,63.0,83
LOND,lond032,Violation_201,70.0,CP2,-20.04691,63.0,83
LOND,lond032,Violation_201,70.0,P3,-14.83447,63.0,83
LOND,lond032,Violation_201,70.0,P4,-19.0345,63.0,83
LOND,lond032,Violation_201,70.0,C3,-61.16542,63.0,83
LOND,lond032,Violation_201,70.0,C4,-17.75285,63.0,83
LOND,lond032,Violation_201,70.0,P7,-23.80275,63.0,83
LOND,lond032,Violation_201,70.0,P8,-13.60899,63.0,83
LOND,lond032,Violation_201,70.0,O1,-21.0368,63.0,83
LOND,lond032,Violation_201,70.0,O2,-21.87609,63.0,83
LOND,lond032,Violation_201,78.0,Pz,-15.56232,80.0,97
LOND,lond032,Violation_201,78.0,Cz,-14.33712,80.0,97
LOND,lond032,Violation_201,78.0,CP1,-16.46869,80.0,97
LOND,lond032,Violation_201,78.0,CP2,-20.51922,80.0,97
LOND,lond032,Violation_201,78.0,P3,-2.541321,80.0,97
LOND,lond032,Violation_201,78.0,P4,-19.24032,80.0,97
LOND,lond032,Violation_201,78.0,C3,3.602318,80.0,97
LOND,lond032,Violation_201,78.0,C4,-12.54675,80.0,97
LOND,lond032,Violation_201,78.0,P7,-13.94085,80.0,97
LOND,lond032,Violation_201,78.0,P8,-8.949027,80.0,97
LOND,lond032,Violation_201,78.0,O1,-5.447134,80.0,97
LOND,lond032,Violation_201,78.0,O2,-7.032247,80.0,97
LOND,lond033,Control_202,1.0,Pz,-1.522833,1.0,97
LOND,lond033,Control_202,1.0,Cz,2.406142,1.0,97
LOND,lond033,Control_202,1.0,CP1,-1.90488,1.0,97
LOND,lond033,Control_202,1.0,CP2,-0.3523174,1.0,97
LOND,lond033,Control_202,1.0,P3,0.8542472,1.0,97
LOND,lond033,Control_202,1.0,P4,-0.7092755,1.0,97
LOND,lond033,Control_202,1.0,C3,-2.936354,1.0,97
LOND,lond033,Control_202,1.0,C4,0.3249298,1.0,97
LOND,lond033,Control_202,1.0,P7,-6.15205,1.0,97
LOND,lond033,Control_202,1.0,P8,-1.787032,1.0,97
LOND,lond033,Control_202,1.0,O1,1.424235,1.0,97
LOND,lond033,Control_202,1.0,O2,-5.518677,1.0,97
LOND,lond033,Violation_201,18.0,Pz,-6.089153,10.0,80
LOND,lond033,Violation_201,18.0,Cz,-5.202376,10.0,80
LOND,lond033,Violation_201,18.0,CP1,-8.697461,10.0,80
LOND,lond033,Violation_201,18.0,CP2,-2.399587,10.0,80
LOND,lond033,Violation_201,18.0,P3,-2.917065,10.0,80
LOND,lond033,Violation_201,18.0,P4,-3.757447,10.0,80
LOND,lond033,Violation_201,18.0,C3,-16.13239,10.0,80
LOND,lond033,Violation_201,18.0,C4,-8.920291,10.0,80
LOND,lond033,Violation_201,18.0,P7,-1.393728,10.0,80
LOND,lond033,Violation_201,18.0,P8,-1.555748,10.0,80
LOND,lond033,Violation_201,18.0,O1,-4.034194,10.0,80
LOND,lond033,Violation_201,18.0,O2,-3.659748,10.0,80
LOND,lond033,Control_202,5.0,Pz,-2.26375,15.0,90
LOND,lond033,Control_202,5.0,Cz,11.01197,15.0,90
LOND,lond033,Control_202,5.0,CP1,4.663718,15.0,90
LOND,lond033,Control_202,5.0,CP2,6.842351,15.0,90
LOND,lond033,Control_202,5.0,P3,0.3772591,15.0,90
LOND,lond033,Control_202,5.0,P4,-0.6285905,15.0,90
LOND,lond033,Control_202,5.0,C3,5.971612,15.0,90
LOND,lond033,Control_202,5.0,C4,5.444586,15.0,90
LOND,lond033,Control_202,5.0,P7,-2.730823,15.0,90
LOND,lond033,Control_202,5.0,P8,-2.928196,15.0,90
LOND,lond033,Control_202,5.0,O1,2.189855,15.0,90
LOND,lond033,Control_202,5.0,O2,-7.639255,15.0,90
LOND,lond033,Control_202,17.0,Pz,-5.589261,8.0,97
LOND,lond033,Control_202,17.0,Cz,1.515597,8.0,97
LOND,lond033,Control_202,17.0,CP1,0.7751091,8.0,97
LOND,lond033,Control_202,17.0,CP2,8.008042,8.0,97
LOND,lond033,Control_202,17.0,P3,-2.964314,8.0,97
LOND,lond033,Control_202,17.0,P4,12.99096,8.0,97
LOND,lond033,Control_202,17.0,C3,1.392849,8.0,97
LOND,lond033,Control_202,17.0,C4,12.66009,8.0,97
LOND,lond033,Control_202,17.0,P7,6.434253,8.0,97
LOND,lond033,Control_202,17.0,P8,15.04704,8.0,97
LOND,lond033,Control_202,17.0,O1,10.9463,8.0,97
LOND,lond033,Control_202,17.0,O2,6.406622,8.0,97
LOND,lond033,Violation_201,14.0,Pz,1.879334,19.0,100
LOND,lond033,Violation_201,14.0,Cz,2.980437,19.0,100
LOND,lond033,Violation_201,14.0,CP1,-1.140712,19.0,100
LOND,lond033,Violation_201,14.0,CP2,10.73716,19.0,100
LOND,lond033,Violation_201,14.0,P3,15.50585,19.0,100
LOND,lond033,Violation_201,14.0,P4,5.057224,19.0,100
LOND,lond033,Violation_201,14.0,C3,17.55282,19.0,100
LOND,lond033,Violation_201,14.0,C4,-3.509909,19.0,100
LOND,lond033,Violation_201,14.0,P7,15.08487,19.0,100
LOND,lond033,Violation_201,14.0,P8,0.3696829,19.0,100
LOND,lond033,Violation_201,14.0,O1,9.036495,19.0,100
LOND,lond033,Violation_201,14.0,O2,3.369634,19.0,100
LOND,lond033,Violation_201,2.0,Pz,7.521894,18.0,87
LOND,lond033,Violation_201,2.0,Cz,5.212016,18.0,87
LOND,lond033,Violation_201,2.0,CP1,14.67367,18.0,87
LOND,lond033,Violation_201,2.0,CP2,20.3022,18.0,87
LOND,lond033,Violation_201,2.0,P3,6.476012,18.0,87
LOND,lond033,Violation_201,2.0,P4,3.512467,18.0,87
LOND,lond033,Violation_201,2.0,C3,17.00134,18.0,87
LOND,lond033,Violation_201,2.0,C4,-2.029801,18.0,87
LOND,lond033,Violation_201,2.0,P7,-0.4648421,18.0,87
LOND,lond033,Violation_201,2.0,P8,2.531922,18.0,87
LOND,lond033,Violation_201,2.0,O1,-6.399037,18.0,87
LOND,lond033,Violation_201,2.0,O2,11.7257,18.0,87
LOND,lond033,Control_202,13.0,Pz,9.954944,9.0,93
LOND,lond033,Control_202,13.0,Cz,11.32958,9.0,93
LOND,lond033,Control_202,13.0,CP1,10.3369,9.0,93
LOND,lond033,Control_202,13.0,CP2,13.01435,9.0,93
LOND,lond033,Control_202,13.0,P3,9.105392,9.0,93
LOND,lond033,Control_202,13.0,P4,5.849193,9.0,93
LOND,lond033,Control_202,13.0,C3,-0.1840053,9.0,93
LOND,lond033,Control_202,13.0,C4,8.713427,9.0,93
LOND,lond033,Control_202,13.0,P7,8.465395,9.0,93
LOND,lond033,Control_202,13.0,P8,13.36376,9.0,93
LOND,lond033,Control_202,13.0,O1,1.824679,9.0,93
LOND,lond033,Control_202,13.0,O2,13.99269,9.0,93
LOND,lond033,Control_202,9.0,Pz,-27.19621,20.0,90
LOND,lond033,Control_202,9.0,Cz,-26.5734,20.0,90
LOND,lond033,Control_202,9.0,CP1,-35.5791,20.0,90
LOND,lond033,Control_202,9.0,CP2,-30.02835,20.0,90
LOND,lond033,Control_202,9.0,P3,-30.37556,20.0,90
LOND,lond033,Control_202,9.0,P4,-31.07454,20.0,90
LOND,lond033,Control_202,9.0,C3,-29.59428,20.0,90
LOND,lond033,Control_202,9.0,C4,-16.14894,20.0,90
LOND,lond033,Control_202,9.0,P7,-22.70145,20.0,90
LOND,lond033,Control_202,9.0,P8,-13.8049,20.0,90
LOND,lond033,Control_202,9.0,O1,-27.33215,20.0,90
LOND,lond033,Control_202,9.0,O2,-20.94943,20.0,90
LOND,lond033,Violation_201,10.0,Pz,18.95992,2.0,100
LOND,lond033,Violation_201,10.0,Cz,14.1258,2.0,100
LOND,lond033,Violation_201,10.0,CP1,3.09367,2.0,100
LOND,lond033,Violation_201,10.0,CP2,6.784363,2.0,100
LOND,lond033,Violation_201,10.0,P3,12.58674,2.0,100
LOND,lond033,Violation_201,10.0,P4,7.892816,2.0,100
LOND,lond033,Violation_201,10.0,C3,-0.1118691,2.0,100
LOND,lond033,Violation_201,10.0,C4,16.81943,2.0,100
LOND,lond033,Violation_201,10.0,P7,7.115559,2.0,100
LOND,lond033,Violation_201,10.0,P8,11.0393,2.0,100
LOND,lond033,Violation_201,10.0,O1,9.777023,2.0,100
LOND,lond033,Violation_201,10.0,O2,18.19156,2.0,100
LOND,lond033,Violation_201,6.0,Pz,-1.425972,7.0,80
LOND,lond033,Violation_201,6.0,Cz,-3.298354,7.0,80
LOND,lond033,Violation_201,6.0,CP1,-5.562396,7.0,80
LOND,lond033,Violation_201,6.0,CP2,11.96249,7.0,80
LOND,lond033,Violation_201,6.0,P3,-4.342391,7.0,80
LOND,lond033,Violation_201,6.0,P4,23.33803,7.0,80
LOND,lond033,Violation_201,6.0,C3,15.5322,7.0,80
LOND,lond033,Violation_201,6.0,C4,23.34769,7.0,80
LOND,lond033,Violation_201,6.0,P7,11.64547,7.0,80
LOND,lond033,Violation_201,6.0,P8,19.461,7.0,80
LOND,lond033,Violation_201,6.0,O1,14.80415,7.0,80
LOND,lond033,Violation_201,6.0,O2,26.28657,7.0,80
LOND,lond033,Control_202,37.0,Pz,2.013923,22.0,53
LOND,lond033,Control_202,37.0,Cz,0.1035544,22.0,53
LOND,lond033,Control_202,37.0,CP1,14.34891,22.0,53
LOND,lond033,Control_202,37.0,CP2,-1.014545,22.0,53
LOND,lond033,Control_202,37.0,P3,4.174774,22.0,53
LOND,lond033,Control_202,37.0,P4,9.031405,22.0,53
LOND,lond033,Control_202,37.0,C3,-15.39645,22.0,53
LOND,lond033,Control_202,37.0,C4,-1.696948,22.0,53
LOND,lond033,Control_202,37.0,P7,-7.050536,22.0,53
LOND,lond033,Control_202,37.0,P8,-8.184633,22.0,53
LOND,lond033,Control_202,37.0,O1,-2.616494,22.0,53
LOND,lond033,Control_202,37.0,O2,3.241263,22.0,53
LOND,lond033,Control_202,21.0,Pz,-0.9602808,35.0,97
LOND,lond033,Control_202,21.0,Cz,6.266663,35.0,97
LOND,lond033,Control_202,21.0,CP1,-13.21224,35.0,97
LOND,lond033,Control_202,21.0,CP2,7.851874,35.0,97
LOND,lond033,Control_202,21.0,P3,-0.05626932,35.0,97
LOND,lond033,Control_202,21.0,P4,0.9620972,35.0,97
LOND,lond033,Control_202,21.0,C3,-2.043769,35.0,97
LOND,lond033,Control_202,21.0,C4,4.325986,35.0,97
LOND,lond033,Control_202,21.0,P7,-5.086268,35.0,97
LOND,lond033,Control_202,21.0,P8,-10.31837,35.0,97
LOND,lond033,Control_202,21.0,O1,-7.434995,35.0,97
LOND,lond033,Control_202,21.0,O2,-14.94975,35.0,97
LOND,lond033,Violation_201,30.0,Pz,-13.91515,23.0,93
LOND,lond033,Violation_201,30.0,Cz,-13.75347,23.0,93
LOND,lond033,Violation_201,30.0,CP1,-13.40294,23.0,93
LOND,lond033,Violation_201,30.0,CP2,-12.43158,23.0,93
LOND,lond033,Violation_201,30.0,P3,-11.20165,23.0,93
LOND,lond033,Violation_201,30.0,P4,-15.57292,23.0,93
LOND,lond033,Violation_201,30.0,C3,-11.01118,23.0,93
LOND,lond033,Violation_201,30.0,C4,-10.99379,23.0,93
LOND,lond033,Violation_201,30.0,P7,0.1743375,23.0,93
LOND,lond033,Violation_201,30.0,P8,-13.90025,23.0,93
LOND,lond033,Violation_201,30.0,O1,-7.922623,23.0,93
LOND,lond033,Violation_201,30.0,O2,-5.964157,23.0,93
LOND,lond033,Violation_201,38.0,Pz,19.16753,27.0,97
LOND,lond033,Violation_201,38.0,Cz,20.67776,27.0,97
LOND,lond033,Violation_201,38.0,CP1,19.69919,27.0,97
LOND,lond033,Violation_201,38.0,CP2,13.67722,27.0,97
LOND,lond033,Violation_201,38.0,P3,15.0507,27.0,97
LOND,lond033,Violation_201,38.0,P4,22.45057,27.0,97
LOND,lond033,Violation_201,38.0,C3,6.301873,27.0,97
LOND,lond033,Violation_201,38.0,C4,10.48235,27.0,97
LOND,lond033,Violation_201,38.0,P7,15.02902,27.0,97
LOND,lond033,Violation_201,38.0,P8,9.999757,27.0,97
LOND,lond033,Violation_201,38.0,O1,15.19418,27.0,97
LOND,lond033,Violation_201,38.0,O2,10.32027,27.0,97
LOND,lond033,Control_202,25.0,Pz,-19.63449,40.0,93
LOND,lond033,Control_202,25.0,Cz,-18.8721,40.0,93
LOND,lond033,Control_202,25.0,CP1,-9.673776,40.0,93
LOND,lond033,Control_202,25.0,CP2,-30.146,40.0,93
LOND,lond033,Control_202,25.0,P3,-25.74429,40.0,93
LOND,lond033,Control_202,25.0,P4,-35.29051,40.0,93
LOND,lond033,Control_202,25.0,C3,-23.83228,40.0,93
LOND,lond033,Control_202,25.0,C4,-30.32258,40.0,93
LOND,lond033,Control_202,25.0,P7,-25.98038,40.0,93
LOND,lond033,Control_202,25.0,P8,-34.64083,40.0,93
LOND,lond033,Control_202,25.0,O1,-24.9336,40.0,93
LOND,lond033,Control_202,25.0,O2,-32.98795,40.0,93
LOND,lond033,Violation_201,34.0,Pz,25.52727,29.0,90
LOND,lond033,Violation_201,34.0,Cz,24.55101,29.0,90
LOND,lond033,Violation_201,34.0,CP1,-3.905477,29.0,90
LOND,lond033,Violation_201,34.0,CP2,6.086439,29.0,90
LOND,lond033,Violation_201,34.0,P3,21.60759,29.0,90
LOND,lond033,Violation_201,34.0,P4,8.525271,29.0,90
LOND,lond033,Violation_201,34.0,C3,13.72883,29.0,90
LOND,lond033,Violation_201,34.0,C4,9.350073,29.0,90
LOND,lond033,Violation_201,34.0,P7,10.56791,29.0,90
LOND,lond033,Violation_201,34.0,P8,9.363477,29.0,90
LOND,lond033,Violation_201,34.0,O1,11.9672,29.0,90
LOND,lond033,Violation_201,34.0,O2,6.737261,29.0,90
LOND,lond033,Violation_201,29.0,Pz,-9.540868,38.0,93
LOND,lond033,Violation_201,29.0,Cz,-3.095707,38.0,93
LOND,lond033,Violation_201,29.0,CP1,-20.57213,38.0,93
LOND,lond033,Violation_201,29.0,CP2,-3.6151,38.0,93
LOND,lond033,Violation_201,29.0,P3,-11.12021,38.0,93
LOND,lond033,Violation_201,29.0,P4,-12.37286,38.0,93
LOND,lond033,Violation_201,29.0,C3,-14.25923,38.0,93
LOND,lond033,Violation_201,29.0,C4,-13.00067,38.0,93
LOND,lond033,Violation_201,29.0,P7,-2.93206,38.0,93
LOND,lond033,Violation_201,29.0,P8,5.452001,38.0,93
LOND,lond033,Violation_201,29.0,O1,-1.406666,38.0,93
LOND,lond033,Violation_201,29.0,O2,-0.6454852,38.0,93
LOND,lond033,Control_202,33.0,Pz,-9.960242,34.0,97
LOND,lond033,Control_202,33.0,Cz,-13.49093,34.0,97
LOND,lond033,Control_202,33.0,CP1,-7.117841,34.0,97
LOND,lond033,Control_202,33.0,CP2,-11.3788,34.0,97
LOND,lond033,Control_202,33.0,P3,-11.86848,34.0,97
LOND,lond033,Control_202,33.0,P4,-14.39111,34.0,97
LOND,lond033,Control_202,33.0,C3,-19.72938,34.0,97
LOND,lond033,Control_202,33.0,C4,-6.809733,34.0,97
LOND,lond033,Control_202,33.0,P7,-5.186557,34.0,97
LOND,lond033,Control_202,33.0,P8,-5.115302,34.0,97
LOND,lond033,Control_202,33.0,O1,-11.75531,34.0,97
LOND,lond033,Control_202,33.0,O2,-5.350504,34.0,97
LOND,lond033,Violation_201,26.0,Pz,-10.14858,31.0,77
LOND,lond033,Violation_201,26.0,Cz,-7.140352,31.0,77
LOND,lond033,Violation_201,26.0,CP1,-14.06955,31.0,77
LOND,lond033,Violation_201,26.0,CP2,-7.420524,31.0,77
LOND,lond033,Violation_201,26.0,P3,-4.454731,31.0,77
LOND,lond033,Violation_201,26.0,P4,-11.4545,31.0,77
LOND,lond033,Violation_201,26.0,C3,-10.59727,31.0,77
LOND,lond033,Violation_201,26.0,C4,-9.521286,31.0,77
LOND,lond033,Violation_201,26.0,P7,-1.266165,31.0,77
LOND,lond033,Violation_201,26.0,P8,-6.136493,31.0,77
LOND,lond033,Violation_201,26.0,O1,-12.22935,31.0,77
LOND,lond033,Violation_201,26.0,O2,-16.70732,31.0,77
LOND,lond033,Violation_201,22.0,Pz,13.40308,32.0,80
LOND,lond033,Violation_201,22.0,Cz,10.61626,32.0,80
LOND,lond033,Violation_201,22.0,CP1,6.001874,32.0,80
LOND,lond033,Violation_201,22.0,CP2,-5.691933,32.0,80
LOND,lond033,Violation_201,22.0,P3,1.749082,32.0,80
LOND,lond033,Violation_201,22.0,P4,-12.30193,32.0,80
LOND,lond033,Violation_201,22.0,C3,-7.952668,32.0,80
LOND,lond033,Violation_201,22.0,C4,-4.875013,32.0,80
LOND,lond033,Violation_201,22.0,P7,4.85708,32.0,80
LOND,lond033,Violation_201,22.0,P8,13.22351,32.0,80
LOND,lond033,Violation_201,22.0,O1,-9.394506,32.0,80
LOND,lond033,Violation_201,22.0,O2,-4.151288,32.0,80
LOND,lond033,Control_202,45.0,Pz,3.165809,54.0,77
LOND,lond033,Control_202,45.0,Cz,3.956736,54.0,77
LOND,lond033,Control_202,45.0,CP1,-16.81576,54.0,77
LOND,lond033,Control_202,45.0,CP2,3.661344,54.0,77
LOND,lond033,Control_202,45.0,P3,-13.20131,54.0,77
LOND,lond033,Control_202,45.0,P4,-3.995421,54.0,77
LOND,lond033,Control_202,45.0,C3,2.084548,54.0,77
LOND,lond033,Control_202,45.0,C4,3.177677,54.0,77
LOND,lond033,Control_202,45.0,P7,2.221366,54.0,77
LOND,lond033,Control_202,45.0,P8,13.05596,54.0,77
LOND,lond033,Control_202,45.0,O1,-6.535112,54.0,77
LOND,lond033,Control_202,45.0,O2,10.13605,54.0,77
LOND,lond033,Violation_201,42.0,Pz,5.055889,42.0,37
LOND,lond033,Violation_201,42.0,Cz,1.844708,42.0,37
LOND,lond033,Violation_201,42.0,CP1,-0.05803207,42.0,37
LOND,lond033,Violation_201,42.0,CP2,-4.972652,42.0,37
LOND,lond033,Violation_201,42.0,P3,-2.567045,42.0,37
LOND,lond033,Violation_201,42.0,P4,-6.612642,42.0,37
LOND,lond033,Violation_201,42.0,C3,-5.428916,42.0,37
LOND,lond033,Violation_201,42.0,C4,0.455819,42.0,37
LOND,lond033,Violation_201,42.0,P7,-9.927442,42.0,37
LOND,lond033,Violation_201,42.0,P8,-8.609344,42.0,37
LOND,lond033,Violation_201,42.0,O1,-5.5787,42.0,37
LOND,lond033,Violation_201,42.0,O2,-3.013459,42.0,37
LOND,lond033,Violation_201,58.0,Pz,6.670295,57.0,69
LOND,lond033,Violation_201,58.0,Cz,0.5788592,57.0,69
LOND,lond033,Violation_201,58.0,CP1,5.672219,57.0,69
LOND,lond033,Violation_201,58.0,CP2,10.68295,57.0,69
LOND,lond033,Violation_201,58.0,P3,1.103681,57.0,69
LOND,lond033,Violation_201,58.0,P4,21.6768,57.0,69
LOND,lond033,Violation_201,58.0,C3,14.75846,57.0,69
LOND,lond033,Violation_201,58.0,C4,10.97758,57.0,69
LOND,lond033,Violation_201,58.0,P7,-1.357703,57.0,69
LOND,lond033,Violation_201,58.0,P8,-7.108838,57.0,69
LOND,lond033,Violation_201,58.0,O1,-12.46294,57.0,69
LOND,lond033,Violation_201,58.0,O2,1.1043,57.0,69
LOND,lond033,Violation_201,54.0,Pz,-8.969726,44.0,90
LOND,lond033,Violation_201,54.0,Cz,-9.044113,44.0,90
LOND,lond033,Violation_201,54.0,CP1,-14.78816,44.0,90
LOND,lond033,Violation_201,54.0,CP2,-14.11994,44.0,90
LOND,lond033,Violation_201,54.0,P3,-14.69888,44.0,90
LOND,lond033,Violation_201,54.0,P4,0.4255307,44.0,90
LOND,lond033,Violation_201,54.0,C3,-18.12201,44.0,90
LOND,lond033,Violation_201,54.0,C4,-2.350094,44.0,90
LOND,lond033,Violation_201,54.0,P7,11.01031,44.0,90
LOND,lond033,Violation_201,54.0,P8,8.150175,44.0,90
LOND,lond033,Violation_201,54.0,O1,10.30827,44.0,90
LOND,lond033,Violation_201,54.0,O2,8.081137,44.0,90
LOND,lond033,Violation_201,46.0,Pz,11.90744,60.0,90
LOND,lond033,Violation_201,46.0,Cz,3.245329,60.0,90
LOND,lond033,Violation_201,46.0,CP1,10.19962,60.0,90
LOND,lond033,Violation_201,46.0,CP2,11.26278,60.0,90
LOND,lond033,Violation_201,46.0,P3,13.09609,60.0,90
LOND,lond033,Violation_201,46.0,P4,14.95118,60.0,90
LOND,lond033,Violation_201,46.0,C3,2.405767,60.0,90
LOND,lond033,Violation_201,46.0,C4,18.31169,60.0,90
LOND,lond033,Violation_201,46.0,P7,4.71412,60.0,90
LOND,lond033,Violation_201,46.0,P8,5.018176,60.0,90
LOND,lond033,Violation_201,46.0,O1,19.34345,60.0,90
LOND,lond033,Violation_201,46.0,O2,11.94706,60.0,90
LOND,lond033,Control_202,49.0,Pz,15.1664,59.0,73
LOND,lond033,Control_202,49.0,Cz,10.22692,59.0,73
LOND,lond033,Control_202,49.0,CP1,9.687876,59.0,73
LOND,lond033,Control_202,49.0,CP2,-5.87563,59.0,73
LOND,lond033,Control_202,49.0,P3,4.999673,59.0,73
LOND,lond033,Control_202,49.0,P4,3.170723,59.0,73
LOND,lond033,Control_202,49.0,C3,3.184817,59.0,73
LOND,lond033,Control_202,49.0,C4,-12.60078,59.0,73
LOND,lond033,Control_202,49.0,P7,20.61627,59.0,73
LOND,lond033,Control_202,49.0,P8,6.548182,59.0,73
LOND,lond033,Control_202,49.0,O1,3.294024,59.0,73
LOND,lond033,Control_202,49.0,O2,16.87979,59.0,73
LOND,lond033,Control_202,53.0,Pz,10.62769,53.0,93
LOND,lond033,Control_202,53.0,Cz,9.2875,53.0,93
LOND,lond033,Control_202,53.0,CP1,6.996534,53.0,93
LOND,lond033,Control_202,53.0,CP2,8.846784,53.0,93
LOND,lond033,Control_202,53.0,P3,11.69255,53.0,93
LOND,lond033,Control_202,53.0,P4,29.5612,53.0,93
LOND,lond033,Control_202,53.0,C3,15.53806,53.0,93
LOND,lond033,Control_202,53.0,C4,10.90129,53.0,93
LOND,lond033,Control_202,53.0,P7,22.62753,53.0,93
LOND,lond033,Control_202,53.0,P8,8.764339,53.0,93
LOND,lond033,Control_202,53.0,O1,15.43783,53.0,93
LOND,lond033,Control_202,53.0,O2,28.72649,53.0,93
LOND,lond033,Violation_201,50.0,Pz,-1.266163,49.0,40
LOND,lond033,Violation_201,50.0,Cz,-2.14316,49.0,40
LOND,lond033,Violation_201,50.0,CP1,0.8930815,49.0,40
LOND,lond033,Violation_201,50.0,CP2,9.425127,49.0,40
LOND,lond033,Violation_201,50.0,P3,2.255804,49.0,40
LOND,lond033,Violation_201,50.0,P4,14.21221,49.0,40
LOND,lond033,Violation_201,50.0,C3,0.7515801,49.0,40
LOND,lond033,Violation_201,50.0,C4,8.275646,49.0,40
LOND,lond033,Violation_201,50.0,P7,22.20729,49.0,40
LOND,lond033,Violation_201,50.0,P8,10.02552,49.0,40
LOND,lond033,Violation_201,50.0,O1,29.70099,49.0,40
LOND,lond033,Violation_201,50.0,O2,25.25933,49.0,40
LOND,lond033,Control_202,57.0,Pz,2.092316,43.0,93
LOND,lond033,Control_202,57.0,Cz,3.42219,43.0,93
LOND,lond033,Control_202,57.0,CP1,-5.400926,43.0,93
LOND,lond033,Control_202,57.0,CP2,4.326228,43.0,93
LOND,lond033,Control_202,57.0,P3,2.45912,43.0,93
LOND,lond033,Control_202,57.0,P4,2.769618,43.0,93
LOND,lond033,Control_202,57.0,C3,-10.15597,43.0,93
LOND,lond033,Control_202,57.0,C4,2.59792,43.0,93
LOND,lond033,Control_202,57.0,P7,-6.073325,43.0,93
LOND,lond033,Control_202,57.0,P8,12.72257,43.0,93
LOND,lond033,Control_202,57.0,O1,9.107008,43.0,93
LOND,lond033,Control_202,57.0,O2,-0.8469664,43.0,93
LOND,lond033,Control_202,41.0,Pz,8.712653,45.0,67
LOND,lond033,Control_202,41.0,Cz,-0.059291,45.0,67
LOND,lond033,Control_202,41.0,CP1,11.44183,45.0,67
LOND,lond033,Control_202,41.0,CP2,7.544186,45.0,67
LOND,lond033,Control_202,41.0,P3,11.22657,45.0,67
LOND,lond033,Control_202,41.0,P4,22.50893,45.0,67
LOND,lond033,Control_202,41.0,C3,20.82116,45.0,67
LOND,lond033,Control_202,41.0,C4,22.60826,45.0,67
LOND,lond033,Control_202,41.0,P7,8.587363,45.0,67
LOND,lond033,Control_202,41.0,P8,10.27027,45.0,67
LOND,lond033,Control_202,41.0,O1,6.270324,45.0,67
LOND,lond033,Control_202,41.0,O2,11.54929,45.0,67
LOND,lond033,Control_202,69.0,Pz,11.53984,62.0,70
LOND,lond033,Control_202,69.0,Cz,6.052298,62.0,70
LOND,lond033,Control_202,69.0,CP1,1.808568,62.0,70
LOND,lond033,Control_202,69.0,CP2,-9.525517,62.0,70
LOND,lond033,Control_202,69.0,P3,-16.35994,62.0,70
LOND,lond033,Control_202,69.0,P4,4.349004,62.0,70
LOND,lond033,Control_202,69.0,C3,-2.886657,62.0,70
LOND,lond033,Control_202,69.0,C4,8.534744,62.0,70
LOND,lond033,Control_202,69.0,P7,-12.99442,62.0,70
LOND,lond033,Control_202,69.0,P8,-15.13348,62.0,70
LOND,lond033,Control_202,69.0,O1,-14.97171,62.0,70
LOND,lond033,Control_202,69.0,O2,-13.47045,62.0,70
LOND,lond033,Violation_201,66.0,Pz,-15.19162,77.0,100
LOND,lond033,Violation_201,66.0,Cz,-2.980614,77.0,100
LOND,lond033,Violation_201,66.0,CP1,3.838453,77.0,100
LOND,lond033,Violation_201,66.0,CP2,-18.49322,77.0,100
LOND,lond033,Violation_201,66.0,P3,-17.04697,77.0,100
LOND,lond033,Violation_201,66.0,P4,-21.57202,77.0,100
LOND,lond033,Violation_201,66.0,C3,-29.353,77.0,100
LOND,lond033,Violation_201,66.0,C4,-20.55598,77.0,100
LOND,lond033,Violation_201,66.0,P7,-21.06885,77.0,100
LOND,lond033,Violation_201,66.0,P8,-10.86851,77.0,100
LOND,lond033,Violation_201,66.0,O1,-30.33591,77.0,100
LOND,lond033,Violation_201,66.0,O2,-24.5554,77.0,100
LOND,lond033,Control_202,77.0,Pz,-19.7699,75.0,60
LOND,lond033,Control_202,77.0,Cz,-7.866757,75.0,60
LOND,lond033,Control_202,77.0,CP1,-10.53727,75.0,60
LOND,lond033,Control_202,77.0,CP2,-12.30808,75.0,60
LOND,lond033,Control_202,77.0,P3,-14.83399,75.0,60
LOND,lond033,Control_202,77.0,P4,-23.94538,75.0,60
LOND,lond033,Control_202,77.0,C3,-23.47091,75.0,60
LOND,lond033,Control_202,77.0,C4,-15.44873,75.0,60
LOND,lond033,Control_202,77.0,P7,-12.42764,75.0,60
LOND,lond033,Control_202,77.0,P8,-14.99478,75.0,60
LOND,lond033,Control_202,77.0,O1,-10.58165,75.0,60
LOND,lond033,Control_202,77.0,O2,-11.35833,75.0,60
LOND,lond033,Violation_201,62.0,Pz,8.710123,71.0,90
LOND,lond033,Violation_201,62.0,Cz,6.559967,71.0,90
LOND,lond033,Violation_201,62.0,CP1,15.03819,71.0,90
LOND,lond033,Violation_201,62.0,CP2,8.867495,71.0,90
LOND,lond033,Violation_201,62.0,P3,7.378043,71.0,90
LOND,lond033,Violation_201,62.0,P4,18.00256,71.0,90
LOND,lond033,Violation_201,62.0,C3,9.253551,71.0,90
LOND,lond033,Violation_201,62.0,C4,22.8553,71.0,90
LOND,lond033,Violation_201,62.0,P7,13.37128,71.0,90
LOND,lond033,Violation_201,62.0,P8,15.85337,71.0,90
LOND,lond033,Violation_201,62.0,O1,5.861052,71.0,90
LOND,lond033,Violation_201,62.0,O2,9.701817,71.0,90
LOND,lond033,Control_202,73.0,Pz,-2.757585,65.0,93
LOND,lond033,Control_202,73.0,Cz,-11.70767,65.0,93
LOND,lond033,Control_202,73.0,CP1,-0.5892051,65.0,93
LOND,lond033,Control_202,73.0,CP2,4.163509,65.0,93
LOND,lond033,Control_202,73.0,P3,2.732069,65.0,93
LOND,lond033,Control_202,73.0,P4,14.38505,65.0,93
LOND,lond033,Control_202,73.0,C3,14.63866,65.0,93
LOND,lond033,Control_202,73.0,C4,9.663848,65.0,93
LOND,lond033,Control_202,73.0,P7,2.490893,65.0,93
LOND,lond033,Control_202,73.0,P8,21.05045,65.0,93
LOND,lond033,Control_202,73.0,O1,3.795113,65.0,93
LOND,lond033,Control_202,73.0,O2,9.028464,65.0,93
LOND,lond033,Control_202,65.0,Pz,1.053784,66.0,23
LOND,lond033,Control_202,65.0,Cz,-6.223503,66.0,23
LOND,lond033,Control_202,65.0,CP1,2.979683,66.0,23
LOND,lond033,Control_202,65.0,CP2,-2.702824,66.0,23
LOND,lond033,Control_202,65.0,P3,-4.979346,66.0,23
LOND,lond033,Control_202,65.0,P4,-3.615092,66.0,23
LOND,lond033,Control_202,65.0,C3,-5.271439,66.0,23
LOND,lond033,Control_202,65.0,C4,3.462653,66.0,23
LOND,lond033,Control_202,65.0,P7,3.421853,66.0,23
LOND,lond033,Control_202,65.0,P8,8.754576,66.0,23
LOND,lond033,Control_202,65.0,O1,5.441217,66.0,23
LOND,lond033,Control_202,65.0,O2,12.22881,66.0,23
LOND,lond033,Control_202,61.0,Pz,11.36312,80.0,97
LOND,lond033,Control_202,61.0,Cz,14.06626,80.0,97
LOND,lond033,Control_202,61.0,CP1,29.62762,80.0,97
LOND,lond033,Control_202,61.0,CP2,19.76592,80.0,97
LOND,lond033,Control_202,61.0,P3,32.60707,80.0,97
LOND,lond033,Control_202,61.0,P4,8.48457,80.0,97
LOND,lond033,Control_202,61.0,C3,13.965,80.0,97
LOND,lond033,Control_202,61.0,C4,2.720865,80.0,97
LOND,lond033,Control_202,61.0,P7,23.78249,80.0,97
LOND,lond033,Control_202,61.0,P8,24.80643,80.0,97
LOND,lond033,Control_202,61.0,O1,19.79953,80.0,97
LOND,lond033,Control_202,61.0,O2,37.86568,80.0,97
LOND,lond033,Violation_201,70.0,Pz,-2.639578,63.0,83
LOND,lond033,Violation_201,70.0,Cz,5.719153,63.0,83
LOND,lond033,Violation_201,70.0,CP1,0.5897828,63.0,83
LOND,lond033,Violation_201,70.0,CP2,-8.081447,63.0,83
LOND,lond033,Violation_201,70.0,P3,-4.72441,63.0,83
LOND,lond033,Violation_201,70.0,P4,-5.188458,63.0,83
LOND,lond033,Violation_201,70.0,C3,0.2657691,63.0,83
LOND,lond033,Violation_201,70.0,C4,-2.111912,63.0,83
LOND,lond033,Violation_201,70.0,P7,5.173317,63.0,83
LOND,lond033,Violation_201,70.0,P8,-5.882108,63.0,83
LOND,lond033,Violation_201,70.0,O1,-13.8018,63.0,83
LOND,lond033,Violation_201,70.0,O2,-14.65327,63.0,83
LOND,lond033,Violation_201,74.0,Pz,-16.38422,67.0,87
LOND,lond033,Violation_201,74.0,Cz,-21.695,67.0,87
LOND,lond033,Violation_201,74.0,CP1,-26.72282,67.0,87
LOND,lond033,Violation_201,74.0,CP2,-10.92189,67.0,87
LOND,lond033,Violation_201,74.0,P3,-18.60199,67.0,87
LOND,lond033,Violation_201,74.0,P4,-15.80234,67.0,87
LOND,lond033,Violation_201,74.0,C3,-20.23498,67.0,87
LOND,lond033,Violation_201,74.0,C4,-14.29682,67.0,87
LOND,lond033,Violation_201,74.0,P7,-11.73415,67.0,87
LOND,lond033,Violation_201,74.0,P8,-2.057412,67.0,87
LOND,lond033,Violation_201,74.0,O1,-15.57127,67.0,87
LOND,lond033,Violation_201,74.0,O2,-13.49773,67.0,87
LOND,lond033,Violation_201,78.0,Pz,-10.85805,70.0,57
LOND,lond033,Violation_201,78.0,Cz,-25.98034,70.0,57
LOND,lond033,Violation_201,78.0,CP1,-7.275497,70.0,57
LOND,lond033,Violation_201,78.0,CP2,-9.336438,70.0,57
LOND,lond033,Violation_201,78.0,P3,-7.520565,70.0,57
LOND,lond033,Violation_201,78.0,P4,-12.01696,70.0,57
LOND,lond033,Violation_201,78.0,C3,-8.272225,70.0,57
LOND,lond033,Violation_201,78.0,C4,-10.9284,70.0,57
LOND,lond033,Violation_201,78.0,P7,-9.829739,70.0,57
LOND,lond033,Violation_201,78.0,P8,6.905725,70.0,57
LOND,lond033,Violation_201,78.0,O1,-4.743144,70.0,57
LOND,lond033,Violation_201,78.0,O2,5.43855,70.0,57
LOND,lond034,Control_202,3.0,Pz,1.831099,5.0,93
LOND,lond034,Control_202,3.0,Cz,-4.711189,5.0,93
LOND,lond034,Control_202,3.0,CP1,-3.15649,5.0,93
LOND,lond034,Control_202,3.0,CP2,1.660137,5.0,93
LOND,lond034,Control_202,3.0,P3,14.59819,5.0,93
LOND,lond034,Control_202,3.0,P4,9.092329,5.0,93
LOND,lond034,Control_202,3.0,C3,1.123829,5.0,93
LOND,lond034,Control_202,3.0,C4,11.47023,5.0,93
LOND,lond034,Control_202,3.0,P7,-15.19007,5.0,93
LOND,lond034,Control_202,3.0,P8,-15.76163,5.0,93
LOND,lond034,Control_202,3.0,O1,-3.762852,5.0,93
LOND,lond034,Control_202,3.0,O2,0.6203811,5.0,93
LOND,lond034,Violation_201,4.0,Pz,-2.279032,4.0,93
LOND,lond034,Violation_201,4.0,Cz,-14.77768,4.0,93
LOND,lond034,Violation_201,4.0,CP1,-9.336297,4.0,93
LOND,lond034,Violation_201,4.0,CP2,-0.9173949,4.0,93
LOND,lond034,Violation_201,4.0,P3,-10.62964,4.0,93
LOND,lond034,Violation_201,4.0,P4,-11.3576,4.0,93
LOND,lond034,Violation_201,4.0,C3,-4.505,4.0,93
LOND,lond034,Violation_201,4.0,C4,10.28019,4.0,93
LOND,lond034,Violation_201,4.0,P7,-1.494237,4.0,93
LOND,lond034,Violation_201,4.0,P8,-26.13102,4.0,93
LOND,lond034,Violation_201,4.0,O1,-21.1283,4.0,93
LOND,lond034,Violation_201,4.0,O2,-17.81705,4.0,93
LOND,lond034,Control_202,7.0,Pz,8.703637,18.0,87
LOND,lond034,Control_202,7.0,Cz,24.12763,18.0,87
LOND,lond034,Control_202,7.0,CP1,18.27308,18.0,87
LOND,lond034,Control_202,7.0,CP2,13.53874,18.0,87
LOND,lond034,Control_202,7.0,P3,2.63436,18.0,87
LOND,lond034,Control_202,7.0,P4,17.41126,18.0,87
LOND,lond034,Control_202,7.0,C3,7.46766,18.0,87
LOND,lond034,Control_202,7.0,C4,-9.320702,18.0,87
LOND,lond034,Control_202,7.0,P7,-8.795846,18.0,87
LOND,lond034,Control_202,7.0,P8,15.87406,18.0,87
LOND,lond034,Control_202,7.0,O1,5.665796,18.0,87
LOND,lond034,Control_202,7.0,O2,12.37428,18.0,87
LOND,lond034,Control_202,11.0,Pz,4.276786,1.0,97
LOND,lond034,Control_202,11.0,Cz,-5.246476,1.0,97
LOND,lond034,Control_202,11.0,CP1,9.14696,1.0,97
LOND,lond034,Control_202,11.0,CP2,-7.668972,1.0,97
LOND,lond034,Control_202,11.0,P3,10.75694,1.0,97
LOND,lond034,Control_202,11.0,P4,7.791897,1.0,97
LOND,lond034,Control_202,11.0,C3,-2.9219,1.0,97
LOND,lond034,Control_202,11.0,C4,-6.624873,1.0,97
LOND,lond034,Control_202,11.0,P7,-12.72145,1.0,97
LOND,lond034,Control_202,11.0,P8,-15.4577,1.0,97
LOND,lond034,Control_202,11.0,O1,11.32345,1.0,97
LOND,lond034,Control_202,11.0,O2,-1.51208,1.0,97
LOND,lond034,Violation_201,8.0,Pz,-17.2486,8.0,97
LOND,lond034,Violation_201,8.0,Cz,-23.30286,8.0,97
LOND,lond034,Violation_201,8.0,CP1,-28.65644,8.0,97
LOND,lond034,Violation_201,8.0,CP2,-19.20058,8.0,97
LOND,lond034,Violation_201,8.0,P3,-18.66899,8.0,97
LOND,lond034,Violation_201,8.0,P4,-18.08247,8.0,97
LOND,lond034,Violation_201,8.0,C3,-24.78516,8.0,97
LOND,lond034,Violation_201,8.0,C4,-34.74596,8.0,97
LOND,lond034,Violation_201,8.0,P7,-9.691545,8.0,97
LOND,lond034,Violation_201,8.0,P8,-35.17822,8.0,97
LOND,lond034,Violation_201,8.0,O1,-25.72754,8.0,97
LOND,lond034,Violation_201,8.0,O2,-10.01871,8.0,97
LOND,lond034,Violation_201,16.0,Pz,16.07647,17.0,62
LOND,lond034,Violation_201,16.0,Cz,1.959983,17.0,62
LOND,lond034,Violation_201,16.0,CP1,2.20697,17.0,62
LOND,lond034,Violation_201,16.0,CP2,9.954021,17.0,62
LOND,lond034,Violation_201,16.0,P3,17.11261,17.0,62
LOND,lond034,Violation_201,16.0,P4,0.9243659,17.0,62
LOND,lond034,Violation_201,16.0,C3,9.742219,17.0,62
LOND,lond034,Violation_201,16.0,C4,12.44629,17.0,62
LOND,lond034,Violation_201,16.0,P7,3.071237,17.0,62
LOND,lond034,Violation_201,16.0,P8,4.487653,17.0,62
LOND,lond034,Violation_201,16.0,O1,12.8779,17.0,62
LOND,lond034,Violation_201,16.0,O2,2.619807,17.0,62
LOND,lond034,Violation_201,20.0,Pz,13.64284,2.0,100
LOND,lond034,Violation_201,20.0,Cz,15.04961,2.0,100
LOND,lond034,Violation_201,20.0,CP1,13.31309,2.0,100
LOND,lond034,Violation_201,20.0,CP2,12.43458,2.0,100
LOND,lond034,Violation_201,20.0,P3,15.39838,2.0,100
LOND,lond034,Violation_201,20.0,P4,11.31749,2.0,100
LOND,lond034,Violation_201,20.0,C3,8.004271,2.0,100
LOND,lond034,Violation_201,20.0,C4,9.658414,2.0,100
LOND,lond034,Violation_201,20.0,P7,5.064774,2.0,100
LOND,lond034,Violation_201,20.0,P8,-8.889495,2.0,100
LOND,lond034,Violation_201,20.0,O1,4.67175,2.0,100
LOND,lond034,Violation_201,20.0,O2,-0.02334205,2.0,100
LOND,lond034,Violation_201,12.0,Pz,17.4733,20.0,90
LOND,lond034,Violation_201,12.0,Cz,15.14523,20.0,90
LOND,lond034,Violation_201,12.0,CP1,14.22883,20.0,90
LOND,lond034,Violation_201,12.0,CP2,5.864606,20.0,90
LOND,lond034,Violation_201,12.0,P3,14.25713,20.0,90
LOND,lond034,Violation_201,12.0,P4,12.71547,20.0,90
LOND,lond034,Violation_201,12.0,C3,14.12614,20.0,90
LOND,lond034,Violation_201,12.0,C4,15.58292,20.0,90
LOND,lond034,Violation_201,12.0,P7,23.04688,20.0,90
LOND,lond034,Violation_201,12.0,P8,-3.084849,20.0,90
LOND,lond034,Violation_201,12.0,O1,1.37254,20.0,90
LOND,lond034,Violation_201,12.0,O2,10.42569,20.0,90
LOND,lond034,Control_202,15.0,Pz,2.50021,15.0,90
LOND,lond034,Control_202,15.0,Cz,18.93728,15.0,90
LOND,lond034,Control_202,15.0,CP1,7.555816,15.0,90
LOND,lond034,Control_202,15.0,CP2,14.25914,15.0,90
LOND,lond034,Control_202,15.0,P3,14.69781,15.0,90
LOND,lond034,Control_202,15.0,P4,-4.855972,15.0,90
LOND,lond034,Control_202,15.0,C3,17.32548,15.0,90
LOND,lond034,Control_202,15.0,C4,27.06585,15.0,90
LOND,lond034,Control_202,15.0,P7,10.62236,15.0,90
LOND,lond034,Control_202,15.0,P8,-9.807513,15.0,90
LOND,lond034,Control_202,15.0,O1,-14.36336,15.0,90
LOND,lond034,Control_202,15.0,O2,2.20847,15.0,90
LOND,lond034,Control_202,19.0,Pz,-14.80075,6.0,100
LOND,lond034,Control_202,19.0,Cz,-10.35099,6.0,100
LOND,lond034,Control_202,19.0,CP1,-26.21185,6.0,100
LOND,lond034,Control_202,19.0,CP2,-16.70498,6.0,100
LOND,lond034,Control_202,19.0,P3,-20.05924,6.0,100
LOND,lond034,Control_202,19.0,P4,-4.496339,6.0,100
LOND,lond034,Control_202,19.0,C3,-14.84074,6.0,100
LOND,lond034,Control_202,19.0,C4,-16.20394,6.0,100
LOND,lond034,Control_202,19.0,P7,-6.568814,6.0,100
LOND,lond034,Control_202,19.0,P8,-28.96348,6.0,100
LOND,lond034,Control_202,19.0,O1,-10.47261,6.0,100
LOND,lond034,Control_202,19.0,O2,-8.530378,6.0,100
LOND,lond034,Control_202,39.0,Pz,15.62077,21.0,77
LOND,lond034,Control_202,39.0,Cz,46.17624,21.0,77
LOND,lond034,Control_202,39.0,CP1,9.678353,21.0,77
LOND,lond034,Control_202,39.0,CP2,18.16672,21.0,77
LOND,lond034,Control_202,39.0,P3,17.32111,21.0,77
LOND,lond034,Control_202,39.0,P4,12.67274,21.0,77
LOND,lond034,Control_202,39.0,C3,8.835543,21.0,77
LOND,lond034,Control_202,39.0,C4,0.5086198,21.0,77
LOND,lond034,Control_202,39.0,P7,-0.4491182,21.0,77
LOND,lond034,Control_202,39.0,P8,-2.491158,21.0,77
LOND,lond034,Control_202,39.0,O1,16.91203,21.0,77
LOND,lond034,Control_202,39.0,O2,28.19155,21.0,77
LOND,lond034,Violation_201,32.0,Pz,-9.446841,29.0,90
LOND,lond034,Violation_201,32.0,Cz,-5.425089,29.0,90
LOND,lond034,Violation_201,32.0,CP1,-13.09913,29.0,90
LOND,lond034,Violation_201,32.0,CP2,2.561429,29.0,90
LOND,lond034,Violation_201,32.0,P3,-14.32203,29.0,90
LOND,lond034,Violation_201,32.0,P4,-3.864787,29.0,90
LOND,lond034,Violation_201,32.0,C3,-3.630927,29.0,90
LOND,lond034,Violation_201,32.0,C4,-10.04718,29.0,90
LOND,lond034,Violation_201,32.0,P7,3.912423,29.0,90
LOND,lond034,Violation_201,32.0,P8,15.44378,29.0,90
LOND,lond034,Violation_201,32.0,O1,-10.83858,29.0,90
LOND,lond034,Violation_201,32.0,O2,0.3637856,29.0,90
LOND,lond034,Control_202,23.0,Pz,3.424616,32.0,80
LOND,lond034,Control_202,23.0,Cz,-1.103954,32.0,80
LOND,lond034,Control_202,23.0,CP1,-2.143951,32.0,80
LOND,lond034,Control_202,23.0,CP2,1.722935,32.0,80
LOND,lond034,Control_202,23.0,P3,7.782589,32.0,80
LOND,lond034,Control_202,23.0,P4,-2.823917,32.0,80
LOND,lond034,Control_202,23.0,C3,3.440745,32.0,80
LOND,lond034,Control_202,23.0,C4,5.879116,32.0,80
LOND,lond034,Control_202,23.0,P7,0.1714392,32.0,80
LOND,lond034,Control_202,23.0,P8,-8.651886,32.0,80
LOND,lond034,Control_202,23.0,O1,-10.47724,32.0,80
LOND,lond034,Control_202,23.0,O2,-7.585029,32.0,80
LOND,lond034,Control_202,35.0,Pz,9.210202,25.0,97
LOND,lond034,Control_202,35.0,Cz,5.942756,25.0,97
LOND,lond034,Control_202,35.0,CP1,15.23179,25.0,97
LOND,lond034,Control_202,35.0,CP2,5.053101,25.0,97
LOND,lond034,Control_202,35.0,P3,0.8511928,25.0,97
LOND,lond034,Control_202,35.0,P4,3.230573,25.0,97
LOND,lond034,Control_202,35.0,C3,-1.977706,25.0,97
LOND,lond034,Control_202,35.0,C4,4.919865,25.0,97
LOND,lond034,Control_202,35.0,P7,-6.921642,25.0,97
LOND,lond034,Control_202,35.0,P8,-12.98353,25.0,97
LOND,lond034,Control_202,35.0,O1,7.487501,25.0,97
LOND,lond034,Control_202,35.0,O2,4.839354,25.0,97
LOND,lond034,Violation_201,36.0,Pz,7.643242,27.0,97
LOND,lond034,Violation_201,36.0,Cz,3.42563,27.0,97
LOND,lond034,Violation_201,36.0,CP1,2.304467,27.0,97
LOND,lond034,Violation_201,36.0,CP2,4.017956,27.0,97
LOND,lond034,Violation_201,36.0,P3,11.84691,27.0,97
LOND,lond034,Violation_201,36.0,P4,9.844059,27.0,97
LOND,lond034,Violation_201,36.0,C3,4.559841,27.0,97
LOND,lond034,Violation_201,36.0,C4,-0.9202341,27.0,97
LOND,lond034,Violation_201,36.0,P7,-4.252794,27.0,97
LOND,lond034,Violation_201,36.0,P8,22.23564,27.0,97
LOND,lond034,Violation_201,36.0,O1,22.35157,27.0,97
LOND,lond034,Violation_201,36.0,O2,9.616554,27.0,97
LOND,lond034,Violation_201,24.0,Pz,-4.972338,23.0,93
LOND,lond034,Violation_201,24.0,Cz,5.81076,23.0,93
LOND,lond034,Violation_201,24.0,CP1,2.831847,23.0,93
LOND,lond034,Violation_201,24.0,CP2,5.573005,23.0,93
LOND,lond034,Violation_201,24.0,P3,-1.39961,23.0,93
LOND,lond034,Violation_201,24.0,P4,-9.870738,23.0,93
LOND,lond034,Violation_201,24.0,C3,-1.638584,23.0,93
LOND,lond034,Violation_201,24.0,C4,-10.25703,23.0,93
LOND,lond034,Violation_201,24.0,P7,-20.36756,23.0,93
LOND,lond034,Violation_201,24.0,P8,-19.60026,23.0,93
LOND,lond034,Violation_201,24.0,O1,-13.76283,23.0,93
LOND,lond034,Violation_201,24.0,O2,-7.500494,23.0,93
LOND,lond034,Control_202,27.0,Pz,14.20475,22.0,53
LOND,lond034,Control_202,27.0,Cz,6.387941,22.0,53
LOND,lond034,Control_202,27.0,CP1,2.66796,22.0,53
LOND,lond034,Control_202,27.0,CP2,8.726828,22.0,53
LOND,lond034,Control_202,27.0,P3,5.838149,22.0,53
LOND,lond034,Control_202,27.0,P4,12.03454,22.0,53
LOND,lond034,Control_202,27.0,C3,10.85078,22.0,53
LOND,lond034,Control_202,27.0,C4,13.76962,22.0,53
LOND,lond034,Control_202,27.0,P7,30.09422,22.0,53
LOND,lond034,Control_202,27.0,P8,21.94817,22.0,53
LOND,lond034,Control_202,27.0,O1,24.80924,22.0,53
LOND,lond034,Control_202,27.0,O2,43.01904,22.0,53
LOND,lond034,Control_202,31.0,Pz,-21.80682,30.0,90
LOND,lond034,Control_202,31.0,Cz,-29.1386,30.0,90
LOND,lond034,Control_202,31.0,CP1,-31.37788,30.0,90
LOND,lond034,Control_202,31.0,CP2,-24.39596,30.0,90
LOND,lond034,Control_202,31.0,P3,-15.5597,30.0,90
LOND,lond034,Control_202,31.0,P4,-7.780674,30.0,90
LOND,lond034,Control_202,31.0,C3,-19.17224,30.0,90
LOND,lond034,Control_202,31.0,C4,-8.792017,30.0,90
LOND,lond034,Control_202,31.0,P7,-41.72598,30.0,90
LOND,lond034,Control_202,31.0,P8,-28.91625,30.0,90
LOND,lond034,Control_202,31.0,O1,-14.65394,30.0,90
LOND,lond034,Control_202,31.0,O2,-28.43414,30.0,90
LOND,lond034,Violation_201,28.0,Pz,-14.03574,26.0,87
LOND,lond034,Violation_201,28.0,Cz,-2.726393,26.0,87
LOND,lond034,Violation_201,28.0,CP1,-7.760762,26.0,87
LOND,lond034,Violation_201,28.0,CP2,-16.4325,26.0,87
LOND,lond034,Violation_201,28.0,P3,-26.70335,26.0,87
LOND,lond034,Violation_201,28.0,P4,-4.305174,26.0,87
LOND,lond034,Violation_201,28.0,C3,-11.39441,26.0,87
LOND,lond034,Violation_201,28.0,C4,10.18373,26.0,87
LOND,lond034,Violation_201,28.0,P7,-19.05991,26.0,87
LOND,lond034,Violation_201,28.0,P8,8.300899,26.0,87
LOND,lond034,Violation_201,28.0,O1,-13.47991,26.0,87
LOND,lond034,Violation_201,28.0,O2,-10.29967,26.0,87
LOND,lond034,Violation_201,40.0,Pz,17.13856,40.0,93
LOND,lond034,Violation_201,40.0,Cz,-2.82681,40.0,93
LOND,lond034,Violation_201,40.0,CP1,1.892311,40.0,93
LOND,lond034,Violation_201,40.0,CP2,19.36763,40.0,93
LOND,lond034,Violation_201,40.0,P3,17.0652,40.0,93
LOND,lond034,Violation_201,40.0,P4,28.92598,40.0,93
LOND,lond034,Violation_201,40.0,C3,16.59856,40.0,93
LOND,lond034,Violation_201,40.0,C4,28.07121,40.0,93
LOND,lond034,Violation_201,40.0,P7,9.146739,40.0,93
LOND,lond034,Violation_201,40.0,P8,28.31184,40.0,93
LOND,lond034,Violation_201,40.0,O1,31.18642,40.0,93
LOND,lond034,Violation_201,40.0,O2,25.25666,40.0,93
LOND,lond034,Control_202,47.0,Pz,14.29196,42.0,37
LOND,lond034,Control_202,47.0,Cz,7.444162,42.0,37
LOND,lond034,Control_202,47.0,CP1,10.56756,42.0,37
LOND,lond034,Control_202,47.0,CP2,10.73583,42.0,37
LOND,lond034,Control_202,47.0,P3,19.11027,42.0,37
LOND,lond034,Control_202,47.0,P4,2.898999,42.0,37
LOND,lond034,Control_202,47.0,C3,10.31962,42.0,37
LOND,lond034,Control_202,47.0,C4,9.150629,42.0,37
LOND,lond034,Control_202,47.0,P7,1.220389,42.0,37
LOND,lond034,Control_202,47.0,P8,-10.44514,42.0,37
LOND,lond034,Control_202,47.0,O1,-4.762264,42.0,37
LOND,lond034,Control_202,47.0,O2,8.851233,42.0,37
LOND,lond034,Control_202,55.0,Pz,11.31471,56.0,93
LOND,lond034,Control_202,55.0,Cz,2.89661,56.0,93
LOND,lond034,Control_202,55.0,CP1,-6.502239,56.0,93
LOND,lond034,Control_202,55.0,CP2,7.495917,56.0,93
LOND,lond034,Control_202,55.0,P3,17.66979,56.0,93
LOND,lond034,Control_202,55.0,P4,12.89902,56.0,93
LOND,lond034,Control_202,55.0,C3,9.442357,56.0,93
LOND,lond034,Control_202,55.0,C4,19.88914,56.0,93
LOND,lond034,Control_202,55.0,P7,21.33739,56.0,93
LOND,lond034,Control_202,55.0,P8,16.4361,56.0,93
LOND,lond034,Control_202,55.0,O1,24.42386,56.0,93
LOND,lond034,Control_202,55.0,O2,26.96956,56.0,93
LOND,lond034,Control_202,59.0,Pz,9.074295,43.0,93
LOND,lond034,Control_202,59.0,Cz,11.09022,43.0,93
LOND,lond034,Control_202,59.0,CP1,-3.318722,43.0,93
LOND,lond034,Control_202,59.0,CP2,9.628347,43.0,93
LOND,lond034,Control_202,59.0,P3,-4.957688,43.0,93
LOND,lond034,Control_202,59.0,P4,1.673791,43.0,93
LOND,lond034,Control_202,59.0,C3,7.994804,43.0,93
LOND,lond034,Control_202,59.0,C4,19.27798,43.0,93
LOND,lond034,Control_202,59.0,P7,-16.03082,43.0,93
LOND,lond034,Control_202,59.0,P8,-10.87557,43.0,93
LOND,lond034,Control_202,59.0,O1,-15.25288,43.0,93
LOND,lond034,Control_202,59.0,O2,-12.93173,43.0,93
LOND,lond034,Control_202,51.0,Pz,-0.3352632,46.0,63
LOND,lond034,Control_202,51.0,Cz,2.696537,46.0,63
LOND,lond034,Control_202,51.0,CP1,16.68996,46.0,63
LOND,lond034,Control_202,51.0,CP2,-3.94362,46.0,63
LOND,lond034,Control_202,51.0,P3,-4.171361,46.0,63
LOND,lond034,Control_202,51.0,P4,10.32371,46.0,63
LOND,lond034,Control_202,51.0,C3,-5.148123,46.0,63
LOND,lond034,Control_202,51.0,C4,-13.20346,46.0,63
LOND,lond034,Control_202,51.0,P7,5.815853,46.0,63
LOND,lond034,Control_202,51.0,P8,9.281117,46.0,63
LOND,lond034,Control_202,51.0,O1,20.23545,46.0,63
LOND,lond034,Control_202,51.0,O2,-6.768018,46.0,63
LOND,lond034,Violation_201,52.0,Pz,3.198369,54.0,77
LOND,lond034,Violation_201,52.0,Cz,-1.504359,54.0,77
LOND,lond034,Violation_201,52.0,CP1,5.693474,54.0,77
LOND,lond034,Violation_201,52.0,CP2,-0.7759353,54.0,77
LOND,lond034,Violation_201,52.0,P3,6.708512,54.0,77
LOND,lond034,Violation_201,52.0,P4,4.675414,54.0,77
LOND,lond034,Violation_201,52.0,C3,11.9473,54.0,77
LOND,lond034,Violation_201,52.0,C4,3.3182,54.0,77
LOND,lond034,Violation_201,52.0,P7,21.96862,54.0,77
LOND,lond034,Violation_201,52.0,P8,-0.3891283,54.0,77
LOND,lond034,Violation_201,52.0,O1,5.550285,54.0,77
LOND,lond034,Violation_201,52.0,O2,8.683939,54.0,77
LOND,lond034,Violation_201,60.0,Pz,4.264596,44.0,90
LOND,lond034,Violation_201,60.0,Cz,-2.800758,44.0,90
LOND,lond034,Violation_201,60.0,CP1,9.583277,44.0,90
LOND,lond034,Violation_201,60.0,CP2,0.7955531,44.0,90
LOND,lond034,Violation_201,60.0,P3,12.10017,44.0,90
LOND,lond034,Violation_201,60.0,P4,-4.671515,44.0,90
LOND,lond034,Violation_201,60.0,C3,2.630545,44.0,90
LOND,lond034,Violation_201,60.0,C4,-3.446382,44.0,90
LOND,lond034,Violation_201,60.0,P7,0.5977644,44.0,90
LOND,lond034,Violation_201,60.0,P8,3.062231,44.0,90
LOND,lond034,Violation_201,60.0,O1,-2.196604,44.0,90
LOND,lond034,Violation_201,60.0,O2,-4.166831,44.0,90
LOND,lond034,Violation_201,56.0,Pz,1.901667,48.0,87
LOND,lond034,Violation_201,56.0,Cz,-0.2117107,48.0,87
LOND,lond034,Violation_201,56.0,CP1,1.511656,48.0,87
LOND,lond034,Violation_201,56.0,CP2,-4.12003,48.0,87
LOND,lond034,Violation_201,56.0,P3,17.69125,48.0,87
LOND,lond034,Violation_201,56.0,P4,12.97037,48.0,87
LOND,lond034,Violation_201,56.0,C3,10.28942,48.0,87
LOND,lond034,Violation_201,56.0,C4,4.505795,48.0,87
LOND,lond034,Violation_201,56.0,P7,23.81786,48.0,87
LOND,lond034,Violation_201,56.0,P8,19.95885,48.0,87
LOND,lond034,Violation_201,56.0,O1,6.843012,48.0,87
LOND,lond034,Violation_201,56.0,O2,22.70433,48.0,87
LOND,lond034,Violation_201,48.0,Pz,-5.422525,57.0,69
LOND,lond034,Violation_201,48.0,Cz,-10.36771,57.0,69
LOND,lond034,Violation_201,48.0,CP1,-13.01885,57.0,69
LOND,lond034,Violation_201,48.0,CP2,-7.148554,57.0,69
LOND,lond034,Violation_201,48.0,P3,7.657227,57.0,69
LOND,lond034,Violation_201,48.0,P4,2.447292,57.0,69
LOND,lond034,Violation_201,48.0,C3,-10.10932,57.0,69
LOND,lond034,Violation_201,48.0,C4,-21.78089,57.0,69
LOND,lond034,Violation_201,48.0,P7,12.88882,57.0,69
LOND,lond034,Violation_201,48.0,P8,-2.056358,57.0,69
LOND,lond034,Violation_201,48.0,O1,-3.75016,57.0,69
LOND,lond034,Violation_201,48.0,O2,3.355444,57.0,69
LOND,lond034,Violation_201,43.0,Pz,13.39522,55.0,93
LOND,lond034,Violation_201,43.0,Cz,12.31488,55.0,93
LOND,lond034,Violation_201,43.0,CP1,14.25432,55.0,93
LOND,lond034,Violation_201,43.0,CP2,11.56761,55.0,93
LOND,lond034,Violation_201,43.0,P3,14.94837,55.0,93
LOND,lond034,Violation_201,43.0,P4,2.234916,55.0,93
LOND,lond034,Violation_201,43.0,C3,15.80232,55.0,93
LOND,lond034,Violation_201,43.0,C4,25.20873,55.0,93
LOND,lond034,Violation_201,43.0,P7,13.40379,55.0,93
LOND,lond034,Violation_201,43.0,P8,8.032292,55.0,93
LOND,lond034,Violation_201,43.0,O1,2.729146,55.0,93
LOND,lond034,Violation_201,43.0,O2,-13.69913,55.0,93
LOND,lond034,Control_202,44.0,Pz,7.304427,59.0,73
LOND,lond034,Control_202,44.0,Cz,7.158066,59.0,73
LOND,lond034,Control_202,44.0,CP1,-0.2006507,59.0,73
LOND,lond034,Control_202,44.0,CP2,1.823833,59.0,73
LOND,lond034,Control_202,44.0,P3,8.279121,59.0,73
LOND,lond034,Control_202,44.0,P4,7.049249,59.0,73
LOND,lond034,Control_202,44.0,C3,3.030976,59.0,73
LOND,lond034,Control_202,44.0,C4,12.73815,59.0,73
LOND,lond034,Control_202,44.0,P7,1.519497,59.0,73
LOND,lond034,Control_202,44.0,P8,-13.18472,59.0,73
LOND,lond034,Control_202,44.0,O1,6.272727,59.0,73
LOND,lond034,Control_202,44.0,O2,7.558398,59.0,73
LOND,lond034,Control_202,75.0,Pz,4.446011,63.0,83
LOND,lond034,Control_202,75.0,Cz,6.620378,63.0,83
LOND,lond034,Control_202,75.0,CP1,3.994051,63.0,83
LOND,lond034,Control_202,75.0,CP2,1.728091,63.0,83
LOND,lond034,Control_202,75.0,P3,-3.74534,63.0,83
LOND,lond034,Control_202,75.0,P4,3.124454,63.0,83
LOND,lond034,Control_202,75.0,C3,1.73439,63.0,83
LOND,lond034,Control_202,75.0,C4,-4.681956,63.0,83
LOND,lond034,Control_202,75.0,P7,-8.537478,63.0,83
LOND,lond034,Control_202,75.0,P8,3.42414,63.0,83
LOND,lond034,Control_202,75.0,O1,12.73869,63.0,83
LOND,lond034,Control_202,75.0,O2,-3.140582,63.0,83
LOND,lond034,Violation_201,72.0,Pz,0.8717381,76.0,90
LOND,lond034,Violation_201,72.0,Cz,-7.550858,76.0,90
LOND,lond034,Violation_201,72.0,CP1,-8.283715,76.0,90
LOND,lond034,Violation_201,72.0,CP2,2.57831,76.0,90
LOND,lond034,Violation_201,72.0,P3,-0.8720527,76.0,90
LOND,lond034,Violation_201,72.0,P4,13.09056,76.0,90
LOND,lond034,Violation_201,72.0,C3,3.896967,76.0,90
LOND,lond034,Violation_201,72.0,C4,4.462946,76.0,90
LOND,lond034,Violation_201,72.0,P7,20.04077,76.0,90
LOND,lond034,Violation_201,72.0,P8,2.012858,76.0,90
LOND,lond034,Violation_201,72.0,O1,10.35101,76.0,90
LOND,lond034,Violation_201,72.0,O2,6.63642,76.0,90
LOND,lond034,Control_202,79.0,Pz,18.22255,77.0,100
LOND,lond034,Control_202,79.0,Cz,19.21175,77.0,100
LOND,lond034,Control_202,79.0,CP1,13.42498,77.0,100
LOND,lond034,Control_202,79.0,CP2,18.36504,77.0,100
LOND,lond034,Control_202,79.0,P3,12.69273,77.0,100
LOND,lond034,Control_202,79.0,P4,17.64768,77.0,100
LOND,lond034,Control_202,79.0,C3,22.16767,77.0,100
LOND,lond034,Control_202,79.0,C4,-2.53972,77.0,100
LOND,lond034,Control_202,79.0,P7,40.78359,77.0,100
LOND,lond034,Control_202,79.0,P8,32.98575,77.0,100
LOND,lond034,Control_202,79.0,O1,22.97676,77.0,100
LOND,lond034,Control_202,79.0,O2,31.46485,77.0,100
LOND,lond034,Violation_201,64.0,Pz,19.29289,72.0,90
LOND,lond034,Violation_201,64.0,Cz,1.582589,72.0,90
LOND,lond034,Violation_201,64.0,CP1,6.369185,72.0,90
LOND,lond034,Violation_201,64.0,CP2,14.48863,72.0,90
LOND,lond034,Violation_201,64.0,P3,19.8861,72.0,90
LOND,lond034,Violation_201,64.0,P4,8.551251,72.0,90
LOND,lond034,Violation_201,64.0,C3,5.781349,72.0,90
LOND,lond034,Violation_201,64.0,C4,5.70114,72.0,90
LOND,lond034,Violation_201,64.0,P7,31.93843,72.0,90
LOND,lond034,Violation_201,64.0,P8,16.9777,72.0,90
LOND,lond034,Violation_201,64.0,O1,11.16305,72.0,90
LOND,lond034,Violation_201,64.0,O2,21.21688,72.0,90
LOND,lond034,Violation_201,76.0,Pz,1.855268,71.0,90
LOND,lond034,Violation_201,76.0,Cz,12.95826,71.0,90
LOND,lond034,Violation_201,76.0,CP1,7.212174,71.0,90
LOND,lond034,Violation_201,76.0,CP2,1.653511,71.0,90
LOND,lond034,Violation_201,76.0,P3,5.866211,71.0,90
LOND,lond034,Violation_201,76.0,P4,-8.685106,71.0,90
LOND,lond034,Violation_201,76.0,C3,2.037587,71.0,90
LOND,lond034,Violation_201,76.0,C4,-3.889151,71.0,90
LOND,lond034,Violation_201,76.0,P7,15.88013,71.0,90
LOND,lond034,Violation_201,76.0,P8,-22.73765,71.0,90
LOND,lond034,Violation_201,76.0,O1,-10.903,71.0,90
LOND,lond034,Violation_201,76.0,O2,1.313389,71.0,90
LOND,lond034,Violation_201,68.0,Pz,11.14022,74.0,93
LOND,lond034,Violation_201,68.0,Cz,16.28182,74.0,93
LOND,lond034,Violation_201,68.0,CP1,19.95186,74.0,93
LOND,lond034,Violation_201,68.0,CP2,11.11542,74.0,93
LOND,lond034,Violation_201,68.0,P3,8.400023,74.0,93
LOND,lond034,Violation_201,68.0,P4,2.229301,74.0,93
LOND,lond034,Violation_201,68.0,C3,5.456148,74.0,93
LOND,lond034,Violation_201,68.0,C4,-5.491257,74.0,93
LOND,lond034,Violation_201,68.0,P7,-8.848866,74.0,93
LOND,lond034,Violation_201,68.0,P8,11.76836,74.0,93
LOND,lond034,Violation_201,68.0,O1,-2.197504,74.0,93
LOND,lond034,Violation_201,68.0,O2,3.590008,74.0,93
LOND,lond034,Control_202,63.0,Pz,-7.594299,70.0,57
LOND,lond034,Control_202,63.0,Cz,-8.817987,70.0,57
LOND,lond034,Control_202,63.0,CP1,-13.65666,70.0,57
LOND,lond034,Control_202,63.0,CP2,-14.72065,70.0,57
LOND,lond034,Control_202,63.0,P3,-15.61802,70.0,57
LOND,lond034,Control_202,63.0,P4,-9.7224,70.0,57
LOND,lond034,Control_202,63.0,C3,-13.01772,70.0,57
LOND,lond034,Control_202,63.0,C4,-22.25562,70.0,57
LOND,lond034,Control_202,63.0,P7,-2.196791,70.0,57
LOND,lond034,Control_202,63.0,P8,-11.18783,70.0,57
LOND,lond034,Control_202,63.0,O1,6.25073,70.0,57
LOND,lond034,Control_202,63.0,O2,-8.49665,70.0,57
LOND,lond034,Control_202,71.0,Pz,-14.26742,64.0,50
LOND,lond034,Control_202,71.0,Cz,-2.287036,64.0,50
LOND,lond034,Control_202,71.0,CP1,-6.880451,64.0,50
LOND,lond034,Control_202,71.0,CP2,-6.190316,64.0,50
LOND,lond034,Control_202,71.0,P3,-11.7227,64.0,50
LOND,lond034,Control_202,71.0,P4,-13.45701,64.0,50
LOND,lond034,Control_202,71.0,C3,-8.687411,64.0,50
LOND,lond034,Control_202,71.0,C4,-3.951877,64.0,50
LOND,lond034,Control_202,71.0,P7,-14.81532,64.0,50
LOND,lond034,Control_202,71.0,P8,-22.82676,64.0,50
LOND,lond034,Control_202,71.0,O1,-20.59867,64.0,50
LOND,lond034,Control_202,71.0,O2,-17.10799,64.0,50
LOND,lond034,Control_202,67.0,Pz,-22.91298,66.0,23
LOND,lond034,Control_202,67.0,Cz,-26.97411,66.0,23
LOND,lond034,Control_202,67.0,CP1,-11.12776,66.0,23
LOND,lond034,Control_202,67.0,CP2,-21.94951,66.0,23
LOND,lond034,Control_202,67.0,P3,-10.95172,66.0,23
LOND,lond034,Control_202,67.0,P4,-34.97027,66.0,23
LOND,lond034,Control_202,67.0,C3,-26.27921,66.0,23
LOND,lond034,Control_202,67.0,C4,-16.35123,66.0,23
LOND,lond034,Control_202,67.0,P7,-42.80023,66.0,23
LOND,lond034,Control_202,67.0,P8,-22.94596,66.0,23
LOND,lond034,Control_202,67.0,O1,-17.02435,66.0,23
LOND,lond034,Control_202,67.0,O2,-28.05547,66.0,23
LOND,lond034,Violation_201,80.0,Pz,-0.5485438,62.0,70
LOND,lond034,Violation_201,80.0,Cz,-2.817063,62.0,70
LOND,lond034,Violation_201,80.0,CP1,-8.754282,62.0,70
LOND,lond034,Violation_201,80.0,CP2,-8.000294,62.0,70
LOND,lond034,Violation_201,80.0,P3,-7.344329,62.0,70
LOND,lond034,Violation_201,80.0,P4,1.607242,62.0,70
LOND,lond034,Violation_201,80.0,C3,2.758443,62.0,70
LOND,lond034,Violation_201,80.0,C4,9.515023,62.0,70
LOND,lond034,Violation_201,80.0,P7,-18.95944,62.0,70
LOND,lond034,Violation_201,80.0,P8,-13.3119,62.0,70
LOND,lond034,Violation_201,80.0,O1,-0.8080843,62.0,70
LOND,lond034,Violation_201,80.0,O2,-10.42294,62.0,70
LOND,lond035,Violation_201,2.0,Pz,-3.340829,2.0,100
LOND,lond035,Violation_201,2.0,Cz,-8.131958,2.0,100
LOND,lond035,Violation_201,2.0,CP1,0.7653282,2.0,100
LOND,lond035,Violation_201,2.0,CP2,-4.506821,2.0,100
LOND,lond035,Violation_201,2.0,P3,1.223587,2.0,100
LOND,lond035,Violation_201,2.0,P4,-3.465078,2.0,100
LOND,lond035,Violation_201,2.0,C3,1.61001,2.0,100
LOND,lond035,Violation_201,2.0,C4,4.925499,2.0,100
LOND,lond035,Violation_201,2.0,P7,0.96221,2.0,100
LOND,lond035,Violation_201,2.0,P8,1.300081,2.0,100
LOND,lond035,Violation_201,2.0,O1,0.0562277,2.0,100
LOND,lond035,Violation_201,2.0,O2,-3.856388,2.0,100
LOND,lond035,Violation_201,6.0,Pz,-17.14616,6.0,100
LOND,lond035,Violation_201,6.0,Cz,-13.73573,6.0,100
LOND,lond035,Violation_201,6.0,CP1,-19.13383,6.0,100
LOND,lond035,Violation_201,6.0,CP2,-19.15377,6.0,100
LOND,lond035,Violation_201,6.0,P3,-13.44264,6.0,100
LOND,lond035,Violation_201,6.0,P4,-14.25505,6.0,100
LOND,lond035,Violation_201,6.0,C3,-15.49076,6.0,100
LOND,lond035,Violation_201,6.0,C4,-15.19752,6.0,100
LOND,lond035,Violation_201,6.0,P7,-8.539357,6.0,100
LOND,lond035,Violation_201,6.0,P8,-14.30433,6.0,100
LOND,lond035,Violation_201,6.0,O1,-10.44697,6.0,100
LOND,lond035,Violation_201,6.0,O2,-17.11221,6.0,100
LOND,lond035,Control_202,17.0,Pz,-0.6064809,18.0,87
LOND,lond035,Control_202,17.0,Cz,-3.893126,18.0,87
LOND,lond035,Control_202,17.0,CP1,-4.993547,18.0,87
LOND,lond035,Control_202,17.0,CP2,8.018185,18.0,87
LOND,lond035,Control_202,17.0,P3,-2.700471,18.0,87
LOND,lond035,Control_202,17.0,P4,-0.8546225,18.0,87
LOND,lond035,Control_202,17.0,C3,-1.298736,18.0,87
LOND,lond035,Control_202,17.0,C4,-5.257213,18.0,87
LOND,lond035,Control_202,17.0,P7,3.086812,18.0,87
LOND,lond035,Control_202,17.0,P8,-1.06239,18.0,87
LOND,lond035,Control_202,17.0,O1,1.174079,18.0,87
LOND,lond035,Control_202,17.0,O2,-1.435099,18.0,87
LOND,lond035,Violation_201,14.0,Pz,4.449506,1.0,97
LOND,lond035,Violation_201,14.0,Cz,11.02468,1.0,97
LOND,lond035,Violation_201,14.0,CP1,5.281914,1.0,97
LOND,lond035,Violation_201,14.0,CP2,9.603916,1.0,97
LOND,lond035,Violation_201,14.0,P3,2.357022,1.0,97
LOND,lond035,Violation_201,14.0,P4,2.787446,1.0,97
LOND,lond035,Violation_201,14.0,C3,5.265435,1.0,97
LOND,lond035,Violation_201,14.0,C4,-6.463234,1.0,97
LOND,lond035,Violation_201,14.0,P7,3.865677,1.0,97
LOND,lond035,Violation_201,14.0,P8,0.1086141,1.0,97
LOND,lond035,Violation_201,14.0,O1,3.393717,1.0,97
LOND,lond035,Violation_201,14.0,O2,4.085105,1.0,97
LOND,lond035,Control_202,9.0,Pz,7.206645,20.0,90
LOND,lond035,Control_202,9.0,Cz,13.09491,20.0,90
LOND,lond035,Control_202,9.0,CP1,8.440742,20.0,90
LOND,lond035,Control_202,9.0,CP2,2.583407,20.0,90
LOND,lond035,Control_202,9.0,P3,11.31643,20.0,90
LOND,lond035,Control_202,9.0,P4,11.79187,20.0,90
LOND,lond035,Control_202,9.0,C3,9.303114,20.0,90
LOND,lond035,Control_202,9.0,C4,28.93097,20.0,90
LOND,lond035,Control_202,9.0,P7,10.3646,20.0,90
LOND,lond035,Control_202,9.0,P8,2.802057,20.0,90
LOND,lond035,Control_202,9.0,O1,9.426799,20.0,90
LOND,lond035,Control_202,9.0,O2,8.390474,20.0,90
LOND,lond035,Control_202,1.0,Pz,10.57165,7.0,80
LOND,lond035,Control_202,1.0,Cz,15.68948,7.0,80
LOND,lond035,Control_202,1.0,CP1,10.35078,7.0,80
LOND,lond035,Control_202,1.0,CP2,10.80633,7.0,80
LOND,lond035,Control_202,1.0,P3,8.663957,7.0,80
LOND,lond035,Control_202,1.0,P4,4.824088,7.0,80
LOND,lond035,Control_202,1.0,C3,13.39432,7.0,80
LOND,lond035,Control_202,1.0,C4,-2.173534,7.0,80
LOND,lond035,Control_202,1.0,P7,9.76965,7.0,80
LOND,lond035,Control_202,1.0,P8,7.043937,7.0,80
LOND,lond035,Control_202,1.0,O1,10.12948,7.0,80
LOND,lond035,Control_202,1.0,O2,10.56218,7.0,80
LOND,lond035,Control_202,13.0,Pz,23.0843,12.0,100
LOND,lond035,Control_202,13.0,Cz,34.22479,12.0,100
LOND,lond035,Control_202,13.0,CP1,27.31049,12.0,100
LOND,lond035,Control_202,13.0,CP2,36.44705,12.0,100
LOND,lond035,Control_202,13.0,P3,24.34529,12.0,100
LOND,lond035,Control_202,13.0,P4,26.21123,12.0,100
LOND,lond035,Control_202,13.0,C3,31.24703,12.0,100
LOND,lond035,Control_202,13.0,C4,45.71711,12.0,100
LOND,lond035,Control_202,13.0,P7,19.38805,12.0,100
LOND,lond035,Control_202,13.0,P8,23.35159,12.0,100
LOND,lond035,Control_202,13.0,O1,20.383,12.0,100
LOND,lond035,Control_202,13.0,O2,22.65613,12.0,100
LOND,lond035,Violation_201,10.0,Pz,-2.130307,14.0,90
LOND,lond035,Violation_201,10.0,Cz,-10.86151,14.0,90
LOND,lond035,Violation_201,10.0,CP1,-2.356266,14.0,90
LOND,lond035,Violation_201,10.0,CP2,-6.650403,14.0,90
LOND,lond035,Violation_201,10.0,P3,-5.495722,14.0,90
LOND,lond035,Violation_201,10.0,P4,-6.269955,14.0,90
LOND,lond035,Violation_201,10.0,C3,-3.76355,14.0,90
LOND,lond035,Violation_201,10.0,C4,-6.929665,14.0,90
LOND,lond035,Violation_201,10.0,P7,-0.5560442,14.0,90
LOND,lond035,Violation_201,10.0,P8,-3.040677,14.0,90
LOND,lond035,Violation_201,10.0,O1,-1.073604,14.0,90
LOND,lond035,Violation_201,10.0,O2,-3.010169,14.0,90
LOND,lond035,Violation_201,18.0,Pz,-3.118848,5.0,93
LOND,lond035,Violation_201,18.0,Cz,-12.46241,5.0,93
LOND,lond035,Violation_201,18.0,CP1,-6.071576,5.0,93
LOND,lond035,Violation_201,18.0,CP2,-3.637793,5.0,93
LOND,lond035,Violation_201,18.0,P3,-3.573572,5.0,93
LOND,lond035,Violation_201,18.0,P4,-2.522559,5.0,93
LOND,lond035,Violation_201,18.0,C3,-5.545703,5.0,93
LOND,lond035,Violation_201,18.0,C4,-0.758361,5.0,93
LOND,lond035,Violation_201,18.0,P7,-6.07806,5.0,93
LOND,lond035,Violation_201,18.0,P8,-7.410306,5.0,93
LOND,lond035,Violation_201,18.0,O1,-1.953742,5.0,93
LOND,lond035,Violation_201,18.0,O2,-2.687204,5.0,93
LOND,lond035,Control_202,5.0,Pz,2.5609,15.0,90
LOND,lond035,Control_202,5.0,Cz,3.288843,15.0,90
LOND,lond035,Control_202,5.0,CP1,1.468923,15.0,90
LOND,lond035,Control_202,5.0,CP2,-0.7717271,15.0,90
LOND,lond035,Control_202,5.0,P3,1.408521,15.0,90
LOND,lond035,Control_202,5.0,P4,2.913142,15.0,90
LOND,lond035,Control_202,5.0,C3,3.285735,15.0,90
LOND,lond035,Control_202,5.0,C4,3.015433,15.0,90
LOND,lond035,Control_202,5.0,P7,3.53072,15.0,90
LOND,lond035,Control_202,5.0,P8,-3.924815,15.0,90
LOND,lond035,Control_202,5.0,O1,3.06449,15.0,90
LOND,lond035,Control_202,5.0,O2,2.306479,15.0,90
LOND,lond035,Control_202,25.0,Pz,5.588367,31.0,77
LOND,lond035,Control_202,25.0,Cz,17.90692,31.0,77
LOND,lond035,Control_202,25.0,CP1,5.109923,31.0,77
LOND,lond035,Control_202,25.0,CP2,0.1263026,31.0,77
LOND,lond035,Control_202,25.0,P3,4.553501,31.0,77
LOND,lond035,Control_202,25.0,P4,2.834247,31.0,77
LOND,lond035,Control_202,25.0,C3,6.099895,31.0,77
LOND,lond035,Control_202,25.0,C4,-3.982597,31.0,77
LOND,lond035,Control_202,25.0,P7,5.314734,31.0,77
LOND,lond035,Control_202,25.0,P8,5.662779,31.0,77
LOND,lond035,Control_202,25.0,O1,4.232613,31.0,77
LOND,lond035,Control_202,25.0,O2,5.693988,31.0,77
LOND,lond035,Control_202,37.0,Pz,-9.814267,35.0,97
LOND,lond035,Control_202,37.0,Cz,-14.57625,35.0,97
LOND,lond035,Control_202,37.0,CP1,-12.05282,35.0,97
LOND,lond035,Control_202,37.0,CP2,-3.155935,35.0,97
LOND,lond035,Control_202,37.0,P3,-8.463981,35.0,97
LOND,lond035,Control_202,37.0,P4,-6.592383,35.0,97
LOND,lond035,Control_202,37.0,C3,-13.28089,35.0,97
LOND,lond035,Control_202,37.0,C4,-16.76516,35.0,97
LOND,lond035,Control_202,37.0,P7,-6.524732,35.0,97
LOND,lond035,Control_202,37.0,P8,-2.002482,35.0,97
LOND,lond035,Control_202,37.0,O1,-8.669744,35.0,97
LOND,lond035,Control_202,37.0,O2,-10.64588,35.0,97
LOND,lond035,Control_202,33.0,Pz,-3.600982,26.0,87
LOND,lond035,Control_202,33.0,Cz,-8.22667,26.0,87
LOND,lond035,Control_202,33.0,CP1,-0.9596085,26.0,87
LOND,lond035,Control_202,33.0,CP2,2.116332,26.0,87
LOND,lond035,Control_202,33.0,P3,-0.5210654,26.0,87
LOND,lond035,Control_202,33.0,P4,-1.48934,26.0,87
LOND,lond035,Control_202,33.0,C3,-0.9888513,26.0,87
LOND,lond035,Control_202,33.0,C4,7.839687,26.0,87
LOND,lond035,Control_202,33.0,P7,-2.6717,26.0,87
LOND,lond035,Control_202,33.0,P8,-1.491244,26.0,87
LOND,lond035,Control_202,33.0,O1,-4.323594,26.0,87
LOND,lond035,Control_202,33.0,O2,-2.94696,26.0,87
LOND,lond035,Violation_201,34.0,Pz,-10.82975,36.0,77
LOND,lond035,Violation_201,34.0,Cz,-14.74247,36.0,77
LOND,lond035,Violation_201,34.0,CP1,-18.45248,36.0,77
LOND,lond035,Violation_201,34.0,CP2,-11.61069,36.0,77
LOND,lond035,Violation_201,34.0,P3,-13.10726,36.0,77
LOND,lond035,Violation_201,34.0,P4,-14.16306,36.0,77
LOND,lond035,Violation_201,34.0,C3,-16.24991,36.0,77
LOND,lond035,Violation_201,34.0,C4,-18.06437,36.0,77
LOND,lond035,Violation_201,34.0,P7,-9.068274,36.0,77
LOND,lond035,Violation_201,34.0,P8,-7.44362,36.0,77
LOND,lond035,Violation_201,34.0,O1,-9.60195,36.0,77
LOND,lond035,Violation_201,34.0,O2,-11.24691,36.0,77
LOND,lond035,Violation_201,30.0,Pz,-18.23092,39.0,97
LOND,lond035,Violation_201,30.0,Cz,-18.2359,39.0,97
LOND,lond035,Violation_201,30.0,CP1,-17.56279,39.0,97
LOND,lond035,Violation_201,30.0,CP2,-23.67213,39.0,97
LOND,lond035,Violation_201,30.0,P3,-15.90148,39.0,97
LOND,lond035,Violation_201,30.0,P4,-16.4568,39.0,97
LOND,lond035,Violation_201,30.0,C3,-12.78714,39.0,97
LOND,lond035,Violation_201,30.0,C4,-14.15497,39.0,97
LOND,lond035,Violation_201,30.0,P7,-12.07434,39.0,97
LOND,lond035,Violation_201,30.0,P8,-18.97569,39.0,97
LOND,lond035,Violation_201,30.0,O1,-15.30385,39.0,97
LOND,lond035,Violation_201,30.0,O2,-17.3246,39.0,97
LOND,lond035,Violation_201,22.0,Pz,2.993371,40.0,93
LOND,lond035,Violation_201,22.0,Cz,4.417945,40.0,93
LOND,lond035,Violation_201,22.0,CP1,4.926967,40.0,93
LOND,lond035,Violation_201,22.0,CP2,8.040525,40.0,93
LOND,lond035,Violation_201,22.0,P3,3.651631,40.0,93
LOND,lond035,Violation_201,22.0,P4,2.774654,40.0,93
LOND,lond035,Violation_201,22.0,C3,2.611528,40.0,93
LOND,lond035,Violation_201,22.0,C4,3.729878,40.0,93
LOND,lond035,Violation_201,22.0,P7,1.529516,40.0,93
LOND,lond035,Violation_201,22.0,P8,3.540177,40.0,93
LOND,lond035,Violation_201,22.0,O1,3.72215,40.0,93
LOND,lond035,Violation_201,22.0,O2,3.733199,40.0,93
LOND,lond035,Violation_201,26.0,Pz,1.595396,23.0,93
LOND,lond035,Violation_201,26.0,Cz,4.861502,23.0,93
LOND,lond035,Violation_201,26.0,CP1,4.752272,23.0,93
LOND,lond035,Violation_201,26.0,CP2,0.9452521,23.0,93
LOND,lond035,Violation_201,26.0,P3,3.055505,23.0,93
LOND,lond035,Violation_201,26.0,P4,0.8801049,23.0,93
LOND,lond035,Violation_201,26.0,C3,5.394166,23.0,93
LOND,lond035,Violation_201,26.0,C4,12.96973,23.0,93
LOND,lond035,Violation_201,26.0,P7,1.019719,23.0,93
LOND,lond035,Violation_201,26.0,P8,15.49613,23.0,93
LOND,lond035,Violation_201,26.0,O1,2.412144,23.0,93
LOND,lond035,Violation_201,26.0,O2,1.484515,23.0,93
LOND,lond035,Violation_201,38.0,Pz,-6.221551,21.0,77
LOND,lond035,Violation_201,38.0,Cz,-7.904333,21.0,77
LOND,lond035,Violation_201,38.0,CP1,-5.359552,21.0,77
LOND,lond035,Violation_201,38.0,CP2,-8.318428,21.0,77
LOND,lond035,Violation_201,38.0,P3,-6.159779,21.0,77
LOND,lond035,Violation_201,38.0,P4,-6.170349,21.0,77
LOND,lond035,Violation_201,38.0,C3,-7.139627,21.0,77
LOND,lond035,Violation_201,38.0,C4,-3.458321,21.0,77
LOND,lond035,Violation_201,38.0,P7,-7.810245,21.0,77
LOND,lond035,Violation_201,38.0,P8,-0.6062641,21.0,77
LOND,lond035,Violation_201,38.0,O1,-6.799787,21.0,77
LOND,lond035,Violation_201,38.0,O2,-5.764113,21.0,77
LOND,lond035,Control_202,21.0,Pz,-10.42747,24.0,93
LOND,lond035,Control_202,21.0,Cz,0.522093,24.0,93
LOND,lond035,Control_202,21.0,CP1,-6.807269,24.0,93
LOND,lond035,Control_202,21.0,CP2,-5.10685,24.0,93
LOND,lond035,Control_202,21.0,P3,-9.327385,24.0,93
LOND,lond035,Control_202,21.0,P4,-9.979136,24.0,93
LOND,lond035,Control_202,21.0,C3,-6.446786,24.0,93
LOND,lond035,Control_202,21.0,C4,-8.221684,24.0,93
LOND,lond035,Control_202,21.0,P7,-7.853362,24.0,93
LOND,lond035,Control_202,21.0,P8,-12.52141,24.0,93
LOND,lond035,Control_202,21.0,O1,-10.01992,24.0,93
LOND,lond035,Control_202,21.0,O2,-10.5701,24.0,93
LOND,lond035,Violation_201,29.0,Pz,1.576243,34.0,97
LOND,lond035,Violation_201,29.0,Cz,3.935221,34.0,97
LOND,lond035,Violation_201,29.0,CP1,2.731598,34.0,97
LOND,lond035,Violation_201,29.0,CP2,8.888851,34.0,97
LOND,lond035,Violation_201,29.0,P3,1.703855,34.0,97
LOND,lond035,Violation_201,29.0,P4,1.963507,34.0,97
LOND,lond035,Violation_201,29.0,C3,0.8739223,34.0,97
LOND,lond035,Violation_201,29.0,C4,16.14639,34.0,97
LOND,lond035,Violation_201,29.0,P7,2.056905,34.0,97
LOND,lond035,Violation_201,29.0,P8,-2.993183,34.0,97
LOND,lond035,Violation_201,29.0,O1,5.202789,34.0,97
LOND,lond035,Violation_201,29.0,O2,1.358897,34.0,97
LOND,lond035,Violation_201,50.0,Pz,-10.87662,59.0,73
LOND,lond035,Violation_201,50.0,Cz,4.067696,59.0,73
LOND,lond035,Violation_201,50.0,CP1,-5.566031,59.0,73
LOND,lond035,Violation_201,50.0,CP2,-13.76303,59.0,73
LOND,lond035,Violation_201,50.0,P3,-11.36407,59.0,73
LOND,lond035,Violation_201,50.0,P4,-16.57146,59.0,73
LOND,lond035,Violation_201,50.0,C3,-4.604911,59.0,73
LOND,lond035,Violation_201,50.0,C4,3.937582,59.0,73
LOND,lond035,Violation_201,50.0,P7,-12.98828,59.0,73
LOND,lond035,Violation_201,50.0,P8,-12.62133,59.0,73
LOND,lond035,Violation_201,50.0,O1,-12.84882,59.0,73
LOND,lond035,Violation_201,50.0,O2,-11.87237,59.0,73
LOND,lond035,Control_202,45.0,Pz,-6.430214,51.0,90
LOND,lond035,Control_202,45.0,Cz,-7.909688,51.0,90
LOND,lond035,Control_202,45.0,CP1,-4.471388,51.0,90
LOND,lond035,Control_202,45.0,CP2,-1.763286,51.0,90
LOND,lond035,Control_202,45.0,P3,-5.388617,51.0,90
LOND,lond035,Control_202,45.0,P4,-5.979939,51.0,90
LOND,lond035,Control_202,45.0,C3,-4.847161,51.0,90
LOND,lond035,Control_202,45.0,C4,9.137009,51.0,90
LOND,lond035,Control_202,45.0,P7,-6.621615,51.0,90
LOND,lond035,Control_202,45.0,P8,2.478503,51.0,90
LOND,lond035,Control_202,45.0,O1,-7.621527,51.0,90
LOND,lond035,Control_202,45.0,O2,-6.022214,51.0,90
LOND,lond035,Control_202,57.0,Pz,9.876126,41.0,100
LOND,lond035,Control_202,57.0,Cz,-1.046961,41.0,100
LOND,lond035,Control_202,57.0,CP1,7.729857,41.0,100
LOND,lond035,Control_202,57.0,CP2,14.01708,41.0,100
LOND,lond035,Control_202,57.0,P3,7.550296,41.0,100
LOND,lond035,Control_202,57.0,P4,5.296591,41.0,100
LOND,lond035,Control_202,57.0,C3,6.683328,41.0,100
LOND,lond035,Control_202,57.0,C4,6.542043,41.0,100
LOND,lond035,Control_202,57.0,P7,8.383849,41.0,100
LOND,lond035,Control_202,57.0,P8,12.54188,41.0,100
LOND,lond035,Control_202,57.0,O1,8.110098,41.0,100
LOND,lond035,Control_202,57.0,O2,9.158342,41.0,100
LOND,lond035,Violation_201,54.0,Pz,-3.551746,53.0,93
LOND,lond035,Violation_201,54.0,Cz,-3.57885,53.0,93
LOND,lond035,Violation_201,54.0,CP1,-5.743284,53.0,93
LOND,lond035,Violation_201,54.0,CP2,2.009704,53.0,93
LOND,lond035,Violation_201,54.0,P3,-2.629671,53.0,93
LOND,lond035,Violation_201,54.0,P4,-4.640744,53.0,93
LOND,lond035,Violation_201,54.0,C3,-4.128795,53.0,93
LOND,lond035,Violation_201,54.0,C4,-4.030139,53.0,93
LOND,lond035,Violation_201,54.0,P7,-2.549389,53.0,93
LOND,lond035,Violation_201,54.0,P8,-1.027835,53.0,93
LOND,lond035,Violation_201,54.0,O1,-0.4167092,53.0,93
LOND,lond035,Violation_201,54.0,O2,-2.945832,53.0,93
LOND,lond035,Violation_201,42.0,Pz,-16.56976,48.0,87
LOND,lond035,Violation_201,42.0,Cz,-12.07647,48.0,87
LOND,lond035,Violation_201,42.0,CP1,-11.46,48.0,87
LOND,lond035,Violation_201,42.0,CP2,-0.5720705,48.0,87
LOND,lond035,Violation_201,42.0,P3,-13.16405,48.0,87
LOND,lond035,Violation_201,42.0,P4,-12.90022,48.0,87
LOND,lond035,Violation_201,42.0,C3,-10.1099,48.0,87
LOND,lond035,Violation_201,42.0,C4,13.46356,48.0,87
LOND,lond035,Violation_201,42.0,P7,-18.28985,48.0,87
LOND,lond035,Violation_201,42.0,P8,-9.948238,48.0,87
LOND,lond035,Violation_201,42.0,O1,-14.70344,48.0,87
LOND,lond035,Violation_201,42.0,O2,-17.12765,48.0,87
LOND,lond035,Control_202,49.0,Pz,-4.411325,42.0,37
LOND,lond035,Control_202,49.0,Cz,-6.530209,42.0,37
LOND,lond035,Control_202,49.0,CP1,-0.767415,42.0,37
LOND,lond035,Control_202,49.0,CP2,-2.271043,42.0,37
LOND,lond035,Control_202,49.0,P3,-0.09850126,42.0,37
LOND,lond035,Control_202,49.0,P4,0.2462227,42.0,37
LOND,lond035,Control_202,49.0,C3,-0.1624887,42.0,37
LOND,lond035,Control_202,49.0,C4,7.607223,42.0,37
LOND,lond035,Control_202,49.0,P7,-4.039586,42.0,37
LOND,lond035,Control_202,49.0,P8,-5.133183,42.0,37
LOND,lond035,Control_202,49.0,O1,-2.889563,42.0,37
LOND,lond035,Control_202,49.0,O2,-4.754187,42.0,37
LOND,lond035,Control_202,53.0,Pz,-15.74156,44.0,90
LOND,lond035,Control_202,53.0,Cz,-19.08609,44.0,90
LOND,lond035,Control_202,53.0,CP1,-13.11386,44.0,90
LOND,lond035,Control_202,53.0,CP2,-22.50439,44.0,90
LOND,lond035,Control_202,53.0,P3,-13.94366,44.0,90
LOND,lond035,Control_202,53.0,P4,-17.18904,44.0,90
LOND,lond035,Control_202,53.0,C3,-13.27277,44.0,90
LOND,lond035,Control_202,53.0,C4,-19.65577,44.0,90
LOND,lond035,Control_202,53.0,P7,-16.63366,44.0,90
LOND,lond035,Control_202,53.0,P8,-8.950812,44.0,90
LOND,lond035,Control_202,53.0,O1,-13.98787,44.0,90
LOND,lond035,Control_202,53.0,O2,-15.91297,44.0,90
LOND,lond035,Violation_201,46.0,Pz,4.391322,54.0,77
LOND,lond035,Violation_201,46.0,Cz,15.74069,54.0,77
LOND,lond035,Violation_201,46.0,CP1,9.159446,54.0,77
LOND,lond035,Violation_201,46.0,CP2,-4.615389,54.0,77
LOND,lond035,Violation_201,46.0,P3,7.538694,54.0,77
LOND,lond035,Violation_201,46.0,P4,4.346523,54.0,77
LOND,lond035,Violation_201,46.0,C3,5.897732,54.0,77
LOND,lond035,Violation_201,46.0,C4,9.065217,54.0,77
LOND,lond035,Violation_201,46.0,P7,1.813751,54.0,77
LOND,lond035,Violation_201,46.0,P8,-1.9299,54.0,77
LOND,lond035,Violation_201,46.0,O1,7.232105,54.0,77
LOND,lond035,Violation_201,46.0,O2,3.312331,54.0,77
LOND,lond035,Control_202,41.0,Pz,-1.063411,50.0,37
LOND,lond035,Control_202,41.0,Cz,-5.122892,50.0,37
LOND,lond035,Control_202,41.0,CP1,-4.840036,50.0,37
LOND,lond035,Control_202,41.0,CP2,-2.650064,50.0,37
LOND,lond035,Control_202,41.0,P3,-1.100056,50.0,37
LOND,lond035,Control_202,41.0,P4,-1.26796,50.0,37
LOND,lond035,Control_202,41.0,C3,-5.554473,50.0,37
LOND,lond035,Control_202,41.0,C4,4.494203,50.0,37
LOND,lond035,Control_202,41.0,P7,3.185219,50.0,37
LOND,lond035,Control_202,41.0,P8,7.753039,50.0,37
LOND,lond035,Control_202,41.0,O1,-0.3523337,50.0,37
LOND,lond035,Control_202,41.0,O2,-0.8663333,50.0,37
LOND,lond035,Violation_201,58.0,Pz,14.87809,43.0,93
LOND,lond035,Violation_201,58.0,Cz,5.512389,43.0,93
LOND,lond035,Violation_201,58.0,CP1,10.7767,43.0,93
LOND,lond035,Violation_201,58.0,CP2,-1.990081,43.0,93
LOND,lond035,Violation_201,58.0,P3,11.94554,43.0,93
LOND,lond035,Violation_201,58.0,P4,13.70194,43.0,93
LOND,lond035,Violation_201,58.0,C3,9.01668,43.0,93
LOND,lond035,Violation_201,58.0,C4,13.21552,43.0,93
LOND,lond035,Violation_201,58.0,P7,10.71897,43.0,93
LOND,lond035,Violation_201,58.0,P8,5.211458,43.0,93
LOND,lond035,Violation_201,58.0,O1,13.32482,43.0,93
LOND,lond035,Violation_201,58.0,O2,14.49173,43.0,93
LOND,lond035,Control_202,73.0,Pz,-11.1962,65.0,93
LOND,lond035,Control_202,73.0,Cz,-20.95957,65.0,93
LOND,lond035,Control_202,73.0,CP1,-15.78591,65.0,93
LOND,lond035,Control_202,73.0,CP2,-20.64038,65.0,93
LOND,lond035,Control_202,73.0,P3,-13.07734,65.0,93
LOND,lond035,Control_202,73.0,P4,-9.37994,65.0,93
LOND,lond035,Control_202,73.0,C3,-14.32277,65.0,93
LOND,lond035,Control_202,73.0,C4,-8.617343,65.0,93
LOND,lond035,Control_202,73.0,P7,-10.27654,65.0,93
LOND,lond035,Control_202,73.0,P8,-1.462685,65.0,93
LOND,lond035,Control_202,73.0,O1,-9.993267,65.0,93
LOND,lond035,Control_202,73.0,O2,-10.74567,65.0,93
LOND,lond035,Violation_201,78.0,Pz,10.38689,66.0,23
LOND,lond035,Violation_201,78.0,Cz,6.297146,66.0,23
LOND,lond035,Violation_201,78.0,CP1,8.186516,66.0,23
LOND,lond035,Violation_201,78.0,CP2,7.352265,66.0,23
LOND,lond035,Violation_201,78.0,P3,10.84421,66.0,23
LOND,lond035,Violation_201,78.0,P4,7.309263,66.0,23
LOND,lond035,Violation_201,78.0,C3,7.425132,66.0,23
LOND,lond035,Violation_201,78.0,C4,35.21581,66.0,23
LOND,lond035,Violation_201,78.0,P7,9.432263,66.0,23
LOND,lond035,Violation_201,78.0,P8,5.397581,66.0,23
LOND,lond035,Violation_201,78.0,O1,10.24574,66.0,23
LOND,lond035,Violation_201,78.0,O2,10.2832,66.0,23
LOND,lond035,Violation_201,70.0,Pz,-14.49799,67.0,87
LOND,lond035,Violation_201,70.0,Cz,-28.48409,67.0,87
LOND,lond035,Violation_201,70.0,CP1,-17.18577,67.0,87
LOND,lond035,Violation_201,70.0,CP2,-21.8722,67.0,87
LOND,lond035,Violation_201,70.0,P3,-14.90398,67.0,87
LOND,lond035,Violation_201,70.0,P4,-20.42234,67.0,87
LOND,lond035,Violation_201,70.0,C3,-18.29196,67.0,87
LOND,lond035,Violation_201,70.0,C4,-12.11994,67.0,87
LOND,lond035,Violation_201,70.0,P7,-9.78998,67.0,87
LOND,lond035,Violation_201,70.0,P8,-25.25063,67.0,87
LOND,lond035,Violation_201,70.0,O1,-13.14006,67.0,87
LOND,lond035,Violation_201,70.0,O2,-14.22869,67.0,87
LOND,lond035,Violation_201,74.0,Pz,4.017017,63.0,83
LOND,lond035,Violation_201,74.0,Cz,-1.752717,63.0,83
LOND,lond035,Violation_201,74.0,CP1,0.8331792,63.0,83
LOND,lond035,Violation_201,74.0,CP2,5.608668,63.0,83
LOND,lond035,Violation_201,74.0,P3,1.645826,63.0,83
LOND,lond035,Violation_201,74.0,P4,2.158768,63.0,83
LOND,lond035,Violation_201,74.0,C3,-0.6767213,63.0,83
LOND,lond035,Violation_201,74.0,C4,-9.549394,63.0,83
LOND,lond035,Violation_201,74.0,P7,-1.547489,63.0,83
LOND,lond035,Violation_201,74.0,P8,4.44697,63.0,83
LOND,lond035,Violation_201,74.0,O1,4.641123,63.0,83
LOND,lond035,Violation_201,74.0,O2,3.529223,63.0,83
LOND,lond035,Violation_201,62.0,Pz,-9.743968,71.0,90
LOND,lond035,Violation_201,62.0,Cz,-16.93716,71.0,90
LOND,lond035,Violation_201,62.0,CP1,-12.61858,71.0,90
LOND,lond035,Violation_201,62.0,CP2,-11.39121,71.0,90
LOND,lond035,Violation_201,62.0,P3,-9.467546,71.0,90
LOND,lond035,Violation_201,62.0,P4,-9.15151,71.0,90
LOND,lond035,Violation_201,62.0,C3,-15.60986,71.0,90
LOND,lond035,Violation_201,62.0,C4,-16.94161,71.0,90
LOND,lond035,Violation_201,62.0,P7,-12.60889,71.0,90
LOND,lond035,Violation_201,62.0,P8,-8.817476,71.0,90
LOND,lond035,Violation_201,62.0,O1,-10.06086,71.0,90
LOND,lond035,Violation_201,62.0,O2,-10.19538,71.0,90
LOND,lond035,Control_202,77.0,Pz,1.697341,79.0,97
LOND,lond035,Control_202,77.0,Cz,8.277152,79.0,97
LOND,lond035,Control_202,77.0,CP1,7.973833,79.0,97
LOND,lond035,Control_202,77.0,CP2,13.25946,79.0,97
LOND,lond035,Control_202,77.0,P3,4.596234,79.0,97
LOND,lond035,Control_202,77.0,P4,3.085909,79.0,97
LOND,lond035,Control_202,77.0,C3,10.11805,79.0,97
LOND,lond035,Control_202,77.0,C4,27.65434,79.0,97
LOND,lond035,Control_202,77.0,P7,2.676019,79.0,97
LOND,lond035,Control_202,77.0,P8,-1.728616,79.0,97
LOND,lond035,Control_202,77.0,O1,1.116587,79.0,97
LOND,lond035,Control_202,77.0,O2,0.642247,79.0,97
LOND,lond035,Control_202,65.0,Pz,3.622375,70.0,57
LOND,lond035,Control_202,65.0,Cz,-2.381774,70.0,57
LOND,lond035,Control_202,65.0,CP1,5.842635,70.0,57
LOND,lond035,Control_202,65.0,CP2,-19.36044,70.0,57
LOND,lond035,Control_202,65.0,P3,2.888308,70.0,57
LOND,lond035,Control_202,65.0,P4,1.736156,70.0,57
LOND,lond035,Control_202,65.0,C3,4.191881,70.0,57
LOND,lond035,Control_202,65.0,C4,-3.478177,70.0,57
LOND,lond035,Control_202,65.0,P7,0.5792593,70.0,57
LOND,lond035,Control_202,65.0,P8,-5.891393,70.0,57
LOND,lond035,Control_202,65.0,O1,2.433332,70.0,57
LOND,lond035,Control_202,65.0,O2,2.88961,70.0,57
LOND,lond035,Violation_201,66.0,Pz,-1.701686,74.0,93
LOND,lond035,Violation_201,66.0,Cz,7.146493,74.0,93
LOND,lond035,Violation_201,66.0,CP1,1.385314,74.0,93
LOND,lond035,Violation_201,66.0,CP2,-3.518085,74.0,93
LOND,lond035,Violation_201,66.0,P3,-1.541925,74.0,93
LOND,lond035,Violation_201,66.0,P4,-2.979051,74.0,93
LOND,lond035,Violation_201,66.0,C3,-0.621726,74.0,93
LOND,lond035,Violation_201,66.0,C4,-0.797332,74.0,93
LOND,lond035,Violation_201,66.0,P7,-5.18134,74.0,93
LOND,lond035,Violation_201,66.0,P8,4.286077,74.0,93
LOND,lond035,Violation_201,66.0,O1,-1.018656,74.0,93
LOND,lond035,Violation_201,66.0,O2,-2.035402,74.0,93
LOND,lond035,Control_202,69.0,Pz,-2.594969,62.0,70
LOND,lond035,Control_202,69.0,Cz,-3.119511,62.0,70
LOND,lond035,Control_202,69.0,CP1,-2.298207,62.0,70
LOND,lond035,Control_202,69.0,CP2,-22.04033,62.0,70
LOND,lond035,Control_202,69.0,P3,-0.4998566,62.0,70
LOND,lond035,Control_202,69.0,P4,-8.185863,62.0,70
LOND,lond035,Control_202,69.0,C3,-3.871904,62.0,70
LOND,lond035,Control_202,69.0,C4,-10.07719,62.0,70
LOND,lond035,Control_202,69.0,P7,2.441748,62.0,70
LOND,lond035,Control_202,69.0,P8,-13.86066,62.0,70
LOND,lond035,Control_202,69.0,O1,1.351346,62.0,70
LOND,lond035,Control_202,69.0,O2,-3.370275,62.0,70
LOND,lond035,Control_202,61.0,Pz,-9.007187,68.0,27
LOND,lond035,Control_202,61.0,Cz,2.406543,68.0,27
LOND,lond035,Control_202,61.0,CP1,-3.782898,68.0,27
LOND,lond035,Control_202,61.0,CP2,5.436301,68.0,27
LOND,lond035,Control_202,61.0,P3,-4.381373,68.0,27
LOND,lond035,Control_202,61.0,P4,-5.485052,68.0,27
LOND,lond035,Control_202,61.0,C3,-2.79403,68.0,27
LOND,lond035,Control_202,61.0,C4,11.34897,68.0,27
LOND,lond035,Control_202,61.0,P7,-7.736383,68.0,27
LOND,lond035,Control_202,61.0,P8,-11.96555,68.0,27
LOND,lond035,Control_202,61.0,O1,-7.630653,68.0,27
LOND,lond035,Control_202,61.0,O2,-8.024943,68.0,27
LOND,lond036,Control_202,19.0,Pz,11.60425,7.0,80
LOND,lond036,Control_202,19.0,Cz,14.36593,7.0,80
LOND,lond036,Control_202,19.0,CP1,11.64288,7.0,80
LOND,lond036,Control_202,19.0,CP2,9.119918,7.0,80
LOND,lond036,Control_202,19.0,P3,6.613712,7.0,80
LOND,lond036,Control_202,19.0,P4,20.95102,7.0,80
LOND,lond036,Control_202,19.0,C3,3.55601,7.0,80
LOND,lond036,Control_202,19.0,C4,11.77368,7.0,80
LOND,lond036,Control_202,19.0,P7,-5.477212,7.0,80
LOND,lond036,Control_202,19.0,P8,11.11285,7.0,80
LOND,lond036,Control_202,19.0,O1,5.209446,7.0,80
LOND,lond036,Control_202,19.0,O2,6.104747,7.0,80
LOND,lond036,Violation_201,20.0,Pz,12.86259,17.0,62
LOND,lond036,Violation_201,20.0,Cz,9.448485,17.0,62
LOND,lond036,Violation_201,20.0,CP1,8.548024,17.0,62
LOND,lond036,Violation_201,20.0,CP2,10.70654,17.0,62
LOND,lond036,Violation_201,20.0,P3,35.50436,17.0,62
LOND,lond036,Violation_201,20.0,P4,16.18937,17.0,62
LOND,lond036,Violation_201,20.0,C3,21.82813,17.0,62
LOND,lond036,Violation_201,20.0,C4,8.625372,17.0,62
LOND,lond036,Violation_201,20.0,P7,18.62634,17.0,62
LOND,lond036,Violation_201,20.0,P8,12.58266,17.0,62
LOND,lond036,Violation_201,20.0,O1,15.34762,17.0,62
LOND,lond036,Violation_201,20.0,O2,12.10608,17.0,62
LOND,lond036,Control_202,15.0,Pz,-9.133924,14.0,90
LOND,lond036,Control_202,15.0,Cz,-6.662359,14.0,90
LOND,lond036,Control_202,15.0,CP1,-8.800013,14.0,90
LOND,lond036,Control_202,15.0,CP2,-6.787594,14.0,90
LOND,lond036,Control_202,15.0,P3,-14.369,14.0,90
LOND,lond036,Control_202,15.0,P4,-4.306962,14.0,90
LOND,lond036,Control_202,15.0,C3,5.283865,14.0,90
LOND,lond036,Control_202,15.0,C4,1.394376,14.0,90
LOND,lond036,Control_202,15.0,P7,-6.554016,14.0,90
LOND,lond036,Control_202,15.0,P8,3.97089,14.0,90
LOND,lond036,Control_202,15.0,O1,-23.40935,14.0,90
LOND,lond036,Control_202,15.0,O2,-5.074127,14.0,90
LOND,lond036,Control_202,11.0,Pz,1.238223,5.0,93
LOND,lond036,Control_202,11.0,Cz,6.849916,5.0,93
LOND,lond036,Control_202,11.0,CP1,6.298356,5.0,93
LOND,lond036,Control_202,11.0,CP2,8.338612,5.0,93
LOND,lond036,Control_202,11.0,P3,8.428754,5.0,93
LOND,lond036,Control_202,11.0,P4,-0.4414893,5.0,93
LOND,lond036,Control_202,11.0,C3,4.763705,5.0,93
LOND,lond036,Control_202,11.0,C4,6.160808,5.0,93
LOND,lond036,Control_202,11.0,P7,10.71103,5.0,93
LOND,lond036,Control_202,11.0,P8,-2.634753,5.0,93
LOND,lond036,Control_202,11.0,O1,0.005657494,5.0,93
LOND,lond036,Control_202,11.0,O2,-0.6006079,5.0,93
LOND,lond036,Violation_201,8.0,Pz,-16.44226,16.0,93
LOND,lond036,Violation_201,8.0,Cz,-10.04364,16.0,93
LOND,lond036,Violation_201,8.0,CP1,-15.15124,16.0,93
LOND,lond036,Violation_201,8.0,CP2,-18.537,16.0,93
LOND,lond036,Violation_201,8.0,P3,-15.8425,16.0,93
LOND,lond036,Violation_201,8.0,P4,-19.93736,16.0,93
LOND,lond036,Violation_201,8.0,C3,-17.75666,16.0,93
LOND,lond036,Violation_201,8.0,C4,-18.1639,16.0,93
LOND,lond036,Violation_201,8.0,P7,-16.20853,16.0,93
LOND,lond036,Violation_201,8.0,P8,-9.868131,16.0,93
LOND,lond036,Violation_201,8.0,O1,-10.62082,16.0,93
LOND,lond036,Violation_201,8.0,O2,4.644776,16.0,93
LOND,lond036,Violation_201,16.0,Pz,5.339817,12.0,100
LOND,lond036,Violation_201,16.0,Cz,0.9577758,12.0,100
LOND,lond036,Violation_201,16.0,CP1,12.02955,12.0,100
LOND,lond036,Violation_201,16.0,CP2,10.58436,12.0,100
LOND,lond036,Violation_201,16.0,P3,14.05997,12.0,100
LOND,lond036,Violation_201,16.0,P4,16.56317,12.0,100
LOND,lond036,Violation_201,16.0,C3,-1.188628,12.0,100
LOND,lond036,Violation_201,16.0,C4,22.49176,12.0,100
LOND,lond036,Violation_201,16.0,P7,11.47933,12.0,100
LOND,lond036,Violation_201,16.0,P8,10.67606,12.0,100
LOND,lond036,Violation_201,16.0,O1,14.62247,12.0,100
LOND,lond036,Violation_201,16.0,O2,12.12923,12.0,100
LOND,lond036,Violation_201,4.0,Pz,0.3953398,11.0,87
LOND,lond036,Violation_201,4.0,Cz,0.4045303,11.0,87
LOND,lond036,Violation_201,4.0,CP1,7.468062,11.0,87
LOND,lond036,Violation_201,4.0,CP2,7.006177,11.0,87
LOND,lond036,Violation_201,4.0,P3,-1.638977,11.0,87
LOND,lond036,Violation_201,4.0,P4,-1.188401,11.0,87
LOND,lond036,Violation_201,4.0,C3,-1.383914,11.0,87
LOND,lond036,Violation_201,4.0,C4,7.173656,11.0,87
LOND,lond036,Violation_201,4.0,P7,3.397533,11.0,87
LOND,lond036,Violation_201,4.0,P8,6.092864,11.0,87
LOND,lond036,Violation_201,4.0,O1,9.562814,11.0,87
LOND,lond036,Violation_201,4.0,O2,8.825629,11.0,87
LOND,lond036,Violation_201,12.0,Pz,1.433217,1.0,97
LOND,lond036,Violation_201,12.0,Cz,-8.433814,1.0,97
LOND,lond036,Violation_201,12.0,CP1,2.229616,1.0,97
LOND,lond036,Violation_201,12.0,CP2,-7.304657,1.0,97
LOND,lond036,Violation_201,12.0,P3,-1.06629,1.0,97
LOND,lond036,Violation_201,12.0,P4,-15.30277,1.0,97
LOND,lond036,Violation_201,12.0,C3,-3.21031,1.0,97
LOND,lond036,Violation_201,12.0,C4,3.148021,1.0,97
LOND,lond036,Violation_201,12.0,P7,0.130368,1.0,97
LOND,lond036,Violation_201,12.0,P8,2.773388,1.0,97
LOND,lond036,Violation_201,12.0,O1,0.04410872,1.0,97
LOND,lond036,Violation_201,12.0,O2,5.378651,1.0,97
LOND,lond036,Control_202,3.0,Pz,5.205253,15.0,90
LOND,lond036,Control_202,3.0,Cz,3.680642,15.0,90
LOND,lond036,Control_202,3.0,CP1,7.364748,15.0,90
LOND,lond036,Control_202,3.0,CP2,3.246947,15.0,90
LOND,lond036,Control_202,3.0,P3,-5.4795,15.0,90
LOND,lond036,Control_202,3.0,P4,4.080596,15.0,90
LOND,lond036,Control_202,3.0,C3,-1.020448,15.0,90
LOND,lond036,Control_202,3.0,C4,9.752371,15.0,90
LOND,lond036,Control_202,3.0,P7,3.272393,15.0,90
LOND,lond036,Control_202,3.0,P8,-9.346365,15.0,90
LOND,lond036,Control_202,3.0,O1,0.9828598,15.0,90
LOND,lond036,Control_202,3.0,O2,-3.327766,15.0,90
LOND,lond036,Control_202,7.0,Pz,-2.362449,8.0,97
LOND,lond036,Control_202,7.0,Cz,-0.9398594,8.0,97
LOND,lond036,Control_202,7.0,CP1,0.06003534,8.0,97
LOND,lond036,Control_202,7.0,CP2,2.365325,8.0,97
LOND,lond036,Control_202,7.0,P3,7.060852,8.0,97
LOND,lond036,Control_202,7.0,P4,-12.15312,8.0,97
LOND,lond036,Control_202,7.0,C3,-4.922405,8.0,97
LOND,lond036,Control_202,7.0,C4,-10.80582,8.0,97
LOND,lond036,Control_202,7.0,P7,-9.068324,8.0,97
LOND,lond036,Control_202,7.0,P8,-5.52035,8.0,97
LOND,lond036,Control_202,7.0,O1,-27.45755,8.0,97
LOND,lond036,Control_202,7.0,O2,-2.62515,8.0,97
LOND,lond036,Control_202,23.0,Pz,-11.28793,40.0,93
LOND,lond036,Control_202,23.0,Cz,2.000708,40.0,93
LOND,lond036,Control_202,23.0,CP1,-12.2852,40.0,93
LOND,lond036,Control_202,23.0,CP2,1.587538,40.0,93
LOND,lond036,Control_202,23.0,P3,-14.37699,40.0,93
LOND,lond036,Control_202,23.0,P4,-8.242259,40.0,93
LOND,lond036,Control_202,23.0,C3,-5.580384,40.0,93
LOND,lond036,Control_202,23.0,C4,-3.069438,40.0,93
LOND,lond036,Control_202,23.0,P7,-13.75833,40.0,93
LOND,lond036,Control_202,23.0,P8,-2.381691,40.0,93
LOND,lond036,Control_202,23.0,O1,-9.043412,40.0,93
LOND,lond036,Control_202,23.0,O2,-4.9232,40.0,93
LOND,lond036,Violation_201,36.0,Pz,-4.886643,26.0,87
LOND,lond036,Violation_201,36.0,Cz,-3.190693,26.0,87
LOND,lond036,Violation_201,36.0,CP1,-0.3473933,26.0,87
LOND,lond036,Violation_201,36.0,CP2,-2.228357,26.0,87
LOND,lond036,Violation_201,36.0,P3,-10.82138,26.0,87
LOND,lond036,Violation_201,36.0,P4,-10.27925,26.0,87
LOND,lond036,Violation_201,36.0,C3,-5.217589,26.0,87
LOND,lond036,Violation_201,36.0,C4,1.469341,26.0,87
LOND,lond036,Violation_201,36.0,P7,-1.069709,26.0,87
LOND,lond036,Violation_201,36.0,P8,0.290936,26.0,87
LOND,lond036,Violation_201,36.0,O1,-5.255923,26.0,87
LOND,lond036,Violation_201,36.0,O2,0.09619574,26.0,87
LOND,lond036,Violation_201,40.0,Pz,21.17469,34.0,97
LOND,lond036,Violation_201,40.0,Cz,14.76101,34.0,97
LOND,lond036,Violation_201,40.0,CP1,26.48902,34.0,97
LOND,lond036,Violation_201,40.0,CP2,17.14859,34.0,97
LOND,lond036,Violation_201,40.0,P3,12.49011,34.0,97
LOND,lond036,Violation_201,40.0,P4,24.67009,34.0,97
LOND,lond036,Violation_201,40.0,C3,24.01399,34.0,97
LOND,lond036,Violation_201,40.0,C4,13.27363,34.0,97
LOND,lond036,Violation_201,40.0,P7,22.1056,34.0,97
LOND,lond036,Violation_201,40.0,P8,14.19741,34.0,97
LOND,lond036,Violation_201,40.0,O1,22.20239,34.0,97
LOND,lond036,Violation_201,40.0,O2,19.11324,34.0,97
LOND,lond036,Violation_201,28.0,Pz,6.400991,21.0,77
LOND,lond036,Violation_201,28.0,Cz,5.993132,21.0,77
LOND,lond036,Violation_201,28.0,CP1,1.570904,21.0,77
LOND,lond036,Violation_201,28.0,CP2,8.751535,21.0,77
LOND,lond036,Violation_201,28.0,P3,15.0972,21.0,77
LOND,lond036,Violation_201,28.0,P4,3.541511,21.0,77
LOND,lond036,Violation_201,28.0,C3,2.434673,21.0,77
LOND,lond036,Violation_201,28.0,C4,5.801276,21.0,77
LOND,lond036,Violation_201,28.0,P7,6.194709,21.0,77
LOND,lond036,Violation_201,28.0,P8,8.92659,21.0,77
LOND,lond036,Violation_201,28.0,O1,1.557667,21.0,77
LOND,lond036,Violation_201,28.0,O2,8.630013,21.0,77
LOND,lond036,Control_202,35.0,Pz,9.182712,25.0,97
LOND,lond036,Control_202,35.0,Cz,15.03369,25.0,97
LOND,lond036,Control_202,35.0,CP1,14.46937,25.0,97
LOND,lond036,Control_202,35.0,CP2,17.66432,25.0,97
LOND,lond036,Control_202,35.0,P3,20.59905,25.0,97
LOND,lond036,Control_202,35.0,P4,10.22666,25.0,97
LOND,lond036,Control_202,35.0,C3,24.83092,25.0,97
LOND,lond036,Control_202,35.0,C4,7.454929,25.0,97
LOND,lond036,Control_202,35.0,P7,5.4523,25.0,97
LOND,lond036,Control_202,35.0,P8,6.476487,25.0,97
LOND,lond036,Control_202,35.0,O1,19.22239,25.0,97
LOND,lond036,Control_202,35.0,O2,11.71519,25.0,97
LOND,lond036,Violation_201,24.0,Pz,1.567837,28.0,27
LOND,lond036,Violation_201,24.0,Cz,1.33431,28.0,27
LOND,lond036,Violation_201,24.0,CP1,-4.825524,28.0,27
LOND,lond036,Violation_201,24.0,CP2,5.720301,28.0,27
LOND,lond036,Violation_201,24.0,P3,-4.954914,28.0,27
LOND,lond036,Violation_201,24.0,P4,-4.721645,28.0,27
LOND,lond036,Violation_201,24.0,C3,-7.195746,28.0,27
LOND,lond036,Violation_201,24.0,C4,3.745078,28.0,27
LOND,lond036,Violation_201,24.0,P7,-2.203347,28.0,27
LOND,lond036,Violation_201,24.0,P8,2.297028,28.0,27
LOND,lond036,Violation_201,24.0,O1,-7.750585,28.0,27
LOND,lond036,Violation_201,24.0,O2,6.162493,28.0,27
LOND,lond036,Control_202,39.0,Pz,-9.675833,22.0,53
LOND,lond036,Control_202,39.0,Cz,-21.99206,22.0,53
LOND,lond036,Control_202,39.0,CP1,-13.40502,22.0,53
LOND,lond036,Control_202,39.0,CP2,-16.95173,22.0,53
LOND,lond036,Control_202,39.0,P3,-17.35573,22.0,53
LOND,lond036,Control_202,39.0,P4,-9.535225,22.0,53
LOND,lond036,Control_202,39.0,C3,-22.18014,22.0,53
LOND,lond036,Control_202,39.0,C4,-13.13045,22.0,53
LOND,lond036,Control_202,39.0,P7,-13.12232,22.0,53
LOND,lond036,Control_202,39.0,P8,-10.75208,22.0,53
LOND,lond036,Control_202,39.0,O1,-10.38203,22.0,53
LOND,lond036,Control_202,39.0,O2,-5.515184,22.0,53
LOND,lond036,Control_202,31.0,Pz,6.950215,39.0,97
LOND,lond036,Control_202,31.0,Cz,-0.5188985,39.0,97
LOND,lond036,Control_202,31.0,CP1,6.033988,39.0,97
LOND,lond036,Control_202,31.0,CP2,-5.182904,39.0,97
LOND,lond036,Control_202,31.0,P3,0.6835407,39.0,97
LOND,lond036,Control_202,31.0,P4,1.72605,39.0,97
LOND,lond036,Control_202,31.0,C3,13.08154,39.0,97
LOND,lond036,Control_202,31.0,C4,10.69887,39.0,97
LOND,lond036,Control_202,31.0,P7,11.07908,39.0,97
LOND,lond036,Control_202,31.0,P8,-1.655983,39.0,97
LOND,lond036,Control_202,31.0,O1,13.23862,39.0,97
LOND,lond036,Control_202,31.0,O2,0.4827282,39.0,97
LOND,lond036,Violation_201,32.0,Pz,9.090798,31.0,77
LOND,lond036,Violation_201,32.0,Cz,9.970096,31.0,77
LOND,lond036,Violation_201,32.0,CP1,4.448315,31.0,77
LOND,lond036,Violation_201,32.0,CP2,1.925944,31.0,77
LOND,lond036,Violation_201,32.0,P3,11.58442,31.0,77
LOND,lond036,Violation_201,32.0,P4,10.93674,31.0,77
LOND,lond036,Violation_201,32.0,C3,-0.1736468,31.0,77
LOND,lond036,Violation_201,32.0,C4,8.465319,31.0,77
LOND,lond036,Violation_201,32.0,P7,4.551761,31.0,77
LOND,lond036,Violation_201,32.0,P8,8.726089,31.0,77
LOND,lond036,Violation_201,32.0,O1,13.61395,31.0,77
LOND,lond036,Violation_201,32.0,O2,13.84517,31.0,77
LOND,lond036,Control_202,27.0,Pz,-5.658548,35.0,97
LOND,lond036,Control_202,27.0,Cz,-4.665111,35.0,97
LOND,lond036,Control_202,27.0,CP1,4.3075,35.0,97
LOND,lond036,Control_202,27.0,CP2,-4.980248,35.0,97
LOND,lond036,Control_202,27.0,P3,-5.896789,35.0,97
LOND,lond036,Control_202,27.0,P4,0.08108871,35.0,97
LOND,lond036,Control_202,27.0,C3,17.76536,35.0,97
LOND,lond036,Control_202,27.0,C4,2.243946,35.0,97
LOND,lond036,Control_202,27.0,P7,-7.694123,35.0,97
LOND,lond036,Control_202,27.0,P8,3.550188,35.0,97
LOND,lond036,Control_202,27.0,O1,0.8319427,35.0,97
LOND,lond036,Control_202,27.0,O2,4.650635,35.0,97
LOND,lond036,Violation_201,56.0,Pz,-10.00446,60.0,90
LOND,lond036,Violation_201,56.0,Cz,-0.5528172,60.0,90
LOND,lond036,Violation_201,56.0,CP1,-1.217494,60.0,90
LOND,lond036,Violation_201,56.0,CP2,-2.840423,60.0,90
LOND,lond036,Violation_201,56.0,P3,-7.511483,60.0,90
LOND,lond036,Violation_201,56.0,P4,0.2531741,60.0,90
LOND,lond036,Violation_201,56.0,C3,-5.625132,60.0,90
LOND,lond036,Violation_201,56.0,C4,2.435115,60.0,90
LOND,lond036,Violation_201,56.0,P7,-4.831613,60.0,90
LOND,lond036,Violation_201,56.0,P8,-3.117155,60.0,90
LOND,lond036,Violation_201,56.0,O1,-7.074014,60.0,90
LOND,lond036,Violation_201,56.0,O2,0.1050307,60.0,90
LOND,lond036,Violation_201,52.0,Pz,7.043542,43.0,93
LOND,lond036,Violation_201,52.0,Cz,-1.695023,43.0,93
LOND,lond036,Violation_201,52.0,CP1,-10.58113,43.0,93
LOND,lond036,Violation_201,52.0,CP2,6.922072,43.0,93
LOND,lond036,Violation_201,52.0,P3,-5.891343,43.0,93
LOND,lond036,Violation_201,52.0,P4,6.710714,43.0,93
LOND,lond036,Violation_201,52.0,C3,-16.7761,43.0,93
LOND,lond036,Violation_201,52.0,C4,13.0402,43.0,93
LOND,lond036,Violation_201,52.0,P7,-11.99283,43.0,93
LOND,lond036,Violation_201,52.0,P8,7.195565,43.0,93
LOND,lond036,Violation_201,52.0,O1,-0.4174258,43.0,93
LOND,lond036,Violation_201,52.0,O2,8.395364,43.0,93
LOND,lond036,Control_202,55.0,Pz,-7.415741,50.0,37
LOND,lond036,Control_202,55.0,Cz,-4.882481,50.0,37
LOND,lond036,Control_202,55.0,CP1,-7.402534,50.0,37
LOND,lond036,Control_202,55.0,CP2,-0.226735,50.0,37
LOND,lond036,Control_202,55.0,P3,-7.781942,50.0,37
LOND,lond036,Control_202,55.0,P4,-7.712338,50.0,37
LOND,lond036,Control_202,55.0,C3,-9.481885,50.0,37
LOND,lond036,Control_202,55.0,C4,-5.963835,50.0,37
LOND,lond036,Control_202,55.0,P7,-3.662441,50.0,37
LOND,lond036,Control_202,55.0,P8,-6.645185,50.0,37
LOND,lond036,Control_202,55.0,O1,-1.492698,50.0,37
LOND,lond036,Control_202,55.0,O2,0.3773843,50.0,37
LOND,lond036,Control_202,59.0,Pz,-1.7313,51.0,90
LOND,lond036,Control_202,59.0,Cz,-1.97727,51.0,90
LOND,lond036,Control_202,59.0,CP1,1.519009,51.0,90
LOND,lond036,Control_202,59.0,CP2,-5.813402,51.0,90
LOND,lond036,Control_202,59.0,P3,4.888469,51.0,90
LOND,lond036,Control_202,59.0,P4,7.648182,51.0,90
LOND,lond036,Control_202,59.0,C3,13.87751,51.0,90
LOND,lond036,Control_202,59.0,C4,4.91925,51.0,90
LOND,lond036,Control_202,59.0,P7,8.624933,51.0,90
LOND,lond036,Control_202,59.0,P8,2.603839,51.0,90
LOND,lond036,Control_202,59.0,O1,5.189837,51.0,90
LOND,lond036,Control_202,59.0,O2,5.378792,51.0,90
LOND,lond036,Control_202,44.0,Pz,-10.34988,55.0,93
LOND,lond036,Control_202,44.0,Cz,-9.497991,55.0,93
LOND,lond036,Control_202,44.0,CP1,-16.57344,55.0,93
LOND,lond036,Control_202,44.0,CP2,-9.4568,55.0,93
LOND,lond036,Control_202,44.0,P3,-4.422814,55.0,93
LOND,lond036,Control_202,44.0,P4,-6.042485,55.0,93
LOND,lond036,Control_202,44.0,C3,-12.12963,55.0,93
LOND,lond036,Control_202,44.0,C4,-13.21907,55.0,93
LOND,lond036,Control_202,44.0,P7,-12.60123,55.0,93
LOND,lond036,Control_202,44.0,P8,-1.919689,55.0,93
LOND,lond036,Control_202,44.0,O1,-0.4444201,55.0,93
LOND,lond036,Control_202,44.0,O2,-2.728043,55.0,93
LOND,lond036,Violation_201,43.0,Pz,-0.8987787,52.0,87
LOND,lond036,Violation_201,43.0,Cz,-6.63164,52.0,87
LOND,lond036,Violation_201,43.0,CP1,5.648563,52.0,87
LOND,lond036,Violation_201,43.0,CP2,-7.016855,52.0,87
LOND,lond036,Violation_201,43.0,P3,-5.058104,52.0,87
LOND,lond036,Violation_201,43.0,P4,-0.3621826,52.0,87
LOND,lond036,Violation_201,43.0,C3,-5.002295,52.0,87
LOND,lond036,Violation_201,43.0,C4,10.27032,52.0,87
LOND,lond036,Violation_201,43.0,P7,18.95473,52.0,87
LOND,lond036,Violation_201,43.0,P8,-1.814962,52.0,87
LOND,lond036,Violation_201,43.0,O1,12.81387,52.0,87
LOND,lond036,Violation_201,43.0,O2,2.70067,52.0,87
LOND,lond036,Violation_201,60.0,Pz,-8.951757,48.0,87
LOND,lond036,Violation_201,60.0,Cz,-7.981994,48.0,87
LOND,lond036,Violation_201,60.0,CP1,-25.3813,48.0,87
LOND,lond036,Violation_201,60.0,CP2,2.30871,48.0,87
LOND,lond036,Violation_201,60.0,P3,-10.96028,48.0,87
LOND,lond036,Violation_201,60.0,P4,-11.71292,48.0,87
LOND,lond036,Violation_201,60.0,C3,0.0606169,48.0,87
LOND,lond036,Violation_201,60.0,C4,3.751626,48.0,87
LOND,lond036,Violation_201,60.0,P7,-17.93807,48.0,87
LOND,lond036,Violation_201,60.0,P8,-6.783262,48.0,87
LOND,lond036,Violation_201,60.0,O1,-1.164041,48.0,87
LOND,lond036,Violation_201,60.0,O2,-4.452104,48.0,87
LOND,lond036,Control_202,47.0,Pz,7.586248,42.0,37
LOND,lond036,Control_202,47.0,Cz,5.072848,42.0,37
LOND,lond036,Control_202,47.0,CP1,11.20817,42.0,37
LOND,lond036,Control_202,47.0,CP2,1.200977,42.0,37
LOND,lond036,Control_202,47.0,P3,-0.04753864,42.0,37
LOND,lond036,Control_202,47.0,P4,3.406567,42.0,37
LOND,lond036,Control_202,47.0,C3,-17.09301,42.0,37
LOND,lond036,Control_202,47.0,C4,4.879157,42.0,37
LOND,lond036,Control_202,47.0,P7,1.86114,42.0,37
LOND,lond036,Control_202,47.0,P8,0.3238894,42.0,37
LOND,lond036,Control_202,47.0,O1,2.984242,42.0,37
LOND,lond036,Control_202,47.0,O2,4.245656,42.0,37
LOND,lond036,Control_202,51.0,Pz,-5.11589,54.0,77
LOND,lond036,Control_202,51.0,Cz,-3.658738,54.0,77
LOND,lond036,Control_202,51.0,CP1,8.925876,54.0,77
LOND,lond036,Control_202,51.0,CP2,8.948762,54.0,77
LOND,lond036,Control_202,51.0,P3,-12.01065,54.0,77
LOND,lond036,Control_202,51.0,P4,10.37772,54.0,77
LOND,lond036,Control_202,51.0,C3,3.566738,54.0,77
LOND,lond036,Control_202,51.0,C4,8.216758,54.0,77
LOND,lond036,Control_202,51.0,P7,-6.344718,54.0,77
LOND,lond036,Control_202,51.0,P8,-5.788086,54.0,77
LOND,lond036,Control_202,51.0,O1,6.519084,54.0,77
LOND,lond036,Control_202,51.0,O2,-5.770085,54.0,77
LOND,lond036,Violation_201,48.0,Pz,13.10019,57.0,69
LOND,lond036,Violation_201,48.0,Cz,8.860058,57.0,69
LOND,lond036,Violation_201,48.0,CP1,19.93287,57.0,69
LOND,lond036,Violation_201,48.0,CP2,6.057412,57.0,69
LOND,lond036,Violation_201,48.0,P3,18.30062,57.0,69
LOND,lond036,Violation_201,48.0,P4,8.496203,57.0,69
LOND,lond036,Violation_201,48.0,C3,9.898297,57.0,69
LOND,lond036,Violation_201,48.0,C4,17.36395,57.0,69
LOND,lond036,Violation_201,48.0,P7,27.88393,57.0,69
LOND,lond036,Violation_201,48.0,P8,7.782296,57.0,69
LOND,lond036,Violation_201,48.0,O1,10.1751,57.0,69
LOND,lond036,Violation_201,48.0,O2,9.027181,57.0,69
LOND,lond036,Control_202,71.0,Pz,-19.99021,80.0,97
LOND,lond036,Control_202,71.0,Cz,-14.71557,80.0,97
LOND,lond036,Control_202,71.0,CP1,-19.89262,80.0,97
LOND,lond036,Control_202,71.0,CP2,-23.63055,80.0,97
LOND,lond036,Control_202,71.0,P3,-10.44775,80.0,97
LOND,lond036,Control_202,71.0,P4,-15.9047,80.0,97
LOND,lond036,Control_202,71.0,C3,-22.11825,80.0,97
LOND,lond036,Control_202,71.0,C4,-14.93724,80.0,97
LOND,lond036,Control_202,71.0,P7,-10.2007,80.0,97
LOND,lond036,Control_202,71.0,P8,-12.18298,80.0,97
LOND,lond036,Control_202,71.0,O1,-25.56575,80.0,97
LOND,lond036,Control_202,71.0,O2,-14.38221,80.0,97
LOND,lond036,Control_202,75.0,Pz,7.564632,62.0,70
LOND,lond036,Control_202,75.0,Cz,1.543176,62.0,70
LOND,lond036,Control_202,75.0,CP1,5.036274,62.0,70
LOND,lond036,Control_202,75.0,CP2,0.8858166,62.0,70
LOND,lond036,Control_202,75.0,P3,12.45672,62.0,70
LOND,lond036,Control_202,75.0,P4,9.228135,62.0,70
LOND,lond036,Control_202,75.0,C3,-6.560347,62.0,70
LOND,lond036,Control_202,75.0,C4,1.67924,62.0,70
LOND,lond036,Control_202,75.0,P7,-5.863227,62.0,70
LOND,lond036,Control_202,75.0,P8,5.165557,62.0,70
LOND,lond036,Control_202,75.0,O1,8.999394,62.0,70
LOND,lond036,Control_202,75.0,O2,9.414875,62.0,70
LOND,lond036,Violation_201,64.0,Pz,5.601607,64.0,50
LOND,lond036,Violation_201,64.0,Cz,7.153718,64.0,50
LOND,lond036,Violation_201,64.0,CP1,2.72507,64.0,50
LOND,lond036,Violation_201,64.0,CP2,9.507453,64.0,50
LOND,lond036,Violation_201,64.0,P3,10.92371,64.0,50
LOND,lond036,Violation_201,64.0,P4,8.961226,64.0,50
LOND,lond036,Violation_201,64.0,C3,1.440859,64.0,50
LOND,lond036,Violation_201,64.0,C4,-15.77027,64.0,50
LOND,lond036,Violation_201,64.0,P7,3.258709,64.0,50
LOND,lond036,Violation_201,64.0,P8,11.17184,64.0,50
LOND,lond036,Violation_201,64.0,O1,14.2749,64.0,50
LOND,lond036,Violation_201,64.0,O2,14.92722,64.0,50
LOND,lond036,Violation_201,68.0,Pz,6.426207,78.0,97
LOND,lond036,Violation_201,68.0,Cz,3.274905,78.0,97
LOND,lond036,Violation_201,68.0,CP1,-6.031691,78.0,97
LOND,lond036,Violation_201,68.0,CP2,12.7955,78.0,97
LOND,lond036,Violation_201,68.0,P3,-0.3006881,78.0,97
LOND,lond036,Violation_201,68.0,P4,-1.758941,78.0,97
LOND,lond036,Violation_201,68.0,C3,-3.968617,78.0,97
LOND,lond036,Violation_201,68.0,C4,-0.2757909,78.0,97
LOND,lond036,Violation_201,68.0,P7,2.997025,78.0,97
LOND,lond036,Violation_201,68.0,P8,6.508988,78.0,97
LOND,lond036,Violation_201,68.0,O1,-3.172512,78.0,97
LOND,lond036,Violation_201,68.0,O2,5.080482,78.0,97
LOND,lond036,Violation_201,76.0,Pz,-4.949719,72.0,90
LOND,lond036,Violation_201,76.0,Cz,4.835222,72.0,90
LOND,lond036,Violation_201,76.0,CP1,3.178745,72.0,90
LOND,lond036,Violation_201,76.0,CP2,-1.846764,72.0,90
LOND,lond036,Violation_201,76.0,P3,-3.102261,72.0,90
LOND,lond036,Violation_201,76.0,P4,-9.800488,72.0,90
LOND,lond036,Violation_201,76.0,C3,-10.34694,72.0,90
LOND,lond036,Violation_201,76.0,C4,12.8459,72.0,90
LOND,lond036,Violation_201,76.0,P7,6.500496,72.0,90
LOND,lond036,Violation_201,76.0,P8,-3.274014,72.0,90
LOND,lond036,Violation_201,76.0,O1,3.694833,72.0,90
LOND,lond036,Violation_201,76.0,O2,-3.020322,72.0,90
LOND,lond036,Violation_201,80.0,Pz,-6.975028,66.0,23
LOND,lond036,Violation_201,80.0,Cz,-6.000506,66.0,23
LOND,lond036,Violation_201,80.0,CP1,0.2226025,66.0,23
LOND,lond036,Violation_201,80.0,CP2,-5.444669,66.0,23
LOND,lond036,Violation_201,80.0,P3,-2.443548,66.0,23
LOND,lond036,Violation_201,80.0,P4,-6.838977,66.0,23
LOND,lond036,Violation_201,80.0,C3,-39.14123,66.0,23
LOND,lond036,Violation_201,80.0,C4,-11.12938,66.0,23
LOND,lond036,Violation_201,80.0,P7,-16.52694,66.0,23
LOND,lond036,Violation_201,80.0,P8,-6.590701,66.0,23
LOND,lond036,Violation_201,80.0,O1,6.276834,66.0,23
LOND,lond036,Violation_201,80.0,O2,-5.122051,66.0,23
LOND,lond036,Violation_201,72.0,Pz,26.2425,69.0,93
LOND,lond036,Violation_201,72.0,Cz,33.0362,69.0,93
LOND,lond036,Violation_201,72.0,CP1,42.30107,69.0,93
LOND,lond036,Violation_201,72.0,CP2,27.1862,69.0,93
LOND,lond036,Violation_201,72.0,P3,27.85535,69.0,93
LOND,lond036,Violation_201,72.0,P4,23.19683,69.0,93
LOND,lond036,Violation_201,72.0,C3,19.20368,69.0,93
LOND,lond036,Violation_201,72.0,C4,5.707863,69.0,93
LOND,lond036,Violation_201,72.0,P7,18.39782,69.0,93
LOND,lond036,Violation_201,72.0,P8,12.92508,69.0,93
LOND,lond036,Violation_201,72.0,O1,20.42583,69.0,93
LOND,lond036,Violation_201,72.0,O2,18.52781,69.0,93
LOND,lond036,Control_202,67.0,Pz,1.512519,65.0,93
LOND,lond036,Control_202,67.0,Cz,-9.564066,65.0,93
LOND,lond036,Control_202,67.0,CP1,7.112289,65.0,93
LOND,lond036,Control_202,67.0,CP2,-5.858222,65.0,93
LOND,lond036,Control_202,67.0,P3,-5.724943,65.0,93
LOND,lond036,Control_202,67.0,P4,-6.384565,65.0,93
LOND,lond036,Control_202,67.0,C3,1.48159,65.0,93
LOND,lond036,Control_202,67.0,C4,-7.562921,65.0,93
LOND,lond036,Control_202,67.0,P7,5.699688,65.0,93
LOND,lond036,Control_202,67.0,P8,-14.50171,65.0,93
LOND,lond036,Control_202,67.0,O1,3.741447,65.0,93
LOND,lond036,Control_202,67.0,O2,-7.60587,65.0,93
LOND,lond036,Control_202,79.0,Pz,-9.763083,63.0,83
LOND,lond036,Control_202,79.0,Cz,-5.149271,63.0,83
LOND,lond036,Control_202,79.0,CP1,3.468472,63.0,83
LOND,lond036,Control_202,79.0,CP2,-6.425648,63.0,83
LOND,lond036,Control_202,79.0,P3,-8.418819,63.0,83
LOND,lond036,Control_202,79.0,P4,-12.04289,63.0,83
LOND,lond036,Control_202,79.0,C3,-24.84352,63.0,83
LOND,lond036,Control_202,79.0,C4,-3.961154,63.0,83
LOND,lond036,Control_202,79.0,P7,-15.69954,63.0,83
LOND,lond036,Control_202,79.0,P8,-12.86829,63.0,83
LOND,lond036,Control_202,79.0,O1,-15.70986,63.0,83
LOND,lond036,Control_202,79.0,O2,-10.29733,63.0,83
LOND,lond036,Control_202,63.0,Pz,4.104553,75.0,60
LOND,lond036,Control_202,63.0,Cz,4.550309,75.0,60
LOND,lond036,Control_202,63.0,CP1,3.010816,75.0,60
LOND,lond036,Control_202,63.0,CP2,-0.07407983,75.0,60
LOND,lond036,Control_202,63.0,P3,7.451344,75.0,60
LOND,lond036,Control_202,63.0,P4,-2.571768,75.0,60
LOND,lond036,Control_202,63.0,C3,27.27694,75.0,60
LOND,lond036,Control_202,63.0,C4,18.73808,75.0,60
LOND,lond036,Control_202,63.0,P7,4.025494,75.0,60
LOND,lond036,Control_202,63.0,P8,-2.21183,75.0,60
LOND,lond036,Control_202,63.0,O1,7.706585,75.0,60
LOND,lond036,Control_202,63.0,O2,1.500647,75.0,60
LOND,lond037,Control_202,17.0,Pz,17.15562,7.0,80
LOND,lond037,Control_202,17.0,Cz,14.60434,7.0,80
LOND,lond037,Control_202,17.0,CP1,15.9632,7.0,80
LOND,lond037,Control_202,17.0,CP2,19.00551,7.0,80
LOND,lond037,Control_202,17.0,P3,7.511722,7.0,80
LOND,lond037,Control_202,17.0,P4,20.24513,7.0,80
LOND,lond037,Control_202,17.0,C3,11.2491,7.0,80
LOND,lond037,Control_202,17.0,C4,17.3026,7.0,80
LOND,lond037,Control_202,17.0,P7,10.01982,7.0,80
LOND,lond037,Control_202,17.0,P8,20.75022,7.0,80
LOND,lond037,Control_202,17.0,O1,14.99536,7.0,80
LOND,lond037,Control_202,17.0,O2,13.95429,7.0,80
LOND,lond037,Violation_201,18.0,Pz,-5.919212,20.0,90
LOND,lond037,Violation_201,18.0,Cz,-3.187437,20.0,90
LOND,lond037,Violation_201,18.0,CP1,-8.80656,20.0,90
LOND,lond037,Violation_201,18.0,CP2,-6.651187,20.0,90
LOND,lond037,Violation_201,18.0,P3,-5.995716,20.0,90
LOND,lond037,Violation_201,18.0,P4,-8.785,20.0,90
LOND,lond037,Violation_201,18.0,C3,5.458979,20.0,90
LOND,lond037,Violation_201,18.0,C4,-0.04211038,20.0,90
LOND,lond037,Violation_201,18.0,P7,-4.969594,20.0,90
LOND,lond037,Violation_201,18.0,P8,-1.732282,20.0,90
LOND,lond037,Violation_201,18.0,O1,-3.992546,20.0,90
LOND,lond037,Violation_201,18.0,O2,-8.438865,20.0,90
LOND,lond037,Control_202,5.0,Pz,5.5884,12.0,100
LOND,lond037,Control_202,5.0,Cz,-7.42701,12.0,100
LOND,lond037,Control_202,5.0,CP1,9.748332,12.0,100
LOND,lond037,Control_202,5.0,CP2,-1.976034,12.0,100
LOND,lond037,Control_202,5.0,P3,12.23105,12.0,100
LOND,lond037,Control_202,5.0,P4,2.73547,12.0,100
LOND,lond037,Control_202,5.0,C3,-9.474349,12.0,100
LOND,lond037,Control_202,5.0,C4,-8.667052,12.0,100
LOND,lond037,Control_202,5.0,P7,0.4716847,12.0,100
LOND,lond037,Control_202,5.0,P8,-6.745414,12.0,100
LOND,lond037,Control_202,5.0,O1,5.390571,12.0,100
LOND,lond037,Control_202,5.0,O2,-5.107275,12.0,100
LOND,lond037,Violation_201,2.0,Pz,7.789992,16.0,93
LOND,lond037,Violation_201,2.0,Cz,1.891374,16.0,93
LOND,lond037,Violation_201,2.0,CP1,5.885046,16.0,93
LOND,lond037,Violation_201,2.0,CP2,8.843354,16.0,93
LOND,lond037,Violation_201,2.0,P3,-4.212771,16.0,93
LOND,lond037,Violation_201,2.0,P4,2.905802,16.0,93
LOND,lond037,Violation_201,2.0,C3,1.320843,16.0,93
LOND,lond037,Violation_201,2.0,C4,7.132203,16.0,93
LOND,lond037,Violation_201,2.0,P7,-4.531694,16.0,93
LOND,lond037,Violation_201,2.0,P8,2.781273,16.0,93
LOND,lond037,Violation_201,2.0,O1,-2.782405,16.0,93
LOND,lond037,Violation_201,2.0,O2,0.3790023,16.0,93
LOND,lond037,Control_202,13.0,Pz,-17.66128,10.0,80
LOND,lond037,Control_202,13.0,Cz,-11.24545,10.0,80
LOND,lond037,Control_202,13.0,CP1,-15.5727,10.0,80
LOND,lond037,Control_202,13.0,CP2,-22.53823,10.0,80
LOND,lond037,Control_202,13.0,P3,-18.20813,10.0,80
LOND,lond037,Control_202,13.0,P4,-14.24951,10.0,80
LOND,lond037,Control_202,13.0,C3,-16.83957,10.0,80
LOND,lond037,Control_202,13.0,C4,-20.86477,10.0,80
LOND,lond037,Control_202,13.0,P7,-9.426567,10.0,80
LOND,lond037,Control_202,13.0,P8,-10.41438,10.0,80
LOND,lond037,Control_202,13.0,O1,-20.24098,10.0,80
LOND,lond037,Control_202,13.0,O2,-16.17214,10.0,80
LOND,lond037,Control_202,1.0,Pz,-3.342354,17.0,62
LOND,lond037,Control_202,1.0,Cz,-17.25563,17.0,62
LOND,lond037,Control_202,1.0,CP1,-18.50669,17.0,62
LOND,lond037,Control_202,1.0,CP2,-11.09323,17.0,62
LOND,lond037,Control_202,1.0,P3,-8.093761,17.0,62
LOND,lond037,Control_202,1.0,P4,-7.129424,17.0,62
LOND,lond037,Control_202,1.0,C3,-13.06806,17.0,62
LOND,lond037,Control_202,1.0,C4,-12.08515,17.0,62
LOND,lond037,Control_202,1.0,P7,-17.48366,17.0,62
LOND,lond037,Control_202,1.0,P8,-18.07359,17.0,62
LOND,lond037,Control_202,1.0,O1,-7.952751,17.0,62
LOND,lond037,Control_202,1.0,O2,-10.69946,17.0,62
LOND,lond037,Violation_201,10.0,Pz,8.627507,2.0,100
LOND,lond037,Violation_201,10.0,Cz,7.545967,2.0,100
LOND,lond037,Violation_201,10.0,CP1,17.07393,2.0,100
LOND,lond037,Violation_201,10.0,CP2,7.840947,2.0,100
LOND,lond037,Violation_201,10.0,P3,11.38441,2.0,100
LOND,lond037,Violation_201,10.0,P4,4.800096,2.0,100
LOND,lond037,Violation_201,10.0,C3,21.65894,2.0,100
LOND,lond037,Violation_201,10.0,C4,8.910903,2.0,100
LOND,lond037,Violation_201,10.0,P7,19.1298,2.0,100
LOND,lond037,Violation_201,10.0,P8,14.61258,2.0,100
LOND,lond037,Violation_201,10.0,O1,13.2029,2.0,100
LOND,lond037,Violation_201,10.0,O2,4.349795,2.0,100
LOND,lond037,Violation_201,14.0,Pz,-11.37263,14.0,90
LOND,lond037,Violation_201,14.0,Cz,-4.258959,14.0,90
LOND,lond037,Violation_201,14.0,CP1,-4.395293,14.0,90
LOND,lond037,Violation_201,14.0,CP2,-5.929391,14.0,90
LOND,lond037,Violation_201,14.0,P3,-16.91137,14.0,90
LOND,lond037,Violation_201,14.0,P4,-6.917818,14.0,90
LOND,lond037,Violation_201,14.0,C3,-1.860428,14.0,90
LOND,lond037,Violation_201,14.0,C4,-10.37003,14.0,90
LOND,lond037,Violation_201,14.0,P7,-17.2664,14.0,90
LOND,lond037,Violation_201,14.0,P8,-14.67873,14.0,90
LOND,lond037,Violation_201,14.0,O1,-8.832386,14.0,90
LOND,lond037,Violation_201,14.0,O2,-7.295373,14.0,90
LOND,lond037,Control_202,9.0,Pz,-1.799117,5.0,93
LOND,lond037,Control_202,9.0,Cz,-0.04126405,5.0,93
LOND,lond037,Control_202,9.0,CP1,-4.072758,5.0,93
LOND,lond037,Control_202,9.0,CP2,3.838591,5.0,93
LOND,lond037,Control_202,9.0,P3,11.49729,5.0,93
LOND,lond037,Control_202,9.0,P4,-4.727449,5.0,93
LOND,lond037,Control_202,9.0,C3,3.351259,5.0,93
LOND,lond037,Control_202,9.0,C4,-4.044173,5.0,93
LOND,lond037,Control_202,9.0,P7,-2.867483,5.0,93
LOND,lond037,Control_202,9.0,P8,6.946634,5.0,93
LOND,lond037,Control_202,9.0,O1,0.6330474,5.0,93
LOND,lond037,Control_202,9.0,O2,3.845787,5.0,93
LOND,lond037,Violation_201,6.0,Pz,-13.0389,18.0,87
LOND,lond037,Violation_201,6.0,Cz,-16.96349,18.0,87
LOND,lond037,Violation_201,6.0,CP1,-12.87708,18.0,87
LOND,lond037,Violation_201,6.0,CP2,-13.10228,18.0,87
LOND,lond037,Violation_201,6.0,P3,-15.35825,18.0,87
LOND,lond037,Violation_201,6.0,P4,-14.46046,18.0,87
LOND,lond037,Violation_201,6.0,C3,-9.329217,18.0,87
LOND,lond037,Violation_201,6.0,C4,-6.122743,18.0,87
LOND,lond037,Violation_201,6.0,P7,-6.638412,18.0,87
LOND,lond037,Violation_201,6.0,P8,-7.980056,18.0,87
LOND,lond037,Violation_201,6.0,O1,0.2589893,18.0,87
LOND,lond037,Violation_201,6.0,O2,-1.940624,18.0,87
LOND,lond037,Control_202,21.0,Pz,-1.964998,21.0,77
LOND,lond037,Control_202,21.0,Cz,-11.00416,21.0,77
LOND,lond037,Control_202,21.0,CP1,3.545519,21.0,77
LOND,lond037,Control_202,21.0,CP2,1.145308,21.0,77
LOND,lond037,Control_202,21.0,P3,-9.113714,21.0,77
LOND,lond037,Control_202,21.0,P4,1.215658,21.0,77
LOND,lond037,Control_202,21.0,C3,-4.667361,21.0,77
LOND,lond037,Control_202,21.0,C4,6.11747,21.0,77
LOND,lond037,Control_202,21.0,P7,-6.705856,21.0,77
LOND,lond037,Control_202,21.0,P8,-1.96164,21.0,77
LOND,lond037,Control_202,21.0,O1,-4.590693,21.0,77
LOND,lond037,Control_202,21.0,O2,-5.611873,21.0,77
LOND,lond037,Violation_201,34.0,Pz,2.473251,29.0,90
LOND,lond037,Violation_201,34.0,Cz,-0.006890427,29.0,90
LOND,lond037,Violation_201,34.0,CP1,2.715336,29.0,90
LOND,lond037,Violation_201,34.0,CP2,7.788186,29.0,90
LOND,lond037,Violation_201,34.0,P3,5.718596,29.0,90
LOND,lond037,Violation_201,34.0,P4,13.66605,29.0,90
LOND,lond037,Violation_201,34.0,C3,3.053716,29.0,90
LOND,lond037,Violation_201,34.0,C4,-0.0582925,29.0,90
LOND,lond037,Violation_201,34.0,P7,0.9125785,29.0,90
LOND,lond037,Violation_201,34.0,P8,4.590364,29.0,90
LOND,lond037,Violation_201,34.0,O1,6.124121,29.0,90
LOND,lond037,Violation_201,34.0,O2,-0.26947,29.0,90
LOND,lond037,Violation_201,26.0,Pz,-10.43299,35.0,97
LOND,lond037,Violation_201,26.0,Cz,-18.73772,35.0,97
LOND,lond037,Violation_201,26.0,CP1,-18.31787,35.0,97
LOND,lond037,Violation_201,26.0,CP2,-6.862656,35.0,97
LOND,lond037,Violation_201,26.0,P3,-6.319498,35.0,97
LOND,lond037,Violation_201,26.0,P4,-15.49414,35.0,97
LOND,lond037,Violation_201,26.0,C3,-16.86822,35.0,97
LOND,lond037,Violation_201,26.0,C4,-14.10015,35.0,97
LOND,lond037,Violation_201,26.0,P7,-10.60663,35.0,97
LOND,lond037,Violation_201,26.0,P8,1.447247,35.0,97
LOND,lond037,Violation_201,26.0,O1,-8.72975,35.0,97
LOND,lond037,Violation_201,26.0,O2,-5.898798,35.0,97
LOND,lond037,Control_202,25.0,Pz,-25.59698,25.0,97
LOND,lond037,Control_202,25.0,Cz,-22.09598,25.0,97
LOND,lond037,Control_202,25.0,CP1,-10.69958,25.0,97
LOND,lond037,Control_202,25.0,CP2,-57.42078,25.0,97
LOND,lond037,Control_202,25.0,P3,-24.57862,25.0,97
LOND,lond037,Control_202,25.0,P4,-34.43324,25.0,97
LOND,lond037,Control_202,25.0,C3,-16.63865,25.0,97
LOND,lond037,Control_202,25.0,C4,-32.81572,25.0,97
LOND,lond037,Control_202,25.0,P7,-15.60342,25.0,97
LOND,lond037,Control_202,25.0,P8,-22.3477,25.0,97
LOND,lond037,Control_202,25.0,O1,-23.64598,25.0,97
LOND,lond037,Control_202,25.0,O2,-21.92106,25.0,97
LOND,lond037,Violation_201,38.0,Pz,13.19725,27.0,97
LOND,lond037,Violation_201,38.0,Cz,16.15278,27.0,97
LOND,lond037,Violation_201,38.0,CP1,25.79389,27.0,97
LOND,lond037,Violation_201,38.0,CP2,21.20632,27.0,97
LOND,lond037,Violation_201,38.0,P3,20.58294,27.0,97
LOND,lond037,Violation_201,38.0,P4,10.88921,27.0,97
LOND,lond037,Violation_201,38.0,C3,16.92015,27.0,97
LOND,lond037,Violation_201,38.0,C4,12.69773,27.0,97
LOND,lond037,Violation_201,38.0,P7,10.19188,27.0,97
LOND,lond037,Violation_201,38.0,P8,6.986149,27.0,97
LOND,lond037,Violation_201,38.0,O1,8.505535,27.0,97
LOND,lond037,Violation_201,38.0,O2,14.10281,27.0,97
LOND,lond037,Control_202,37.0,Pz,-2.458449,22.0,53
LOND,lond037,Control_202,37.0,Cz,0.4550611,22.0,53
LOND,lond037,Control_202,37.0,CP1,-2.03159,22.0,53
LOND,lond037,Control_202,37.0,CP2,2.941786,22.0,53
LOND,lond037,Control_202,37.0,P3,-13.64673,22.0,53
LOND,lond037,Control_202,37.0,P4,0.6607171,22.0,53
LOND,lond037,Control_202,37.0,C3,-8.518394,22.0,53
LOND,lond037,Control_202,37.0,C4,-0.6987093,22.0,53
LOND,lond037,Control_202,37.0,P7,-2.495495,22.0,53
LOND,lond037,Control_202,37.0,P8,-1.364202,22.0,53
LOND,lond037,Control_202,37.0,O1,2.62906,22.0,53
LOND,lond037,Control_202,37.0,O2,0.9629868,22.0,53
LOND,lond037,Violation_201,29.0,Pz,1.254314,24.0,93
LOND,lond037,Violation_201,29.0,Cz,-5.559319,24.0,93
LOND,lond037,Violation_201,29.0,CP1,-4.75719,24.0,93
LOND,lond037,Violation_201,29.0,CP2,-6.798162,24.0,93
LOND,lond037,Violation_201,29.0,P3,3.135625,24.0,93
LOND,lond037,Violation_201,29.0,P4,-20.03409,24.0,93
LOND,lond037,Violation_201,29.0,C3,-7.226387,24.0,93
LOND,lond037,Violation_201,29.0,C4,0.2334833,24.0,93
LOND,lond037,Violation_201,29.0,P7,-8.945423,24.0,93
LOND,lond037,Violation_201,29.0,P8,-14.60248,24.0,93
LOND,lond037,Violation_201,29.0,O1,-8.644154,24.0,93
LOND,lond037,Violation_201,29.0,O2,-9.483574,24.0,93
LOND,lond037,Violation_201,30.0,Pz,-20.65467,23.0,93
LOND,lond037,Violation_201,30.0,Cz,-12.02074,23.0,93
LOND,lond037,Violation_201,30.0,CP1,-26.18875,23.0,93
LOND,lond037,Violation_201,30.0,CP2,-16.31506,23.0,93
LOND,lond037,Violation_201,30.0,P3,-8.787987,23.0,93
LOND,lond037,Violation_201,30.0,P4,-19.97351,23.0,93
LOND,lond037,Violation_201,30.0,C3,-11.23024,23.0,93
LOND,lond037,Violation_201,30.0,C4,-20.44385,23.0,93
LOND,lond037,Violation_201,30.0,P7,-21.61313,23.0,93
LOND,lond037,Violation_201,30.0,P8,-19.60359,23.0,93
LOND,lond037,Violation_201,30.0,O1,-15.77574,23.0,93
LOND,lond037,Violation_201,30.0,O2,-17.46245,23.0,93
LOND,lond037,Control_202,33.0,Pz,1.987228,28.0,27
LOND,lond037,Control_202,33.0,Cz,-0.7952722,28.0,27
LOND,lond037,Control_202,33.0,CP1,-2.830652,28.0,27
LOND,lond037,Control_202,33.0,CP2,-2.877377,28.0,27
LOND,lond037,Control_202,33.0,P3,-0.5438927,28.0,27
LOND,lond037,Control_202,33.0,P4,-2.916492,28.0,27
LOND,lond037,Control_202,33.0,C3,16.85614,28.0,27
LOND,lond037,Control_202,33.0,C4,3.97539,28.0,27
LOND,lond037,Control_202,33.0,P7,-4.791588,28.0,27
LOND,lond037,Control_202,33.0,P8,6.557838,28.0,27
LOND,lond037,Control_202,33.0,O1,1.643963,28.0,27
LOND,lond037,Control_202,33.0,O2,4.000804,28.0,27
LOND,lond037,Violation_201,22.0,Pz,22.96117,34.0,97
LOND,lond037,Violation_201,22.0,Cz,28.65293,34.0,97
LOND,lond037,Violation_201,22.0,CP1,27.54783,34.0,97
LOND,lond037,Violation_201,22.0,CP2,21.43556,34.0,97
LOND,lond037,Violation_201,22.0,P3,13.88737,34.0,97
LOND,lond037,Violation_201,22.0,P4,16.36389,34.0,97
LOND,lond037,Violation_201,22.0,C3,23.57146,34.0,97
LOND,lond037,Violation_201,22.0,C4,22.80193,34.0,97
LOND,lond037,Violation_201,22.0,P7,19.50097,34.0,97
LOND,lond037,Violation_201,22.0,P8,22.04705,34.0,97
LOND,lond037,Violation_201,22.0,O1,16.00382,34.0,97
LOND,lond037,Violation_201,22.0,O2,22.7487,34.0,97
LOND,lond037,Control_202,57.0,Pz,-8.329251,42.0,37
LOND,lond037,Control_202,57.0,Cz,-7.220494,42.0,37
LOND,lond037,Control_202,57.0,CP1,-15.34042,42.0,37
LOND,lond037,Control_202,57.0,CP2,3.253279,42.0,37
LOND,lond037,Control_202,57.0,P3,6.636694,42.0,37
LOND,lond037,Control_202,57.0,P4,-4.490466,42.0,37
LOND,lond037,Control_202,57.0,C3,-5.752504,42.0,37
LOND,lond037,Control_202,57.0,C4,3.606484,42.0,37
LOND,lond037,Control_202,57.0,P7,-2.334496,42.0,37
LOND,lond037,Control_202,57.0,P8,-3.619314,42.0,37
LOND,lond037,Control_202,57.0,O1,5.741937,42.0,37
LOND,lond037,Control_202,57.0,O2,-4.52262,42.0,37
LOND,lond037,Violation_201,46.0,Pz,1.192097,53.0,93
LOND,lond037,Violation_201,46.0,Cz,6.204964,53.0,93
LOND,lond037,Violation_201,46.0,CP1,8.035617,53.0,93
LOND,lond037,Violation_201,46.0,CP2,10.44336,53.0,93
LOND,lond037,Violation_201,46.0,P3,3.760553,53.0,93
LOND,lond037,Violation_201,46.0,P4,-0.01834762,53.0,93
LOND,lond037,Violation_201,46.0,C3,13.39146,53.0,93
LOND,lond037,Violation_201,46.0,C4,3.528574,53.0,93
LOND,lond037,Violation_201,46.0,P7,-6.25316,53.0,93
LOND,lond037,Violation_201,46.0,P8,3.939336,53.0,93
LOND,lond037,Violation_201,46.0,O1,3.028047,53.0,93
LOND,lond037,Violation_201,46.0,O2,1.864101,53.0,93
LOND,lond037,Violation_201,54.0,Pz,16.06048,52.0,87
LOND,lond037,Violation_201,54.0,Cz,14.293,52.0,87
LOND,lond037,Violation_201,54.0,CP1,2.404665,52.0,87
LOND,lond037,Violation_201,54.0,CP2,12.47772,52.0,87
LOND,lond037,Violation_201,54.0,P3,22.66438,52.0,87
LOND,lond037,Violation_201,54.0,P4,11.12326,52.0,87
LOND,lond037,Violation_201,54.0,C3,12.46313,52.0,87
LOND,lond037,Violation_201,54.0,C4,9.644397,52.0,87
LOND,lond037,Violation_201,54.0,P7,19.29457,52.0,87
LOND,lond037,Violation_201,54.0,P8,7.067607,52.0,87
LOND,lond037,Violation_201,54.0,O1,14.60515,52.0,87
LOND,lond037,Violation_201,54.0,O2,15.01762,52.0,87
LOND,lond037,Violation_201,50.0,Pz,8.545218,60.0,90
LOND,lond037,Violation_201,50.0,Cz,12.32329,60.0,90
LOND,lond037,Violation_201,50.0,CP1,14.03445,60.0,90
LOND,lond037,Violation_201,50.0,CP2,11.36948,60.0,90
LOND,lond037,Violation_201,50.0,P3,9.32695,60.0,90
LOND,lond037,Violation_201,50.0,P4,5.534501,60.0,90
LOND,lond037,Violation_201,50.0,C3,19.20047,60.0,90
LOND,lond037,Violation_201,50.0,C4,3.619178,60.0,90
LOND,lond037,Violation_201,50.0,P7,9.263365,60.0,90
LOND,lond037,Violation_201,50.0,P8,6.748308,60.0,90
LOND,lond037,Violation_201,50.0,O1,10.88971,60.0,90
LOND,lond037,Violation_201,50.0,O2,11.33031,60.0,90
LOND,lond037,Control_202,53.0,Pz,10.3901,41.0,100
LOND,lond037,Control_202,53.0,Cz,8.983431,41.0,100
LOND,lond037,Control_202,53.0,CP1,14.1417,41.0,100
LOND,lond037,Control_202,53.0,CP2,12.79143,41.0,100
LOND,lond037,Control_202,53.0,P3,0.1109048,41.0,100
LOND,lond037,Control_202,53.0,P4,16.64588,41.0,100
LOND,lond037,Control_202,53.0,C3,12.59213,41.0,100
LOND,lond037,Control_202,53.0,C4,13.60963,41.0,100
LOND,lond037,Control_202,53.0,P7,5.313334,41.0,100
LOND,lond037,Control_202,53.0,P8,12.61428,41.0,100
LOND,lond037,Control_202,53.0,O1,2.93425,41.0,100
LOND,lond037,Control_202,53.0,O2,6.601741,41.0,100
LOND,lond037,Violation_201,58.0,Pz,13.27925,48.0,87
LOND,lond037,Violation_201,58.0,Cz,2.810114,48.0,87
LOND,lond037,Violation_201,58.0,CP1,12.24437,48.0,87
LOND,lond037,Violation_201,58.0,CP2,4.089438,48.0,87
LOND,lond037,Violation_201,58.0,P3,24.9135,48.0,87
LOND,lond037,Violation_201,58.0,P4,17.12089,48.0,87
LOND,lond037,Violation_201,58.0,C3,14.17319,48.0,87
LOND,lond037,Violation_201,58.0,C4,7.271006,48.0,87
LOND,lond037,Violation_201,58.0,P7,17.05717,48.0,87
LOND,lond037,Violation_201,58.0,P8,2.322057,48.0,87
LOND,lond037,Violation_201,58.0,O1,17.06984,48.0,87
LOND,lond037,Violation_201,58.0,O2,6.665425,48.0,87
LOND,lond037,Control_202,49.0,Pz,-21.37597,47.0,100
LOND,lond037,Control_202,49.0,Cz,-20.74382,47.0,100
LOND,lond037,Control_202,49.0,CP1,-27.36569,47.0,100
LOND,lond037,Control_202,49.0,CP2,-20.31308,47.0,100
LOND,lond037,Control_202,49.0,P3,-12.20783,47.0,100
LOND,lond037,Control_202,49.0,P4,-27.91571,47.0,100
LOND,lond037,Control_202,49.0,C3,-18.52913,47.0,100
LOND,lond037,Control_202,49.0,C4,-21.25307,47.0,100
LOND,lond037,Control_202,49.0,P7,-7.928667,47.0,100
LOND,lond037,Control_202,49.0,P8,-19.17756,47.0,100
LOND,lond037,Control_202,49.0,O1,-11.74376,47.0,100
LOND,lond037,Control_202,49.0,O2,-20.04097,47.0,100
LOND,lond037,Control_202,45.0,Pz,-2.660285,50.0,37
LOND,lond037,Control_202,45.0,Cz,2.939691,50.0,37
LOND,lond037,Control_202,45.0,CP1,-2.580412,50.0,37
LOND,lond037,Control_202,45.0,CP2,0.2965474,50.0,37
LOND,lond037,Control_202,45.0,P3,9.61548,50.0,37
LOND,lond037,Control_202,45.0,P4,-9.533773,50.0,37
LOND,lond037,Control_202,45.0,C3,4.734046,50.0,37
LOND,lond037,Control_202,45.0,C4,-0.2188874,50.0,37
LOND,lond037,Control_202,45.0,P7,2.209387,50.0,37
LOND,lond037,Control_202,45.0,P8,-1.879027,50.0,37
LOND,lond037,Control_202,45.0,O1,-2.17904,50.0,37
LOND,lond037,Control_202,45.0,O2,-8.437198,50.0,37
LOND,lond037,Control_202,41.0,Pz,5.943725,57.0,69
LOND,lond037,Control_202,41.0,Cz,4.063797,57.0,69
LOND,lond037,Control_202,41.0,CP1,5.661068,57.0,69
LOND,lond037,Control_202,41.0,CP2,10.86906,57.0,69
LOND,lond037,Control_202,41.0,P3,-2.690135,57.0,69
LOND,lond037,Control_202,41.0,P4,16.48897,57.0,69
LOND,lond037,Control_202,41.0,C3,-0.8911587,57.0,69
LOND,lond037,Control_202,41.0,C4,22.97369,57.0,69
LOND,lond037,Control_202,41.0,P7,-2.396521,57.0,69
LOND,lond037,Control_202,41.0,P8,7.946834,57.0,69
LOND,lond037,Control_202,41.0,O1,6.579155,57.0,69
LOND,lond037,Control_202,41.0,O2,9.971946,57.0,69
LOND,lond037,Violation_201,42.0,Pz,2.306248,44.0,90
LOND,lond037,Violation_201,42.0,Cz,6.157222,44.0,90
LOND,lond037,Violation_201,42.0,CP1,13.19061,44.0,90
LOND,lond037,Violation_201,42.0,CP2,2.603356,44.0,90
LOND,lond037,Violation_201,42.0,P3,-0.06316686,44.0,90
LOND,lond037,Violation_201,42.0,P4,10.2071,44.0,90
LOND,lond037,Violation_201,42.0,C3,3.297903,44.0,90
LOND,lond037,Violation_201,42.0,C4,12.37854,44.0,90
LOND,lond037,Violation_201,42.0,P7,3.854719,44.0,90
LOND,lond037,Violation_201,42.0,P8,5.301456,44.0,90
LOND,lond037,Violation_201,42.0,O1,-0.5751296,44.0,90
LOND,lond037,Violation_201,42.0,O2,0.6700627,44.0,90
LOND,lond037,Violation_201,74.0,Pz,-8.438931,62.0,70
LOND,lond037,Violation_201,74.0,Cz,-17.67755,62.0,70
LOND,lond037,Violation_201,74.0,CP1,-7.70593,62.0,70
LOND,lond037,Violation_201,74.0,CP2,-6.068437,62.0,70
LOND,lond037,Violation_201,74.0,P3,-24.11682,62.0,70
LOND,lond037,Violation_201,74.0,P4,1.544696,62.0,70
LOND,lond037,Violation_201,74.0,C3,-16.6585,62.0,70
LOND,lond037,Violation_201,74.0,C4,-16.0356,62.0,70
LOND,lond037,Violation_201,74.0,P7,-7.505574,62.0,70
LOND,lond037,Violation_201,74.0,P8,-6.958897,62.0,70
LOND,lond037,Violation_201,74.0,O1,-1.104378,62.0,70
LOND,lond037,Violation_201,74.0,O2,-3.677433,62.0,70
LOND,lond037,Control_202,61.0,Pz,6.020884,74.0,93
LOND,lond037,Control_202,61.0,Cz,4.589536,74.0,93
LOND,lond037,Control_202,61.0,CP1,6.067354,74.0,93
LOND,lond037,Control_202,61.0,CP2,11.24281,74.0,93
LOND,lond037,Control_202,61.0,P3,14.03617,74.0,93
LOND,lond037,Control_202,61.0,P4,13.21454,74.0,93
LOND,lond037,Control_202,61.0,C3,17.85987,74.0,93
LOND,lond037,Control_202,61.0,C4,8.490557,74.0,93
LOND,lond037,Control_202,61.0,P7,5.574481,74.0,93
LOND,lond037,Control_202,61.0,P8,8.655863,74.0,93
LOND,lond037,Control_202,61.0,O1,16.84977,74.0,93
LOND,lond037,Control_202,61.0,O2,9.469444,74.0,93
LOND,lond037,Control_202,73.0,Pz,-23.60771,65.0,93
LOND,lond037,Control_202,73.0,Cz,-27.59667,65.0,93
LOND,lond037,Control_202,73.0,CP1,-15.62731,65.0,93
LOND,lond037,Control_202,73.0,CP2,-26.92409,65.0,93
LOND,lond037,Control_202,73.0,P3,-35.45179,65.0,93
LOND,lond037,Control_202,73.0,P4,-25.93812,65.0,93
LOND,lond037,Control_202,73.0,C3,-29.60769,65.0,93
LOND,lond037,Control_202,73.0,C4,-28.77013,65.0,93
LOND,lond037,Control_202,73.0,P7,-19.66317,65.0,93
LOND,lond037,Control_202,73.0,P8,-23.15936,65.0,93
LOND,lond037,Control_202,73.0,O1,-21.75798,65.0,93
LOND,lond037,Control_202,73.0,O2,-16.1188,65.0,93
LOND,lond037,Violation_201,66.0,Pz,10.19033,72.0,90
LOND,lond037,Violation_201,66.0,Cz,4.342332,72.0,90
LOND,lond037,Violation_201,66.0,CP1,28.74871,72.0,90
LOND,lond037,Violation_201,66.0,CP2,10.75479,72.0,90
LOND,lond037,Violation_201,66.0,P3,19.67042,72.0,90
LOND,lond037,Violation_201,66.0,P4,11.66533,72.0,90
LOND,lond037,Violation_201,66.0,C3,3.774679,72.0,90
LOND,lond037,Violation_201,66.0,C4,-1.876172,72.0,90
LOND,lond037,Violation_201,66.0,P7,4.695599,72.0,90
LOND,lond037,Violation_201,66.0,P8,1.173502,72.0,90
LOND,lond037,Violation_201,66.0,O1,13.14729,72.0,90
LOND,lond037,Violation_201,66.0,O2,4.82679,72.0,90
LOND,lond037,Control_202,65.0,Pz,11.55863,71.0,90
LOND,lond037,Control_202,65.0,Cz,14.1754,71.0,90
LOND,lond037,Control_202,65.0,CP1,14.71798,71.0,90
LOND,lond037,Control_202,65.0,CP2,15.98302,71.0,90
LOND,lond037,Control_202,65.0,P3,6.756135,71.0,90
LOND,lond037,Control_202,65.0,P4,4.47749,71.0,90
LOND,lond037,Control_202,65.0,C3,14.64299,71.0,90
LOND,lond037,Control_202,65.0,C4,7.417029,71.0,90
LOND,lond037,Control_202,65.0,P7,4.720787,71.0,90
LOND,lond037,Control_202,65.0,P8,10.11145,71.0,90
LOND,lond037,Control_202,65.0,O1,6.859485,71.0,90
LOND,lond037,Control_202,65.0,O2,3.719647,71.0,90
LOND,lond037,Violation_201,62.0,Pz,2.045354,61.0,34
LOND,lond037,Violation_201,62.0,Cz,-1.353643,61.0,34
LOND,lond037,Violation_201,62.0,CP1,-11.75188,61.0,34
LOND,lond037,Violation_201,62.0,CP2,3.098766,61.0,34
LOND,lond037,Violation_201,62.0,P3,-10.90764,61.0,34
LOND,lond037,Violation_201,62.0,P4,13.83954,61.0,34
LOND,lond037,Violation_201,62.0,C3,7.348153,61.0,34
LOND,lond037,Violation_201,62.0,C4,1.570998,61.0,34
LOND,lond037,Violation_201,62.0,P7,3.356077,61.0,34
LOND,lond037,Violation_201,62.0,P8,4.491855,61.0,34
LOND,lond037,Violation_201,62.0,O1,5.738513,61.0,34
LOND,lond037,Violation_201,62.0,O2,3.169666,61.0,34
LOND,lond037,Control_202,77.0,Pz,7.075367,69.0,93
LOND,lond037,Control_202,77.0,Cz,5.658021,69.0,93
LOND,lond037,Control_202,77.0,CP1,12.83641,69.0,93
LOND,lond037,Control_202,77.0,CP2,7.125228,69.0,93
LOND,lond037,Control_202,77.0,P3,-16.76579,69.0,93
LOND,lond037,Control_202,77.0,P4,8.871192,69.0,93
LOND,lond037,Control_202,77.0,C3,4.731509,69.0,93
LOND,lond037,Control_202,77.0,C4,7.554518,69.0,93
LOND,lond037,Control_202,77.0,P7,-0.5367914,69.0,93
LOND,lond037,Control_202,77.0,P8,-2.737816,69.0,93
LOND,lond037,Control_202,77.0,O1,-2.558592,69.0,93
LOND,lond037,Control_202,77.0,O2,-3.749602,69.0,93
LOND,lond037,Control_202,69.0,Pz,-1.788666,76.0,90
LOND,lond037,Control_202,69.0,Cz,-17.319,76.0,90
LOND,lond037,Control_202,69.0,CP1,-22.11481,76.0,90
LOND,lond037,Control_202,69.0,CP2,-19.05568,76.0,90
LOND,lond037,Control_202,69.0,P3,-15.10209,76.0,90
LOND,lond037,Control_202,69.0,P4,-18.51985,76.0,90
LOND,lond037,Control_202,69.0,C3,-18.0898,76.0,90
LOND,lond037,Control_202,69.0,C4,-13.9075,76.0,90
LOND,lond037,Control_202,69.0,P7,-11.72439,76.0,90
LOND,lond037,Control_202,69.0,P8,-16.08293,76.0,90
LOND,lond037,Control_202,69.0,O1,-1.078391,76.0,90
LOND,lond037,Control_202,69.0,O2,-4.498363,76.0,90
LOND,lond037,Violation_201,78.0,Pz,-14.48813,78.0,97
LOND,lond037,Violation_201,78.0,Cz,-10.97406,78.0,97
LOND,lond037,Violation_201,78.0,CP1,-10.11601,78.0,97
LOND,lond037,Violation_201,78.0,CP2,-13.8418,78.0,97
LOND,lond037,Violation_201,78.0,P3,-15.99463,78.0,97
LOND,lond037,Violation_201,78.0,P4,-1.854337,78.0,97
LOND,lond037,Violation_201,78.0,C3,-17.73895,78.0,97
LOND,lond037,Violation_201,78.0,C4,-11.3872,78.0,97
LOND,lond037,Violation_201,78.0,P7,-2.703963,78.0,97
LOND,lond037,Violation_201,78.0,P8,-7.966056,78.0,97
LOND,lond037,Violation_201,78.0,O1,-4.632271,78.0,97
LOND,lond037,Violation_201,78.0,O2,-20.4088,78.0,97
LOND,lond037,Violation_201,70.0,Pz,-15.85159,67.0,87
LOND,lond037,Violation_201,70.0,Cz,-18.08166,67.0,87
LOND,lond037,Violation_201,70.0,CP1,-20.39402,67.0,87
LOND,lond037,Violation_201,70.0,CP2,-16.19427,67.0,87
LOND,lond037,Violation_201,70.0,P3,2.224405,67.0,87
LOND,lond037,Violation_201,70.0,P4,-26.92144,67.0,87
LOND,lond037,Violation_201,70.0,C3,-16.33047,67.0,87
LOND,lond037,Violation_201,70.0,C4,-24.21998,67.0,87
LOND,lond037,Violation_201,70.0,P7,-9.82756,67.0,87
LOND,lond037,Violation_201,70.0,P8,-9.942357,67.0,87
LOND,lond037,Violation_201,70.0,O1,-2.539025,67.0,87
LOND,lond037,Violation_201,70.0,O2,-8.037698,67.0,87
LOND,lond038,Control_202,3.0,Pz,-14.64141,3.0,100
LOND,lond038,Control_202,3.0,Cz,-6.899433,3.0,100
LOND,lond038,Control_202,3.0,CP1,-8.288219,3.0,100
LOND,lond038,Control_202,3.0,CP2,-2.778363,3.0,100
LOND,lond038,Control_202,3.0,P3,-8.462886,3.0,100
LOND,lond038,Control_202,3.0,P4,-26.46638,3.0,100
LOND,lond038,Control_202,3.0,C3,-3.887926,3.0,100
LOND,lond038,Control_202,3.0,C4,-3.688649,3.0,100
LOND,lond038,Control_202,3.0,P7,0.5665634,3.0,100
LOND,lond038,Control_202,3.0,P8,-13.88637,3.0,100
LOND,lond038,Control_202,3.0,O1,-5.883606,3.0,100
LOND,lond038,Control_202,3.0,O2,-18.3619,3.0,100
LOND,lond038,Violation_201,12.0,Pz,-16.62935,14.0,90
LOND,lond038,Violation_201,12.0,Cz,-24.10348,14.0,90
LOND,lond038,Violation_201,12.0,CP1,-26.55585,14.0,90
LOND,lond038,Violation_201,12.0,CP2,-23.31891,14.0,90
LOND,lond038,Violation_201,12.0,P3,-15.11409,14.0,90
LOND,lond038,Violation_201,12.0,P4,-11.17913,14.0,90
LOND,lond038,Violation_201,12.0,C3,-26.94947,14.0,90
LOND,lond038,Violation_201,12.0,C4,-26.91601,14.0,90
LOND,lond038,Violation_201,12.0,P7,-15.3201,14.0,90
LOND,lond038,Violation_201,12.0,P8,-15.68256,14.0,90
LOND,lond038,Violation_201,12.0,O1,-12.28312,14.0,90
LOND,lond038,Violation_201,12.0,O2,-11.66863,14.0,90
LOND,lond038,Violation_201,8.0,Pz,-8.322374,15.0,90
LOND,lond038,Violation_201,8.0,Cz,-10.62984,15.0,90
LOND,lond038,Violation_201,8.0,CP1,-11.02515,15.0,90
LOND,lond038,Violation_201,8.0,CP2,-10.99744,15.0,90
LOND,lond038,Violation_201,8.0,P3,-3.157392,15.0,90
LOND,lond038,Violation_201,8.0,P4,0.9627206,15.0,90
LOND,lond038,Violation_201,8.0,C3,-9.866244,15.0,90
LOND,lond038,Violation_201,8.0,C4,-12.97203,15.0,90
LOND,lond038,Violation_201,8.0,P7,-9.769222,15.0,90
LOND,lond038,Violation_201,8.0,P8,-7.003327,15.0,90
LOND,lond038,Violation_201,8.0,O1,-13.49476,15.0,90
LOND,lond038,Violation_201,8.0,O2,-10.49542,15.0,90
LOND,lond038,Violation_201,4.0,Pz,22.59943,12.0,100
LOND,lond038,Violation_201,4.0,Cz,18.54062,12.0,100
LOND,lond038,Violation_201,4.0,CP1,16.54738,12.0,100
LOND,lond038,Violation_201,4.0,CP2,17.17237,12.0,100
LOND,lond038,Violation_201,4.0,P3,17.28003,12.0,100
LOND,lond038,Violation_201,4.0,P4,20.5134,12.0,100
LOND,lond038,Violation_201,4.0,C3,12.85305,12.0,100
LOND,lond038,Violation_201,4.0,C4,14.34012,12.0,100
LOND,lond038,Violation_201,4.0,P7,11.44507,12.0,100
LOND,lond038,Violation_201,4.0,P8,14.19094,12.0,100
LOND,lond038,Violation_201,4.0,O1,18.72339,12.0,100
LOND,lond038,Violation_201,4.0,O2,16.30433,12.0,100
LOND,lond038,Control_202,15.0,Pz,-16.41899,19.0,100
LOND,lond038,Control_202,15.0,Cz,-17.91219,19.0,100
LOND,lond038,Control_202,15.0,CP1,-8.170741,19.0,100
LOND,lond038,Control_202,15.0,CP2,-6.613143,19.0,100
LOND,lond038,Control_202,15.0,P3,-15.01858,19.0,100
LOND,lond038,Control_202,15.0,P4,-11.97155,19.0,100
LOND,lond038,Control_202,15.0,C3,-8.647634,19.0,100
LOND,lond038,Control_202,15.0,C4,-14.58223,19.0,100
LOND,lond038,Control_202,15.0,P7,-3.302717,19.0,100
LOND,lond038,Control_202,15.0,P8,-1.659594,19.0,100
LOND,lond038,Control_202,15.0,O1,-3.570336,19.0,100
LOND,lond038,Control_202,15.0,O2,-4.860619,19.0,100
LOND,lond038,Violation_201,16.0,Pz,11.77882,17.0,62
LOND,lond038,Violation_201,16.0,Cz,16.28382,17.0,62
LOND,lond038,Violation_201,16.0,CP1,14.02478,17.0,62
LOND,lond038,Violation_201,16.0,CP2,20.20909,17.0,62
LOND,lond038,Violation_201,16.0,P3,17.32712,17.0,62
LOND,lond038,Violation_201,16.0,P4,9.146253,17.0,62
LOND,lond038,Violation_201,16.0,C3,16.00714,17.0,62
LOND,lond038,Violation_201,16.0,C4,6.817538,17.0,62
LOND,lond038,Violation_201,16.0,P7,17.75082,17.0,62
LOND,lond038,Violation_201,16.0,P8,1.610731,17.0,62
LOND,lond038,Violation_201,16.0,O1,13.46845,17.0,62
LOND,lond038,Violation_201,16.0,O2,14.80949,17.0,62
LOND,lond038,Control_202,7.0,Pz,-21.09906,4.0,93
LOND,lond038,Control_202,7.0,Cz,-23.19433,4.0,93
LOND,lond038,Control_202,7.0,CP1,-18.41792,4.0,93
LOND,lond038,Control_202,7.0,CP2,-13.75001,4.0,93
LOND,lond038,Control_202,7.0,P3,-18.24894,4.0,93
LOND,lond038,Control_202,7.0,P4,-21.12995,4.0,93
LOND,lond038,Control_202,7.0,C3,-23.98322,4.0,93
LOND,lond038,Control_202,7.0,C4,-17.9663,4.0,93
LOND,lond038,Control_202,7.0,P7,-19.89777,4.0,93
LOND,lond038,Control_202,7.0,P8,-26.3455,4.0,93
LOND,lond038,Control_202,7.0,O1,-23.695,4.0,93
LOND,lond038,Control_202,7.0,O2,-13.48134,4.0,93
LOND,lond038,Violation_201,20.0,Pz,22.81116,11.0,87
LOND,lond038,Violation_201,20.0,Cz,21.16473,11.0,87
LOND,lond038,Violation_201,20.0,CP1,25.93767,11.0,87
LOND,lond038,Violation_201,20.0,CP2,21.32738,11.0,87
LOND,lond038,Violation_201,20.0,P3,21.05878,11.0,87
LOND,lond038,Violation_201,20.0,P4,15.46029,11.0,87
LOND,lond038,Violation_201,20.0,C3,18.8651,11.0,87
LOND,lond038,Violation_201,20.0,C4,20.67911,11.0,87
LOND,lond038,Violation_201,20.0,P7,16.48306,11.0,87
LOND,lond038,Violation_201,20.0,P8,12.66135,11.0,87
LOND,lond038,Violation_201,20.0,O1,13.10878,11.0,87
LOND,lond038,Violation_201,20.0,O2,10.25406,11.0,87
LOND,lond038,Control_202,19.0,Pz,-4.256114,13.0,97
LOND,lond038,Control_202,19.0,Cz,0.5677913,13.0,97
LOND,lond038,Control_202,19.0,CP1,-8.990087,13.0,97
LOND,lond038,Control_202,19.0,CP2,-6.509003,13.0,97
LOND,lond038,Control_202,19.0,P3,-2.050324,13.0,97
LOND,lond038,Control_202,19.0,P4,1.193204,13.0,97
LOND,lond038,Control_202,19.0,C3,-0.2631738,13.0,97
LOND,lond038,Control_202,19.0,C4,-8.20613,13.0,97
LOND,lond038,Control_202,19.0,P7,1.784031,13.0,97
LOND,lond038,Control_202,19.0,P8,-9.667551,13.0,97
LOND,lond038,Control_202,19.0,O1,-3.64254,13.0,97
LOND,lond038,Control_202,19.0,O2,1.596109,13.0,97
LOND,lond038,Control_202,11.0,Pz,-12.47509,7.0,80
LOND,lond038,Control_202,11.0,Cz,-10.78273,7.0,80
LOND,lond038,Control_202,11.0,CP1,-8.753568,7.0,80
LOND,lond038,Control_202,11.0,CP2,-18.6966,7.0,80
LOND,lond038,Control_202,11.0,P3,-13.21,7.0,80
LOND,lond038,Control_202,11.0,P4,0.4464475,7.0,80
LOND,lond038,Control_202,11.0,C3,-15.4039,7.0,80
LOND,lond038,Control_202,11.0,C4,-9.791988,7.0,80
LOND,lond038,Control_202,11.0,P7,-21.93203,7.0,80
LOND,lond038,Control_202,11.0,P8,-13.28037,7.0,80
LOND,lond038,Control_202,11.0,O1,-16.74454,7.0,80
LOND,lond038,Control_202,11.0,O2,-6.940445,7.0,80
LOND,lond038,Control_202,31.0,Pz,20.95686,35.0,97
LOND,lond038,Control_202,31.0,Cz,23.17765,35.0,97
LOND,lond038,Control_202,31.0,CP1,21.08366,35.0,97
LOND,lond038,Control_202,31.0,CP2,15.51612,35.0,97
LOND,lond038,Control_202,31.0,P3,23.68982,35.0,97
LOND,lond038,Control_202,31.0,P4,31.88158,35.0,97
LOND,lond038,Control_202,31.0,C3,18.7707,35.0,97
LOND,lond038,Control_202,31.0,C4,38.01981,35.0,97
LOND,lond038,Control_202,31.0,P7,22.93601,35.0,97
LOND,lond038,Control_202,31.0,P8,19.834,35.0,97
LOND,lond038,Control_202,31.0,O1,23.73806,35.0,97
LOND,lond038,Control_202,31.0,O2,26.1945,35.0,97
LOND,lond038,Control_202,27.0,Pz,-16.85328,40.0,93
LOND,lond038,Control_202,27.0,Cz,-16.02817,40.0,93
LOND,lond038,Control_202,27.0,CP1,-14.98,40.0,93
LOND,lond038,Control_202,27.0,CP2,-11.6947,40.0,93
LOND,lond038,Control_202,27.0,P3,-19.0222,40.0,93
LOND,lond038,Control_202,27.0,P4,-13.48587,40.0,93
LOND,lond038,Control_202,27.0,C3,-17.65343,40.0,93
LOND,lond038,Control_202,27.0,C4,-18.01551,40.0,93
LOND,lond038,Control_202,27.0,P7,-17.30208,40.0,93
LOND,lond038,Control_202,27.0,P8,-12.86682,40.0,93
LOND,lond038,Control_202,27.0,O1,-12.39632,40.0,93
LOND,lond038,Control_202,27.0,O2,-14.37289,40.0,93
LOND,lond038,Control_202,23.0,Pz,23.39009,30.0,90
LOND,lond038,Control_202,23.0,Cz,29.57982,30.0,90
LOND,lond038,Control_202,23.0,CP1,22.91234,30.0,90
LOND,lond038,Control_202,23.0,CP2,19.09176,30.0,90
LOND,lond038,Control_202,23.0,P3,24.23525,30.0,90
LOND,lond038,Control_202,23.0,P4,17.95797,30.0,90
LOND,lond038,Control_202,23.0,C3,30.05996,30.0,90
LOND,lond038,Control_202,23.0,C4,26.3089,30.0,90
LOND,lond038,Control_202,23.0,P7,20.42373,30.0,90
LOND,lond038,Control_202,23.0,P8,19.10211,30.0,90
LOND,lond038,Control_202,23.0,O1,17.4458,30.0,90
LOND,lond038,Control_202,23.0,O2,8.831338,30.0,90
LOND,lond038,Violation_201,40.0,Pz,-1.40494,34.0,97
LOND,lond038,Violation_201,40.0,Cz,-8.61713,34.0,97
LOND,lond038,Violation_201,40.0,CP1,-8.579942,34.0,97
LOND,lond038,Violation_201,40.0,CP2,-5.051168,34.0,97
LOND,lond038,Violation_201,40.0,P3,-12.62307,34.0,97
LOND,lond038,Violation_201,40.0,P4,-7.014687,34.0,97
LOND,lond038,Violation_201,40.0,C3,-17.01274,34.0,97
LOND,lond038,Violation_201,40.0,C4,-6.087538,34.0,97
LOND,lond038,Violation_201,40.0,P7,-17.63956,34.0,97
LOND,lond038,Violation_201,40.0,P8,-3.958562,34.0,97
LOND,lond038,Violation_201,40.0,O1,-7.645762,34.0,97
LOND,lond038,Violation_201,40.0,O2,3.65612,34.0,97
LOND,lond038,Violation_201,32.0,Pz,18.40987,28.0,27
LOND,lond038,Violation_201,32.0,Cz,21.13434,28.0,27
LOND,lond038,Violation_201,32.0,CP1,22.49787,28.0,27
LOND,lond038,Violation_201,32.0,CP2,22.77542,28.0,27
LOND,lond038,Violation_201,32.0,P3,13.54755,28.0,27
LOND,lond038,Violation_201,32.0,P4,11.0369,28.0,27
LOND,lond038,Violation_201,32.0,C3,20.46503,28.0,27
LOND,lond038,Violation_201,32.0,C4,10.47023,28.0,27
LOND,lond038,Violation_201,32.0,P7,16.01464,28.0,27
LOND,lond038,Violation_201,32.0,P8,16.59315,28.0,27
LOND,lond038,Violation_201,32.0,O1,16.63012,28.0,27
LOND,lond038,Violation_201,32.0,O2,14.08613,28.0,27
LOND,lond038,Control_202,35.0,Pz,16.75497,29.0,90
LOND,lond038,Control_202,35.0,Cz,17.30818,29.0,90
LOND,lond038,Control_202,35.0,CP1,23.28419,29.0,90
LOND,lond038,Control_202,35.0,CP2,19.51486,29.0,90
LOND,lond038,Control_202,35.0,P3,30.09344,29.0,90
LOND,lond038,Control_202,35.0,P4,11.65451,29.0,90
LOND,lond038,Control_202,35.0,C3,24.8221,29.0,90
LOND,lond038,Control_202,35.0,C4,4.847246,29.0,90
LOND,lond038,Control_202,35.0,P7,29.87312,29.0,90
LOND,lond038,Control_202,35.0,P8,18.64398,29.0,90
LOND,lond038,Control_202,35.0,O1,37.6598,29.0,90
LOND,lond038,Control_202,35.0,O2,19.50666,29.0,90
LOND,lond038,Violation_201,28.0,Pz,-6.881982,32.0,80
LOND,lond038,Violation_201,28.0,Cz,-11.6708,32.0,80
LOND,lond038,Violation_201,28.0,CP1,-10.32382,32.0,80
LOND,lond038,Violation_201,28.0,CP2,-13.44221,32.0,80
LOND,lond038,Violation_201,28.0,P3,-8.300776,32.0,80
LOND,lond038,Violation_201,28.0,P4,-4.104784,32.0,80
LOND,lond038,Violation_201,28.0,C3,-16.38189,32.0,80
LOND,lond038,Violation_201,28.0,C4,0.9924095,32.0,80
LOND,lond038,Violation_201,28.0,P7,-14.20466,32.0,80
LOND,lond038,Violation_201,28.0,P8,-0.1288056,32.0,80
LOND,lond038,Violation_201,28.0,O1,-9.320978,32.0,80
LOND,lond038,Violation_201,28.0,O2,-4.475506,32.0,80
LOND,lond038,Control_202,39.0,Pz,-2.294448,33.0,53
LOND,lond038,Control_202,39.0,Cz,-3.139052,33.0,53
LOND,lond038,Control_202,39.0,CP1,-6.160225,33.0,53
LOND,lond038,Control_202,39.0,CP2,5.195441,33.0,53
LOND,lond038,Control_202,39.0,P3,0.581381,33.0,53
LOND,lond038,Control_202,39.0,P4,1.843869,33.0,53
LOND,lond038,Control_202,39.0,C3,-0.7289987,33.0,53
LOND,lond038,Control_202,39.0,C4,-2.566921,33.0,53
LOND,lond038,Control_202,39.0,P7,1.002335,33.0,53
LOND,lond038,Control_202,39.0,P8,0.459989,33.0,53
LOND,lond038,Control_202,39.0,O1,-1.282636,33.0,53
LOND,lond038,Control_202,39.0,O2,1.085864,33.0,53
LOND,lond038,Violation_201,24.0,Pz,17.429,38.0,93
LOND,lond038,Violation_201,24.0,Cz,17.12023,38.0,93
LOND,lond038,Violation_201,24.0,CP1,20.50793,38.0,93
LOND,lond038,Violation_201,24.0,CP2,17.82431,38.0,93
LOND,lond038,Violation_201,24.0,P3,19.10297,38.0,93
LOND,lond038,Violation_201,24.0,P4,21.31952,38.0,93
LOND,lond038,Violation_201,24.0,C3,21.32699,38.0,93
LOND,lond038,Violation_201,24.0,C4,18.10013,38.0,93
LOND,lond038,Violation_201,24.0,P7,15.31742,38.0,93
LOND,lond038,Violation_201,24.0,P8,23.09701,38.0,93
LOND,lond038,Violation_201,24.0,O1,18.32083,38.0,93
LOND,lond038,Violation_201,24.0,O2,19.07074,38.0,93
LOND,lond038,Violation_201,36.0,Pz,24.58149,22.0,53
LOND,lond038,Violation_201,36.0,Cz,34.59377,22.0,53
LOND,lond038,Violation_201,36.0,CP1,31.80228,22.0,53
LOND,lond038,Violation_201,36.0,CP2,22.04131,22.0,53
LOND,lond038,Violation_201,36.0,P3,22.72774,22.0,53
LOND,lond038,Violation_201,36.0,P4,21.67993,22.0,53
LOND,lond038,Violation_201,36.0,C3,26.84283,22.0,53
LOND,lond038,Violation_201,36.0,C4,30.43308,22.0,53
LOND,lond038,Violation_201,36.0,P7,12.60242,22.0,53
LOND,lond038,Violation_201,36.0,P8,13.06988,22.0,53
LOND,lond038,Violation_201,36.0,O1,11.31862,22.0,53
LOND,lond038,Violation_201,36.0,O2,12.87155,22.0,53
LOND,lond038,Violation_201,52.0,Pz,-17.61752,58.0,73
LOND,lond038,Violation_201,52.0,Cz,-27.94773,58.0,73
LOND,lond038,Violation_201,52.0,CP1,-15.78423,58.0,73
LOND,lond038,Violation_201,52.0,CP2,-24.48807,58.0,73
LOND,lond038,Violation_201,52.0,P3,-26.61979,58.0,73
LOND,lond038,Violation_201,52.0,P4,-15.55295,58.0,73
LOND,lond038,Violation_201,52.0,C3,-22.38762,58.0,73
LOND,lond038,Violation_201,52.0,C4,-23.53573,58.0,73
LOND,lond038,Violation_201,52.0,P7,-29.4453,58.0,73
LOND,lond038,Violation_201,52.0,P8,-15.00539,58.0,73
LOND,lond038,Violation_201,52.0,O1,-22.09268,58.0,73
LOND,lond038,Violation_201,52.0,O2,-11.36153,58.0,73
LOND,lond038,Control_202,47.0,Pz,7.288787,55.0,93
LOND,lond038,Control_202,47.0,Cz,11.96639,55.0,93
LOND,lond038,Control_202,47.0,CP1,8.914441,55.0,93
LOND,lond038,Control_202,47.0,CP2,0.2982651,55.0,93
LOND,lond038,Control_202,47.0,P3,12.44737,55.0,93
LOND,lond038,Control_202,47.0,P4,6.811903,55.0,93
LOND,lond038,Control_202,47.0,C3,7.666289,55.0,93
LOND,lond038,Control_202,47.0,C4,8.691069,55.0,93
LOND,lond038,Control_202,47.0,P7,6.989829,55.0,93
LOND,lond038,Control_202,47.0,P8,4.552378,55.0,93
LOND,lond038,Control_202,47.0,O1,4.58005,55.0,93
LOND,lond038,Control_202,47.0,O2,-1.961881,55.0,93
LOND,lond038,Control_202,55.0,Pz,-18.36343,42.0,37
LOND,lond038,Control_202,55.0,Cz,-21.01346,42.0,37
LOND,lond038,Control_202,55.0,CP1,-19.35069,42.0,37
LOND,lond038,Control_202,55.0,CP2,-20.25342,42.0,37
LOND,lond038,Control_202,55.0,P3,-24.64951,42.0,37
LOND,lond038,Control_202,55.0,P4,-16.3398,42.0,37
LOND,lond038,Control_202,55.0,C3,-25.09412,42.0,37
LOND,lond038,Control_202,55.0,C4,-8.871727,42.0,37
LOND,lond038,Control_202,55.0,P7,-14.81128,42.0,37
LOND,lond038,Control_202,55.0,P8,-8.896175,42.0,37
LOND,lond038,Control_202,55.0,O1,-17.18032,42.0,37
LOND,lond038,Control_202,55.0,O2,-11.1473,42.0,37
LOND,lond038,Violation_201,48.0,Pz,12.00471,41.0,100
LOND,lond038,Violation_201,48.0,Cz,9.630498,41.0,100
LOND,lond038,Violation_201,48.0,CP1,10.19854,41.0,100
LOND,lond038,Violation_201,48.0,CP2,4.423199,41.0,100
LOND,lond038,Violation_201,48.0,P3,12.31545,41.0,100
LOND,lond038,Violation_201,48.0,P4,10.96107,41.0,100
LOND,lond038,Violation_201,48.0,C3,10.86884,41.0,100
LOND,lond038,Violation_201,48.0,C4,19.82584,41.0,100
LOND,lond038,Violation_201,48.0,P7,14.00238,41.0,100
LOND,lond038,Violation_201,48.0,P8,10.56421,41.0,100
LOND,lond038,Violation_201,48.0,O1,14.70073,41.0,100
LOND,lond038,Violation_201,48.0,O2,14.16592,41.0,100
LOND,lond038,Violation_201,43.0,Pz,-27.04278,52.0,87
LOND,lond038,Violation_201,43.0,Cz,-30.76842,52.0,87
LOND,lond038,Violation_201,43.0,CP1,-32.57367,52.0,87
LOND,lond038,Violation_201,43.0,CP2,-29.25166,52.0,87
LOND,lond038,Violation_201,43.0,P3,-24.75584,52.0,87
LOND,lond038,Violation_201,43.0,P4,-31.52392,52.0,87
LOND,lond038,Violation_201,43.0,C3,-27.42821,52.0,87
LOND,lond038,Violation_201,43.0,C4,-34.94408,52.0,87
LOND,lond038,Violation_201,43.0,P7,-18.65577,52.0,87
LOND,lond038,Violation_201,43.0,P8,-17.69241,52.0,87
LOND,lond038,Violation_201,43.0,O1,-16.84763,52.0,87
LOND,lond038,Violation_201,43.0,O2,-19.86577,52.0,87
LOND,lond038,Violation_201,60.0,Pz,11.83707,44.0,90
LOND,lond038,Violation_201,60.0,Cz,17.40037,44.0,90
LOND,lond038,Violation_201,60.0,CP1,16.50467,44.0,90
LOND,lond038,Violation_201,60.0,CP2,22.96675,44.0,90
LOND,lond038,Violation_201,60.0,P3,8.063315,44.0,90
LOND,lond038,Violation_201,60.0,P4,12.15482,44.0,90
LOND,lond038,Violation_201,60.0,C3,18.02921,44.0,90
LOND,lond038,Violation_201,60.0,C4,20.26001,44.0,90
LOND,lond038,Violation_201,60.0,P7,13.97931,44.0,90
LOND,lond038,Violation_201,60.0,P8,4.858696,44.0,90
LOND,lond038,Violation_201,60.0,O1,8.554141,44.0,90
LOND,lond038,Violation_201,60.0,O2,7.366795,44.0,90
LOND,lond038,Control_202,51.0,Pz,-35.6843,43.0,93
LOND,lond038,Control_202,51.0,Cz,-33.68552,43.0,93
LOND,lond038,Control_202,51.0,CP1,-39.75796,43.0,93
LOND,lond038,Control_202,51.0,CP2,-43.04373,43.0,93
LOND,lond038,Control_202,51.0,P3,-26.15821,43.0,93
LOND,lond038,Control_202,51.0,P4,-39.66982,43.0,93
LOND,lond038,Control_202,51.0,C3,-25.36533,43.0,93
LOND,lond038,Control_202,51.0,C4,-39.45791,43.0,93
LOND,lond038,Control_202,51.0,P7,-6.730365,43.0,93
LOND,lond038,Control_202,51.0,P8,-41.48436,43.0,93
LOND,lond038,Control_202,51.0,O1,-28.62243,43.0,93
LOND,lond038,Control_202,51.0,O2,-37.76459,43.0,93
LOND,lond038,Control_202,59.0,Pz,-14.57917,49.0,40
LOND,lond038,Control_202,59.0,Cz,-11.31917,49.0,40
LOND,lond038,Control_202,59.0,CP1,-15.43782,49.0,40
LOND,lond038,Control_202,59.0,CP2,-13.90076,49.0,40
LOND,lond038,Control_202,59.0,P3,-12.36402,49.0,40
LOND,lond038,Control_202,59.0,P4,-10.45833,49.0,40
LOND,lond038,Control_202,59.0,C3,-10.87376,49.0,40
LOND,lond038,Control_202,59.0,C4,-8.693356,49.0,40
LOND,lond038,Control_202,59.0,P7,-7.753748,49.0,40
LOND,lond038,Control_202,59.0,P8,1.580639,49.0,40
LOND,lond038,Control_202,59.0,O1,-8.547533,49.0,40
LOND,lond038,Control_202,59.0,O2,-4.636647,49.0,40
LOND,lond038,Violation_201,56.0,Pz,16.25864,45.0,67
LOND,lond038,Violation_201,56.0,Cz,8.386147,45.0,67
LOND,lond038,Violation_201,56.0,CP1,12.04851,45.0,67
LOND,lond038,Violation_201,56.0,CP2,15.91238,45.0,67
LOND,lond038,Violation_201,56.0,P3,17.93221,45.0,67
LOND,lond038,Violation_201,56.0,P4,15.74735,45.0,67
LOND,lond038,Violation_201,56.0,C3,11.00447,45.0,67
LOND,lond038,Violation_201,56.0,C4,9.95716,45.0,67
LOND,lond038,Violation_201,56.0,P7,18.56943,45.0,67
LOND,lond038,Violation_201,56.0,P8,26.27938,45.0,67
LOND,lond038,Violation_201,56.0,O1,17.78679,45.0,67
LOND,lond038,Violation_201,56.0,O2,20.4308,45.0,67
LOND,lond038,Control_202,44.0,Pz,14.50605,57.0,69
LOND,lond038,Control_202,44.0,Cz,13.47429,57.0,69
LOND,lond038,Control_202,44.0,CP1,15.70079,57.0,69
LOND,lond038,Control_202,44.0,CP2,11.97966,57.0,69
LOND,lond038,Control_202,44.0,P3,16.06085,57.0,69
LOND,lond038,Control_202,44.0,P4,19.97418,57.0,69
LOND,lond038,Control_202,44.0,C3,16.75202,57.0,69
LOND,lond038,Control_202,44.0,C4,5.449075,57.0,69
LOND,lond038,Control_202,44.0,P7,13.5838,57.0,69
LOND,lond038,Control_202,44.0,P8,15.41485,57.0,69
LOND,lond038,Control_202,44.0,O1,9.748025,57.0,69
LOND,lond038,Control_202,44.0,O2,9.55514,57.0,69
LOND,lond038,Violation_201,76.0,Pz,8.248979,63.0,83
LOND,lond038,Violation_201,76.0,Cz,-5.655081,63.0,83
LOND,lond038,Violation_201,76.0,CP1,-4.022347,63.0,83
LOND,lond038,Violation_201,76.0,CP2,-6.075392,63.0,83
LOND,lond038,Violation_201,76.0,P3,0.01962759,63.0,83
LOND,lond038,Violation_201,76.0,P4,8.494948,63.0,83
LOND,lond038,Violation_201,76.0,C3,-7.696261,63.0,83
LOND,lond038,Violation_201,76.0,C4,-5.321732,63.0,83
LOND,lond038,Violation_201,76.0,P7,5.077188,63.0,83
LOND,lond038,Violation_201,76.0,P8,14.62468,63.0,83
LOND,lond038,Violation_201,76.0,O1,13.69184,63.0,83
LOND,lond038,Violation_201,76.0,O2,10.48587,63.0,83
LOND,lond038,Violation_201,80.0,Pz,-19.43266,79.0,97
LOND,lond038,Violation_201,80.0,Cz,-13.61793,79.0,97
LOND,lond038,Violation_201,80.0,CP1,-9.314942,79.0,97
LOND,lond038,Violation_201,80.0,CP2,-2.510649,79.0,97
LOND,lond038,Violation_201,80.0,P3,-26.1833,79.0,97
LOND,lond038,Violation_201,80.0,P4,-25.17661,79.0,97
LOND,lond038,Violation_201,80.0,C3,-18.20166,79.0,97
LOND,lond038,Violation_201,80.0,C4,-18.56266,79.0,97
LOND,lond038,Violation_201,80.0,P7,-28.63403,79.0,97
LOND,lond038,Violation_201,80.0,P8,-24.12806,79.0,97
LOND,lond038,Violation_201,80.0,O1,-29.6014,79.0,97
LOND,lond038,Violation_201,80.0,O2,-27.69373,79.0,97
LOND,lond038,Violation_201,68.0,Pz,18.42884,61.0,34
LOND,lond038,Violation_201,68.0,Cz,1.856154,61.0,34
LOND,lond038,Violation_201,68.0,CP1,-0.7988205,61.0,34
LOND,lond038,Violation_201,68.0,CP2,24.01205,61.0,34
LOND,lond038,Violation_201,68.0,P3,19.70346,61.0,34
LOND,lond038,Violation_201,68.0,P4,14.50165,61.0,34
LOND,lond038,Violation_201,68.0,C3,-2.835676,61.0,34
LOND,lond038,Violation_201,68.0,C4,-6.742545,61.0,34
LOND,lond038,Violation_201,68.0,P7,1.997845,61.0,34
LOND,lond038,Violation_201,68.0,P8,2.87903,61.0,34
LOND,lond038,Violation_201,68.0,O1,25.55929,61.0,34
LOND,lond038,Violation_201,68.0,O2,13.18204,61.0,34
LOND,lond038,Violation_201,64.0,Pz,29.57902,80.0,97
LOND,lond038,Violation_201,64.0,Cz,26.32876,80.0,97
LOND,lond038,Violation_201,64.0,CP1,37.89598,80.0,97
LOND,lond038,Violation_201,64.0,CP2,24.106,80.0,97
LOND,lond038,Violation_201,64.0,P3,36.32458,80.0,97
LOND,lond038,Violation_201,64.0,P4,40.39292,80.0,97
LOND,lond038,Violation_201,64.0,C3,26.25004,80.0,97
LOND,lond038,Violation_201,64.0,C4,37.02908,80.0,97
LOND,lond038,Violation_201,64.0,P7,36.19672,80.0,97
LOND,lond038,Violation_201,64.0,P8,33.21281,80.0,97
LOND,lond038,Violation_201,64.0,O1,33.05126,80.0,97
LOND,lond038,Violation_201,64.0,O2,42.79591,80.0,97
LOND,lond038,Violation_201,72.0,Pz,-29.12704,71.0,90
LOND,lond038,Violation_201,72.0,Cz,-33.76312,71.0,90
LOND,lond038,Violation_201,72.0,CP1,-35.05592,71.0,90
LOND,lond038,Violation_201,72.0,CP2,-18.11544,71.0,90
LOND,lond038,Violation_201,72.0,P3,-25.72861,71.0,90
LOND,lond038,Violation_201,72.0,P4,-22.05469,71.0,90
LOND,lond038,Violation_201,72.0,C3,-35.19241,71.0,90
LOND,lond038,Violation_201,72.0,C4,-39.33913,71.0,90
LOND,lond038,Violation_201,72.0,P7,-29.03654,71.0,90
LOND,lond038,Violation_201,72.0,P8,-27.78153,71.0,90
LOND,lond038,Violation_201,72.0,O1,-29.88345,71.0,90
LOND,lond038,Violation_201,72.0,O2,-13.97988,71.0,90
LOND,lond038,Control_202,71.0,Pz,-4.87361,73.0,80
LOND,lond038,Control_202,71.0,Cz,4.275516,73.0,80
LOND,lond038,Control_202,71.0,CP1,2.598779,73.0,80
LOND,lond038,Control_202,71.0,CP2,1.154432,73.0,80
LOND,lond038,Control_202,71.0,P3,-6.773681,73.0,80
LOND,lond038,Control_202,71.0,P4,-12.40928,73.0,80
LOND,lond038,Control_202,71.0,C3,6.724037,73.0,80
LOND,lond038,Control_202,71.0,C4,5.794952,73.0,80
LOND,lond038,Control_202,71.0,P7,3.184486,73.0,80
LOND,lond038,Control_202,71.0,P8,0.7432304,73.0,80
LOND,lond038,Control_202,71.0,O1,-6.760572,73.0,80
LOND,lond038,Control_202,71.0,O2,-9.376286,73.0,80
LOND,lond038,Control_202,75.0,Pz,-5.529405,65.0,93
LOND,lond038,Control_202,75.0,Cz,-17.71389,65.0,93
LOND,lond038,Control_202,75.0,CP1,-21.03462,65.0,93
LOND,lond038,Control_202,75.0,CP2,-18.97308,65.0,93
LOND,lond038,Control_202,75.0,P3,-7.734728,65.0,93
LOND,lond038,Control_202,75.0,P4,-11.61043,65.0,93
LOND,lond038,Control_202,75.0,C3,-15.23347,65.0,93
LOND,lond038,Control_202,75.0,C4,-21.6291,65.0,93
LOND,lond038,Control_202,75.0,P7,-12.67204,65.0,93
LOND,lond038,Control_202,75.0,P8,-17.1073,65.0,93
LOND,lond038,Control_202,75.0,O1,-14.96857,65.0,93
LOND,lond038,Control_202,75.0,O2,-10.44143,65.0,93
LOND,lond038,Control_202,63.0,Pz,26.50895,76.0,90
LOND,lond038,Control_202,63.0,Cz,28.84213,76.0,90
LOND,lond038,Control_202,63.0,CP1,31.84129,76.0,90
LOND,lond038,Control_202,63.0,CP2,35.63702,76.0,90
LOND,lond038,Control_202,63.0,P3,32.66449,76.0,90
LOND,lond038,Control_202,63.0,P4,21.99264,76.0,90
LOND,lond038,Control_202,63.0,C3,29.68851,76.0,90
LOND,lond038,Control_202,63.0,C4,12.48265,76.0,90
LOND,lond038,Control_202,63.0,P7,21.45448,76.0,90
LOND,lond038,Control_202,63.0,P8,23.44434,76.0,90
LOND,lond038,Control_202,63.0,O1,21.50807,76.0,90
LOND,lond038,Control_202,63.0,O2,27.62527,76.0,90
LOND,lond038,Control_202,67.0,Pz,-1.252078,64.0,50
LOND,lond038,Control_202,67.0,Cz,-1.59183,64.0,50
LOND,lond038,Control_202,67.0,CP1,0.7070033,64.0,50
LOND,lond038,Control_202,67.0,CP2,-5.417198,64.0,50
LOND,lond038,Control_202,67.0,P3,-5.745905,64.0,50
LOND,lond038,Control_202,67.0,P4,-8.797829,64.0,50
LOND,lond038,Control_202,67.0,C3,-3.087637,64.0,50
LOND,lond038,Control_202,67.0,C4,5.958565,64.0,50
LOND,lond038,Control_202,67.0,P7,4.644247,64.0,50
LOND,lond038,Control_202,67.0,P8,-0.1508898,64.0,50
LOND,lond038,Control_202,67.0,O1,-2.959639,64.0,50
LOND,lond038,Control_202,67.0,O2,-2.053049,64.0,50
LOND,lond038,Control_202,79.0,Pz,13.71886,78.0,97
LOND,lond038,Control_202,79.0,Cz,12.32073,78.0,97
LOND,lond038,Control_202,79.0,CP1,17.3525,78.0,97
LOND,lond038,Control_202,79.0,CP2,8.128482,78.0,97
LOND,lond038,Control_202,79.0,P3,22.00498,78.0,97
LOND,lond038,Control_202,79.0,P4,11.1491,78.0,97
LOND,lond038,Control_202,79.0,C3,13.80704,78.0,97
LOND,lond038,Control_202,79.0,C4,13.05272,78.0,97
LOND,lond038,Control_202,79.0,P7,17.74539,78.0,97
LOND,lond038,Control_202,79.0,P8,8.693209,78.0,97
LOND,lond038,Control_202,79.0,O1,16.14108,78.0,97
LOND,lond038,Control_202,79.0,O2,15.33689,78.0,97
