Lab,Subject,Condition,Trial,Electrode,Mean_Amplitude_uV,Item Number,Norming
LOND,lond002,Violation_201,1,Pz,6.236253,3.0,100
LOND,lond002,Violation_201,1,Cz,1.429034,3.0,100
LOND,lond002,Violation_201,1,CP1,0.9993645,3.0,100
LOND,lond002,Violation_201,1,CP2,-10.30115,3.0,100
LOND,lond002,Violation_201,1,P3,5.733611,3.0,100
LOND,lond002,Violation_201,1,P4,9.866917,3.0,100
LOND,lond002,Violation_201,1,C3,4.330705,3.0,100
LOND,lond002,Violation_201,1,C4,6.860706,3.0,100
LOND,lond002,Violation_201,1,P7,10.3657,3.0,100
LOND,lond002,Violation_201,1,P8,15.41248,3.0,100
LOND,lond002,Violation_201,1,O1,11.16462,3.0,100
LOND,lond002,Violation_201,1,O2,15.75037,3.0,100
LOND,lond002,Control_202,2,Pz,-0.04590472,8.0,97
LOND,lond002,Control_202,2,Cz,-7.063917,8.0,97
LOND,lond002,Control_202,2,CP1,-20.24764,8.0,97
LOND,lond002,Control_202,2,CP2,-25.91599,8.0,97
LOND,lond002,Control_202,2,P3,-3.882504,8.0,97
LOND,lond002,Control_202,2,P4,12.93765,8.0,97
LOND,lond002,Control_202,2,C3,-4.270115,8.0,97
LOND,lond002,Control_202,2,C4,-1.513784,8.0,97
LOND,lond002,Control_202,2,P7,-1.8264,8.0,97
LOND,lond002,Control_202,2,P8,7.155135,8.0,97
LOND,lond002,Control_202,2,O1,-2.164577,8.0,97
LOND,lond002,Control_202,2,O2,-2.153365,8.0,97
LOND,lond002,Violation_201,3,Pz,-1.462371,4.0,93
LOND,lond002,Violation_201,3,Cz,-5.956205,4.0,93
LOND,lond002,Violation_201,3,CP1,-11.06374,4.0,93
LOND,lond002,Violation_201,3,CP2,-11.03268,4.0,93
LOND,lond002,Violation_201,3,P3,2.716126,4.0,93
LOND,lond002,Violation_201,3,P4,-1.646873,4.0,93
LOND,lond002,Violation_201,3,C3,2.704875,4.0,93
LOND,lond002,Violation_201,3,C4,7.292416,4.0,93
LOND,lond002,Violation_201,3,P7,0.1456154,4.0,93
LOND,lond002,Violation_201,3,P8,5.271989,4.0,93
LOND,lond002,Violation_201,3,O1,3.879898,4.0,93
LOND,lond002,Violation_201,3,O2,7.476604,4.0,93
LOND,lond002,Control_202,4,Pz,-9.682676,12.0,100
LOND,lond002,Control_202,4,Cz,-11.46366,12.0,100
LOND,lond002,Control_202,4,CP1,-20.84056,12.0,100
LOND,lond002,Control_202,4,CP2,-19.4614,12.0,100
LOND,lond002,Control_202,4,P3,-13.48996,12.0,100
LOND,lond002,Control_202,4,P4,-12.54653,12.0,100
LOND,lond002,Control_202,4,C3,-13.14901,12.0,100
LOND,lond002,Control_202,4,C4,-5.41975,12.0,100
LOND,lond002,Control_202,4,P7,-20.99593,12.0,100
LOND,lond002,Control_202,4,P8,-15.67537,12.0,100
LOND,lond002,Control_202,4,O1,-12.00979,12.0,100
LOND,lond002,Control_202,4,O2,-21.33602,12.0,100
LOND,lond002,Control_202,5,Pz,4.702374,18.0,87
LOND,lond002,Control_202,5,Cz,7.781613,18.0,87
LOND,lond002,Control_202,5,CP1,16.05022,18.0,87
LOND,lond002,Control_202,5,CP2,-20.77041,18.0,87
LOND,lond002,Control_202,5,P3,1.663649,18.0,87
LOND,lond002,Control_202,5,P4,-16.42051,18.0,87
LOND,lond002,Control_202,5,C3,-5.760699,18.0,87
LOND,lond002,Control_202,5,C4,3.794555,18.0,87
LOND,lond002,Control_202,5,P7,0.9820465,18.0,87
LOND,lond002,Control_202,5,P8,5.129013,18.0,87
LOND,lond002,Control_202,5,O1,5.288589,18.0,87
LOND,lond002,Control_202,5,O2,12.44066,18.0,87
LOND,lond002,Violation_201,6,Pz,-20.29512,13.0,97
LOND,lond002,Violation_201,6,Cz,-20.6528,13.0,97
LOND,lond002,Violation_201,6,CP1,-23.64545,13.0,97
LOND,lond002,Violation_201,6,CP2,-23.30066,13.0,97
LOND,lond002,Violation_201,6,P3,-15.11552,13.0,97
LOND,lond002,Violation_201,6,P4,-12.49724,13.0,97
LOND,lond002,Violation_201,6,C3,-1.58914,13.0,97
LOND,lond002,Violation_201,6,C4,-12.0463,13.0,97
LOND,lond002,Violation_201,6,P7,-11.46735,13.0,97
LOND,lond002,Violation_201,6,P8,-16.0811,13.0,97
LOND,lond002,Violation_201,6,O1,-16.70749,13.0,97
LOND,lond002,Violation_201,6,O2,-18.13194,13.0,97
LOND,lond002,Violation_201,7,Pz,-17.54762,7.0,80
LOND,lond002,Violation_201,7,Cz,0.2775887,7.0,80
LOND,lond002,Violation_201,7,CP1,1.645016,7.0,80
LOND,lond002,Violation_201,7,CP2,22.26038,7.0,80
LOND,lond002,Violation_201,7,P3,-11.12384,7.0,80
LOND,lond002,Violation_201,7,P4,-36.14383,7.0,80
LOND,lond002,Violation_201,7,C3,-6.590656,7.0,80
LOND,lond002,Violation_201,7,C4,-12.27394,7.0,80
LOND,lond002,Violation_201,7,P7,-3.076376,7.0,80
LOND,lond002,Violation_201,7,P8,-12.93725,7.0,80
LOND,lond002,Violation_201,7,O1,-10.05584,7.0,80
LOND,lond002,Violation_201,7,O2,-9.948893,7.0,80
LOND,lond002,Control_202,8,Pz,-6.571432,15.0,90
LOND,lond002,Control_202,8,Cz,-16.88162,15.0,90
LOND,lond002,Control_202,8,CP1,-20.15111,15.0,90
LOND,lond002,Control_202,8,CP2,-21.36683,15.0,90
LOND,lond002,Control_202,8,P3,-6.424867,15.0,90
LOND,lond002,Control_202,8,P4,-12.44828,15.0,90
LOND,lond002,Control_202,8,C3,-8.756551,15.0,90
LOND,lond002,Control_202,8,C4,-9.702793,15.0,90
LOND,lond002,Control_202,8,P7,-9.815476,15.0,90
LOND,lond002,Control_202,8,P8,-1.087351,15.0,90
LOND,lond002,Control_202,8,O1,-8.524607,15.0,90
LOND,lond002,Control_202,8,O2,-5.711259,15.0,90
LOND,lond002,Control_202,9,Pz,-5.79467,10.0,80
LOND,lond002,Control_202,9,Cz,-2.672335,10.0,80
LOND,lond002,Control_202,9,CP1,8.848348,10.0,80
LOND,lond002,Control_202,9,CP2,-10.83029,10.0,80
LOND,lond002,Control_202,9,P3,-7.190246,10.0,80
LOND,lond002,Control_202,9,P4,-25.9445,10.0,80
LOND,lond002,Control_202,9,C3,-5.66561,10.0,80
LOND,lond002,Control_202,9,C4,-4.551719,10.0,80
LOND,lond002,Control_202,9,P7,-7.291735,10.0,80
LOND,lond002,Control_202,9,P8,2.113432,10.0,80
LOND,lond002,Control_202,9,O1,-5.279236,10.0,80
LOND,lond002,Control_202,9,O2,-15.62349,10.0,80
LOND,lond002,Violation_201,10,Pz,-2.713838,1.0,97
LOND,lond002,Violation_201,10,Cz,-9.117492,1.0,97
LOND,lond002,Violation_201,10,CP1,-12.13419,1.0,97
LOND,lond002,Violation_201,10,CP2,15.88186,1.0,97
LOND,lond002,Violation_201,10,P3,-4.76445,1.0,97
LOND,lond002,Violation_201,10,P4,-17.82079,1.0,97
LOND,lond002,Violation_201,10,C3,-4.409925,1.0,97
LOND,lond002,Violation_201,10,C4,0.3255704,1.0,97
LOND,lond002,Violation_201,10,P7,4.769384,1.0,97
LOND,lond002,Violation_201,10,P8,5.218646,1.0,97
LOND,lond002,Violation_201,10,O1,-4.764575,1.0,97
LOND,lond002,Violation_201,10,O2,-1.250875,1.0,97
LOND,lond002,Control_202,11,Pz,-1.340004,9.0,93
LOND,lond002,Control_202,11,Cz,-12.18745,9.0,93
LOND,lond002,Control_202,11,CP1,-16.87132,9.0,93
LOND,lond002,Control_202,11,CP2,-33.57025,9.0,93
LOND,lond002,Control_202,11,P3,9.007586,9.0,93
LOND,lond002,Control_202,11,P4,6.024262,9.0,93
LOND,lond002,Control_202,11,C3,4.164494,9.0,93
LOND,lond002,Control_202,11,C4,-12.06169,9.0,93
LOND,lond002,Control_202,11,P7,3.15482,9.0,93
LOND,lond002,Control_202,11,P8,-9.694547,9.0,93
LOND,lond002,Control_202,11,O1,-0.3077156,9.0,93
LOND,lond002,Control_202,11,O2,-14.54383,9.0,93
LOND,lond002,Violation_201,12,Pz,-2.062812,2.0,100
LOND,lond002,Violation_201,12,Cz,-10.23604,2.0,100
LOND,lond002,Violation_201,12,CP1,-19.18611,2.0,100
LOND,lond002,Violation_201,12,CP2,-15.30126,2.0,100
LOND,lond002,Violation_201,12,P3,-11.51734,2.0,100
LOND,lond002,Violation_201,12,P4,-18.95605,2.0,100
LOND,lond002,Violation_201,12,C3,-5.067051,2.0,100
LOND,lond002,Violation_201,12,C4,5.058614,2.0,100
LOND,lond002,Violation_201,12,P7,5.567283,2.0,100
LOND,lond002,Violation_201,12,P8,-7.616013,2.0,100
LOND,lond002,Violation_201,12,O1,-6.686375,2.0,100
LOND,lond002,Violation_201,12,O2,-10.85369,2.0,100
LOND,lond002,Control_202,13,Pz,-13.05357,14.0,90
LOND,lond002,Control_202,13,Cz,-14.64298,14.0,90
LOND,lond002,Control_202,13,CP1,-19.94915,14.0,90
LOND,lond002,Control_202,13,CP2,-10.27918,14.0,90
LOND,lond002,Control_202,13,P3,-5.23752,14.0,90
LOND,lond002,Control_202,13,P4,1.556824,14.0,90
LOND,lond002,Control_202,13,C3,-6.32046,14.0,90
LOND,lond002,Control_202,13,C4,-7.396554,14.0,90
LOND,lond002,Control_202,13,P7,-19.05137,14.0,90
LOND,lond002,Control_202,13,P8,0.6617659,14.0,90
LOND,lond002,Control_202,13,O1,-6.549439,14.0,90
LOND,lond002,Control_202,13,O2,-6.785183,14.0,90
LOND,lond002,Control_202,14,Pz,6.329077,19.0,100
LOND,lond002,Control_202,14,Cz,-11.51115,19.0,100
LOND,lond002,Control_202,14,CP1,-13.69624,19.0,100
LOND,lond002,Control_202,14,CP2,-5.208864,19.0,100
LOND,lond002,Control_202,14,P3,11.43223,19.0,100
LOND,lond002,Control_202,14,P4,-4.404994,19.0,100
LOND,lond002,Control_202,14,C3,-17.84855,19.0,100
LOND,lond002,Control_202,14,C4,4.076386,19.0,100
LOND,lond002,Control_202,14,P7,10.84625,19.0,100
LOND,lond002,Control_202,14,P8,8.332159,19.0,100
LOND,lond002,Control_202,14,O1,16.68251,19.0,100
LOND,lond002,Control_202,14,O2,14.19656,19.0,100
LOND,lond002,Violation_201,15,Pz,-6.789828,6.0,100
LOND,lond002,Violation_201,15,Cz,-11.32864,6.0,100
LOND,lond002,Violation_201,15,CP1,-2.811378,6.0,100
LOND,lond002,Violation_201,15,CP2,-0.9683784,6.0,100
LOND,lond002,Violation_201,15,P3,-6.539654,6.0,100
LOND,lond002,Violation_201,15,P4,3.130523,6.0,100
LOND,lond002,Violation_201,15,C3,-8.996858,6.0,100
LOND,lond002,Violation_201,15,C4,5.735773,6.0,100
LOND,lond002,Violation_201,15,P7,-11.85792,6.0,100
LOND,lond002,Violation_201,15,P8,13.80406,6.0,100
LOND,lond002,Violation_201,15,O1,-4.44268,6.0,100
LOND,lond002,Violation_201,15,O2,2.285678,6.0,100
LOND,lond002,Control_202,16,Pz,2.106633,11.0,87
LOND,lond002,Control_202,16,Cz,15.11623,11.0,87
LOND,lond002,Control_202,16,CP1,8.754908,11.0,87
LOND,lond002,Control_202,16,CP2,11.08488,11.0,87
LOND,lond002,Control_202,16,P3,-5.016872,11.0,87
LOND,lond002,Control_202,16,P4,12.89415,11.0,87
LOND,lond002,Control_202,16,C3,-6.597541,11.0,87
LOND,lond002,Control_202,16,C4,11.90172,11.0,87
LOND,lond002,Control_202,16,P7,-12.50111,11.0,87
LOND,lond002,Control_202,16,P8,5.313591,11.0,87
LOND,lond002,Control_202,16,O1,-5.320732,11.0,87
LOND,lond002,Control_202,16,O2,0.9762832,11.0,87
LOND,lond002,Violation_201,17,Pz,-28.53265,16.0,93
LOND,lond002,Violation_201,17,Cz,-18.89168,16.0,93
LOND,lond002,Violation_201,17,CP1,-26.47544,16.0,93
LOND,lond002,Violation_201,17,CP2,19.5946,16.0,93
LOND,lond002,Violation_201,17,P3,-17.72045,16.0,93
LOND,lond002,Violation_201,17,P4,-12.01858,16.0,93
LOND,lond002,Violation_201,17,C3,-18.12488,16.0,93
LOND,lond002,Violation_201,17,C4,-9.115148,16.0,93
LOND,lond002,Violation_201,17,P7,-14.96278,16.0,93
LOND,lond002,Violation_201,17,P8,-11.17621,16.0,93
LOND,lond002,Violation_201,17,O1,-20.14873,16.0,93
LOND,lond002,Violation_201,17,O2,-24.81498,16.0,93
LOND,lond002,Violation_201,18,Pz,-8.573061,17.0,62
LOND,lond002,Violation_201,18,Cz,-4.969923,17.0,62
LOND,lond002,Violation_201,18,CP1,2.028035,17.0,62
LOND,lond002,Violation_201,18,CP2,-42.22403,17.0,62
LOND,lond002,Violation_201,18,P3,-6.439125,17.0,62
LOND,lond002,Violation_201,18,P4,-11.50439,17.0,62
LOND,lond002,Violation_201,18,C3,0.008724693,17.0,62
LOND,lond002,Violation_201,18,C4,-9.174861,17.0,62
LOND,lond002,Violation_201,18,P7,-3.376501,17.0,62
LOND,lond002,Violation_201,18,P8,1.705284,17.0,62
LOND,lond002,Violation_201,18,O1,-0.1074546,17.0,62
LOND,lond002,Violation_201,18,O2,0.1823317,17.0,62
LOND,lond002,Violation_201,19,Pz,7.166363,20.0,90
LOND,lond002,Violation_201,19,Cz,2.969206,20.0,90
LOND,lond002,Violation_201,19,CP1,1.450762,20.0,90
LOND,lond002,Violation_201,19,CP2,-14.06608,20.0,90
LOND,lond002,Violation_201,19,P3,2.467135,20.0,90
LOND,lond002,Violation_201,19,P4,9.536735,20.0,90
LOND,lond002,Violation_201,19,C3,-2.739836,20.0,90
LOND,lond002,Violation_201,19,C4,8.536354,20.0,90
LOND,lond002,Violation_201,19,P7,2.337074,20.0,90
LOND,lond002,Violation_201,19,P8,0.2672517,20.0,90
LOND,lond002,Violation_201,19,O1,-3.122062,20.0,90
LOND,lond002,Violation_201,19,O2,3.409839,20.0,90
LOND,lond002,Control_202,20,Pz,26.82511,5.0,93
LOND,lond002,Control_202,20,Cz,41.77169,5.0,93
LOND,lond002,Control_202,20,CP1,42.44284,5.0,93
LOND,lond002,Control_202,20,CP2,2.059862,5.0,93
LOND,lond002,Control_202,20,P3,21.59138,5.0,93
LOND,lond002,Control_202,20,P4,-0.5491784,5.0,93
LOND,lond002,Control_202,20,C3,26.90179,5.0,93
LOND,lond002,Control_202,20,C4,20.83131,5.0,93
LOND,lond002,Control_202,20,P7,57.50808,5.0,93
LOND,lond002,Control_202,20,P8,14.17428,5.0,93
LOND,lond002,Control_202,20,O1,9.708038,5.0,93
LOND,lond002,Control_202,20,O2,10.29377,5.0,93
LOND,lond002,Control_202,21,Pz,-2.475742,31.0,77
LOND,lond002,Control_202,21,Cz,-5.038043,31.0,77
LOND,lond002,Control_202,21,CP1,-16.16096,31.0,77
LOND,lond002,Control_202,21,CP2,-19.20072,31.0,77
LOND,lond002,Control_202,21,P3,10.43227,31.0,77
LOND,lond002,Control_202,21,P4,2.191282,31.0,77
LOND,lond002,Control_202,21,C3,-13.03639,31.0,77
LOND,lond002,Control_202,21,C4,-0.26203,31.0,77
LOND,lond002,Control_202,21,P7,-0.4823457,31.0,77
LOND,lond002,Control_202,21,P8,-7.630523,31.0,77
LOND,lond002,Control_202,21,O1,-1.246692,31.0,77
LOND,lond002,Control_202,21,O2,-7.795341,31.0,77
LOND,lond002,Violation_201,22,Pz,-0.6219659,26.0,87
LOND,lond002,Violation_201,22,Cz,-6.372362,26.0,87
LOND,lond002,Violation_201,22,CP1,22.22808,26.0,87
LOND,lond002,Violation_201,22,CP2,2.646223,26.0,87
LOND,lond002,Violation_201,22,P3,0.676604,26.0,87
LOND,lond002,Violation_201,22,P4,22.89238,26.0,87
LOND,lond002,Violation_201,22,C3,13.10112,26.0,87
LOND,lond002,Violation_201,22,C4,-3.162552,26.0,87
LOND,lond002,Violation_201,22,P7,-4.208788,26.0,87
LOND,lond002,Violation_201,22,P8,-3.597518,26.0,87
LOND,lond002,Violation_201,22,O1,-1.74312,26.0,87
LOND,lond002,Violation_201,22,O2,-15.88717,26.0,87
LOND,lond002,Violation_201,23,Pz,-12.75707,28.0,27
LOND,lond002,Violation_201,23,Cz,-4.478078,28.0,27
LOND,lond002,Violation_201,23,CP1,-5.278449,28.0,27
LOND,lond002,Violation_201,23,CP2,-30.07445,28.0,27
LOND,lond002,Violation_201,23,P3,-10.88436,28.0,27
LOND,lond002,Violation_201,23,P4,-15.20883,28.0,27
LOND,lond002,Violation_201,23,C3,-2.251085,28.0,27
LOND,lond002,Violation_201,23,C4,-3.707103,28.0,27
LOND,lond002,Violation_201,23,P7,-4.561894,28.0,27
LOND,lond002,Violation_201,23,P8,7.228887,28.0,27
LOND,lond002,Violation_201,23,O1,-4.967918,28.0,27
LOND,lond002,Violation_201,23,O2,-11.4046,28.0,27
LOND,lond002,Control_202,24,Pz,-11.27822,35.0,97
LOND,lond002,Control_202,24,Cz,-13.23131,35.0,97
LOND,lond002,Control_202,24,CP1,-39.89352,35.0,97
LOND,lond002,Control_202,24,CP2,25.2656,35.0,97
LOND,lond002,Control_202,24,P3,4.278698,35.0,97
LOND,lond002,Control_202,24,P4,5.47578,35.0,97
LOND,lond002,Control_202,24,C3,-4.512149,35.0,97
LOND,lond002,Control_202,24,C4,-10.26976,35.0,97
LOND,lond002,Control_202,24,P7,0.4545614,35.0,97
LOND,lond002,Control_202,24,P8,-26.47878,35.0,97
LOND,lond002,Control_202,24,O1,3.650337,35.0,97
LOND,lond002,Control_202,24,O2,-6.25142,35.0,97
LOND,lond002,Control_202,25,Pz,-8.033861,24.0,93
LOND,lond002,Control_202,25,Cz,-10.78377,24.0,93
LOND,lond002,Control_202,25,CP1,-13.38655,24.0,93
LOND,lond002,Control_202,25,CP2,-10.31112,24.0,93
LOND,lond002,Control_202,25,P3,-5.6259,24.0,93
LOND,lond002,Control_202,25,P4,-4.532568,24.0,93
LOND,lond002,Control_202,25,C3,-5.449524,24.0,93
LOND,lond002,Control_202,25,C4,-9.371227,24.0,93
LOND,lond002,Control_202,25,P7,-2.244987,24.0,93
LOND,lond002,Control_202,25,P8,-10.19662,24.0,93
LOND,lond002,Control_202,25,O1,-2.353806,24.0,93
LOND,lond002,Control_202,25,O2,-2.96627,24.0,93
LOND,lond002,Violation_201,26,Pz,17.57184,40.0,93
LOND,lond002,Violation_201,26,Cz,11.75095,40.0,93
LOND,lond002,Violation_201,26,CP1,16.27338,40.0,93
LOND,lond002,Violation_201,26,CP2,34.579,40.0,93
LOND,lond002,Violation_201,26,P3,20.97366,40.0,93
LOND,lond002,Violation_201,26,P4,19.36057,40.0,93
LOND,lond002,Violation_201,26,C3,24.49952,40.0,93
LOND,lond002,Violation_201,26,C4,18.36393,40.0,93
LOND,lond002,Violation_201,26,P7,17.07935,40.0,93
LOND,lond002,Violation_201,26,P8,10.8039,40.0,93
LOND,lond002,Violation_201,26,O1,14.7405,40.0,93
LOND,lond002,Violation_201,26,O2,26.31078,40.0,93
LOND,lond002,Control_202,27,Pz,-8.27152,36.0,77
LOND,lond002,Control_202,27,Cz,-26.53562,36.0,77
LOND,lond002,Control_202,27,CP1,-20.36241,36.0,77
LOND,lond002,Control_202,27,CP2,22.31475,36.0,77
LOND,lond002,Control_202,27,P3,-12.81219,36.0,77
LOND,lond002,Control_202,27,P4,-21.33886,36.0,77
LOND,lond002,Control_202,27,C3,-25.35877,36.0,77
LOND,lond002,Control_202,27,C4,-18.93254,36.0,77
LOND,lond002,Control_202,27,P7,3.585157,36.0,77
LOND,lond002,Control_202,27,P8,2.783983,36.0,77
LOND,lond002,Control_202,27,O1,0.7827379,36.0,77
LOND,lond002,Control_202,27,O2,6.771215,36.0,77
LOND,lond002,Violation_201,28,Pz,-9.235693,25.0,97
LOND,lond002,Violation_201,28,Cz,-11.87334,25.0,97
LOND,lond002,Violation_201,28,CP1,-28.55816,25.0,97
LOND,lond002,Violation_201,28,CP2,-17.7944,25.0,97
LOND,lond002,Violation_201,28,P3,-12.73433,25.0,97
LOND,lond002,Violation_201,28,P4,-14.56184,25.0,97
LOND,lond002,Violation_201,28,C3,-10.97189,25.0,97
LOND,lond002,Violation_201,28,C4,-6.314564,25.0,97
LOND,lond002,Violation_201,28,P7,-16.26713,25.0,97
LOND,lond002,Violation_201,28,P8,-27.46104,25.0,97
LOND,lond002,Violation_201,28,O1,-12.87453,25.0,97
LOND,lond002,Violation_201,28,O2,-15.8594,25.0,97
LOND,lond002,Control_202,29,Pz,-16.48084,38.0,93
LOND,lond002,Control_202,29,Cz,-15.9848,38.0,93
LOND,lond002,Control_202,29,CP1,-11.95913,38.0,93
LOND,lond002,Control_202,29,CP2,-17.96447,38.0,93
LOND,lond002,Control_202,29,P3,-16.73625,38.0,93
LOND,lond002,Control_202,29,P4,-9.504677,38.0,93
LOND,lond002,Control_202,29,C3,-7.442117,38.0,93
LOND,lond002,Control_202,29,C4,-3.321459,38.0,93
LOND,lond002,Control_202,29,P7,-18.36399,38.0,93
LOND,lond002,Control_202,29,P8,-12.24036,38.0,93
LOND,lond002,Control_202,29,O1,-14.37094,38.0,93
LOND,lond002,Control_202,29,O2,-11.17278,38.0,93
LOND,lond002,Violation_201,30,Pz,-0.1753365,33.0,53
LOND,lond002,Violation_201,30,Cz,-4.260225,33.0,53
LOND,lond002,Violation_201,30,CP1,2.691337,33.0,53
LOND,lond002,Violation_201,30,CP2,-3.623762,33.0,53
LOND,lond002,Violation_201,30,P3,6.347685,33.0,53
LOND,lond002,Violation_201,30,P4,-3.78566,33.0,53
LOND,lond002,Violation_201,30,C3,-0.3537038,33.0,53
LOND,lond002,Violation_201,30,C4,-0.4975924,33.0,53
LOND,lond002,Violation_201,30,P7,4.316008,33.0,53
LOND,lond002,Violation_201,30,P8,-0.5999818,33.0,53
LOND,lond002,Violation_201,30,O1,-2.612024,33.0,53
LOND,lond002,Violation_201,30,O2,-9.532847,33.0,53
LOND,lond002,Violation_201,31,Pz,9.889807,37.0,80
LOND,lond002,Violation_201,31,Cz,20.11239,37.0,80
LOND,lond002,Violation_201,31,CP1,27.61483,37.0,80
LOND,lond002,Violation_201,31,CP2,9.578975,37.0,80
LOND,lond002,Violation_201,31,P3,9.540543,37.0,80
LOND,lond002,Violation_201,31,P4,-7.102444,37.0,80
LOND,lond002,Violation_201,31,C3,12.42676,37.0,80
LOND,lond002,Violation_201,31,C4,10.25778,37.0,80
LOND,lond002,Violation_201,31,P7,-9.579316,37.0,80
LOND,lond002,Violation_201,31,P8,-7.18833,37.0,80
LOND,lond002,Violation_201,31,O1,-0.5230666,37.0,80
LOND,lond002,Violation_201,31,O2,-0.07662851,37.0,80
LOND,lond002,Control_202,32,Pz,2.646482,23.0,93
LOND,lond002,Control_202,32,Cz,11.07344,23.0,93
LOND,lond002,Control_202,32,CP1,8.829444,23.0,93
LOND,lond002,Control_202,32,CP2,22.71867,23.0,93
LOND,lond002,Control_202,32,P3,-0.8552715,23.0,93
LOND,lond002,Control_202,32,P4,6.365796,23.0,93
LOND,lond002,Control_202,32,C3,1.983801,23.0,93
LOND,lond002,Control_202,32,C4,4.588468,23.0,93
LOND,lond002,Control_202,32,P7,-0.1936485,23.0,93
LOND,lond002,Control_202,32,P8,5.271453,23.0,93
LOND,lond002,Control_202,32,O1,3.699861,23.0,93
LOND,lond002,Control_202,32,O2,13.85984,23.0,93
LOND,lond002,Violation_201,33,Pz,-11.76574,34.0,97
LOND,lond002,Violation_201,33,Cz,4.879786,34.0,97
LOND,lond002,Violation_201,33,CP1,10.14852,34.0,97
LOND,lond002,Violation_201,33,CP2,4.118251,34.0,97
LOND,lond002,Violation_201,33,P3,-1.172136,34.0,97
LOND,lond002,Violation_201,33,P4,-7.507584,34.0,97
LOND,lond002,Violation_201,33,C3,-10.96841,34.0,97
LOND,lond002,Violation_201,33,C4,1.818682,34.0,97
LOND,lond002,Violation_201,33,P7,-11.56595,34.0,97
LOND,lond002,Violation_201,33,P8,-8.090868,34.0,97
LOND,lond002,Violation_201,33,O1,-5.210008,34.0,97
LOND,lond002,Violation_201,33,O2,5.283453,34.0,97
LOND,lond002,Control_202,34,Pz,2.931199,39.0,97
LOND,lond002,Control_202,34,Cz,9.743699,39.0,97
LOND,lond002,Control_202,34,CP1,11.26246,39.0,97
LOND,lond002,Control_202,34,CP2,-26.09436,39.0,97
LOND,lond002,Control_202,34,P3,9.899682,39.0,97
LOND,lond002,Control_202,34,P4,-9.60164,39.0,97
LOND,lond002,Control_202,34,C3,15.29008,39.0,97
LOND,lond002,Control_202,34,C4,10.31944,39.0,97
LOND,lond002,Control_202,34,P7,17.62661,39.0,97
LOND,lond002,Control_202,34,P8,8.842195,39.0,97
LOND,lond002,Control_202,34,O1,9.263968,39.0,97
LOND,lond002,Control_202,34,O2,6.230199,39.0,97
LOND,lond002,Violation_201,35,Pz,5.276572,21.0,77
LOND,lond002,Violation_201,35,Cz,-13.141,21.0,77
LOND,lond002,Violation_201,35,CP1,-14.17774,21.0,77
LOND,lond002,Violation_201,35,CP2,-19.1481,21.0,77
LOND,lond002,Violation_201,35,P3,3.373624,21.0,77
LOND,lond002,Violation_201,35,P4,0.4976365,21.0,77
LOND,lond002,Violation_201,35,C3,-0.5433976,21.0,77
LOND,lond002,Violation_201,35,C4,-4.906381,21.0,77
LOND,lond002,Violation_201,35,P7,1.922728,21.0,77
LOND,lond002,Violation_201,35,P8,0.9229105,21.0,77
LOND,lond002,Violation_201,35,O1,-5.472604,21.0,77
LOND,lond002,Violation_201,35,O2,1.897039,21.0,77
LOND,lond002,Control_202,36,Pz,-6.708876,30.0,90
LOND,lond002,Control_202,36,Cz,-3.880478,30.0,90
LOND,lond002,Control_202,36,CP1,33.53484,30.0,90
LOND,lond002,Control_202,36,CP2,19.36588,30.0,90
LOND,lond002,Control_202,36,P3,-9.717283,30.0,90
LOND,lond002,Control_202,36,P4,-3.102909,30.0,90
LOND,lond002,Control_202,36,C3,-7.054527,30.0,90
LOND,lond002,Control_202,36,C4,-4.017138,30.0,90
LOND,lond002,Control_202,36,P7,-6.450393,30.0,90
LOND,lond002,Control_202,36,P8,-1.032496,30.0,90
LOND,lond002,Control_202,36,O1,-1.601455,30.0,90
LOND,lond002,Control_202,36,O2,-3.828743,30.0,90
LOND,lond002,Control_202,37,Pz,14.62275,29.0,90
LOND,lond002,Control_202,37,Cz,-0.5789787,29.0,90
LOND,lond002,Control_202,37,CP1,-7.31251,29.0,90
LOND,lond002,Control_202,37,CP2,-14.41057,29.0,90
LOND,lond002,Control_202,37,P3,7.743889,29.0,90
LOND,lond002,Control_202,37,P4,47.63833,29.0,90
LOND,lond002,Control_202,37,C3,5.758157,29.0,90
LOND,lond002,Control_202,37,C4,13.9723,29.0,90
LOND,lond002,Control_202,37,P7,3.81998,29.0,90
LOND,lond002,Control_202,37,P8,15.83679,29.0,90
LOND,lond002,Control_202,37,O1,1.254245,29.0,90
LOND,lond002,Control_202,37,O2,11.92057,29.0,90
LOND,lond003(answered questions randomly),Violation_201,1,Pz,-2.625369,18.0,87
LOND,lond003(answered questions randomly),Violation_201,1,Cz,17.4668,18.0,87
LOND,lond003(answered questions randomly),Violation_201,1,CP1,1.336298,18.0,87
LOND,lond003(answered questions randomly),Violation_201,1,CP2,-0.3870415,18.0,87
LOND,lond003(answered questions randomly),Violation_201,1,P3,-0.5328911,18.0,87
LOND,lond003(answered questions randomly),Violation_201,1,P4,-2.107498,18.0,87
LOND,lond003(answered questions randomly),Violation_201,1,C3,-6.722528,18.0,87
LOND,lond003(answered questions randomly),Violation_201,1,C4,-5.300539,18.0,87
LOND,lond003(answered questions randomly),Violation_201,1,P7,-7.18757,18.0,87
LOND,lond003(answered questions randomly),Violation_201,1,P8,0.3439053,18.0,87
LOND,lond003(answered questions randomly),Violation_201,1,O1,-2.470447,18.0,87
LOND,lond003(answered questions randomly),Violation_201,1,O2,2.108993,18.0,87
LOND,lond003(answered questions randomly),Control_202,2,Pz,-1.704984,7.0,80
LOND,lond003(answered questions randomly),Control_202,2,Cz,-16.41439,7.0,80
LOND,lond003(answered questions randomly),Control_202,2,CP1,6.245289,7.0,80
LOND,lond003(answered questions randomly),Control_202,2,CP2,8.327387,7.0,80
LOND,lond003(answered questions randomly),Control_202,2,P3,9.961965,7.0,80
LOND,lond003(answered questions randomly),Control_202,2,P4,8.746881,7.0,80
LOND,lond003(answered questions randomly),Control_202,2,C3,17.03151,7.0,80
LOND,lond003(answered questions randomly),Control_202,2,C4,-1.05342,7.0,80
LOND,lond003(answered questions randomly),Control_202,2,P7,8.25833,7.0,80
LOND,lond003(answered questions randomly),Control_202,2,P8,7.445188,7.0,80
LOND,lond003(answered questions randomly),Control_202,2,O1,11.73399,7.0,80
LOND,lond003(answered questions randomly),Control_202,2,O2,9.167251,7.0,80
LOND,lond003(answered questions randomly),Control_202,3,Pz,2.259563,16.0,93
LOND,lond003(answered questions randomly),Control_202,3,Cz,20.62347,16.0,93
LOND,lond003(answered questions randomly),Control_202,3,CP1,7.490884,16.0,93
LOND,lond003(answered questions randomly),Control_202,3,CP2,10.34402,16.0,93
LOND,lond003(answered questions randomly),Control_202,3,P3,11.43817,16.0,93
LOND,lond003(answered questions randomly),Control_202,3,P4,12.40135,16.0,93
LOND,lond003(answered questions randomly),Control_202,3,C3,11.4685,16.0,93
LOND,lond003(answered questions randomly),Control_202,3,C4,4.020857,16.0,93
LOND,lond003(answered questions randomly),Control_202,3,P7,13.24848,16.0,93
LOND,lond003(answered questions randomly),Control_202,3,P8,4.65338,16.0,93
LOND,lond003(answered questions randomly),Control_202,3,O1,12.38758,16.0,93
LOND,lond003(answered questions randomly),Control_202,3,O2,8.960559,16.0,93
LOND,lond003(answered questions randomly),Violation_201,4,Pz,-11.23251,5.0,93
LOND,lond003(answered questions randomly),Violation_201,4,Cz,-9.738852,5.0,93
LOND,lond003(answered questions randomly),Violation_201,4,CP1,-6.384067,5.0,93
LOND,lond003(answered questions randomly),Violation_201,4,CP2,-4.5064,5.0,93
LOND,lond003(answered questions randomly),Violation_201,4,P3,-11.97157,5.0,93
LOND,lond003(answered questions randomly),Violation_201,4,P4,-3.773132,5.0,93
LOND,lond003(answered questions randomly),Violation_201,4,C3,2.249351,5.0,93
LOND,lond003(answered questions randomly),Violation_201,4,C4,-17.97301,5.0,93
LOND,lond003(answered questions randomly),Violation_201,4,P7,-8.614071,5.0,93
LOND,lond003(answered questions randomly),Violation_201,4,P8,-4.724226,5.0,93
LOND,lond003(answered questions randomly),Violation_201,4,O1,-13.07667,5.0,93
LOND,lond003(answered questions randomly),Violation_201,4,O2,-11.82235,5.0,93
LOND,lond003(answered questions randomly),Violation_201,5,Pz,1.462039,11.0,87
LOND,lond003(answered questions randomly),Violation_201,5,Cz,14.43972,11.0,87
LOND,lond003(answered questions randomly),Violation_201,5,CP1,0.8097638,11.0,87
LOND,lond003(answered questions randomly),Violation_201,5,CP2,3.13419,11.0,87
LOND,lond003(answered questions randomly),Violation_201,5,P3,6.050479,11.0,87
LOND,lond003(answered questions randomly),Violation_201,5,P4,12.55545,11.0,87
LOND,lond003(answered questions randomly),Violation_201,5,C3,4.92501,11.0,87
LOND,lond003(answered questions randomly),Violation_201,5,C4,-9.784066,11.0,87
LOND,lond003(answered questions randomly),Violation_201,5,P7,4.759211,11.0,87
LOND,lond003(answered questions randomly),Violation_201,5,P8,-0.8958902,11.0,87
LOND,lond003(answered questions randomly),Violation_201,5,O1,3.092972,11.0,87
LOND,lond003(answered questions randomly),Violation_201,5,O2,2.716879,11.0,87
LOND,lond003(answered questions randomly),Control_202,6,Pz,-6.857761,2.0,100
LOND,lond003(answered questions randomly),Control_202,6,Cz,14.14591,2.0,100
LOND,lond003(answered questions randomly),Control_202,6,CP1,-2.882713,2.0,100
LOND,lond003(answered questions randomly),Control_202,6,CP2,-3.288098,2.0,100
LOND,lond003(answered questions randomly),Control_202,6,P3,-1.257231,2.0,100
LOND,lond003(answered questions randomly),Control_202,6,P4,-7.612104,2.0,100
LOND,lond003(answered questions randomly),Control_202,6,C3,4.044305,2.0,100
LOND,lond003(answered questions randomly),Control_202,6,C4,-5.770226,2.0,100
LOND,lond003(answered questions randomly),Control_202,6,P7,-8.130361,2.0,100
LOND,lond003(answered questions randomly),Control_202,6,P8,-3.964363,2.0,100
LOND,lond003(answered questions randomly),Control_202,6,O1,-10.06413,2.0,100
LOND,lond003(answered questions randomly),Control_202,6,O2,-5.288269,2.0,100
LOND,lond003(answered questions randomly),Violation_201,7,Pz,-2.866333,14.0,90
LOND,lond003(answered questions randomly),Violation_201,7,Cz,-11.19769,14.0,90
LOND,lond003(answered questions randomly),Violation_201,7,CP1,3.759384,14.0,90
LOND,lond003(answered questions randomly),Violation_201,7,CP2,2.371414,14.0,90
LOND,lond003(answered questions randomly),Violation_201,7,P3,4.619766,14.0,90
LOND,lond003(answered questions randomly),Violation_201,7,P4,-0.7235375,14.0,90
LOND,lond003(answered questions randomly),Violation_201,7,C3,-5.52358,14.0,90
LOND,lond003(answered questions randomly),Violation_201,7,C4,-19.13019,14.0,90
LOND,lond003(answered questions randomly),Violation_201,7,P7,4.845163,14.0,90
LOND,lond003(answered questions randomly),Violation_201,7,P8,-1.201262,14.0,90
LOND,lond003(answered questions randomly),Violation_201,7,O1,10.48535,14.0,90
LOND,lond003(answered questions randomly),Violation_201,7,O2,2.635924,14.0,90
LOND,lond003(answered questions randomly),Violation_201,8,Pz,-0.8346978,17.0,62
LOND,lond003(answered questions randomly),Violation_201,8,Cz,12.60752,17.0,62
LOND,lond003(answered questions randomly),Violation_201,8,CP1,-4.011873,17.0,62
LOND,lond003(answered questions randomly),Violation_201,8,CP2,-6.702871,17.0,62
LOND,lond003(answered questions randomly),Violation_201,8,P3,-1.457011,17.0,62
LOND,lond003(answered questions randomly),Violation_201,8,P4,-8.849079,17.0,62
LOND,lond003(answered questions randomly),Violation_201,8,C3,-0.7976202,17.0,62
LOND,lond003(answered questions randomly),Violation_201,8,C4,-12.25539,17.0,62
LOND,lond003(answered questions randomly),Violation_201,8,P7,3.502128,17.0,62
LOND,lond003(answered questions randomly),Violation_201,8,P8,-4.370352,17.0,62
LOND,lond003(answered questions randomly),Violation_201,8,O1,-7.771002,17.0,62
LOND,lond003(answered questions randomly),Violation_201,8,O2,-3.819879,17.0,62
LOND,lond003(answered questions randomly),Control_202,9,Pz,-10.24051,3.0,100
LOND,lond003(answered questions randomly),Control_202,9,Cz,-15.98149,3.0,100
LOND,lond003(answered questions randomly),Control_202,9,CP1,-14.29469,3.0,100
LOND,lond003(answered questions randomly),Control_202,9,CP2,-14.89087,3.0,100
LOND,lond003(answered questions randomly),Control_202,9,P3,-9.906066,3.0,100
LOND,lond003(answered questions randomly),Control_202,9,P4,5.845163,3.0,100
LOND,lond003(answered questions randomly),Control_202,9,C3,-10.72445,3.0,100
LOND,lond003(answered questions randomly),Control_202,9,C4,-12.41774,3.0,100
LOND,lond003(answered questions randomly),Control_202,9,P7,-9.128128,3.0,100
LOND,lond003(answered questions randomly),Control_202,9,P8,-10.39433,3.0,100
LOND,lond003(answered questions randomly),Control_202,9,O1,-17.28952,3.0,100
LOND,lond003(answered questions randomly),Control_202,9,O2,-13.89705,3.0,100
LOND,lond003(answered questions randomly),Control_202,10,Pz,4.666899,13.0,97
LOND,lond003(answered questions randomly),Control_202,10,Cz,-5.000468,13.0,97
LOND,lond003(answered questions randomly),Control_202,10,CP1,7.939656,13.0,97
LOND,lond003(answered questions randomly),Control_202,10,CP2,6.021224,13.0,97
LOND,lond003(answered questions randomly),Control_202,10,P3,0.2584605,13.0,97
LOND,lond003(answered questions randomly),Control_202,10,P4,9.374574,13.0,97
LOND,lond003(answered questions randomly),Control_202,10,C3,-1.67535,13.0,97
LOND,lond003(answered questions randomly),Control_202,10,C4,-14.29073,13.0,97
LOND,lond003(answered questions randomly),Control_202,10,P7,0.6803597,13.0,97
LOND,lond003(answered questions randomly),Control_202,10,P8,4.957437,13.0,97
LOND,lond003(answered questions randomly),Control_202,10,O1,1.894444,13.0,97
LOND,lond003(answered questions randomly),Control_202,10,O2,3.420028,13.0,97
LOND,lond003(answered questions randomly),Violation_201,11,Pz,23.51917,8.0,97
LOND,lond003(answered questions randomly),Violation_201,11,Cz,30.71922,8.0,97
LOND,lond003(answered questions randomly),Violation_201,11,CP1,17.165,8.0,97
LOND,lond003(answered questions randomly),Violation_201,11,CP2,13.11374,8.0,97
LOND,lond003(answered questions randomly),Violation_201,11,P3,9.372896,8.0,97
LOND,lond003(answered questions randomly),Violation_201,11,P4,13.95967,8.0,97
LOND,lond003(answered questions randomly),Violation_201,11,C3,7.99465,8.0,97
LOND,lond003(answered questions randomly),Violation_201,11,C4,3.163393,8.0,97
LOND,lond003(answered questions randomly),Violation_201,11,P7,6.912078,8.0,97
LOND,lond003(answered questions randomly),Violation_201,11,P8,1.999089,8.0,97
LOND,lond003(answered questions randomly),Violation_201,11,O1,2.003735,8.0,97
LOND,lond003(answered questions randomly),Violation_201,11,O2,11.54498,8.0,97
LOND,lond003(answered questions randomly),Violation_201,12,Pz,-26.31838,6.0,100
LOND,lond003(answered questions randomly),Violation_201,12,Cz,-22.45295,6.0,100
LOND,lond003(answered questions randomly),Violation_201,12,CP1,-16.73977,6.0,100
LOND,lond003(answered questions randomly),Violation_201,12,CP2,-20.31958,6.0,100
LOND,lond003(answered questions randomly),Violation_201,12,P3,-21.16355,6.0,100
LOND,lond003(answered questions randomly),Violation_201,12,P4,-24.09052,6.0,100
LOND,lond003(answered questions randomly),Violation_201,12,C3,-31.42317,6.0,100
LOND,lond003(answered questions randomly),Violation_201,12,C4,-23.20827,6.0,100
LOND,lond003(answered questions randomly),Violation_201,12,P7,-25.10353,6.0,100
LOND,lond003(answered questions randomly),Violation_201,12,P8,-18.54179,6.0,100
LOND,lond003(answered questions randomly),Violation_201,12,O1,-21.9933,6.0,100
LOND,lond003(answered questions randomly),Violation_201,12,O2,-29.81566,6.0,100
LOND,lond003(answered questions randomly),Control_202,13,Pz,-5.739393,9.0,93
LOND,lond003(answered questions randomly),Control_202,13,Cz,13.52546,9.0,93
LOND,lond003(answered questions randomly),Control_202,13,CP1,-5.342309,9.0,93
LOND,lond003(answered questions randomly),Control_202,13,CP2,-5.346178,9.0,93
LOND,lond003(answered questions randomly),Control_202,13,P3,-2.375916,9.0,93
LOND,lond003(answered questions randomly),Control_202,13,P4,-0.2337837,9.0,93
LOND,lond003(answered questions randomly),Control_202,13,C3,-7.95132,9.0,93
LOND,lond003(answered questions randomly),Control_202,13,C4,-0.8093302,9.0,93
LOND,lond003(answered questions randomly),Control_202,13,P7,-5.757651,9.0,93
LOND,lond003(answered questions randomly),Control_202,13,P8,-6.275171,9.0,93
LOND,lond003(answered questions randomly),Control_202,13,O1,-7.36493,9.0,93
LOND,lond003(answered questions randomly),Control_202,13,O2,-3.317894,9.0,93
LOND,lond003(answered questions randomly),Violation_201,14,Pz,-16.24587,20.0,90
LOND,lond003(answered questions randomly),Violation_201,14,Cz,-0.4988818,20.0,90
LOND,lond003(answered questions randomly),Violation_201,14,CP1,-11.6769,20.0,90
LOND,lond003(answered questions randomly),Violation_201,14,CP2,-9.053576,20.0,90
LOND,lond003(answered questions randomly),Violation_201,14,P3,-10.87189,20.0,90
LOND,lond003(answered questions randomly),Violation_201,14,P4,-5.015967,20.0,90
LOND,lond003(answered questions randomly),Violation_201,14,C3,-4.526041,20.0,90
LOND,lond003(answered questions randomly),Violation_201,14,C4,-10.66807,20.0,90
LOND,lond003(answered questions randomly),Violation_201,14,P7,-12.47376,20.0,90
LOND,lond003(answered questions randomly),Violation_201,14,P8,-15.90243,20.0,90
LOND,lond003(answered questions randomly),Violation_201,14,O1,-7.182162,20.0,90
LOND,lond003(answered questions randomly),Violation_201,14,O2,-18.0916,20.0,90
LOND,lond003(answered questions randomly),Control_202,15,Pz,-2.034047,1.0,97
LOND,lond003(answered questions randomly),Control_202,15,Cz,13.91563,1.0,97
LOND,lond003(answered questions randomly),Control_202,15,CP1,3.474123,1.0,97
LOND,lond003(answered questions randomly),Control_202,15,CP2,0.7737917,1.0,97
LOND,lond003(answered questions randomly),Control_202,15,P3,1.277464,1.0,97
LOND,lond003(answered questions randomly),Control_202,15,P4,4.358766,1.0,97
LOND,lond003(answered questions randomly),Control_202,15,C3,-2.516464,1.0,97
LOND,lond003(answered questions randomly),Control_202,15,C4,18.27688,1.0,97
LOND,lond003(answered questions randomly),Control_202,15,P7,1.608624,1.0,97
LOND,lond003(answered questions randomly),Control_202,15,P8,4.918275,1.0,97
LOND,lond003(answered questions randomly),Control_202,15,O1,12.99826,1.0,97
LOND,lond003(answered questions randomly),Control_202,15,O2,5.539554,1.0,97
LOND,lond003(answered questions randomly),Violation_201,16,Pz,37.34594,15.0,90
LOND,lond003(answered questions randomly),Violation_201,16,Cz,15.65472,15.0,90
LOND,lond003(answered questions randomly),Violation_201,16,CP1,15.09751,15.0,90
LOND,lond003(answered questions randomly),Violation_201,16,CP2,12.2717,15.0,90
LOND,lond003(answered questions randomly),Violation_201,16,P3,7.486383,15.0,90
LOND,lond003(answered questions randomly),Violation_201,16,P4,8.677477,15.0,90
LOND,lond003(answered questions randomly),Violation_201,16,C3,6.673864,15.0,90
LOND,lond003(answered questions randomly),Violation_201,16,C4,4.794618,15.0,90
LOND,lond003(answered questions randomly),Violation_201,16,P7,1.729804,15.0,90
LOND,lond003(answered questions randomly),Violation_201,16,P8,22.70729,15.0,90
LOND,lond003(answered questions randomly),Violation_201,16,O1,5.81617,15.0,90
LOND,lond003(answered questions randomly),Violation_201,16,O2,3.559,15.0,90
LOND,lond003(answered questions randomly),Control_202,17,Pz,-8.74396,10.0,80
LOND,lond003(answered questions randomly),Control_202,17,Cz,-17.48567,10.0,80
LOND,lond003(answered questions randomly),Control_202,17,CP1,-10.56075,10.0,80
LOND,lond003(answered questions randomly),Control_202,17,CP2,-8.163098,10.0,80
LOND,lond003(answered questions randomly),Control_202,17,P3,-1.16546,10.0,80
LOND,lond003(answered questions randomly),Control_202,17,P4,-2.910999,10.0,80
LOND,lond003(answered questions randomly),Control_202,17,C3,-5.529221,10.0,80
LOND,lond003(answered questions randomly),Control_202,17,C4,-24.14779,10.0,80
LOND,lond003(answered questions randomly),Control_202,17,P7,-10.84742,10.0,80
LOND,lond003(answered questions randomly),Control_202,17,P8,-2.641479,10.0,80
LOND,lond003(answered questions randomly),Control_202,17,O1,-12.19369,10.0,80
LOND,lond003(answered questions randomly),Control_202,17,O2,-1.770148,10.0,80
LOND,lond003(answered questions randomly),Violation_201,18,Pz,10.17201,4.0,93
LOND,lond003(answered questions randomly),Violation_201,18,Cz,9.084565,4.0,93
LOND,lond003(answered questions randomly),Violation_201,18,CP1,11.05834,4.0,93
LOND,lond003(answered questions randomly),Violation_201,18,CP2,6.870247,4.0,93
LOND,lond003(answered questions randomly),Violation_201,18,P3,16.36237,4.0,93
LOND,lond003(answered questions randomly),Violation_201,18,P4,8.907866,4.0,93
LOND,lond003(answered questions randomly),Violation_201,18,C3,3.026653,4.0,93
LOND,lond003(answered questions randomly),Violation_201,18,C4,5.447702,4.0,93
LOND,lond003(answered questions randomly),Violation_201,18,P7,8.757524,4.0,93
LOND,lond003(answered questions randomly),Violation_201,18,P8,2.557591,4.0,93
LOND,lond003(answered questions randomly),Violation_201,18,O1,8.707343,4.0,93
LOND,lond003(answered questions randomly),Violation_201,18,O2,9.391137,4.0,93
LOND,lond003(answered questions randomly),Control_202,19,Pz,-0.1477541,12.0,100
LOND,lond003(answered questions randomly),Control_202,19,Cz,-8.595906,12.0,100
LOND,lond003(answered questions randomly),Control_202,19,CP1,11.91497,12.0,100
LOND,lond003(answered questions randomly),Control_202,19,CP2,9.502592,12.0,100
LOND,lond003(answered questions randomly),Control_202,19,P3,6.17858,12.0,100
LOND,lond003(answered questions randomly),Control_202,19,P4,11.0828,12.0,100
LOND,lond003(answered questions randomly),Control_202,19,C3,7.8562,12.0,100
LOND,lond003(answered questions randomly),Control_202,19,C4,-0.6055446,12.0,100
LOND,lond003(answered questions randomly),Control_202,19,P7,3.27138,12.0,100
LOND,lond003(answered questions randomly),Control_202,19,P8,4.778453,12.0,100
LOND,lond003(answered questions randomly),Control_202,19,O1,10.10828,12.0,100
LOND,lond003(answered questions randomly),Control_202,19,O2,12.04334,12.0,100
LOND,lond003(answered questions randomly),Violation_201,20,Pz,4.505249,19.0,100
LOND,lond003(answered questions randomly),Violation_201,20,Cz,-22.15261,19.0,100
LOND,lond003(answered questions randomly),Violation_201,20,CP1,4.706497,19.0,100
LOND,lond003(answered questions randomly),Violation_201,20,CP2,6.848451,19.0,100
LOND,lond003(answered questions randomly),Violation_201,20,P3,8.583848,19.0,100
LOND,lond003(answered questions randomly),Violation_201,20,P4,6.695673,19.0,100
LOND,lond003(answered questions randomly),Violation_201,20,C3,4.848561,19.0,100
LOND,lond003(answered questions randomly),Violation_201,20,C4,11.00481,19.0,100
LOND,lond003(answered questions randomly),Violation_201,20,P7,10.47893,19.0,100
LOND,lond003(answered questions randomly),Violation_201,20,P8,9.733937,19.0,100
LOND,lond003(answered questions randomly),Violation_201,20,O1,8.40513,19.0,100
LOND,lond003(answered questions randomly),Violation_201,20,O2,14.74066,19.0,100
LOND,lond003(answered questions randomly),Violation_201,21,Pz,-2.407361,25.0,97
LOND,lond003(answered questions randomly),Violation_201,21,Cz,-11.39231,25.0,97
LOND,lond003(answered questions randomly),Violation_201,21,CP1,-1.248837,25.0,97
LOND,lond003(answered questions randomly),Violation_201,21,CP2,6.479388,25.0,97
LOND,lond003(answered questions randomly),Violation_201,21,P3,2.303715,25.0,97
LOND,lond003(answered questions randomly),Violation_201,21,P4,3.646584,25.0,97
LOND,lond003(answered questions randomly),Violation_201,21,C3,6.149685,25.0,97
LOND,lond003(answered questions randomly),Violation_201,21,C4,3.536292,25.0,97
LOND,lond003(answered questions randomly),Violation_201,21,P7,-0.6233665,25.0,97
LOND,lond003(answered questions randomly),Violation_201,21,P8,-0.1899005,25.0,97
LOND,lond003(answered questions randomly),Violation_201,21,O1,4.207105,25.0,97
LOND,lond003(answered questions randomly),Violation_201,21,O2,4.187272,25.0,97
LOND,lond003(answered questions randomly),Control_202,22,Pz,-12.47164,39.0,97
LOND,lond003(answered questions randomly),Control_202,22,Cz,23.77395,39.0,97
LOND,lond003(answered questions randomly),Control_202,22,CP1,-6.986877,39.0,97
LOND,lond003(answered questions randomly),Control_202,22,CP2,-2.531794,39.0,97
LOND,lond003(answered questions randomly),Control_202,22,P3,5.772532,39.0,97
LOND,lond003(answered questions randomly),Control_202,22,P4,-6.587697,39.0,97
LOND,lond003(answered questions randomly),Control_202,22,C3,-6.668768,39.0,97
LOND,lond003(answered questions randomly),Control_202,22,C4,0.002980637,39.0,97
LOND,lond003(answered questions randomly),Control_202,22,P7,0.4955743,39.0,97
LOND,lond003(answered questions randomly),Control_202,22,P8,-0.4947957,39.0,97
LOND,lond003(answered questions randomly),Control_202,22,O1,4.132424,39.0,97
LOND,lond003(answered questions randomly),Control_202,22,O2,2.5785,39.0,97
LOND,lond003(answered questions randomly),Violation_201,23,Pz,-4.44627,36.0,77
LOND,lond003(answered questions randomly),Violation_201,23,Cz,-38.3467,36.0,77
LOND,lond003(answered questions randomly),Violation_201,23,CP1,-13.98842,36.0,77
LOND,lond003(answered questions randomly),Violation_201,23,CP2,-10.31905,36.0,77
LOND,lond003(answered questions randomly),Violation_201,23,P3,-11.95203,36.0,77
LOND,lond003(answered questions randomly),Violation_201,23,P4,-15.31412,36.0,77
LOND,lond003(answered questions randomly),Violation_201,23,C3,-25.74896,36.0,77
LOND,lond003(answered questions randomly),Violation_201,23,C4,-19.98416,36.0,77
LOND,lond003(answered questions randomly),Violation_201,23,P7,1.388081,36.0,77
LOND,lond003(answered questions randomly),Violation_201,23,P8,-3.588634,36.0,77
LOND,lond003(answered questions randomly),Violation_201,23,O1,5.69347,36.0,77
LOND,lond003(answered questions randomly),Violation_201,23,O2,8.093803,36.0,77
LOND,lond003(answered questions randomly),Violation_201,24,Pz,4.219434,37.0,80
LOND,lond003(answered questions randomly),Violation_201,24,Cz,-8.574795,37.0,80
LOND,lond003(answered questions randomly),Violation_201,24,CP1,-0.811241,37.0,80
LOND,lond003(answered questions randomly),Violation_201,24,CP2,5.954385,37.0,80
LOND,lond003(answered questions randomly),Violation_201,24,P3,3.326803,37.0,80
LOND,lond003(answered questions randomly),Violation_201,24,P4,1.08934,37.0,80
LOND,lond003(answered questions randomly),Violation_201,24,C3,2.51123,37.0,80
LOND,lond003(answered questions randomly),Violation_201,24,C4,-9.015539,37.0,80
LOND,lond003(answered questions randomly),Violation_201,24,P7,-0.1690907,37.0,80
LOND,lond003(answered questions randomly),Violation_201,24,P8,8.050463,37.0,80
LOND,lond003(answered questions randomly),Violation_201,24,O1,5.496885,37.0,80
LOND,lond003(answered questions randomly),Violation_201,24,O2,5.285198,37.0,80
LOND,lond003(answered questions randomly),Control_202,25,Pz,-16.69325,21.0,77
LOND,lond003(answered questions randomly),Control_202,25,Cz,17.5466,21.0,77
LOND,lond003(answered questions randomly),Control_202,25,CP1,-8.445066,21.0,77
LOND,lond003(answered questions randomly),Control_202,25,CP2,-0.4997799,21.0,77
LOND,lond003(answered questions randomly),Control_202,25,P3,-8.417402,21.0,77
LOND,lond003(answered questions randomly),Control_202,25,P4,-4.983305,21.0,77
LOND,lond003(answered questions randomly),Control_202,25,C3,4.362689,21.0,77
LOND,lond003(answered questions randomly),Control_202,25,C4,-9.719614,21.0,77
LOND,lond003(answered questions randomly),Control_202,25,P7,-12.00592,21.0,77
LOND,lond003(answered questions randomly),Control_202,25,P8,-9.583861,21.0,77
LOND,lond003(answered questions randomly),Control_202,25,O1,1.618005,21.0,77
LOND,lond003(answered questions randomly),Control_202,25,O2,-13.91359,21.0,77
LOND,lond003(answered questions randomly),Control_202,26,Pz,-4.580783,28.0,27
LOND,lond003(answered questions randomly),Control_202,26,Cz,-16.69496,28.0,27
LOND,lond003(answered questions randomly),Control_202,26,CP1,-8.796072,28.0,27
LOND,lond003(answered questions randomly),Control_202,26,CP2,-6.075679,28.0,27
LOND,lond003(answered questions randomly),Control_202,26,P3,-7.718382,28.0,27
LOND,lond003(answered questions randomly),Control_202,26,P4,-3.845847,28.0,27
LOND,lond003(answered questions randomly),Control_202,26,C3,-11.06123,28.0,27
LOND,lond003(answered questions randomly),Control_202,26,C4,1.395554,28.0,27
LOND,lond003(answered questions randomly),Control_202,26,P7,-6.11182,28.0,27
LOND,lond003(answered questions randomly),Control_202,26,P8,-2.402926,28.0,27
LOND,lond003(answered questions randomly),Control_202,26,O1,-1.940404,28.0,27
LOND,lond003(answered questions randomly),Control_202,26,O2,-7.621373,28.0,27
LOND,lond003(answered questions randomly),Control_202,27,Pz,10.1789,31.0,77
LOND,lond003(answered questions randomly),Control_202,27,Cz,33.31945,31.0,77
LOND,lond003(answered questions randomly),Control_202,27,CP1,1.888123,31.0,77
LOND,lond003(answered questions randomly),Control_202,27,CP2,4.644057,31.0,77
LOND,lond003(answered questions randomly),Control_202,27,P3,0.1414281,31.0,77
LOND,lond003(answered questions randomly),Control_202,27,P4,24.73753,31.0,77
LOND,lond003(answered questions randomly),Control_202,27,C3,-1.58903,31.0,77
LOND,lond003(answered questions randomly),Control_202,27,C4,13.03654,31.0,77
LOND,lond003(answered questions randomly),Control_202,27,P7,-0.1485112,31.0,77
LOND,lond003(answered questions randomly),Control_202,27,P8,-2.684915,31.0,77
LOND,lond003(answered questions randomly),Control_202,27,O1,2.166759,31.0,77
LOND,lond003(answered questions randomly),Control_202,27,O2,-2.309195,31.0,77
LOND,lond003(answered questions randomly),Violation_201,28,Pz,9.480786,32.0,80
LOND,lond003(answered questions randomly),Violation_201,28,Cz,5.883542,32.0,80
LOND,lond003(answered questions randomly),Violation_201,28,CP1,5.935941,32.0,80
LOND,lond003(answered questions randomly),Violation_201,28,CP2,13.22002,32.0,80
LOND,lond003(answered questions randomly),Violation_201,28,P3,13.56918,32.0,80
LOND,lond003(answered questions randomly),Violation_201,28,P4,12.89984,32.0,80
LOND,lond003(answered questions randomly),Violation_201,28,C3,5.19442,32.0,80
LOND,lond003(answered questions randomly),Violation_201,28,C4,10.45703,32.0,80
LOND,lond003(answered questions randomly),Violation_201,28,P7,19.50987,32.0,80
LOND,lond003(answered questions randomly),Violation_201,28,P8,11.72118,32.0,80
LOND,lond003(answered questions randomly),Violation_201,28,O1,13.03148,32.0,80
LOND,lond003(answered questions randomly),Violation_201,28,O2,14.89653,32.0,80
LOND,lond003(answered questions randomly),Control_202,29,Pz,-10.37013,23.0,93
LOND,lond003(answered questions randomly),Control_202,29,Cz,10.63075,23.0,93
LOND,lond003(answered questions randomly),Control_202,29,CP1,-7.375402,23.0,93
LOND,lond003(answered questions randomly),Control_202,29,CP2,-11.46746,23.0,93
LOND,lond003(answered questions randomly),Control_202,29,P3,-12.07881,23.0,93
LOND,lond003(answered questions randomly),Control_202,29,P4,-10.95618,23.0,93
LOND,lond003(answered questions randomly),Control_202,29,C3,-18.19747,23.0,93
LOND,lond003(answered questions randomly),Control_202,29,C4,-17.84702,23.0,93
LOND,lond003(answered questions randomly),Control_202,29,P7,-6.090301,23.0,93
LOND,lond003(answered questions randomly),Control_202,29,P8,-9.535404,23.0,93
LOND,lond003(answered questions randomly),Control_202,29,O1,-3.15803,23.0,93
LOND,lond003(answered questions randomly),Control_202,29,O2,-7.15364,23.0,93
LOND,lond003(answered questions randomly),Control_202,30,Pz,0.9172341,34.0,97
LOND,lond003(answered questions randomly),Control_202,30,Cz,-12.42462,34.0,97
LOND,lond003(answered questions randomly),Control_202,30,CP1,5.841565,34.0,97
LOND,lond003(answered questions randomly),Control_202,30,CP2,2.19178,34.0,97
LOND,lond003(answered questions randomly),Control_202,30,P3,0.968279,34.0,97
LOND,lond003(answered questions randomly),Control_202,30,P4,1.223545,34.0,97
LOND,lond003(answered questions randomly),Control_202,30,C3,1.233923,34.0,97
LOND,lond003(answered questions randomly),Control_202,30,C4,0.9733164,34.0,97
LOND,lond003(answered questions randomly),Control_202,30,P7,6.471055,34.0,97
LOND,lond003(answered questions randomly),Control_202,30,P8,-9.534325,34.0,97
LOND,lond003(answered questions randomly),Control_202,30,O1,-1.43243,34.0,97
LOND,lond003(answered questions randomly),Control_202,30,O2,3.767501,34.0,97
LOND,lond003(answered questions randomly),Control_202,31,Pz,11.15767,30.0,90
LOND,lond003(answered questions randomly),Control_202,31,Cz,28.23644,30.0,90
LOND,lond003(answered questions randomly),Control_202,31,CP1,10.06218,30.0,90
LOND,lond003(answered questions randomly),Control_202,31,CP2,21.65145,30.0,90
LOND,lond003(answered questions randomly),Control_202,31,P3,8.862371,30.0,90
LOND,lond003(answered questions randomly),Control_202,31,P4,15.60561,30.0,90
LOND,lond003(answered questions randomly),Control_202,31,C3,13.9683,30.0,90
LOND,lond003(answered questions randomly),Control_202,31,C4,14.48582,30.0,90
LOND,lond003(answered questions randomly),Control_202,31,P7,9.057244,30.0,90
LOND,lond003(answered questions randomly),Control_202,31,P8,16.29352,30.0,90
LOND,lond003(answered questions randomly),Control_202,31,O1,10.23009,30.0,90
LOND,lond003(answered questions randomly),Control_202,31,O2,9.313654,30.0,90
LOND,lond003(answered questions randomly),Control_202,32,Pz,-13.79212,29.0,90
LOND,lond003(answered questions randomly),Control_202,32,Cz,-19.61868,29.0,90
LOND,lond003(answered questions randomly),Control_202,32,CP1,-3.852407,29.0,90
LOND,lond003(answered questions randomly),Control_202,32,CP2,-13.34531,29.0,90
LOND,lond003(answered questions randomly),Control_202,32,P3,-24.67166,29.0,90
LOND,lond003(answered questions randomly),Control_202,32,P4,-14.68144,29.0,90
LOND,lond003(answered questions randomly),Control_202,32,C3,-14.71795,29.0,90
LOND,lond003(answered questions randomly),Control_202,32,C4,-13.21188,29.0,90
LOND,lond003(answered questions randomly),Control_202,32,P7,-7.970683,29.0,90
LOND,lond003(answered questions randomly),Control_202,32,P8,-7.663374,29.0,90
LOND,lond003(answered questions randomly),Control_202,32,O1,-13.87583,29.0,90
LOND,lond003(answered questions randomly),Control_202,32,O2,-14.82149,29.0,90
LOND,lond003(answered questions randomly),Violation_201,33,Pz,-26.06041,26.0,87
LOND,lond003(answered questions randomly),Violation_201,33,Cz,-32.15081,26.0,87
LOND,lond003(answered questions randomly),Violation_201,33,CP1,-21.21757,26.0,87
LOND,lond003(answered questions randomly),Violation_201,33,CP2,-25.10925,26.0,87
LOND,lond003(answered questions randomly),Violation_201,33,P3,-19.70318,26.0,87
LOND,lond003(answered questions randomly),Violation_201,33,P4,-17.16321,26.0,87
LOND,lond003(answered questions randomly),Violation_201,33,C3,-15.34649,26.0,87
LOND,lond003(answered questions randomly),Violation_201,33,C4,-46.30513,26.0,87
LOND,lond003(answered questions randomly),Violation_201,33,P7,-18.95006,26.0,87
LOND,lond003(answered questions randomly),Violation_201,33,P8,-24.08636,26.0,87
LOND,lond003(answered questions randomly),Violation_201,33,O1,-24.75605,26.0,87
LOND,lond003(answered questions randomly),Violation_201,33,O2,-24.54342,26.0,87
LOND,lond003(answered questions randomly),Violation_201,34,Pz,-15.44017,24.0,93
LOND,lond003(answered questions randomly),Violation_201,34,Cz,-17.91755,24.0,93
LOND,lond003(answered questions randomly),Violation_201,34,CP1,-2.787548,24.0,93
LOND,lond003(answered questions randomly),Violation_201,34,CP2,-5.777049,24.0,93
LOND,lond003(answered questions randomly),Violation_201,34,P3,-7.68407,24.0,93
LOND,lond003(answered questions randomly),Violation_201,34,P4,6.068211,24.0,93
LOND,lond003(answered questions randomly),Violation_201,34,C3,-4.913728,24.0,93
LOND,lond003(answered questions randomly),Violation_201,34,C4,-4.28289,24.0,93
LOND,lond003(answered questions randomly),Violation_201,34,P7,0.5616616,24.0,93
LOND,lond003(answered questions randomly),Violation_201,34,P8,1.471746,24.0,93
LOND,lond003(answered questions randomly),Violation_201,34,O1,3.456344,24.0,93
LOND,lond003(answered questions randomly),Violation_201,34,O2,6.489053,24.0,93
LOND,lond003(answered questions randomly),Violation_201,35,Pz,-3.197607,38.0,93
LOND,lond003(answered questions randomly),Violation_201,35,Cz,3.195789,38.0,93
LOND,lond003(answered questions randomly),Violation_201,35,CP1,-0.5123267,38.0,93
LOND,lond003(answered questions randomly),Violation_201,35,CP2,-3.459704,38.0,93
LOND,lond003(answered questions randomly),Violation_201,35,P3,-7.183986,38.0,93
LOND,lond003(answered questions randomly),Violation_201,35,P4,3.780772,38.0,93
LOND,lond003(answered questions randomly),Violation_201,35,C3,-7.759737,38.0,93
LOND,lond003(answered questions randomly),Violation_201,35,C4,0.1304476,38.0,93
LOND,lond003(answered questions randomly),Violation_201,35,P7,-4.048225,38.0,93
LOND,lond003(answered questions randomly),Violation_201,35,P8,-10.69833,38.0,93
LOND,lond003(answered questions randomly),Violation_201,35,O1,-6.99589,38.0,93
LOND,lond003(answered questions randomly),Violation_201,35,O2,-1.189539,38.0,93
LOND,lond003(answered questions randomly),Violation_201,36,Pz,5.111631,22.0,53
LOND,lond003(answered questions randomly),Violation_201,36,Cz,6.719009,22.0,53
LOND,lond003(answered questions randomly),Violation_201,36,CP1,7.199378,22.0,53
LOND,lond003(answered questions randomly),Violation_201,36,CP2,8.517379,22.0,53
LOND,lond003(answered questions randomly),Violation_201,36,P3,3.638392,22.0,53
LOND,lond003(answered questions randomly),Violation_201,36,P4,-1.48471,22.0,53
LOND,lond003(answered questions randomly),Violation_201,36,C3,4.716118,22.0,53
LOND,lond003(answered questions randomly),Violation_201,36,C4,9.377994,22.0,53
LOND,lond003(answered questions randomly),Violation_201,36,P7,-2.674118,22.0,53
LOND,lond003(answered questions randomly),Violation_201,36,P8,1.997452,22.0,53
LOND,lond003(answered questions randomly),Violation_201,36,O1,3.029623,22.0,53
LOND,lond003(answered questions randomly),Violation_201,36,O2,7.490081,22.0,53
LOND,lond003(answered questions randomly),Control_202,37,Pz,-3.633058,27.0,97
LOND,lond003(answered questions randomly),Control_202,37,Cz,9.44959,27.0,97
LOND,lond003(answered questions randomly),Control_202,37,CP1,0.6411384,27.0,97
LOND,lond003(answered questions randomly),Control_202,37,CP2,4.089239,27.0,97
LOND,lond003(answered questions randomly),Control_202,37,P3,-4.997373,27.0,97
LOND,lond003(answered questions randomly),Control_202,37,P4,6.683821,27.0,97
LOND,lond003(answered questions randomly),Control_202,37,C3,-2.739482,27.0,97
LOND,lond003(answered questions randomly),Control_202,37,C4,0.979535,27.0,97
LOND,lond003(answered questions randomly),Control_202,37,P7,-0.5951665,27.0,97
LOND,lond003(answered questions randomly),Control_202,37,P8,7.075229,27.0,97
LOND,lond003(answered questions randomly),Control_202,37,O1,4.037065,27.0,97
LOND,lond003(answered questions randomly),Control_202,37,O2,3.712806,27.0,97
LOND,lond003(answered questions randomly),Control_202,38,Pz,2.603825,40.0,93
LOND,lond003(answered questions randomly),Control_202,38,Cz,14.44821,40.0,93
LOND,lond003(answered questions randomly),Control_202,38,CP1,-2.053278,40.0,93
LOND,lond003(answered questions randomly),Control_202,38,CP2,0.3269595,40.0,93
LOND,lond003(answered questions randomly),Control_202,38,P3,-1.098641,40.0,93
LOND,lond003(answered questions randomly),Control_202,38,P4,-4.726458,40.0,93
LOND,lond003(answered questions randomly),Control_202,38,C3,6.052258,40.0,93
LOND,lond003(answered questions randomly),Control_202,38,C4,-6.761878,40.0,93
LOND,lond003(answered questions randomly),Control_202,38,P7,-1.116161,40.0,93
LOND,lond003(answered questions randomly),Control_202,38,P8,-23.02207,40.0,93
LOND,lond003(answered questions randomly),Control_202,38,O1,-8.016085,40.0,93
LOND,lond003(answered questions randomly),Control_202,38,O2,1.338883,40.0,93
LOND,lond003(answered questions randomly),Violation_201,39,Pz,5.638004,33.0,53
LOND,lond003(answered questions randomly),Violation_201,39,Cz,30.4241,33.0,53
LOND,lond003(answered questions randomly),Violation_201,39,CP1,5.384969,33.0,53
LOND,lond003(answered questions randomly),Violation_201,39,CP2,-2.917228,33.0,53
LOND,lond003(answered questions randomly),Violation_201,39,P3,-0.6555941,33.0,53
LOND,lond003(answered questions randomly),Violation_201,39,P4,1.263545,33.0,53
LOND,lond003(answered questions randomly),Violation_201,39,C3,-1.604613,33.0,53
LOND,lond003(answered questions randomly),Violation_201,39,C4,2.105297,33.0,53
LOND,lond003(answered questions randomly),Violation_201,39,P7,-7.458924,33.0,53
LOND,lond003(answered questions randomly),Violation_201,39,P8,-2.757587,33.0,53
LOND,lond003(answered questions randomly),Violation_201,39,O1,-5.567215,33.0,53
LOND,lond003(answered questions randomly),Violation_201,39,O2,-9.654028,33.0,53
LOND,lond004(possibly non native English speaker),Violation_201,1,Pz,-15.34151,8.0,97
LOND,lond004(possibly non native English speaker),Violation_201,1,Cz,1.791108,8.0,97
LOND,lond004(possibly non native English speaker),Violation_201,1,CP1,-11.34577,8.0,97
LOND,lond004(possibly non native English speaker),Violation_201,1,CP2,-1.83046,8.0,97
LOND,lond004(possibly non native English speaker),Violation_201,1,P3,-27.44887,8.0,97
LOND,lond004(possibly non native English speaker),Violation_201,1,P4,-11.36341,8.0,97
LOND,lond004(possibly non native English speaker),Violation_201,1,C3,-3.3381,8.0,97
LOND,lond004(possibly non native English speaker),Violation_201,1,C4,-12.83426,8.0,97
LOND,lond004(possibly non native English speaker),Violation_201,1,P7,-2.295272,8.0,97
LOND,lond004(possibly non native English speaker),Violation_201,1,P8,2.694068,8.0,97
LOND,lond004(possibly non native English speaker),Violation_201,1,O1,-27.07488,8.0,97
LOND,lond004(possibly non native English speaker),Violation_201,1,O2,-15.49494,8.0,97
LOND,lond004(possibly non native English speaker),Violation_201,2,Pz,11.26456,12.0,100
LOND,lond004(possibly non native English speaker),Violation_201,2,Cz,3.387784,12.0,100
LOND,lond004(possibly non native English speaker),Violation_201,2,CP1,11.84355,12.0,100
LOND,lond004(possibly non native English speaker),Violation_201,2,CP2,7.273062,12.0,100
LOND,lond004(possibly non native English speaker),Violation_201,2,P3,12.01401,12.0,100
LOND,lond004(possibly non native English speaker),Violation_201,2,P4,11.22757,12.0,100
LOND,lond004(possibly non native English speaker),Violation_201,2,C3,32.40164,12.0,100
LOND,lond004(possibly non native English speaker),Violation_201,2,C4,11.17091,12.0,100
LOND,lond004(possibly non native English speaker),Violation_201,2,P7,-5.378003,12.0,100
LOND,lond004(possibly non native English speaker),Violation_201,2,P8,22.36977,12.0,100
LOND,lond004(possibly non native English speaker),Violation_201,2,O1,19.54574,12.0,100
LOND,lond004(possibly non native English speaker),Violation_201,2,O2,-49.65009,12.0,100
LOND,lond004(possibly non native English speaker),Violation_201,3,Pz,6.732596,19.0,100
LOND,lond004(possibly non native English speaker),Violation_201,3,Cz,20.26945,19.0,100
LOND,lond004(possibly non native English speaker),Violation_201,3,CP1,17.90594,19.0,100
LOND,lond004(possibly non native English speaker),Violation_201,3,CP2,7.332133,19.0,100
LOND,lond004(possibly non native English speaker),Violation_201,3,P3,0.3625522,19.0,100
LOND,lond004(possibly non native English speaker),Violation_201,3,P4,-7.846089,19.0,100
LOND,lond004(possibly non native English speaker),Violation_201,3,C3,34.2398,19.0,100
LOND,lond004(possibly non native English speaker),Violation_201,3,C4,-18.40978,19.0,100
LOND,lond004(possibly non native English speaker),Violation_201,3,P7,17.67998,19.0,100
LOND,lond004(possibly non native English speaker),Violation_201,3,P8,22.1935,19.0,100
LOND,lond004(possibly non native English speaker),Violation_201,3,O1,13.19751,19.0,100
LOND,lond004(possibly non native English speaker),Violation_201,3,O2,5.122609,19.0,100
LOND,lond004(possibly non native English speaker),Violation_201,4,Pz,-12.21737,5.0,93
LOND,lond004(possibly non native English speaker),Violation_201,4,Cz,-16.36632,5.0,93
LOND,lond004(possibly non native English speaker),Violation_201,4,CP1,-8.42668,5.0,93
LOND,lond004(possibly non native English speaker),Violation_201,4,CP2,-18.49875,5.0,93
LOND,lond004(possibly non native English speaker),Violation_201,4,P3,-7.040015,5.0,93
LOND,lond004(possibly non native English speaker),Violation_201,4,P4,-6.600596,5.0,93
LOND,lond004(possibly non native English speaker),Violation_201,4,C3,13.14003,5.0,93
LOND,lond004(possibly non native English speaker),Violation_201,4,C4,-19.3441,5.0,93
LOND,lond004(possibly non native English speaker),Violation_201,4,P7,1.211216,5.0,93
LOND,lond004(possibly non native English speaker),Violation_201,4,P8,-10.33505,5.0,93
LOND,lond004(possibly non native English speaker),Violation_201,4,O1,-11.17106,5.0,93
LOND,lond004(possibly non native English speaker),Violation_201,4,O2,-4.991767,5.0,93
LOND,lond004(possibly non native English speaker),Control_202,5,Pz,2.460294,6.0,100
LOND,lond004(possibly non native English speaker),Control_202,5,Cz,6.260954,6.0,100
LOND,lond004(possibly non native English speaker),Control_202,5,CP1,-3.951374,6.0,100
LOND,lond004(possibly non native English speaker),Control_202,5,CP2,12.27548,6.0,100
LOND,lond004(possibly non native English speaker),Control_202,5,P3,-12.07844,6.0,100
LOND,lond004(possibly non native English speaker),Control_202,5,P4,11.29674,6.0,100
LOND,lond004(possibly non native English speaker),Control_202,5,C3,24.75095,6.0,100
LOND,lond004(possibly non native English speaker),Control_202,5,C4,4.566716,6.0,100
LOND,lond004(possibly non native English speaker),Control_202,5,P7,11.63997,6.0,100
LOND,lond004(possibly non native English speaker),Control_202,5,P8,5.260867,6.0,100
LOND,lond004(possibly non native English speaker),Control_202,5,O1,-7.470737,6.0,100
LOND,lond004(possibly non native English speaker),Control_202,5,O2,30.43328,6.0,100
LOND,lond004(possibly non native English speaker),Control_202,6,Pz,-5.443095,13.0,97
LOND,lond004(possibly non native English speaker),Control_202,6,Cz,-2.385219,13.0,97
LOND,lond004(possibly non native English speaker),Control_202,6,CP1,-6.079386,13.0,97
LOND,lond004(possibly non native English speaker),Control_202,6,CP2,-17.34369,13.0,97
LOND,lond004(possibly non native English speaker),Control_202,6,P3,-10.55732,13.0,97
LOND,lond004(possibly non native English speaker),Control_202,6,P4,-4.623421,13.0,97
LOND,lond004(possibly non native English speaker),Control_202,6,C3,-2.267529,13.0,97
LOND,lond004(possibly non native English speaker),Control_202,6,C4,-24.83159,13.0,97
LOND,lond004(possibly non native English speaker),Control_202,6,P7,-16.72276,13.0,97
LOND,lond004(possibly non native English speaker),Control_202,6,P8,-5.78231,13.0,97
LOND,lond004(possibly non native English speaker),Control_202,6,O1,-16.7979,13.0,97
LOND,lond004(possibly non native English speaker),Control_202,6,O2,-43.88649,13.0,97
LOND,lond004(possibly non native English speaker),Violation_201,7,Pz,-16.06475,2.0,100
LOND,lond004(possibly non native English speaker),Violation_201,7,Cz,-9.082065,2.0,100
LOND,lond004(possibly non native English speaker),Violation_201,7,CP1,-2.990617,2.0,100
LOND,lond004(possibly non native English speaker),Violation_201,7,CP2,-14.39263,2.0,100
LOND,lond004(possibly non native English speaker),Violation_201,7,P3,-12.40103,2.0,100
LOND,lond004(possibly non native English speaker),Violation_201,7,P4,27.97616,2.0,100
LOND,lond004(possibly non native English speaker),Violation_201,7,C3,-10.6783,2.0,100
LOND,lond004(possibly non native English speaker),Violation_201,7,C4,-0.2422244,2.0,100
LOND,lond004(possibly non native English speaker),Violation_201,7,P7,-4.672967,2.0,100
LOND,lond004(possibly non native English speaker),Violation_201,7,P8,7.374097,2.0,100
LOND,lond004(possibly non native English speaker),Violation_201,7,O1,-2.351885,2.0,100
LOND,lond004(possibly non native English speaker),Violation_201,7,O2,30.0462,2.0,100
LOND,lond004(possibly non native English speaker),Control_202,8,Pz,10.54897,4.0,93
LOND,lond004(possibly non native English speaker),Control_202,8,Cz,4.526324,4.0,93
LOND,lond004(possibly non native English speaker),Control_202,8,CP1,2.439544,4.0,93
LOND,lond004(possibly non native English speaker),Control_202,8,CP2,-1.00925,4.0,93
LOND,lond004(possibly non native English speaker),Control_202,8,P3,-0.9916177,4.0,93
LOND,lond004(possibly non native English speaker),Control_202,8,P4,-5.121546,4.0,93
LOND,lond004(possibly non native English speaker),Control_202,8,C3,-6.653346,4.0,93
LOND,lond004(possibly non native English speaker),Control_202,8,C4,-8.49109,4.0,93
LOND,lond004(possibly non native English speaker),Control_202,8,P7,4.008923,4.0,93
LOND,lond004(possibly non native English speaker),Control_202,8,P8,-2.767756,4.0,93
LOND,lond004(possibly non native English speaker),Control_202,8,O1,-21.80903,4.0,93
LOND,lond004(possibly non native English speaker),Control_202,8,O2,-28.00169,4.0,93
LOND,lond004(possibly non native English speaker),Control_202,9,Pz,9.69206,17.0,62
LOND,lond004(possibly non native English speaker),Control_202,9,Cz,16.98834,17.0,62
LOND,lond004(possibly non native English speaker),Control_202,9,CP1,12.73281,17.0,62
LOND,lond004(possibly non native English speaker),Control_202,9,CP2,11.62715,17.0,62
LOND,lond004(possibly non native English speaker),Control_202,9,P3,6.098105,17.0,62
LOND,lond004(possibly non native English speaker),Control_202,9,P4,6.310326,17.0,62
LOND,lond004(possibly non native English speaker),Control_202,9,C3,4.638228,17.0,62
LOND,lond004(possibly non native English speaker),Control_202,9,C4,30.08688,17.0,62
LOND,lond004(possibly non native English speaker),Control_202,9,P7,56.74516,17.0,62
LOND,lond004(possibly non native English speaker),Control_202,9,P8,17.40313,17.0,62
LOND,lond004(possibly non native English speaker),Control_202,9,O1,21.60683,17.0,62
LOND,lond004(possibly non native English speaker),Control_202,9,O2,41.80995,17.0,62
LOND,lond004(possibly non native English speaker),Control_202,10,Pz,0.784789,20.0,90
LOND,lond004(possibly non native English speaker),Control_202,10,Cz,-0.3686273,20.0,90
LOND,lond004(possibly non native English speaker),Control_202,10,CP1,1.163914,20.0,90
LOND,lond004(possibly non native English speaker),Control_202,10,CP2,-1.014819,20.0,90
LOND,lond004(possibly non native English speaker),Control_202,10,P3,9.624078,20.0,90
LOND,lond004(possibly non native English speaker),Control_202,10,P4,9.271788,20.0,90
LOND,lond004(possibly non native English speaker),Control_202,10,C3,-8.300492,20.0,90
LOND,lond004(possibly non native English speaker),Control_202,10,C4,0.2910818,20.0,90
LOND,lond004(possibly non native English speaker),Control_202,10,P7,7.09768,20.0,90
LOND,lond004(possibly non native English speaker),Control_202,10,P8,6.74879,20.0,90
LOND,lond004(possibly non native English speaker),Control_202,10,O1,16.77542,20.0,90
LOND,lond004(possibly non native English speaker),Control_202,10,O2,6.748316,20.0,90
LOND,lond004(possibly non native English speaker),Violation_201,11,Pz,24.24946,3.0,100
LOND,lond004(possibly non native English speaker),Violation_201,11,Cz,25.70394,3.0,100
LOND,lond004(possibly non native English speaker),Violation_201,11,CP1,27.79736,3.0,100
LOND,lond004(possibly non native English speaker),Violation_201,11,CP2,28.03813,3.0,100
LOND,lond004(possibly non native English speaker),Violation_201,11,P3,15.904,3.0,100
LOND,lond004(possibly non native English speaker),Violation_201,11,P4,12.48674,3.0,100
LOND,lond004(possibly non native English speaker),Violation_201,11,C3,34.60207,3.0,100
LOND,lond004(possibly non native English speaker),Violation_201,11,C4,27.03096,3.0,100
LOND,lond004(possibly non native English speaker),Violation_201,11,P7,12.96086,3.0,100
LOND,lond004(possibly non native English speaker),Violation_201,11,P8,18.15925,3.0,100
LOND,lond004(possibly non native English speaker),Violation_201,11,O1,6.28969,3.0,100
LOND,lond004(possibly non native English speaker),Violation_201,11,O2,27.96027,3.0,100
LOND,lond004(possibly non native English speaker),Control_202,12,Pz,-2.217169,9.0,93
LOND,lond004(possibly non native English speaker),Control_202,12,Cz,-13.09826,9.0,93
LOND,lond004(possibly non native English speaker),Control_202,12,CP1,-19.25315,9.0,93
LOND,lond004(possibly non native English speaker),Control_202,12,CP2,-1.861806,9.0,93
LOND,lond004(possibly non native English speaker),Control_202,12,P3,-9.463906,9.0,93
LOND,lond004(possibly non native English speaker),Control_202,12,P4,1.862631,9.0,93
LOND,lond004(possibly non native English speaker),Control_202,12,C3,-0.3876916,9.0,93
LOND,lond004(possibly non native English speaker),Control_202,12,C4,4.68889,9.0,93
LOND,lond004(possibly non native English speaker),Control_202,12,P7,8.411711,9.0,93
LOND,lond004(possibly non native English speaker),Control_202,12,P8,-9.330914,9.0,93
LOND,lond004(possibly non native English speaker),Control_202,12,O1,-7.389943,9.0,93
LOND,lond004(possibly non native English speaker),Control_202,12,O2,-21.37454,9.0,93
LOND,lond004(possibly non native English speaker),Violation_201,13,Pz,18.13696,11.0,87
LOND,lond004(possibly non native English speaker),Violation_201,13,Cz,-0.7326413,11.0,87
LOND,lond004(possibly non native English speaker),Violation_201,13,CP1,21.28686,11.0,87
LOND,lond004(possibly non native English speaker),Violation_201,13,CP2,4.987795,11.0,87
LOND,lond004(possibly non native English speaker),Violation_201,13,P3,9.142235,11.0,87
LOND,lond004(possibly non native English speaker),Violation_201,13,P4,4.564465,11.0,87
LOND,lond004(possibly non native English speaker),Violation_201,13,C3,1.825992,11.0,87
LOND,lond004(possibly non native English speaker),Violation_201,13,C4,9.620361,11.0,87
LOND,lond004(possibly non native English speaker),Violation_201,13,P7,5.209383,11.0,87
LOND,lond004(possibly non native English speaker),Violation_201,13,P8,1.65801,11.0,87
LOND,lond004(possibly non native English speaker),Violation_201,13,O1,15.46457,11.0,87
LOND,lond004(possibly non native English speaker),Violation_201,13,O2,9.197871,11.0,87
LOND,lond004(possibly non native English speaker),Violation_201,14,Pz,6.946248,7.0,80
LOND,lond004(possibly non native English speaker),Violation_201,14,Cz,5.720475,7.0,80
LOND,lond004(possibly non native English speaker),Violation_201,14,CP1,5.96594,7.0,80
LOND,lond004(possibly non native English speaker),Violation_201,14,CP2,2.978501,7.0,80
LOND,lond004(possibly non native English speaker),Violation_201,14,P3,-1.018207,7.0,80
LOND,lond004(possibly non native English speaker),Violation_201,14,P4,12.28954,7.0,80
LOND,lond004(possibly non native English speaker),Violation_201,14,C3,22.23175,7.0,80
LOND,lond004(possibly non native English speaker),Violation_201,14,C4,6.081653,7.0,80
LOND,lond004(possibly non native English speaker),Violation_201,14,P7,2.696959,7.0,80
LOND,lond004(possibly non native English speaker),Violation_201,14,P8,-2.698747,7.0,80
LOND,lond004(possibly non native English speaker),Violation_201,14,O1,-1.660663,7.0,80
LOND,lond004(possibly non native English speaker),Violation_201,14,O2,9.773663,7.0,80
LOND,lond004(possibly non native English speaker),Control_202,15,Pz,12.31164,1.0,97
LOND,lond004(possibly non native English speaker),Control_202,15,Cz,10.82686,1.0,97
LOND,lond004(possibly non native English speaker),Control_202,15,CP1,4.645771,1.0,97
LOND,lond004(possibly non native English speaker),Control_202,15,CP2,7.010934,1.0,97
LOND,lond004(possibly non native English speaker),Control_202,15,P3,13.1836,1.0,97
LOND,lond004(possibly non native English speaker),Control_202,15,P4,12.35428,1.0,97
LOND,lond004(possibly non native English speaker),Control_202,15,C3,45.25519,1.0,97
LOND,lond004(possibly non native English speaker),Control_202,15,C4,-1.379761,1.0,97
LOND,lond004(possibly non native English speaker),Control_202,15,P7,14.11226,1.0,97
LOND,lond004(possibly non native English speaker),Control_202,15,P8,4.312171,1.0,97
LOND,lond004(possibly non native English speaker),Control_202,15,O1,16.65343,1.0,97
LOND,lond004(possibly non native English speaker),Control_202,15,O2,-20.43428,1.0,97
LOND,lond004(possibly non native English speaker),Violation_201,16,Pz,6.170188,16.0,93
LOND,lond004(possibly non native English speaker),Violation_201,16,Cz,4.892947,16.0,93
LOND,lond004(possibly non native English speaker),Violation_201,16,CP1,-1.817633,16.0,93
LOND,lond004(possibly non native English speaker),Violation_201,16,CP2,2.677367,16.0,93
LOND,lond004(possibly non native English speaker),Violation_201,16,P3,-4.252137,16.0,93
LOND,lond004(possibly non native English speaker),Violation_201,16,P4,-17.87322,16.0,93
LOND,lond004(possibly non native English speaker),Violation_201,16,C3,19.2008,16.0,93
LOND,lond004(possibly non native English speaker),Violation_201,16,C4,0.1534956,16.0,93
LOND,lond004(possibly non native English speaker),Violation_201,16,P7,11.84209,16.0,93
LOND,lond004(possibly non native English speaker),Violation_201,16,P8,2.191515,16.0,93
LOND,lond004(possibly non native English speaker),Violation_201,16,O1,-0.2498754,16.0,93
LOND,lond004(possibly non native English speaker),Violation_201,16,O2,-57.42334,16.0,93
LOND,lond004(possibly non native English speaker),Control_202,17,Pz,32.45655,18.0,87
LOND,lond004(possibly non native English speaker),Control_202,17,Cz,21.83332,18.0,87
LOND,lond004(possibly non native English speaker),Control_202,17,CP1,29.47881,18.0,87
LOND,lond004(possibly non native English speaker),Control_202,17,CP2,19.55049,18.0,87
LOND,lond004(possibly non native English speaker),Control_202,17,P3,27.15325,18.0,87
LOND,lond004(possibly non native English speaker),Control_202,17,P4,31.79967,18.0,87
LOND,lond004(possibly non native English speaker),Control_202,17,C3,14.58398,18.0,87
LOND,lond004(possibly non native English speaker),Control_202,17,C4,34.99445,18.0,87
LOND,lond004(possibly non native English speaker),Control_202,17,P7,-1.176964,18.0,87
LOND,lond004(possibly non native English speaker),Control_202,17,P8,29.15989,18.0,87
LOND,lond004(possibly non native English speaker),Control_202,17,O1,13.58429,18.0,87
LOND,lond004(possibly non native English speaker),Control_202,17,O2,16.70356,18.0,87
LOND,lond004(possibly non native English speaker),Control_202,18,Pz,-7.261587,10.0,80
LOND,lond004(possibly non native English speaker),Control_202,18,Cz,-15.49966,10.0,80
LOND,lond004(possibly non native English speaker),Control_202,18,CP1,-3.261453,10.0,80
LOND,lond004(possibly non native English speaker),Control_202,18,CP2,-4.322911,10.0,80
LOND,lond004(possibly non native English speaker),Control_202,18,P3,-8.467674,10.0,80
LOND,lond004(possibly non native English speaker),Control_202,18,P4,-10.9984,10.0,80
LOND,lond004(possibly non native English speaker),Control_202,18,C3,-17.66722,10.0,80
LOND,lond004(possibly non native English speaker),Control_202,18,C4,-27.01888,10.0,80
LOND,lond004(possibly non native English speaker),Control_202,18,P7,-9.157802,10.0,80
LOND,lond004(possibly non native English speaker),Control_202,18,P8,-3.206462,10.0,80
LOND,lond004(possibly non native English speaker),Control_202,18,O1,-20.29753,10.0,80
LOND,lond004(possibly non native English speaker),Control_202,18,O2,-9.758053,10.0,80
LOND,lond004(possibly non native English speaker),Violation_201,19,Pz,-18.00768,15.0,90
LOND,lond004(possibly non native English speaker),Violation_201,19,Cz,6.36275,15.0,90
LOND,lond004(possibly non native English speaker),Violation_201,19,CP1,-7.973917,15.0,90
LOND,lond004(possibly non native English speaker),Violation_201,19,CP2,-8.380023,15.0,90
LOND,lond004(possibly non native English speaker),Violation_201,19,P3,-16.66611,15.0,90
LOND,lond004(possibly non native English speaker),Violation_201,19,P4,-11.33043,15.0,90
LOND,lond004(possibly non native English speaker),Violation_201,19,C3,-25.18913,15.0,90
LOND,lond004(possibly non native English speaker),Violation_201,19,C4,-6.721494,15.0,90
LOND,lond004(possibly non native English speaker),Violation_201,19,P7,-6.305544,15.0,90
LOND,lond004(possibly non native English speaker),Violation_201,19,P8,-9.092824,15.0,90
LOND,lond004(possibly non native English speaker),Violation_201,19,O1,-7.246245,15.0,90
LOND,lond004(possibly non native English speaker),Violation_201,19,O2,-4.310819,15.0,90
LOND,lond004(possibly non native English speaker),Violation_201,20,Pz,-0.2252444,14.0,90
LOND,lond004(possibly non native English speaker),Violation_201,20,Cz,-0.556879,14.0,90
LOND,lond004(possibly non native English speaker),Violation_201,20,CP1,9.136784,14.0,90
LOND,lond004(possibly non native English speaker),Violation_201,20,CP2,7.896116,14.0,90
LOND,lond004(possibly non native English speaker),Violation_201,20,P3,0.6686757,14.0,90
LOND,lond004(possibly non native English speaker),Violation_201,20,P4,13.34339,14.0,90
LOND,lond004(possibly non native English speaker),Violation_201,20,C3,10.06163,14.0,90
LOND,lond004(possibly non native English speaker),Violation_201,20,C4,14.75547,14.0,90
LOND,lond004(possibly non native English speaker),Violation_201,20,P7,7.680652,14.0,90
LOND,lond004(possibly non native English speaker),Violation_201,20,P8,-0.8382266,14.0,90
LOND,lond004(possibly non native English speaker),Violation_201,20,O1,-21.41203,14.0,90
LOND,lond004(possibly non native English speaker),Violation_201,20,O2,1.167007,14.0,90
LOND,lond004(possibly non native English speaker),Violation_201,21,Pz,-5.190075,23.0,93
LOND,lond004(possibly non native English speaker),Violation_201,21,Cz,22.15172,23.0,93
LOND,lond004(possibly non native English speaker),Violation_201,21,CP1,8.232113,23.0,93
LOND,lond004(possibly non native English speaker),Violation_201,21,CP2,10.83814,23.0,93
LOND,lond004(possibly non native English speaker),Violation_201,21,P3,14.42047,23.0,93
LOND,lond004(possibly non native English speaker),Violation_201,21,P4,2.878794,23.0,93
LOND,lond004(possibly non native English speaker),Violation_201,21,C3,36.33405,23.0,93
LOND,lond004(possibly non native English speaker),Violation_201,21,C4,-10.7155,23.0,93
LOND,lond004(possibly non native English speaker),Violation_201,21,P7,17.922,23.0,93
LOND,lond004(possibly non native English speaker),Violation_201,21,P8,17.3707,23.0,93
LOND,lond004(possibly non native English speaker),Violation_201,21,O1,12.03555,23.0,93
LOND,lond004(possibly non native English speaker),Violation_201,21,O2,0.7913386,23.0,93
LOND,lond004(possibly non native English speaker),Control_202,22,Pz,10.24986,30.0,90
LOND,lond004(possibly non native English speaker),Control_202,22,Cz,11.84076,30.0,90
LOND,lond004(possibly non native English speaker),Control_202,22,CP1,15.25191,30.0,90
LOND,lond004(possibly non native English speaker),Control_202,22,CP2,16.18665,30.0,90
LOND,lond004(possibly non native English speaker),Control_202,22,P3,3.631755,30.0,90
LOND,lond004(possibly non native English speaker),Control_202,22,P4,-0.2461681,30.0,90
LOND,lond004(possibly non native English speaker),Control_202,22,C3,7.442225,30.0,90
LOND,lond004(possibly non native English speaker),Control_202,22,C4,-10.44366,30.0,90
LOND,lond004(possibly non native English speaker),Control_202,22,P7,0.2188584,30.0,90
LOND,lond004(possibly non native English speaker),Control_202,22,P8,2.634037,30.0,90
LOND,lond004(possibly non native English speaker),Control_202,22,O1,20.94306,30.0,90
LOND,lond004(possibly non native English speaker),Control_202,22,O2,5.414186,30.0,90
LOND,lond004(possibly non native English speaker),Control_202,23,Pz,8.361191,25.0,97
LOND,lond004(possibly non native English speaker),Control_202,23,Cz,3.273587,25.0,97
LOND,lond004(possibly non native English speaker),Control_202,23,CP1,6.449268,25.0,97
LOND,lond004(possibly non native English speaker),Control_202,23,CP2,2.727557,25.0,97
LOND,lond004(possibly non native English speaker),Control_202,23,P3,7.903778,25.0,97
LOND,lond004(possibly non native English speaker),Control_202,23,P4,8.636154,25.0,97
LOND,lond004(possibly non native English speaker),Control_202,23,C3,7.234011,25.0,97
LOND,lond004(possibly non native English speaker),Control_202,23,C4,6.569764,25.0,97
LOND,lond004(possibly non native English speaker),Control_202,23,P7,-5.096896,25.0,97
LOND,lond004(possibly non native English speaker),Control_202,23,P8,-3.111997,25.0,97
LOND,lond004(possibly non native English speaker),Control_202,23,O1,3.167504,25.0,97
LOND,lond004(possibly non native English speaker),Control_202,23,O2,20.08944,25.0,97
LOND,lond004(possibly non native English speaker),Control_202,24,Pz,-5.194342,29.0,90
LOND,lond004(possibly non native English speaker),Control_202,24,Cz,8.770079,29.0,90
LOND,lond004(possibly non native English speaker),Control_202,24,CP1,3.98981,29.0,90
LOND,lond004(possibly non native English speaker),Control_202,24,CP2,10.63882,29.0,90
LOND,lond004(possibly non native English speaker),Control_202,24,P3,4.26859,29.0,90
LOND,lond004(possibly non native English speaker),Control_202,24,P4,2.703998,29.0,90
LOND,lond004(possibly non native English speaker),Control_202,24,C3,16.06246,29.0,90
LOND,lond004(possibly non native English speaker),Control_202,24,C4,5.122679,29.0,90
LOND,lond004(possibly non native English speaker),Control_202,24,P7,8.053068,29.0,90
LOND,lond004(possibly non native English speaker),Control_202,24,P8,1.704536,29.0,90
LOND,lond004(possibly non native English speaker),Control_202,24,O1,-6.029106,29.0,90
LOND,lond004(possibly non native English speaker),Control_202,24,O2,2.933045,29.0,90
LOND,lond004(possibly non native English speaker),Violation_201,25,Pz,-5.140327,35.0,97
LOND,lond004(possibly non native English speaker),Violation_201,25,Cz,-14.76086,35.0,97
LOND,lond004(possibly non native English speaker),Violation_201,25,CP1,-24.47356,35.0,97
LOND,lond004(possibly non native English speaker),Violation_201,25,CP2,-5.719565,35.0,97
LOND,lond004(possibly non native English speaker),Violation_201,25,P3,-11.38147,35.0,97
LOND,lond004(possibly non native English speaker),Violation_201,25,P4,-26.07446,35.0,97
LOND,lond004(possibly non native English speaker),Violation_201,25,C3,-19.96742,35.0,97
LOND,lond004(possibly non native English speaker),Violation_201,25,C4,-36.46862,35.0,97
LOND,lond004(possibly non native English speaker),Violation_201,25,P7,3.086585,35.0,97
LOND,lond004(possibly non native English speaker),Violation_201,25,P8,-21.75904,35.0,97
LOND,lond004(possibly non native English speaker),Violation_201,25,O1,-15.41792,35.0,97
LOND,lond004(possibly non native English speaker),Violation_201,25,O2,-17.15165,35.0,97
LOND,lond004(possibly non native English speaker),Violation_201,26,Pz,11.77377,21.0,77
LOND,lond004(possibly non native English speaker),Violation_201,26,Cz,8.656086,21.0,77
LOND,lond004(possibly non native English speaker),Violation_201,26,CP1,9.631609,21.0,77
LOND,lond004(possibly non native English speaker),Violation_201,26,CP2,7.326372,21.0,77
LOND,lond004(possibly non native English speaker),Violation_201,26,P3,0.8284785,21.0,77
LOND,lond004(possibly non native English speaker),Violation_201,26,P4,14.31618,21.0,77
LOND,lond004(possibly non native English speaker),Violation_201,26,C3,14.38826,21.0,77
LOND,lond004(possibly non native English speaker),Violation_201,26,C4,9.858121,21.0,77
LOND,lond004(possibly non native English speaker),Violation_201,26,P7,18.75747,21.0,77
LOND,lond004(possibly non native English speaker),Violation_201,26,P8,6.493103,21.0,77
LOND,lond004(possibly non native English speaker),Violation_201,26,O1,19.49703,21.0,77
LOND,lond004(possibly non native English speaker),Violation_201,26,O2,17.87755,21.0,77
LOND,lond004(possibly non native English speaker),Violation_201,27,Pz,26.81788,27.0,97
LOND,lond004(possibly non native English speaker),Violation_201,27,Cz,31.48132,27.0,97
LOND,lond004(possibly non native English speaker),Violation_201,27,CP1,25.87779,27.0,97
LOND,lond004(possibly non native English speaker),Violation_201,27,CP2,18.09297,27.0,97
LOND,lond004(possibly non native English speaker),Violation_201,27,P3,16.81657,27.0,97
LOND,lond004(possibly non native English speaker),Violation_201,27,P4,14.41236,27.0,97
LOND,lond004(possibly non native English speaker),Violation_201,27,C3,22.23838,27.0,97
LOND,lond004(possibly non native English speaker),Violation_201,27,C4,17.86153,27.0,97
LOND,lond004(possibly non native English speaker),Violation_201,27,P7,3.475956,27.0,97
LOND,lond004(possibly non native English speaker),Violation_201,27,P8,-0.6381947,27.0,97
LOND,lond004(possibly non native English speaker),Violation_201,27,O1,18.53099,27.0,97
LOND,lond004(possibly non native English speaker),Violation_201,27,O2,6.911888,27.0,97
LOND,lond004(possibly non native English speaker),Control_202,28,Pz,-9.585842,37.0,80
LOND,lond004(possibly non native English speaker),Control_202,28,Cz,-0.06802399,37.0,80
LOND,lond004(possibly non native English speaker),Control_202,28,CP1,-8.805382,37.0,80
LOND,lond004(possibly non native English speaker),Control_202,28,CP2,-6.239323,37.0,80
LOND,lond004(possibly non native English speaker),Control_202,28,P3,-9.178158,37.0,80
LOND,lond004(possibly non native English speaker),Control_202,28,P4,-18.45122,37.0,80
LOND,lond004(possibly non native English speaker),Control_202,28,C3,-10.94277,37.0,80
LOND,lond004(possibly non native English speaker),Control_202,28,C4,-12.3195,37.0,80
LOND,lond004(possibly non native English speaker),Control_202,28,P7,-7.373048,37.0,80
LOND,lond004(possibly non native English speaker),Control_202,28,P8,-9.299123,37.0,80
LOND,lond004(possibly non native English speaker),Control_202,28,O1,-18.87135,37.0,80
LOND,lond004(possibly non native English speaker),Control_202,28,O2,-10.96288,37.0,80
LOND,lond004(possibly non native English speaker),Violation_201,29,Pz,9.623234,40.0,93
LOND,lond004(possibly non native English speaker),Violation_201,29,Cz,-19.04202,40.0,93
LOND,lond004(possibly non native English speaker),Violation_201,29,CP1,14.33056,40.0,93
LOND,lond004(possibly non native English speaker),Violation_201,29,CP2,1.657827,40.0,93
LOND,lond004(possibly non native English speaker),Violation_201,29,P3,10.92751,40.0,93
LOND,lond004(possibly non native English speaker),Violation_201,29,P4,2.028065,40.0,93
LOND,lond004(possibly non native English speaker),Violation_201,29,C3,-15.89894,40.0,93
LOND,lond004(possibly non native English speaker),Violation_201,29,C4,-18.1183,40.0,93
LOND,lond004(possibly non native English speaker),Violation_201,29,P7,-8.766157,40.0,93
LOND,lond004(possibly non native English speaker),Violation_201,29,P8,6.167651,40.0,93
LOND,lond004(possibly non native English speaker),Violation_201,29,O1,-3.684846,40.0,93
LOND,lond004(possibly non native English speaker),Violation_201,29,O2,12.17226,40.0,93
LOND,lond004(possibly non native English speaker),Violation_201,30,Pz,-29.79683,28.0,27
LOND,lond004(possibly non native English speaker),Violation_201,30,Cz,-32.4622,28.0,27
LOND,lond004(possibly non native English speaker),Violation_201,30,CP1,-28.92926,28.0,27
LOND,lond004(possibly non native English speaker),Violation_201,30,CP2,-28.87181,28.0,27
LOND,lond004(possibly non native English speaker),Violation_201,30,P3,-25.29618,28.0,27
LOND,lond004(possibly non native English speaker),Violation_201,30,P4,-30.09083,28.0,27
LOND,lond004(possibly non native English speaker),Violation_201,30,C3,-18.05389,28.0,27
LOND,lond004(possibly non native English speaker),Violation_201,30,C4,-14.27813,28.0,27
LOND,lond004(possibly non native English speaker),Violation_201,30,P7,-20.24656,28.0,27
LOND,lond004(possibly non native English speaker),Violation_201,30,P8,-25.69621,28.0,27
LOND,lond004(possibly non native English speaker),Violation_201,30,O1,-13.45891,28.0,27
LOND,lond004(possibly non native English speaker),Violation_201,30,O2,-18.69188,28.0,27
LOND,lond004(possibly non native English speaker),Control_202,31,Pz,7.925824,34.0,97
LOND,lond004(possibly non native English speaker),Control_202,31,Cz,19.68386,34.0,97
LOND,lond004(possibly non native English speaker),Control_202,31,CP1,18.43777,34.0,97
LOND,lond004(possibly non native English speaker),Control_202,31,CP2,11.72921,34.0,97
LOND,lond004(possibly non native English speaker),Control_202,31,P3,16.03039,34.0,97
LOND,lond004(possibly non native English speaker),Control_202,31,P4,12.77783,34.0,97
LOND,lond004(possibly non native English speaker),Control_202,31,C3,22.18295,34.0,97
LOND,lond004(possibly non native English speaker),Control_202,31,C4,1.862397,34.0,97
LOND,lond004(possibly non native English speaker),Control_202,31,P7,2.80795,34.0,97
LOND,lond004(possibly non native English speaker),Control_202,31,P8,22.72031,34.0,97
LOND,lond004(possibly non native English speaker),Control_202,31,O1,5.356652,34.0,97
LOND,lond004(possibly non native English speaker),Control_202,31,O2,5.551331,34.0,97
LOND,lond004(possibly non native English speaker),Control_202,32,Pz,-8.253856,31.0,77
LOND,lond004(possibly non native English speaker),Control_202,32,Cz,-10.53228,31.0,77
LOND,lond004(possibly non native English speaker),Control_202,32,CP1,-12.66176,31.0,77
LOND,lond004(possibly non native English speaker),Control_202,32,CP2,-4.788115,31.0,77
LOND,lond004(possibly non native English speaker),Control_202,32,P3,-17.38611,31.0,77
LOND,lond004(possibly non native English speaker),Control_202,32,P4,-14.22924,31.0,77
LOND,lond004(possibly non native English speaker),Control_202,32,C3,-3.342002,31.0,77
LOND,lond004(possibly non native English speaker),Control_202,32,C4,-2.103737,31.0,77
LOND,lond004(possibly non native English speaker),Control_202,32,P7,-5.852913,31.0,77
LOND,lond004(possibly non native English speaker),Control_202,32,P8,-6.526417,31.0,77
LOND,lond004(possibly non native English speaker),Control_202,32,O1,-5.881363,31.0,77
LOND,lond004(possibly non native English speaker),Control_202,32,O2,-6.95911,31.0,77
LOND,lond004(possibly non native English speaker),Violation_201,33,Pz,3.946244,24.0,93
LOND,lond004(possibly non native English speaker),Violation_201,33,Cz,-3.647419,24.0,93
LOND,lond004(possibly non native English speaker),Violation_201,33,CP1,-2.968949,24.0,93
LOND,lond004(possibly non native English speaker),Violation_201,33,CP2,-1.444646,24.0,93
LOND,lond004(possibly non native English speaker),Violation_201,33,P3,-3.621161,24.0,93
LOND,lond004(possibly non native English speaker),Violation_201,33,P4,18.35352,24.0,93
LOND,lond004(possibly non native English speaker),Violation_201,33,C3,5.714472,24.0,93
LOND,lond004(possibly non native English speaker),Violation_201,33,C4,-6.039117,24.0,93
LOND,lond004(possibly non native English speaker),Violation_201,33,P7,0.03884251,24.0,93
LOND,lond004(possibly non native English speaker),Violation_201,33,P8,-6.040282,24.0,93
LOND,lond004(possibly non native English speaker),Violation_201,33,O1,-9.481455,24.0,93
LOND,lond004(possibly non native English speaker),Violation_201,33,O2,8.048946,24.0,93
LOND,lond004(possibly non native English speaker),Control_202,34,Pz,0.07304028,26.0,87
LOND,lond004(possibly non native English speaker),Control_202,34,Cz,2.387309,26.0,87
LOND,lond004(possibly non native English speaker),Control_202,34,CP1,11.04418,26.0,87
LOND,lond004(possibly non native English speaker),Control_202,34,CP2,-0.466251,26.0,87
LOND,lond004(possibly non native English speaker),Control_202,34,P3,-11.32518,26.0,87
LOND,lond004(possibly non native English speaker),Control_202,34,P4,8.15022,26.0,87
LOND,lond004(possibly non native English speaker),Control_202,34,C3,3.780549,26.0,87
LOND,lond004(possibly non native English speaker),Control_202,34,C4,-4.841044,26.0,87
LOND,lond004(possibly non native English speaker),Control_202,34,P7,8.500806,26.0,87
LOND,lond004(possibly non native English speaker),Control_202,34,P8,-1.008464,26.0,87
LOND,lond004(possibly non native English speaker),Control_202,34,O1,-1.891199,26.0,87
LOND,lond004(possibly non native English speaker),Control_202,34,O2,0.7570728,26.0,87
LOND,lond004(possibly non native English speaker),Control_202,35,Pz,-15.63689,33.0,53
LOND,lond004(possibly non native English speaker),Control_202,35,Cz,-13.20541,33.0,53
LOND,lond004(possibly non native English speaker),Control_202,35,CP1,-17.12042,33.0,53
LOND,lond004(possibly non native English speaker),Control_202,35,CP2,-22.28494,33.0,53
LOND,lond004(possibly non native English speaker),Control_202,35,P3,-19.97428,33.0,53
LOND,lond004(possibly non native English speaker),Control_202,35,P4,-24.95597,33.0,53
LOND,lond004(possibly non native English speaker),Control_202,35,C3,-42.75764,33.0,53
LOND,lond004(possibly non native English speaker),Control_202,35,C4,-14.64403,33.0,53
LOND,lond004(possibly non native English speaker),Control_202,35,P7,-22.28065,33.0,53
LOND,lond004(possibly non native English speaker),Control_202,35,P8,-9.380479,33.0,53
LOND,lond004(possibly non native English speaker),Control_202,35,O1,-30.61904,33.0,53
LOND,lond004(possibly non native English speaker),Control_202,35,O2,-28.36173,33.0,53
LOND,lond004(possibly non native English speaker),Violation_201,36,Pz,-32.45818,32.0,80
LOND,lond004(possibly non native English speaker),Violation_201,36,Cz,-21.31287,32.0,80
LOND,lond004(possibly non native English speaker),Violation_201,36,CP1,-17.35014,32.0,80
LOND,lond004(possibly non native English speaker),Violation_201,36,CP2,-32.30355,32.0,80
LOND,lond004(possibly non native English speaker),Violation_201,36,P3,-28.66396,32.0,80
LOND,lond004(possibly non native English speaker),Violation_201,36,P4,-26.09247,32.0,80
LOND,lond004(possibly non native English speaker),Violation_201,36,C3,-10.25132,32.0,80
LOND,lond004(possibly non native English speaker),Violation_201,36,C4,-8.48977,32.0,80
LOND,lond004(possibly non native English speaker),Violation_201,36,P7,-17.86898,32.0,80
LOND,lond004(possibly non native English speaker),Violation_201,36,P8,-20.73342,32.0,80
LOND,lond004(possibly non native English speaker),Violation_201,36,O1,-34.8595,32.0,80
LOND,lond004(possibly non native English speaker),Violation_201,36,O2,-28.05689,32.0,80
LOND,lond005,Violation_201,1,Pz,7.810334,1.0,97
LOND,lond005,Violation_201,1,Pz,7.810334,18.0,87
LOND,lond005,Violation_201,1,Cz,3.991553,1.0,97
LOND,lond005,Violation_201,1,Cz,3.991553,18.0,87
LOND,lond005,Violation_201,1,CP1,1.734537,1.0,97
LOND,lond005,Violation_201,1,CP1,1.734537,18.0,87
LOND,lond005,Violation_201,1,CP2,4.862806,1.0,97
LOND,lond005,Violation_201,1,CP2,4.862806,18.0,87
LOND,lond005,Violation_201,1,P3,7.943495,1.0,97
LOND,lond005,Violation_201,1,P3,7.943495,18.0,87
LOND,lond005,Violation_201,1,P4,3.126461,1.0,97
LOND,lond005,Violation_201,1,P4,3.126461,18.0,87
LOND,lond005,Violation_201,1,C3,6.716056,1.0,97
LOND,lond005,Violation_201,1,C3,6.716056,18.0,87
LOND,lond005,Violation_201,1,C4,2.656689,1.0,97
LOND,lond005,Violation_201,1,C4,2.656689,18.0,87
LOND,lond005,Violation_201,1,P7,-1.560205,1.0,97
LOND,lond005,Violation_201,1,P7,-1.560205,18.0,87
LOND,lond005,Violation_201,1,P8,1.329722,1.0,97
LOND,lond005,Violation_201,1,P8,1.329722,18.0,87
LOND,lond005,Violation_201,1,O1,3.786101,1.0,97
LOND,lond005,Violation_201,1,O1,3.786101,18.0,87
LOND,lond005,Violation_201,1,O2,1.674475,1.0,97
LOND,lond005,Violation_201,1,O2,1.674475,18.0,87
LOND,lond005,Violation_201,2,Pz,7.305449,2.0,100
LOND,lond005,Violation_201,2,Pz,7.305449,10.0,80
LOND,lond005,Violation_201,2,Cz,-2.877913,2.0,100
LOND,lond005,Violation_201,2,Cz,-2.877913,10.0,80
LOND,lond005,Violation_201,2,CP1,-3.794084,2.0,100
LOND,lond005,Violation_201,2,CP1,-3.794084,10.0,80
LOND,lond005,Violation_201,2,CP2,4.257127,2.0,100
LOND,lond005,Violation_201,2,CP2,4.257127,10.0,80
LOND,lond005,Violation_201,2,P3,1.305663,2.0,100
LOND,lond005,Violation_201,2,P3,1.305663,10.0,80
LOND,lond005,Violation_201,2,P4,1.410086,2.0,100
LOND,lond005,Violation_201,2,P4,1.410086,10.0,80
LOND,lond005,Violation_201,2,C3,-1.937747,2.0,100
LOND,lond005,Violation_201,2,C3,-1.937747,10.0,80
LOND,lond005,Violation_201,2,C4,4.488386,2.0,100
LOND,lond005,Violation_201,2,C4,4.488386,10.0,80
LOND,lond005,Violation_201,2,P7,7.448058,2.0,100
LOND,lond005,Violation_201,2,P7,7.448058,10.0,80
LOND,lond005,Violation_201,2,P8,0.7467424,2.0,100
LOND,lond005,Violation_201,2,P8,0.7467424,10.0,80
LOND,lond005,Violation_201,2,O1,11.31573,2.0,100
LOND,lond005,Violation_201,2,O1,11.31573,10.0,80
LOND,lond005,Violation_201,2,O2,3.634053,2.0,100
LOND,lond005,Violation_201,2,O2,3.634053,10.0,80
LOND,lond005,Violation_201,3,Pz,-6.84646,9.0,93
LOND,lond005,Violation_201,3,Pz,-6.84646,7.0,80
LOND,lond005,Violation_201,3,Cz,-13.43896,9.0,93
LOND,lond005,Violation_201,3,Cz,-13.43896,7.0,80
LOND,lond005,Violation_201,3,CP1,-13.7608,9.0,93
LOND,lond005,Violation_201,3,CP1,-13.7608,7.0,80
LOND,lond005,Violation_201,3,CP2,-7.942824,9.0,93
LOND,lond005,Violation_201,3,CP2,-7.942824,7.0,80
LOND,lond005,Violation_201,3,P3,-5.483722,9.0,93
LOND,lond005,Violation_201,3,P3,-5.483722,7.0,80
LOND,lond005,Violation_201,3,P4,-4.662453,9.0,93
LOND,lond005,Violation_201,3,P4,-4.662453,7.0,80
LOND,lond005,Violation_201,3,C3,-6.841227,9.0,93
LOND,lond005,Violation_201,3,C3,-6.841227,7.0,80
LOND,lond005,Violation_201,3,C4,-7.804759,9.0,93
LOND,lond005,Violation_201,3,C4,-7.804759,7.0,80
LOND,lond005,Violation_201,3,P7,4.712738,9.0,93
LOND,lond005,Violation_201,3,P7,4.712738,7.0,80
LOND,lond005,Violation_201,3,P8,-2.527546,9.0,93
LOND,lond005,Violation_201,3,P8,-2.527546,7.0,80
LOND,lond005,Violation_201,3,O1,-1.764181,9.0,93
LOND,lond005,Violation_201,3,O1,-1.764181,7.0,80
LOND,lond005,Violation_201,3,O2,-0.8807986,9.0,93
LOND,lond005,Violation_201,3,O2,-0.8807986,7.0,80
LOND,lond005,Control_202,4,Pz,-2.407088,4.0,93
LOND,lond005,Control_202,4,Pz,-2.407088,15.0,90
LOND,lond005,Control_202,4,Cz,5.10203,4.0,93
LOND,lond005,Control_202,4,Cz,5.10203,15.0,90
LOND,lond005,Control_202,4,CP1,-4.06191,4.0,93
LOND,lond005,Control_202,4,CP1,-4.06191,15.0,90
LOND,lond005,Control_202,4,CP2,-1.418181,4.0,93
LOND,lond005,Control_202,4,CP2,-1.418181,15.0,90
LOND,lond005,Control_202,4,P3,-5.818068,4.0,93
LOND,lond005,Control_202,4,P3,-5.818068,15.0,90
LOND,lond005,Control_202,4,P4,-6.930508,4.0,93
LOND,lond005,Control_202,4,P4,-6.930508,15.0,90
LOND,lond005,Control_202,4,C3,-1.087746,4.0,93
LOND,lond005,Control_202,4,C3,-1.087746,15.0,90
LOND,lond005,Control_202,4,C4,-1.353002,4.0,93
LOND,lond005,Control_202,4,C4,-1.353002,15.0,90
LOND,lond005,Control_202,4,P7,3.768276,4.0,93
LOND,lond005,Control_202,4,P7,3.768276,15.0,90
LOND,lond005,Control_202,4,P8,-3.658809,4.0,93
LOND,lond005,Control_202,4,P8,-3.658809,15.0,90
LOND,lond005,Control_202,4,O1,-2.330425,4.0,93
LOND,lond005,Control_202,4,O1,-2.330425,15.0,90
LOND,lond005,Control_202,4,O2,-8.306554,4.0,93
LOND,lond005,Control_202,4,O2,-8.306554,15.0,90
LOND,lond005,Violation_201,5,Pz,-8.013111,11.0,87
LOND,lond005,Violation_201,5,Pz,-8.013111,8.0,97
LOND,lond005,Violation_201,5,Cz,-4.565799,11.0,87
LOND,lond005,Violation_201,5,Cz,-4.565799,8.0,97
LOND,lond005,Violation_201,5,CP1,0.1640578,11.0,87
LOND,lond005,Violation_201,5,CP1,0.1640578,8.0,97
LOND,lond005,Violation_201,5,CP2,-9.946975,11.0,87
LOND,lond005,Violation_201,5,CP2,-9.946975,8.0,97
LOND,lond005,Violation_201,5,P3,-0.3499996,11.0,87
LOND,lond005,Violation_201,5,P3,-0.3499996,8.0,97
LOND,lond005,Violation_201,5,P4,-7.164768,11.0,87
LOND,lond005,Violation_201,5,P4,-7.164768,8.0,97
LOND,lond005,Violation_201,5,C3,-3.242541,11.0,87
LOND,lond005,Violation_201,5,C3,-3.242541,8.0,97
LOND,lond005,Violation_201,5,C4,0.4084106,11.0,87
LOND,lond005,Violation_201,5,C4,0.4084106,8.0,97
LOND,lond005,Violation_201,5,P7,-0.7123266,11.0,87
LOND,lond005,Violation_201,5,P7,-0.7123266,8.0,97
LOND,lond005,Violation_201,5,P8,1.834835,11.0,87
LOND,lond005,Violation_201,5,P8,1.834835,8.0,97
LOND,lond005,Violation_201,5,O1,-2.72058,11.0,87
LOND,lond005,Violation_201,5,O1,-2.72058,8.0,97
LOND,lond005,Violation_201,5,O2,-4.861596,11.0,87
LOND,lond005,Violation_201,5,O2,-4.861596,8.0,97
LOND,lond005,Control_202,6,Pz,-9.237939,13.0,97
LOND,lond005,Control_202,6,Pz,-9.237939,2.0,100
LOND,lond005,Control_202,6,Cz,-3.21405,13.0,97
LOND,lond005,Control_202,6,Cz,-3.21405,2.0,100
LOND,lond005,Control_202,6,CP1,-12.62189,13.0,97
LOND,lond005,Control_202,6,CP1,-12.62189,2.0,100
LOND,lond005,Control_202,6,CP2,-5.045602,13.0,97
LOND,lond005,Control_202,6,CP2,-5.045602,2.0,100
LOND,lond005,Control_202,6,P3,3.666117,13.0,97
LOND,lond005,Control_202,6,P3,3.666117,2.0,100
LOND,lond005,Control_202,6,P4,-0.8356693,13.0,97
LOND,lond005,Control_202,6,P4,-0.8356693,2.0,100
LOND,lond005,Control_202,6,C3,-6.677418,13.0,97
LOND,lond005,Control_202,6,C3,-6.677418,2.0,100
LOND,lond005,Control_202,6,C4,-4.111581,13.0,97
LOND,lond005,Control_202,6,C4,-4.111581,2.0,100
LOND,lond005,Control_202,6,P7,-3.89614,13.0,97
LOND,lond005,Control_202,6,P7,-3.89614,2.0,100
LOND,lond005,Control_202,6,P8,1.086921,13.0,97
LOND,lond005,Control_202,6,P8,1.086921,2.0,100
LOND,lond005,Control_202,6,O1,-3.652931,13.0,97
LOND,lond005,Control_202,6,O1,-3.652931,2.0,100
LOND,lond005,Control_202,6,O2,-4.54278,13.0,97
LOND,lond005,Control_202,6,O2,-4.54278,2.0,100
LOND,lond005,Control_202,7,Pz,-12.76202,20.0,90
LOND,lond005,Control_202,7,Pz,-12.76202,1.0,97
LOND,lond005,Control_202,7,Cz,-11.81438,20.0,90
LOND,lond005,Control_202,7,Cz,-11.81438,1.0,97
LOND,lond005,Control_202,7,CP1,-13.61819,20.0,90
LOND,lond005,Control_202,7,CP1,-13.61819,1.0,97
LOND,lond005,Control_202,7,CP2,-9.678153,20.0,90
LOND,lond005,Control_202,7,CP2,-9.678153,1.0,97
LOND,lond005,Control_202,7,P3,-11.7101,20.0,90
LOND,lond005,Control_202,7,P3,-11.7101,1.0,97
LOND,lond005,Control_202,7,P4,-10.04944,20.0,90
LOND,lond005,Control_202,7,P4,-10.04944,1.0,97
LOND,lond005,Control_202,7,C3,-0.8979349,20.0,90
LOND,lond005,Control_202,7,C3,-0.8979349,1.0,97
LOND,lond005,Control_202,7,C4,-11.03527,20.0,90
LOND,lond005,Control_202,7,C4,-11.03527,1.0,97
LOND,lond005,Control_202,7,P7,-1.428902,20.0,90
LOND,lond005,Control_202,7,P7,-1.428902,1.0,97
LOND,lond005,Control_202,7,P8,-9.918897,20.0,90
LOND,lond005,Control_202,7,P8,-9.918897,1.0,97
LOND,lond005,Control_202,7,O1,-7.633364,20.0,90
LOND,lond005,Control_202,7,O1,-7.633364,1.0,97
LOND,lond005,Control_202,7,O2,-0.8908991,20.0,90
LOND,lond005,Control_202,7,O2,-0.8908991,1.0,97
LOND,lond005,Violation_201,8,Pz,-4.798231,14.0,90
LOND,lond005,Violation_201,8,Cz,-4.318227,14.0,90
LOND,lond005,Violation_201,8,CP1,4.495039,14.0,90
LOND,lond005,Violation_201,8,CP2,-1.427254,14.0,90
LOND,lond005,Violation_201,8,P3,2.139642,14.0,90
LOND,lond005,Violation_201,8,P4,0.5187165,14.0,90
LOND,lond005,Violation_201,8,C3,-0.5823609,14.0,90
LOND,lond005,Violation_201,8,C4,0.9673037,14.0,90
LOND,lond005,Violation_201,8,P7,1.975845,14.0,90
LOND,lond005,Violation_201,8,P8,0.4176832,14.0,90
LOND,lond005,Violation_201,8,O1,-1.04184,14.0,90
LOND,lond005,Violation_201,8,O2,-2.622104,14.0,90
LOND,lond005,Control_202,9,Pz,-15.80368,16.0,93
LOND,lond005,Control_202,9,Pz,-15.80368,19.0,100
LOND,lond005,Control_202,9,Cz,-16.78039,16.0,93
LOND,lond005,Control_202,9,Cz,-16.78039,19.0,100
LOND,lond005,Control_202,9,CP1,-31.15087,16.0,93
LOND,lond005,Control_202,9,CP1,-31.15087,19.0,100
LOND,lond005,Control_202,9,CP2,-18.66508,16.0,93
LOND,lond005,Control_202,9,CP2,-18.66508,19.0,100
LOND,lond005,Control_202,9,P3,-11.76223,16.0,93
LOND,lond005,Control_202,9,P3,-11.76223,19.0,100
LOND,lond005,Control_202,9,P4,-16.23916,16.0,93
LOND,lond005,Control_202,9,P4,-16.23916,19.0,100
LOND,lond005,Control_202,9,C3,-19.40491,16.0,93
LOND,lond005,Control_202,9,C3,-19.40491,19.0,100
LOND,lond005,Control_202,9,C4,-24.41328,16.0,93
LOND,lond005,Control_202,9,C4,-24.41328,19.0,100
LOND,lond005,Control_202,9,P7,-9.117329,16.0,93
LOND,lond005,Control_202,9,P7,-9.117329,19.0,100
LOND,lond005,Control_202,9,P8,-13.43563,16.0,93
LOND,lond005,Control_202,9,P8,-13.43563,19.0,100
LOND,lond005,Control_202,9,O1,-5.811675,16.0,93
LOND,lond005,Control_202,9,O1,-5.811675,19.0,100
LOND,lond005,Control_202,9,O2,-5.28168,16.0,93
LOND,lond005,Control_202,9,O2,-5.28168,19.0,100
LOND,lond005,Control_202,10,Pz,11.70728,17.0,62
LOND,lond005,Control_202,10,Pz,11.70728,5.0,93
LOND,lond005,Control_202,10,Cz,1.418964,17.0,62
LOND,lond005,Control_202,10,Cz,1.418964,5.0,93
LOND,lond005,Control_202,10,CP1,11.42787,17.0,62
LOND,lond005,Control_202,10,CP1,11.42787,5.0,93
LOND,lond005,Control_202,10,CP2,6.720037,17.0,62
LOND,lond005,Control_202,10,CP2,6.720037,5.0,93
LOND,lond005,Control_202,10,P3,9.599334,17.0,62
LOND,lond005,Control_202,10,P3,9.599334,5.0,93
LOND,lond005,Control_202,10,P4,6.564591,17.0,62
LOND,lond005,Control_202,10,P4,6.564591,5.0,93
LOND,lond005,Control_202,10,C3,7.407738,17.0,62
LOND,lond005,Control_202,10,C3,7.407738,5.0,93
LOND,lond005,Control_202,10,C4,7.946545,17.0,62
LOND,lond005,Control_202,10,C4,7.946545,5.0,93
LOND,lond005,Control_202,10,P7,3.846206,17.0,62
LOND,lond005,Control_202,10,P7,3.846206,5.0,93
LOND,lond005,Control_202,10,P8,5.188846,17.0,62
LOND,lond005,Control_202,10,P8,5.188846,5.0,93
LOND,lond005,Control_202,10,O1,2.968468,17.0,62
LOND,lond005,Control_202,10,O1,2.968468,5.0,93
LOND,lond005,Control_202,10,O2,-1.664422,17.0,62
LOND,lond005,Control_202,10,O2,-1.664422,5.0,93
LOND,lond005,Control_202,11,Pz,6.176593,5.0,93
LOND,lond005,Control_202,11,Pz,6.176593,16.0,93
LOND,lond005,Control_202,11,Cz,2.064465,5.0,93
LOND,lond005,Control_202,11,Cz,2.064465,16.0,93
LOND,lond005,Control_202,11,CP1,-0.6011952,5.0,93
LOND,lond005,Control_202,11,CP1,-0.6011952,16.0,93
LOND,lond005,Control_202,11,CP2,2.525984,5.0,93
LOND,lond005,Control_202,11,CP2,2.525984,16.0,93
LOND,lond005,Control_202,11,P3,-0.6328292,5.0,93
LOND,lond005,Control_202,11,P3,-0.6328292,16.0,93
LOND,lond005,Control_202,11,P4,7.519924,5.0,93
LOND,lond005,Control_202,11,P4,7.519924,16.0,93
LOND,lond005,Control_202,11,C3,4.345952,5.0,93
LOND,lond005,Control_202,11,C3,4.345952,16.0,93
LOND,lond005,Control_202,11,C4,4.626525,5.0,93
LOND,lond005,Control_202,11,C4,4.626525,16.0,93
LOND,lond005,Control_202,11,P7,11.63129,5.0,93
LOND,lond005,Control_202,11,P7,11.63129,16.0,93
LOND,lond005,Control_202,11,P8,10.09975,5.0,93
LOND,lond005,Control_202,11,P8,10.09975,16.0,93
LOND,lond005,Control_202,11,O1,9.143504,5.0,93
LOND,lond005,Control_202,11,O1,9.143504,16.0,93
LOND,lond005,Control_202,11,O2,6.996905,5.0,93
LOND,lond005,Control_202,11,O2,6.996905,16.0,93
LOND,lond005,Control_202,12,Pz,5.792865,15.0,90
LOND,lond005,Control_202,12,Pz,5.792865,17.0,62
LOND,lond005,Control_202,12,Cz,4.556546,15.0,90
LOND,lond005,Control_202,12,Cz,4.556546,17.0,62
LOND,lond005,Control_202,12,CP1,2.140995,15.0,90
LOND,lond005,Control_202,12,CP1,2.140995,17.0,62
LOND,lond005,Control_202,12,CP2,4.868216,15.0,90
LOND,lond005,Control_202,12,CP2,4.868216,17.0,62
LOND,lond005,Control_202,12,P3,-1.874987,15.0,90
LOND,lond005,Control_202,12,P3,-1.874987,17.0,62
LOND,lond005,Control_202,12,P4,3.766243,15.0,90
LOND,lond005,Control_202,12,P4,3.766243,17.0,62
LOND,lond005,Control_202,12,C3,-8.926673,15.0,90
LOND,lond005,Control_202,12,C3,-8.926673,17.0,62
LOND,lond005,Control_202,12,C4,5.583764,15.0,90
LOND,lond005,Control_202,12,C4,5.583764,17.0,62
LOND,lond005,Control_202,12,P7,0.9060685,15.0,90
LOND,lond005,Control_202,12,P7,0.9060685,17.0,62
LOND,lond005,Control_202,12,P8,8.76198,15.0,90
LOND,lond005,Control_202,12,P8,8.76198,17.0,62
LOND,lond005,Control_202,12,O1,1.838676,15.0,90
LOND,lond005,Control_202,12,O1,1.838676,17.0,62
LOND,lond005,Control_202,12,O2,6.375692,15.0,90
LOND,lond005,Control_202,12,O2,6.375692,17.0,62
LOND,lond005,Violation_201,13,Pz,18.09611,3.0,100
LOND,lond005,Violation_201,13,Pz,18.09611,4.0,93
LOND,lond005,Violation_201,13,Cz,11.5608,3.0,100
LOND,lond005,Violation_201,13,Cz,11.5608,4.0,93
LOND,lond005,Violation_201,13,CP1,24.70057,3.0,100
LOND,lond005,Violation_201,13,CP1,24.70057,4.0,93
LOND,lond005,Violation_201,13,CP2,11.84225,3.0,100
LOND,lond005,Violation_201,13,CP2,11.84225,4.0,93
LOND,lond005,Violation_201,13,P3,18.20554,3.0,100
LOND,lond005,Violation_201,13,P3,18.20554,4.0,93
LOND,lond005,Violation_201,13,P4,14.75603,3.0,100
LOND,lond005,Violation_201,13,P4,14.75603,4.0,93
LOND,lond005,Violation_201,13,C3,7.359292,3.0,100
LOND,lond005,Violation_201,13,C3,7.359292,4.0,93
LOND,lond005,Violation_201,13,C4,12.18584,3.0,100
LOND,lond005,Violation_201,13,C4,12.18584,4.0,93
LOND,lond005,Violation_201,13,P7,4.765604,3.0,100
LOND,lond005,Violation_201,13,P7,4.765604,4.0,93
LOND,lond005,Violation_201,13,P8,11.56306,3.0,100
LOND,lond005,Violation_201,13,P8,11.56306,4.0,93
LOND,lond005,Violation_201,13,O1,10.89546,3.0,100
LOND,lond005,Violation_201,13,O1,10.89546,4.0,93
LOND,lond005,Violation_201,13,O2,11.41666,3.0,100
LOND,lond005,Violation_201,13,O2,11.41666,4.0,93
LOND,lond005,Control_202,14,Pz,3.788663,7.0,80
LOND,lond005,Control_202,14,Pz,3.788663,12.0,100
LOND,lond005,Control_202,14,Cz,6.00662,7.0,80
LOND,lond005,Control_202,14,Cz,6.00662,12.0,100
LOND,lond005,Control_202,14,CP1,2.370391,7.0,80
LOND,lond005,Control_202,14,CP1,2.370391,12.0,100
LOND,lond005,Control_202,14,CP2,1.283724,7.0,80
LOND,lond005,Control_202,14,CP2,1.283724,12.0,100
LOND,lond005,Control_202,14,P3,6.024137,7.0,80
LOND,lond005,Control_202,14,P3,6.024137,12.0,100
LOND,lond005,Control_202,14,P4,1.833857,7.0,80
LOND,lond005,Control_202,14,P4,1.833857,12.0,100
LOND,lond005,Control_202,14,C3,-2.449455,7.0,80
LOND,lond005,Control_202,14,C3,-2.449455,12.0,100
LOND,lond005,Control_202,14,C4,1.375917,7.0,80
LOND,lond005,Control_202,14,C4,1.375917,12.0,100
LOND,lond005,Control_202,14,P7,1.894874,7.0,80
LOND,lond005,Control_202,14,P7,1.894874,12.0,100
LOND,lond005,Control_202,14,P8,0.8368933,7.0,80
LOND,lond005,Control_202,14,P8,0.8368933,12.0,100
LOND,lond005,Control_202,14,O1,1.576618,7.0,80
LOND,lond005,Control_202,14,O1,1.576618,12.0,100
LOND,lond005,Control_202,14,O2,3.672333,7.0,80
LOND,lond005,Control_202,14,O2,3.672333,12.0,100
LOND,lond005,Violation_201,15,Pz,-13.97632,10.0,80
LOND,lond005,Violation_201,15,Pz,-13.97632,6.0,100
LOND,lond005,Violation_201,15,Cz,-19.46652,10.0,80
LOND,lond005,Violation_201,15,Cz,-19.46652,6.0,100
LOND,lond005,Violation_201,15,CP1,-23.96392,10.0,80
LOND,lond005,Violation_201,15,CP1,-23.96392,6.0,100
LOND,lond005,Violation_201,15,CP2,-12.3994,10.0,80
LOND,lond005,Violation_201,15,CP2,-12.3994,6.0,100
LOND,lond005,Violation_201,15,P3,-9.594654,10.0,80
LOND,lond005,Violation_201,15,P3,-9.594654,6.0,100
LOND,lond005,Violation_201,15,P4,-10.52092,10.0,80
LOND,lond005,Violation_201,15,P4,-10.52092,6.0,100
LOND,lond005,Violation_201,15,C3,-36.4897,10.0,80
LOND,lond005,Violation_201,15,C3,-36.4897,6.0,100
LOND,lond005,Violation_201,15,C4,-19.47374,10.0,80
LOND,lond005,Violation_201,15,C4,-19.47374,6.0,100
LOND,lond005,Violation_201,15,P7,-3.173974,10.0,80
LOND,lond005,Violation_201,15,P7,-3.173974,6.0,100
LOND,lond005,Violation_201,15,P8,-3.73079,10.0,80
LOND,lond005,Violation_201,15,P8,-3.73079,6.0,100
LOND,lond005,Violation_201,15,O1,-7.175708,10.0,80
LOND,lond005,Violation_201,15,O1,-7.175708,6.0,100
LOND,lond005,Violation_201,15,O2,-7.389951,10.0,80
LOND,lond005,Violation_201,15,O2,-7.389951,6.0,100
LOND,lond005,Violation_201,16,Pz,1.116996,12.0,100
LOND,lond005,Violation_201,16,Pz,1.116996,13.0,97
LOND,lond005,Violation_201,16,Cz,-6.567792,12.0,100
LOND,lond005,Violation_201,16,Cz,-6.567792,13.0,97
LOND,lond005,Violation_201,16,CP1,-3.706795,12.0,100
LOND,lond005,Violation_201,16,CP1,-3.706795,13.0,97
LOND,lond005,Violation_201,16,CP2,-2.103374,12.0,100
LOND,lond005,Violation_201,16,CP2,-2.103374,13.0,97
LOND,lond005,Violation_201,16,P3,-3.096793,12.0,100
LOND,lond005,Violation_201,16,P3,-3.096793,13.0,97
LOND,lond005,Violation_201,16,P4,2.271105,12.0,100
LOND,lond005,Violation_201,16,P4,2.271105,13.0,97
LOND,lond005,Violation_201,16,C3,8.911015,12.0,100
LOND,lond005,Violation_201,16,C3,8.911015,13.0,97
LOND,lond005,Violation_201,16,C4,-1.892734,12.0,100
LOND,lond005,Violation_201,16,C4,-1.892734,13.0,97
LOND,lond005,Violation_201,16,P7,12.95029,12.0,100
LOND,lond005,Violation_201,16,P7,12.95029,13.0,97
LOND,lond005,Violation_201,16,P8,2.256642,12.0,100
LOND,lond005,Violation_201,16,P8,2.256642,13.0,97
LOND,lond005,Violation_201,16,O1,6.416927,12.0,100
LOND,lond005,Violation_201,16,O1,6.416927,13.0,97
LOND,lond005,Violation_201,16,O2,4.41792,12.0,100
LOND,lond005,Violation_201,16,O2,4.41792,13.0,97
LOND,lond005,Violation_201,17,Pz,20.76452,18.0,87
LOND,lond005,Violation_201,17,Pz,20.76452,20.0,90
LOND,lond005,Violation_201,17,Cz,17.69922,18.0,87
LOND,lond005,Violation_201,17,Cz,17.69922,20.0,90
LOND,lond005,Violation_201,17,CP1,32.16065,18.0,87
LOND,lond005,Violation_201,17,CP1,32.16065,20.0,90
LOND,lond005,Violation_201,17,CP2,20.04851,18.0,87
LOND,lond005,Violation_201,17,CP2,20.04851,20.0,90
LOND,lond005,Violation_201,17,P3,18.54077,18.0,87
LOND,lond005,Violation_201,17,P3,18.54077,20.0,90
LOND,lond005,Violation_201,17,P4,22.49265,18.0,87
LOND,lond005,Violation_201,17,P4,22.49265,20.0,90
LOND,lond005,Violation_201,17,C3,26.86662,18.0,87
LOND,lond005,Violation_201,17,C3,26.86662,20.0,90
LOND,lond005,Violation_201,17,C4,17.94483,18.0,87
LOND,lond005,Violation_201,17,C4,17.94483,20.0,90
LOND,lond005,Violation_201,17,P7,18.07241,18.0,87
LOND,lond005,Violation_201,17,P7,18.07241,20.0,90
LOND,lond005,Violation_201,17,P8,12.42702,18.0,87
LOND,lond005,Violation_201,17,P8,12.42702,20.0,90
LOND,lond005,Violation_201,17,O1,1.800996,18.0,87
LOND,lond005,Violation_201,17,O1,1.800996,20.0,90
LOND,lond005,Violation_201,17,O2,5.044473,18.0,87
LOND,lond005,Violation_201,17,O2,5.044473,20.0,90
LOND,lond005,Control_202,18,Pz,-7.63744,6.0,100
LOND,lond005,Control_202,18,Pz,-7.63744,9.0,93
LOND,lond005,Control_202,18,Cz,-9.944584,6.0,100
LOND,lond005,Control_202,18,Cz,-9.944584,9.0,93
LOND,lond005,Control_202,18,CP1,-10.35849,6.0,100
LOND,lond005,Control_202,18,CP1,-10.35849,9.0,93
LOND,lond005,Control_202,18,CP2,-14.54194,6.0,100
LOND,lond005,Control_202,18,CP2,-14.54194,9.0,93
LOND,lond005,Control_202,18,P3,-5.936409,6.0,100
LOND,lond005,Control_202,18,P3,-5.936409,9.0,93
LOND,lond005,Control_202,18,P4,-4.906819,6.0,100
LOND,lond005,Control_202,18,P4,-4.906819,9.0,93
LOND,lond005,Control_202,18,C3,-11.88491,6.0,100
LOND,lond005,Control_202,18,C3,-11.88491,9.0,93
LOND,lond005,Control_202,18,C4,-11.67341,6.0,100
LOND,lond005,Control_202,18,C4,-11.67341,9.0,93
LOND,lond005,Control_202,18,P7,-10.79025,6.0,100
LOND,lond005,Control_202,18,P7,-10.79025,9.0,93
LOND,lond005,Control_202,18,P8,-4.232597,6.0,100
LOND,lond005,Control_202,18,P8,-4.232597,9.0,93
LOND,lond005,Control_202,18,O1,-2.100475,6.0,100
LOND,lond005,Control_202,18,O1,-2.100475,9.0,93
LOND,lond005,Control_202,18,O2,-1.802578,6.0,100
LOND,lond005,Control_202,18,O2,-1.802578,9.0,93
LOND,lond005,Violation_201,19,Pz,-16.5523,8.0,97
LOND,lond005,Violation_201,19,Pz,-16.5523,11.0,87
LOND,lond005,Violation_201,19,Cz,-20.51267,8.0,97
LOND,lond005,Violation_201,19,Cz,-20.51267,11.0,87
LOND,lond005,Violation_201,19,CP1,-26.70091,8.0,97
LOND,lond005,Violation_201,19,CP1,-26.70091,11.0,87
LOND,lond005,Violation_201,19,CP2,-14.33704,8.0,97
LOND,lond005,Violation_201,19,CP2,-14.33704,11.0,87
LOND,lond005,Violation_201,19,P3,-15.33214,8.0,97
LOND,lond005,Violation_201,19,P3,-15.33214,11.0,87
LOND,lond005,Violation_201,19,P4,-18.64524,8.0,97
LOND,lond005,Violation_201,19,P4,-18.64524,11.0,87
LOND,lond005,Violation_201,19,C3,-21.37529,8.0,97
LOND,lond005,Violation_201,19,C3,-21.37529,11.0,87
LOND,lond005,Violation_201,19,C4,-25.52038,8.0,97
LOND,lond005,Violation_201,19,C4,-25.52038,11.0,87
LOND,lond005,Violation_201,19,P7,-13.00321,8.0,97
LOND,lond005,Violation_201,19,P7,-13.00321,11.0,87
LOND,lond005,Violation_201,19,P8,-17.20484,8.0,97
LOND,lond005,Violation_201,19,P8,-17.20484,11.0,87
LOND,lond005,Violation_201,19,O1,-12.45218,8.0,97
LOND,lond005,Violation_201,19,O1,-12.45218,11.0,87
LOND,lond005,Violation_201,19,O2,-14.01591,8.0,97
LOND,lond005,Violation_201,19,O2,-14.01591,11.0,87
LOND,lond005,Violation_201,20,Pz,-10.15806,19.0,100
LOND,lond005,Violation_201,20,Pz,-10.15806,3.0,100
LOND,lond005,Violation_201,20,Cz,-8.869328,19.0,100
LOND,lond005,Violation_201,20,Cz,-8.869328,3.0,100
LOND,lond005,Violation_201,20,CP1,-18.33323,19.0,100
LOND,lond005,Violation_201,20,CP1,-18.33323,3.0,100
LOND,lond005,Violation_201,20,CP2,-2.847046,19.0,100
LOND,lond005,Violation_201,20,CP2,-2.847046,3.0,100
LOND,lond005,Violation_201,20,P3,-8.95654,19.0,100
LOND,lond005,Violation_201,20,P3,-8.95654,3.0,100
LOND,lond005,Violation_201,20,P4,-5.891231,19.0,100
LOND,lond005,Violation_201,20,P4,-5.891231,3.0,100
LOND,lond005,Violation_201,20,C3,-8.420388,19.0,100
LOND,lond005,Violation_201,20,C3,-8.420388,3.0,100
LOND,lond005,Violation_201,20,C4,-8.172055,19.0,100
LOND,lond005,Violation_201,20,C4,-8.172055,3.0,100
LOND,lond005,Violation_201,20,P7,-4.92437,19.0,100
LOND,lond005,Violation_201,20,P7,-4.92437,3.0,100
LOND,lond005,Violation_201,20,P8,0.3053103,19.0,100
LOND,lond005,Violation_201,20,P8,0.3053103,3.0,100
LOND,lond005,Violation_201,20,O1,-5.462859,19.0,100
LOND,lond005,Violation_201,20,O1,-5.462859,3.0,100
LOND,lond005,Violation_201,20,O2,-10.797,19.0,100
LOND,lond005,Violation_201,20,O2,-10.797,3.0,100
LOND,lond005,Control_202,21,Pz,2.07047,21.0,77
LOND,lond005,Control_202,21,Pz,2.07047,37.0,80
LOND,lond005,Control_202,21,Cz,2.512017,21.0,77
LOND,lond005,Control_202,21,Cz,2.512017,37.0,80
LOND,lond005,Control_202,21,CP1,-3.000499,21.0,77
LOND,lond005,Control_202,21,CP1,-3.000499,37.0,80
LOND,lond005,Control_202,21,CP2,5.730958,21.0,77
LOND,lond005,Control_202,21,CP2,5.730958,37.0,80
LOND,lond005,Control_202,21,P3,1.515084,21.0,77
LOND,lond005,Control_202,21,P3,1.515084,37.0,80
LOND,lond005,Control_202,21,P4,3.096075,21.0,77
LOND,lond005,Control_202,21,P4,3.096075,37.0,80
LOND,lond005,Control_202,21,C3,1.377467,21.0,77
LOND,lond005,Control_202,21,C3,1.377467,37.0,80
LOND,lond005,Control_202,21,C4,5.901403,21.0,77
LOND,lond005,Control_202,21,C4,5.901403,37.0,80
LOND,lond005,Control_202,21,P7,2.098073,21.0,77
LOND,lond005,Control_202,21,P7,2.098073,37.0,80
LOND,lond005,Control_202,21,P8,2.212872,21.0,77
LOND,lond005,Control_202,21,P8,2.212872,37.0,80
LOND,lond005,Control_202,21,O1,6.264164,21.0,77
LOND,lond005,Control_202,21,O1,6.264164,37.0,80
LOND,lond005,Control_202,21,O2,6.052702,21.0,77
LOND,lond005,Control_202,21,O2,6.052702,37.0,80
LOND,lond005,Violation_201,22,Pz,-14.71076,39.0,97
LOND,lond005,Violation_201,22,Pz,-14.71076,21.0,77
LOND,lond005,Violation_201,22,Cz,-25.90141,39.0,97
LOND,lond005,Violation_201,22,Cz,-25.90141,21.0,77
LOND,lond005,Violation_201,22,CP1,-17.69808,39.0,97
LOND,lond005,Violation_201,22,CP1,-17.69808,21.0,77
LOND,lond005,Violation_201,22,CP2,-24.87116,39.0,97
LOND,lond005,Violation_201,22,CP2,-24.87116,21.0,77
LOND,lond005,Violation_201,22,P3,-5.816338,39.0,97
LOND,lond005,Violation_201,22,P3,-5.816338,21.0,77
LOND,lond005,Violation_201,22,P4,-7.697417,39.0,97
LOND,lond005,Violation_201,22,P4,-7.697417,21.0,77
LOND,lond005,Violation_201,22,C3,-10.32074,39.0,97
LOND,lond005,Violation_201,22,C3,-10.32074,21.0,77
LOND,lond005,Violation_201,22,C4,-16.40935,39.0,97
LOND,lond005,Violation_201,22,C4,-16.40935,21.0,77
LOND,lond005,Violation_201,22,P7,5.171672,39.0,97
LOND,lond005,Violation_201,22,P7,5.171672,21.0,77
LOND,lond005,Violation_201,22,P8,3.616828,39.0,97
LOND,lond005,Violation_201,22,P8,3.616828,21.0,77
LOND,lond005,Violation_201,22,O1,-11.27402,39.0,97
LOND,lond005,Violation_201,22,O1,-11.27402,21.0,77
LOND,lond005,Violation_201,22,O2,-7.314209,39.0,97
LOND,lond005,Violation_201,22,O2,-7.314209,21.0,77
LOND,lond005,Violation_201,23,Pz,8.894355,31.0,77
LOND,lond005,Violation_201,23,Pz,8.894355,23.0,93
LOND,lond005,Violation_201,23,Cz,16.78726,31.0,77
LOND,lond005,Violation_201,23,Cz,16.78726,23.0,93
LOND,lond005,Violation_201,23,CP1,13.20232,31.0,77
LOND,lond005,Violation_201,23,CP1,13.20232,23.0,93
LOND,lond005,Violation_201,23,CP2,15.17385,31.0,77
LOND,lond005,Violation_201,23,CP2,15.17385,23.0,93
LOND,lond005,Violation_201,23,P3,9.948207,31.0,77
LOND,lond005,Violation_201,23,P3,9.948207,23.0,93
LOND,lond005,Violation_201,23,P4,4.200449,31.0,77
LOND,lond005,Violation_201,23,P4,4.200449,23.0,93
LOND,lond005,Violation_201,23,C3,17.28684,31.0,77
LOND,lond005,Violation_201,23,C3,17.28684,23.0,93
LOND,lond005,Violation_201,23,C4,10.54336,31.0,77
LOND,lond005,Violation_201,23,C4,10.54336,23.0,93
LOND,lond005,Violation_201,23,P7,13.10116,31.0,77
LOND,lond005,Violation_201,23,P7,13.10116,23.0,93
LOND,lond005,Violation_201,23,P8,-1.686145,31.0,77
LOND,lond005,Violation_201,23,P8,-1.686145,23.0,93
LOND,lond005,Violation_201,23,O1,6.008847,31.0,77
LOND,lond005,Violation_201,23,O1,6.008847,23.0,93
LOND,lond005,Violation_201,23,O2,2.812467,31.0,77
LOND,lond005,Violation_201,23,O2,2.812467,23.0,93
LOND,lond005,Control_202,24,Pz,9.376554,22.0,53
LOND,lond005,Control_202,24,Pz,9.376554,32.0,80
LOND,lond005,Control_202,24,Cz,12.93937,22.0,53
LOND,lond005,Control_202,24,Cz,12.93937,32.0,80
LOND,lond005,Control_202,24,CP1,12.63273,22.0,53
LOND,lond005,Control_202,24,CP1,12.63273,32.0,80
LOND,lond005,Control_202,24,CP2,13.60248,22.0,53
LOND,lond005,Control_202,24,CP2,13.60248,32.0,80
LOND,lond005,Control_202,24,P3,9.656549,22.0,53
LOND,lond005,Control_202,24,P3,9.656549,32.0,80
LOND,lond005,Control_202,24,P4,11.39857,22.0,53
LOND,lond005,Control_202,24,P4,11.39857,32.0,80
LOND,lond005,Control_202,24,C3,14.92368,22.0,53
LOND,lond005,Control_202,24,C3,14.92368,32.0,80
LOND,lond005,Control_202,24,C4,18.76636,22.0,53
LOND,lond005,Control_202,24,C4,18.76636,32.0,80
LOND,lond005,Control_202,24,P7,5.767605,22.0,53
LOND,lond005,Control_202,24,P7,5.767605,32.0,80
LOND,lond005,Control_202,24,P8,9.646865,22.0,53
LOND,lond005,Control_202,24,P8,9.646865,32.0,80
LOND,lond005,Control_202,24,O1,7.049444,22.0,53
LOND,lond005,Control_202,24,O1,7.049444,32.0,80
LOND,lond005,Control_202,24,O2,7.593142,22.0,53
LOND,lond005,Control_202,24,O2,7.593142,32.0,80
LOND,lond005,Violation_201,25,Pz,-0.1757407,32.0,80
LOND,lond005,Violation_201,25,Pz,-0.1757407,28.0,27
LOND,lond005,Violation_201,25,Cz,-6.414001,32.0,80
LOND,lond005,Violation_201,25,Cz,-6.414001,28.0,27
LOND,lond005,Violation_201,25,CP1,-0.4056645,32.0,80
LOND,lond005,Violation_201,25,CP1,-0.4056645,28.0,27
LOND,lond005,Violation_201,25,CP2,-0.7499758,32.0,80
LOND,lond005,Violation_201,25,CP2,-0.7499758,28.0,27
LOND,lond005,Violation_201,25,P3,4.311992,32.0,80
LOND,lond005,Violation_201,25,P3,4.311992,28.0,27
LOND,lond005,Violation_201,25,P4,1.40213,32.0,80
LOND,lond005,Violation_201,25,P4,1.40213,28.0,27
LOND,lond005,Violation_201,25,C3,-3.98681,32.0,80
LOND,lond005,Violation_201,25,C3,-3.98681,28.0,27
LOND,lond005,Violation_201,25,C4,-3.399647,32.0,80
LOND,lond005,Violation_201,25,C4,-3.399647,28.0,27
LOND,lond005,Violation_201,25,P7,5.272526,32.0,80
LOND,lond005,Violation_201,25,P7,5.272526,28.0,27
LOND,lond005,Violation_201,25,P8,1.689946,32.0,80
LOND,lond005,Violation_201,25,P8,1.689946,28.0,27
LOND,lond005,Violation_201,25,O1,5.773971,32.0,80
LOND,lond005,Violation_201,25,O1,5.773971,28.0,27
LOND,lond005,Violation_201,25,O2,5.554379,32.0,80
LOND,lond005,Violation_201,25,O2,5.554379,28.0,27
LOND,lond005,Control_202,26,Pz,-6.288066,36.0,77
LOND,lond005,Control_202,26,Cz,-3.341495,36.0,77
LOND,lond005,Control_202,26,CP1,-12.1494,36.0,77
LOND,lond005,Control_202,26,CP2,3.144038,36.0,77
LOND,lond005,Control_202,26,P3,-5.616309,36.0,77
LOND,lond005,Control_202,26,P4,-6.324467,36.0,77
LOND,lond005,Control_202,26,C3,-20.48555,36.0,77
LOND,lond005,Control_202,26,C4,-3.604416,36.0,77
LOND,lond005,Control_202,26,P7,-7.921463,36.0,77
LOND,lond005,Control_202,26,P8,-6.322821,36.0,77
LOND,lond005,Control_202,26,O1,-6.683457,36.0,77
LOND,lond005,Control_202,26,O2,-7.534921,36.0,77
LOND,lond005,Control_202,27,Pz,20.84256,25.0,97
LOND,lond005,Control_202,27,Pz,20.84256,38.0,93
LOND,lond005,Control_202,27,Cz,21.89135,25.0,97
LOND,lond005,Control_202,27,Cz,21.89135,38.0,93
LOND,lond005,Control_202,27,CP1,22.27876,25.0,97
LOND,lond005,Control_202,27,CP1,22.27876,38.0,93
LOND,lond005,Control_202,27,CP2,24.59825,25.0,97
LOND,lond005,Control_202,27,CP2,24.59825,38.0,93
LOND,lond005,Control_202,27,P3,13.00109,25.0,97
LOND,lond005,Control_202,27,P3,13.00109,38.0,93
LOND,lond005,Control_202,27,P4,15.05282,25.0,97
LOND,lond005,Control_202,27,P4,15.05282,38.0,93
LOND,lond005,Control_202,27,C3,8.451961,25.0,97
LOND,lond005,Control_202,27,C3,8.451961,38.0,93
LOND,lond005,Control_202,27,C4,18.07252,25.0,97
LOND,lond005,Control_202,27,C4,18.07252,38.0,93
LOND,lond005,Control_202,27,P7,5.123376,25.0,97
LOND,lond005,Control_202,27,P7,5.123376,38.0,93
LOND,lond005,Control_202,27,P8,2.507336,25.0,97
LOND,lond005,Control_202,27,P8,2.507336,38.0,93
LOND,lond005,Control_202,27,O1,13.56216,25.0,97
LOND,lond005,Control_202,27,O1,13.56216,38.0,93
LOND,lond005,Control_202,27,O2,8.596844,25.0,97
LOND,lond005,Control_202,27,O2,8.596844,38.0,93
LOND,lond005,Violation_201,28,Pz,5.208299,26.0,87
LOND,lond005,Violation_201,28,Pz,5.208299,31.0,77
LOND,lond005,Violation_201,28,Cz,6.687619,26.0,87
LOND,lond005,Violation_201,28,Cz,6.687619,31.0,77
LOND,lond005,Violation_201,28,CP1,7.795149,26.0,87
LOND,lond005,Violation_201,28,CP1,7.795149,31.0,77
LOND,lond005,Violation_201,28,CP2,8.916617,26.0,87
LOND,lond005,Violation_201,28,CP2,8.916617,31.0,77
LOND,lond005,Violation_201,28,P3,3.112157,26.0,87
LOND,lond005,Violation_201,28,P3,3.112157,31.0,77
LOND,lond005,Violation_201,28,P4,7.228762,26.0,87
LOND,lond005,Violation_201,28,P4,7.228762,31.0,77
LOND,lond005,Violation_201,28,C3,-1.600195,26.0,87
LOND,lond005,Violation_201,28,C3,-1.600195,31.0,77
LOND,lond005,Violation_201,28,C4,9.926627,26.0,87
LOND,lond005,Violation_201,28,C4,9.926627,31.0,77
LOND,lond005,Violation_201,28,P7,-3.791301,26.0,87
LOND,lond005,Violation_201,28,P7,-3.791301,31.0,77
LOND,lond005,Violation_201,28,P8,6.058958,26.0,87
LOND,lond005,Violation_201,28,P8,6.058958,31.0,77
LOND,lond005,Violation_201,28,O1,3.526744,26.0,87
LOND,lond005,Violation_201,28,O1,3.526744,31.0,77
LOND,lond005,Violation_201,28,O2,7.938437,26.0,87
LOND,lond005,Violation_201,28,O2,7.938437,31.0,77
LOND,lond005,Control_202,29,Pz,-5.008629,34.0,97
LOND,lond005,Control_202,29,Pz,-5.008629,25.0,97
LOND,lond005,Control_202,29,Cz,2.013997,34.0,97
LOND,lond005,Control_202,29,Cz,2.013997,25.0,97
LOND,lond005,Control_202,29,CP1,-0.3427169,34.0,97
LOND,lond005,Control_202,29,CP1,-0.3427169,25.0,97
LOND,lond005,Control_202,29,CP2,2.0871,34.0,97
LOND,lond005,Control_202,29,CP2,2.0871,25.0,97
LOND,lond005,Control_202,29,P3,-1.375553,34.0,97
LOND,lond005,Control_202,29,P3,-1.375553,25.0,97
LOND,lond005,Control_202,29,P4,-3.17288,34.0,97
LOND,lond005,Control_202,29,P4,-3.17288,25.0,97
LOND,lond005,Control_202,29,C3,-3.372013,34.0,97
LOND,lond005,Control_202,29,C3,-3.372013,25.0,97
LOND,lond005,Control_202,29,C4,-2.749376,34.0,97
LOND,lond005,Control_202,29,C4,-2.749376,25.0,97
LOND,lond005,Control_202,29,P7,-1.339821,34.0,97
LOND,lond005,Control_202,29,P7,-1.339821,25.0,97
LOND,lond005,Control_202,29,P8,-7.054303,34.0,97
LOND,lond005,Control_202,29,P8,-7.054303,25.0,97
LOND,lond005,Control_202,29,O1,-3.175853,34.0,97
LOND,lond005,Control_202,29,O1,-3.175853,25.0,97
LOND,lond005,Control_202,29,O2,-6.658896,34.0,97
LOND,lond005,Control_202,29,O2,-6.658896,25.0,97
LOND,lond005,Violation_201,30,Pz,6.530746,35.0,97
LOND,lond005,Violation_201,30,Pz,6.530746,30.0,90
LOND,lond005,Violation_201,30,Cz,12.22461,35.0,97
LOND,lond005,Violation_201,30,Cz,12.22461,30.0,90
LOND,lond005,Violation_201,30,CP1,8.494959,35.0,97
LOND,lond005,Violation_201,30,CP1,8.494959,30.0,90
LOND,lond005,Violation_201,30,CP2,7.988394,35.0,97
LOND,lond005,Violation_201,30,CP2,7.988394,30.0,90
LOND,lond005,Violation_201,30,P3,10.43146,35.0,97
LOND,lond005,Violation_201,30,P3,10.43146,30.0,90
LOND,lond005,Violation_201,30,P4,7.399805,35.0,97
LOND,lond005,Violation_201,30,P4,7.399805,30.0,90
LOND,lond005,Violation_201,30,C3,-0.4318482,35.0,97
LOND,lond005,Violation_201,30,C3,-0.4318482,30.0,90
LOND,lond005,Violation_201,30,C4,9.494576,35.0,97
LOND,lond005,Violation_201,30,C4,9.494576,30.0,90
LOND,lond005,Violation_201,30,P7,-4.456728,35.0,97
LOND,lond005,Violation_201,30,P7,-4.456728,30.0,90
LOND,lond005,Violation_201,30,P8,1.698565,35.0,97
LOND,lond005,Violation_201,30,P8,1.698565,30.0,90
LOND,lond005,Violation_201,30,O1,5.528463,35.0,97
LOND,lond005,Violation_201,30,O1,5.528463,30.0,90
LOND,lond005,Violation_201,30,O2,4.283959,35.0,97
LOND,lond005,Violation_201,30,O2,4.283959,30.0,90
LOND,lond005,Control_202,31,Pz,-6.07113,33.0,53
LOND,lond005,Control_202,31,Pz,-6.07113,22.0,53
LOND,lond005,Control_202,31,Cz,8.517406,33.0,53
LOND,lond005,Control_202,31,Cz,8.517406,22.0,53
LOND,lond005,Control_202,31,CP1,11.41387,33.0,53
LOND,lond005,Control_202,31,CP1,11.41387,22.0,53
LOND,lond005,Control_202,31,CP2,6.65636,33.0,53
LOND,lond005,Control_202,31,CP2,6.65636,22.0,53
LOND,lond005,Control_202,31,P3,4.088272,33.0,53
LOND,lond005,Control_202,31,P3,4.088272,22.0,53
LOND,lond005,Control_202,31,P4,1.66593,33.0,53
LOND,lond005,Control_202,31,P4,1.66593,22.0,53
LOND,lond005,Control_202,31,C3,1.126086,33.0,53
LOND,lond005,Control_202,31,C3,1.126086,22.0,53
LOND,lond005,Control_202,31,C4,6.964946,33.0,53
LOND,lond005,Control_202,31,C4,6.964946,22.0,53
LOND,lond005,Control_202,31,P7,5.786638,33.0,53
LOND,lond005,Control_202,31,P7,5.786638,22.0,53
LOND,lond005,Control_202,31,P8,7.755638,33.0,53
LOND,lond005,Control_202,31,P8,7.755638,22.0,53
LOND,lond005,Control_202,31,O1,2.884492,33.0,53
LOND,lond005,Control_202,31,O1,2.884492,22.0,53
LOND,lond005,Control_202,31,O2,-1.116551,33.0,53
LOND,lond005,Control_202,31,O2,-1.116551,22.0,53
LOND,lond005,Violation_201,32,Pz,-11.13055,28.0,27
LOND,lond005,Violation_201,32,Pz,-11.13055,29.0,90
LOND,lond005,Violation_201,32,Cz,-39.96925,28.0,27
LOND,lond005,Violation_201,32,Cz,-39.96925,29.0,90
LOND,lond005,Violation_201,32,CP1,6.189785,28.0,27
LOND,lond005,Violation_201,32,CP1,6.189785,29.0,90
LOND,lond005,Violation_201,32,CP2,-8.10573,28.0,27
LOND,lond005,Violation_201,32,CP2,-8.10573,29.0,90
LOND,lond005,Violation_201,32,P3,-13.10941,28.0,27
LOND,lond005,Violation_201,32,P3,-13.10941,29.0,90
LOND,lond005,Violation_201,32,P4,-12.91023,28.0,27
LOND,lond005,Violation_201,32,P4,-12.91023,29.0,90
LOND,lond005,Violation_201,32,C3,-15.84232,28.0,27
LOND,lond005,Violation_201,32,C3,-15.84232,29.0,90
LOND,lond005,Violation_201,32,C4,-7.718883,28.0,27
LOND,lond005,Violation_201,32,C4,-7.718883,29.0,90
LOND,lond005,Violation_201,32,P7,-8.68502,28.0,27
LOND,lond005,Violation_201,32,P7,-8.68502,29.0,90
LOND,lond005,Violation_201,32,P8,-11.83375,28.0,27
LOND,lond005,Violation_201,32,P8,-11.83375,29.0,90
LOND,lond005,Violation_201,32,O1,-9.607859,28.0,27
LOND,lond005,Violation_201,32,O1,-9.607859,29.0,90
LOND,lond005,Violation_201,32,O2,-2.190794,28.0,27
LOND,lond005,Violation_201,32,O2,-2.190794,29.0,90
LOND,lond005,Violation_201,33,Pz,6.862012,38.0,93
LOND,lond005,Violation_201,33,Pz,6.862012,33.0,53
LOND,lond005,Violation_201,33,Cz,-9.558307,38.0,93
LOND,lond005,Violation_201,33,Cz,-9.558307,33.0,53
LOND,lond005,Violation_201,33,CP1,7.05361,38.0,93
LOND,lond005,Violation_201,33,CP1,7.05361,33.0,53
LOND,lond005,Violation_201,33,CP2,-5.804228,38.0,93
LOND,lond005,Violation_201,33,CP2,-5.804228,33.0,53
LOND,lond005,Violation_201,33,P3,22.23635,38.0,93
LOND,lond005,Violation_201,33,P3,22.23635,33.0,53
LOND,lond005,Violation_201,33,P4,4.018909,38.0,93
LOND,lond005,Violation_201,33,P4,4.018909,33.0,53
LOND,lond005,Violation_201,33,C3,-4.524218,38.0,93
LOND,lond005,Violation_201,33,C3,-4.524218,33.0,53
LOND,lond005,Violation_201,33,C4,-13.41157,38.0,93
LOND,lond005,Violation_201,33,C4,-13.41157,33.0,53
LOND,lond005,Violation_201,33,P7,23.00116,38.0,93
LOND,lond005,Violation_201,33,P7,23.00116,33.0,53
LOND,lond005,Violation_201,33,P8,5.943621,38.0,93
LOND,lond005,Violation_201,33,P8,5.943621,33.0,53
LOND,lond005,Violation_201,33,O1,13.89932,38.0,93
LOND,lond005,Violation_201,33,O1,13.89932,33.0,53
LOND,lond005,Violation_201,33,O2,7.662953,38.0,93
LOND,lond005,Violation_201,33,O2,7.662953,33.0,53
LOND,lond005,Control_202,34,Pz,-7.760484,23.0,93
LOND,lond005,Control_202,34,Pz,-7.760484,34.0,97
LOND,lond005,Control_202,34,Cz,-10.28311,23.0,93
LOND,lond005,Control_202,34,Cz,-10.28311,34.0,97
LOND,lond005,Control_202,34,CP1,-20.31897,23.0,93
LOND,lond005,Control_202,34,CP1,-20.31897,34.0,97
LOND,lond005,Control_202,34,CP2,-12.48971,23.0,93
LOND,lond005,Control_202,34,CP2,-12.48971,34.0,97
LOND,lond005,Control_202,34,P3,-10.35172,23.0,93
LOND,lond005,Control_202,34,P3,-10.35172,34.0,97
LOND,lond005,Control_202,34,P4,-5.184721,23.0,93
LOND,lond005,Control_202,34,P4,-5.184721,34.0,97
LOND,lond005,Control_202,34,C3,-11.15072,23.0,93
LOND,lond005,Control_202,34,C3,-11.15072,34.0,97
LOND,lond005,Control_202,34,C4,-12.20708,23.0,93
LOND,lond005,Control_202,34,C4,-12.20708,34.0,97
LOND,lond005,Control_202,34,P7,-16.77862,23.0,93
LOND,lond005,Control_202,34,P7,-16.77862,34.0,97
LOND,lond005,Control_202,34,P8,8.082673,23.0,93
LOND,lond005,Control_202,34,P8,8.082673,34.0,97
LOND,lond005,Control_202,34,O1,-5.453254,23.0,93
LOND,lond005,Control_202,34,O1,-5.453254,34.0,97
LOND,lond005,Control_202,34,O2,-10.18529,23.0,93
LOND,lond005,Control_202,34,O2,-10.18529,34.0,97
LOND,lond005,Control_202,35,Pz,-21.01246,29.0,90
LOND,lond005,Control_202,35,Pz,-21.01246,40.0,93
LOND,lond005,Control_202,35,Cz,-13.05127,29.0,90
LOND,lond005,Control_202,35,Cz,-13.05127,40.0,93
LOND,lond005,Control_202,35,CP1,-31.20205,29.0,90
LOND,lond005,Control_202,35,CP1,-31.20205,40.0,93
LOND,lond005,Control_202,35,CP2,-11.72902,29.0,90
LOND,lond005,Control_202,35,CP2,-11.72902,40.0,93
LOND,lond005,Control_202,35,P3,-11.77891,29.0,90
LOND,lond005,Control_202,35,P3,-11.77891,40.0,93
LOND,lond005,Control_202,35,P4,-18.98051,29.0,90
LOND,lond005,Control_202,35,P4,-18.98051,40.0,93
LOND,lond005,Control_202,35,C3,-19.06194,29.0,90
LOND,lond005,Control_202,35,C3,-19.06194,40.0,93
LOND,lond005,Control_202,35,C4,-16.73389,29.0,90
LOND,lond005,Control_202,35,C4,-16.73389,40.0,93
LOND,lond005,Control_202,35,P7,-7.845717,29.0,90
LOND,lond005,Control_202,35,P7,-7.845717,40.0,93
LOND,lond005,Control_202,35,P8,-13.29034,29.0,90
LOND,lond005,Control_202,35,P8,-13.29034,40.0,93
LOND,lond005,Control_202,35,O1,-13.95678,29.0,90
LOND,lond005,Control_202,35,O1,-13.95678,40.0,93
LOND,lond005,Control_202,35,O2,-20.3192,29.0,90
LOND,lond005,Control_202,35,O2,-20.3192,40.0,93
LOND,lond005,Violation_201,36,Pz,1.024008,40.0,93
LOND,lond005,Violation_201,36,Pz,1.024008,27.0,97
LOND,lond005,Violation_201,36,Cz,-4.200854,40.0,93
LOND,lond005,Violation_201,36,Cz,-4.200854,27.0,97
LOND,lond005,Violation_201,36,CP1,-10.63545,40.0,93
LOND,lond005,Violation_201,36,CP1,-10.63545,27.0,97
LOND,lond005,Violation_201,36,CP2,-5.011609,40.0,93
LOND,lond005,Violation_201,36,CP2,-5.011609,27.0,97
LOND,lond005,Violation_201,36,P3,-1.283734,40.0,93
LOND,lond005,Violation_201,36,P3,-1.283734,27.0,97
LOND,lond005,Violation_201,36,P4,-1.630633,40.0,93
LOND,lond005,Violation_201,36,P4,-1.630633,27.0,97
LOND,lond005,Violation_201,36,C3,0.724096,40.0,93
LOND,lond005,Violation_201,36,C3,0.724096,27.0,97
LOND,lond005,Violation_201,36,C4,-1.781891,40.0,93
LOND,lond005,Violation_201,36,C4,-1.781891,27.0,97
LOND,lond005,Violation_201,36,P7,5.436124,40.0,93
LOND,lond005,Violation_201,36,P7,5.436124,27.0,97
LOND,lond005,Violation_201,36,P8,3.051239,40.0,93
LOND,lond005,Violation_201,36,P8,3.051239,27.0,97
LOND,lond005,Violation_201,36,O1,0.1666653,40.0,93
LOND,lond005,Violation_201,36,O1,0.1666653,27.0,97
LOND,lond005,Violation_201,36,O2,0.2830038,40.0,93
LOND,lond005,Violation_201,36,O2,0.2830038,27.0,97
LOND,lond005,Control_202,37,Pz,5.715635,27.0,97
LOND,lond005,Control_202,37,Pz,5.715635,39.0,97
LOND,lond005,Control_202,37,Cz,7.270226,27.0,97
LOND,lond005,Control_202,37,Cz,7.270226,39.0,97
LOND,lond005,Control_202,37,CP1,-0.4887214,27.0,97
LOND,lond005,Control_202,37,CP1,-0.4887214,39.0,97
LOND,lond005,Control_202,37,CP2,4.97548,27.0,97
LOND,lond005,Control_202,37,CP2,4.97548,39.0,97
LOND,lond005,Control_202,37,P3,13.04187,27.0,97
LOND,lond005,Control_202,37,P3,13.04187,39.0,97
LOND,lond005,Control_202,37,P4,6.698929,27.0,97
LOND,lond005,Control_202,37,P4,6.698929,39.0,97
LOND,lond005,Control_202,37,C3,5.356209,27.0,97
LOND,lond005,Control_202,37,C3,5.356209,39.0,97
LOND,lond005,Control_202,37,C4,4.124192,27.0,97
LOND,lond005,Control_202,37,C4,4.124192,39.0,97
LOND,lond005,Control_202,37,P7,15.03185,27.0,97
LOND,lond005,Control_202,37,P7,15.03185,39.0,97
LOND,lond005,Control_202,37,P8,5.041094,27.0,97
LOND,lond005,Control_202,37,P8,5.041094,39.0,97
LOND,lond005,Control_202,37,O1,8.589111,27.0,97
LOND,lond005,Control_202,37,O1,8.589111,39.0,97
LOND,lond005,Control_202,37,O2,9.077985,27.0,97
LOND,lond005,Control_202,37,O2,9.077985,39.0,97
LOND,lond005,Control_202,38,Pz,-13.99344,24.0,93
LOND,lond005,Control_202,38,Cz,-7.374553,24.0,93
LOND,lond005,Control_202,38,CP1,-18.97089,24.0,93
LOND,lond005,Control_202,38,CP2,-4.56611,24.0,93
LOND,lond005,Control_202,38,P3,-10.28212,24.0,93
LOND,lond005,Control_202,38,P4,-7.528845,24.0,93
LOND,lond005,Control_202,38,C3,-7.134205,24.0,93
LOND,lond005,Control_202,38,C4,-5.625038,24.0,93
LOND,lond005,Control_202,38,P7,4.441788,24.0,93
LOND,lond005,Control_202,38,P8,-5.330889,24.0,93
LOND,lond005,Control_202,38,O1,-5.636534,24.0,93
LOND,lond005,Control_202,38,O2,-6.690502,24.0,93
LOND,lond005,Violation_201,39,Pz,0.5410821,30.0,90
LOND,lond005,Violation_201,39,Pz,0.5410821,35.0,97
LOND,lond005,Violation_201,39,Cz,6.307563,30.0,90
LOND,lond005,Violation_201,39,Cz,6.307563,35.0,97
LOND,lond005,Violation_201,39,CP1,13.66936,30.0,90
LOND,lond005,Violation_201,39,CP1,13.66936,35.0,97
LOND,lond005,Violation_201,39,CP2,-3.685329,30.0,90
LOND,lond005,Violation_201,39,CP2,-3.685329,35.0,97
LOND,lond005,Violation_201,39,P3,11.5421,30.0,90
LOND,lond005,Violation_201,39,P3,11.5421,35.0,97
LOND,lond005,Violation_201,39,P4,4.571681,30.0,90
LOND,lond005,Violation_201,39,P4,4.571681,35.0,97
LOND,lond005,Violation_201,39,C3,19.29888,30.0,90
LOND,lond005,Violation_201,39,C3,19.29888,35.0,97
LOND,lond005,Violation_201,39,C4,1.477659,30.0,90
LOND,lond005,Violation_201,39,C4,1.477659,35.0,97
LOND,lond005,Violation_201,39,P7,3.049798,30.0,90
LOND,lond005,Violation_201,39,P7,3.049798,35.0,97
LOND,lond005,Violation_201,39,P8,5.038854,30.0,90
LOND,lond005,Violation_201,39,P8,5.038854,35.0,97
LOND,lond005,Violation_201,39,O1,6.393589,30.0,90
LOND,lond005,Violation_201,39,O1,6.393589,35.0,97
LOND,lond005,Violation_201,39,O2,2.110965,30.0,90
LOND,lond005,Violation_201,39,O2,2.110965,35.0,97
LOND,lond005,Violation_201,40,Pz,3.437737,37.0,80
LOND,lond005,Violation_201,40,Pz,3.437737,26.0,87
LOND,lond005,Violation_201,40,Cz,4.051026,37.0,80
LOND,lond005,Violation_201,40,Cz,4.051026,26.0,87
LOND,lond005,Violation_201,40,CP1,13.00721,37.0,80
LOND,lond005,Violation_201,40,CP1,13.00721,26.0,87
LOND,lond005,Violation_201,40,CP2,-2.011311,37.0,80
LOND,lond005,Violation_201,40,CP2,-2.011311,26.0,87
LOND,lond005,Violation_201,40,P3,2.888303,37.0,80
LOND,lond005,Violation_201,40,P3,2.888303,26.0,87
LOND,lond005,Violation_201,40,P4,3.967257,37.0,80
LOND,lond005,Violation_201,40,P4,3.967257,26.0,87
LOND,lond005,Violation_201,40,C3,5.305125,37.0,80
LOND,lond005,Violation_201,40,C3,5.305125,26.0,87
LOND,lond005,Violation_201,40,C4,2.386577,37.0,80
LOND,lond005,Violation_201,40,C4,2.386577,26.0,87
LOND,lond005,Violation_201,40,P7,4.267248,37.0,80
LOND,lond005,Violation_201,40,P7,4.267248,26.0,87
LOND,lond005,Violation_201,40,P8,-2.020188,37.0,80
LOND,lond005,Violation_201,40,P8,-2.020188,26.0,87
LOND,lond005,Violation_201,40,O1,3.260307,37.0,80
LOND,lond005,Violation_201,40,O1,3.260307,26.0,87
LOND,lond005,Violation_201,40,O2,6.063192,37.0,80
LOND,lond005,Violation_201,40,O2,6.063192,26.0,87
LOND,lond006,Control_202,1,Pz,16.09635,15.0,90
LOND,lond006,Control_202,1,Pz,16.09635,2.0,100
LOND,lond006,Control_202,1,Cz,1.583895,15.0,90
LOND,lond006,Control_202,1,Cz,1.583895,2.0,100
LOND,lond006,Control_202,1,CP1,49.65399,15.0,90
LOND,lond006,Control_202,1,CP1,49.65399,2.0,100
LOND,lond006,Control_202,1,CP2,14.97993,15.0,90
LOND,lond006,Control_202,1,CP2,14.97993,2.0,100
LOND,lond006,Control_202,1,P3,19.93597,15.0,90
LOND,lond006,Control_202,1,P3,19.93597,2.0,100
LOND,lond006,Control_202,1,P4,54.01198,15.0,90
LOND,lond006,Control_202,1,P4,54.01198,2.0,100
LOND,lond006,Control_202,1,C3,32.17648,15.0,90
LOND,lond006,Control_202,1,C3,32.17648,2.0,100
LOND,lond006,Control_202,1,C4,47.19328,15.0,90
LOND,lond006,Control_202,1,C4,47.19328,2.0,100
LOND,lond006,Control_202,1,P7,22.6487,15.0,90
LOND,lond006,Control_202,1,P7,22.6487,2.0,100
LOND,lond006,Control_202,1,P8,2.315395,15.0,90
LOND,lond006,Control_202,1,P8,2.315395,2.0,100
LOND,lond006,Control_202,1,O1,28.41079,15.0,90
LOND,lond006,Control_202,1,O1,28.41079,2.0,100
LOND,lond006,Control_202,1,O2,-0.3596717,15.0,90
LOND,lond006,Control_202,1,O2,-0.3596717,2.0,100
LOND,lond006,Violation_201,2,Pz,13.56783,6.0,100
LOND,lond006,Violation_201,2,Pz,13.56783,5.0,93
LOND,lond006,Violation_201,2,Cz,27.12555,6.0,100
LOND,lond006,Violation_201,2,Cz,27.12555,5.0,93
LOND,lond006,Violation_201,2,CP1,30.71325,6.0,100
LOND,lond006,Violation_201,2,CP1,30.71325,5.0,93
LOND,lond006,Violation_201,2,CP2,-0.4303658,6.0,100
LOND,lond006,Violation_201,2,CP2,-0.4303658,5.0,93
LOND,lond006,Violation_201,2,P3,12.13233,6.0,100
LOND,lond006,Violation_201,2,P3,12.13233,5.0,93
LOND,lond006,Violation_201,2,P4,45.43087,6.0,100
LOND,lond006,Violation_201,2,P4,45.43087,5.0,93
LOND,lond006,Violation_201,2,C3,-2.510889,6.0,100
LOND,lond006,Violation_201,2,C3,-2.510889,5.0,93
LOND,lond006,Violation_201,2,C4,16.44018,6.0,100
LOND,lond006,Violation_201,2,C4,16.44018,5.0,93
LOND,lond006,Violation_201,2,P7,9.87019,6.0,100
LOND,lond006,Violation_201,2,P7,9.87019,5.0,93
LOND,lond006,Violation_201,2,P8,-5.717777,6.0,100
LOND,lond006,Violation_201,2,P8,-5.717777,5.0,93
LOND,lond006,Violation_201,2,O1,41.00626,6.0,100
LOND,lond006,Violation_201,2,O1,41.00626,5.0,93
LOND,lond006,Violation_201,2,O2,36.48856,6.0,100
LOND,lond006,Violation_201,2,O2,36.48856,5.0,93
LOND,lond006,Control_202,3,Pz,-16.35689,13.0,97
LOND,lond006,Control_202,3,Pz,-16.35689,16.0,93
LOND,lond006,Control_202,3,Cz,-27.07025,13.0,97
LOND,lond006,Control_202,3,Cz,-27.07025,16.0,93
LOND,lond006,Control_202,3,CP1,-35.98146,13.0,97
LOND,lond006,Control_202,3,CP1,-35.98146,16.0,93
LOND,lond006,Control_202,3,CP2,-29.1048,13.0,97
LOND,lond006,Control_202,3,CP2,-29.1048,16.0,93
LOND,lond006,Control_202,3,P3,-24.67633,13.0,97
LOND,lond006,Control_202,3,P3,-24.67633,16.0,93
LOND,lond006,Control_202,3,P4,-44.48737,13.0,97
LOND,lond006,Control_202,3,P4,-44.48737,16.0,93
LOND,lond006,Control_202,3,C3,-11.19601,13.0,97
LOND,lond006,Control_202,3,C3,-11.19601,16.0,93
LOND,lond006,Control_202,3,C4,-27.28535,13.0,97
LOND,lond006,Control_202,3,C4,-27.28535,16.0,93
LOND,lond006,Control_202,3,P7,-26.3423,13.0,97
LOND,lond006,Control_202,3,P7,-26.3423,16.0,93
LOND,lond006,Control_202,3,P8,-21.96702,13.0,97
LOND,lond006,Control_202,3,P8,-21.96702,16.0,93
LOND,lond006,Control_202,3,O1,-18.90681,13.0,97
LOND,lond006,Control_202,3,O1,-18.90681,16.0,93
LOND,lond006,Control_202,3,O2,-25.11719,13.0,97
LOND,lond006,Control_202,3,O2,-25.11719,16.0,93
LOND,lond006,Violation_201,4,Pz,8.962376,12.0,100
LOND,lond006,Violation_201,4,Pz,8.962376,19.0,100
LOND,lond006,Violation_201,4,Cz,3.109717,12.0,100
LOND,lond006,Violation_201,4,Cz,3.109717,19.0,100
LOND,lond006,Violation_201,4,CP1,-16.188,12.0,100
LOND,lond006,Violation_201,4,CP1,-16.188,19.0,100
LOND,lond006,Violation_201,4,CP2,36.83739,12.0,100
LOND,lond006,Violation_201,4,CP2,36.83739,19.0,100
LOND,lond006,Violation_201,4,P3,8.95148,12.0,100
LOND,lond006,Violation_201,4,P3,8.95148,19.0,100
LOND,lond006,Violation_201,4,P4,-9.869237,12.0,100
LOND,lond006,Violation_201,4,P4,-9.869237,19.0,100
LOND,lond006,Violation_201,4,C3,15.92145,12.0,100
LOND,lond006,Violation_201,4,C3,15.92145,19.0,100
LOND,lond006,Violation_201,4,C4,-7.826911,12.0,100
LOND,lond006,Violation_201,4,C4,-7.826911,19.0,100
LOND,lond006,Violation_201,4,P7,39.01881,12.0,100
LOND,lond006,Violation_201,4,P7,39.01881,19.0,100
LOND,lond006,Violation_201,4,P8,41.49444,12.0,100
LOND,lond006,Violation_201,4,P8,41.49444,19.0,100
LOND,lond006,Violation_201,4,O1,26.63902,12.0,100
LOND,lond006,Violation_201,4,O1,26.63902,19.0,100
LOND,lond006,Violation_201,4,O2,20.46595,12.0,100
LOND,lond006,Violation_201,4,O2,20.46595,19.0,100
LOND,lond006,Control_202,5,Pz,6.480181,11.0,87
LOND,lond006,Control_202,5,Pz,6.480181,7.0,80
LOND,lond006,Control_202,5,Cz,-11.72967,11.0,87
LOND,lond006,Control_202,5,Cz,-11.72967,7.0,80
LOND,lond006,Control_202,5,CP1,0.340569,11.0,87
LOND,lond006,Control_202,5,CP1,0.340569,7.0,80
LOND,lond006,Control_202,5,CP2,-16.42696,11.0,87
LOND,lond006,Control_202,5,CP2,-16.42696,7.0,80
LOND,lond006,Control_202,5,P3,18.62179,11.0,87
LOND,lond006,Control_202,5,P3,18.62179,7.0,80
LOND,lond006,Control_202,5,P4,23.9479,11.0,87
LOND,lond006,Control_202,5,P4,23.9479,7.0,80
LOND,lond006,Control_202,5,C3,21.59264,11.0,87
LOND,lond006,Control_202,5,C3,21.59264,7.0,80
LOND,lond006,Control_202,5,C4,-12.22414,11.0,87
LOND,lond006,Control_202,5,C4,-12.22414,7.0,80
LOND,lond006,Control_202,5,P7,10.16592,11.0,87
LOND,lond006,Control_202,5,P7,10.16592,7.0,80
LOND,lond006,Control_202,5,P8,41.42687,11.0,87
LOND,lond006,Control_202,5,P8,41.42687,7.0,80
LOND,lond006,Control_202,5,O1,13.00626,11.0,87
LOND,lond006,Control_202,5,O1,13.00626,7.0,80
LOND,lond006,Control_202,5,O2,28.49814,11.0,87
LOND,lond006,Control_202,5,O2,28.49814,7.0,80
LOND,lond006,Control_202,6,Pz,-14.85317,2.0,100
LOND,lond006,Control_202,6,Pz,-14.85317,12.0,100
LOND,lond006,Control_202,6,Cz,-11.24594,2.0,100
LOND,lond006,Control_202,6,Cz,-11.24594,12.0,100
LOND,lond006,Control_202,6,CP1,-5.279063,2.0,100
LOND,lond006,Control_202,6,CP1,-5.279063,12.0,100
LOND,lond006,Control_202,6,CP2,-18.92005,2.0,100
LOND,lond006,Control_202,6,CP2,-18.92005,12.0,100
LOND,lond006,Control_202,6,P3,-19.50731,2.0,100
LOND,lond006,Control_202,6,P3,-19.50731,12.0,100
LOND,lond006,Control_202,6,P4,-41.26416,2.0,100
LOND,lond006,Control_202,6,P4,-41.26416,12.0,100
LOND,lond006,Control_202,6,C3,-24.47681,2.0,100
LOND,lond006,Control_202,6,C3,-24.47681,12.0,100
LOND,lond006,Control_202,6,C4,-18.90117,2.0,100
LOND,lond006,Control_202,6,C4,-18.90117,12.0,100
LOND,lond006,Control_202,6,P7,-27.08789,2.0,100
LOND,lond006,Control_202,6,P7,-27.08789,12.0,100
LOND,lond006,Control_202,6,P8,-31.38926,2.0,100
LOND,lond006,Control_202,6,P8,-31.38926,12.0,100
LOND,lond006,Control_202,6,O1,-41.28339,2.0,100
LOND,lond006,Control_202,6,O1,-41.28339,12.0,100
LOND,lond006,Control_202,6,O2,-35.76808,2.0,100
LOND,lond006,Control_202,6,O2,-35.76808,12.0,100
LOND,lond006,Violation_201,7,Pz,4.167174,9.0,93
LOND,lond006,Violation_201,7,Pz,4.167174,3.0,100
LOND,lond006,Violation_201,7,Cz,19.18452,9.0,93
LOND,lond006,Violation_201,7,Cz,19.18452,3.0,100
LOND,lond006,Violation_201,7,CP1,20.35232,9.0,93
LOND,lond006,Violation_201,7,CP1,20.35232,3.0,100
LOND,lond006,Violation_201,7,CP2,17.17468,9.0,93
LOND,lond006,Violation_201,7,CP2,17.17468,3.0,100
LOND,lond006,Violation_201,7,P3,-23.85405,9.0,93
LOND,lond006,Violation_201,7,P3,-23.85405,3.0,100
LOND,lond006,Violation_201,7,P4,17.61454,9.0,93
LOND,lond006,Violation_201,7,P4,17.61454,3.0,100
LOND,lond006,Violation_201,7,C3,-19.86401,9.0,93
LOND,lond006,Violation_201,7,C3,-19.86401,3.0,100
LOND,lond006,Violation_201,7,C4,-4.153271,9.0,93
LOND,lond006,Violation_201,7,C4,-4.153271,3.0,100
LOND,lond006,Violation_201,7,P7,-18.12742,9.0,93
LOND,lond006,Violation_201,7,P7,-18.12742,3.0,100
LOND,lond006,Violation_201,7,P8,-33.04018,9.0,93
LOND,lond006,Violation_201,7,P8,-33.04018,3.0,100
LOND,lond006,Violation_201,7,O1,-29.92375,9.0,93
LOND,lond006,Violation_201,7,O1,-29.92375,3.0,100
LOND,lond006,Violation_201,7,O2,-2.736053,9.0,93
LOND,lond006,Violation_201,7,O2,-2.736053,3.0,100
LOND,lond006,Violation_201,8,Pz,-7.081423,3.0,100
LOND,lond006,Violation_201,8,Pz,-7.081423,8.0,97
LOND,lond006,Violation_201,8,Cz,6.910947,3.0,100
LOND,lond006,Violation_201,8,Cz,6.910947,8.0,97
LOND,lond006,Violation_201,8,CP1,-35.37173,3.0,100
LOND,lond006,Violation_201,8,CP1,-35.37173,8.0,97
LOND,lond006,Violation_201,8,CP2,-1.268402,3.0,100
LOND,lond006,Violation_201,8,CP2,-1.268402,8.0,97
LOND,lond006,Violation_201,8,P3,-18.39703,3.0,100
LOND,lond006,Violation_201,8,P3,-18.39703,8.0,97
LOND,lond006,Violation_201,8,P4,-28.64048,3.0,100
LOND,lond006,Violation_201,8,P4,-28.64048,8.0,97
LOND,lond006,Violation_201,8,C3,0.4617803,3.0,100
LOND,lond006,Violation_201,8,C3,0.4617803,8.0,97
LOND,lond006,Violation_201,8,C4,-16.97184,3.0,100
LOND,lond006,Violation_201,8,C4,-16.97184,8.0,97
LOND,lond006,Violation_201,8,P7,-12.1608,3.0,100
LOND,lond006,Violation_201,8,P7,-12.1608,8.0,97
LOND,lond006,Violation_201,8,P8,2.677339,3.0,100
LOND,lond006,Violation_201,8,P8,2.677339,8.0,97
LOND,lond006,Violation_201,8,O1,-1.83594,3.0,100
LOND,lond006,Violation_201,8,O1,-1.83594,8.0,97
LOND,lond006,Violation_201,8,O2,-16.76361,3.0,100
LOND,lond006,Violation_201,8,O2,-16.76361,8.0,97
LOND,lond006,Control_202,9,Pz,14.40272,14.0,90
LOND,lond006,Control_202,9,Cz,13.37613,14.0,90
LOND,lond006,Control_202,9,CP1,-2.857296,14.0,90
LOND,lond006,Control_202,9,CP2,7.619527,14.0,90
LOND,lond006,Control_202,9,P3,20.55001,14.0,90
LOND,lond006,Control_202,9,P4,-4.311049,14.0,90
LOND,lond006,Control_202,9,C3,-11.52925,14.0,90
LOND,lond006,Control_202,9,C4,-30.71013,14.0,90
LOND,lond006,Control_202,9,P7,16.71694,14.0,90
LOND,lond006,Control_202,9,P8,3.234824,14.0,90
LOND,lond006,Control_202,9,O1,21.39189,14.0,90
LOND,lond006,Control_202,9,O2,28.03524,14.0,90
LOND,lond006,Violation_201,10,Pz,-12.20873,16.0,93
LOND,lond006,Violation_201,10,Pz,-12.20873,13.0,97
LOND,lond006,Violation_201,10,Cz,-23.33365,16.0,93
LOND,lond006,Violation_201,10,Cz,-23.33365,13.0,97
LOND,lond006,Violation_201,10,CP1,-22.05839,16.0,93
LOND,lond006,Violation_201,10,CP1,-22.05839,13.0,97
LOND,lond006,Violation_201,10,CP2,-33.62054,16.0,93
LOND,lond006,Violation_201,10,CP2,-33.62054,13.0,97
LOND,lond006,Violation_201,10,P3,0.9071624,16.0,93
LOND,lond006,Violation_201,10,P3,0.9071624,13.0,97
LOND,lond006,Violation_201,10,P4,-0.4570017,16.0,93
LOND,lond006,Violation_201,10,P4,-0.4570017,13.0,97
LOND,lond006,Violation_201,10,C3,-14.13818,16.0,93
LOND,lond006,Violation_201,10,C3,-14.13818,13.0,97
LOND,lond006,Violation_201,10,C4,-30.96196,16.0,93
LOND,lond006,Violation_201,10,C4,-30.96196,13.0,97
LOND,lond006,Violation_201,10,P7,17.57712,16.0,93
LOND,lond006,Violation_201,10,P7,17.57712,13.0,97
LOND,lond006,Violation_201,10,P8,17.65592,16.0,93
LOND,lond006,Violation_201,10,P8,17.65592,13.0,97
LOND,lond006,Violation_201,10,O1,0.3126937,16.0,93
LOND,lond006,Violation_201,10,O1,0.3126937,13.0,97
LOND,lond006,Violation_201,10,O2,-13.65245,16.0,93
LOND,lond006,Violation_201,10,O2,-13.65245,13.0,97
LOND,lond006,Control_202,11,Pz,18.13992,17.0,62
LOND,lond006,Control_202,11,Pz,18.13992,15.0,90
LOND,lond006,Control_202,11,Cz,14.17004,17.0,62
LOND,lond006,Control_202,11,Cz,14.17004,15.0,90
LOND,lond006,Control_202,11,CP1,61.90678,17.0,62
LOND,lond006,Control_202,11,CP1,61.90678,15.0,90
LOND,lond006,Control_202,11,CP2,5.496678,17.0,62
LOND,lond006,Control_202,11,CP2,5.496678,15.0,90
LOND,lond006,Control_202,11,P3,13.17368,17.0,62
LOND,lond006,Control_202,11,P3,13.17368,15.0,90
LOND,lond006,Control_202,11,P4,-7.496772,17.0,62
LOND,lond006,Control_202,11,P4,-7.496772,15.0,90
LOND,lond006,Control_202,11,C3,12.48386,17.0,62
LOND,lond006,Control_202,11,C3,12.48386,15.0,90
LOND,lond006,Control_202,11,C4,19.75033,17.0,62
LOND,lond006,Control_202,11,C4,19.75033,15.0,90
LOND,lond006,Control_202,11,P7,-11.23123,17.0,62
LOND,lond006,Control_202,11,P7,-11.23123,15.0,90
LOND,lond006,Control_202,11,P8,-9.181564,17.0,62
LOND,lond006,Control_202,11,P8,-9.181564,15.0,90
LOND,lond006,Control_202,11,O1,-18.51424,17.0,62
LOND,lond006,Control_202,11,O1,-18.51424,15.0,90
LOND,lond006,Control_202,11,O2,-11.69835,17.0,62
LOND,lond006,Control_202,11,O2,-11.69835,15.0,90
LOND,lond006,Control_202,12,Pz,19.97515,5.0,93
LOND,lond006,Control_202,12,Pz,19.97515,18.0,87
LOND,lond006,Control_202,12,Cz,3.093627,5.0,93
LOND,lond006,Control_202,12,Cz,3.093627,18.0,87
LOND,lond006,Control_202,12,CP1,13.31143,5.0,93
LOND,lond006,Control_202,12,CP1,13.31143,18.0,87
LOND,lond006,Control_202,12,CP2,0.8456243,5.0,93
LOND,lond006,Control_202,12,CP2,0.8456243,18.0,87
LOND,lond006,Control_202,12,P3,19.51216,5.0,93
LOND,lond006,Control_202,12,P3,19.51216,18.0,87
LOND,lond006,Control_202,12,P4,30.55971,5.0,93
LOND,lond006,Control_202,12,P4,30.55971,18.0,87
LOND,lond006,Control_202,12,C3,33.91853,5.0,93
LOND,lond006,Control_202,12,C3,33.91853,18.0,87
LOND,lond006,Control_202,12,C4,41.73742,5.0,93
LOND,lond006,Control_202,12,C4,41.73742,18.0,87
LOND,lond006,Control_202,12,P7,8.825498,5.0,93
LOND,lond006,Control_202,12,P7,8.825498,18.0,87
LOND,lond006,Control_202,12,P8,2.716737,5.0,93
LOND,lond006,Control_202,12,P8,2.716737,18.0,87
LOND,lond006,Control_202,12,O1,7.44084,5.0,93
LOND,lond006,Control_202,12,O1,7.44084,18.0,87
LOND,lond006,Control_202,12,O2,-0.4421405,5.0,93
LOND,lond006,Control_202,12,O2,-0.4421405,18.0,87
LOND,lond006,Violation_201,13,Pz,-4.131864,19.0,100
LOND,lond006,Violation_201,13,Pz,-4.131864,6.0,100
LOND,lond006,Violation_201,13,Cz,36.62786,19.0,100
LOND,lond006,Violation_201,13,Cz,36.62786,6.0,100
LOND,lond006,Violation_201,13,CP1,33.01811,19.0,100
LOND,lond006,Violation_201,13,CP1,33.01811,6.0,100
LOND,lond006,Violation_201,13,CP2,26.77071,19.0,100
LOND,lond006,Violation_201,13,CP2,26.77071,6.0,100
LOND,lond006,Violation_201,13,P3,-20.17945,19.0,100
LOND,lond006,Violation_201,13,P3,-20.17945,6.0,100
LOND,lond006,Violation_201,13,P4,-25.06029,19.0,100
LOND,lond006,Violation_201,13,P4,-25.06029,6.0,100
LOND,lond006,Violation_201,13,C3,0.6609089,19.0,100
LOND,lond006,Violation_201,13,C3,0.6609089,6.0,100
LOND,lond006,Violation_201,13,C4,-4.599592,19.0,100
LOND,lond006,Violation_201,13,C4,-4.599592,6.0,100
LOND,lond006,Violation_201,13,P7,-2.456635,19.0,100
LOND,lond006,Violation_201,13,P7,-2.456635,6.0,100
LOND,lond006,Violation_201,13,P8,-6.359842,19.0,100
LOND,lond006,Violation_201,13,P8,-6.359842,6.0,100
LOND,lond006,Violation_201,13,O1,-17.90262,19.0,100
LOND,lond006,Violation_201,13,O1,-17.90262,6.0,100
LOND,lond006,Violation_201,13,O2,1.692123,19.0,100
LOND,lond006,Violation_201,13,O2,1.692123,6.0,100
LOND,lond006,Control_202,14,Pz,-7.571183,7.0,80
LOND,lond006,Control_202,14,Pz,-7.571183,9.0,93
LOND,lond006,Control_202,14,Cz,-25.13593,7.0,80
LOND,lond006,Control_202,14,Cz,-25.13593,9.0,93
LOND,lond006,Control_202,14,CP1,-27.64282,7.0,80
LOND,lond006,Control_202,14,CP1,-27.64282,9.0,93
LOND,lond006,Control_202,14,CP2,-18.80697,7.0,80
LOND,lond006,Control_202,14,CP2,-18.80697,9.0,93
LOND,lond006,Control_202,14,P3,23.7027,7.0,80
LOND,lond006,Control_202,14,P3,23.7027,9.0,93
LOND,lond006,Control_202,14,P4,5.02984,7.0,80
LOND,lond006,Control_202,14,P4,5.02984,9.0,93
LOND,lond006,Control_202,14,C3,2.974188,7.0,80
LOND,lond006,Control_202,14,C3,2.974188,9.0,93
LOND,lond006,Control_202,14,C4,-20.86798,7.0,80
LOND,lond006,Control_202,14,C4,-20.86798,9.0,93
LOND,lond006,Control_202,14,P7,29.2031,7.0,80
LOND,lond006,Control_202,14,P7,29.2031,9.0,93
LOND,lond006,Control_202,14,P8,32.5801,7.0,80
LOND,lond006,Control_202,14,P8,32.5801,9.0,93
LOND,lond006,Control_202,14,O1,10.95888,7.0,80
LOND,lond006,Control_202,14,O1,10.95888,9.0,93
LOND,lond006,Control_202,14,O2,9.289165,7.0,80
LOND,lond006,Control_202,14,O2,9.289165,9.0,93
LOND,lond006,Violation_201,15,Pz,15.90294,18.0,87
LOND,lond006,Violation_201,15,Pz,15.90294,1.0,97
LOND,lond006,Violation_201,15,Cz,3.451235,18.0,87
LOND,lond006,Violation_201,15,Cz,3.451235,1.0,97
LOND,lond006,Violation_201,15,CP1,3.018758,18.0,87
LOND,lond006,Violation_201,15,CP1,3.018758,1.0,97
LOND,lond006,Violation_201,15,CP2,13.02357,18.0,87
LOND,lond006,Violation_201,15,CP2,13.02357,1.0,97
LOND,lond006,Violation_201,15,P3,59.57922,18.0,87
LOND,lond006,Violation_201,15,P3,59.57922,1.0,97
LOND,lond006,Violation_201,15,P4,36.45236,18.0,87
LOND,lond006,Violation_201,15,P4,36.45236,1.0,97
LOND,lond006,Violation_201,15,C3,35.96773,18.0,87
LOND,lond006,Violation_201,15,C3,35.96773,1.0,97
LOND,lond006,Violation_201,15,C4,10.54383,18.0,87
LOND,lond006,Violation_201,15,C4,10.54383,1.0,97
LOND,lond006,Violation_201,15,P7,40.04807,18.0,87
LOND,lond006,Violation_201,15,P7,40.04807,1.0,97
LOND,lond006,Violation_201,15,P8,42.20607,18.0,87
LOND,lond006,Violation_201,15,P8,42.20607,1.0,97
LOND,lond006,Violation_201,15,O1,27.79736,18.0,87
LOND,lond006,Violation_201,15,O1,27.79736,1.0,97
LOND,lond006,Violation_201,15,O2,40.08997,18.0,87
LOND,lond006,Violation_201,15,O2,40.08997,1.0,97
LOND,lond006,Control_202,16,Pz,-28.86252,1.0,97
LOND,lond006,Control_202,16,Pz,-28.86252,11.0,87
LOND,lond006,Control_202,16,Cz,-25.64129,1.0,97
LOND,lond006,Control_202,16,Cz,-25.64129,11.0,87
LOND,lond006,Control_202,16,CP1,16.25692,1.0,97
LOND,lond006,Control_202,16,CP1,16.25692,11.0,87
LOND,lond006,Control_202,16,CP2,-33.21846,1.0,97
LOND,lond006,Control_202,16,CP2,-33.21846,11.0,87
LOND,lond006,Control_202,16,P3,-52.10284,1.0,97
LOND,lond006,Control_202,16,P3,-52.10284,11.0,87
LOND,lond006,Control_202,16,P4,-55.30373,1.0,97
LOND,lond006,Control_202,16,P4,-55.30373,11.0,87
LOND,lond006,Control_202,16,C3,-25.76581,1.0,97
LOND,lond006,Control_202,16,C3,-25.76581,11.0,87
LOND,lond006,Control_202,16,C4,5.701598,1.0,97
LOND,lond006,Control_202,16,C4,5.701598,11.0,87
LOND,lond006,Control_202,16,P7,-44.07171,1.0,97
LOND,lond006,Control_202,16,P7,-44.07171,11.0,87
LOND,lond006,Control_202,16,P8,-32.30473,1.0,97
LOND,lond006,Control_202,16,P8,-32.30473,11.0,87
LOND,lond006,Control_202,16,O1,-50.42136,1.0,97
LOND,lond006,Control_202,16,O1,-50.42136,11.0,87
LOND,lond006,Control_202,16,O2,-42.85566,1.0,97
LOND,lond006,Control_202,16,O2,-42.85566,11.0,87
LOND,lond006,Violation_201,17,Pz,-2.594006,20.0,90
LOND,lond006,Violation_201,17,Pz,-2.594006,4.0,93
LOND,lond006,Violation_201,17,Cz,25.17138,20.0,90
LOND,lond006,Violation_201,17,Cz,25.17138,4.0,93
LOND,lond006,Violation_201,17,CP1,-29.49911,20.0,90
LOND,lond006,Violation_201,17,CP1,-29.49911,4.0,93
LOND,lond006,Violation_201,17,CP2,20.29915,20.0,90
LOND,lond006,Violation_201,17,CP2,20.29915,4.0,93
LOND,lond006,Violation_201,17,P3,-7.543648,20.0,90
LOND,lond006,Violation_201,17,P3,-7.543648,4.0,93
LOND,lond006,Violation_201,17,P4,-22.07797,20.0,90
LOND,lond006,Violation_201,17,P4,-22.07797,4.0,93
LOND,lond006,Violation_201,17,C3,3.017907,20.0,90
LOND,lond006,Violation_201,17,C3,3.017907,4.0,93
LOND,lond006,Violation_201,17,C4,-13.15089,20.0,90
LOND,lond006,Violation_201,17,C4,-13.15089,4.0,93
LOND,lond006,Violation_201,17,P7,2.41135,20.0,90
LOND,lond006,Violation_201,17,P7,2.41135,4.0,93
LOND,lond006,Violation_201,17,P8,18.8748,20.0,90
LOND,lond006,Violation_201,17,P8,18.8748,4.0,93
LOND,lond006,Violation_201,17,O1,19.49952,20.0,90
LOND,lond006,Violation_201,17,O1,19.49952,4.0,93
LOND,lond006,Violation_201,17,O2,-6.590086,20.0,90
LOND,lond006,Violation_201,17,O2,-6.590086,4.0,93
LOND,lond006,Violation_201,18,Pz,18.53378,8.0,97
LOND,lond006,Violation_201,18,Pz,18.53378,17.0,62
LOND,lond006,Violation_201,18,Cz,36.35513,8.0,97
LOND,lond006,Violation_201,18,Cz,36.35513,17.0,62
LOND,lond006,Violation_201,18,CP1,62.67517,8.0,97
LOND,lond006,Violation_201,18,CP1,62.67517,17.0,62
LOND,lond006,Violation_201,18,CP2,56.46951,8.0,97
LOND,lond006,Violation_201,18,CP2,56.46951,17.0,62
LOND,lond006,Violation_201,18,P3,5.029297,8.0,97
LOND,lond006,Violation_201,18,P3,5.029297,17.0,62
LOND,lond006,Violation_201,18,P4,9.623753,8.0,97
LOND,lond006,Violation_201,18,P4,9.623753,17.0,62
LOND,lond006,Violation_201,18,C3,16.30438,8.0,97
LOND,lond006,Violation_201,18,C3,16.30438,17.0,62
LOND,lond006,Violation_201,18,C4,53.70533,8.0,97
LOND,lond006,Violation_201,18,C4,53.70533,17.0,62
LOND,lond006,Violation_201,18,P7,1.651637,8.0,97
LOND,lond006,Violation_201,18,P7,1.651637,17.0,62
LOND,lond006,Violation_201,18,P8,-1.106753,8.0,97
LOND,lond006,Violation_201,18,P8,-1.106753,17.0,62
LOND,lond006,Violation_201,18,O1,6.434338,8.0,97
LOND,lond006,Violation_201,18,O1,6.434338,17.0,62
LOND,lond006,Violation_201,18,O2,9.199635,8.0,97
LOND,lond006,Violation_201,18,O2,9.199635,17.0,62
LOND,lond006,Violation_201,19,Pz,-18.54774,4.0,93
LOND,lond006,Violation_201,19,Pz,-18.54774,20.0,90
LOND,lond006,Violation_201,19,Cz,-39.7961,4.0,93
LOND,lond006,Violation_201,19,Cz,-39.7961,20.0,90
LOND,lond006,Violation_201,19,CP1,-29.02775,4.0,93
LOND,lond006,Violation_201,19,CP1,-29.02775,20.0,90
LOND,lond006,Violation_201,19,CP2,-32.71471,4.0,93
LOND,lond006,Violation_201,19,CP2,-32.71471,20.0,90
LOND,lond006,Violation_201,19,P3,20.12948,4.0,93
LOND,lond006,Violation_201,19,P3,20.12948,20.0,90
LOND,lond006,Violation_201,19,P4,39.55186,4.0,93
LOND,lond006,Violation_201,19,P4,39.55186,20.0,90
LOND,lond006,Violation_201,19,C3,-0.2870472,4.0,93
LOND,lond006,Violation_201,19,C3,-0.2870472,20.0,90
LOND,lond006,Violation_201,19,C4,-5.902552,4.0,93
LOND,lond006,Violation_201,19,C4,-5.902552,20.0,90
LOND,lond006,Violation_201,19,P7,-27.65959,4.0,93
LOND,lond006,Violation_201,19,P7,-27.65959,20.0,90
LOND,lond006,Violation_201,19,P8,-32.59256,4.0,93
LOND,lond006,Violation_201,19,P8,-32.59256,20.0,90
LOND,lond006,Violation_201,19,O1,-4.909008,4.0,93
LOND,lond006,Violation_201,19,O1,-4.909008,20.0,90
LOND,lond006,Violation_201,19,O2,-9.427006,4.0,93
LOND,lond006,Violation_201,19,O2,-9.427006,20.0,90
LOND,lond006,Violation_201,20,Pz,15.57689,10.0,80
LOND,lond006,Violation_201,20,Cz,13.54458,10.0,80
LOND,lond006,Violation_201,20,CP1,-5.840785,10.0,80
LOND,lond006,Violation_201,20,CP2,55.59495,10.0,80
LOND,lond006,Violation_201,20,P3,50.01557,10.0,80
LOND,lond006,Violation_201,20,P4,-4.109545,10.0,80
LOND,lond006,Violation_201,20,C3,23.17321,10.0,80
LOND,lond006,Violation_201,20,C4,10.34598,10.0,80
LOND,lond006,Violation_201,20,P7,29.97518,10.0,80
LOND,lond006,Violation_201,20,P8,21.71381,10.0,80
LOND,lond006,Violation_201,20,O1,39.56886,10.0,80
LOND,lond006,Violation_201,20,O2,32.06482,10.0,80
LOND,lond006,Control_202,21,Pz,-8.347665,38.0,93
LOND,lond006,Control_202,21,Pz,-8.347665,34.0,97
LOND,lond006,Control_202,21,Cz,-17.72832,38.0,93
LOND,lond006,Control_202,21,Cz,-17.72832,34.0,97
LOND,lond006,Control_202,21,CP1,1.291139,38.0,93
LOND,lond006,Control_202,21,CP1,1.291139,34.0,97
LOND,lond006,Control_202,21,CP2,-19.8067,38.0,93
LOND,lond006,Control_202,21,CP2,-19.8067,34.0,97
LOND,lond006,Control_202,21,P3,-21.02468,38.0,93
LOND,lond006,Control_202,21,P3,-21.02468,34.0,97
LOND,lond006,Control_202,21,P4,16.99323,38.0,93
LOND,lond006,Control_202,21,P4,16.99323,34.0,97
LOND,lond006,Control_202,21,C3,-23.4888,38.0,93
LOND,lond006,Control_202,21,C3,-23.4888,34.0,97
LOND,lond006,Control_202,21,C4,-10.20415,38.0,93
LOND,lond006,Control_202,21,C4,-10.20415,34.0,97
LOND,lond006,Control_202,21,P7,-23.73103,38.0,93
LOND,lond006,Control_202,21,P7,-23.73103,34.0,97
LOND,lond006,Control_202,21,P8,-16.36569,38.0,93
LOND,lond006,Control_202,21,P8,-16.36569,34.0,97
LOND,lond006,Control_202,21,O1,-21.87902,38.0,93
LOND,lond006,Control_202,21,O1,-21.87902,34.0,97
LOND,lond006,Control_202,21,O2,-26.11799,38.0,93
LOND,lond006,Control_202,21,O2,-26.11799,34.0,97
LOND,lond006,Control_202,22,Pz,-2.924693,30.0,90
LOND,lond006,Control_202,22,Pz,-2.924693,32.0,80
LOND,lond006,Control_202,22,Cz,34.52487,30.0,90
LOND,lond006,Control_202,22,Cz,34.52487,32.0,80
LOND,lond006,Control_202,22,CP1,-18.14296,30.0,90
LOND,lond006,Control_202,22,CP1,-18.14296,32.0,80
LOND,lond006,Control_202,22,CP2,33.59628,30.0,90
LOND,lond006,Control_202,22,CP2,33.59628,32.0,80
LOND,lond006,Control_202,22,P3,2.573773,30.0,90
LOND,lond006,Control_202,22,P3,2.573773,32.0,80
LOND,lond006,Control_202,22,P4,-27.37605,30.0,90
LOND,lond006,Control_202,22,P4,-27.37605,32.0,80
LOND,lond006,Control_202,22,C3,-10.66806,30.0,90
LOND,lond006,Control_202,22,C3,-10.66806,32.0,80
LOND,lond006,Control_202,22,C4,8.842355,30.0,90
LOND,lond006,Control_202,22,C4,8.842355,32.0,80
LOND,lond006,Control_202,22,P7,-20.34207,30.0,90
LOND,lond006,Control_202,22,P7,-20.34207,32.0,80
LOND,lond006,Control_202,22,P8,-10.38348,30.0,90
LOND,lond006,Control_202,22,P8,-10.38348,32.0,80
LOND,lond006,Control_202,22,O1,-9.102918,30.0,90
LOND,lond006,Control_202,22,O1,-9.102918,32.0,80
LOND,lond006,Control_202,22,O2,0.861326,30.0,90
LOND,lond006,Control_202,22,O2,0.861326,32.0,80
LOND,lond006,Control_202,23,Pz,2.326706,23.0,93
LOND,lond006,Control_202,23,Pz,2.326706,39.0,97
LOND,lond006,Control_202,23,Cz,0.7578101,23.0,93
LOND,lond006,Control_202,23,Cz,0.7578101,39.0,97
LOND,lond006,Control_202,23,CP1,-18.33479,23.0,93
LOND,lond006,Control_202,23,CP1,-18.33479,39.0,97
LOND,lond006,Control_202,23,CP2,12.4715,23.0,93
LOND,lond006,Control_202,23,CP2,12.4715,39.0,97
LOND,lond006,Control_202,23,P3,13.06837,23.0,93
LOND,lond006,Control_202,23,P3,13.06837,39.0,97
LOND,lond006,Control_202,23,P4,-19.09852,23.0,93
LOND,lond006,Control_202,23,P4,-19.09852,39.0,97
LOND,lond006,Control_202,23,C3,-11.93694,23.0,93
LOND,lond006,Control_202,23,C3,-11.93694,39.0,97
LOND,lond006,Control_202,23,C4,1.871387,23.0,93
LOND,lond006,Control_202,23,C4,1.871387,39.0,97
LOND,lond006,Control_202,23,P7,-7.351938,23.0,93
LOND,lond006,Control_202,23,P7,-7.351938,39.0,97
LOND,lond006,Control_202,23,P8,-10.33144,23.0,93
LOND,lond006,Control_202,23,P8,-10.33144,39.0,97
LOND,lond006,Control_202,23,O1,-2.211192,23.0,93
LOND,lond006,Control_202,23,O1,-2.211192,39.0,97
LOND,lond006,Control_202,23,O2,7.58975,23.0,93
LOND,lond006,Control_202,23,O2,7.58975,39.0,97
LOND,lond006,Violation_201,24,Pz,-21.57691,24.0,93
LOND,lond006,Violation_201,24,Pz,-21.57691,30.0,90
LOND,lond006,Violation_201,24,Cz,-16.48014,24.0,93
LOND,lond006,Violation_201,24,Cz,-16.48014,30.0,90
LOND,lond006,Violation_201,24,CP1,-31.27703,24.0,93
LOND,lond006,Violation_201,24,CP1,-31.27703,30.0,90
LOND,lond006,Violation_201,24,CP2,-11.88863,24.0,93
LOND,lond006,Violation_201,24,CP2,-11.88863,30.0,90
LOND,lond006,Violation_201,24,P3,-7.005937,24.0,93
LOND,lond006,Violation_201,24,P3,-7.005937,30.0,90
LOND,lond006,Violation_201,24,P4,-6.672156,24.0,93
LOND,lond006,Violation_201,24,P4,-6.672156,30.0,90
LOND,lond006,Violation_201,24,C3,-4.211928,24.0,93
LOND,lond006,Violation_201,24,C3,-4.211928,30.0,90
LOND,lond006,Violation_201,24,C4,-14.85611,24.0,93
LOND,lond006,Violation_201,24,C4,-14.85611,30.0,90
LOND,lond006,Violation_201,24,P7,-17.49779,24.0,93
LOND,lond006,Violation_201,24,P7,-17.49779,30.0,90
LOND,lond006,Violation_201,24,P8,-15.00872,24.0,93
LOND,lond006,Violation_201,24,P8,-15.00872,30.0,90
LOND,lond006,Violation_201,24,O1,-11.38742,24.0,93
LOND,lond006,Violation_201,24,O1,-11.38742,30.0,90
LOND,lond006,Violation_201,24,O2,-2.484198,24.0,93
LOND,lond006,Violation_201,24,O2,-2.484198,30.0,90
LOND,lond006,Control_202,25,Pz,-7.645375,31.0,77
LOND,lond006,Control_202,25,Pz,-7.645375,33.0,53
LOND,lond006,Control_202,25,Cz,15.29725,31.0,77
LOND,lond006,Control_202,25,Cz,15.29725,33.0,53
LOND,lond006,Control_202,25,CP1,15.06964,31.0,77
LOND,lond006,Control_202,25,CP1,15.06964,33.0,53
LOND,lond006,Control_202,25,CP2,24.5352,31.0,77
LOND,lond006,Control_202,25,CP2,24.5352,33.0,53
LOND,lond006,Control_202,25,P3,-38.13515,31.0,77
LOND,lond006,Control_202,25,P3,-38.13515,33.0,53
LOND,lond006,Control_202,25,P4,-26.85183,31.0,77
LOND,lond006,Control_202,25,P4,-26.85183,33.0,53
LOND,lond006,Control_202,25,C3,-6.106,31.0,77
LOND,lond006,Control_202,25,C3,-6.106,33.0,53
LOND,lond006,Control_202,25,C4,-4.293659,31.0,77
LOND,lond006,Control_202,25,C4,-4.293659,33.0,53
LOND,lond006,Control_202,25,P7,-27.92801,31.0,77
LOND,lond006,Control_202,25,P7,-27.92801,33.0,53
LOND,lond006,Control_202,25,P8,-17.52218,31.0,77
LOND,lond006,Control_202,25,P8,-17.52218,33.0,53
LOND,lond006,Control_202,25,O1,-11.57701,31.0,77
LOND,lond006,Control_202,25,O1,-11.57701,33.0,53
LOND,lond006,Control_202,25,O2,2.158784,31.0,77
LOND,lond006,Control_202,25,O2,2.158784,33.0,53
LOND,lond006,Control_202,26,Pz,-2.926708,35.0,97
LOND,lond006,Control_202,26,Pz,-2.926708,29.0,90
LOND,lond006,Control_202,26,Cz,29.09465,35.0,97
LOND,lond006,Control_202,26,Cz,29.09465,29.0,90
LOND,lond006,Control_202,26,CP1,-11.76944,35.0,97
LOND,lond006,Control_202,26,CP1,-11.76944,29.0,90
LOND,lond006,Control_202,26,CP2,5.583428,35.0,97
LOND,lond006,Control_202,26,CP2,5.583428,29.0,90
LOND,lond006,Control_202,26,P3,22.55239,35.0,97
LOND,lond006,Control_202,26,P3,22.55239,29.0,90
LOND,lond006,Control_202,26,P4,-20.51706,35.0,97
LOND,lond006,Control_202,26,P4,-20.51706,29.0,90
LOND,lond006,Control_202,26,C3,-2.527061,35.0,97
LOND,lond006,Control_202,26,C3,-2.527061,29.0,90
LOND,lond006,Control_202,26,C4,-18.44576,35.0,97
LOND,lond006,Control_202,26,C4,-18.44576,29.0,90
LOND,lond006,Control_202,26,P7,-6.635261,35.0,97
LOND,lond006,Control_202,26,P7,-6.635261,29.0,90
LOND,lond006,Control_202,26,P8,-20.64468,35.0,97
LOND,lond006,Control_202,26,P8,-20.64468,29.0,90
LOND,lond006,Control_202,26,O1,-16.34517,35.0,97
LOND,lond006,Control_202,26,O1,-16.34517,29.0,90
LOND,lond006,Control_202,26,O2,-19.89882,35.0,97
LOND,lond006,Control_202,26,O2,-19.89882,29.0,90
LOND,lond006,Violation_201,27,Pz,0.5266616,28.0,27
LOND,lond006,Violation_201,27,Pz,0.5266616,21.0,77
LOND,lond006,Violation_201,27,Cz,-18.9787,28.0,27
LOND,lond006,Violation_201,27,Cz,-18.9787,21.0,77
LOND,lond006,Violation_201,27,CP1,-5.65533,28.0,27
LOND,lond006,Violation_201,27,CP1,-5.65533,21.0,77
LOND,lond006,Violation_201,27,CP2,-0.6422025,28.0,27
LOND,lond006,Violation_201,27,CP2,-0.6422025,21.0,77
LOND,lond006,Violation_201,27,P3,-8.857139,28.0,27
LOND,lond006,Violation_201,27,P3,-8.857139,21.0,77
LOND,lond006,Violation_201,27,P4,30.2815,28.0,27
LOND,lond006,Violation_201,27,P4,30.2815,21.0,77
LOND,lond006,Violation_201,27,C3,-10.92704,28.0,27
LOND,lond006,Violation_201,27,C3,-10.92704,21.0,77
LOND,lond006,Violation_201,27,C4,-8.002224,28.0,27
LOND,lond006,Violation_201,27,C4,-8.002224,21.0,77
LOND,lond006,Violation_201,27,P7,0.82411,28.0,27
LOND,lond006,Violation_201,27,P7,0.82411,21.0,77
LOND,lond006,Violation_201,27,P8,11.19617,28.0,27
LOND,lond006,Violation_201,27,P8,11.19617,21.0,77
LOND,lond006,Violation_201,27,O1,-2.994328,28.0,27
LOND,lond006,Violation_201,27,O1,-2.994328,21.0,77
LOND,lond006,Violation_201,27,O2,20.0168,28.0,27
LOND,lond006,Violation_201,27,O2,20.0168,21.0,77
LOND,lond006,Violation_201,28,Pz,-0.5164857,34.0,97
LOND,lond006,Violation_201,28,Pz,-0.5164857,38.0,93
LOND,lond006,Violation_201,28,Cz,-14.30785,34.0,97
LOND,lond006,Violation_201,28,Cz,-14.30785,38.0,93
LOND,lond006,Violation_201,28,CP1,-17.80314,34.0,97
LOND,lond006,Violation_201,28,CP1,-17.80314,38.0,93
LOND,lond006,Violation_201,28,CP2,-15.29665,34.0,97
LOND,lond006,Violation_201,28,CP2,-15.29665,38.0,93
LOND,lond006,Violation_201,28,P3,10.33998,34.0,97
LOND,lond006,Violation_201,28,P3,10.33998,38.0,93
LOND,lond006,Violation_201,28,P4,1.721093,34.0,97
LOND,lond006,Violation_201,28,P4,1.721093,38.0,93
LOND,lond006,Violation_201,28,C3,4.278969,34.0,97
LOND,lond006,Violation_201,28,C3,4.278969,38.0,93
LOND,lond006,Violation_201,28,C4,-13.09576,34.0,97
LOND,lond006,Violation_201,28,C4,-13.09576,38.0,93
LOND,lond006,Violation_201,28,P7,17.51223,34.0,97
LOND,lond006,Violation_201,28,P7,17.51223,38.0,93
LOND,lond006,Violation_201,28,P8,16.29976,34.0,97
LOND,lond006,Violation_201,28,P8,16.29976,38.0,93
LOND,lond006,Violation_201,28,O1,23.42366,34.0,97
LOND,lond006,Violation_201,28,O1,23.42366,38.0,93
LOND,lond006,Violation_201,28,O2,-6.834151,34.0,97
LOND,lond006,Violation_201,28,O2,-6.834151,38.0,93
LOND,lond006,Violation_201,29,Pz,18.51946,39.0,97
LOND,lond006,Violation_201,29,Pz,18.51946,25.0,97
LOND,lond006,Violation_201,29,Cz,0.6667755,39.0,97
LOND,lond006,Violation_201,29,Cz,0.6667755,25.0,97
LOND,lond006,Violation_201,29,CP1,32.4385,39.0,97
LOND,lond006,Violation_201,29,CP1,32.4385,25.0,97
LOND,lond006,Violation_201,29,CP2,7.794961,39.0,97
LOND,lond006,Violation_201,29,CP2,7.794961,25.0,97
LOND,lond006,Violation_201,29,P3,11.86962,39.0,97
LOND,lond006,Violation_201,29,P3,11.86962,25.0,97
LOND,lond006,Violation_201,29,P4,35.0003,39.0,97
LOND,lond006,Violation_201,29,P4,35.0003,25.0,97
LOND,lond006,Violation_201,29,C3,17.25345,39.0,97
LOND,lond006,Violation_201,29,C3,17.25345,25.0,97
LOND,lond006,Violation_201,29,C4,42.729,39.0,97
LOND,lond006,Violation_201,29,C4,42.729,25.0,97
LOND,lond006,Violation_201,29,P7,3.791066,39.0,97
LOND,lond006,Violation_201,29,P7,3.791066,25.0,97
LOND,lond006,Violation_201,29,P8,-2.668069,39.0,97
LOND,lond006,Violation_201,29,P8,-2.668069,25.0,97
LOND,lond006,Violation_201,29,O1,15.07563,39.0,97
LOND,lond006,Violation_201,29,O1,15.07563,25.0,97
LOND,lond006,Violation_201,29,O2,-10.54205,39.0,97
LOND,lond006,Violation_201,29,O2,-10.54205,25.0,97
LOND,lond006,Violation_201,30,Pz,5.965019,32.0,80
LOND,lond006,Violation_201,30,Pz,5.965019,24.0,93
LOND,lond006,Violation_201,30,Cz,27.34284,32.0,80
LOND,lond006,Violation_201,30,Cz,27.34284,24.0,93
LOND,lond006,Violation_201,30,CP1,-2.663934,32.0,80
LOND,lond006,Violation_201,30,CP1,-2.663934,24.0,93
LOND,lond006,Violation_201,30,CP2,56.09816,32.0,80
LOND,lond006,Violation_201,30,CP2,56.09816,24.0,93
LOND,lond006,Violation_201,30,P3,-18.79939,32.0,80
LOND,lond006,Violation_201,30,P3,-18.79939,24.0,93
LOND,lond006,Violation_201,30,P4,-12.40309,32.0,80
LOND,lond006,Violation_201,30,P4,-12.40309,24.0,93
LOND,lond006,Violation_201,30,C3,8.444701,32.0,80
LOND,lond006,Violation_201,30,C3,8.444701,24.0,93
LOND,lond006,Violation_201,30,C4,22.2361,32.0,80
LOND,lond006,Violation_201,30,C4,22.2361,24.0,93
LOND,lond006,Violation_201,30,P7,1.352777,32.0,80
LOND,lond006,Violation_201,30,P7,1.352777,24.0,93
LOND,lond006,Violation_201,30,P8,1.628049,32.0,80
LOND,lond006,Violation_201,30,P8,1.628049,24.0,93
LOND,lond006,Violation_201,30,O1,3.148474,32.0,80
LOND,lond006,Violation_201,30,O1,3.148474,24.0,93
LOND,lond006,Violation_201,30,O2,5.328123,32.0,80
LOND,lond006,Violation_201,30,O2,5.328123,24.0,93
LOND,lond006,Violation_201,31,Pz,-16.55211,26.0,87
LOND,lond006,Violation_201,31,Pz,-16.55211,23.0,93
LOND,lond006,Violation_201,31,Cz,-37.9935,26.0,87
LOND,lond006,Violation_201,31,Cz,-37.9935,23.0,93
LOND,lond006,Violation_201,31,CP1,-2.415924,26.0,87
LOND,lond006,Violation_201,31,CP1,-2.415924,23.0,93
LOND,lond006,Violation_201,31,CP2,-22.34558,26.0,87
LOND,lond006,Violation_201,31,CP2,-22.34558,23.0,93
LOND,lond006,Violation_201,31,P3,-8.759719,26.0,87
LOND,lond006,Violation_201,31,P3,-8.759719,23.0,93
LOND,lond006,Violation_201,31,P4,-7.557543,26.0,87
LOND,lond006,Violation_201,31,P4,-7.557543,23.0,93
LOND,lond006,Violation_201,31,C3,5.814085,26.0,87
LOND,lond006,Violation_201,31,C3,5.814085,23.0,93
LOND,lond006,Violation_201,31,C4,6.074283,26.0,87
LOND,lond006,Violation_201,31,C4,6.074283,23.0,93
LOND,lond006,Violation_201,31,P7,-28.80944,26.0,87
LOND,lond006,Violation_201,31,P7,-28.80944,23.0,93
LOND,lond006,Violation_201,31,P8,-8.843547,26.0,87
LOND,lond006,Violation_201,31,P8,-8.843547,23.0,93
LOND,lond006,Violation_201,31,O1,8.769155,26.0,87
LOND,lond006,Violation_201,31,O1,8.769155,23.0,93
LOND,lond006,Violation_201,31,O2,4.606342,26.0,87
LOND,lond006,Violation_201,31,O2,4.606342,23.0,93
LOND,lond006,Control_202,32,Pz,16.96381,33.0,53
LOND,lond006,Control_202,32,Pz,16.96381,37.0,80
LOND,lond006,Control_202,32,Cz,0.2528991,33.0,53
LOND,lond006,Control_202,32,Cz,0.2528991,37.0,80
LOND,lond006,Control_202,32,CP1,47.00139,33.0,53
LOND,lond006,Control_202,32,CP1,47.00139,37.0,80
LOND,lond006,Control_202,32,CP2,2.715437,33.0,53
LOND,lond006,Control_202,32,CP2,2.715437,37.0,80
LOND,lond006,Control_202,32,P3,29.3376,33.0,53
LOND,lond006,Control_202,32,P3,29.3376,37.0,80
LOND,lond006,Control_202,32,P4,36.82506,33.0,53
LOND,lond006,Control_202,32,P4,36.82506,37.0,80
LOND,lond006,Control_202,32,C3,39.28144,33.0,53
LOND,lond006,Control_202,32,C3,39.28144,37.0,80
LOND,lond006,Control_202,32,C4,41.70816,33.0,53
LOND,lond006,Control_202,32,C4,41.70816,37.0,80
LOND,lond006,Control_202,32,P7,26.36854,33.0,53
LOND,lond006,Control_202,32,P7,26.36854,37.0,80
LOND,lond006,Control_202,32,P8,5.963611,33.0,53
LOND,lond006,Control_202,32,P8,5.963611,37.0,80
LOND,lond006,Control_202,32,O1,-0.9104429,33.0,53
LOND,lond006,Control_202,32,O1,-0.9104429,37.0,80
LOND,lond006,Control_202,32,O2,8.033933,33.0,53
LOND,lond006,Control_202,32,O2,8.033933,37.0,80
LOND,lond006,Control_202,33,Pz,13.92311,21.0,77
LOND,lond006,Control_202,33,Pz,13.92311,28.0,27
LOND,lond006,Control_202,33,Cz,-14.41062,21.0,77
LOND,lond006,Control_202,33,Cz,-14.41062,28.0,27
LOND,lond006,Control_202,33,CP1,43.57053,21.0,77
LOND,lond006,Control_202,33,CP1,43.57053,28.0,27
LOND,lond006,Control_202,33,CP2,-8.841087,21.0,77
LOND,lond006,Control_202,33,CP2,-8.841087,28.0,27
LOND,lond006,Control_202,33,P3,22.68248,21.0,77
LOND,lond006,Control_202,33,P3,22.68248,28.0,27
LOND,lond006,Control_202,33,P4,37.77765,21.0,77
LOND,lond006,Control_202,33,P4,37.77765,28.0,27
LOND,lond006,Control_202,33,C3,32.98531,21.0,77
LOND,lond006,Control_202,33,C3,32.98531,28.0,27
LOND,lond006,Control_202,33,C4,30.911,21.0,77
LOND,lond006,Control_202,33,C4,30.911,28.0,27
LOND,lond006,Control_202,33,P7,-8.226742,21.0,77
LOND,lond006,Control_202,33,P7,-8.226742,28.0,27
LOND,lond006,Control_202,33,P8,-11.68298,21.0,77
LOND,lond006,Control_202,33,P8,-11.68298,28.0,27
LOND,lond006,Control_202,33,O1,-1.077181,21.0,77
LOND,lond006,Control_202,33,O1,-1.077181,28.0,27
LOND,lond006,Control_202,33,O2,-0.2983777,21.0,77
LOND,lond006,Control_202,33,O2,-0.2983777,28.0,27
LOND,lond006,Control_202,34,Pz,17.70938,29.0,90
LOND,lond006,Control_202,34,Pz,17.70938,36.0,77
LOND,lond006,Control_202,34,Cz,22.45679,29.0,90
LOND,lond006,Control_202,34,Cz,22.45679,36.0,77
LOND,lond006,Control_202,34,CP1,-8.15083,29.0,90
LOND,lond006,Control_202,34,CP1,-8.15083,36.0,77
LOND,lond006,Control_202,34,CP2,8.913084,29.0,90
LOND,lond006,Control_202,34,CP2,8.913084,36.0,77
LOND,lond006,Control_202,34,P3,39.29173,29.0,90
LOND,lond006,Control_202,34,P3,39.29173,36.0,77
LOND,lond006,Control_202,34,P4,8.411749,29.0,90
LOND,lond006,Control_202,34,P4,8.411749,36.0,77
LOND,lond006,Control_202,34,C3,20.13491,29.0,90
LOND,lond006,Control_202,34,C3,20.13491,36.0,77
LOND,lond006,Control_202,34,C4,26.27377,29.0,90
LOND,lond006,Control_202,34,C4,26.27377,36.0,77
LOND,lond006,Control_202,34,P7,-2.65012,29.0,90
LOND,lond006,Control_202,34,P7,-2.65012,36.0,77
LOND,lond006,Control_202,34,P8,8.062304,29.0,90
LOND,lond006,Control_202,34,P8,8.062304,36.0,77
LOND,lond006,Control_202,34,O1,45.93909,29.0,90
LOND,lond006,Control_202,34,O1,45.93909,36.0,77
LOND,lond006,Control_202,34,O2,35.61785,29.0,90
LOND,lond006,Control_202,34,O2,35.61785,36.0,77
LOND,lond006,Control_202,35,Pz,-15.18032,27.0,97
LOND,lond006,Control_202,35,Pz,-15.18032,22.0,53
LOND,lond006,Control_202,35,Cz,-4.163316,27.0,97
LOND,lond006,Control_202,35,Cz,-4.163316,22.0,53
LOND,lond006,Control_202,35,CP1,-36.999,27.0,97
LOND,lond006,Control_202,35,CP1,-36.999,22.0,53
LOND,lond006,Control_202,35,CP2,19.67099,27.0,97
LOND,lond006,Control_202,35,CP2,19.67099,22.0,53
LOND,lond006,Control_202,35,P3,12.47195,27.0,97
LOND,lond006,Control_202,35,P3,12.47195,22.0,53
LOND,lond006,Control_202,35,P4,-17.40915,27.0,97
LOND,lond006,Control_202,35,P4,-17.40915,22.0,53
LOND,lond006,Control_202,35,C3,9.891519,27.0,97
LOND,lond006,Control_202,35,C3,9.891519,22.0,53
LOND,lond006,Control_202,35,C4,-18.69357,27.0,97
LOND,lond006,Control_202,35,C4,-18.69357,22.0,53
LOND,lond006,Control_202,35,P7,-17.67346,27.0,97
LOND,lond006,Control_202,35,P7,-17.67346,22.0,53
LOND,lond006,Control_202,35,P8,-21.23584,27.0,97
LOND,lond006,Control_202,35,P8,-21.23584,22.0,53
LOND,lond006,Control_202,35,O1,-0.232192,27.0,97
LOND,lond006,Control_202,35,O1,-0.232192,22.0,53
LOND,lond006,Control_202,35,O2,-9.369847,27.0,97
LOND,lond006,Control_202,35,O2,-9.369847,22.0,53
LOND,lond006,Violation_201,36,Pz,-9.25024,25.0,97
LOND,lond006,Violation_201,36,Pz,-9.25024,35.0,97
LOND,lond006,Violation_201,36,Cz,-15.65687,25.0,97
LOND,lond006,Violation_201,36,Cz,-15.65687,35.0,97
LOND,lond006,Violation_201,36,CP1,10.89574,25.0,97
LOND,lond006,Violation_201,36,CP1,10.89574,35.0,97
LOND,lond006,Violation_201,36,CP2,-24.38091,25.0,97
LOND,lond006,Violation_201,36,CP2,-24.38091,35.0,97
LOND,lond006,Violation_201,36,P3,15.71557,25.0,97
LOND,lond006,Violation_201,36,P3,15.71557,35.0,97
LOND,lond006,Violation_201,36,P4,-7.45013,25.0,97
LOND,lond006,Violation_201,36,P4,-7.45013,35.0,97
LOND,lond006,Violation_201,36,C3,9.046756,25.0,97
LOND,lond006,Violation_201,36,C3,9.046756,35.0,97
LOND,lond006,Violation_201,36,C4,-11.57947,25.0,97
LOND,lond006,Violation_201,36,C4,-11.57947,35.0,97
LOND,lond006,Violation_201,36,P7,-15.56373,25.0,97
LOND,lond006,Violation_201,36,P7,-15.56373,35.0,97
LOND,lond006,Violation_201,36,P8,-21.26956,25.0,97
LOND,lond006,Violation_201,36,P8,-21.26956,35.0,97
LOND,lond006,Violation_201,36,O1,-3.493001,25.0,97
LOND,lond006,Violation_201,36,O1,-3.493001,35.0,97
LOND,lond006,Violation_201,36,O2,-27.75985,25.0,97
LOND,lond006,Violation_201,36,O2,-27.75985,35.0,97
LOND,lond006,Control_202,37,Pz,14.66928,22.0,53
LOND,lond006,Control_202,37,Pz,14.66928,40.0,93
LOND,lond006,Control_202,37,Cz,-11.37048,22.0,53
LOND,lond006,Control_202,37,Cz,-11.37048,40.0,93
LOND,lond006,Control_202,37,CP1,-0.4023339,22.0,53
LOND,lond006,Control_202,37,CP1,-0.4023339,40.0,93
LOND,lond006,Control_202,37,CP2,1.85578,22.0,53
LOND,lond006,Control_202,37,CP2,1.85578,40.0,93
LOND,lond006,Control_202,37,P3,8.707242,22.0,53
LOND,lond006,Control_202,37,P3,8.707242,40.0,93
LOND,lond006,Control_202,37,P4,36.41898,22.0,53
LOND,lond006,Control_202,37,P4,36.41898,40.0,93
LOND,lond006,Control_202,37,C3,24.6017,22.0,53
LOND,lond006,Control_202,37,C3,24.6017,40.0,93
LOND,lond006,Control_202,37,C4,20.95061,22.0,53
LOND,lond006,Control_202,37,C4,20.95061,40.0,93
LOND,lond006,Control_202,37,P7,-20.72021,22.0,53
LOND,lond006,Control_202,37,P7,-20.72021,40.0,93
LOND,lond006,Control_202,37,P8,13.63599,22.0,53
LOND,lond006,Control_202,37,P8,13.63599,40.0,93
LOND,lond006,Control_202,37,O1,15.11452,22.0,53
LOND,lond006,Control_202,37,O1,15.11452,40.0,93
LOND,lond006,Control_202,37,O2,29.32117,22.0,53
LOND,lond006,Control_202,37,O2,29.32117,40.0,93
LOND,lond006,Violation_201,38,Pz,-0.656604,40.0,93
LOND,lond006,Violation_201,38,Pz,-0.656604,26.0,87
LOND,lond006,Violation_201,38,Cz,11.32292,40.0,93
LOND,lond006,Violation_201,38,Cz,11.32292,26.0,87
LOND,lond006,Violation_201,38,CP1,-21.67951,40.0,93
LOND,lond006,Violation_201,38,CP1,-21.67951,26.0,87
LOND,lond006,Violation_201,38,CP2,-1.159273,40.0,93
LOND,lond006,Violation_201,38,CP2,-1.159273,26.0,87
LOND,lond006,Violation_201,38,P3,-12.00606,40.0,93
LOND,lond006,Violation_201,38,P3,-12.00606,26.0,87
LOND,lond006,Violation_201,38,P4,35.54391,40.0,93
LOND,lond006,Violation_201,38,P4,35.54391,26.0,87
LOND,lond006,Violation_201,38,C3,12.7953,40.0,93
LOND,lond006,Violation_201,38,C3,12.7953,26.0,87
LOND,lond006,Violation_201,38,C4,-10.37256,40.0,93
LOND,lond006,Violation_201,38,C4,-10.37256,26.0,87
LOND,lond006,Violation_201,38,P7,8.030578,40.0,93
LOND,lond006,Violation_201,38,P7,8.030578,26.0,87
LOND,lond006,Violation_201,38,P8,8.019422,40.0,93
LOND,lond006,Violation_201,38,P8,8.019422,26.0,87
LOND,lond006,Violation_201,38,O1,19.40924,40.0,93
LOND,lond006,Violation_201,38,O1,19.40924,26.0,87
LOND,lond006,Violation_201,38,O2,-22.42648,40.0,93
LOND,lond006,Violation_201,38,O2,-22.42648,26.0,87
LOND,lond008,Violation_201,1,Pz,3.602102,10.0,80
LOND,lond008,Violation_201,1,Cz,1.209483,10.0,80
LOND,lond008,Violation_201,1,CP1,0.836009,10.0,80
LOND,lond008,Violation_201,1,CP2,3.522185,10.0,80
LOND,lond008,Violation_201,1,P3,8.093019,10.0,80
LOND,lond008,Violation_201,1,P4,1.230372,10.0,80
LOND,lond008,Violation_201,1,C3,5.935147,10.0,80
LOND,lond008,Violation_201,1,C4,6.727552,10.0,80
LOND,lond008,Violation_201,1,P7,10.39577,10.0,80
LOND,lond008,Violation_201,1,P8,-1.356093,10.0,80
LOND,lond008,Violation_201,1,O1,-1.177382,10.0,80
LOND,lond008,Violation_201,1,O2,-5.091521,10.0,80
LOND,lond008,Control_202,2,Pz,1.496215,13.0,97
LOND,lond008,Control_202,2,Cz,4.754014,13.0,97
LOND,lond008,Control_202,2,CP1,5.073481,13.0,97
LOND,lond008,Control_202,2,CP2,-0.2085596,13.0,97
LOND,lond008,Control_202,2,P3,3.436307,13.0,97
LOND,lond008,Control_202,2,P4,-1.87411,13.0,97
LOND,lond008,Control_202,2,C3,9.096601,13.0,97
LOND,lond008,Control_202,2,C4,1.200994,13.0,97
LOND,lond008,Control_202,2,P7,0.5899928,13.0,97
LOND,lond008,Control_202,2,P8,-4.897264,13.0,97
LOND,lond008,Control_202,2,O1,-4.251529,13.0,97
LOND,lond008,Control_202,2,O2,-0.05316295,13.0,97
LOND,lond008,Control_202,3,Pz,6.641584,20.0,90
LOND,lond008,Control_202,3,Cz,9.409321,20.0,90
LOND,lond008,Control_202,3,CP1,4.422706,20.0,90
LOND,lond008,Control_202,3,CP2,8.34901,20.0,90
LOND,lond008,Control_202,3,P3,-1.026886,20.0,90
LOND,lond008,Control_202,3,P4,2.563667,20.0,90
LOND,lond008,Control_202,3,C3,8.272246,20.0,90
LOND,lond008,Control_202,3,C4,8.556808,20.0,90
LOND,lond008,Control_202,3,P7,1.129475,20.0,90
LOND,lond008,Control_202,3,P8,6.537198,20.0,90
LOND,lond008,Control_202,3,O1,3.800443,20.0,90
LOND,lond008,Control_202,3,O2,-2.006436,20.0,90
LOND,lond008,Violation_201,4,Pz,10.54737,6.0,100
LOND,lond008,Violation_201,4,Cz,8.785432,6.0,100
LOND,lond008,Violation_201,4,CP1,18.27027,6.0,100
LOND,lond008,Violation_201,4,CP2,5.738245,6.0,100
LOND,lond008,Violation_201,4,P3,13.62858,6.0,100
LOND,lond008,Violation_201,4,P4,4.918024,6.0,100
LOND,lond008,Violation_201,4,C3,13.66298,6.0,100
LOND,lond008,Violation_201,4,C4,-1.990279,6.0,100
LOND,lond008,Violation_201,4,P7,20.61136,6.0,100
LOND,lond008,Violation_201,4,P8,3.519912,6.0,100
LOND,lond008,Violation_201,4,O1,11.20713,6.0,100
LOND,lond008,Violation_201,4,O2,8.97784,6.0,100
LOND,lond008,Control_202,5,Pz,-4.409008,7.0,80
LOND,lond008,Control_202,5,Cz,1.941199,7.0,80
LOND,lond008,Control_202,5,CP1,2.44408,7.0,80
LOND,lond008,Control_202,5,CP2,-0.9564379,7.0,80
LOND,lond008,Control_202,5,P3,-5.860675,7.0,80
LOND,lond008,Control_202,5,P4,-8.894193,7.0,80
LOND,lond008,Control_202,5,C3,-0.06516664,7.0,80
LOND,lond008,Control_202,5,C4,2.006349,7.0,80
LOND,lond008,Control_202,5,P7,-17.01381,7.0,80
LOND,lond008,Control_202,5,P8,-15.85983,7.0,80
LOND,lond008,Control_202,5,O1,-9.812675,7.0,80
LOND,lond008,Control_202,5,O2,-9.715779,7.0,80
LOND,lond008,Control_202,6,Pz,-0.8036401,9.0,93
LOND,lond008,Control_202,6,Cz,1.570788,9.0,93
LOND,lond008,Control_202,6,CP1,2.079819,9.0,93
LOND,lond008,Control_202,6,CP2,4.275932,9.0,93
LOND,lond008,Control_202,6,P3,-4.505196,9.0,93
LOND,lond008,Control_202,6,P4,2.96998,9.0,93
LOND,lond008,Control_202,6,C3,-1.923077,9.0,93
LOND,lond008,Control_202,6,C4,6.532155,9.0,93
LOND,lond008,Control_202,6,P7,-8.860448,9.0,93
LOND,lond008,Control_202,6,P8,0.1820727,9.0,93
LOND,lond008,Control_202,6,O1,-2.330725,9.0,93
LOND,lond008,Control_202,6,O2,2.098671,9.0,93
LOND,lond008,Violation_201,7,Pz,1.104092,14.0,90
LOND,lond008,Violation_201,7,Cz,-3.631753,14.0,90
LOND,lond008,Violation_201,7,CP1,4.878747,14.0,90
LOND,lond008,Violation_201,7,CP2,2.00144,14.0,90
LOND,lond008,Violation_201,7,P3,1.856504,14.0,90
LOND,lond008,Violation_201,7,P4,3.087841,14.0,90
LOND,lond008,Violation_201,7,C3,1.900701,14.0,90
LOND,lond008,Violation_201,7,C4,3.085732,14.0,90
LOND,lond008,Violation_201,7,P7,9.533287,14.0,90
LOND,lond008,Violation_201,7,P8,-1.757849,14.0,90
LOND,lond008,Violation_201,7,O1,-0.2337107,14.0,90
LOND,lond008,Violation_201,7,O2,0.8978586,14.0,90
LOND,lond008,Violation_201,8,Pz,0.5962576,5.0,93
LOND,lond008,Violation_201,8,Cz,-4.950292,5.0,93
LOND,lond008,Violation_201,8,CP1,-2.631802,5.0,93
LOND,lond008,Violation_201,8,CP2,-4.001755,5.0,93
LOND,lond008,Violation_201,8,P3,2.511363,5.0,93
LOND,lond008,Violation_201,8,P4,1.645228,5.0,93
LOND,lond008,Violation_201,8,C3,-5.450424,5.0,93
LOND,lond008,Violation_201,8,C4,-5.91014,5.0,93
LOND,lond008,Violation_201,8,P7,7.066359,5.0,93
LOND,lond008,Violation_201,8,P8,1.196423,5.0,93
LOND,lond008,Violation_201,8,O1,5.591643,5.0,93
LOND,lond008,Violation_201,8,O2,-3.06062,5.0,93
LOND,lond008,Control_202,9,Pz,10.51243,19.0,100
LOND,lond008,Control_202,9,Cz,11.41341,19.0,100
LOND,lond008,Control_202,9,CP1,7.543216,19.0,100
LOND,lond008,Control_202,9,CP2,10.67803,19.0,100
LOND,lond008,Control_202,9,P3,5.428959,19.0,100
LOND,lond008,Control_202,9,P4,9.787047,19.0,100
LOND,lond008,Control_202,9,C3,5.564247,19.0,100
LOND,lond008,Control_202,9,C4,8.143996,19.0,100
LOND,lond008,Control_202,9,P7,4.800431,19.0,100
LOND,lond008,Control_202,9,P8,8.512057,19.0,100
LOND,lond008,Control_202,9,O1,4.155377,19.0,100
LOND,lond008,Control_202,9,O2,10.2399,19.0,100
LOND,lond008,Violation_201,10,Pz,-11.5469,4.0,93
LOND,lond008,Violation_201,10,Cz,-13.43189,4.0,93
LOND,lond008,Violation_201,10,CP1,-11.93601,4.0,93
LOND,lond008,Violation_201,10,CP2,-16.55687,4.0,93
LOND,lond008,Violation_201,10,P3,-5.986474,4.0,93
LOND,lond008,Violation_201,10,P4,-12.79668,4.0,93
LOND,lond008,Violation_201,10,C3,-11.3325,4.0,93
LOND,lond008,Violation_201,10,C4,-19.61026,4.0,93
LOND,lond008,Violation_201,10,P7,-4.207169,4.0,93
LOND,lond008,Violation_201,10,P8,-7.87728,4.0,93
LOND,lond008,Violation_201,10,O1,6.00784,4.0,93
LOND,lond008,Violation_201,10,O2,-0.9709938,4.0,93
LOND,lond008,Violation_201,11,Pz,-7.322777,1.0,97
LOND,lond008,Violation_201,11,Cz,1.1934,1.0,97
LOND,lond008,Violation_201,11,CP1,-1.333109,1.0,97
LOND,lond008,Violation_201,11,CP2,-3.231627,1.0,97
LOND,lond008,Violation_201,11,P3,-6.1503,1.0,97
LOND,lond008,Violation_201,11,P4,-5.801922,1.0,97
LOND,lond008,Violation_201,11,C3,1.013453,1.0,97
LOND,lond008,Violation_201,11,C4,-3.774322,1.0,97
LOND,lond008,Violation_201,11,P7,-9.976109,1.0,97
LOND,lond008,Violation_201,11,P8,-3.20691,1.0,97
LOND,lond008,Violation_201,11,O1,-14.70418,1.0,97
LOND,lond008,Violation_201,11,O2,-12.45466,1.0,97
LOND,lond008,Violation_201,12,Pz,-0.06795648,15.0,90
LOND,lond008,Violation_201,12,Cz,4.86377,15.0,90
LOND,lond008,Violation_201,12,CP1,0.07432833,15.0,90
LOND,lond008,Violation_201,12,CP2,-1.467301,15.0,90
LOND,lond008,Violation_201,12,P3,3.356694,15.0,90
LOND,lond008,Violation_201,12,P4,-3.94302,15.0,90
LOND,lond008,Violation_201,12,C3,3.128194,15.0,90
LOND,lond008,Violation_201,12,C4,-0.4509174,15.0,90
LOND,lond008,Violation_201,12,P7,8.374416,15.0,90
LOND,lond008,Violation_201,12,P8,0.9781517,15.0,90
LOND,lond008,Violation_201,12,O1,3.951675,15.0,90
LOND,lond008,Violation_201,12,O2,-3.209168,15.0,90
LOND,lond008,Control_202,13,Pz,8.104842,11.0,87
LOND,lond008,Control_202,13,Cz,12.23857,11.0,87
LOND,lond008,Control_202,13,CP1,2.257913,11.0,87
LOND,lond008,Control_202,13,CP2,9.072725,11.0,87
LOND,lond008,Control_202,13,P3,5.086837,11.0,87
LOND,lond008,Control_202,13,P4,4.927686,11.0,87
LOND,lond008,Control_202,13,C3,3.21032,11.0,87
LOND,lond008,Control_202,13,C4,5.599286,11.0,87
LOND,lond008,Control_202,13,P7,3.514838,11.0,87
LOND,lond008,Control_202,13,P8,4.312817,11.0,87
LOND,lond008,Control_202,13,O1,8.692152,11.0,87
LOND,lond008,Control_202,13,O2,10.20928,11.0,87
LOND,lond008,Violation_201,14,Pz,11.50798,16.0,93
LOND,lond008,Violation_201,14,Cz,6.766111,16.0,93
LOND,lond008,Violation_201,14,CP1,7.334716,16.0,93
LOND,lond008,Violation_201,14,CP2,7.495947,16.0,93
LOND,lond008,Violation_201,14,P3,19.34898,16.0,93
LOND,lond008,Violation_201,14,P4,10.96675,16.0,93
LOND,lond008,Violation_201,14,C3,12.7668,16.0,93
LOND,lond008,Violation_201,14,C4,6.886297,16.0,93
LOND,lond008,Violation_201,14,P7,10.31311,16.0,93
LOND,lond008,Violation_201,14,P8,6.332947,16.0,93
LOND,lond008,Violation_201,14,O1,9.549893,16.0,93
LOND,lond008,Violation_201,14,O2,-3.560283,16.0,93
LOND,lond008,Control_202,15,Pz,-9.974762,8.0,97
LOND,lond008,Control_202,15,Cz,-7.881864,8.0,97
LOND,lond008,Control_202,15,CP1,-8.053692,8.0,97
LOND,lond008,Control_202,15,CP2,-9.175268,8.0,97
LOND,lond008,Control_202,15,P3,-6.340665,8.0,97
LOND,lond008,Control_202,15,P4,-8.851842,8.0,97
LOND,lond008,Control_202,15,C3,-4.882069,8.0,97
LOND,lond008,Control_202,15,C4,-5.82453,8.0,97
LOND,lond008,Control_202,15,P7,-4.767462,8.0,97
LOND,lond008,Control_202,15,P8,-8.021739,8.0,97
LOND,lond008,Control_202,15,O1,-5.938325,8.0,97
LOND,lond008,Control_202,15,O2,-8.033692,8.0,97
LOND,lond008,Control_202,16,Pz,10.29069,17.0,62
LOND,lond008,Control_202,16,Cz,12.94094,17.0,62
LOND,lond008,Control_202,16,CP1,10.7389,17.0,62
LOND,lond008,Control_202,16,CP2,8.013709,17.0,62
LOND,lond008,Control_202,16,P3,5.489021,17.0,62
LOND,lond008,Control_202,16,P4,6.449982,17.0,62
LOND,lond008,Control_202,16,C3,6.615392,17.0,62
LOND,lond008,Control_202,16,C4,2.79069,17.0,62
LOND,lond008,Control_202,16,P7,6.337135,17.0,62
LOND,lond008,Control_202,16,P8,7.358631,17.0,62
LOND,lond008,Control_202,16,O1,4.95016,17.0,62
LOND,lond008,Control_202,16,O2,5.586485,17.0,62
LOND,lond008,Control_202,17,Pz,-10.33116,3.0,100
LOND,lond008,Control_202,17,Cz,-10.53679,3.0,100
LOND,lond008,Control_202,17,CP1,-4.443852,3.0,100
LOND,lond008,Control_202,17,CP2,-9.708367,3.0,100
LOND,lond008,Control_202,17,P3,-3.055916,3.0,100
LOND,lond008,Control_202,17,P4,-10.19175,3.0,100
LOND,lond008,Control_202,17,C3,-5.979991,3.0,100
LOND,lond008,Control_202,17,C4,-8.949477,3.0,100
LOND,lond008,Control_202,17,P7,-8.69746,3.0,100
LOND,lond008,Control_202,17,P8,-5.972365,3.0,100
LOND,lond008,Control_202,17,O1,-5.432998,3.0,100
LOND,lond008,Control_202,17,O2,-7.856881,3.0,100
LOND,lond008,Violation_201,18,Pz,-2.07479,18.0,87
LOND,lond008,Violation_201,18,Cz,-8.376597,18.0,87
LOND,lond008,Violation_201,18,CP1,-3.506769,18.0,87
LOND,lond008,Violation_201,18,CP2,-6.207287,18.0,87
LOND,lond008,Violation_201,18,P3,3.065058,18.0,87
LOND,lond008,Violation_201,18,P4,-2.726223,18.0,87
LOND,lond008,Violation_201,18,C3,-2.536726,18.0,87
LOND,lond008,Violation_201,18,C4,-10.50692,18.0,87
LOND,lond008,Violation_201,18,P7,7.393986,18.0,87
LOND,lond008,Violation_201,18,P8,-1.243962,18.0,87
LOND,lond008,Violation_201,18,O1,-1.255476,18.0,87
LOND,lond008,Violation_201,18,O2,-4.729887,18.0,87
LOND,lond008,Violation_201,19,Pz,8.103146,12.0,100
LOND,lond008,Violation_201,19,Cz,5.71399,12.0,100
LOND,lond008,Violation_201,19,CP1,11.70605,12.0,100
LOND,lond008,Violation_201,19,CP2,6.793186,12.0,100
LOND,lond008,Violation_201,19,P3,8.651258,12.0,100
LOND,lond008,Violation_201,19,P4,2.757149,12.0,100
LOND,lond008,Violation_201,19,C3,4.621661,12.0,100
LOND,lond008,Violation_201,19,C4,0.7755295,12.0,100
LOND,lond008,Violation_201,19,P7,-1.743502,12.0,100
LOND,lond008,Violation_201,19,P8,0.02252395,12.0,100
LOND,lond008,Violation_201,19,O1,1.400336,12.0,100
LOND,lond008,Violation_201,19,O2,-3.631974,12.0,100
LOND,lond008,Control_202,20,Pz,-4.504096,2.0,100
LOND,lond008,Control_202,20,Cz,0.03469464,2.0,100
LOND,lond008,Control_202,20,CP1,-4.683328,2.0,100
LOND,lond008,Control_202,20,CP2,-1.553382,2.0,100
LOND,lond008,Control_202,20,P3,-4.442554,2.0,100
LOND,lond008,Control_202,20,P4,-0.8950854,2.0,100
LOND,lond008,Control_202,20,C3,-3.970279,2.0,100
LOND,lond008,Control_202,20,C4,-0.7540205,2.0,100
LOND,lond008,Control_202,20,P7,0.7228451,2.0,100
LOND,lond008,Control_202,20,P8,6.120666,2.0,100
LOND,lond008,Control_202,20,O1,9.203194,2.0,100
LOND,lond008,Control_202,20,O2,1.106771,2.0,100
LOND,lond008,Control_202,21,Pz,22.27892,25.0,97
LOND,lond008,Control_202,21,Cz,29.59083,25.0,97
LOND,lond008,Control_202,21,CP1,26.31804,25.0,97
LOND,lond008,Control_202,21,CP2,26.71494,25.0,97
LOND,lond008,Control_202,21,P3,16.23817,25.0,97
LOND,lond008,Control_202,21,P4,17.57093,25.0,97
LOND,lond008,Control_202,21,C3,29.1243,25.0,97
LOND,lond008,Control_202,21,C4,21.6399,25.0,97
LOND,lond008,Control_202,21,P7,15.26068,25.0,97
LOND,lond008,Control_202,21,P8,7.860269,25.0,97
LOND,lond008,Control_202,21,O1,8.777156,25.0,97
LOND,lond008,Control_202,21,O2,9.40359,25.0,97
LOND,lond008,Violation_201,22,Pz,20.30889,32.0,80
LOND,lond008,Violation_201,22,Cz,7.52694,32.0,80
LOND,lond008,Violation_201,22,CP1,12.53156,32.0,80
LOND,lond008,Violation_201,22,CP2,14.909,32.0,80
LOND,lond008,Violation_201,22,P3,17.53263,32.0,80
LOND,lond008,Violation_201,22,P4,16.86642,32.0,80
LOND,lond008,Violation_201,22,C3,8.552671,32.0,80
LOND,lond008,Violation_201,22,C4,9.146927,32.0,80
LOND,lond008,Violation_201,22,P7,23.27808,32.0,80
LOND,lond008,Violation_201,22,P8,9.893264,32.0,80
LOND,lond008,Violation_201,22,O1,18.40897,32.0,80
LOND,lond008,Violation_201,22,O2,14.40551,32.0,80
LOND,lond008,Control_202,23,Pz,-19.22483,28.0,27
LOND,lond008,Control_202,23,Cz,-13.60406,28.0,27
LOND,lond008,Control_202,23,CP1,-19.37233,28.0,27
LOND,lond008,Control_202,23,CP2,-15.45295,28.0,27
LOND,lond008,Control_202,23,P3,-9.543075,28.0,27
LOND,lond008,Control_202,23,P4,-8.567359,28.0,27
LOND,lond008,Control_202,23,C3,-9.116615,28.0,27
LOND,lond008,Control_202,23,C4,-13.08195,28.0,27
LOND,lond008,Control_202,23,P7,-2.359364,28.0,27
LOND,lond008,Control_202,23,P8,-3.10437,28.0,27
LOND,lond008,Control_202,23,O1,2.103901,28.0,27
LOND,lond008,Control_202,23,O2,-1.5114,28.0,27
LOND,lond008,Violation_201,24,Pz,9.899924,39.0,97
LOND,lond008,Violation_201,24,Cz,5.070024,39.0,97
LOND,lond008,Violation_201,24,CP1,-0.8909617,39.0,97
LOND,lond008,Violation_201,24,CP2,2.78456,39.0,97
LOND,lond008,Violation_201,24,P3,5.971513,39.0,97
LOND,lond008,Violation_201,24,P4,1.258582,39.0,97
LOND,lond008,Violation_201,24,C3,2.862829,39.0,97
LOND,lond008,Violation_201,24,C4,-1.674387,39.0,97
LOND,lond008,Violation_201,24,P7,-4.329893,39.0,97
LOND,lond008,Violation_201,24,P8,-5.672381,39.0,97
LOND,lond008,Violation_201,24,O1,-0.2332804,39.0,97
LOND,lond008,Violation_201,24,O2,0.6832284,39.0,97
LOND,lond008,Control_202,25,Pz,-7.130301,22.0,53
LOND,lond008,Control_202,25,Cz,-3.423649,22.0,53
LOND,lond008,Control_202,25,CP1,-0.6058395,22.0,53
LOND,lond008,Control_202,25,CP2,-5.67758,22.0,53
LOND,lond008,Control_202,25,P3,-0.1632079,22.0,53
LOND,lond008,Control_202,25,P4,-4.511153,22.0,53
LOND,lond008,Control_202,25,C3,4.293146,22.0,53
LOND,lond008,Control_202,25,C4,-1.688333,22.0,53
LOND,lond008,Control_202,25,P7,7.729371,22.0,53
LOND,lond008,Control_202,25,P8,-2.488736,22.0,53
LOND,lond008,Control_202,25,O1,-2.524763,22.0,53
LOND,lond008,Control_202,25,O2,-4.454881,22.0,53
LOND,lond008,Violation_201,26,Pz,0.8726361,24.0,93
LOND,lond008,Violation_201,26,Cz,4.487101,24.0,93
LOND,lond008,Violation_201,26,CP1,-2.015658,24.0,93
LOND,lond008,Violation_201,26,CP2,1.523733,24.0,93
LOND,lond008,Violation_201,26,P3,3.938409,24.0,93
LOND,lond008,Violation_201,26,P4,0.5833834,24.0,93
LOND,lond008,Violation_201,26,C3,3.504869,24.0,93
LOND,lond008,Violation_201,26,C4,1.549975,24.0,93
LOND,lond008,Violation_201,26,P7,12.61645,24.0,93
LOND,lond008,Violation_201,26,P8,1.233952,24.0,93
LOND,lond008,Violation_201,26,O1,3.661753,24.0,93
LOND,lond008,Violation_201,26,O2,11.42952,24.0,93
LOND,lond008,Violation_201,27,Pz,9.332673,26.0,87
LOND,lond008,Violation_201,27,Cz,6.125622,26.0,87
LOND,lond008,Violation_201,27,CP1,10.04448,26.0,87
LOND,lond008,Violation_201,27,CP2,7.439549,26.0,87
LOND,lond008,Violation_201,27,P3,4.854586,26.0,87
LOND,lond008,Violation_201,27,P4,8.606162,26.0,87
LOND,lond008,Violation_201,27,C3,5.763391,26.0,87
LOND,lond008,Violation_201,27,C4,5.654393,26.0,87
LOND,lond008,Violation_201,27,P7,5.201646,26.0,87
LOND,lond008,Violation_201,27,P8,3.297044,26.0,87
LOND,lond008,Violation_201,27,O1,4.34886,26.0,87
LOND,lond008,Violation_201,27,O2,2.435506,26.0,87
LOND,lond008,Control_202,28,Pz,18.74489,35.0,97
LOND,lond008,Control_202,28,Cz,10.83993,35.0,97
LOND,lond008,Control_202,28,CP1,17.74835,35.0,97
LOND,lond008,Control_202,28,CP2,17.48872,35.0,97
LOND,lond008,Control_202,28,P3,19.15937,35.0,97
LOND,lond008,Control_202,28,P4,15.73719,35.0,97
LOND,lond008,Control_202,28,C3,9.682671,35.0,97
LOND,lond008,Control_202,28,C4,15.1026,35.0,97
LOND,lond008,Control_202,28,P7,4.856277,35.0,97
LOND,lond008,Control_202,28,P8,7.722435,35.0,97
LOND,lond008,Control_202,28,O1,14.9719,35.0,97
LOND,lond008,Control_202,28,O2,10.48585,35.0,97
LOND,lond008,Violation_201,29,Pz,1.447229,37.0,80
LOND,lond008,Violation_201,29,Cz,-2.826227,37.0,80
LOND,lond008,Violation_201,29,CP1,-1.491901,37.0,80
LOND,lond008,Violation_201,29,CP2,1.830577,37.0,80
LOND,lond008,Violation_201,29,P3,0.7656665,37.0,80
LOND,lond008,Violation_201,29,P4,1.47694,37.0,80
LOND,lond008,Violation_201,29,C3,-0.04051767,37.0,80
LOND,lond008,Violation_201,29,C4,1.827839,37.0,80
LOND,lond008,Violation_201,29,P7,10.86396,37.0,80
LOND,lond008,Violation_201,29,P8,2.274841,37.0,80
LOND,lond008,Violation_201,29,O1,2.69063,37.0,80
LOND,lond008,Violation_201,29,O2,1.616474,37.0,80
LOND,lond008,Control_202,30,Pz,-3.635447,31.0,77
LOND,lond008,Control_202,30,Cz,-0.1354122,31.0,77
LOND,lond008,Control_202,30,CP1,-3.422646,31.0,77
LOND,lond008,Control_202,30,CP2,-1.285126,31.0,77
LOND,lond008,Control_202,30,P3,-2.203925,31.0,77
LOND,lond008,Control_202,30,P4,2.105133,31.0,77
LOND,lond008,Control_202,30,C3,-3.829577,31.0,77
LOND,lond008,Control_202,30,C4,0.5256144,31.0,77
LOND,lond008,Control_202,30,P7,-3.857292,31.0,77
LOND,lond008,Control_202,30,P8,0.603032,31.0,77
LOND,lond008,Control_202,30,O1,-5.26224,31.0,77
LOND,lond008,Control_202,30,O2,-1.948108,31.0,77
LOND,lond008,Violation_201,31,Pz,3.154665,29.0,90
LOND,lond008,Violation_201,31,Cz,5.578276,29.0,90
LOND,lond008,Violation_201,31,CP1,3.510148,29.0,90
LOND,lond008,Violation_201,31,CP2,4.036577,29.0,90
LOND,lond008,Violation_201,31,P3,7.518293,29.0,90
LOND,lond008,Violation_201,31,P4,7.693248,29.0,90
LOND,lond008,Violation_201,31,C3,5.091283,29.0,90
LOND,lond008,Violation_201,31,C4,5.134257,29.0,90
LOND,lond008,Violation_201,31,P7,9.994291,29.0,90
LOND,lond008,Violation_201,31,P8,10.72855,29.0,90
LOND,lond008,Violation_201,31,O1,13.13293,29.0,90
LOND,lond008,Violation_201,31,O2,11.53673,29.0,90
LOND,lond008,Violation_201,32,Pz,-4.495822,23.0,93
LOND,lond008,Violation_201,32,Cz,-2.138285,23.0,93
LOND,lond008,Violation_201,32,CP1,-1.03313,23.0,93
LOND,lond008,Violation_201,32,CP2,-0.3105606,23.0,93
LOND,lond008,Violation_201,32,P3,-7.095227,23.0,93
LOND,lond008,Violation_201,32,P4,0.1932389,23.0,93
LOND,lond008,Violation_201,32,C3,-1.312981,23.0,93
LOND,lond008,Violation_201,32,C4,0.4186984,23.0,93
LOND,lond008,Violation_201,32,P7,-3.998099,23.0,93
LOND,lond008,Violation_201,32,P8,-1.634696,23.0,93
LOND,lond008,Violation_201,32,O1,-7.495766,23.0,93
LOND,lond008,Violation_201,32,O2,-4.9829,23.0,93
LOND,lond008,Control_202,33,Pz,3.149625,36.0,77
LOND,lond008,Control_202,33,Cz,-0.4077748,36.0,77
LOND,lond008,Control_202,33,CP1,1.984183,36.0,77
LOND,lond008,Control_202,33,CP2,4.889461,36.0,77
LOND,lond008,Control_202,33,P3,9.658313,36.0,77
LOND,lond008,Control_202,33,P4,14.36418,36.0,77
LOND,lond008,Control_202,33,C3,4.407754,36.0,77
LOND,lond008,Control_202,33,C4,3.890797,36.0,77
LOND,lond008,Control_202,33,P7,8.426929,36.0,77
LOND,lond008,Control_202,33,P8,14.36919,36.0,77
LOND,lond008,Control_202,33,O1,7.924169,36.0,77
LOND,lond008,Control_202,33,O2,14.14063,36.0,77
LOND,lond008,Control_202,34,Pz,-0.483588,33.0,53
LOND,lond008,Control_202,34,Cz,5.986292,33.0,53
LOND,lond008,Control_202,34,CP1,14.18697,33.0,53
LOND,lond008,Control_202,34,CP2,7.635072,33.0,53
LOND,lond008,Control_202,34,P3,0.08491286,33.0,53
LOND,lond008,Control_202,34,P4,1.19243,33.0,53
LOND,lond008,Control_202,34,C3,7.830616,33.0,53
LOND,lond008,Control_202,34,C4,9.635026,33.0,53
LOND,lond008,Control_202,34,P7,4.779096,33.0,53
LOND,lond008,Control_202,34,P8,2.134043,33.0,53
LOND,lond008,Control_202,34,O1,2.224778,33.0,53
LOND,lond008,Control_202,34,O2,-1.450084,33.0,53
LOND,lond008,Violation_201,35,Pz,-9.246522,40.0,93
LOND,lond008,Violation_201,35,Cz,-20.70091,40.0,93
LOND,lond008,Violation_201,35,CP1,-7.641647,40.0,93
LOND,lond008,Violation_201,35,CP2,-19.32173,40.0,93
LOND,lond008,Violation_201,35,P3,-12.75419,40.0,93
LOND,lond008,Violation_201,35,P4,-24.24473,40.0,93
LOND,lond008,Violation_201,35,C3,-11.43864,40.0,93
LOND,lond008,Violation_201,35,C4,-27.18564,40.0,93
LOND,lond008,Violation_201,35,P7,-28.08969,40.0,93
LOND,lond008,Violation_201,35,P8,-32.92055,40.0,93
LOND,lond008,Violation_201,35,O1,-26.65827,40.0,93
LOND,lond008,Violation_201,35,O2,-30.63896,40.0,93
LOND,lond008,Control_202,36,Pz,-12.78491,38.0,93
LOND,lond008,Control_202,36,Cz,-17.97333,38.0,93
LOND,lond008,Control_202,36,CP1,-24.29565,38.0,93
LOND,lond008,Control_202,36,CP2,-16.65888,38.0,93
LOND,lond008,Control_202,36,P3,-12.85055,38.0,93
LOND,lond008,Control_202,36,P4,-13.21973,38.0,93
LOND,lond008,Control_202,36,C3,-16.61433,38.0,93
LOND,lond008,Control_202,36,C4,-13.09716,38.0,93
LOND,lond008,Control_202,36,P7,-13.25011,38.0,93
LOND,lond008,Control_202,36,P8,-12.2786,38.0,93
LOND,lond008,Control_202,36,O1,-9.941526,38.0,93
LOND,lond008,Control_202,36,O2,-12.54129,38.0,93
LOND,lond008,Violation_201,37,Pz,3.559559,30.0,90
LOND,lond008,Violation_201,37,Cz,1.820354,30.0,90
LOND,lond008,Violation_201,37,CP1,7.116123,30.0,90
LOND,lond008,Violation_201,37,CP2,3.23532,30.0,90
LOND,lond008,Violation_201,37,P3,1.140393,30.0,90
LOND,lond008,Violation_201,37,P4,4.809999,30.0,90
LOND,lond008,Violation_201,37,C3,1.476953,30.0,90
LOND,lond008,Violation_201,37,C4,-3.597126,30.0,90
LOND,lond008,Violation_201,37,P7,2.624716,30.0,90
LOND,lond008,Violation_201,37,P8,-4.982485,30.0,90
LOND,lond008,Violation_201,37,O1,4.53822,30.0,90
LOND,lond008,Violation_201,37,O2,3.446514,30.0,90
LOND,lond008,Violation_201,38,Pz,0.07576472,34.0,97
LOND,lond008,Violation_201,38,Cz,-7.773057,34.0,97
LOND,lond008,Violation_201,38,CP1,-1.290449,34.0,97
LOND,lond008,Violation_201,38,CP2,-4.044818,34.0,97
LOND,lond008,Violation_201,38,P3,2.480738,34.0,97
LOND,lond008,Violation_201,38,P4,0.4972882,34.0,97
LOND,lond008,Violation_201,38,C3,-5.356309,34.0,97
LOND,lond008,Violation_201,38,C4,-7.221238,34.0,97
LOND,lond008,Violation_201,38,P7,13.67021,34.0,97
LOND,lond008,Violation_201,38,P8,-0.3329358,34.0,97
LOND,lond008,Violation_201,38,O1,4.243772,34.0,97
LOND,lond008,Violation_201,38,O2,2.078348,34.0,97
LOND,lond008,Control_202,39,Pz,5.871381,21.0,77
LOND,lond008,Control_202,39,Cz,6.446141,21.0,77
LOND,lond008,Control_202,39,CP1,7.553785,21.0,77
LOND,lond008,Control_202,39,CP2,5.347539,21.0,77
LOND,lond008,Control_202,39,P3,6.564043,21.0,77
LOND,lond008,Control_202,39,P4,4.20993,21.0,77
LOND,lond008,Control_202,39,C3,4.527771,21.0,77
LOND,lond008,Control_202,39,C4,8.669314,21.0,77
LOND,lond008,Control_202,39,P7,11.51719,21.0,77
LOND,lond008,Control_202,39,P8,3.401945,21.0,77
LOND,lond008,Control_202,39,O1,2.089197,21.0,77
LOND,lond008,Control_202,39,O2,-2.938229,21.0,77
LOND,lond008,Control_202,40,Pz,10.08304,27.0,97
LOND,lond008,Control_202,40,Cz,6.325634,27.0,97
LOND,lond008,Control_202,40,CP1,1.4084,27.0,97
LOND,lond008,Control_202,40,CP2,9.866902,27.0,97
LOND,lond008,Control_202,40,P3,-2.185517,27.0,97
LOND,lond008,Control_202,40,P4,9.632284,27.0,97
LOND,lond008,Control_202,40,C3,-3.250715,27.0,97
LOND,lond008,Control_202,40,C4,2.254456,27.0,97
LOND,lond008,Control_202,40,P7,-1.146037,27.0,97
LOND,lond008,Control_202,40,P8,7.168394,27.0,97
LOND,lond008,Control_202,40,O1,3.170335,27.0,97
LOND,lond008,Control_202,40,O2,4.542833,27.0,97
LOND,lond009,Violation_201,1,Pz,-3.189089,3.0,100
LOND,lond009,Violation_201,1,Cz,-6.872787,3.0,100
LOND,lond009,Violation_201,1,CP1,-11.78804,3.0,100
LOND,lond009,Violation_201,1,CP2,-8.956739,3.0,100
LOND,lond009,Violation_201,1,P3,-15.88567,3.0,100
LOND,lond009,Violation_201,1,P4,-0.6863087,3.0,100
LOND,lond009,Violation_201,1,C3,-12.03641,3.0,100
LOND,lond009,Violation_201,1,C4,-0.2266087,3.0,100
LOND,lond009,Violation_201,1,P7,-9.654725,3.0,100
LOND,lond009,Violation_201,1,P8,-6.400134,3.0,100
LOND,lond009,Violation_201,1,O1,-9.748755,3.0,100
LOND,lond009,Violation_201,1,O2,-3.801026,3.0,100
LOND,lond009,Violation_201,2,Pz,-5.658715,18.0,87
LOND,lond009,Violation_201,2,Cz,-4.111341,18.0,87
LOND,lond009,Violation_201,2,CP1,-2.819294,18.0,87
LOND,lond009,Violation_201,2,CP2,0.4566482,18.0,87
LOND,lond009,Violation_201,2,P3,-5.404643,18.0,87
LOND,lond009,Violation_201,2,P4,-14.62895,18.0,87
LOND,lond009,Violation_201,2,C3,-6.823951,18.0,87
LOND,lond009,Violation_201,2,C4,-9.064965,18.0,87
LOND,lond009,Violation_201,2,P7,-3.451059,18.0,87
LOND,lond009,Violation_201,2,P8,-12.44279,18.0,87
LOND,lond009,Violation_201,2,O1,-7.774433,18.0,87
LOND,lond009,Violation_201,2,O2,-11.00867,18.0,87
LOND,lond009,Violation_201,3,Pz,-4.533541,8.0,97
LOND,lond009,Violation_201,3,Cz,-8.871431,8.0,97
LOND,lond009,Violation_201,3,CP1,-8.539107,8.0,97
LOND,lond009,Violation_201,3,CP2,-3.002115,8.0,97
LOND,lond009,Violation_201,3,P3,-10.65281,8.0,97
LOND,lond009,Violation_201,3,P4,3.36097,8.0,97
LOND,lond009,Violation_201,3,C3,-5.648052,8.0,97
LOND,lond009,Violation_201,3,C4,0.5001829,8.0,97
LOND,lond009,Violation_201,3,P7,-2.385915,8.0,97
LOND,lond009,Violation_201,3,P8,12.65556,8.0,97
LOND,lond009,Violation_201,3,O1,-1.940979,8.0,97
LOND,lond009,Violation_201,3,O2,-1.498372,8.0,97
LOND,lond009,Control_202,4,Pz,41.16293,14.0,90
LOND,lond009,Control_202,4,Cz,37.86948,14.0,90
LOND,lond009,Control_202,4,CP1,27.9929,14.0,90
LOND,lond009,Control_202,4,CP2,60.92608,14.0,90
LOND,lond009,Control_202,4,P3,23.3563,14.0,90
LOND,lond009,Control_202,4,P4,32.12427,14.0,90
LOND,lond009,Control_202,4,C3,22.05665,14.0,90
LOND,lond009,Control_202,4,C4,26.88703,14.0,90
LOND,lond009,Control_202,4,P7,19.63299,14.0,90
LOND,lond009,Control_202,4,P8,34.17852,14.0,90
LOND,lond009,Control_202,4,O1,28.84644,14.0,90
LOND,lond009,Control_202,4,O2,37.23272,14.0,90
LOND,lond009,Control_202,5,Pz,-4.907835,6.0,100
LOND,lond009,Control_202,5,Cz,4.751052,6.0,100
LOND,lond009,Control_202,5,CP1,-2.473906,6.0,100
LOND,lond009,Control_202,5,CP2,-1.0959,6.0,100
LOND,lond009,Control_202,5,P3,-0.410852,6.0,100
LOND,lond009,Control_202,5,P4,-1.850384,6.0,100
LOND,lond009,Control_202,5,C3,-1.273435,6.0,100
LOND,lond009,Control_202,5,C4,1.133815,6.0,100
LOND,lond009,Control_202,5,P7,-14.15539,6.0,100
LOND,lond009,Control_202,5,P8,-0.3497243,6.0,100
LOND,lond009,Control_202,5,O1,-8.777389,6.0,100
LOND,lond009,Control_202,5,O2,-5.566628,6.0,100
LOND,lond009,Control_202,6,Pz,11.8884,4.0,93
LOND,lond009,Control_202,6,Cz,-0.3734727,4.0,93
LOND,lond009,Control_202,6,CP1,1.150094,4.0,93
LOND,lond009,Control_202,6,CP2,15.39229,4.0,93
LOND,lond009,Control_202,6,P3,4.729307,4.0,93
LOND,lond009,Control_202,6,P4,1.463716,4.0,93
LOND,lond009,Control_202,6,C3,8.830523,4.0,93
LOND,lond009,Control_202,6,C4,6.195467,4.0,93
LOND,lond009,Control_202,6,P7,8.643116,4.0,93
LOND,lond009,Control_202,6,P8,5.887395,4.0,93
LOND,lond009,Control_202,6,O1,11.72958,4.0,93
LOND,lond009,Control_202,6,O2,10.89615,4.0,93
LOND,lond009,Control_202,7,Pz,-8.386435,13.0,97
LOND,lond009,Control_202,7,Cz,-2.495907,13.0,97
LOND,lond009,Control_202,7,CP1,-9.324163,13.0,97
LOND,lond009,Control_202,7,CP2,-9.38369,13.0,97
LOND,lond009,Control_202,7,P3,-8.836427,13.0,97
LOND,lond009,Control_202,7,P4,-12.35877,13.0,97
LOND,lond009,Control_202,7,C3,-6.766788,13.0,97
LOND,lond009,Control_202,7,C4,5.518232,13.0,97
LOND,lond009,Control_202,7,P7,-1.07336,13.0,97
LOND,lond009,Control_202,7,P8,0.05773296,13.0,97
LOND,lond009,Control_202,7,O1,-8.450566,13.0,97
LOND,lond009,Control_202,7,O2,-14.56938,13.0,97
LOND,lond009,Violation_201,8,Pz,-17.85544,15.0,90
LOND,lond009,Violation_201,8,Cz,-18.68809,15.0,90
LOND,lond009,Violation_201,8,CP1,-24.14974,15.0,90
LOND,lond009,Violation_201,8,CP2,-32.56998,15.0,90
LOND,lond009,Violation_201,8,P3,-11.53114,15.0,90
LOND,lond009,Violation_201,8,P4,-18.39216,15.0,90
LOND,lond009,Violation_201,8,C3,-12.38007,15.0,90
LOND,lond009,Violation_201,8,C4,-25.9322,15.0,90
LOND,lond009,Violation_201,8,P7,-20.98762,15.0,90
LOND,lond009,Violation_201,8,P8,-19.37336,15.0,90
LOND,lond009,Violation_201,8,O1,-16.86727,15.0,90
LOND,lond009,Violation_201,8,O2,-18.4778,15.0,90
LOND,lond009,Control_202,9,Pz,-13.1897,11.0,87
LOND,lond009,Control_202,9,Cz,-3.299497,11.0,87
LOND,lond009,Control_202,9,CP1,-7.840283,11.0,87
LOND,lond009,Control_202,9,CP2,-19.90817,11.0,87
LOND,lond009,Control_202,9,P3,-7.517245,11.0,87
LOND,lond009,Control_202,9,P4,-9.699554,11.0,87
LOND,lond009,Control_202,9,C3,-9.762727,11.0,87
LOND,lond009,Control_202,9,C4,-12.04237,11.0,87
LOND,lond009,Control_202,9,P7,-4.912881,11.0,87
LOND,lond009,Control_202,9,P8,-11.27995,11.0,87
LOND,lond009,Control_202,9,O1,-19.24503,11.0,87
LOND,lond009,Control_202,9,O2,-10.60036,11.0,87
LOND,lond009,Violation_201,10,Pz,10.04739,5.0,93
LOND,lond009,Violation_201,10,Cz,-9.128777,5.0,93
LOND,lond009,Violation_201,10,CP1,12.20986,5.0,93
LOND,lond009,Violation_201,10,CP2,0.47914,5.0,93
LOND,lond009,Violation_201,10,P3,-2.680619,5.0,93
LOND,lond009,Violation_201,10,P4,3.533397,5.0,93
LOND,lond009,Violation_201,10,C3,9.229964,5.0,93
LOND,lond009,Violation_201,10,C4,4.198712,5.0,93
LOND,lond009,Violation_201,10,P7,-2.135912,5.0,93
LOND,lond009,Violation_201,10,P8,5.417132,5.0,93
LOND,lond009,Violation_201,10,O1,-4.965128,5.0,93
LOND,lond009,Violation_201,10,O2,13.33254,5.0,93
LOND,lond009,Control_202,11,Pz,-10.36252,7.0,80
LOND,lond009,Control_202,11,Cz,-7.366803,7.0,80
LOND,lond009,Control_202,11,CP1,-15.0679,7.0,80
LOND,lond009,Control_202,11,CP2,-9.595541,7.0,80
LOND,lond009,Control_202,11,P3,-5.314548,7.0,80
LOND,lond009,Control_202,11,P4,-10.60046,7.0,80
LOND,lond009,Control_202,11,C3,5.016873,7.0,80
LOND,lond009,Control_202,11,C4,-11.84898,7.0,80
LOND,lond009,Control_202,11,P7,1.298784,7.0,80
LOND,lond009,Control_202,11,P8,1.696533,7.0,80
LOND,lond009,Control_202,11,O1,-5.07957,7.0,80
LOND,lond009,Control_202,11,O2,-5.854778,7.0,80
LOND,lond009,Control_202,12,Pz,-8.268781,1.0,97
LOND,lond009,Control_202,12,Cz,-16.73536,1.0,97
LOND,lond009,Control_202,12,CP1,-4.619106,1.0,97
LOND,lond009,Control_202,12,CP2,-17.83383,1.0,97
LOND,lond009,Control_202,12,P3,-0.2765128,1.0,97
LOND,lond009,Control_202,12,P4,-9.237235,1.0,97
LOND,lond009,Control_202,12,C3,-13.11122,1.0,97
LOND,lond009,Control_202,12,C4,-12.39326,1.0,97
LOND,lond009,Control_202,12,P7,6.650064,1.0,97
LOND,lond009,Control_202,12,P8,-4.854691,1.0,97
LOND,lond009,Control_202,12,O1,-10.9984,1.0,97
LOND,lond009,Control_202,12,O2,-7.387821,1.0,97
LOND,lond009,Control_202,13,Pz,1.04859,20.0,90
LOND,lond009,Control_202,13,Cz,6.951767,20.0,90
LOND,lond009,Control_202,13,CP1,-9.956308,20.0,90
LOND,lond009,Control_202,13,CP2,16.03675,20.0,90
LOND,lond009,Control_202,13,P3,-7.928446,20.0,90
LOND,lond009,Control_202,13,P4,-7.100878,20.0,90
LOND,lond009,Control_202,13,C3,-13.02299,20.0,90
LOND,lond009,Control_202,13,C4,-5.703504,20.0,90
LOND,lond009,Control_202,13,P7,-13.102,20.0,90
LOND,lond009,Control_202,13,P8,-4.152552,20.0,90
LOND,lond009,Control_202,13,O1,-1.481766,20.0,90
LOND,lond009,Control_202,13,O2,-1.841795,20.0,90
LOND,lond009,Violation_201,14,Pz,21.76136,9.0,93
LOND,lond009,Violation_201,14,Cz,31.40366,9.0,93
LOND,lond009,Violation_201,14,CP1,25.0485,9.0,93
LOND,lond009,Violation_201,14,CP2,25.91878,9.0,93
LOND,lond009,Violation_201,14,P3,22.70243,9.0,93
LOND,lond009,Violation_201,14,P4,28.7743,9.0,93
LOND,lond009,Violation_201,14,C3,34.02458,9.0,93
LOND,lond009,Violation_201,14,C4,33.90949,9.0,93
LOND,lond009,Violation_201,14,P7,30.6234,9.0,93
LOND,lond009,Violation_201,14,P8,30.39456,9.0,93
LOND,lond009,Violation_201,14,O1,15.53812,9.0,93
LOND,lond009,Violation_201,14,O2,26.35261,9.0,93
LOND,lond009,Violation_201,15,Pz,-7.28861,12.0,100
LOND,lond009,Violation_201,15,Cz,-18.61689,12.0,100
LOND,lond009,Violation_201,15,CP1,-15.42308,12.0,100
LOND,lond009,Violation_201,15,CP2,-14.52415,12.0,100
LOND,lond009,Violation_201,15,P3,-18.50368,12.0,100
LOND,lond009,Violation_201,15,P4,-4.886734,12.0,100
LOND,lond009,Violation_201,15,C3,-14.9826,12.0,100
LOND,lond009,Violation_201,15,C4,-10.31533,12.0,100
LOND,lond009,Violation_201,15,P7,-10.28455,12.0,100
LOND,lond009,Violation_201,15,P8,-11.24344,12.0,100
LOND,lond009,Violation_201,15,O1,-13.68934,12.0,100
LOND,lond009,Violation_201,15,O2,-9.979969,12.0,100
LOND,lond009,Violation_201,16,Pz,-37.12218,10.0,80
LOND,lond009,Violation_201,16,Cz,-39.93117,10.0,80
LOND,lond009,Violation_201,16,CP1,-35.41319,10.0,80
LOND,lond009,Violation_201,16,CP2,-35.61251,10.0,80
LOND,lond009,Violation_201,16,P3,-32.27145,10.0,80
LOND,lond009,Violation_201,16,P4,-43.70445,10.0,80
LOND,lond009,Violation_201,16,C3,-36.03894,10.0,80
LOND,lond009,Violation_201,16,C4,-34.7177,10.0,80
LOND,lond009,Violation_201,16,P7,-25.04852,10.0,80
LOND,lond009,Violation_201,16,P8,-35.59638,10.0,80
LOND,lond009,Violation_201,16,O1,-33.16931,10.0,80
LOND,lond009,Violation_201,16,O2,-33.83396,10.0,80
LOND,lond009,Violation_201,17,Pz,-4.771836,16.0,93
LOND,lond009,Violation_201,17,Cz,-9.210928,16.0,93
LOND,lond009,Violation_201,17,CP1,-13.72122,16.0,93
LOND,lond009,Violation_201,17,CP2,10.3144,16.0,93
LOND,lond009,Violation_201,17,P3,-16.29245,16.0,93
LOND,lond009,Violation_201,17,P4,1.588958,16.0,93
LOND,lond009,Violation_201,17,C3,-11.62434,16.0,93
LOND,lond009,Violation_201,17,C4,-4.890288,16.0,93
LOND,lond009,Violation_201,17,P7,-10.61907,16.0,93
LOND,lond009,Violation_201,17,P8,-3.716327,16.0,93
LOND,lond009,Violation_201,17,O1,-5.05935,16.0,93
LOND,lond009,Violation_201,17,O2,-10.58749,16.0,93
LOND,lond009,Violation_201,18,Pz,45.91745,19.0,100
LOND,lond009,Violation_201,18,Cz,48.07205,19.0,100
LOND,lond009,Violation_201,18,CP1,30.53185,19.0,100
LOND,lond009,Violation_201,18,CP2,37.18433,19.0,100
LOND,lond009,Violation_201,18,P3,37.57393,19.0,100
LOND,lond009,Violation_201,18,P4,35.18171,19.0,100
LOND,lond009,Violation_201,18,C3,25.64488,19.0,100
LOND,lond009,Violation_201,18,C4,35.17203,19.0,100
LOND,lond009,Violation_201,18,P7,35.32461,19.0,100
LOND,lond009,Violation_201,18,P8,57.93062,19.0,100
LOND,lond009,Violation_201,18,O1,38.47987,19.0,100
LOND,lond009,Violation_201,18,O2,43.47882,19.0,100
LOND,lond009,Violation_201,19,Pz,-20.56902,17.0,62
LOND,lond009,Violation_201,19,Cz,-16.28527,17.0,62
LOND,lond009,Violation_201,19,CP1,-10.64585,17.0,62
LOND,lond009,Violation_201,19,CP2,-25.91546,17.0,62
LOND,lond009,Violation_201,19,P3,-4.187528,17.0,62
LOND,lond009,Violation_201,19,P4,-8.100551,17.0,62
LOND,lond009,Violation_201,19,C3,-12.49567,17.0,62
LOND,lond009,Violation_201,19,C4,-11.92102,17.0,62
LOND,lond009,Violation_201,19,P7,-15.60504,17.0,62
LOND,lond009,Violation_201,19,P8,-15.5015,17.0,62
LOND,lond009,Violation_201,19,O1,-10.30024,17.0,62
LOND,lond009,Violation_201,19,O2,-22.38585,17.0,62
LOND,lond009,Control_202,20,Pz,15.62507,2.0,100
LOND,lond009,Control_202,20,Cz,17.9682,2.0,100
LOND,lond009,Control_202,20,CP1,14.76567,2.0,100
LOND,lond009,Control_202,20,CP2,13.28422,2.0,100
LOND,lond009,Control_202,20,P3,10.05677,2.0,100
LOND,lond009,Control_202,20,P4,12.76526,2.0,100
LOND,lond009,Control_202,20,C3,13.29564,2.0,100
LOND,lond009,Control_202,20,C4,15.25658,2.0,100
LOND,lond009,Control_202,20,P7,16.69798,2.0,100
LOND,lond009,Control_202,20,P8,11.10241,2.0,100
LOND,lond009,Control_202,20,O1,9.995276,2.0,100
LOND,lond009,Control_202,20,O2,15.57191,2.0,100
LOND,lond009,Violation_201,21,Pz,1.36661,25.0,97
LOND,lond009,Violation_201,21,Cz,11.15491,25.0,97
LOND,lond009,Violation_201,21,CP1,9.393707,25.0,97
LOND,lond009,Violation_201,21,CP2,8.028346,25.0,97
LOND,lond009,Violation_201,21,P3,-0.210616,25.0,97
LOND,lond009,Violation_201,21,P4,0.2492525,25.0,97
LOND,lond009,Violation_201,21,C3,13.42198,25.0,97
LOND,lond009,Violation_201,21,C4,2.963069,25.0,97
LOND,lond009,Violation_201,21,P7,-2.062683,25.0,97
LOND,lond009,Violation_201,21,P8,7.194129,25.0,97
LOND,lond009,Violation_201,21,O1,-3.081161,25.0,97
LOND,lond009,Violation_201,21,O2,2.876524,25.0,97
LOND,lond009,Control_202,22,Pz,-10.65272,33.0,53
LOND,lond009,Control_202,22,Cz,-11.16017,33.0,53
LOND,lond009,Control_202,22,CP1,-12.65791,33.0,53
LOND,lond009,Control_202,22,CP2,-1.663631,33.0,53
LOND,lond009,Control_202,22,P3,-14.13143,33.0,53
LOND,lond009,Control_202,22,P4,8.983162,33.0,53
LOND,lond009,Control_202,22,C3,-4.34707,33.0,53
LOND,lond009,Control_202,22,C4,2.234027,33.0,53
LOND,lond009,Control_202,22,P7,-9.964536,33.0,53
LOND,lond009,Control_202,22,P8,-2.667171,33.0,53
LOND,lond009,Control_202,22,O1,-6.807672,33.0,53
LOND,lond009,Control_202,22,O2,-3.59147,33.0,53
LOND,lond009,Violation_201,23,Pz,-13.01264,23.0,93
LOND,lond009,Violation_201,23,Cz,-8.561594,23.0,93
LOND,lond009,Violation_201,23,CP1,-5.935621,23.0,93
LOND,lond009,Violation_201,23,CP2,-12.39548,23.0,93
LOND,lond009,Violation_201,23,P3,-3.520102,23.0,93
LOND,lond009,Violation_201,23,P4,0.5556187,23.0,93
LOND,lond009,Violation_201,23,C3,4.194788,23.0,93
LOND,lond009,Violation_201,23,C4,-0.8282536,23.0,93
LOND,lond009,Violation_201,23,P7,-11.0794,23.0,93
LOND,lond009,Violation_201,23,P8,-6.740634,23.0,93
LOND,lond009,Violation_201,23,O1,-13.04545,23.0,93
LOND,lond009,Violation_201,23,O2,-9.705815,23.0,93
LOND,lond009,Control_202,24,Pz,16.61013,32.0,80
LOND,lond009,Control_202,24,Cz,21.93284,32.0,80
LOND,lond009,Control_202,24,CP1,18.82561,32.0,80
LOND,lond009,Control_202,24,CP2,15.00691,32.0,80
LOND,lond009,Control_202,24,P3,7.943351,32.0,80
LOND,lond009,Control_202,24,P4,10.38146,32.0,80
LOND,lond009,Control_202,24,C3,1.324896,32.0,80
LOND,lond009,Control_202,24,C4,7.697305,32.0,80
LOND,lond009,Control_202,24,P7,19.03435,32.0,80
LOND,lond009,Control_202,24,P8,6.923898,32.0,80
LOND,lond009,Control_202,24,O1,15.63912,32.0,80
LOND,lond009,Control_202,24,O2,16.07503,32.0,80
LOND,lond009,Violation_201,25,Pz,6.499744,24.0,93
LOND,lond009,Violation_201,25,Cz,5.696857,24.0,93
LOND,lond009,Violation_201,25,CP1,15.95534,24.0,93
LOND,lond009,Violation_201,25,CP2,-4.021492,24.0,93
LOND,lond009,Violation_201,25,P3,20.08171,24.0,93
LOND,lond009,Violation_201,25,P4,17.18473,24.0,93
LOND,lond009,Violation_201,25,C3,17.85204,24.0,93
LOND,lond009,Violation_201,25,C4,18.91911,24.0,93
LOND,lond009,Violation_201,25,P7,10.18076,24.0,93
LOND,lond009,Violation_201,25,P8,3.724415,24.0,93
LOND,lond009,Violation_201,25,O1,18.96558,24.0,93
LOND,lond009,Violation_201,25,O2,14.32063,24.0,93
LOND,lond009,Control_202,26,Pz,8.198284,37.0,80
LOND,lond009,Control_202,26,Cz,4.195055,37.0,80
LOND,lond009,Control_202,26,CP1,3.527172,37.0,80
LOND,lond009,Control_202,26,CP2,-2.406265,37.0,80
LOND,lond009,Control_202,26,P3,4.660484,37.0,80
LOND,lond009,Control_202,26,P4,4.12329,37.0,80
LOND,lond009,Control_202,26,C3,6.820141,37.0,80
LOND,lond009,Control_202,26,C4,0.3000424,37.0,80
LOND,lond009,Control_202,26,P7,5.637866,37.0,80
LOND,lond009,Control_202,26,P8,7.931769,37.0,80
LOND,lond009,Control_202,26,O1,2.924057,37.0,80
LOND,lond009,Control_202,26,O2,-0.6970632,37.0,80
LOND,lond009,Control_202,27,Pz,-19.29914,36.0,77
LOND,lond009,Control_202,27,Cz,-22.75091,36.0,77
LOND,lond009,Control_202,27,CP1,-25.12988,36.0,77
LOND,lond009,Control_202,27,CP2,-22.44529,36.0,77
LOND,lond009,Control_202,27,P3,-26.86548,36.0,77
LOND,lond009,Control_202,27,P4,-26.78115,36.0,77
LOND,lond009,Control_202,27,C3,-24.06519,36.0,77
LOND,lond009,Control_202,27,C4,-21.02742,36.0,77
LOND,lond009,Control_202,27,P7,-30.89676,36.0,77
LOND,lond009,Control_202,27,P8,-28.45303,36.0,77
LOND,lond009,Control_202,27,O1,-36.79328,36.0,77
LOND,lond009,Control_202,27,O2,-32.09896,36.0,77
LOND,lond009,Control_202,28,Pz,-19.17792,27.0,97
LOND,lond009,Control_202,28,Cz,0.3256475,27.0,97
LOND,lond009,Control_202,28,CP1,-11.93727,27.0,97
LOND,lond009,Control_202,28,CP2,-20.59257,27.0,97
LOND,lond009,Control_202,28,P3,-10.21264,27.0,97
LOND,lond009,Control_202,28,P4,3.231924,27.0,97
LOND,lond009,Control_202,28,C3,2.761476,27.0,97
LOND,lond009,Control_202,28,C4,-6.003318,27.0,97
LOND,lond009,Control_202,28,P7,-4.752428,27.0,97
LOND,lond009,Control_202,28,P8,-2.810555,27.0,97
LOND,lond009,Control_202,28,O1,-10.07164,27.0,97
LOND,lond009,Control_202,28,O2,-8.74362,27.0,97
LOND,lond009,Violation_201,29,Pz,11.37698,35.0,97
LOND,lond009,Violation_201,29,Cz,5.132738,35.0,97
LOND,lond009,Violation_201,29,CP1,-11.49062,35.0,97
LOND,lond009,Violation_201,29,CP2,19.09781,35.0,97
LOND,lond009,Violation_201,29,P3,-13.53091,35.0,97
LOND,lond009,Violation_201,29,P4,-11.77997,35.0,97
LOND,lond009,Violation_201,29,C3,-9.670558,35.0,97
LOND,lond009,Violation_201,29,C4,-14.37941,35.0,97
LOND,lond009,Violation_201,29,P7,-18.66872,35.0,97
LOND,lond009,Violation_201,29,P8,-4.589275,35.0,97
LOND,lond009,Violation_201,29,O1,-6.333457,35.0,97
LOND,lond009,Violation_201,29,O2,-7.887717,35.0,97
LOND,lond009,Violation_201,30,Pz,15.76683,26.0,87
LOND,lond009,Violation_201,30,Cz,5.644977,26.0,87
LOND,lond009,Violation_201,30,CP1,3.993308,26.0,87
LOND,lond009,Violation_201,30,CP2,9.925289,26.0,87
LOND,lond009,Violation_201,30,P3,6.467871,26.0,87
LOND,lond009,Violation_201,30,P4,12.43715,26.0,87
LOND,lond009,Violation_201,30,C3,5.305123,26.0,87
LOND,lond009,Violation_201,30,C4,3.044202,26.0,87
LOND,lond009,Violation_201,30,P7,9.971919,26.0,87
LOND,lond009,Violation_201,30,P8,-6.932661,26.0,87
LOND,lond009,Violation_201,30,O1,14.03249,26.0,87
LOND,lond009,Violation_201,30,O2,13.77509,26.0,87
LOND,lond009,Control_202,31,Pz,-16.01073,30.0,90
LOND,lond009,Control_202,31,Cz,-10.94098,30.0,90
LOND,lond009,Control_202,31,CP1,-10.54134,30.0,90
LOND,lond009,Control_202,31,CP2,-13.045,30.0,90
LOND,lond009,Control_202,31,P3,-10.16424,30.0,90
LOND,lond009,Control_202,31,P4,-17.74342,30.0,90
LOND,lond009,Control_202,31,C3,-16.62358,30.0,90
LOND,lond009,Control_202,31,C4,-17.3499,30.0,90
LOND,lond009,Control_202,31,P7,-9.326656,30.0,90
LOND,lond009,Control_202,31,P8,-26.45055,30.0,90
LOND,lond009,Control_202,31,O1,-6.469043,30.0,90
LOND,lond009,Control_202,31,O2,-8.032947,30.0,90
LOND,lond009,Violation_201,32,Pz,-15.38079,38.0,93
LOND,lond009,Violation_201,32,Cz,-4.832682,38.0,93
LOND,lond009,Violation_201,32,CP1,-12.66954,38.0,93
LOND,lond009,Violation_201,32,CP2,-13.96485,38.0,93
LOND,lond009,Violation_201,32,P3,-12.302,38.0,93
LOND,lond009,Violation_201,32,P4,2.237528,38.0,93
LOND,lond009,Violation_201,32,C3,-10.51871,38.0,93
LOND,lond009,Violation_201,32,C4,8.276975,38.0,93
LOND,lond009,Violation_201,32,P7,2.062292,38.0,93
LOND,lond009,Violation_201,32,P8,7.094223,38.0,93
LOND,lond009,Violation_201,32,O1,-2.928233,38.0,93
LOND,lond009,Violation_201,32,O2,-1.182201,38.0,93
LOND,lond009,Violation_201,33,Pz,-0.6398414,28.0,27
LOND,lond009,Violation_201,33,Cz,-11.3385,28.0,27
LOND,lond009,Violation_201,33,CP1,1.187103,28.0,27
LOND,lond009,Violation_201,33,CP2,-14.55879,28.0,27
LOND,lond009,Violation_201,33,P3,3.035941,28.0,27
LOND,lond009,Violation_201,33,P4,-3.258207,28.0,27
LOND,lond009,Violation_201,33,C3,4.309204,28.0,27
LOND,lond009,Violation_201,33,C4,-4.974943,28.0,27
LOND,lond009,Violation_201,33,P7,25.81727,28.0,27
LOND,lond009,Violation_201,33,P8,16.99714,28.0,27
LOND,lond009,Violation_201,33,O1,11.13692,28.0,27
LOND,lond009,Violation_201,33,O2,4.219174,28.0,27
LOND,lond009,Control_202,34,Pz,19.91643,40.0,93
LOND,lond009,Control_202,34,Cz,18.3633,40.0,93
LOND,lond009,Control_202,34,CP1,20.33522,40.0,93
LOND,lond009,Control_202,34,CP2,9.279048,40.0,93
LOND,lond009,Control_202,34,P3,29.00557,40.0,93
LOND,lond009,Control_202,34,P4,12.94087,40.0,93
LOND,lond009,Control_202,34,C3,14.78646,40.0,93
LOND,lond009,Control_202,34,C4,17.87746,40.0,93
LOND,lond009,Control_202,34,P7,26.75809,40.0,93
LOND,lond009,Control_202,34,P8,17.57295,40.0,93
LOND,lond009,Control_202,34,O1,22.31698,40.0,93
LOND,lond009,Control_202,34,O2,24.16695,40.0,93
LOND,lond009,Violation_201,35,Pz,9.461687,29.0,90
LOND,lond009,Violation_201,35,Cz,17.95965,29.0,90
LOND,lond009,Violation_201,35,CP1,17.12447,29.0,90
LOND,lond009,Violation_201,35,CP2,19.3671,29.0,90
LOND,lond009,Violation_201,35,P3,8.161459,29.0,90
LOND,lond009,Violation_201,35,P4,4.565331,29.0,90
LOND,lond009,Violation_201,35,C3,9.575171,29.0,90
LOND,lond009,Violation_201,35,C4,15.81762,29.0,90
LOND,lond009,Violation_201,35,P7,12.0831,29.0,90
LOND,lond009,Violation_201,35,P8,13.39722,29.0,90
LOND,lond009,Violation_201,35,O1,19.30352,29.0,90
LOND,lond009,Violation_201,35,O2,14.0219,29.0,90
LOND,lond009,Control_202,36,Pz,-13.84214,22.0,53
LOND,lond009,Control_202,36,Cz,1.247562,22.0,53
LOND,lond009,Control_202,36,CP1,-11.11494,22.0,53
LOND,lond009,Control_202,36,CP2,-4.412285,22.0,53
LOND,lond009,Control_202,36,P3,-11.42085,22.0,53
LOND,lond009,Control_202,36,P4,-14.83504,22.0,53
LOND,lond009,Control_202,36,C3,-19.41634,22.0,53
LOND,lond009,Control_202,36,C4,-3.723433,22.0,53
LOND,lond009,Control_202,36,P7,-17.64046,22.0,53
LOND,lond009,Control_202,36,P8,-10.05694,22.0,53
LOND,lond009,Control_202,36,O1,-12.14112,22.0,53
LOND,lond009,Control_202,36,O2,-13.18937,22.0,53
LOND,lond009,Violation_201,37,Pz,7.567125,34.0,97
LOND,lond009,Violation_201,37,Cz,12.35799,34.0,97
LOND,lond009,Violation_201,37,CP1,4.615723,34.0,97
LOND,lond009,Violation_201,37,CP2,15.83405,34.0,97
LOND,lond009,Violation_201,37,P3,-1.602405,34.0,97
LOND,lond009,Violation_201,37,P4,-0.9097661,34.0,97
LOND,lond009,Violation_201,37,C3,-1.654935,34.0,97
LOND,lond009,Violation_201,37,C4,3.382977,34.0,97
LOND,lond009,Violation_201,37,P7,-0.01109215,34.0,97
LOND,lond009,Violation_201,37,P8,9.747506,34.0,97
LOND,lond009,Violation_201,37,O1,8.855666,34.0,97
LOND,lond009,Violation_201,37,O2,8.547867,34.0,97
LOND,lond009,Control_202,38,Pz,0.5350767,31.0,77
LOND,lond009,Control_202,38,Cz,5.032462,31.0,77
LOND,lond009,Control_202,38,CP1,6.48419,31.0,77
LOND,lond009,Control_202,38,CP2,16.19459,31.0,77
LOND,lond009,Control_202,38,P3,-8.518098,31.0,77
LOND,lond009,Control_202,38,P4,1.965216,31.0,77
LOND,lond009,Control_202,38,C3,-1.834658,31.0,77
LOND,lond009,Control_202,38,C4,-9.482783,31.0,77
LOND,lond009,Control_202,38,P7,-3.342733,31.0,77
LOND,lond009,Control_202,38,P8,-8.921815,31.0,77
LOND,lond009,Control_202,38,O1,-2.788711,31.0,77
LOND,lond009,Control_202,38,O2,1.899418,31.0,77
LOND,lond009,Control_202,39,Pz,-17.35986,21.0,77
LOND,lond009,Control_202,39,Cz,-30.29705,21.0,77
LOND,lond009,Control_202,39,CP1,-24.011,21.0,77
LOND,lond009,Control_202,39,CP2,-23.77948,21.0,77
LOND,lond009,Control_202,39,P3,-17.18179,21.0,77
LOND,lond009,Control_202,39,P4,-24.49447,21.0,77
LOND,lond009,Control_202,39,C3,-30.36596,21.0,77
LOND,lond009,Control_202,39,C4,-20.79201,21.0,77
LOND,lond009,Control_202,39,P7,-13.74791,21.0,77
LOND,lond009,Control_202,39,P8,-27.32974,21.0,77
LOND,lond009,Control_202,39,O1,-10.57992,21.0,77
LOND,lond009,Control_202,39,O2,-16.74443,21.0,77
LOND,lond009,Violation_201,40,Pz,-28.03323,39.0,97
LOND,lond009,Violation_201,40,Cz,-10.87808,39.0,97
LOND,lond009,Violation_201,40,CP1,-8.523133,39.0,97
LOND,lond009,Violation_201,40,CP2,-3.9663,39.0,97
LOND,lond009,Violation_201,40,P3,-14.77955,39.0,97
LOND,lond009,Violation_201,40,P4,-15.71011,39.0,97
LOND,lond009,Violation_201,40,C3,-9.027386,39.0,97
LOND,lond009,Violation_201,40,C4,-7.107679,39.0,97
LOND,lond009,Violation_201,40,P7,-16.34704,39.0,97
LOND,lond009,Violation_201,40,P8,-14.56806,39.0,97
LOND,lond009,Violation_201,40,O1,-21.70954,39.0,97
LOND,lond009,Violation_201,40,O2,-19.70721,39.0,97
LOND,lond010,Violation_201,1,Pz,-16.15403,7.0,80
LOND,lond010,Violation_201,1,Cz,-14.15283,7.0,80
LOND,lond010,Violation_201,1,CP1,-15.49739,7.0,80
LOND,lond010,Violation_201,1,CP2,-16.82918,7.0,80
LOND,lond010,Violation_201,1,P3,-17.51196,7.0,80
LOND,lond010,Violation_201,1,P4,-16.88772,7.0,80
LOND,lond010,Violation_201,1,C3,-17.29121,7.0,80
LOND,lond010,Violation_201,1,C4,-13.93416,7.0,80
LOND,lond010,Violation_201,1,P7,-10.75937,7.0,80
LOND,lond010,Violation_201,1,P8,-10.73061,7.0,80
LOND,lond010,Violation_201,1,O1,-11.32972,7.0,80
LOND,lond010,Violation_201,1,O2,-14.98999,7.0,80
LOND,lond010,Violation_201,2,Pz,-5.850992,10.0,80
LOND,lond010,Violation_201,2,Cz,-3.220033,10.0,80
LOND,lond010,Violation_201,2,CP1,-6.810119,10.0,80
LOND,lond010,Violation_201,2,CP2,-5.952454,10.0,80
LOND,lond010,Violation_201,2,P3,-9.610957,10.0,80
LOND,lond010,Violation_201,2,P4,-12.3892,10.0,80
LOND,lond010,Violation_201,2,C3,-3.353225,10.0,80
LOND,lond010,Violation_201,2,C4,-8.828176,10.0,80
LOND,lond010,Violation_201,2,P7,-16.85163,10.0,80
LOND,lond010,Violation_201,2,P8,-12.17306,10.0,80
LOND,lond010,Violation_201,2,O1,-5.398958,10.0,80
LOND,lond010,Violation_201,2,O2,-4.656672,10.0,80
LOND,lond010,Control_202,3,Pz,-3.082265,11.0,87
LOND,lond010,Control_202,3,Cz,-3.327975,11.0,87
LOND,lond010,Control_202,3,CP1,-3.35849,11.0,87
LOND,lond010,Control_202,3,CP2,1.288427,11.0,87
LOND,lond010,Control_202,3,P3,-7.049538,11.0,87
LOND,lond010,Control_202,3,P4,3.158967,11.0,87
LOND,lond010,Control_202,3,C3,-7.454794,11.0,87
LOND,lond010,Control_202,3,C4,-4.801691,11.0,87
LOND,lond010,Control_202,3,P7,-7.897851,11.0,87
LOND,lond010,Control_202,3,P8,3.516468,11.0,87
LOND,lond010,Control_202,3,O1,-5.278241,11.0,87
LOND,lond010,Control_202,3,O2,1.50012,11.0,87
LOND,lond010,Violation_201,4,Pz,-6.448181,9.0,93
LOND,lond010,Violation_201,4,Cz,-2.542651,9.0,93
LOND,lond010,Violation_201,4,CP1,-3.464595,9.0,93
LOND,lond010,Violation_201,4,CP2,-2.497343,9.0,93
LOND,lond010,Violation_201,4,P3,-8.89832,9.0,93
LOND,lond010,Violation_201,4,P4,-6.683468,9.0,93
LOND,lond010,Violation_201,4,C3,6.006996,9.0,93
LOND,lond010,Violation_201,4,C4,-6.337198,9.0,93
LOND,lond010,Violation_201,4,P7,-9.094906,9.0,93
LOND,lond010,Violation_201,4,P8,-0.5426001,9.0,93
LOND,lond010,Violation_201,4,O1,-3.536808,9.0,93
LOND,lond010,Violation_201,4,O2,-4.661813,9.0,93
LOND,lond010,Control_202,5,Pz,20.48193,6.0,100
LOND,lond010,Control_202,5,Cz,24.2011,6.0,100
LOND,lond010,Control_202,5,CP1,17.45122,6.0,100
LOND,lond010,Control_202,5,CP2,19.83673,6.0,100
LOND,lond010,Control_202,5,P3,14.71502,6.0,100
LOND,lond010,Control_202,5,P4,16.97088,6.0,100
LOND,lond010,Control_202,5,C3,21.9943,6.0,100
LOND,lond010,Control_202,5,C4,21.27015,6.0,100
LOND,lond010,Control_202,5,P7,13.1153,6.0,100
LOND,lond010,Control_202,5,P8,6.85028,6.0,100
LOND,lond010,Control_202,5,O1,11.75755,6.0,100
LOND,lond010,Control_202,5,O2,8.411576,6.0,100
LOND,lond010,Violation_201,6,Pz,8.392217,13.0,97
LOND,lond010,Violation_201,6,Cz,4.643435,13.0,97
LOND,lond010,Violation_201,6,CP1,9.84609,13.0,97
LOND,lond010,Violation_201,6,CP2,3.235861,13.0,97
LOND,lond010,Violation_201,6,P3,9.796933,13.0,97
LOND,lond010,Violation_201,6,P4,2.862232,13.0,97
LOND,lond010,Violation_201,6,C3,7.850256,13.0,97
LOND,lond010,Violation_201,6,C4,2.501763,13.0,97
LOND,lond010,Violation_201,6,P7,5.994974,13.0,97
LOND,lond010,Violation_201,6,P8,-0.7308269,13.0,97
LOND,lond010,Violation_201,6,O1,5.910756,13.0,97
LOND,lond010,Violation_201,6,O2,4.771252,13.0,97
LOND,lond010,Violation_201,7,Pz,5.693486,15.0,90
LOND,lond010,Violation_201,7,Cz,10.66938,15.0,90
LOND,lond010,Violation_201,7,CP1,7.177578,15.0,90
LOND,lond010,Violation_201,7,CP2,7.902571,15.0,90
LOND,lond010,Violation_201,7,P3,3.413341,15.0,90
LOND,lond010,Violation_201,7,P4,6.805487,15.0,90
LOND,lond010,Violation_201,7,C3,0.2140716,15.0,90
LOND,lond010,Violation_201,7,C4,6.540257,15.0,90
LOND,lond010,Violation_201,7,P7,7.530235,15.0,90
LOND,lond010,Violation_201,7,P8,6.458138,15.0,90
LOND,lond010,Violation_201,7,O1,3.118084,15.0,90
LOND,lond010,Violation_201,7,O2,6.312944,15.0,90
LOND,lond010,Control_202,8,Pz,9.565754,19.0,100
LOND,lond010,Control_202,8,Cz,3.073846,19.0,100
LOND,lond010,Control_202,8,CP1,1.38247,19.0,100
LOND,lond010,Control_202,8,CP2,10.72721,19.0,100
LOND,lond010,Control_202,8,P3,5.147168,19.0,100
LOND,lond010,Control_202,8,P4,18.73191,19.0,100
LOND,lond010,Control_202,8,C3,-7.040473,19.0,100
LOND,lond010,Control_202,8,C4,14.16081,19.0,100
LOND,lond010,Control_202,8,P7,-1.858599,19.0,100
LOND,lond010,Control_202,8,P8,18.25286,19.0,100
LOND,lond010,Control_202,8,O1,10.23205,19.0,100
LOND,lond010,Control_202,8,O2,15.40558,19.0,100
LOND,lond010,Violation_201,9,Pz,14.57012,14.0,90
LOND,lond010,Violation_201,9,Cz,10.10133,14.0,90
LOND,lond010,Violation_201,9,CP1,9.80231,14.0,90
LOND,lond010,Violation_201,9,CP2,12.8292,14.0,90
LOND,lond010,Violation_201,9,P3,13.37533,14.0,90
LOND,lond010,Violation_201,9,P4,13.66473,14.0,90
LOND,lond010,Violation_201,9,C3,7.620698,14.0,90
LOND,lond010,Violation_201,9,C4,10.87956,14.0,90
LOND,lond010,Violation_201,9,P7,15.76457,14.0,90
LOND,lond010,Violation_201,9,P8,8.79534,14.0,90
LOND,lond010,Violation_201,9,O1,12.94876,14.0,90
LOND,lond010,Violation_201,9,O2,10.51864,14.0,90
LOND,lond010,Control_202,10,Pz,0.846868,20.0,90
LOND,lond010,Control_202,10,Cz,-7.872726,20.0,90
LOND,lond010,Control_202,10,CP1,-8.314274,20.0,90
LOND,lond010,Control_202,10,CP2,-0.5102585,20.0,90
LOND,lond010,Control_202,10,P3,-3.003617,20.0,90
LOND,lond010,Control_202,10,P4,-0.1534602,20.0,90
LOND,lond010,Control_202,10,C3,-18.56521,20.0,90
LOND,lond010,Control_202,10,C4,-2.695473,20.0,90
LOND,lond010,Control_202,10,P7,-11.79995,20.0,90
LOND,lond010,Control_202,10,P8,-6.868641,20.0,90
LOND,lond010,Control_202,10,O1,1.284001,20.0,90
LOND,lond010,Control_202,10,O2,-1.132114,20.0,90
LOND,lond010,Control_202,11,Pz,-38.37738,1.0,97
LOND,lond010,Control_202,11,Cz,-39.88277,1.0,97
LOND,lond010,Control_202,11,CP1,-39.06067,1.0,97
LOND,lond010,Control_202,11,CP2,-38.30473,1.0,97
LOND,lond010,Control_202,11,P3,-43.35973,1.0,97
LOND,lond010,Control_202,11,P4,-35.51149,1.0,97
LOND,lond010,Control_202,11,C3,-40.40756,1.0,97
LOND,lond010,Control_202,11,C4,-39.19109,1.0,97
LOND,lond010,Control_202,11,P7,-36.95073,1.0,97
LOND,lond010,Control_202,11,P8,-29.41552,1.0,97
LOND,lond010,Control_202,11,O1,-32.53693,1.0,97
LOND,lond010,Control_202,11,O2,-34.14101,1.0,97
LOND,lond010,Violation_201,12,Pz,-3.8248,2.0,100
LOND,lond010,Violation_201,12,Cz,-3.846093,2.0,100
LOND,lond010,Violation_201,12,CP1,-0.7152269,2.0,100
LOND,lond010,Violation_201,12,CP2,-5.50179,2.0,100
LOND,lond010,Violation_201,12,P3,2.988518,2.0,100
LOND,lond010,Violation_201,12,P4,-6.413267,2.0,100
LOND,lond010,Violation_201,12,C3,1.636659,2.0,100
LOND,lond010,Violation_201,12,C4,-1.673582,2.0,100
LOND,lond010,Violation_201,12,P7,9.67264,2.0,100
LOND,lond010,Violation_201,12,P8,-6.3057,2.0,100
LOND,lond010,Violation_201,12,O1,-10.5098,2.0,100
LOND,lond010,Violation_201,12,O2,-8.307653,2.0,100
LOND,lond010,Control_202,13,Pz,7.275644,16.0,93
LOND,lond010,Control_202,13,Cz,7.819631,16.0,93
LOND,lond010,Control_202,13,CP1,9.853107,16.0,93
LOND,lond010,Control_202,13,CP2,9.492557,16.0,93
LOND,lond010,Control_202,13,P3,6.393456,16.0,93
LOND,lond010,Control_202,13,P4,8.903235,16.0,93
LOND,lond010,Control_202,13,C3,5.661549,16.0,93
LOND,lond010,Control_202,13,C4,9.014486,16.0,93
LOND,lond010,Control_202,13,P7,12.59842,16.0,93
LOND,lond010,Control_202,13,P8,10.31981,16.0,93
LOND,lond010,Control_202,13,O1,6.986073,16.0,93
LOND,lond010,Control_202,13,O2,10.22261,16.0,93
LOND,lond010,Violation_201,14,Pz,5.106373,17.0,62
LOND,lond010,Violation_201,14,Cz,5.156041,17.0,62
LOND,lond010,Violation_201,14,CP1,3.553815,17.0,62
LOND,lond010,Violation_201,14,CP2,2.794179,17.0,62
LOND,lond010,Violation_201,14,P3,-0.1754208,17.0,62
LOND,lond010,Violation_201,14,P4,-4.0331,17.0,62
LOND,lond010,Violation_201,14,C3,3.491013,17.0,62
LOND,lond010,Violation_201,14,C4,-8.735205,17.0,62
LOND,lond010,Violation_201,14,P7,1.529026,17.0,62
LOND,lond010,Violation_201,14,P8,-5.896773,17.0,62
LOND,lond010,Violation_201,14,O1,6.390735,17.0,62
LOND,lond010,Violation_201,14,O2,3.248857,17.0,62
LOND,lond010,Control_202,15,Pz,-5.691954,4.0,93
LOND,lond010,Control_202,15,Cz,-1.616734,4.0,93
LOND,lond010,Control_202,15,CP1,-1.941385,4.0,93
LOND,lond010,Control_202,15,CP2,-2.239722,4.0,93
LOND,lond010,Control_202,15,P3,3.493018,4.0,93
LOND,lond010,Control_202,15,P4,-5.750919,4.0,93
LOND,lond010,Control_202,15,C3,3.325065,4.0,93
LOND,lond010,Control_202,15,C4,-7.885921,4.0,93
LOND,lond010,Control_202,15,P7,6.506647,4.0,93
LOND,lond010,Control_202,15,P8,-4.380014,4.0,93
LOND,lond010,Control_202,15,O1,-3.604142,4.0,93
LOND,lond010,Control_202,15,O2,-3.320059,4.0,93
LOND,lond010,Control_202,16,Pz,12.97679,18.0,87
LOND,lond010,Control_202,16,Cz,15.79807,18.0,87
LOND,lond010,Control_202,16,CP1,14.86925,18.0,87
LOND,lond010,Control_202,16,CP2,14.62893,18.0,87
LOND,lond010,Control_202,16,P3,9.414708,18.0,87
LOND,lond010,Control_202,16,P4,11.53978,18.0,87
LOND,lond010,Control_202,16,C3,10.14878,18.0,87
LOND,lond010,Control_202,16,C4,13.42741,18.0,87
LOND,lond010,Control_202,16,P7,7.118537,18.0,87
LOND,lond010,Control_202,16,P8,3.983094,18.0,87
LOND,lond010,Control_202,16,O1,9.078309,18.0,87
LOND,lond010,Control_202,16,O2,10.44072,18.0,87
LOND,lond010,Violation_201,17,Pz,27.29999,12.0,100
LOND,lond010,Violation_201,17,Cz,23.74081,12.0,100
LOND,lond010,Violation_201,17,CP1,23.23386,12.0,100
LOND,lond010,Violation_201,17,CP2,29.10832,12.0,100
LOND,lond010,Violation_201,17,P3,25.83959,12.0,100
LOND,lond010,Violation_201,17,P4,33.81827,12.0,100
LOND,lond010,Violation_201,17,C3,28.18089,12.0,100
LOND,lond010,Violation_201,17,C4,23.12694,12.0,100
LOND,lond010,Violation_201,17,P7,29.65064,12.0,100
LOND,lond010,Violation_201,17,P8,31.45502,12.0,100
LOND,lond010,Violation_201,17,O1,28.07522,12.0,100
LOND,lond010,Violation_201,17,O2,28.24858,12.0,100
LOND,lond010,Control_202,18,Pz,1.924636,8.0,97
LOND,lond010,Control_202,18,Cz,-0.4574039,8.0,97
LOND,lond010,Control_202,18,CP1,6.917178,8.0,97
LOND,lond010,Control_202,18,CP2,-5.689229,8.0,97
LOND,lond010,Control_202,18,P3,14.21512,8.0,97
LOND,lond010,Control_202,18,P4,-9.663225,8.0,97
LOND,lond010,Control_202,18,C3,23.25963,8.0,97
LOND,lond010,Control_202,18,C4,-12.15537,8.0,97
LOND,lond010,Control_202,18,P7,21.61489,8.0,97
LOND,lond010,Control_202,18,P8,-15.44927,8.0,97
LOND,lond010,Control_202,18,O1,0.9518512,8.0,97
LOND,lond010,Control_202,18,O2,-8.119316,8.0,97
LOND,lond010,Violation_201,19,Pz,5.287941,3.0,100
LOND,lond010,Violation_201,19,Cz,6.036204,3.0,100
LOND,lond010,Violation_201,19,CP1,6.916285,3.0,100
LOND,lond010,Violation_201,19,CP2,3.278544,3.0,100
LOND,lond010,Violation_201,19,P3,6.952791,3.0,100
LOND,lond010,Violation_201,19,P4,-1.607471,3.0,100
LOND,lond010,Violation_201,19,C3,5.264933,3.0,100
LOND,lond010,Violation_201,19,C4,7.430836,3.0,100
LOND,lond010,Violation_201,19,P7,0.5751589,3.0,100
LOND,lond010,Violation_201,19,P8,1.545015,3.0,100
LOND,lond010,Violation_201,19,O1,7.115467,3.0,100
LOND,lond010,Violation_201,19,O2,2.623795,3.0,100
LOND,lond010,Control_202,20,Pz,-10.71034,5.0,93
LOND,lond010,Control_202,20,Cz,-1.191187,5.0,93
LOND,lond010,Control_202,20,CP1,-1.74852,5.0,93
LOND,lond010,Control_202,20,CP2,-4.366137,5.0,93
LOND,lond010,Control_202,20,P3,-6.529447,5.0,93
LOND,lond010,Control_202,20,P4,-5.766747,5.0,93
LOND,lond010,Control_202,20,C3,0.4134883,5.0,93
LOND,lond010,Control_202,20,C4,-3.319113,5.0,93
LOND,lond010,Control_202,20,P7,-3.685442,5.0,93
LOND,lond010,Control_202,20,P8,-2.946889,5.0,93
LOND,lond010,Control_202,20,O1,-3.851887,5.0,93
LOND,lond010,Control_202,20,O2,-5.240395,5.0,93
LOND,lond010,Violation_201,21,Pz,16.86161,27.0,97
LOND,lond010,Violation_201,21,Cz,10.58967,27.0,97
LOND,lond010,Violation_201,21,CP1,6.870943,27.0,97
LOND,lond010,Violation_201,21,CP2,15.4838,27.0,97
LOND,lond010,Violation_201,21,P3,6.199999,27.0,97
LOND,lond010,Violation_201,21,P4,12.10158,27.0,97
LOND,lond010,Violation_201,21,C3,0.5033864,27.0,97
LOND,lond010,Violation_201,21,C4,15.22021,27.0,97
LOND,lond010,Violation_201,21,P7,3.498055,27.0,97
LOND,lond010,Violation_201,21,P8,8.013188,27.0,97
LOND,lond010,Violation_201,21,O1,12.18738,27.0,97
LOND,lond010,Violation_201,21,O2,16.73607,27.0,97
LOND,lond010,Control_202,22,Pz,-3.60901,38.0,93
LOND,lond010,Control_202,22,Cz,-5.073347,38.0,93
LOND,lond010,Control_202,22,CP1,-4.146028,38.0,93
LOND,lond010,Control_202,22,CP2,-4.307384,38.0,93
LOND,lond010,Control_202,22,P3,-3.725391,38.0,93
LOND,lond010,Control_202,22,P4,-6.068066,38.0,93
LOND,lond010,Control_202,22,C3,10.92563,38.0,93
LOND,lond010,Control_202,22,C4,-6.94612,38.0,93
LOND,lond010,Control_202,22,P7,-7.906413,38.0,93
LOND,lond010,Control_202,22,P8,-3.080045,38.0,93
LOND,lond010,Control_202,22,O1,-0.05529835,38.0,93
LOND,lond010,Control_202,22,O2,-0.7844338,38.0,93
LOND,lond010,Violation_201,23,Pz,20.4658,40.0,93
LOND,lond010,Violation_201,23,Cz,26.45169,40.0,93
LOND,lond010,Violation_201,23,CP1,9.521697,40.0,93
LOND,lond010,Violation_201,23,CP2,30.83123,40.0,93
LOND,lond010,Violation_201,23,P3,6.585582,40.0,93
LOND,lond010,Violation_201,23,P4,25.77591,40.0,93
LOND,lond010,Violation_201,23,C3,3.090298,40.0,93
LOND,lond010,Violation_201,23,C4,30.83473,40.0,93
LOND,lond010,Violation_201,23,P7,-4.412118,40.0,93
LOND,lond010,Violation_201,23,P8,29.79666,40.0,93
LOND,lond010,Violation_201,23,O1,10.35339,40.0,93
LOND,lond010,Violation_201,23,O2,18.39314,40.0,93
LOND,lond010,Violation_201,24,Pz,1.588858,30.0,90
LOND,lond010,Violation_201,24,Cz,3.936727,30.0,90
LOND,lond010,Violation_201,24,CP1,5.838237,30.0,90
LOND,lond010,Violation_201,24,CP2,2.793754,30.0,90
LOND,lond010,Violation_201,24,P3,-3.217863,30.0,90
LOND,lond010,Violation_201,24,P4,-1.56825,30.0,90
LOND,lond010,Violation_201,24,C3,4.921115,30.0,90
LOND,lond010,Violation_201,24,C4,5.426755,30.0,90
LOND,lond010,Violation_201,24,P7,-11.13152,30.0,90
LOND,lond010,Violation_201,24,P8,-7.092396,30.0,90
LOND,lond010,Violation_201,24,O1,-6.374281,30.0,90
LOND,lond010,Violation_201,24,O2,-6.65151,30.0,90
LOND,lond010,Violation_201,25,Pz,13.90599,26.0,87
LOND,lond010,Violation_201,25,Cz,6.764631,26.0,87
LOND,lond010,Violation_201,25,CP1,5.609847,26.0,87
LOND,lond010,Violation_201,25,CP2,8.498719,26.0,87
LOND,lond010,Violation_201,25,P3,9.932234,26.0,87
LOND,lond010,Violation_201,25,P4,7.980628,26.0,87
LOND,lond010,Violation_201,25,C3,0.9813614,26.0,87
LOND,lond010,Violation_201,25,C4,7.42678,26.0,87
LOND,lond010,Violation_201,25,P7,13.75832,26.0,87
LOND,lond010,Violation_201,25,P8,7.802278,26.0,87
LOND,lond010,Violation_201,25,O1,19.57223,26.0,87
LOND,lond010,Violation_201,25,O2,9.572763,26.0,87
LOND,lond010,Violation_201,26,Pz,19.50825,32.0,80
LOND,lond010,Violation_201,26,Cz,10.22589,32.0,80
LOND,lond010,Violation_201,26,CP1,18.12964,32.0,80
LOND,lond010,Violation_201,26,CP2,16.51851,32.0,80
LOND,lond010,Violation_201,26,P3,15.79607,32.0,80
LOND,lond010,Violation_201,26,P4,20.3425,32.0,80
LOND,lond010,Violation_201,26,C3,14.56754,32.0,80
LOND,lond010,Violation_201,26,C4,12.64999,32.0,80
LOND,lond010,Violation_201,26,P7,14.8223,32.0,80
LOND,lond010,Violation_201,26,P8,13.3833,32.0,80
LOND,lond010,Violation_201,26,O1,12.96009,32.0,80
LOND,lond010,Violation_201,26,O2,15.20347,32.0,80
LOND,lond010,Violation_201,27,Pz,7.418027,23.0,93
LOND,lond010,Violation_201,27,Cz,4.037142,23.0,93
LOND,lond010,Violation_201,27,CP1,5.150886,23.0,93
LOND,lond010,Violation_201,27,CP2,3.78672,23.0,93
LOND,lond010,Violation_201,27,P3,10.75926,23.0,93
LOND,lond010,Violation_201,27,P4,1.426179,23.0,93
LOND,lond010,Violation_201,27,C3,8.047521,23.0,93
LOND,lond010,Violation_201,27,C4,-0.3138715,23.0,93
LOND,lond010,Violation_201,27,P7,14.53062,23.0,93
LOND,lond010,Violation_201,27,P8,-1.358275,23.0,93
LOND,lond010,Violation_201,27,O1,-1.48836,23.0,93
LOND,lond010,Violation_201,27,O2,-1.342727,23.0,93
LOND,lond010,Violation_201,28,Pz,23.05904,28.0,27
LOND,lond010,Violation_201,28,Cz,23.12926,28.0,27
LOND,lond010,Violation_201,28,CP1,24.93484,28.0,27
LOND,lond010,Violation_201,28,CP2,22.43814,28.0,27
LOND,lond010,Violation_201,28,P3,24.29727,28.0,27
LOND,lond010,Violation_201,28,P4,18.45182,28.0,27
LOND,lond010,Violation_201,28,C3,18.1373,28.0,27
LOND,lond010,Violation_201,28,C4,18.9929,28.0,27
LOND,lond010,Violation_201,28,P7,26.7893,28.0,27
LOND,lond010,Violation_201,28,P8,10.50701,28.0,27
LOND,lond010,Violation_201,28,O1,21.31259,28.0,27
LOND,lond010,Violation_201,28,O2,17.82905,28.0,27
LOND,lond010,Control_202,29,Pz,-8.259127,33.0,53
LOND,lond010,Control_202,29,Cz,-6.211612,33.0,53
LOND,lond010,Control_202,29,CP1,-7.465143,33.0,53
LOND,lond010,Control_202,29,CP2,-11.36305,33.0,53
LOND,lond010,Control_202,29,P3,-5.727801,33.0,53
LOND,lond010,Control_202,29,P4,-17.84579,33.0,53
LOND,lond010,Control_202,29,C3,-4.323239,33.0,53
LOND,lond010,Control_202,29,C4,-15.42032,33.0,53
LOND,lond010,Control_202,29,P7,-6.589314,33.0,53
LOND,lond010,Control_202,29,P8,-17.81563,33.0,53
LOND,lond010,Control_202,29,O1,-11.24876,33.0,53
LOND,lond010,Control_202,29,O2,-16.08374,33.0,53
LOND,lond010,Control_202,30,Pz,11.20831,36.0,77
LOND,lond010,Control_202,30,Cz,9.798751,36.0,77
LOND,lond010,Control_202,30,CP1,15.52347,36.0,77
LOND,lond010,Control_202,30,CP2,12.66767,36.0,77
LOND,lond010,Control_202,30,P3,13.89323,36.0,77
LOND,lond010,Control_202,30,P4,10.91137,36.0,77
LOND,lond010,Control_202,30,C3,18.29473,36.0,77
LOND,lond010,Control_202,30,C4,10.04533,36.0,77
LOND,lond010,Control_202,30,P7,5.881718,36.0,77
LOND,lond010,Control_202,30,P8,10.2574,36.0,77
LOND,lond010,Control_202,30,O1,10.93119,36.0,77
LOND,lond010,Control_202,30,O2,14.52914,36.0,77
LOND,lond010,Control_202,31,Pz,-18.53443,29.0,90
LOND,lond010,Control_202,31,Cz,-15.3562,29.0,90
LOND,lond010,Control_202,31,CP1,-11.86697,29.0,90
LOND,lond010,Control_202,31,CP2,-15.42434,29.0,90
LOND,lond010,Control_202,31,P3,-18.94201,29.0,90
LOND,lond010,Control_202,31,P4,-15.2209,29.0,90
LOND,lond010,Control_202,31,C3,-15.96548,29.0,90
LOND,lond010,Control_202,31,C4,-16.6716,29.0,90
LOND,lond010,Control_202,31,P7,-17.26087,29.0,90
LOND,lond010,Control_202,31,P8,-12.12303,29.0,90
LOND,lond010,Control_202,31,O1,-15.34249,29.0,90
LOND,lond010,Control_202,31,O2,-14.41063,29.0,90
LOND,lond010,Control_202,32,Pz,-1.35753,37.0,80
LOND,lond010,Control_202,32,Cz,2.569212,37.0,80
LOND,lond010,Control_202,32,CP1,-0.0402107,37.0,80
LOND,lond010,Control_202,32,CP2,1.569314,37.0,80
LOND,lond010,Control_202,32,P3,-7.242914,37.0,80
LOND,lond010,Control_202,32,P4,1.667349,37.0,80
LOND,lond010,Control_202,32,C3,-3.133372,37.0,80
LOND,lond010,Control_202,32,C4,5.028475,37.0,80
LOND,lond010,Control_202,32,P7,-5.616819,37.0,80
LOND,lond010,Control_202,32,P8,3.771746,37.0,80
LOND,lond010,Control_202,32,O1,-0.365328,37.0,80
LOND,lond010,Control_202,32,O2,1.724186,37.0,80
LOND,lond010,Control_202,33,Pz,-18.15093,25.0,97
LOND,lond010,Control_202,33,Cz,-18.16727,25.0,97
LOND,lond010,Control_202,33,CP1,-15.63517,25.0,97
LOND,lond010,Control_202,33,CP2,-18.70388,25.0,97
LOND,lond010,Control_202,33,P3,-11.16889,25.0,97
LOND,lond010,Control_202,33,P4,-12.75688,25.0,97
LOND,lond010,Control_202,33,C3,-9.24393,25.0,97
LOND,lond010,Control_202,33,C4,-14.40563,25.0,97
LOND,lond010,Control_202,33,P7,-4.599308,25.0,97
LOND,lond010,Control_202,33,P8,-5.531154,25.0,97
LOND,lond010,Control_202,33,O1,-5.658885,25.0,97
LOND,lond010,Control_202,33,O2,-5.332451,25.0,97
LOND,lond010,Violation_201,34,Pz,0.9550858,39.0,97
LOND,lond010,Violation_201,34,Cz,4.581591,39.0,97
LOND,lond010,Violation_201,34,CP1,3.639947,39.0,97
LOND,lond010,Violation_201,34,CP2,5.511445,39.0,97
LOND,lond010,Violation_201,34,P3,0.4462313,39.0,97
LOND,lond010,Violation_201,34,P4,5.05305,39.0,97
LOND,lond010,Violation_201,34,C3,9.098666,39.0,97
LOND,lond010,Violation_201,34,C4,10.79304,39.0,97
LOND,lond010,Violation_201,34,P7,0.1563859,39.0,97
LOND,lond010,Violation_201,34,P8,9.425233,39.0,97
LOND,lond010,Violation_201,34,O1,-3.15981,39.0,97
LOND,lond010,Violation_201,34,O2,0.4701793,39.0,97
LOND,lond011,Violation_201,1,Pz,6.9866,16.0,93
LOND,lond011,Violation_201,1,Cz,6.361699,16.0,93
LOND,lond011,Violation_201,1,CP1,-6.55866,16.0,93
LOND,lond011,Violation_201,1,CP2,2.07109,16.0,93
LOND,lond011,Violation_201,1,P3,-1.518982,16.0,93
LOND,lond011,Violation_201,1,P4,-14.48718,16.0,93
LOND,lond011,Violation_201,1,C3,-6.252689,16.0,93
LOND,lond011,Violation_201,1,C4,-0.4260922,16.0,93
LOND,lond011,Violation_201,1,P7,-11.59733,16.0,93
LOND,lond011,Violation_201,1,P8,-8.710412,16.0,93
LOND,lond011,Violation_201,1,O1,-3.797514,16.0,93
LOND,lond011,Violation_201,1,O2,-2.380058,16.0,93
LOND,lond011,Control_202,2,Pz,29.29797,6.0,100
LOND,lond011,Control_202,2,Cz,-5.891765,6.0,100
LOND,lond011,Control_202,2,CP1,3.941879,6.0,100
LOND,lond011,Control_202,2,CP2,17.20787,6.0,100
LOND,lond011,Control_202,2,P3,9.69552,6.0,100
LOND,lond011,Control_202,2,P4,-4.653635,6.0,100
LOND,lond011,Control_202,2,C3,1.280247,6.0,100
LOND,lond011,Control_202,2,C4,3.032567,6.0,100
LOND,lond011,Control_202,2,P7,19.64724,6.0,100
LOND,lond011,Control_202,2,P8,8.070434,6.0,100
LOND,lond011,Control_202,2,O1,0.6326884,6.0,100
LOND,lond011,Control_202,2,O2,20.2542,6.0,100
LOND,lond011,Control_202,3,Pz,-18.1505,2.0,100
LOND,lond011,Control_202,3,Cz,-18.0962,2.0,100
LOND,lond011,Control_202,3,CP1,-15.70467,2.0,100
LOND,lond011,Control_202,3,CP2,-9.128386,2.0,100
LOND,lond011,Control_202,3,P3,-12.58743,2.0,100
LOND,lond011,Control_202,3,P4,-19.17925,2.0,100
LOND,lond011,Control_202,3,C3,-9.957713,2.0,100
LOND,lond011,Control_202,3,C4,-17.2247,2.0,100
LOND,lond011,Control_202,3,P7,-10.02736,2.0,100
LOND,lond011,Control_202,3,P8,-15.71623,2.0,100
LOND,lond011,Control_202,3,O1,-6.048495,2.0,100
LOND,lond011,Control_202,3,O2,-16.20887,2.0,100
LOND,lond011,Violation_201,4,Pz,-20.64593,11.0,87
LOND,lond011,Violation_201,4,Cz,-5.067364,11.0,87
LOND,lond011,Violation_201,4,CP1,-1.347255,11.0,87
LOND,lond011,Violation_201,4,CP2,-8.4409,11.0,87
LOND,lond011,Violation_201,4,P3,-2.124579,11.0,87
LOND,lond011,Violation_201,4,P4,-7.811117,11.0,87
LOND,lond011,Violation_201,4,C3,-8.663685,11.0,87
LOND,lond011,Violation_201,4,C4,-5.853177,11.0,87
LOND,lond011,Violation_201,4,P7,-10.81052,11.0,87
LOND,lond011,Violation_201,4,P8,-15.63516,11.0,87
LOND,lond011,Violation_201,4,O1,-11.43766,11.0,87
LOND,lond011,Violation_201,4,O2,-11.6725,11.0,87
LOND,lond011,Control_202,5,Pz,-4.599713,17.0,62
LOND,lond011,Control_202,5,Cz,-18.29368,17.0,62
LOND,lond011,Control_202,5,CP1,-12.11393,17.0,62
LOND,lond011,Control_202,5,CP2,-1.473117,17.0,62
LOND,lond011,Control_202,5,P3,-10.39227,17.0,62
LOND,lond011,Control_202,5,P4,-17.26148,17.0,62
LOND,lond011,Control_202,5,C3,-11.88039,17.0,62
LOND,lond011,Control_202,5,C4,-20.65461,17.0,62
LOND,lond011,Control_202,5,P7,-11.36794,17.0,62
LOND,lond011,Control_202,5,P8,0.5705705,17.0,62
LOND,lond011,Control_202,5,O1,-14.73142,17.0,62
LOND,lond011,Control_202,5,O2,2.953627,17.0,62
LOND,lond011,Violation_201,6,Pz,34.35101,7.0,80
LOND,lond011,Violation_201,6,Cz,49.79887,7.0,80
LOND,lond011,Violation_201,6,CP1,28.0665,7.0,80
LOND,lond011,Violation_201,6,CP2,30.15487,7.0,80
LOND,lond011,Violation_201,6,P3,33.85701,7.0,80
LOND,lond011,Violation_201,6,P4,42.14552,7.0,80
LOND,lond011,Violation_201,6,C3,31.53693,7.0,80
LOND,lond011,Violation_201,6,C4,31.70667,7.0,80
LOND,lond011,Violation_201,6,P7,22.19075,7.0,80
LOND,lond011,Violation_201,6,P8,33.05758,7.0,80
LOND,lond011,Violation_201,6,O1,32.78902,7.0,80
LOND,lond011,Violation_201,6,O2,24.29872,7.0,80
LOND,lond011,Violation_201,7,Pz,4.791617,12.0,100
LOND,lond011,Violation_201,7,Cz,3.893003,12.0,100
LOND,lond011,Violation_201,7,CP1,6.40614,12.0,100
LOND,lond011,Violation_201,7,CP2,11.75213,12.0,100
LOND,lond011,Violation_201,7,P3,5.520129,12.0,100
LOND,lond011,Violation_201,7,P4,-0.9797421,12.0,100
LOND,lond011,Violation_201,7,C3,5.178562,12.0,100
LOND,lond011,Violation_201,7,C4,-0.684844,12.0,100
LOND,lond011,Violation_201,7,P7,4.210949,12.0,100
LOND,lond011,Violation_201,7,P8,-2.500655,12.0,100
LOND,lond011,Violation_201,7,O1,-5.616158,12.0,100
LOND,lond011,Violation_201,7,O2,5.626287,12.0,100
LOND,lond011,Violation_201,8,Pz,17.10522,18.0,87
LOND,lond011,Violation_201,8,Cz,26.43902,18.0,87
LOND,lond011,Violation_201,8,CP1,9.368924,18.0,87
LOND,lond011,Violation_201,8,CP2,16.38067,18.0,87
LOND,lond011,Violation_201,8,P3,24.1071,18.0,87
LOND,lond011,Violation_201,8,P4,16.28218,18.0,87
LOND,lond011,Violation_201,8,C3,13.58841,18.0,87
LOND,lond011,Violation_201,8,C4,25.65365,18.0,87
LOND,lond011,Violation_201,8,P7,11.66443,18.0,87
LOND,lond011,Violation_201,8,P8,5.938022,18.0,87
LOND,lond011,Violation_201,8,O1,10.0078,18.0,87
LOND,lond011,Violation_201,8,O2,10.86313,18.0,87
LOND,lond011,Control_202,9,Pz,2.441563,13.0,97
LOND,lond011,Control_202,9,Cz,12.46991,13.0,97
LOND,lond011,Control_202,9,CP1,-1.419521,13.0,97
LOND,lond011,Control_202,9,CP2,4.616608,13.0,97
LOND,lond011,Control_202,9,P3,-1.66644,13.0,97
LOND,lond011,Control_202,9,P4,6.597703,13.0,97
LOND,lond011,Control_202,9,C3,0.6934932,13.0,97
LOND,lond011,Control_202,9,C4,0.7926108,13.0,97
LOND,lond011,Control_202,9,P7,-6.177485,13.0,97
LOND,lond011,Control_202,9,P8,-0.9435129,13.0,97
LOND,lond011,Control_202,9,O1,-2.954561,13.0,97
LOND,lond011,Control_202,9,O2,-8.598221,13.0,97
LOND,lond011,Control_202,10,Pz,38.86547,3.0,100
LOND,lond011,Control_202,10,Cz,42.76003,3.0,100
LOND,lond011,Control_202,10,CP1,36.68892,3.0,100
LOND,lond011,Control_202,10,CP2,33.37077,3.0,100
LOND,lond011,Control_202,10,P3,22.27514,3.0,100
LOND,lond011,Control_202,10,P4,14.77523,3.0,100
LOND,lond011,Control_202,10,C3,31.30984,3.0,100
LOND,lond011,Control_202,10,C4,12.40045,3.0,100
LOND,lond011,Control_202,10,P7,44.49149,3.0,100
LOND,lond011,Control_202,10,P8,14.00815,3.0,100
LOND,lond011,Control_202,10,O1,26.80257,3.0,100
LOND,lond011,Control_202,10,O2,21.82337,3.0,100
LOND,lond011,Violation_201,11,Pz,-3.416701,8.0,97
LOND,lond011,Violation_201,11,Cz,10.04646,8.0,97
LOND,lond011,Violation_201,11,CP1,-4.59617,8.0,97
LOND,lond011,Violation_201,11,CP2,-11.68421,8.0,97
LOND,lond011,Violation_201,11,P3,-9.858383,8.0,97
LOND,lond011,Violation_201,11,P4,6.175269,8.0,97
LOND,lond011,Violation_201,11,C3,-10.55282,8.0,97
LOND,lond011,Violation_201,11,C4,-4.695316,8.0,97
LOND,lond011,Violation_201,11,P7,-13.1666,8.0,97
LOND,lond011,Violation_201,11,P8,-2.008018,8.0,97
LOND,lond011,Violation_201,11,O1,-4.437634,8.0,97
LOND,lond011,Violation_201,11,O2,-12.16323,8.0,97
LOND,lond011,Violation_201,12,Pz,24.19365,9.0,93
LOND,lond011,Violation_201,12,Cz,14.02823,9.0,93
LOND,lond011,Violation_201,12,CP1,13.40043,9.0,93
LOND,lond011,Violation_201,12,CP2,9.703519,9.0,93
LOND,lond011,Violation_201,12,P3,16.75146,9.0,93
LOND,lond011,Violation_201,12,P4,27.32763,9.0,93
LOND,lond011,Violation_201,12,C3,8.661637,9.0,93
LOND,lond011,Violation_201,12,C4,25.05366,9.0,93
LOND,lond011,Violation_201,12,P7,6.396379,9.0,93
LOND,lond011,Violation_201,12,P8,8.855427,9.0,93
LOND,lond011,Violation_201,12,O1,7.521549,9.0,93
LOND,lond011,Violation_201,12,O2,11.57302,9.0,93
LOND,lond011,Control_202,13,Pz,-2.461744,4.0,93
LOND,lond011,Control_202,13,Cz,-1.090283,4.0,93
LOND,lond011,Control_202,13,CP1,-16.82272,4.0,93
LOND,lond011,Control_202,13,CP2,-18.02567,4.0,93
LOND,lond011,Control_202,13,P3,-19.02084,4.0,93
LOND,lond011,Control_202,13,P4,1.554753,4.0,93
LOND,lond011,Control_202,13,C3,-18.32737,4.0,93
LOND,lond011,Control_202,13,C4,-0.8952102,4.0,93
LOND,lond011,Control_202,13,P7,-11.42483,4.0,93
LOND,lond011,Control_202,13,P8,-14.66423,4.0,93
LOND,lond011,Control_202,13,O1,-23.42065,4.0,93
LOND,lond011,Control_202,13,O2,-21.55152,4.0,93
LOND,lond011,Control_202,14,Pz,-30.21449,20.0,90
LOND,lond011,Control_202,14,Cz,-46.29396,20.0,90
LOND,lond011,Control_202,14,CP1,-40.30917,20.0,90
LOND,lond011,Control_202,14,CP2,-44.71784,20.0,90
LOND,lond011,Control_202,14,P3,-38.9818,20.0,90
LOND,lond011,Control_202,14,P4,-40.26421,20.0,90
LOND,lond011,Control_202,14,C3,-32.85113,20.0,90
LOND,lond011,Control_202,14,C4,-60.17446,20.0,90
LOND,lond011,Control_202,14,P7,-39.75272,20.0,90
LOND,lond011,Control_202,14,P8,-34.54186,20.0,90
LOND,lond011,Control_202,14,O1,-17.44971,20.0,90
LOND,lond011,Control_202,14,O2,-35.3485,20.0,90
LOND,lond011,Control_202,15,Pz,15.70159,19.0,100
LOND,lond011,Control_202,15,Cz,-6.123951,19.0,100
LOND,lond011,Control_202,15,CP1,2.359527,19.0,100
LOND,lond011,Control_202,15,CP2,12.95276,19.0,100
LOND,lond011,Control_202,15,P3,5.387923,19.0,100
LOND,lond011,Control_202,15,P4,11.24279,19.0,100
LOND,lond011,Control_202,15,C3,-9.262701,19.0,100
LOND,lond011,Control_202,15,C4,9.915595,19.0,100
LOND,lond011,Control_202,15,P7,8.575995,19.0,100
LOND,lond011,Control_202,15,P8,4.591737,19.0,100
LOND,lond011,Control_202,15,O1,-1.095292,19.0,100
LOND,lond011,Control_202,15,O2,17.24665,19.0,100
LOND,lond011,Control_202,16,Pz,14.62412,15.0,90
LOND,lond011,Control_202,16,Cz,-10.24537,15.0,90
LOND,lond011,Control_202,16,CP1,3.81532,15.0,90
LOND,lond011,Control_202,16,CP2,9.905243,15.0,90
LOND,lond011,Control_202,16,P3,18.5564,15.0,90
LOND,lond011,Control_202,16,P4,10.60045,15.0,90
LOND,lond011,Control_202,16,C3,-4.374268,15.0,90
LOND,lond011,Control_202,16,C4,-1.441014,15.0,90
LOND,lond011,Control_202,16,P7,27.19511,15.0,90
LOND,lond011,Control_202,16,P8,-2.527697,15.0,90
LOND,lond011,Control_202,16,O1,13.08064,15.0,90
LOND,lond011,Control_202,16,O2,22.02245,15.0,90
LOND,lond011,Violation_201,17,Pz,-8.186984,14.0,90
LOND,lond011,Violation_201,17,Cz,4.068678,14.0,90
LOND,lond011,Violation_201,17,CP1,11.04967,14.0,90
LOND,lond011,Violation_201,17,CP2,-3.028196,14.0,90
LOND,lond011,Violation_201,17,P3,3.605107,14.0,90
LOND,lond011,Violation_201,17,P4,-6.76206,14.0,90
LOND,lond011,Violation_201,17,C3,12.1582,14.0,90
LOND,lond011,Violation_201,17,C4,2.191832,14.0,90
LOND,lond011,Violation_201,17,P7,-13.75881,14.0,90
LOND,lond011,Violation_201,17,P8,9.201027,14.0,90
LOND,lond011,Violation_201,17,O1,7.786386,14.0,90
LOND,lond011,Violation_201,17,O2,-6.678928,14.0,90
LOND,lond011,Control_202,18,Pz,14.15304,1.0,97
LOND,lond011,Control_202,18,Cz,-3.639882,1.0,97
LOND,lond011,Control_202,18,CP1,10.78113,1.0,97
LOND,lond011,Control_202,18,CP2,3.622035,1.0,97
LOND,lond011,Control_202,18,P3,-0.781922,1.0,97
LOND,lond011,Control_202,18,P4,-7.122234,1.0,97
LOND,lond011,Control_202,18,C3,8.287373,1.0,97
LOND,lond011,Control_202,18,C4,-6.141165,1.0,97
LOND,lond011,Control_202,18,P7,5.627001,1.0,97
LOND,lond011,Control_202,18,P8,3.851128,1.0,97
LOND,lond011,Control_202,18,O1,4.410884,1.0,97
LOND,lond011,Control_202,18,O2,-0.4320922,1.0,97
LOND,lond011,Violation_201,19,Pz,-6.863884,5.0,93
LOND,lond011,Violation_201,19,Cz,-5.892554,5.0,93
LOND,lond011,Violation_201,19,CP1,-1.673646,5.0,93
LOND,lond011,Violation_201,19,CP2,1.280468,5.0,93
LOND,lond011,Violation_201,19,P3,-3.196953,5.0,93
LOND,lond011,Violation_201,19,P4,1.3981,5.0,93
LOND,lond011,Violation_201,19,C3,-0.6142612,5.0,93
LOND,lond011,Violation_201,19,C4,-0.1558574,5.0,93
LOND,lond011,Violation_201,19,P7,-1.065944,5.0,93
LOND,lond011,Violation_201,19,P8,1.415846,5.0,93
LOND,lond011,Violation_201,19,O1,-0.3480497,5.0,93
LOND,lond011,Violation_201,19,O2,3.636258,5.0,93
LOND,lond011,Violation_201,20,Pz,-7.013315,10.0,80
LOND,lond011,Violation_201,20,Cz,0.6361353,10.0,80
LOND,lond011,Violation_201,20,CP1,5.476299,10.0,80
LOND,lond011,Violation_201,20,CP2,1.264146,10.0,80
LOND,lond011,Violation_201,20,P3,4.823375,10.0,80
LOND,lond011,Violation_201,20,P4,-10.69981,10.0,80
LOND,lond011,Violation_201,20,C3,10.37716,10.0,80
LOND,lond011,Violation_201,20,C4,0.7785814,10.0,80
LOND,lond011,Violation_201,20,P7,11.21265,10.0,80
LOND,lond011,Violation_201,20,P8,5.903551,10.0,80
LOND,lond011,Violation_201,20,O1,6.7223,10.0,80
LOND,lond011,Violation_201,20,O2,3.203599,10.0,80
LOND,lond011,Control_202,21,Pz,-16.25964,32.0,80
LOND,lond011,Control_202,21,Cz,-10.10413,32.0,80
LOND,lond011,Control_202,21,CP1,-4.35606,32.0,80
LOND,lond011,Control_202,21,CP2,-10.24172,32.0,80
LOND,lond011,Control_202,21,P3,-0.9318392,32.0,80
LOND,lond011,Control_202,21,P4,-17.24802,32.0,80
LOND,lond011,Control_202,21,C3,0.008950359,32.0,80
LOND,lond011,Control_202,21,C4,-11.84436,32.0,80
LOND,lond011,Control_202,21,P7,0.3054884,32.0,80
LOND,lond011,Control_202,21,P8,1.053432,32.0,80
LOND,lond011,Control_202,21,O1,3.688416,32.0,80
LOND,lond011,Control_202,21,O2,-3.634816,32.0,80
LOND,lond011,Control_202,22,Pz,-6.630297,24.0,93
LOND,lond011,Control_202,22,Cz,2.418902,24.0,93
LOND,lond011,Control_202,22,CP1,1.974835,24.0,93
LOND,lond011,Control_202,22,CP2,1.361663,24.0,93
LOND,lond011,Control_202,22,P3,-2.737655,24.0,93
LOND,lond011,Control_202,22,P4,4.518868,24.0,93
LOND,lond011,Control_202,22,C3,8.090141,24.0,93
LOND,lond011,Control_202,22,C4,6.586156,24.0,93
LOND,lond011,Control_202,22,P7,-3.029298,24.0,93
LOND,lond011,Control_202,22,P8,-4.604845,24.0,93
LOND,lond011,Control_202,22,O1,-0.4227596,24.0,93
LOND,lond011,Control_202,22,O2,3.994456,24.0,93
LOND,lond011,Violation_201,23,Pz,10.60607,25.0,97
LOND,lond011,Violation_201,23,Cz,16.05019,25.0,97
LOND,lond011,Violation_201,23,CP1,22.3393,25.0,97
LOND,lond011,Violation_201,23,CP2,8.433025,25.0,97
LOND,lond011,Violation_201,23,P3,20.07192,25.0,97
LOND,lond011,Violation_201,23,P4,8.829363,25.0,97
LOND,lond011,Violation_201,23,C3,18.99593,25.0,97
LOND,lond011,Violation_201,23,C4,17.90323,25.0,97
LOND,lond011,Violation_201,23,P7,10.94205,25.0,97
LOND,lond011,Violation_201,23,P8,18.95138,25.0,97
LOND,lond011,Violation_201,23,O1,14.87182,25.0,97
LOND,lond011,Violation_201,23,O2,6.196984,25.0,97
LOND,lond011,Control_202,24,Pz,-12.40083,31.0,77
LOND,lond011,Control_202,24,Cz,7.526185,31.0,77
LOND,lond011,Control_202,24,CP1,-18.35615,31.0,77
LOND,lond011,Control_202,24,CP2,-12.69989,31.0,77
LOND,lond011,Control_202,24,P3,-26.78445,31.0,77
LOND,lond011,Control_202,24,P4,-13.14881,31.0,77
LOND,lond011,Control_202,24,C3,-15.98634,31.0,77
LOND,lond011,Control_202,24,C4,-11.33437,31.0,77
LOND,lond011,Control_202,24,P7,-32.82069,31.0,77
LOND,lond011,Control_202,24,P8,-29.10824,31.0,77
LOND,lond011,Control_202,24,O1,-20.58716,31.0,77
LOND,lond011,Control_202,24,O2,-15.81027,31.0,77
LOND,lond011,Violation_201,25,Pz,-14.13207,38.0,93
LOND,lond011,Violation_201,25,Cz,-32.42956,38.0,93
LOND,lond011,Violation_201,25,CP1,-29.85857,38.0,93
LOND,lond011,Violation_201,25,CP2,-15.05577,38.0,93
LOND,lond011,Violation_201,25,P3,-12.90858,38.0,93
LOND,lond011,Violation_201,25,P4,-20.14947,38.0,93
LOND,lond011,Violation_201,25,C3,-27.44197,38.0,93
LOND,lond011,Violation_201,25,C4,-16.43046,38.0,93
LOND,lond011,Violation_201,25,P7,-15.0469,38.0,93
LOND,lond011,Violation_201,25,P8,-5.188142,38.0,93
LOND,lond011,Violation_201,25,O1,-12.78459,38.0,93
LOND,lond011,Violation_201,25,O2,-5.011171,38.0,93
LOND,lond011,Violation_201,26,Pz,-9.577005,23.0,93
LOND,lond011,Violation_201,26,Cz,9.526056,23.0,93
LOND,lond011,Violation_201,26,CP1,8.194437,23.0,93
LOND,lond011,Violation_201,26,CP2,9.651766,23.0,93
LOND,lond011,Violation_201,26,P3,4.628773,23.0,93
LOND,lond011,Violation_201,26,P4,4.38867,23.0,93
LOND,lond011,Violation_201,26,C3,4.775238,23.0,93
LOND,lond011,Violation_201,26,C4,0.2679695,23.0,93
LOND,lond011,Violation_201,26,P7,1.02534,23.0,93
LOND,lond011,Violation_201,26,P8,-2.727675,23.0,93
LOND,lond011,Violation_201,26,O1,-7.253446,23.0,93
LOND,lond011,Violation_201,26,O2,-3.412212,23.0,93
LOND,lond011,Control_202,27,Pz,27.28245,37.0,80
LOND,lond011,Control_202,27,Cz,16.85952,37.0,80
LOND,lond011,Control_202,27,CP1,14.06003,37.0,80
LOND,lond011,Control_202,27,CP2,24.02489,37.0,80
LOND,lond011,Control_202,27,P3,24.03548,37.0,80
LOND,lond011,Control_202,27,P4,18.38415,37.0,80
LOND,lond011,Control_202,27,C3,25.7996,37.0,80
LOND,lond011,Control_202,27,C4,19.83149,37.0,80
LOND,lond011,Control_202,27,P7,8.648123,37.0,80
LOND,lond011,Control_202,27,P8,24.12724,37.0,80
LOND,lond011,Control_202,27,O1,8.19477,37.0,80
LOND,lond011,Control_202,27,O2,19.20558,37.0,80
LOND,lond011,Violation_201,28,Pz,-5.256667,26.0,87
LOND,lond011,Violation_201,28,Cz,6.850092,26.0,87
LOND,lond011,Violation_201,28,CP1,1.033838,26.0,87
LOND,lond011,Violation_201,28,CP2,14.47081,26.0,87
LOND,lond011,Violation_201,28,P3,8.148305,26.0,87
LOND,lond011,Violation_201,28,P4,9.869701,26.0,87
LOND,lond011,Violation_201,28,C3,9.853991,26.0,87
LOND,lond011,Violation_201,28,C4,15.82163,26.0,87
LOND,lond011,Violation_201,28,P7,6.124338,26.0,87
LOND,lond011,Violation_201,28,P8,3.398331,26.0,87
LOND,lond011,Violation_201,28,O1,-10.98037,26.0,87
LOND,lond011,Violation_201,28,O2,-16.29112,26.0,87
LOND,lond011,Violation_201,29,Pz,-6.32599,29.0,90
LOND,lond011,Violation_201,29,Cz,-30.36005,29.0,90
LOND,lond011,Violation_201,29,CP1,-19.36611,29.0,90
LOND,lond011,Violation_201,29,CP2,-3.25242,29.0,90
LOND,lond011,Violation_201,29,P3,-13.31914,29.0,90
LOND,lond011,Violation_201,29,P4,0.5370807,29.0,90
LOND,lond011,Violation_201,29,C3,-28.29714,29.0,90
LOND,lond011,Violation_201,29,C4,-23.57588,29.0,90
LOND,lond011,Violation_201,29,P7,-12.63803,29.0,90
LOND,lond011,Violation_201,29,P8,-24.0767,29.0,90
LOND,lond011,Violation_201,29,O1,-21.62633,29.0,90
LOND,lond011,Violation_201,29,O2,-22.71274,29.0,90
LOND,lond011,Control_202,30,Pz,22.93746,27.0,97
LOND,lond011,Control_202,30,Cz,-2.309507,27.0,97
LOND,lond011,Control_202,30,CP1,12.0268,27.0,97
LOND,lond011,Control_202,30,CP2,14.49524,27.0,97
LOND,lond011,Control_202,30,P3,20.00703,27.0,97
LOND,lond011,Control_202,30,P4,16.11182,27.0,97
LOND,lond011,Control_202,30,C3,8.667815,27.0,97
LOND,lond011,Control_202,30,C4,6.223977,27.0,97
LOND,lond011,Control_202,30,P7,15.51655,27.0,97
LOND,lond011,Control_202,30,P8,13.18451,27.0,97
LOND,lond011,Control_202,30,O1,9.825147,27.0,97
LOND,lond011,Control_202,30,O2,19.59097,27.0,97
LOND,lond011,Violation_201,31,Pz,10.57005,22.0,53
LOND,lond011,Violation_201,31,Cz,-0.5224537,22.0,53
LOND,lond011,Violation_201,31,CP1,4.530272,22.0,53
LOND,lond011,Violation_201,31,CP2,3.496459,22.0,53
LOND,lond011,Violation_201,31,P3,5.259953,22.0,53
LOND,lond011,Violation_201,31,P4,-2.38748,22.0,53
LOND,lond011,Violation_201,31,C3,2.139564,22.0,53
LOND,lond011,Violation_201,31,C4,-9.543295,22.0,53
LOND,lond011,Violation_201,31,P7,19.94044,22.0,53
LOND,lond011,Violation_201,31,P8,0.8608692,22.0,53
LOND,lond011,Violation_201,31,O1,5.190716,22.0,53
LOND,lond011,Violation_201,31,O2,3.852829,22.0,53
LOND,lond011,Control_202,32,Pz,1.126196,39.0,97
LOND,lond011,Control_202,32,Cz,-17.31561,39.0,97
LOND,lond011,Control_202,32,CP1,-7.798524,39.0,97
LOND,lond011,Control_202,32,CP2,-2.792739,39.0,97
LOND,lond011,Control_202,32,P3,-2.627563,39.0,97
LOND,lond011,Control_202,32,P4,1.521452,39.0,97
LOND,lond011,Control_202,32,C3,-12.45765,39.0,97
LOND,lond011,Control_202,32,C4,-8.073668,39.0,97
LOND,lond011,Control_202,32,P7,-14.50553,39.0,97
LOND,lond011,Control_202,32,P8,5.854337,39.0,97
LOND,lond011,Control_202,32,O1,-12.51183,39.0,97
LOND,lond011,Control_202,32,O2,-10.38589,39.0,97
LOND,lond011,Control_202,33,Pz,-6.847003,21.0,77
LOND,lond011,Control_202,33,Cz,-12.69915,21.0,77
LOND,lond011,Control_202,33,CP1,7.337987,21.0,77
LOND,lond011,Control_202,33,CP2,-5.333281,21.0,77
LOND,lond011,Control_202,33,P3,-6.746192,21.0,77
LOND,lond011,Control_202,33,P4,-5.979544,21.0,77
LOND,lond011,Control_202,33,C3,-0.3193703,21.0,77
LOND,lond011,Control_202,33,C4,-11.40584,21.0,77
LOND,lond011,Control_202,33,P7,11.78937,21.0,77
LOND,lond011,Control_202,33,P8,11.15447,21.0,77
LOND,lond011,Control_202,33,O1,10.10561,21.0,77
LOND,lond011,Control_202,33,O2,31.4562,21.0,77
LOND,lond011,Violation_201,34,Pz,16.87155,36.0,77
LOND,lond011,Violation_201,34,Cz,14.44421,36.0,77
LOND,lond011,Violation_201,34,CP1,21.31522,36.0,77
LOND,lond011,Violation_201,34,CP2,6.128337,36.0,77
LOND,lond011,Violation_201,34,P3,3.647972,36.0,77
LOND,lond011,Violation_201,34,P4,13.59779,36.0,77
LOND,lond011,Violation_201,34,C3,-1.545874,36.0,77
LOND,lond011,Violation_201,34,C4,-3.644821,36.0,77
LOND,lond011,Violation_201,34,P7,-4.826534,36.0,77
LOND,lond011,Violation_201,34,P8,-5.732112,36.0,77
LOND,lond011,Violation_201,34,O1,2.592747,36.0,77
LOND,lond011,Violation_201,34,O2,-6.386975,36.0,77
LOND,lond011,Control_202,35,Pz,-0.8120006,35.0,97
LOND,lond011,Control_202,35,Cz,4.215638,35.0,97
LOND,lond011,Control_202,35,CP1,7.598721,35.0,97
LOND,lond011,Control_202,35,CP2,10.24883,35.0,97
LOND,lond011,Control_202,35,P3,1.012089,35.0,97
LOND,lond011,Control_202,35,P4,9.94649,35.0,97
LOND,lond011,Control_202,35,C3,-0.2235753,35.0,97
LOND,lond011,Control_202,35,C4,6.541123,35.0,97
LOND,lond011,Control_202,35,P7,-21.08049,35.0,97
LOND,lond011,Control_202,35,P8,9.71781,35.0,97
LOND,lond011,Control_202,35,O1,-2.812604,35.0,97
LOND,lond011,Control_202,35,O2,5.507064,35.0,97
LOND,lond011,Violation_201,36,Pz,1.507764,30.0,90
LOND,lond011,Violation_201,36,Cz,6.83104,30.0,90
LOND,lond011,Violation_201,36,CP1,20.37746,30.0,90
LOND,lond011,Violation_201,36,CP2,4.281864,30.0,90
LOND,lond011,Violation_201,36,P3,17.68248,30.0,90
LOND,lond011,Violation_201,36,P4,10.04212,30.0,90
LOND,lond011,Violation_201,36,C3,21.94289,30.0,90
LOND,lond011,Violation_201,36,C4,11.64526,30.0,90
LOND,lond011,Violation_201,36,P7,20.5122,30.0,90
LOND,lond011,Violation_201,36,P8,2.296126,30.0,90
LOND,lond011,Violation_201,36,O1,10.24065,30.0,90
LOND,lond011,Violation_201,36,O2,-8.140572,30.0,90
LOND,lond011,Control_202,37,Pz,-4.790104,40.0,93
LOND,lond011,Control_202,37,Cz,2.152948,40.0,93
LOND,lond011,Control_202,37,CP1,5.563248,40.0,93
LOND,lond011,Control_202,37,CP2,3.864903,40.0,93
LOND,lond011,Control_202,37,P3,1.918109,40.0,93
LOND,lond011,Control_202,37,P4,-0.1762987,40.0,93
LOND,lond011,Control_202,37,C3,6.643737,40.0,93
LOND,lond011,Control_202,37,C4,2.724612,40.0,93
LOND,lond011,Control_202,37,P7,1.575067,40.0,93
LOND,lond011,Control_202,37,P8,2.740781,40.0,93
LOND,lond011,Control_202,37,O1,8.809058,40.0,93
LOND,lond011,Control_202,37,O2,7.923292,40.0,93
LOND,lond011,Control_202,38,Pz,0.5708532,34.0,97
LOND,lond011,Control_202,38,Cz,4.142069,34.0,97
LOND,lond011,Control_202,38,CP1,3.904727,34.0,97
LOND,lond011,Control_202,38,CP2,-2.27616,34.0,97
LOND,lond011,Control_202,38,P3,4.578787,34.0,97
LOND,lond011,Control_202,38,P4,21.05479,34.0,97
LOND,lond011,Control_202,38,C3,-5.065994,34.0,97
LOND,lond011,Control_202,38,C4,21.48972,34.0,97
LOND,lond011,Control_202,38,P7,-3.24716,34.0,97
LOND,lond011,Control_202,38,P8,-12.61022,34.0,97
LOND,lond011,Control_202,38,O1,-5.922385,34.0,97
LOND,lond011,Control_202,38,O2,-4.790137,34.0,97
LOND,lond011,Violation_201,39,Pz,6.068455,33.0,53
LOND,lond011,Violation_201,39,Cz,-1.927569,33.0,53
LOND,lond011,Violation_201,39,CP1,-4.027254,33.0,53
LOND,lond011,Violation_201,39,CP2,-8.284216,33.0,53
LOND,lond011,Violation_201,39,P3,4.899762,33.0,53
LOND,lond011,Violation_201,39,P4,-6.141325,33.0,53
LOND,lond011,Violation_201,39,C3,7.198504,33.0,53
LOND,lond011,Violation_201,39,C4,-3.637619,33.0,53
LOND,lond011,Violation_201,39,P7,-5.26208,33.0,53
LOND,lond011,Violation_201,39,P8,2.919951,33.0,53
LOND,lond011,Violation_201,39,O1,3.150249,33.0,53
LOND,lond011,Violation_201,39,O2,5.591983,33.0,53
LOND,lond011,Violation_201,40,Pz,17.11679,28.0,27
LOND,lond011,Violation_201,40,Cz,28.81486,28.0,27
LOND,lond011,Violation_201,40,CP1,18.90654,28.0,27
LOND,lond011,Violation_201,40,CP2,31.86066,28.0,27
LOND,lond011,Violation_201,40,P3,19.13279,28.0,27
LOND,lond011,Violation_201,40,P4,25.12472,28.0,27
LOND,lond011,Violation_201,40,C3,18.28382,28.0,27
LOND,lond011,Violation_201,40,C4,29.1398,28.0,27
LOND,lond011,Violation_201,40,P7,3.716696,28.0,27
LOND,lond011,Violation_201,40,P8,19.91552,28.0,27
LOND,lond011,Violation_201,40,O1,12.10306,28.0,27
LOND,lond011,Violation_201,40,O2,17.46964,28.0,27
LOND,lond012,Control_202,1,Pz,-6.834748,9.0,93
LOND,lond012,Control_202,1,Cz,7.500748,9.0,93
LOND,lond012,Control_202,1,CP1,3.622491,9.0,93
LOND,lond012,Control_202,1,CP2,6.110749,9.0,93
LOND,lond012,Control_202,1,P3,9.350094,9.0,93
LOND,lond012,Control_202,1,P4,5.464232,9.0,93
LOND,lond012,Control_202,1,C3,-59.50957,9.0,93
LOND,lond012,Control_202,1,C4,-3.019948,9.0,93
LOND,lond012,Control_202,1,P7,-30.20467,9.0,93
LOND,lond012,Control_202,1,P8,13.63543,9.0,93
LOND,lond012,Control_202,1,O1,-5.870076,9.0,93
LOND,lond012,Control_202,1,O2,-1.188769,9.0,93
LOND,lond012,Violation_201,2,Pz,-9.479258,19.0,100
LOND,lond012,Violation_201,2,Cz,-19.22991,19.0,100
LOND,lond012,Violation_201,2,CP1,-9.531603,19.0,100
LOND,lond012,Violation_201,2,CP2,-8.914102,19.0,100
LOND,lond012,Violation_201,2,P3,-22.71059,19.0,100
LOND,lond012,Violation_201,2,P4,-17.97701,19.0,100
LOND,lond012,Violation_201,2,C3,-6.823963,19.0,100
LOND,lond012,Violation_201,2,C4,-13.4315,19.0,100
LOND,lond012,Violation_201,2,P7,11.34167,19.0,100
LOND,lond012,Violation_201,2,P8,-1.18885,19.0,100
LOND,lond012,Violation_201,2,O1,-0.7729954,19.0,100
LOND,lond012,Violation_201,2,O2,-8.436855,19.0,100
LOND,lond012,Violation_201,3,Pz,11.56645,20.0,90
LOND,lond012,Violation_201,3,Cz,1.671477,20.0,90
LOND,lond012,Violation_201,3,CP1,-4.147972,20.0,90
LOND,lond012,Violation_201,3,CP2,-5.851199,20.0,90
LOND,lond012,Violation_201,3,P3,6.236733,20.0,90
LOND,lond012,Violation_201,3,P4,-2.501026,20.0,90
LOND,lond012,Violation_201,3,C3,5.915459,20.0,90
LOND,lond012,Violation_201,3,C4,6.028011,20.0,90
LOND,lond012,Violation_201,3,P7,14.01961,20.0,90
LOND,lond012,Violation_201,3,P8,10.36406,20.0,90
LOND,lond012,Violation_201,3,O1,12.57118,20.0,90
LOND,lond012,Violation_201,3,O2,0.3237923,20.0,90
LOND,lond012,Control_202,4,Pz,12.12338,10.0,80
LOND,lond012,Control_202,4,Cz,32.06997,10.0,80
LOND,lond012,Control_202,4,CP1,7.336176,10.0,80
LOND,lond012,Control_202,4,CP2,9.612483,10.0,80
LOND,lond012,Control_202,4,P3,16.22613,10.0,80
LOND,lond012,Control_202,4,P4,14.09689,10.0,80
LOND,lond012,Control_202,4,C3,20.65855,10.0,80
LOND,lond012,Control_202,4,C4,-0.5636136,10.0,80
LOND,lond012,Control_202,4,P7,-28.94822,10.0,80
LOND,lond012,Control_202,4,P8,22.82926,10.0,80
LOND,lond012,Control_202,4,O1,17.73271,10.0,80
LOND,lond012,Control_202,4,O2,20.86934,10.0,80
LOND,lond012,Control_202,5,Pz,10.5362,15.0,90
LOND,lond012,Control_202,5,Cz,-8.124385,15.0,90
LOND,lond012,Control_202,5,CP1,10.62721,15.0,90
LOND,lond012,Control_202,5,CP2,7.830461,15.0,90
LOND,lond012,Control_202,5,P3,24.76802,15.0,90
LOND,lond012,Control_202,5,P4,10.6521,15.0,90
LOND,lond012,Control_202,5,C3,10.28014,15.0,90
LOND,lond012,Control_202,5,C4,3.195154,15.0,90
LOND,lond012,Control_202,5,P7,-13.92835,15.0,90
LOND,lond012,Control_202,5,P8,14.15143,15.0,90
LOND,lond012,Control_202,5,O1,23.09321,15.0,90
LOND,lond012,Control_202,5,O2,37.2768,15.0,90
LOND,lond012,Control_202,6,Pz,-3.654725,16.0,93
LOND,lond012,Control_202,6,Cz,-5.920322,16.0,93
LOND,lond012,Control_202,6,CP1,-11.50496,16.0,93
LOND,lond012,Control_202,6,CP2,-22.72493,16.0,93
LOND,lond012,Control_202,6,P3,-15.04876,16.0,93
LOND,lond012,Control_202,6,P4,-14.07856,16.0,93
LOND,lond012,Control_202,6,C3,-10.77668,16.0,93
LOND,lond012,Control_202,6,C4,-6.366318,16.0,93
LOND,lond012,Control_202,6,P7,-17.21219,16.0,93
LOND,lond012,Control_202,6,P8,-5.810262,16.0,93
LOND,lond012,Control_202,6,O1,-26.43744,16.0,93
LOND,lond012,Control_202,6,O2,-11.36728,16.0,93
LOND,lond012,Violation_201,7,Pz,12.9561,14.0,90
LOND,lond012,Violation_201,7,Cz,0.9230723,14.0,90
LOND,lond012,Violation_201,7,CP1,7.019385,14.0,90
LOND,lond012,Violation_201,7,CP2,9.947583,14.0,90
LOND,lond012,Violation_201,7,P3,12.372,14.0,90
LOND,lond012,Violation_201,7,P4,12.01972,14.0,90
LOND,lond012,Violation_201,7,C3,16.96467,14.0,90
LOND,lond012,Violation_201,7,C4,1.973207,14.0,90
LOND,lond012,Violation_201,7,P7,8.938589,14.0,90
LOND,lond012,Violation_201,7,P8,29.90241,14.0,90
LOND,lond012,Violation_201,7,O1,9.8189,14.0,90
LOND,lond012,Violation_201,7,O2,35.06711,14.0,90
LOND,lond012,Control_202,8,Pz,15.26818,17.0,62
LOND,lond012,Control_202,8,Cz,6.148729,17.0,62
LOND,lond012,Control_202,8,CP1,-0.949262,17.0,62
LOND,lond012,Control_202,8,CP2,29.49603,17.0,62
LOND,lond012,Control_202,8,P3,24.76378,17.0,62
LOND,lond012,Control_202,8,P4,21.53333,17.0,62
LOND,lond012,Control_202,8,C3,6.025142,17.0,62
LOND,lond012,Control_202,8,C4,6.669975,17.0,62
LOND,lond012,Control_202,8,P7,-6.491146,17.0,62
LOND,lond012,Control_202,8,P8,22.53345,17.0,62
LOND,lond012,Control_202,8,O1,19.78878,17.0,62
LOND,lond012,Control_202,8,O2,-45.08641,17.0,62
LOND,lond012,Violation_201,9,Pz,-5.943757,4.0,93
LOND,lond012,Violation_201,9,Cz,-1.562415,4.0,93
LOND,lond012,Violation_201,9,CP1,-0.8163114,4.0,93
LOND,lond012,Violation_201,9,CP2,3.417808,4.0,93
LOND,lond012,Violation_201,9,P3,-11.99931,4.0,93
LOND,lond012,Violation_201,9,P4,5.564998,4.0,93
LOND,lond012,Violation_201,9,C3,0.4826337,4.0,93
LOND,lond012,Violation_201,9,C4,9.113114,4.0,93
LOND,lond012,Violation_201,9,P7,46.46895,4.0,93
LOND,lond012,Violation_201,9,P8,2.477278,4.0,93
LOND,lond012,Violation_201,9,O1,2.362762,4.0,93
LOND,lond012,Violation_201,9,O2,-5.291168,4.0,93
LOND,lond012,Violation_201,10,Pz,10.51046,1.0,97
LOND,lond012,Violation_201,10,Cz,8.455877,1.0,97
LOND,lond012,Violation_201,10,CP1,15.17427,1.0,97
LOND,lond012,Violation_201,10,CP2,-7.344555,1.0,97
LOND,lond012,Violation_201,10,P3,15.73881,1.0,97
LOND,lond012,Violation_201,10,P4,16.91602,1.0,97
LOND,lond012,Violation_201,10,C3,19.79796,1.0,97
LOND,lond012,Violation_201,10,C4,14.43472,1.0,97
LOND,lond012,Violation_201,10,P7,17.86061,1.0,97
LOND,lond012,Violation_201,10,P8,-5.184029,1.0,97
LOND,lond012,Violation_201,10,O1,32.03445,1.0,97
LOND,lond012,Violation_201,10,O2,16.26678,1.0,97
LOND,lond012,Violation_201,11,Pz,4.46515,3.0,100
LOND,lond012,Violation_201,11,Cz,4.432093,3.0,100
LOND,lond012,Violation_201,11,CP1,4.421465,3.0,100
LOND,lond012,Violation_201,11,CP2,-10.4594,3.0,100
LOND,lond012,Violation_201,11,P3,3.666894,3.0,100
LOND,lond012,Violation_201,11,P4,3.535456,3.0,100
LOND,lond012,Violation_201,11,C3,1.810256,3.0,100
LOND,lond012,Violation_201,11,C4,-1.158338,3.0,100
LOND,lond012,Violation_201,11,P7,4.263418,3.0,100
LOND,lond012,Violation_201,11,P8,3.365685,3.0,100
LOND,lond012,Violation_201,11,O1,11.94186,3.0,100
LOND,lond012,Violation_201,11,O2,-5.151509,3.0,100
LOND,lond012,Violation_201,12,Pz,0.7214978,5.0,93
LOND,lond012,Violation_201,12,Cz,-3.233315,5.0,93
LOND,lond012,Violation_201,12,CP1,-9.350875,5.0,93
LOND,lond012,Violation_201,12,CP2,-22.67264,5.0,93
LOND,lond012,Violation_201,12,P3,-3.61724,5.0,93
LOND,lond012,Violation_201,12,P4,-3.092866,5.0,93
LOND,lond012,Violation_201,12,C3,-18.75224,5.0,93
LOND,lond012,Violation_201,12,C4,-15.37289,5.0,93
LOND,lond012,Violation_201,12,P7,-0.9366652,5.0,93
LOND,lond012,Violation_201,12,P8,5.987192,5.0,93
LOND,lond012,Violation_201,12,O1,-12.39412,5.0,93
LOND,lond012,Violation_201,12,O2,-8.380647,5.0,93
LOND,lond012,Violation_201,13,Pz,15.6987,11.0,87
LOND,lond012,Violation_201,13,Cz,6.167312,11.0,87
LOND,lond012,Violation_201,13,CP1,11.31949,11.0,87
LOND,lond012,Violation_201,13,CP2,15.6318,11.0,87
LOND,lond012,Violation_201,13,P3,10.84234,11.0,87
LOND,lond012,Violation_201,13,P4,26.20029,11.0,87
LOND,lond012,Violation_201,13,C3,18.03715,11.0,87
LOND,lond012,Violation_201,13,C4,11.50521,11.0,87
LOND,lond012,Violation_201,13,P7,-6.51273,11.0,87
LOND,lond012,Violation_201,13,P8,11.77367,11.0,87
LOND,lond012,Violation_201,13,O1,-5.714799,11.0,87
LOND,lond012,Violation_201,13,O2,42.1468,11.0,87
LOND,lond012,Violation_201,14,Pz,13.03919,6.0,100
LOND,lond012,Violation_201,14,Cz,14.33314,6.0,100
LOND,lond012,Violation_201,14,CP1,11.65234,6.0,100
LOND,lond012,Violation_201,14,CP2,19.65903,6.0,100
LOND,lond012,Violation_201,14,P3,-1.918854,6.0,100
LOND,lond012,Violation_201,14,P4,-0.42802,6.0,100
LOND,lond012,Violation_201,14,C3,40.85969,6.0,100
LOND,lond012,Violation_201,14,C4,18.00095,6.0,100
LOND,lond012,Violation_201,14,P7,13.04634,6.0,100
LOND,lond012,Violation_201,14,P8,11.60361,6.0,100
LOND,lond012,Violation_201,14,O1,11.47135,6.0,100
LOND,lond012,Violation_201,14,O2,11.62611,6.0,100
LOND,lond012,Control_202,15,Pz,-0.6186739,7.0,80
LOND,lond012,Control_202,15,Cz,3.924412,7.0,80
LOND,lond012,Control_202,15,CP1,1.014089,7.0,80
LOND,lond012,Control_202,15,CP2,11.50327,7.0,80
LOND,lond012,Control_202,15,P3,-1.732874,7.0,80
LOND,lond012,Control_202,15,P4,2.42239,7.0,80
LOND,lond012,Control_202,15,C3,2.164738,7.0,80
LOND,lond012,Control_202,15,C4,-2.927848,7.0,80
LOND,lond012,Control_202,15,P7,39.64291,7.0,80
LOND,lond012,Control_202,15,P8,-7.036015,7.0,80
LOND,lond012,Control_202,15,O1,9.80045,7.0,80
LOND,lond012,Control_202,15,O2,-10.68854,7.0,80
LOND,lond012,Violation_201,16,Pz,-1.860301,12.0,100
LOND,lond012,Violation_201,16,Cz,4.404744,12.0,100
LOND,lond012,Violation_201,16,CP1,-3.617649,12.0,100
LOND,lond012,Violation_201,16,CP2,-3.789729,12.0,100
LOND,lond012,Violation_201,16,P3,10.82965,12.0,100
LOND,lond012,Violation_201,16,P4,2.709642,12.0,100
LOND,lond012,Violation_201,16,C3,2.736421,12.0,100
LOND,lond012,Violation_201,16,C4,4.399776,12.0,100
LOND,lond012,Violation_201,16,P7,3.107336,12.0,100
LOND,lond012,Violation_201,16,P8,4.274658,12.0,100
LOND,lond012,Violation_201,16,O1,5.667387,12.0,100
LOND,lond012,Violation_201,16,O2,24.75003,12.0,100
LOND,lond012,Control_202,17,Pz,-4.810719,8.0,97
LOND,lond012,Control_202,17,Cz,6.740375,8.0,97
LOND,lond012,Control_202,17,CP1,-10.78,8.0,97
LOND,lond012,Control_202,17,CP2,-4.27039,8.0,97
LOND,lond012,Control_202,17,P3,6.805905,8.0,97
LOND,lond012,Control_202,17,P4,-4.552053,8.0,97
LOND,lond012,Control_202,17,C3,6.395013,8.0,97
LOND,lond012,Control_202,17,C4,6.942926,8.0,97
LOND,lond012,Control_202,17,P7,-9.486201,8.0,97
LOND,lond012,Control_202,17,P8,-1.811706,8.0,97
LOND,lond012,Control_202,17,O1,3.045758,8.0,97
LOND,lond012,Control_202,17,O2,-0.4908933,8.0,97
LOND,lond012,Control_202,18,Pz,-13.30813,13.0,97
LOND,lond012,Control_202,18,Cz,14.01939,13.0,97
LOND,lond012,Control_202,18,CP1,4.982948,13.0,97
LOND,lond012,Control_202,18,CP2,-21.93323,13.0,97
LOND,lond012,Control_202,18,P3,-15.01972,13.0,97
LOND,lond012,Control_202,18,P4,-0.3474174,13.0,97
LOND,lond012,Control_202,18,C3,9.150878,13.0,97
LOND,lond012,Control_202,18,C4,6.583618,13.0,97
LOND,lond012,Control_202,18,P7,-5.996629,13.0,97
LOND,lond012,Control_202,18,P8,-13.60937,13.0,97
LOND,lond012,Control_202,18,O1,-0.1292961,13.0,97
LOND,lond012,Control_202,18,O2,-10.75085,13.0,97
LOND,lond012,Control_202,19,Pz,-10.64045,18.0,87
LOND,lond012,Control_202,19,Cz,2.465704,18.0,87
LOND,lond012,Control_202,19,CP1,7.085838,18.0,87
LOND,lond012,Control_202,19,CP2,17.86596,18.0,87
LOND,lond012,Control_202,19,P3,10.17929,18.0,87
LOND,lond012,Control_202,19,P4,22.87929,18.0,87
LOND,lond012,Control_202,19,C3,18.91446,18.0,87
LOND,lond012,Control_202,19,C4,5.018405,18.0,87
LOND,lond012,Control_202,19,P7,5.673674,18.0,87
LOND,lond012,Control_202,19,P8,30.26694,18.0,87
LOND,lond012,Control_202,19,O1,18.86327,18.0,87
LOND,lond012,Control_202,19,O2,35.09366,18.0,87
LOND,lond012,Violation_201,20,Pz,0.4937462,2.0,100
LOND,lond012,Violation_201,20,Cz,2.52551,2.0,100
LOND,lond012,Violation_201,20,CP1,-1.862833,2.0,100
LOND,lond012,Violation_201,20,CP2,-6.465249,2.0,100
LOND,lond012,Violation_201,20,P3,-1.319468,2.0,100
LOND,lond012,Violation_201,20,P4,1.873913,2.0,100
LOND,lond012,Violation_201,20,C3,7.643437,2.0,100
LOND,lond012,Violation_201,20,C4,-11.1148,2.0,100
LOND,lond012,Violation_201,20,P7,11.66383,2.0,100
LOND,lond012,Violation_201,20,P8,-5.649217,2.0,100
LOND,lond012,Violation_201,20,O1,4.502322,2.0,100
LOND,lond012,Violation_201,20,O2,-7.496116,2.0,100
LOND,lond012,Violation_201,21,Pz,-7.293171,29.0,90
LOND,lond012,Violation_201,21,Cz,-8.536089,29.0,90
LOND,lond012,Violation_201,21,CP1,-18.09187,29.0,90
LOND,lond012,Violation_201,21,CP2,-32.16711,29.0,90
LOND,lond012,Violation_201,21,P3,-20.20424,29.0,90
LOND,lond012,Violation_201,21,P4,-6.64854,29.0,90
LOND,lond012,Violation_201,21,C3,-14.04989,29.0,90
LOND,lond012,Violation_201,21,C4,-15.32505,29.0,90
LOND,lond012,Violation_201,21,P7,-4.008967,29.0,90
LOND,lond012,Violation_201,21,P8,-4.389933,29.0,90
LOND,lond012,Violation_201,21,O1,-4.48186,29.0,90
LOND,lond012,Violation_201,21,O2,2.161081,29.0,90
LOND,lond012,Control_202,22,Pz,-23.05781,28.0,27
LOND,lond012,Control_202,22,Cz,-22.44442,28.0,27
LOND,lond012,Control_202,22,CP1,-3.270746,28.0,27
LOND,lond012,Control_202,22,CP2,-7.919799,28.0,27
LOND,lond012,Control_202,22,P3,-23.62426,28.0,27
LOND,lond012,Control_202,22,P4,-13.80978,28.0,27
LOND,lond012,Control_202,22,C3,-9.837619,28.0,27
LOND,lond012,Control_202,22,C4,1.427867,28.0,27
LOND,lond012,Control_202,22,P7,-17.66741,28.0,27
LOND,lond012,Control_202,22,P8,-5.693095,28.0,27
LOND,lond012,Control_202,22,O1,-5.413095,28.0,27
LOND,lond012,Control_202,22,O2,-46.89323,28.0,27
LOND,lond012,Control_202,23,Pz,-0.3924138,31.0,77
LOND,lond012,Control_202,23,Cz,0.90152,31.0,77
LOND,lond012,Control_202,23,CP1,1.083176,31.0,77
LOND,lond012,Control_202,23,CP2,15.42923,31.0,77
LOND,lond012,Control_202,23,P3,22.5605,31.0,77
LOND,lond012,Control_202,23,P4,19.48665,31.0,77
LOND,lond012,Control_202,23,C3,18.50179,31.0,77
LOND,lond012,Control_202,23,C4,12.00572,31.0,77
LOND,lond012,Control_202,23,P7,5.717909,31.0,77
LOND,lond012,Control_202,23,P8,12.31564,31.0,77
LOND,lond012,Control_202,23,O1,11.7966,31.0,77
LOND,lond012,Control_202,23,O2,-71.66633,31.0,77
LOND,lond012,Violation_201,24,Pz,-14.75245,27.0,97
LOND,lond012,Violation_201,24,Cz,-14.09003,27.0,97
LOND,lond012,Violation_201,24,CP1,-3.983127,27.0,97
LOND,lond012,Violation_201,24,CP2,-12.28816,27.0,97
LOND,lond012,Violation_201,24,P3,-13.75923,27.0,97
LOND,lond012,Violation_201,24,P4,-5.120193,27.0,97
LOND,lond012,Violation_201,24,C3,-4.803069,27.0,97
LOND,lond012,Violation_201,24,C4,-6.252457,27.0,97
LOND,lond012,Violation_201,24,P7,21.19607,27.0,97
LOND,lond012,Violation_201,24,P8,-6.218433,27.0,97
LOND,lond012,Violation_201,24,O1,-4.595856,27.0,97
LOND,lond012,Violation_201,24,O2,-23.5963,27.0,97
LOND,lond012,Control_202,25,Pz,-22.69786,24.0,93
LOND,lond012,Control_202,25,Cz,-25.66786,24.0,93
LOND,lond012,Control_202,25,CP1,-38.64532,24.0,93
LOND,lond012,Control_202,25,CP2,-15.27316,24.0,93
LOND,lond012,Control_202,25,P3,-2.336807,24.0,93
LOND,lond012,Control_202,25,P4,-20.35861,24.0,93
LOND,lond012,Control_202,25,C3,-14.49919,24.0,93
LOND,lond012,Control_202,25,C4,2.72603,24.0,93
LOND,lond012,Control_202,25,P7,-25.3345,24.0,93
LOND,lond012,Control_202,25,P8,-16.60961,24.0,93
LOND,lond012,Control_202,25,O1,-8.620941,24.0,93
LOND,lond012,Control_202,25,O2,50.8073,24.0,93
LOND,lond012,Violation_201,26,Pz,0.9928414,38.0,93
LOND,lond012,Violation_201,26,Cz,16.68998,38.0,93
LOND,lond012,Violation_201,26,CP1,-3.095731,38.0,93
LOND,lond012,Violation_201,26,CP2,16.71159,38.0,93
LOND,lond012,Violation_201,26,P3,1.185213,38.0,93
LOND,lond012,Violation_201,26,P4,-2.040068,38.0,93
LOND,lond012,Violation_201,26,C3,-3.384107,38.0,93
LOND,lond012,Violation_201,26,C4,-6.329582,38.0,93
LOND,lond012,Violation_201,26,P7,10.51336,38.0,93
LOND,lond012,Violation_201,26,P8,6.486489,38.0,93
LOND,lond012,Violation_201,26,O1,-6.074151,38.0,93
LOND,lond012,Violation_201,26,O2,-10.71111,38.0,93
LOND,lond012,Violation_201,27,Pz,-11.43841,34.0,97
LOND,lond012,Violation_201,27,Cz,7.08805,34.0,97
LOND,lond012,Violation_201,27,CP1,-10.44247,34.0,97
LOND,lond012,Violation_201,27,CP2,-14.69543,34.0,97
LOND,lond012,Violation_201,27,P3,-21.69492,34.0,97
LOND,lond012,Violation_201,27,P4,-16.26845,34.0,97
LOND,lond012,Violation_201,27,C3,-3.616663,34.0,97
LOND,lond012,Violation_201,27,C4,-5.19002,34.0,97
LOND,lond012,Violation_201,27,P7,-17.76331,34.0,97
LOND,lond012,Violation_201,27,P8,-15.33967,34.0,97
LOND,lond012,Violation_201,27,O1,-17.53219,34.0,97
LOND,lond012,Violation_201,27,O2,-35.25351,34.0,97
LOND,lond012,Violation_201,28,Pz,21.48464,40.0,93
LOND,lond012,Violation_201,28,Cz,17.66107,40.0,93
LOND,lond012,Violation_201,28,CP1,14.00453,40.0,93
LOND,lond012,Violation_201,28,CP2,12.96732,40.0,93
LOND,lond012,Violation_201,28,P3,24.08953,40.0,93
LOND,lond012,Violation_201,28,P4,8.101274,40.0,93
LOND,lond012,Violation_201,28,C3,18.46059,40.0,93
LOND,lond012,Violation_201,28,C4,14.53415,40.0,93
LOND,lond012,Violation_201,28,P7,-9.730737,40.0,93
LOND,lond012,Violation_201,28,P8,-1.106314,40.0,93
LOND,lond012,Violation_201,28,O1,13.49685,40.0,93
LOND,lond012,Violation_201,28,O2,53.87693,40.0,93
LOND,lond012,Violation_201,29,Pz,-12.49797,30.0,90
LOND,lond012,Violation_201,29,Cz,-24.09788,30.0,90
LOND,lond012,Violation_201,29,CP1,-11.55141,30.0,90
LOND,lond012,Violation_201,29,CP2,-8.910592,30.0,90
LOND,lond012,Violation_201,29,P3,-5.934694,30.0,90
LOND,lond012,Violation_201,29,P4,-23.57692,30.0,90
LOND,lond012,Violation_201,29,C3,-12.76924,30.0,90
LOND,lond012,Violation_201,29,C4,5.139654,30.0,90
LOND,lond012,Violation_201,29,P7,4.649038,30.0,90
LOND,lond012,Violation_201,29,P8,-8.285185,30.0,90
LOND,lond012,Violation_201,29,O1,-14.50727,30.0,90
LOND,lond012,Violation_201,29,O2,2.339208,30.0,90
LOND,lond012,Control_202,30,Pz,-3.927181,21.0,77
LOND,lond012,Control_202,30,Cz,1.643935,21.0,77
LOND,lond012,Control_202,30,CP1,-8.805516,21.0,77
LOND,lond012,Control_202,30,CP2,-2.439256,21.0,77
LOND,lond012,Control_202,30,P3,1.255364,21.0,77
LOND,lond012,Control_202,30,P4,-15.85541,21.0,77
LOND,lond012,Control_202,30,C3,0.2216582,21.0,77
LOND,lond012,Control_202,30,C4,0.5620316,21.0,77
LOND,lond012,Control_202,30,P7,-2.554997,21.0,77
LOND,lond012,Control_202,30,P8,-13.49873,21.0,77
LOND,lond012,Control_202,30,O1,-13.23205,21.0,77
LOND,lond012,Control_202,30,O2,-11.34982,21.0,77
LOND,lond012,Control_202,31,Pz,24.01507,35.0,97
LOND,lond012,Control_202,31,Cz,19.51972,35.0,97
LOND,lond012,Control_202,31,CP1,18.36831,35.0,97
LOND,lond012,Control_202,31,CP2,30.18893,35.0,97
LOND,lond012,Control_202,31,P3,26.31079,35.0,97
LOND,lond012,Control_202,31,P4,27.88605,35.0,97
LOND,lond012,Control_202,31,C3,36.35485,35.0,97
LOND,lond012,Control_202,31,C4,9.726113,35.0,97
LOND,lond012,Control_202,31,P7,35.16718,35.0,97
LOND,lond012,Control_202,31,P8,25.89081,35.0,97
LOND,lond012,Control_202,31,O1,17.57974,35.0,97
LOND,lond012,Control_202,31,O2,31.31228,35.0,97
LOND,lond012,Control_202,32,Pz,-2.251131,26.0,87
LOND,lond012,Control_202,32,Cz,11.20029,26.0,87
LOND,lond012,Control_202,32,CP1,-5.358059,26.0,87
LOND,lond012,Control_202,32,CP2,-0.8815712,26.0,87
LOND,lond012,Control_202,32,P3,-1.933822,26.0,87
LOND,lond012,Control_202,32,P4,-6.101728,26.0,87
LOND,lond012,Control_202,32,C3,-4.522464,26.0,87
LOND,lond012,Control_202,32,C4,-11.5381,26.0,87
LOND,lond012,Control_202,32,P7,-10.8949,26.0,87
LOND,lond012,Control_202,32,P8,-26.30286,26.0,87
LOND,lond012,Control_202,32,O1,-21.00529,26.0,87
LOND,lond012,Control_202,32,O2,-46.73463,26.0,87
LOND,lond012,Violation_201,33,Pz,12.8038,23.0,93
LOND,lond012,Violation_201,33,Cz,9.863524,23.0,93
LOND,lond012,Violation_201,33,CP1,-5.806095,23.0,93
LOND,lond012,Violation_201,33,CP2,-17.89107,23.0,93
LOND,lond012,Violation_201,33,P3,5.141646,23.0,93
LOND,lond012,Violation_201,33,P4,-0.2611555,23.0,93
LOND,lond012,Violation_201,33,C3,-6.400296,23.0,93
LOND,lond012,Violation_201,33,C4,-5.260049,23.0,93
LOND,lond012,Violation_201,33,P7,-57.89645,23.0,93
LOND,lond012,Violation_201,33,P8,0.9745918,23.0,93
LOND,lond012,Violation_201,33,O1,-5.216195,23.0,93
LOND,lond012,Violation_201,33,O2,35.8524,23.0,93
LOND,lond012,Control_202,34,Pz,-4.502519,39.0,97
LOND,lond012,Control_202,34,Cz,10.34876,39.0,97
LOND,lond012,Control_202,34,CP1,-1.218569,39.0,97
LOND,lond012,Control_202,34,CP2,-3.901049,39.0,97
LOND,lond012,Control_202,34,P3,9.026016,39.0,97
LOND,lond012,Control_202,34,P4,6.307441,39.0,97
LOND,lond012,Control_202,34,C3,4.076494,39.0,97
LOND,lond012,Control_202,34,C4,-10.52397,39.0,97
LOND,lond012,Control_202,34,P7,-10.1148,39.0,97
LOND,lond012,Control_202,34,P8,11.53063,39.0,97
LOND,lond012,Control_202,34,O1,8.186327,39.0,97
LOND,lond012,Control_202,34,O2,-17.86181,39.0,97
LOND,lond012,Control_202,35,Pz,-1.591061,22.0,53
LOND,lond012,Control_202,35,Cz,-20.43896,22.0,53
LOND,lond012,Control_202,35,CP1,-19.04377,22.0,53
LOND,lond012,Control_202,35,CP2,-9.438855,22.0,53
LOND,lond012,Control_202,35,P3,-2.396983,22.0,53
LOND,lond012,Control_202,35,P4,-15.28756,22.0,53
LOND,lond012,Control_202,35,C3,-7.261078,22.0,53
LOND,lond012,Control_202,35,C4,-16.24489,22.0,53
LOND,lond012,Control_202,35,P7,1.498424,22.0,53
LOND,lond012,Control_202,35,P8,-5.937776,22.0,53
LOND,lond012,Control_202,35,O1,-1.549672,22.0,53
LOND,lond012,Control_202,35,O2,20.36701,22.0,53
LOND,lond012,Violation_201,36,Pz,-10.71877,36.0,77
LOND,lond012,Violation_201,36,Cz,-9.484097,36.0,77
LOND,lond012,Violation_201,36,CP1,-7.274701,36.0,77
LOND,lond012,Violation_201,36,CP2,37.42407,36.0,77
LOND,lond012,Violation_201,36,P3,-20.55287,36.0,77
LOND,lond012,Violation_201,36,P4,-3.919685,36.0,77
LOND,lond012,Violation_201,36,C3,-6.02353,36.0,77
LOND,lond012,Violation_201,36,C4,-24.91736,36.0,77
LOND,lond012,Violation_201,36,P7,-5.510745,36.0,77
LOND,lond012,Violation_201,36,P8,6.3873,36.0,77
LOND,lond012,Violation_201,36,O1,-1.101833,36.0,77
LOND,lond012,Violation_201,36,O2,16.3712,36.0,77
LOND,lond013,Control_202,1,Pz,-5.832556,5.0,93
LOND,lond013,Control_202,1,Cz,-11.30747,5.0,93
LOND,lond013,Control_202,1,CP1,-19.14563,5.0,93
LOND,lond013,Control_202,1,CP2,-17.33445,5.0,93
LOND,lond013,Control_202,1,P3,-3.771963,5.0,93
LOND,lond013,Control_202,1,P4,-10.07317,5.0,93
LOND,lond013,Control_202,1,C3,-12.92542,5.0,93
LOND,lond013,Control_202,1,C4,-22.66501,5.0,93
LOND,lond013,Control_202,1,P7,-0.6177264,5.0,93
LOND,lond013,Control_202,1,P8,-6.472801,5.0,93
LOND,lond013,Control_202,1,O1,37.63315,5.0,93
LOND,lond013,Control_202,1,O2,-1.715408,5.0,93
LOND,lond013,Violation_201,2,Pz,41.69222,3.0,100
LOND,lond013,Violation_201,2,Cz,29.06043,3.0,100
LOND,lond013,Violation_201,2,CP1,18.94975,3.0,100
LOND,lond013,Violation_201,2,CP2,30.0377,3.0,100
LOND,lond013,Violation_201,2,P3,44.99723,3.0,100
LOND,lond013,Violation_201,2,P4,42.06959,3.0,100
LOND,lond013,Violation_201,2,C3,23.3761,3.0,100
LOND,lond013,Violation_201,2,C4,31.7143,3.0,100
LOND,lond013,Violation_201,2,P7,34.87748,3.0,100
LOND,lond013,Violation_201,2,P8,41.39635,3.0,100
LOND,lond013,Violation_201,2,O1,36.56963,3.0,100
LOND,lond013,Violation_201,2,O2,37.98645,3.0,100
LOND,lond013,Violation_201,3,Pz,-10.44336,16.0,93
LOND,lond013,Violation_201,3,Cz,-10.953,16.0,93
LOND,lond013,Violation_201,3,CP1,1.380749,16.0,93
LOND,lond013,Violation_201,3,CP2,12.568,16.0,93
LOND,lond013,Violation_201,3,P3,-15.63845,16.0,93
LOND,lond013,Violation_201,3,P4,-5.229938,16.0,93
LOND,lond013,Violation_201,3,C3,-6.544613,16.0,93
LOND,lond013,Violation_201,3,C4,-6.348497,16.0,93
LOND,lond013,Violation_201,3,P7,-9.722969,16.0,93
LOND,lond013,Violation_201,3,P8,-2.963378,16.0,93
LOND,lond013,Violation_201,3,O1,-25.52932,16.0,93
LOND,lond013,Violation_201,3,O2,-9.05258,16.0,93
LOND,lond013,Control_202,4,Pz,-9.886185,12.0,100
LOND,lond013,Control_202,4,Cz,-1.135043,12.0,100
LOND,lond013,Control_202,4,CP1,-4.98704,12.0,100
LOND,lond013,Control_202,4,CP2,5.153769,12.0,100
LOND,lond013,Control_202,4,P3,-3.723476,12.0,100
LOND,lond013,Control_202,4,P4,-8.264287,12.0,100
LOND,lond013,Control_202,4,C3,-5.9424,12.0,100
LOND,lond013,Control_202,4,C4,-0.9054735,12.0,100
LOND,lond013,Control_202,4,P7,11.71568,12.0,100
LOND,lond013,Control_202,4,P8,2.520648,12.0,100
LOND,lond013,Control_202,4,O1,10.46673,12.0,100
LOND,lond013,Control_202,4,O2,4.804147,12.0,100
LOND,lond013,Violation_201,5,Pz,31.38184,17.0,62
LOND,lond013,Violation_201,5,Cz,-6.299117,17.0,62
LOND,lond013,Violation_201,5,CP1,15.87728,17.0,62
LOND,lond013,Violation_201,5,CP2,3.462586,17.0,62
LOND,lond013,Violation_201,5,P3,32.42592,17.0,62
LOND,lond013,Violation_201,5,P4,38.44721,17.0,62
LOND,lond013,Violation_201,5,C3,6.066206,17.0,62
LOND,lond013,Violation_201,5,C4,21.08343,17.0,62
LOND,lond013,Violation_201,5,P7,15.13401,17.0,62
LOND,lond013,Violation_201,5,P8,20.67019,17.0,62
LOND,lond013,Violation_201,5,O1,20.51162,17.0,62
LOND,lond013,Violation_201,5,O2,27.03557,17.0,62
LOND,lond013,Control_202,6,Pz,-14.36646,15.0,90
LOND,lond013,Control_202,6,Cz,9.728779,15.0,90
LOND,lond013,Control_202,6,CP1,-19.26143,15.0,90
LOND,lond013,Control_202,6,CP2,-8.437062,15.0,90
LOND,lond013,Control_202,6,P3,-20.10517,15.0,90
LOND,lond013,Control_202,6,P4,-23.41568,15.0,90
LOND,lond013,Control_202,6,C3,-6.242049,15.0,90
LOND,lond013,Control_202,6,C4,-5.461834,15.0,90
LOND,lond013,Control_202,6,P7,-16.26192,15.0,90
LOND,lond013,Control_202,6,P8,-10.72414,15.0,90
LOND,lond013,Control_202,6,O1,4.221765,15.0,90
LOND,lond013,Control_202,6,O2,-5.809761,15.0,90
LOND,lond013,Control_202,7,Pz,13.99743,4.0,93
LOND,lond013,Control_202,7,Cz,18.85792,4.0,93
LOND,lond013,Control_202,7,CP1,32.85937,4.0,93
LOND,lond013,Control_202,7,CP2,17.58787,4.0,93
LOND,lond013,Control_202,7,P3,7.032507,4.0,93
LOND,lond013,Control_202,7,P4,11.33497,4.0,93
LOND,lond013,Control_202,7,C3,30.44994,4.0,93
LOND,lond013,Control_202,7,C4,24.58802,4.0,93
LOND,lond013,Control_202,7,P7,14.81775,4.0,93
LOND,lond013,Control_202,7,P8,-8.15673,4.0,93
LOND,lond013,Control_202,7,O1,-15.45624,4.0,93
LOND,lond013,Control_202,7,O2,-7.208159,4.0,93
LOND,lond013,Control_202,8,Pz,28.17152,7.0,80
LOND,lond013,Control_202,8,Cz,7.672081,7.0,80
LOND,lond013,Control_202,8,CP1,20.41128,7.0,80
LOND,lond013,Control_202,8,CP2,13.19134,7.0,80
LOND,lond013,Control_202,8,P3,4.516191,7.0,80
LOND,lond013,Control_202,8,P4,11.37048,7.0,80
LOND,lond013,Control_202,8,C3,12.8105,7.0,80
LOND,lond013,Control_202,8,C4,8.501183,7.0,80
LOND,lond013,Control_202,8,P7,3.037862,7.0,80
LOND,lond013,Control_202,8,P8,0.52691,7.0,80
LOND,lond013,Control_202,8,O1,30.77281,7.0,80
LOND,lond013,Control_202,8,O2,-2.199799,7.0,80
LOND,lond013,Violation_201,9,Pz,22.73363,14.0,90
LOND,lond013,Violation_201,9,Cz,26.28169,14.0,90
LOND,lond013,Violation_201,9,CP1,15.01442,14.0,90
LOND,lond013,Violation_201,9,CP2,1.954963,14.0,90
LOND,lond013,Violation_201,9,P3,10.06187,14.0,90
LOND,lond013,Violation_201,9,P4,11.81836,14.0,90
LOND,lond013,Violation_201,9,C3,10.48519,14.0,90
LOND,lond013,Violation_201,9,C4,9.946781,14.0,90
LOND,lond013,Violation_201,9,P7,4.66045,14.0,90
LOND,lond013,Violation_201,9,P8,6.670265,14.0,90
LOND,lond013,Violation_201,9,O1,7.318069,14.0,90
LOND,lond013,Violation_201,9,O2,10.44187,14.0,90
LOND,lond013,Violation_201,10,Pz,12.64296,10.0,80
LOND,lond013,Violation_201,10,Cz,7.994566,10.0,80
LOND,lond013,Violation_201,10,CP1,27.38858,10.0,80
LOND,lond013,Violation_201,10,CP2,21.92075,10.0,80
LOND,lond013,Violation_201,10,P3,24.65638,10.0,80
LOND,lond013,Violation_201,10,P4,25.66987,10.0,80
LOND,lond013,Violation_201,10,C3,15.16303,10.0,80
LOND,lond013,Violation_201,10,C4,23.1613,10.0,80
LOND,lond013,Violation_201,10,P7,13.01209,10.0,80
LOND,lond013,Violation_201,10,P8,4.800922,10.0,80
LOND,lond013,Violation_201,10,O1,25.29133,10.0,80
LOND,lond013,Violation_201,10,O2,6.793012,10.0,80
LOND,lond013,Violation_201,11,Pz,15.92343,18.0,87
LOND,lond013,Violation_201,11,Cz,15.95289,18.0,87
LOND,lond013,Violation_201,11,CP1,18.09355,18.0,87
LOND,lond013,Violation_201,11,CP2,16.7121,18.0,87
LOND,lond013,Violation_201,11,P3,6.783002,18.0,87
LOND,lond013,Violation_201,11,P4,8.95846,18.0,87
LOND,lond013,Violation_201,11,C3,23.79973,18.0,87
LOND,lond013,Violation_201,11,C4,8.480476,18.0,87
LOND,lond013,Violation_201,11,P7,15.41422,18.0,87
LOND,lond013,Violation_201,11,P8,18.01287,18.0,87
LOND,lond013,Violation_201,11,O1,4.16345,18.0,87
LOND,lond013,Violation_201,11,O2,15.6091,18.0,87
LOND,lond013,Control_202,12,Pz,-21.78297,9.0,93
LOND,lond013,Control_202,12,Cz,-14.66589,9.0,93
LOND,lond013,Control_202,12,CP1,-24.18666,9.0,93
LOND,lond013,Control_202,12,CP2,-36.0013,9.0,93
LOND,lond013,Control_202,12,P3,-19.03949,9.0,93
LOND,lond013,Control_202,12,P4,-37.92484,9.0,93
LOND,lond013,Control_202,12,C3,-19.97138,9.0,93
LOND,lond013,Control_202,12,C4,-21.1326,9.0,93
LOND,lond013,Control_202,12,P7,-15.58566,9.0,93
LOND,lond013,Control_202,12,P8,-20.82699,9.0,93
LOND,lond013,Control_202,12,O1,-22.44297,9.0,93
LOND,lond013,Control_202,12,O2,-21.16188,9.0,93
LOND,lond013,Control_202,13,Pz,8.449819,11.0,87
LOND,lond013,Control_202,13,Cz,7.884244,11.0,87
LOND,lond013,Control_202,13,CP1,14.56264,11.0,87
LOND,lond013,Control_202,13,CP2,11.48023,11.0,87
LOND,lond013,Control_202,13,P3,1.939081,11.0,87
LOND,lond013,Control_202,13,P4,6.256639,11.0,87
LOND,lond013,Control_202,13,C3,13.03728,11.0,87
LOND,lond013,Control_202,13,C4,25.49311,11.0,87
LOND,lond013,Control_202,13,P7,-4.34327,11.0,87
LOND,lond013,Control_202,13,P8,1.169654,11.0,87
LOND,lond013,Control_202,13,O1,2.359276,11.0,87
LOND,lond013,Control_202,13,O2,12.14599,11.0,87
LOND,lond013,Violation_201,14,Pz,2.725315,13.0,97
LOND,lond013,Violation_201,14,Cz,2.773489,13.0,97
LOND,lond013,Violation_201,14,CP1,19.70083,13.0,97
LOND,lond013,Violation_201,14,CP2,5.698504,13.0,97
LOND,lond013,Violation_201,14,P3,-6.70334,13.0,97
LOND,lond013,Violation_201,14,P4,-9.174159,13.0,97
LOND,lond013,Violation_201,14,C3,20.20704,13.0,97
LOND,lond013,Violation_201,14,C4,14.48456,13.0,97
LOND,lond013,Violation_201,14,P7,-9.834758,13.0,97
LOND,lond013,Violation_201,14,P8,-10.38045,13.0,97
LOND,lond013,Violation_201,14,O1,-5.746028,13.0,97
LOND,lond013,Violation_201,14,O2,-7.856971,13.0,97
LOND,lond013,Violation_201,15,Pz,17.86956,1.0,97
LOND,lond013,Violation_201,15,Cz,-6.204328,1.0,97
LOND,lond013,Violation_201,15,CP1,13.3861,1.0,97
LOND,lond013,Violation_201,15,CP2,-7.800843,1.0,97
LOND,lond013,Violation_201,15,P3,-12.02194,1.0,97
LOND,lond013,Violation_201,15,P4,-2.351419,1.0,97
LOND,lond013,Violation_201,15,C3,20.50983,1.0,97
LOND,lond013,Violation_201,15,C4,21.57467,1.0,97
LOND,lond013,Violation_201,15,P7,-1.225321,1.0,97
LOND,lond013,Violation_201,15,P8,1.800934,1.0,97
LOND,lond013,Violation_201,15,O1,-7.845474,1.0,97
LOND,lond013,Violation_201,15,O2,-3.148082,1.0,97
LOND,lond013,Control_202,16,Pz,32.8645,2.0,100
LOND,lond013,Control_202,16,Cz,17.56549,2.0,100
LOND,lond013,Control_202,16,CP1,29.14132,2.0,100
LOND,lond013,Control_202,16,CP2,37.56838,2.0,100
LOND,lond013,Control_202,16,P3,17.97076,2.0,100
LOND,lond013,Control_202,16,P4,27.70157,2.0,100
LOND,lond013,Control_202,16,C3,25.80948,2.0,100
LOND,lond013,Control_202,16,C4,15.6285,2.0,100
LOND,lond013,Control_202,16,P7,22.03513,2.0,100
LOND,lond013,Control_202,16,P8,14.18134,2.0,100
LOND,lond013,Control_202,16,O1,15.66441,2.0,100
LOND,lond013,Control_202,16,O2,17.42101,2.0,100
LOND,lond013,Violation_201,17,Pz,4.274787,6.0,100
LOND,lond013,Violation_201,17,Cz,10.68836,6.0,100
LOND,lond013,Violation_201,17,CP1,-0.7846491,6.0,100
LOND,lond013,Violation_201,17,CP2,9.299994,6.0,100
LOND,lond013,Violation_201,17,P3,22.6284,6.0,100
LOND,lond013,Violation_201,17,P4,-3.082196,6.0,100
LOND,lond013,Violation_201,17,C3,13.76911,6.0,100
LOND,lond013,Violation_201,17,C4,0.5832041,6.0,100
LOND,lond013,Violation_201,17,P7,23.21955,6.0,100
LOND,lond013,Violation_201,17,P8,7.161397,6.0,100
LOND,lond013,Violation_201,17,O1,10.33801,6.0,100
LOND,lond013,Violation_201,17,O2,-0.3574497,6.0,100
LOND,lond013,Control_202,18,Pz,-11.96226,19.0,100
LOND,lond013,Control_202,18,Cz,-2.335936,19.0,100
LOND,lond013,Control_202,18,CP1,-15.3593,19.0,100
LOND,lond013,Control_202,18,CP2,-5.011656,19.0,100
LOND,lond013,Control_202,18,P3,-15.0406,19.0,100
LOND,lond013,Control_202,18,P4,-12.44597,19.0,100
LOND,lond013,Control_202,18,C3,-7.788998,19.0,100
LOND,lond013,Control_202,18,C4,-3.956715,19.0,100
LOND,lond013,Control_202,18,P7,-8.324724,19.0,100
LOND,lond013,Control_202,18,P8,3.861062,19.0,100
LOND,lond013,Control_202,18,O1,-16.40981,19.0,100
LOND,lond013,Control_202,18,O2,-5.647035,19.0,100
LOND,lond013,Violation_201,19,Pz,1.718139,20.0,90
LOND,lond013,Violation_201,19,Cz,13.84396,20.0,90
LOND,lond013,Violation_201,19,CP1,-10.65676,20.0,90
LOND,lond013,Violation_201,19,CP2,8.652876,20.0,90
LOND,lond013,Violation_201,19,P3,-2.133229,20.0,90
LOND,lond013,Violation_201,19,P4,0.9053818,20.0,90
LOND,lond013,Violation_201,19,C3,0.1686571,20.0,90
LOND,lond013,Violation_201,19,C4,-1.396582,20.0,90
LOND,lond013,Violation_201,19,P7,5.232769,20.0,90
LOND,lond013,Violation_201,19,P8,-2.387089,20.0,90
LOND,lond013,Violation_201,19,O1,-7.732458,20.0,90
LOND,lond013,Violation_201,19,O2,-0.424465,20.0,90
LOND,lond013,Control_202,20,Pz,-1.343587,8.0,97
LOND,lond013,Control_202,20,Cz,-10.81082,8.0,97
LOND,lond013,Control_202,20,CP1,-0.9123119,8.0,97
LOND,lond013,Control_202,20,CP2,-19.71215,8.0,97
LOND,lond013,Control_202,20,P3,8.41699,8.0,97
LOND,lond013,Control_202,20,P4,16.82022,8.0,97
LOND,lond013,Control_202,20,C3,-4.821194,8.0,97
LOND,lond013,Control_202,20,C4,4.858132,8.0,97
LOND,lond013,Control_202,20,P7,9.390873,8.0,97
LOND,lond013,Control_202,20,P8,14.8471,8.0,97
LOND,lond013,Control_202,20,O1,2.592305,8.0,97
LOND,lond013,Control_202,20,O2,6.539546,8.0,97
LOND,lond013,Control_202,21,Pz,6.985582,24.0,93
LOND,lond013,Control_202,21,Cz,8.001055,24.0,93
LOND,lond013,Control_202,21,CP1,19.39126,24.0,93
LOND,lond013,Control_202,21,CP2,20.83222,24.0,93
LOND,lond013,Control_202,21,P3,7.299717,24.0,93
LOND,lond013,Control_202,21,P4,9.991428,24.0,93
LOND,lond013,Control_202,21,C3,25.66296,24.0,93
LOND,lond013,Control_202,21,C4,25.3897,24.0,93
LOND,lond013,Control_202,21,P7,1.997761,24.0,93
LOND,lond013,Control_202,21,P8,9.595089,24.0,93
LOND,lond013,Control_202,21,O1,3.908288,24.0,93
LOND,lond013,Control_202,21,O2,5.736582,24.0,93
LOND,lond013,Violation_201,22,Pz,-1.208108,22.0,53
LOND,lond013,Violation_201,22,Cz,-14.51266,22.0,53
LOND,lond013,Violation_201,22,CP1,-17.11253,22.0,53
LOND,lond013,Violation_201,22,CP2,-8.184788,22.0,53
LOND,lond013,Violation_201,22,P3,-0.7722476,22.0,53
LOND,lond013,Violation_201,22,P4,-3.17625,22.0,53
LOND,lond013,Violation_201,22,C3,-17.11791,22.0,53
LOND,lond013,Violation_201,22,C4,-5.721021,22.0,53
LOND,lond013,Violation_201,22,P7,0.8672353,22.0,53
LOND,lond013,Violation_201,22,P8,-1.061028,22.0,53
LOND,lond013,Violation_201,22,O1,-2.638021,22.0,53
LOND,lond013,Violation_201,22,O2,5.983715,22.0,53
LOND,lond013,Violation_201,23,Pz,16.93851,38.0,93
LOND,lond013,Violation_201,23,Cz,5.131609,38.0,93
LOND,lond013,Violation_201,23,CP1,-4.707113,38.0,93
LOND,lond013,Violation_201,23,CP2,12.5686,38.0,93
LOND,lond013,Violation_201,23,P3,14.23606,38.0,93
LOND,lond013,Violation_201,23,P4,36.18338,38.0,93
LOND,lond013,Violation_201,23,C3,-1.36413,38.0,93
LOND,lond013,Violation_201,23,C4,10.26763,38.0,93
LOND,lond013,Violation_201,23,P7,21.03214,38.0,93
LOND,lond013,Violation_201,23,P8,9.52359,38.0,93
LOND,lond013,Violation_201,23,O1,10.50934,38.0,93
LOND,lond013,Violation_201,23,O2,8.74871,38.0,93
LOND,lond013,Control_202,24,Pz,0.2693908,29.0,90
LOND,lond013,Control_202,24,Cz,11.52823,29.0,90
LOND,lond013,Control_202,24,CP1,14.77592,29.0,90
LOND,lond013,Control_202,24,CP2,16.56623,29.0,90
LOND,lond013,Control_202,24,P3,12.30838,29.0,90
LOND,lond013,Control_202,24,P4,30.31358,29.0,90
LOND,lond013,Control_202,24,C3,12.53559,29.0,90
LOND,lond013,Control_202,24,C4,18.62173,29.0,90
LOND,lond013,Control_202,24,P7,9.744884,29.0,90
LOND,lond013,Control_202,24,P8,18.44748,29.0,90
LOND,lond013,Control_202,24,O1,20.68948,29.0,90
LOND,lond013,Control_202,24,O2,12.96212,29.0,90
LOND,lond013,Violation_201,25,Pz,9.863463,31.0,77
LOND,lond013,Violation_201,25,Cz,0.2978055,31.0,77
LOND,lond013,Violation_201,25,CP1,8.566585,31.0,77
LOND,lond013,Violation_201,25,CP2,26.88852,31.0,77
LOND,lond013,Violation_201,25,P3,19.57871,31.0,77
LOND,lond013,Violation_201,25,P4,33.57183,31.0,77
LOND,lond013,Violation_201,25,C3,5.271706,31.0,77
LOND,lond013,Violation_201,25,C4,12.95145,31.0,77
LOND,lond013,Violation_201,25,P7,-3.272184,31.0,77
LOND,lond013,Violation_201,25,P8,6.584105,31.0,77
LOND,lond013,Violation_201,25,O1,14.69914,31.0,77
LOND,lond013,Violation_201,25,O2,-2.687491,31.0,77
LOND,lond013,Violation_201,26,Pz,25.72329,35.0,97
LOND,lond013,Violation_201,26,Cz,-3.887501,35.0,97
LOND,lond013,Violation_201,26,CP1,19.61664,35.0,97
LOND,lond013,Violation_201,26,CP2,20.62877,35.0,97
LOND,lond013,Violation_201,26,P3,-4.717402,35.0,97
LOND,lond013,Violation_201,26,P4,-1.264099,35.0,97
LOND,lond013,Violation_201,26,C3,4.064252,35.0,97
LOND,lond013,Violation_201,26,C4,31.01809,35.0,97
LOND,lond013,Violation_201,26,P7,3.578047,35.0,97
LOND,lond013,Violation_201,26,P8,2.892722,35.0,97
LOND,lond013,Violation_201,26,O1,10.00258,35.0,97
LOND,lond013,Violation_201,26,O2,6.625554,35.0,97
LOND,lond013,Control_202,27,Pz,17.37104,21.0,77
LOND,lond013,Control_202,27,Cz,25.91341,21.0,77
LOND,lond013,Control_202,27,CP1,12.44531,21.0,77
LOND,lond013,Control_202,27,CP2,16.93068,21.0,77
LOND,lond013,Control_202,27,P3,14.27059,21.0,77
LOND,lond013,Control_202,27,P4,19.35302,21.0,77
LOND,lond013,Control_202,27,C3,7.689432,21.0,77
LOND,lond013,Control_202,27,C4,13.04465,21.0,77
LOND,lond013,Control_202,27,P7,7.256974,21.0,77
LOND,lond013,Control_202,27,P8,11.69603,21.0,77
LOND,lond013,Control_202,27,O1,4.210022,21.0,77
LOND,lond013,Control_202,27,O2,15.36898,21.0,77
LOND,lond013,Control_202,28,Pz,9.406412,34.0,97
LOND,lond013,Control_202,28,Cz,-2.364966,34.0,97
LOND,lond013,Control_202,28,CP1,22.20808,34.0,97
LOND,lond013,Control_202,28,CP2,10.25146,34.0,97
LOND,lond013,Control_202,28,P3,-3.193208,34.0,97
LOND,lond013,Control_202,28,P4,-4.114174,34.0,97
LOND,lond013,Control_202,28,C3,18.33869,34.0,97
LOND,lond013,Control_202,28,C4,23.07873,34.0,97
LOND,lond013,Control_202,28,P7,-1.206043,34.0,97
LOND,lond013,Control_202,28,P8,5.688916,34.0,97
LOND,lond013,Control_202,28,O1,3.744322,34.0,97
LOND,lond013,Control_202,28,O2,4.568613,34.0,97
LOND,lond013,Violation_201,29,Pz,-15.34975,28.0,27
LOND,lond013,Violation_201,29,Cz,-15.22105,28.0,27
LOND,lond013,Violation_201,29,CP1,-22.18422,28.0,27
LOND,lond013,Violation_201,29,CP2,-19.25661,28.0,27
LOND,lond013,Violation_201,29,P3,5.438058,28.0,27
LOND,lond013,Violation_201,29,P4,14.08988,28.0,27
LOND,lond013,Violation_201,29,C3,-9.392131,28.0,27
LOND,lond013,Violation_201,29,C4,-12.19606,28.0,27
LOND,lond013,Violation_201,29,P7,13.11416,28.0,27
LOND,lond013,Violation_201,29,P8,-11.45507,28.0,27
LOND,lond013,Violation_201,29,O1,-7.289747,28.0,27
LOND,lond013,Violation_201,29,O2,-17.85145,28.0,27
LOND,lond013,Control_202,30,Pz,-1.668897,32.0,80
LOND,lond013,Control_202,30,Cz,-1.027276,32.0,80
LOND,lond013,Control_202,30,CP1,-15.39431,32.0,80
LOND,lond013,Control_202,30,CP2,2.74054,32.0,80
LOND,lond013,Control_202,30,P3,-24.55636,32.0,80
LOND,lond013,Control_202,30,P4,-22.29112,32.0,80
LOND,lond013,Control_202,30,C3,-8.695893,32.0,80
LOND,lond013,Control_202,30,C4,2.341957,32.0,80
LOND,lond013,Control_202,30,P7,-5.655062,32.0,80
LOND,lond013,Control_202,30,P8,-1.23897,32.0,80
LOND,lond013,Control_202,30,O1,-9.481492,32.0,80
LOND,lond013,Control_202,30,O2,0.09319814,32.0,80
LOND,lond013,Violation_201,31,Pz,-3.627655,39.0,97
LOND,lond013,Violation_201,31,Cz,17.20708,39.0,97
LOND,lond013,Violation_201,31,CP1,4.538966,39.0,97
LOND,lond013,Violation_201,31,CP2,7.973546,39.0,97
LOND,lond013,Violation_201,31,P3,1.151181,39.0,97
LOND,lond013,Violation_201,31,P4,25.06284,39.0,97
LOND,lond013,Violation_201,31,C3,15.60461,39.0,97
LOND,lond013,Violation_201,31,C4,24.38241,39.0,97
LOND,lond013,Violation_201,31,P7,13.77995,39.0,97
LOND,lond013,Violation_201,31,P8,3.56218,39.0,97
LOND,lond013,Violation_201,31,O1,4.40968,39.0,97
LOND,lond013,Violation_201,31,O2,-5.795362,39.0,97
LOND,lond013,Violation_201,32,Pz,11.17377,33.0,53
LOND,lond013,Violation_201,32,Cz,6.714168,33.0,53
LOND,lond013,Violation_201,32,CP1,0.9207667,33.0,53
LOND,lond013,Violation_201,32,CP2,11.67904,33.0,53
LOND,lond013,Violation_201,32,P3,1.160893,33.0,53
LOND,lond013,Violation_201,32,P4,5.008604,33.0,53
LOND,lond013,Violation_201,32,C3,2.348511,33.0,53
LOND,lond013,Violation_201,32,C4,-3.888704,33.0,53
LOND,lond013,Violation_201,32,P7,-6.484799,33.0,53
LOND,lond013,Violation_201,32,P8,-8.590514,33.0,53
LOND,lond013,Violation_201,32,O1,-13.00351,33.0,53
LOND,lond013,Violation_201,32,O2,10.03569,33.0,53
LOND,lond013,Violation_201,33,Pz,32.52058,30.0,90
LOND,lond013,Violation_201,33,Cz,30.10196,30.0,90
LOND,lond013,Violation_201,33,CP1,44.0615,30.0,90
LOND,lond013,Violation_201,33,CP2,38.89779,30.0,90
LOND,lond013,Violation_201,33,P3,44.67709,30.0,90
LOND,lond013,Violation_201,33,P4,44.34816,30.0,90
LOND,lond013,Violation_201,33,C3,21.68719,30.0,90
LOND,lond013,Violation_201,33,C4,23.25999,30.0,90
LOND,lond013,Violation_201,33,P7,18.34226,30.0,90
LOND,lond013,Violation_201,33,P8,16.98846,30.0,90
LOND,lond013,Violation_201,33,O1,4.272048,30.0,90
LOND,lond013,Violation_201,33,O2,17.71099,30.0,90
LOND,lond013,Violation_201,34,Pz,-15.29861,36.0,77
LOND,lond013,Violation_201,34,Cz,-13.84324,36.0,77
LOND,lond013,Violation_201,34,CP1,9.02238,36.0,77
LOND,lond013,Violation_201,34,CP2,0.5815454,36.0,77
LOND,lond013,Violation_201,34,P3,-16.21014,36.0,77
LOND,lond013,Violation_201,34,P4,2.376502,36.0,77
LOND,lond013,Violation_201,34,C3,-6.768118,36.0,77
LOND,lond013,Violation_201,34,C4,-2.411905,36.0,77
LOND,lond013,Violation_201,34,P7,-10.13657,36.0,77
LOND,lond013,Violation_201,34,P8,8.715685,36.0,77
LOND,lond013,Violation_201,34,O1,7.046087,36.0,77
LOND,lond013,Violation_201,34,O2,2.572375,36.0,77
LOND,lond013,Control_202,35,Pz,25.23872,23.0,93
LOND,lond013,Control_202,35,Cz,47.48897,23.0,93
LOND,lond013,Control_202,35,CP1,13.78596,23.0,93
LOND,lond013,Control_202,35,CP2,11.328,23.0,93
LOND,lond013,Control_202,35,P3,22.06022,23.0,93
LOND,lond013,Control_202,35,P4,25.81678,23.0,93
LOND,lond013,Control_202,35,C3,1.993451,23.0,93
LOND,lond013,Control_202,35,C4,1.420161,23.0,93
LOND,lond013,Control_202,35,P7,17.06257,23.0,93
LOND,lond013,Control_202,35,P8,-3.18464,23.0,93
LOND,lond013,Control_202,35,O1,10.8225,23.0,93
LOND,lond013,Control_202,35,O2,-0.3333877,23.0,93
LOND,lond013,Control_202,36,Pz,28.37623,40.0,93
LOND,lond013,Control_202,36,Cz,9.593721,40.0,93
LOND,lond013,Control_202,36,CP1,19.16235,40.0,93
LOND,lond013,Control_202,36,CP2,11.15486,40.0,93
LOND,lond013,Control_202,36,P3,1.187952,40.0,93
LOND,lond013,Control_202,36,P4,-6.650544,40.0,93
LOND,lond013,Control_202,36,C3,14.26308,40.0,93
LOND,lond013,Control_202,36,C4,-7.109794,40.0,93
LOND,lond013,Control_202,36,P7,-17.90302,40.0,93
LOND,lond013,Control_202,36,P8,-21.29528,40.0,93
LOND,lond013,Control_202,36,O1,-10.13018,40.0,93
LOND,lond013,Control_202,36,O2,-2.206591,40.0,93
LOND,lond013,Control_202,37,Pz,21.37071,27.0,97
LOND,lond013,Control_202,37,Cz,9.117729,27.0,97
LOND,lond013,Control_202,37,CP1,25.9442,27.0,97
LOND,lond013,Control_202,37,CP2,31.7476,27.0,97
LOND,lond013,Control_202,37,P3,27.67996,27.0,97
LOND,lond013,Control_202,37,P4,22.6573,27.0,97
LOND,lond013,Control_202,37,C3,34.64465,27.0,97
LOND,lond013,Control_202,37,C4,30.92839,27.0,97
LOND,lond013,Control_202,37,P7,17.84583,27.0,97
LOND,lond013,Control_202,37,P8,6.104248,27.0,97
LOND,lond013,Control_202,37,O1,-7.426281,27.0,97
LOND,lond013,Control_202,37,O2,5.542955,27.0,97
LOND,lond013,Control_202,38,Pz,20.17713,26.0,87
LOND,lond013,Control_202,38,Cz,8.886992,26.0,87
LOND,lond013,Control_202,38,CP1,9.205939,26.0,87
LOND,lond013,Control_202,38,CP2,9.645554,26.0,87
LOND,lond013,Control_202,38,P3,8.618592,26.0,87
LOND,lond013,Control_202,38,P4,-2.999083,26.0,87
LOND,lond013,Control_202,38,C3,17.48156,26.0,87
LOND,lond013,Control_202,38,C4,14.02678,26.0,87
LOND,lond013,Control_202,38,P7,-4.569441,26.0,87
LOND,lond013,Control_202,38,P8,0.5444474,26.0,87
LOND,lond013,Control_202,38,O1,3.627033,26.0,87
LOND,lond013,Control_202,38,O2,1.265845,26.0,87
LOND,lond013,Control_202,39,Pz,6.857444,37.0,80
LOND,lond013,Control_202,39,Cz,-10.72062,37.0,80
LOND,lond013,Control_202,39,CP1,14.71201,37.0,80
LOND,lond013,Control_202,39,CP2,-0.2133161,37.0,80
LOND,lond013,Control_202,39,P3,25.04873,37.0,80
LOND,lond013,Control_202,39,P4,-6.411914,37.0,80
LOND,lond013,Control_202,39,C3,0.8774307,37.0,80
LOND,lond013,Control_202,39,C4,-2.848644,37.0,80
LOND,lond013,Control_202,39,P7,12.552,37.0,80
LOND,lond013,Control_202,39,P8,8.700537,37.0,80
LOND,lond013,Control_202,39,O1,19.87614,37.0,80
LOND,lond013,Control_202,39,O2,7.050024,37.0,80
LOND,lond014,Control_202,1,Pz,10.12857,5.0,93
LOND,lond014,Control_202,1,Cz,10.67956,5.0,93
LOND,lond014,Control_202,1,CP1,8.117483,5.0,93
LOND,lond014,Control_202,1,CP2,9.824428,5.0,93
LOND,lond014,Control_202,1,P3,14.56929,5.0,93
LOND,lond014,Control_202,1,P4,12.04029,5.0,93
LOND,lond014,Control_202,1,C3,5.579335,5.0,93
LOND,lond014,Control_202,1,C4,5.922014,5.0,93
LOND,lond014,Control_202,1,P7,-2.498554,5.0,93
LOND,lond014,Control_202,1,P8,6.663346,5.0,93
LOND,lond014,Control_202,1,O1,-1.416756,5.0,93
LOND,lond014,Control_202,1,O2,6.084676,5.0,93
LOND,lond014,Control_202,2,Pz,-11.37958,13.0,97
LOND,lond014,Control_202,2,Cz,-6.572441,13.0,97
LOND,lond014,Control_202,2,CP1,-16.55338,13.0,97
LOND,lond014,Control_202,2,CP2,-8.618297,13.0,97
LOND,lond014,Control_202,2,P3,-11.50746,13.0,97
LOND,lond014,Control_202,2,P4,-2.045004,13.0,97
LOND,lond014,Control_202,2,C3,-18.45889,13.0,97
LOND,lond014,Control_202,2,C4,1.891727,13.0,97
LOND,lond014,Control_202,2,P7,-13.68853,13.0,97
LOND,lond014,Control_202,2,P8,-8.456017,13.0,97
LOND,lond014,Control_202,2,O1,-10.90916,13.0,97
LOND,lond014,Control_202,2,O2,-16.68844,13.0,97
LOND,lond014,Violation_201,3,Pz,-1.069312,7.0,80
LOND,lond014,Violation_201,3,Cz,-6.43447,7.0,80
LOND,lond014,Violation_201,3,CP1,-5.611057,7.0,80
LOND,lond014,Violation_201,3,CP2,-7.597922,7.0,80
LOND,lond014,Violation_201,3,P3,-7.427673,7.0,80
LOND,lond014,Violation_201,3,P4,-13.09483,7.0,80
LOND,lond014,Violation_201,3,C3,-3.054915,7.0,80
LOND,lond014,Violation_201,3,C4,-18.51184,7.0,80
LOND,lond014,Violation_201,3,P7,-18.01016,7.0,80
LOND,lond014,Violation_201,3,P8,-14.89543,7.0,80
LOND,lond014,Violation_201,3,O1,-14.21169,7.0,80
LOND,lond014,Violation_201,3,O2,-8.193944,7.0,80
LOND,lond014,Violation_201,4,Pz,4.799465,10.0,80
LOND,lond014,Violation_201,4,Cz,-9.379016,10.0,80
LOND,lond014,Violation_201,4,CP1,4.949277,10.0,80
LOND,lond014,Violation_201,4,CP2,-1.258459,10.0,80
LOND,lond014,Violation_201,4,P3,8.322051,10.0,80
LOND,lond014,Violation_201,4,P4,9.203834,10.0,80
LOND,lond014,Violation_201,4,C3,-1.118244,10.0,80
LOND,lond014,Violation_201,4,C4,-7.191506,10.0,80
LOND,lond014,Violation_201,4,P7,14.8427,10.0,80
LOND,lond014,Violation_201,4,P8,-17.38138,10.0,80
LOND,lond014,Violation_201,4,O1,3.398504,10.0,80
LOND,lond014,Violation_201,4,O2,9.329408,10.0,80
LOND,lond014,Control_202,5,Pz,2.249964,11.0,87
LOND,lond014,Control_202,5,Cz,-5.564109,11.0,87
LOND,lond014,Control_202,5,CP1,-6.848026,11.0,87
LOND,lond014,Control_202,5,CP2,1.277459,11.0,87
LOND,lond014,Control_202,5,P3,-1.158371,11.0,87
LOND,lond014,Control_202,5,P4,-4.040144,11.0,87
LOND,lond014,Control_202,5,C3,-11.12244,11.0,87
LOND,lond014,Control_202,5,C4,-10.78284,11.0,87
LOND,lond014,Control_202,5,P7,0.7073483,11.0,87
LOND,lond014,Control_202,5,P8,7.456599,11.0,87
LOND,lond014,Control_202,5,O1,2.533784,11.0,87
LOND,lond014,Control_202,5,O2,1.091649,11.0,87
LOND,lond014,Control_202,6,Pz,3.317616,2.0,100
LOND,lond014,Control_202,6,Cz,-4.765977,2.0,100
LOND,lond014,Control_202,6,CP1,8.613852,2.0,100
LOND,lond014,Control_202,6,CP2,3.793881,2.0,100
LOND,lond014,Control_202,6,P3,3.134512,2.0,100
LOND,lond014,Control_202,6,P4,3.760773,2.0,100
LOND,lond014,Control_202,6,C3,8.642836,2.0,100
LOND,lond014,Control_202,6,C4,-8.207804,2.0,100
LOND,lond014,Control_202,6,P7,0.2979252,2.0,100
LOND,lond014,Control_202,6,P8,-13.18972,2.0,100
LOND,lond014,Control_202,6,O1,3.352049,2.0,100
LOND,lond014,Control_202,6,O2,4.540158,2.0,100
LOND,lond014,Violation_201,7,Pz,20.49722,3.0,100
LOND,lond014,Violation_201,7,Cz,28.41693,3.0,100
LOND,lond014,Violation_201,7,CP1,13.58759,3.0,100
LOND,lond014,Violation_201,7,CP2,14.45503,3.0,100
LOND,lond014,Violation_201,7,P3,22.28065,3.0,100
LOND,lond014,Violation_201,7,P4,15.35155,3.0,100
LOND,lond014,Violation_201,7,C3,14.45403,3.0,100
LOND,lond014,Violation_201,7,C4,24.4735,3.0,100
LOND,lond014,Violation_201,7,P7,23.10891,3.0,100
LOND,lond014,Violation_201,7,P8,14.52242,3.0,100
LOND,lond014,Violation_201,7,O1,20.65334,3.0,100
LOND,lond014,Violation_201,7,O2,17.79279,3.0,100
LOND,lond014,Violation_201,8,Pz,6.499517,19.0,100
LOND,lond014,Violation_201,8,Cz,13.36524,19.0,100
LOND,lond014,Violation_201,8,CP1,11.09945,19.0,100
LOND,lond014,Violation_201,8,CP2,9.100563,19.0,100
LOND,lond014,Violation_201,8,P3,10.23846,19.0,100
LOND,lond014,Violation_201,8,P4,10.9986,19.0,100
LOND,lond014,Violation_201,8,C3,11.56606,19.0,100
LOND,lond014,Violation_201,8,C4,22.96029,19.0,100
LOND,lond014,Violation_201,8,P7,17.41175,19.0,100
LOND,lond014,Violation_201,8,P8,-6.569561,19.0,100
LOND,lond014,Violation_201,8,O1,8.496265,19.0,100
LOND,lond014,Violation_201,8,O2,6.308555,19.0,100
LOND,lond014,Control_202,9,Pz,-45.49673,8.0,97
LOND,lond014,Control_202,9,Cz,-26.47312,8.0,97
LOND,lond014,Control_202,9,CP1,-41.53928,8.0,97
LOND,lond014,Control_202,9,CP2,-40.6609,8.0,97
LOND,lond014,Control_202,9,P3,-47.00365,8.0,97
LOND,lond014,Control_202,9,P4,-41.03995,8.0,97
LOND,lond014,Control_202,9,C3,-47.33604,8.0,97
LOND,lond014,Control_202,9,C4,-19.82486,8.0,97
LOND,lond014,Control_202,9,P7,-45.44799,8.0,97
LOND,lond014,Control_202,9,P8,-62.66866,8.0,97
LOND,lond014,Control_202,9,O1,-28.04004,8.0,97
LOND,lond014,Control_202,9,O2,-44.87481,8.0,97
LOND,lond014,Violation_201,10,Pz,-12.24455,20.0,90
LOND,lond014,Violation_201,10,Cz,-11.12418,20.0,90
LOND,lond014,Violation_201,10,CP1,-15.62098,20.0,90
LOND,lond014,Violation_201,10,CP2,-11.05582,20.0,90
LOND,lond014,Violation_201,10,P3,-20.26973,20.0,90
LOND,lond014,Violation_201,10,P4,-11.68932,20.0,90
LOND,lond014,Violation_201,10,C3,-19.09555,20.0,90
LOND,lond014,Violation_201,10,C4,-19.74311,20.0,90
LOND,lond014,Violation_201,10,P7,-13.56389,20.0,90
LOND,lond014,Violation_201,10,P8,-0.5102634,20.0,90
LOND,lond014,Violation_201,10,O1,-23.39389,20.0,90
LOND,lond014,Violation_201,10,O2,-21.77205,20.0,90
LOND,lond014,Violation_201,11,Pz,10.66405,9.0,93
LOND,lond014,Violation_201,11,Cz,27.76387,9.0,93
LOND,lond014,Violation_201,11,CP1,12.56173,9.0,93
LOND,lond014,Violation_201,11,CP2,11.83889,9.0,93
LOND,lond014,Violation_201,11,P3,11.64789,9.0,93
LOND,lond014,Violation_201,11,P4,6.567053,9.0,93
LOND,lond014,Violation_201,11,C3,15.886,9.0,93
LOND,lond014,Violation_201,11,C4,27.89904,9.0,93
LOND,lond014,Violation_201,11,P7,17.3879,9.0,93
LOND,lond014,Violation_201,11,P8,17.93453,9.0,93
LOND,lond014,Violation_201,11,O1,5.542304,9.0,93
LOND,lond014,Violation_201,11,O2,12.0675,9.0,93
LOND,lond014,Violation_201,12,Pz,-15.62089,17.0,62
LOND,lond014,Violation_201,12,Cz,-22.51962,17.0,62
LOND,lond014,Violation_201,12,CP1,-17.89399,17.0,62
LOND,lond014,Violation_201,12,CP2,-11.40342,17.0,62
LOND,lond014,Violation_201,12,P3,-15.36852,17.0,62
LOND,lond014,Violation_201,12,P4,-6.344619,17.0,62
LOND,lond014,Violation_201,12,C3,-26.98154,17.0,62
LOND,lond014,Violation_201,12,C4,-13.17185,17.0,62
LOND,lond014,Violation_201,12,P7,-13.18255,17.0,62
LOND,lond014,Violation_201,12,P8,4.03509,17.0,62
LOND,lond014,Violation_201,12,O1,-14.81604,17.0,62
LOND,lond014,Violation_201,12,O2,-10.3015,17.0,62
LOND,lond014,Violation_201,13,Pz,7.652929,16.0,93
LOND,lond014,Violation_201,13,Cz,-1.669276,16.0,93
LOND,lond014,Violation_201,13,CP1,4.38452,16.0,93
LOND,lond014,Violation_201,13,CP2,5.39459,16.0,93
LOND,lond014,Violation_201,13,P3,-3.135267,16.0,93
LOND,lond014,Violation_201,13,P4,-5.865031,16.0,93
LOND,lond014,Violation_201,13,C3,11.77614,16.0,93
LOND,lond014,Violation_201,13,C4,-6.05055,16.0,93
LOND,lond014,Violation_201,13,P7,-2.058152,16.0,93
LOND,lond014,Violation_201,13,P8,-12.07068,16.0,93
LOND,lond014,Violation_201,13,O1,18.25414,16.0,93
LOND,lond014,Violation_201,13,O2,-5.525546,16.0,93
LOND,lond014,Violation_201,14,Pz,-19.13837,18.0,87
LOND,lond014,Violation_201,14,Cz,-13.21453,18.0,87
LOND,lond014,Violation_201,14,CP1,-10.71223,18.0,87
LOND,lond014,Violation_201,14,CP2,-10.3573,18.0,87
LOND,lond014,Violation_201,14,P3,-11.97644,18.0,87
LOND,lond014,Violation_201,14,P4,-6.91372,18.0,87
LOND,lond014,Violation_201,14,C3,-10.61711,18.0,87
LOND,lond014,Violation_201,14,C4,-22.29668,18.0,87
LOND,lond014,Violation_201,14,P7,-18.78415,18.0,87
LOND,lond014,Violation_201,14,P8,3.191855,18.0,87
LOND,lond014,Violation_201,14,O1,-0.1013439,18.0,87
LOND,lond014,Violation_201,14,O2,-4.475327,18.0,87
LOND,lond014,Control_202,15,Pz,14.19418,4.0,93
LOND,lond014,Control_202,15,Cz,6.715389,4.0,93
LOND,lond014,Control_202,15,CP1,5.155087,4.0,93
LOND,lond014,Control_202,15,CP2,7.359924,4.0,93
LOND,lond014,Control_202,15,P3,8.523998,4.0,93
LOND,lond014,Control_202,15,P4,8.640227,4.0,93
LOND,lond014,Control_202,15,C3,11.72187,4.0,93
LOND,lond014,Control_202,15,C4,-0.7449077,4.0,93
LOND,lond014,Control_202,15,P7,13.37955,4.0,93
LOND,lond014,Control_202,15,P8,8.181599,4.0,93
LOND,lond014,Control_202,15,O1,23.00776,4.0,93
LOND,lond014,Control_202,15,O2,12.77555,4.0,93
LOND,lond014,Violation_201,16,Pz,9.230024,6.0,100
LOND,lond014,Violation_201,16,Cz,8.39567,6.0,100
LOND,lond014,Violation_201,16,CP1,5.717997,6.0,100
LOND,lond014,Violation_201,16,CP2,7.991852,6.0,100
LOND,lond014,Violation_201,16,P3,5.638308,6.0,100
LOND,lond014,Violation_201,16,P4,6.740826,6.0,100
LOND,lond014,Violation_201,16,C3,3.849617,6.0,100
LOND,lond014,Violation_201,16,C4,3.878552,6.0,100
LOND,lond014,Violation_201,16,P7,8.407018,6.0,100
LOND,lond014,Violation_201,16,P8,30.09906,6.0,100
LOND,lond014,Violation_201,16,O1,17.68986,6.0,100
LOND,lond014,Violation_201,16,O2,12.15958,6.0,100
LOND,lond014,Control_202,17,Pz,3.746312,15.0,90
LOND,lond014,Control_202,17,Cz,5.226845,15.0,90
LOND,lond014,Control_202,17,CP1,-0.1715107,15.0,90
LOND,lond014,Control_202,17,CP2,3.790797,15.0,90
LOND,lond014,Control_202,17,P3,-4.317729,15.0,90
LOND,lond014,Control_202,17,P4,-2.900245,15.0,90
LOND,lond014,Control_202,17,C3,-6.141852,15.0,90
LOND,lond014,Control_202,17,C4,11.80762,15.0,90
LOND,lond014,Control_202,17,P7,-6.19635,15.0,90
LOND,lond014,Control_202,17,P8,3.428762,15.0,90
LOND,lond014,Control_202,17,O1,-0.189392,15.0,90
LOND,lond014,Control_202,17,O2,3.590207,15.0,90
LOND,lond014,Control_202,18,Pz,-3.605456,12.0,100
LOND,lond014,Control_202,18,Cz,-11.35104,12.0,100
LOND,lond014,Control_202,18,CP1,-6.52542,12.0,100
LOND,lond014,Control_202,18,CP2,-6.182747,12.0,100
LOND,lond014,Control_202,18,P3,-7.680434,12.0,100
LOND,lond014,Control_202,18,P4,-4.708616,12.0,100
LOND,lond014,Control_202,18,C3,-5.882678,12.0,100
LOND,lond014,Control_202,18,C4,-7.411406,12.0,100
LOND,lond014,Control_202,18,P7,-2.432558,12.0,100
LOND,lond014,Control_202,18,P8,-2.738985,12.0,100
LOND,lond014,Control_202,18,O1,-13.88978,12.0,100
LOND,lond014,Control_202,18,O2,-14.49514,12.0,100
LOND,lond014,Control_202,19,Pz,12.32264,1.0,97
LOND,lond014,Control_202,19,Cz,10.33999,1.0,97
LOND,lond014,Control_202,19,CP1,11.00191,1.0,97
LOND,lond014,Control_202,19,CP2,11.12946,1.0,97
LOND,lond014,Control_202,19,P3,9.354895,1.0,97
LOND,lond014,Control_202,19,P4,3.317852,1.0,97
LOND,lond014,Control_202,19,C3,3.97561,1.0,97
LOND,lond014,Control_202,19,C4,20.46803,1.0,97
LOND,lond014,Control_202,19,P7,9.900907,1.0,97
LOND,lond014,Control_202,19,P8,14.91171,1.0,97
LOND,lond014,Control_202,19,O1,7.080883,1.0,97
LOND,lond014,Control_202,19,O2,15.78194,1.0,97
LOND,lond014,Violation_201,20,Pz,-13.01765,14.0,90
LOND,lond014,Violation_201,20,Cz,-10.94721,14.0,90
LOND,lond014,Violation_201,20,CP1,-21.03744,14.0,90
LOND,lond014,Violation_201,20,CP2,-10.77017,14.0,90
LOND,lond014,Violation_201,20,P3,-22.34973,14.0,90
LOND,lond014,Violation_201,20,P4,-14.00509,14.0,90
LOND,lond014,Violation_201,20,C3,-21.75644,14.0,90
LOND,lond014,Violation_201,20,C4,-5.928979,14.0,90
LOND,lond014,Violation_201,20,P7,-28.19751,14.0,90
LOND,lond014,Violation_201,20,P8,-9.812411,14.0,90
LOND,lond014,Violation_201,20,O1,-25.16726,14.0,90
LOND,lond014,Violation_201,20,O2,-16.07458,14.0,90
LOND,lond014,Control_202,21,Pz,-5.451978,22.0,53
LOND,lond014,Control_202,21,Cz,3.242088,22.0,53
LOND,lond014,Control_202,21,CP1,-11.33659,22.0,53
LOND,lond014,Control_202,21,CP2,-10.10832,22.0,53
LOND,lond014,Control_202,21,P3,5.86828,22.0,53
LOND,lond014,Control_202,21,P4,-10.52591,22.0,53
LOND,lond014,Control_202,21,C3,-12.49838,22.0,53
LOND,lond014,Control_202,21,C4,-23.12881,22.0,53
LOND,lond014,Control_202,21,P7,-5.657638,22.0,53
LOND,lond014,Control_202,21,P8,14.71624,22.0,53
LOND,lond014,Control_202,21,O1,-2.731082,22.0,53
LOND,lond014,Control_202,21,O2,-8.842463,22.0,53
LOND,lond014,Violation_201,22,Pz,1.023208,34.0,97
LOND,lond014,Violation_201,22,Cz,5.765464,34.0,97
LOND,lond014,Violation_201,22,CP1,6.105658,34.0,97
LOND,lond014,Violation_201,22,CP2,1.814711,34.0,97
LOND,lond014,Violation_201,22,P3,3.205876,34.0,97
LOND,lond014,Violation_201,22,P4,4.87657,34.0,97
LOND,lond014,Violation_201,22,C3,6.798276,34.0,97
LOND,lond014,Violation_201,22,C4,4.877647,34.0,97
LOND,lond014,Violation_201,22,P7,3.03882,34.0,97
LOND,lond014,Violation_201,22,P8,20.92888,34.0,97
LOND,lond014,Violation_201,22,O1,4.337951,34.0,97
LOND,lond014,Violation_201,22,O2,10.22036,34.0,97
LOND,lond014,Violation_201,23,Pz,0.7899196,40.0,93
LOND,lond014,Violation_201,23,Cz,-15.48833,40.0,93
LOND,lond014,Violation_201,23,CP1,-7.926191,40.0,93
LOND,lond014,Violation_201,23,CP2,3.111801,40.0,93
LOND,lond014,Violation_201,23,P3,-2.882619,40.0,93
LOND,lond014,Violation_201,23,P4,-1.347565,40.0,93
LOND,lond014,Violation_201,23,C3,-0.4850283,40.0,93
LOND,lond014,Violation_201,23,C4,-5.221512,40.0,93
LOND,lond014,Violation_201,23,P7,0.2861036,40.0,93
LOND,lond014,Violation_201,23,P8,-7.576986,40.0,93
LOND,lond014,Violation_201,23,O1,0.9678239,40.0,93
LOND,lond014,Violation_201,23,O2,-3.034499,40.0,93
LOND,lond014,Violation_201,24,Pz,12.43012,29.0,90
LOND,lond014,Violation_201,24,Cz,8.80501,29.0,90
LOND,lond014,Violation_201,24,CP1,3.412642,29.0,90
LOND,lond014,Violation_201,24,CP2,11.70058,29.0,90
LOND,lond014,Violation_201,24,P3,2.82751,29.0,90
LOND,lond014,Violation_201,24,P4,13.34772,29.0,90
LOND,lond014,Violation_201,24,C3,10.22466,29.0,90
LOND,lond014,Violation_201,24,C4,5.442677,29.0,90
LOND,lond014,Violation_201,24,P7,16.9561,29.0,90
LOND,lond014,Violation_201,24,P8,9.639049,29.0,90
LOND,lond014,Violation_201,24,O1,3.214615,29.0,90
LOND,lond014,Violation_201,24,O2,8.565502,29.0,90
LOND,lond014,Control_202,25,Pz,8.104462,31.0,77
LOND,lond014,Control_202,25,Cz,3.989082,31.0,77
LOND,lond014,Control_202,25,CP1,9.125687,31.0,77
LOND,lond014,Control_202,25,CP2,4.602275,31.0,77
LOND,lond014,Control_202,25,P3,7.216894,31.0,77
LOND,lond014,Control_202,25,P4,8.424132,31.0,77
LOND,lond014,Control_202,25,C3,13.58748,31.0,77
LOND,lond014,Control_202,25,C4,-7.311755,31.0,77
LOND,lond014,Control_202,25,P7,13.83082,31.0,77
LOND,lond014,Control_202,25,P8,10.49878,31.0,77
LOND,lond014,Control_202,25,O1,2.203618,31.0,77
LOND,lond014,Control_202,25,O2,7.390473,31.0,77
LOND,lond014,Violation_201,26,Pz,-2.941094,38.0,93
LOND,lond014,Violation_201,26,Cz,-6.510272,38.0,93
LOND,lond014,Violation_201,26,CP1,-9.613605,38.0,93
LOND,lond014,Violation_201,26,CP2,-8.871055,38.0,93
LOND,lond014,Violation_201,26,P3,-17.17602,38.0,93
LOND,lond014,Violation_201,26,P4,-0.6676484,38.0,93
LOND,lond014,Violation_201,26,C3,-7.537164,38.0,93
LOND,lond014,Violation_201,26,C4,-25.72793,38.0,93
LOND,lond014,Violation_201,26,P7,-13.98446,38.0,93
LOND,lond014,Violation_201,26,P8,-7.633111,38.0,93
LOND,lond014,Violation_201,26,O1,-18.75031,38.0,93
LOND,lond014,Violation_201,26,O2,-8.53648,38.0,93
LOND,lond014,Control_202,27,Pz,7.567426,28.0,27
LOND,lond014,Control_202,27,Cz,13.46444,28.0,27
LOND,lond014,Control_202,27,CP1,10.45069,28.0,27
LOND,lond014,Control_202,27,CP2,12.90814,28.0,27
LOND,lond014,Control_202,27,P3,7.214451,28.0,27
LOND,lond014,Control_202,27,P4,22.02504,28.0,27
LOND,lond014,Control_202,27,C3,6.554908,28.0,27
LOND,lond014,Control_202,27,C4,26.29137,28.0,27
LOND,lond014,Control_202,27,P7,9.68223,28.0,27
LOND,lond014,Control_202,27,P8,9.774172,28.0,27
LOND,lond014,Control_202,27,O1,0.0578877,28.0,27
LOND,lond014,Control_202,27,O2,11.50845,28.0,27
LOND,lond014,Violation_201,28,Pz,-6.38097,32.0,80
LOND,lond014,Violation_201,28,Cz,-5.536925,32.0,80
LOND,lond014,Violation_201,28,CP1,-5.143343,32.0,80
LOND,lond014,Violation_201,28,CP2,-12.61675,32.0,80
LOND,lond014,Violation_201,28,P3,-6.176062,32.0,80
LOND,lond014,Violation_201,28,P4,-27.50211,32.0,80
LOND,lond014,Violation_201,28,C3,-7.095951,32.0,80
LOND,lond014,Violation_201,28,C4,-0.5012848,32.0,80
LOND,lond014,Violation_201,28,P7,-7.361757,32.0,80
LOND,lond014,Violation_201,28,P8,-17.40994,32.0,80
LOND,lond014,Violation_201,28,O1,5.452299,32.0,80
LOND,lond014,Violation_201,28,O2,-6.466139,32.0,80
LOND,lond014,Control_202,29,Pz,-22.71241,25.0,97
LOND,lond014,Control_202,29,Cz,-23.69571,25.0,97
LOND,lond014,Control_202,29,CP1,-31.701,25.0,97
LOND,lond014,Control_202,29,CP2,-24.68195,25.0,97
LOND,lond014,Control_202,29,P3,-34.79617,25.0,97
LOND,lond014,Control_202,29,P4,-10.23066,25.0,97
LOND,lond014,Control_202,29,C3,-28.68322,25.0,97
LOND,lond014,Control_202,29,C4,-21.02559,25.0,97
LOND,lond014,Control_202,29,P7,-26.29335,25.0,97
LOND,lond014,Control_202,29,P8,-31.38412,25.0,97
LOND,lond014,Control_202,29,O1,-19.72887,25.0,97
LOND,lond014,Control_202,29,O2,-14.4592,25.0,97
LOND,lond014,Control_202,30,Pz,19.80975,23.0,93
LOND,lond014,Control_202,30,Cz,16.16519,23.0,93
LOND,lond014,Control_202,30,CP1,19.03154,23.0,93
LOND,lond014,Control_202,30,CP2,21.17766,23.0,93
LOND,lond014,Control_202,30,P3,10.22745,23.0,93
LOND,lond014,Control_202,30,P4,18.37777,23.0,93
LOND,lond014,Control_202,30,C3,11.1564,23.0,93
LOND,lond014,Control_202,30,C4,0.4353992,23.0,93
LOND,lond014,Control_202,30,P7,13.63318,23.0,93
LOND,lond014,Control_202,30,P8,-17.62694,23.0,93
LOND,lond014,Control_202,30,O1,22.16858,23.0,93
LOND,lond014,Control_202,30,O2,8.977028,23.0,93
LOND,lond014,Violation_201,31,Pz,17.35609,35.0,97
LOND,lond014,Violation_201,31,Cz,12.48734,35.0,97
LOND,lond014,Violation_201,31,CP1,24.87582,35.0,97
LOND,lond014,Violation_201,31,CP2,19.64521,35.0,97
LOND,lond014,Violation_201,31,P3,23.50491,35.0,97
LOND,lond014,Violation_201,31,P4,11.28274,35.0,97
LOND,lond014,Violation_201,31,C3,24.45747,35.0,97
LOND,lond014,Violation_201,31,C4,34.06438,35.0,97
LOND,lond014,Violation_201,31,P7,29.30534,35.0,97
LOND,lond014,Violation_201,31,P8,25.51528,35.0,97
LOND,lond014,Violation_201,31,O1,9.521173,35.0,97
LOND,lond014,Violation_201,31,O2,24.46924,35.0,97
LOND,lond014,Violation_201,32,Pz,8.289696,24.0,93
LOND,lond014,Violation_201,32,Cz,14.37987,24.0,93
LOND,lond014,Violation_201,32,CP1,1.729253,24.0,93
LOND,lond014,Violation_201,32,CP2,7.845432,24.0,93
LOND,lond014,Violation_201,32,P3,8.323451,24.0,93
LOND,lond014,Violation_201,32,P4,1.127041,24.0,93
LOND,lond014,Violation_201,32,C3,18.1333,24.0,93
LOND,lond014,Violation_201,32,C4,-7.60791,24.0,93
LOND,lond014,Violation_201,32,P7,3.659314,24.0,93
LOND,lond014,Violation_201,32,P8,5.977654,24.0,93
LOND,lond014,Violation_201,32,O1,0.08518536,24.0,93
LOND,lond014,Violation_201,32,O2,5.449124,24.0,93
LOND,lond014,Violation_201,33,Pz,19.92789,39.0,97
LOND,lond014,Violation_201,33,Cz,33.08583,39.0,97
LOND,lond014,Violation_201,33,CP1,33.43683,39.0,97
LOND,lond014,Violation_201,33,CP2,22.04063,39.0,97
LOND,lond014,Violation_201,33,P3,20.92312,39.0,97
LOND,lond014,Violation_201,33,P4,11.19556,39.0,97
LOND,lond014,Violation_201,33,C3,30.26596,39.0,97
LOND,lond014,Violation_201,33,C4,37.17476,39.0,97
LOND,lond014,Violation_201,33,P7,11.10589,39.0,97
LOND,lond014,Violation_201,33,P8,14.54926,39.0,97
LOND,lond014,Violation_201,33,O1,23.93639,39.0,97
LOND,lond014,Violation_201,33,O2,12.7703,39.0,97
LOND,lond014,Violation_201,34,Pz,16.07065,27.0,97
LOND,lond014,Violation_201,34,Cz,-4.031386,27.0,97
LOND,lond014,Violation_201,34,CP1,0.3749757,27.0,97
LOND,lond014,Violation_201,34,CP2,4.63784,27.0,97
LOND,lond014,Violation_201,34,P3,-4.70918,27.0,97
LOND,lond014,Violation_201,34,P4,-10.93904,27.0,97
LOND,lond014,Violation_201,34,C3,-8.323236,27.0,97
LOND,lond014,Violation_201,34,C4,-15.50655,27.0,97
LOND,lond014,Violation_201,34,P7,-1.01942,27.0,97
LOND,lond014,Violation_201,34,P8,7.564347,27.0,97
LOND,lond014,Violation_201,34,O1,-0.9241109,27.0,97
LOND,lond014,Violation_201,34,O2,5.827554,27.0,97
LOND,lond014,Control_202,35,Pz,1.199894,26.0,87
LOND,lond014,Control_202,35,Cz,8.347826,26.0,87
LOND,lond014,Control_202,35,CP1,5.360598,26.0,87
LOND,lond014,Control_202,35,CP2,2.979652,26.0,87
LOND,lond014,Control_202,35,P3,3.632226,26.0,87
LOND,lond014,Control_202,35,P4,5.490424,26.0,87
LOND,lond014,Control_202,35,C3,5.603898,26.0,87
LOND,lond014,Control_202,35,C4,0.5805061,26.0,87
LOND,lond014,Control_202,35,P7,-15.14785,26.0,87
LOND,lond014,Control_202,35,P8,-9.100472,26.0,87
LOND,lond014,Control_202,35,O1,-1.741978,26.0,87
LOND,lond014,Control_202,35,O2,-8.089275,26.0,87
LOND,lond014,Control_202,36,Pz,5.715793,37.0,80
LOND,lond014,Control_202,36,Cz,11.7015,37.0,80
LOND,lond014,Control_202,36,CP1,11.0127,37.0,80
LOND,lond014,Control_202,36,CP2,9.294547,37.0,80
LOND,lond014,Control_202,36,P3,3.599414,37.0,80
LOND,lond014,Control_202,36,P4,8.98373,37.0,80
LOND,lond014,Control_202,36,C3,12.4832,37.0,80
LOND,lond014,Control_202,36,C4,13.69411,37.0,80
LOND,lond014,Control_202,36,P7,5.997422,37.0,80
LOND,lond014,Control_202,36,P8,19.37787,37.0,80
LOND,lond014,Control_202,36,O1,-18.7099,37.0,80
LOND,lond014,Control_202,36,O2,4.646154,37.0,80
LOND,lond014,Violation_201,37,Pz,-15.01174,21.0,77
LOND,lond014,Violation_201,37,Cz,-7.329515,21.0,77
LOND,lond014,Violation_201,37,CP1,-9.887952,21.0,77
LOND,lond014,Violation_201,37,CP2,-12.5889,21.0,77
LOND,lond014,Violation_201,37,P3,-10.16843,21.0,77
LOND,lond014,Violation_201,37,P4,-11.06569,21.0,77
LOND,lond014,Violation_201,37,C3,-14.59008,21.0,77
LOND,lond014,Violation_201,37,C4,-15.87678,21.0,77
LOND,lond014,Violation_201,37,P7,-20.14275,21.0,77
LOND,lond014,Violation_201,37,P8,-30.00731,21.0,77
LOND,lond014,Violation_201,37,O1,-17.04155,21.0,77
LOND,lond014,Violation_201,37,O2,-11.33173,21.0,77
LOND,lond014,Control_202,38,Pz,6.37236,33.0,53
LOND,lond014,Control_202,38,Cz,12.31501,33.0,53
LOND,lond014,Control_202,38,CP1,11.7603,33.0,53
LOND,lond014,Control_202,38,CP2,12.3422,33.0,53
LOND,lond014,Control_202,38,P3,8.953445,33.0,53
LOND,lond014,Control_202,38,P4,32.62445,33.0,53
LOND,lond014,Control_202,38,C3,9.20818,33.0,53
LOND,lond014,Control_202,38,C4,2.483786,33.0,53
LOND,lond014,Control_202,38,P7,-8.981582,33.0,53
LOND,lond014,Control_202,38,P8,-3.397537,33.0,53
LOND,lond014,Control_202,38,O1,0.2385867,33.0,53
LOND,lond014,Control_202,38,O2,-5.774967,33.0,53
LOND,lond014,Control_202,39,Pz,-6.785191,30.0,90
LOND,lond014,Control_202,39,Cz,-19.26229,30.0,90
LOND,lond014,Control_202,39,CP1,-13.51828,30.0,90
LOND,lond014,Control_202,39,CP2,-7.219738,30.0,90
LOND,lond014,Control_202,39,P3,-6.264894,30.0,90
LOND,lond014,Control_202,39,P4,-13.55936,30.0,90
LOND,lond014,Control_202,39,C3,-12.78031,30.0,90
LOND,lond014,Control_202,39,C4,-20.74219,30.0,90
LOND,lond014,Control_202,39,P7,-11.22601,30.0,90
LOND,lond014,Control_202,39,P8,-2.659129,30.0,90
LOND,lond014,Control_202,39,O1,-4.162287,30.0,90
LOND,lond014,Control_202,39,O2,-1.356507,30.0,90
LOND,lond014,Control_202,40,Pz,-31.62336,36.0,77
LOND,lond014,Control_202,40,Cz,-38.62311,36.0,77
LOND,lond014,Control_202,40,CP1,-28.80043,36.0,77
LOND,lond014,Control_202,40,CP2,-35.9282,36.0,77
LOND,lond014,Control_202,40,P3,-38.49494,36.0,77
LOND,lond014,Control_202,40,P4,-51.73181,36.0,77
LOND,lond014,Control_202,40,C3,-24.33969,36.0,77
LOND,lond014,Control_202,40,C4,-18.30509,36.0,77
LOND,lond014,Control_202,40,P7,-37.21507,36.0,77
LOND,lond014,Control_202,40,P8,-53.16525,36.0,77
LOND,lond014,Control_202,40,O1,-38.52509,36.0,77
LOND,lond014,Control_202,40,O2,-40.39766,36.0,77
LOND,lond015,Control_202,1,Pz,-11.57166,7.0,80
LOND,lond015,Control_202,1,Cz,-2.495286,7.0,80
LOND,lond015,Control_202,1,CP1,-0.04576892,7.0,80
LOND,lond015,Control_202,1,CP2,-13.72212,7.0,80
LOND,lond015,Control_202,1,P3,-18.12862,7.0,80
LOND,lond015,Control_202,1,P4,-6.989655,7.0,80
LOND,lond015,Control_202,1,C3,-22.63099,7.0,80
LOND,lond015,Control_202,1,C4,0.2285184,7.0,80
LOND,lond015,Control_202,1,P7,-10.22355,7.0,80
LOND,lond015,Control_202,1,P8,-6.951236,7.0,80
LOND,lond015,Control_202,1,O1,4.925893,7.0,80
LOND,lond015,Control_202,1,O2,-5.20935,7.0,80
LOND,lond015,Control_202,2,Pz,15.3186,15.0,90
LOND,lond015,Control_202,2,Cz,15.09755,15.0,90
LOND,lond015,Control_202,2,CP1,15.73976,15.0,90
LOND,lond015,Control_202,2,CP2,9.837551,15.0,90
LOND,lond015,Control_202,2,P3,18.02823,15.0,90
LOND,lond015,Control_202,2,P4,22.10458,15.0,90
LOND,lond015,Control_202,2,C3,16.45073,15.0,90
LOND,lond015,Control_202,2,C4,16.70872,15.0,90
LOND,lond015,Control_202,2,P7,15.13552,15.0,90
LOND,lond015,Control_202,2,P8,17.88314,15.0,90
LOND,lond015,Control_202,2,O1,21.20055,15.0,90
LOND,lond015,Control_202,2,O2,32.8916,15.0,90
LOND,lond015,Violation_201,3,Pz,-25.26105,2.0,100
LOND,lond015,Violation_201,3,Cz,-9.162615,2.0,100
LOND,lond015,Violation_201,3,CP1,-18.33363,2.0,100
LOND,lond015,Violation_201,3,CP2,-29.24844,2.0,100
LOND,lond015,Violation_201,3,P3,-30.86179,2.0,100
LOND,lond015,Violation_201,3,P4,-18.90552,2.0,100
LOND,lond015,Violation_201,3,C3,-17.42385,2.0,100
LOND,lond015,Violation_201,3,C4,-15.56745,2.0,100
LOND,lond015,Violation_201,3,P7,-18.41835,2.0,100
LOND,lond015,Violation_201,3,P8,-18.46797,2.0,100
LOND,lond015,Violation_201,3,O1,-26.56431,2.0,100
LOND,lond015,Violation_201,3,O2,-14.52273,2.0,100
LOND,lond015,Violation_201,4,Pz,1.605413,14.0,90
LOND,lond015,Violation_201,4,Cz,-15.52351,14.0,90
LOND,lond015,Violation_201,4,CP1,-12.67123,14.0,90
LOND,lond015,Violation_201,4,CP2,-4.247242,14.0,90
LOND,lond015,Violation_201,4,P3,-0.4866971,14.0,90
LOND,lond015,Violation_201,4,P4,-13.4396,14.0,90
LOND,lond015,Violation_201,4,C3,5.787553,14.0,90
LOND,lond015,Violation_201,4,C4,0.9547141,14.0,90
LOND,lond015,Violation_201,4,P7,-10.03082,14.0,90
LOND,lond015,Violation_201,4,P8,-11.34527,14.0,90
LOND,lond015,Violation_201,4,O1,-7.919523,14.0,90
LOND,lond015,Violation_201,4,O2,-13.38335,14.0,90
LOND,lond015,Violation_201,5,Pz,-10.95153,16.0,93
LOND,lond015,Violation_201,5,Cz,-0.8270825,16.0,93
LOND,lond015,Violation_201,5,CP1,-22.21462,16.0,93
LOND,lond015,Violation_201,5,CP2,-4.470379,16.0,93
LOND,lond015,Violation_201,5,P3,2.094024,16.0,93
LOND,lond015,Violation_201,5,P4,-5.361408,16.0,93
LOND,lond015,Violation_201,5,C3,-11.15969,16.0,93
LOND,lond015,Violation_201,5,C4,-14.42375,16.0,93
LOND,lond015,Violation_201,5,P7,4.114285,16.0,93
LOND,lond015,Violation_201,5,P8,-7.734461,16.0,93
LOND,lond015,Violation_201,5,O1,-9.436285,16.0,93
LOND,lond015,Violation_201,5,O2,-18.62375,16.0,93
LOND,lond015,Violation_201,6,Pz,13.68643,5.0,93
LOND,lond015,Violation_201,6,Cz,-9.773287,5.0,93
LOND,lond015,Violation_201,6,CP1,14.51702,5.0,93
LOND,lond015,Violation_201,6,CP2,30.94006,5.0,93
LOND,lond015,Violation_201,6,P3,23.94345,5.0,93
LOND,lond015,Violation_201,6,P4,23.19551,5.0,93
LOND,lond015,Violation_201,6,C3,23.36915,5.0,93
LOND,lond015,Violation_201,6,C4,23.68391,5.0,93
LOND,lond015,Violation_201,6,P7,22.09961,5.0,93
LOND,lond015,Violation_201,6,P8,19.7282,5.0,93
LOND,lond015,Violation_201,6,O1,5.700787,5.0,93
LOND,lond015,Violation_201,6,O2,21.53782,5.0,93
LOND,lond015,Violation_201,7,Pz,15.48608,13.0,97
LOND,lond015,Violation_201,7,Cz,1.466616,13.0,97
LOND,lond015,Violation_201,7,CP1,3.374189,13.0,97
LOND,lond015,Violation_201,7,CP2,17.21949,13.0,97
LOND,lond015,Violation_201,7,P3,-3.066257,13.0,97
LOND,lond015,Violation_201,7,P4,4.360902,13.0,97
LOND,lond015,Violation_201,7,C3,24.66491,13.0,97
LOND,lond015,Violation_201,7,C4,36.62054,13.0,97
LOND,lond015,Violation_201,7,P7,5.746488,13.0,97
LOND,lond015,Violation_201,7,P8,-5.285569,13.0,97
LOND,lond015,Violation_201,7,O1,-7.49284,13.0,97
LOND,lond015,Violation_201,7,O2,-8.75813,13.0,97
LOND,lond015,Control_202,8,Pz,-7.86709,8.0,97
LOND,lond015,Control_202,8,Cz,-8.513677,8.0,97
LOND,lond015,Control_202,8,CP1,-8.584062,8.0,97
LOND,lond015,Control_202,8,CP2,-11.06684,8.0,97
LOND,lond015,Control_202,8,P3,-15.45738,8.0,97
LOND,lond015,Control_202,8,P4,2.933855,8.0,97
LOND,lond015,Control_202,8,C3,-21.20005,8.0,97
LOND,lond015,Control_202,8,C4,-6.918274,8.0,97
LOND,lond015,Control_202,8,P7,-5.231845,8.0,97
LOND,lond015,Control_202,8,P8,7.727947,8.0,97
LOND,lond015,Control_202,8,O1,-2.708431,8.0,97
LOND,lond015,Control_202,8,O2,-2.106223,8.0,97
LOND,lond015,Control_202,9,Pz,-19.31144,9.0,93
LOND,lond015,Control_202,9,Cz,-18.68888,9.0,93
LOND,lond015,Control_202,9,CP1,-3.246983,9.0,93
LOND,lond015,Control_202,9,CP2,-12.53164,9.0,93
LOND,lond015,Control_202,9,P3,-11.18066,9.0,93
LOND,lond015,Control_202,9,P4,-9.206852,9.0,93
LOND,lond015,Control_202,9,C3,-36.71143,9.0,93
LOND,lond015,Control_202,9,C4,-39.20781,9.0,93
LOND,lond015,Control_202,9,P7,-5.764881,9.0,93
LOND,lond015,Control_202,9,P8,-9.724834,9.0,93
LOND,lond015,Control_202,9,O1,12.76345,9.0,93
LOND,lond015,Control_202,9,O2,-5.335466,9.0,93
LOND,lond015,Violation_201,10,Pz,3.506002,12.0,100
LOND,lond015,Violation_201,10,Cz,8.301618,12.0,100
LOND,lond015,Violation_201,10,CP1,0.9177103,12.0,100
LOND,lond015,Violation_201,10,CP2,5.556621,12.0,100
LOND,lond015,Violation_201,10,P3,-7.373751,12.0,100
LOND,lond015,Violation_201,10,P4,4.268092,12.0,100
LOND,lond015,Violation_201,10,C3,-0.06951763,12.0,100
LOND,lond015,Violation_201,10,C4,-3.239175,12.0,100
LOND,lond015,Violation_201,10,P7,-6.929823,12.0,100
LOND,lond015,Violation_201,10,P8,0.8054067,12.0,100
LOND,lond015,Violation_201,10,O1,-1.105952,12.0,100
LOND,lond015,Violation_201,10,O2,10.71005,12.0,100
LOND,lond015,Control_202,11,Pz,-3.140972,17.0,62
LOND,lond015,Control_202,11,Cz,-1.532166,17.0,62
LOND,lond015,Control_202,11,CP1,1.781305,17.0,62
LOND,lond015,Control_202,11,CP2,-0.05945466,17.0,62
LOND,lond015,Control_202,11,P3,-11.29478,17.0,62
LOND,lond015,Control_202,11,P4,3.132348,17.0,62
LOND,lond015,Control_202,11,C3,-10.25244,17.0,62
LOND,lond015,Control_202,11,C4,-6.572693,17.0,62
LOND,lond015,Control_202,11,P7,-10.54852,17.0,62
LOND,lond015,Control_202,11,P8,5.531287,17.0,62
LOND,lond015,Control_202,11,O1,-3.909126,17.0,62
LOND,lond015,Control_202,11,O2,11.89358,17.0,62
LOND,lond015,Control_202,12,Pz,0.5239806,4.0,93
LOND,lond015,Control_202,12,Cz,4.616317,4.0,93
LOND,lond015,Control_202,12,CP1,13.89512,4.0,93
LOND,lond015,Control_202,12,CP2,7.961689,4.0,93
LOND,lond015,Control_202,12,P3,4.194324,4.0,93
LOND,lond015,Control_202,12,P4,15.61715,4.0,93
LOND,lond015,Control_202,12,C3,5.381954,4.0,93
LOND,lond015,Control_202,12,C4,4.886611,4.0,93
LOND,lond015,Control_202,12,P7,4.763788,4.0,93
LOND,lond015,Control_202,12,P8,12.52978,4.0,93
LOND,lond015,Control_202,12,O1,10.34533,4.0,93
LOND,lond015,Control_202,12,O2,10.01002,4.0,93
LOND,lond015,Violation_201,13,Pz,-0.7104461,20.0,90
LOND,lond015,Violation_201,13,Cz,-11.60499,20.0,90
LOND,lond015,Violation_201,13,CP1,-13.68076,20.0,90
LOND,lond015,Violation_201,13,CP2,-9.243179,20.0,90
LOND,lond015,Violation_201,13,P3,0.472379,20.0,90
LOND,lond015,Violation_201,13,P4,-1.008099,20.0,90
LOND,lond015,Violation_201,13,C3,-1.487411,20.0,90
LOND,lond015,Violation_201,13,C4,17.80879,20.0,90
LOND,lond015,Violation_201,13,P7,-7.105844,20.0,90
LOND,lond015,Violation_201,13,P8,6.99755,20.0,90
LOND,lond015,Violation_201,13,O1,-3.8028,20.0,90
LOND,lond015,Violation_201,13,O2,3.116738,20.0,90
LOND,lond015,Violation_201,14,Pz,10.73214,10.0,80
LOND,lond015,Violation_201,14,Cz,17.38426,10.0,80
LOND,lond015,Violation_201,14,CP1,18.64275,10.0,80
LOND,lond015,Violation_201,14,CP2,6.196234,10.0,80
LOND,lond015,Violation_201,14,P3,9.792899,10.0,80
LOND,lond015,Violation_201,14,P4,13.27841,10.0,80
LOND,lond015,Violation_201,14,C3,9.196378,10.0,80
LOND,lond015,Violation_201,14,C4,-4.027519,10.0,80
LOND,lond015,Violation_201,14,P7,31.36101,10.0,80
LOND,lond015,Violation_201,14,P8,3.173887,10.0,80
LOND,lond015,Violation_201,14,O1,25.10343,10.0,80
LOND,lond015,Violation_201,14,O2,16.38156,10.0,80
LOND,lond015,Control_202,15,Pz,-9.160315,19.0,100
LOND,lond015,Control_202,15,Cz,-22.12558,19.0,100
LOND,lond015,Control_202,15,CP1,-3.006475,19.0,100
LOND,lond015,Control_202,15,CP2,14.68063,19.0,100
LOND,lond015,Control_202,15,P3,-2.510808,19.0,100
LOND,lond015,Control_202,15,P4,4.795768,19.0,100
LOND,lond015,Control_202,15,C3,-7.763056,19.0,100
LOND,lond015,Control_202,15,C4,-6.698071,19.0,100
LOND,lond015,Control_202,15,P7,-10.03153,19.0,100
LOND,lond015,Control_202,15,P8,9.949107,19.0,100
LOND,lond015,Control_202,15,O1,-15.23789,19.0,100
LOND,lond015,Control_202,15,O2,-1.299415,19.0,100
LOND,lond015,Control_202,16,Pz,-5.977203,1.0,97
LOND,lond015,Control_202,16,Cz,-27.34159,1.0,97
LOND,lond015,Control_202,16,CP1,-1.981128,1.0,97
LOND,lond015,Control_202,16,CP2,-24.65672,1.0,97
LOND,lond015,Control_202,16,P3,-9.366891,1.0,97
LOND,lond015,Control_202,16,P4,-9.202781,1.0,97
LOND,lond015,Control_202,16,C3,-19.38363,1.0,97
LOND,lond015,Control_202,16,C4,-16.3204,1.0,97
LOND,lond015,Control_202,16,P7,-16.02083,1.0,97
LOND,lond015,Control_202,16,P8,-8.293358,1.0,97
LOND,lond015,Control_202,16,O1,-14.63155,1.0,97
LOND,lond015,Control_202,16,O2,-12.51247,1.0,97
LOND,lond015,Violation_201,17,Pz,13.1129,11.0,87
LOND,lond015,Violation_201,17,Cz,23.88863,11.0,87
LOND,lond015,Violation_201,17,CP1,30.23529,11.0,87
LOND,lond015,Violation_201,17,CP2,33.14261,11.0,87
LOND,lond015,Violation_201,17,P3,22.51966,11.0,87
LOND,lond015,Violation_201,17,P4,4.083937,11.0,87
LOND,lond015,Violation_201,17,C3,39.2951,11.0,87
LOND,lond015,Violation_201,17,C4,17.13278,11.0,87
LOND,lond015,Violation_201,17,P7,16.31502,11.0,87
LOND,lond015,Violation_201,17,P8,6.297485,11.0,87
LOND,lond015,Violation_201,17,O1,-1.199382,11.0,87
LOND,lond015,Violation_201,17,O2,-3.946075,11.0,87
LOND,lond015,Violation_201,18,Pz,1.403852,6.0,100
LOND,lond015,Violation_201,18,Cz,1.436162,6.0,100
LOND,lond015,Violation_201,18,CP1,-5.130946,6.0,100
LOND,lond015,Violation_201,18,CP2,-17.5029,6.0,100
LOND,lond015,Violation_201,18,P3,3.076612,6.0,100
LOND,lond015,Violation_201,18,P4,2.449771,6.0,100
LOND,lond015,Violation_201,18,C3,1.983574,6.0,100
LOND,lond015,Violation_201,18,C4,20.47472,6.0,100
LOND,lond015,Violation_201,18,P7,2.95204,6.0,100
LOND,lond015,Violation_201,18,P8,6.110221,6.0,100
LOND,lond015,Violation_201,18,O1,15.57834,6.0,100
LOND,lond015,Violation_201,18,O2,11.33897,6.0,100
LOND,lond015,Control_202,19,Pz,-18.78073,18.0,87
LOND,lond015,Control_202,19,Cz,-9.341529,18.0,87
LOND,lond015,Control_202,19,CP1,-4.673948,18.0,87
LOND,lond015,Control_202,19,CP2,-3.485677,18.0,87
LOND,lond015,Control_202,19,P3,-9.207531,18.0,87
LOND,lond015,Control_202,19,P4,-25.51905,18.0,87
LOND,lond015,Control_202,19,C3,-2.002618,18.0,87
LOND,lond015,Control_202,19,C4,-17.37466,18.0,87
LOND,lond015,Control_202,19,P7,1.607795,18.0,87
LOND,lond015,Control_202,19,P8,-13.58428,18.0,87
LOND,lond015,Control_202,19,O1,-19.56697,18.0,87
LOND,lond015,Control_202,19,O2,-11.52519,18.0,87
LOND,lond015,Violation_201,20,Pz,-20.0778,3.0,100
LOND,lond015,Violation_201,20,Cz,-18.69419,3.0,100
LOND,lond015,Violation_201,20,CP1,-26.84538,3.0,100
LOND,lond015,Violation_201,20,CP2,-21.85109,3.0,100
LOND,lond015,Violation_201,20,P3,-18.92793,3.0,100
LOND,lond015,Violation_201,20,P4,-11.72021,3.0,100
LOND,lond015,Violation_201,20,C3,-12.19818,3.0,100
LOND,lond015,Violation_201,20,C4,13.56478,3.0,100
LOND,lond015,Violation_201,20,P7,-23.97283,3.0,100
LOND,lond015,Violation_201,20,P8,0.4954132,3.0,100
LOND,lond015,Violation_201,20,O1,-22.75775,3.0,100
LOND,lond015,Violation_201,20,O2,-3.481003,3.0,100
LOND,lond015,Violation_201,21,Pz,23.9992,34.0,97
LOND,lond015,Violation_201,21,Cz,16.20118,34.0,97
LOND,lond015,Violation_201,21,CP1,20.18576,34.0,97
LOND,lond015,Violation_201,21,CP2,4.3858,34.0,97
LOND,lond015,Violation_201,21,P3,22.68886,34.0,97
LOND,lond015,Violation_201,21,P4,15.16079,34.0,97
LOND,lond015,Violation_201,21,C3,5.435813,34.0,97
LOND,lond015,Violation_201,21,C4,34.84279,34.0,97
LOND,lond015,Violation_201,21,P7,27.28888,34.0,97
LOND,lond015,Violation_201,21,P8,5.421975,34.0,97
LOND,lond015,Violation_201,21,O1,15.66651,34.0,97
LOND,lond015,Violation_201,21,O2,5.891772,34.0,97
LOND,lond015,Violation_201,22,Pz,24.08269,40.0,93
LOND,lond015,Violation_201,22,Cz,25.30084,40.0,93
LOND,lond015,Violation_201,22,CP1,18.10676,40.0,93
LOND,lond015,Violation_201,22,CP2,17.41988,40.0,93
LOND,lond015,Violation_201,22,P3,6.845146,40.0,93
LOND,lond015,Violation_201,22,P4,5.2757,40.0,93
LOND,lond015,Violation_201,22,C3,30.88034,40.0,93
LOND,lond015,Violation_201,22,C4,21.23165,40.0,93
LOND,lond015,Violation_201,22,P7,3.135638,40.0,93
LOND,lond015,Violation_201,22,P8,2.68807,40.0,93
LOND,lond015,Violation_201,22,O1,11.30005,40.0,93
LOND,lond015,Violation_201,22,O2,3.623115,40.0,93
LOND,lond015,Control_202,23,Pz,-7.088759,39.0,97
LOND,lond015,Control_202,23,Cz,-3.983355,39.0,97
LOND,lond015,Control_202,23,CP1,-4.21745,39.0,97
LOND,lond015,Control_202,23,CP2,-7.333309,39.0,97
LOND,lond015,Control_202,23,P3,-3.620761,39.0,97
LOND,lond015,Control_202,23,P4,-0.9567389,39.0,97
LOND,lond015,Control_202,23,C3,2.045784,39.0,97
LOND,lond015,Control_202,23,C4,-12.59041,39.0,97
LOND,lond015,Control_202,23,P7,-11.64103,39.0,97
LOND,lond015,Control_202,23,P8,12.89778,39.0,97
LOND,lond015,Control_202,23,O1,-13.23791,39.0,97
LOND,lond015,Control_202,23,O2,-0.8800185,39.0,97
LOND,lond015,Violation_201,24,Pz,4.671861,33.0,53
LOND,lond015,Violation_201,24,Cz,-14.27112,33.0,53
LOND,lond015,Violation_201,24,CP1,-6.142309,33.0,53
LOND,lond015,Violation_201,24,CP2,-2.513272,33.0,53
LOND,lond015,Violation_201,24,P3,-10.04521,33.0,53
LOND,lond015,Violation_201,24,P4,-2.006743,33.0,53
LOND,lond015,Violation_201,24,C3,4.058061,33.0,53
LOND,lond015,Violation_201,24,C4,5.942486,33.0,53
LOND,lond015,Violation_201,24,P7,8.097111,33.0,53
LOND,lond015,Violation_201,24,P8,-21.06453,33.0,53
LOND,lond015,Violation_201,24,O1,-13.45475,33.0,53
LOND,lond015,Violation_201,24,O2,-7.221868,33.0,53
LOND,lond015,Control_202,25,Pz,25.82642,30.0,90
LOND,lond015,Control_202,25,Cz,28.60039,30.0,90
LOND,lond015,Control_202,25,CP1,20.23592,30.0,90
LOND,lond015,Control_202,25,CP2,17.69304,30.0,90
LOND,lond015,Control_202,25,P3,18.38786,30.0,90
LOND,lond015,Control_202,25,P4,19.69076,30.0,90
LOND,lond015,Control_202,25,C3,25.58137,30.0,90
LOND,lond015,Control_202,25,C4,18.1934,30.0,90
LOND,lond015,Control_202,25,P7,14.40768,30.0,90
LOND,lond015,Control_202,25,P8,19.16569,30.0,90
LOND,lond015,Control_202,25,O1,11.89157,30.0,90
LOND,lond015,Control_202,25,O2,8.929334,30.0,90
LOND,lond015,Control_202,26,Pz,-31.03432,22.0,53
LOND,lond015,Control_202,26,Cz,-34.46335,22.0,53
LOND,lond015,Control_202,26,CP1,-17.17901,22.0,53
LOND,lond015,Control_202,26,CP2,-29.34731,22.0,53
LOND,lond015,Control_202,26,P3,-13.89394,22.0,53
LOND,lond015,Control_202,26,P4,-8.257513,22.0,53
LOND,lond015,Control_202,26,C3,-16.2471,22.0,53
LOND,lond015,Control_202,26,C4,-11.98798,22.0,53
LOND,lond015,Control_202,26,P7,-10.6007,22.0,53
LOND,lond015,Control_202,26,P8,-8.284083,22.0,53
LOND,lond015,Control_202,26,O1,-16.09507,22.0,53
LOND,lond015,Control_202,26,O2,-10.044,22.0,53
LOND,lond015,Violation_201,27,Pz,7.943594,23.0,93
LOND,lond015,Violation_201,27,Cz,-30.76502,23.0,93
LOND,lond015,Violation_201,27,CP1,-14.31951,23.0,93
LOND,lond015,Violation_201,27,CP2,17.62103,23.0,93
LOND,lond015,Violation_201,27,P3,-15.27923,23.0,93
LOND,lond015,Violation_201,27,P4,8.904712,23.0,93
LOND,lond015,Violation_201,27,C3,-13.15392,23.0,93
LOND,lond015,Violation_201,27,C4,8.639367,23.0,93
LOND,lond015,Violation_201,27,P7,-19.18937,23.0,93
LOND,lond015,Violation_201,27,P8,5.776344,23.0,93
LOND,lond015,Violation_201,27,O1,10.83331,23.0,93
LOND,lond015,Violation_201,27,O2,15.39459,23.0,93
LOND,lond015,Control_202,28,Pz,-4.516181,27.0,97
LOND,lond015,Control_202,28,Cz,8.792766,27.0,97
LOND,lond015,Control_202,28,CP1,4.683416,27.0,97
LOND,lond015,Control_202,28,CP2,-1.260301,27.0,97
LOND,lond015,Control_202,28,P3,-1.710202,27.0,97
LOND,lond015,Control_202,28,P4,-2.42567,27.0,97
LOND,lond015,Control_202,28,C3,2.044937,27.0,97
LOND,lond015,Control_202,28,C4,-9.382765,27.0,97
LOND,lond015,Control_202,28,P7,-3.456897,27.0,97
LOND,lond015,Control_202,28,P8,-6.527459,27.0,97
LOND,lond015,Control_202,28,O1,-4.915646,27.0,97
LOND,lond015,Control_202,28,O2,-16.07237,27.0,97
LOND,lond015,Control_202,29,Pz,-7.21834,26.0,87
LOND,lond015,Control_202,29,Cz,28.00908,26.0,87
LOND,lond015,Control_202,29,CP1,4.91264,26.0,87
LOND,lond015,Control_202,29,CP2,-4.70546,26.0,87
LOND,lond015,Control_202,29,P3,6.667391,26.0,87
LOND,lond015,Control_202,29,P4,6.434356,26.0,87
LOND,lond015,Control_202,29,C3,10.83631,26.0,87
LOND,lond015,Control_202,29,C4,-4.572077,26.0,87
LOND,lond015,Control_202,29,P7,-4.531359,26.0,87
LOND,lond015,Control_202,29,P8,11.17042,26.0,87
LOND,lond015,Control_202,29,O1,-2.469002,26.0,87
LOND,lond015,Control_202,29,O2,-2.374626,26.0,87
LOND,lond015,Violation_201,30,Pz,1.39501,24.0,93
LOND,lond015,Violation_201,30,Cz,-14.96073,24.0,93
LOND,lond015,Violation_201,30,CP1,1.362194,24.0,93
LOND,lond015,Violation_201,30,CP2,-24.71321,24.0,93
LOND,lond015,Violation_201,30,P3,-15.44342,24.0,93
LOND,lond015,Violation_201,30,P4,-32.72107,24.0,93
LOND,lond015,Violation_201,30,C3,4.358112,24.0,93
LOND,lond015,Violation_201,30,C4,-19.20641,24.0,93
LOND,lond015,Violation_201,30,P7,-23.16088,24.0,93
LOND,lond015,Violation_201,30,P8,-8.52642,24.0,93
LOND,lond015,Violation_201,30,O1,1.668719,24.0,93
LOND,lond015,Violation_201,30,O2,-19.08144,24.0,93
LOND,lond015,Control_202,31,Pz,24.10316,28.0,27
LOND,lond015,Control_202,31,Cz,9.403296,28.0,27
LOND,lond015,Control_202,31,CP1,13.38864,28.0,27
LOND,lond015,Control_202,31,CP2,3.217118,28.0,27
LOND,lond015,Control_202,31,P3,15.55176,28.0,27
LOND,lond015,Control_202,31,P4,13.3981,28.0,27
LOND,lond015,Control_202,31,C3,6.177991,28.0,27
LOND,lond015,Control_202,31,C4,32.47038,28.0,27
LOND,lond015,Control_202,31,P7,12.378,28.0,27
LOND,lond015,Control_202,31,P8,18.2747,28.0,27
LOND,lond015,Control_202,31,O1,12.92135,28.0,27
LOND,lond015,Control_202,31,O2,15.74075,28.0,27
LOND,lond015,Violation_201,32,Pz,40.66673,29.0,90
LOND,lond015,Violation_201,32,Cz,42.25852,29.0,90
LOND,lond015,Violation_201,32,CP1,27.79293,29.0,90
LOND,lond015,Violation_201,32,CP2,-1.242186,29.0,90
LOND,lond015,Violation_201,32,P3,17.23824,29.0,90
LOND,lond015,Violation_201,32,P4,15.14941,29.0,90
LOND,lond015,Violation_201,32,C3,16.0106,29.0,90
LOND,lond015,Violation_201,32,C4,10.8929,29.0,90
LOND,lond015,Violation_201,32,P7,-22.8897,29.0,90
LOND,lond015,Violation_201,32,P8,16.62342,29.0,90
LOND,lond015,Violation_201,32,O1,27.69734,29.0,90
LOND,lond015,Violation_201,32,O2,8.392189,29.0,90
LOND,lond015,Violation_201,33,Pz,-0.617217,21.0,77
LOND,lond015,Violation_201,33,Cz,-33.3714,21.0,77
LOND,lond015,Violation_201,33,CP1,-3.763703,21.0,77
LOND,lond015,Violation_201,33,CP2,1.407622,21.0,77
LOND,lond015,Violation_201,33,P3,13.60511,21.0,77
LOND,lond015,Violation_201,33,P4,16.98842,21.0,77
LOND,lond015,Violation_201,33,C3,16.30852,21.0,77
LOND,lond015,Violation_201,33,C4,21.55354,21.0,77
LOND,lond015,Violation_201,33,P7,23.35143,21.0,77
LOND,lond015,Violation_201,33,P8,17.71182,21.0,77
LOND,lond015,Violation_201,33,O1,13.65853,21.0,77
LOND,lond015,Violation_201,33,O2,10.67445,21.0,77
LOND,lond015,Control_202,34,Pz,9.959393,25.0,97
LOND,lond015,Control_202,34,Cz,18.80991,25.0,97
LOND,lond015,Control_202,34,CP1,9.924235,25.0,97
LOND,lond015,Control_202,34,CP2,-1.387313,25.0,97
LOND,lond015,Control_202,34,P3,8.364193,25.0,97
LOND,lond015,Control_202,34,P4,-11.12779,25.0,97
LOND,lond015,Control_202,34,C3,-6.640508,25.0,97
LOND,lond015,Control_202,34,C4,-21.83342,25.0,97
LOND,lond015,Control_202,34,P7,0.7805671,25.0,97
LOND,lond015,Control_202,34,P8,-7.650318,25.0,97
LOND,lond015,Control_202,34,O1,14.71924,25.0,97
LOND,lond015,Control_202,34,O2,-3.583876,25.0,97
LOND,lond015,Control_202,35,Pz,19.73811,35.0,97
LOND,lond015,Control_202,35,Cz,-0.8669702,35.0,97
LOND,lond015,Control_202,35,CP1,11.12158,35.0,97
LOND,lond015,Control_202,35,CP2,-4.056238,35.0,97
LOND,lond015,Control_202,35,P3,11.92357,35.0,97
LOND,lond015,Control_202,35,P4,-1.414459,35.0,97
LOND,lond015,Control_202,35,C3,5.132217,35.0,97
LOND,lond015,Control_202,35,C4,6.420815,35.0,97
LOND,lond015,Control_202,35,P7,11.32734,35.0,97
LOND,lond015,Control_202,35,P8,12.45425,35.0,97
LOND,lond015,Control_202,35,O1,20.42295,35.0,97
LOND,lond015,Control_202,35,O2,14.44138,35.0,97
LOND,lond016,Control_202,1,Pz,6.664918,5.0,93
LOND,lond016,Control_202,1,Cz,0.05427698,5.0,93
LOND,lond016,Control_202,1,CP1,2.918557,5.0,93
LOND,lond016,Control_202,1,CP2,8.968324,5.0,93
LOND,lond016,Control_202,1,P3,5.201744,5.0,93
LOND,lond016,Control_202,1,P4,-1.530691,5.0,93
LOND,lond016,Control_202,1,C3,5.745095,5.0,93
LOND,lond016,Control_202,1,C4,6.143234,5.0,93
LOND,lond016,Control_202,1,P7,2.039651,5.0,93
LOND,lond016,Control_202,1,P8,3.088939,5.0,93
LOND,lond016,Control_202,1,O1,4.94961,5.0,93
LOND,lond016,Control_202,1,O2,-0.3223485,5.0,93
LOND,lond016,Violation_201,2,Pz,-5.480882,14.0,90
LOND,lond016,Violation_201,2,Cz,-4.259529,14.0,90
LOND,lond016,Violation_201,2,CP1,-4.344803,14.0,90
LOND,lond016,Violation_201,2,CP2,-1.194145,14.0,90
LOND,lond016,Violation_201,2,P3,-3.344919,14.0,90
LOND,lond016,Violation_201,2,P4,-13.32095,14.0,90
LOND,lond016,Violation_201,2,C3,12.44938,14.0,90
LOND,lond016,Violation_201,2,C4,-3.234233,14.0,90
LOND,lond016,Violation_201,2,P7,-3.840525,14.0,90
LOND,lond016,Violation_201,2,P8,-15.01829,14.0,90
LOND,lond016,Violation_201,2,O1,2.218997,14.0,90
LOND,lond016,Violation_201,2,O2,-6.113804,14.0,90
LOND,lond016,Violation_201,3,Pz,8.623611,7.0,80
LOND,lond016,Violation_201,3,Cz,9.996705,7.0,80
LOND,lond016,Violation_201,3,CP1,16.5489,7.0,80
LOND,lond016,Violation_201,3,CP2,26.442,7.0,80
LOND,lond016,Violation_201,3,P3,14.75114,7.0,80
LOND,lond016,Violation_201,3,P4,14.92519,7.0,80
LOND,lond016,Violation_201,3,C3,-0.468312,7.0,80
LOND,lond016,Violation_201,3,C4,13.45303,7.0,80
LOND,lond016,Violation_201,3,P7,6.559965,7.0,80
LOND,lond016,Violation_201,3,P8,3.872173,7.0,80
LOND,lond016,Violation_201,3,O1,4.624721,7.0,80
LOND,lond016,Violation_201,3,O2,10.30548,7.0,80
LOND,lond016,Control_202,4,Pz,2.720129,18.0,87
LOND,lond016,Control_202,4,Cz,-2.368257,18.0,87
LOND,lond016,Control_202,4,CP1,3.973386,18.0,87
LOND,lond016,Control_202,4,CP2,5.12655,18.0,87
LOND,lond016,Control_202,4,P3,-0.8004888,18.0,87
LOND,lond016,Control_202,4,P4,-2.352236,18.0,87
LOND,lond016,Control_202,4,C3,-3.379381,18.0,87
LOND,lond016,Control_202,4,C4,-3.750555,18.0,87
LOND,lond016,Control_202,4,P7,4.541797,18.0,87
LOND,lond016,Control_202,4,P8,-4.52654,18.0,87
LOND,lond016,Control_202,4,O1,-11.67679,18.0,87
LOND,lond016,Control_202,4,O2,-2.719501,18.0,87
LOND,lond016,Control_202,5,Pz,-6.15315,4.0,93
LOND,lond016,Control_202,5,Cz,-12.0661,4.0,93
LOND,lond016,Control_202,5,CP1,-5.044023,4.0,93
LOND,lond016,Control_202,5,CP2,-18.12798,4.0,93
LOND,lond016,Control_202,5,P3,-8.105863,4.0,93
LOND,lond016,Control_202,5,P4,-6.262634,4.0,93
LOND,lond016,Control_202,5,C3,-3.023687,4.0,93
LOND,lond016,Control_202,5,C4,-10.52924,4.0,93
LOND,lond016,Control_202,5,P7,-2.991988,4.0,93
LOND,lond016,Control_202,5,P8,-4.444304,4.0,93
LOND,lond016,Control_202,5,O1,-10.23884,4.0,93
LOND,lond016,Control_202,5,O2,-5.621765,4.0,93
LOND,lond016,Control_202,6,Pz,-10.17066,3.0,100
LOND,lond016,Control_202,6,Cz,-10.70663,3.0,100
LOND,lond016,Control_202,6,CP1,-14.32037,3.0,100
LOND,lond016,Control_202,6,CP2,-10.91232,3.0,100
LOND,lond016,Control_202,6,P3,-9.105289,3.0,100
LOND,lond016,Control_202,6,P4,13.18541,3.0,100
LOND,lond016,Control_202,6,C3,-16.33185,3.0,100
LOND,lond016,Control_202,6,C4,-3.05739,3.0,100
LOND,lond016,Control_202,6,P7,-2.683016,3.0,100
LOND,lond016,Control_202,6,P8,6.332697,3.0,100
LOND,lond016,Control_202,6,O1,-14.95135,3.0,100
LOND,lond016,Control_202,6,O2,3.543564,3.0,100
LOND,lond016,Violation_201,7,Pz,-2.067955,11.0,87
LOND,lond016,Violation_201,7,Cz,-13.45497,11.0,87
LOND,lond016,Violation_201,7,CP1,-4.604113,11.0,87
LOND,lond016,Violation_201,7,CP2,-6.977673,11.0,87
LOND,lond016,Violation_201,7,P3,-8.042995,11.0,87
LOND,lond016,Violation_201,7,P4,2.957457,11.0,87
LOND,lond016,Violation_201,7,C3,-10.3441,11.0,87
LOND,lond016,Violation_201,7,C4,-2.368611,11.0,87
LOND,lond016,Violation_201,7,P7,-12.77051,11.0,87
LOND,lond016,Violation_201,7,P8,3.074175,11.0,87
LOND,lond016,Violation_201,7,O1,-12.33749,11.0,87
LOND,lond016,Violation_201,7,O2,2.651718,11.0,87
LOND,lond016,Violation_201,8,Pz,-14.00884,12.0,100
LOND,lond016,Violation_201,8,Cz,-9.193645,12.0,100
LOND,lond016,Violation_201,8,CP1,-16.1446,12.0,100
LOND,lond016,Violation_201,8,CP2,-1.820054,12.0,100
LOND,lond016,Violation_201,8,P3,9.773332,12.0,100
LOND,lond016,Violation_201,8,P4,-19.79402,12.0,100
LOND,lond016,Violation_201,8,C3,-14.96674,12.0,100
LOND,lond016,Violation_201,8,C4,-11.29209,12.0,100
LOND,lond016,Violation_201,8,P7,-8.589502,12.0,100
LOND,lond016,Violation_201,8,P8,-13.61491,12.0,100
LOND,lond016,Violation_201,8,O1,12.17406,12.0,100
LOND,lond016,Violation_201,8,O2,-9.630118,12.0,100
LOND,lond016,Control_202,9,Pz,4.580706,17.0,62
LOND,lond016,Control_202,9,Cz,7.084232,17.0,62
LOND,lond016,Control_202,9,CP1,8.959913,17.0,62
LOND,lond016,Control_202,9,CP2,1.865445,17.0,62
LOND,lond016,Control_202,9,P3,0.7501942,17.0,62
LOND,lond016,Control_202,9,P4,7.899981,17.0,62
LOND,lond016,Control_202,9,C3,8.679277,17.0,62
LOND,lond016,Control_202,9,C4,7.313157,17.0,62
LOND,lond016,Control_202,9,P7,-14.88964,17.0,62
LOND,lond016,Control_202,9,P8,0.2426201,17.0,62
LOND,lond016,Control_202,9,O1,6.746673,17.0,62
LOND,lond016,Control_202,9,O2,1.093767,17.0,62
LOND,lond016,Violation_201,10,Pz,4.127527,13.0,97
LOND,lond016,Violation_201,10,Cz,-0.1124124,13.0,97
LOND,lond016,Violation_201,10,CP1,1.066412,13.0,97
LOND,lond016,Violation_201,10,CP2,5.849864,13.0,97
LOND,lond016,Violation_201,10,P3,-2.563076,13.0,97
LOND,lond016,Violation_201,10,P4,1.62485,13.0,97
LOND,lond016,Violation_201,10,C3,8.334605,13.0,97
LOND,lond016,Violation_201,10,C4,2.087996,13.0,97
LOND,lond016,Violation_201,10,P7,0.2647812,13.0,97
LOND,lond016,Violation_201,10,P8,-3.429268,13.0,97
LOND,lond016,Violation_201,10,O1,-5.841239,13.0,97
LOND,lond016,Violation_201,10,O2,-1.562632,13.0,97
LOND,lond016,Violation_201,11,Pz,-1.86243,9.0,93
LOND,lond016,Violation_201,11,Cz,7.557924,9.0,93
LOND,lond016,Violation_201,11,CP1,2.254663,9.0,93
LOND,lond016,Violation_201,11,CP2,5.26002,9.0,93
LOND,lond016,Violation_201,11,P3,-2.915081,9.0,93
LOND,lond016,Violation_201,11,P4,2.720567,9.0,93
LOND,lond016,Violation_201,11,C3,5.710719,9.0,93
LOND,lond016,Violation_201,11,C4,-3.471348,9.0,93
LOND,lond016,Violation_201,11,P7,-7.966486,9.0,93
LOND,lond016,Violation_201,11,P8,0.492247,9.0,93
LOND,lond016,Violation_201,11,O1,2.504974,9.0,93
LOND,lond016,Violation_201,11,O2,-1.506159,9.0,93
LOND,lond016,Violation_201,12,Pz,12.07377,19.0,100
LOND,lond016,Violation_201,12,Cz,-2.352688,19.0,100
LOND,lond016,Violation_201,12,CP1,-5.620425,19.0,100
LOND,lond016,Violation_201,12,CP2,5.841883,19.0,100
LOND,lond016,Violation_201,12,P3,14.02051,19.0,100
LOND,lond016,Violation_201,12,P4,7.979007,19.0,100
LOND,lond016,Violation_201,12,C3,-11.99761,19.0,100
LOND,lond016,Violation_201,12,C4,-0.8962255,19.0,100
LOND,lond016,Violation_201,12,P7,2.380212,19.0,100
LOND,lond016,Violation_201,12,P8,6.155059,19.0,100
LOND,lond016,Violation_201,12,O1,12.45015,19.0,100
LOND,lond016,Violation_201,12,O2,6.136592,19.0,100
LOND,lond016,Control_202,13,Pz,-10.94277,8.0,97
LOND,lond016,Control_202,13,Cz,-14.09969,8.0,97
LOND,lond016,Control_202,13,CP1,-15.38366,8.0,97
LOND,lond016,Control_202,13,CP2,-16.64798,8.0,97
LOND,lond016,Control_202,13,P3,-11.76605,8.0,97
LOND,lond016,Control_202,13,P4,-18.91729,8.0,97
LOND,lond016,Control_202,13,C3,20.90353,8.0,97
LOND,lond016,Control_202,13,C4,-8.833444,8.0,97
LOND,lond016,Control_202,13,P7,1.663217,8.0,97
LOND,lond016,Control_202,13,P8,-5.669192,8.0,97
LOND,lond016,Control_202,13,O1,1.942106,8.0,97
LOND,lond016,Control_202,13,O2,-6.179853,8.0,97
LOND,lond016,Violation_201,14,Pz,3.980608,6.0,100
LOND,lond016,Violation_201,14,Cz,1.831537,6.0,100
LOND,lond016,Violation_201,14,CP1,7.914251,6.0,100
LOND,lond016,Violation_201,14,CP2,12.37771,6.0,100
LOND,lond016,Violation_201,14,P3,8.10708,6.0,100
LOND,lond016,Violation_201,14,P4,14.19652,6.0,100
LOND,lond016,Violation_201,14,C3,11.28122,6.0,100
LOND,lond016,Violation_201,14,C4,1.25751,6.0,100
LOND,lond016,Violation_201,14,P7,3.108967,6.0,100
LOND,lond016,Violation_201,14,P8,3.951275,6.0,100
LOND,lond016,Violation_201,14,O1,3.947715,6.0,100
LOND,lond016,Violation_201,14,O2,1.679881,6.0,100
LOND,lond016,Violation_201,15,Pz,-6.700524,16.0,93
LOND,lond016,Violation_201,15,Cz,-11.10171,16.0,93
LOND,lond016,Violation_201,15,CP1,-11.33396,16.0,93
LOND,lond016,Violation_201,15,CP2,-9.352088,16.0,93
LOND,lond016,Violation_201,15,P3,2.541177,16.0,93
LOND,lond016,Violation_201,15,P4,-9.514819,16.0,93
LOND,lond016,Violation_201,15,C3,-7.775083,16.0,93
LOND,lond016,Violation_201,15,C4,-5.763106,16.0,93
LOND,lond016,Violation_201,15,P7,3.099479,16.0,93
LOND,lond016,Violation_201,15,P8,-11.81853,16.0,93
LOND,lond016,Violation_201,15,O1,-10.68078,16.0,93
LOND,lond016,Violation_201,15,O2,-9.612339,16.0,93
LOND,lond016,Violation_201,16,Pz,-4.038929,2.0,100
LOND,lond016,Violation_201,16,Cz,-3.786556,2.0,100
LOND,lond016,Violation_201,16,CP1,-6.392494,2.0,100
LOND,lond016,Violation_201,16,CP2,-16.65483,2.0,100
LOND,lond016,Violation_201,16,P3,-10.81277,2.0,100
LOND,lond016,Violation_201,16,P4,-5.017013,2.0,100
LOND,lond016,Violation_201,16,C3,2.09928,2.0,100
LOND,lond016,Violation_201,16,C4,-1.550082,2.0,100
LOND,lond016,Violation_201,16,P7,-2.737226,2.0,100
LOND,lond016,Violation_201,16,P8,-10.65544,2.0,100
LOND,lond016,Violation_201,16,O1,-7.199877,2.0,100
LOND,lond016,Violation_201,16,O2,-11.69001,2.0,100
LOND,lond016,Control_202,17,Pz,-9.147413,15.0,90
LOND,lond016,Control_202,17,Cz,-10.49743,15.0,90
LOND,lond016,Control_202,17,CP1,-6.409758,15.0,90
LOND,lond016,Control_202,17,CP2,-4.099251,15.0,90
LOND,lond016,Control_202,17,P3,-12.50399,15.0,90
LOND,lond016,Control_202,17,P4,-14.25163,15.0,90
LOND,lond016,Control_202,17,C3,-2.655819,15.0,90
LOND,lond016,Control_202,17,C4,-11.21117,15.0,90
LOND,lond016,Control_202,17,P7,11.74627,15.0,90
LOND,lond016,Control_202,17,P8,-7.53008,15.0,90
LOND,lond016,Control_202,17,O1,-6.406374,15.0,90
LOND,lond016,Control_202,17,O2,-6.236521,15.0,90
LOND,lond016,Violation_201,18,Pz,5.982962,20.0,90
LOND,lond016,Violation_201,18,Cz,8.565202,20.0,90
LOND,lond016,Violation_201,18,CP1,16.41042,20.0,90
LOND,lond016,Violation_201,18,CP2,23.83099,20.0,90
LOND,lond016,Violation_201,18,P3,17.07294,20.0,90
LOND,lond016,Violation_201,18,P4,8.740526,20.0,90
LOND,lond016,Violation_201,18,C3,15.01486,20.0,90
LOND,lond016,Violation_201,18,C4,1.698478,20.0,90
LOND,lond016,Violation_201,18,P7,5.966622,20.0,90
LOND,lond016,Violation_201,18,P8,-7.532877,20.0,90
LOND,lond016,Violation_201,18,O1,4.796278,20.0,90
LOND,lond016,Violation_201,18,O2,2.563494,20.0,90
LOND,lond016,Control_202,19,Pz,7.597821,1.0,97
LOND,lond016,Control_202,19,Cz,7.881741,1.0,97
LOND,lond016,Control_202,19,CP1,8.426717,1.0,97
LOND,lond016,Control_202,19,CP2,21.86081,1.0,97
LOND,lond016,Control_202,19,P3,15.72475,1.0,97
LOND,lond016,Control_202,19,P4,9.010793,1.0,97
LOND,lond016,Control_202,19,C3,7.254837,1.0,97
LOND,lond016,Control_202,19,C4,2.809185,1.0,97
LOND,lond016,Control_202,19,P7,19.21693,1.0,97
LOND,lond016,Control_202,19,P8,4.553689,1.0,97
LOND,lond016,Control_202,19,O1,15.16372,1.0,97
LOND,lond016,Control_202,19,O2,10.044,1.0,97
LOND,lond016,Control_202,20,Pz,16.85153,10.0,80
LOND,lond016,Control_202,20,Cz,12.83516,10.0,80
LOND,lond016,Control_202,20,CP1,15.26179,10.0,80
LOND,lond016,Control_202,20,CP2,4.561821,10.0,80
LOND,lond016,Control_202,20,P3,6.118925,10.0,80
LOND,lond016,Control_202,20,P4,23.23442,10.0,80
LOND,lond016,Control_202,20,C3,12.13756,10.0,80
LOND,lond016,Control_202,20,C4,14.79317,10.0,80
LOND,lond016,Control_202,20,P7,-5.985853,10.0,80
LOND,lond016,Control_202,20,P8,9.398994,10.0,80
LOND,lond016,Control_202,20,O1,-1.828003,10.0,80
LOND,lond016,Control_202,20,O2,13.69412,10.0,80
LOND,lond016,Violation_201,21,Pz,8.99503,24.0,93
LOND,lond016,Violation_201,21,Cz,0.6412391,24.0,93
LOND,lond016,Violation_201,21,CP1,-0.5023379,24.0,93
LOND,lond016,Violation_201,21,CP2,23.11678,24.0,93
LOND,lond016,Violation_201,21,P3,8.846246,24.0,93
LOND,lond016,Violation_201,21,P4,2.378809,24.0,93
LOND,lond016,Violation_201,21,C3,9.25267,24.0,93
LOND,lond016,Violation_201,21,C4,3.916988,24.0,93
LOND,lond016,Violation_201,21,P7,10.70589,24.0,93
LOND,lond016,Violation_201,21,P8,3.502599,24.0,93
LOND,lond016,Violation_201,21,O1,9.794253,24.0,93
LOND,lond016,Violation_201,21,O2,11.03927,24.0,93
LOND,lond016,Violation_201,22,Pz,-13.40091,31.0,77
LOND,lond016,Violation_201,22,Cz,-9.529985,31.0,77
LOND,lond016,Violation_201,22,CP1,-11.75574,31.0,77
LOND,lond016,Violation_201,22,CP2,-10.51233,31.0,77
LOND,lond016,Violation_201,22,P3,6.726893,31.0,77
LOND,lond016,Violation_201,22,P4,-18.14356,31.0,77
LOND,lond016,Violation_201,22,C3,-6.926213,31.0,77
LOND,lond016,Violation_201,22,C4,-8.992618,31.0,77
LOND,lond016,Violation_201,22,P7,-3.840436,31.0,77
LOND,lond016,Violation_201,22,P8,-11.23715,31.0,77
LOND,lond016,Violation_201,22,O1,3.064632,31.0,77
LOND,lond016,Violation_201,22,O2,-6.039831,31.0,77
LOND,lond016,Violation_201,23,Pz,-15.28598,36.0,77
LOND,lond016,Violation_201,23,Cz,-19.50629,36.0,77
LOND,lond016,Violation_201,23,CP1,-10.83991,36.0,77
LOND,lond016,Violation_201,23,CP2,0.4659764,36.0,77
LOND,lond016,Violation_201,23,P3,-1.64642,36.0,77
LOND,lond016,Violation_201,23,P4,-3.723847,36.0,77
LOND,lond016,Violation_201,23,C3,-11.81399,36.0,77
LOND,lond016,Violation_201,23,C4,-11.9024,36.0,77
LOND,lond016,Violation_201,23,P7,-9.873804,36.0,77
LOND,lond016,Violation_201,23,P8,-4.87956,36.0,77
LOND,lond016,Violation_201,23,O1,3.438358,36.0,77
LOND,lond016,Violation_201,23,O2,-2.080163,36.0,77
LOND,lond016,Violation_201,24,Pz,-4.957986,34.0,97
LOND,lond016,Violation_201,24,Cz,-6.647792,34.0,97
LOND,lond016,Violation_201,24,CP1,0.6059064,34.0,97
LOND,lond016,Violation_201,24,CP2,5.274321,34.0,97
LOND,lond016,Violation_201,24,P3,10.75494,34.0,97
LOND,lond016,Violation_201,24,P4,-7.274776,34.0,97
LOND,lond016,Violation_201,24,C3,3.748162,34.0,97
LOND,lond016,Violation_201,24,C4,-6.92423,34.0,97
LOND,lond016,Violation_201,24,P7,5.41232,34.0,97
LOND,lond016,Violation_201,24,P8,-7.718002,34.0,97
LOND,lond016,Violation_201,24,O1,-1.643297,34.0,97
LOND,lond016,Violation_201,24,O2,-3.028291,34.0,97
LOND,lond016,Control_202,25,Pz,7.857,22.0,53
LOND,lond016,Control_202,25,Cz,20.57777,22.0,53
LOND,lond016,Control_202,25,CP1,19.50794,22.0,53
LOND,lond016,Control_202,25,CP2,10.43614,22.0,53
LOND,lond016,Control_202,25,P3,4.579573,22.0,53
LOND,lond016,Control_202,25,P4,3.286105,22.0,53
LOND,lond016,Control_202,25,C3,16.83048,22.0,53
LOND,lond016,Control_202,25,C4,10.59459,22.0,53
LOND,lond016,Control_202,25,P7,6.256095,22.0,53
LOND,lond016,Control_202,25,P8,8.894308,22.0,53
LOND,lond016,Control_202,25,O1,1.771861,22.0,53
LOND,lond016,Control_202,25,O2,-3.40695,22.0,53
LOND,lond016,Control_202,26,Pz,-0.4859547,40.0,93
LOND,lond016,Control_202,26,Cz,-14.1538,40.0,93
LOND,lond016,Control_202,26,CP1,-3.88556,40.0,93
LOND,lond016,Control_202,26,CP2,-6.205601,40.0,93
LOND,lond016,Control_202,26,P3,13.26917,40.0,93
LOND,lond016,Control_202,26,P4,-2.017472,40.0,93
LOND,lond016,Control_202,26,C3,-2.584885,40.0,93
LOND,lond016,Control_202,26,C4,-0.786997,40.0,93
LOND,lond016,Control_202,26,P7,-13.15051,40.0,93
LOND,lond016,Control_202,26,P8,-12.34314,40.0,93
LOND,lond016,Control_202,26,O1,-3.106178,40.0,93
LOND,lond016,Control_202,26,O2,-8.185948,40.0,93
LOND,lond016,Violation_201,27,Pz,9.819751,21.0,77
LOND,lond016,Violation_201,27,Cz,11.3894,21.0,77
LOND,lond016,Violation_201,27,CP1,5.491572,21.0,77
LOND,lond016,Violation_201,27,CP2,20.8262,21.0,77
LOND,lond016,Violation_201,27,P3,14.99755,21.0,77
LOND,lond016,Violation_201,27,P4,20.62599,21.0,77
LOND,lond016,Violation_201,27,C3,-0.5971836,21.0,77
LOND,lond016,Violation_201,27,C4,8.688603,21.0,77
LOND,lond016,Violation_201,27,P7,9.865217,21.0,77
LOND,lond016,Violation_201,27,P8,5.249897,21.0,77
LOND,lond016,Violation_201,27,O1,4.279441,21.0,77
LOND,lond016,Violation_201,27,O2,13.12283,21.0,77
LOND,lond016,Control_202,28,Pz,2.410895,30.0,90
LOND,lond016,Control_202,28,Cz,-13.47937,30.0,90
LOND,lond016,Control_202,28,CP1,-7.789484,30.0,90
LOND,lond016,Control_202,28,CP2,2.485433,30.0,90
LOND,lond016,Control_202,28,P3,11.86929,30.0,90
LOND,lond016,Control_202,28,P4,-5.207314,30.0,90
LOND,lond016,Control_202,28,C3,-10.84935,30.0,90
LOND,lond016,Control_202,28,C4,-3.17077,30.0,90
LOND,lond016,Control_202,28,P7,-8.254338,30.0,90
LOND,lond016,Control_202,28,P8,-2.864866,30.0,90
LOND,lond016,Control_202,28,O1,-0.6105907,30.0,90
LOND,lond016,Control_202,28,O2,5.084061,30.0,90
LOND,lond016,Control_202,29,Pz,6.62842,32.0,80
LOND,lond016,Control_202,29,Cz,16.22413,32.0,80
LOND,lond016,Control_202,29,CP1,10.19808,32.0,80
LOND,lond016,Control_202,29,CP2,11.58663,32.0,80
LOND,lond016,Control_202,29,P3,6.299557,32.0,80
LOND,lond016,Control_202,29,P4,3.075201,32.0,80
LOND,lond016,Control_202,29,C3,11.51357,32.0,80
LOND,lond016,Control_202,29,C4,13.53473,32.0,80
LOND,lond016,Control_202,29,P7,2.18597,32.0,80
LOND,lond016,Control_202,29,P8,-1.895537,32.0,80
LOND,lond016,Control_202,29,O1,-4.100147,32.0,80
LOND,lond016,Control_202,29,O2,0.1642359,32.0,80
LOND,lond016,Control_202,30,Pz,12.47185,27.0,97
LOND,lond016,Control_202,30,Cz,2.813708,27.0,97
LOND,lond016,Control_202,30,CP1,7.664281,27.0,97
LOND,lond016,Control_202,30,CP2,4.292228,27.0,97
LOND,lond016,Control_202,30,P3,7.199701,27.0,97
LOND,lond016,Control_202,30,P4,8.009113,27.0,97
LOND,lond016,Control_202,30,C3,4.596948,27.0,97
LOND,lond016,Control_202,30,C4,8.092316,27.0,97
LOND,lond016,Control_202,30,P7,-11.23817,27.0,97
LOND,lond016,Control_202,30,P8,3.375506,27.0,97
LOND,lond016,Control_202,30,O1,5.932764,27.0,97
LOND,lond016,Control_202,30,O2,5.28201,27.0,97
LOND,lond016,Violation_201,31,Pz,0.5732139,26.0,87
LOND,lond016,Violation_201,31,Cz,-7.851869,26.0,87
LOND,lond016,Violation_201,31,CP1,-3.588377,26.0,87
LOND,lond016,Violation_201,31,CP2,5.020965,26.0,87
LOND,lond016,Violation_201,31,P3,5.861271,26.0,87
LOND,lond016,Violation_201,31,P4,-3.033541,26.0,87
LOND,lond016,Violation_201,31,C3,-8.616535,26.0,87
LOND,lond016,Violation_201,31,C4,-9.16516,26.0,87
LOND,lond016,Violation_201,31,P7,8.793971,26.0,87
LOND,lond016,Violation_201,31,P8,-8.683493,26.0,87
LOND,lond016,Violation_201,31,O1,6.622395,26.0,87
LOND,lond016,Violation_201,31,O2,4.090181,26.0,87
LOND,lond016,Control_202,32,Pz,-12.1792,38.0,93
LOND,lond016,Control_202,32,Cz,-14.02038,38.0,93
LOND,lond016,Control_202,32,CP1,-7.043013,38.0,93
LOND,lond016,Control_202,32,CP2,-1.715238,38.0,93
LOND,lond016,Control_202,32,P3,-16.5199,38.0,93
LOND,lond016,Control_202,32,P4,5.441906,38.0,93
LOND,lond016,Control_202,32,C3,-10.47373,38.0,93
LOND,lond016,Control_202,32,C4,-16.89196,38.0,93
LOND,lond016,Control_202,32,P7,-3.874416,38.0,93
LOND,lond016,Control_202,32,P8,-6.706013,38.0,93
LOND,lond016,Control_202,32,O1,8.414595,38.0,93
LOND,lond016,Control_202,32,O2,-8.912741,38.0,93
LOND,lond016,Violation_201,33,Pz,-24.89922,25.0,97
LOND,lond016,Violation_201,33,Cz,-23.70512,25.0,97
LOND,lond016,Violation_201,33,CP1,-14.97661,25.0,97
LOND,lond016,Violation_201,33,CP2,-14.61729,25.0,97
LOND,lond016,Violation_201,33,P3,-17.25916,25.0,97
LOND,lond016,Violation_201,33,P4,-40.05183,25.0,97
LOND,lond016,Violation_201,33,C3,-20.58597,25.0,97
LOND,lond016,Violation_201,33,C4,-31.14869,25.0,97
LOND,lond016,Violation_201,33,P7,-13.26213,25.0,97
LOND,lond016,Violation_201,33,P8,-12.48136,25.0,97
LOND,lond016,Violation_201,33,O1,-12.10044,25.0,97
LOND,lond016,Violation_201,33,O2,-18.67955,25.0,97
LOND,lond016,Control_202,34,Pz,4.532898,29.0,90
LOND,lond016,Control_202,34,Cz,0.2046962,29.0,90
LOND,lond016,Control_202,34,CP1,1.750222,29.0,90
LOND,lond016,Control_202,34,CP2,-0.4296499,29.0,90
LOND,lond016,Control_202,34,P3,9.350266,29.0,90
LOND,lond016,Control_202,34,P4,28.19257,29.0,90
LOND,lond016,Control_202,34,C3,4.954527,29.0,90
LOND,lond016,Control_202,34,C4,6.356246,29.0,90
LOND,lond016,Control_202,34,P7,8.005111,29.0,90
LOND,lond016,Control_202,34,P8,3.133176,29.0,90
LOND,lond016,Control_202,34,O1,1.999654,29.0,90
LOND,lond016,Control_202,34,O2,4.239402,29.0,90
LOND,lond016,Control_202,35,Pz,5.053096,28.0,27
LOND,lond016,Control_202,35,Cz,13.06136,28.0,27
LOND,lond016,Control_202,35,CP1,8.631267,28.0,27
LOND,lond016,Control_202,35,CP2,5.395203,28.0,27
LOND,lond016,Control_202,35,P3,-10.36719,28.0,27
LOND,lond016,Control_202,35,P4,-3.346918,28.0,27
LOND,lond016,Control_202,35,C3,6.459541,28.0,27
LOND,lond016,Control_202,35,C4,6.187954,28.0,27
LOND,lond016,Control_202,35,P7,0.1395258,28.0,27
LOND,lond016,Control_202,35,P8,7.626276,28.0,27
LOND,lond016,Control_202,35,O1,-3.681748,28.0,27
LOND,lond016,Control_202,35,O2,2.723643,28.0,27
LOND,lond016,Violation_201,36,Pz,-9.681453,35.0,97
LOND,lond016,Violation_201,36,Cz,-3.677388,35.0,97
LOND,lond016,Violation_201,36,CP1,-5.170322,35.0,97
LOND,lond016,Violation_201,36,CP2,-7.57058,35.0,97
LOND,lond016,Violation_201,36,P3,-1.771649,35.0,97
LOND,lond016,Violation_201,36,P4,-0.002775803,35.0,97
LOND,lond016,Violation_201,36,C3,3.122616,35.0,97
LOND,lond016,Violation_201,36,C4,-3.747888,35.0,97
LOND,lond016,Violation_201,36,P7,-4.188407,35.0,97
LOND,lond016,Violation_201,36,P8,-4.199993,35.0,97
LOND,lond016,Violation_201,36,O1,-1.110387,35.0,97
LOND,lond016,Violation_201,36,O2,-8.397487,35.0,97
LOND,lond016,Violation_201,37,Pz,-1.249101,39.0,97
LOND,lond016,Violation_201,37,Cz,4.026585,39.0,97
LOND,lond016,Violation_201,37,CP1,1.128217,39.0,97
LOND,lond016,Violation_201,37,CP2,7.001465,39.0,97
LOND,lond016,Violation_201,37,P3,-0.2027063,39.0,97
LOND,lond016,Violation_201,37,P4,-1.603047,39.0,97
LOND,lond016,Violation_201,37,C3,8.661079,39.0,97
LOND,lond016,Violation_201,37,C4,-1.430058,39.0,97
LOND,lond016,Violation_201,37,P7,-7.996991,39.0,97
LOND,lond016,Violation_201,37,P8,-0.9841158,39.0,97
LOND,lond016,Violation_201,37,O1,-5.107471,39.0,97
LOND,lond016,Violation_201,37,O2,-2.347541,39.0,97
LOND,lond016,Violation_201,38,Pz,2.568236,23.0,93
LOND,lond016,Violation_201,38,Cz,6.450548,23.0,93
LOND,lond016,Violation_201,38,CP1,2.170836,23.0,93
LOND,lond016,Violation_201,38,CP2,8.208607,23.0,93
LOND,lond016,Violation_201,38,P3,14.67324,23.0,93
LOND,lond016,Violation_201,38,P4,-12.17029,23.0,93
LOND,lond016,Violation_201,38,C3,4.761744,23.0,93
LOND,lond016,Violation_201,38,C4,-5.3522,23.0,93
LOND,lond016,Violation_201,38,P7,9.394246,23.0,93
LOND,lond016,Violation_201,38,P8,-9.061661,23.0,93
LOND,lond016,Violation_201,38,O1,-2.850734,23.0,93
LOND,lond016,Violation_201,38,O2,-0.878691,23.0,93
LOND,lond016,Control_202,39,Pz,-11.73169,37.0,80
LOND,lond016,Control_202,39,Cz,-8.748557,37.0,80
LOND,lond016,Control_202,39,CP1,-7.577783,37.0,80
LOND,lond016,Control_202,39,CP2,-6.3153,37.0,80
LOND,lond016,Control_202,39,P3,-8.997822,37.0,80
LOND,lond016,Control_202,39,P4,-7.232177,37.0,80
LOND,lond016,Control_202,39,C3,-11.26351,37.0,80
LOND,lond016,Control_202,39,C4,-13.85448,37.0,80
LOND,lond016,Control_202,39,P7,0.7168598,37.0,80
LOND,lond016,Control_202,39,P8,-14.69606,37.0,80
LOND,lond016,Control_202,39,O1,-5.499331,37.0,80
LOND,lond016,Control_202,39,O2,-14.08638,37.0,80
LOND,lond016,Control_202,40,Pz,9.913197,33.0,53
LOND,lond016,Control_202,40,Cz,-3.557173,33.0,53
LOND,lond016,Control_202,40,CP1,-0.6208292,33.0,53
LOND,lond016,Control_202,40,CP2,7.618468,33.0,53
LOND,lond016,Control_202,40,P3,-3.297091,33.0,53
LOND,lond016,Control_202,40,P4,6.742567,33.0,53
LOND,lond016,Control_202,40,C3,5.391593,33.0,53
LOND,lond016,Control_202,40,C4,0.3517867,33.0,53
LOND,lond016,Control_202,40,P7,0.9145044,33.0,53
LOND,lond016,Control_202,40,P8,3.083454,33.0,53
LOND,lond016,Control_202,40,O1,-4.259485,33.0,53
LOND,lond016,Control_202,40,O2,5.577371,33.0,53
LOND,lond017,Violation_201,1,Pz,1.93505,2.0,100
LOND,lond017,Violation_201,1,Cz,-6.961142,2.0,100
LOND,lond017,Violation_201,1,CP1,-15.14334,2.0,100
LOND,lond017,Violation_201,1,CP2,-7.660534,2.0,100
LOND,lond017,Violation_201,1,P3,-2.362411,2.0,100
LOND,lond017,Violation_201,1,P4,-2.352417,2.0,100
LOND,lond017,Violation_201,1,C3,-12.7372,2.0,100
LOND,lond017,Violation_201,1,C4,-18.18229,2.0,100
LOND,lond017,Violation_201,1,P7,-1.421398,2.0,100
LOND,lond017,Violation_201,1,P8,-6.434608,2.0,100
LOND,lond017,Violation_201,1,O1,-1.568174,2.0,100
LOND,lond017,Violation_201,1,O2,2.918276,2.0,100
LOND,lond017,Violation_201,2,Pz,12.70074,8.0,97
LOND,lond017,Violation_201,2,Cz,15.17489,8.0,97
LOND,lond017,Violation_201,2,CP1,12.03829,8.0,97
LOND,lond017,Violation_201,2,CP2,13.24982,8.0,97
LOND,lond017,Violation_201,2,P3,10.75416,8.0,97
LOND,lond017,Violation_201,2,P4,12.96683,8.0,97
LOND,lond017,Violation_201,2,C3,4.951212,8.0,97
LOND,lond017,Violation_201,2,C4,15.91504,8.0,97
LOND,lond017,Violation_201,2,P7,19.69729,8.0,97
LOND,lond017,Violation_201,2,P8,10.44116,8.0,97
LOND,lond017,Violation_201,2,O1,11.64388,8.0,97
LOND,lond017,Violation_201,2,O2,-7.855824,8.0,97
LOND,lond017,Control_202,3,Pz,5.144951,17.0,62
LOND,lond017,Control_202,3,Cz,13.72926,17.0,62
LOND,lond017,Control_202,3,CP1,1.228911,17.0,62
LOND,lond017,Control_202,3,CP2,12.08437,17.0,62
LOND,lond017,Control_202,3,P3,2.423662,17.0,62
LOND,lond017,Control_202,3,P4,2.623394,17.0,62
LOND,lond017,Control_202,3,C3,5.244328,17.0,62
LOND,lond017,Control_202,3,C4,7.540763,17.0,62
LOND,lond017,Control_202,3,P7,0.1835385,17.0,62
LOND,lond017,Control_202,3,P8,4.647437,17.0,62
LOND,lond017,Control_202,3,O1,-2.506522,17.0,62
LOND,lond017,Control_202,3,O2,6.8849,17.0,62
LOND,lond017,Control_202,4,Pz,1.29356,9.0,93
LOND,lond017,Control_202,4,Cz,11.56226,9.0,93
LOND,lond017,Control_202,4,CP1,7.306671,9.0,93
LOND,lond017,Control_202,4,CP2,8.240644,9.0,93
LOND,lond017,Control_202,4,P3,-0.9625336,9.0,93
LOND,lond017,Control_202,4,P4,-3.404531,9.0,93
LOND,lond017,Control_202,4,C3,-1.835756,9.0,93
LOND,lond017,Control_202,4,C4,11.05548,9.0,93
LOND,lond017,Control_202,4,P7,2.216923,9.0,93
LOND,lond017,Control_202,4,P8,-0.35075,9.0,93
LOND,lond017,Control_202,4,O1,-9.088623,9.0,93
LOND,lond017,Control_202,4,O2,-6.998316,9.0,93
LOND,lond017,Violation_201,5,Pz,-5.217443,20.0,90
LOND,lond017,Violation_201,5,Cz,-5.016873,20.0,90
LOND,lond017,Violation_201,5,CP1,-13.80529,20.0,90
LOND,lond017,Violation_201,5,CP2,-5.090456,20.0,90
LOND,lond017,Violation_201,5,P3,-7.913903,20.0,90
LOND,lond017,Violation_201,5,P4,-5.868748,20.0,90
LOND,lond017,Violation_201,5,C3,-11.33322,20.0,90
LOND,lond017,Violation_201,5,C4,-22.16827,20.0,90
LOND,lond017,Violation_201,5,P7,-2.759886,20.0,90
LOND,lond017,Violation_201,5,P8,2.379881,20.0,90
LOND,lond017,Violation_201,5,O1,12.2046,20.0,90
LOND,lond017,Violation_201,5,O2,5.277857,20.0,90
LOND,lond017,Control_202,6,Pz,-16.208,10.0,80
LOND,lond017,Control_202,6,Cz,5.78464,10.0,80
LOND,lond017,Control_202,6,CP1,-2.397017,10.0,80
LOND,lond017,Control_202,6,CP2,-1.470487,10.0,80
LOND,lond017,Control_202,6,P3,-2.97877,10.0,80
LOND,lond017,Control_202,6,P4,7.051925,10.0,80
LOND,lond017,Control_202,6,C3,16.59606,10.0,80
LOND,lond017,Control_202,6,C4,1.900675,10.0,80
LOND,lond017,Control_202,6,P7,2.431633,10.0,80
LOND,lond017,Control_202,6,P8,-12.38476,10.0,80
LOND,lond017,Control_202,6,O1,-4.065842,10.0,80
LOND,lond017,Control_202,6,O2,62.97117,10.0,80
LOND,lond017,Control_202,7,Pz,-3.011148,11.0,87
LOND,lond017,Control_202,7,Cz,7.201331,11.0,87
LOND,lond017,Control_202,7,CP1,10.48036,11.0,87
LOND,lond017,Control_202,7,CP2,1.973616,11.0,87
LOND,lond017,Control_202,7,P3,19.67007,11.0,87
LOND,lond017,Control_202,7,P4,7.809802,11.0,87
LOND,lond017,Control_202,7,C3,3.935443,11.0,87
LOND,lond017,Control_202,7,C4,10.0806,11.0,87
LOND,lond017,Control_202,7,P7,-3.163597,11.0,87
LOND,lond017,Control_202,7,P8,2.109955,11.0,87
LOND,lond017,Control_202,7,O1,1.082204,11.0,87
LOND,lond017,Control_202,7,O2,8.271729,11.0,87
LOND,lond017,Violation_201,8,Pz,3.206552,15.0,90
LOND,lond017,Violation_201,8,Cz,5.776114,15.0,90
LOND,lond017,Violation_201,8,CP1,9.178532,15.0,90
LOND,lond017,Violation_201,8,CP2,-2.88616,15.0,90
LOND,lond017,Violation_201,8,P3,-0.3976459,15.0,90
LOND,lond017,Violation_201,8,P4,2.062445,15.0,90
LOND,lond017,Violation_201,8,C3,-3.135435,15.0,90
LOND,lond017,Violation_201,8,C4,-1.313312,15.0,90
LOND,lond017,Violation_201,8,P7,-3.826286,15.0,90
LOND,lond017,Violation_201,8,P8,0.262162,15.0,90
LOND,lond017,Violation_201,8,O1,-0.8311484,15.0,90
LOND,lond017,Violation_201,8,O2,5.163822,15.0,90
LOND,lond017,Violation_201,9,Pz,-9.206049,5.0,93
LOND,lond017,Violation_201,9,Cz,-5.061544,5.0,93
LOND,lond017,Violation_201,9,CP1,-3.637473,5.0,93
LOND,lond017,Violation_201,9,CP2,-3.435108,5.0,93
LOND,lond017,Violation_201,9,P3,-27.44822,5.0,93
LOND,lond017,Violation_201,9,P4,-16.94505,5.0,93
LOND,lond017,Violation_201,9,C3,-9.668354,5.0,93
LOND,lond017,Violation_201,9,C4,0.4559022,5.0,93
LOND,lond017,Violation_201,9,P7,-12.54658,5.0,93
LOND,lond017,Violation_201,9,P8,-1.408636,5.0,93
LOND,lond017,Violation_201,9,O1,-10.97834,5.0,93
LOND,lond017,Violation_201,9,O2,-0.7357647,5.0,93
LOND,lond017,Control_202,10,Pz,17.85018,14.0,90
LOND,lond017,Control_202,10,Cz,13.10761,14.0,90
LOND,lond017,Control_202,10,CP1,29.12488,14.0,90
LOND,lond017,Control_202,10,CP2,18.9891,14.0,90
LOND,lond017,Control_202,10,P3,12.67277,14.0,90
LOND,lond017,Control_202,10,P4,4.584041,14.0,90
LOND,lond017,Control_202,10,C3,8.84482,14.0,90
LOND,lond017,Control_202,10,C4,19.80884,14.0,90
LOND,lond017,Control_202,10,P7,21.35996,14.0,90
LOND,lond017,Control_202,10,P8,10.59466,14.0,90
LOND,lond017,Control_202,10,O1,16.86442,14.0,90
LOND,lond017,Control_202,10,O2,10.16865,14.0,90
LOND,lond017,Control_202,11,Pz,-20.56573,4.0,93
LOND,lond017,Control_202,11,Cz,-33.97816,4.0,93
LOND,lond017,Control_202,11,CP1,-21.40121,4.0,93
LOND,lond017,Control_202,11,CP2,-28.15689,4.0,93
LOND,lond017,Control_202,11,P3,-36.78985,4.0,93
LOND,lond017,Control_202,11,P4,-22.54653,4.0,93
LOND,lond017,Control_202,11,C3,-27.22485,4.0,93
LOND,lond017,Control_202,11,C4,-27.56215,4.0,93
LOND,lond017,Control_202,11,P7,-23.25197,4.0,93
LOND,lond017,Control_202,11,P8,-19.13763,4.0,93
LOND,lond017,Control_202,11,O1,-25.9497,4.0,93
LOND,lond017,Control_202,11,O2,-20.10261,4.0,93
LOND,lond017,Violation_201,12,Pz,-14.35351,1.0,97
LOND,lond017,Violation_201,12,Cz,-5.021793,1.0,97
LOND,lond017,Violation_201,12,CP1,-4.44112,1.0,97
LOND,lond017,Violation_201,12,CP2,-9.825032,1.0,97
LOND,lond017,Violation_201,12,P3,-5.522968,1.0,97
LOND,lond017,Violation_201,12,P4,18.77361,1.0,97
LOND,lond017,Violation_201,12,C3,-1.442693,1.0,97
LOND,lond017,Violation_201,12,C4,-0.7850427,1.0,97
LOND,lond017,Violation_201,12,P7,-20.58327,1.0,97
LOND,lond017,Violation_201,12,P8,-21.61815,1.0,97
LOND,lond017,Violation_201,12,O1,-13.12276,1.0,97
LOND,lond017,Violation_201,12,O2,-25.00143,1.0,97
LOND,lond017,Control_202,13,Pz,-0.2684398,3.0,100
LOND,lond017,Control_202,13,Cz,16.73077,3.0,100
LOND,lond017,Control_202,13,CP1,-3.618505,3.0,100
LOND,lond017,Control_202,13,CP2,8.63611,3.0,100
LOND,lond017,Control_202,13,P3,4.16013,3.0,100
LOND,lond017,Control_202,13,P4,9.076534,3.0,100
LOND,lond017,Control_202,13,C3,2.796845,3.0,100
LOND,lond017,Control_202,13,C4,17.50504,3.0,100
LOND,lond017,Control_202,13,P7,-17.60884,3.0,100
LOND,lond017,Control_202,13,P8,3.242751,3.0,100
LOND,lond017,Control_202,13,O1,-2.870501,3.0,100
LOND,lond017,Control_202,13,O2,8.945553,3.0,100
LOND,lond017,Violation_201,14,Pz,-3.009912,7.0,80
LOND,lond017,Violation_201,14,Cz,5.645422,7.0,80
LOND,lond017,Violation_201,14,CP1,-6.78002,7.0,80
LOND,lond017,Violation_201,14,CP2,-1.119812,7.0,80
LOND,lond017,Violation_201,14,P3,-17.25121,7.0,80
LOND,lond017,Violation_201,14,P4,-7.863554,7.0,80
LOND,lond017,Violation_201,14,C3,3.557452,7.0,80
LOND,lond017,Violation_201,14,C4,-1.711208,7.0,80
LOND,lond017,Violation_201,14,P7,-11.12009,7.0,80
LOND,lond017,Violation_201,14,P8,-13.40061,7.0,80
LOND,lond017,Violation_201,14,O1,0.5827698,7.0,80
LOND,lond017,Violation_201,14,O2,-7.620882,7.0,80
LOND,lond017,Violation_201,15,Pz,-4.403206,12.0,100
LOND,lond017,Violation_201,15,Cz,-2.371128,12.0,100
LOND,lond017,Violation_201,15,CP1,12.42705,12.0,100
LOND,lond017,Violation_201,15,CP2,-13.11025,12.0,100
LOND,lond017,Violation_201,15,P3,-7.411086,12.0,100
LOND,lond017,Violation_201,15,P4,-8.498839,12.0,100
LOND,lond017,Violation_201,15,C3,5.09183,12.0,100
LOND,lond017,Violation_201,15,C4,-7.948281,12.0,100
LOND,lond017,Violation_201,15,P7,-6.197764,12.0,100
LOND,lond017,Violation_201,15,P8,-14.76123,12.0,100
LOND,lond017,Violation_201,15,O1,-6.109474,12.0,100
LOND,lond017,Violation_201,15,O2,-17.52649,12.0,100
LOND,lond017,Violation_201,16,Pz,35.61423,16.0,93
LOND,lond017,Violation_201,16,Cz,54.12811,16.0,93
LOND,lond017,Violation_201,16,CP1,35.12426,16.0,93
LOND,lond017,Violation_201,16,CP2,27.70753,16.0,93
LOND,lond017,Violation_201,16,P3,17.66173,16.0,93
LOND,lond017,Violation_201,16,P4,21.62948,16.0,93
LOND,lond017,Violation_201,16,C3,26.48409,16.0,93
LOND,lond017,Violation_201,16,C4,27.81725,16.0,93
LOND,lond017,Violation_201,16,P7,18.49807,16.0,93
LOND,lond017,Violation_201,16,P8,19.02393,16.0,93
LOND,lond017,Violation_201,16,O1,32.68333,16.0,93
LOND,lond017,Violation_201,16,O2,33.41785,16.0,93
LOND,lond017,Control_202,17,Pz,-13.79368,18.0,87
LOND,lond017,Control_202,17,Cz,-22.47095,18.0,87
LOND,lond017,Control_202,17,CP1,-28.26444,18.0,87
LOND,lond017,Control_202,17,CP2,-18.59923,18.0,87
LOND,lond017,Control_202,17,P3,-45.16587,18.0,87
LOND,lond017,Control_202,17,P4,-30.50945,18.0,87
LOND,lond017,Control_202,17,C3,-38.32431,18.0,87
LOND,lond017,Control_202,17,C4,-30.70481,18.0,87
LOND,lond017,Control_202,17,P7,-24.7469,18.0,87
LOND,lond017,Control_202,17,P8,-22.41729,18.0,87
LOND,lond017,Control_202,17,O1,-24.29917,18.0,87
LOND,lond017,Control_202,17,O2,-22.5507,18.0,87
LOND,lond017,Violation_201,18,Pz,-4.398254,19.0,100
LOND,lond017,Violation_201,18,Cz,-13.97977,19.0,100
LOND,lond017,Violation_201,18,CP1,18.79048,19.0,100
LOND,lond017,Violation_201,18,CP2,0.4520411,19.0,100
LOND,lond017,Violation_201,18,P3,17.25274,19.0,100
LOND,lond017,Violation_201,18,P4,16.65813,19.0,100
LOND,lond017,Violation_201,18,C3,-1.034233,19.0,100
LOND,lond017,Violation_201,18,C4,3.121764,19.0,100
LOND,lond017,Violation_201,18,P7,-17.11893,19.0,100
LOND,lond017,Violation_201,18,P8,7.171325,19.0,100
LOND,lond017,Violation_201,18,O1,17.86683,19.0,100
LOND,lond017,Violation_201,18,O2,7.181353,19.0,100
LOND,lond017,Control_202,19,Pz,-15.52284,6.0,100
LOND,lond017,Control_202,19,Cz,6.667145,6.0,100
LOND,lond017,Control_202,19,CP1,10.04947,6.0,100
LOND,lond017,Control_202,19,CP2,-2.464978,6.0,100
LOND,lond017,Control_202,19,P3,-3.09936,6.0,100
LOND,lond017,Control_202,19,P4,-13.28923,6.0,100
LOND,lond017,Control_202,19,C3,-7.485656,6.0,100
LOND,lond017,Control_202,19,C4,-21.08407,6.0,100
LOND,lond017,Control_202,19,P7,0.8867095,6.0,100
LOND,lond017,Control_202,19,P8,4.665559,6.0,100
LOND,lond017,Control_202,19,O1,-16.76064,6.0,100
LOND,lond017,Control_202,19,O2,-29.7488,6.0,100
LOND,lond017,Control_202,20,Pz,-8.913887,13.0,97
LOND,lond017,Control_202,20,Cz,-10.28339,13.0,97
LOND,lond017,Control_202,20,CP1,-11.3762,13.0,97
LOND,lond017,Control_202,20,CP2,-6.974545,13.0,97
LOND,lond017,Control_202,20,P3,-16.55981,13.0,97
LOND,lond017,Control_202,20,P4,-19.12999,13.0,97
LOND,lond017,Control_202,20,C3,-10.11916,13.0,97
LOND,lond017,Control_202,20,C4,-13.98515,13.0,97
LOND,lond017,Control_202,20,P7,2.778879,13.0,97
LOND,lond017,Control_202,20,P8,-5.968637,13.0,97
LOND,lond017,Control_202,20,O1,-5.355471,13.0,97
LOND,lond017,Control_202,20,O2,-27.93382,13.0,97
LOND,lond017,Control_202,21,Pz,5.280631,23.0,93
LOND,lond017,Control_202,21,Cz,-4.42584,23.0,93
LOND,lond017,Control_202,21,CP1,3.985233,23.0,93
LOND,lond017,Control_202,21,CP2,3.758145,23.0,93
LOND,lond017,Control_202,21,P3,6.346347,23.0,93
LOND,lond017,Control_202,21,P4,1.541454,23.0,93
LOND,lond017,Control_202,21,C3,3.703038,23.0,93
LOND,lond017,Control_202,21,C4,2.438744,23.0,93
LOND,lond017,Control_202,21,P7,-20.51661,23.0,93
LOND,lond017,Control_202,21,P8,-2.112961,23.0,93
LOND,lond017,Control_202,21,O1,-3.417723,23.0,93
LOND,lond017,Control_202,21,O2,1.224993,23.0,93
LOND,lond017,Violation_201,22,Pz,8.163103,28.0,27
LOND,lond017,Violation_201,22,Cz,21.01086,28.0,27
LOND,lond017,Violation_201,22,CP1,0.1869419,28.0,27
LOND,lond017,Violation_201,22,CP2,10.32964,28.0,27
LOND,lond017,Violation_201,22,P3,-0.09858752,28.0,27
LOND,lond017,Violation_201,22,P4,0.4981481,28.0,27
LOND,lond017,Violation_201,22,C3,12.11384,28.0,27
LOND,lond017,Violation_201,22,C4,4.991778,28.0,27
LOND,lond017,Violation_201,22,P7,-8.297707,28.0,27
LOND,lond017,Violation_201,22,P8,3.940401,28.0,27
LOND,lond017,Violation_201,22,O1,2.147218,28.0,27
LOND,lond017,Violation_201,22,O2,-10.95268,28.0,27
LOND,lond017,Control_202,23,Pz,-7.866626,27.0,97
LOND,lond017,Control_202,23,Cz,-5.294548,27.0,97
LOND,lond017,Control_202,23,CP1,24.71728,27.0,97
LOND,lond017,Control_202,23,CP2,1.938094,27.0,97
LOND,lond017,Control_202,23,P3,8.837854,27.0,97
LOND,lond017,Control_202,23,P4,4.041626,27.0,97
LOND,lond017,Control_202,23,C3,-10.6921,27.0,97
LOND,lond017,Control_202,23,C4,9.066229,27.0,97
LOND,lond017,Control_202,23,P7,13.50372,27.0,97
LOND,lond017,Control_202,23,P8,2.93204,27.0,97
LOND,lond017,Control_202,23,O1,-0.7095242,27.0,97
LOND,lond017,Control_202,23,O2,-9.045746,27.0,97
LOND,lond017,Violation_201,24,Pz,-3.776221,40.0,93
LOND,lond017,Violation_201,24,Cz,40.72744,40.0,93
LOND,lond017,Violation_201,24,CP1,15.34092,40.0,93
LOND,lond017,Violation_201,24,CP2,0.8527548,40.0,93
LOND,lond017,Violation_201,24,P3,-6.612296,40.0,93
LOND,lond017,Violation_201,24,P4,-9.870275,40.0,93
LOND,lond017,Violation_201,24,C3,3.905868,40.0,93
LOND,lond017,Violation_201,24,C4,8.111929,40.0,93
LOND,lond017,Violation_201,24,P7,9.025523,40.0,93
LOND,lond017,Violation_201,24,P8,-0.3041058,40.0,93
LOND,lond017,Violation_201,24,O1,9.844969,40.0,93
LOND,lond017,Violation_201,24,O2,22.67242,40.0,93
LOND,lond017,Control_202,25,Pz,7.297784,34.0,97
LOND,lond017,Control_202,25,Cz,6.913644,34.0,97
LOND,lond017,Control_202,25,CP1,6.727609,34.0,97
LOND,lond017,Control_202,25,CP2,8.256792,34.0,97
LOND,lond017,Control_202,25,P3,0.3888769,34.0,97
LOND,lond017,Control_202,25,P4,11.0415,34.0,97
LOND,lond017,Control_202,25,C3,10.38256,34.0,97
LOND,lond017,Control_202,25,C4,5.198996,34.0,97
LOND,lond017,Control_202,25,P7,-6.852623,34.0,97
LOND,lond017,Control_202,25,P8,-4.418612,34.0,97
LOND,lond017,Control_202,25,O1,14.36397,34.0,97
LOND,lond017,Control_202,25,O2,7.426944,34.0,97
LOND,lond017,Control_202,26,Pz,-1.493613,33.0,53
LOND,lond017,Control_202,26,Cz,14.04502,33.0,53
LOND,lond017,Control_202,26,CP1,20.83464,33.0,53
LOND,lond017,Control_202,26,CP2,11.09271,33.0,53
LOND,lond017,Control_202,26,P3,-7.579396,33.0,53
LOND,lond017,Control_202,26,P4,-5.311006,33.0,53
LOND,lond017,Control_202,26,C3,-0.5040661,33.0,53
LOND,lond017,Control_202,26,C4,4.155597,33.0,53
LOND,lond017,Control_202,26,P7,19.7012,33.0,53
LOND,lond017,Control_202,26,P8,14.02188,33.0,53
LOND,lond017,Control_202,26,O1,2.23297,33.0,53
LOND,lond017,Control_202,26,O2,17.0354,33.0,53
LOND,lond017,Control_202,27,Pz,-13.5862,24.0,93
LOND,lond017,Control_202,27,Cz,-34.66625,24.0,93
LOND,lond017,Control_202,27,CP1,-5.998044,24.0,93
LOND,lond017,Control_202,27,CP2,-12.21392,24.0,93
LOND,lond017,Control_202,27,P3,-29.75645,24.0,93
LOND,lond017,Control_202,27,P4,-18.00438,24.0,93
LOND,lond017,Control_202,27,C3,-10.04494,24.0,93
LOND,lond017,Control_202,27,C4,-4.355453,24.0,93
LOND,lond017,Control_202,27,P7,-12.35137,24.0,93
LOND,lond017,Control_202,27,P8,-7.168693,24.0,93
LOND,lond017,Control_202,27,O1,-13.13215,24.0,93
LOND,lond017,Control_202,27,O2,-15.60751,24.0,93
LOND,lond017,Violation_201,28,Pz,5.818279,25.0,97
LOND,lond017,Violation_201,28,Cz,-0.9102848,25.0,97
LOND,lond017,Violation_201,28,CP1,-15.72761,25.0,97
LOND,lond017,Violation_201,28,CP2,-2.368479,25.0,97
LOND,lond017,Violation_201,28,P3,1.0396,25.0,97
LOND,lond017,Violation_201,28,P4,-14.98118,25.0,97
LOND,lond017,Violation_201,28,C3,6.453368,25.0,97
LOND,lond017,Violation_201,28,C4,-2.185758,25.0,97
LOND,lond017,Violation_201,28,P7,9.046775,25.0,97
LOND,lond017,Violation_201,28,P8,-1.111861,25.0,97
LOND,lond017,Violation_201,28,O1,9.473125,25.0,97
LOND,lond017,Violation_201,28,O2,-8.369172,25.0,97
LOND,lond017,Violation_201,29,Pz,23.21407,38.0,93
LOND,lond017,Violation_201,29,Cz,15.35385,38.0,93
LOND,lond017,Violation_201,29,CP1,17.15532,38.0,93
LOND,lond017,Violation_201,29,CP2,3.828595,38.0,93
LOND,lond017,Violation_201,29,P3,23.51784,38.0,93
LOND,lond017,Violation_201,29,P4,12.90223,38.0,93
LOND,lond017,Violation_201,29,C3,18.00762,38.0,93
LOND,lond017,Violation_201,29,C4,-1.339852,38.0,93
LOND,lond017,Violation_201,29,P7,5.677064,38.0,93
LOND,lond017,Violation_201,29,P8,1.649726,38.0,93
LOND,lond017,Violation_201,29,O1,13.44632,38.0,93
LOND,lond017,Violation_201,29,O2,15.06199,38.0,93
LOND,lond017,Violation_201,30,Pz,-3.970955,37.0,80
LOND,lond017,Violation_201,30,Cz,10.84309,37.0,80
LOND,lond017,Violation_201,30,CP1,9.409224,37.0,80
LOND,lond017,Violation_201,30,CP2,-2.688544,37.0,80
LOND,lond017,Violation_201,30,P3,5.873419,37.0,80
LOND,lond017,Violation_201,30,P4,0.5302752,37.0,80
LOND,lond017,Violation_201,30,C3,7.109698,37.0,80
LOND,lond017,Violation_201,30,C4,-0.6020166,37.0,80
LOND,lond017,Violation_201,30,P7,-9.707035,37.0,80
LOND,lond017,Violation_201,30,P8,-6.833265,37.0,80
LOND,lond017,Violation_201,30,O1,-7.355953,37.0,80
LOND,lond017,Violation_201,30,O2,-7.880937,37.0,80
LOND,lond017,Control_202,31,Pz,-10.27629,32.0,80
LOND,lond017,Control_202,31,Cz,-3.040133,32.0,80
LOND,lond017,Control_202,31,CP1,5.865618,32.0,80
LOND,lond017,Control_202,31,CP2,-1.439896,32.0,80
LOND,lond017,Control_202,31,P3,-1.315666,32.0,80
LOND,lond017,Control_202,31,P4,4.703414,32.0,80
LOND,lond017,Control_202,31,C3,-6.642833,32.0,80
LOND,lond017,Control_202,31,C4,12.32955,32.0,80
LOND,lond017,Control_202,31,P7,-9.235991,32.0,80
LOND,lond017,Control_202,31,P8,-6.946694,32.0,80
LOND,lond017,Control_202,31,O1,-21.12243,32.0,80
LOND,lond017,Control_202,31,O2,-20.18978,32.0,80
LOND,lond017,Violation_201,32,Pz,-9.761377,29.0,90
LOND,lond017,Violation_201,32,Cz,-6.00596,29.0,90
LOND,lond017,Violation_201,32,CP1,-10.28501,29.0,90
LOND,lond017,Violation_201,32,CP2,-7.842287,29.0,90
LOND,lond017,Violation_201,32,P3,-13.64458,29.0,90
LOND,lond017,Violation_201,32,P4,-17.68601,29.0,90
LOND,lond017,Violation_201,32,C3,-10.4322,29.0,90
LOND,lond017,Violation_201,32,C4,-8.414966,29.0,90
LOND,lond017,Violation_201,32,P7,0.1330116,29.0,90
LOND,lond017,Violation_201,32,P8,-4.401283,29.0,90
LOND,lond017,Violation_201,32,O1,1.810558,29.0,90
LOND,lond017,Violation_201,32,O2,12.03193,29.0,90
LOND,lond017,Control_202,33,Pz,11.97122,35.0,97
LOND,lond017,Control_202,33,Cz,8.52157,35.0,97
LOND,lond017,Control_202,33,CP1,16.79215,35.0,97
LOND,lond017,Control_202,33,CP2,13.05493,35.0,97
LOND,lond017,Control_202,33,P3,-2.843174,35.0,97
LOND,lond017,Control_202,33,P4,3.83556,35.0,97
LOND,lond017,Control_202,33,C3,11.95161,35.0,97
LOND,lond017,Control_202,33,C4,-0.6271588,35.0,97
LOND,lond017,Control_202,33,P7,14.77359,35.0,97
LOND,lond017,Control_202,33,P8,6.034411,35.0,97
LOND,lond017,Control_202,33,O1,21.6372,35.0,97
LOND,lond017,Control_202,33,O2,35.31242,35.0,97
LOND,lond017,Control_202,34,Pz,-25.6068,36.0,77
LOND,lond017,Control_202,34,Cz,-32.46374,36.0,77
LOND,lond017,Control_202,34,CP1,-7.676223,36.0,77
LOND,lond017,Control_202,34,CP2,-17.6722,36.0,77
LOND,lond017,Control_202,34,P3,7.34425,36.0,77
LOND,lond017,Control_202,34,P4,-7.550735,36.0,77
LOND,lond017,Control_202,34,C3,-2.356589,36.0,77
LOND,lond017,Control_202,34,C4,-3.89073,36.0,77
LOND,lond017,Control_202,34,P7,-19.93182,36.0,77
LOND,lond017,Control_202,34,P8,-8.76631,36.0,77
LOND,lond017,Control_202,34,O1,-14.28989,36.0,77
LOND,lond017,Control_202,34,O2,-10.75114,36.0,77
LOND,lond017,Violation_201,35,Pz,10.28138,22.0,53
LOND,lond017,Violation_201,35,Cz,1.891099,22.0,53
LOND,lond017,Violation_201,35,CP1,6.443718,22.0,53
LOND,lond017,Violation_201,35,CP2,5.517535,22.0,53
LOND,lond017,Violation_201,35,P3,-8.189079,22.0,53
LOND,lond017,Violation_201,35,P4,7.64191,22.0,53
LOND,lond017,Violation_201,35,C3,10.74093,22.0,53
LOND,lond017,Violation_201,35,C4,11.91291,22.0,53
LOND,lond017,Violation_201,35,P7,12.8799,22.0,53
LOND,lond017,Violation_201,35,P8,6.20692,22.0,53
LOND,lond017,Violation_201,35,O1,55.08832,22.0,53
LOND,lond017,Violation_201,35,O2,19.02546,22.0,53
LOND,lond017,Violation_201,36,Pz,5.553841,31.0,77
LOND,lond017,Violation_201,36,Cz,2.489115,31.0,77
LOND,lond017,Violation_201,36,CP1,-2.346314,31.0,77
LOND,lond017,Violation_201,36,CP2,5.192119,31.0,77
LOND,lond017,Violation_201,36,P3,-0.1114721,31.0,77
LOND,lond017,Violation_201,36,P4,9.184727,31.0,77
LOND,lond017,Violation_201,36,C3,-14.29546,31.0,77
LOND,lond017,Violation_201,36,C4,-9.127935,31.0,77
LOND,lond017,Violation_201,36,P7,17.27887,31.0,77
LOND,lond017,Violation_201,36,P8,6.990056,31.0,77
LOND,lond017,Violation_201,36,O1,18.16374,31.0,77
LOND,lond017,Violation_201,36,O2,16.88162,31.0,77
LOND,lond017,Violation_201,37,Pz,5.346459,39.0,97
LOND,lond017,Violation_201,37,Cz,-27.02032,39.0,97
LOND,lond017,Violation_201,37,CP1,-11.33341,39.0,97
LOND,lond017,Violation_201,37,CP2,-5.182553,39.0,97
LOND,lond017,Violation_201,37,P3,5.582357,39.0,97
LOND,lond017,Violation_201,37,P4,2.870115,39.0,97
LOND,lond017,Violation_201,37,C3,2.603646,39.0,97
LOND,lond017,Violation_201,37,C4,8.18068,39.0,97
LOND,lond017,Violation_201,37,P7,-5.872789,39.0,97
LOND,lond017,Violation_201,37,P8,0.5821862,39.0,97
LOND,lond017,Violation_201,37,O1,-0.4543993,39.0,97
LOND,lond017,Violation_201,37,O2,-7.337969,39.0,97
LOND,lond018,Violation_201,1,Pz,-6.286413,16.0,93
LOND,lond018,Violation_201,1,Cz,-4.116278,16.0,93
LOND,lond018,Violation_201,1,CP1,-6.03822,16.0,93
LOND,lond018,Violation_201,1,CP2,-4.362262,16.0,93
LOND,lond018,Violation_201,1,P3,-7.566779,16.0,93
LOND,lond018,Violation_201,1,P4,-4.27287,16.0,93
LOND,lond018,Violation_201,1,C3,-4.547814,16.0,93
LOND,lond018,Violation_201,1,C4,-8.006629,16.0,93
LOND,lond018,Violation_201,1,P7,-2.28669,16.0,93
LOND,lond018,Violation_201,1,P8,-5.180426,16.0,93
LOND,lond018,Violation_201,1,O1,-7.702692,16.0,93
LOND,lond018,Violation_201,1,O2,-2.903358,16.0,93
LOND,lond018,Violation_201,2,Pz,5.757639,14.0,90
LOND,lond018,Violation_201,2,Cz,9.619361,14.0,90
LOND,lond018,Violation_201,2,CP1,7.214556,14.0,90
LOND,lond018,Violation_201,2,CP2,8.3095,14.0,90
LOND,lond018,Violation_201,2,P3,0.1218043,14.0,90
LOND,lond018,Violation_201,2,P4,11.99489,14.0,90
LOND,lond018,Violation_201,2,C3,9.686701,14.0,90
LOND,lond018,Violation_201,2,C4,7.355604,14.0,90
LOND,lond018,Violation_201,2,P7,4.845668,14.0,90
LOND,lond018,Violation_201,2,P8,2.760477,14.0,90
LOND,lond018,Violation_201,2,O1,8.051887,14.0,90
LOND,lond018,Violation_201,2,O2,2.977383,14.0,90
LOND,lond018,Violation_201,3,Pz,5.444592,4.0,93
LOND,lond018,Violation_201,3,Cz,-0.2462529,4.0,93
LOND,lond018,Violation_201,3,CP1,6.145765,4.0,93
LOND,lond018,Violation_201,3,CP2,5.466332,4.0,93
LOND,lond018,Violation_201,3,P3,4.857294,4.0,93
LOND,lond018,Violation_201,3,P4,4.837562,4.0,93
LOND,lond018,Violation_201,3,C3,1.106604,4.0,93
LOND,lond018,Violation_201,3,C4,0.03963879,4.0,93
LOND,lond018,Violation_201,3,P7,3.72541,4.0,93
LOND,lond018,Violation_201,3,P8,5.052321,4.0,93
LOND,lond018,Violation_201,3,O1,1.357216,4.0,93
LOND,lond018,Violation_201,3,O2,9.994349,4.0,93
LOND,lond018,Control_202,4,Pz,-15.00706,10.0,80
LOND,lond018,Control_202,4,Cz,-15.28267,10.0,80
LOND,lond018,Control_202,4,CP1,-14.6095,10.0,80
LOND,lond018,Control_202,4,CP2,-14.82688,10.0,80
LOND,lond018,Control_202,4,P3,-10.94711,10.0,80
LOND,lond018,Control_202,4,P4,-8.188012,10.0,80
LOND,lond018,Control_202,4,C3,-14.70198,10.0,80
LOND,lond018,Control_202,4,C4,-10.97632,10.0,80
LOND,lond018,Control_202,4,P7,-14.42527,10.0,80
LOND,lond018,Control_202,4,P8,-12.91657,10.0,80
LOND,lond018,Control_202,4,O1,-9.439711,10.0,80
LOND,lond018,Control_202,4,O2,-13.43918,10.0,80
LOND,lond018,Control_202,5,Pz,-1.332844,19.0,100
LOND,lond018,Control_202,5,Cz,-5.786312,19.0,100
LOND,lond018,Control_202,5,CP1,-2.30701,19.0,100
LOND,lond018,Control_202,5,CP2,-2.248162,19.0,100
LOND,lond018,Control_202,5,P3,-1.547367,19.0,100
LOND,lond018,Control_202,5,P4,-4.838798,19.0,100
LOND,lond018,Control_202,5,C3,-6.593469,19.0,100
LOND,lond018,Control_202,5,C4,-1.724475,19.0,100
LOND,lond018,Control_202,5,P7,0.7276691,19.0,100
LOND,lond018,Control_202,5,P8,-2.191805,19.0,100
LOND,lond018,Control_202,5,O1,-1.925315,19.0,100
LOND,lond018,Control_202,5,O2,0.3878932,19.0,100
LOND,lond018,Control_202,6,Pz,-3.0027,11.0,87
LOND,lond018,Control_202,6,Cz,-2.514716,11.0,87
LOND,lond018,Control_202,6,CP1,-4.908915,11.0,87
LOND,lond018,Control_202,6,CP2,-4.413664,11.0,87
LOND,lond018,Control_202,6,P3,-1.474839,11.0,87
LOND,lond018,Control_202,6,P4,-0.06386228,11.0,87
LOND,lond018,Control_202,6,C3,-4.248405,11.0,87
LOND,lond018,Control_202,6,C4,-2.415495,11.0,87
LOND,lond018,Control_202,6,P7,7.381099,11.0,87
LOND,lond018,Control_202,6,P8,2.218067,11.0,87
LOND,lond018,Control_202,6,O1,-1.854238,11.0,87
LOND,lond018,Control_202,6,O2,4.544934,11.0,87
LOND,lond018,Violation_201,7,Pz,11.29681,18.0,87
LOND,lond018,Violation_201,7,Cz,10.49477,18.0,87
LOND,lond018,Violation_201,7,CP1,17.22085,18.0,87
LOND,lond018,Violation_201,7,CP2,10.58604,18.0,87
LOND,lond018,Violation_201,7,P3,15.589,18.0,87
LOND,lond018,Violation_201,7,P4,5.760736,18.0,87
LOND,lond018,Violation_201,7,C3,20.60439,18.0,87
LOND,lond018,Violation_201,7,C4,5.129641,18.0,87
LOND,lond018,Violation_201,7,P7,15.93555,18.0,87
LOND,lond018,Violation_201,7,P8,6.743491,18.0,87
LOND,lond018,Violation_201,7,O1,17.53213,18.0,87
LOND,lond018,Violation_201,7,O2,11.1719,18.0,87
LOND,lond018,Control_202,8,Pz,-5.394778,13.0,97
LOND,lond018,Control_202,8,Cz,-8.27703,13.0,97
LOND,lond018,Control_202,8,CP1,-5.039095,13.0,97
LOND,lond018,Control_202,8,CP2,-2.08401,13.0,97
LOND,lond018,Control_202,8,P3,-3.450902,13.0,97
LOND,lond018,Control_202,8,P4,-1.473893,13.0,97
LOND,lond018,Control_202,8,C3,-0.6066731,13.0,97
LOND,lond018,Control_202,8,C4,-3.614365,13.0,97
LOND,lond018,Control_202,8,P7,1.416175,13.0,97
LOND,lond018,Control_202,8,P8,3.65086,13.0,97
LOND,lond018,Control_202,8,O1,-1.40925,13.0,97
LOND,lond018,Control_202,8,O2,3.449197,13.0,97
LOND,lond018,Control_202,9,Pz,8.755179,15.0,90
LOND,lond018,Control_202,9,Cz,5.317485,15.0,90
LOND,lond018,Control_202,9,CP1,8.211986,15.0,90
LOND,lond018,Control_202,9,CP2,6.155115,15.0,90
LOND,lond018,Control_202,9,P3,7.080515,15.0,90
LOND,lond018,Control_202,9,P4,10.33507,15.0,90
LOND,lond018,Control_202,9,C3,4.146985,15.0,90
LOND,lond018,Control_202,9,C4,5.904294,15.0,90
LOND,lond018,Control_202,9,P7,4.435245,15.0,90
LOND,lond018,Control_202,9,P8,5.467514,15.0,90
LOND,lond018,Control_202,9,O1,3.665716,15.0,90
LOND,lond018,Control_202,9,O2,7.947089,15.0,90
LOND,lond018,Violation_201,10,Pz,-7.949946,8.0,97
LOND,lond018,Violation_201,10,Cz,-9.927938,8.0,97
LOND,lond018,Violation_201,10,CP1,-9.671053,8.0,97
LOND,lond018,Violation_201,10,CP2,-7.6591,8.0,97
LOND,lond018,Violation_201,10,P3,-10.7159,8.0,97
LOND,lond018,Violation_201,10,P4,-13.77942,8.0,97
LOND,lond018,Violation_201,10,C3,-6.985759,8.0,97
LOND,lond018,Violation_201,10,C4,-8.241797,8.0,97
LOND,lond018,Violation_201,10,P7,-13.15513,8.0,97
LOND,lond018,Violation_201,10,P8,-12.54885,8.0,97
LOND,lond018,Violation_201,10,O1,-17.62648,8.0,97
LOND,lond018,Violation_201,10,O2,-12.84415,8.0,97
LOND,lond018,Violation_201,11,Pz,3.579108,17.0,62
LOND,lond018,Violation_201,11,Cz,-0.9478756,17.0,62
LOND,lond018,Violation_201,11,CP1,1.953298,17.0,62
LOND,lond018,Violation_201,11,CP2,2.056997,17.0,62
LOND,lond018,Violation_201,11,P3,13.00058,17.0,62
LOND,lond018,Violation_201,11,P4,10.2171,17.0,62
LOND,lond018,Violation_201,11,C3,10.39134,17.0,62
LOND,lond018,Violation_201,11,C4,6.233926,17.0,62
LOND,lond018,Violation_201,11,P7,2.672805,17.0,62
LOND,lond018,Violation_201,11,P8,8.591861,17.0,62
LOND,lond018,Violation_201,11,O1,8.379691,17.0,62
LOND,lond018,Violation_201,11,O2,1.735038,17.0,62
LOND,lond018,Control_202,12,Pz,9.581757,20.0,90
LOND,lond018,Control_202,12,Cz,20.84245,20.0,90
LOND,lond018,Control_202,12,CP1,13.33632,20.0,90
LOND,lond018,Control_202,12,CP2,14.19778,20.0,90
LOND,lond018,Control_202,12,P3,13.66192,20.0,90
LOND,lond018,Control_202,12,P4,5.18257,20.0,90
LOND,lond018,Control_202,12,C3,8.768121,20.0,90
LOND,lond018,Control_202,12,C4,15.8566,20.0,90
LOND,lond018,Control_202,12,P7,11.43946,20.0,90
LOND,lond018,Control_202,12,P8,14.64633,20.0,90
LOND,lond018,Control_202,12,O1,10.92747,20.0,90
LOND,lond018,Control_202,12,O2,10.6681,20.0,90
LOND,lond018,Violation_201,13,Pz,-22.2665,5.0,93
LOND,lond018,Violation_201,13,Cz,-20.67127,5.0,93
LOND,lond018,Violation_201,13,CP1,-22.99026,5.0,93
LOND,lond018,Violation_201,13,CP2,-22.94105,5.0,93
LOND,lond018,Violation_201,13,P3,-27.36083,5.0,93
LOND,lond018,Violation_201,13,P4,-24.47362,5.0,93
LOND,lond018,Violation_201,13,C3,-24.85197,5.0,93
LOND,lond018,Violation_201,13,C4,-23.67437,5.0,93
LOND,lond018,Violation_201,13,P7,-28.44914,5.0,93
LOND,lond018,Violation_201,13,P8,-28.02339,5.0,93
LOND,lond018,Violation_201,13,O1,-30.31969,5.0,93
LOND,lond018,Violation_201,13,O2,-26.67889,5.0,93
LOND,lond018,Control_202,14,Pz,-1.282935,6.0,100
LOND,lond018,Control_202,14,Cz,-7.529378,6.0,100
LOND,lond018,Control_202,14,CP1,-2.976543,6.0,100
LOND,lond018,Control_202,14,CP2,-2.565496,6.0,100
LOND,lond018,Control_202,14,P3,1.745501,6.0,100
LOND,lond018,Control_202,14,P4,-0.263003,6.0,100
LOND,lond018,Control_202,14,C3,-6.353974,6.0,100
LOND,lond018,Control_202,14,C4,-2.733446,6.0,100
LOND,lond018,Control_202,14,P7,-1.784066,6.0,100
LOND,lond018,Control_202,14,P8,-5.729672,6.0,100
LOND,lond018,Control_202,14,O1,-5.20908,6.0,100
LOND,lond018,Control_202,14,O2,2.351513,6.0,100
LOND,lond018,Violation_201,15,Pz,1.792627,9.0,93
LOND,lond018,Violation_201,15,Cz,7.38801,9.0,93
LOND,lond018,Violation_201,15,CP1,3.809877,9.0,93
LOND,lond018,Violation_201,15,CP2,5.961661,9.0,93
LOND,lond018,Violation_201,15,P3,3.633768,9.0,93
LOND,lond018,Violation_201,15,P4,6.441238,9.0,93
LOND,lond018,Violation_201,15,C3,5.472851,9.0,93
LOND,lond018,Violation_201,15,C4,8.330203,9.0,93
LOND,lond018,Violation_201,15,P7,4.128999,9.0,93
LOND,lond018,Violation_201,15,P8,7.027906,9.0,93
LOND,lond018,Violation_201,15,O1,0.8869701,9.0,93
LOND,lond018,Violation_201,15,O2,1.983532,9.0,93
LOND,lond018,Violation_201,16,Pz,16.05149,1.0,97
LOND,lond018,Violation_201,16,Cz,14.47065,1.0,97
LOND,lond018,Violation_201,16,CP1,17.42444,1.0,97
LOND,lond018,Violation_201,16,CP2,17.79132,1.0,97
LOND,lond018,Violation_201,16,P3,14.82384,1.0,97
LOND,lond018,Violation_201,16,P4,15.25165,1.0,97
LOND,lond018,Violation_201,16,C3,5.518209,1.0,97
LOND,lond018,Violation_201,16,C4,16.97599,1.0,97
LOND,lond018,Violation_201,16,P7,10.98328,1.0,97
LOND,lond018,Violation_201,16,P8,13.44103,1.0,97
LOND,lond018,Violation_201,16,O1,16.3776,1.0,97
LOND,lond018,Violation_201,16,O2,15.26442,1.0,97
LOND,lond018,Control_202,17,Pz,-2.567027,12.0,100
LOND,lond018,Control_202,17,Cz,-0.05422507,12.0,100
LOND,lond018,Control_202,17,CP1,0.7308735,12.0,100
LOND,lond018,Control_202,17,CP2,-0.6375934,12.0,100
LOND,lond018,Control_202,17,P3,-9.220177,12.0,100
LOND,lond018,Control_202,17,P4,1.349967,12.0,100
LOND,lond018,Control_202,17,C3,-2.624246,12.0,100
LOND,lond018,Control_202,17,C4,4.642224,12.0,100
LOND,lond018,Control_202,17,P7,-3.313023,12.0,100
LOND,lond018,Control_202,17,P8,-1.462912,12.0,100
LOND,lond018,Control_202,17,O1,-5.851278,12.0,100
LOND,lond018,Control_202,17,O2,1.236009,12.0,100
LOND,lond018,Violation_201,18,Pz,-21.22007,3.0,100
LOND,lond018,Violation_201,18,Cz,-19.02845,3.0,100
LOND,lond018,Violation_201,18,CP1,-18.27998,3.0,100
LOND,lond018,Violation_201,18,CP2,-20.13833,3.0,100
LOND,lond018,Violation_201,18,P3,-16.72487,3.0,100
LOND,lond018,Violation_201,18,P4,-20.3492,3.0,100
LOND,lond018,Violation_201,18,C3,-23.50216,3.0,100
LOND,lond018,Violation_201,18,C4,-18.88165,3.0,100
LOND,lond018,Violation_201,18,P7,-21.11568,3.0,100
LOND,lond018,Violation_201,18,P8,-23.33805,3.0,100
LOND,lond018,Violation_201,18,O1,-23.29317,3.0,100
LOND,lond018,Violation_201,18,O2,-16.35469,3.0,100
LOND,lond018,Violation_201,19,Pz,-30.63759,7.0,80
LOND,lond018,Violation_201,19,Cz,-39.11547,7.0,80
LOND,lond018,Violation_201,19,CP1,-38.18976,7.0,80
LOND,lond018,Violation_201,19,CP2,-34.15019,7.0,80
LOND,lond018,Violation_201,19,P3,-35.86988,7.0,80
LOND,lond018,Violation_201,19,P4,-33.49568,7.0,80
LOND,lond018,Violation_201,19,C3,-40.21253,7.0,80
LOND,lond018,Violation_201,19,C4,-39.14424,7.0,80
LOND,lond018,Violation_201,19,P7,-32.34884,7.0,80
LOND,lond018,Violation_201,19,P8,-36.27458,7.0,80
LOND,lond018,Violation_201,19,O1,-32.77847,7.0,80
LOND,lond018,Violation_201,19,O2,-26.6403,7.0,80
LOND,lond018,Control_202,20,Pz,10.89642,2.0,100
LOND,lond018,Control_202,20,Cz,13.93232,2.0,100
LOND,lond018,Control_202,20,CP1,12.81884,2.0,100
LOND,lond018,Control_202,20,CP2,13.99599,2.0,100
LOND,lond018,Control_202,20,P3,10.32452,2.0,100
LOND,lond018,Control_202,20,P4,9.573756,2.0,100
LOND,lond018,Control_202,20,C3,12.03364,2.0,100
LOND,lond018,Control_202,20,C4,14.30635,2.0,100
LOND,lond018,Control_202,20,P7,10.22963,2.0,100
LOND,lond018,Control_202,20,P8,11.58448,2.0,100
LOND,lond018,Control_202,20,O1,9.373977,2.0,100
LOND,lond018,Control_202,20,O2,9.020983,2.0,100
LOND,lond018,Control_202,21,Pz,22.06949,38.0,93
LOND,lond018,Control_202,21,Cz,23.3554,38.0,93
LOND,lond018,Control_202,21,CP1,20.25122,38.0,93
LOND,lond018,Control_202,21,CP2,25.3547,38.0,93
LOND,lond018,Control_202,21,P3,17.99,38.0,93
LOND,lond018,Control_202,21,P4,19.95654,38.0,93
LOND,lond018,Control_202,21,C3,15.43854,38.0,93
LOND,lond018,Control_202,21,C4,20.55632,38.0,93
LOND,lond018,Control_202,21,P7,17.72688,38.0,93
LOND,lond018,Control_202,21,P8,14.69872,38.0,93
LOND,lond018,Control_202,21,O1,13.02974,38.0,93
LOND,lond018,Control_202,21,O2,17.7521,38.0,93
LOND,lond018,Violation_201,22,Pz,-14.13588,25.0,97
LOND,lond018,Violation_201,22,Cz,-16.05327,25.0,97
LOND,lond018,Violation_201,22,CP1,-13.63258,25.0,97
LOND,lond018,Violation_201,22,CP2,-17.18626,25.0,97
LOND,lond018,Violation_201,22,P3,-19.51553,25.0,97
LOND,lond018,Violation_201,22,P4,-13.49975,25.0,97
LOND,lond018,Violation_201,22,C3,-14.43993,25.0,97
LOND,lond018,Violation_201,22,C4,-16.09137,25.0,97
LOND,lond018,Violation_201,22,P7,-15.99011,25.0,97
LOND,lond018,Violation_201,22,P8,-16.47077,25.0,97
LOND,lond018,Violation_201,22,O1,-10.97339,25.0,97
LOND,lond018,Violation_201,22,O2,-17.72286,25.0,97
LOND,lond018,Control_202,23,Pz,-17.87856,31.0,77
LOND,lond018,Control_202,23,Cz,-24.5804,31.0,77
LOND,lond018,Control_202,23,CP1,-21.06836,31.0,77
LOND,lond018,Control_202,23,CP2,-24.1871,31.0,77
LOND,lond018,Control_202,23,P3,-12.36339,31.0,77
LOND,lond018,Control_202,23,P4,-13.25293,31.0,77
LOND,lond018,Control_202,23,C3,-14.95636,31.0,77
LOND,lond018,Control_202,23,C4,-19.46924,31.0,77
LOND,lond018,Control_202,23,P7,-19.93137,31.0,77
LOND,lond018,Control_202,23,P8,-12.81115,31.0,77
LOND,lond018,Control_202,23,O1,-7.655505,31.0,77
LOND,lond018,Control_202,23,O2,-17.73101,31.0,77
LOND,lond018,Control_202,24,Pz,12.14686,28.0,27
LOND,lond018,Control_202,24,Cz,12.7295,28.0,27
LOND,lond018,Control_202,24,CP1,11.45428,28.0,27
LOND,lond018,Control_202,24,CP2,17.22078,28.0,27
LOND,lond018,Control_202,24,P3,12.79523,28.0,27
LOND,lond018,Control_202,24,P4,15.34402,28.0,27
LOND,lond018,Control_202,24,C3,17.73996,28.0,27
LOND,lond018,Control_202,24,C4,14.774,28.0,27
LOND,lond018,Control_202,24,P7,12.94619,28.0,27
LOND,lond018,Control_202,24,P8,14.75848,28.0,27
LOND,lond018,Control_202,24,O1,15.85993,28.0,27
LOND,lond018,Control_202,24,O2,9.771095,28.0,27
LOND,lond018,Violation_201,25,Pz,-2.049163,29.0,90
LOND,lond018,Violation_201,25,Cz,-4.134902,29.0,90
LOND,lond018,Violation_201,25,CP1,1.264015,29.0,90
LOND,lond018,Violation_201,25,CP2,-1.808608,29.0,90
LOND,lond018,Violation_201,25,P3,7.054634,29.0,90
LOND,lond018,Violation_201,25,P4,4.18681,29.0,90
LOND,lond018,Violation_201,25,C3,1.026763,29.0,90
LOND,lond018,Violation_201,25,C4,2.195851,29.0,90
LOND,lond018,Violation_201,25,P7,1.021332,29.0,90
LOND,lond018,Violation_201,25,P8,5.34237,29.0,90
LOND,lond018,Violation_201,25,O1,1.587922,29.0,90
LOND,lond018,Violation_201,25,O2,3.626645,29.0,90
LOND,lond018,Violation_201,26,Pz,27.78831,24.0,93
LOND,lond018,Violation_201,26,Cz,35.42673,24.0,93
LOND,lond018,Violation_201,26,CP1,28.43915,24.0,93
LOND,lond018,Violation_201,26,CP2,26.43224,24.0,93
LOND,lond018,Violation_201,26,P3,22.47056,24.0,93
LOND,lond018,Violation_201,26,P4,22.62374,24.0,93
LOND,lond018,Violation_201,26,C3,24.60365,24.0,93
LOND,lond018,Violation_201,26,C4,21.82823,24.0,93
LOND,lond018,Violation_201,26,P7,16.65994,24.0,93
LOND,lond018,Violation_201,26,P8,17.08381,24.0,93
LOND,lond018,Violation_201,26,O1,30.85636,24.0,93
LOND,lond018,Violation_201,26,O2,18.90154,24.0,93
LOND,lond018,Control_202,27,Pz,-31.99576,27.0,97
LOND,lond018,Control_202,27,Cz,-32.5027,27.0,97
LOND,lond018,Control_202,27,CP1,-33.04438,27.0,97
LOND,lond018,Control_202,27,CP2,-28.95504,27.0,97
LOND,lond018,Control_202,27,P3,-33.88314,27.0,97
LOND,lond018,Control_202,27,P4,-34.11413,27.0,97
LOND,lond018,Control_202,27,C3,-25.5692,27.0,97
LOND,lond018,Control_202,27,C4,-30.05925,27.0,97
LOND,lond018,Control_202,27,P7,-27.2693,27.0,97
LOND,lond018,Control_202,27,P8,-28.0004,27.0,97
LOND,lond018,Control_202,27,O1,-31.51857,27.0,97
LOND,lond018,Control_202,27,O2,-29.05152,27.0,97
LOND,lond018,Violation_201,28,Pz,-5.555149,37.0,80
LOND,lond018,Violation_201,28,Cz,-4.109601,37.0,80
LOND,lond018,Violation_201,28,CP1,-5.913038,37.0,80
LOND,lond018,Violation_201,28,CP2,-3.376016,37.0,80
LOND,lond018,Violation_201,28,P3,-1.490481,37.0,80
LOND,lond018,Violation_201,28,P4,-4.052987,37.0,80
LOND,lond018,Violation_201,28,C3,-6.678984,37.0,80
LOND,lond018,Violation_201,28,C4,-4.808224,37.0,80
LOND,lond018,Violation_201,28,P7,-5.732468,37.0,80
LOND,lond018,Violation_201,28,P8,-4.528831,37.0,80
LOND,lond018,Violation_201,28,O1,-10.07461,37.0,80
LOND,lond018,Violation_201,28,O2,-4.71684,37.0,80
LOND,lond018,Violation_201,29,Pz,-13.6065,40.0,93
LOND,lond018,Violation_201,29,Cz,-1.386955,40.0,93
LOND,lond018,Violation_201,29,CP1,-9.69056,40.0,93
LOND,lond018,Violation_201,29,CP2,-8.402981,40.0,93
LOND,lond018,Violation_201,29,P3,-21.00935,40.0,93
LOND,lond018,Violation_201,29,P4,-9.826164,40.0,93
LOND,lond018,Violation_201,29,C3,-4.940367,40.0,93
LOND,lond018,Violation_201,29,C4,-5.138337,40.0,93
LOND,lond018,Violation_201,29,P7,-11.61804,40.0,93
LOND,lond018,Violation_201,29,P8,-9.399334,40.0,93
LOND,lond018,Violation_201,29,O1,-12.53928,40.0,93
LOND,lond018,Violation_201,29,O2,-12.23459,40.0,93
LOND,lond018,Control_202,30,Pz,10.99132,23.0,93
LOND,lond018,Control_202,30,Cz,12.56487,23.0,93
LOND,lond018,Control_202,30,CP1,12.48439,23.0,93
LOND,lond018,Control_202,30,CP2,23.4451,23.0,93
LOND,lond018,Control_202,30,P3,6.998908,23.0,93
LOND,lond018,Control_202,30,P4,13.31125,23.0,93
LOND,lond018,Control_202,30,C3,13.24676,23.0,93
LOND,lond018,Control_202,30,C4,12.96111,23.0,93
LOND,lond018,Control_202,30,P7,11.67678,23.0,93
LOND,lond018,Control_202,30,P8,11.0853,23.0,93
LOND,lond018,Control_202,30,O1,15.36293,23.0,93
LOND,lond018,Control_202,30,O2,10.19463,23.0,93
LOND,lond018,Violation_201,31,Pz,3.7384,39.0,97
LOND,lond018,Violation_201,31,Cz,6.737226,39.0,97
LOND,lond018,Violation_201,31,CP1,6.829827,39.0,97
LOND,lond018,Violation_201,31,CP2,-2.046577,39.0,97
LOND,lond018,Violation_201,31,P3,6.057302,39.0,97
LOND,lond018,Violation_201,31,P4,5.823394,39.0,97
LOND,lond018,Violation_201,31,C3,5.291154,39.0,97
LOND,lond018,Violation_201,31,C4,3.819968,39.0,97
LOND,lond018,Violation_201,31,P7,2.649135,39.0,97
LOND,lond018,Violation_201,31,P8,4.25055,39.0,97
LOND,lond018,Violation_201,31,O1,4.820562,39.0,97
LOND,lond018,Violation_201,31,O2,2.591774,39.0,97
LOND,lond018,Violation_201,32,Pz,-8.826934,34.0,97
LOND,lond018,Violation_201,32,Cz,-0.5695521,34.0,97
LOND,lond018,Violation_201,32,CP1,-14.50369,34.0,97
LOND,lond018,Violation_201,32,CP2,0.08099644,34.0,97
LOND,lond018,Violation_201,32,P3,-11.30561,34.0,97
LOND,lond018,Violation_201,32,P4,-8.585505,34.0,97
LOND,lond018,Violation_201,32,C3,-7.830063,34.0,97
LOND,lond018,Violation_201,32,C4,-10.86015,34.0,97
LOND,lond018,Violation_201,32,P7,-13.08803,34.0,97
LOND,lond018,Violation_201,32,P8,-11.17248,34.0,97
LOND,lond018,Violation_201,32,O1,-12.19508,34.0,97
LOND,lond018,Violation_201,32,O2,-11.4057,34.0,97
LOND,lond018,Control_202,33,Pz,-19.58418,30.0,90
LOND,lond018,Control_202,33,Cz,-22.13575,30.0,90
LOND,lond018,Control_202,33,CP1,-27.41955,30.0,90
LOND,lond018,Control_202,33,CP2,-1.021015,30.0,90
LOND,lond018,Control_202,33,P3,-18.92521,30.0,90
LOND,lond018,Control_202,33,P4,-19.11213,30.0,90
LOND,lond018,Control_202,33,C3,-18.68769,30.0,90
LOND,lond018,Control_202,33,C4,-31.14695,30.0,90
LOND,lond018,Control_202,33,P7,-23.19241,30.0,90
LOND,lond018,Control_202,33,P8,-22.93004,30.0,90
LOND,lond018,Control_202,33,O1,-14.85818,30.0,90
LOND,lond018,Control_202,33,O2,-20.36256,30.0,90
LOND,lond018,Control_202,34,Pz,-41.66798,36.0,77
LOND,lond018,Control_202,34,Cz,-47.44358,36.0,77
LOND,lond018,Control_202,34,CP1,-42.62078,36.0,77
LOND,lond018,Control_202,34,CP2,-54.45276,36.0,77
LOND,lond018,Control_202,34,P3,-39.37633,36.0,77
LOND,lond018,Control_202,34,P4,-43.79208,36.0,77
LOND,lond018,Control_202,34,C3,-41.87084,36.0,77
LOND,lond018,Control_202,34,C4,-46.67504,36.0,77
LOND,lond018,Control_202,34,P7,-31.60828,36.0,77
LOND,lond018,Control_202,34,P8,-35.32335,36.0,77
LOND,lond018,Control_202,34,O1,-35.53241,36.0,77
LOND,lond018,Control_202,34,O2,-36.7513,36.0,77
LOND,lond018,Control_202,35,Pz,-1.728307,33.0,53
LOND,lond018,Control_202,35,Cz,-5.44619,33.0,53
LOND,lond018,Control_202,35,CP1,1.805191,33.0,53
LOND,lond018,Control_202,35,CP2,5.140177,33.0,53
LOND,lond018,Control_202,35,P3,0.266791,33.0,53
LOND,lond018,Control_202,35,P4,-1.245374,33.0,53
LOND,lond018,Control_202,35,C3,-3.560089,33.0,53
LOND,lond018,Control_202,35,C4,-1.95841,33.0,53
LOND,lond018,Control_202,35,P7,-2.377287,33.0,53
LOND,lond018,Control_202,35,P8,-2.511946,33.0,53
LOND,lond018,Control_202,35,O1,-6.127489,33.0,53
LOND,lond018,Control_202,35,O2,-3.721953,33.0,53
LOND,lond018,Violation_201,36,Pz,4.408637,35.0,97
LOND,lond018,Violation_201,36,Cz,10.54987,35.0,97
LOND,lond018,Violation_201,36,CP1,10.74373,35.0,97
LOND,lond018,Violation_201,36,CP2,10.63572,35.0,97
LOND,lond018,Violation_201,36,P3,2.296058,35.0,97
LOND,lond018,Violation_201,36,P4,9.034755,35.0,97
LOND,lond018,Violation_201,36,C3,11.57425,35.0,97
LOND,lond018,Violation_201,36,C4,9.05492,35.0,97
LOND,lond018,Violation_201,36,P7,8.136577,35.0,97
LOND,lond018,Violation_201,36,P8,4.252944,35.0,97
LOND,lond018,Violation_201,36,O1,3.28911,35.0,97
LOND,lond018,Violation_201,36,O2,4.039337,35.0,97
LOND,lond018,Violation_201,37,Pz,6.774687,22.0,53
LOND,lond018,Violation_201,37,Cz,11.08127,22.0,53
LOND,lond018,Violation_201,37,CP1,8.556973,22.0,53
LOND,lond018,Violation_201,37,CP2,10.73764,22.0,53
LOND,lond018,Violation_201,37,P3,11.88218,22.0,53
LOND,lond018,Violation_201,37,P4,1.823426,22.0,53
LOND,lond018,Violation_201,37,C3,6.079289,22.0,53
LOND,lond018,Violation_201,37,C4,3.906589,22.0,53
LOND,lond018,Violation_201,37,P7,4.105914,22.0,53
LOND,lond018,Violation_201,37,P8,-0.271803,22.0,53
LOND,lond018,Violation_201,37,O1,6.518075,22.0,53
LOND,lond018,Violation_201,37,O2,4.831787,22.0,53
LOND,lond018,Violation_201,38,Pz,8.821346,26.0,87
LOND,lond018,Violation_201,38,Cz,12.16275,26.0,87
LOND,lond018,Violation_201,38,CP1,12.37748,26.0,87
LOND,lond018,Violation_201,38,CP2,9.805707,26.0,87
LOND,lond018,Violation_201,38,P3,-1.902378,26.0,87
LOND,lond018,Violation_201,38,P4,8.166582,26.0,87
LOND,lond018,Violation_201,38,C3,11.3208,26.0,87
LOND,lond018,Violation_201,38,C4,20.34833,26.0,87
LOND,lond018,Violation_201,38,P7,-10.08157,26.0,87
LOND,lond018,Violation_201,38,P8,9.614032,26.0,87
LOND,lond018,Violation_201,38,O1,-12.97527,26.0,87
LOND,lond018,Violation_201,38,O2,-1.665122,26.0,87
LOND,lond018,Control_202,39,Pz,21.42242,32.0,80
LOND,lond018,Control_202,39,Cz,23.94012,32.0,80
LOND,lond018,Control_202,39,CP1,22.82406,32.0,80
LOND,lond018,Control_202,39,CP2,16.92334,32.0,80
LOND,lond018,Control_202,39,P3,14.43941,32.0,80
LOND,lond018,Control_202,39,P4,20.62314,32.0,80
LOND,lond018,Control_202,39,C3,19.79546,32.0,80
LOND,lond018,Control_202,39,C4,16.20692,32.0,80
LOND,lond018,Control_202,39,P7,8.278069,32.0,80
LOND,lond018,Control_202,39,P8,9.636098,32.0,80
LOND,lond018,Control_202,39,O1,13.36602,32.0,80
LOND,lond018,Control_202,39,O2,12.8991,32.0,80
LOND,lond018,Control_202,40,Pz,35.07652,21.0,77
LOND,lond018,Control_202,40,Cz,48.1833,21.0,77
LOND,lond018,Control_202,40,CP1,37.44366,21.0,77
LOND,lond018,Control_202,40,CP2,46.79486,21.0,77
LOND,lond018,Control_202,40,P3,35.01983,21.0,77
LOND,lond018,Control_202,40,P4,42.52421,21.0,77
LOND,lond018,Control_202,40,C3,48.45748,21.0,77
LOND,lond018,Control_202,40,C4,47.32236,21.0,77
LOND,lond018,Control_202,40,P7,30.78373,21.0,77
LOND,lond018,Control_202,40,P8,46.77317,21.0,77
LOND,lond018,Control_202,40,O1,31.53911,21.0,77
LOND,lond018,Control_202,40,O2,30.03013,21.0,77
LOND,lond019,Violation_201,1,Pz,9.142434,1.0,97
LOND,lond019,Violation_201,1,Cz,-4.54614,1.0,97
LOND,lond019,Violation_201,1,CP1,-0.1225864,1.0,97
LOND,lond019,Violation_201,1,CP2,1.206857,1.0,97
LOND,lond019,Violation_201,1,P3,1.629287,1.0,97
LOND,lond019,Violation_201,1,P4,-7.259844,1.0,97
LOND,lond019,Violation_201,1,C3,-3.358958,1.0,97
LOND,lond019,Violation_201,1,C4,-5.623506,1.0,97
LOND,lond019,Violation_201,1,P7,2.620422,1.0,97
LOND,lond019,Violation_201,1,P8,2.511709,1.0,97
LOND,lond019,Violation_201,1,O1,2.335866,1.0,97
LOND,lond019,Violation_201,1,O2,4.689987,1.0,97
LOND,lond019,Violation_201,2,Pz,-2.321948,12.0,100
LOND,lond019,Violation_201,2,Cz,-16.22487,12.0,100
LOND,lond019,Violation_201,2,CP1,-13.41406,12.0,100
LOND,lond019,Violation_201,2,CP2,-11.14755,12.0,100
LOND,lond019,Violation_201,2,P3,-7.522305,12.0,100
LOND,lond019,Violation_201,2,P4,-5.488534,12.0,100
LOND,lond019,Violation_201,2,C3,-2.299685,12.0,100
LOND,lond019,Violation_201,2,C4,-8.266192,12.0,100
LOND,lond019,Violation_201,2,P7,-7.179658,12.0,100
LOND,lond019,Violation_201,2,P8,-10.62875,12.0,100
LOND,lond019,Violation_201,2,O1,-7.408457,12.0,100
LOND,lond019,Violation_201,2,O2,-15.62255,12.0,100
LOND,lond019,Control_202,3,Pz,14.99368,8.0,97
LOND,lond019,Control_202,3,Cz,5.708453,8.0,97
LOND,lond019,Control_202,3,CP1,5.499313,8.0,97
LOND,lond019,Control_202,3,CP2,9.383071,8.0,97
LOND,lond019,Control_202,3,P3,5.598891,8.0,97
LOND,lond019,Control_202,3,P4,11.32714,8.0,97
LOND,lond019,Control_202,3,C3,10.37336,8.0,97
LOND,lond019,Control_202,3,C4,7.831842,8.0,97
LOND,lond019,Control_202,3,P7,5.360747,8.0,97
LOND,lond019,Control_202,3,P8,1.042082,8.0,97
LOND,lond019,Control_202,3,O1,7.763437,8.0,97
LOND,lond019,Control_202,3,O2,6.566828,8.0,97
LOND,lond019,Control_202,4,Pz,8.152085,11.0,87
LOND,lond019,Control_202,4,Cz,7.762328,11.0,87
LOND,lond019,Control_202,4,CP1,5.620306,11.0,87
LOND,lond019,Control_202,4,CP2,9.895336,11.0,87
LOND,lond019,Control_202,4,P3,12.4313,11.0,87
LOND,lond019,Control_202,4,P4,10.58855,11.0,87
LOND,lond019,Control_202,4,C3,-1.477888,11.0,87
LOND,lond019,Control_202,4,C4,-0.00495174,11.0,87
LOND,lond019,Control_202,4,P7,9.161668,11.0,87
LOND,lond019,Control_202,4,P8,-0.0518772,11.0,87
LOND,lond019,Control_202,4,O1,2.310338,11.0,87
LOND,lond019,Control_202,4,O2,5.220346,11.0,87
LOND,lond019,Control_202,5,Pz,0.9020039,9.0,93
LOND,lond019,Control_202,5,Cz,-0.804917,9.0,93
LOND,lond019,Control_202,5,CP1,-3.243594,9.0,93
LOND,lond019,Control_202,5,CP2,-0.453472,9.0,93
LOND,lond019,Control_202,5,P3,-0.3277378,9.0,93
LOND,lond019,Control_202,5,P4,-1.358259,9.0,93
LOND,lond019,Control_202,5,C3,-4.35943,9.0,93
LOND,lond019,Control_202,5,C4,0.4696827,9.0,93
LOND,lond019,Control_202,5,P7,-8.741014,9.0,93
LOND,lond019,Control_202,5,P8,-0.594169,9.0,93
LOND,lond019,Control_202,5,O1,-7.729418,9.0,93
LOND,lond019,Control_202,5,O2,0.02731689,9.0,93
LOND,lond019,Control_202,6,Pz,8.335845,13.0,97
LOND,lond019,Control_202,6,Cz,-0.8969132,13.0,97
LOND,lond019,Control_202,6,CP1,2.22405,13.0,97
LOND,lond019,Control_202,6,CP2,4.743626,13.0,97
LOND,lond019,Control_202,6,P3,4.657886,13.0,97
LOND,lond019,Control_202,6,P4,8.725224,13.0,97
LOND,lond019,Control_202,6,C3,-1.573135,13.0,97
LOND,lond019,Control_202,6,C4,-1.703518,13.0,97
LOND,lond019,Control_202,6,P7,8.739615,13.0,97
LOND,lond019,Control_202,6,P8,5.972459,13.0,97
LOND,lond019,Control_202,6,O1,6.549735,13.0,97
LOND,lond019,Control_202,6,O2,8.804813,13.0,97
LOND,lond019,Violation_201,7,Pz,-10.59773,5.0,93
LOND,lond019,Violation_201,7,Cz,-13.7228,5.0,93
LOND,lond019,Violation_201,7,CP1,-11.5445,5.0,93
LOND,lond019,Violation_201,7,CP2,-9.752752,5.0,93
LOND,lond019,Violation_201,7,P3,0.2202989,5.0,93
LOND,lond019,Violation_201,7,P4,-3.254319,5.0,93
LOND,lond019,Violation_201,7,C3,-11.7347,5.0,93
LOND,lond019,Violation_201,7,C4,-7.165411,5.0,93
LOND,lond019,Violation_201,7,P7,-3.233382,5.0,93
LOND,lond019,Violation_201,7,P8,-6.6394,5.0,93
LOND,lond019,Violation_201,7,O1,-3.367246,5.0,93
LOND,lond019,Violation_201,7,O2,-4.760328,5.0,93
LOND,lond019,Violation_201,8,Pz,-2.616483,14.0,90
LOND,lond019,Violation_201,8,Cz,-2.523798,14.0,90
LOND,lond019,Violation_201,8,CP1,0.3549803,14.0,90
LOND,lond019,Violation_201,8,CP2,-1.055802,14.0,90
LOND,lond019,Violation_201,8,P3,3.737736,14.0,90
LOND,lond019,Violation_201,8,P4,-0.8175507,14.0,90
LOND,lond019,Violation_201,8,C3,-1.908589,14.0,90
LOND,lond019,Violation_201,8,C4,-0.5519329,14.0,90
LOND,lond019,Violation_201,8,P7,3.965843,14.0,90
LOND,lond019,Violation_201,8,P8,-3.170311,14.0,90
LOND,lond019,Violation_201,8,O1,10.0748,14.0,90
LOND,lond019,Violation_201,8,O2,8.19282,14.0,90
LOND,lond019,Violation_201,9,Pz,8.166114,3.0,100
LOND,lond019,Violation_201,9,Cz,7.577468,3.0,100
LOND,lond019,Violation_201,9,CP1,3.665589,3.0,100
LOND,lond019,Violation_201,9,CP2,8.863712,3.0,100
LOND,lond019,Violation_201,9,P3,7.042375,3.0,100
LOND,lond019,Violation_201,9,P4,8.310873,3.0,100
LOND,lond019,Violation_201,9,C3,8.520596,3.0,100
LOND,lond019,Violation_201,9,C4,5.193687,3.0,100
LOND,lond019,Violation_201,9,P7,7.048484,3.0,100
LOND,lond019,Violation_201,9,P8,1.809954,3.0,100
LOND,lond019,Violation_201,9,O1,5.01284,3.0,100
LOND,lond019,Violation_201,9,O2,13.616,3.0,100
LOND,lond019,Control_202,10,Pz,12.3633,6.0,100
LOND,lond019,Control_202,10,Cz,21.85791,6.0,100
LOND,lond019,Control_202,10,CP1,18.50258,6.0,100
LOND,lond019,Control_202,10,CP2,16.20482,6.0,100
LOND,lond019,Control_202,10,P3,11.76385,6.0,100
LOND,lond019,Control_202,10,P4,9.191512,6.0,100
LOND,lond019,Control_202,10,C3,17.55715,6.0,100
LOND,lond019,Control_202,10,C4,12.74086,6.0,100
LOND,lond019,Control_202,10,P7,7.082686,6.0,100
LOND,lond019,Control_202,10,P8,12.33126,6.0,100
LOND,lond019,Control_202,10,O1,17.27359,6.0,100
LOND,lond019,Control_202,10,O2,9.198008,6.0,100
LOND,lond019,Violation_201,11,Pz,2.095044,19.0,100
LOND,lond019,Violation_201,11,Cz,-5.095922,19.0,100
LOND,lond019,Violation_201,11,CP1,-0.9164482,19.0,100
LOND,lond019,Violation_201,11,CP2,-3.836855,19.0,100
LOND,lond019,Violation_201,11,P3,14.48644,19.0,100
LOND,lond019,Violation_201,11,P4,0.08618724,19.0,100
LOND,lond019,Violation_201,11,C3,-7.131921,19.0,100
LOND,lond019,Violation_201,11,C4,-2.648937,19.0,100
LOND,lond019,Violation_201,11,P7,10.33764,19.0,100
LOND,lond019,Violation_201,11,P8,-2.737444,19.0,100
LOND,lond019,Violation_201,11,O1,5.897317,19.0,100
LOND,lond019,Violation_201,11,O2,-0.2505552,19.0,100
LOND,lond019,Violation_201,12,Pz,0.1432953,10.0,80
LOND,lond019,Violation_201,12,Cz,8.252705,10.0,80
LOND,lond019,Violation_201,12,CP1,1.02089,10.0,80
LOND,lond019,Violation_201,12,CP2,1.0951,10.0,80
LOND,lond019,Violation_201,12,P3,3.437413,10.0,80
LOND,lond019,Violation_201,12,P4,0.2806915,10.0,80
LOND,lond019,Violation_201,12,C3,-4.001165,10.0,80
LOND,lond019,Violation_201,12,C4,1.358017,10.0,80
LOND,lond019,Violation_201,12,P7,3.204683,10.0,80
LOND,lond019,Violation_201,12,P8,0.2603075,10.0,80
LOND,lond019,Violation_201,12,O1,2.339346,10.0,80
LOND,lond019,Violation_201,12,O2,8.354174,10.0,80
LOND,lond019,Violation_201,13,Pz,-10.54896,2.0,100
LOND,lond019,Violation_201,13,Cz,-11.25137,2.0,100
LOND,lond019,Violation_201,13,CP1,-14.23413,2.0,100
LOND,lond019,Violation_201,13,CP2,-12.97789,2.0,100
LOND,lond019,Violation_201,13,P3,-13.80671,2.0,100
LOND,lond019,Violation_201,13,P4,-4.844681,2.0,100
LOND,lond019,Violation_201,13,C3,-4.548828,2.0,100
LOND,lond019,Violation_201,13,C4,-13.12796,2.0,100
LOND,lond019,Violation_201,13,P7,-9.109752,2.0,100
LOND,lond019,Violation_201,13,P8,-10.36963,2.0,100
LOND,lond019,Violation_201,13,O1,-11.74641,2.0,100
LOND,lond019,Violation_201,13,O2,-15.69769,2.0,100
LOND,lond019,Control_202,14,Pz,6.574638,7.0,80
LOND,lond019,Control_202,14,Cz,6.546081,7.0,80
LOND,lond019,Control_202,14,CP1,6.159267,7.0,80
LOND,lond019,Control_202,14,CP2,5.126915,7.0,80
LOND,lond019,Control_202,14,P3,0.8149304,7.0,80
LOND,lond019,Control_202,14,P4,7.437018,7.0,80
LOND,lond019,Control_202,14,C3,3.692389,7.0,80
LOND,lond019,Control_202,14,C4,1.553218,7.0,80
LOND,lond019,Control_202,14,P7,-2.576478,7.0,80
LOND,lond019,Control_202,14,P8,1.963016,7.0,80
LOND,lond019,Control_202,14,O1,1.377246,7.0,80
LOND,lond019,Control_202,14,O2,1.952258,7.0,80
LOND,lond019,Control_202,15,Pz,-1.062442,4.0,93
LOND,lond019,Control_202,15,Cz,0.6843462,4.0,93
LOND,lond019,Control_202,15,CP1,-3.404083,4.0,93
LOND,lond019,Control_202,15,CP2,-1.384302,4.0,93
LOND,lond019,Control_202,15,P3,5.926602,4.0,93
LOND,lond019,Control_202,15,P4,-6.335257,4.0,93
LOND,lond019,Control_202,15,C3,-0.9206849,4.0,93
LOND,lond019,Control_202,15,C4,-5.44913,4.0,93
LOND,lond019,Control_202,15,P7,4.465738,4.0,93
LOND,lond019,Control_202,15,P8,-7.361109,4.0,93
LOND,lond019,Control_202,15,O1,7.749003,4.0,93
LOND,lond019,Control_202,15,O2,5.418193,4.0,93
LOND,lond019,Violation_201,16,Pz,6.17402,16.0,93
LOND,lond019,Violation_201,16,Cz,7.165557,16.0,93
LOND,lond019,Violation_201,16,CP1,7.96285,16.0,93
LOND,lond019,Violation_201,16,CP2,10.36157,16.0,93
LOND,lond019,Violation_201,16,P3,1.879905,16.0,93
LOND,lond019,Violation_201,16,P4,5.419748,16.0,93
LOND,lond019,Violation_201,16,C3,5.007501,16.0,93
LOND,lond019,Violation_201,16,C4,7.964366,16.0,93
LOND,lond019,Violation_201,16,P7,4.932294,16.0,93
LOND,lond019,Violation_201,16,P8,1.421873,16.0,93
LOND,lond019,Violation_201,16,O1,8.25544,16.0,93
LOND,lond019,Violation_201,16,O2,4.046066,16.0,93
LOND,lond019,Control_202,17,Pz,3.488877,20.0,90
LOND,lond019,Control_202,17,Cz,2.84128,20.0,90
LOND,lond019,Control_202,17,CP1,3.169388,20.0,90
LOND,lond019,Control_202,17,CP2,2.792964,20.0,90
LOND,lond019,Control_202,17,P3,-4.333831,20.0,90
LOND,lond019,Control_202,17,P4,-5.456628,20.0,90
LOND,lond019,Control_202,17,C3,6.330005,20.0,90
LOND,lond019,Control_202,17,C4,1.757563,20.0,90
LOND,lond019,Control_202,17,P7,9.115289,20.0,90
LOND,lond019,Control_202,17,P8,4.100777,20.0,90
LOND,lond019,Control_202,17,O1,2.283692,20.0,90
LOND,lond019,Control_202,17,O2,-2.34246,20.0,90
LOND,lond019,Control_202,18,Pz,14.92627,15.0,90
LOND,lond019,Control_202,18,Cz,16.94964,15.0,90
LOND,lond019,Control_202,18,CP1,14.4564,15.0,90
LOND,lond019,Control_202,18,CP2,15.41484,15.0,90
LOND,lond019,Control_202,18,P3,14.42904,15.0,90
LOND,lond019,Control_202,18,P4,18.80499,15.0,90
LOND,lond019,Control_202,18,C3,11.45914,15.0,90
LOND,lond019,Control_202,18,C4,12.37732,15.0,90
LOND,lond019,Control_202,18,P7,7.893249,15.0,90
LOND,lond019,Control_202,18,P8,11.47676,15.0,90
LOND,lond019,Control_202,18,O1,6.911951,15.0,90
LOND,lond019,Control_202,18,O2,4.8658,15.0,90
LOND,lond019,Control_202,19,Pz,2.906817,17.0,62
LOND,lond019,Control_202,19,Cz,0.07178015,17.0,62
LOND,lond019,Control_202,19,CP1,0.1373383,17.0,62
LOND,lond019,Control_202,19,CP2,1.730298,17.0,62
LOND,lond019,Control_202,19,P3,12.07597,17.0,62
LOND,lond019,Control_202,19,P4,11.47824,17.0,62
LOND,lond019,Control_202,19,C3,7.473737,17.0,62
LOND,lond019,Control_202,19,C4,-0.7768819,17.0,62
LOND,lond019,Control_202,19,P7,10.31308,17.0,62
LOND,lond019,Control_202,19,P8,4.830446,17.0,62
LOND,lond019,Control_202,19,O1,3.973048,17.0,62
LOND,lond019,Control_202,19,O2,3.468979,17.0,62
LOND,lond019,Violation_201,20,Pz,10.89093,18.0,87
LOND,lond019,Violation_201,20,Cz,17.65889,18.0,87
LOND,lond019,Violation_201,20,CP1,13.37749,18.0,87
LOND,lond019,Violation_201,20,CP2,12.24128,18.0,87
LOND,lond019,Violation_201,20,P3,14.50202,18.0,87
LOND,lond019,Violation_201,20,P4,4.836227,18.0,87
LOND,lond019,Violation_201,20,C3,11.61636,18.0,87
LOND,lond019,Violation_201,20,C4,8.285274,18.0,87
LOND,lond019,Violation_201,20,P7,10.05585,18.0,87
LOND,lond019,Violation_201,20,P8,8.316649,18.0,87
LOND,lond019,Violation_201,20,O1,9.712905,18.0,87
LOND,lond019,Violation_201,20,O2,8.663869,18.0,87
LOND,lond019,Violation_201,21,Pz,-9.835451,30.0,90
LOND,lond019,Violation_201,21,Cz,-17.50878,30.0,90
LOND,lond019,Violation_201,21,CP1,-21.07674,30.0,90
LOND,lond019,Violation_201,21,CP2,-14.29818,30.0,90
LOND,lond019,Violation_201,21,P3,-12.06013,30.0,90
LOND,lond019,Violation_201,21,P4,-12.7083,30.0,90
LOND,lond019,Violation_201,21,C3,-17.57887,30.0,90
LOND,lond019,Violation_201,21,C4,-15.12518,30.0,90
LOND,lond019,Violation_201,21,P7,-3.909956,30.0,90
LOND,lond019,Violation_201,21,P8,-9.823668,30.0,90
LOND,lond019,Violation_201,21,O1,-11.89263,30.0,90
LOND,lond019,Violation_201,21,O2,-5.115857,30.0,90
LOND,lond019,Control_202,22,Pz,9.232379,38.0,93
LOND,lond019,Control_202,22,Cz,16.27624,38.0,93
LOND,lond019,Control_202,22,CP1,8.968664,38.0,93
LOND,lond019,Control_202,22,CP2,14.34295,38.0,93
LOND,lond019,Control_202,22,P3,19.20441,38.0,93
LOND,lond019,Control_202,22,P4,5.036496,38.0,93
LOND,lond019,Control_202,22,C3,10.67025,38.0,93
LOND,lond019,Control_202,22,C4,15.47778,38.0,93
LOND,lond019,Control_202,22,P7,-1.215028,38.0,93
LOND,lond019,Control_202,22,P8,9.026278,38.0,93
LOND,lond019,Control_202,22,O1,7.269286,38.0,93
LOND,lond019,Control_202,22,O2,8.946462,38.0,93
LOND,lond019,Control_202,23,Pz,10.0544,32.0,80
LOND,lond019,Control_202,23,Cz,24.33891,32.0,80
LOND,lond019,Control_202,23,CP1,10.60552,32.0,80
LOND,lond019,Control_202,23,CP2,16.13657,32.0,80
LOND,lond019,Control_202,23,P3,6.73902,32.0,80
LOND,lond019,Control_202,23,P4,8.005673,32.0,80
LOND,lond019,Control_202,23,C3,17.74351,32.0,80
LOND,lond019,Control_202,23,C4,13.54433,32.0,80
LOND,lond019,Control_202,23,P7,-0.4507762,32.0,80
LOND,lond019,Control_202,23,P8,10.14581,32.0,80
LOND,lond019,Control_202,23,O1,7.866204,32.0,80
LOND,lond019,Control_202,23,O2,16.32765,32.0,80
LOND,lond019,Control_202,24,Pz,1.375134,24.0,93
LOND,lond019,Control_202,24,Cz,13.20285,24.0,93
LOND,lond019,Control_202,24,CP1,7.095331,24.0,93
LOND,lond019,Control_202,24,CP2,5.959906,24.0,93
LOND,lond019,Control_202,24,P3,-1.175083,24.0,93
LOND,lond019,Control_202,24,P4,-9.896256,24.0,93
LOND,lond019,Control_202,24,C3,12.7118,24.0,93
LOND,lond019,Control_202,24,C4,6.058769,24.0,93
LOND,lond019,Control_202,24,P7,-15.22908,24.0,93
LOND,lond019,Control_202,24,P8,-5.684117,24.0,93
LOND,lond019,Control_202,24,O1,0.7498031,24.0,93
LOND,lond019,Control_202,24,O2,-3.97267,24.0,93
LOND,lond019,Control_202,25,Pz,-0.3259577,21.0,77
LOND,lond019,Control_202,25,Cz,0.6723934,21.0,77
LOND,lond019,Control_202,25,CP1,10.9628,21.0,77
LOND,lond019,Control_202,25,CP2,1.535126,21.0,77
LOND,lond019,Control_202,25,P3,-4.116827,21.0,77
LOND,lond019,Control_202,25,P4,-13.08334,21.0,77
LOND,lond019,Control_202,25,C3,1.242391,21.0,77
LOND,lond019,Control_202,25,C4,-3.51186,21.0,77
LOND,lond019,Control_202,25,P7,-0.7637926,21.0,77
LOND,lond019,Control_202,25,P8,-0.3031978,21.0,77
LOND,lond019,Control_202,25,O1,0.445446,21.0,77
LOND,lond019,Control_202,25,O2,-0.3695286,21.0,77
LOND,lond019,Violation_201,26,Pz,7.645287,36.0,77
LOND,lond019,Violation_201,26,Cz,0.9883532,36.0,77
LOND,lond019,Violation_201,26,CP1,10.00769,36.0,77
LOND,lond019,Violation_201,26,CP2,5.635931,36.0,77
LOND,lond019,Violation_201,26,P3,16.76163,36.0,77
LOND,lond019,Violation_201,26,P4,6.839346,36.0,77
LOND,lond019,Violation_201,26,C3,-1.682948,36.0,77
LOND,lond019,Violation_201,26,C4,0.6589258,36.0,77
LOND,lond019,Violation_201,26,P7,-0.08154368,36.0,77
LOND,lond019,Violation_201,26,P8,1.995947,36.0,77
LOND,lond019,Violation_201,26,O1,0.3744632,36.0,77
LOND,lond019,Violation_201,26,O2,-1.410694,36.0,77
LOND,lond019,Control_202,27,Pz,15.24932,26.0,87
LOND,lond019,Control_202,27,Cz,14.82823,26.0,87
LOND,lond019,Control_202,27,CP1,27.65055,26.0,87
LOND,lond019,Control_202,27,CP2,20.00018,26.0,87
LOND,lond019,Control_202,27,P3,17.59015,26.0,87
LOND,lond019,Control_202,27,P4,8.535079,26.0,87
LOND,lond019,Control_202,27,C3,19.2207,26.0,87
LOND,lond019,Control_202,27,C4,18.82649,26.0,87
LOND,lond019,Control_202,27,P7,13.12743,26.0,87
LOND,lond019,Control_202,27,P8,12.53442,26.0,87
LOND,lond019,Control_202,27,O1,21.95057,26.0,87
LOND,lond019,Control_202,27,O2,18.93306,26.0,87
LOND,lond019,Violation_201,28,Pz,-24.43824,27.0,97
LOND,lond019,Violation_201,28,Cz,-18.51366,27.0,97
LOND,lond019,Violation_201,28,CP1,-10.05118,27.0,97
LOND,lond019,Violation_201,28,CP2,-17.66677,27.0,97
LOND,lond019,Violation_201,28,P3,-34.26188,27.0,97
LOND,lond019,Violation_201,28,P4,-27.98424,27.0,97
LOND,lond019,Violation_201,28,C3,-24.3605,27.0,97
LOND,lond019,Violation_201,28,C4,-13.56472,27.0,97
LOND,lond019,Violation_201,28,P7,-22.60803,27.0,97
LOND,lond019,Violation_201,28,P8,-17.82376,27.0,97
LOND,lond019,Violation_201,28,O1,-18.12851,27.0,97
LOND,lond019,Violation_201,28,O2,-29.2896,27.0,97
LOND,lond019,Violation_201,29,Pz,-6.318385,25.0,97
LOND,lond019,Violation_201,29,Cz,-5.978586,25.0,97
LOND,lond019,Violation_201,29,CP1,-2.78647,25.0,97
LOND,lond019,Violation_201,29,CP2,-1.2805,25.0,97
LOND,lond019,Violation_201,29,P3,-19.12048,25.0,97
LOND,lond019,Violation_201,29,P4,-1.999737,25.0,97
LOND,lond019,Violation_201,29,C3,-11.5868,25.0,97
LOND,lond019,Violation_201,29,C4,0.02570448,25.0,97
LOND,lond019,Violation_201,29,P7,-4.934038,25.0,97
LOND,lond019,Violation_201,29,P8,-0.7574105,25.0,97
LOND,lond019,Violation_201,29,O1,-3.753166,25.0,97
LOND,lond019,Violation_201,29,O2,-6.526473,25.0,97
LOND,lond019,Violation_201,30,Pz,-13.54371,35.0,97
LOND,lond019,Violation_201,30,Cz,-15.06384,35.0,97
LOND,lond019,Violation_201,30,CP1,-18.38677,35.0,97
LOND,lond019,Violation_201,30,CP2,-10.44283,35.0,97
LOND,lond019,Violation_201,30,P3,-29.89396,35.0,97
LOND,lond019,Violation_201,30,P4,-19.62297,35.0,97
LOND,lond019,Violation_201,30,C3,-20.07729,35.0,97
LOND,lond019,Violation_201,30,C4,-12.67163,35.0,97
LOND,lond019,Violation_201,30,P7,-9.406574,35.0,97
LOND,lond019,Violation_201,30,P8,-10.41532,35.0,97
LOND,lond019,Violation_201,30,O1,-7.422107,35.0,97
LOND,lond019,Violation_201,30,O2,-10.04428,35.0,97
LOND,lond019,Violation_201,31,Pz,20.04945,40.0,93
LOND,lond019,Violation_201,31,Cz,15.78227,40.0,93
LOND,lond019,Violation_201,31,CP1,21.31787,40.0,93
LOND,lond019,Violation_201,31,CP2,18.81713,40.0,93
LOND,lond019,Violation_201,31,P3,31.29481,40.0,93
LOND,lond019,Violation_201,31,P4,20.61104,40.0,93
LOND,lond019,Violation_201,31,C3,20.70539,40.0,93
LOND,lond019,Violation_201,31,C4,18.43772,40.0,93
LOND,lond019,Violation_201,31,P7,18.80035,40.0,93
LOND,lond019,Violation_201,31,P8,7.335016,40.0,93
LOND,lond019,Violation_201,31,O1,14.27431,40.0,93
LOND,lond019,Violation_201,31,O2,7.310311,40.0,93
LOND,lond019,Violation_201,32,Pz,10.77158,23.0,93
LOND,lond019,Violation_201,32,Cz,8.873119,23.0,93
LOND,lond019,Violation_201,32,CP1,3.481578,23.0,93
LOND,lond019,Violation_201,32,CP2,7.686702,23.0,93
LOND,lond019,Violation_201,32,P3,8.939115,23.0,93
LOND,lond019,Violation_201,32,P4,5.604629,23.0,93
LOND,lond019,Violation_201,32,C3,3.208802,23.0,93
LOND,lond019,Violation_201,32,C4,1.209851,23.0,93
LOND,lond019,Violation_201,32,P7,1.743581,23.0,93
LOND,lond019,Violation_201,32,P8,9.767118,23.0,93
LOND,lond019,Violation_201,32,O1,14.16044,23.0,93
LOND,lond019,Violation_201,32,O2,15.66276,23.0,93
LOND,lond019,Violation_201,33,Pz,12.21299,39.0,97
LOND,lond019,Violation_201,33,Cz,13.27438,39.0,97
LOND,lond019,Violation_201,33,CP1,9.32137,39.0,97
LOND,lond019,Violation_201,33,CP2,10.83692,39.0,97
LOND,lond019,Violation_201,33,P3,31.10668,39.0,97
LOND,lond019,Violation_201,33,P4,18.81262,39.0,97
LOND,lond019,Violation_201,33,C3,20.18299,39.0,97
LOND,lond019,Violation_201,33,C4,12.12789,39.0,97
LOND,lond019,Violation_201,33,P7,26.89986,39.0,97
LOND,lond019,Violation_201,33,P8,10.22177,39.0,97
LOND,lond019,Violation_201,33,O1,18.44125,39.0,97
LOND,lond019,Violation_201,33,O2,11.19279,39.0,97
LOND,lond019,Control_202,34,Pz,3.691905,31.0,77
LOND,lond019,Control_202,34,Cz,2.330196,31.0,77
LOND,lond019,Control_202,34,CP1,-2.537025,31.0,77
LOND,lond019,Control_202,34,CP2,0.8429915,31.0,77
LOND,lond019,Control_202,34,P3,20.7458,31.0,77
LOND,lond019,Control_202,34,P4,6.234017,31.0,77
LOND,lond019,Control_202,34,C3,15.99683,31.0,77
LOND,lond019,Control_202,34,C4,7.466038,31.0,77
LOND,lond019,Control_202,34,P7,21.99445,31.0,77
LOND,lond019,Control_202,34,P8,-1.724135,31.0,77
LOND,lond019,Control_202,34,O1,3.511484,31.0,77
LOND,lond019,Control_202,34,O2,3.755787,31.0,77
LOND,lond019,Control_202,35,Pz,-5.960983,34.0,97
LOND,lond019,Control_202,35,Cz,-17.48417,34.0,97
LOND,lond019,Control_202,35,CP1,-22.16446,34.0,97
LOND,lond019,Control_202,35,CP2,-11.32576,34.0,97
LOND,lond019,Control_202,35,P3,4.171745,34.0,97
LOND,lond019,Control_202,35,P4,-6.105553,34.0,97
LOND,lond019,Control_202,35,C3,-16.51274,34.0,97
LOND,lond019,Control_202,35,C4,-16.37702,34.0,97
LOND,lond019,Control_202,35,P7,-3.019243,34.0,97
LOND,lond019,Control_202,35,P8,1.978684,34.0,97
LOND,lond019,Control_202,35,O1,-4.859818,34.0,97
LOND,lond019,Control_202,35,O2,8.725829,34.0,97
LOND,lond019,Violation_201,36,Pz,-13.58639,29.0,90
LOND,lond019,Violation_201,36,Cz,-7.583907,29.0,90
LOND,lond019,Violation_201,36,CP1,-14.81602,29.0,90
LOND,lond019,Violation_201,36,CP2,-8.105722,29.0,90
LOND,lond019,Violation_201,36,P3,-12.48288,29.0,90
LOND,lond019,Violation_201,36,P4,-7.126802,29.0,90
LOND,lond019,Violation_201,36,C3,-8.208593,29.0,90
LOND,lond019,Violation_201,36,C4,-2.098153,29.0,90
LOND,lond019,Violation_201,36,P7,-14.07293,29.0,90
LOND,lond019,Violation_201,36,P8,-5.833875,29.0,90
LOND,lond019,Violation_201,36,O1,-19.06267,29.0,90
LOND,lond019,Violation_201,36,O2,-6.9459,29.0,90
LOND,lond019,Violation_201,37,Pz,0.8214898,22.0,53
LOND,lond019,Violation_201,37,Cz,13.63586,22.0,53
LOND,lond019,Violation_201,37,CP1,6.374466,22.0,53
LOND,lond019,Violation_201,37,CP2,7.230473,22.0,53
LOND,lond019,Violation_201,37,P3,1.046664,22.0,53
LOND,lond019,Violation_201,37,P4,8.741168,22.0,53
LOND,lond019,Violation_201,37,C3,0.4886875,22.0,53
LOND,lond019,Violation_201,37,C4,4.974333,22.0,53
LOND,lond019,Violation_201,37,P7,-9.555263,22.0,53
LOND,lond019,Violation_201,37,P8,-0.1520744,22.0,53
LOND,lond019,Violation_201,37,O1,5.85733,22.0,53
LOND,lond019,Violation_201,37,O2,10.85788,22.0,53
LOND,lond019,Control_202,38,Pz,5.65553,28.0,27
LOND,lond019,Control_202,38,Cz,6.104043,28.0,27
LOND,lond019,Control_202,38,CP1,1.308719,28.0,27
LOND,lond019,Control_202,38,CP2,-0.07757873,28.0,27
LOND,lond019,Control_202,38,P3,14.04509,28.0,27
LOND,lond019,Control_202,38,P4,10.79865,28.0,27
LOND,lond019,Control_202,38,C3,11.75825,28.0,27
LOND,lond019,Control_202,38,C4,-3.115944,28.0,27
LOND,lond019,Control_202,38,P7,10.73561,28.0,27
LOND,lond019,Control_202,38,P8,0.5159605,28.0,27
LOND,lond019,Control_202,38,O1,-1.162134,28.0,27
LOND,lond019,Control_202,38,O2,-1.444138,28.0,27
LOND,lond019,Control_202,39,Pz,4.100054,37.0,80
LOND,lond019,Control_202,39,Cz,4.222979,37.0,80
LOND,lond019,Control_202,39,CP1,-4.232074,37.0,80
LOND,lond019,Control_202,39,CP2,4.992435,37.0,80
LOND,lond019,Control_202,39,P3,-3.194856,37.0,80
LOND,lond019,Control_202,39,P4,8.393574,37.0,80
LOND,lond019,Control_202,39,C3,7.558327,37.0,80
LOND,lond019,Control_202,39,C4,1.903387,37.0,80
LOND,lond019,Control_202,39,P7,-2.189258,37.0,80
LOND,lond019,Control_202,39,P8,5.265906,37.0,80
LOND,lond019,Control_202,39,O1,4.262414,37.0,80
LOND,lond019,Control_202,39,O2,9.363049,37.0,80
LOND,lond019,Control_202,40,Pz,29.61273,33.0,53
LOND,lond019,Control_202,40,Cz,-1.567309,33.0,53
LOND,lond019,Control_202,40,CP1,14.30857,33.0,53
LOND,lond019,Control_202,40,CP2,14.44385,33.0,53
LOND,lond019,Control_202,40,P3,27.74594,33.0,53
LOND,lond019,Control_202,40,P4,13.83769,33.0,53
LOND,lond019,Control_202,40,C3,15.58001,33.0,53
LOND,lond019,Control_202,40,C4,13.7551,33.0,53
LOND,lond019,Control_202,40,P7,22.05153,33.0,53
LOND,lond019,Control_202,40,P8,22.19032,33.0,53
LOND,lond019,Control_202,40,O1,13.84808,33.0,53
LOND,lond019,Control_202,40,O2,24.05819,33.0,53
LOND,lond020,Violation_201,1,Pz,0.2558046,6.0,100
LOND,lond020,Violation_201,1,Cz,-6.190775,6.0,100
LOND,lond020,Violation_201,1,CP1,0.1906604,6.0,100
LOND,lond020,Violation_201,1,CP2,-7.294825,6.0,100
LOND,lond020,Violation_201,1,P3,-15.68549,6.0,100
LOND,lond020,Violation_201,1,P4,-7.161401,6.0,100
LOND,lond020,Violation_201,1,C3,-6.911979,6.0,100
LOND,lond020,Violation_201,1,C4,-8.405301,6.0,100
LOND,lond020,Violation_201,1,P7,-4.047489,6.0,100
LOND,lond020,Violation_201,1,P8,-9.318789,6.0,100
LOND,lond020,Violation_201,1,O1,-6.031173,6.0,100
LOND,lond020,Violation_201,1,O2,-12.54296,6.0,100
LOND,lond020,Control_202,2,Pz,-8.63691,1.0,97
LOND,lond020,Control_202,2,Cz,-13.53981,1.0,97
LOND,lond020,Control_202,2,CP1,-21.83075,1.0,97
LOND,lond020,Control_202,2,CP2,-13.89183,1.0,97
LOND,lond020,Control_202,2,P3,-22.03725,1.0,97
LOND,lond020,Control_202,2,P4,-14.88475,1.0,97
LOND,lond020,Control_202,2,C3,-26.17497,1.0,97
LOND,lond020,Control_202,2,C4,-21.76473,1.0,97
LOND,lond020,Control_202,2,P7,-13.44867,1.0,97
LOND,lond020,Control_202,2,P8,-16.99855,1.0,97
LOND,lond020,Control_202,2,O1,-15.99307,1.0,97
LOND,lond020,Control_202,2,O2,-18.7213,1.0,97
LOND,lond020,Control_202,3,Pz,32.56482,8.0,97
LOND,lond020,Control_202,3,Cz,36.95078,8.0,97
LOND,lond020,Control_202,3,CP1,43.51043,8.0,97
LOND,lond020,Control_202,3,CP2,33.96554,8.0,97
LOND,lond020,Control_202,3,P3,41.99433,8.0,97
LOND,lond020,Control_202,3,P4,39.20219,8.0,97
LOND,lond020,Control_202,3,C3,46.72401,8.0,97
LOND,lond020,Control_202,3,C4,32.34558,8.0,97
LOND,lond020,Control_202,3,P7,46.18827,8.0,97
LOND,lond020,Control_202,3,P8,40.85025,8.0,97
LOND,lond020,Control_202,3,O1,45.20267,8.0,97
LOND,lond020,Control_202,3,O2,43.56157,8.0,97
LOND,lond020,Control_202,4,Pz,-45.65501,17.0,62
LOND,lond020,Control_202,4,Cz,-44.57176,17.0,62
LOND,lond020,Control_202,4,CP1,-52.18915,17.0,62
LOND,lond020,Control_202,4,CP2,-46.05031,17.0,62
LOND,lond020,Control_202,4,P3,-35.34186,17.0,62
LOND,lond020,Control_202,4,P4,-36.34596,17.0,62
LOND,lond020,Control_202,4,C3,-37.45856,17.0,62
LOND,lond020,Control_202,4,C4,-29.79876,17.0,62
LOND,lond020,Control_202,4,P7,-47.84938,17.0,62
LOND,lond020,Control_202,4,P8,-38.69445,17.0,62
LOND,lond020,Control_202,4,O1,-49.12531,17.0,62
LOND,lond020,Control_202,4,O2,-44.16391,17.0,62
LOND,lond020,Control_202,5,Pz,-23.03087,9.0,93
LOND,lond020,Control_202,5,Cz,-25.87908,9.0,93
LOND,lond020,Control_202,5,CP1,-18.2912,9.0,93
LOND,lond020,Control_202,5,CP2,-15.1658,9.0,93
LOND,lond020,Control_202,5,P3,-11.86198,9.0,93
LOND,lond020,Control_202,5,P4,-14.34717,9.0,93
LOND,lond020,Control_202,5,C3,-16.77685,9.0,93
LOND,lond020,Control_202,5,C4,-21.34571,9.0,93
LOND,lond020,Control_202,5,P7,-1.878389,9.0,93
LOND,lond020,Control_202,5,P8,-22.06967,9.0,93
LOND,lond020,Control_202,5,O1,-11.10277,9.0,93
LOND,lond020,Control_202,5,O2,-4.993446,9.0,93
LOND,lond020,Violation_201,6,Pz,-24.09155,7.0,80
LOND,lond020,Violation_201,6,Cz,-18.74358,7.0,80
LOND,lond020,Violation_201,6,CP1,-17.31276,7.0,80
LOND,lond020,Violation_201,6,CP2,-22.08879,7.0,80
LOND,lond020,Violation_201,6,P3,-10.46329,7.0,80
LOND,lond020,Violation_201,6,P4,-22.06904,7.0,80
LOND,lond020,Violation_201,6,C3,-11.98055,7.0,80
LOND,lond020,Violation_201,6,C4,-22.16205,7.0,80
LOND,lond020,Violation_201,6,P7,-15.01719,7.0,80
LOND,lond020,Violation_201,6,P8,-20.81948,7.0,80
LOND,lond020,Violation_201,6,O1,-15.97945,7.0,80
LOND,lond020,Violation_201,6,O2,-21.43408,7.0,80
LOND,lond020,Violation_201,7,Pz,-30.22956,19.0,100
LOND,lond020,Violation_201,7,Cz,-30.9736,19.0,100
LOND,lond020,Violation_201,7,CP1,-23.78578,19.0,100
LOND,lond020,Violation_201,7,CP2,-35.37421,19.0,100
LOND,lond020,Violation_201,7,P3,-12.11401,19.0,100
LOND,lond020,Violation_201,7,P4,-33.92774,19.0,100
LOND,lond020,Violation_201,7,C3,-37.53899,19.0,100
LOND,lond020,Violation_201,7,C4,-30.6771,19.0,100
LOND,lond020,Violation_201,7,P7,-31.85244,19.0,100
LOND,lond020,Violation_201,7,P8,-37.03762,19.0,100
LOND,lond020,Violation_201,7,O1,-28.89575,19.0,100
LOND,lond020,Violation_201,7,O2,-27.84876,19.0,100
LOND,lond020,Control_202,8,Pz,-11.90909,15.0,90
LOND,lond020,Control_202,8,Cz,-15.53897,15.0,90
LOND,lond020,Control_202,8,CP1,-13.98967,15.0,90
LOND,lond020,Control_202,8,CP2,-5.441021,15.0,90
LOND,lond020,Control_202,8,P3,-10.74017,15.0,90
LOND,lond020,Control_202,8,P4,-16.54096,15.0,90
LOND,lond020,Control_202,8,C3,-18.20202,15.0,90
LOND,lond020,Control_202,8,C4,-15.46919,15.0,90
LOND,lond020,Control_202,8,P7,-26.71642,15.0,90
LOND,lond020,Control_202,8,P8,-17.46102,15.0,90
LOND,lond020,Control_202,8,O1,-17.55708,15.0,90
LOND,lond020,Control_202,8,O2,-14.99059,15.0,90
LOND,lond020,Violation_201,9,Pz,5.511961,13.0,97
LOND,lond020,Violation_201,9,Cz,-7.53082,13.0,97
LOND,lond020,Violation_201,9,CP1,1.545037,13.0,97
LOND,lond020,Violation_201,9,CP2,-0.01503871,13.0,97
LOND,lond020,Violation_201,9,P3,1.759609,13.0,97
LOND,lond020,Violation_201,9,P4,13.94854,13.0,97
LOND,lond020,Violation_201,9,C3,-1.134389,13.0,97
LOND,lond020,Violation_201,9,C4,3.397199,13.0,97
LOND,lond020,Violation_201,9,P7,29.22229,13.0,97
LOND,lond020,Violation_201,9,P8,17.20495,13.0,97
LOND,lond020,Violation_201,9,O1,5.17344,13.0,97
LOND,lond020,Violation_201,9,O2,11.64533,13.0,97
LOND,lond020,Violation_201,10,Pz,9.403604,18.0,87
LOND,lond020,Violation_201,10,Cz,6.84629,18.0,87
LOND,lond020,Violation_201,10,CP1,5.885425,18.0,87
LOND,lond020,Violation_201,10,CP2,16.29953,18.0,87
LOND,lond020,Violation_201,10,P3,14.11989,18.0,87
LOND,lond020,Violation_201,10,P4,13.48145,18.0,87
LOND,lond020,Violation_201,10,C3,14.22646,18.0,87
LOND,lond020,Violation_201,10,C4,11.37143,18.0,87
LOND,lond020,Violation_201,10,P7,11.15795,18.0,87
LOND,lond020,Violation_201,10,P8,20.29838,18.0,87
LOND,lond020,Violation_201,10,O1,7.341327,18.0,87
LOND,lond020,Violation_201,10,O2,12.9554,18.0,87
LOND,lond020,Control_202,11,Pz,-2.5541,3.0,100
LOND,lond020,Control_202,11,Cz,-10.11022,3.0,100
LOND,lond020,Control_202,11,CP1,-4.967713,3.0,100
LOND,lond020,Control_202,11,CP2,3.154725,3.0,100
LOND,lond020,Control_202,11,P3,-6.6966,3.0,100
LOND,lond020,Control_202,11,P4,5.24681,3.0,100
LOND,lond020,Control_202,11,C3,-15.79164,3.0,100
LOND,lond020,Control_202,11,C4,-4.097188,3.0,100
LOND,lond020,Control_202,11,P7,-13.51892,3.0,100
LOND,lond020,Control_202,11,P8,-3.826269,3.0,100
LOND,lond020,Control_202,11,O1,11.64096,3.0,100
LOND,lond020,Control_202,11,O2,8.514698,3.0,100
LOND,lond020,Control_202,12,Pz,11.05072,2.0,100
LOND,lond020,Control_202,12,Cz,12.96644,2.0,100
LOND,lond020,Control_202,12,CP1,16.07705,2.0,100
LOND,lond020,Control_202,12,CP2,11.53651,2.0,100
LOND,lond020,Control_202,12,P3,12.72713,2.0,100
LOND,lond020,Control_202,12,P4,12.3588,2.0,100
LOND,lond020,Control_202,12,C3,13.24798,2.0,100
LOND,lond020,Control_202,12,C4,11.80989,2.0,100
LOND,lond020,Control_202,12,P7,16.20803,2.0,100
LOND,lond020,Control_202,12,P8,15.78073,2.0,100
LOND,lond020,Control_202,12,O1,-8.211474,2.0,100
LOND,lond020,Control_202,12,O2,9.696941,2.0,100
LOND,lond020,Violation_201,13,Pz,-38.86636,4.0,93
LOND,lond020,Violation_201,13,Cz,-38.78419,4.0,93
LOND,lond020,Violation_201,13,CP1,-42.55614,4.0,93
LOND,lond020,Violation_201,13,CP2,-48.4815,4.0,93
LOND,lond020,Violation_201,13,P3,-48.98938,4.0,93
LOND,lond020,Violation_201,13,P4,-47.79039,4.0,93
LOND,lond020,Violation_201,13,C3,-41.60077,4.0,93
LOND,lond020,Violation_201,13,C4,-49.60836,4.0,93
LOND,lond020,Violation_201,13,P7,-43.72317,4.0,93
LOND,lond020,Violation_201,13,P8,-47.31384,4.0,93
LOND,lond020,Violation_201,13,O1,-43.3781,4.0,93
LOND,lond020,Violation_201,13,O2,-38.73028,4.0,93
LOND,lond020,Violation_201,14,Pz,27.57471,14.0,90
LOND,lond020,Violation_201,14,Cz,39.61476,14.0,90
LOND,lond020,Violation_201,14,CP1,43.5741,14.0,90
LOND,lond020,Violation_201,14,CP2,32.01741,14.0,90
LOND,lond020,Violation_201,14,P3,17.30595,14.0,90
LOND,lond020,Violation_201,14,P4,25.49705,14.0,90
LOND,lond020,Violation_201,14,C3,21.81097,14.0,90
LOND,lond020,Violation_201,14,C4,26.20066,14.0,90
LOND,lond020,Violation_201,14,P7,18.04788,14.0,90
LOND,lond020,Violation_201,14,P8,15.28662,14.0,90
LOND,lond020,Violation_201,14,O1,17.14618,14.0,90
LOND,lond020,Violation_201,14,O2,12.0615,14.0,90
LOND,lond020,Control_202,15,Pz,23.92332,16.0,93
LOND,lond020,Control_202,15,Cz,19.7351,16.0,93
LOND,lond020,Control_202,15,CP1,18.14064,16.0,93
LOND,lond020,Control_202,15,CP2,18.66503,16.0,93
LOND,lond020,Control_202,15,P3,19.3712,16.0,93
LOND,lond020,Control_202,15,P4,20.04571,16.0,93
LOND,lond020,Control_202,15,C3,19.95782,16.0,93
LOND,lond020,Control_202,15,C4,17.47655,16.0,93
LOND,lond020,Control_202,15,P7,21.33405,16.0,93
LOND,lond020,Control_202,15,P8,27.33068,16.0,93
LOND,lond020,Control_202,15,O1,24.17902,16.0,93
LOND,lond020,Control_202,15,O2,25.78587,16.0,93
LOND,lond020,Violation_201,16,Pz,1.496828,5.0,93
LOND,lond020,Violation_201,16,Cz,-3.414524,5.0,93
LOND,lond020,Violation_201,16,CP1,-2.330629,5.0,93
LOND,lond020,Violation_201,16,CP2,-1.232644,5.0,93
LOND,lond020,Violation_201,16,P3,5.825074,5.0,93
LOND,lond020,Violation_201,16,P4,7.407756,5.0,93
LOND,lond020,Violation_201,16,C3,-5.339866,5.0,93
LOND,lond020,Violation_201,16,C4,-2.390965,5.0,93
LOND,lond020,Violation_201,16,P7,9.380687,5.0,93
LOND,lond020,Violation_201,16,P8,5.13943,5.0,93
LOND,lond020,Violation_201,16,O1,10.37281,5.0,93
LOND,lond020,Violation_201,16,O2,13.58006,5.0,93
LOND,lond020,Control_202,17,Pz,-11.92261,11.0,87
LOND,lond020,Control_202,17,Cz,-8.403431,11.0,87
LOND,lond020,Control_202,17,CP1,-3.702817,11.0,87
LOND,lond020,Control_202,17,CP2,-6.89193,11.0,87
LOND,lond020,Control_202,17,P3,-12.63553,11.0,87
LOND,lond020,Control_202,17,P4,-15.87545,11.0,87
LOND,lond020,Control_202,17,C3,-4.423629,11.0,87
LOND,lond020,Control_202,17,C4,-9.749524,11.0,87
LOND,lond020,Control_202,17,P7,-6.69865,11.0,87
LOND,lond020,Control_202,17,P8,-14.59222,11.0,87
LOND,lond020,Control_202,17,O1,-10.99593,11.0,87
LOND,lond020,Control_202,17,O2,-13.48918,11.0,87
LOND,lond020,Violation_201,18,Pz,26.80126,10.0,80
LOND,lond020,Violation_201,18,Cz,33.26694,10.0,80
LOND,lond020,Violation_201,18,CP1,34.21747,10.0,80
LOND,lond020,Violation_201,18,CP2,23.68746,10.0,80
LOND,lond020,Violation_201,18,P3,26.9936,10.0,80
LOND,lond020,Violation_201,18,P4,20.94411,10.0,80
LOND,lond020,Violation_201,18,C3,31.54711,10.0,80
LOND,lond020,Violation_201,18,C4,4.896171,10.0,80
LOND,lond020,Violation_201,18,P7,17.97043,10.0,80
LOND,lond020,Violation_201,18,P8,10.49064,10.0,80
LOND,lond020,Violation_201,18,O1,24.3962,10.0,80
LOND,lond020,Violation_201,18,O2,12.94786,10.0,80
LOND,lond020,Violation_201,19,Pz,-10.36822,12.0,100
LOND,lond020,Violation_201,19,Cz,-17.41699,12.0,100
LOND,lond020,Violation_201,19,CP1,-14.32216,12.0,100
LOND,lond020,Violation_201,19,CP2,-12.94864,12.0,100
LOND,lond020,Violation_201,19,P3,-19.76246,12.0,100
LOND,lond020,Violation_201,19,P4,-7.348335,12.0,100
LOND,lond020,Violation_201,19,C3,-10.80858,12.0,100
LOND,lond020,Violation_201,19,C4,-14.51032,12.0,100
LOND,lond020,Violation_201,19,P7,-5.460369,12.0,100
LOND,lond020,Violation_201,19,P8,-12.85029,12.0,100
LOND,lond020,Violation_201,19,O1,-17.49753,12.0,100
LOND,lond020,Violation_201,19,O2,-6.479821,12.0,100
LOND,lond020,Control_202,20,Pz,16.09249,20.0,90
LOND,lond020,Control_202,20,Cz,23.18235,20.0,90
LOND,lond020,Control_202,20,CP1,17.89421,20.0,90
LOND,lond020,Control_202,20,CP2,21.55812,20.0,90
LOND,lond020,Control_202,20,P3,31.58987,20.0,90
LOND,lond020,Control_202,20,P4,24.03428,20.0,90
LOND,lond020,Control_202,20,C3,10.66763,20.0,90
LOND,lond020,Control_202,20,C4,26.17481,20.0,90
LOND,lond020,Control_202,20,P7,28.59476,20.0,90
LOND,lond020,Control_202,20,P8,21.89304,20.0,90
LOND,lond020,Control_202,20,O1,25.76769,20.0,90
LOND,lond020,Control_202,20,O2,20.38913,20.0,90
LOND,lond020,Violation_201,21,Pz,1.560531,37.0,80
LOND,lond020,Violation_201,21,Cz,1.455186,37.0,80
LOND,lond020,Violation_201,21,CP1,1.186958,37.0,80
LOND,lond020,Violation_201,21,CP2,-9.840054,37.0,80
LOND,lond020,Violation_201,21,P3,-1.839604,37.0,80
LOND,lond020,Violation_201,21,P4,2.187453,37.0,80
LOND,lond020,Violation_201,21,C3,-0.2049111,37.0,80
LOND,lond020,Violation_201,21,C4,-10.44658,37.0,80
LOND,lond020,Violation_201,21,P7,5.383698,37.0,80
LOND,lond020,Violation_201,21,P8,-1.495212,37.0,80
LOND,lond020,Violation_201,21,O1,3.270852,37.0,80
LOND,lond020,Violation_201,21,O2,0.7693548,37.0,80
LOND,lond020,Violation_201,22,Pz,5.787178,39.0,97
LOND,lond020,Violation_201,22,Cz,-2.745978,39.0,97
LOND,lond020,Violation_201,22,CP1,0.3280628,39.0,97
LOND,lond020,Violation_201,22,CP2,1.279069,39.0,97
LOND,lond020,Violation_201,22,P3,2.886169,39.0,97
LOND,lond020,Violation_201,22,P4,1.913357,39.0,97
LOND,lond020,Violation_201,22,C3,-5.495547,39.0,97
LOND,lond020,Violation_201,22,C4,4.594697,39.0,97
LOND,lond020,Violation_201,22,P7,7.253047,39.0,97
LOND,lond020,Violation_201,22,P8,-4.670033,39.0,97
LOND,lond020,Violation_201,22,O1,-10.45747,39.0,97
LOND,lond020,Violation_201,22,O2,-3.783252,39.0,97
LOND,lond020,Violation_201,23,Pz,18.20446,22.0,53
LOND,lond020,Violation_201,23,Cz,-0.9325274,22.0,53
LOND,lond020,Violation_201,23,CP1,9.191604,22.0,53
LOND,lond020,Violation_201,23,CP2,7.109137,22.0,53
LOND,lond020,Violation_201,23,P3,21.93767,22.0,53
LOND,lond020,Violation_201,23,P4,23.07221,22.0,53
LOND,lond020,Violation_201,23,C3,14.96551,22.0,53
LOND,lond020,Violation_201,23,C4,14.04927,22.0,53
LOND,lond020,Violation_201,23,P7,10.1325,22.0,53
LOND,lond020,Violation_201,23,P8,14.97609,22.0,53
LOND,lond020,Violation_201,23,O1,25.9079,22.0,53
LOND,lond020,Violation_201,23,O2,19.16957,22.0,53
LOND,lond020,Control_202,24,Pz,3.898492,34.0,97
LOND,lond020,Control_202,24,Cz,9.005431,34.0,97
LOND,lond020,Control_202,24,CP1,6.301937,34.0,97
LOND,lond020,Control_202,24,CP2,7.525512,34.0,97
LOND,lond020,Control_202,24,P3,11.72007,34.0,97
LOND,lond020,Control_202,24,P4,3.009434,34.0,97
LOND,lond020,Control_202,24,C3,11.26321,34.0,97
LOND,lond020,Control_202,24,C4,2.975446,34.0,97
LOND,lond020,Control_202,24,P7,-6.110518,34.0,97
LOND,lond020,Control_202,24,P8,0.3787982,34.0,97
LOND,lond020,Control_202,24,O1,12.80577,34.0,97
LOND,lond020,Control_202,24,O2,5.492593,34.0,97
LOND,lond020,Control_202,25,Pz,2.076264,27.0,97
LOND,lond020,Control_202,25,Cz,2.626444,27.0,97
LOND,lond020,Control_202,25,CP1,-5.935207,27.0,97
LOND,lond020,Control_202,25,CP2,2.131793,27.0,97
LOND,lond020,Control_202,25,P3,4.697183,27.0,97
LOND,lond020,Control_202,25,P4,0.07483985,27.0,97
LOND,lond020,Control_202,25,C3,10.90002,27.0,97
LOND,lond020,Control_202,25,C4,11.2384,27.0,97
LOND,lond020,Control_202,25,P7,11.08296,27.0,97
LOND,lond020,Control_202,25,P8,3.530015,27.0,97
LOND,lond020,Control_202,25,O1,-3.686055,27.0,97
LOND,lond020,Control_202,25,O2,1.299059,27.0,97
LOND,lond020,Violation_201,26,Pz,0.8763745,36.0,77
LOND,lond020,Violation_201,26,Cz,8.341548,36.0,77
LOND,lond020,Violation_201,26,CP1,0.7709331,36.0,77
LOND,lond020,Violation_201,26,CP2,9.470844,36.0,77
LOND,lond020,Violation_201,26,P3,-0.821587,36.0,77
LOND,lond020,Violation_201,26,P4,0.1784814,36.0,77
LOND,lond020,Violation_201,26,C3,2.79408,36.0,77
LOND,lond020,Violation_201,26,C4,11.38111,36.0,77
LOND,lond020,Violation_201,26,P7,-12.93676,36.0,77
LOND,lond020,Violation_201,26,P8,-8.329069,36.0,77
LOND,lond020,Violation_201,26,O1,-4.092396,36.0,77
LOND,lond020,Violation_201,26,O2,-2.971659,36.0,77
LOND,lond020,Control_202,27,Pz,16.21735,29.0,90
LOND,lond020,Control_202,27,Cz,9.831285,29.0,90
LOND,lond020,Control_202,27,CP1,11.37876,29.0,90
LOND,lond020,Control_202,27,CP2,10.61898,29.0,90
LOND,lond020,Control_202,27,P3,10.73958,29.0,90
LOND,lond020,Control_202,27,P4,11.13221,29.0,90
LOND,lond020,Control_202,27,C3,8.653787,29.0,90
LOND,lond020,Control_202,27,C4,4.358387,29.0,90
LOND,lond020,Control_202,27,P7,20.85309,29.0,90
LOND,lond020,Control_202,27,P8,12.73897,29.0,90
LOND,lond020,Control_202,27,O1,17.95483,29.0,90
LOND,lond020,Control_202,27,O2,7.00661,29.0,90
LOND,lond020,Violation_201,28,Pz,-5.246722,40.0,93
LOND,lond020,Violation_201,28,Cz,-1.299739,40.0,93
LOND,lond020,Violation_201,28,CP1,6.798508,40.0,93
LOND,lond020,Violation_201,28,CP2,2.966106,40.0,93
LOND,lond020,Violation_201,28,P3,10.95767,40.0,93
LOND,lond020,Violation_201,28,P4,-2.497811,40.0,93
LOND,lond020,Violation_201,28,C3,11.8748,40.0,93
LOND,lond020,Violation_201,28,C4,0.8106838,40.0,93
LOND,lond020,Violation_201,28,P7,18.99882,40.0,93
LOND,lond020,Violation_201,28,P8,1.991613,40.0,93
LOND,lond020,Violation_201,28,O1,14.57495,40.0,93
LOND,lond020,Violation_201,28,O2,6.481138,40.0,93
LOND,lond020,Control_202,29,Pz,-7.141443,21.0,77
LOND,lond020,Control_202,29,Cz,-12.05621,21.0,77
LOND,lond020,Control_202,29,CP1,-11.65392,21.0,77
LOND,lond020,Control_202,29,CP2,-6.133651,21.0,77
LOND,lond020,Control_202,29,P3,-17.05056,21.0,77
LOND,lond020,Control_202,29,P4,-6.002656,21.0,77
LOND,lond020,Control_202,29,C3,-8.535072,21.0,77
LOND,lond020,Control_202,29,C4,-4.413055,21.0,77
LOND,lond020,Control_202,29,P7,-9.377898,21.0,77
LOND,lond020,Control_202,29,P8,-5.33275,21.0,77
LOND,lond020,Control_202,29,O1,-3.368444,21.0,77
LOND,lond020,Control_202,29,O2,-5.813326,21.0,77
LOND,lond020,Control_202,30,Pz,14.22097,38.0,93
LOND,lond020,Control_202,30,Cz,18.88641,38.0,93
LOND,lond020,Control_202,30,CP1,19.01027,38.0,93
LOND,lond020,Control_202,30,CP2,13.19115,38.0,93
LOND,lond020,Control_202,30,P3,17.9748,38.0,93
LOND,lond020,Control_202,30,P4,16.36424,38.0,93
LOND,lond020,Control_202,30,C3,17.69903,38.0,93
LOND,lond020,Control_202,30,C4,11.11252,38.0,93
LOND,lond020,Control_202,30,P7,9.0535,38.0,93
LOND,lond020,Control_202,30,P8,3.51491,38.0,93
LOND,lond020,Control_202,30,O1,26.59366,38.0,93
LOND,lond020,Control_202,30,O2,7.763201,38.0,93
LOND,lond020,Violation_201,31,Pz,-5.830391,35.0,97
LOND,lond020,Violation_201,31,Cz,-11.40812,35.0,97
LOND,lond020,Violation_201,31,CP1,-3.991901,35.0,97
LOND,lond020,Violation_201,31,CP2,-13.20377,35.0,97
LOND,lond020,Violation_201,31,P3,1.857617,35.0,97
LOND,lond020,Violation_201,31,P4,-1.760772,35.0,97
LOND,lond020,Violation_201,31,C3,-1.135646,35.0,97
LOND,lond020,Violation_201,31,C4,-8.55589,35.0,97
LOND,lond020,Violation_201,31,P7,-3.982161,35.0,97
LOND,lond020,Violation_201,31,P8,-9.541623,35.0,97
LOND,lond020,Violation_201,31,O1,6.788243,35.0,97
LOND,lond020,Violation_201,31,O2,-4.999444,35.0,97
LOND,lond020,Violation_201,32,Pz,-6.700293,25.0,97
LOND,lond020,Violation_201,32,Cz,-5.361529,25.0,97
LOND,lond020,Violation_201,32,CP1,-8.123484,25.0,97
LOND,lond020,Violation_201,32,CP2,-6.591424,25.0,97
LOND,lond020,Violation_201,32,P3,-16.46911,25.0,97
LOND,lond020,Violation_201,32,P4,-13.27517,25.0,97
LOND,lond020,Violation_201,32,C3,-15.35773,25.0,97
LOND,lond020,Violation_201,32,C4,-13.85969,25.0,97
LOND,lond020,Violation_201,32,P7,-11.85101,25.0,97
LOND,lond020,Violation_201,32,P8,-11.18335,25.0,97
LOND,lond020,Violation_201,32,O1,-8.106815,25.0,97
LOND,lond020,Violation_201,32,O2,-10.03269,25.0,97
LOND,lond020,Violation_201,33,Pz,26.37983,32.0,80
LOND,lond020,Violation_201,33,Cz,25.03848,32.0,80
LOND,lond020,Violation_201,33,CP1,26.15118,32.0,80
LOND,lond020,Violation_201,33,CP2,20.48312,32.0,80
LOND,lond020,Violation_201,33,P3,19.27285,32.0,80
LOND,lond020,Violation_201,33,P4,17.51481,32.0,80
LOND,lond020,Violation_201,33,C3,24.6225,32.0,80
LOND,lond020,Violation_201,33,C4,14.09365,32.0,80
LOND,lond020,Violation_201,33,P7,16.08003,32.0,80
LOND,lond020,Violation_201,33,P8,15.6276,32.0,80
LOND,lond020,Violation_201,33,O1,16.84744,32.0,80
LOND,lond020,Violation_201,33,O2,18.58663,32.0,80
LOND,lond020,Control_202,34,Pz,10.42061,30.0,90
LOND,lond020,Control_202,34,Cz,19.72872,30.0,90
LOND,lond020,Control_202,34,CP1,7.390712,30.0,90
LOND,lond020,Control_202,34,CP2,18.38308,30.0,90
LOND,lond020,Control_202,34,P3,10.80707,30.0,90
LOND,lond020,Control_202,34,P4,8.306426,30.0,90
LOND,lond020,Control_202,34,C3,15.13343,30.0,90
LOND,lond020,Control_202,34,C4,18.23537,30.0,90
LOND,lond020,Control_202,34,P7,1.234791,30.0,90
LOND,lond020,Control_202,34,P8,1.533563,30.0,90
LOND,lond020,Control_202,34,O1,5.839261,30.0,90
LOND,lond020,Control_202,34,O2,2.969422,30.0,90
LOND,lond020,Violation_201,35,Pz,-28.44653,26.0,87
LOND,lond020,Violation_201,35,Cz,-26.62343,26.0,87
LOND,lond020,Violation_201,35,CP1,-24.2192,26.0,87
LOND,lond020,Violation_201,35,CP2,-26.70929,26.0,87
LOND,lond020,Violation_201,35,P3,-41.79729,26.0,87
LOND,lond020,Violation_201,35,P4,-32.40218,26.0,87
LOND,lond020,Violation_201,35,C3,-37.32981,26.0,87
LOND,lond020,Violation_201,35,C4,-34.6529,26.0,87
LOND,lond020,Violation_201,35,P7,-26.37609,26.0,87
LOND,lond020,Violation_201,35,P8,-32.9595,26.0,87
LOND,lond020,Violation_201,35,O1,-26.78157,26.0,87
LOND,lond020,Violation_201,35,O2,-33.10126,26.0,87
LOND,lond020,Control_202,36,Pz,-18.95492,23.0,93
LOND,lond020,Control_202,36,Cz,-10.11345,23.0,93
LOND,lond020,Control_202,36,CP1,-12.91245,23.0,93
LOND,lond020,Control_202,36,CP2,-13.70166,23.0,93
LOND,lond020,Control_202,36,P3,-26.05807,23.0,93
LOND,lond020,Control_202,36,P4,-14.61378,23.0,93
LOND,lond020,Control_202,36,C3,-7.742015,23.0,93
LOND,lond020,Control_202,36,C4,-14.70949,23.0,93
LOND,lond020,Control_202,36,P7,-8.078762,23.0,93
LOND,lond020,Control_202,36,P8,-18.79251,23.0,93
LOND,lond020,Control_202,36,O1,-13.45164,23.0,93
LOND,lond020,Control_202,36,O2,-6.905011,23.0,93
LOND,lond020,Control_202,37,Pz,-16.66376,28.0,27
LOND,lond020,Control_202,37,Cz,-19.33494,28.0,27
LOND,lond020,Control_202,37,CP1,-20.96378,28.0,27
LOND,lond020,Control_202,37,CP2,-14.96344,28.0,27
LOND,lond020,Control_202,37,P3,-11.41293,28.0,27
LOND,lond020,Control_202,37,P4,-18.0638,28.0,27
LOND,lond020,Control_202,37,C3,-16.59943,28.0,27
LOND,lond020,Control_202,37,C4,-20.6042,28.0,27
LOND,lond020,Control_202,37,P7,-14.66158,28.0,27
LOND,lond020,Control_202,37,P8,-16.84411,28.0,27
LOND,lond020,Control_202,37,O1,-8.82053,28.0,27
LOND,lond020,Control_202,37,O2,-17.12163,28.0,27
LOND,lond020,Violation_201,38,Pz,-6.977628,24.0,93
LOND,lond020,Violation_201,38,Cz,-10.66553,24.0,93
LOND,lond020,Violation_201,38,CP1,-14.26733,24.0,93
LOND,lond020,Violation_201,38,CP2,-16.7365,24.0,93
LOND,lond020,Violation_201,38,P3,-2.797195,24.0,93
LOND,lond020,Violation_201,38,P4,-8.47495,24.0,93
LOND,lond020,Violation_201,38,C3,-7.541066,24.0,93
LOND,lond020,Violation_201,38,C4,-3.3271,24.0,93
LOND,lond020,Violation_201,38,P7,-10.89386,24.0,93
LOND,lond020,Violation_201,38,P8,4.658662,24.0,93
LOND,lond020,Violation_201,38,O1,-0.3778667,24.0,93
LOND,lond020,Violation_201,38,O2,-6.191962,24.0,93
LOND,lond020,Control_202,39,Pz,16.95033,31.0,77
LOND,lond020,Control_202,39,Cz,3.665517,31.0,77
LOND,lond020,Control_202,39,CP1,18.66212,31.0,77
LOND,lond020,Control_202,39,CP2,19.225,31.0,77
LOND,lond020,Control_202,39,P3,12.20481,31.0,77
LOND,lond020,Control_202,39,P4,16.10561,31.0,77
LOND,lond020,Control_202,39,C3,9.973495,31.0,77
LOND,lond020,Control_202,39,C4,10.63625,31.0,77
LOND,lond020,Control_202,39,P7,15.75154,31.0,77
LOND,lond020,Control_202,39,P8,7.379568,31.0,77
LOND,lond020,Control_202,39,O1,14.62846,31.0,77
LOND,lond020,Control_202,39,O2,15.39543,31.0,77
LOND,lond020,Control_202,40,Pz,3.042106,33.0,53
LOND,lond020,Control_202,40,Cz,5.851305,33.0,53
LOND,lond020,Control_202,40,CP1,6.725292,33.0,53
LOND,lond020,Control_202,40,CP2,10.5029,33.0,53
LOND,lond020,Control_202,40,P3,-0.1748348,33.0,53
LOND,lond020,Control_202,40,P4,5.932011,33.0,53
LOND,lond020,Control_202,40,C3,6.909044,33.0,53
LOND,lond020,Control_202,40,C4,8.417225,33.0,53
LOND,lond020,Control_202,40,P7,17.27546,33.0,53
LOND,lond020,Control_202,40,P8,17.202,33.0,53
LOND,lond020,Control_202,40,O1,2.330105,33.0,53
LOND,lond020,Control_202,40,O2,12.44552,33.0,53
LOND,lond021,Control_202,1,Pz,18.1099,5.0,93
LOND,lond021,Control_202,1,Cz,12.62082,5.0,93
LOND,lond021,Control_202,1,CP1,-2.351063,5.0,93
LOND,lond021,Control_202,1,CP2,10.87182,5.0,93
LOND,lond021,Control_202,1,P3,10.82026,5.0,93
LOND,lond021,Control_202,1,P4,11.49531,5.0,93
LOND,lond021,Control_202,1,C3,17.60299,5.0,93
LOND,lond021,Control_202,1,C4,15.45539,5.0,93
LOND,lond021,Control_202,1,P7,27.02352,5.0,93
LOND,lond021,Control_202,1,P8,13.22802,5.0,93
LOND,lond021,Control_202,1,O1,20.10718,5.0,93
LOND,lond021,Control_202,1,O2,18.93332,5.0,93
LOND,lond021,Control_202,2,Pz,-18.50502,3.0,100
LOND,lond021,Control_202,2,Cz,-15.6195,3.0,100
LOND,lond021,Control_202,2,CP1,-4.361665,3.0,100
LOND,lond021,Control_202,2,CP2,-13.69983,3.0,100
LOND,lond021,Control_202,2,P3,-7.942812,3.0,100
LOND,lond021,Control_202,2,P4,-14.37565,3.0,100
LOND,lond021,Control_202,2,C3,-21.17695,3.0,100
LOND,lond021,Control_202,2,C4,-15.96506,3.0,100
LOND,lond021,Control_202,2,P7,-5.958061,3.0,100
LOND,lond021,Control_202,2,P8,-10.459,3.0,100
LOND,lond021,Control_202,2,O1,-11.0831,3.0,100
LOND,lond021,Control_202,2,O2,-21.73952,3.0,100
LOND,lond021,Violation_201,3,Pz,16.51952,9.0,93
LOND,lond021,Violation_201,3,Cz,16.6922,9.0,93
LOND,lond021,Violation_201,3,CP1,8.226461,9.0,93
LOND,lond021,Violation_201,3,CP2,11.65015,9.0,93
LOND,lond021,Violation_201,3,P3,16.13357,9.0,93
LOND,lond021,Violation_201,3,P4,11.60886,9.0,93
LOND,lond021,Violation_201,3,C3,18.3808,9.0,93
LOND,lond021,Violation_201,3,C4,12.16508,9.0,93
LOND,lond021,Violation_201,3,P7,12.05786,9.0,93
LOND,lond021,Violation_201,3,P8,8.192031,9.0,93
LOND,lond021,Violation_201,3,O1,12.27686,9.0,93
LOND,lond021,Violation_201,3,O2,13.05751,9.0,93
LOND,lond021,Control_202,4,Pz,1.355072,16.0,93
LOND,lond021,Control_202,4,Cz,-1.71566,16.0,93
LOND,lond021,Control_202,4,CP1,-3.567344,16.0,93
LOND,lond021,Control_202,4,CP2,-2.242021,16.0,93
LOND,lond021,Control_202,4,P3,5.404775,16.0,93
LOND,lond021,Control_202,4,P4,-1.893993,16.0,93
LOND,lond021,Control_202,4,C3,-1.360067,16.0,93
LOND,lond021,Control_202,4,C4,-2.007384,16.0,93
LOND,lond021,Control_202,4,P7,-11.59316,16.0,93
LOND,lond021,Control_202,4,P8,-9.502678,16.0,93
LOND,lond021,Control_202,4,O1,-9.705748,16.0,93
LOND,lond021,Control_202,4,O2,-7.996856,16.0,93
LOND,lond021,Violation_201,5,Pz,-15.43211,10.0,80
LOND,lond021,Violation_201,5,Cz,0.756405,10.0,80
LOND,lond021,Violation_201,5,CP1,-10.43585,10.0,80
LOND,lond021,Violation_201,5,CP2,-3.926563,10.0,80
LOND,lond021,Violation_201,5,P3,-13.6033,10.0,80
LOND,lond021,Violation_201,5,P4,-6.222826,10.0,80
LOND,lond021,Violation_201,5,C3,0.4285719,10.0,80
LOND,lond021,Violation_201,5,C4,1.942087,10.0,80
LOND,lond021,Violation_201,5,P7,-1.394349,10.0,80
LOND,lond021,Violation_201,5,P8,-0.4527096,10.0,80
LOND,lond021,Violation_201,5,O1,-5.007608,10.0,80
LOND,lond021,Violation_201,5,O2,-4.366132,10.0,80
LOND,lond021,Violation_201,6,Pz,-3.424924,17.0,62
LOND,lond021,Violation_201,6,Cz,0.8693089,17.0,62
LOND,lond021,Violation_201,6,CP1,10.53194,17.0,62
LOND,lond021,Violation_201,6,CP2,-1.505327,17.0,62
LOND,lond021,Violation_201,6,P3,-5.748363,17.0,62
LOND,lond021,Violation_201,6,P4,5.128106,17.0,62
LOND,lond021,Violation_201,6,C3,5.030679,17.0,62
LOND,lond021,Violation_201,6,C4,0.4775419,17.0,62
LOND,lond021,Violation_201,6,P7,7.711595,17.0,62
LOND,lond021,Violation_201,6,P8,5.982412,17.0,62
LOND,lond021,Violation_201,6,O1,4.365624,17.0,62
LOND,lond021,Violation_201,6,O2,2.849495,17.0,62
LOND,lond021,Control_202,7,Pz,-20.11985,19.0,100
LOND,lond021,Control_202,7,Cz,-20.38784,19.0,100
LOND,lond021,Control_202,7,CP1,-15.96074,19.0,100
LOND,lond021,Control_202,7,CP2,-15.95179,19.0,100
LOND,lond021,Control_202,7,P3,-23.15784,19.0,100
LOND,lond021,Control_202,7,P4,-13.60974,19.0,100
LOND,lond021,Control_202,7,C3,-22.29315,19.0,100
LOND,lond021,Control_202,7,C4,-23.24129,19.0,100
LOND,lond021,Control_202,7,P7,-32.21515,19.0,100
LOND,lond021,Control_202,7,P8,-25.79064,19.0,100
LOND,lond021,Control_202,7,O1,-32.63903,19.0,100
LOND,lond021,Control_202,7,O2,-22.25158,19.0,100
LOND,lond021,Control_202,8,Pz,-31.40404,11.0,87
LOND,lond021,Control_202,8,Cz,-28.53377,11.0,87
LOND,lond021,Control_202,8,CP1,-25.85124,11.0,87
LOND,lond021,Control_202,8,CP2,-31.00282,11.0,87
LOND,lond021,Control_202,8,P3,-36.01439,11.0,87
LOND,lond021,Control_202,8,P4,-38.75713,11.0,87
LOND,lond021,Control_202,8,C3,-27.22201,11.0,87
LOND,lond021,Control_202,8,C4,-33.71,11.0,87
LOND,lond021,Control_202,8,P7,-31.1426,11.0,87
LOND,lond021,Control_202,8,P8,-39.46264,11.0,87
LOND,lond021,Control_202,8,O1,-31.67624,11.0,87
LOND,lond021,Control_202,8,O2,-38.60612,11.0,87
LOND,lond021,Violation_201,9,Pz,-26.86662,8.0,97
LOND,lond021,Violation_201,9,Cz,-13.08485,8.0,97
LOND,lond021,Violation_201,9,CP1,-15.35269,8.0,97
LOND,lond021,Violation_201,9,CP2,-13.95796,8.0,97
LOND,lond021,Violation_201,9,P3,-8.91722,8.0,97
LOND,lond021,Violation_201,9,P4,-23.46619,8.0,97
LOND,lond021,Violation_201,9,C3,-12.08335,8.0,97
LOND,lond021,Violation_201,9,C4,-15.25655,8.0,97
LOND,lond021,Violation_201,9,P7,-23.91494,8.0,97
LOND,lond021,Violation_201,9,P8,-16.95575,8.0,97
LOND,lond021,Violation_201,9,O1,-17.37018,8.0,97
LOND,lond021,Violation_201,9,O2,-17.51201,8.0,97
LOND,lond021,Violation_201,10,Pz,-4.002597,6.0,100
LOND,lond021,Violation_201,10,Cz,1.385445,6.0,100
LOND,lond021,Violation_201,10,CP1,4.016965,6.0,100
LOND,lond021,Violation_201,10,CP2,-2.4477,6.0,100
LOND,lond021,Violation_201,10,P3,-4.904349,6.0,100
LOND,lond021,Violation_201,10,P4,-2.270966,6.0,100
LOND,lond021,Violation_201,10,C3,-7.787506,6.0,100
LOND,lond021,Violation_201,10,C4,-2.598342,6.0,100
LOND,lond021,Violation_201,10,P7,-7.144426,6.0,100
LOND,lond021,Violation_201,10,P8,-8.742951,6.0,100
LOND,lond021,Violation_201,10,O1,-2.604719,6.0,100
LOND,lond021,Violation_201,10,O2,-8.570793,6.0,100
LOND,lond021,Violation_201,11,Pz,33.93102,18.0,87
LOND,lond021,Violation_201,11,Cz,6.376969,18.0,87
LOND,lond021,Violation_201,11,CP1,3.63918,18.0,87
LOND,lond021,Violation_201,11,CP2,10.82413,18.0,87
LOND,lond021,Violation_201,11,P3,-0.7813385,18.0,87
LOND,lond021,Violation_201,11,P4,6.459905,18.0,87
LOND,lond021,Violation_201,11,C3,2.711784,18.0,87
LOND,lond021,Violation_201,11,C4,7.056582,18.0,87
LOND,lond021,Violation_201,11,P7,-4.736378,18.0,87
LOND,lond021,Violation_201,11,P8,6.910846,18.0,87
LOND,lond021,Violation_201,11,O1,5.169416,18.0,87
LOND,lond021,Violation_201,11,O2,4.880751,18.0,87
LOND,lond021,Control_202,12,Pz,14.1583,1.0,97
LOND,lond021,Control_202,12,Cz,11.57252,1.0,97
LOND,lond021,Control_202,12,CP1,11.30713,1.0,97
LOND,lond021,Control_202,12,CP2,9.004203,1.0,97
LOND,lond021,Control_202,12,P3,2.552346,1.0,97
LOND,lond021,Control_202,12,P4,9.469606,1.0,97
LOND,lond021,Control_202,12,C3,7.549059,1.0,97
LOND,lond021,Control_202,12,C4,10.35621,1.0,97
LOND,lond021,Control_202,12,P7,5.430584,1.0,97
LOND,lond021,Control_202,12,P8,1.551721,1.0,97
LOND,lond021,Control_202,12,O1,-1.87123,1.0,97
LOND,lond021,Control_202,12,O2,9.811018,1.0,97
LOND,lond021,Violation_201,13,Pz,-14.93117,4.0,93
LOND,lond021,Violation_201,13,Cz,-6.329643,4.0,93
LOND,lond021,Violation_201,13,CP1,-5.495836,4.0,93
LOND,lond021,Violation_201,13,CP2,-12.6489,4.0,93
LOND,lond021,Violation_201,13,P3,-4.165563,4.0,93
LOND,lond021,Violation_201,13,P4,-5.60944,4.0,93
LOND,lond021,Violation_201,13,C3,-3.890407,4.0,93
LOND,lond021,Violation_201,13,C4,-3.607885,4.0,93
LOND,lond021,Violation_201,13,P7,-1.080579,4.0,93
LOND,lond021,Violation_201,13,P8,-0.8693557,4.0,93
LOND,lond021,Violation_201,13,O1,-12.66649,4.0,93
LOND,lond021,Violation_201,13,O2,-7.365581,4.0,93
LOND,lond021,Control_202,14,Pz,-5.272724,13.0,97
LOND,lond021,Control_202,14,Cz,-9.4363,13.0,97
LOND,lond021,Control_202,14,CP1,-4.95329,13.0,97
LOND,lond021,Control_202,14,CP2,-9.401187,13.0,97
LOND,lond021,Control_202,14,P3,-13.26609,13.0,97
LOND,lond021,Control_202,14,P4,-3.226268,13.0,97
LOND,lond021,Control_202,14,C3,-3.064706,13.0,97
LOND,lond021,Control_202,14,C4,-8.441869,13.0,97
LOND,lond021,Control_202,14,P7,-0.1309892,13.0,97
LOND,lond021,Control_202,14,P8,-11.72977,13.0,97
LOND,lond021,Control_202,14,O1,-13.40487,13.0,97
LOND,lond021,Control_202,14,O2,-9.708703,13.0,97
LOND,lond021,Control_202,15,Pz,9.444708,12.0,100
LOND,lond021,Control_202,15,Cz,6.014927,12.0,100
LOND,lond021,Control_202,15,CP1,8.537526,12.0,100
LOND,lond021,Control_202,15,CP2,5.511653,12.0,100
LOND,lond021,Control_202,15,P3,0.1713258,12.0,100
LOND,lond021,Control_202,15,P4,6.604721,12.0,100
LOND,lond021,Control_202,15,C3,15.6137,12.0,100
LOND,lond021,Control_202,15,C4,11.93823,12.0,100
LOND,lond021,Control_202,15,P7,10.92106,12.0,100
LOND,lond021,Control_202,15,P8,11.75753,12.0,100
LOND,lond021,Control_202,15,O1,19.14475,12.0,100
LOND,lond021,Control_202,15,O2,13.32167,12.0,100
LOND,lond021,Violation_201,16,Pz,21.58279,20.0,90
LOND,lond021,Violation_201,16,Cz,14.83206,20.0,90
LOND,lond021,Violation_201,16,CP1,25.30983,20.0,90
LOND,lond021,Violation_201,16,CP2,13.64464,20.0,90
LOND,lond021,Violation_201,16,P3,10.77536,20.0,90
LOND,lond021,Violation_201,16,P4,20.72938,20.0,90
LOND,lond021,Violation_201,16,C3,7.460002,20.0,90
LOND,lond021,Violation_201,16,C4,16.43462,20.0,90
LOND,lond021,Violation_201,16,P7,20.82965,20.0,90
LOND,lond021,Violation_201,16,P8,13.66351,20.0,90
LOND,lond021,Violation_201,16,O1,10.82882,20.0,90
LOND,lond021,Violation_201,16,O2,10.8821,20.0,90
LOND,lond021,Control_202,17,Pz,20.0745,15.0,90
LOND,lond021,Control_202,17,Cz,14.54295,15.0,90
LOND,lond021,Control_202,17,CP1,11.03575,15.0,90
LOND,lond021,Control_202,17,CP2,7.502726,15.0,90
LOND,lond021,Control_202,17,P3,15.41785,15.0,90
LOND,lond021,Control_202,17,P4,9.689796,15.0,90
LOND,lond021,Control_202,17,C3,10.78304,15.0,90
LOND,lond021,Control_202,17,C4,11.56847,15.0,90
LOND,lond021,Control_202,17,P7,11.67975,15.0,90
LOND,lond021,Control_202,17,P8,6.570124,15.0,90
LOND,lond021,Control_202,17,O1,12.41923,15.0,90
LOND,lond021,Control_202,17,O2,11.27387,15.0,90
LOND,lond021,Violation_201,18,Pz,22.41845,14.0,90
LOND,lond021,Violation_201,18,Cz,22.13948,14.0,90
LOND,lond021,Violation_201,18,CP1,16.55283,14.0,90
LOND,lond021,Violation_201,18,CP2,20.17339,14.0,90
LOND,lond021,Violation_201,18,P3,25.01508,14.0,90
LOND,lond021,Violation_201,18,P4,18.2162,14.0,90
LOND,lond021,Violation_201,18,C3,25.84526,14.0,90
LOND,lond021,Violation_201,18,C4,22.2426,14.0,90
LOND,lond021,Violation_201,18,P7,20.21609,14.0,90
LOND,lond021,Violation_201,18,P8,11.27515,14.0,90
LOND,lond021,Violation_201,18,O1,24.41057,14.0,90
LOND,lond021,Violation_201,18,O2,18.45224,14.0,90
LOND,lond021,Violation_201,19,Pz,-1.554826,2.0,100
LOND,lond021,Violation_201,19,Cz,3.208719,2.0,100
LOND,lond021,Violation_201,19,CP1,-1.746024,2.0,100
LOND,lond021,Violation_201,19,CP2,10.91008,2.0,100
LOND,lond021,Violation_201,19,P3,9.137573,2.0,100
LOND,lond021,Violation_201,19,P4,8.046763,2.0,100
LOND,lond021,Violation_201,19,C3,-5.632888,2.0,100
LOND,lond021,Violation_201,19,C4,6.604681,2.0,100
LOND,lond021,Violation_201,19,P7,0.6650519,2.0,100
LOND,lond021,Violation_201,19,P8,7.24392,2.0,100
LOND,lond021,Violation_201,19,O1,2.861629,2.0,100
LOND,lond021,Violation_201,19,O2,5.853487,2.0,100
LOND,lond021,Violation_201,20,Pz,6.593417,7.0,80
LOND,lond021,Violation_201,20,Cz,7.759834,7.0,80
LOND,lond021,Violation_201,20,CP1,5.452683,7.0,80
LOND,lond021,Violation_201,20,CP2,10.70087,7.0,80
LOND,lond021,Violation_201,20,P3,13.92136,7.0,80
LOND,lond021,Violation_201,20,P4,22.12624,7.0,80
LOND,lond021,Violation_201,20,C3,6.977237,7.0,80
LOND,lond021,Violation_201,20,C4,13.71449,7.0,80
LOND,lond021,Violation_201,20,P7,3.794644,7.0,80
LOND,lond021,Violation_201,20,P8,2.25187,7.0,80
LOND,lond021,Violation_201,20,O1,11.27264,7.0,80
LOND,lond021,Violation_201,20,O2,7.942201,7.0,80
LOND,lond021,Control_202,21,Pz,-12.41264,36.0,77
LOND,lond021,Control_202,21,Cz,1.656235,36.0,77
LOND,lond021,Control_202,21,CP1,5.92849,36.0,77
LOND,lond021,Control_202,21,CP2,-0.02477986,36.0,77
LOND,lond021,Control_202,21,P3,-3.497308,36.0,77
LOND,lond021,Control_202,21,P4,-6.669167,36.0,77
LOND,lond021,Control_202,21,C3,-8.416134,36.0,77
LOND,lond021,Control_202,21,C4,-1.994863,36.0,77
LOND,lond021,Control_202,21,P7,8.22994,36.0,77
LOND,lond021,Control_202,21,P8,8.491722,36.0,77
LOND,lond021,Control_202,21,O1,5.994513,36.0,77
LOND,lond021,Control_202,21,O2,10.35521,36.0,77
LOND,lond021,Control_202,22,Pz,31.80059,26.0,87
LOND,lond021,Control_202,22,Cz,24.45259,26.0,87
LOND,lond021,Control_202,22,CP1,20.14743,26.0,87
LOND,lond021,Control_202,22,CP2,23.82275,26.0,87
LOND,lond021,Control_202,22,P3,21.86627,26.0,87
LOND,lond021,Control_202,22,P4,25.03204,26.0,87
LOND,lond021,Control_202,22,C3,29.07551,26.0,87
LOND,lond021,Control_202,22,C4,21.38328,26.0,87
LOND,lond021,Control_202,22,P7,33.74639,26.0,87
LOND,lond021,Control_202,22,P8,13.74868,26.0,87
LOND,lond021,Control_202,22,O1,24.37675,26.0,87
LOND,lond021,Control_202,22,O2,25.64432,26.0,87
LOND,lond021,Violation_201,23,Pz,21.19808,33.0,53
LOND,lond021,Violation_201,23,Cz,30.02843,33.0,53
LOND,lond021,Violation_201,23,CP1,20.41406,33.0,53
LOND,lond021,Violation_201,23,CP2,22.90148,33.0,53
LOND,lond021,Violation_201,23,P3,16.88905,33.0,53
LOND,lond021,Violation_201,23,P4,8.696398,33.0,53
LOND,lond021,Violation_201,23,C3,27.06705,33.0,53
LOND,lond021,Violation_201,23,C4,26.83099,33.0,53
LOND,lond021,Violation_201,23,P7,20.4908,33.0,53
LOND,lond021,Violation_201,23,P8,22.62862,33.0,53
LOND,lond021,Violation_201,23,O1,17.00628,33.0,53
LOND,lond021,Violation_201,23,O2,16.48979,33.0,53
LOND,lond021,Control_202,24,Pz,-30.0412,34.0,97
LOND,lond021,Control_202,24,Cz,-21.25213,34.0,97
LOND,lond021,Control_202,24,CP1,-10.17136,34.0,97
LOND,lond021,Control_202,24,CP2,-17.59366,34.0,97
LOND,lond021,Control_202,24,P3,-28.41068,34.0,97
LOND,lond021,Control_202,24,P4,-18.65156,34.0,97
LOND,lond021,Control_202,24,C3,-24.31285,34.0,97
LOND,lond021,Control_202,24,C4,-21.49367,34.0,97
LOND,lond021,Control_202,24,P7,-17.35998,34.0,97
LOND,lond021,Control_202,24,P8,-15.5911,34.0,97
LOND,lond021,Control_202,24,O1,-17.61869,34.0,97
LOND,lond021,Control_202,24,O2,-17.33179,34.0,97
LOND,lond021,Violation_201,25,Pz,-11.35863,35.0,97
LOND,lond021,Violation_201,25,Cz,-2.814658,35.0,97
LOND,lond021,Violation_201,25,CP1,-6.983556,35.0,97
LOND,lond021,Violation_201,25,CP2,-3.332619,35.0,97
LOND,lond021,Violation_201,25,P3,-9.808444,35.0,97
LOND,lond021,Violation_201,25,P4,-8.456966,35.0,97
LOND,lond021,Violation_201,25,C3,-4.66475,35.0,97
LOND,lond021,Violation_201,25,C4,-6.243371,35.0,97
LOND,lond021,Violation_201,25,P7,-6.053624,35.0,97
LOND,lond021,Violation_201,25,P8,-3.20439,35.0,97
LOND,lond021,Violation_201,25,O1,0.9096093,35.0,97
LOND,lond021,Violation_201,25,O2,-5.362266,35.0,97
LOND,lond021,Violation_201,26,Pz,-19.1083,25.0,97
LOND,lond021,Violation_201,26,Cz,-13.50655,25.0,97
LOND,lond021,Violation_201,26,CP1,-20.18482,25.0,97
LOND,lond021,Violation_201,26,CP2,-12.54204,25.0,97
LOND,lond021,Violation_201,26,P3,-11.4003,25.0,97
LOND,lond021,Violation_201,26,P4,-18.60529,25.0,97
LOND,lond021,Violation_201,26,C3,-15.06838,25.0,97
LOND,lond021,Violation_201,26,C4,-13.56308,25.0,97
LOND,lond021,Violation_201,26,P7,-6.379046,25.0,97
LOND,lond021,Violation_201,26,P8,-25.50339,25.0,97
LOND,lond021,Violation_201,26,O1,-14.35496,25.0,97
LOND,lond021,Violation_201,26,O2,-26.6041,25.0,97
LOND,lond021,Control_202,27,Pz,-7.644412,31.0,77
LOND,lond021,Control_202,27,Cz,1.786179,31.0,77
LOND,lond021,Control_202,27,CP1,-11.52821,31.0,77
LOND,lond021,Control_202,27,CP2,-0.732583,31.0,77
LOND,lond021,Control_202,27,P3,-4.538739,31.0,77
LOND,lond021,Control_202,27,P4,8.226171,31.0,77
LOND,lond021,Control_202,27,C3,-4.056445,31.0,77
LOND,lond021,Control_202,27,C4,-5.302882,31.0,77
LOND,lond021,Control_202,27,P7,-9.517293,31.0,77
LOND,lond021,Control_202,27,P8,-0.9501514,31.0,77
LOND,lond021,Control_202,27,O1,4.438493,31.0,77
LOND,lond021,Control_202,27,O2,2.953215,31.0,77
LOND,lond021,Violation_201,28,Pz,-27.89467,40.0,93
LOND,lond021,Violation_201,28,Cz,-21.26049,40.0,93
LOND,lond021,Violation_201,28,CP1,-26.99783,40.0,93
LOND,lond021,Violation_201,28,CP2,-21.54523,40.0,93
LOND,lond021,Violation_201,28,P3,-14.37689,40.0,93
LOND,lond021,Violation_201,28,P4,-22.30352,40.0,93
LOND,lond021,Violation_201,28,C3,-22.8497,40.0,93
LOND,lond021,Violation_201,28,C4,-22.62726,40.0,93
LOND,lond021,Violation_201,28,P7,-16.40429,40.0,93
LOND,lond021,Violation_201,28,P8,-26.16743,40.0,93
LOND,lond021,Violation_201,28,O1,-14.35097,40.0,93
LOND,lond021,Violation_201,28,O2,-19.1573,40.0,93
LOND,lond021,Control_202,29,Pz,1.889385,24.0,93
LOND,lond021,Control_202,29,Cz,8.156659,24.0,93
LOND,lond021,Control_202,29,CP1,10.03434,24.0,93
LOND,lond021,Control_202,29,CP2,3.250843,24.0,93
LOND,lond021,Control_202,29,P3,1.241902,24.0,93
LOND,lond021,Control_202,29,P4,9.045559,24.0,93
LOND,lond021,Control_202,29,C3,8.269325,24.0,93
LOND,lond021,Control_202,29,C4,3.845048,24.0,93
LOND,lond021,Control_202,29,P7,8.671725,24.0,93
LOND,lond021,Control_202,29,P8,-2.503243,24.0,93
LOND,lond021,Control_202,29,O1,15.83087,24.0,93
LOND,lond021,Control_202,29,O2,0.6850658,24.0,93
LOND,lond021,Violation_201,30,Pz,-5.509746,32.0,80
LOND,lond021,Violation_201,30,Cz,-6.164982,32.0,80
LOND,lond021,Violation_201,30,CP1,-11.98793,32.0,80
LOND,lond021,Violation_201,30,CP2,-4.60351,32.0,80
LOND,lond021,Violation_201,30,P3,2.279753,32.0,80
LOND,lond021,Violation_201,30,P4,-13.31843,32.0,80
LOND,lond021,Violation_201,30,C3,-0.661846,32.0,80
LOND,lond021,Violation_201,30,C4,-6.669673,32.0,80
LOND,lond021,Violation_201,30,P7,7.327689,32.0,80
LOND,lond021,Violation_201,30,P8,-12.70196,32.0,80
LOND,lond021,Violation_201,30,O1,-1.575702,32.0,80
LOND,lond021,Violation_201,30,O2,-7.43804,32.0,80
LOND,lond021,Violation_201,31,Pz,2.728395,28.0,27
LOND,lond021,Violation_201,31,Cz,4.309641,28.0,27
LOND,lond021,Violation_201,31,CP1,8.287391,28.0,27
LOND,lond021,Violation_201,31,CP2,-4.434613,28.0,27
LOND,lond021,Violation_201,31,P3,8.961009,28.0,27
LOND,lond021,Violation_201,31,P4,6.847482,28.0,27
LOND,lond021,Violation_201,31,C3,12.66193,28.0,27
LOND,lond021,Violation_201,31,C4,1.811049,28.0,27
LOND,lond021,Violation_201,31,P7,9.115045,28.0,27
LOND,lond021,Violation_201,31,P8,-2.813088,28.0,27
LOND,lond021,Violation_201,31,O1,4.4108,28.0,27
LOND,lond021,Violation_201,31,O2,-2.270773,28.0,27
LOND,lond021,Violation_201,32,Pz,-4.945575,23.0,93
LOND,lond021,Violation_201,32,Cz,-4.119222,23.0,93
LOND,lond021,Violation_201,32,CP1,-7.818252,23.0,93
LOND,lond021,Violation_201,32,CP2,-5.1735,23.0,93
LOND,lond021,Violation_201,32,P3,5.194812,23.0,93
LOND,lond021,Violation_201,32,P4,2.071395,23.0,93
LOND,lond021,Violation_201,32,C3,0.3812639,23.0,93
LOND,lond021,Violation_201,32,C4,3.553274,23.0,93
LOND,lond021,Violation_201,32,P7,5.933428,23.0,93
LOND,lond021,Violation_201,32,P8,-1.719478,23.0,93
LOND,lond021,Violation_201,32,O1,-5.188416,23.0,93
LOND,lond021,Violation_201,32,O2,-1.884108,23.0,93
LOND,lond021,Control_202,33,Pz,-0.07989358,37.0,80
LOND,lond021,Control_202,33,Cz,-2.657026,37.0,80
LOND,lond021,Control_202,33,CP1,0.3255947,37.0,80
LOND,lond021,Control_202,33,CP2,3.94791,37.0,80
LOND,lond021,Control_202,33,P3,13.03015,37.0,80
LOND,lond021,Control_202,33,P4,10.0599,37.0,80
LOND,lond021,Control_202,33,C3,3.211903,37.0,80
LOND,lond021,Control_202,33,C4,-0.5799361,37.0,80
LOND,lond021,Control_202,33,P7,3.484306,37.0,80
LOND,lond021,Control_202,33,P8,8.18549,37.0,80
LOND,lond021,Control_202,33,O1,6.649169,37.0,80
LOND,lond021,Control_202,33,O2,7.917759,37.0,80
LOND,lond021,Control_202,34,Pz,9.653299,39.0,97
LOND,lond021,Control_202,34,Cz,-2.154049,39.0,97
LOND,lond021,Control_202,34,CP1,2.326656,39.0,97
LOND,lond021,Control_202,34,CP2,-0.5988962,39.0,97
LOND,lond021,Control_202,34,P3,-6.182666,39.0,97
LOND,lond021,Control_202,34,P4,-0.6525247,39.0,97
LOND,lond021,Control_202,34,C3,-9.232784,39.0,97
LOND,lond021,Control_202,34,C4,-2.644927,39.0,97
LOND,lond021,Control_202,34,P7,7.879928,39.0,97
LOND,lond021,Control_202,34,P8,-11.17086,39.0,97
LOND,lond021,Control_202,34,O1,-11.21341,39.0,97
LOND,lond021,Control_202,34,O2,-11.82154,39.0,97
LOND,lond021,Violation_201,35,Pz,1.544595,29.0,90
LOND,lond021,Violation_201,35,Cz,-0.1775703,29.0,90
LOND,lond021,Violation_201,35,CP1,-2.254207,29.0,90
LOND,lond021,Violation_201,35,CP2,-3.896676,29.0,90
LOND,lond021,Violation_201,35,P3,-4.539299,29.0,90
LOND,lond021,Violation_201,35,P4,-14.76014,29.0,90
LOND,lond021,Violation_201,35,C3,3.049257,29.0,90
LOND,lond021,Violation_201,35,C4,-8.62523,29.0,90
LOND,lond021,Violation_201,35,P7,-2.559122,29.0,90
LOND,lond021,Violation_201,35,P8,-12.3852,29.0,90
LOND,lond021,Violation_201,35,O1,-16.82122,29.0,90
LOND,lond021,Violation_201,35,O2,-9.027644,29.0,90
LOND,lond021,Violation_201,36,Pz,-2.12888,21.0,77
LOND,lond021,Violation_201,36,Cz,-8.876369,21.0,77
LOND,lond021,Violation_201,36,CP1,-10.34896,21.0,77
LOND,lond021,Violation_201,36,CP2,-6.25902,21.0,77
LOND,lond021,Violation_201,36,P3,-5.14192,21.0,77
LOND,lond021,Violation_201,36,P4,-7.655601,21.0,77
LOND,lond021,Violation_201,36,C3,6.086272,21.0,77
LOND,lond021,Violation_201,36,C4,-1.291796,21.0,77
LOND,lond021,Violation_201,36,P7,-2.182388,21.0,77
LOND,lond021,Violation_201,36,P8,-1.170148,21.0,77
LOND,lond021,Violation_201,36,O1,-3.498728,21.0,77
LOND,lond021,Violation_201,36,O2,-9.998601,21.0,77
LOND,lond021,Violation_201,37,Pz,24.0962,27.0,97
LOND,lond021,Violation_201,37,Cz,13.61972,27.0,97
LOND,lond021,Violation_201,37,CP1,23.21959,27.0,97
LOND,lond021,Violation_201,37,CP2,17.86411,27.0,97
LOND,lond021,Violation_201,37,P3,24.62811,27.0,97
LOND,lond021,Violation_201,37,P4,15.45774,27.0,97
LOND,lond021,Violation_201,37,C3,26.14078,27.0,97
LOND,lond021,Violation_201,37,C4,11.33666,27.0,97
LOND,lond021,Violation_201,37,P7,22.22293,27.0,97
LOND,lond021,Violation_201,37,P8,9.116237,27.0,97
LOND,lond021,Violation_201,37,O1,15.85474,27.0,97
LOND,lond021,Violation_201,37,O2,10.89184,27.0,97
LOND,lond021,Control_202,38,Pz,10.39077,38.0,93
LOND,lond021,Control_202,38,Cz,3.653935,38.0,93
LOND,lond021,Control_202,38,CP1,5.017027,38.0,93
LOND,lond021,Control_202,38,CP2,-1.772343,38.0,93
LOND,lond021,Control_202,38,P3,-9.013748,38.0,93
LOND,lond021,Control_202,38,P4,-11.32514,38.0,93
LOND,lond021,Control_202,38,C3,-1.616711,38.0,93
LOND,lond021,Control_202,38,C4,0.0174135,38.0,93
LOND,lond021,Control_202,38,P7,13.90769,38.0,93
LOND,lond021,Control_202,38,P8,0.811137,38.0,93
LOND,lond021,Control_202,38,O1,-4.810215,38.0,93
LOND,lond021,Control_202,38,O2,-11.2759,38.0,93
LOND,lond021,Control_202,39,Pz,4.688394,22.0,53
LOND,lond021,Control_202,39,Cz,3.282588,22.0,53
LOND,lond021,Control_202,39,CP1,-7.492253,22.0,53
LOND,lond021,Control_202,39,CP2,8.1831,22.0,53
LOND,lond021,Control_202,39,P3,1.673401,22.0,53
LOND,lond021,Control_202,39,P4,7.481102,22.0,53
LOND,lond021,Control_202,39,C3,11.50016,22.0,53
LOND,lond021,Control_202,39,C4,2.697422,22.0,53
LOND,lond021,Control_202,39,P7,-1.044549,22.0,53
LOND,lond021,Control_202,39,P8,11.62648,22.0,53
LOND,lond021,Control_202,39,O1,3.667526,22.0,53
LOND,lond021,Control_202,39,O2,6.671386,22.0,53
LOND,lond021,Control_202,40,Pz,-7.591144,30.0,90
LOND,lond021,Control_202,40,Cz,-3.844377,30.0,90
LOND,lond021,Control_202,40,CP1,-10.71442,30.0,90
LOND,lond021,Control_202,40,CP2,2.88063,30.0,90
LOND,lond021,Control_202,40,P3,1.317827,30.0,90
LOND,lond021,Control_202,40,P4,5.857245,30.0,90
LOND,lond021,Control_202,40,C3,4.090307,30.0,90
LOND,lond021,Control_202,40,C4,3.281096,30.0,90
LOND,lond021,Control_202,40,P7,8.104555,30.0,90
LOND,lond021,Control_202,40,P8,4.979496,30.0,90
LOND,lond021,Control_202,40,O1,5.313573,30.0,90
LOND,lond021,Control_202,40,O2,16.58683,30.0,90
LOND,lond022,Control_202,1,Pz,-9.246751,18.0,87
LOND,lond022,Control_202,1,Cz,-14.75365,18.0,87
LOND,lond022,Control_202,1,CP1,-7.363035,18.0,87
LOND,lond022,Control_202,1,CP2,-13.06765,18.0,87
LOND,lond022,Control_202,1,P3,-13.50898,18.0,87
LOND,lond022,Control_202,1,P4,28.79207,18.0,87
LOND,lond022,Control_202,1,C3,4.647007,18.0,87
LOND,lond022,Control_202,1,C4,-8.33666,18.0,87
LOND,lond022,Control_202,1,P7,-22.9703,18.0,87
LOND,lond022,Control_202,1,P8,-13.67545,18.0,87
LOND,lond022,Control_202,1,O1,6.908794,18.0,87
LOND,lond022,Control_202,1,O2,-24.87595,18.0,87
LOND,lond022,Violation_201,2,Pz,9.990473,7.0,80
LOND,lond022,Violation_201,2,Cz,17.12803,7.0,80
LOND,lond022,Violation_201,2,CP1,16.23148,7.0,80
LOND,lond022,Violation_201,2,CP2,14.86835,7.0,80
LOND,lond022,Violation_201,2,P3,51.96814,7.0,80
LOND,lond022,Violation_201,2,P4,33.70266,7.0,80
LOND,lond022,Violation_201,2,C3,7.934626,7.0,80
LOND,lond022,Violation_201,2,C4,1.482314,7.0,80
LOND,lond022,Violation_201,2,P7,23.32819,7.0,80
LOND,lond022,Violation_201,2,P8,26.18115,7.0,80
LOND,lond022,Violation_201,2,O1,31.23408,7.0,80
LOND,lond022,Violation_201,2,O2,2.354837,7.0,80
LOND,lond022,Control_202,3,Pz,13.23879,12.0,100
LOND,lond022,Control_202,3,Cz,1.499926,12.0,100
LOND,lond022,Control_202,3,CP1,9.856402,12.0,100
LOND,lond022,Control_202,3,CP2,-7.642763,12.0,100
LOND,lond022,Control_202,3,P3,5.255074,12.0,100
LOND,lond022,Control_202,3,P4,-14.26082,12.0,100
LOND,lond022,Control_202,3,C3,2.561267,12.0,100
LOND,lond022,Control_202,3,C4,-5.064539,12.0,100
LOND,lond022,Control_202,3,P7,3.834136,12.0,100
LOND,lond022,Control_202,3,P8,10.95009,12.0,100
LOND,lond022,Control_202,3,O1,-2.293272,12.0,100
LOND,lond022,Control_202,3,O2,-5.92157,12.0,100
LOND,lond022,Violation_201,4,Pz,2.09443,15.0,90
LOND,lond022,Violation_201,4,Cz,16.72277,15.0,90
LOND,lond022,Violation_201,4,CP1,8.382074,15.0,90
LOND,lond022,Violation_201,4,CP2,13.99194,15.0,90
LOND,lond022,Violation_201,4,P3,-3.922508,15.0,90
LOND,lond022,Violation_201,4,P4,-1.39956,15.0,90
LOND,lond022,Violation_201,4,C3,5.950876,15.0,90
LOND,lond022,Violation_201,4,C4,6.009073,15.0,90
LOND,lond022,Violation_201,4,P7,7.454813,15.0,90
LOND,lond022,Violation_201,4,P8,13.0485,15.0,90
LOND,lond022,Violation_201,4,O1,-1.676802,15.0,90
LOND,lond022,Violation_201,4,O2,10.67517,15.0,90
LOND,lond022,Violation_201,5,Pz,0.8014849,8.0,97
LOND,lond022,Violation_201,5,Cz,-0.8057889,8.0,97
LOND,lond022,Violation_201,5,CP1,-4.490942,8.0,97
LOND,lond022,Violation_201,5,CP2,-6.641691,8.0,97
LOND,lond022,Violation_201,5,P3,3.518062,8.0,97
LOND,lond022,Violation_201,5,P4,-9.284856,8.0,97
LOND,lond022,Violation_201,5,C3,-3.023014,8.0,97
LOND,lond022,Violation_201,5,C4,-1.668536,8.0,97
LOND,lond022,Violation_201,5,P7,2.329129,8.0,97
LOND,lond022,Violation_201,5,P8,-2.590595,8.0,97
LOND,lond022,Violation_201,5,O1,-9.31179,8.0,97
LOND,lond022,Violation_201,5,O2,29.73845,8.0,97
LOND,lond022,Control_202,6,Pz,-17.43434,16.0,93
LOND,lond022,Control_202,6,Cz,-10.82376,16.0,93
LOND,lond022,Control_202,6,CP1,-8.879784,16.0,93
LOND,lond022,Control_202,6,CP2,-18.4079,16.0,93
LOND,lond022,Control_202,6,P3,22.95283,16.0,93
LOND,lond022,Control_202,6,P4,-16.56074,16.0,93
LOND,lond022,Control_202,6,C3,-5.576131,16.0,93
LOND,lond022,Control_202,6,C4,-16.42138,16.0,93
LOND,lond022,Control_202,6,P7,13.48197,16.0,93
LOND,lond022,Control_202,6,P8,-32.79523,16.0,93
LOND,lond022,Control_202,6,O1,-24.10147,16.0,93
LOND,lond022,Control_202,6,O2,-5.27848,16.0,93
LOND,lond022,Violation_201,7,Pz,13.38667,11.0,87
LOND,lond022,Violation_201,7,Cz,-0.5998279,11.0,87
LOND,lond022,Violation_201,7,CP1,9.577842,11.0,87
LOND,lond022,Violation_201,7,CP2,4.400078,11.0,87
LOND,lond022,Violation_201,7,P3,50.38686,11.0,87
LOND,lond022,Violation_201,7,P4,15.71062,11.0,87
LOND,lond022,Violation_201,7,C3,1.93436,11.0,87
LOND,lond022,Violation_201,7,C4,21.56747,11.0,87
LOND,lond022,Violation_201,7,P7,31.98313,11.0,87
LOND,lond022,Violation_201,7,P8,16.07534,11.0,87
LOND,lond022,Violation_201,7,O1,25.11237,11.0,87
LOND,lond022,Violation_201,7,O2,5.745897,11.0,87
LOND,lond022,Control_202,8,Pz,-45.15789,10.0,80
LOND,lond022,Control_202,8,Cz,-17.58938,10.0,80
LOND,lond022,Control_202,8,CP1,-22.37396,10.0,80
LOND,lond022,Control_202,8,CP2,-20.55488,10.0,80
LOND,lond022,Control_202,8,P3,-0.4563488,10.0,80
LOND,lond022,Control_202,8,P4,6.503925,10.0,80
LOND,lond022,Control_202,8,C3,1.494088,10.0,80
LOND,lond022,Control_202,8,C4,-6.121261,10.0,80
LOND,lond022,Control_202,8,P7,-26.70562,10.0,80
LOND,lond022,Control_202,8,P8,-38.17818,10.0,80
LOND,lond022,Control_202,8,O1,-25.71124,10.0,80
LOND,lond022,Control_202,8,O2,-20.1307,10.0,80
LOND,lond022,Control_202,9,Pz,21.61347,14.0,90
LOND,lond022,Control_202,9,Cz,24.28595,14.0,90
LOND,lond022,Control_202,9,CP1,17.12005,14.0,90
LOND,lond022,Control_202,9,CP2,15.92165,14.0,90
LOND,lond022,Control_202,9,P3,18.14658,14.0,90
LOND,lond022,Control_202,9,P4,-5.628873,14.0,90
LOND,lond022,Control_202,9,C3,17.28705,14.0,90
LOND,lond022,Control_202,9,C4,5.661056,14.0,90
LOND,lond022,Control_202,9,P7,4.16009,14.0,90
LOND,lond022,Control_202,9,P8,-10.32082,14.0,90
LOND,lond022,Control_202,9,O1,-5.401284,14.0,90
LOND,lond022,Control_202,9,O2,11.59312,14.0,90
LOND,lond022,Violation_201,10,Pz,21.37089,17.0,62
LOND,lond022,Violation_201,10,Cz,-12.08202,17.0,62
LOND,lond022,Violation_201,10,CP1,-6.830411,17.0,62
LOND,lond022,Violation_201,10,CP2,0.6442215,17.0,62
LOND,lond022,Violation_201,10,P3,9.003019,17.0,62
LOND,lond022,Violation_201,10,P4,16.83707,17.0,62
LOND,lond022,Violation_201,10,C3,-5.47476,17.0,62
LOND,lond022,Violation_201,10,C4,-1.949288,17.0,62
LOND,lond022,Violation_201,10,P7,1.737549,17.0,62
LOND,lond022,Violation_201,10,P8,-6.120613,17.0,62
LOND,lond022,Violation_201,10,O1,14.16031,17.0,62
LOND,lond022,Violation_201,10,O2,31.3219,17.0,62
LOND,lond022,Control_202,11,Pz,-7.418516,2.0,100
LOND,lond022,Control_202,11,Cz,-14.02177,2.0,100
LOND,lond022,Control_202,11,CP1,-11.94492,2.0,100
LOND,lond022,Control_202,11,CP2,-16.51963,2.0,100
LOND,lond022,Control_202,11,P3,-13.31705,2.0,100
LOND,lond022,Control_202,11,P4,9.036695,2.0,100
LOND,lond022,Control_202,11,C3,-2.042001,2.0,100
LOND,lond022,Control_202,11,C4,-6.862871,2.0,100
LOND,lond022,Control_202,11,P7,-31.87734,2.0,100
LOND,lond022,Control_202,11,P8,-34.93378,2.0,100
LOND,lond022,Control_202,11,O1,-12.2483,2.0,100
LOND,lond022,Control_202,11,O2,-15.84388,2.0,100
LOND,lond022,Violation_201,12,Pz,-16.46442,9.0,93
LOND,lond022,Violation_201,12,Cz,-16.31757,9.0,93
LOND,lond022,Violation_201,12,CP1,-21.52387,9.0,93
LOND,lond022,Violation_201,12,CP2,-15.17978,9.0,93
LOND,lond022,Violation_201,12,P3,-41.38564,9.0,93
LOND,lond022,Violation_201,12,P4,-6.894197,9.0,93
LOND,lond022,Violation_201,12,C3,-5.163681,9.0,93
LOND,lond022,Violation_201,12,C4,-10.01845,9.0,93
LOND,lond022,Violation_201,12,P7,7.206,9.0,93
LOND,lond022,Violation_201,12,P8,9.700232,9.0,93
LOND,lond022,Violation_201,12,O1,1.889382,9.0,93
LOND,lond022,Violation_201,12,O2,-24.33959,9.0,93
LOND,lond022,Violation_201,13,Pz,9.403511,20.0,90
LOND,lond022,Violation_201,13,Cz,5.479695,20.0,90
LOND,lond022,Violation_201,13,CP1,0.4316149,20.0,90
LOND,lond022,Violation_201,13,CP2,17.43085,20.0,90
LOND,lond022,Violation_201,13,P3,-28.69297,20.0,90
LOND,lond022,Violation_201,13,P4,43.02417,20.0,90
LOND,lond022,Violation_201,13,C3,-2.401066,20.0,90
LOND,lond022,Violation_201,13,C4,-2.790201,20.0,90
LOND,lond022,Violation_201,13,P7,4.854632,20.0,90
LOND,lond022,Violation_201,13,P8,-11.50774,20.0,90
LOND,lond022,Violation_201,13,O1,-6.139854,20.0,90
LOND,lond022,Violation_201,13,O2,-26.46756,20.0,90
LOND,lond022,Violation_201,14,Pz,-1.803478,13.0,97
LOND,lond022,Violation_201,14,Cz,-10.63937,13.0,97
LOND,lond022,Violation_201,14,CP1,-5.378645,13.0,97
LOND,lond022,Violation_201,14,CP2,-18.64144,13.0,97
LOND,lond022,Violation_201,14,P3,-25.37558,13.0,97
LOND,lond022,Violation_201,14,P4,-22.80655,13.0,97
LOND,lond022,Violation_201,14,C3,-1.647571,13.0,97
LOND,lond022,Violation_201,14,C4,-18.70208,13.0,97
LOND,lond022,Violation_201,14,P7,13.66247,13.0,97
LOND,lond022,Violation_201,14,P8,-19.53334,13.0,97
LOND,lond022,Violation_201,14,O1,-5.51411,13.0,97
LOND,lond022,Violation_201,14,O2,0.1492804,13.0,97
LOND,lond022,Control_202,15,Pz,23.25551,1.0,97
LOND,lond022,Control_202,15,Cz,-4.063036,1.0,97
LOND,lond022,Control_202,15,CP1,-0.8479555,1.0,97
LOND,lond022,Control_202,15,CP2,14.11788,1.0,97
LOND,lond022,Control_202,15,P3,-17.57893,1.0,97
LOND,lond022,Control_202,15,P4,4.390657,1.0,97
LOND,lond022,Control_202,15,C3,-2.147667,1.0,97
LOND,lond022,Control_202,15,C4,22.28434,1.0,97
LOND,lond022,Control_202,15,P7,4.073898,1.0,97
LOND,lond022,Control_202,15,P8,31.51473,1.0,97
LOND,lond022,Control_202,15,O1,-14.02462,1.0,97
LOND,lond022,Control_202,15,O2,-9.648436,1.0,97
LOND,lond022,Control_202,16,Pz,-21.79293,19.0,100
LOND,lond022,Control_202,16,Cz,-13.43274,19.0,100
LOND,lond022,Control_202,16,CP1,-24.74154,19.0,100
LOND,lond022,Control_202,16,CP2,-19.28564,19.0,100
LOND,lond022,Control_202,16,P3,-23.57612,19.0,100
LOND,lond022,Control_202,16,P4,-5.463624,19.0,100
LOND,lond022,Control_202,16,C3,-21.77466,19.0,100
LOND,lond022,Control_202,16,C4,-5.587339,19.0,100
LOND,lond022,Control_202,16,P7,-20.04519,19.0,100
LOND,lond022,Control_202,16,P8,10.74385,19.0,100
LOND,lond022,Control_202,16,O1,-25.85166,19.0,100
LOND,lond022,Control_202,16,O2,-8.641315,19.0,100
LOND,lond022,Control_202,17,Pz,-5.221934,6.0,100
LOND,lond022,Control_202,17,Cz,-14.90538,6.0,100
LOND,lond022,Control_202,17,CP1,-8.693391,6.0,100
LOND,lond022,Control_202,17,CP2,-9.194437,6.0,100
LOND,lond022,Control_202,17,P3,-2.351025,6.0,100
LOND,lond022,Control_202,17,P4,25.23625,6.0,100
LOND,lond022,Control_202,17,C3,8.766965,6.0,100
LOND,lond022,Control_202,17,C4,-21.26742,6.0,100
LOND,lond022,Control_202,17,P7,19.00194,6.0,100
LOND,lond022,Control_202,17,P8,-0.1122143,6.0,100
LOND,lond022,Control_202,17,O1,35.55844,6.0,100
LOND,lond022,Control_202,17,O2,0.7991647,6.0,100
LOND,lond022,Control_202,18,Pz,-8.769863,3.0,100
LOND,lond022,Control_202,18,Cz,-5.885019,3.0,100
LOND,lond022,Control_202,18,CP1,-8.705246,3.0,100
LOND,lond022,Control_202,18,CP2,-6.977233,3.0,100
LOND,lond022,Control_202,18,P3,-19.29551,3.0,100
LOND,lond022,Control_202,18,P4,-28.6152,3.0,100
LOND,lond022,Control_202,18,C3,-9.402864,3.0,100
LOND,lond022,Control_202,18,C4,-27.78782,3.0,100
LOND,lond022,Control_202,18,P7,-7.941212,3.0,100
LOND,lond022,Control_202,18,P8,-6.482582,3.0,100
LOND,lond022,Control_202,18,O1,-7.83726,3.0,100
LOND,lond022,Control_202,18,O2,-11.05604,3.0,100
LOND,lond022,Violation_201,19,Pz,1.156769,4.0,93
LOND,lond022,Violation_201,19,Cz,4.052895,4.0,93
LOND,lond022,Violation_201,19,CP1,3.33612,4.0,93
LOND,lond022,Violation_201,19,CP2,-11.95955,4.0,93
LOND,lond022,Violation_201,19,P3,-15.96573,4.0,93
LOND,lond022,Violation_201,19,P4,-20.67308,4.0,93
LOND,lond022,Violation_201,19,C3,1.227367,4.0,93
LOND,lond022,Violation_201,19,C4,-4.845681,4.0,93
LOND,lond022,Violation_201,19,P7,-6.9951,4.0,93
LOND,lond022,Violation_201,19,P8,18.64424,4.0,93
LOND,lond022,Violation_201,19,O1,1.007093,4.0,93
LOND,lond022,Violation_201,19,O2,0.7673132,4.0,93
LOND,lond022,Violation_201,20,Pz,-13.43107,5.0,93
LOND,lond022,Violation_201,20,Cz,-12.89585,5.0,93
LOND,lond022,Violation_201,20,CP1,-6.978644,5.0,93
LOND,lond022,Violation_201,20,CP2,-20.54962,5.0,93
LOND,lond022,Violation_201,20,P3,3.179252,5.0,93
LOND,lond022,Violation_201,20,P4,-18.65316,5.0,93
LOND,lond022,Violation_201,20,C3,-0.7107571,5.0,93
LOND,lond022,Violation_201,20,C4,-16.26598,5.0,93
LOND,lond022,Violation_201,20,P7,-4.183351,5.0,93
LOND,lond022,Violation_201,20,P8,-39.67113,5.0,93
LOND,lond022,Violation_201,20,O1,0.5432151,5.0,93
LOND,lond022,Violation_201,20,O2,-14.57202,5.0,93
LOND,lond022,Control_202,21,Pz,10.97769,29.0,90
LOND,lond022,Control_202,21,Cz,-3.746307,29.0,90
LOND,lond022,Control_202,21,CP1,4.170455,29.0,90
LOND,lond022,Control_202,21,CP2,3.679085,29.0,90
LOND,lond022,Control_202,21,P3,9.326715,29.0,90
LOND,lond022,Control_202,21,P4,32.61,29.0,90
LOND,lond022,Control_202,21,C3,20.04547,29.0,90
LOND,lond022,Control_202,21,C4,5.971427,29.0,90
LOND,lond022,Control_202,21,P7,2.010593,29.0,90
LOND,lond022,Control_202,21,P8,11.70095,29.0,90
LOND,lond022,Control_202,21,O1,-23.48182,29.0,90
LOND,lond022,Control_202,21,O2,7.998172,29.0,90
LOND,lond022,Control_202,22,Pz,18.07323,25.0,97
LOND,lond022,Control_202,22,Cz,11.9543,25.0,97
LOND,lond022,Control_202,22,CP1,12.64057,25.0,97
LOND,lond022,Control_202,22,CP2,17.5875,25.0,97
LOND,lond022,Control_202,22,P3,9.149035,25.0,97
LOND,lond022,Control_202,22,P4,-10.19305,25.0,97
LOND,lond022,Control_202,22,C3,18.92768,25.0,97
LOND,lond022,Control_202,22,C4,24.68717,25.0,97
LOND,lond022,Control_202,22,P7,1.158905,25.0,97
LOND,lond022,Control_202,22,P8,6.687851,25.0,97
LOND,lond022,Control_202,22,O1,17.64789,25.0,97
LOND,lond022,Control_202,22,O2,23.74179,25.0,97
LOND,lond022,Control_202,23,Pz,-25.47832,34.0,97
LOND,lond022,Control_202,23,Cz,-28.47505,34.0,97
LOND,lond022,Control_202,23,CP1,-25.14811,34.0,97
LOND,lond022,Control_202,23,CP2,-30.19419,34.0,97
LOND,lond022,Control_202,23,P3,-12.96419,34.0,97
LOND,lond022,Control_202,23,P4,-11.24276,34.0,97
LOND,lond022,Control_202,23,C3,-24.85226,34.0,97
LOND,lond022,Control_202,23,C4,-29.00735,34.0,97
LOND,lond022,Control_202,23,P7,-27.82518,34.0,97
LOND,lond022,Control_202,23,P8,-26.63726,34.0,97
LOND,lond022,Control_202,23,O1,-39.32295,34.0,97
LOND,lond022,Control_202,23,O2,-39.44033,34.0,97
LOND,lond022,Control_202,24,Pz,22.95558,37.0,80
LOND,lond022,Control_202,24,Cz,21.14875,37.0,80
LOND,lond022,Control_202,24,CP1,29.02011,37.0,80
LOND,lond022,Control_202,24,CP2,32.99039,37.0,80
LOND,lond022,Control_202,24,P3,42.86247,37.0,80
LOND,lond022,Control_202,24,P4,66.91142,37.0,80
LOND,lond022,Control_202,24,C3,48.9894,37.0,80
LOND,lond022,Control_202,24,C4,22.06605,37.0,80
LOND,lond022,Control_202,24,P7,39.70966,37.0,80
LOND,lond022,Control_202,24,P8,-7.407458,37.0,80
LOND,lond022,Control_202,24,O1,25.84143,37.0,80
LOND,lond022,Control_202,24,O2,4.0113,37.0,80
LOND,lond022,Violation_201,25,Pz,-13.91851,22.0,53
LOND,lond022,Violation_201,25,Cz,-28.11524,22.0,53
LOND,lond022,Violation_201,25,CP1,-21.40444,22.0,53
LOND,lond022,Violation_201,25,CP2,-22.83489,22.0,53
LOND,lond022,Violation_201,25,P3,-9.847211,22.0,53
LOND,lond022,Violation_201,25,P4,-38.47468,22.0,53
LOND,lond022,Violation_201,25,C3,-30.23052,22.0,53
LOND,lond022,Violation_201,25,C4,-20.46209,22.0,53
LOND,lond022,Violation_201,25,P7,0.1921359,22.0,53
LOND,lond022,Violation_201,25,P8,34.53423,22.0,53
LOND,lond022,Violation_201,25,O1,-2.624496,22.0,53
LOND,lond022,Violation_201,25,O2,-0.7698196,22.0,53
LOND,lond022,Control_202,26,Pz,-20.31584,35.0,97
LOND,lond022,Control_202,26,Cz,-11.49726,35.0,97
LOND,lond022,Control_202,26,CP1,-10.95191,35.0,97
LOND,lond022,Control_202,26,CP2,-6.678087,35.0,97
LOND,lond022,Control_202,26,P3,-4.887775,35.0,97
LOND,lond022,Control_202,26,P4,9.323919,35.0,97
LOND,lond022,Control_202,26,C3,-11.13892,35.0,97
LOND,lond022,Control_202,26,C4,-9.053845,35.0,97
LOND,lond022,Control_202,26,P7,-11.6898,35.0,97
LOND,lond022,Control_202,26,P8,2.589315,35.0,97
LOND,lond022,Control_202,26,O1,-18.63319,35.0,97
LOND,lond022,Control_202,26,O2,5.814772,35.0,97
LOND,lond022,Violation_201,27,Pz,22.31446,30.0,90
LOND,lond022,Violation_201,27,Cz,12.26356,30.0,90
LOND,lond022,Violation_201,27,CP1,15.99996,30.0,90
LOND,lond022,Violation_201,27,CP2,6.829747,30.0,90
LOND,lond022,Violation_201,27,P3,27.761,30.0,90
LOND,lond022,Violation_201,27,P4,23.36436,30.0,90
LOND,lond022,Violation_201,27,C3,2.787278,30.0,90
LOND,lond022,Violation_201,27,C4,12.42264,30.0,90
LOND,lond022,Violation_201,27,P7,-1.907266,30.0,90
LOND,lond022,Violation_201,27,P8,10.35744,30.0,90
LOND,lond022,Violation_201,27,O1,3.982001,30.0,90
LOND,lond022,Violation_201,27,O2,11.68003,30.0,90
LOND,lond022,Violation_201,28,Pz,12.98373,24.0,93
LOND,lond022,Violation_201,28,Cz,-10.21685,24.0,93
LOND,lond022,Violation_201,28,CP1,-2.654727,24.0,93
LOND,lond022,Violation_201,28,CP2,-7.215688,24.0,93
LOND,lond022,Violation_201,28,P3,7.604743,24.0,93
LOND,lond022,Violation_201,28,P4,-18.47671,24.0,93
LOND,lond022,Violation_201,28,C3,-13.17627,24.0,93
LOND,lond022,Violation_201,28,C4,5.930077,24.0,93
LOND,lond022,Violation_201,28,P7,-9.112162,24.0,93
LOND,lond022,Violation_201,28,P8,10.69461,24.0,93
LOND,lond022,Violation_201,28,O1,-11.17323,24.0,93
LOND,lond022,Violation_201,28,O2,-7.376386,24.0,93
LOND,lond022,Violation_201,29,Pz,-7.842248,32.0,80
LOND,lond022,Violation_201,29,Cz,13.29217,32.0,80
LOND,lond022,Violation_201,29,CP1,1.706878,32.0,80
LOND,lond022,Violation_201,29,CP2,-0.6425846,32.0,80
LOND,lond022,Violation_201,29,P3,-20.86096,32.0,80
LOND,lond022,Violation_201,29,P4,7.511681,32.0,80
LOND,lond022,Violation_201,29,C3,-18.5596,32.0,80
LOND,lond022,Violation_201,29,C4,-14.1539,32.0,80
LOND,lond022,Violation_201,29,P7,-13.40943,32.0,80
LOND,lond022,Violation_201,29,P8,-34.68968,32.0,80
LOND,lond022,Violation_201,29,O1,8.096459,32.0,80
LOND,lond022,Violation_201,29,O2,-11.8978,32.0,80
LOND,lond022,Violation_201,30,Pz,-8.355031,36.0,77
LOND,lond022,Violation_201,30,Cz,-2.053994,36.0,77
LOND,lond022,Violation_201,30,CP1,0.546963,36.0,77
LOND,lond022,Violation_201,30,CP2,-2.856754,36.0,77
LOND,lond022,Violation_201,30,P3,-1.284402,36.0,77
LOND,lond022,Violation_201,30,P4,-10.14686,36.0,77
LOND,lond022,Violation_201,30,C3,-5.50308,36.0,77
LOND,lond022,Violation_201,30,C4,-0.9479774,36.0,77
LOND,lond022,Violation_201,30,P7,-0.2805312,36.0,77
LOND,lond022,Violation_201,30,P8,39.9285,36.0,77
LOND,lond022,Violation_201,30,O1,-13.89971,36.0,77
LOND,lond022,Violation_201,30,O2,5.689727,36.0,77
LOND,lond022,Violation_201,31,Pz,-5.499434,26.0,87
LOND,lond022,Violation_201,31,Cz,5.095197,26.0,87
LOND,lond022,Violation_201,31,CP1,3.625154,26.0,87
LOND,lond022,Violation_201,31,CP2,-7.418126,26.0,87
LOND,lond022,Violation_201,31,P3,-4.436882,26.0,87
LOND,lond022,Violation_201,31,P4,-38.81105,26.0,87
LOND,lond022,Violation_201,31,C3,13.81889,26.0,87
LOND,lond022,Violation_201,31,C4,-0.06360316,26.0,87
LOND,lond022,Violation_201,31,P7,15.03856,26.0,87
LOND,lond022,Violation_201,31,P8,-16.47395,26.0,87
LOND,lond022,Violation_201,31,O1,-5.155401,26.0,87
LOND,lond022,Violation_201,31,O2,-9.230002,26.0,87
LOND,lond022,Control_202,32,Pz,23.38293,39.0,97
LOND,lond022,Control_202,32,Cz,1.120731,39.0,97
LOND,lond022,Control_202,32,CP1,10.26902,39.0,97
LOND,lond022,Control_202,32,CP2,6.964699,39.0,97
LOND,lond022,Control_202,32,P3,21.92415,39.0,97
LOND,lond022,Control_202,32,P4,21.84656,39.0,97
LOND,lond022,Control_202,32,C3,13.83749,39.0,97
LOND,lond022,Control_202,32,C4,2.142133,39.0,97
LOND,lond022,Control_202,32,P7,-1.834617,39.0,97
LOND,lond022,Control_202,32,P8,24.90193,39.0,97
LOND,lond022,Control_202,32,O1,6.843215,39.0,97
LOND,lond022,Control_202,32,O2,12.36541,39.0,97
LOND,lond022,Violation_201,33,Pz,-7.663828,23.0,93
LOND,lond022,Violation_201,33,Cz,-11.52296,23.0,93
LOND,lond022,Violation_201,33,CP1,-7.830263,23.0,93
LOND,lond022,Violation_201,33,CP2,-14.90584,23.0,93
LOND,lond022,Violation_201,33,P3,-0.3866159,23.0,93
LOND,lond022,Violation_201,33,P4,20.12449,23.0,93
LOND,lond022,Violation_201,33,C3,22.74887,23.0,93
LOND,lond022,Violation_201,33,C4,5.004071,23.0,93
LOND,lond022,Violation_201,33,P7,-18.72649,23.0,93
LOND,lond022,Violation_201,33,P8,-28.48231,23.0,93
LOND,lond022,Violation_201,33,O1,4.253891,23.0,93
LOND,lond022,Violation_201,33,O2,10.52652,23.0,93
LOND,lond022,Violation_201,34,Pz,0.06446761,27.0,97
LOND,lond022,Violation_201,34,Cz,22.3848,27.0,97
LOND,lond022,Violation_201,34,CP1,10.97233,27.0,97
LOND,lond022,Violation_201,34,CP2,5.787868,27.0,97
LOND,lond022,Violation_201,34,P3,-9.237659,27.0,97
LOND,lond022,Violation_201,34,P4,48.8334,27.0,97
LOND,lond022,Violation_201,34,C3,0.07398345,27.0,97
LOND,lond022,Violation_201,34,C4,13.69165,27.0,97
LOND,lond022,Violation_201,34,P7,-4.041877,27.0,97
LOND,lond022,Violation_201,34,P8,1.719027,27.0,97
LOND,lond022,Violation_201,34,O1,10.86291,27.0,97
LOND,lond022,Violation_201,34,O2,12.1532,27.0,97
LOND,lond022,Control_202,35,Pz,-28.92894,31.0,77
LOND,lond022,Control_202,35,Cz,-10.10557,31.0,77
LOND,lond022,Control_202,35,CP1,-11.98677,31.0,77
LOND,lond022,Control_202,35,CP2,-8.537409,31.0,77
LOND,lond022,Control_202,35,P3,21.70224,31.0,77
LOND,lond022,Control_202,35,P4,-9.777201,31.0,77
LOND,lond022,Control_202,35,C3,-16.16253,31.0,77
LOND,lond022,Control_202,35,C4,-9.388491,31.0,77
LOND,lond022,Control_202,35,P7,-3.700488,31.0,77
LOND,lond022,Control_202,35,P8,-27.4251,31.0,77
LOND,lond022,Control_202,35,O1,-7.423678,31.0,77
LOND,lond022,Control_202,35,O2,13.81954,31.0,77
LOND,lond022,Control_202,36,Pz,3.106131,38.0,93
LOND,lond022,Control_202,36,Cz,24.29987,38.0,93
LOND,lond022,Control_202,36,CP1,18.94395,38.0,93
LOND,lond022,Control_202,36,CP2,9.765832,38.0,93
LOND,lond022,Control_202,36,P3,13.99749,38.0,93
LOND,lond022,Control_202,36,P4,23.73727,38.0,93
LOND,lond022,Control_202,36,C3,10.7533,38.0,93
LOND,lond022,Control_202,36,C4,26.81906,38.0,93
LOND,lond022,Control_202,36,P7,-3.168122,38.0,93
LOND,lond022,Control_202,36,P8,-13.70214,38.0,93
LOND,lond022,Control_202,36,O1,7.702003,38.0,93
LOND,lond022,Control_202,36,O2,-4.661168,38.0,93
LOND,lond022,Control_202,37,Pz,-2.447722,28.0,27
LOND,lond022,Control_202,37,Cz,4.184378,28.0,27
LOND,lond022,Control_202,37,CP1,4.751704,28.0,27
LOND,lond022,Control_202,37,CP2,1.794605,28.0,27
LOND,lond022,Control_202,37,P3,-9.883164,28.0,27
LOND,lond022,Control_202,37,P4,-18.88993,28.0,27
LOND,lond022,Control_202,37,C3,13.16962,28.0,27
LOND,lond022,Control_202,37,C4,-1.349521,28.0,27
LOND,lond022,Control_202,37,P7,-4.375922,28.0,27
LOND,lond022,Control_202,37,P8,20.74535,28.0,27
LOND,lond022,Control_202,37,O1,2.432476,28.0,27
LOND,lond022,Control_202,37,O2,10.68978,28.0,27
LOND,lond022,Control_202,38,Pz,3.535105,21.0,77
LOND,lond022,Control_202,38,Cz,8.306928,21.0,77
LOND,lond022,Control_202,38,CP1,10.8866,21.0,77
LOND,lond022,Control_202,38,CP2,14.00808,21.0,77
LOND,lond022,Control_202,38,P3,-11.7658,21.0,77
LOND,lond022,Control_202,38,P4,-3.314186,21.0,77
LOND,lond022,Control_202,38,C3,-1.472623,21.0,77
LOND,lond022,Control_202,38,C4,3.221066,21.0,77
LOND,lond022,Control_202,38,P7,28.90187,21.0,77
LOND,lond022,Control_202,38,P8,-17.5806,21.0,77
LOND,lond022,Control_202,38,O1,18.34855,21.0,77
LOND,lond022,Control_202,38,O2,18.06958,21.0,77
LOND,lond022,Violation_201,39,Pz,11.19337,40.0,93
LOND,lond022,Violation_201,39,Cz,5.830772,40.0,93
LOND,lond022,Violation_201,39,CP1,3.752078,40.0,93
LOND,lond022,Violation_201,39,CP2,-0.2781689,40.0,93
LOND,lond022,Violation_201,39,P3,-13.7085,40.0,93
LOND,lond022,Violation_201,39,P4,-4.050612,40.0,93
LOND,lond022,Violation_201,39,C3,-5.895376,40.0,93
LOND,lond022,Violation_201,39,C4,-14.05308,40.0,93
LOND,lond022,Violation_201,39,P7,-3.168385,40.0,93
LOND,lond022,Violation_201,39,P8,10.94748,40.0,93
LOND,lond022,Violation_201,39,O1,8.802512,40.0,93
LOND,lond022,Violation_201,39,O2,3.523577,40.0,93
LOND,lond022,Violation_201,40,Pz,23.96016,33.0,53
LOND,lond022,Violation_201,40,Cz,10.46696,33.0,53
LOND,lond022,Violation_201,40,CP1,10.14085,33.0,53
LOND,lond022,Violation_201,40,CP2,13.52122,33.0,53
LOND,lond022,Violation_201,40,P3,13.03685,33.0,53
LOND,lond022,Violation_201,40,P4,-27.09365,33.0,53
LOND,lond022,Violation_201,40,C3,21.09766,33.0,53
LOND,lond022,Violation_201,40,C4,20.71487,33.0,53
LOND,lond022,Violation_201,40,P7,24.94373,33.0,53
LOND,lond022,Violation_201,40,P8,19.41904,33.0,53
LOND,lond022,Violation_201,40,O1,8.271497,33.0,53
LOND,lond022,Violation_201,40,O2,43.8056,33.0,53
LOND,lond023,Violation_201,1,Pz,4.544352,14.0,90
LOND,lond023,Violation_201,1,Cz,9.284426,14.0,90
LOND,lond023,Violation_201,1,CP1,6.23032,14.0,90
LOND,lond023,Violation_201,1,CP2,7.35474,14.0,90
LOND,lond023,Violation_201,1,P3,9.121192,14.0,90
LOND,lond023,Violation_201,1,P4,10.19389,14.0,90
LOND,lond023,Violation_201,1,C3,11.45432,14.0,90
LOND,lond023,Violation_201,1,C4,-8.249339,14.0,90
LOND,lond023,Violation_201,1,P7,0.7118891,14.0,90
LOND,lond023,Violation_201,1,P8,18.39749,14.0,90
LOND,lond023,Violation_201,1,O1,6.045937,14.0,90
LOND,lond023,Violation_201,1,O2,14.91048,14.0,90
LOND,lond023,Control_202,2,Pz,0.5216983,1.0,97
LOND,lond023,Control_202,2,Cz,7.143919,1.0,97
LOND,lond023,Control_202,2,CP1,8.644176,1.0,97
LOND,lond023,Control_202,2,CP2,-0.9844102,1.0,97
LOND,lond023,Control_202,2,P3,-2.73562,1.0,97
LOND,lond023,Control_202,2,P4,-4.480333,1.0,97
LOND,lond023,Control_202,2,C3,-5.377616,1.0,97
LOND,lond023,Control_202,2,C4,8.77591,1.0,97
LOND,lond023,Control_202,2,P7,36.77312,1.0,97
LOND,lond023,Control_202,2,P8,-1.175115,1.0,97
LOND,lond023,Control_202,2,O1,-0.4172089,1.0,97
LOND,lond023,Control_202,2,O2,-2.967951,1.0,97
LOND,lond023,Violation_201,3,Pz,-5.553937,18.0,87
LOND,lond023,Violation_201,3,Cz,-8.127371,18.0,87
LOND,lond023,Violation_201,3,CP1,-3.905177,18.0,87
LOND,lond023,Violation_201,3,CP2,0.655531,18.0,87
LOND,lond023,Violation_201,3,P3,1.971801,18.0,87
LOND,lond023,Violation_201,3,P4,3.028756,18.0,87
LOND,lond023,Violation_201,3,C3,1.9555,18.0,87
LOND,lond023,Violation_201,3,C4,-7.548491,18.0,87
LOND,lond023,Violation_201,3,P7,4.762184,18.0,87
LOND,lond023,Violation_201,3,P8,11.71534,18.0,87
LOND,lond023,Violation_201,3,O1,-3.352298,18.0,87
LOND,lond023,Violation_201,3,O2,7.088142,18.0,87
LOND,lond023,Violation_201,4,Pz,-19.91626,16.0,93
LOND,lond023,Violation_201,4,Cz,-19.4459,16.0,93
LOND,lond023,Violation_201,4,CP1,-16.55109,16.0,93
LOND,lond023,Violation_201,4,CP2,-21.46476,16.0,93
LOND,lond023,Violation_201,4,P3,-7.774142,16.0,93
LOND,lond023,Violation_201,4,P4,-15.23696,16.0,93
LOND,lond023,Violation_201,4,C3,-12.8009,16.0,93
LOND,lond023,Violation_201,4,C4,-25.16149,16.0,93
LOND,lond023,Violation_201,4,P7,-12.88687,16.0,93
LOND,lond023,Violation_201,4,P8,-0.1060313,16.0,93
LOND,lond023,Violation_201,4,O1,-5.333721,16.0,93
LOND,lond023,Violation_201,4,O2,-10.24305,16.0,93
LOND,lond023,Control_202,5,Pz,-1.578063,7.0,80
LOND,lond023,Control_202,5,Cz,25.32291,7.0,80
LOND,lond023,Control_202,5,CP1,8.081504,7.0,80
LOND,lond023,Control_202,5,CP2,0.6022024,7.0,80
LOND,lond023,Control_202,5,P3,-0.6495321,7.0,80
LOND,lond023,Control_202,5,P4,-2.541151,7.0,80
LOND,lond023,Control_202,5,C3,-1.331586,7.0,80
LOND,lond023,Control_202,5,C4,20.7989,7.0,80
LOND,lond023,Control_202,5,P7,-9.172971,7.0,80
LOND,lond023,Control_202,5,P8,8.162632,7.0,80
LOND,lond023,Control_202,5,O1,-0.4128671,7.0,80
LOND,lond023,Control_202,5,O2,-7.991667,7.0,80
LOND,lond023,Control_202,6,Pz,-10.22834,15.0,90
LOND,lond023,Control_202,6,Cz,-19.26026,15.0,90
LOND,lond023,Control_202,6,CP1,-14.05233,15.0,90
LOND,lond023,Control_202,6,CP2,-11.57102,15.0,90
LOND,lond023,Control_202,6,P3,-19.38726,15.0,90
LOND,lond023,Control_202,6,P4,-11.048,15.0,90
LOND,lond023,Control_202,6,C3,-15.55179,15.0,90
LOND,lond023,Control_202,6,C4,-5.745284,15.0,90
LOND,lond023,Control_202,6,P7,-20.44041,15.0,90
LOND,lond023,Control_202,6,P8,-1.710994,15.0,90
LOND,lond023,Control_202,6,O1,-11.05328,15.0,90
LOND,lond023,Control_202,6,O2,-5.800083,15.0,90
LOND,lond023,Control_202,7,Pz,12.13849,6.0,100
LOND,lond023,Control_202,7,Cz,21.57588,6.0,100
LOND,lond023,Control_202,7,CP1,20.1645,6.0,100
LOND,lond023,Control_202,7,CP2,23.92691,6.0,100
LOND,lond023,Control_202,7,P3,7.32939,6.0,100
LOND,lond023,Control_202,7,P4,21.48513,6.0,100
LOND,lond023,Control_202,7,C3,13.54699,6.0,100
LOND,lond023,Control_202,7,C4,10.31577,6.0,100
LOND,lond023,Control_202,7,P7,1.925552,6.0,100
LOND,lond023,Control_202,7,P8,12.89481,6.0,100
LOND,lond023,Control_202,7,O1,8.996597,6.0,100
LOND,lond023,Control_202,7,O2,17.93359,6.0,100
LOND,lond023,Violation_201,8,Pz,8.700006,17.0,62
LOND,lond023,Violation_201,8,Cz,4.260292,17.0,62
LOND,lond023,Violation_201,8,CP1,0.6555556,17.0,62
LOND,lond023,Violation_201,8,CP2,8.494733,17.0,62
LOND,lond023,Violation_201,8,P3,14.72672,17.0,62
LOND,lond023,Violation_201,8,P4,11.79641,17.0,62
LOND,lond023,Violation_201,8,C3,7.601209,17.0,62
LOND,lond023,Violation_201,8,C4,3.150008,17.0,62
LOND,lond023,Violation_201,8,P7,12.70663,17.0,62
LOND,lond023,Violation_201,8,P8,-1.635607,17.0,62
LOND,lond023,Violation_201,8,O1,3.614874,17.0,62
LOND,lond023,Violation_201,8,O2,-1.064426,17.0,62
LOND,lond023,Control_202,9,Pz,-12.862,4.0,93
LOND,lond023,Control_202,9,Cz,-13.30185,4.0,93
LOND,lond023,Control_202,9,CP1,-11.22536,4.0,93
LOND,lond023,Control_202,9,CP2,-3.439562,4.0,93
LOND,lond023,Control_202,9,P3,-1.950712,4.0,93
LOND,lond023,Control_202,9,P4,-0.3532989,4.0,93
LOND,lond023,Control_202,9,C3,1.19456,4.0,93
LOND,lond023,Control_202,9,C4,-10.26329,4.0,93
LOND,lond023,Control_202,9,P7,-1.656928,4.0,93
LOND,lond023,Control_202,9,P8,-2.102747,4.0,93
LOND,lond023,Control_202,9,O1,-12.68923,4.0,93
LOND,lond023,Control_202,9,O2,6.409512,4.0,93
LOND,lond023,Violation_201,10,Pz,1.377767,3.0,100
LOND,lond023,Violation_201,10,Cz,-2.306196,3.0,100
LOND,lond023,Violation_201,10,CP1,1.000085,3.0,100
LOND,lond023,Violation_201,10,CP2,-4.929538,3.0,100
LOND,lond023,Violation_201,10,P3,-10.87883,3.0,100
LOND,lond023,Violation_201,10,P4,-9.467538,3.0,100
LOND,lond023,Violation_201,10,C3,-6.79248,3.0,100
LOND,lond023,Violation_201,10,C4,15.29905,3.0,100
LOND,lond023,Violation_201,10,P7,-3.411608,3.0,100
LOND,lond023,Violation_201,10,P8,-21.0226,3.0,100
LOND,lond023,Violation_201,10,O1,-8.835188,3.0,100
LOND,lond023,Violation_201,10,O2,-13.39301,3.0,100
LOND,lond023,Control_202,11,Pz,1.197016,5.0,93
LOND,lond023,Control_202,11,Cz,2.556094,5.0,93
LOND,lond023,Control_202,11,CP1,5.679093,5.0,93
LOND,lond023,Control_202,11,CP2,5.812999,5.0,93
LOND,lond023,Control_202,11,P3,6.079995,5.0,93
LOND,lond023,Control_202,11,P4,6.47745,5.0,93
LOND,lond023,Control_202,11,C3,11.40084,5.0,93
LOND,lond023,Control_202,11,C4,18.24392,5.0,93
LOND,lond023,Control_202,11,P7,5.059006,5.0,93
LOND,lond023,Control_202,11,P8,12.90913,5.0,93
LOND,lond023,Control_202,11,O1,8.839664,5.0,93
LOND,lond023,Control_202,11,O2,12.08865,5.0,93
LOND,lond023,Violation_201,12,Pz,-13.45448,13.0,97
LOND,lond023,Violation_201,12,Cz,-7.73931,13.0,97
LOND,lond023,Violation_201,12,CP1,-13.13541,13.0,97
LOND,lond023,Violation_201,12,CP2,-10.38675,13.0,97
LOND,lond023,Violation_201,12,P3,-9.928453,13.0,97
LOND,lond023,Violation_201,12,P4,-9.63393,13.0,97
LOND,lond023,Violation_201,12,C3,-8.126407,13.0,97
LOND,lond023,Violation_201,12,C4,8.728131,13.0,97
LOND,lond023,Violation_201,12,P7,3.03411,13.0,97
LOND,lond023,Violation_201,12,P8,-13.54204,13.0,97
LOND,lond023,Violation_201,12,O1,-8.544074,13.0,97
LOND,lond023,Violation_201,12,O2,-14.51016,13.0,97
LOND,lond023,Violation_201,13,Pz,7.855592,8.0,97
LOND,lond023,Violation_201,13,Cz,-6.29179,8.0,97
LOND,lond023,Violation_201,13,CP1,3.245436,8.0,97
LOND,lond023,Violation_201,13,CP2,-4.378277,8.0,97
LOND,lond023,Violation_201,13,P3,1.076367,8.0,97
LOND,lond023,Violation_201,13,P4,-2.515445,8.0,97
LOND,lond023,Violation_201,13,C3,-7.765207,8.0,97
LOND,lond023,Violation_201,13,C4,9.757709,8.0,97
LOND,lond023,Violation_201,13,P7,1.679319,8.0,97
LOND,lond023,Violation_201,13,P8,-8.667359,8.0,97
LOND,lond023,Violation_201,13,O1,-4.0899,8.0,97
LOND,lond023,Violation_201,13,O2,-3.671408,8.0,97
LOND,lond023,Violation_201,14,Pz,15.07878,20.0,90
LOND,lond023,Violation_201,14,Cz,33.24212,20.0,90
LOND,lond023,Violation_201,14,CP1,-16.44198,20.0,90
LOND,lond023,Violation_201,14,CP2,7.062095,20.0,90
LOND,lond023,Violation_201,14,P3,1.814701,20.0,90
LOND,lond023,Violation_201,14,P4,8.192588,20.0,90
LOND,lond023,Violation_201,14,C3,-6.419327,20.0,90
LOND,lond023,Violation_201,14,C4,-13.47839,20.0,90
LOND,lond023,Violation_201,14,P7,-1.448978,20.0,90
LOND,lond023,Violation_201,14,P8,4.978026,20.0,90
LOND,lond023,Violation_201,14,O1,5.449463,20.0,90
LOND,lond023,Violation_201,14,O2,4.264894,20.0,90
LOND,lond023,Control_202,15,Pz,1.697378,12.0,100
LOND,lond023,Control_202,15,Cz,12.13451,12.0,100
LOND,lond023,Control_202,15,CP1,10.75181,12.0,100
LOND,lond023,Control_202,15,CP2,9.082409,12.0,100
LOND,lond023,Control_202,15,P3,2.977414,12.0,100
LOND,lond023,Control_202,15,P4,6.200579,12.0,100
LOND,lond023,Control_202,15,C3,10.93051,12.0,100
LOND,lond023,Control_202,15,C4,6.778579,12.0,100
LOND,lond023,Control_202,15,P7,21.4082,12.0,100
LOND,lond023,Control_202,15,P8,7.183815,12.0,100
LOND,lond023,Control_202,15,O1,4.514642,12.0,100
LOND,lond023,Control_202,15,O2,-11.56658,12.0,100
LOND,lond023,Control_202,16,Pz,-12.67877,11.0,87
LOND,lond023,Control_202,16,Cz,-15.16528,11.0,87
LOND,lond023,Control_202,16,CP1,-11.59108,11.0,87
LOND,lond023,Control_202,16,CP2,-10.23278,11.0,87
LOND,lond023,Control_202,16,P3,-7.039315,11.0,87
LOND,lond023,Control_202,16,P4,-5.087751,11.0,87
LOND,lond023,Control_202,16,C3,-8.582847,11.0,87
LOND,lond023,Control_202,16,C4,-18.72739,11.0,87
LOND,lond023,Control_202,16,P7,-11.03034,11.0,87
LOND,lond023,Control_202,16,P8,1.934085,11.0,87
LOND,lond023,Control_202,16,O1,-8.686086,11.0,87
LOND,lond023,Control_202,16,O2,-7.383093,11.0,87
LOND,lond023,Control_202,17,Pz,4.902511,10.0,80
LOND,lond023,Control_202,17,Cz,3.551722,10.0,80
LOND,lond023,Control_202,17,CP1,-0.3416749,10.0,80
LOND,lond023,Control_202,17,CP2,1.67603,10.0,80
LOND,lond023,Control_202,17,P3,6.254755,10.0,80
LOND,lond023,Control_202,17,P4,7.541583,10.0,80
LOND,lond023,Control_202,17,C3,8.939811,10.0,80
LOND,lond023,Control_202,17,C4,10.0813,10.0,80
LOND,lond023,Control_202,17,P7,20.24372,10.0,80
LOND,lond023,Control_202,17,P8,38.27737,10.0,80
LOND,lond023,Control_202,17,O1,4.239019,10.0,80
LOND,lond023,Control_202,17,O2,0.7082725,10.0,80
LOND,lond023,Violation_201,18,Pz,2.485096,9.0,93
LOND,lond023,Violation_201,18,Cz,-2.412587,9.0,93
LOND,lond023,Violation_201,18,CP1,-0.9479924,9.0,93
LOND,lond023,Violation_201,18,CP2,-1.654271,9.0,93
LOND,lond023,Violation_201,18,P3,0.6826019,9.0,93
LOND,lond023,Violation_201,18,P4,1.437454,9.0,93
LOND,lond023,Violation_201,18,C3,0.2748379,9.0,93
LOND,lond023,Violation_201,18,C4,-18.66078,9.0,93
LOND,lond023,Violation_201,18,P7,-12.18464,9.0,93
LOND,lond023,Violation_201,18,P8,3.165493,9.0,93
LOND,lond023,Violation_201,18,O1,-3.849216,9.0,93
LOND,lond023,Violation_201,18,O2,-3.170492,9.0,93
LOND,lond023,Violation_201,19,Pz,-21.67797,2.0,100
LOND,lond023,Violation_201,19,Cz,-10.48274,2.0,100
LOND,lond023,Violation_201,19,CP1,20.62014,2.0,100
LOND,lond023,Violation_201,19,CP2,-5.235983,2.0,100
LOND,lond023,Violation_201,19,P3,-2.628182,2.0,100
LOND,lond023,Violation_201,19,P4,-4.625302,2.0,100
LOND,lond023,Violation_201,19,C3,-5.434737,2.0,100
LOND,lond023,Violation_201,19,C4,2.860924,2.0,100
LOND,lond023,Violation_201,19,P7,-19.19365,2.0,100
LOND,lond023,Violation_201,19,P8,-3.737715,2.0,100
LOND,lond023,Violation_201,19,O1,-11.53635,2.0,100
LOND,lond023,Violation_201,19,O2,-0.06192369,2.0,100
LOND,lond023,Violation_201,20,Pz,-12.97902,19.0,100
LOND,lond023,Violation_201,20,Cz,-3.605558,19.0,100
LOND,lond023,Violation_201,20,CP1,3.349861,19.0,100
LOND,lond023,Violation_201,20,CP2,-4.764302,19.0,100
LOND,lond023,Violation_201,20,P3,-7.440111,19.0,100
LOND,lond023,Violation_201,20,P4,-9.539102,19.0,100
LOND,lond023,Violation_201,20,C3,-2.874989,19.0,100
LOND,lond023,Violation_201,20,C4,12.05301,19.0,100
LOND,lond023,Violation_201,20,P7,-2.306217,19.0,100
LOND,lond023,Violation_201,20,P8,-3.31889,19.0,100
LOND,lond023,Violation_201,20,O1,-2.691072,19.0,100
LOND,lond023,Violation_201,20,O2,-13.13303,19.0,100
LOND,lond023,Violation_201,21,Pz,2.772277,39.0,97
LOND,lond023,Violation_201,21,Cz,-7.126601,39.0,97
LOND,lond023,Violation_201,21,CP1,-2.557822,39.0,97
LOND,lond023,Violation_201,21,CP2,2.607096,39.0,97
LOND,lond023,Violation_201,21,P3,0.912859,39.0,97
LOND,lond023,Violation_201,21,P4,7.790793,39.0,97
LOND,lond023,Violation_201,21,C3,9.126533,39.0,97
LOND,lond023,Violation_201,21,C4,11.30214,39.0,97
LOND,lond023,Violation_201,21,P7,-17.43916,39.0,97
LOND,lond023,Violation_201,21,P8,12.25074,39.0,97
LOND,lond023,Violation_201,21,O1,8.867209,39.0,97
LOND,lond023,Violation_201,21,O2,7.960322,39.0,97
LOND,lond023,Violation_201,22,Pz,3.944634,37.0,80
LOND,lond023,Violation_201,22,Cz,35.50669,37.0,80
LOND,lond023,Violation_201,22,CP1,23.09274,37.0,80
LOND,lond023,Violation_201,22,CP2,12.64175,37.0,80
LOND,lond023,Violation_201,22,P3,4.374686,37.0,80
LOND,lond023,Violation_201,22,P4,9.167944,37.0,80
LOND,lond023,Violation_201,22,C3,-5.300843,37.0,80
LOND,lond023,Violation_201,22,C4,12.6014,37.0,80
LOND,lond023,Violation_201,22,P7,-3.335575,37.0,80
LOND,lond023,Violation_201,22,P8,10.50499,37.0,80
LOND,lond023,Violation_201,22,O1,18.00042,37.0,80
LOND,lond023,Violation_201,22,O2,11.94494,37.0,80
LOND,lond023,Control_202,23,Pz,-4.084066,23.0,93
LOND,lond023,Control_202,23,Cz,9.923878,23.0,93
LOND,lond023,Control_202,23,CP1,-5.975503,23.0,93
LOND,lond023,Control_202,23,CP2,-0.9404013,23.0,93
LOND,lond023,Control_202,23,P3,-1.848586,23.0,93
LOND,lond023,Control_202,23,P4,-1.522684,23.0,93
LOND,lond023,Control_202,23,C3,4.876217,23.0,93
LOND,lond023,Control_202,23,C4,-10.22256,23.0,93
LOND,lond023,Control_202,23,P7,-3.554765,23.0,93
LOND,lond023,Control_202,23,P8,-10.50866,23.0,93
LOND,lond023,Control_202,23,O1,-12.61157,23.0,93
LOND,lond023,Control_202,23,O2,-0.7806616,23.0,93
LOND,lond023,Control_202,24,Pz,-3.604089,30.0,90
LOND,lond023,Control_202,24,Cz,-6.260527,30.0,90
LOND,lond023,Control_202,24,CP1,-5.012603,30.0,90
LOND,lond023,Control_202,24,CP2,-1.163509,30.0,90
LOND,lond023,Control_202,24,P3,-2.335106,30.0,90
LOND,lond023,Control_202,24,P4,-3.520783,30.0,90
LOND,lond023,Control_202,24,C3,-0.6238126,30.0,90
LOND,lond023,Control_202,24,C4,-11.08479,30.0,90
LOND,lond023,Control_202,24,P7,12.24302,30.0,90
LOND,lond023,Control_202,24,P8,4.928519,30.0,90
LOND,lond023,Control_202,24,O1,-0.8722109,30.0,90
LOND,lond023,Control_202,24,O2,-6.61034,30.0,90
LOND,lond023,Control_202,25,Pz,-3.590275,34.0,97
LOND,lond023,Control_202,25,Cz,9.957277,34.0,97
LOND,lond023,Control_202,25,CP1,-3.562882,34.0,97
LOND,lond023,Control_202,25,CP2,-8.472672,34.0,97
LOND,lond023,Control_202,25,P3,3.349211,34.0,97
LOND,lond023,Control_202,25,P4,-6.713512,34.0,97
LOND,lond023,Control_202,25,C3,-0.4354045,34.0,97
LOND,lond023,Control_202,25,C4,6.304891,34.0,97
LOND,lond023,Control_202,25,P7,-5.886213,34.0,97
LOND,lond023,Control_202,25,P8,-2.599351,34.0,97
LOND,lond023,Control_202,25,O1,1.383977,34.0,97
LOND,lond023,Control_202,25,O2,-6.688577,34.0,97
LOND,lond023,Control_202,26,Pz,-7.751946,22.0,53
LOND,lond023,Control_202,26,Cz,-3.866542,22.0,53
LOND,lond023,Control_202,26,CP1,-14.33061,22.0,53
LOND,lond023,Control_202,26,CP2,-2.600593,22.0,53
LOND,lond023,Control_202,26,P3,-1.365254,22.0,53
LOND,lond023,Control_202,26,P4,0.849723,22.0,53
LOND,lond023,Control_202,26,C3,-4.500902,22.0,53
LOND,lond023,Control_202,26,C4,-5.699525,22.0,53
LOND,lond023,Control_202,26,P7,-2.844595,22.0,53
LOND,lond023,Control_202,26,P8,7.60708,22.0,53
LOND,lond023,Control_202,26,O1,0.4224569,22.0,53
LOND,lond023,Control_202,26,O2,-2.632931,22.0,53
LOND,lond023,Violation_201,27,Pz,-1.764072,31.0,77
LOND,lond023,Violation_201,27,Cz,-5.627246,31.0,77
LOND,lond023,Violation_201,27,CP1,4.693137,31.0,77
LOND,lond023,Violation_201,27,CP2,-0.1917196,31.0,77
LOND,lond023,Violation_201,27,P3,3.896888,31.0,77
LOND,lond023,Violation_201,27,P4,-0.789625,31.0,77
LOND,lond023,Violation_201,27,C3,-2.578881,31.0,77
LOND,lond023,Violation_201,27,C4,-9.057983,31.0,77
LOND,lond023,Violation_201,27,P7,14.90722,31.0,77
LOND,lond023,Violation_201,27,P8,-12.04332,31.0,77
LOND,lond023,Violation_201,27,O1,-5.197363,31.0,77
LOND,lond023,Violation_201,27,O2,-6.871396,31.0,77
LOND,lond023,Control_202,28,Pz,-3.970732,40.0,93
LOND,lond023,Control_202,28,Cz,-4.897587,40.0,93
LOND,lond023,Control_202,28,CP1,-5.192075,40.0,93
LOND,lond023,Control_202,28,CP2,3.484076,40.0,93
LOND,lond023,Control_202,28,P3,-8.184771,40.0,93
LOND,lond023,Control_202,28,P4,1.341854,40.0,93
LOND,lond023,Control_202,28,C3,19.63893,40.0,93
LOND,lond023,Control_202,28,C4,-1.209182,40.0,93
LOND,lond023,Control_202,28,P7,-29.22808,40.0,93
LOND,lond023,Control_202,28,P8,4.121669,40.0,93
LOND,lond023,Control_202,28,O1,-9.710393,40.0,93
LOND,lond023,Control_202,28,O2,-2.097887,40.0,93
LOND,lond023,Violation_201,29,Pz,8.064444,33.0,53
LOND,lond023,Violation_201,29,Cz,-12.6861,33.0,53
LOND,lond023,Violation_201,29,CP1,12.11261,33.0,53
LOND,lond023,Violation_201,29,CP2,-6.175937,33.0,53
LOND,lond023,Violation_201,29,P3,2.857074,33.0,53
LOND,lond023,Violation_201,29,P4,-3.345047,33.0,53
LOND,lond023,Violation_201,29,C3,0.9633608,33.0,53
LOND,lond023,Violation_201,29,C4,-11.06988,33.0,53
LOND,lond023,Violation_201,29,P7,30.36567,33.0,53
LOND,lond023,Violation_201,29,P8,-7.728766,33.0,53
LOND,lond023,Violation_201,29,O1,13.53366,33.0,53
LOND,lond023,Violation_201,29,O2,0.9814169,33.0,53
LOND,lond023,Violation_201,30,Pz,10.25974,25.0,97
LOND,lond023,Violation_201,30,Cz,-10.21284,25.0,97
LOND,lond023,Violation_201,30,CP1,-18.79187,25.0,97
LOND,lond023,Violation_201,30,CP2,-4.62079,25.0,97
LOND,lond023,Violation_201,30,P3,-3.146914,25.0,97
LOND,lond023,Violation_201,30,P4,-4.210122,25.0,97
LOND,lond023,Violation_201,30,C3,-9.661447,25.0,97
LOND,lond023,Violation_201,30,C4,-22.51357,25.0,97
LOND,lond023,Violation_201,30,P7,1.70342,25.0,97
LOND,lond023,Violation_201,30,P8,-5.015379,25.0,97
LOND,lond023,Violation_201,30,O1,-3.447994,25.0,97
LOND,lond023,Violation_201,30,O2,0.1816923,25.0,97
LOND,lond023,Control_202,31,Pz,4.652799,28.0,27
LOND,lond023,Control_202,31,Cz,14.99755,28.0,27
LOND,lond023,Control_202,31,CP1,-3.508397,28.0,27
LOND,lond023,Control_202,31,CP2,14.14722,28.0,27
LOND,lond023,Control_202,31,P3,23.77552,28.0,27
LOND,lond023,Control_202,31,P4,21.83945,28.0,27
LOND,lond023,Control_202,31,C3,12.75599,28.0,27
LOND,lond023,Control_202,31,C4,1.797253,28.0,27
LOND,lond023,Control_202,31,P7,9.041527,28.0,27
LOND,lond023,Control_202,31,P8,12.80033,28.0,27
LOND,lond023,Control_202,31,O1,12.69881,28.0,27
LOND,lond023,Control_202,31,O2,13.55493,28.0,27
LOND,lond023,Violation_201,32,Pz,0.4822727,36.0,77
LOND,lond023,Violation_201,32,Cz,-30.63021,36.0,77
LOND,lond023,Violation_201,32,CP1,-20.02695,36.0,77
LOND,lond023,Violation_201,32,CP2,-7.392025,36.0,77
LOND,lond023,Violation_201,32,P3,-14.23396,36.0,77
LOND,lond023,Violation_201,32,P4,-7.197371,36.0,77
LOND,lond023,Violation_201,32,C3,-9.489795,36.0,77
LOND,lond023,Violation_201,32,C4,-12.32392,36.0,77
LOND,lond023,Violation_201,32,P7,-29.93724,36.0,77
LOND,lond023,Violation_201,32,P8,-9.30584,36.0,77
LOND,lond023,Violation_201,32,O1,-6.329745,36.0,77
LOND,lond023,Violation_201,32,O2,-2.611691,36.0,77
LOND,lond023,Violation_201,33,Pz,11.22844,21.0,77
LOND,lond023,Violation_201,33,Cz,-0.9316599,21.0,77
LOND,lond023,Violation_201,33,CP1,5.664277,21.0,77
LOND,lond023,Violation_201,33,CP2,4.800954,21.0,77
LOND,lond023,Violation_201,33,P3,1.761346,21.0,77
LOND,lond023,Violation_201,33,P4,5.921588,21.0,77
LOND,lond023,Violation_201,33,C3,7.14935,21.0,77
LOND,lond023,Violation_201,33,C4,-9.396204,21.0,77
LOND,lond023,Violation_201,33,P7,0.6920513,21.0,77
LOND,lond023,Violation_201,33,P8,-3.038356,21.0,77
LOND,lond023,Violation_201,33,O1,3.932564,21.0,77
LOND,lond023,Violation_201,33,O2,5.020322,21.0,77
LOND,lond023,Control_202,34,Pz,-2.505488,24.0,93
LOND,lond023,Control_202,34,Cz,17.46147,24.0,93
LOND,lond023,Control_202,34,CP1,10.6262,24.0,93
LOND,lond023,Control_202,34,CP2,-6.622493,24.0,93
LOND,lond023,Control_202,34,P3,-8.64535,24.0,93
LOND,lond023,Control_202,34,P4,-11.87306,24.0,93
LOND,lond023,Control_202,34,C3,12.97723,24.0,93
LOND,lond023,Control_202,34,C4,-3.79173,24.0,93
LOND,lond023,Control_202,34,P7,-7.811484,24.0,93
LOND,lond023,Control_202,34,P8,-3.413028,24.0,93
LOND,lond023,Control_202,34,O1,-3.6217,24.0,93
LOND,lond023,Control_202,34,O2,-8.402903,24.0,93
LOND,lond023,Control_202,35,Pz,-10.31523,26.0,87
LOND,lond023,Control_202,35,Cz,-18.69339,26.0,87
LOND,lond023,Control_202,35,CP1,3.696652,26.0,87
LOND,lond023,Control_202,35,CP2,-16.1662,26.0,87
LOND,lond023,Control_202,35,P3,-15.6595,26.0,87
LOND,lond023,Control_202,35,P4,-18.35134,26.0,87
LOND,lond023,Control_202,35,C3,-15.18831,26.0,87
LOND,lond023,Control_202,35,C4,-0.3297421,26.0,87
LOND,lond023,Control_202,35,P7,8.770701,26.0,87
LOND,lond023,Control_202,35,P8,-13.96219,26.0,87
LOND,lond023,Control_202,35,O1,-22.79656,26.0,87
LOND,lond023,Control_202,35,O2,-6.051217,26.0,87
LOND,lond023,Violation_201,36,Pz,7.416864,27.0,97
LOND,lond023,Violation_201,36,Cz,2.438751,27.0,97
LOND,lond023,Violation_201,36,CP1,35.07034,27.0,97
LOND,lond023,Violation_201,36,CP2,9.811354,27.0,97
LOND,lond023,Violation_201,36,P3,3.223929,27.0,97
LOND,lond023,Violation_201,36,P4,11.99784,27.0,97
LOND,lond023,Violation_201,36,C3,1.963372,27.0,97
LOND,lond023,Violation_201,36,C4,20.12731,27.0,97
LOND,lond023,Violation_201,36,P7,3.819302,27.0,97
LOND,lond023,Violation_201,36,P8,11.74269,27.0,97
LOND,lond023,Violation_201,36,O1,10.20055,27.0,97
LOND,lond023,Violation_201,36,O2,-1.309953,27.0,97
LOND,lond023,Violation_201,37,Pz,4.197348,29.0,90
LOND,lond023,Violation_201,37,Cz,2.39898,29.0,90
LOND,lond023,Violation_201,37,CP1,-10.15615,29.0,90
LOND,lond023,Violation_201,37,CP2,7.46999,29.0,90
LOND,lond023,Violation_201,37,P3,-1.50971,29.0,90
LOND,lond023,Violation_201,37,P4,6.132574,29.0,90
LOND,lond023,Violation_201,37,C3,-1.770941,29.0,90
LOND,lond023,Violation_201,37,C4,0.7563415,29.0,90
LOND,lond023,Violation_201,37,P7,-4.199956,29.0,90
LOND,lond023,Violation_201,37,P8,2.312887,29.0,90
LOND,lond023,Violation_201,37,O1,5.121787,29.0,90
LOND,lond023,Violation_201,37,O2,-5.094622,29.0,90
LOND,lond023,Control_202,38,Pz,-16.47114,32.0,80
LOND,lond023,Control_202,38,Cz,-3.474643,32.0,80
LOND,lond023,Control_202,38,CP1,2.347186,32.0,80
LOND,lond023,Control_202,38,CP2,-5.971536,32.0,80
LOND,lond023,Control_202,38,P3,-2.396337,32.0,80
LOND,lond023,Control_202,38,P4,-11.11924,32.0,80
LOND,lond023,Control_202,38,C3,-1.714148,32.0,80
LOND,lond023,Control_202,38,C4,17.67451,32.0,80
LOND,lond023,Control_202,38,P7,-9.334336,32.0,80
LOND,lond023,Control_202,38,P8,-3.582416,32.0,80
LOND,lond023,Control_202,38,O1,-0.740791,32.0,80
LOND,lond023,Control_202,38,O2,-9.647899,32.0,80
LOND,lond023,Control_202,39,Pz,-3.756473,38.0,93
LOND,lond023,Control_202,39,Cz,-5.503095,38.0,93
LOND,lond023,Control_202,39,CP1,-14.17065,38.0,93
LOND,lond023,Control_202,39,CP2,-5.16081,38.0,93
LOND,lond023,Control_202,39,P3,-9.558947,38.0,93
LOND,lond023,Control_202,39,P4,-7.624036,38.0,93
LOND,lond023,Control_202,39,C3,-1.248331,38.0,93
LOND,lond023,Control_202,39,C4,-3.065538,38.0,93
LOND,lond023,Control_202,39,P7,-8.40474,38.0,93
LOND,lond023,Control_202,39,P8,1.925996,38.0,93
LOND,lond023,Control_202,39,O1,2.58353,38.0,93
LOND,lond023,Control_202,39,O2,-2.559089,38.0,93
LOND,lond023,Violation_201,40,Pz,-23.55556,35.0,97
LOND,lond023,Violation_201,40,Cz,-16.71711,35.0,97
LOND,lond023,Violation_201,40,CP1,-28.55298,35.0,97
LOND,lond023,Violation_201,40,CP2,-13.9165,35.0,97
LOND,lond023,Violation_201,40,P3,-12.52206,35.0,97
LOND,lond023,Violation_201,40,P4,-7.174433,35.0,97
LOND,lond023,Violation_201,40,C3,-7.471692,35.0,97
LOND,lond023,Violation_201,40,C4,-24.49572,35.0,97
LOND,lond023,Violation_201,40,P7,14.52297,35.0,97
LOND,lond023,Violation_201,40,P8,5.671498,35.0,97
LOND,lond023,Violation_201,40,O1,-11.35585,35.0,97
LOND,lond023,Violation_201,40,O2,-2.769139,35.0,97
LOND,lond024,Violation_201,1,Pz,7.579577,13.0,97
LOND,lond024,Violation_201,1,Cz,-2.857128,13.0,97
LOND,lond024,Violation_201,1,CP1,14.57137,13.0,97
LOND,lond024,Violation_201,1,CP2,7.657401,13.0,97
LOND,lond024,Violation_201,1,P3,4.996068,13.0,97
LOND,lond024,Violation_201,1,P4,16.71453,13.0,97
LOND,lond024,Violation_201,1,C3,9.774072,13.0,97
LOND,lond024,Violation_201,1,C4,2.265717,13.0,97
LOND,lond024,Violation_201,1,P7,10.67159,13.0,97
LOND,lond024,Violation_201,1,P8,-6.490348,13.0,97
LOND,lond024,Violation_201,1,O1,-4.682587,13.0,97
LOND,lond024,Violation_201,1,O2,-27.29226,13.0,97
LOND,lond024,Violation_201,2,Pz,42.91248,20.0,90
LOND,lond024,Violation_201,2,Cz,8.06041,20.0,90
LOND,lond024,Violation_201,2,CP1,40.57874,20.0,90
LOND,lond024,Violation_201,2,CP2,49.85159,20.0,90
LOND,lond024,Violation_201,2,P3,41.68969,20.0,90
LOND,lond024,Violation_201,2,P4,61.20136,20.0,90
LOND,lond024,Violation_201,2,C3,48.21502,20.0,90
LOND,lond024,Violation_201,2,C4,44.14426,20.0,90
LOND,lond024,Violation_201,2,P7,31.08418,20.0,90
LOND,lond024,Violation_201,2,P8,32.77973,20.0,90
LOND,lond024,Violation_201,2,O1,3.437471,20.0,90
LOND,lond024,Violation_201,2,O2,36.69813,20.0,90
LOND,lond024,Violation_201,3,Pz,18.17288,17.0,62
LOND,lond024,Violation_201,3,Cz,2.553521,17.0,62
LOND,lond024,Violation_201,3,CP1,9.502077,17.0,62
LOND,lond024,Violation_201,3,CP2,16.28348,17.0,62
LOND,lond024,Violation_201,3,P3,18.69551,17.0,62
LOND,lond024,Violation_201,3,P4,19.99662,17.0,62
LOND,lond024,Violation_201,3,C3,27.72371,17.0,62
LOND,lond024,Violation_201,3,C4,1.167979,17.0,62
LOND,lond024,Violation_201,3,P7,20.29817,17.0,62
LOND,lond024,Violation_201,3,P8,13.88719,17.0,62
LOND,lond024,Violation_201,3,O1,8.91801,17.0,62
LOND,lond024,Violation_201,3,O2,23.41396,17.0,62
LOND,lond024,Violation_201,4,Pz,-10.68116,4.0,93
LOND,lond024,Violation_201,4,Cz,-14.75008,4.0,93
LOND,lond024,Violation_201,4,CP1,-12.41763,4.0,93
LOND,lond024,Violation_201,4,CP2,-11.38212,4.0,93
LOND,lond024,Violation_201,4,P3,-1.312224,4.0,93
LOND,lond024,Violation_201,4,P4,-13.16796,4.0,93
LOND,lond024,Violation_201,4,C3,-10.19572,4.0,93
LOND,lond024,Violation_201,4,C4,1.024146,4.0,93
LOND,lond024,Violation_201,4,P7,-5.874558,4.0,93
LOND,lond024,Violation_201,4,P8,-9.843379,4.0,93
LOND,lond024,Violation_201,4,O1,-15.92731,4.0,93
LOND,lond024,Violation_201,4,O2,-50.19704,4.0,93
LOND,lond024,Control_202,5,Pz,-7.884249,7.0,80
LOND,lond024,Control_202,5,Cz,-39.87218,7.0,80
LOND,lond024,Control_202,5,CP1,-16.54845,7.0,80
LOND,lond024,Control_202,5,CP2,-5.975135,7.0,80
LOND,lond024,Control_202,5,P3,8.510258,7.0,80
LOND,lond024,Control_202,5,P4,15.05984,7.0,80
LOND,lond024,Control_202,5,C3,-13.49906,7.0,80
LOND,lond024,Control_202,5,C4,30.35789,7.0,80
LOND,lond024,Control_202,5,P7,15.93112,7.0,80
LOND,lond024,Control_202,5,P8,28.48232,7.0,80
LOND,lond024,Control_202,5,O1,11.6752,7.0,80
LOND,lond024,Control_202,5,O2,47.3129,7.0,80
LOND,lond024,Control_202,6,Pz,2.025776,16.0,93
LOND,lond024,Control_202,6,Cz,-18.3407,16.0,93
LOND,lond024,Control_202,6,CP1,-10.7128,16.0,93
LOND,lond024,Control_202,6,CP2,1.928113,16.0,93
LOND,lond024,Control_202,6,P3,-3.180639,16.0,93
LOND,lond024,Control_202,6,P4,-36.17753,16.0,93
LOND,lond024,Control_202,6,C3,-1.259503,16.0,93
LOND,lond024,Control_202,6,C4,-14.10565,16.0,93
LOND,lond024,Control_202,6,P7,-2.211708,16.0,93
LOND,lond024,Control_202,6,P8,4.491544,16.0,93
LOND,lond024,Control_202,6,O1,2.047084,16.0,93
LOND,lond024,Control_202,6,O2,-21.52002,16.0,93
LOND,lond024,Control_202,7,Pz,0.2333583,6.0,100
LOND,lond024,Control_202,7,Cz,-6.932336,6.0,100
LOND,lond024,Control_202,7,CP1,4.923468,6.0,100
LOND,lond024,Control_202,7,CP2,-9.246221,6.0,100
LOND,lond024,Control_202,7,P3,-5.264711,6.0,100
LOND,lond024,Control_202,7,P4,-27.26349,6.0,100
LOND,lond024,Control_202,7,C3,-17.54469,6.0,100
LOND,lond024,Control_202,7,C4,-19.69552,6.0,100
LOND,lond024,Control_202,7,P7,-11.89241,6.0,100
LOND,lond024,Control_202,7,P8,6.626277,6.0,100
LOND,lond024,Control_202,7,O1,23.92861,6.0,100
LOND,lond024,Control_202,7,O2,5.987099,6.0,100
LOND,lond024,Control_202,8,Pz,4.869516,2.0,100
LOND,lond024,Control_202,8,Cz,-6.851256,2.0,100
LOND,lond024,Control_202,8,CP1,-14.65851,2.0,100
LOND,lond024,Control_202,8,CP2,9.331187,2.0,100
LOND,lond024,Control_202,8,P3,-15.92014,2.0,100
LOND,lond024,Control_202,8,P4,-15.52601,2.0,100
LOND,lond024,Control_202,8,C3,7.119468,2.0,100
LOND,lond024,Control_202,8,C4,7.241491,2.0,100
LOND,lond024,Control_202,8,P7,-6.584382,2.0,100
LOND,lond024,Control_202,8,P8,-5.630595,2.0,100
LOND,lond024,Control_202,8,O1,-19.68966,2.0,100
LOND,lond024,Control_202,8,O2,1.500103,2.0,100
LOND,lond024,Violation_201,9,Pz,13.505,1.0,97
LOND,lond024,Violation_201,9,Cz,3.731616,1.0,97
LOND,lond024,Violation_201,9,CP1,-5.909902,1.0,97
LOND,lond024,Violation_201,9,CP2,7.909182,1.0,97
LOND,lond024,Violation_201,9,P3,0.3469814,1.0,97
LOND,lond024,Violation_201,9,P4,50.2112,1.0,97
LOND,lond024,Violation_201,9,C3,-5.166914,1.0,97
LOND,lond024,Violation_201,9,C4,-8.313834,1.0,97
LOND,lond024,Violation_201,9,P7,-1.135004,1.0,97
LOND,lond024,Violation_201,9,P8,-11.04246,1.0,97
LOND,lond024,Violation_201,9,O1,-9.454493,1.0,97
LOND,lond024,Violation_201,9,O2,-18.36097,1.0,97
LOND,lond024,Violation_201,10,Pz,28.86642,9.0,93
LOND,lond024,Violation_201,10,Cz,29.20846,9.0,93
LOND,lond024,Violation_201,10,CP1,31.72173,9.0,93
LOND,lond024,Violation_201,10,CP2,32.89895,9.0,93
LOND,lond024,Violation_201,10,P3,16.29302,9.0,93
LOND,lond024,Violation_201,10,P4,15.8865,9.0,93
LOND,lond024,Violation_201,10,C3,25.77204,9.0,93
LOND,lond024,Violation_201,10,C4,16.30563,9.0,93
LOND,lond024,Violation_201,10,P7,5.899821,9.0,93
LOND,lond024,Violation_201,10,P8,10.45631,9.0,93
LOND,lond024,Violation_201,10,O1,3.361884,9.0,93
LOND,lond024,Violation_201,10,O2,22.25693,9.0,93
LOND,lond024,Control_202,11,Pz,-10.60346,8.0,97
LOND,lond024,Control_202,11,Cz,16.09635,8.0,97
LOND,lond024,Control_202,11,CP1,-5.971211,8.0,97
LOND,lond024,Control_202,11,CP2,-9.164167,8.0,97
LOND,lond024,Control_202,11,P3,-18.97631,8.0,97
LOND,lond024,Control_202,11,P4,-24.37707,8.0,97
LOND,lond024,Control_202,11,C3,-5.725541,8.0,97
LOND,lond024,Control_202,11,C4,-13.37514,8.0,97
LOND,lond024,Control_202,11,P7,-13.97105,8.0,97
LOND,lond024,Control_202,11,P8,-21.16664,8.0,97
LOND,lond024,Control_202,11,O1,-34.00852,8.0,97
LOND,lond024,Control_202,11,O2,-53.39022,8.0,97
LOND,lond024,Control_202,12,Pz,-2.873396,10.0,80
LOND,lond024,Control_202,12,Cz,-21.78824,10.0,80
LOND,lond024,Control_202,12,CP1,-24.58997,10.0,80
LOND,lond024,Control_202,12,CP2,-8.255333,10.0,80
LOND,lond024,Control_202,12,P3,3.624951,10.0,80
LOND,lond024,Control_202,12,P4,32.62515,10.0,80
LOND,lond024,Control_202,12,C3,-2.121662,10.0,80
LOND,lond024,Control_202,12,C4,8.615935,10.0,80
LOND,lond024,Control_202,12,P7,-7.750299,10.0,80
LOND,lond024,Control_202,12,P8,-3.289487,10.0,80
LOND,lond024,Control_202,12,O1,-1.447742,10.0,80
LOND,lond024,Control_202,12,O2,31.78547,10.0,80
LOND,lond024,Control_202,13,Pz,6.305561,3.0,100
LOND,lond024,Control_202,13,Cz,-13.31383,3.0,100
LOND,lond024,Control_202,13,CP1,-7.602051,3.0,100
LOND,lond024,Control_202,13,CP2,-1.770049,3.0,100
LOND,lond024,Control_202,13,P3,-9.39061,3.0,100
LOND,lond024,Control_202,13,P4,9.111929,3.0,100
LOND,lond024,Control_202,13,C3,9.048511,3.0,100
LOND,lond024,Control_202,13,C4,-12.71854,3.0,100
LOND,lond024,Control_202,13,P7,-12.09514,3.0,100
LOND,lond024,Control_202,13,P8,7.422544,3.0,100
LOND,lond024,Control_202,13,O1,-17.10491,3.0,100
LOND,lond024,Control_202,13,O2,-48.8144,3.0,100
LOND,lond024,Violation_201,14,Pz,16.11059,19.0,100
LOND,lond024,Violation_201,14,Cz,-7.842282,19.0,100
LOND,lond024,Violation_201,14,CP1,-7.052244,19.0,100
LOND,lond024,Violation_201,14,CP2,18.21313,19.0,100
LOND,lond024,Violation_201,14,P3,-7.610442,19.0,100
LOND,lond024,Violation_201,14,P4,-35.36271,19.0,100
LOND,lond024,Violation_201,14,C3,18.78716,19.0,100
LOND,lond024,Violation_201,14,C4,-25.35087,19.0,100
LOND,lond024,Violation_201,14,P7,-5.273604,19.0,100
LOND,lond024,Violation_201,14,P8,-24.60031,19.0,100
LOND,lond024,Violation_201,14,O1,-29.95761,19.0,100
LOND,lond024,Violation_201,14,O2,5.36245,19.0,100
LOND,lond024,Violation_201,15,Pz,36.20274,15.0,90
LOND,lond024,Violation_201,15,Cz,30.21558,15.0,90
LOND,lond024,Violation_201,15,CP1,37.33611,15.0,90
LOND,lond024,Violation_201,15,CP2,33.23386,15.0,90
LOND,lond024,Violation_201,15,P3,11.14435,15.0,90
LOND,lond024,Violation_201,15,P4,20.19165,15.0,90
LOND,lond024,Violation_201,15,C3,21.41862,15.0,90
LOND,lond024,Violation_201,15,C4,-8.491131,15.0,90
LOND,lond024,Violation_201,15,P7,20.88215,15.0,90
LOND,lond024,Violation_201,15,P8,2.915763,15.0,90
LOND,lond024,Violation_201,15,O1,29.71767,15.0,90
LOND,lond024,Violation_201,15,O2,-19.74146,15.0,90
LOND,lond024,Violation_201,16,Pz,0.9199974,5.0,93
LOND,lond024,Violation_201,16,Cz,42.7292,5.0,93
LOND,lond024,Violation_201,16,CP1,13.62821,5.0,93
LOND,lond024,Violation_201,16,CP2,4.874388,5.0,93
LOND,lond024,Violation_201,16,P3,-9.870807,5.0,93
LOND,lond024,Violation_201,16,P4,30.29681,5.0,93
LOND,lond024,Violation_201,16,C3,2.60818,5.0,93
LOND,lond024,Violation_201,16,C4,-5.605563,5.0,93
LOND,lond024,Violation_201,16,P7,-3.81963,5.0,93
LOND,lond024,Violation_201,16,P8,2.212805,5.0,93
LOND,lond024,Violation_201,16,O1,-1.040147,5.0,93
LOND,lond024,Violation_201,16,O2,-21.49026,5.0,93
LOND,lond024,Control_202,17,Pz,17.08689,18.0,87
LOND,lond024,Control_202,17,Cz,5.472425,18.0,87
LOND,lond024,Control_202,17,CP1,13.08948,18.0,87
LOND,lond024,Control_202,17,CP2,20.45788,18.0,87
LOND,lond024,Control_202,17,P3,-11.24473,18.0,87
LOND,lond024,Control_202,17,P4,15.42863,18.0,87
LOND,lond024,Control_202,17,C3,15.10381,18.0,87
LOND,lond024,Control_202,17,C4,-6.143081,18.0,87
LOND,lond024,Control_202,17,P7,-2.628308,18.0,87
LOND,lond024,Control_202,17,P8,8.324232,18.0,87
LOND,lond024,Control_202,17,O1,-11.75321,18.0,87
LOND,lond024,Control_202,17,O2,-19.84255,18.0,87
LOND,lond024,Violation_201,18,Pz,-3.181531,12.0,100
LOND,lond024,Violation_201,18,Cz,-35.03693,12.0,100
LOND,lond024,Violation_201,18,CP1,-29.39557,12.0,100
LOND,lond024,Violation_201,18,CP2,-5.271929,12.0,100
LOND,lond024,Violation_201,18,P3,-2.66368,12.0,100
LOND,lond024,Violation_201,18,P4,7.260092,12.0,100
LOND,lond024,Violation_201,18,C3,5.180679,12.0,100
LOND,lond024,Violation_201,18,C4,31.88682,12.0,100
LOND,lond024,Violation_201,18,P7,-2.766252,12.0,100
LOND,lond024,Violation_201,18,P8,6.892241,12.0,100
LOND,lond024,Violation_201,18,O1,-4.5452,12.0,100
LOND,lond024,Violation_201,18,O2,-5.018265,12.0,100
LOND,lond024,Control_202,19,Pz,23.10169,14.0,90
LOND,lond024,Control_202,19,Cz,-10.55819,14.0,90
LOND,lond024,Control_202,19,CP1,-1.347596,14.0,90
LOND,lond024,Control_202,19,CP2,25.1347,14.0,90
LOND,lond024,Control_202,19,P3,0.9259497,14.0,90
LOND,lond024,Control_202,19,P4,4.488702,14.0,90
LOND,lond024,Control_202,19,C3,29.30056,14.0,90
LOND,lond024,Control_202,19,C4,2.915903,14.0,90
LOND,lond024,Control_202,19,P7,9.299223,14.0,90
LOND,lond024,Control_202,19,P8,5.321708,14.0,90
LOND,lond024,Control_202,19,O1,1.206522,14.0,90
LOND,lond024,Control_202,19,O2,29.75347,14.0,90
LOND,lond024,Control_202,20,Pz,-8.108589,11.0,87
LOND,lond024,Control_202,20,Cz,11.98777,11.0,87
LOND,lond024,Control_202,20,CP1,14.38408,11.0,87
LOND,lond024,Control_202,20,CP2,-6.040502,11.0,87
LOND,lond024,Control_202,20,P3,-14.387,11.0,87
LOND,lond024,Control_202,20,P4,-42.33683,11.0,87
LOND,lond024,Control_202,20,C3,-4.711978,11.0,87
LOND,lond024,Control_202,20,C4,-0.05739813,11.0,87
LOND,lond024,Control_202,20,P7,0.4272549,11.0,87
LOND,lond024,Control_202,20,P8,-19.01171,11.0,87
LOND,lond024,Control_202,20,O1,10.93706,11.0,87
LOND,lond024,Control_202,20,O2,-13.17851,11.0,87
LOND,lond024,Violation_201,21,Pz,-2.619124,32.0,80
LOND,lond024,Violation_201,21,Cz,19.2446,32.0,80
LOND,lond024,Violation_201,21,CP1,-1.253425,32.0,80
LOND,lond024,Violation_201,21,CP2,2.211972,32.0,80
LOND,lond024,Violation_201,21,P3,-16.09282,32.0,80
LOND,lond024,Violation_201,21,P4,-13.17992,32.0,80
LOND,lond024,Violation_201,21,C3,-4.695886,32.0,80
LOND,lond024,Violation_201,21,C4,-5.51504,32.0,80
LOND,lond024,Violation_201,21,P7,-1.292535,32.0,80
LOND,lond024,Violation_201,21,P8,-12.16373,32.0,80
LOND,lond024,Violation_201,21,O1,-22.74141,32.0,80
LOND,lond024,Violation_201,21,O2,9.021271,32.0,80
LOND,lond024,Violation_201,22,Pz,10.20693,24.0,93
LOND,lond024,Violation_201,22,Cz,-14.19297,24.0,93
LOND,lond024,Violation_201,22,CP1,1.768243,24.0,93
LOND,lond024,Violation_201,22,CP2,1.112791,24.0,93
LOND,lond024,Violation_201,22,P3,21.26793,24.0,93
LOND,lond024,Violation_201,22,P4,12.31495,24.0,93
LOND,lond024,Violation_201,22,C3,-14.11548,24.0,93
LOND,lond024,Violation_201,22,C4,14.89271,24.0,93
LOND,lond024,Violation_201,22,P7,2.222456,24.0,93
LOND,lond024,Violation_201,22,P8,19.94465,24.0,93
LOND,lond024,Violation_201,22,O1,-18.29003,24.0,93
LOND,lond024,Violation_201,22,O2,20.97129,24.0,93
LOND,lond024,Violation_201,23,Pz,-0.2871118,23.0,93
LOND,lond024,Violation_201,23,Cz,-15.59829,23.0,93
LOND,lond024,Violation_201,23,CP1,-0.06399569,23.0,93
LOND,lond024,Violation_201,23,CP2,-6.998875,23.0,93
LOND,lond024,Violation_201,23,P3,-6.674556,23.0,93
LOND,lond024,Violation_201,23,P4,-24.14375,23.0,93
LOND,lond024,Violation_201,23,C3,23.07467,23.0,93
LOND,lond024,Violation_201,23,C4,-19.12881,23.0,93
LOND,lond024,Violation_201,23,P7,-1.598823,23.0,93
LOND,lond024,Violation_201,23,P8,-11.35837,23.0,93
LOND,lond024,Violation_201,23,O1,0.8099946,23.0,93
LOND,lond024,Violation_201,23,O2,-30.2307,23.0,93
LOND,lond024,Control_202,24,Pz,7.794735,30.0,90
LOND,lond024,Control_202,24,Cz,37.24446,30.0,90
LOND,lond024,Control_202,24,CP1,21.69632,30.0,90
LOND,lond024,Control_202,24,CP2,6.885907,30.0,90
LOND,lond024,Control_202,24,P3,14.55816,30.0,90
LOND,lond024,Control_202,24,P4,9.932728,30.0,90
LOND,lond024,Control_202,24,C3,11.64295,30.0,90
LOND,lond024,Control_202,24,C4,-0.2506434,30.0,90
LOND,lond024,Control_202,24,P7,4.040513,30.0,90
LOND,lond024,Control_202,24,P8,-11.49541,30.0,90
LOND,lond024,Control_202,24,O1,-14.58825,30.0,90
LOND,lond024,Control_202,24,O2,9.351059,30.0,90
LOND,lond024,Control_202,25,Pz,28.68332,29.0,90
LOND,lond024,Control_202,25,Cz,9.048368,29.0,90
LOND,lond024,Control_202,25,CP1,13.28375,29.0,90
LOND,lond024,Control_202,25,CP2,41.2931,29.0,90
LOND,lond024,Control_202,25,P3,14.12543,29.0,90
LOND,lond024,Control_202,25,P4,55.13331,29.0,90
LOND,lond024,Control_202,25,C3,30.28657,29.0,90
LOND,lond024,Control_202,25,C4,21.40293,29.0,90
LOND,lond024,Control_202,25,P7,9.336805,29.0,90
LOND,lond024,Control_202,25,P8,17.97827,29.0,90
LOND,lond024,Control_202,25,O1,-21.68563,29.0,90
LOND,lond024,Control_202,25,O2,42.14579,29.0,90
LOND,lond024,Violation_201,26,Pz,29.0506,34.0,97
LOND,lond024,Violation_201,26,Cz,8.150467,34.0,97
LOND,lond024,Violation_201,26,CP1,8.401684,34.0,97
LOND,lond024,Violation_201,26,CP2,31.50706,34.0,97
LOND,lond024,Violation_201,26,P3,5.439768,34.0,97
LOND,lond024,Violation_201,26,P4,-17.44297,34.0,97
LOND,lond024,Violation_201,26,C3,32.3287,34.0,97
LOND,lond024,Violation_201,26,C4,20.6002,34.0,97
LOND,lond024,Violation_201,26,P7,-5.037626,34.0,97
LOND,lond024,Violation_201,26,P8,6.169051,34.0,97
LOND,lond024,Violation_201,26,O1,5.812096,34.0,97
LOND,lond024,Violation_201,26,O2,10.43394,34.0,97
LOND,lond024,Control_202,27,Pz,-0.5085379,27.0,97
LOND,lond024,Control_202,27,Cz,-12.47174,27.0,97
LOND,lond024,Control_202,27,CP1,-1.923713,27.0,97
LOND,lond024,Control_202,27,CP2,3.536482,27.0,97
LOND,lond024,Control_202,27,P3,-10.79956,27.0,97
LOND,lond024,Control_202,27,P4,-16.87811,27.0,97
LOND,lond024,Control_202,27,C3,-24.87207,27.0,97
LOND,lond024,Control_202,27,C4,-2.202716,27.0,97
LOND,lond024,Control_202,27,P7,-18.12093,27.0,97
LOND,lond024,Control_202,27,P8,-9.961722,27.0,97
LOND,lond024,Control_202,27,O1,2.661332,27.0,97
LOND,lond024,Control_202,27,O2,-6.411278,27.0,97
LOND,lond024,Control_202,28,Pz,16.3056,25.0,97
LOND,lond024,Control_202,28,Cz,39.70163,25.0,97
LOND,lond024,Control_202,28,CP1,18.27868,25.0,97
LOND,lond024,Control_202,28,CP2,39.19773,25.0,97
LOND,lond024,Control_202,28,P3,19.58697,25.0,97
LOND,lond024,Control_202,28,P4,-1.27225,25.0,97
LOND,lond024,Control_202,28,C3,23.57072,25.0,97
LOND,lond024,Control_202,28,C4,14.02838,25.0,97
LOND,lond024,Control_202,28,P7,7.239448,25.0,97
LOND,lond024,Control_202,28,P8,21.14038,25.0,97
LOND,lond024,Control_202,28,O1,-34.24414,25.0,97
LOND,lond024,Control_202,28,O2,4.353048,25.0,97
LOND,lond024,Violation_201,29,Pz,-8.243742,35.0,97
LOND,lond024,Violation_201,29,Cz,-9.251075,35.0,97
LOND,lond024,Violation_201,29,CP1,2.474215,35.0,97
LOND,lond024,Violation_201,29,CP2,-4.335221,35.0,97
LOND,lond024,Violation_201,29,P3,-11.85954,35.0,97
LOND,lond024,Violation_201,29,P4,-17.78265,35.0,97
LOND,lond024,Violation_201,29,C3,-15.91094,35.0,97
LOND,lond024,Violation_201,29,C4,-11.13977,35.0,97
LOND,lond024,Violation_201,29,P7,-21.44798,35.0,97
LOND,lond024,Violation_201,29,P8,-20.17848,35.0,97
LOND,lond024,Violation_201,29,O1,-25.38546,35.0,97
LOND,lond024,Violation_201,29,O2,-17.93095,35.0,97
LOND,lond024,Violation_201,30,Pz,-6.373977,38.0,93
LOND,lond024,Violation_201,30,Cz,10.53442,38.0,93
LOND,lond024,Violation_201,30,CP1,-4.630415,38.0,93
LOND,lond024,Violation_201,30,CP2,-1.683397,38.0,93
LOND,lond024,Violation_201,30,P3,-17.14574,38.0,93
LOND,lond024,Violation_201,30,P4,-21.71545,38.0,93
LOND,lond024,Violation_201,30,C3,-12.57705,38.0,93
LOND,lond024,Violation_201,30,C4,9.057395,38.0,93
LOND,lond024,Violation_201,30,P7,-18.15289,38.0,93
LOND,lond024,Violation_201,30,P8,0.260363,38.0,93
LOND,lond024,Violation_201,30,O1,22.85907,38.0,93
LOND,lond024,Violation_201,30,O2,6.649962,38.0,93
LOND,lond024,Violation_201,31,Pz,8.234666,28.0,27
LOND,lond024,Violation_201,31,Cz,-37.96295,28.0,27
LOND,lond024,Violation_201,31,CP1,-29.77593,28.0,27
LOND,lond024,Violation_201,31,CP2,0.6045151,28.0,27
LOND,lond024,Violation_201,31,P3,13.69295,28.0,27
LOND,lond024,Violation_201,31,P4,-31.89736,28.0,27
LOND,lond024,Violation_201,31,C3,25.23735,28.0,27
LOND,lond024,Violation_201,31,C4,-5.634577,28.0,27
LOND,lond024,Violation_201,31,P7,-1.352203,28.0,27
LOND,lond024,Violation_201,31,P8,15.60546,28.0,27
LOND,lond024,Violation_201,31,O1,-11.95186,28.0,27
LOND,lond024,Violation_201,31,O2,-11.7602,28.0,27
LOND,lond024,Control_202,32,Pz,8.76436,22.0,53
LOND,lond024,Control_202,32,Cz,-18.78149,22.0,53
LOND,lond024,Control_202,32,CP1,-9.107176,22.0,53
LOND,lond024,Control_202,32,CP2,3.78575,22.0,53
LOND,lond024,Control_202,32,P3,-4.698657,22.0,53
LOND,lond024,Control_202,32,P4,-1.132605,22.0,53
LOND,lond024,Control_202,32,C3,-9.523092,22.0,53
LOND,lond024,Control_202,32,C4,26.65929,22.0,53
LOND,lond024,Control_202,32,P7,-9.873916,22.0,53
LOND,lond024,Control_202,32,P8,-0.7660089,22.0,53
LOND,lond024,Control_202,32,O1,4.187506,22.0,53
LOND,lond024,Control_202,32,O2,25.37311,22.0,53
LOND,lond024,Control_202,33,Pz,2.007131,40.0,93
LOND,lond024,Control_202,33,Cz,9.477704,40.0,93
LOND,lond024,Control_202,33,CP1,7.879065,40.0,93
LOND,lond024,Control_202,33,CP2,-1.761562,40.0,93
LOND,lond024,Control_202,33,P3,-3.64228,40.0,93
LOND,lond024,Control_202,33,P4,3.534381,40.0,93
LOND,lond024,Control_202,33,C3,-3.900195,40.0,93
LOND,lond024,Control_202,33,C4,0.9081715,40.0,93
LOND,lond024,Control_202,33,P7,4.794051,40.0,93
LOND,lond024,Control_202,33,P8,22.28151,40.0,93
LOND,lond024,Control_202,33,O1,-11.32062,40.0,93
LOND,lond024,Control_202,33,O2,53.67345,40.0,93
LOND,lond024,Control_202,34,Pz,27.10621,36.0,77
LOND,lond024,Control_202,34,Cz,-4.865962,36.0,77
LOND,lond024,Control_202,34,CP1,7.147863,36.0,77
LOND,lond024,Control_202,34,CP2,32.01889,36.0,77
LOND,lond024,Control_202,34,P3,4.125557,36.0,77
LOND,lond024,Control_202,34,P4,32.68607,36.0,77
LOND,lond024,Control_202,34,C3,30.82695,36.0,77
LOND,lond024,Control_202,34,C4,32.9012,36.0,77
LOND,lond024,Control_202,34,P7,13.18756,36.0,77
LOND,lond024,Control_202,34,P8,14.40045,36.0,77
LOND,lond024,Control_202,34,O1,30.84986,36.0,77
LOND,lond024,Control_202,34,O2,47.52733,36.0,77
LOND,lond024,Control_202,35,Pz,-12.17275,21.0,77
LOND,lond024,Control_202,35,Cz,12.56557,21.0,77
LOND,lond024,Control_202,35,CP1,-0.7950267,21.0,77
LOND,lond024,Control_202,35,CP2,-12.60006,21.0,77
LOND,lond024,Control_202,35,P3,-12.65137,21.0,77
LOND,lond024,Control_202,35,P4,-9.511098,21.0,77
LOND,lond024,Control_202,35,C3,-15.07158,21.0,77
LOND,lond024,Control_202,35,C4,-11.9155,21.0,77
LOND,lond024,Control_202,35,P7,-2.614186,21.0,77
LOND,lond024,Control_202,35,P8,4.0253,21.0,77
LOND,lond024,Control_202,35,O1,-0.7751675,21.0,77
LOND,lond024,Control_202,35,O2,-27.79364,21.0,77
LOND,lond025,Violation_201,1,Pz,-24.22434,17.0,62
LOND,lond025,Violation_201,1,Cz,-32.25002,17.0,62
LOND,lond025,Violation_201,1,CP1,-47.17191,17.0,62
LOND,lond025,Violation_201,1,CP2,-36.56681,17.0,62
LOND,lond025,Violation_201,1,P3,-28.83488,17.0,62
LOND,lond025,Violation_201,1,P4,-14.51851,17.0,62
LOND,lond025,Violation_201,1,C3,-47.64262,17.0,62
LOND,lond025,Violation_201,1,C4,-30.91637,17.0,62
LOND,lond025,Violation_201,1,P7,-29.89808,17.0,62
LOND,lond025,Violation_201,1,P8,-24.0939,17.0,62
LOND,lond025,Violation_201,1,O1,-27.20167,17.0,62
LOND,lond025,Violation_201,1,O2,-30.16811,17.0,62
LOND,lond025,Control_202,2,Pz,-4.916915,5.0,93
LOND,lond025,Control_202,2,Cz,-12.00649,5.0,93
LOND,lond025,Control_202,2,CP1,-12.38792,5.0,93
LOND,lond025,Control_202,2,CP2,-5.813391,5.0,93
LOND,lond025,Control_202,2,P3,9.10434,5.0,93
LOND,lond025,Control_202,2,P4,-7.335724,5.0,93
LOND,lond025,Control_202,2,C3,-7.463305,5.0,93
LOND,lond025,Control_202,2,C4,-6.929548,5.0,93
LOND,lond025,Control_202,2,P7,-1.97956,5.0,93
LOND,lond025,Control_202,2,P8,-12.64187,5.0,93
LOND,lond025,Control_202,2,O1,-11.14549,5.0,93
LOND,lond025,Control_202,2,O2,-12.88882,5.0,93
LOND,lond025,Violation_201,3,Pz,-8.557387,4.0,93
LOND,lond025,Violation_201,3,Cz,-29.34846,4.0,93
LOND,lond025,Violation_201,3,CP1,-14.61309,4.0,93
LOND,lond025,Violation_201,3,CP2,-25.54479,4.0,93
LOND,lond025,Violation_201,3,P3,-6.925982,4.0,93
LOND,lond025,Violation_201,3,P4,-17.30691,4.0,93
LOND,lond025,Violation_201,3,C3,-20.09686,4.0,93
LOND,lond025,Violation_201,3,C4,-22.11853,4.0,93
LOND,lond025,Violation_201,3,P7,-9.525522,4.0,93
LOND,lond025,Violation_201,3,P8,-6.625854,4.0,93
LOND,lond025,Violation_201,3,O1,-9.754542,4.0,93
LOND,lond025,Violation_201,3,O2,-11.08194,4.0,93
LOND,lond025,Control_202,4,Pz,-6.644931,10.0,80
LOND,lond025,Control_202,4,Cz,-14.94289,10.0,80
LOND,lond025,Control_202,4,CP1,-1.364074,10.0,80
LOND,lond025,Control_202,4,CP2,0.6059361,10.0,80
LOND,lond025,Control_202,4,P3,8.229074,10.0,80
LOND,lond025,Control_202,4,P4,-6.022269,10.0,80
LOND,lond025,Control_202,4,C3,7.551397,10.0,80
LOND,lond025,Control_202,4,C4,-9.305399,10.0,80
LOND,lond025,Control_202,4,P7,13.69481,10.0,80
LOND,lond025,Control_202,4,P8,-6.610189,10.0,80
LOND,lond025,Control_202,4,O1,2.445626,10.0,80
LOND,lond025,Control_202,4,O2,-3.340024,10.0,80
LOND,lond025,Control_202,5,Pz,9.297389,7.0,80
LOND,lond025,Control_202,5,Cz,22.44834,7.0,80
LOND,lond025,Control_202,5,CP1,41.49946,7.0,80
LOND,lond025,Control_202,5,CP2,19.80951,7.0,80
LOND,lond025,Control_202,5,P3,16.29784,7.0,80
LOND,lond025,Control_202,5,P4,17.50901,7.0,80
LOND,lond025,Control_202,5,C3,27.27202,7.0,80
LOND,lond025,Control_202,5,C4,9.513729,7.0,80
LOND,lond025,Control_202,5,P7,12.05181,7.0,80
LOND,lond025,Control_202,5,P8,5.923934,7.0,80
LOND,lond025,Control_202,5,O1,5.560484,7.0,80
LOND,lond025,Control_202,5,O2,4.71315,7.0,80
LOND,lond025,Control_202,6,Pz,-13.34679,8.0,97
LOND,lond025,Control_202,6,Cz,-5.025227,8.0,97
LOND,lond025,Control_202,6,CP1,-8.816282,8.0,97
LOND,lond025,Control_202,6,CP2,-15.95075,8.0,97
LOND,lond025,Control_202,6,P3,-8.438553,8.0,97
LOND,lond025,Control_202,6,P4,-4.495437,8.0,97
LOND,lond025,Control_202,6,C3,-1.296228,8.0,97
LOND,lond025,Control_202,6,C4,-8.023582,8.0,97
LOND,lond025,Control_202,6,P7,-1.715483,8.0,97
LOND,lond025,Control_202,6,P8,-11.43154,8.0,97
LOND,lond025,Control_202,6,O1,4.688074,8.0,97
LOND,lond025,Control_202,6,O2,-25.46906,8.0,97
LOND,lond025,Violation_201,7,Pz,10.65875,1.0,97
LOND,lond025,Violation_201,7,Cz,7.095609,1.0,97
LOND,lond025,Violation_201,7,CP1,6.592049,1.0,97
LOND,lond025,Violation_201,7,CP2,10.25763,1.0,97
LOND,lond025,Violation_201,7,P3,-4.732176,1.0,97
LOND,lond025,Violation_201,7,P4,0.2307581,1.0,97
LOND,lond025,Violation_201,7,C3,11.73264,1.0,97
LOND,lond025,Violation_201,7,C4,6.436638,1.0,97
LOND,lond025,Violation_201,7,P7,11.17599,1.0,97
LOND,lond025,Violation_201,7,P8,7.095757,1.0,97
LOND,lond025,Violation_201,7,O1,-43.25777,1.0,97
LOND,lond025,Violation_201,7,O2,-44.45542,1.0,97
LOND,lond025,Control_202,8,Pz,-38.21365,19.0,100
LOND,lond025,Control_202,8,Cz,-29.15812,19.0,100
LOND,lond025,Control_202,8,CP1,-22.06027,19.0,100
LOND,lond025,Control_202,8,CP2,-21.84353,19.0,100
LOND,lond025,Control_202,8,P3,-33.00013,19.0,100
LOND,lond025,Control_202,8,P4,-32.65836,19.0,100
LOND,lond025,Control_202,8,C3,-33.18653,19.0,100
LOND,lond025,Control_202,8,C4,-25.12933,19.0,100
LOND,lond025,Control_202,8,P7,-15.56158,19.0,100
LOND,lond025,Control_202,8,P8,-14.19197,19.0,100
LOND,lond025,Control_202,8,O1,-5.023334,19.0,100
LOND,lond025,Control_202,8,O2,-13.13516,19.0,100
LOND,lond025,Violation_201,9,Pz,-4.938898,6.0,100
LOND,lond025,Violation_201,9,Cz,4.426006,6.0,100
LOND,lond025,Violation_201,9,CP1,-9.114797,6.0,100
LOND,lond025,Violation_201,9,CP2,-7.862792,6.0,100
LOND,lond025,Violation_201,9,P3,15.2921,6.0,100
LOND,lond025,Violation_201,9,P4,22.74347,6.0,100
LOND,lond025,Violation_201,9,C3,-2.265029,6.0,100
LOND,lond025,Violation_201,9,C4,-5.446032,6.0,100
LOND,lond025,Violation_201,9,P7,9.397651,6.0,100
LOND,lond025,Violation_201,9,P8,2.095351,6.0,100
LOND,lond025,Violation_201,9,O1,2.791799,6.0,100
LOND,lond025,Violation_201,9,O2,-6.962743,6.0,100
LOND,lond025,Violation_201,10,Pz,5.769469,9.0,93
LOND,lond025,Violation_201,10,Cz,-22.26712,9.0,93
LOND,lond025,Violation_201,10,CP1,-23.91133,9.0,93
LOND,lond025,Violation_201,10,CP2,-28.83691,9.0,93
LOND,lond025,Violation_201,10,P3,-26.09579,9.0,93
LOND,lond025,Violation_201,10,P4,-28.27715,9.0,93
LOND,lond025,Violation_201,10,C3,-39.98515,9.0,93
LOND,lond025,Violation_201,10,C4,-26.60711,9.0,93
LOND,lond025,Violation_201,10,P7,-35.01698,9.0,93
LOND,lond025,Violation_201,10,P8,-42.99783,9.0,93
LOND,lond025,Violation_201,10,O1,-69.00119,9.0,93
LOND,lond025,Violation_201,10,O2,-39.68361,9.0,93
LOND,lond025,Violation_201,11,Pz,-30.6301,15.0,90
LOND,lond025,Violation_201,11,Cz,-13.699,15.0,90
LOND,lond025,Violation_201,11,CP1,-31.65047,15.0,90
LOND,lond025,Violation_201,11,CP2,-25.53351,15.0,90
LOND,lond025,Violation_201,11,P3,-20.2372,15.0,90
LOND,lond025,Violation_201,11,P4,-2.381287,15.0,90
LOND,lond025,Violation_201,11,C3,-29.52834,15.0,90
LOND,lond025,Violation_201,11,C4,-22.89186,15.0,90
LOND,lond025,Violation_201,11,P7,-21.03015,15.0,90
LOND,lond025,Violation_201,11,P8,-18.23062,15.0,90
LOND,lond025,Violation_201,11,O1,-25.39286,15.0,90
LOND,lond025,Violation_201,11,O2,-29.20284,15.0,90
LOND,lond025,Violation_201,12,Pz,-31.98429,2.0,100
LOND,lond025,Violation_201,12,Cz,-32.42611,2.0,100
LOND,lond025,Violation_201,12,CP1,-30.10357,2.0,100
LOND,lond025,Violation_201,12,CP2,-31.70305,2.0,100
LOND,lond025,Violation_201,12,P3,-25.72518,2.0,100
LOND,lond025,Violation_201,12,P4,-13.17377,2.0,100
LOND,lond025,Violation_201,12,C3,-28.81462,2.0,100
LOND,lond025,Violation_201,12,C4,-23.75484,2.0,100
LOND,lond025,Violation_201,12,P7,-8.408045,2.0,100
LOND,lond025,Violation_201,12,P8,-10.6141,2.0,100
LOND,lond025,Violation_201,12,O1,-6.905076,2.0,100
LOND,lond025,Violation_201,12,O2,3.419862,2.0,100
LOND,lond025,Violation_201,13,Pz,0.3242659,11.0,87
LOND,lond025,Violation_201,13,Cz,5.188134,11.0,87
LOND,lond025,Violation_201,13,CP1,15.98038,11.0,87
LOND,lond025,Violation_201,13,CP2,11.04546,11.0,87
LOND,lond025,Violation_201,13,P3,0.719283,11.0,87
LOND,lond025,Violation_201,13,P4,-3.682868,11.0,87
LOND,lond025,Violation_201,13,C3,18.96108,11.0,87
LOND,lond025,Violation_201,13,C4,1.872625,11.0,87
LOND,lond025,Violation_201,13,P7,-6.866693,11.0,87
LOND,lond025,Violation_201,13,P8,-11.27012,11.0,87
LOND,lond025,Violation_201,13,O1,-0.6263131,11.0,87
LOND,lond025,Violation_201,13,O2,-3.149862,11.0,87
LOND,lond025,Control_202,14,Pz,-1.816011,14.0,90
LOND,lond025,Control_202,14,Cz,-22.50236,14.0,90
LOND,lond025,Control_202,14,CP1,-18.89291,14.0,90
LOND,lond025,Control_202,14,CP2,-21.58577,14.0,90
LOND,lond025,Control_202,14,P3,-16.44729,14.0,90
LOND,lond025,Control_202,14,P4,-18.39725,14.0,90
LOND,lond025,Control_202,14,C3,-20.78135,14.0,90
LOND,lond025,Control_202,14,C4,-23.44362,14.0,90
LOND,lond025,Control_202,14,P7,-16.77224,14.0,90
LOND,lond025,Control_202,14,P8,-24.53729,14.0,90
LOND,lond025,Control_202,14,O1,-48.78049,14.0,90
LOND,lond025,Control_202,14,O2,-36.72999,14.0,90
LOND,lond025,Control_202,15,Pz,-0.5240574,13.0,97
LOND,lond025,Control_202,15,Cz,4.372118,13.0,97
LOND,lond025,Control_202,15,CP1,24.74073,13.0,97
LOND,lond025,Control_202,15,CP2,6.440815,13.0,97
LOND,lond025,Control_202,15,P3,2.669114,13.0,97
LOND,lond025,Control_202,15,P4,-0.9366145,13.0,97
LOND,lond025,Control_202,15,C3,15.74159,13.0,97
LOND,lond025,Control_202,15,C4,7.184386,13.0,97
LOND,lond025,Control_202,15,P7,8.266594,13.0,97
LOND,lond025,Control_202,15,P8,5.112304,13.0,97
LOND,lond025,Control_202,15,O1,5.400833,13.0,97
LOND,lond025,Control_202,15,O2,4.654131,13.0,97
LOND,lond025,Violation_201,16,Pz,-11.20604,16.0,93
LOND,lond025,Violation_201,16,Cz,-10.49954,16.0,93
LOND,lond025,Violation_201,16,CP1,-12.62902,16.0,93
LOND,lond025,Violation_201,16,CP2,-3.092599,16.0,93
LOND,lond025,Violation_201,16,P3,1.232013,16.0,93
LOND,lond025,Violation_201,16,P4,-2.367539,16.0,93
LOND,lond025,Violation_201,16,C3,-6.109547,16.0,93
LOND,lond025,Violation_201,16,C4,-6.40238,16.0,93
LOND,lond025,Violation_201,16,P7,-3.072488,16.0,93
LOND,lond025,Violation_201,16,P8,-6.505215,16.0,93
LOND,lond025,Violation_201,16,O1,-3.80078,16.0,93
LOND,lond025,Violation_201,16,O2,-5.656573,16.0,93
LOND,lond025,Control_202,17,Pz,-5.258583,18.0,87
LOND,lond025,Control_202,17,Cz,-23.55993,18.0,87
LOND,lond025,Control_202,17,CP1,-13.58278,18.0,87
LOND,lond025,Control_202,17,CP2,-28.98053,18.0,87
LOND,lond025,Control_202,17,P3,-23.96361,18.0,87
LOND,lond025,Control_202,17,P4,-19.33584,18.0,87
LOND,lond025,Control_202,17,C3,-30.72104,18.0,87
LOND,lond025,Control_202,17,C4,-11.52561,18.0,87
LOND,lond025,Control_202,17,P7,-18.24905,18.0,87
LOND,lond025,Control_202,17,P8,-33.0936,18.0,87
LOND,lond025,Control_202,17,O1,-66.58938,18.0,87
LOND,lond025,Control_202,17,O2,-61.73059,18.0,87
LOND,lond025,Violation_201,18,Pz,-11.11991,3.0,100
LOND,lond025,Violation_201,18,Cz,-6.262252,3.0,100
LOND,lond025,Violation_201,18,CP1,-15.07801,3.0,100
LOND,lond025,Violation_201,18,CP2,-16.4698,3.0,100
LOND,lond025,Violation_201,18,P3,-2.650254,3.0,100
LOND,lond025,Violation_201,18,P4,-13.11619,3.0,100
LOND,lond025,Violation_201,18,C3,-12.93931,3.0,100
LOND,lond025,Violation_201,18,C4,-11.97938,3.0,100
LOND,lond025,Violation_201,18,P7,-16.44498,3.0,100
LOND,lond025,Violation_201,18,P8,-14.85639,3.0,100
LOND,lond025,Violation_201,18,O1,-20.50262,3.0,100
LOND,lond025,Violation_201,18,O2,-16.1954,3.0,100
LOND,lond025,Control_202,19,Pz,-5.623904,20.0,90
LOND,lond025,Control_202,19,Cz,0.2111439,20.0,90
LOND,lond025,Control_202,19,CP1,-0.112922,20.0,90
LOND,lond025,Control_202,19,CP2,-4.762356,20.0,90
LOND,lond025,Control_202,19,P3,0.1030676,20.0,90
LOND,lond025,Control_202,19,P4,4.710089,20.0,90
LOND,lond025,Control_202,19,C3,0.2208958,20.0,90
LOND,lond025,Control_202,19,C4,-6.902983,20.0,90
LOND,lond025,Control_202,19,P7,-3.561146,20.0,90
LOND,lond025,Control_202,19,P8,-6.49034,20.0,90
LOND,lond025,Control_202,19,O1,-1.817275,20.0,90
LOND,lond025,Control_202,19,O2,-1.797481,20.0,90
LOND,lond025,Violation_201,20,Pz,-4.188312,12.0,100
LOND,lond025,Violation_201,20,Cz,-3.444556,12.0,100
LOND,lond025,Violation_201,20,CP1,4.795421,12.0,100
LOND,lond025,Violation_201,20,CP2,1.126294,12.0,100
LOND,lond025,Violation_201,20,P3,-11.0212,12.0,100
LOND,lond025,Violation_201,20,P4,2.04096,12.0,100
LOND,lond025,Violation_201,20,C3,-3.831339,12.0,100
LOND,lond025,Violation_201,20,C4,2.395491,12.0,100
LOND,lond025,Violation_201,20,P7,-4.946463,12.0,100
LOND,lond025,Violation_201,20,P8,-1.768447,12.0,100
LOND,lond025,Violation_201,20,O1,-2.4006,12.0,100
LOND,lond025,Violation_201,20,O2,2.08731,12.0,100
LOND,lond025,Violation_201,21,Pz,-3.906259,24.0,93
LOND,lond025,Violation_201,21,Cz,0.4645488,24.0,93
LOND,lond025,Violation_201,21,CP1,2.481841,24.0,93
LOND,lond025,Violation_201,21,CP2,14.40441,24.0,93
LOND,lond025,Violation_201,21,P3,-0.3924037,24.0,93
LOND,lond025,Violation_201,21,P4,4.74043,24.0,93
LOND,lond025,Violation_201,21,C3,6.507797,24.0,93
LOND,lond025,Violation_201,21,C4,8.351824,24.0,93
LOND,lond025,Violation_201,21,P7,4.273891,24.0,93
LOND,lond025,Violation_201,21,P8,6.823577,24.0,93
LOND,lond025,Violation_201,21,O1,5.530073,24.0,93
LOND,lond025,Violation_201,21,O2,6.53922,24.0,93
LOND,lond025,Violation_201,22,Pz,8.938147,23.0,93
LOND,lond025,Violation_201,22,Cz,8.716477,23.0,93
LOND,lond025,Violation_201,22,CP1,-10.35663,23.0,93
LOND,lond025,Violation_201,22,CP2,1.143581,23.0,93
LOND,lond025,Violation_201,22,P3,-3.578899,23.0,93
LOND,lond025,Violation_201,22,P4,-3.857872,23.0,93
LOND,lond025,Violation_201,22,C3,-8.038033,23.0,93
LOND,lond025,Violation_201,22,C4,-0.61086,23.0,93
LOND,lond025,Violation_201,22,P7,0.002707861,23.0,93
LOND,lond025,Violation_201,22,P8,-3.010446,23.0,93
LOND,lond025,Violation_201,22,O1,-2.477705,23.0,93
LOND,lond025,Violation_201,22,O2,-7.006012,23.0,93
LOND,lond025,Control_202,23,Pz,0.860036,32.0,80
LOND,lond025,Control_202,23,Cz,3.464766,32.0,80
LOND,lond025,Control_202,23,CP1,1.953686,32.0,80
LOND,lond025,Control_202,23,CP2,2.543905,32.0,80
LOND,lond025,Control_202,23,P3,4.398718,32.0,80
LOND,lond025,Control_202,23,P4,-4.25763,32.0,80
LOND,lond025,Control_202,23,C3,-0.4540792,32.0,80
LOND,lond025,Control_202,23,C4,-2.561774,32.0,80
LOND,lond025,Control_202,23,P7,-0.08911315,32.0,80
LOND,lond025,Control_202,23,P8,-5.778893,32.0,80
LOND,lond025,Control_202,23,O1,3.708739,32.0,80
LOND,lond025,Control_202,23,O2,0.3222966,32.0,80
LOND,lond025,Violation_201,24,Pz,5.929794,28.0,27
LOND,lond025,Violation_201,24,Cz,9.590996,28.0,27
LOND,lond025,Violation_201,24,CP1,-0.3454092,28.0,27
LOND,lond025,Violation_201,24,CP2,8.123031,28.0,27
LOND,lond025,Violation_201,24,P3,6.424577,28.0,27
LOND,lond025,Violation_201,24,P4,-4.492732,28.0,27
LOND,lond025,Violation_201,24,C3,3.389342,28.0,27
LOND,lond025,Violation_201,24,C4,-0.728255,28.0,27
LOND,lond025,Violation_201,24,P7,-5.155857,28.0,27
LOND,lond025,Violation_201,24,P8,-1.026726,28.0,27
LOND,lond025,Violation_201,24,O1,0.9498016,28.0,27
LOND,lond025,Violation_201,24,O2,1.600752,28.0,27
LOND,lond025,Control_202,25,Pz,1.329286,27.0,97
LOND,lond025,Control_202,25,Cz,-0.04444743,27.0,97
LOND,lond025,Control_202,25,CP1,-6.918574,27.0,97
LOND,lond025,Control_202,25,CP2,-6.660201,27.0,97
LOND,lond025,Control_202,25,P3,0.001581062,27.0,97
LOND,lond025,Control_202,25,P4,-1.672485,27.0,97
LOND,lond025,Control_202,25,C3,6.275753,27.0,97
LOND,lond025,Control_202,25,C4,2.170644,27.0,97
LOND,lond025,Control_202,25,P7,1.24277,27.0,97
LOND,lond025,Control_202,25,P8,-1.571121,27.0,97
LOND,lond025,Control_202,25,O1,-2.617616,27.0,97
LOND,lond025,Control_202,25,O2,-4.022938,27.0,97
LOND,lond025,Control_202,26,Pz,7.011186,38.0,93
LOND,lond025,Control_202,26,Cz,-20.13354,38.0,93
LOND,lond025,Control_202,26,CP1,19.23428,38.0,93
LOND,lond025,Control_202,26,CP2,9.829447,38.0,93
LOND,lond025,Control_202,26,P3,4.463432,38.0,93
LOND,lond025,Control_202,26,P4,0.9899147,38.0,93
LOND,lond025,Control_202,26,C3,1.405029,38.0,93
LOND,lond025,Control_202,26,C4,-9.518762,38.0,93
LOND,lond025,Control_202,26,P7,6.88329,38.0,93
LOND,lond025,Control_202,26,P8,7.369774,38.0,93
LOND,lond025,Control_202,26,O1,9.191027,38.0,93
LOND,lond025,Control_202,26,O2,8.143123,38.0,93
LOND,lond025,Control_202,27,Pz,-3.864537,34.0,97
LOND,lond025,Control_202,27,Cz,7.781841,34.0,97
LOND,lond025,Control_202,27,CP1,-5.708521,34.0,97
LOND,lond025,Control_202,27,CP2,-1.58432,34.0,97
LOND,lond025,Control_202,27,P3,-8.339459,34.0,97
LOND,lond025,Control_202,27,P4,6.432672,34.0,97
LOND,lond025,Control_202,27,C3,-0.2072563,34.0,97
LOND,lond025,Control_202,27,C4,5.02443,34.0,97
LOND,lond025,Control_202,27,P7,0.9800841,34.0,97
LOND,lond025,Control_202,27,P8,4.192918,34.0,97
LOND,lond025,Control_202,27,O1,-2.673053,34.0,97
LOND,lond025,Control_202,27,O2,-0.2474069,34.0,97
LOND,lond025,Violation_201,28,Pz,36.70621,31.0,77
LOND,lond025,Violation_201,28,Cz,6.065045,31.0,77
LOND,lond025,Violation_201,28,CP1,19.18833,31.0,77
LOND,lond025,Violation_201,28,CP2,13.95349,31.0,77
LOND,lond025,Violation_201,28,P3,4.290308,31.0,77
LOND,lond025,Violation_201,28,P4,23.16107,31.0,77
LOND,lond025,Violation_201,28,C3,4.662222,31.0,77
LOND,lond025,Violation_201,28,C4,16.06922,31.0,77
LOND,lond025,Violation_201,28,P7,-4.909055,31.0,77
LOND,lond025,Violation_201,28,P8,-7.017792,31.0,77
LOND,lond025,Violation_201,28,O1,-17.19008,31.0,77
LOND,lond025,Violation_201,28,O2,-17.23989,31.0,77
LOND,lond025,Control_202,29,Pz,-12.27028,33.0,53
LOND,lond025,Control_202,29,Cz,-10.60715,33.0,53
LOND,lond025,Control_202,29,CP1,8.024148,33.0,53
LOND,lond025,Control_202,29,CP2,5.256102,33.0,53
LOND,lond025,Control_202,29,P3,-9.262887,33.0,53
LOND,lond025,Control_202,29,P4,0.7640601,33.0,53
LOND,lond025,Control_202,29,C3,-0.2050537,33.0,53
LOND,lond025,Control_202,29,C4,-3.667272,33.0,53
LOND,lond025,Control_202,29,P7,-7.904962,33.0,53
LOND,lond025,Control_202,29,P8,-6.080671,33.0,53
LOND,lond025,Control_202,29,O1,3.757528,33.0,53
LOND,lond025,Control_202,29,O2,0.3000165,33.0,53
LOND,lond025,Control_202,30,Pz,-14.82919,26.0,87
LOND,lond025,Control_202,30,Cz,-19.34248,26.0,87
LOND,lond025,Control_202,30,CP1,-8.968406,26.0,87
LOND,lond025,Control_202,30,CP2,-18.54584,26.0,87
LOND,lond025,Control_202,30,P3,-5.529974,26.0,87
LOND,lond025,Control_202,30,P4,0.2021536,26.0,87
LOND,lond025,Control_202,30,C3,-20.62921,26.0,87
LOND,lond025,Control_202,30,C4,-19.035,26.0,87
LOND,lond025,Control_202,30,P7,-2.425848,26.0,87
LOND,lond025,Control_202,30,P8,2.608077,26.0,87
LOND,lond025,Control_202,30,O1,1.090919,26.0,87
LOND,lond025,Control_202,30,O2,6.81515,26.0,87
LOND,lond025,Violation_201,31,Pz,18.19496,25.0,97
LOND,lond025,Violation_201,31,Cz,6.367108,25.0,97
LOND,lond025,Violation_201,31,CP1,-2.410722,25.0,97
LOND,lond025,Violation_201,31,CP2,4.53797,25.0,97
LOND,lond025,Violation_201,31,P3,22.03878,25.0,97
LOND,lond025,Violation_201,31,P4,16.43744,25.0,97
LOND,lond025,Violation_201,31,C3,6.234118,25.0,97
LOND,lond025,Violation_201,31,C4,9.551491,25.0,97
LOND,lond025,Violation_201,31,P7,12.70397,25.0,97
LOND,lond025,Violation_201,31,P8,4.184909,25.0,97
LOND,lond025,Violation_201,31,O1,5.287016,25.0,97
LOND,lond025,Violation_201,31,O2,2.755356,25.0,97
LOND,lond025,Control_202,32,Pz,-5.522415,37.0,80
LOND,lond025,Control_202,32,Cz,-3.44965,37.0,80
LOND,lond025,Control_202,32,CP1,-3.096354,37.0,80
LOND,lond025,Control_202,32,CP2,-2.032887,37.0,80
LOND,lond025,Control_202,32,P3,-1.011184,37.0,80
LOND,lond025,Control_202,32,P4,2.682369,37.0,80
LOND,lond025,Control_202,32,C3,3.42728,37.0,80
LOND,lond025,Control_202,32,C4,-1.027459,37.0,80
LOND,lond025,Control_202,32,P7,3.586777,37.0,80
LOND,lond025,Control_202,32,P8,40.23851,37.0,80
LOND,lond025,Control_202,32,O1,14.53378,37.0,80
LOND,lond025,Control_202,32,O2,26.15696,37.0,80
LOND,lond025,Violation_201,33,Pz,-3.138072,21.0,77
LOND,lond025,Violation_201,33,Cz,-4.24966,21.0,77
LOND,lond025,Violation_201,33,CP1,-11.11333,21.0,77
LOND,lond025,Violation_201,33,CP2,-14.55651,21.0,77
LOND,lond025,Violation_201,33,P3,-9.151777,21.0,77
LOND,lond025,Violation_201,33,P4,-9.738347,21.0,77
LOND,lond025,Violation_201,33,C3,-6.429612,21.0,77
LOND,lond025,Violation_201,33,C4,-3.795063,21.0,77
LOND,lond025,Violation_201,33,P7,-7.074436,21.0,77
LOND,lond025,Violation_201,33,P8,-12.44865,21.0,77
LOND,lond025,Violation_201,33,O1,-8.638932,21.0,77
LOND,lond025,Violation_201,33,O2,-10.70038,21.0,77
LOND,lond025,Control_202,34,Pz,-0.03499755,29.0,90
LOND,lond025,Control_202,34,Cz,3.176494,29.0,90
LOND,lond025,Control_202,34,CP1,-4.69546,29.0,90
LOND,lond025,Control_202,34,CP2,-10.08534,29.0,90
LOND,lond025,Control_202,34,P3,-4.377594,29.0,90
LOND,lond025,Control_202,34,P4,-12.79273,29.0,90
LOND,lond025,Control_202,34,C3,-6.22954,29.0,90
LOND,lond025,Control_202,34,C4,-10.47883,29.0,90
LOND,lond025,Control_202,34,P7,-8.157331,29.0,90
LOND,lond025,Control_202,34,P8,-11.51409,29.0,90
LOND,lond025,Control_202,34,O1,-12.35646,29.0,90
LOND,lond025,Control_202,34,O2,-10.49186,29.0,90
LOND,lond025,Violation_201,35,Pz,10.42491,40.0,93
LOND,lond025,Violation_201,35,Cz,-20.02427,40.0,93
LOND,lond025,Violation_201,35,CP1,-1.583113,40.0,93
LOND,lond025,Violation_201,35,CP2,-8.405724,40.0,93
LOND,lond025,Violation_201,35,P3,2.813072,40.0,93
LOND,lond025,Violation_201,35,P4,3.912557,40.0,93
LOND,lond025,Violation_201,35,C3,-8.961346,40.0,93
LOND,lond025,Violation_201,35,C4,-3.808523,40.0,93
LOND,lond025,Violation_201,35,P7,4.960867,40.0,93
LOND,lond025,Violation_201,35,P8,6.127396,40.0,93
LOND,lond025,Violation_201,35,O1,4.201931,40.0,93
LOND,lond025,Violation_201,35,O2,7.131795,40.0,93
LOND,lond025,Control_202,36,Pz,25.7088,22.0,53
LOND,lond025,Control_202,36,Cz,35.51073,22.0,53
LOND,lond025,Control_202,36,CP1,35.51705,22.0,53
LOND,lond025,Control_202,36,CP2,38.93484,22.0,53
LOND,lond025,Control_202,36,P3,23.011,22.0,53
LOND,lond025,Control_202,36,P4,19.88394,22.0,53
LOND,lond025,Control_202,36,C3,43.92409,22.0,53
LOND,lond025,Control_202,36,C4,37.51509,22.0,53
LOND,lond025,Control_202,36,P7,18.54579,22.0,53
LOND,lond025,Control_202,36,P8,10.51127,22.0,53
LOND,lond025,Control_202,36,O1,5.253686,22.0,53
LOND,lond025,Control_202,36,O2,6.821133,22.0,53
LOND,lond025,Control_202,37,Pz,-0.3037679,30.0,90
LOND,lond025,Control_202,37,Cz,-11.23453,30.0,90
LOND,lond025,Control_202,37,CP1,5.505692,30.0,90
LOND,lond025,Control_202,37,CP2,3.215638,30.0,90
LOND,lond025,Control_202,37,P3,-4.954671,30.0,90
LOND,lond025,Control_202,37,P4,1.276945,30.0,90
LOND,lond025,Control_202,37,C3,-0.3262772,30.0,90
LOND,lond025,Control_202,37,C4,0.6236088,30.0,90
LOND,lond025,Control_202,37,P7,0.9491217,30.0,90
LOND,lond025,Control_202,37,P8,-3.186067,30.0,90
LOND,lond025,Control_202,37,O1,5.203591,30.0,90
LOND,lond025,Control_202,37,O2,1.696345,30.0,90
LOND,lond025,Violation_201,38,Pz,9.161016,39.0,97
LOND,lond025,Violation_201,38,Cz,8.221448,39.0,97
LOND,lond025,Violation_201,38,CP1,-1.334817,39.0,97
LOND,lond025,Violation_201,38,CP2,6.263247,39.0,97
LOND,lond025,Violation_201,38,P3,3.960192,39.0,97
LOND,lond025,Violation_201,38,P4,-2.896008,39.0,97
LOND,lond025,Violation_201,38,C3,9.60356,39.0,97
LOND,lond025,Violation_201,38,C4,-0.4628069,39.0,97
LOND,lond025,Violation_201,38,P7,-16.2024,39.0,97
LOND,lond025,Violation_201,38,P8,-13.77469,39.0,97
LOND,lond025,Violation_201,38,O1,-6.718969,39.0,97
LOND,lond025,Violation_201,38,O2,-8.121419,39.0,97
LOND,lond025,Violation_201,39,Pz,11.42954,36.0,77
LOND,lond025,Violation_201,39,Cz,7.977756,36.0,77
LOND,lond025,Violation_201,39,CP1,-1.905852,36.0,77
LOND,lond025,Violation_201,39,CP2,6.341344,36.0,77
LOND,lond025,Violation_201,39,P3,12.90025,36.0,77
LOND,lond025,Violation_201,39,P4,3.015724,36.0,77
LOND,lond025,Violation_201,39,C3,3.378977,36.0,77
LOND,lond025,Violation_201,39,C4,-0.4640668,36.0,77
LOND,lond025,Violation_201,39,P7,6.654005,36.0,77
LOND,lond025,Violation_201,39,P8,1.80301,36.0,77
LOND,lond025,Violation_201,39,O1,-5.277552,36.0,77
LOND,lond025,Violation_201,39,O2,11.45194,36.0,77
LOND,lond026,Violation_201,1,Pz,5.318569,4.0,93
LOND,lond026,Violation_201,1,Cz,2.867789,4.0,93
LOND,lond026,Violation_201,1,CP1,-0.5054974,4.0,93
LOND,lond026,Violation_201,1,CP2,-0.1954511,4.0,93
LOND,lond026,Violation_201,1,P3,-0.5891497,4.0,93
LOND,lond026,Violation_201,1,P4,6.054925,4.0,93
LOND,lond026,Violation_201,1,C3,0.3719653,4.0,93
LOND,lond026,Violation_201,1,C4,1.825744,4.0,93
LOND,lond026,Violation_201,1,P7,2.251899,4.0,93
LOND,lond026,Violation_201,1,P8,3.749099,4.0,93
LOND,lond026,Violation_201,1,O1,-3.211052,4.0,93
LOND,lond026,Violation_201,1,O2,-5.330598,4.0,93
LOND,lond026,Violation_201,2,Pz,-3.245124,11.0,87
LOND,lond026,Violation_201,2,Cz,-18.89478,11.0,87
LOND,lond026,Violation_201,2,CP1,-7.976264,11.0,87
LOND,lond026,Violation_201,2,CP2,-11.18444,11.0,87
LOND,lond026,Violation_201,2,P3,0.8138413,11.0,87
LOND,lond026,Violation_201,2,P4,3.961106,11.0,87
LOND,lond026,Violation_201,2,C3,-3.890101,11.0,87
LOND,lond026,Violation_201,2,C4,-9.43061,11.0,87
LOND,lond026,Violation_201,2,P7,8.09379,11.0,87
LOND,lond026,Violation_201,2,P8,13.42241,11.0,87
LOND,lond026,Violation_201,2,O1,-9.89641,11.0,87
LOND,lond026,Violation_201,2,O2,-3.553015,11.0,87
LOND,lond026,Control_202,3,Pz,15.18189,1.0,97
LOND,lond026,Control_202,3,Cz,-1.652183,1.0,97
LOND,lond026,Control_202,3,CP1,-2.199404,1.0,97
LOND,lond026,Control_202,3,CP2,9.505358,1.0,97
LOND,lond026,Control_202,3,P3,-1.433851,1.0,97
LOND,lond026,Control_202,3,P4,12.43158,1.0,97
LOND,lond026,Control_202,3,C3,-2.031049,1.0,97
LOND,lond026,Control_202,3,C4,-0.3185119,1.0,97
LOND,lond026,Control_202,3,P7,-0.5771295,1.0,97
LOND,lond026,Control_202,3,P8,-16.40702,1.0,97
LOND,lond026,Control_202,3,O1,2.063685,1.0,97
LOND,lond026,Control_202,3,O2,5.28305,1.0,97
LOND,lond026,Control_202,4,Pz,4.161189,20.0,90
LOND,lond026,Control_202,4,Cz,0.2831227,20.0,90
LOND,lond026,Control_202,4,CP1,3.217557,20.0,90
LOND,lond026,Control_202,4,CP2,3.655257,20.0,90
LOND,lond026,Control_202,4,P3,1.177323,20.0,90
LOND,lond026,Control_202,4,P4,15.06256,20.0,90
LOND,lond026,Control_202,4,C3,-0.9646751,20.0,90
LOND,lond026,Control_202,4,C4,1.031994,20.0,90
LOND,lond026,Control_202,4,P7,-0.284548,20.0,90
LOND,lond026,Control_202,4,P8,-15.24425,20.0,90
LOND,lond026,Control_202,4,O1,-2.806368,20.0,90
LOND,lond026,Control_202,4,O2,0.8616968,20.0,90
LOND,lond026,Violation_201,5,Pz,9.926863,14.0,90
LOND,lond026,Violation_201,5,Cz,2.295681,14.0,90
LOND,lond026,Violation_201,5,CP1,11.60875,14.0,90
LOND,lond026,Violation_201,5,CP2,10.04483,14.0,90
LOND,lond026,Violation_201,5,P3,9.543542,14.0,90
LOND,lond026,Violation_201,5,P4,10.86831,14.0,90
LOND,lond026,Violation_201,5,C3,0.5270321,14.0,90
LOND,lond026,Violation_201,5,C4,5.423239,14.0,90
LOND,lond026,Violation_201,5,P7,2.340447,14.0,90
LOND,lond026,Violation_201,5,P8,11.04881,14.0,90
LOND,lond026,Violation_201,5,O1,10.92698,14.0,90
LOND,lond026,Violation_201,5,O2,9.874637,14.0,90
LOND,lond026,Control_202,6,Pz,3.769446,12.0,100
LOND,lond026,Control_202,6,Cz,13.92806,12.0,100
LOND,lond026,Control_202,6,CP1,7.007168,12.0,100
LOND,lond026,Control_202,6,CP2,17.38286,12.0,100
LOND,lond026,Control_202,6,P3,4.98392,12.0,100
LOND,lond026,Control_202,6,P4,15.60631,12.0,100
LOND,lond026,Control_202,6,C3,5.44296,12.0,100
LOND,lond026,Control_202,6,C4,9.669766,12.0,100
LOND,lond026,Control_202,6,P7,-17.97703,12.0,100
LOND,lond026,Control_202,6,P8,0.162132,12.0,100
LOND,lond026,Control_202,6,O1,1.454102,12.0,100
LOND,lond026,Control_202,6,O2,-0.1694113,12.0,100
LOND,lond026,Violation_201,7,Pz,31.87947,6.0,100
LOND,lond026,Violation_201,7,Cz,15.6842,6.0,100
LOND,lond026,Violation_201,7,CP1,6.208421,6.0,100
LOND,lond026,Violation_201,7,CP2,21.54207,6.0,100
LOND,lond026,Violation_201,7,P3,16.53691,6.0,100
LOND,lond026,Violation_201,7,P4,14.85361,6.0,100
LOND,lond026,Violation_201,7,C3,10.2912,6.0,100
LOND,lond026,Violation_201,7,C4,19.87004,6.0,100
LOND,lond026,Violation_201,7,P7,20.27712,6.0,100
LOND,lond026,Violation_201,7,P8,11.88198,6.0,100
LOND,lond026,Violation_201,7,O1,8.585315,6.0,100
LOND,lond026,Violation_201,7,O2,8.687753,6.0,100
LOND,lond026,Violation_201,8,Pz,-4.281996,15.0,90
LOND,lond026,Violation_201,8,Cz,-3.704204,15.0,90
LOND,lond026,Violation_201,8,CP1,-2.915763,15.0,90
LOND,lond026,Violation_201,8,CP2,3.632963,15.0,90
LOND,lond026,Violation_201,8,P3,-8.305271,15.0,90
LOND,lond026,Violation_201,8,P4,-6.33673,15.0,90
LOND,lond026,Violation_201,8,C3,-3.523403,15.0,90
LOND,lond026,Violation_201,8,C4,-1.465829,15.0,90
LOND,lond026,Violation_201,8,P7,-8.706479,15.0,90
LOND,lond026,Violation_201,8,P8,1.12325,15.0,90
LOND,lond026,Violation_201,8,O1,-8.02119,15.0,90
LOND,lond026,Violation_201,8,O2,-9.306501,15.0,90
LOND,lond026,Control_202,9,Pz,0.3684824,7.0,80
LOND,lond026,Control_202,9,Cz,-3.255447,7.0,80
LOND,lond026,Control_202,9,CP1,-2.964542,7.0,80
LOND,lond026,Control_202,9,CP2,2.287636,7.0,80
LOND,lond026,Control_202,9,P3,2.59874,7.0,80
LOND,lond026,Control_202,9,P4,-0.3661515,7.0,80
LOND,lond026,Control_202,9,C3,-8.373467,7.0,80
LOND,lond026,Control_202,9,C4,3.987288,7.0,80
LOND,lond026,Control_202,9,P7,-6.081141,7.0,80
LOND,lond026,Control_202,9,P8,-11.85585,7.0,80
LOND,lond026,Control_202,9,O1,2.342675,7.0,80
LOND,lond026,Control_202,9,O2,-3.795682,7.0,80
LOND,lond026,Violation_201,10,Pz,11.13186,9.0,93
LOND,lond026,Violation_201,10,Cz,2.013973,9.0,93
LOND,lond026,Violation_201,10,CP1,3.115735,9.0,93
LOND,lond026,Violation_201,10,CP2,2.162091,9.0,93
LOND,lond026,Violation_201,10,P3,1.773558,9.0,93
LOND,lond026,Violation_201,10,P4,-5.808418,9.0,93
LOND,lond026,Violation_201,10,C3,1.766628,9.0,93
LOND,lond026,Violation_201,10,C4,-2.595227,9.0,93
LOND,lond026,Violation_201,10,P7,4.984966,9.0,93
LOND,lond026,Violation_201,10,P8,5.688549,9.0,93
LOND,lond026,Violation_201,10,O1,8.509311,9.0,93
LOND,lond026,Violation_201,10,O2,4.596907,9.0,93
LOND,lond026,Control_202,11,Pz,13.85979,16.0,93
LOND,lond026,Control_202,11,Cz,10.08876,16.0,93
LOND,lond026,Control_202,11,CP1,9.682684,16.0,93
LOND,lond026,Control_202,11,CP2,2.386878,16.0,93
LOND,lond026,Control_202,11,P3,3.068312,16.0,93
LOND,lond026,Control_202,11,P4,-3.583275,16.0,93
LOND,lond026,Control_202,11,C3,12.19465,16.0,93
LOND,lond026,Control_202,11,C4,7.045493,16.0,93
LOND,lond026,Control_202,11,P7,10.07732,16.0,93
LOND,lond026,Control_202,11,P8,-3.347398,16.0,93
LOND,lond026,Control_202,11,O1,2.50056,16.0,93
LOND,lond026,Control_202,11,O2,-0.2445711,16.0,93
LOND,lond026,Violation_201,12,Pz,2.140167,17.0,62
LOND,lond026,Violation_201,12,Cz,-2.680821,17.0,62
LOND,lond026,Violation_201,12,CP1,-1.448142,17.0,62
LOND,lond026,Violation_201,12,CP2,-0.6630751,17.0,62
LOND,lond026,Violation_201,12,P3,-3.520275,17.0,62
LOND,lond026,Violation_201,12,P4,-9.986996,17.0,62
LOND,lond026,Violation_201,12,C3,1.743346,17.0,62
LOND,lond026,Violation_201,12,C4,-8.33001,17.0,62
LOND,lond026,Violation_201,12,P7,-7.435843,17.0,62
LOND,lond026,Violation_201,12,P8,11.45636,17.0,62
LOND,lond026,Violation_201,12,O1,-0.0975291,17.0,62
LOND,lond026,Violation_201,12,O2,-5.412251,17.0,62
LOND,lond026,Violation_201,13,Pz,-11.57803,19.0,100
LOND,lond026,Violation_201,13,Cz,-8.965123,19.0,100
LOND,lond026,Violation_201,13,CP1,-10.8862,19.0,100
LOND,lond026,Violation_201,13,CP2,-14.28061,19.0,100
LOND,lond026,Violation_201,13,P3,-7.084021,19.0,100
LOND,lond026,Violation_201,13,P4,-5.675982,19.0,100
LOND,lond026,Violation_201,13,C3,-6.803141,19.0,100
LOND,lond026,Violation_201,13,C4,-5.644131,19.0,100
LOND,lond026,Violation_201,13,P7,-4.81683,19.0,100
LOND,lond026,Violation_201,13,P8,25.02718,19.0,100
LOND,lond026,Violation_201,13,O1,-6.710535,19.0,100
LOND,lond026,Violation_201,13,O2,-7.846869,19.0,100
LOND,lond026,Control_202,14,Pz,-46.3041,2.0,100
LOND,lond026,Control_202,14,Cz,6.013826,2.0,100
LOND,lond026,Control_202,14,CP1,12.67475,2.0,100
LOND,lond026,Control_202,14,CP2,7.73437,2.0,100
LOND,lond026,Control_202,14,P3,11.08835,2.0,100
LOND,lond026,Control_202,14,P4,14.17032,2.0,100
LOND,lond026,Control_202,14,C3,8.157642,2.0,100
LOND,lond026,Control_202,14,C4,9.537162,2.0,100
LOND,lond026,Control_202,14,P7,3.52064,2.0,100
LOND,lond026,Control_202,14,P8,-13.89887,2.0,100
LOND,lond026,Control_202,14,O1,21.73426,2.0,100
LOND,lond026,Control_202,14,O2,12.50785,2.0,100
LOND,lond026,Violation_201,15,Pz,-6.258452,13.0,97
LOND,lond026,Violation_201,15,Cz,-5.434273,13.0,97
LOND,lond026,Violation_201,15,CP1,-2.314419,13.0,97
LOND,lond026,Violation_201,15,CP2,-14.89184,13.0,97
LOND,lond026,Violation_201,15,P3,0.5620273,13.0,97
LOND,lond026,Violation_201,15,P4,-22.18678,13.0,97
LOND,lond026,Violation_201,15,C3,-3.081162,13.0,97
LOND,lond026,Violation_201,15,C4,0.1713543,13.0,97
LOND,lond026,Violation_201,15,P7,-2.126619,13.0,97
LOND,lond026,Violation_201,15,P8,-14.36487,13.0,97
LOND,lond026,Violation_201,15,O1,0.7180076,13.0,97
LOND,lond026,Violation_201,15,O2,1.207226,13.0,97
LOND,lond026,Violation_201,16,Pz,22.06851,8.0,97
LOND,lond026,Violation_201,16,Cz,9.474503,8.0,97
LOND,lond026,Violation_201,16,CP1,5.283202,8.0,97
LOND,lond026,Violation_201,16,CP2,14.49721,8.0,97
LOND,lond026,Violation_201,16,P3,9.848607,8.0,97
LOND,lond026,Violation_201,16,P4,16.51478,8.0,97
LOND,lond026,Violation_201,16,C3,5.560935,8.0,97
LOND,lond026,Violation_201,16,C4,18.82386,8.0,97
LOND,lond026,Violation_201,16,P7,6.674155,8.0,97
LOND,lond026,Violation_201,16,P8,-0.9141736,8.0,97
LOND,lond026,Violation_201,16,O1,29.91853,8.0,97
LOND,lond026,Violation_201,16,O2,18.20914,8.0,97
LOND,lond026,Control_202,17,Pz,-15.69621,3.0,100
LOND,lond026,Control_202,17,Cz,-13.2274,3.0,100
LOND,lond026,Control_202,17,CP1,-5.071955,3.0,100
LOND,lond026,Control_202,17,CP2,-12.33746,3.0,100
LOND,lond026,Control_202,17,P3,-24.55352,3.0,100
LOND,lond026,Control_202,17,P4,-19.35485,3.0,100
LOND,lond026,Control_202,17,C3,-11.39949,3.0,100
LOND,lond026,Control_202,17,C4,-21.34974,3.0,100
LOND,lond026,Control_202,17,P7,-22.28816,3.0,100
LOND,lond026,Control_202,17,P8,-24.8605,3.0,100
LOND,lond026,Control_202,17,O1,-19.3607,3.0,100
LOND,lond026,Control_202,17,O2,-11.86963,3.0,100
LOND,lond026,Violation_201,18,Pz,-3.622327,18.0,87
LOND,lond026,Violation_201,18,Cz,-17.91625,18.0,87
LOND,lond026,Violation_201,18,CP1,-14.39022,18.0,87
LOND,lond026,Violation_201,18,CP2,-12.90251,18.0,87
LOND,lond026,Violation_201,18,P3,-19.54712,18.0,87
LOND,lond026,Violation_201,18,P4,-8.324566,18.0,87
LOND,lond026,Violation_201,18,C3,-19.47857,18.0,87
LOND,lond026,Violation_201,18,C4,-15.21622,18.0,87
LOND,lond026,Violation_201,18,P7,-20.31997,18.0,87
LOND,lond026,Violation_201,18,P8,-21.61662,18.0,87
LOND,lond026,Violation_201,18,O1,-35.17152,18.0,87
LOND,lond026,Violation_201,18,O2,-8.673305,18.0,87
LOND,lond026,Control_202,19,Pz,-5.066895,10.0,80
LOND,lond026,Control_202,19,Cz,-1.862549,10.0,80
LOND,lond026,Control_202,19,CP1,-7.360184,10.0,80
LOND,lond026,Control_202,19,CP2,-10.94503,10.0,80
LOND,lond026,Control_202,19,P3,-16.64726,10.0,80
LOND,lond026,Control_202,19,P4,-1.796433,10.0,80
LOND,lond026,Control_202,19,C3,-10.95922,10.0,80
LOND,lond026,Control_202,19,C4,-1.003456,10.0,80
LOND,lond026,Control_202,19,P7,-6.491739,10.0,80
LOND,lond026,Control_202,19,P8,9.145609,10.0,80
LOND,lond026,Control_202,19,O1,-1.105677,10.0,80
LOND,lond026,Control_202,19,O2,3.929812,10.0,80
LOND,lond026,Violation_201,20,Pz,1.641858,5.0,93
LOND,lond026,Violation_201,20,Cz,2.803372,5.0,93
LOND,lond026,Violation_201,20,CP1,-1.801464,5.0,93
LOND,lond026,Violation_201,20,CP2,-6.048684,5.0,93
LOND,lond026,Violation_201,20,P3,3.702197,5.0,93
LOND,lond026,Violation_201,20,P4,32.34128,5.0,93
LOND,lond026,Violation_201,20,C3,3.066454,5.0,93
LOND,lond026,Violation_201,20,C4,-4.390708,5.0,93
LOND,lond026,Violation_201,20,P7,-9.653982,5.0,93
LOND,lond026,Violation_201,20,P8,-25.74238,5.0,93
LOND,lond026,Violation_201,20,O1,0.009940246,5.0,93
LOND,lond026,Violation_201,20,O2,-4.83623,5.0,93
LOND,lond026,Control_202,21,Pz,9.804371,32.0,80
LOND,lond026,Control_202,21,Cz,2.424298,32.0,80
LOND,lond026,Control_202,21,CP1,6.126079,32.0,80
LOND,lond026,Control_202,21,CP2,7.303361,32.0,80
LOND,lond026,Control_202,21,P3,0.6121206,32.0,80
LOND,lond026,Control_202,21,P4,4.848356,32.0,80
LOND,lond026,Control_202,21,C3,5.624714,32.0,80
LOND,lond026,Control_202,21,C4,1.021216,32.0,80
LOND,lond026,Control_202,21,P7,8.086663,32.0,80
LOND,lond026,Control_202,21,P8,-54.29634,32.0,80
LOND,lond026,Control_202,21,O1,5.027972,32.0,80
LOND,lond026,Control_202,21,O2,17.57171,32.0,80
LOND,lond026,Violation_201,22,Pz,-23.77857,29.0,90
LOND,lond026,Violation_201,22,Cz,-20.86178,29.0,90
LOND,lond026,Violation_201,22,CP1,-3.984243,29.0,90
LOND,lond026,Violation_201,22,CP2,-11.99335,29.0,90
LOND,lond026,Violation_201,22,P3,-8.789338,29.0,90
LOND,lond026,Violation_201,22,P4,-24.5508,29.0,90
LOND,lond026,Violation_201,22,C3,-15.48091,29.0,90
LOND,lond026,Violation_201,22,C4,-18.84798,29.0,90
LOND,lond026,Violation_201,22,P7,-8.296234,29.0,90
LOND,lond026,Violation_201,22,P8,-23.21269,29.0,90
LOND,lond026,Violation_201,22,O1,-12.67206,29.0,90
LOND,lond026,Violation_201,22,O2,-8.173556,29.0,90
LOND,lond026,Violation_201,23,Pz,-1.97738,25.0,97
LOND,lond026,Violation_201,23,Cz,6.187213,25.0,97
LOND,lond026,Violation_201,23,CP1,2.159501,25.0,97
LOND,lond026,Violation_201,23,CP2,2.362816,25.0,97
LOND,lond026,Violation_201,23,P3,5.830182,25.0,97
LOND,lond026,Violation_201,23,P4,0.03155418,25.0,97
LOND,lond026,Violation_201,23,C3,5.546779,25.0,97
LOND,lond026,Violation_201,23,C4,-1.062988,25.0,97
LOND,lond026,Violation_201,23,P7,-1.874418,25.0,97
LOND,lond026,Violation_201,23,P8,5.903969,25.0,97
LOND,lond026,Violation_201,23,O1,0.08974916,25.0,97
LOND,lond026,Violation_201,23,O2,0.4056395,25.0,97
LOND,lond026,Control_202,24,Pz,-0.4437932,34.0,97
LOND,lond026,Control_202,24,Cz,-8.259591,34.0,97
LOND,lond026,Control_202,24,CP1,-8.63113,34.0,97
LOND,lond026,Control_202,24,CP2,-0.5807785,34.0,97
LOND,lond026,Control_202,24,P3,-3.762973,34.0,97
LOND,lond026,Control_202,24,P4,7.976155,34.0,97
LOND,lond026,Control_202,24,C3,-1.291253,34.0,97
LOND,lond026,Control_202,24,C4,-1.958428,34.0,97
LOND,lond026,Control_202,24,P7,-4.199825,34.0,97
LOND,lond026,Control_202,24,P8,-7.105684,34.0,97
LOND,lond026,Control_202,24,O1,-9.248301,34.0,97
LOND,lond026,Control_202,24,O2,-5.051439,34.0,97
LOND,lond026,Violation_201,25,Pz,-2.543764,36.0,77
LOND,lond026,Violation_201,25,Cz,-4.172612,36.0,77
LOND,lond026,Violation_201,25,CP1,-2.817075,36.0,77
LOND,lond026,Violation_201,25,CP2,-2.678127,36.0,77
LOND,lond026,Violation_201,25,P3,-1.445726,36.0,77
LOND,lond026,Violation_201,25,P4,0.2296291,36.0,77
LOND,lond026,Violation_201,25,C3,-5.037182,36.0,77
LOND,lond026,Violation_201,25,C4,1.781401,36.0,77
LOND,lond026,Violation_201,25,P7,-8.044838,36.0,77
LOND,lond026,Violation_201,25,P8,9.663302,36.0,77
LOND,lond026,Violation_201,25,O1,-4.108651,36.0,77
LOND,lond026,Violation_201,25,O2,-5.748088,36.0,77
LOND,lond026,Control_202,26,Pz,9.956175,40.0,93
LOND,lond026,Control_202,26,Cz,10.60197,40.0,93
LOND,lond026,Control_202,26,CP1,13.04138,40.0,93
LOND,lond026,Control_202,26,CP2,17.1669,40.0,93
LOND,lond026,Control_202,26,P3,7.470438,40.0,93
LOND,lond026,Control_202,26,P4,21.99792,40.0,93
LOND,lond026,Control_202,26,C3,11.89932,40.0,93
LOND,lond026,Control_202,26,C4,16.81493,40.0,93
LOND,lond026,Control_202,26,P7,0.9244621,40.0,93
LOND,lond026,Control_202,26,P8,13.65005,40.0,93
LOND,lond026,Control_202,26,O1,8.008491,40.0,93
LOND,lond026,Control_202,26,O2,3.446096,40.0,93
LOND,lond026,Violation_201,27,Pz,12.16071,30.0,90
LOND,lond026,Violation_201,27,Cz,3.061545,30.0,90
LOND,lond026,Violation_201,27,CP1,2.461042,30.0,90
LOND,lond026,Violation_201,27,CP2,7.906723,30.0,90
LOND,lond026,Violation_201,27,P3,7.097807,30.0,90
LOND,lond026,Violation_201,27,P4,4.081307,30.0,90
LOND,lond026,Violation_201,27,C3,0.7492406,30.0,90
LOND,lond026,Violation_201,27,C4,0.3510884,30.0,90
LOND,lond026,Violation_201,27,P7,0.8366893,30.0,90
LOND,lond026,Violation_201,27,P8,-9.886519,30.0,90
LOND,lond026,Violation_201,27,O1,-1.151477,30.0,90
LOND,lond026,Violation_201,27,O2,13.1099,30.0,90
LOND,lond026,Control_202,28,Pz,-10.61847,39.0,97
LOND,lond026,Control_202,28,Cz,-11.85171,39.0,97
LOND,lond026,Control_202,28,CP1,-6.754653,39.0,97
LOND,lond026,Control_202,28,CP2,-6.564713,39.0,97
LOND,lond026,Control_202,28,P3,-5.03091,39.0,97
LOND,lond026,Control_202,28,P4,-3.396281,39.0,97
LOND,lond026,Control_202,28,C3,-10.41798,39.0,97
LOND,lond026,Control_202,28,C4,-7.299383,39.0,97
LOND,lond026,Control_202,28,P7,-14.08335,39.0,97
LOND,lond026,Control_202,28,P8,-9.378383,39.0,97
LOND,lond026,Control_202,28,O1,-2.070658,39.0,97
LOND,lond026,Control_202,28,O2,-11.63204,39.0,97
LOND,lond026,Control_202,29,Pz,-4.186296,35.0,97
LOND,lond026,Control_202,29,Cz,-11.87858,35.0,97
LOND,lond026,Control_202,29,CP1,-4.923573,35.0,97
LOND,lond026,Control_202,29,CP2,4.412684,35.0,97
LOND,lond026,Control_202,29,P3,-10.61648,35.0,97
LOND,lond026,Control_202,29,P4,-22.40663,35.0,97
LOND,lond026,Control_202,29,C3,-8.252164,35.0,97
LOND,lond026,Control_202,29,C4,-5.26561,35.0,97
LOND,lond026,Control_202,29,P7,-23.50448,35.0,97
LOND,lond026,Control_202,29,P8,-14.16961,35.0,97
LOND,lond026,Control_202,29,O1,-16.46224,35.0,97
LOND,lond026,Control_202,29,O2,-23.03302,35.0,97
LOND,lond026,Control_202,30,Pz,0.4400522,23.0,93
LOND,lond026,Control_202,30,Cz,0.4207618,23.0,93
LOND,lond026,Control_202,30,CP1,-0.3792026,23.0,93
LOND,lond026,Control_202,30,CP2,5.082968,23.0,93
LOND,lond026,Control_202,30,P3,9.223666,23.0,93
LOND,lond026,Control_202,30,P4,6.432232,23.0,93
LOND,lond026,Control_202,30,C3,3.642154,23.0,93
LOND,lond026,Control_202,30,C4,4.570109,23.0,93
LOND,lond026,Control_202,30,P7,13.30652,23.0,93
LOND,lond026,Control_202,30,P8,10.92216,23.0,93
LOND,lond026,Control_202,30,O1,24.51884,23.0,93
LOND,lond026,Control_202,30,O2,3.076909,23.0,93
LOND,lond026,Control_202,31,Pz,14.76459,27.0,97
LOND,lond026,Control_202,31,Cz,15.77355,27.0,97
LOND,lond026,Control_202,31,CP1,15.27573,27.0,97
LOND,lond026,Control_202,31,CP2,11.31062,27.0,97
LOND,lond026,Control_202,31,P3,20.24731,27.0,97
LOND,lond026,Control_202,31,P4,20.60425,27.0,97
LOND,lond026,Control_202,31,C3,15.82658,27.0,97
LOND,lond026,Control_202,31,C4,18.55272,27.0,97
LOND,lond026,Control_202,31,P7,6.671831,27.0,97
LOND,lond026,Control_202,31,P8,16.30807,27.0,97
LOND,lond026,Control_202,31,O1,12.18095,27.0,97
LOND,lond026,Control_202,31,O2,-1.47139,27.0,97
LOND,lond026,Control_202,32,Pz,-12.09608,33.0,53
LOND,lond026,Control_202,32,Cz,-23.33619,33.0,53
LOND,lond026,Control_202,32,CP1,-28.13948,33.0,53
LOND,lond026,Control_202,32,CP2,-17.0318,33.0,53
LOND,lond026,Control_202,32,P3,-22.48388,33.0,53
LOND,lond026,Control_202,32,P4,-8.832575,33.0,53
LOND,lond026,Control_202,32,C3,-26.24856,33.0,53
LOND,lond026,Control_202,32,C4,-23.79416,33.0,53
LOND,lond026,Control_202,32,P7,-15.63782,33.0,53
LOND,lond026,Control_202,32,P8,-0.6205227,33.0,53
LOND,lond026,Control_202,32,O1,-14.51276,33.0,53
LOND,lond026,Control_202,32,O2,-19.42807,33.0,53
LOND,lond026,Violation_201,33,Pz,-3.21269,28.0,27
LOND,lond026,Violation_201,33,Cz,-12.64516,28.0,27
LOND,lond026,Violation_201,33,CP1,-2.637605,28.0,27
LOND,lond026,Violation_201,33,CP2,-5.826622,28.0,27
LOND,lond026,Violation_201,33,P3,-5.312183,28.0,27
LOND,lond026,Violation_201,33,P4,-1.56835,28.0,27
LOND,lond026,Violation_201,33,C3,1.757977,28.0,27
LOND,lond026,Violation_201,33,C4,-5.906725,28.0,27
LOND,lond026,Violation_201,33,P7,-5.261001,28.0,27
LOND,lond026,Violation_201,33,P8,-10.56632,28.0,27
LOND,lond026,Violation_201,33,O1,2.89755,28.0,27
LOND,lond026,Violation_201,33,O2,-6.990523,28.0,27
LOND,lond026,Violation_201,34,Pz,10.3009,26.0,87
LOND,lond026,Violation_201,34,Cz,10.86982,26.0,87
LOND,lond026,Violation_201,34,CP1,17.92476,26.0,87
LOND,lond026,Violation_201,34,CP2,10.25941,26.0,87
LOND,lond026,Violation_201,34,P3,23.23405,26.0,87
LOND,lond026,Violation_201,34,P4,2.878978,26.0,87
LOND,lond026,Violation_201,34,C3,11.82329,26.0,87
LOND,lond026,Violation_201,34,C4,7.218699,26.0,87
LOND,lond026,Violation_201,34,P7,16.15794,26.0,87
LOND,lond026,Violation_201,34,P8,16.69158,26.0,87
LOND,lond026,Violation_201,34,O1,24.35306,26.0,87
LOND,lond026,Violation_201,34,O2,24.618,26.0,87
LOND,lond026,Violation_201,35,Pz,1.915877,38.0,93
LOND,lond026,Violation_201,35,Cz,6.417233,38.0,93
LOND,lond026,Violation_201,35,CP1,5.026628,38.0,93
LOND,lond026,Violation_201,35,CP2,6.584929,38.0,93
LOND,lond026,Violation_201,35,P3,-2.868274,38.0,93
LOND,lond026,Violation_201,35,P4,12.92032,38.0,93
LOND,lond026,Violation_201,35,C3,3.182696,38.0,93
LOND,lond026,Violation_201,35,C4,6.150834,38.0,93
LOND,lond026,Violation_201,35,P7,6.928392,38.0,93
LOND,lond026,Violation_201,35,P8,11.59711,38.0,93
LOND,lond026,Violation_201,35,O1,-1.493601,38.0,93
LOND,lond026,Violation_201,35,O2,6.122226,38.0,93
LOND,lond026,Violation_201,36,Pz,19.3225,37.0,80
LOND,lond026,Violation_201,36,Cz,-5.989478,37.0,80
LOND,lond026,Violation_201,36,CP1,15.07724,37.0,80
LOND,lond026,Violation_201,36,CP2,26.44197,37.0,80
LOND,lond026,Violation_201,36,P3,12.6071,37.0,80
LOND,lond026,Violation_201,36,P4,12.23498,37.0,80
LOND,lond026,Violation_201,36,C3,3.266814,37.0,80
LOND,lond026,Violation_201,36,C4,16.8532,37.0,80
LOND,lond026,Violation_201,36,P7,12.18865,37.0,80
LOND,lond026,Violation_201,36,P8,12.93001,37.0,80
LOND,lond026,Violation_201,36,O1,3.58727,37.0,80
LOND,lond026,Violation_201,36,O2,3.650188,37.0,80
LOND,lond026,Control_202,37,Pz,-0.5253951,31.0,77
LOND,lond026,Control_202,37,Cz,11.46005,31.0,77
LOND,lond026,Control_202,37,CP1,9.705836,31.0,77
LOND,lond026,Control_202,37,CP2,15.779,31.0,77
LOND,lond026,Control_202,37,P3,0.7552662,31.0,77
LOND,lond026,Control_202,37,P4,32.23236,31.0,77
LOND,lond026,Control_202,37,C3,8.321082,31.0,77
LOND,lond026,Control_202,37,C4,12.43007,31.0,77
LOND,lond026,Control_202,37,P7,-2.464813,31.0,77
LOND,lond026,Control_202,37,P8,-6.628882,31.0,77
LOND,lond026,Control_202,37,O1,3.844836,31.0,77
LOND,lond026,Control_202,37,O2,-3.035232,31.0,77
LOND,lond027,Control_202,1,Pz,-14.30774,20.0,90
LOND,lond027,Control_202,1,Cz,-12.87051,20.0,90
LOND,lond027,Control_202,1,CP1,-12.07534,20.0,90
LOND,lond027,Control_202,1,CP2,-5.153539,20.0,90
LOND,lond027,Control_202,1,P3,-19.57779,20.0,90
LOND,lond027,Control_202,1,P4,1.023703,20.0,90
LOND,lond027,Control_202,1,C3,-11.38767,20.0,90
LOND,lond027,Control_202,1,C4,-3.00975,20.0,90
LOND,lond027,Control_202,1,P7,-9.101717,20.0,90
LOND,lond027,Control_202,1,P8,-8.690722,20.0,90
LOND,lond027,Control_202,1,O1,-12.4597,20.0,90
LOND,lond027,Control_202,1,O2,-12.68218,20.0,90
LOND,lond027,Violation_201,2,Pz,-11.64127,12.0,100
LOND,lond027,Violation_201,2,Cz,0.292727,12.0,100
LOND,lond027,Violation_201,2,CP1,-1.066392,12.0,100
LOND,lond027,Violation_201,2,CP2,-6.997959,12.0,100
LOND,lond027,Violation_201,2,P3,-1.776441,12.0,100
LOND,lond027,Violation_201,2,P4,-2.806988,12.0,100
LOND,lond027,Violation_201,2,C3,-0.4944374,12.0,100
LOND,lond027,Violation_201,2,C4,-5.007195,12.0,100
LOND,lond027,Violation_201,2,P7,2.160887,12.0,100
LOND,lond027,Violation_201,2,P8,3.035923,12.0,100
LOND,lond027,Violation_201,2,O1,-6.799418,12.0,100
LOND,lond027,Violation_201,2,O2,4.534163,12.0,100
LOND,lond027,Control_202,3,Pz,2.233056,17.0,62
LOND,lond027,Control_202,3,Cz,-2.057971,17.0,62
LOND,lond027,Control_202,3,CP1,-2.086505,17.0,62
LOND,lond027,Control_202,3,CP2,9.221042,17.0,62
LOND,lond027,Control_202,3,P3,6.057415,17.0,62
LOND,lond027,Control_202,3,P4,-3.607851,17.0,62
LOND,lond027,Control_202,3,C3,-9.002775,17.0,62
LOND,lond027,Control_202,3,C4,6.30559,17.0,62
LOND,lond027,Control_202,3,P7,-4.139431,17.0,62
LOND,lond027,Control_202,3,P8,0.7594928,17.0,62
LOND,lond027,Control_202,3,O1,-6.484119,17.0,62
LOND,lond027,Control_202,3,O2,-9.972429,17.0,62
LOND,lond027,Violation_201,4,Pz,15.60562,14.0,90
LOND,lond027,Violation_201,4,Cz,16.44618,14.0,90
LOND,lond027,Violation_201,4,CP1,8.053622,14.0,90
LOND,lond027,Violation_201,4,CP2,21.32705,14.0,90
LOND,lond027,Violation_201,4,P3,10.98919,14.0,90
LOND,lond027,Violation_201,4,P4,9.262103,14.0,90
LOND,lond027,Violation_201,4,C3,6.639665,14.0,90
LOND,lond027,Violation_201,4,C4,15.30533,14.0,90
LOND,lond027,Violation_201,4,P7,4.858651,14.0,90
LOND,lond027,Violation_201,4,P8,7.087532,14.0,90
LOND,lond027,Violation_201,4,O1,7.829032,14.0,90
LOND,lond027,Violation_201,4,O2,13.95729,14.0,90
LOND,lond027,Violation_201,5,Pz,-6.122406,9.0,93
LOND,lond027,Violation_201,5,Cz,4.090969,9.0,93
LOND,lond027,Violation_201,5,CP1,-3.787005,9.0,93
LOND,lond027,Violation_201,5,CP2,-7.475101,9.0,93
LOND,lond027,Violation_201,5,P3,-2.158194,9.0,93
LOND,lond027,Violation_201,5,P4,-8.326141,9.0,93
LOND,lond027,Violation_201,5,C3,0.9728051,9.0,93
LOND,lond027,Violation_201,5,C4,-10.47461,9.0,93
LOND,lond027,Violation_201,5,P7,-4.576505,9.0,93
LOND,lond027,Violation_201,5,P8,-8.718107,9.0,93
LOND,lond027,Violation_201,5,O1,-5.665088,9.0,93
LOND,lond027,Violation_201,5,O2,-4.642452,9.0,93
LOND,lond027,Control_202,6,Pz,6.201424,2.0,100
LOND,lond027,Control_202,6,Cz,-5.698837,2.0,100
LOND,lond027,Control_202,6,CP1,1.129387,2.0,100
LOND,lond027,Control_202,6,CP2,-1.731745,2.0,100
LOND,lond027,Control_202,6,P3,5.431827,2.0,100
LOND,lond027,Control_202,6,P4,8.246517,2.0,100
LOND,lond027,Control_202,6,C3,1.128985,2.0,100
LOND,lond027,Control_202,6,C4,-6.54784,2.0,100
LOND,lond027,Control_202,6,P7,2.951376,2.0,100
LOND,lond027,Control_202,6,P8,6.708275,2.0,100
LOND,lond027,Control_202,6,O1,2.597707,2.0,100
LOND,lond027,Control_202,6,O2,-7.716984,2.0,100
LOND,lond027,Control_202,7,Pz,3.653783,19.0,100
LOND,lond027,Control_202,7,Cz,7.069438,19.0,100
LOND,lond027,Control_202,7,CP1,-3.175034,19.0,100
LOND,lond027,Control_202,7,CP2,-1.176376,19.0,100
LOND,lond027,Control_202,7,P3,9.216512,19.0,100
LOND,lond027,Control_202,7,P4,-8.483602,19.0,100
LOND,lond027,Control_202,7,C3,-0.6417058,19.0,100
LOND,lond027,Control_202,7,C4,-3.70278,19.0,100
LOND,lond027,Control_202,7,P7,5.127597,19.0,100
LOND,lond027,Control_202,7,P8,-3.468409,19.0,100
LOND,lond027,Control_202,7,O1,-2.848524,19.0,100
LOND,lond027,Control_202,7,O2,-4.550083,19.0,100
LOND,lond027,Violation_201,8,Pz,1.762452,6.0,100
LOND,lond027,Violation_201,8,Cz,2.896254,6.0,100
LOND,lond027,Violation_201,8,CP1,6.333605,6.0,100
LOND,lond027,Violation_201,8,CP2,-4.715293,6.0,100
LOND,lond027,Violation_201,8,P3,4.302425,6.0,100
LOND,lond027,Violation_201,8,P4,2.803346,6.0,100
LOND,lond027,Violation_201,8,C3,12.49338,6.0,100
LOND,lond027,Violation_201,8,C4,8.018704,6.0,100
LOND,lond027,Violation_201,8,P7,0.7529907,6.0,100
LOND,lond027,Violation_201,8,P8,2.316592,6.0,100
LOND,lond027,Violation_201,8,O1,-3.803212,6.0,100
LOND,lond027,Violation_201,8,O2,-4.793881,6.0,100
LOND,lond027,Violation_201,9,Pz,23.19436,13.0,97
LOND,lond027,Violation_201,9,Cz,22.10859,13.0,97
LOND,lond027,Violation_201,9,CP1,17.35719,13.0,97
LOND,lond027,Violation_201,9,CP2,22.13987,13.0,97
LOND,lond027,Violation_201,9,P3,11.75901,13.0,97
LOND,lond027,Violation_201,9,P4,17.50845,13.0,97
LOND,lond027,Violation_201,9,C3,5.235269,13.0,97
LOND,lond027,Violation_201,9,C4,18.09756,13.0,97
LOND,lond027,Violation_201,9,P7,3.123221,13.0,97
LOND,lond027,Violation_201,9,P8,8.882313,13.0,97
LOND,lond027,Violation_201,9,O1,14.33881,13.0,97
LOND,lond027,Violation_201,9,O2,12.40447,13.0,97
LOND,lond027,Control_202,10,Pz,-0.1078921,11.0,87
LOND,lond027,Control_202,10,Cz,2.768521,11.0,87
LOND,lond027,Control_202,10,CP1,-1.25499,11.0,87
LOND,lond027,Control_202,10,CP2,-3.604991,11.0,87
LOND,lond027,Control_202,10,P3,0.5113061,11.0,87
LOND,lond027,Control_202,10,P4,-4.335873,11.0,87
LOND,lond027,Control_202,10,C3,4.226455,11.0,87
LOND,lond027,Control_202,10,C4,-3.994281,11.0,87
LOND,lond027,Control_202,10,P7,6.973186,11.0,87
LOND,lond027,Control_202,10,P8,-2.973678,11.0,87
LOND,lond027,Control_202,10,O1,-0.3923154,11.0,87
LOND,lond027,Control_202,10,O2,4.165918,11.0,87
LOND,lond027,Violation_201,11,Pz,2.352906,3.0,100
LOND,lond027,Violation_201,11,Cz,17.95247,3.0,100
LOND,lond027,Violation_201,11,CP1,8.923394,3.0,100
LOND,lond027,Violation_201,11,CP2,9.787946,3.0,100
LOND,lond027,Violation_201,11,P3,6.366773,3.0,100
LOND,lond027,Violation_201,11,P4,10.63278,3.0,100
LOND,lond027,Violation_201,11,C3,12.91812,3.0,100
LOND,lond027,Violation_201,11,C4,6.72446,3.0,100
LOND,lond027,Violation_201,11,P7,13.24146,3.0,100
LOND,lond027,Violation_201,11,P8,5.094199,3.0,100
LOND,lond027,Violation_201,11,O1,11.12642,3.0,100
LOND,lond027,Violation_201,11,O2,8.969572,3.0,100
LOND,lond027,Violation_201,12,Pz,1.500351,8.0,97
LOND,lond027,Violation_201,12,Cz,-6.128601,8.0,97
LOND,lond027,Violation_201,12,CP1,-1.898856,8.0,97
LOND,lond027,Violation_201,12,CP2,1.20103,8.0,97
LOND,lond027,Violation_201,12,P3,5.014997,8.0,97
LOND,lond027,Violation_201,12,P4,-2.068309,8.0,97
LOND,lond027,Violation_201,12,C3,-3.43922,8.0,97
LOND,lond027,Violation_201,12,C4,-5.971924,8.0,97
LOND,lond027,Violation_201,12,P7,-1.08914,8.0,97
LOND,lond027,Violation_201,12,P8,-7.583059,8.0,97
LOND,lond027,Violation_201,12,O1,-3.953958,8.0,97
LOND,lond027,Violation_201,12,O2,1.467217,8.0,97
LOND,lond027,Control_202,13,Pz,-3.478608,7.0,80
LOND,lond027,Control_202,13,Cz,1.045334,7.0,80
LOND,lond027,Control_202,13,CP1,-8.461646,7.0,80
LOND,lond027,Control_202,13,CP2,-2.92921,7.0,80
LOND,lond027,Control_202,13,P3,-5.053476,7.0,80
LOND,lond027,Control_202,13,P4,-3.530839,7.0,80
LOND,lond027,Control_202,13,C3,-5.955448,7.0,80
LOND,lond027,Control_202,13,C4,1.336609,7.0,80
LOND,lond027,Control_202,13,P7,-9.128761,7.0,80
LOND,lond027,Control_202,13,P8,0.4226117,7.0,80
LOND,lond027,Control_202,13,O1,-6.176111,7.0,80
LOND,lond027,Control_202,13,O2,2.514768,7.0,80
LOND,lond027,Control_202,14,Pz,5.463744,1.0,97
LOND,lond027,Control_202,14,Cz,-6.104803,1.0,97
LOND,lond027,Control_202,14,CP1,0.1241484,1.0,97
LOND,lond027,Control_202,14,CP2,7.787288,1.0,97
LOND,lond027,Control_202,14,P3,1.018731,1.0,97
LOND,lond027,Control_202,14,P4,1.708622,1.0,97
LOND,lond027,Control_202,14,C3,-4.969836,1.0,97
LOND,lond027,Control_202,14,C4,6.560965,1.0,97
LOND,lond027,Control_202,14,P7,-3.242754,1.0,97
LOND,lond027,Control_202,14,P8,-7.104286,1.0,97
LOND,lond027,Control_202,14,O1,-5.848451,1.0,97
LOND,lond027,Control_202,14,O2,-8.032746,1.0,97
LOND,lond027,Control_202,15,Pz,5.050879,10.0,80
LOND,lond027,Control_202,15,Cz,11.93493,10.0,80
LOND,lond027,Control_202,15,CP1,8.243561,10.0,80
LOND,lond027,Control_202,15,CP2,21.81928,10.0,80
LOND,lond027,Control_202,15,P3,7.884017,10.0,80
LOND,lond027,Control_202,15,P4,3.840413,10.0,80
LOND,lond027,Control_202,15,C3,-0.02688341,10.0,80
LOND,lond027,Control_202,15,C4,5.477017,10.0,80
LOND,lond027,Control_202,15,P7,-0.2060271,10.0,80
LOND,lond027,Control_202,15,P8,-3.258786,10.0,80
LOND,lond027,Control_202,15,O1,-7.789408,10.0,80
LOND,lond027,Control_202,15,O2,-1.390565,10.0,80
LOND,lond027,Violation_201,16,Pz,4.348475,16.0,93
LOND,lond027,Violation_201,16,Cz,13.84776,16.0,93
LOND,lond027,Violation_201,16,CP1,6.770219,16.0,93
LOND,lond027,Violation_201,16,CP2,8.223219,16.0,93
LOND,lond027,Violation_201,16,P3,4.474333,16.0,93
LOND,lond027,Violation_201,16,P4,2.47912,16.0,93
LOND,lond027,Violation_201,16,C3,9.324864,16.0,93
LOND,lond027,Violation_201,16,C4,7.405925,16.0,93
LOND,lond027,Violation_201,16,P7,2.719584,16.0,93
LOND,lond027,Violation_201,16,P8,1.955321,16.0,93
LOND,lond027,Violation_201,16,O1,-1.704106,16.0,93
LOND,lond027,Violation_201,16,O2,1.45157,16.0,93
LOND,lond027,Violation_201,17,Pz,1.510041,18.0,87
LOND,lond027,Violation_201,17,Cz,12.53222,18.0,87
LOND,lond027,Violation_201,17,CP1,1.574865,18.0,87
LOND,lond027,Violation_201,17,CP2,2.557344,18.0,87
LOND,lond027,Violation_201,17,P3,7.347013,18.0,87
LOND,lond027,Violation_201,17,P4,12.49421,18.0,87
LOND,lond027,Violation_201,17,C3,14.09748,18.0,87
LOND,lond027,Violation_201,17,C4,4.570717,18.0,87
LOND,lond027,Violation_201,17,P7,7.352727,18.0,87
LOND,lond027,Violation_201,17,P8,10.21375,18.0,87
LOND,lond027,Violation_201,17,O1,11.33046,18.0,87
LOND,lond027,Violation_201,17,O2,8.250311,18.0,87
LOND,lond027,Violation_201,18,Pz,-2.680786,5.0,93
LOND,lond027,Violation_201,18,Cz,-7.977618,5.0,93
LOND,lond027,Violation_201,18,CP1,-11.68905,5.0,93
LOND,lond027,Violation_201,18,CP2,-2.953883,5.0,93
LOND,lond027,Violation_201,18,P3,-14.23577,5.0,93
LOND,lond027,Violation_201,18,P4,-11.44086,5.0,93
LOND,lond027,Violation_201,18,C3,-15.85064,5.0,93
LOND,lond027,Violation_201,18,C4,5.580167,5.0,93
LOND,lond027,Violation_201,18,P7,-11.05933,5.0,93
LOND,lond027,Violation_201,18,P8,-11.05414,5.0,93
LOND,lond027,Violation_201,18,O1,-15.47632,5.0,93
LOND,lond027,Violation_201,18,O2,-17.38799,5.0,93
LOND,lond027,Violation_201,19,Pz,13.46125,15.0,90
LOND,lond027,Violation_201,19,Cz,24.42396,15.0,90
LOND,lond027,Violation_201,19,CP1,16.29612,15.0,90
LOND,lond027,Violation_201,19,CP2,19.95936,15.0,90
LOND,lond027,Violation_201,19,P3,15.08796,15.0,90
LOND,lond027,Violation_201,19,P4,12.98326,15.0,90
LOND,lond027,Violation_201,19,C3,11.0236,15.0,90
LOND,lond027,Violation_201,19,C4,15.13184,15.0,90
LOND,lond027,Violation_201,19,P7,8.418935,15.0,90
LOND,lond027,Violation_201,19,P8,-0.5535238,15.0,90
LOND,lond027,Violation_201,19,O1,8.963177,15.0,90
LOND,lond027,Violation_201,19,O2,-0.7941257,15.0,90
LOND,lond027,Control_202,20,Pz,-4.054244,4.0,93
LOND,lond027,Control_202,20,Cz,1.758853,4.0,93
LOND,lond027,Control_202,20,CP1,-2.636181,4.0,93
LOND,lond027,Control_202,20,CP2,2.360424,4.0,93
LOND,lond027,Control_202,20,P3,-2.417808,4.0,93
LOND,lond027,Control_202,20,P4,2.28497,4.0,93
LOND,lond027,Control_202,20,C3,-4.14657,4.0,93
LOND,lond027,Control_202,20,C4,2.176264,4.0,93
LOND,lond027,Control_202,20,P7,-4.727422,4.0,93
LOND,lond027,Control_202,20,P8,5.47446,4.0,93
LOND,lond027,Control_202,20,O1,-3.146049,4.0,93
LOND,lond027,Control_202,20,O2,2.65477,4.0,93
LOND,lond027,Control_202,21,Pz,9.593966,31.0,77
LOND,lond027,Control_202,21,Cz,0.5656414,31.0,77
LOND,lond027,Control_202,21,CP1,2.770855,31.0,77
LOND,lond027,Control_202,21,CP2,5.478643,31.0,77
LOND,lond027,Control_202,21,P3,3.275271,31.0,77
LOND,lond027,Control_202,21,P4,0.09792124,31.0,77
LOND,lond027,Control_202,21,C3,1.134216,31.0,77
LOND,lond027,Control_202,21,C4,2.021198,31.0,77
LOND,lond027,Control_202,21,P7,-3.245309,31.0,77
LOND,lond027,Control_202,21,P8,-6.347181,31.0,77
LOND,lond027,Control_202,21,O1,-3.818298,31.0,77
LOND,lond027,Control_202,21,O2,2.513767,31.0,77
LOND,lond027,Violation_201,22,Pz,-9.099252,32.0,80
LOND,lond027,Violation_201,22,Cz,-9.288114,32.0,80
LOND,lond027,Violation_201,22,CP1,-2.870076,32.0,80
LOND,lond027,Violation_201,22,CP2,-10.60115,32.0,80
LOND,lond027,Violation_201,22,P3,1.286002,32.0,80
LOND,lond027,Violation_201,22,P4,-2.127554,32.0,80
LOND,lond027,Violation_201,22,C3,3.32371,32.0,80
LOND,lond027,Violation_201,22,C4,-11.26865,32.0,80
LOND,lond027,Violation_201,22,P7,-2.246643,32.0,80
LOND,lond027,Violation_201,22,P8,1.290269,32.0,80
LOND,lond027,Violation_201,22,O1,-5.534393,32.0,80
LOND,lond027,Violation_201,22,O2,-2.478323,32.0,80
LOND,lond027,Violation_201,23,Pz,17.78952,34.0,97
LOND,lond027,Violation_201,23,Cz,14.3316,34.0,97
LOND,lond027,Violation_201,23,CP1,18.84797,34.0,97
LOND,lond027,Violation_201,23,CP2,25.18999,34.0,97
LOND,lond027,Violation_201,23,P3,14.89796,34.0,97
LOND,lond027,Violation_201,23,P4,17.31831,34.0,97
LOND,lond027,Violation_201,23,C3,13.09186,34.0,97
LOND,lond027,Violation_201,23,C4,18.0221,34.0,97
LOND,lond027,Violation_201,23,P7,20.03745,34.0,97
LOND,lond027,Violation_201,23,P8,25.25196,34.0,97
LOND,lond027,Violation_201,23,O1,17.48342,34.0,97
LOND,lond027,Violation_201,23,O2,19.0603,34.0,97
LOND,lond027,Violation_201,24,Pz,10.12709,35.0,97
LOND,lond027,Violation_201,24,Cz,38.88194,35.0,97
LOND,lond027,Violation_201,24,CP1,14.52878,35.0,97
LOND,lond027,Violation_201,24,CP2,33.24144,35.0,97
LOND,lond027,Violation_201,24,P3,13.86119,35.0,97
LOND,lond027,Violation_201,24,P4,13.15996,35.0,97
LOND,lond027,Violation_201,24,C3,7.886188,35.0,97
LOND,lond027,Violation_201,24,C4,10.32897,35.0,97
LOND,lond027,Violation_201,24,P7,9.483735,35.0,97
LOND,lond027,Violation_201,24,P8,3.07746,35.0,97
LOND,lond027,Violation_201,24,O1,6.784214,35.0,97
LOND,lond027,Violation_201,24,O2,9.726639,35.0,97
LOND,lond027,Violation_201,25,Pz,-8.945754,22.0,53
LOND,lond027,Violation_201,25,Cz,-7.065445,22.0,53
LOND,lond027,Violation_201,25,CP1,-11.73673,22.0,53
LOND,lond027,Violation_201,25,CP2,-7.199453,22.0,53
LOND,lond027,Violation_201,25,P3,-11.7861,22.0,53
LOND,lond027,Violation_201,25,P4,-5.039487,22.0,53
LOND,lond027,Violation_201,25,C3,-9.071502,22.0,53
LOND,lond027,Violation_201,25,C4,-3.463218,22.0,53
LOND,lond027,Violation_201,25,P7,-9.629828,22.0,53
LOND,lond027,Violation_201,25,P8,-4.815126,22.0,53
LOND,lond027,Violation_201,25,O1,-8.889799,22.0,53
LOND,lond027,Violation_201,25,O2,-7.242485,22.0,53
LOND,lond027,Control_202,26,Pz,-3.866522,21.0,77
LOND,lond027,Control_202,26,Cz,-4.555346,21.0,77
LOND,lond027,Control_202,26,CP1,-2.393166,21.0,77
LOND,lond027,Control_202,26,CP2,-10.99956,21.0,77
LOND,lond027,Control_202,26,P3,-5.990765,21.0,77
LOND,lond027,Control_202,26,P4,-6.403715,21.0,77
LOND,lond027,Control_202,26,C3,1.149995,21.0,77
LOND,lond027,Control_202,26,C4,-5.500486,21.0,77
LOND,lond027,Control_202,26,P7,5.78972,21.0,77
LOND,lond027,Control_202,26,P8,4.077073,21.0,77
LOND,lond027,Control_202,26,O1,-0.3791997,21.0,77
LOND,lond027,Control_202,26,O2,5.877141,21.0,77
LOND,lond027,Control_202,27,Pz,14.70912,37.0,80
LOND,lond027,Control_202,27,Cz,6.52283,37.0,80
LOND,lond027,Control_202,27,CP1,11.75969,37.0,80
LOND,lond027,Control_202,27,CP2,-0.08004416,37.0,80
LOND,lond027,Control_202,27,P3,12.95005,37.0,80
LOND,lond027,Control_202,27,P4,15.50588,37.0,80
LOND,lond027,Control_202,27,C3,24.11765,37.0,80
LOND,lond027,Control_202,27,C4,13.32674,37.0,80
LOND,lond027,Control_202,27,P7,13.39074,37.0,80
LOND,lond027,Control_202,27,P8,6.498145,37.0,80
LOND,lond027,Control_202,27,O1,6.573621,37.0,80
LOND,lond027,Control_202,27,O2,4.836321,37.0,80
LOND,lond027,Control_202,28,Pz,22.458,33.0,53
LOND,lond027,Control_202,28,Cz,20.01978,33.0,53
LOND,lond027,Control_202,28,CP1,20.45515,33.0,53
LOND,lond027,Control_202,28,CP2,32.63609,33.0,53
LOND,lond027,Control_202,28,P3,19.56612,33.0,53
LOND,lond027,Control_202,28,P4,22.98595,33.0,53
LOND,lond027,Control_202,28,C3,13.19304,33.0,53
LOND,lond027,Control_202,28,C4,16.65968,33.0,53
LOND,lond027,Control_202,28,P7,15.48063,33.0,53
LOND,lond027,Control_202,28,P8,12.59428,33.0,53
LOND,lond027,Control_202,28,O1,16.50824,33.0,53
LOND,lond027,Control_202,28,O2,14.3697,33.0,53
LOND,lond027,Control_202,29,Pz,-22.84129,27.0,97
LOND,lond027,Control_202,29,Cz,-33.32111,27.0,97
LOND,lond027,Control_202,29,CP1,-30.49656,27.0,97
LOND,lond027,Control_202,29,CP2,-28.77865,27.0,97
LOND,lond027,Control_202,29,P3,-29.74302,27.0,97
LOND,lond027,Control_202,29,P4,-25.87178,27.0,97
LOND,lond027,Control_202,29,C3,-34.49787,27.0,97
LOND,lond027,Control_202,29,C4,-35.78751,27.0,97
LOND,lond027,Control_202,29,P7,-36.98081,27.0,97
LOND,lond027,Control_202,29,P8,-35.2571,27.0,97
LOND,lond027,Control_202,29,O1,-34.74392,27.0,97
LOND,lond027,Control_202,29,O2,-34.06543,27.0,97
LOND,lond027,Violation_201,30,Pz,-2.889717,30.0,90
LOND,lond027,Violation_201,30,Cz,-0.7974382,30.0,90
LOND,lond027,Violation_201,30,CP1,1.929502,30.0,90
LOND,lond027,Violation_201,30,CP2,-2.433012,30.0,90
LOND,lond027,Violation_201,30,P3,-4.251304,30.0,90
LOND,lond027,Violation_201,30,P4,-3.052273,30.0,90
LOND,lond027,Violation_201,30,C3,-2.606473,30.0,90
LOND,lond027,Violation_201,30,C4,-1.369927,30.0,90
LOND,lond027,Violation_201,30,P7,0.4336379,30.0,90
LOND,lond027,Violation_201,30,P8,2.90529,30.0,90
LOND,lond027,Violation_201,30,O1,1.088078,30.0,90
LOND,lond027,Violation_201,30,O2,-3.099671,30.0,90
LOND,lond027,Violation_201,31,Pz,5.77714,40.0,93
LOND,lond027,Violation_201,31,Cz,8.036046,40.0,93
LOND,lond027,Violation_201,31,CP1,7.683118,40.0,93
LOND,lond027,Violation_201,31,CP2,9.589344,40.0,93
LOND,lond027,Violation_201,31,P3,7.628241,40.0,93
LOND,lond027,Violation_201,31,P4,5.43825,40.0,93
LOND,lond027,Violation_201,31,C3,10.04657,40.0,93
LOND,lond027,Violation_201,31,C4,14.18478,40.0,93
LOND,lond027,Violation_201,31,P7,7.320401,40.0,93
LOND,lond027,Violation_201,31,P8,16.94487,40.0,93
LOND,lond027,Violation_201,31,O1,3.604231,40.0,93
LOND,lond027,Violation_201,31,O2,10.20657,40.0,93
LOND,lond027,Violation_201,32,Pz,-0.9433255,29.0,90
LOND,lond027,Violation_201,32,Cz,-17.70537,29.0,90
LOND,lond027,Violation_201,32,CP1,-6.293161,29.0,90
LOND,lond027,Violation_201,32,CP2,-12.95354,29.0,90
LOND,lond027,Violation_201,32,P3,-5.592906,29.0,90
LOND,lond027,Violation_201,32,P4,-8.554483,29.0,90
LOND,lond027,Violation_201,32,C3,-8.565221,29.0,90
LOND,lond027,Violation_201,32,C4,-8.239195,29.0,90
LOND,lond027,Violation_201,32,P7,3.939233,29.0,90
LOND,lond027,Violation_201,32,P8,-0.2198799,29.0,90
LOND,lond027,Violation_201,32,O1,3.16826,29.0,90
LOND,lond027,Violation_201,32,O2,1.560183,29.0,90
LOND,lond027,Violation_201,33,Pz,-8.860241,26.0,87
LOND,lond027,Violation_201,33,Cz,-2.206468,26.0,87
LOND,lond027,Violation_201,33,CP1,-2.968859,26.0,87
LOND,lond027,Violation_201,33,CP2,2.060568,26.0,87
LOND,lond027,Violation_201,33,P3,0.279128,26.0,87
LOND,lond027,Violation_201,33,P4,1.116415,26.0,87
LOND,lond027,Violation_201,33,C3,-1.735669,26.0,87
LOND,lond027,Violation_201,33,C4,-3.156472,26.0,87
LOND,lond027,Violation_201,33,P7,-1.53231,26.0,87
LOND,lond027,Violation_201,33,P8,1.853313,26.0,87
LOND,lond027,Violation_201,33,O1,-0.9061383,26.0,87
LOND,lond027,Violation_201,33,O2,1.852588,26.0,87
LOND,lond027,Control_202,34,Pz,8.256838,38.0,93
LOND,lond027,Control_202,34,Cz,6.556941,38.0,93
LOND,lond027,Control_202,34,CP1,5.274605,38.0,93
LOND,lond027,Control_202,34,CP2,10.456,38.0,93
LOND,lond027,Control_202,34,P3,3.518687,38.0,93
LOND,lond027,Control_202,34,P4,0.9650969,38.0,93
LOND,lond027,Control_202,34,C3,-3.627223,38.0,93
LOND,lond027,Control_202,34,C4,5.581525,38.0,93
LOND,lond027,Control_202,34,P7,-5.922567,38.0,93
LOND,lond027,Control_202,34,P8,-3.722242,38.0,93
LOND,lond027,Control_202,34,O1,-2.258411,38.0,93
LOND,lond027,Control_202,34,O2,-0.3221953,38.0,93
LOND,lond027,Control_202,35,Pz,-15.7335,25.0,97
LOND,lond027,Control_202,35,Cz,-16.78974,25.0,97
LOND,lond027,Control_202,35,CP1,-12.53276,25.0,97
LOND,lond027,Control_202,35,CP2,-19.29305,25.0,97
LOND,lond027,Control_202,35,P3,-15.32334,25.0,97
LOND,lond027,Control_202,35,P4,-17.91138,25.0,97
LOND,lond027,Control_202,35,C3,-16.20506,25.0,97
LOND,lond027,Control_202,35,C4,-18.72607,25.0,97
LOND,lond027,Control_202,35,P7,-14.00483,25.0,97
LOND,lond027,Control_202,35,P8,-15.77472,25.0,97
LOND,lond027,Control_202,35,O1,-9.85699,25.0,97
LOND,lond027,Control_202,35,O2,-13.9088,25.0,97
LOND,lond027,Violation_201,36,Pz,18.37136,39.0,97
LOND,lond027,Violation_201,36,Cz,18.19365,39.0,97
LOND,lond027,Violation_201,36,CP1,17.04665,39.0,97
LOND,lond027,Violation_201,36,CP2,14.71914,39.0,97
LOND,lond027,Violation_201,36,P3,13.99379,39.0,97
LOND,lond027,Violation_201,36,P4,25.00481,39.0,97
LOND,lond027,Violation_201,36,C3,23.23765,39.0,97
LOND,lond027,Violation_201,36,C4,22.3529,39.0,97
LOND,lond027,Violation_201,36,P7,13.16181,39.0,97
LOND,lond027,Violation_201,36,P8,15.43765,39.0,97
LOND,lond027,Violation_201,36,O1,16.92026,39.0,97
LOND,lond027,Violation_201,36,O2,7.580276,39.0,97
LOND,lond027,Control_202,37,Pz,2.357954,36.0,77
LOND,lond027,Control_202,37,Cz,12.45917,36.0,77
LOND,lond027,Control_202,37,CP1,6.836873,36.0,77
LOND,lond027,Control_202,37,CP2,13.74602,36.0,77
LOND,lond027,Control_202,37,P3,5.303537,36.0,77
LOND,lond027,Control_202,37,P4,8.984744,36.0,77
LOND,lond027,Control_202,37,C3,10.38927,36.0,77
LOND,lond027,Control_202,37,C4,13.3562,36.0,77
LOND,lond027,Control_202,37,P7,4.105122,36.0,77
LOND,lond027,Control_202,37,P8,13.05618,36.0,77
LOND,lond027,Control_202,37,O1,12.91347,36.0,77
LOND,lond027,Control_202,37,O2,6.510926,36.0,77
LOND,lond027,Control_202,38,Pz,2.095833,28.0,27
LOND,lond027,Control_202,38,Cz,3.175783,28.0,27
LOND,lond027,Control_202,38,CP1,-0.05590221,28.0,27
LOND,lond027,Control_202,38,CP2,5.275358,28.0,27
LOND,lond027,Control_202,38,P3,2.881622,28.0,27
LOND,lond027,Control_202,38,P4,1.259002,28.0,27
LOND,lond027,Control_202,38,C3,4.991095,28.0,27
LOND,lond027,Control_202,38,C4,9.813731,28.0,27
LOND,lond027,Control_202,38,P7,1.011365,28.0,27
LOND,lond027,Control_202,38,P8,1.187294,28.0,27
LOND,lond027,Control_202,38,O1,-6.396861,28.0,27
LOND,lond027,Control_202,38,O2,-2.84631,28.0,27
LOND,lond027,Control_202,39,Pz,-5.876576,23.0,93
LOND,lond027,Control_202,39,Cz,1.859138,23.0,93
LOND,lond027,Control_202,39,CP1,-1.720098,23.0,93
LOND,lond027,Control_202,39,CP2,-6.290168,23.0,93
LOND,lond027,Control_202,39,P3,-7.505001,23.0,93
LOND,lond027,Control_202,39,P4,-5.631577,23.0,93
LOND,lond027,Control_202,39,C3,-3.747459,23.0,93
LOND,lond027,Control_202,39,C4,-10.9188,23.0,93
LOND,lond027,Control_202,39,P7,-8.532515,23.0,93
LOND,lond027,Control_202,39,P8,-6.491597,23.0,93
LOND,lond027,Control_202,39,O1,-4.135329,23.0,93
LOND,lond027,Control_202,39,O2,-8.590356,23.0,93
LOND,lond027,Violation_201,40,Pz,1.661518,24.0,93
LOND,lond027,Violation_201,40,Cz,-1.794301,24.0,93
LOND,lond027,Violation_201,40,CP1,5.409952,24.0,93
LOND,lond027,Violation_201,40,CP2,-2.634382,24.0,93
LOND,lond027,Violation_201,40,P3,13.38234,24.0,93
LOND,lond027,Violation_201,40,P4,5.992128,24.0,93
LOND,lond027,Violation_201,40,C3,10.01093,24.0,93
LOND,lond027,Violation_201,40,C4,4.956713,24.0,93
LOND,lond027,Violation_201,40,P7,7.080752,24.0,93
LOND,lond027,Violation_201,40,P8,1.462768,24.0,93
LOND,lond027,Violation_201,40,O1,8.421664,24.0,93
LOND,lond027,Violation_201,40,O2,-2.043518,24.0,93
LOND,lond028,Violation_201,1,Pz,26.25616,13.0,97
LOND,lond028,Violation_201,1,Cz,16.11229,13.0,97
LOND,lond028,Violation_201,1,CP1,5.601037,13.0,97
LOND,lond028,Violation_201,1,CP2,28.73242,13.0,97
LOND,lond028,Violation_201,1,P3,7.103722,13.0,97
LOND,lond028,Violation_201,1,P4,13.32076,13.0,97
LOND,lond028,Violation_201,1,C3,7.104822,13.0,97
LOND,lond028,Violation_201,1,C4,10.25605,13.0,97
LOND,lond028,Violation_201,1,P7,40.10545,13.0,97
LOND,lond028,Violation_201,1,P8,19.55592,13.0,97
LOND,lond028,Violation_201,1,O1,25.07114,13.0,97
LOND,lond028,Violation_201,1,O2,14.09783,13.0,97
LOND,lond028,Violation_201,2,Pz,-8.349459,9.0,93
LOND,lond028,Violation_201,2,Cz,-6.793351,9.0,93
LOND,lond028,Violation_201,2,CP1,-9.240605,9.0,93
LOND,lond028,Violation_201,2,CP2,-11.86467,9.0,93
LOND,lond028,Violation_201,2,P3,10.22739,9.0,93
LOND,lond028,Violation_201,2,P4,-8.612264,9.0,93
LOND,lond028,Violation_201,2,C3,6.085026,9.0,93
LOND,lond028,Violation_201,2,C4,3.007178,9.0,93
LOND,lond028,Violation_201,2,P7,12.34943,9.0,93
LOND,lond028,Violation_201,2,P8,-1.571915,9.0,93
LOND,lond028,Violation_201,2,O1,9.359064,9.0,93
LOND,lond028,Violation_201,2,O2,-12.91522,9.0,93
LOND,lond028,Control_202,3,Pz,12.68786,12.0,100
LOND,lond028,Control_202,3,Cz,-6.617863,12.0,100
LOND,lond028,Control_202,3,CP1,-5.460587,12.0,100
LOND,lond028,Control_202,3,CP2,-9.260798,12.0,100
LOND,lond028,Control_202,3,P3,-45.11457,12.0,100
LOND,lond028,Control_202,3,P4,21.82647,12.0,100
LOND,lond028,Control_202,3,C3,-18.38958,12.0,100
LOND,lond028,Control_202,3,C4,6.009109,12.0,100
LOND,lond028,Control_202,3,P7,14.01126,12.0,100
LOND,lond028,Control_202,3,P8,6.507424,12.0,100
LOND,lond028,Control_202,3,O1,3.802962,12.0,100
LOND,lond028,Control_202,3,O2,33.19563,12.0,100
LOND,lond028,Control_202,4,Pz,-15.2119,8.0,97
LOND,lond028,Control_202,4,Cz,-13.64663,8.0,97
LOND,lond028,Control_202,4,CP1,-8.166946,8.0,97
LOND,lond028,Control_202,4,CP2,-14.1069,8.0,97
LOND,lond028,Control_202,4,P3,-16.36413,8.0,97
LOND,lond028,Control_202,4,P4,-1.488104,8.0,97
LOND,lond028,Control_202,4,C3,-7.352562,8.0,97
LOND,lond028,Control_202,4,C4,-7.582151,8.0,97
LOND,lond028,Control_202,4,P7,6.519603,8.0,97
LOND,lond028,Control_202,4,P8,-7.565474,8.0,97
LOND,lond028,Control_202,4,O1,-13.7672,8.0,97
LOND,lond028,Control_202,4,O2,-5.740891,8.0,97
LOND,lond028,Control_202,5,Pz,22.60951,10.0,80
LOND,lond028,Control_202,5,Cz,10.65853,10.0,80
LOND,lond028,Control_202,5,CP1,-1.577462,10.0,80
LOND,lond028,Control_202,5,CP2,14.86921,10.0,80
LOND,lond028,Control_202,5,P3,31.5512,10.0,80
LOND,lond028,Control_202,5,P4,35.47416,10.0,80
LOND,lond028,Control_202,5,C3,-5.054874,10.0,80
LOND,lond028,Control_202,5,C4,-25.84788,10.0,80
LOND,lond028,Control_202,5,P7,51.53577,10.0,80
LOND,lond028,Control_202,5,P8,4.384054,10.0,80
LOND,lond028,Control_202,5,O1,5.33775,10.0,80
LOND,lond028,Control_202,5,O2,0.05941922,10.0,80
LOND,lond028,Control_202,6,Pz,0.3832434,14.0,90
LOND,lond028,Control_202,6,Cz,-10.85188,14.0,90
LOND,lond028,Control_202,6,CP1,-7.088065,14.0,90
LOND,lond028,Control_202,6,CP2,-2.925912,14.0,90
LOND,lond028,Control_202,6,P3,-4.898078,14.0,90
LOND,lond028,Control_202,6,P4,-8.081702,14.0,90
LOND,lond028,Control_202,6,C3,8.555934,14.0,90
LOND,lond028,Control_202,6,C4,6.911168,14.0,90
LOND,lond028,Control_202,6,P7,51.98837,14.0,90
LOND,lond028,Control_202,6,P8,-5.834245,14.0,90
LOND,lond028,Control_202,6,O1,-17.55413,14.0,90
LOND,lond028,Control_202,6,O2,-11.65049,14.0,90
LOND,lond028,Violation_201,7,Pz,16.67265,1.0,97
LOND,lond028,Violation_201,7,Cz,10.64481,1.0,97
LOND,lond028,Violation_201,7,CP1,6.02017,1.0,97
LOND,lond028,Violation_201,7,CP2,14.68166,1.0,97
LOND,lond028,Violation_201,7,P3,22.99061,1.0,97
LOND,lond028,Violation_201,7,P4,5.419309,1.0,97
LOND,lond028,Violation_201,7,C3,-29.23927,1.0,97
LOND,lond028,Violation_201,7,C4,-69.64221,1.0,97
LOND,lond028,Violation_201,7,P7,28.07871,1.0,97
LOND,lond028,Violation_201,7,P8,3.107992,1.0,97
LOND,lond028,Violation_201,7,O1,6.036736,1.0,97
LOND,lond028,Violation_201,7,O2,-32.42537,1.0,97
LOND,lond028,Violation_201,8,Pz,3.121696,2.0,100
LOND,lond028,Violation_201,8,Cz,7.808863,2.0,100
LOND,lond028,Violation_201,8,CP1,24.30631,2.0,100
LOND,lond028,Violation_201,8,CP2,18.04403,2.0,100
LOND,lond028,Violation_201,8,P3,21.54417,2.0,100
LOND,lond028,Violation_201,8,P4,11.5869,2.0,100
LOND,lond028,Violation_201,8,C3,23.78233,2.0,100
LOND,lond028,Violation_201,8,C4,4.265116,2.0,100
LOND,lond028,Violation_201,8,P7,37.74855,2.0,100
LOND,lond028,Violation_201,8,P8,12.94958,2.0,100
LOND,lond028,Violation_201,8,O1,8.91842,2.0,100
LOND,lond028,Violation_201,8,O2,30.58438,2.0,100
LOND,lond028,Violation_201,9,Pz,18.67419,19.0,100
LOND,lond028,Violation_201,9,Cz,6.71784,19.0,100
LOND,lond028,Violation_201,9,CP1,8.301649,19.0,100
LOND,lond028,Violation_201,9,CP2,-3.109482,19.0,100
LOND,lond028,Violation_201,9,P3,46.68719,19.0,100
LOND,lond028,Violation_201,9,P4,10.80692,19.0,100
LOND,lond028,Violation_201,9,C3,10.63478,19.0,100
LOND,lond028,Violation_201,9,C4,5.980702,19.0,100
LOND,lond028,Violation_201,9,P7,23.52114,19.0,100
LOND,lond028,Violation_201,9,P8,2.293526,19.0,100
LOND,lond028,Violation_201,9,O1,39.49633,19.0,100
LOND,lond028,Violation_201,9,O2,-31.97595,19.0,100
LOND,lond028,Violation_201,10,Pz,14.19309,3.0,100
LOND,lond028,Violation_201,10,Cz,-0.4821559,3.0,100
LOND,lond028,Violation_201,10,CP1,5.40725,3.0,100
LOND,lond028,Violation_201,10,CP2,-1.983309,3.0,100
LOND,lond028,Violation_201,10,P3,-6.153177,3.0,100
LOND,lond028,Violation_201,10,P4,-0.5130548,3.0,100
LOND,lond028,Violation_201,10,C3,49.78025,3.0,100
LOND,lond028,Violation_201,10,C4,-13.24393,3.0,100
LOND,lond028,Violation_201,10,P7,21.4089,3.0,100
LOND,lond028,Violation_201,10,P8,15.9168,3.0,100
LOND,lond028,Violation_201,10,O1,7.258014,3.0,100
LOND,lond028,Violation_201,10,O2,20.93715,3.0,100
LOND,lond028,Violation_201,11,Pz,3.212982,11.0,87
LOND,lond028,Violation_201,11,Cz,11.12726,11.0,87
LOND,lond028,Violation_201,11,CP1,15.20226,11.0,87
LOND,lond028,Violation_201,11,CP2,-6.155027,11.0,87
LOND,lond028,Violation_201,11,P3,-8.254527,11.0,87
LOND,lond028,Violation_201,11,P4,-7.037527,11.0,87
LOND,lond028,Violation_201,11,C3,10.76147,11.0,87
LOND,lond028,Violation_201,11,C4,-47.88911,11.0,87
LOND,lond028,Violation_201,11,P7,25.93815,11.0,87
LOND,lond028,Violation_201,11,P8,3.961899,11.0,87
LOND,lond028,Violation_201,11,O1,16.76348,11.0,87
LOND,lond028,Violation_201,11,O2,26.80355,11.0,87
LOND,lond028,Control_202,12,Pz,-14.38561,15.0,90
LOND,lond028,Control_202,12,Cz,-13.92528,15.0,90
LOND,lond028,Control_202,12,CP1,-0.9846945,15.0,90
LOND,lond028,Control_202,12,CP2,4.748596,15.0,90
LOND,lond028,Control_202,12,P3,-0.7756358,15.0,90
LOND,lond028,Control_202,12,P4,14.95004,15.0,90
LOND,lond028,Control_202,12,C3,-2.673148,15.0,90
LOND,lond028,Control_202,12,C4,-6.326217,15.0,90
LOND,lond028,Control_202,12,P7,-8.87174,15.0,90
LOND,lond028,Control_202,12,P8,-4.711983,15.0,90
LOND,lond028,Control_202,12,O1,-1.680459,15.0,90
LOND,lond028,Control_202,12,O2,-18.02798,15.0,90
LOND,lond028,Control_202,13,Pz,-5.597561,16.0,93
LOND,lond028,Control_202,13,Cz,-1.384833,16.0,93
LOND,lond028,Control_202,13,CP1,1.408893,16.0,93
LOND,lond028,Control_202,13,CP2,4.671634,16.0,93
LOND,lond028,Control_202,13,P3,-7.503154,16.0,93
LOND,lond028,Control_202,13,P4,-26.99309,16.0,93
LOND,lond028,Control_202,13,C3,10.43661,16.0,93
LOND,lond028,Control_202,13,C4,-11.7037,16.0,93
LOND,lond028,Control_202,13,P7,-4.871739,16.0,93
LOND,lond028,Control_202,13,P8,7.167618,16.0,93
LOND,lond028,Control_202,13,O1,-24.8579,16.0,93
LOND,lond028,Control_202,13,O2,50.18763,16.0,93
LOND,lond028,Violation_201,14,Pz,-5.492797,5.0,93
LOND,lond028,Violation_201,14,Cz,-3.638366,5.0,93
LOND,lond028,Violation_201,14,CP1,-1.70918,5.0,93
LOND,lond028,Violation_201,14,CP2,9.179502,5.0,93
LOND,lond028,Violation_201,14,P3,-8.934091,5.0,93
LOND,lond028,Violation_201,14,P4,-17.70551,5.0,93
LOND,lond028,Violation_201,14,C3,16.21456,5.0,93
LOND,lond028,Violation_201,14,C4,-18.97184,5.0,93
LOND,lond028,Violation_201,14,P7,5.413816,5.0,93
LOND,lond028,Violation_201,14,P8,-4.219685,5.0,93
LOND,lond028,Violation_201,14,O1,-20.97723,5.0,93
LOND,lond028,Violation_201,14,O2,40.03481,5.0,93
LOND,lond028,Violation_201,15,Pz,1.434217,4.0,93
LOND,lond028,Violation_201,15,Cz,0.7506942,4.0,93
LOND,lond028,Violation_201,15,CP1,-3.472619,4.0,93
LOND,lond028,Violation_201,15,CP2,-10.4578,4.0,93
LOND,lond028,Violation_201,15,P3,-24.88821,4.0,93
LOND,lond028,Violation_201,15,P4,-2.292556,4.0,93
LOND,lond028,Violation_201,15,C3,-2.406069,4.0,93
LOND,lond028,Violation_201,15,C4,22.51762,4.0,93
LOND,lond028,Violation_201,15,P7,-3.126994,4.0,93
LOND,lond028,Violation_201,15,P8,-11.05757,4.0,93
LOND,lond028,Violation_201,15,O1,-14.59778,4.0,93
LOND,lond028,Violation_201,15,O2,14.03997,4.0,93
LOND,lond028,Control_202,16,Pz,20.92909,20.0,90
LOND,lond028,Control_202,16,Cz,3.519683,20.0,90
LOND,lond028,Control_202,16,CP1,-6.540472,20.0,90
LOND,lond028,Control_202,16,CP2,19.36614,20.0,90
LOND,lond028,Control_202,16,P3,-14.63853,20.0,90
LOND,lond028,Control_202,16,P4,-2.804045,20.0,90
LOND,lond028,Control_202,16,C3,-0.06926957,20.0,90
LOND,lond028,Control_202,16,C4,36.98008,20.0,90
LOND,lond028,Control_202,16,P7,20.96232,20.0,90
LOND,lond028,Control_202,16,P8,9.677849,20.0,90
LOND,lond028,Control_202,16,O1,1.913479,20.0,90
LOND,lond028,Control_202,16,O2,-8.546176,20.0,90
LOND,lond028,Violation_201,17,Pz,-20.71874,18.0,87
LOND,lond028,Violation_201,17,Cz,-7.208409,18.0,87
LOND,lond028,Violation_201,17,CP1,-4.865091,18.0,87
LOND,lond028,Violation_201,17,CP2,-29.98659,18.0,87
LOND,lond028,Violation_201,17,P3,-49.82236,18.0,87
LOND,lond028,Violation_201,17,P4,1.200515,18.0,87
LOND,lond028,Violation_201,17,C3,3.057315,18.0,87
LOND,lond028,Violation_201,17,C4,48.59033,18.0,87
LOND,lond028,Violation_201,17,P7,-23.55685,18.0,87
LOND,lond028,Violation_201,17,P8,-12.998,18.0,87
LOND,lond028,Violation_201,17,O1,-9.966247,18.0,87
LOND,lond028,Violation_201,17,O2,-45.3187,18.0,87
LOND,lond028,Violation_201,18,Pz,6.610065,17.0,62
LOND,lond028,Violation_201,18,Cz,-1.470654,17.0,62
LOND,lond028,Violation_201,18,CP1,10.90865,17.0,62
LOND,lond028,Violation_201,18,CP2,-5.865176,17.0,62
LOND,lond028,Violation_201,18,P3,-8.813512,17.0,62
LOND,lond028,Violation_201,18,P4,-6.199758,17.0,62
LOND,lond028,Violation_201,18,C3,-9.597884,17.0,62
LOND,lond028,Violation_201,18,C4,-1.044949,17.0,62
LOND,lond028,Violation_201,18,P7,20.95541,17.0,62
LOND,lond028,Violation_201,18,P8,5.596767,17.0,62
LOND,lond028,Violation_201,18,O1,1.112113,17.0,62
LOND,lond028,Violation_201,18,O2,-6.156326,17.0,62
LOND,lond028,Violation_201,19,Pz,13.17887,7.0,80
LOND,lond028,Violation_201,19,Cz,1.558215,7.0,80
LOND,lond028,Violation_201,19,CP1,-4.225153,7.0,80
LOND,lond028,Violation_201,19,CP2,24.22862,7.0,80
LOND,lond028,Violation_201,19,P3,-8.248452,7.0,80
LOND,lond028,Violation_201,19,P4,32.31619,7.0,80
LOND,lond028,Violation_201,19,C3,5.876111,7.0,80
LOND,lond028,Violation_201,19,C4,35.44534,7.0,80
LOND,lond028,Violation_201,19,P7,0.5598044,7.0,80
LOND,lond028,Violation_201,19,P8,17.78312,7.0,80
LOND,lond028,Violation_201,19,O1,17.413,7.0,80
LOND,lond028,Violation_201,19,O2,28.30685,7.0,80
LOND,lond028,Control_202,20,Pz,15.66741,6.0,100
LOND,lond028,Control_202,20,Cz,32.5756,6.0,100
LOND,lond028,Control_202,20,CP1,25.72602,6.0,100
LOND,lond028,Control_202,20,CP2,19.94897,6.0,100
LOND,lond028,Control_202,20,P3,14.31774,6.0,100
LOND,lond028,Control_202,20,P4,36.38843,6.0,100
LOND,lond028,Control_202,20,C3,10.50169,6.0,100
LOND,lond028,Control_202,20,C4,3.085199,6.0,100
LOND,lond028,Control_202,20,P7,28.53997,6.0,100
LOND,lond028,Control_202,20,P8,3.280655,6.0,100
LOND,lond028,Control_202,20,O1,3.338589,6.0,100
LOND,lond028,Control_202,20,O2,-15.96083,6.0,100
LOND,lond028,Violation_201,21,Pz,7.395281,28.0,27
LOND,lond028,Violation_201,21,Cz,19.38588,28.0,27
LOND,lond028,Violation_201,21,CP1,9.86095,28.0,27
LOND,lond028,Violation_201,21,CP2,1.948503,28.0,27
LOND,lond028,Violation_201,21,P3,13.93215,28.0,27
LOND,lond028,Violation_201,21,P4,-17.02612,28.0,27
LOND,lond028,Violation_201,21,C3,6.934538,28.0,27
LOND,lond028,Violation_201,21,C4,43.27076,28.0,27
LOND,lond028,Violation_201,21,P7,-14.62012,28.0,27
LOND,lond028,Violation_201,21,P8,2.033678,28.0,27
LOND,lond028,Violation_201,21,O1,45.53897,28.0,27
LOND,lond028,Violation_201,21,O2,0.4063212,28.0,27
LOND,lond028,Control_202,22,Pz,-13.63161,39.0,97
LOND,lond028,Control_202,22,Cz,-16.49767,39.0,97
LOND,lond028,Control_202,22,CP1,-7.876988,39.0,97
LOND,lond028,Control_202,22,CP2,-14.00104,39.0,97
LOND,lond028,Control_202,22,P3,-29.792,39.0,97
LOND,lond028,Control_202,22,P4,-33.56205,39.0,97
LOND,lond028,Control_202,22,C3,-6.246771,39.0,97
LOND,lond028,Control_202,22,C4,-42.33112,39.0,97
LOND,lond028,Control_202,22,P7,-14.02719,39.0,97
LOND,lond028,Control_202,22,P8,-22.74951,39.0,97
LOND,lond028,Control_202,22,O1,-17.97297,39.0,97
LOND,lond028,Control_202,22,O2,-13.21142,39.0,97
LOND,lond028,Control_202,23,Pz,6.449832,32.0,80
LOND,lond028,Control_202,23,Cz,8.899591,32.0,80
LOND,lond028,Control_202,23,CP1,24.89747,32.0,80
LOND,lond028,Control_202,23,CP2,12.86831,32.0,80
LOND,lond028,Control_202,23,P3,7.961257,32.0,80
LOND,lond028,Control_202,23,P4,7.087065,32.0,80
LOND,lond028,Control_202,23,C3,12.65828,32.0,80
LOND,lond028,Control_202,23,C4,11.6102,32.0,80
LOND,lond028,Control_202,23,P7,7.714709,32.0,80
LOND,lond028,Control_202,23,P8,6.260863,32.0,80
LOND,lond028,Control_202,23,O1,30.32361,32.0,80
LOND,lond028,Control_202,23,O2,40.95881,32.0,80
LOND,lond028,Control_202,24,Pz,1.698848,35.0,97
LOND,lond028,Control_202,24,Cz,17.1564,35.0,97
LOND,lond028,Control_202,24,CP1,18.21243,35.0,97
LOND,lond028,Control_202,24,CP2,8.923021,35.0,97
LOND,lond028,Control_202,24,P3,28.99395,35.0,97
LOND,lond028,Control_202,24,P4,16.13658,35.0,97
LOND,lond028,Control_202,24,C3,29.99767,35.0,97
LOND,lond028,Control_202,24,C4,0.175794,35.0,97
LOND,lond028,Control_202,24,P7,11.36798,35.0,97
LOND,lond028,Control_202,24,P8,14.73691,35.0,97
LOND,lond028,Control_202,24,O1,3.350885,35.0,97
LOND,lond028,Control_202,24,O2,8.305215,35.0,97
LOND,lond028,Violation_201,25,Pz,-23.93884,33.0,53
LOND,lond028,Violation_201,25,Cz,-5.530312,33.0,53
LOND,lond028,Violation_201,25,CP1,-6.741678,33.0,53
LOND,lond028,Violation_201,25,CP2,0.800843,33.0,53
LOND,lond028,Violation_201,25,P3,-4.765686,33.0,53
LOND,lond028,Violation_201,25,P4,-22.84832,33.0,53
LOND,lond028,Violation_201,25,C3,-21.03592,33.0,53
LOND,lond028,Violation_201,25,C4,-30.32276,33.0,53
LOND,lond028,Violation_201,25,P7,-2.700715,33.0,53
LOND,lond028,Violation_201,25,P8,10.79976,33.0,53
LOND,lond028,Violation_201,25,O1,13.79671,33.0,53
LOND,lond028,Violation_201,25,O2,34.5207,33.0,53
LOND,lond028,Control_202,26,Pz,-13.99817,29.0,90
LOND,lond028,Control_202,26,Cz,-15.98716,29.0,90
LOND,lond028,Control_202,26,CP1,-20.3566,29.0,90
LOND,lond028,Control_202,26,CP2,-10.32691,29.0,90
LOND,lond028,Control_202,26,P3,-5.987364,29.0,90
LOND,lond028,Control_202,26,P4,-36.43652,29.0,90
LOND,lond028,Control_202,26,C3,2.729666,29.0,90
LOND,lond028,Control_202,26,C4,1.584413,29.0,90
LOND,lond028,Control_202,26,P7,4.55929,29.0,90
LOND,lond028,Control_202,26,P8,-17.69973,29.0,90
LOND,lond028,Control_202,26,O1,-18.18062,29.0,90
LOND,lond028,Control_202,26,O2,5.358767,29.0,90
LOND,lond028,Violation_201,27,Pz,15.40312,30.0,90
LOND,lond028,Violation_201,27,Cz,-0.3019993,30.0,90
LOND,lond028,Violation_201,27,CP1,13.56864,30.0,90
LOND,lond028,Violation_201,27,CP2,-8.381785,30.0,90
LOND,lond028,Violation_201,27,P3,15.27553,30.0,90
LOND,lond028,Violation_201,27,P4,17.49968,30.0,90
LOND,lond028,Violation_201,27,C3,1.579615,30.0,90
LOND,lond028,Violation_201,27,C4,11.8721,30.0,90
LOND,lond028,Violation_201,27,P7,-0.5671068,30.0,90
LOND,lond028,Violation_201,27,P8,3.511218,30.0,90
LOND,lond028,Violation_201,27,O1,-20.13675,30.0,90
LOND,lond028,Violation_201,27,O2,-8.025462,30.0,90
LOND,lond028,Violation_201,28,Pz,-18.87056,27.0,97
LOND,lond028,Violation_201,28,Cz,-33.58812,27.0,97
LOND,lond028,Violation_201,28,CP1,-36.97441,27.0,97
LOND,lond028,Violation_201,28,CP2,-9.899062,27.0,97
LOND,lond028,Violation_201,28,P3,-30.06,27.0,97
LOND,lond028,Violation_201,28,P4,-51.53048,27.0,97
LOND,lond028,Violation_201,28,C3,-31.69291,27.0,97
LOND,lond028,Violation_201,28,C4,-36.04061,27.0,97
LOND,lond028,Violation_201,28,P7,-24.84739,27.0,97
LOND,lond028,Violation_201,28,P8,-15.40281,27.0,97
LOND,lond028,Violation_201,28,O1,-31.79925,27.0,97
LOND,lond028,Violation_201,28,O2,-11.87093,27.0,97
LOND,lond028,Control_202,29,Pz,-20.05774,36.0,77
LOND,lond028,Control_202,29,Cz,-6.325308,36.0,77
LOND,lond028,Control_202,29,CP1,-7.729825,36.0,77
LOND,lond028,Control_202,29,CP2,-10.87901,36.0,77
LOND,lond028,Control_202,29,P3,-3.294174,36.0,77
LOND,lond028,Control_202,29,P4,4.185098,36.0,77
LOND,lond028,Control_202,29,C3,-3.30569,36.0,77
LOND,lond028,Control_202,29,C4,8.481471,36.0,77
LOND,lond028,Control_202,29,P7,-14.50834,36.0,77
LOND,lond028,Control_202,29,P8,-11.06865,36.0,77
LOND,lond028,Control_202,29,O1,5.578306,36.0,77
LOND,lond028,Control_202,29,O2,4.859374,36.0,77
LOND,lond028,Violation_201,30,Pz,27.37985,21.0,77
LOND,lond028,Violation_201,30,Cz,30.28117,21.0,77
LOND,lond028,Violation_201,30,CP1,10.80569,21.0,77
LOND,lond028,Violation_201,30,CP2,21.84552,21.0,77
LOND,lond028,Violation_201,30,P3,35.22435,21.0,77
LOND,lond028,Violation_201,30,P4,27.84231,21.0,77
LOND,lond028,Violation_201,30,C3,34.25017,21.0,77
LOND,lond028,Violation_201,30,C4,5.025465,21.0,77
LOND,lond028,Violation_201,30,P7,18.18102,21.0,77
LOND,lond028,Violation_201,30,P8,6.813016,21.0,77
LOND,lond028,Violation_201,30,O1,39.55611,21.0,77
LOND,lond028,Violation_201,30,O2,27.31384,21.0,77
LOND,lond028,Control_202,31,Pz,-15.49189,25.0,97
LOND,lond028,Control_202,31,Cz,-16.07594,25.0,97
LOND,lond028,Control_202,31,CP1,-16.9228,25.0,97
LOND,lond028,Control_202,31,CP2,-17.44589,25.0,97
LOND,lond028,Control_202,31,P3,-7.398696,25.0,97
LOND,lond028,Control_202,31,P4,9.939988,25.0,97
LOND,lond028,Control_202,31,C3,-2.89492,25.0,97
LOND,lond028,Control_202,31,C4,-14.81816,25.0,97
LOND,lond028,Control_202,31,P7,-0.2615778,25.0,97
LOND,lond028,Control_202,31,P8,1.557435,25.0,97
LOND,lond028,Control_202,31,O1,-34.37213,25.0,97
LOND,lond028,Control_202,31,O2,1.054529,25.0,97
LOND,lond028,Control_202,32,Pz,-22.68248,34.0,97
LOND,lond028,Control_202,32,Cz,-10.46485,34.0,97
LOND,lond028,Control_202,32,CP1,-19.87528,34.0,97
LOND,lond028,Control_202,32,CP2,-6.968645,34.0,97
LOND,lond028,Control_202,32,P3,-8.390875,34.0,97
LOND,lond028,Control_202,32,P4,-0.8436348,34.0,97
LOND,lond028,Control_202,32,C3,-18.59105,34.0,97
LOND,lond028,Control_202,32,C4,-34.15033,34.0,97
LOND,lond028,Control_202,32,P7,-11.06898,34.0,97
LOND,lond028,Control_202,32,P8,-18.60254,34.0,97
LOND,lond028,Control_202,32,O1,-14.35461,34.0,97
LOND,lond028,Control_202,32,O2,-29.82916,34.0,97
LOND,lond028,Control_202,33,Pz,-36.45443,31.0,77
LOND,lond028,Control_202,33,Cz,-27.23079,31.0,77
LOND,lond028,Control_202,33,CP1,-44.41786,31.0,77
LOND,lond028,Control_202,33,CP2,-36.02304,31.0,77
LOND,lond028,Control_202,33,P3,-26.08934,31.0,77
LOND,lond028,Control_202,33,P4,-35.60101,31.0,77
LOND,lond028,Control_202,33,C3,-33.60727,31.0,77
LOND,lond028,Control_202,33,C4,-26.12215,31.0,77
LOND,lond028,Control_202,33,P7,-28.3839,31.0,77
LOND,lond028,Control_202,33,P8,-15.97715,31.0,77
LOND,lond028,Control_202,33,O1,-44.89115,31.0,77
LOND,lond028,Control_202,33,O2,-68.95526,31.0,77
LOND,lond028,Violation_201,34,Pz,-14.97367,24.0,93
LOND,lond028,Violation_201,34,Cz,-7.71388,24.0,93
LOND,lond028,Violation_201,34,CP1,3.158386,24.0,93
LOND,lond028,Violation_201,34,CP2,-10.62087,24.0,93
LOND,lond028,Violation_201,34,P3,-30.36877,24.0,93
LOND,lond028,Violation_201,34,P4,-23.97182,24.0,93
LOND,lond028,Violation_201,34,C3,-9.902181,24.0,93
LOND,lond028,Violation_201,34,C4,-14.42848,24.0,93
LOND,lond028,Violation_201,34,P7,-18.95139,24.0,93
LOND,lond028,Violation_201,34,P8,-14.97864,24.0,93
LOND,lond028,Violation_201,34,O1,-10.30439,24.0,93
LOND,lond028,Violation_201,34,O2,0.8757894,24.0,93
LOND,lond029,Violation_201,1,Pz,-17.82903,19.0,100
LOND,lond029,Violation_201,1,Cz,-11.97538,19.0,100
LOND,lond029,Violation_201,1,CP1,-18.05626,19.0,100
LOND,lond029,Violation_201,1,CP2,-15.41775,19.0,100
LOND,lond029,Violation_201,1,P3,-28.44909,19.0,100
LOND,lond029,Violation_201,1,P4,-18.7636,19.0,100
LOND,lond029,Violation_201,1,C3,-18.84308,19.0,100
LOND,lond029,Violation_201,1,C4,-25.33362,19.0,100
LOND,lond029,Violation_201,1,P7,-20.70973,19.0,100
LOND,lond029,Violation_201,1,P8,-30.49203,19.0,100
LOND,lond029,Violation_201,1,O1,-15.37411,19.0,100
LOND,lond029,Violation_201,1,O2,-19.09754,19.0,100
LOND,lond029,Violation_201,2,Pz,8.604155,10.0,80
LOND,lond029,Violation_201,2,Cz,15.30569,10.0,80
LOND,lond029,Violation_201,2,CP1,6.656534,10.0,80
LOND,lond029,Violation_201,2,CP2,10.29615,10.0,80
LOND,lond029,Violation_201,2,P3,7.364617,10.0,80
LOND,lond029,Violation_201,2,P4,14.06234,10.0,80
LOND,lond029,Violation_201,2,C3,15.89668,10.0,80
LOND,lond029,Violation_201,2,C4,13.44572,10.0,80
LOND,lond029,Violation_201,2,P7,-1.207956,10.0,80
LOND,lond029,Violation_201,2,P8,-0.5030736,10.0,80
LOND,lond029,Violation_201,2,O1,7.586822,10.0,80
LOND,lond029,Violation_201,2,O2,6.683797,10.0,80
LOND,lond029,Control_202,3,Pz,6.439683,6.0,100
LOND,lond029,Control_202,3,Cz,5.019929,6.0,100
LOND,lond029,Control_202,3,CP1,1.994651,6.0,100
LOND,lond029,Control_202,3,CP2,-25.85849,6.0,100
LOND,lond029,Control_202,3,P3,5.970693,6.0,100
LOND,lond029,Control_202,3,P4,15.98988,6.0,100
LOND,lond029,Control_202,3,C3,10.79418,6.0,100
LOND,lond029,Control_202,3,C4,-8.097286,6.0,100
LOND,lond029,Control_202,3,P7,-0.07594283,6.0,100
LOND,lond029,Control_202,3,P8,8.555169,6.0,100
LOND,lond029,Control_202,3,O1,14.31862,6.0,100
LOND,lond029,Control_202,3,O2,5.184352,6.0,100
LOND,lond029,Violation_201,4,Pz,2.014432,5.0,93
LOND,lond029,Violation_201,4,Cz,6.185554,5.0,93
LOND,lond029,Violation_201,4,CP1,3.962242,5.0,93
LOND,lond029,Violation_201,4,CP2,21.58487,5.0,93
LOND,lond029,Violation_201,4,P3,-11.07082,5.0,93
LOND,lond029,Violation_201,4,P4,-1.197513,5.0,93
LOND,lond029,Violation_201,4,C3,1.677512,5.0,93
LOND,lond029,Violation_201,4,C4,-1.751528,5.0,93
LOND,lond029,Violation_201,4,P7,-3.243442,5.0,93
LOND,lond029,Violation_201,4,P8,4.567065,5.0,93
LOND,lond029,Violation_201,4,O1,-1.458623,5.0,93
LOND,lond029,Violation_201,4,O2,3.847296,5.0,93
LOND,lond029,Control_202,5,Pz,-7.266778,11.0,87
LOND,lond029,Control_202,5,Cz,-20.59592,11.0,87
LOND,lond029,Control_202,5,CP1,1.973764,11.0,87
LOND,lond029,Control_202,5,CP2,-0.8393041,11.0,87
LOND,lond029,Control_202,5,P3,-17.75112,11.0,87
LOND,lond029,Control_202,5,P4,-7.269452,11.0,87
LOND,lond029,Control_202,5,C3,-14.17067,11.0,87
LOND,lond029,Control_202,5,C4,-11.48327,11.0,87
LOND,lond029,Control_202,5,P7,-5.860308,11.0,87
LOND,lond029,Control_202,5,P8,4.852395,11.0,87
LOND,lond029,Control_202,5,O1,-7.226338,11.0,87
LOND,lond029,Control_202,5,O2,-0.2109715,11.0,87
LOND,lond029,Control_202,6,Pz,5.505487,8.0,97
LOND,lond029,Control_202,6,Cz,-2.800629,8.0,97
LOND,lond029,Control_202,6,CP1,-0.8475433,8.0,97
LOND,lond029,Control_202,6,CP2,-1.683379,8.0,97
LOND,lond029,Control_202,6,P3,-12.76536,8.0,97
LOND,lond029,Control_202,6,P4,1.2693,8.0,97
LOND,lond029,Control_202,6,C3,6.173884,8.0,97
LOND,lond029,Control_202,6,C4,0.883154,8.0,97
LOND,lond029,Control_202,6,P7,6.619092,8.0,97
LOND,lond029,Control_202,6,P8,10.78516,8.0,97
LOND,lond029,Control_202,6,O1,1.376775,8.0,97
LOND,lond029,Control_202,6,O2,8.137704,8.0,97
LOND,lond029,Violation_201,7,Pz,10.7673,14.0,90
LOND,lond029,Violation_201,7,Cz,2.413766,14.0,90
LOND,lond029,Violation_201,7,CP1,12.64408,14.0,90
LOND,lond029,Violation_201,7,CP2,6.130898,14.0,90
LOND,lond029,Violation_201,7,P3,7.399969,14.0,90
LOND,lond029,Violation_201,7,P4,5.493605,14.0,90
LOND,lond029,Violation_201,7,C3,10.42307,14.0,90
LOND,lond029,Violation_201,7,C4,0.3761748,14.0,90
LOND,lond029,Violation_201,7,P7,5.767993,14.0,90
LOND,lond029,Violation_201,7,P8,6.235765,14.0,90
LOND,lond029,Violation_201,7,O1,13.64189,14.0,90
LOND,lond029,Violation_201,7,O2,4.942264,14.0,90
LOND,lond029,Control_202,8,Pz,9.648919,12.0,100
LOND,lond029,Control_202,8,Cz,11.26579,12.0,100
LOND,lond029,Control_202,8,CP1,4.793187,12.0,100
LOND,lond029,Control_202,8,CP2,6.205571,12.0,100
LOND,lond029,Control_202,8,P3,8.144889,12.0,100
LOND,lond029,Control_202,8,P4,4.729512,12.0,100
LOND,lond029,Control_202,8,C3,6.362673,12.0,100
LOND,lond029,Control_202,8,C4,-4.168094,12.0,100
LOND,lond029,Control_202,8,P7,2.164678,12.0,100
LOND,lond029,Control_202,8,P8,3.884453,12.0,100
LOND,lond029,Control_202,8,O1,21.33425,12.0,100
LOND,lond029,Control_202,8,O2,9.142706,12.0,100
LOND,lond029,Violation_201,9,Pz,-0.6867298,9.0,93
LOND,lond029,Violation_201,9,Cz,-14.67735,9.0,93
LOND,lond029,Violation_201,9,CP1,7.863206,9.0,93
LOND,lond029,Violation_201,9,CP2,-2.985799,9.0,93
LOND,lond029,Violation_201,9,P3,12.11286,9.0,93
LOND,lond029,Violation_201,9,P4,0.2714072,9.0,93
LOND,lond029,Violation_201,9,C3,-1.234681,9.0,93
LOND,lond029,Violation_201,9,C4,-3.262014,9.0,93
LOND,lond029,Violation_201,9,P7,-4.542058,9.0,93
LOND,lond029,Violation_201,9,P8,0.3845304,9.0,93
LOND,lond029,Violation_201,9,O1,1.905463,9.0,93
LOND,lond029,Violation_201,9,O2,-0.3245748,9.0,93
LOND,lond029,Control_202,10,Pz,-28.02007,17.0,62
LOND,lond029,Control_202,10,Cz,-35.32585,17.0,62
LOND,lond029,Control_202,10,CP1,-32.03083,17.0,62
LOND,lond029,Control_202,10,CP2,-34.3376,17.0,62
LOND,lond029,Control_202,10,P3,-37.84963,17.0,62
LOND,lond029,Control_202,10,P4,-39.61379,17.0,62
LOND,lond029,Control_202,10,C3,-25.50619,17.0,62
LOND,lond029,Control_202,10,C4,-27.44282,17.0,62
LOND,lond029,Control_202,10,P7,-32.97202,17.0,62
LOND,lond029,Control_202,10,P8,-24.57114,17.0,62
LOND,lond029,Control_202,10,O1,-33.35524,17.0,62
LOND,lond029,Control_202,10,O2,-28.85771,17.0,62
LOND,lond029,Violation_201,11,Pz,11.07595,18.0,87
LOND,lond029,Violation_201,11,Cz,14.27967,18.0,87
LOND,lond029,Violation_201,11,CP1,10.6968,18.0,87
LOND,lond029,Violation_201,11,CP2,17.84086,18.0,87
LOND,lond029,Violation_201,11,P3,7.622898,18.0,87
LOND,lond029,Violation_201,11,P4,19.64525,18.0,87
LOND,lond029,Violation_201,11,C3,17.91922,18.0,87
LOND,lond029,Violation_201,11,C4,10.06634,18.0,87
LOND,lond029,Violation_201,11,P7,7.519435,18.0,87
LOND,lond029,Violation_201,11,P8,26.70386,18.0,87
LOND,lond029,Violation_201,11,O1,12.46673,18.0,87
LOND,lond029,Violation_201,11,O2,14.05509,18.0,87
LOND,lond029,Violation_201,12,Pz,7.37008,15.0,90
LOND,lond029,Violation_201,12,Cz,-0.2680289,15.0,90
LOND,lond029,Violation_201,12,CP1,-0.9581737,15.0,90
LOND,lond029,Violation_201,12,CP2,-9.402654,15.0,90
LOND,lond029,Violation_201,12,P3,11.57586,15.0,90
LOND,lond029,Violation_201,12,P4,6.286099,15.0,90
LOND,lond029,Violation_201,12,C3,9.285604,15.0,90
LOND,lond029,Violation_201,12,C4,2.209126,15.0,90
LOND,lond029,Violation_201,12,P7,5.776031,15.0,90
LOND,lond029,Violation_201,12,P8,16.05532,15.0,90
LOND,lond029,Violation_201,12,O1,9.3641,15.0,90
LOND,lond029,Violation_201,12,O2,9.619758,15.0,90
LOND,lond029,Violation_201,13,Pz,-10.85444,13.0,97
LOND,lond029,Violation_201,13,Cz,-11.80968,13.0,97
LOND,lond029,Violation_201,13,CP1,-14.4613,13.0,97
LOND,lond029,Violation_201,13,CP2,-2.630641,13.0,97
LOND,lond029,Violation_201,13,P3,-7.65389,13.0,97
LOND,lond029,Violation_201,13,P4,-10.40408,13.0,97
LOND,lond029,Violation_201,13,C3,-18.7109,13.0,97
LOND,lond029,Violation_201,13,C4,-15.10705,13.0,97
LOND,lond029,Violation_201,13,P7,-15.2447,13.0,97
LOND,lond029,Violation_201,13,P8,-6.582161,13.0,97
LOND,lond029,Violation_201,13,O1,-12.87745,13.0,97
LOND,lond029,Violation_201,13,O2,-18.51444,13.0,97
LOND,lond029,Violation_201,14,Pz,-10.33576,3.0,100
LOND,lond029,Violation_201,14,Cz,-25.4933,3.0,100
LOND,lond029,Violation_201,14,CP1,-18.21546,3.0,100
LOND,lond029,Violation_201,14,CP2,-24.34376,3.0,100
LOND,lond029,Violation_201,14,P3,-14.19392,3.0,100
LOND,lond029,Violation_201,14,P4,-19.06565,3.0,100
LOND,lond029,Violation_201,14,C3,-6.564863,3.0,100
LOND,lond029,Violation_201,14,C4,-11.41247,3.0,100
LOND,lond029,Violation_201,14,P7,-14.33805,3.0,100
LOND,lond029,Violation_201,14,P8,-15.33531,3.0,100
LOND,lond029,Violation_201,14,O1,-20.37144,3.0,100
LOND,lond029,Violation_201,14,O2,-11.07152,3.0,100
LOND,lond029,Control_202,15,Pz,-7.483553,7.0,80
LOND,lond029,Control_202,15,Cz,-1.992218,7.0,80
LOND,lond029,Control_202,15,CP1,-22.93587,7.0,80
LOND,lond029,Control_202,15,CP2,-2.004775,7.0,80
LOND,lond029,Control_202,15,P3,-10.46801,7.0,80
LOND,lond029,Control_202,15,P4,-6.908182,7.0,80
LOND,lond029,Control_202,15,C3,-7.906753,7.0,80
LOND,lond029,Control_202,15,C4,-5.637937,7.0,80
LOND,lond029,Control_202,15,P7,-11.69588,7.0,80
LOND,lond029,Control_202,15,P8,3.958657,7.0,80
LOND,lond029,Control_202,15,O1,-9.021717,7.0,80
LOND,lond029,Control_202,15,O2,-7.46759,7.0,80
LOND,lond029,Control_202,16,Pz,-29.01211,16.0,93
LOND,lond029,Control_202,16,Cz,-0.5140555,16.0,93
LOND,lond029,Control_202,16,CP1,-37.09588,16.0,93
LOND,lond029,Control_202,16,CP2,-45.45134,16.0,93
LOND,lond029,Control_202,16,P3,-39.31945,16.0,93
LOND,lond029,Control_202,16,P4,-30.89353,16.0,93
LOND,lond029,Control_202,16,C3,-34.23645,16.0,93
LOND,lond029,Control_202,16,C4,-38.09245,16.0,93
LOND,lond029,Control_202,16,P7,-43.88845,16.0,93
LOND,lond029,Control_202,16,P8,-38.02394,16.0,93
LOND,lond029,Control_202,16,O1,-36.72238,16.0,93
LOND,lond029,Control_202,16,O2,-31.59873,16.0,93
LOND,lond029,Control_202,17,Pz,25.84243,2.0,100
LOND,lond029,Control_202,17,Cz,20.5392,2.0,100
LOND,lond029,Control_202,17,CP1,28.35048,2.0,100
LOND,lond029,Control_202,17,CP2,13.60241,2.0,100
LOND,lond029,Control_202,17,P3,26.22921,2.0,100
LOND,lond029,Control_202,17,P4,21.88785,2.0,100
LOND,lond029,Control_202,17,C3,32.83352,2.0,100
LOND,lond029,Control_202,17,C4,20.68607,2.0,100
LOND,lond029,Control_202,17,P7,22.36672,2.0,100
LOND,lond029,Control_202,17,P8,27.67155,2.0,100
LOND,lond029,Control_202,17,O1,19.71956,2.0,100
LOND,lond029,Control_202,17,O2,29.59481,2.0,100
LOND,lond029,Violation_201,18,Pz,-16.14553,4.0,93
LOND,lond029,Violation_201,18,Cz,-9.670641,4.0,93
LOND,lond029,Violation_201,18,CP1,-2.103621,4.0,93
LOND,lond029,Violation_201,18,CP2,33.47588,4.0,93
LOND,lond029,Violation_201,18,P3,-3.538287,4.0,93
LOND,lond029,Violation_201,18,P4,-13.82784,4.0,93
LOND,lond029,Violation_201,18,C3,-15.87418,4.0,93
LOND,lond029,Violation_201,18,C4,-7.935257,4.0,93
LOND,lond029,Violation_201,18,P7,-4.146597,4.0,93
LOND,lond029,Violation_201,18,P8,-23.84918,4.0,93
LOND,lond029,Violation_201,18,O1,-13.26379,4.0,93
LOND,lond029,Violation_201,18,O2,-8.893684,4.0,93
LOND,lond029,Violation_201,19,Pz,-25.4673,20.0,90
LOND,lond029,Violation_201,19,Cz,-32.44231,20.0,90
LOND,lond029,Violation_201,19,CP1,-19.09554,20.0,90
LOND,lond029,Violation_201,19,CP2,-32.11404,20.0,90
LOND,lond029,Violation_201,19,P3,-13.26235,20.0,90
LOND,lond029,Violation_201,19,P4,-25.69268,20.0,90
LOND,lond029,Violation_201,19,C3,-6.890789,20.0,90
LOND,lond029,Violation_201,19,C4,-15.46349,20.0,90
LOND,lond029,Violation_201,19,P7,-14.83701,20.0,90
LOND,lond029,Violation_201,19,P8,-32.59118,20.0,90
LOND,lond029,Violation_201,19,O1,-19.85331,20.0,90
LOND,lond029,Violation_201,19,O2,-22.4589,20.0,90
LOND,lond029,Control_202,20,Pz,-8.720106,1.0,97
LOND,lond029,Control_202,20,Cz,-1.748521,1.0,97
LOND,lond029,Control_202,20,CP1,-4.997565,1.0,97
LOND,lond029,Control_202,20,CP2,18.94777,1.0,97
LOND,lond029,Control_202,20,P3,4.790626,1.0,97
LOND,lond029,Control_202,20,P4,-0.1508278,1.0,97
LOND,lond029,Control_202,20,C3,2.475843,1.0,97
LOND,lond029,Control_202,20,C4,5.107058,1.0,97
LOND,lond029,Control_202,20,P7,5.849651,1.0,97
LOND,lond029,Control_202,20,P8,-6.776369,1.0,97
LOND,lond029,Control_202,20,O1,4.875035,1.0,97
LOND,lond029,Control_202,20,O2,3.638326,1.0,97
LOND,lond029,Violation_201,21,Pz,-63.01313,34.0,97
LOND,lond029,Violation_201,21,Cz,-66.69053,34.0,97
LOND,lond029,Violation_201,21,CP1,-59.97256,34.0,97
LOND,lond029,Violation_201,21,CP2,-67.21808,34.0,97
LOND,lond029,Violation_201,21,P3,-52.82167,34.0,97
LOND,lond029,Violation_201,21,P4,-68.36863,34.0,97
LOND,lond029,Violation_201,21,C3,-69.43195,34.0,97
LOND,lond029,Violation_201,21,C4,-53.73678,34.0,97
LOND,lond029,Violation_201,21,P7,-47.94642,34.0,97
LOND,lond029,Violation_201,21,P8,-68.30592,34.0,97
LOND,lond029,Violation_201,21,O1,-62.59014,34.0,97
LOND,lond029,Violation_201,21,O2,-69.489,34.0,97
LOND,lond029,Control_202,22,Pz,-10.95242,30.0,90
LOND,lond029,Control_202,22,Cz,-1.909192,30.0,90
LOND,lond029,Control_202,22,CP1,-16.10464,30.0,90
LOND,lond029,Control_202,22,CP2,-4.690208,30.0,90
LOND,lond029,Control_202,22,P3,-9.891273,30.0,90
LOND,lond029,Control_202,22,P4,-10.41918,30.0,90
LOND,lond029,Control_202,22,C3,-12.13783,30.0,90
LOND,lond029,Control_202,22,C4,-16.49464,30.0,90
LOND,lond029,Control_202,22,P7,-7.021337,30.0,90
LOND,lond029,Control_202,22,P8,-17.78431,30.0,90
LOND,lond029,Control_202,22,O1,-3.588985,30.0,90
LOND,lond029,Control_202,22,O2,-9.138183,30.0,90
LOND,lond029,Control_202,23,Pz,-5.455034,23.0,93
LOND,lond029,Control_202,23,Cz,-4.823638,23.0,93
LOND,lond029,Control_202,23,CP1,-5.216466,23.0,93
LOND,lond029,Control_202,23,CP2,-12.43231,23.0,93
LOND,lond029,Control_202,23,P3,-7.90494,23.0,93
LOND,lond029,Control_202,23,P4,-9.670841,23.0,93
LOND,lond029,Control_202,23,C3,-7.694988,23.0,93
LOND,lond029,Control_202,23,C4,-6.372973,23.0,93
LOND,lond029,Control_202,23,P7,-4.830807,23.0,93
LOND,lond029,Control_202,23,P8,-7.764845,23.0,93
LOND,lond029,Control_202,23,O1,-1.628449,23.0,93
LOND,lond029,Control_202,23,O2,0.07293107,23.0,93
LOND,lond029,Control_202,24,Pz,-19.22717,29.0,90
LOND,lond029,Control_202,24,Cz,-21.87581,29.0,90
LOND,lond029,Control_202,24,CP1,-8.704586,29.0,90
LOND,lond029,Control_202,24,CP2,45.4817,29.0,90
LOND,lond029,Control_202,24,P3,-12.3048,29.0,90
LOND,lond029,Control_202,24,P4,-10.75358,29.0,90
LOND,lond029,Control_202,24,C3,-7.177276,29.0,90
LOND,lond029,Control_202,24,C4,-20.62519,29.0,90
LOND,lond029,Control_202,24,P7,-4.019624,29.0,90
LOND,lond029,Control_202,24,P8,-3.24657,29.0,90
LOND,lond029,Control_202,24,O1,-17.2459,29.0,90
LOND,lond029,Control_202,24,O2,-19.62475,29.0,90
LOND,lond029,Violation_201,25,Pz,-28.09482,26.0,87
LOND,lond029,Violation_201,25,Cz,-22.40151,26.0,87
LOND,lond029,Violation_201,25,CP1,-29.55876,26.0,87
LOND,lond029,Violation_201,25,CP2,-15.77913,26.0,87
LOND,lond029,Violation_201,25,P3,-11.09258,26.0,87
LOND,lond029,Violation_201,25,P4,-29.90382,26.0,87
LOND,lond029,Violation_201,25,C3,-15.61403,26.0,87
LOND,lond029,Violation_201,25,C4,-41.36578,26.0,87
LOND,lond029,Violation_201,25,P7,-23.04419,26.0,87
LOND,lond029,Violation_201,25,P8,-5.371503,26.0,87
LOND,lond029,Violation_201,25,O1,-21.37188,26.0,87
LOND,lond029,Violation_201,25,O2,-16.67322,26.0,87
LOND,lond029,Control_202,26,Pz,10.64059,35.0,97
LOND,lond029,Control_202,26,Cz,2.552072,35.0,97
LOND,lond029,Control_202,26,CP1,-31.28484,35.0,97
LOND,lond029,Control_202,26,CP2,-13.43694,35.0,97
LOND,lond029,Control_202,26,P3,6.143484,35.0,97
LOND,lond029,Control_202,26,P4,4.481019,35.0,97
LOND,lond029,Control_202,26,C3,15.83399,35.0,97
LOND,lond029,Control_202,26,C4,1.908764,35.0,97
LOND,lond029,Control_202,26,P7,18.40309,35.0,97
LOND,lond029,Control_202,26,P8,9.866531,35.0,97
LOND,lond029,Control_202,26,O1,5.945237,35.0,97
LOND,lond029,Control_202,26,O2,12.10352,35.0,97
LOND,lond029,Violation_201,27,Pz,-6.817438,31.0,77
LOND,lond029,Violation_201,27,Cz,-15.31509,31.0,77
LOND,lond029,Violation_201,27,CP1,-0.7485514,31.0,77
LOND,lond029,Violation_201,27,CP2,-5.526897,31.0,77
LOND,lond029,Violation_201,27,P3,-9.757031,31.0,77
LOND,lond029,Violation_201,27,P4,-23.71571,31.0,77
LOND,lond029,Violation_201,27,C3,-19.99335,31.0,77
LOND,lond029,Violation_201,27,C4,-13.82968,31.0,77
LOND,lond029,Violation_201,27,P7,8.974157,31.0,77
LOND,lond029,Violation_201,27,P8,-14.28818,31.0,77
LOND,lond029,Violation_201,27,O1,-13.07086,31.0,77
LOND,lond029,Violation_201,27,O2,-11.27686,31.0,77
LOND,lond029,Violation_201,28,Pz,-10.1383,28.0,27
LOND,lond029,Violation_201,28,Cz,-4.605641,28.0,27
LOND,lond029,Violation_201,28,CP1,-15.74655,28.0,27
LOND,lond029,Violation_201,28,CP2,-15.60807,28.0,27
LOND,lond029,Violation_201,28,P3,-19.44383,28.0,27
LOND,lond029,Violation_201,28,P4,-15.89923,28.0,27
LOND,lond029,Violation_201,28,C3,-15.15521,28.0,27
LOND,lond029,Violation_201,28,C4,-0.6614465,28.0,27
LOND,lond029,Violation_201,28,P7,-14.8438,28.0,27
LOND,lond029,Violation_201,28,P8,-9.292953,28.0,27
LOND,lond029,Violation_201,28,O1,-12.40407,28.0,27
LOND,lond029,Violation_201,28,O2,-14.3088,28.0,27
LOND,lond029,Control_202,29,Pz,-11.00448,25.0,97
LOND,lond029,Control_202,29,Cz,-7.209552,25.0,97
LOND,lond029,Control_202,29,CP1,-9.984914,25.0,97
LOND,lond029,Control_202,29,CP2,-1.469131,25.0,97
LOND,lond029,Control_202,29,P3,-10.95763,25.0,97
LOND,lond029,Control_202,29,P4,-14.2008,25.0,97
LOND,lond029,Control_202,29,C3,-5.075879,25.0,97
LOND,lond029,Control_202,29,C4,-0.9545693,25.0,97
LOND,lond029,Control_202,29,P7,-2.801622,25.0,97
LOND,lond029,Control_202,29,P8,-4.729475,25.0,97
LOND,lond029,Control_202,29,O1,-8.176387,25.0,97
LOND,lond029,Control_202,29,O2,-9.325073,25.0,97
LOND,lond029,Violation_201,30,Pz,5.124075,32.0,80
LOND,lond029,Violation_201,30,Cz,17.68693,32.0,80
LOND,lond029,Violation_201,30,CP1,20.60976,32.0,80
LOND,lond029,Violation_201,30,CP2,24.95186,32.0,80
LOND,lond029,Violation_201,30,P3,12.79801,32.0,80
LOND,lond029,Violation_201,30,P4,4.684972,32.0,80
LOND,lond029,Violation_201,30,C3,8.53674,32.0,80
LOND,lond029,Violation_201,30,C4,14.65913,32.0,80
LOND,lond029,Violation_201,30,P7,7.398294,32.0,80
LOND,lond029,Violation_201,30,P8,7.03438,32.0,80
LOND,lond029,Violation_201,30,O1,15.1906,32.0,80
LOND,lond029,Violation_201,30,O2,9.357492,32.0,80
LOND,lond029,Violation_201,31,Pz,12.08698,21.0,77
LOND,lond029,Violation_201,31,Cz,-10.20468,21.0,77
LOND,lond029,Violation_201,31,CP1,21.79226,21.0,77
LOND,lond029,Violation_201,31,CP2,14.55968,21.0,77
LOND,lond029,Violation_201,31,P3,14.05987,21.0,77
LOND,lond029,Violation_201,31,P4,3.263042,21.0,77
LOND,lond029,Violation_201,31,C3,4.616107,21.0,77
LOND,lond029,Violation_201,31,C4,-7.287563,21.0,77
LOND,lond029,Violation_201,31,P7,-2.669929,21.0,77
LOND,lond029,Violation_201,31,P8,3.766502,21.0,77
LOND,lond029,Violation_201,31,O1,2.007529,21.0,77
LOND,lond029,Violation_201,31,O2,16.03395,21.0,77
LOND,lond029,Control_202,32,Pz,-9.225388,33.0,53
LOND,lond029,Control_202,32,Cz,0.09454099,33.0,53
LOND,lond029,Control_202,32,CP1,-10.75751,33.0,53
LOND,lond029,Control_202,32,CP2,-14.68773,33.0,53
LOND,lond029,Control_202,32,P3,2.289566,33.0,53
LOND,lond029,Control_202,32,P4,-10.1031,33.0,53
LOND,lond029,Control_202,32,C3,2.832272,33.0,53
LOND,lond029,Control_202,32,C4,-9.706798,33.0,53
LOND,lond029,Control_202,32,P7,-8.364697,33.0,53
LOND,lond029,Control_202,32,P8,-11.44768,33.0,53
LOND,lond029,Control_202,32,O1,-10.1088,33.0,53
LOND,lond029,Control_202,32,O2,-4.035688,33.0,53
LOND,lond029,Violation_201,33,Pz,6.541534,22.0,53
LOND,lond029,Violation_201,33,Cz,29.16992,22.0,53
LOND,lond029,Violation_201,33,CP1,1.86508,22.0,53
LOND,lond029,Violation_201,33,CP2,21.47131,22.0,53
LOND,lond029,Violation_201,33,P3,13.98313,22.0,53
LOND,lond029,Violation_201,33,P4,8.142109,22.0,53
LOND,lond029,Violation_201,33,C3,9.11479,22.0,53
LOND,lond029,Violation_201,33,C4,7.828952,22.0,53
LOND,lond029,Violation_201,33,P7,-3.756329,22.0,53
LOND,lond029,Violation_201,33,P8,-3.642696,22.0,53
LOND,lond029,Violation_201,33,O1,-4.893018,22.0,53
LOND,lond029,Violation_201,33,O2,2.269491,22.0,53
LOND,lond029,Control_202,34,Pz,17.76024,27.0,97
LOND,lond029,Control_202,34,Cz,20.37568,27.0,97
LOND,lond029,Control_202,34,CP1,46.56379,27.0,97
LOND,lond029,Control_202,34,CP2,19.48988,27.0,97
LOND,lond029,Control_202,34,P3,7.578343,27.0,97
LOND,lond029,Control_202,34,P4,11.79106,27.0,97
LOND,lond029,Control_202,34,C3,3.558659,27.0,97
LOND,lond029,Control_202,34,C4,8.014179,27.0,97
LOND,lond029,Control_202,34,P7,23.16925,27.0,97
LOND,lond029,Control_202,34,P8,14.08441,27.0,97
LOND,lond029,Control_202,34,O1,21.36404,27.0,97
LOND,lond029,Control_202,34,O2,19.61174,27.0,97
LOND,lond029,Control_202,35,Pz,-8.2009,38.0,93
LOND,lond029,Control_202,35,Cz,-17.06046,38.0,93
LOND,lond029,Control_202,35,CP1,4.573939,38.0,93
LOND,lond029,Control_202,35,CP2,-6.46297,38.0,93
LOND,lond029,Control_202,35,P3,29.23124,38.0,93
LOND,lond029,Control_202,35,P4,4.626334,38.0,93
LOND,lond029,Control_202,35,C3,-16.15536,38.0,93
LOND,lond029,Control_202,35,C4,-21.43006,38.0,93
LOND,lond029,Control_202,35,P7,0.7368442,38.0,93
LOND,lond029,Control_202,35,P8,-2.563996,38.0,93
LOND,lond029,Control_202,35,O1,-0.4431864,38.0,93
LOND,lond029,Control_202,35,O2,-7.132712,38.0,93
LOND,lond029,Violation_201,36,Pz,13.27937,39.0,97
LOND,lond029,Violation_201,36,Cz,4.229801,39.0,97
LOND,lond029,Violation_201,36,CP1,19.43951,39.0,97
LOND,lond029,Violation_201,36,CP2,-4.620899,39.0,97
LOND,lond029,Violation_201,36,P3,6.858521,39.0,97
LOND,lond029,Violation_201,36,P4,0.2751285,39.0,97
LOND,lond029,Violation_201,36,C3,20.38165,39.0,97
LOND,lond029,Violation_201,36,C4,-2.329014,39.0,97
LOND,lond029,Violation_201,36,P7,7.339757,39.0,97
LOND,lond029,Violation_201,36,P8,10.20176,39.0,97
LOND,lond029,Violation_201,36,O1,11.86448,39.0,97
LOND,lond029,Violation_201,36,O2,10.81199,39.0,97
LOND,lond029,Violation_201,37,Pz,5.395173,24.0,93
LOND,lond029,Violation_201,37,Cz,4.045054,24.0,93
LOND,lond029,Violation_201,37,CP1,4.248553,24.0,93
LOND,lond029,Violation_201,37,CP2,12.90328,24.0,93
LOND,lond029,Violation_201,37,P3,5.779574,24.0,93
LOND,lond029,Violation_201,37,P4,1.867114,24.0,93
LOND,lond029,Violation_201,37,C3,14.46397,24.0,93
LOND,lond029,Violation_201,37,C4,-8.898509,24.0,93
LOND,lond029,Violation_201,37,P7,2.808475,24.0,93
LOND,lond029,Violation_201,37,P8,6.426805,24.0,93
LOND,lond029,Violation_201,37,O1,4.949602,24.0,93
LOND,lond029,Violation_201,37,O2,4.079313,24.0,93
LOND,lond029,Control_202,38,Pz,-9.511294,37.0,80
LOND,lond029,Control_202,38,Cz,-5.32119,37.0,80
LOND,lond029,Control_202,38,CP1,-5.442419,37.0,80
LOND,lond029,Control_202,38,CP2,-52.91841,37.0,80
LOND,lond029,Control_202,38,P3,-10.51496,37.0,80
LOND,lond029,Control_202,38,P4,-13.52661,37.0,80
LOND,lond029,Control_202,38,C3,-12.74008,37.0,80
LOND,lond029,Control_202,38,C4,-17.98756,37.0,80
LOND,lond029,Control_202,38,P7,-12.58413,37.0,80
LOND,lond029,Control_202,38,P8,-17.57931,37.0,80
LOND,lond029,Control_202,38,O1,-9.442026,37.0,80
LOND,lond029,Control_202,38,O2,-18.75494,37.0,80
LOND,lond029,Control_202,39,Pz,-21.88856,36.0,77
LOND,lond029,Control_202,39,Cz,-19.9222,36.0,77
LOND,lond029,Control_202,39,CP1,-16.11922,36.0,77
LOND,lond029,Control_202,39,CP2,-24.56863,36.0,77
LOND,lond029,Control_202,39,P3,-21.01785,36.0,77
LOND,lond029,Control_202,39,P4,-18.79586,36.0,77
LOND,lond029,Control_202,39,C3,-22.28563,36.0,77
LOND,lond029,Control_202,39,C4,-31.49877,36.0,77
LOND,lond029,Control_202,39,P7,-36.86209,36.0,77
LOND,lond029,Control_202,39,P8,-29.06384,36.0,77
LOND,lond029,Control_202,39,O1,-33.67524,36.0,77
LOND,lond029,Control_202,39,O2,-23.75306,36.0,77
LOND,lond029,Violation_201,40,Pz,-0.7621598,40.0,93
LOND,lond029,Violation_201,40,Cz,-2.540903,40.0,93
LOND,lond029,Violation_201,40,CP1,6.178291,40.0,93
LOND,lond029,Violation_201,40,CP2,-7.817725,40.0,93
LOND,lond029,Violation_201,40,P3,-0.04869717,40.0,93
LOND,lond029,Violation_201,40,P4,-4.236611,40.0,93
LOND,lond029,Violation_201,40,C3,-2.239651,40.0,93
LOND,lond029,Violation_201,40,C4,2.701456,40.0,93
LOND,lond029,Violation_201,40,P7,-0.01090951,40.0,93
LOND,lond029,Violation_201,40,P8,7.696745,40.0,93
LOND,lond029,Violation_201,40,O1,-3.899419,40.0,93
LOND,lond029,Violation_201,40,O2,-6.425653,40.0,93
LOND,lond030,Control_202,1,Pz,16.60854,9.0,93
LOND,lond030,Control_202,1,Cz,18.40273,9.0,93
LOND,lond030,Control_202,1,CP1,19.32893,9.0,93
LOND,lond030,Control_202,1,CP2,18.66109,9.0,93
LOND,lond030,Control_202,1,P3,10.25596,9.0,93
LOND,lond030,Control_202,1,P4,23.30648,9.0,93
LOND,lond030,Control_202,1,C3,29.21239,9.0,93
LOND,lond030,Control_202,1,C4,9.624348,9.0,93
LOND,lond030,Control_202,1,P7,-2.964839,9.0,93
LOND,lond030,Control_202,1,P8,16.68343,9.0,93
LOND,lond030,Control_202,1,O1,14.11795,9.0,93
LOND,lond030,Control_202,1,O2,12.29599,9.0,93
LOND,lond030,Violation_201,2,Pz,11.77652,10.0,80
LOND,lond030,Violation_201,2,Cz,16.4418,10.0,80
LOND,lond030,Violation_201,2,CP1,4.648601,10.0,80
LOND,lond030,Violation_201,2,CP2,17.18052,10.0,80
LOND,lond030,Violation_201,2,P3,2.436035,10.0,80
LOND,lond030,Violation_201,2,P4,-2.328591,10.0,80
LOND,lond030,Violation_201,2,C3,1.942953,10.0,80
LOND,lond030,Violation_201,2,C4,3.35422,10.0,80
LOND,lond030,Violation_201,2,P7,-6.749692,10.0,80
LOND,lond030,Violation_201,2,P8,19.8969,10.0,80
LOND,lond030,Violation_201,2,O1,8.582726,10.0,80
LOND,lond030,Violation_201,2,O2,6.328053,10.0,80
LOND,lond030,Violation_201,3,Pz,5.059171,11.0,87
LOND,lond030,Violation_201,3,Cz,4.68162,11.0,87
LOND,lond030,Violation_201,3,CP1,2.708814,11.0,87
LOND,lond030,Violation_201,3,CP2,0.6827023,11.0,87
LOND,lond030,Violation_201,3,P3,10.8553,11.0,87
LOND,lond030,Violation_201,3,P4,17.77086,11.0,87
LOND,lond030,Violation_201,3,C3,-0.3876148,11.0,87
LOND,lond030,Violation_201,3,C4,7.521741,11.0,87
LOND,lond030,Violation_201,3,P7,22.21607,11.0,87
LOND,lond030,Violation_201,3,P8,16.27282,11.0,87
LOND,lond030,Violation_201,3,O1,12.18513,11.0,87
LOND,lond030,Violation_201,3,O2,9.577885,11.0,87
LOND,lond030,Control_202,4,Pz,-2.685209,16.0,93
LOND,lond030,Control_202,4,Cz,-0.536401,16.0,93
LOND,lond030,Control_202,4,CP1,-0.3210115,16.0,93
LOND,lond030,Control_202,4,CP2,-11.29712,16.0,93
LOND,lond030,Control_202,4,P3,-7.793869,16.0,93
LOND,lond030,Control_202,4,P4,-20.87884,16.0,93
LOND,lond030,Control_202,4,C3,-10.6779,16.0,93
LOND,lond030,Control_202,4,C4,-5.919587,16.0,93
LOND,lond030,Control_202,4,P7,8.665566,16.0,93
LOND,lond030,Control_202,4,P8,-12.70385,16.0,93
LOND,lond030,Control_202,4,O1,-4.823862,16.0,93
LOND,lond030,Control_202,4,O2,-4.926853,16.0,93
LOND,lond030,Violation_201,5,Pz,-16.91095,1.0,97
LOND,lond030,Violation_201,5,Cz,-13.54336,1.0,97
LOND,lond030,Violation_201,5,CP1,-21.80206,1.0,97
LOND,lond030,Violation_201,5,CP2,-24.9934,1.0,97
LOND,lond030,Violation_201,5,P3,-18.70854,1.0,97
LOND,lond030,Violation_201,5,P4,-18.94196,1.0,97
LOND,lond030,Violation_201,5,C3,-2.213016,1.0,97
LOND,lond030,Violation_201,5,C4,-5.430438,1.0,97
LOND,lond030,Violation_201,5,P7,-0.9735773,1.0,97
LOND,lond030,Violation_201,5,P8,-2.1361,1.0,97
LOND,lond030,Violation_201,5,O1,-4.880167,1.0,97
LOND,lond030,Violation_201,5,O2,-11.14545,1.0,97
LOND,lond030,Violation_201,6,Pz,-12.70389,5.0,93
LOND,lond030,Violation_201,6,Cz,-7.920704,5.0,93
LOND,lond030,Violation_201,6,CP1,-14.83236,5.0,93
LOND,lond030,Violation_201,6,CP2,-8.003766,5.0,93
LOND,lond030,Violation_201,6,P3,-7.309335,5.0,93
LOND,lond030,Violation_201,6,P4,3.002631,5.0,93
LOND,lond030,Violation_201,6,C3,-7.913148,5.0,93
LOND,lond030,Violation_201,6,C4,-6.552757,5.0,93
LOND,lond030,Violation_201,6,P7,0.3600777,5.0,93
LOND,lond030,Violation_201,6,P8,-19.29018,5.0,93
LOND,lond030,Violation_201,6,O1,0.6608298,5.0,93
LOND,lond030,Violation_201,6,O2,-2.252336,5.0,93
LOND,lond030,Violation_201,7,Pz,7.215404,12.0,100
LOND,lond030,Violation_201,7,Cz,3.303542,12.0,100
LOND,lond030,Violation_201,7,CP1,11.0638,12.0,100
LOND,lond030,Violation_201,7,CP2,12.58914,12.0,100
LOND,lond030,Violation_201,7,P3,9.069982,12.0,100
LOND,lond030,Violation_201,7,P4,-2.419241,12.0,100
LOND,lond030,Violation_201,7,C3,5.058598,12.0,100
LOND,lond030,Violation_201,7,C4,-2.356138,12.0,100
LOND,lond030,Violation_201,7,P7,-5.492208,12.0,100
LOND,lond030,Violation_201,7,P8,13.92239,12.0,100
LOND,lond030,Violation_201,7,O1,10.79648,12.0,100
LOND,lond030,Violation_201,7,O2,8.372652,12.0,100
LOND,lond030,Control_202,8,Pz,2.533046,19.0,100
LOND,lond030,Control_202,8,Cz,-0.9389241,19.0,100
LOND,lond030,Control_202,8,CP1,-0.839689,19.0,100
LOND,lond030,Control_202,8,CP2,7.51027,19.0,100
LOND,lond030,Control_202,8,P3,3.772902,19.0,100
LOND,lond030,Control_202,8,P4,-2.78177,19.0,100
LOND,lond030,Control_202,8,C3,8.000255,19.0,100
LOND,lond030,Control_202,8,C4,-1.096358,19.0,100
LOND,lond030,Control_202,8,P7,-9.643394,19.0,100
LOND,lond030,Control_202,8,P8,-13.7479,19.0,100
LOND,lond030,Control_202,8,O1,3.288855,19.0,100
LOND,lond030,Control_202,8,O2,-1.068835,19.0,100
LOND,lond030,Control_202,9,Pz,27.5598,4.0,93
LOND,lond030,Control_202,9,Cz,30.0521,4.0,93
LOND,lond030,Control_202,9,CP1,37.43483,4.0,93
LOND,lond030,Control_202,9,CP2,22.32009,4.0,93
LOND,lond030,Control_202,9,P3,31.43974,4.0,93
LOND,lond030,Control_202,9,P4,10.36706,4.0,93
LOND,lond030,Control_202,9,C3,5.742479,4.0,93
LOND,lond030,Control_202,9,C4,30.98647,4.0,93
LOND,lond030,Control_202,9,P7,41.5752,4.0,93
LOND,lond030,Control_202,9,P8,14.86362,4.0,93
LOND,lond030,Control_202,9,O1,28.49477,4.0,93
LOND,lond030,Control_202,9,O2,27.96078,4.0,93
LOND,lond030,Control_202,10,Pz,1.416645,6.0,100
LOND,lond030,Control_202,10,Cz,0.05477206,6.0,100
LOND,lond030,Control_202,10,CP1,1.916674,6.0,100
LOND,lond030,Control_202,10,CP2,1.819309,6.0,100
LOND,lond030,Control_202,10,P3,4.158144,6.0,100
LOND,lond030,Control_202,10,P4,-0.7388766,6.0,100
LOND,lond030,Control_202,10,C3,-0.4206044,6.0,100
LOND,lond030,Control_202,10,C4,2.741339,6.0,100
LOND,lond030,Control_202,10,P7,20.38126,6.0,100
LOND,lond030,Control_202,10,P8,24.94311,6.0,100
LOND,lond030,Control_202,10,O1,9.224951,6.0,100
LOND,lond030,Control_202,10,O2,6.010577,6.0,100
LOND,lond030,Control_202,11,Pz,1.413855,17.0,62
LOND,lond030,Control_202,11,Cz,12.41767,17.0,62
LOND,lond030,Control_202,11,CP1,-1.338966,17.0,62
LOND,lond030,Control_202,11,CP2,14.68064,17.0,62
LOND,lond030,Control_202,11,P3,3.658491,17.0,62
LOND,lond030,Control_202,11,P4,-12.40201,17.0,62
LOND,lond030,Control_202,11,C3,7.726367,17.0,62
LOND,lond030,Control_202,11,C4,14.60933,17.0,62
LOND,lond030,Control_202,11,P7,20.94002,17.0,62
LOND,lond030,Control_202,11,P8,-8.716325,17.0,62
LOND,lond030,Control_202,11,O1,0.9018984,17.0,62
LOND,lond030,Control_202,11,O2,0.5946447,17.0,62
LOND,lond030,Violation_201,12,Pz,-4.443102,8.0,97
LOND,lond030,Violation_201,12,Cz,-6.073565,8.0,97
LOND,lond030,Violation_201,12,CP1,-11.32199,8.0,97
LOND,lond030,Violation_201,12,CP2,-7.359722,8.0,97
LOND,lond030,Violation_201,12,P3,-0.8217475,8.0,97
LOND,lond030,Violation_201,12,P4,3.731362,8.0,97
LOND,lond030,Violation_201,12,C3,5.529135,8.0,97
LOND,lond030,Violation_201,12,C4,-7.442987,8.0,97
LOND,lond030,Violation_201,12,P7,-8.163065,8.0,97
LOND,lond030,Violation_201,12,P8,-16.03672,8.0,97
LOND,lond030,Violation_201,12,O1,-1.860775,8.0,97
LOND,lond030,Violation_201,12,O2,-13.17,8.0,97
LOND,lond030,Violation_201,13,Pz,2.132767,20.0,90
LOND,lond030,Violation_201,13,Cz,-5.346258,20.0,90
LOND,lond030,Violation_201,13,CP1,11.80315,20.0,90
LOND,lond030,Violation_201,13,CP2,8.694172,20.0,90
LOND,lond030,Violation_201,13,P3,16.97553,20.0,90
LOND,lond030,Violation_201,13,P4,13.60449,20.0,90
LOND,lond030,Violation_201,13,C3,7.162658,20.0,90
LOND,lond030,Violation_201,13,C4,-2.721366,20.0,90
LOND,lond030,Violation_201,13,P7,-6.958627,20.0,90
LOND,lond030,Violation_201,13,P8,-18.64869,20.0,90
LOND,lond030,Violation_201,13,O1,-2.828321,20.0,90
LOND,lond030,Violation_201,13,O2,-15.50359,20.0,90
LOND,lond030,Control_202,14,Pz,19.80544,15.0,90
LOND,lond030,Control_202,14,Cz,16.48388,15.0,90
LOND,lond030,Control_202,14,CP1,4.677903,15.0,90
LOND,lond030,Control_202,14,CP2,19.22944,15.0,90
LOND,lond030,Control_202,14,P3,14.47754,15.0,90
LOND,lond030,Control_202,14,P4,12.85231,15.0,90
LOND,lond030,Control_202,14,C3,13.30457,15.0,90
LOND,lond030,Control_202,14,C4,17.18451,15.0,90
LOND,lond030,Control_202,14,P7,4.181894,15.0,90
LOND,lond030,Control_202,14,P8,21.79652,15.0,90
LOND,lond030,Control_202,14,O1,14.9688,15.0,90
LOND,lond030,Control_202,14,O2,21.1033,15.0,90
LOND,lond030,Violation_201,15,Pz,-9.751184,13.0,97
LOND,lond030,Violation_201,15,Cz,-11.78449,13.0,97
LOND,lond030,Violation_201,15,CP1,-22.5163,13.0,97
LOND,lond030,Violation_201,15,CP2,4.736857,13.0,97
LOND,lond030,Violation_201,15,P3,1.735834,13.0,97
LOND,lond030,Violation_201,15,P4,4.509151,13.0,97
LOND,lond030,Violation_201,15,C3,-10.29174,13.0,97
LOND,lond030,Violation_201,15,C4,6.412614,13.0,97
LOND,lond030,Violation_201,15,P7,3.319968,13.0,97
LOND,lond030,Violation_201,15,P8,0.1358886,13.0,97
LOND,lond030,Violation_201,15,O1,1.791418,13.0,97
LOND,lond030,Violation_201,15,O2,-4.19172,13.0,97
LOND,lond030,Violation_201,16,Pz,-12.54651,7.0,80
LOND,lond030,Violation_201,16,Cz,-14.89018,7.0,80
LOND,lond030,Violation_201,16,CP1,-11.21158,7.0,80
LOND,lond030,Violation_201,16,CP2,-21.47131,7.0,80
LOND,lond030,Violation_201,16,P3,-18.44921,7.0,80
LOND,lond030,Violation_201,16,P4,-23.92766,7.0,80
LOND,lond030,Violation_201,16,C3,0.6899957,7.0,80
LOND,lond030,Violation_201,16,C4,-14.53199,7.0,80
LOND,lond030,Violation_201,16,P7,-5.011919,7.0,80
LOND,lond030,Violation_201,16,P8,-7.196344,7.0,80
LOND,lond030,Violation_201,16,O1,-8.367243,7.0,80
LOND,lond030,Violation_201,16,O2,-12.08442,7.0,80
LOND,lond030,Violation_201,17,Pz,2.654922,18.0,87
LOND,lond030,Violation_201,17,Cz,-2.627098,18.0,87
LOND,lond030,Violation_201,17,CP1,-8.746163,18.0,87
LOND,lond030,Violation_201,17,CP2,9.301259,18.0,87
LOND,lond030,Violation_201,17,P3,0.7654944,18.0,87
LOND,lond030,Violation_201,17,P4,6.019158,18.0,87
LOND,lond030,Violation_201,17,C3,-0.213238,18.0,87
LOND,lond030,Violation_201,17,C4,-6.48962,18.0,87
LOND,lond030,Violation_201,17,P7,-6.427917,18.0,87
LOND,lond030,Violation_201,17,P8,-0.1687234,18.0,87
LOND,lond030,Violation_201,17,O1,5.280575,18.0,87
LOND,lond030,Violation_201,17,O2,-9.158289,18.0,87
LOND,lond030,Control_202,18,Pz,6.231894,2.0,100
LOND,lond030,Control_202,18,Cz,13.09754,2.0,100
LOND,lond030,Control_202,18,CP1,14.87107,2.0,100
LOND,lond030,Control_202,18,CP2,10.0131,2.0,100
LOND,lond030,Control_202,18,P3,6.807458,2.0,100
LOND,lond030,Control_202,18,P4,11.69673,2.0,100
LOND,lond030,Control_202,18,C3,18.54364,2.0,100
LOND,lond030,Control_202,18,C4,9.659018,2.0,100
LOND,lond030,Control_202,18,P7,-2.562566,2.0,100
LOND,lond030,Control_202,18,P8,3.289169,2.0,100
LOND,lond030,Control_202,18,O1,-5.743294,2.0,100
LOND,lond030,Control_202,18,O2,-1.36366,2.0,100
LOND,lond030,Control_202,19,Pz,-1.304578,14.0,90
LOND,lond030,Control_202,19,Cz,0.06242957,14.0,90
LOND,lond030,Control_202,19,CP1,-0.1385829,14.0,90
LOND,lond030,Control_202,19,CP2,-8.225526,14.0,90
LOND,lond030,Control_202,19,P3,0.7777034,14.0,90
LOND,lond030,Control_202,19,P4,-9.352575,14.0,90
LOND,lond030,Control_202,19,C3,1.418371,14.0,90
LOND,lond030,Control_202,19,C4,1.648377,14.0,90
LOND,lond030,Control_202,19,P7,11.217,14.0,90
LOND,lond030,Control_202,19,P8,-0.3329072,14.0,90
LOND,lond030,Control_202,19,O1,-2.886404,14.0,90
LOND,lond030,Control_202,19,O2,1.199926,14.0,90
LOND,lond030,Control_202,20,Pz,-3.839841,3.0,100
LOND,lond030,Control_202,20,Cz,-23.65453,3.0,100
LOND,lond030,Control_202,20,CP1,-24.64343,3.0,100
LOND,lond030,Control_202,20,CP2,-2.678307,3.0,100
LOND,lond030,Control_202,20,P3,-0.6168357,3.0,100
LOND,lond030,Control_202,20,P4,-2.521809,3.0,100
LOND,lond030,Control_202,20,C3,-7.814793,3.0,100
LOND,lond030,Control_202,20,C4,-7.714947,3.0,100
LOND,lond030,Control_202,20,P7,4.393272,3.0,100
LOND,lond030,Control_202,20,P8,2.594357,3.0,100
LOND,lond030,Control_202,20,O1,2.089973,3.0,100
LOND,lond030,Control_202,20,O2,-6.547759,3.0,100
LOND,lond030,Control_202,21,Pz,4.094088,33.0,53
LOND,lond030,Control_202,21,Cz,-0.1839676,33.0,53
LOND,lond030,Control_202,21,CP1,12.70051,33.0,53
LOND,lond030,Control_202,21,CP2,-0.8756659,33.0,53
LOND,lond030,Control_202,21,P3,8.043794,33.0,53
LOND,lond030,Control_202,21,P4,-5.139884,33.0,53
LOND,lond030,Control_202,21,C3,-0.1087693,33.0,53
LOND,lond030,Control_202,21,C4,6.386458,33.0,53
LOND,lond030,Control_202,21,P7,11.68217,33.0,53
LOND,lond030,Control_202,21,P8,-0.0622377,33.0,53
LOND,lond030,Control_202,21,O1,2.22647,33.0,53
LOND,lond030,Control_202,21,O2,6.072351,33.0,53
LOND,lond030,Violation_201,22,Pz,-4.197692,31.0,77
LOND,lond030,Violation_201,22,Cz,-10.28462,31.0,77
LOND,lond030,Violation_201,22,CP1,-4.944861,31.0,77
LOND,lond030,Violation_201,22,CP2,-22.06401,31.0,77
LOND,lond030,Violation_201,22,P3,-12.40245,31.0,77
LOND,lond030,Violation_201,22,P4,-23.00609,31.0,77
LOND,lond030,Violation_201,22,C3,-14.16391,31.0,77
LOND,lond030,Violation_201,22,C4,-20.94799,31.0,77
LOND,lond030,Violation_201,22,P7,-9.374875,31.0,77
LOND,lond030,Violation_201,22,P8,12.924,31.0,77
LOND,lond030,Violation_201,22,O1,4.660314,31.0,77
LOND,lond030,Violation_201,22,O2,8.786648,31.0,77
LOND,lond030,Control_202,23,Pz,-20.96538,35.0,97
LOND,lond030,Control_202,23,Cz,-18.45962,35.0,97
LOND,lond030,Control_202,23,CP1,-8.165505,35.0,97
LOND,lond030,Control_202,23,CP2,-24.46121,35.0,97
LOND,lond030,Control_202,23,P3,-12.99196,35.0,97
LOND,lond030,Control_202,23,P4,-23.35658,35.0,97
LOND,lond030,Control_202,23,C3,-21.59541,35.0,97
LOND,lond030,Control_202,23,C4,-13.29869,35.0,97
LOND,lond030,Control_202,23,P7,-10.51132,35.0,97
LOND,lond030,Control_202,23,P8,-9.329202,35.0,97
LOND,lond030,Control_202,23,O1,-23.95136,35.0,97
LOND,lond030,Control_202,23,O2,-13.35299,35.0,97
LOND,lond030,Violation_201,24,Pz,-32.59667,29.0,90
LOND,lond030,Violation_201,24,Cz,-25.05013,29.0,90
LOND,lond030,Violation_201,24,CP1,-34.5205,29.0,90
LOND,lond030,Violation_201,24,CP2,-27.71115,29.0,90
LOND,lond030,Violation_201,24,P3,-31.18289,29.0,90
LOND,lond030,Violation_201,24,P4,-32.81425,29.0,90
LOND,lond030,Violation_201,24,C3,-11.94432,29.0,90
LOND,lond030,Violation_201,24,C4,6.964708,29.0,90
LOND,lond030,Violation_201,24,P7,-18.51788,29.0,90
LOND,lond030,Violation_201,24,P8,-25.2585,29.0,90
LOND,lond030,Violation_201,24,O1,-18.80219,29.0,90
LOND,lond030,Violation_201,24,O2,-19.42009,29.0,90
LOND,lond030,Control_202,25,Pz,-4.561886,36.0,77
LOND,lond030,Control_202,25,Cz,6.777533,36.0,77
LOND,lond030,Control_202,25,CP1,9.956906,36.0,77
LOND,lond030,Control_202,25,CP2,-10.36515,36.0,77
LOND,lond030,Control_202,25,P3,-2.129045,36.0,77
LOND,lond030,Control_202,25,P4,-13.70346,36.0,77
LOND,lond030,Control_202,25,C3,7.769004,36.0,77
LOND,lond030,Control_202,25,C4,-5.467188,36.0,77
LOND,lond030,Control_202,25,P7,-14.09053,36.0,77
LOND,lond030,Control_202,25,P8,-20.99875,36.0,77
LOND,lond030,Control_202,25,O1,-10.95737,36.0,77
LOND,lond030,Control_202,25,O2,-11.01651,36.0,77
LOND,lond030,Violation_201,26,Pz,13.63344,25.0,97
LOND,lond030,Violation_201,26,Cz,10.79253,25.0,97
LOND,lond030,Violation_201,26,CP1,10.85233,25.0,97
LOND,lond030,Violation_201,26,CP2,21.58277,25.0,97
LOND,lond030,Violation_201,26,P3,5.984045,25.0,97
LOND,lond030,Violation_201,26,P4,9.738268,25.0,97
LOND,lond030,Violation_201,26,C3,21.182,25.0,97
LOND,lond030,Violation_201,26,C4,0.2512458,25.0,97
LOND,lond030,Violation_201,26,P7,2.474367,25.0,97
LOND,lond030,Violation_201,26,P8,8.489052,25.0,97
LOND,lond030,Violation_201,26,O1,13.87294,25.0,97
LOND,lond030,Violation_201,26,O2,2.789358,25.0,97
LOND,lond030,Control_202,27,Pz,-21.32754,28.0,27
LOND,lond030,Control_202,27,Cz,1.239361,28.0,27
LOND,lond030,Control_202,27,CP1,2.476262,28.0,27
LOND,lond030,Control_202,27,CP2,-18.64197,28.0,27
LOND,lond030,Control_202,27,P3,-9.500051,28.0,27
LOND,lond030,Control_202,27,P4,-25.96891,28.0,27
LOND,lond030,Control_202,27,C3,-11.63203,28.0,27
LOND,lond030,Control_202,27,C4,9.515789,28.0,27
LOND,lond030,Control_202,27,P7,-11.04717,28.0,27
LOND,lond030,Control_202,27,P8,-20.12337,28.0,27
LOND,lond030,Control_202,27,O1,-27.72136,28.0,27
LOND,lond030,Control_202,27,O2,-11.85303,28.0,27
LOND,lond030,Violation_201,28,Pz,36.91499,30.0,90
LOND,lond030,Violation_201,28,Cz,31.25407,30.0,90
LOND,lond030,Violation_201,28,CP1,28.10864,30.0,90
LOND,lond030,Violation_201,28,CP2,31.24746,30.0,90
LOND,lond030,Violation_201,28,P3,29.26273,30.0,90
LOND,lond030,Violation_201,28,P4,30.0827,30.0,90
LOND,lond030,Violation_201,28,C3,26.00223,30.0,90
LOND,lond030,Violation_201,28,C4,27.09288,30.0,90
LOND,lond030,Violation_201,28,P7,12.33524,30.0,90
LOND,lond030,Violation_201,28,P8,15.64487,30.0,90
LOND,lond030,Violation_201,28,O1,28.41573,30.0,90
LOND,lond030,Violation_201,28,O2,24.00052,30.0,90
LOND,lond030,Violation_201,29,Pz,13.62067,27.0,97
LOND,lond030,Violation_201,29,Cz,17.37849,27.0,97
LOND,lond030,Violation_201,29,CP1,13.29169,27.0,97
LOND,lond030,Violation_201,29,CP2,7.488395,27.0,97
LOND,lond030,Violation_201,29,P3,3.925606,27.0,97
LOND,lond030,Violation_201,29,P4,1.541957,27.0,97
LOND,lond030,Violation_201,29,C3,-13.88039,27.0,97
LOND,lond030,Violation_201,29,C4,5.000895,27.0,97
LOND,lond030,Violation_201,29,P7,-1.008129,27.0,97
LOND,lond030,Violation_201,29,P8,6.629881,27.0,97
LOND,lond030,Violation_201,29,O1,-4.506507,27.0,97
LOND,lond030,Violation_201,29,O2,6.655192,27.0,97
LOND,lond030,Control_202,30,Pz,9.658254,24.0,93
LOND,lond030,Control_202,30,Cz,1.07514,24.0,93
LOND,lond030,Control_202,30,CP1,-1.089837,24.0,93
LOND,lond030,Control_202,30,CP2,18.18628,24.0,93
LOND,lond030,Control_202,30,P3,9.907659,24.0,93
LOND,lond030,Control_202,30,P4,10.90606,24.0,93
LOND,lond030,Control_202,30,C3,19.24606,24.0,93
LOND,lond030,Control_202,30,C4,11.95783,24.0,93
LOND,lond030,Control_202,30,P7,2.496865,24.0,93
LOND,lond030,Control_202,30,P8,5.514289,24.0,93
LOND,lond030,Control_202,30,O1,6.383713,24.0,93
LOND,lond030,Control_202,30,O2,-0.06740947,24.0,93
LOND,lond030,Violation_201,31,Pz,-12.80746,38.0,93
LOND,lond030,Violation_201,31,Cz,-5.193112,38.0,93
LOND,lond030,Violation_201,31,CP1,-7.34777,38.0,93
LOND,lond030,Violation_201,31,CP2,-12.11341,38.0,93
LOND,lond030,Violation_201,31,P3,-16.32209,38.0,93
LOND,lond030,Violation_201,31,P4,-16.01745,38.0,93
LOND,lond030,Violation_201,31,C3,-11.51091,38.0,93
LOND,lond030,Violation_201,31,C4,1.684336,38.0,93
LOND,lond030,Violation_201,31,P7,-9.488602,38.0,93
LOND,lond030,Violation_201,31,P8,-7.266071,38.0,93
LOND,lond030,Violation_201,31,O1,-17.32359,38.0,93
LOND,lond030,Violation_201,31,O2,-11.90559,38.0,93
LOND,lond030,Control_202,32,Pz,-10.0911,34.0,97
LOND,lond030,Control_202,32,Cz,-9.474212,34.0,97
LOND,lond030,Control_202,32,CP1,-1.864599,34.0,97
LOND,lond030,Control_202,32,CP2,-7.100499,34.0,97
LOND,lond030,Control_202,32,P3,-7.706948,34.0,97
LOND,lond030,Control_202,32,P4,-4.093955,34.0,97
LOND,lond030,Control_202,32,C3,-13.82382,34.0,97
LOND,lond030,Control_202,32,C4,0.3404074,34.0,97
LOND,lond030,Control_202,32,P7,-11.12896,34.0,97
LOND,lond030,Control_202,32,P8,-13.06839,34.0,97
LOND,lond030,Control_202,32,O1,-15.52042,34.0,97
LOND,lond030,Control_202,32,O2,-16.16396,34.0,97
LOND,lond030,Violation_201,33,Pz,9.055388,26.0,87
LOND,lond030,Violation_201,33,Cz,4.514567,26.0,87
LOND,lond030,Violation_201,33,CP1,16.04519,26.0,87
LOND,lond030,Violation_201,33,CP2,6.804097,26.0,87
LOND,lond030,Violation_201,33,P3,14.87371,26.0,87
LOND,lond030,Violation_201,33,P4,13.69188,26.0,87
LOND,lond030,Violation_201,33,C3,1.203584,26.0,87
LOND,lond030,Violation_201,33,C4,10.60405,26.0,87
LOND,lond030,Violation_201,33,P7,4.593012,26.0,87
LOND,lond030,Violation_201,33,P8,2.564741,26.0,87
LOND,lond030,Violation_201,33,O1,2.837321,26.0,87
LOND,lond030,Violation_201,33,O2,4.952024,26.0,87
LOND,lond030,Control_202,34,Pz,4.91161,32.0,80
LOND,lond030,Control_202,34,Cz,-3.51682,32.0,80
LOND,lond030,Control_202,34,CP1,-8.434436,32.0,80
LOND,lond030,Control_202,34,CP2,20.45888,32.0,80
LOND,lond030,Control_202,34,P3,8.353119,32.0,80
LOND,lond030,Control_202,34,P4,5.445839,32.0,80
LOND,lond030,Control_202,34,C3,1.813233,32.0,80
LOND,lond030,Control_202,34,C4,6.437318,32.0,80
LOND,lond030,Control_202,34,P7,12.70027,32.0,80
LOND,lond030,Control_202,34,P8,8.764758,32.0,80
LOND,lond030,Control_202,34,O1,2.172791,32.0,80
LOND,lond030,Control_202,34,O2,0.7350041,32.0,80
LOND,lond030,Violation_201,35,Pz,-3.031889,40.0,93
LOND,lond030,Violation_201,35,Cz,1.595386,40.0,93
LOND,lond030,Violation_201,35,CP1,-11.28466,40.0,93
LOND,lond030,Violation_201,35,CP2,-3.232286,40.0,93
LOND,lond030,Violation_201,35,P3,-9.328953,40.0,93
LOND,lond030,Violation_201,35,P4,4.328922,40.0,93
LOND,lond030,Violation_201,35,C3,-3.887745,40.0,93
LOND,lond030,Violation_201,35,C4,-4.86842,40.0,93
LOND,lond030,Violation_201,35,P7,-7.314792,40.0,93
LOND,lond030,Violation_201,35,P8,7.969494,40.0,93
LOND,lond030,Violation_201,35,O1,-0.6923957,40.0,93
LOND,lond030,Violation_201,35,O2,3.757061,40.0,93
LOND,lond030,Control_202,36,Pz,-0.5359202,22.0,53
LOND,lond030,Control_202,36,Cz,12.84683,22.0,53
LOND,lond030,Control_202,36,CP1,-0.3774319,22.0,53
LOND,lond030,Control_202,36,CP2,4.539434,22.0,53
LOND,lond030,Control_202,36,P3,-5.607437,22.0,53
LOND,lond030,Control_202,36,P4,2.01233,22.0,53
LOND,lond030,Control_202,36,C3,4.925799,22.0,53
LOND,lond030,Control_202,36,C4,3.654279,22.0,53
LOND,lond030,Control_202,36,P7,-0.2242693,22.0,53
LOND,lond030,Control_202,36,P8,-7.591805,22.0,53
LOND,lond030,Control_202,36,O1,1.511827,22.0,53
LOND,lond030,Control_202,36,O2,2.572839,22.0,53
LOND,lond030,Control_202,37,Pz,-3.594208,23.0,93
LOND,lond030,Control_202,37,Cz,-7.013511,23.0,93
LOND,lond030,Control_202,37,CP1,-8.22443,23.0,93
LOND,lond030,Control_202,37,CP2,-5.209146,23.0,93
LOND,lond030,Control_202,37,P3,-16.90636,23.0,93
LOND,lond030,Control_202,37,P4,-7.909916,23.0,93
LOND,lond030,Control_202,37,C3,-12.52193,23.0,93
LOND,lond030,Control_202,37,C4,-13.86428,23.0,93
LOND,lond030,Control_202,37,P7,-17.65673,23.0,93
LOND,lond030,Control_202,37,P8,15.1087,23.0,93
LOND,lond030,Control_202,37,O1,-2.342828,23.0,93
LOND,lond030,Control_202,37,O2,-6.990644,23.0,93
LOND,lond030,Violation_201,38,Pz,7.736477,37.0,80
LOND,lond030,Violation_201,38,Cz,3.965625,37.0,80
LOND,lond030,Violation_201,38,CP1,3.878555,37.0,80
LOND,lond030,Violation_201,38,CP2,0.1120683,37.0,80
LOND,lond030,Violation_201,38,P3,9.041418,37.0,80
LOND,lond030,Violation_201,38,P4,5.232455,37.0,80
LOND,lond030,Violation_201,38,C3,-6.078042,37.0,80
LOND,lond030,Violation_201,38,C4,12.68945,37.0,80
LOND,lond030,Violation_201,38,P7,14.47986,37.0,80
LOND,lond030,Violation_201,38,P8,12.64007,37.0,80
LOND,lond030,Violation_201,38,O1,15.32911,37.0,80
LOND,lond030,Violation_201,38,O2,13.46047,37.0,80
LOND,lond031,Control_202,1,Pz,21.38126,3.0,100
LOND,lond031,Control_202,1,Cz,13.0065,3.0,100
LOND,lond031,Control_202,1,CP1,27.76704,3.0,100
LOND,lond031,Control_202,1,CP2,24.80534,3.0,100
LOND,lond031,Control_202,1,P3,12.70446,3.0,100
LOND,lond031,Control_202,1,P4,5.35415,3.0,100
LOND,lond031,Control_202,1,C3,15.19485,3.0,100
LOND,lond031,Control_202,1,C4,17.86028,3.0,100
LOND,lond031,Control_202,1,P7,17.74034,3.0,100
LOND,lond031,Control_202,1,P8,11.93999,3.0,100
LOND,lond031,Control_202,1,O1,12.29567,3.0,100
LOND,lond031,Control_202,1,O2,22.05485,3.0,100
LOND,lond031,Violation_201,2,Pz,-4.333361,8.0,97
LOND,lond031,Violation_201,2,Cz,-7.587508,8.0,97
LOND,lond031,Violation_201,2,CP1,-3.864956,8.0,97
LOND,lond031,Violation_201,2,CP2,-4.520077,8.0,97
LOND,lond031,Violation_201,2,P3,-4.466191,8.0,97
LOND,lond031,Violation_201,2,P4,-10.56649,8.0,97
LOND,lond031,Violation_201,2,C3,-5.809202,8.0,97
LOND,lond031,Violation_201,2,C4,-32.07327,8.0,97
LOND,lond031,Violation_201,2,P7,-3.444786,8.0,97
LOND,lond031,Violation_201,2,P8,-6.949193,8.0,97
LOND,lond031,Violation_201,2,O1,-8.211746,8.0,97
LOND,lond031,Violation_201,2,O2,-9.816909,8.0,97
LOND,lond031,Violation_201,3,Pz,11.73011,16.0,93
LOND,lond031,Violation_201,3,Cz,13.31409,16.0,93
LOND,lond031,Violation_201,3,CP1,16.09675,16.0,93
LOND,lond031,Violation_201,3,CP2,16.49445,16.0,93
LOND,lond031,Violation_201,3,P3,5.793355,16.0,93
LOND,lond031,Violation_201,3,P4,4.244111,16.0,93
LOND,lond031,Violation_201,3,C3,9.085518,16.0,93
LOND,lond031,Violation_201,3,C4,2.558092,16.0,93
LOND,lond031,Violation_201,3,P7,15.7167,16.0,93
LOND,lond031,Violation_201,3,P8,18.71145,16.0,93
LOND,lond031,Violation_201,3,O1,12.47865,16.0,93
LOND,lond031,Violation_201,3,O2,10.97609,16.0,93
LOND,lond031,Control_202,4,Pz,16.49021,9.0,93
LOND,lond031,Control_202,4,Cz,16.21364,9.0,93
LOND,lond031,Control_202,4,CP1,14.48483,9.0,93
LOND,lond031,Control_202,4,CP2,21.62758,9.0,93
LOND,lond031,Control_202,4,P3,8.989965,9.0,93
LOND,lond031,Control_202,4,P4,7.31525,9.0,93
LOND,lond031,Control_202,4,C3,14.73321,9.0,93
LOND,lond031,Control_202,4,C4,1.795124,9.0,93
LOND,lond031,Control_202,4,P7,10.33635,9.0,93
LOND,lond031,Control_202,4,P8,18.23688,9.0,93
LOND,lond031,Control_202,4,O1,20.11428,9.0,93
LOND,lond031,Control_202,4,O2,10.56171,9.0,93
LOND,lond031,Control_202,5,Pz,-5.154145,15.0,90
LOND,lond031,Control_202,5,Cz,-8.751881,15.0,90
LOND,lond031,Control_202,5,CP1,-3.706919,15.0,90
LOND,lond031,Control_202,5,CP2,-1.307626,15.0,90
LOND,lond031,Control_202,5,P3,-14.47116,15.0,90
LOND,lond031,Control_202,5,P4,-9.480153,15.0,90
LOND,lond031,Control_202,5,C3,-10.60133,15.0,90
LOND,lond031,Control_202,5,C4,4.036337,15.0,90
LOND,lond031,Control_202,5,P7,-9.230845,15.0,90
LOND,lond031,Control_202,5,P8,-8.192194,15.0,90
LOND,lond031,Control_202,5,O1,-1.731574,15.0,90
LOND,lond031,Control_202,5,O2,-5.975393,15.0,90
LOND,lond031,Violation_201,6,Pz,-28.17252,2.0,100
LOND,lond031,Violation_201,6,Cz,-23.80079,2.0,100
LOND,lond031,Violation_201,6,CP1,-24.96483,2.0,100
LOND,lond031,Violation_201,6,CP2,-27.04087,2.0,100
LOND,lond031,Violation_201,6,P3,-26.78354,2.0,100
LOND,lond031,Violation_201,6,P4,-27.92835,2.0,100
LOND,lond031,Violation_201,6,C3,-22.10462,2.0,100
LOND,lond031,Violation_201,6,C4,-22.5088,2.0,100
LOND,lond031,Violation_201,6,P7,-19.85263,2.0,100
LOND,lond031,Violation_201,6,P8,-30.37535,2.0,100
LOND,lond031,Violation_201,6,O1,-22.29809,2.0,100
LOND,lond031,Violation_201,6,O2,-25.4997,2.0,100
LOND,lond031,Violation_201,7,Pz,33.14175,11.0,87
LOND,lond031,Violation_201,7,Cz,30.80913,11.0,87
LOND,lond031,Violation_201,7,CP1,31.16594,11.0,87
LOND,lond031,Violation_201,7,CP2,32.23644,11.0,87
LOND,lond031,Violation_201,7,P3,21.24448,11.0,87
LOND,lond031,Violation_201,7,P4,38.48513,11.0,87
LOND,lond031,Violation_201,7,C3,28.26136,11.0,87
LOND,lond031,Violation_201,7,C4,25.04068,11.0,87
LOND,lond031,Violation_201,7,P7,35.25229,11.0,87
LOND,lond031,Violation_201,7,P8,29.71384,11.0,87
LOND,lond031,Violation_201,7,O1,26.00242,11.0,87
LOND,lond031,Violation_201,7,O2,32.6674,11.0,87
LOND,lond031,Violation_201,8,Pz,-4.754409,20.0,90
LOND,lond031,Violation_201,8,Cz,-4.062274,20.0,90
LOND,lond031,Violation_201,8,CP1,-1.219909,20.0,90
LOND,lond031,Violation_201,8,CP2,-3.539298,20.0,90
LOND,lond031,Violation_201,8,P3,-4.33178,20.0,90
LOND,lond031,Violation_201,8,P4,-7.249337,20.0,90
LOND,lond031,Violation_201,8,C3,-12.77357,20.0,90
LOND,lond031,Violation_201,8,C4,-6.128628,20.0,90
LOND,lond031,Violation_201,8,P7,-3.226743,20.0,90
LOND,lond031,Violation_201,8,P8,-15.24918,20.0,90
LOND,lond031,Violation_201,8,O1,-10.17202,20.0,90
LOND,lond031,Violation_201,8,O2,-11.69504,20.0,90
LOND,lond031,Control_202,9,Pz,4.23466,18.0,87
LOND,lond031,Control_202,9,Cz,0.2862416,18.0,87
LOND,lond031,Control_202,9,CP1,-3.13312,18.0,87
LOND,lond031,Control_202,9,CP2,-0.2308431,18.0,87
LOND,lond031,Control_202,9,P3,8.48125,18.0,87
LOND,lond031,Control_202,9,P4,-5.2992,18.0,87
LOND,lond031,Control_202,9,C3,-4.454383,18.0,87
LOND,lond031,Control_202,9,C4,7.617724,18.0,87
LOND,lond031,Control_202,9,P7,0.2042835,18.0,87
LOND,lond031,Control_202,9,P8,-5.523023,18.0,87
LOND,lond031,Control_202,9,O1,1.784355,18.0,87
LOND,lond031,Control_202,9,O2,2.35416,18.0,87
LOND,lond031,Control_202,10,Pz,-5.843056,6.0,100
LOND,lond031,Control_202,10,Cz,-7.143304,6.0,100
LOND,lond031,Control_202,10,CP1,-5.180923,6.0,100
LOND,lond031,Control_202,10,CP2,-7.562336,6.0,100
LOND,lond031,Control_202,10,P3,8.480002,6.0,100
LOND,lond031,Control_202,10,P4,17.41214,6.0,100
LOND,lond031,Control_202,10,C3,2.794159,6.0,100
LOND,lond031,Control_202,10,C4,0.02068406,6.0,100
LOND,lond031,Control_202,10,P7,-1.314388,6.0,100
LOND,lond031,Control_202,10,P8,11.6061,6.0,100
LOND,lond031,Control_202,10,O1,15.06598,6.0,100
LOND,lond031,Control_202,10,O2,0.5567608,6.0,100
LOND,lond031,Control_202,11,Pz,9.667871,12.0,100
LOND,lond031,Control_202,11,Cz,16.99267,12.0,100
LOND,lond031,Control_202,11,CP1,12.65589,12.0,100
LOND,lond031,Control_202,11,CP2,14.94779,12.0,100
LOND,lond031,Control_202,11,P3,9.771734,12.0,100
LOND,lond031,Control_202,11,P4,5.517658,12.0,100
LOND,lond031,Control_202,11,C3,20.59516,12.0,100
LOND,lond031,Control_202,11,C4,6.829668,12.0,100
LOND,lond031,Control_202,11,P7,16.45283,12.0,100
LOND,lond031,Control_202,11,P8,17.66174,12.0,100
LOND,lond031,Control_202,11,O1,17.95544,12.0,100
LOND,lond031,Control_202,11,O2,12.64517,12.0,100
LOND,lond031,Violation_201,12,Pz,1.786613,5.0,93
LOND,lond031,Violation_201,12,Cz,7.231323,5.0,93
LOND,lond031,Violation_201,12,CP1,4.415694,5.0,93
LOND,lond031,Violation_201,12,CP2,2.841405,5.0,93
LOND,lond031,Violation_201,12,P3,-3.13713,5.0,93
LOND,lond031,Violation_201,12,P4,5.64699,5.0,93
LOND,lond031,Violation_201,12,C3,0.3955202,5.0,93
LOND,lond031,Violation_201,12,C4,7.124064,5.0,93
LOND,lond031,Violation_201,12,P7,8.731254,5.0,93
LOND,lond031,Violation_201,12,P8,6.333622,5.0,93
LOND,lond031,Violation_201,12,O1,-2.47397,5.0,93
LOND,lond031,Violation_201,12,O2,4.333049,5.0,93
LOND,lond031,Control_202,13,Pz,-8.935936,17.0,62
LOND,lond031,Control_202,13,Cz,-16.82036,17.0,62
LOND,lond031,Control_202,13,CP1,-14.01959,17.0,62
LOND,lond031,Control_202,13,CP2,-14.19699,17.0,62
LOND,lond031,Control_202,13,P3,-11.34107,17.0,62
LOND,lond031,Control_202,13,P4,-10.45015,17.0,62
LOND,lond031,Control_202,13,C3,-27.50986,17.0,62
LOND,lond031,Control_202,13,C4,-21.86228,17.0,62
LOND,lond031,Control_202,13,P7,-6.159822,17.0,62
LOND,lond031,Control_202,13,P8,-4.040492,17.0,62
LOND,lond031,Control_202,13,O1,-4.609679,17.0,62
LOND,lond031,Control_202,13,O2,-0.9733512,17.0,62
LOND,lond031,Control_202,14,Pz,-3.887961,10.0,80
LOND,lond031,Control_202,14,Cz,0.393772,10.0,80
LOND,lond031,Control_202,14,CP1,12.53493,10.0,80
LOND,lond031,Control_202,14,CP2,-1.156304,10.0,80
LOND,lond031,Control_202,14,P3,-1.427995,10.0,80
LOND,lond031,Control_202,14,P4,-8.495281,10.0,80
LOND,lond031,Control_202,14,C3,2.404492,10.0,80
LOND,lond031,Control_202,14,C4,25.94994,10.0,80
LOND,lond031,Control_202,14,P7,2.671339,10.0,80
LOND,lond031,Control_202,14,P8,-0.2603655,10.0,80
LOND,lond031,Control_202,14,O1,1.177007,10.0,80
LOND,lond031,Control_202,14,O2,-1.102398,10.0,80
LOND,lond031,Control_202,15,Pz,-7.186191,4.0,93
LOND,lond031,Control_202,15,Cz,-7.820917,4.0,93
LOND,lond031,Control_202,15,CP1,-11.15784,4.0,93
LOND,lond031,Control_202,15,CP2,-10.70068,4.0,93
LOND,lond031,Control_202,15,P3,5.295595,4.0,93
LOND,lond031,Control_202,15,P4,0.2666818,4.0,93
LOND,lond031,Control_202,15,C3,-15.37434,4.0,93
LOND,lond031,Control_202,15,C4,-13.91043,4.0,93
LOND,lond031,Control_202,15,P7,-7.748282,4.0,93
LOND,lond031,Control_202,15,P8,-13.08859,4.0,93
LOND,lond031,Control_202,15,O1,-9.883189,4.0,93
LOND,lond031,Control_202,15,O2,-6.34963,4.0,93
LOND,lond031,Violation_201,16,Pz,-5.481036,1.0,97
LOND,lond031,Violation_201,16,Cz,-1.400352,1.0,97
LOND,lond031,Violation_201,16,CP1,-2.272265,1.0,97
LOND,lond031,Violation_201,16,CP2,-2.038619,1.0,97
LOND,lond031,Violation_201,16,P3,-7.899104,1.0,97
LOND,lond031,Violation_201,16,P4,-7.543617,1.0,97
LOND,lond031,Violation_201,16,C3,0.7634046,1.0,97
LOND,lond031,Violation_201,16,C4,3.257009,1.0,97
LOND,lond031,Violation_201,16,P7,-2.243792,1.0,97
LOND,lond031,Violation_201,16,P8,-3.795525,1.0,97
LOND,lond031,Violation_201,16,O1,-4.286542,1.0,97
LOND,lond031,Violation_201,16,O2,-5.327798,1.0,97
LOND,lond031,Violation_201,17,Pz,6.64348,19.0,100
LOND,lond031,Violation_201,17,Cz,4.33812,19.0,100
LOND,lond031,Violation_201,17,CP1,1.522208,19.0,100
LOND,lond031,Violation_201,17,CP2,-0.705008,19.0,100
LOND,lond031,Violation_201,17,P3,8.128391,19.0,100
LOND,lond031,Violation_201,17,P4,14.87329,19.0,100
LOND,lond031,Violation_201,17,C3,0.596335,19.0,100
LOND,lond031,Violation_201,17,C4,-7.254564,19.0,100
LOND,lond031,Violation_201,17,P7,-0.2267216,19.0,100
LOND,lond031,Violation_201,17,P8,3.567424,19.0,100
LOND,lond031,Violation_201,17,O1,13.51244,19.0,100
LOND,lond031,Violation_201,17,O2,6.543128,19.0,100
LOND,lond031,Violation_201,18,Pz,-15.18309,13.0,97
LOND,lond031,Violation_201,18,Cz,-3.765171,13.0,97
LOND,lond031,Violation_201,18,CP1,-10.01468,13.0,97
LOND,lond031,Violation_201,18,CP2,-14.49681,13.0,97
LOND,lond031,Violation_201,18,P3,-8.355124,13.0,97
LOND,lond031,Violation_201,18,P4,-21.30966,13.0,97
LOND,lond031,Violation_201,18,C3,-9.603021,13.0,97
LOND,lond031,Violation_201,18,C4,-6.529557,13.0,97
LOND,lond031,Violation_201,18,P7,-11.20269,13.0,97
LOND,lond031,Violation_201,18,P8,-16.99592,13.0,97
LOND,lond031,Violation_201,18,O1,-11.99946,13.0,97
LOND,lond031,Violation_201,18,O2,-16.80584,13.0,97
LOND,lond031,Control_202,19,Pz,13.06107,14.0,90
LOND,lond031,Control_202,19,Cz,8.476812,14.0,90
LOND,lond031,Control_202,19,CP1,3.847706,14.0,90
LOND,lond031,Control_202,19,CP2,12.07701,14.0,90
LOND,lond031,Control_202,19,P3,12.51229,14.0,90
LOND,lond031,Control_202,19,P4,6.008997,14.0,90
LOND,lond031,Control_202,19,C3,11.04074,14.0,90
LOND,lond031,Control_202,19,C4,11.83951,14.0,90
LOND,lond031,Control_202,19,P7,1.676307,14.0,90
LOND,lond031,Control_202,19,P8,14.66174,14.0,90
LOND,lond031,Control_202,19,O1,12.42042,14.0,90
LOND,lond031,Control_202,19,O2,15.47566,14.0,90
LOND,lond031,Violation_201,20,Pz,12.13678,7.0,80
LOND,lond031,Violation_201,20,Cz,14.28942,7.0,80
LOND,lond031,Violation_201,20,CP1,6.570805,7.0,80
LOND,lond031,Violation_201,20,CP2,8.876464,7.0,80
LOND,lond031,Violation_201,20,P3,6.0721,7.0,80
LOND,lond031,Violation_201,20,P4,15.566,7.0,80
LOND,lond031,Violation_201,20,C3,8.010709,7.0,80
LOND,lond031,Violation_201,20,C4,3.065099,7.0,80
LOND,lond031,Violation_201,20,P7,6.303857,7.0,80
LOND,lond031,Violation_201,20,P8,12.37863,7.0,80
LOND,lond031,Violation_201,20,O1,2.016913,7.0,80
LOND,lond031,Violation_201,20,O2,5.977757,7.0,80
LOND,lond031,Violation_201,21,Pz,8.241162,31.0,77
LOND,lond031,Violation_201,21,Cz,6.103809,31.0,77
LOND,lond031,Violation_201,21,CP1,11.66019,31.0,77
LOND,lond031,Violation_201,21,CP2,4.665423,31.0,77
LOND,lond031,Violation_201,21,P3,15.06244,31.0,77
LOND,lond031,Violation_201,21,P4,3.120203,31.0,77
LOND,lond031,Violation_201,21,C3,4.781703,31.0,77
LOND,lond031,Violation_201,21,C4,14.71707,31.0,77
LOND,lond031,Violation_201,21,P7,3.883046,31.0,77
LOND,lond031,Violation_201,21,P8,-4.164122,31.0,77
LOND,lond031,Violation_201,21,O1,0.6082842,31.0,77
LOND,lond031,Violation_201,21,O2,3.217546,31.0,77
LOND,lond031,Violation_201,22,Pz,9.937389,37.0,80
LOND,lond031,Violation_201,22,Cz,8.365885,37.0,80
LOND,lond031,Violation_201,22,CP1,-30.63607,37.0,80
LOND,lond031,Violation_201,22,CP2,12.55895,37.0,80
LOND,lond031,Violation_201,22,P3,4.778405,37.0,80
LOND,lond031,Violation_201,22,P4,15.35554,37.0,80
LOND,lond031,Violation_201,22,C3,11.56049,37.0,80
LOND,lond031,Violation_201,22,C4,6.795953,37.0,80
LOND,lond031,Violation_201,22,P7,11.21891,37.0,80
LOND,lond031,Violation_201,22,P8,13.34847,37.0,80
LOND,lond031,Violation_201,22,O1,14.96442,37.0,80
LOND,lond031,Violation_201,22,O2,11.49143,37.0,80
LOND,lond031,Violation_201,23,Pz,-0.3189865,32.0,80
LOND,lond031,Violation_201,23,Cz,9.052035,32.0,80
LOND,lond031,Violation_201,23,CP1,13.81108,32.0,80
LOND,lond031,Violation_201,23,CP2,-0.2217339,32.0,80
LOND,lond031,Violation_201,23,P3,-5.228961,32.0,80
LOND,lond031,Violation_201,23,P4,5.733363,32.0,80
LOND,lond031,Violation_201,23,C3,4.931784,32.0,80
LOND,lond031,Violation_201,23,C4,-8.650361,32.0,80
LOND,lond031,Violation_201,23,P7,-0.7396886,32.0,80
LOND,lond031,Violation_201,23,P8,-8.692698,32.0,80
LOND,lond031,Violation_201,23,O1,-10.8295,32.0,80
LOND,lond031,Violation_201,23,O2,-7.453526,32.0,80
LOND,lond031,Violation_201,24,Pz,0.5410421,26.0,87
LOND,lond031,Violation_201,24,Cz,4.757092,26.0,87
LOND,lond031,Violation_201,24,CP1,-38.14191,26.0,87
LOND,lond031,Violation_201,24,CP2,3.982385,26.0,87
LOND,lond031,Violation_201,24,P3,1.660148,26.0,87
LOND,lond031,Violation_201,24,P4,-3.880426,26.0,87
LOND,lond031,Violation_201,24,C3,-0.3073316,26.0,87
LOND,lond031,Violation_201,24,C4,11.96912,26.0,87
LOND,lond031,Violation_201,24,P7,-3.745584,26.0,87
LOND,lond031,Violation_201,24,P8,6.511212,26.0,87
LOND,lond031,Violation_201,24,O1,2.12752,26.0,87
LOND,lond031,Violation_201,24,O2,2.584684,26.0,87
LOND,lond031,Control_202,25,Pz,20.73455,23.0,93
LOND,lond031,Control_202,25,Cz,13.53042,23.0,93
LOND,lond031,Control_202,25,CP1,16.17857,23.0,93
LOND,lond031,Control_202,25,CP2,12.40581,23.0,93
LOND,lond031,Control_202,25,P3,29.77562,23.0,93
LOND,lond031,Control_202,25,P4,28.96782,23.0,93
LOND,lond031,Control_202,25,C3,38.10104,23.0,93
LOND,lond031,Control_202,25,C4,8.248442,23.0,93
LOND,lond031,Control_202,25,P7,16.47516,23.0,93
LOND,lond031,Control_202,25,P8,21.1485,23.0,93
LOND,lond031,Control_202,25,O1,21.19182,23.0,93
LOND,lond031,Control_202,25,O2,10.16512,23.0,93
LOND,lond031,Control_202,26,Pz,-15.88699,38.0,93
LOND,lond031,Control_202,26,Cz,-13.30216,38.0,93
LOND,lond031,Control_202,26,CP1,-4.79925,38.0,93
LOND,lond031,Control_202,26,CP2,-16.03369,38.0,93
LOND,lond031,Control_202,26,P3,-16.32972,38.0,93
LOND,lond031,Control_202,26,P4,-20.7386,38.0,93
LOND,lond031,Control_202,26,C3,-3.926998,38.0,93
LOND,lond031,Control_202,26,C4,-10.95209,38.0,93
LOND,lond031,Control_202,26,P7,-15.28137,38.0,93
LOND,lond031,Control_202,26,P8,-10.517,38.0,93
LOND,lond031,Control_202,26,O1,-18.63218,38.0,93
LOND,lond031,Control_202,26,O2,-19.17939,38.0,93
LOND,lond031,Violation_201,27,Pz,-6.245144,39.0,97
LOND,lond031,Violation_201,27,Cz,-12.29407,39.0,97
LOND,lond031,Violation_201,27,CP1,0.5763953,39.0,97
LOND,lond031,Violation_201,27,CP2,-9.311816,39.0,97
LOND,lond031,Violation_201,27,P3,-5.52585,39.0,97
LOND,lond031,Violation_201,27,P4,-10.67799,39.0,97
LOND,lond031,Violation_201,27,C3,-8.096324,39.0,97
LOND,lond031,Violation_201,27,C4,-13.79042,39.0,97
LOND,lond031,Violation_201,27,P7,-3.110522,39.0,97
LOND,lond031,Violation_201,27,P8,-1.219859,39.0,97
LOND,lond031,Violation_201,27,O1,-3.75129,39.0,97
LOND,lond031,Violation_201,27,O2,-8.847317,39.0,97
LOND,lond031,Control_202,28,Pz,7.423408,35.0,97
LOND,lond031,Control_202,28,Cz,12.7879,35.0,97
LOND,lond031,Control_202,28,CP1,16.24291,35.0,97
LOND,lond031,Control_202,28,CP2,3.16496,35.0,97
LOND,lond031,Control_202,28,P3,5.330983,35.0,97
LOND,lond031,Control_202,28,P4,17.69906,35.0,97
LOND,lond031,Control_202,28,C3,3.986774,35.0,97
LOND,lond031,Control_202,28,C4,-0.7778583,35.0,97
LOND,lond031,Control_202,28,P7,-8.012909,35.0,97
LOND,lond031,Control_202,28,P8,-4.665139,35.0,97
LOND,lond031,Control_202,28,O1,-1.733567,35.0,97
LOND,lond031,Control_202,28,O2,0.6537923,35.0,97
LOND,lond031,Control_202,29,Pz,-5.720436,36.0,77
LOND,lond031,Control_202,29,Cz,-7.337653,36.0,77
LOND,lond031,Control_202,29,CP1,-2.62817,36.0,77
LOND,lond031,Control_202,29,CP2,-4.468812,36.0,77
LOND,lond031,Control_202,29,P3,-9.644353,36.0,77
LOND,lond031,Control_202,29,P4,-12.941,36.0,77
LOND,lond031,Control_202,29,C3,-7.156844,36.0,77
LOND,lond031,Control_202,29,C4,-7.614981,36.0,77
LOND,lond031,Control_202,29,P7,-2.701855,36.0,77
LOND,lond031,Control_202,29,P8,-7.896586,36.0,77
LOND,lond031,Control_202,29,O1,-3.513774,36.0,77
LOND,lond031,Control_202,29,O2,-9.763499,36.0,77
LOND,lond031,Control_202,30,Pz,2.537733,25.0,97
LOND,lond031,Control_202,30,Cz,2.707248,25.0,97
LOND,lond031,Control_202,30,CP1,-39.24041,25.0,97
LOND,lond031,Control_202,30,CP2,5.708444,25.0,97
LOND,lond031,Control_202,30,P3,11.77455,25.0,97
LOND,lond031,Control_202,30,P4,8.685081,25.0,97
LOND,lond031,Control_202,30,C3,5.828377,25.0,97
LOND,lond031,Control_202,30,C4,4.928502,25.0,97
LOND,lond031,Control_202,30,P7,4.243386,25.0,97
LOND,lond031,Control_202,30,P8,-0.9827695,25.0,97
LOND,lond031,Control_202,30,O1,5.76902,25.0,97
LOND,lond031,Control_202,30,O2,-1.079671,25.0,97
LOND,lond031,Violation_201,31,Pz,-2.899163,30.0,90
LOND,lond031,Violation_201,31,Cz,-2.468361,30.0,90
LOND,lond031,Violation_201,31,CP1,19.67373,30.0,90
LOND,lond031,Violation_201,31,CP2,-7.202063,30.0,90
LOND,lond031,Violation_201,31,P3,2.538321,30.0,90
LOND,lond031,Violation_201,31,P4,-4.076422,30.0,90
LOND,lond031,Violation_201,31,C3,-6.091793,30.0,90
LOND,lond031,Violation_201,31,C4,-2.509778,30.0,90
LOND,lond031,Violation_201,31,P7,-4.809125,30.0,90
LOND,lond031,Violation_201,31,P8,-4.674576,30.0,90
LOND,lond031,Violation_201,31,O1,-4.213149,30.0,90
LOND,lond031,Violation_201,31,O2,-6.569767,30.0,90
LOND,lond031,Violation_201,32,Pz,0.483348,29.0,90
LOND,lond031,Violation_201,32,Cz,-4.388619,29.0,90
LOND,lond031,Violation_201,32,CP1,-0.8957016,29.0,90
LOND,lond031,Violation_201,32,CP2,1.525255,29.0,90
LOND,lond031,Violation_201,32,P3,-2.904438,29.0,90
LOND,lond031,Violation_201,32,P4,-3.546546,29.0,90
LOND,lond031,Violation_201,32,C3,3.421018,29.0,90
LOND,lond031,Violation_201,32,C4,-3.757998,29.0,90
LOND,lond031,Violation_201,32,P7,10.26867,29.0,90
LOND,lond031,Violation_201,32,P8,11.29678,29.0,90
LOND,lond031,Violation_201,32,O1,4.877558,29.0,90
LOND,lond031,Violation_201,32,O2,6.888772,29.0,90
LOND,lond031,Control_202,33,Pz,-11.84866,24.0,93
LOND,lond031,Control_202,33,Cz,-11.87015,24.0,93
LOND,lond031,Control_202,33,CP1,-11.08438,24.0,93
LOND,lond031,Control_202,33,CP2,-11.80349,24.0,93
LOND,lond031,Control_202,33,P3,-7.205869,24.0,93
LOND,lond031,Control_202,33,P4,-18.9164,24.0,93
LOND,lond031,Control_202,33,C3,-14.10062,24.0,93
LOND,lond031,Control_202,33,C4,-9.820797,24.0,93
LOND,lond031,Control_202,33,P7,-14.85927,24.0,93
LOND,lond031,Control_202,33,P8,-14.92809,24.0,93
LOND,lond031,Control_202,33,O1,-18.40391,24.0,93
LOND,lond031,Control_202,33,O2,-11.43536,24.0,93
LOND,lond031,Violation_201,34,Pz,2.961236,33.0,53
LOND,lond031,Violation_201,34,Cz,3.029614,33.0,53
LOND,lond031,Violation_201,34,CP1,-8.530598,33.0,53
LOND,lond031,Violation_201,34,CP2,-3.61147,33.0,53
LOND,lond031,Violation_201,34,P3,12.63508,33.0,53
LOND,lond031,Violation_201,34,P4,14.17897,33.0,53
LOND,lond031,Violation_201,34,C3,-5.632003,33.0,53
LOND,lond031,Violation_201,34,C4,-5.274685,33.0,53
LOND,lond031,Violation_201,34,P7,-8.464669,33.0,53
LOND,lond031,Violation_201,34,P8,4.783774,33.0,53
LOND,lond031,Violation_201,34,O1,3.117592,33.0,53
LOND,lond031,Violation_201,34,O2,-2.788294,33.0,53
LOND,lond031,Control_202,35,Pz,6.215293,28.0,27
LOND,lond031,Control_202,35,Cz,6.666963,28.0,27
LOND,lond031,Control_202,35,CP1,2.317795,28.0,27
LOND,lond031,Control_202,35,CP2,5.898052,28.0,27
LOND,lond031,Control_202,35,P3,9.627306,28.0,27
LOND,lond031,Control_202,35,P4,5.299212,28.0,27
LOND,lond031,Control_202,35,C3,4.892441,28.0,27
LOND,lond031,Control_202,35,C4,8.512393,28.0,27
LOND,lond031,Control_202,35,P7,2.065183,28.0,27
LOND,lond031,Control_202,35,P8,-1.936125,28.0,27
LOND,lond031,Control_202,35,O1,5.645308,28.0,27
LOND,lond031,Control_202,35,O2,-3.794744,28.0,27
LOND,lond031,Control_202,36,Pz,9.753695,34.0,97
LOND,lond031,Control_202,36,Cz,3.20522,34.0,97
LOND,lond031,Control_202,36,CP1,7.039792,34.0,97
LOND,lond031,Control_202,36,CP2,7.738276,34.0,97
LOND,lond031,Control_202,36,P3,9.043267,34.0,97
LOND,lond031,Control_202,36,P4,22.99836,34.0,97
LOND,lond031,Control_202,36,C3,4.629237,34.0,97
LOND,lond031,Control_202,36,C4,7.011341,34.0,97
LOND,lond031,Control_202,36,P7,2.277528,34.0,97
LOND,lond031,Control_202,36,P8,18.53169,34.0,97
LOND,lond031,Control_202,36,O1,12.88919,34.0,97
LOND,lond031,Control_202,36,O2,11.296,34.0,97
LOND,lond031,Control_202,37,Pz,5.012002,22.0,53
LOND,lond031,Control_202,37,Cz,2.471573,22.0,53
LOND,lond031,Control_202,37,CP1,15.62689,22.0,53
LOND,lond031,Control_202,37,CP2,3.281218,22.0,53
LOND,lond031,Control_202,37,P3,6.080479,22.0,53
LOND,lond031,Control_202,37,P4,15.36522,22.0,53
LOND,lond031,Control_202,37,C3,-1.583658,22.0,53
LOND,lond031,Control_202,37,C4,3.852677,22.0,53
LOND,lond031,Control_202,37,P7,1.313573,22.0,53
LOND,lond031,Control_202,37,P8,15.96026,22.0,53
LOND,lond031,Control_202,37,O1,4.19237,22.0,53
LOND,lond031,Control_202,37,O2,8.61284,22.0,53
LOND,lond031,Violation_201,38,Pz,-3.9114,21.0,77
LOND,lond031,Violation_201,38,Cz,-1.200474,21.0,77
LOND,lond031,Violation_201,38,CP1,-11.38987,21.0,77
LOND,lond031,Violation_201,38,CP2,0.675187,21.0,77
LOND,lond031,Violation_201,38,P3,-7.804634,21.0,77
LOND,lond031,Violation_201,38,P4,-0.902921,21.0,77
LOND,lond031,Violation_201,38,C3,-3.451613,21.0,77
LOND,lond031,Violation_201,38,C4,-7.345009,21.0,77
LOND,lond031,Violation_201,38,P7,-7.303851,21.0,77
LOND,lond031,Violation_201,38,P8,7.054359,21.0,77
LOND,lond031,Violation_201,38,O1,2.529256,21.0,77
LOND,lond031,Violation_201,38,O2,-1.559539,21.0,77
LOND,lond031,Violation_201,39,Pz,-11.99189,27.0,97
LOND,lond031,Violation_201,39,Cz,-9.986375,27.0,97
LOND,lond031,Violation_201,39,CP1,-7.966608,27.0,97
LOND,lond031,Violation_201,39,CP2,-11.22671,27.0,97
LOND,lond031,Violation_201,39,P3,-8.731237,27.0,97
LOND,lond031,Violation_201,39,P4,-14.35379,27.0,97
LOND,lond031,Violation_201,39,C3,-8.846214,27.0,97
LOND,lond031,Violation_201,39,C4,-6.766501,27.0,97
LOND,lond031,Violation_201,39,P7,-12.86981,27.0,97
LOND,lond031,Violation_201,39,P8,-12.81769,27.0,97
LOND,lond031,Violation_201,39,O1,-11.09397,27.0,97
LOND,lond031,Violation_201,39,O2,-9.377112,27.0,97
LOND,lond031,Control_202,40,Pz,0.4542772,40.0,93
LOND,lond031,Control_202,40,Cz,0.02308288,40.0,93
LOND,lond031,Control_202,40,CP1,-2.728382,40.0,93
LOND,lond031,Control_202,40,CP2,-0.1301589,40.0,93
LOND,lond031,Control_202,40,P3,2.837005,40.0,93
LOND,lond031,Control_202,40,P4,-6.520102,40.0,93
LOND,lond031,Control_202,40,C3,-3.308201,40.0,93
LOND,lond031,Control_202,40,C4,0.9359475,40.0,93
LOND,lond031,Control_202,40,P7,-0.9794276,40.0,93
LOND,lond031,Control_202,40,P8,-1.779414,40.0,93
LOND,lond031,Control_202,40,O1,-8.114983,40.0,93
LOND,lond031,Control_202,40,O2,-3.373205,40.0,93
LOND,lond032,Control_202,1,Pz,6.734885,3.0,100
LOND,lond032,Control_202,1,Cz,6.797506,3.0,100
LOND,lond032,Control_202,1,CP1,-0.2019251,3.0,100
LOND,lond032,Control_202,1,CP2,8.907069,3.0,100
LOND,lond032,Control_202,1,P3,5.579397,3.0,100
LOND,lond032,Control_202,1,P4,9.091659,3.0,100
LOND,lond032,Control_202,1,C3,9.067787,3.0,100
LOND,lond032,Control_202,1,C4,6.659347,3.0,100
LOND,lond032,Control_202,1,P7,4.534152,3.0,100
LOND,lond032,Control_202,1,P8,1.172466,3.0,100
LOND,lond032,Control_202,1,O1,-3.348376,3.0,100
LOND,lond032,Control_202,1,O2,2.113694,3.0,100
LOND,lond032,Violation_201,2,Pz,-2.578037,5.0,93
LOND,lond032,Violation_201,2,Cz,-5.191941,5.0,93
LOND,lond032,Violation_201,2,CP1,3.116284,5.0,93
LOND,lond032,Violation_201,2,CP2,-4.200802,5.0,93
LOND,lond032,Violation_201,2,P3,-1.491813,5.0,93
LOND,lond032,Violation_201,2,P4,-4.097309,5.0,93
LOND,lond032,Violation_201,2,C3,16.56242,5.0,93
LOND,lond032,Violation_201,2,C4,-3.242179,5.0,93
LOND,lond032,Violation_201,2,P7,4.704196,5.0,93
LOND,lond032,Violation_201,2,P8,-7.080028,5.0,93
LOND,lond032,Violation_201,2,O1,-2.252251,5.0,93
LOND,lond032,Violation_201,2,O2,-7.265797,5.0,93
LOND,lond032,Control_202,3,Pz,-0.8163825,14.0,90
LOND,lond032,Control_202,3,Cz,-9.776912,14.0,90
LOND,lond032,Control_202,3,CP1,3.671246,14.0,90
LOND,lond032,Control_202,3,CP2,-5.536188,14.0,90
LOND,lond032,Control_202,3,P3,-3.619756,14.0,90
LOND,lond032,Control_202,3,P4,-1.454412,14.0,90
LOND,lond032,Control_202,3,C3,-0.6600497,14.0,90
LOND,lond032,Control_202,3,C4,-8.454368,14.0,90
LOND,lond032,Control_202,3,P7,4.777287,14.0,90
LOND,lond032,Control_202,3,P8,-0.2570052,14.0,90
LOND,lond032,Control_202,3,O1,6.196847,14.0,90
LOND,lond032,Control_202,3,O2,2.752589,14.0,90
LOND,lond032,Control_202,4,Pz,5.271765,7.0,80
LOND,lond032,Control_202,4,Cz,3.928198,7.0,80
LOND,lond032,Control_202,4,CP1,4.165308,7.0,80
LOND,lond032,Control_202,4,CP2,1.898127,7.0,80
LOND,lond032,Control_202,4,P3,1.520574,7.0,80
LOND,lond032,Control_202,4,P4,-0.2080831,7.0,80
LOND,lond032,Control_202,4,C3,9.065766,7.0,80
LOND,lond032,Control_202,4,C4,1.17892,7.0,80
LOND,lond032,Control_202,4,P7,-1.860237,7.0,80
LOND,lond032,Control_202,4,P8,-0.1268755,7.0,80
LOND,lond032,Control_202,4,O1,2.621687,7.0,80
LOND,lond032,Control_202,4,O2,0.02478531,7.0,80
LOND,lond032,Violation_201,5,Pz,-13.71665,17.0,62
LOND,lond032,Violation_201,5,Cz,-16.9117,17.0,62
LOND,lond032,Violation_201,5,CP1,-6.601085,17.0,62
LOND,lond032,Violation_201,5,CP2,-15.47883,17.0,62
LOND,lond032,Violation_201,5,P3,-7.29911,17.0,62
LOND,lond032,Violation_201,5,P4,-10.95739,17.0,62
LOND,lond032,Violation_201,5,C3,-29.61987,17.0,62
LOND,lond032,Violation_201,5,C4,-13.78393,17.0,62
LOND,lond032,Violation_201,5,P7,3.063712,17.0,62
LOND,lond032,Violation_201,5,P8,-10.384,17.0,62
LOND,lond032,Violation_201,5,O1,-11.25595,17.0,62
LOND,lond032,Violation_201,5,O2,-4.936802,17.0,62
LOND,lond032,Violation_201,6,Pz,9.792973,13.0,97
LOND,lond032,Violation_201,6,Cz,10.61047,13.0,97
LOND,lond032,Violation_201,6,CP1,26.12771,13.0,97
LOND,lond032,Violation_201,6,CP2,8.969347,13.0,97
LOND,lond032,Violation_201,6,P3,13.81168,13.0,97
LOND,lond032,Violation_201,6,P4,11.09978,13.0,97
LOND,lond032,Violation_201,6,C3,12.85256,13.0,97
LOND,lond032,Violation_201,6,C4,10.16615,13.0,97
LOND,lond032,Violation_201,6,P7,-0.3221013,13.0,97
LOND,lond032,Violation_201,6,P8,9.261642,13.0,97
LOND,lond032,Violation_201,6,O1,4.573834,13.0,97
LOND,lond032,Violation_201,6,O2,4.545144,13.0,97
LOND,lond032,Violation_201,7,Pz,17.33894,11.0,87
LOND,lond032,Violation_201,7,Cz,14.8276,11.0,87
LOND,lond032,Violation_201,7,CP1,26.52315,11.0,87
LOND,lond032,Violation_201,7,CP2,15.19294,11.0,87
LOND,lond032,Violation_201,7,P3,21.3733,11.0,87
LOND,lond032,Violation_201,7,P4,9.523943,11.0,87
LOND,lond032,Violation_201,7,C3,24.92048,11.0,87
LOND,lond032,Violation_201,7,C4,12.88898,11.0,87
LOND,lond032,Violation_201,7,P7,14.06833,11.0,87
LOND,lond032,Violation_201,7,P8,12.0165,11.0,87
LOND,lond032,Violation_201,7,O1,16.90805,11.0,87
LOND,lond032,Violation_201,7,O2,14.95624,11.0,87
LOND,lond032,Violation_201,8,Pz,-13.34331,19.0,100
LOND,lond032,Violation_201,8,Cz,-20.02574,19.0,100
LOND,lond032,Violation_201,8,CP1,-18.44495,19.0,100
LOND,lond032,Violation_201,8,CP2,-19.81362,19.0,100
LOND,lond032,Violation_201,8,P3,-2.216999,19.0,100
LOND,lond032,Violation_201,8,P4,-18.919,19.0,100
LOND,lond032,Violation_201,8,C3,4.630531,19.0,100
LOND,lond032,Violation_201,8,C4,-18.59527,19.0,100
LOND,lond032,Violation_201,8,P7,-6.977401,19.0,100
LOND,lond032,Violation_201,8,P8,-15.90734,19.0,100
LOND,lond032,Violation_201,8,O1,-2.740522,19.0,100
LOND,lond032,Violation_201,8,O2,-8.096603,19.0,100
LOND,lond032,Control_202,9,Pz,-2.324134,6.0,100
LOND,lond032,Control_202,9,Cz,-9.103396,6.0,100
LOND,lond032,Control_202,9,CP1,-8.823371,6.0,100
LOND,lond032,Control_202,9,CP2,-5.659899,6.0,100
LOND,lond032,Control_202,9,P3,-8.70423,6.0,100
LOND,lond032,Control_202,9,P4,-5.267909,6.0,100
LOND,lond032,Control_202,9,C3,-15.43879,6.0,100
LOND,lond032,Control_202,9,C4,-7.58853,6.0,100
LOND,lond032,Control_202,9,P7,-12.92873,6.0,100
LOND,lond032,Control_202,9,P8,-5.503477,6.0,100
LOND,lond032,Control_202,9,O1,6.087954,6.0,100
LOND,lond032,Control_202,9,O2,2.247999,6.0,100
LOND,lond032,Control_202,10,Pz,-2.168461,12.0,100
LOND,lond032,Control_202,10,Cz,-0.1993381,12.0,100
LOND,lond032,Control_202,10,CP1,4.42791,12.0,100
LOND,lond032,Control_202,10,CP2,3.592174,12.0,100
LOND,lond032,Control_202,10,P3,-1.787101,12.0,100
LOND,lond032,Control_202,10,P4,-1.471415,12.0,100
LOND,lond032,Control_202,10,C3,3.427718,12.0,100
LOND,lond032,Control_202,10,C4,3.898135,12.0,100
LOND,lond032,Control_202,10,P7,3.940193,12.0,100
LOND,lond032,Control_202,10,P8,1.00325,12.0,100
LOND,lond032,Control_202,10,O1,1.997313,12.0,100
LOND,lond032,Control_202,10,O2,1.961994,12.0,100
LOND,lond032,Control_202,11,Pz,4.577303,15.0,90
LOND,lond032,Control_202,11,Cz,10.88102,15.0,90
LOND,lond032,Control_202,11,CP1,1.342167,15.0,90
LOND,lond032,Control_202,11,CP2,4.190641,15.0,90
LOND,lond032,Control_202,11,P3,6.252117,15.0,90
LOND,lond032,Control_202,11,P4,8.255219,15.0,90
LOND,lond032,Control_202,11,C3,50.81707,15.0,90
LOND,lond032,Control_202,11,C4,8.711561,15.0,90
LOND,lond032,Control_202,11,P7,14.79486,15.0,90
LOND,lond032,Control_202,11,P8,9.657946,15.0,90
LOND,lond032,Control_202,11,O1,1.976163,15.0,90
LOND,lond032,Control_202,11,O2,6.427827,15.0,90
LOND,lond032,Violation_201,12,Pz,-13.20542,10.0,80
LOND,lond032,Violation_201,12,Cz,-10.73828,10.0,80
LOND,lond032,Violation_201,12,CP1,-1.267493,10.0,80
LOND,lond032,Violation_201,12,CP2,-13.53064,10.0,80
LOND,lond032,Violation_201,12,P3,-20.10678,10.0,80
LOND,lond032,Violation_201,12,P4,-14.06059,10.0,80
LOND,lond032,Violation_201,12,C3,6.713267,10.0,80
LOND,lond032,Violation_201,12,C4,-12.08706,10.0,80
LOND,lond032,Violation_201,12,P7,-7.787531,10.0,80
LOND,lond032,Violation_201,12,P8,-9.153818,10.0,80
LOND,lond032,Violation_201,12,O1,-11.94235,10.0,80
LOND,lond032,Violation_201,12,O2,-12.72267,10.0,80
LOND,lond032,Control_202,13,Pz,3.798474,2.0,100
LOND,lond032,Control_202,13,Cz,-2.977716,2.0,100
LOND,lond032,Control_202,13,CP1,-1.175634,2.0,100
LOND,lond032,Control_202,13,CP2,1.734142,2.0,100
LOND,lond032,Control_202,13,P3,10.09685,2.0,100
LOND,lond032,Control_202,13,P4,5.672732,2.0,100
LOND,lond032,Control_202,13,C3,4.712004,2.0,100
LOND,lond032,Control_202,13,C4,-1.646577,2.0,100
LOND,lond032,Control_202,13,P7,11.13818,2.0,100
LOND,lond032,Control_202,13,P8,3.093949,2.0,100
LOND,lond032,Control_202,13,O1,3.037224,2.0,100
LOND,lond032,Control_202,13,O2,8.093748,2.0,100
LOND,lond032,Control_202,14,Pz,-33.36139,4.0,93
LOND,lond032,Control_202,14,Cz,-35.76956,4.0,93
LOND,lond032,Control_202,14,CP1,-31.09966,4.0,93
LOND,lond032,Control_202,14,CP2,-36.28634,4.0,93
LOND,lond032,Control_202,14,P3,-32.97214,4.0,93
LOND,lond032,Control_202,14,P4,-39.44494,4.0,93
LOND,lond032,Control_202,14,C3,-38.98213,4.0,93
LOND,lond032,Control_202,14,C4,-31.12204,4.0,93
LOND,lond032,Control_202,14,P7,-41.02733,4.0,93
LOND,lond032,Control_202,14,P8,-34.6062,4.0,93
LOND,lond032,Control_202,14,O1,-27.53984,4.0,93
LOND,lond032,Control_202,14,O2,-40.25846,4.0,93
LOND,lond032,Violation_201,15,Pz,2.900987,18.0,87
LOND,lond032,Violation_201,15,Cz,4.457341,18.0,87
LOND,lond032,Violation_201,15,CP1,-1.753521,18.0,87
LOND,lond032,Violation_201,15,CP2,11.16815,18.0,87
LOND,lond032,Violation_201,15,P3,-0.7977184,18.0,87
LOND,lond032,Violation_201,15,P4,4.835261,18.0,87
LOND,lond032,Violation_201,15,C3,2.844767,18.0,87
LOND,lond032,Violation_201,15,C4,-0.8324189,18.0,87
LOND,lond032,Violation_201,15,P7,-7.262212,18.0,87
LOND,lond032,Violation_201,15,P8,2.410434,18.0,87
LOND,lond032,Violation_201,15,O1,-0.0311412,18.0,87
LOND,lond032,Violation_201,15,O2,-4.812196,18.0,87
LOND,lond032,Violation_201,16,Pz,14.82953,1.0,97
LOND,lond032,Violation_201,16,Cz,9.064155,1.0,97
LOND,lond032,Violation_201,16,CP1,22.05648,1.0,97
LOND,lond032,Violation_201,16,CP2,14.87055,1.0,97
LOND,lond032,Violation_201,16,P3,11.18703,1.0,97
LOND,lond032,Violation_201,16,P4,15.50767,1.0,97
LOND,lond032,Violation_201,16,C3,7.995601,1.0,97
LOND,lond032,Violation_201,16,C4,12.34096,1.0,97
LOND,lond032,Violation_201,16,P7,11.10432,1.0,97
LOND,lond032,Violation_201,16,P8,13.91726,1.0,97
LOND,lond032,Violation_201,16,O1,12.95044,1.0,97
LOND,lond032,Violation_201,16,O2,11.08545,1.0,97
LOND,lond032,Control_202,17,Pz,-21.23126,9.0,93
LOND,lond032,Control_202,17,Cz,-17.40201,9.0,93
LOND,lond032,Control_202,17,CP1,-29.45938,9.0,93
LOND,lond032,Control_202,17,CP2,-18.53766,9.0,93
LOND,lond032,Control_202,17,P3,-23.07615,9.0,93
LOND,lond032,Control_202,17,P4,-20.33581,9.0,93
LOND,lond032,Control_202,17,C3,-16.72298,9.0,93
LOND,lond032,Control_202,17,C4,-17.06909,9.0,93
LOND,lond032,Control_202,17,P7,-29.59893,9.0,93
LOND,lond032,Control_202,17,P8,-20.0388,9.0,93
LOND,lond032,Control_202,17,O1,-15.90715,9.0,93
LOND,lond032,Control_202,17,O2,-22.31971,9.0,93
LOND,lond032,Violation_201,18,Pz,8.516851,8.0,97
LOND,lond032,Violation_201,18,Cz,12.16214,8.0,97
LOND,lond032,Violation_201,18,CP1,17.72595,8.0,97
LOND,lond032,Violation_201,18,CP2,9.556108,8.0,97
LOND,lond032,Violation_201,18,P3,13.58623,8.0,97
LOND,lond032,Violation_201,18,P4,11.44983,8.0,97
LOND,lond032,Violation_201,18,C3,12.53418,8.0,97
LOND,lond032,Violation_201,18,C4,10.30578,8.0,97
LOND,lond032,Violation_201,18,P7,12.41034,8.0,97
LOND,lond032,Violation_201,18,P8,11.51042,8.0,97
LOND,lond032,Violation_201,18,O1,6.790669,8.0,97
LOND,lond032,Violation_201,18,O2,9.896629,8.0,97
LOND,lond032,Violation_201,19,Pz,18.5286,16.0,93
LOND,lond032,Violation_201,19,Cz,14.32298,16.0,93
LOND,lond032,Violation_201,19,CP1,-15.56117,16.0,93
LOND,lond032,Violation_201,19,CP2,19.17009,16.0,93
LOND,lond032,Violation_201,19,P3,11.17234,16.0,93
LOND,lond032,Violation_201,19,P4,17.95601,16.0,93
LOND,lond032,Violation_201,19,C3,11.82232,16.0,93
LOND,lond032,Violation_201,19,C4,14.6426,16.0,93
LOND,lond032,Violation_201,19,P7,6.468004,16.0,93
LOND,lond032,Violation_201,19,P8,15.83887,16.0,93
LOND,lond032,Violation_201,19,O1,15.86121,16.0,93
LOND,lond032,Violation_201,19,O2,21.03374,16.0,93
LOND,lond032,Violation_201,20,Pz,7.306453,20.0,90
LOND,lond032,Violation_201,20,Cz,-7.40293,20.0,90
LOND,lond032,Violation_201,20,CP1,13.5633,20.0,90
LOND,lond032,Violation_201,20,CP2,7.037103,20.0,90
LOND,lond032,Violation_201,20,P3,10.90596,20.0,90
LOND,lond032,Violation_201,20,P4,7.684597,20.0,90
LOND,lond032,Violation_201,20,C3,8.771177,20.0,90
LOND,lond032,Violation_201,20,C4,4.554712,20.0,90
LOND,lond032,Violation_201,20,P7,-9.727614,20.0,90
LOND,lond032,Violation_201,20,P8,7.81681,20.0,90
LOND,lond032,Violation_201,20,O1,8.522488,20.0,90
LOND,lond032,Violation_201,20,O2,0.6218965,20.0,90
LOND,lond032,Control_202,21,Pz,1.958651,25.0,97
LOND,lond032,Control_202,21,Cz,-1.398727,25.0,97
LOND,lond032,Control_202,21,CP1,5.431714,25.0,97
LOND,lond032,Control_202,21,CP2,0.1019724,25.0,97
LOND,lond032,Control_202,21,P3,-5.050146,25.0,97
LOND,lond032,Control_202,21,P4,7.493551,25.0,97
LOND,lond032,Control_202,21,C3,-1.406294,25.0,97
LOND,lond032,Control_202,21,C4,-1.858463,25.0,97
LOND,lond032,Control_202,21,P7,6.26255,25.0,97
LOND,lond032,Control_202,21,P8,10.70255,25.0,97
LOND,lond032,Control_202,21,O1,9.652582,25.0,97
LOND,lond032,Control_202,21,O2,10.38074,25.0,97
LOND,lond032,Violation_201,22,Pz,10.18297,31.0,77
LOND,lond032,Violation_201,22,Cz,5.144427,31.0,77
LOND,lond032,Violation_201,22,CP1,3.011139,31.0,77
LOND,lond032,Violation_201,22,CP2,6.990094,31.0,77
LOND,lond032,Violation_201,22,P3,7.55024,31.0,77
LOND,lond032,Violation_201,22,P4,8.435307,31.0,77
LOND,lond032,Violation_201,22,C3,18.43721,31.0,77
LOND,lond032,Violation_201,22,C4,11.47704,31.0,77
LOND,lond032,Violation_201,22,P7,0.8161047,31.0,77
LOND,lond032,Violation_201,22,P8,4.99099,31.0,77
LOND,lond032,Violation_201,22,O1,3.828445,31.0,77
LOND,lond032,Violation_201,22,O2,7.830736,31.0,77
LOND,lond032,Violation_201,23,Pz,8.874258,23.0,93
LOND,lond032,Violation_201,23,Cz,18.99066,23.0,93
LOND,lond032,Violation_201,23,CP1,-20.3836,23.0,93
LOND,lond032,Violation_201,23,CP2,7.487664,23.0,93
LOND,lond032,Violation_201,23,P3,14.33223,23.0,93
LOND,lond032,Violation_201,23,P4,11.70714,23.0,93
LOND,lond032,Violation_201,23,C3,-4.484641,23.0,93
LOND,lond032,Violation_201,23,C4,9.421472,23.0,93
LOND,lond032,Violation_201,23,P7,12.82164,23.0,93
LOND,lond032,Violation_201,23,P8,7.31195,23.0,93
LOND,lond032,Violation_201,23,O1,7.538078,23.0,93
LOND,lond032,Violation_201,23,O2,8.953078,23.0,93
LOND,lond032,Violation_201,24,Pz,-11.81485,26.0,87
LOND,lond032,Violation_201,24,Cz,-2.514983,26.0,87
LOND,lond032,Violation_201,24,CP1,9.020204,26.0,87
LOND,lond032,Violation_201,24,CP2,-12.08857,26.0,87
LOND,lond032,Violation_201,24,P3,-14.02275,26.0,87
LOND,lond032,Violation_201,24,P4,-11.71925,26.0,87
LOND,lond032,Violation_201,24,C3,-1.526436,26.0,87
LOND,lond032,Violation_201,24,C4,-13.54164,26.0,87
LOND,lond032,Violation_201,24,P7,-2.47501,26.0,87
LOND,lond032,Violation_201,24,P8,-8.046436,26.0,87
LOND,lond032,Violation_201,24,O1,-15.42471,26.0,87
LOND,lond032,Violation_201,24,O2,-13.05063,26.0,87
LOND,lond032,Control_202,25,Pz,7.562519,28.0,27
LOND,lond032,Control_202,25,Cz,7.235668,28.0,27
LOND,lond032,Control_202,25,CP1,21.63365,28.0,27
LOND,lond032,Control_202,25,CP2,0.5408304,28.0,27
LOND,lond032,Control_202,25,P3,5.227702,28.0,27
LOND,lond032,Control_202,25,P4,4.202073,28.0,27
LOND,lond032,Control_202,25,C3,2.761795,28.0,27
LOND,lond032,Control_202,25,C4,9.20287,28.0,27
LOND,lond032,Control_202,25,P7,4.459304,28.0,27
LOND,lond032,Control_202,25,P8,1.553299,28.0,27
LOND,lond032,Control_202,25,O1,1.203825,28.0,27
LOND,lond032,Control_202,25,O2,2.88052,28.0,27
LOND,lond032,Control_202,26,Pz,-6.416649,35.0,97
LOND,lond032,Control_202,26,Cz,-2.247039,35.0,97
LOND,lond032,Control_202,26,CP1,10.01933,35.0,97
LOND,lond032,Control_202,26,CP2,-2.782194,35.0,97
LOND,lond032,Control_202,26,P3,-20.66948,35.0,97
LOND,lond032,Control_202,26,P4,-13.26301,35.0,97
LOND,lond032,Control_202,26,C3,-3.877684,35.0,97
LOND,lond032,Control_202,26,C4,-3.373611,35.0,97
LOND,lond032,Control_202,26,P7,-2.268444,35.0,97
LOND,lond032,Control_202,26,P8,-11.66984,35.0,97
LOND,lond032,Control_202,26,O1,-14.71,35.0,97
LOND,lond032,Control_202,26,O2,1.894755,35.0,97
LOND,lond032,Control_202,27,Pz,-2.155972,33.0,53
LOND,lond032,Control_202,27,Cz,-0.6037564,33.0,53
LOND,lond032,Control_202,27,CP1,-2.584516,33.0,53
LOND,lond032,Control_202,27,CP2,2.663296,33.0,53
LOND,lond032,Control_202,27,P3,2.287515,33.0,53
LOND,lond032,Control_202,27,P4,1.979841,33.0,53
LOND,lond032,Control_202,27,C3,13.85519,33.0,53
LOND,lond032,Control_202,27,C4,-3.887694,33.0,53
LOND,lond032,Control_202,27,P7,-15.77526,33.0,53
LOND,lond032,Control_202,27,P8,-3.42144,33.0,53
LOND,lond032,Control_202,27,O1,-1.820674,33.0,53
LOND,lond032,Control_202,27,O2,-0.02814439,33.0,53
LOND,lond032,Control_202,28,Pz,-8.648866,37.0,80
LOND,lond032,Control_202,28,Cz,-9.242418,37.0,80
LOND,lond032,Control_202,28,CP1,-54.53405,37.0,80
LOND,lond032,Control_202,28,CP2,-11.30692,37.0,80
LOND,lond032,Control_202,28,P3,-17.69152,37.0,80
LOND,lond032,Control_202,28,P4,-12.31397,37.0,80
LOND,lond032,Control_202,28,C3,-15.148,37.0,80
LOND,lond032,Control_202,28,C4,-7.358861,37.0,80
LOND,lond032,Control_202,28,P7,-6.301836,37.0,80
LOND,lond032,Control_202,28,P8,-5.968584,37.0,80
LOND,lond032,Control_202,28,O1,-7.834123,37.0,80
LOND,lond032,Control_202,28,O2,-5.171072,37.0,80
LOND,lond032,Violation_201,29,Pz,-18.59541,39.0,97
LOND,lond032,Violation_201,29,Cz,-14.24941,39.0,97
LOND,lond032,Violation_201,29,CP1,-6.58789,39.0,97
LOND,lond032,Violation_201,29,CP2,-4.548106,39.0,97
LOND,lond032,Violation_201,29,P3,-8.680901,39.0,97
LOND,lond032,Violation_201,29,P4,-19.70121,39.0,97
LOND,lond032,Violation_201,29,C3,-12.92649,39.0,97
LOND,lond032,Violation_201,29,C4,-19.6259,39.0,97
LOND,lond032,Violation_201,29,P7,-11.64403,39.0,97
LOND,lond032,Violation_201,29,P8,-25.62379,39.0,97
LOND,lond032,Violation_201,29,O1,-25.14545,39.0,97
LOND,lond032,Violation_201,29,O2,-28.59483,39.0,97
LOND,lond032,Violation_201,30,Pz,-17.66885,24.0,93
LOND,lond032,Violation_201,30,Cz,-14.56716,24.0,93
LOND,lond032,Violation_201,30,CP1,-24.03096,24.0,93
LOND,lond032,Violation_201,30,CP2,-14.98072,24.0,93
LOND,lond032,Violation_201,30,P3,-19.339,24.0,93
LOND,lond032,Violation_201,30,P4,-20.00619,24.0,93
LOND,lond032,Violation_201,30,C3,-12.15315,24.0,93
LOND,lond032,Violation_201,30,C4,-12.09199,24.0,93
LOND,lond032,Violation_201,30,P7,-23.52263,24.0,93
LOND,lond032,Violation_201,30,P8,-18.4306,24.0,93
LOND,lond032,Violation_201,30,O1,-15.8106,24.0,93
LOND,lond032,Violation_201,30,O2,-22.39388,24.0,93
LOND,lond032,Control_202,31,Pz,8.964157,40.0,93
LOND,lond032,Control_202,31,Cz,3.718131,40.0,93
LOND,lond032,Control_202,31,CP1,6.992452,40.0,93
LOND,lond032,Control_202,31,CP2,10.95706,40.0,93
LOND,lond032,Control_202,31,P3,-8.642615,40.0,93
LOND,lond032,Control_202,31,P4,16.60816,40.0,93
LOND,lond032,Control_202,31,C3,-18.79532,40.0,93
LOND,lond032,Control_202,31,C4,4.211725,40.0,93
LOND,lond032,Control_202,31,P7,-8.666521,40.0,93
LOND,lond032,Control_202,31,P8,1.034141,40.0,93
LOND,lond032,Control_202,31,O1,6.847482,40.0,93
LOND,lond032,Control_202,31,O2,4.077825,40.0,93
LOND,lond032,Violation_201,32,Pz,8.653612,22.0,53
LOND,lond032,Violation_201,32,Cz,14.0616,22.0,53
LOND,lond032,Violation_201,32,CP1,9.830498,22.0,53
LOND,lond032,Violation_201,32,CP2,14.04561,22.0,53
LOND,lond032,Violation_201,32,P3,12.68438,22.0,53
LOND,lond032,Violation_201,32,P4,12.46576,22.0,53
LOND,lond032,Violation_201,32,C3,8.11114,22.0,53
LOND,lond032,Violation_201,32,C4,8.838442,22.0,53
LOND,lond032,Violation_201,32,P7,17.05939,22.0,53
LOND,lond032,Violation_201,32,P8,15.50259,22.0,53
LOND,lond032,Violation_201,32,O1,14.62976,22.0,53
LOND,lond032,Violation_201,32,O2,15.99676,22.0,53
LOND,lond032,Control_202,33,Pz,8.170252,34.0,97
LOND,lond032,Control_202,33,Cz,-1.897451,34.0,97
LOND,lond032,Control_202,33,CP1,-3.974908,34.0,97
LOND,lond032,Control_202,33,CP2,4.115547,34.0,97
LOND,lond032,Control_202,33,P3,10.16173,34.0,97
LOND,lond032,Control_202,33,P4,9.69158,34.0,97
LOND,lond032,Control_202,33,C3,-3.407337,34.0,97
LOND,lond032,Control_202,33,C4,4.602191,34.0,97
LOND,lond032,Control_202,33,P7,17.96707,34.0,97
LOND,lond032,Control_202,33,P8,4.884324,34.0,97
LOND,lond032,Control_202,33,O1,6.019991,34.0,97
LOND,lond032,Control_202,33,O2,9.716146,34.0,97
LOND,lond032,Violation_201,34,Pz,17.29,36.0,77
LOND,lond032,Violation_201,34,Cz,14.19465,36.0,77
LOND,lond032,Violation_201,34,CP1,11.28278,36.0,77
LOND,lond032,Violation_201,34,CP2,12.00317,36.0,77
LOND,lond032,Violation_201,34,P3,13.31402,36.0,77
LOND,lond032,Violation_201,34,P4,19.4236,36.0,77
LOND,lond032,Violation_201,34,C3,-19.43145,36.0,77
LOND,lond032,Violation_201,34,C4,10.03931,36.0,77
LOND,lond032,Violation_201,34,P7,16.04748,36.0,77
LOND,lond032,Violation_201,34,P8,18.77935,36.0,77
LOND,lond032,Violation_201,34,O1,19.57366,36.0,77
LOND,lond032,Violation_201,34,O2,15.83358,36.0,77
LOND,lond032,Control_202,35,Pz,-0.3057267,32.0,80
LOND,lond032,Control_202,35,Cz,-13.76927,32.0,80
LOND,lond032,Control_202,35,CP1,-7.604817,32.0,80
LOND,lond032,Control_202,35,CP2,-5.343073,32.0,80
LOND,lond032,Control_202,35,P3,-1.682376,32.0,80
LOND,lond032,Control_202,35,P4,1.128857,32.0,80
LOND,lond032,Control_202,35,C3,24.25087,32.0,80
LOND,lond032,Control_202,35,C4,-3.273296,32.0,80
LOND,lond032,Control_202,35,P7,-10.83208,32.0,80
LOND,lond032,Control_202,35,P8,-1.395486,32.0,80
LOND,lond032,Control_202,35,O1,-1.741808,32.0,80
LOND,lond032,Control_202,35,O2,-0.5272767,32.0,80
LOND,lond032,Violation_201,36,Pz,-15.52634,21.0,77
LOND,lond032,Violation_201,36,Cz,-22.52156,21.0,77
LOND,lond032,Violation_201,36,CP1,-27.0953,21.0,77
LOND,lond032,Violation_201,36,CP2,-25.78545,21.0,77
LOND,lond032,Violation_201,36,P3,-31.2793,21.0,77
LOND,lond032,Violation_201,36,P4,-11.81421,21.0,77
LOND,lond032,Violation_201,36,C3,-18.61017,21.0,77
LOND,lond032,Violation_201,36,C4,-14.8227,21.0,77
LOND,lond032,Violation_201,36,P7,-7.64809,21.0,77
LOND,lond032,Violation_201,36,P8,-17.88098,21.0,77
LOND,lond032,Violation_201,36,O1,-16.04524,21.0,77
LOND,lond032,Violation_201,36,O2,-19.37217,21.0,77
LOND,lond032,Violation_201,37,Pz,-19.59226,27.0,97
LOND,lond032,Violation_201,37,Cz,-22.31709,27.0,97
LOND,lond032,Violation_201,37,CP1,-15.91854,27.0,97
LOND,lond032,Violation_201,37,CP2,-20.04691,27.0,97
LOND,lond032,Violation_201,37,P3,-14.83447,27.0,97
LOND,lond032,Violation_201,37,P4,-19.0345,27.0,97
LOND,lond032,Violation_201,37,C3,-61.16542,27.0,97
LOND,lond032,Violation_201,37,C4,-17.75285,27.0,97
LOND,lond032,Violation_201,37,P7,-23.80275,27.0,97
LOND,lond032,Violation_201,37,P8,-13.60899,27.0,97
LOND,lond032,Violation_201,37,O1,-21.0368,27.0,97
LOND,lond032,Violation_201,37,O2,-21.87609,27.0,97
LOND,lond032,Violation_201,38,Pz,-15.56232,38.0,93
LOND,lond032,Violation_201,38,Cz,-14.33712,38.0,93
LOND,lond032,Violation_201,38,CP1,-16.46869,38.0,93
LOND,lond032,Violation_201,38,CP2,-20.51922,38.0,93
LOND,lond032,Violation_201,38,P3,-2.541321,38.0,93
LOND,lond032,Violation_201,38,P4,-19.24032,38.0,93
LOND,lond032,Violation_201,38,C3,3.602318,38.0,93
LOND,lond032,Violation_201,38,C4,-12.54675,38.0,93
LOND,lond032,Violation_201,38,P7,-13.94085,38.0,93
LOND,lond032,Violation_201,38,P8,-8.949027,38.0,93
LOND,lond032,Violation_201,38,O1,-5.447134,38.0,93
LOND,lond032,Violation_201,38,O2,-7.032247,38.0,93
LOND,lond033,Control_202,1,Pz,-1.522833,1.0,97
LOND,lond033,Control_202,1,Cz,2.406142,1.0,97
LOND,lond033,Control_202,1,CP1,-1.90488,1.0,97
LOND,lond033,Control_202,1,CP2,-0.3523174,1.0,97
LOND,lond033,Control_202,1,P3,0.8542472,1.0,97
LOND,lond033,Control_202,1,P4,-0.7092755,1.0,97
LOND,lond033,Control_202,1,C3,-2.936354,1.0,97
LOND,lond033,Control_202,1,C4,0.3249298,1.0,97
LOND,lond033,Control_202,1,P7,-6.15205,1.0,97
LOND,lond033,Control_202,1,P8,-1.787032,1.0,97
LOND,lond033,Control_202,1,O1,1.424235,1.0,97
LOND,lond033,Control_202,1,O2,-5.518677,1.0,97
LOND,lond033,Violation_201,2,Pz,-6.089153,18.0,87
LOND,lond033,Violation_201,2,Cz,-5.202376,18.0,87
LOND,lond033,Violation_201,2,CP1,-8.697461,18.0,87
LOND,lond033,Violation_201,2,CP2,-2.399587,18.0,87
LOND,lond033,Violation_201,2,P3,-2.917065,18.0,87
LOND,lond033,Violation_201,2,P4,-3.757447,18.0,87
LOND,lond033,Violation_201,2,C3,-16.13239,18.0,87
LOND,lond033,Violation_201,2,C4,-8.920291,18.0,87
LOND,lond033,Violation_201,2,P7,-1.393728,18.0,87
LOND,lond033,Violation_201,2,P8,-1.555748,18.0,87
LOND,lond033,Violation_201,2,O1,-4.034194,18.0,87
LOND,lond033,Violation_201,2,O2,-3.659748,18.0,87
LOND,lond033,Control_202,3,Pz,-2.26375,12.0,100
LOND,lond033,Control_202,3,Cz,11.01197,12.0,100
LOND,lond033,Control_202,3,CP1,4.663718,12.0,100
LOND,lond033,Control_202,3,CP2,6.842351,12.0,100
LOND,lond033,Control_202,3,P3,0.3772591,12.0,100
LOND,lond033,Control_202,3,P4,-0.6285905,12.0,100
LOND,lond033,Control_202,3,C3,5.971612,12.0,100
LOND,lond033,Control_202,3,C4,5.444586,12.0,100
LOND,lond033,Control_202,3,P7,-2.730823,12.0,100
LOND,lond033,Control_202,3,P8,-2.928196,12.0,100
LOND,lond033,Control_202,3,O1,2.189855,12.0,100
LOND,lond033,Control_202,3,O2,-7.639255,12.0,100
LOND,lond033,Control_202,4,Pz,-5.589261,5.0,93
LOND,lond033,Control_202,4,Cz,1.515597,5.0,93
LOND,lond033,Control_202,4,CP1,0.7751091,5.0,93
LOND,lond033,Control_202,4,CP2,8.008042,5.0,93
LOND,lond033,Control_202,4,P3,-2.964314,5.0,93
LOND,lond033,Control_202,4,P4,12.99096,5.0,93
LOND,lond033,Control_202,4,C3,1.392849,5.0,93
LOND,lond033,Control_202,4,C4,12.66009,5.0,93
LOND,lond033,Control_202,4,P7,6.434253,5.0,93
LOND,lond033,Control_202,4,P8,15.04704,5.0,93
LOND,lond033,Control_202,4,O1,10.9463,5.0,93
LOND,lond033,Control_202,4,O2,6.406622,5.0,93
LOND,lond033,Violation_201,5,Pz,1.879334,15.0,90
LOND,lond033,Violation_201,5,Cz,2.980437,15.0,90
LOND,lond033,Violation_201,5,CP1,-1.140712,15.0,90
LOND,lond033,Violation_201,5,CP2,10.73716,15.0,90
LOND,lond033,Violation_201,5,P3,15.50585,15.0,90
LOND,lond033,Violation_201,5,P4,5.057224,15.0,90
LOND,lond033,Violation_201,5,C3,17.55282,15.0,90
LOND,lond033,Violation_201,5,C4,-3.509909,15.0,90
LOND,lond033,Violation_201,5,P7,15.08487,15.0,90
LOND,lond033,Violation_201,5,P8,0.3696829,15.0,90
LOND,lond033,Violation_201,5,O1,9.036495,15.0,90
LOND,lond033,Violation_201,5,O2,3.369634,15.0,90
LOND,lond033,Violation_201,6,Pz,7.521894,7.0,80
LOND,lond033,Violation_201,6,Cz,5.212016,7.0,80
LOND,lond033,Violation_201,6,CP1,14.67367,7.0,80
LOND,lond033,Violation_201,6,CP2,20.3022,7.0,80
LOND,lond033,Violation_201,6,P3,6.476012,7.0,80
LOND,lond033,Violation_201,6,P4,3.512467,7.0,80
LOND,lond033,Violation_201,6,C3,17.00134,7.0,80
LOND,lond033,Violation_201,6,C4,-2.029801,7.0,80
LOND,lond033,Violation_201,6,P7,-0.4648421,7.0,80
LOND,lond033,Violation_201,6,P8,2.531922,7.0,80
LOND,lond033,Violation_201,6,O1,-6.399037,7.0,80
LOND,lond033,Violation_201,6,O2,11.7257,7.0,80
LOND,lond033,Control_202,7,Pz,9.954944,17.0,62
LOND,lond033,Control_202,7,Cz,11.32958,17.0,62
LOND,lond033,Control_202,7,CP1,10.3369,17.0,62
LOND,lond033,Control_202,7,CP2,13.01435,17.0,62
LOND,lond033,Control_202,7,P3,9.105392,17.0,62
LOND,lond033,Control_202,7,P4,5.849193,17.0,62
LOND,lond033,Control_202,7,C3,-0.1840053,17.0,62
LOND,lond033,Control_202,7,C4,8.713427,17.0,62
LOND,lond033,Control_202,7,P7,8.465395,17.0,62
LOND,lond033,Control_202,7,P8,13.36376,17.0,62
LOND,lond033,Control_202,7,O1,1.824679,17.0,62
LOND,lond033,Control_202,7,O2,13.99269,17.0,62
LOND,lond033,Control_202,8,Pz,-27.19621,14.0,90
LOND,lond033,Control_202,8,Cz,-26.5734,14.0,90
LOND,lond033,Control_202,8,CP1,-35.5791,14.0,90
LOND,lond033,Control_202,8,CP2,-30.02835,14.0,90
LOND,lond033,Control_202,8,P3,-30.37556,14.0,90
LOND,lond033,Control_202,8,P4,-31.07454,14.0,90
LOND,lond033,Control_202,8,C3,-29.59428,14.0,90
LOND,lond033,Control_202,8,C4,-16.14894,14.0,90
LOND,lond033,Control_202,8,P7,-22.70145,14.0,90
LOND,lond033,Control_202,8,P8,-13.8049,14.0,90
LOND,lond033,Control_202,8,O1,-27.33215,14.0,90
LOND,lond033,Control_202,8,O2,-20.94943,14.0,90
LOND,lond033,Violation_201,9,Pz,18.95992,20.0,90
LOND,lond033,Violation_201,9,Cz,14.1258,20.0,90
LOND,lond033,Violation_201,9,CP1,3.09367,20.0,90
LOND,lond033,Violation_201,9,CP2,6.784363,20.0,90
LOND,lond033,Violation_201,9,P3,12.58674,20.0,90
LOND,lond033,Violation_201,9,P4,7.892816,20.0,90
LOND,lond033,Violation_201,9,C3,-0.1118691,20.0,90
LOND,lond033,Violation_201,9,C4,16.81943,20.0,90
LOND,lond033,Violation_201,9,P7,7.115559,20.0,90
LOND,lond033,Violation_201,9,P8,11.0393,20.0,90
LOND,lond033,Violation_201,9,O1,9.777023,20.0,90
LOND,lond033,Violation_201,9,O2,18.19156,20.0,90
LOND,lond033,Violation_201,10,Pz,-1.425972,2.0,100
LOND,lond033,Violation_201,10,Cz,-3.298354,2.0,100
LOND,lond033,Violation_201,10,CP1,-5.562396,2.0,100
LOND,lond033,Violation_201,10,CP2,11.96249,2.0,100
LOND,lond033,Violation_201,10,P3,-4.342391,2.0,100
LOND,lond033,Violation_201,10,P4,23.33803,2.0,100
LOND,lond033,Violation_201,10,C3,15.5322,2.0,100
LOND,lond033,Violation_201,10,C4,23.34769,2.0,100
LOND,lond033,Violation_201,10,P7,11.64547,2.0,100
LOND,lond033,Violation_201,10,P8,19.461,2.0,100
LOND,lond033,Violation_201,10,O1,14.80415,2.0,100
LOND,lond033,Violation_201,10,O2,26.28657,2.0,100
LOND,lond033,Control_202,11,Pz,2.013923,11.0,87
LOND,lond033,Control_202,11,Cz,0.1035544,11.0,87
LOND,lond033,Control_202,11,CP1,14.34891,11.0,87
LOND,lond033,Control_202,11,CP2,-1.014545,11.0,87
LOND,lond033,Control_202,11,P3,4.174774,11.0,87
LOND,lond033,Control_202,11,P4,9.031405,11.0,87
LOND,lond033,Control_202,11,C3,-15.39645,11.0,87
LOND,lond033,Control_202,11,C4,-1.696948,11.0,87
LOND,lond033,Control_202,11,P7,-7.050536,11.0,87
LOND,lond033,Control_202,11,P8,-8.184633,11.0,87
LOND,lond033,Control_202,11,O1,-2.616494,11.0,87
LOND,lond033,Control_202,11,O2,3.241263,11.0,87
LOND,lond033,Control_202,12,Pz,-0.9602808,13.0,97
LOND,lond033,Control_202,12,Cz,6.266663,13.0,97
LOND,lond033,Control_202,12,CP1,-13.21224,13.0,97
LOND,lond033,Control_202,12,CP2,7.851874,13.0,97
LOND,lond033,Control_202,12,P3,-0.05626932,13.0,97
LOND,lond033,Control_202,12,P4,0.9620972,13.0,97
LOND,lond033,Control_202,12,C3,-2.043769,13.0,97
LOND,lond033,Control_202,12,C4,4.325986,13.0,97
LOND,lond033,Control_202,12,P7,-5.086268,13.0,97
LOND,lond033,Control_202,12,P8,-10.31837,13.0,97
LOND,lond033,Control_202,12,O1,-7.434995,13.0,97
LOND,lond033,Control_202,12,O2,-14.94975,13.0,97
LOND,lond033,Violation_201,13,Pz,-13.91515,9.0,93
LOND,lond033,Violation_201,13,Cz,-13.75347,9.0,93
LOND,lond033,Violation_201,13,CP1,-13.40294,9.0,93
LOND,lond033,Violation_201,13,CP2,-12.43158,9.0,93
LOND,lond033,Violation_201,13,P3,-11.20165,9.0,93
LOND,lond033,Violation_201,13,P4,-15.57292,9.0,93
LOND,lond033,Violation_201,13,C3,-11.01118,9.0,93
LOND,lond033,Violation_201,13,C4,-10.99379,9.0,93
LOND,lond033,Violation_201,13,P7,0.1743375,9.0,93
LOND,lond033,Violation_201,13,P8,-13.90025,9.0,93
LOND,lond033,Violation_201,13,O1,-7.922623,9.0,93
LOND,lond033,Violation_201,13,O2,-5.964157,9.0,93
LOND,lond033,Violation_201,14,Pz,19.16753,19.0,100
LOND,lond033,Violation_201,14,Cz,20.67776,19.0,100
LOND,lond033,Violation_201,14,CP1,19.69919,19.0,100
LOND,lond033,Violation_201,14,CP2,13.67722,19.0,100
LOND,lond033,Violation_201,14,P3,15.0507,19.0,100
LOND,lond033,Violation_201,14,P4,22.45057,19.0,100
LOND,lond033,Violation_201,14,C3,6.301873,19.0,100
LOND,lond033,Violation_201,14,C4,10.48235,19.0,100
LOND,lond033,Violation_201,14,P7,15.02902,19.0,100
LOND,lond033,Violation_201,14,P8,9.999757,19.0,100
LOND,lond033,Violation_201,14,O1,15.19418,19.0,100
LOND,lond033,Violation_201,14,O2,10.32027,19.0,100
LOND,lond033,Control_202,15,Pz,-19.63449,4.0,93
LOND,lond033,Control_202,15,Cz,-18.8721,4.0,93
LOND,lond033,Control_202,15,CP1,-9.673776,4.0,93
LOND,lond033,Control_202,15,CP2,-30.146,4.0,93
LOND,lond033,Control_202,15,P3,-25.74429,4.0,93
LOND,lond033,Control_202,15,P4,-35.29051,4.0,93
LOND,lond033,Control_202,15,C3,-23.83228,4.0,93
LOND,lond033,Control_202,15,C4,-30.32258,4.0,93
LOND,lond033,Control_202,15,P7,-25.98038,4.0,93
LOND,lond033,Control_202,15,P8,-34.64083,4.0,93
LOND,lond033,Control_202,15,O1,-24.9336,4.0,93
LOND,lond033,Control_202,15,O2,-32.98795,4.0,93
LOND,lond033,Violation_201,16,Pz,25.52727,16.0,93
LOND,lond033,Violation_201,16,Cz,24.55101,16.0,93
LOND,lond033,Violation_201,16,CP1,-3.905477,16.0,93
LOND,lond033,Violation_201,16,CP2,6.086439,16.0,93
LOND,lond033,Violation_201,16,P3,21.60759,16.0,93
LOND,lond033,Violation_201,16,P4,8.525271,16.0,93
LOND,lond033,Violation_201,16,C3,13.72883,16.0,93
LOND,lond033,Violation_201,16,C4,9.350073,16.0,93
LOND,lond033,Violation_201,16,P7,10.56791,16.0,93
LOND,lond033,Violation_201,16,P8,9.363477,16.0,93
LOND,lond033,Violation_201,16,O1,11.9672,16.0,93
LOND,lond033,Violation_201,16,O2,6.737261,16.0,93
LOND,lond033,Violation_201,17,Pz,-9.540868,8.0,97
LOND,lond033,Violation_201,17,Cz,-3.095707,8.0,97
LOND,lond033,Violation_201,17,CP1,-20.57213,8.0,97
LOND,lond033,Violation_201,17,CP2,-3.6151,8.0,97
LOND,lond033,Violation_201,17,P3,-11.12021,8.0,97
LOND,lond033,Violation_201,17,P4,-12.37286,8.0,97
LOND,lond033,Violation_201,17,C3,-14.25923,8.0,97
LOND,lond033,Violation_201,17,C4,-13.00067,8.0,97
LOND,lond033,Violation_201,17,P7,-2.93206,8.0,97
LOND,lond033,Violation_201,17,P8,5.452001,8.0,97
LOND,lond033,Violation_201,17,O1,-1.406666,8.0,97
LOND,lond033,Violation_201,17,O2,-0.6454852,8.0,97
LOND,lond033,Control_202,18,Pz,-9.960242,10.0,80
LOND,lond033,Control_202,18,Cz,-13.49093,10.0,80
LOND,lond033,Control_202,18,CP1,-7.117841,10.0,80
LOND,lond033,Control_202,18,CP2,-11.3788,10.0,80
LOND,lond033,Control_202,18,P3,-11.86848,10.0,80
LOND,lond033,Control_202,18,P4,-14.39111,10.0,80
LOND,lond033,Control_202,18,C3,-19.72938,10.0,80
LOND,lond033,Control_202,18,C4,-6.809733,10.0,80
LOND,lond033,Control_202,18,P7,-5.186557,10.0,80
LOND,lond033,Control_202,18,P8,-5.115302,10.0,80
LOND,lond033,Control_202,18,O1,-11.75531,10.0,80
LOND,lond033,Control_202,18,O2,-5.350504,10.0,80
LOND,lond033,Violation_201,19,Pz,-10.14858,3.0,100
LOND,lond033,Violation_201,19,Cz,-7.140352,3.0,100
LOND,lond033,Violation_201,19,CP1,-14.06955,3.0,100
LOND,lond033,Violation_201,19,CP2,-7.420524,3.0,100
LOND,lond033,Violation_201,19,P3,-4.454731,3.0,100
LOND,lond033,Violation_201,19,P4,-11.4545,3.0,100
LOND,lond033,Violation_201,19,C3,-10.59727,3.0,100
LOND,lond033,Violation_201,19,C4,-9.521286,3.0,100
LOND,lond033,Violation_201,19,P7,-1.266165,3.0,100
LOND,lond033,Violation_201,19,P8,-6.136493,3.0,100
LOND,lond033,Violation_201,19,O1,-12.22935,3.0,100
LOND,lond033,Violation_201,19,O2,-16.70732,3.0,100
LOND,lond033,Violation_201,20,Pz,13.40308,6.0,100
LOND,lond033,Violation_201,20,Cz,10.61626,6.0,100
LOND,lond033,Violation_201,20,CP1,6.001874,6.0,100
LOND,lond033,Violation_201,20,CP2,-5.691933,6.0,100
LOND,lond033,Violation_201,20,P3,1.749082,6.0,100
LOND,lond033,Violation_201,20,P4,-12.30193,6.0,100
LOND,lond033,Violation_201,20,C3,-7.952668,6.0,100
LOND,lond033,Violation_201,20,C4,-4.875013,6.0,100
LOND,lond033,Violation_201,20,P7,4.85708,6.0,100
LOND,lond033,Violation_201,20,P8,13.22351,6.0,100
LOND,lond033,Violation_201,20,O1,-9.394506,6.0,100
LOND,lond033,Violation_201,20,O2,-4.151288,6.0,100
LOND,lond033,Control_202,21,Pz,3.165809,35.0,97
LOND,lond033,Control_202,21,Cz,3.956736,35.0,97
LOND,lond033,Control_202,21,CP1,-16.81576,35.0,97
LOND,lond033,Control_202,21,CP2,3.661344,35.0,97
LOND,lond033,Control_202,21,P3,-13.20131,35.0,97
LOND,lond033,Control_202,21,P4,-3.995421,35.0,97
LOND,lond033,Control_202,21,C3,2.084548,35.0,97
LOND,lond033,Control_202,21,C4,3.177677,35.0,97
LOND,lond033,Control_202,21,P7,2.221366,35.0,97
LOND,lond033,Control_202,21,P8,13.05596,35.0,97
LOND,lond033,Control_202,21,O1,-6.535112,35.0,97
LOND,lond033,Control_202,21,O2,10.13605,35.0,97
LOND,lond033,Violation_201,22,Pz,5.055889,32.0,80
LOND,lond033,Violation_201,22,Cz,1.844708,32.0,80
LOND,lond033,Violation_201,22,CP1,-0.05803207,32.0,80
LOND,lond033,Violation_201,22,CP2,-4.972652,32.0,80
LOND,lond033,Violation_201,22,P3,-2.567045,32.0,80
LOND,lond033,Violation_201,22,P4,-6.612642,32.0,80
LOND,lond033,Violation_201,22,C3,-5.428916,32.0,80
LOND,lond033,Violation_201,22,C4,0.455819,32.0,80
LOND,lond033,Violation_201,22,P7,-9.927442,32.0,80
LOND,lond033,Violation_201,22,P8,-8.609344,32.0,80
LOND,lond033,Violation_201,22,O1,-5.5787,32.0,80
LOND,lond033,Violation_201,22,O2,-3.013459,32.0,80
LOND,lond033,Violation_201,23,Pz,6.670295,37.0,80
LOND,lond033,Violation_201,23,Cz,0.5788592,37.0,80
LOND,lond033,Violation_201,23,CP1,5.672219,37.0,80
LOND,lond033,Violation_201,23,CP2,10.68295,37.0,80
LOND,lond033,Violation_201,23,P3,1.103681,37.0,80
LOND,lond033,Violation_201,23,P4,21.6768,37.0,80
LOND,lond033,Violation_201,23,C3,14.75846,37.0,80
LOND,lond033,Violation_201,23,C4,10.97758,37.0,80
LOND,lond033,Violation_201,23,P7,-1.357703,37.0,80
LOND,lond033,Violation_201,23,P8,-7.108838,37.0,80
LOND,lond033,Violation_201,23,O1,-12.46294,37.0,80
LOND,lond033,Violation_201,23,O2,1.1043,37.0,80
LOND,lond033,Violation_201,24,Pz,-8.969726,21.0,77
LOND,lond033,Violation_201,24,Cz,-9.044113,21.0,77
LOND,lond033,Violation_201,24,CP1,-14.78816,21.0,77
LOND,lond033,Violation_201,24,CP2,-14.11994,21.0,77
LOND,lond033,Violation_201,24,P3,-14.69888,21.0,77
LOND,lond033,Violation_201,24,P4,0.4255307,21.0,77
LOND,lond033,Violation_201,24,C3,-18.12201,21.0,77
LOND,lond033,Violation_201,24,C4,-2.350094,21.0,77
LOND,lond033,Violation_201,24,P7,11.01031,21.0,77
LOND,lond033,Violation_201,24,P8,8.150175,21.0,77
LOND,lond033,Violation_201,24,O1,10.30827,21.0,77
LOND,lond033,Violation_201,24,O2,8.081137,21.0,77
LOND,lond033,Violation_201,25,Pz,11.90744,40.0,93
LOND,lond033,Violation_201,25,Cz,3.245329,40.0,93
LOND,lond033,Violation_201,25,CP1,10.19962,40.0,93
LOND,lond033,Violation_201,25,CP2,11.26278,40.0,93
LOND,lond033,Violation_201,25,P3,13.09609,40.0,93
LOND,lond033,Violation_201,25,P4,14.95118,40.0,93
LOND,lond033,Violation_201,25,C3,2.405767,40.0,93
LOND,lond033,Violation_201,25,C4,18.31169,40.0,93
LOND,lond033,Violation_201,25,P7,4.71412,40.0,93
LOND,lond033,Violation_201,25,P8,5.018176,40.0,93
LOND,lond033,Violation_201,25,O1,19.34345,40.0,93
LOND,lond033,Violation_201,25,O2,11.94706,40.0,93
LOND,lond033,Control_202,26,Pz,15.1664,31.0,77
LOND,lond033,Control_202,26,Cz,10.22692,31.0,77
LOND,lond033,Control_202,26,CP1,9.687876,31.0,77
LOND,lond033,Control_202,26,CP2,-5.87563,31.0,77
LOND,lond033,Control_202,26,P3,4.999673,31.0,77
LOND,lond033,Control_202,26,P4,3.170723,31.0,77
LOND,lond033,Control_202,26,C3,3.184817,31.0,77
LOND,lond033,Control_202,26,C4,-12.60078,31.0,77
LOND,lond033,Control_202,26,P7,20.61627,31.0,77
LOND,lond033,Control_202,26,P8,6.548182,31.0,77
LOND,lond033,Control_202,26,O1,3.294024,31.0,77
LOND,lond033,Control_202,26,O2,16.87979,31.0,77
LOND,lond033,Control_202,27,Pz,10.62769,36.0,77
LOND,lond033,Control_202,27,Cz,9.2875,36.0,77
LOND,lond033,Control_202,27,CP1,6.996534,36.0,77
LOND,lond033,Control_202,27,CP2,8.846784,36.0,77
LOND,lond033,Control_202,27,P3,11.69255,36.0,77
LOND,lond033,Control_202,27,P4,29.5612,36.0,77
LOND,lond033,Control_202,27,C3,15.53806,36.0,77
LOND,lond033,Control_202,27,C4,10.90129,36.0,77
LOND,lond033,Control_202,27,P7,22.62753,36.0,77
LOND,lond033,Control_202,27,P8,8.764339,36.0,77
LOND,lond033,Control_202,27,O1,15.43783,36.0,77
LOND,lond033,Control_202,27,O2,28.72649,36.0,77
LOND,lond033,Violation_201,28,Pz,-1.266163,30.0,90
LOND,lond033,Violation_201,28,Cz,-2.14316,30.0,90
LOND,lond033,Violation_201,28,CP1,0.8930815,30.0,90
LOND,lond033,Violation_201,28,CP2,9.425127,30.0,90
LOND,lond033,Violation_201,28,P3,2.255804,30.0,90
LOND,lond033,Violation_201,28,P4,14.21221,30.0,90
LOND,lond033,Violation_201,28,C3,0.7515801,30.0,90
LOND,lond033,Violation_201,28,C4,8.275646,30.0,90
LOND,lond033,Violation_201,28,P7,22.20729,30.0,90
LOND,lond033,Violation_201,28,P8,10.02552,30.0,90
LOND,lond033,Violation_201,28,O1,29.70099,30.0,90
LOND,lond033,Violation_201,28,O2,25.25933,30.0,90
LOND,lond033,Control_202,29,Pz,2.092316,38.0,93
LOND,lond033,Control_202,29,Cz,3.42219,38.0,93
LOND,lond033,Control_202,29,CP1,-5.400926,38.0,93
LOND,lond033,Control_202,29,CP2,4.326228,38.0,93
LOND,lond033,Control_202,29,P3,2.45912,38.0,93
LOND,lond033,Control_202,29,P4,2.769618,38.0,93
LOND,lond033,Control_202,29,C3,-10.15597,38.0,93
LOND,lond033,Control_202,29,C4,2.59792,38.0,93
LOND,lond033,Control_202,29,P7,-6.073325,38.0,93
LOND,lond033,Control_202,29,P8,12.72257,38.0,93
LOND,lond033,Control_202,29,O1,9.107008,38.0,93
LOND,lond033,Control_202,29,O2,-0.8469664,38.0,93
LOND,lond033,Control_202,30,Pz,8.712653,23.0,93
LOND,lond033,Control_202,30,Cz,-0.059291,23.0,93
LOND,lond033,Control_202,30,CP1,11.44183,23.0,93
LOND,lond033,Control_202,30,CP2,7.544186,23.0,93
LOND,lond033,Control_202,30,P3,11.22657,23.0,93
LOND,lond033,Control_202,30,P4,22.50893,23.0,93
LOND,lond033,Control_202,30,C3,20.82116,23.0,93
LOND,lond033,Control_202,30,C4,22.60826,23.0,93
LOND,lond033,Control_202,30,P7,8.587363,23.0,93
LOND,lond033,Control_202,30,P8,10.27027,23.0,93
LOND,lond033,Control_202,30,O1,6.270324,23.0,93
LOND,lond033,Control_202,30,O2,11.54929,23.0,93
LOND,lond033,Control_202,31,Pz,11.53984,25.0,97
LOND,lond033,Control_202,31,Cz,6.052298,25.0,97
LOND,lond033,Control_202,31,CP1,1.808568,25.0,97
LOND,lond033,Control_202,31,CP2,-9.525517,25.0,97
LOND,lond033,Control_202,31,P3,-16.35994,25.0,97
LOND,lond033,Control_202,31,P4,4.349004,25.0,97
LOND,lond033,Control_202,31,C3,-2.886657,25.0,97
LOND,lond033,Control_202,31,C4,8.534744,25.0,97
LOND,lond033,Control_202,31,P7,-12.99442,25.0,97
LOND,lond033,Control_202,31,P8,-15.13348,25.0,97
LOND,lond033,Control_202,31,O1,-14.97171,25.0,97
LOND,lond033,Control_202,31,O2,-13.47045,25.0,97
LOND,lond033,Violation_201,32,Pz,-15.19162,39.0,97
LOND,lond033,Violation_201,32,Cz,-2.980614,39.0,97
LOND,lond033,Violation_201,32,CP1,3.838453,39.0,97
LOND,lond033,Violation_201,32,CP2,-18.49322,39.0,97
LOND,lond033,Violation_201,32,P3,-17.04697,39.0,97
LOND,lond033,Violation_201,32,P4,-21.57202,39.0,97
LOND,lond033,Violation_201,32,C3,-29.353,39.0,97
LOND,lond033,Violation_201,32,C4,-20.55598,39.0,97
LOND,lond033,Violation_201,32,P7,-21.06885,39.0,97
LOND,lond033,Violation_201,32,P8,-10.86851,39.0,97
LOND,lond033,Violation_201,32,O1,-30.33591,39.0,97
LOND,lond033,Violation_201,32,O2,-24.5554,39.0,97
LOND,lond033,Control_202,33,Pz,-19.7699,34.0,97
LOND,lond033,Control_202,33,Cz,-7.866757,34.0,97
LOND,lond033,Control_202,33,CP1,-10.53727,34.0,97
LOND,lond033,Control_202,33,CP2,-12.30808,34.0,97
LOND,lond033,Control_202,33,P3,-14.83399,34.0,97
LOND,lond033,Control_202,33,P4,-23.94538,34.0,97
LOND,lond033,Control_202,33,C3,-23.47091,34.0,97
LOND,lond033,Control_202,33,C4,-15.44873,34.0,97
LOND,lond033,Control_202,33,P7,-12.42764,34.0,97
LOND,lond033,Control_202,33,P8,-14.99478,34.0,97
LOND,lond033,Control_202,33,O1,-10.58165,34.0,97
LOND,lond033,Control_202,33,O2,-11.35833,34.0,97
LOND,lond033,Violation_201,34,Pz,8.710123,29.0,90
LOND,lond033,Violation_201,34,Cz,6.559967,29.0,90
LOND,lond033,Violation_201,34,CP1,15.03819,29.0,90
LOND,lond033,Violation_201,34,CP2,8.867495,29.0,90
LOND,lond033,Violation_201,34,P3,7.378043,29.0,90
LOND,lond033,Violation_201,34,P4,18.00256,29.0,90
LOND,lond033,Violation_201,34,C3,9.253551,29.0,90
LOND,lond033,Violation_201,34,C4,22.8553,29.0,90
LOND,lond033,Violation_201,34,P7,13.37128,29.0,90
LOND,lond033,Violation_201,34,P8,15.85337,29.0,90
LOND,lond033,Violation_201,34,O1,5.861052,29.0,90
LOND,lond033,Violation_201,34,O2,9.701817,29.0,90
LOND,lond033,Control_202,35,Pz,-2.757585,33.0,53
LOND,lond033,Control_202,35,Cz,-11.70767,33.0,53
LOND,lond033,Control_202,35,CP1,-0.5892051,33.0,53
LOND,lond033,Control_202,35,CP2,4.163509,33.0,53
LOND,lond033,Control_202,35,P3,2.732069,33.0,53
LOND,lond033,Control_202,35,P4,14.38505,33.0,53
LOND,lond033,Control_202,35,C3,14.63866,33.0,53
LOND,lond033,Control_202,35,C4,9.663848,33.0,53
LOND,lond033,Control_202,35,P7,2.490893,33.0,53
LOND,lond033,Control_202,35,P8,21.05045,33.0,53
LOND,lond033,Control_202,35,O1,3.795113,33.0,53
LOND,lond033,Control_202,35,O2,9.028464,33.0,53
LOND,lond033,Control_202,36,Pz,1.053784,26.0,87
LOND,lond033,Control_202,36,Cz,-6.223503,26.0,87
LOND,lond033,Control_202,36,CP1,2.979683,26.0,87
LOND,lond033,Control_202,36,CP2,-2.702824,26.0,87
LOND,lond033,Control_202,36,P3,-4.979346,26.0,87
LOND,lond033,Control_202,36,P4,-3.615092,26.0,87
LOND,lond033,Control_202,36,C3,-5.271439,26.0,87
LOND,lond033,Control_202,36,C4,3.462653,26.0,87
LOND,lond033,Control_202,36,P7,3.421853,26.0,87
LOND,lond033,Control_202,36,P8,8.754576,26.0,87
LOND,lond033,Control_202,36,O1,5.441217,26.0,87
LOND,lond033,Control_202,36,O2,12.22881,26.0,87
LOND,lond033,Control_202,37,Pz,11.36312,22.0,53
LOND,lond033,Control_202,37,Cz,14.06626,22.0,53
LOND,lond033,Control_202,37,CP1,29.62762,22.0,53
LOND,lond033,Control_202,37,CP2,19.76592,22.0,53
LOND,lond033,Control_202,37,P3,32.60707,22.0,53
LOND,lond033,Control_202,37,P4,8.48457,22.0,53
LOND,lond033,Control_202,37,C3,13.965,22.0,53
LOND,lond033,Control_202,37,C4,2.720865,22.0,53
LOND,lond033,Control_202,37,P7,23.78249,22.0,53
LOND,lond033,Control_202,37,P8,24.80643,22.0,53
LOND,lond033,Control_202,37,O1,19.79953,22.0,53
LOND,lond033,Control_202,37,O2,37.86568,22.0,53
LOND,lond033,Violation_201,38,Pz,-2.639578,27.0,97
LOND,lond033,Violation_201,38,Cz,5.719153,27.0,97
LOND,lond033,Violation_201,38,CP1,0.5897828,27.0,97
LOND,lond033,Violation_201,38,CP2,-8.081447,27.0,97
LOND,lond033,Violation_201,38,P3,-4.72441,27.0,97
LOND,lond033,Violation_201,38,P4,-5.188458,27.0,97
LOND,lond033,Violation_201,38,C3,0.2657691,27.0,97
LOND,lond033,Violation_201,38,C4,-2.111912,27.0,97
LOND,lond033,Violation_201,38,P7,5.173317,27.0,97
LOND,lond033,Violation_201,38,P8,-5.882108,27.0,97
LOND,lond033,Violation_201,38,O1,-13.8018,27.0,97
LOND,lond033,Violation_201,38,O2,-14.65327,27.0,97
LOND,lond033,Violation_201,39,Pz,-16.38422,28.0,27
LOND,lond033,Violation_201,39,Cz,-21.695,28.0,27
LOND,lond033,Violation_201,39,CP1,-26.72282,28.0,27
LOND,lond033,Violation_201,39,CP2,-10.92189,28.0,27
LOND,lond033,Violation_201,39,P3,-18.60199,28.0,27
LOND,lond033,Violation_201,39,P4,-15.80234,28.0,27
LOND,lond033,Violation_201,39,C3,-20.23498,28.0,27
LOND,lond033,Violation_201,39,C4,-14.29682,28.0,27
LOND,lond033,Violation_201,39,P7,-11.73415,28.0,27
LOND,lond033,Violation_201,39,P8,-2.057412,28.0,27
LOND,lond033,Violation_201,39,O1,-15.57127,28.0,27
LOND,lond033,Violation_201,39,O2,-13.49773,28.0,27
LOND,lond033,Violation_201,40,Pz,-10.85805,24.0,93
LOND,lond033,Violation_201,40,Cz,-25.98034,24.0,93
LOND,lond033,Violation_201,40,CP1,-7.275497,24.0,93
LOND,lond033,Violation_201,40,CP2,-9.336438,24.0,93
LOND,lond033,Violation_201,40,P3,-7.520565,24.0,93
LOND,lond033,Violation_201,40,P4,-12.01696,24.0,93
LOND,lond033,Violation_201,40,C3,-8.272225,24.0,93
LOND,lond033,Violation_201,40,C4,-10.9284,24.0,93
LOND,lond033,Violation_201,40,P7,-9.829739,24.0,93
LOND,lond033,Violation_201,40,P8,6.905725,24.0,93
LOND,lond033,Violation_201,40,O1,-4.743144,24.0,93
LOND,lond033,Violation_201,40,O2,5.43855,24.0,93
LOND,lond034,Control_202,1,Pz,1.831099,10.0,80
LOND,lond034,Control_202,1,Cz,-4.711189,10.0,80
LOND,lond034,Control_202,1,CP1,-3.15649,10.0,80
LOND,lond034,Control_202,1,CP2,1.660137,10.0,80
LOND,lond034,Control_202,1,P3,14.59819,10.0,80
LOND,lond034,Control_202,1,P4,9.092329,10.0,80
LOND,lond034,Control_202,1,C3,1.123829,10.0,80
LOND,lond034,Control_202,1,C4,11.47023,10.0,80
LOND,lond034,Control_202,1,P7,-15.19007,10.0,80
LOND,lond034,Control_202,1,P8,-15.76163,10.0,80
LOND,lond034,Control_202,1,O1,-3.762852,10.0,80
LOND,lond034,Control_202,1,O2,0.6203811,10.0,80
LOND,lond034,Violation_201,2,Pz,-2.279032,3.0,100
LOND,lond034,Violation_201,2,Cz,-14.77768,3.0,100
LOND,lond034,Violation_201,2,CP1,-9.336297,3.0,100
LOND,lond034,Violation_201,2,CP2,-0.9173949,3.0,100
LOND,lond034,Violation_201,2,P3,-10.62964,3.0,100
LOND,lond034,Violation_201,2,P4,-11.3576,3.0,100
LOND,lond034,Violation_201,2,C3,-4.505,3.0,100
LOND,lond034,Violation_201,2,C4,10.28019,3.0,100
LOND,lond034,Violation_201,2,P7,-1.494237,3.0,100
LOND,lond034,Violation_201,2,P8,-26.13102,3.0,100
LOND,lond034,Violation_201,2,O1,-21.1283,3.0,100
LOND,lond034,Violation_201,2,O2,-17.81705,3.0,100
LOND,lond034,Control_202,3,Pz,8.703637,5.0,93
LOND,lond034,Control_202,3,Cz,24.12763,5.0,93
LOND,lond034,Control_202,3,CP1,18.27308,5.0,93
LOND,lond034,Control_202,3,CP2,13.53874,5.0,93
LOND,lond034,Control_202,3,P3,2.63436,5.0,93
LOND,lond034,Control_202,3,P4,17.41126,5.0,93
LOND,lond034,Control_202,3,C3,7.46766,5.0,93
LOND,lond034,Control_202,3,C4,-9.320702,5.0,93
LOND,lond034,Control_202,3,P7,-8.795846,5.0,93
LOND,lond034,Control_202,3,P8,15.87406,5.0,93
LOND,lond034,Control_202,3,O1,5.665796,5.0,93
LOND,lond034,Control_202,3,O2,12.37428,5.0,93
LOND,lond034,Control_202,4,Pz,4.276786,4.0,93
LOND,lond034,Control_202,4,Cz,-5.246476,4.0,93
LOND,lond034,Control_202,4,CP1,9.14696,4.0,93
LOND,lond034,Control_202,4,CP2,-7.668972,4.0,93
LOND,lond034,Control_202,4,P3,10.75694,4.0,93
LOND,lond034,Control_202,4,P4,7.791897,4.0,93
LOND,lond034,Control_202,4,C3,-2.9219,4.0,93
LOND,lond034,Control_202,4,C4,-6.624873,4.0,93
LOND,lond034,Control_202,4,P7,-12.72145,4.0,93
LOND,lond034,Control_202,4,P8,-15.4577,4.0,93
LOND,lond034,Control_202,4,O1,11.32345,4.0,93
LOND,lond034,Control_202,4,O2,-1.51208,4.0,93
LOND,lond034,Violation_201,5,Pz,-17.2486,7.0,80
LOND,lond034,Violation_201,5,Cz,-23.30286,7.0,80
LOND,lond034,Violation_201,5,CP1,-28.65644,7.0,80
LOND,lond034,Violation_201,5,CP2,-19.20058,7.0,80
LOND,lond034,Violation_201,5,P3,-18.66899,7.0,80
LOND,lond034,Violation_201,5,P4,-18.08247,7.0,80
LOND,lond034,Violation_201,5,C3,-24.78516,7.0,80
LOND,lond034,Violation_201,5,C4,-34.74596,7.0,80
LOND,lond034,Violation_201,5,P7,-9.691545,7.0,80
LOND,lond034,Violation_201,5,P8,-35.17822,7.0,80
LOND,lond034,Violation_201,5,O1,-25.72754,7.0,80
LOND,lond034,Violation_201,5,O2,-10.01871,7.0,80
LOND,lond034,Violation_201,6,Pz,16.07647,11.0,87
LOND,lond034,Violation_201,6,Cz,1.959983,11.0,87
LOND,lond034,Violation_201,6,CP1,2.20697,11.0,87
LOND,lond034,Violation_201,6,CP2,9.954021,11.0,87
LOND,lond034,Violation_201,6,P3,17.11261,11.0,87
LOND,lond034,Violation_201,6,P4,0.9243659,11.0,87
LOND,lond034,Violation_201,6,C3,9.742219,11.0,87
LOND,lond034,Violation_201,6,C4,12.44629,11.0,87
LOND,lond034,Violation_201,6,P7,3.071237,11.0,87
LOND,lond034,Violation_201,6,P8,4.487653,11.0,87
LOND,lond034,Violation_201,6,O1,12.8779,11.0,87
LOND,lond034,Violation_201,6,O2,2.619807,11.0,87
LOND,lond034,Violation_201,7,Pz,13.64284,18.0,87
LOND,lond034,Violation_201,7,Cz,15.04961,18.0,87
LOND,lond034,Violation_201,7,CP1,13.31309,18.0,87
LOND,lond034,Violation_201,7,CP2,12.43458,18.0,87
LOND,lond034,Violation_201,7,P3,15.39838,18.0,87
LOND,lond034,Violation_201,7,P4,11.31749,18.0,87
LOND,lond034,Violation_201,7,C3,8.004271,18.0,87
LOND,lond034,Violation_201,7,C4,9.658414,18.0,87
LOND,lond034,Violation_201,7,P7,5.064774,18.0,87
LOND,lond034,Violation_201,7,P8,-8.889495,18.0,87
LOND,lond034,Violation_201,7,O1,4.67175,18.0,87
LOND,lond034,Violation_201,7,O2,-0.02334205,18.0,87
LOND,lond034,Violation_201,8,Pz,17.4733,8.0,97
LOND,lond034,Violation_201,8,Cz,15.14523,8.0,97
LOND,lond034,Violation_201,8,CP1,14.22883,8.0,97
LOND,lond034,Violation_201,8,CP2,5.864606,8.0,97
LOND,lond034,Violation_201,8,P3,14.25713,8.0,97
LOND,lond034,Violation_201,8,P4,12.71547,8.0,97
LOND,lond034,Violation_201,8,C3,14.12614,8.0,97
LOND,lond034,Violation_201,8,C4,15.58292,8.0,97
LOND,lond034,Violation_201,8,P7,23.04688,8.0,97
LOND,lond034,Violation_201,8,P8,-3.084849,8.0,97
LOND,lond034,Violation_201,8,O1,1.37254,8.0,97
LOND,lond034,Violation_201,8,O2,10.42569,8.0,97
LOND,lond034,Control_202,9,Pz,2.50021,14.0,90
LOND,lond034,Control_202,9,Cz,18.93728,14.0,90
LOND,lond034,Control_202,9,CP1,7.555816,14.0,90
LOND,lond034,Control_202,9,CP2,14.25914,14.0,90
LOND,lond034,Control_202,9,P3,14.69781,14.0,90
LOND,lond034,Control_202,9,P4,-4.855972,14.0,90
LOND,lond034,Control_202,9,C3,17.32548,14.0,90
LOND,lond034,Control_202,9,C4,27.06585,14.0,90
LOND,lond034,Control_202,9,P7,10.62236,14.0,90
LOND,lond034,Control_202,9,P8,-9.807513,14.0,90
LOND,lond034,Control_202,9,O1,-14.36336,14.0,90
LOND,lond034,Control_202,9,O2,2.20847,14.0,90
LOND,lond034,Control_202,10,Pz,-14.80075,16.0,93
LOND,lond034,Control_202,10,Cz,-10.35099,16.0,93
LOND,lond034,Control_202,10,CP1,-26.21185,16.0,93
LOND,lond034,Control_202,10,CP2,-16.70498,16.0,93
LOND,lond034,Control_202,10,P3,-20.05924,16.0,93
LOND,lond034,Control_202,10,P4,-4.496339,16.0,93
LOND,lond034,Control_202,10,C3,-14.84074,16.0,93
LOND,lond034,Control_202,10,C4,-16.20394,16.0,93
LOND,lond034,Control_202,10,P7,-6.568814,16.0,93
LOND,lond034,Control_202,10,P8,-28.96348,16.0,93
LOND,lond034,Control_202,10,O1,-10.47261,16.0,93
LOND,lond034,Control_202,10,O2,-8.530378,16.0,93
LOND,lond034,Control_202,11,Pz,15.62077,1.0,97
LOND,lond034,Control_202,11,Cz,46.17624,1.0,97
LOND,lond034,Control_202,11,CP1,9.678353,1.0,97
LOND,lond034,Control_202,11,CP2,18.16672,1.0,97
LOND,lond034,Control_202,11,P3,17.32111,1.0,97
LOND,lond034,Control_202,11,P4,12.67274,1.0,97
LOND,lond034,Control_202,11,C3,8.835543,1.0,97
LOND,lond034,Control_202,11,C4,0.5086198,1.0,97
LOND,lond034,Control_202,11,P7,-0.4491182,1.0,97
LOND,lond034,Control_202,11,P8,-2.491158,1.0,97
LOND,lond034,Control_202,11,O1,16.91203,1.0,97
LOND,lond034,Control_202,11,O2,28.19155,1.0,97
LOND,lond034,Violation_201,12,Pz,-9.446841,20.0,90
LOND,lond034,Violation_201,12,Cz,-5.425089,20.0,90
LOND,lond034,Violation_201,12,CP1,-13.09913,20.0,90
LOND,lond034,Violation_201,12,CP2,2.561429,20.0,90
LOND,lond034,Violation_201,12,P3,-14.32203,20.0,90
LOND,lond034,Violation_201,12,P4,-3.864787,20.0,90
LOND,lond034,Violation_201,12,C3,-3.630927,20.0,90
LOND,lond034,Violation_201,12,C4,-10.04718,20.0,90
LOND,lond034,Violation_201,12,P7,3.912423,20.0,90
LOND,lond034,Violation_201,12,P8,15.44378,20.0,90
LOND,lond034,Violation_201,12,O1,-10.83858,20.0,90
LOND,lond034,Violation_201,12,O2,0.3637856,20.0,90
LOND,lond034,Control_202,13,Pz,3.424616,12.0,100
LOND,lond034,Control_202,13,Cz,-1.103954,12.0,100
LOND,lond034,Control_202,13,CP1,-2.143951,12.0,100
LOND,lond034,Control_202,13,CP2,1.722935,12.0,100
LOND,lond034,Control_202,13,P3,7.782589,12.0,100
LOND,lond034,Control_202,13,P4,-2.823917,12.0,100
LOND,lond034,Control_202,13,C3,3.440745,12.0,100
LOND,lond034,Control_202,13,C4,5.879116,12.0,100
LOND,lond034,Control_202,13,P7,0.1714392,12.0,100
LOND,lond034,Control_202,13,P8,-8.651886,12.0,100
LOND,lond034,Control_202,13,O1,-10.47724,12.0,100
LOND,lond034,Control_202,13,O2,-7.585029,12.0,100
LOND,lond034,Control_202,14,Pz,9.210202,9.0,93
LOND,lond034,Control_202,14,Cz,5.942756,9.0,93
LOND,lond034,Control_202,14,CP1,15.23179,9.0,93
LOND,lond034,Control_202,14,CP2,5.053101,9.0,93
LOND,lond034,Control_202,14,P3,0.8511928,9.0,93
LOND,lond034,Control_202,14,P4,3.230573,9.0,93
LOND,lond034,Control_202,14,C3,-1.977706,9.0,93
LOND,lond034,Control_202,14,C4,4.919865,9.0,93
LOND,lond034,Control_202,14,P7,-6.921642,9.0,93
LOND,lond034,Control_202,14,P8,-12.98353,9.0,93
LOND,lond034,Control_202,14,O1,7.487501,9.0,93
LOND,lond034,Control_202,14,O2,4.839354,9.0,93
LOND,lond034,Violation_201,15,Pz,7.643242,15.0,90
LOND,lond034,Violation_201,15,Cz,3.42563,15.0,90
LOND,lond034,Violation_201,15,CP1,2.304467,15.0,90
LOND,lond034,Violation_201,15,CP2,4.017956,15.0,90
LOND,lond034,Violation_201,15,P3,11.84691,15.0,90
LOND,lond034,Violation_201,15,P4,9.844059,15.0,90
LOND,lond034,Violation_201,15,C3,4.559841,15.0,90
LOND,lond034,Violation_201,15,C4,-0.9202341,15.0,90
LOND,lond034,Violation_201,15,P7,-4.252794,15.0,90
LOND,lond034,Violation_201,15,P8,22.23564,15.0,90
LOND,lond034,Violation_201,15,O1,22.35157,15.0,90
LOND,lond034,Violation_201,15,O2,9.616554,15.0,90
LOND,lond034,Violation_201,16,Pz,-4.972338,17.0,62
LOND,lond034,Violation_201,16,Cz,5.81076,17.0,62
LOND,lond034,Violation_201,16,CP1,2.831847,17.0,62
LOND,lond034,Violation_201,16,CP2,5.573005,17.0,62
LOND,lond034,Violation_201,16,P3,-1.39961,17.0,62
LOND,lond034,Violation_201,16,P4,-9.870738,17.0,62
LOND,lond034,Violation_201,16,C3,-1.638584,17.0,62
LOND,lond034,Violation_201,16,C4,-10.25703,17.0,62
LOND,lond034,Violation_201,16,P7,-20.36756,17.0,62
LOND,lond034,Violation_201,16,P8,-19.60026,17.0,62
LOND,lond034,Violation_201,16,O1,-13.76283,17.0,62
LOND,lond034,Violation_201,16,O2,-7.500494,17.0,62
LOND,lond034,Control_202,17,Pz,14.20475,19.0,100
LOND,lond034,Control_202,17,Cz,6.387941,19.0,100
LOND,lond034,Control_202,17,CP1,2.66796,19.0,100
LOND,lond034,Control_202,17,CP2,8.726828,19.0,100
LOND,lond034,Control_202,17,P3,5.838149,19.0,100
LOND,lond034,Control_202,17,P4,12.03454,19.0,100
LOND,lond034,Control_202,17,C3,10.85078,19.0,100
LOND,lond034,Control_202,17,C4,13.76962,19.0,100
LOND,lond034,Control_202,17,P7,30.09422,19.0,100
LOND,lond034,Control_202,17,P8,21.94817,19.0,100
LOND,lond034,Control_202,17,O1,24.80924,19.0,100
LOND,lond034,Control_202,17,O2,43.01904,19.0,100
LOND,lond034,Control_202,18,Pz,-21.80682,13.0,97
LOND,lond034,Control_202,18,Cz,-29.1386,13.0,97
LOND,lond034,Control_202,18,CP1,-31.37788,13.0,97
LOND,lond034,Control_202,18,CP2,-24.39596,13.0,97
LOND,lond034,Control_202,18,P3,-15.5597,13.0,97
LOND,lond034,Control_202,18,P4,-7.780674,13.0,97
LOND,lond034,Control_202,18,C3,-19.17224,13.0,97
LOND,lond034,Control_202,18,C4,-8.792017,13.0,97
LOND,lond034,Control_202,18,P7,-41.72598,13.0,97
LOND,lond034,Control_202,18,P8,-28.91625,13.0,97
LOND,lond034,Control_202,18,O1,-14.65394,13.0,97
LOND,lond034,Control_202,18,O2,-28.43414,13.0,97
LOND,lond034,Violation_201,19,Pz,-14.03574,6.0,100
LOND,lond034,Violation_201,19,Cz,-2.726393,6.0,100
LOND,lond034,Violation_201,19,CP1,-7.760762,6.0,100
LOND,lond034,Violation_201,19,CP2,-16.4325,6.0,100
LOND,lond034,Violation_201,19,P3,-26.70335,6.0,100
LOND,lond034,Violation_201,19,P4,-4.305174,6.0,100
LOND,lond034,Violation_201,19,C3,-11.39441,6.0,100
LOND,lond034,Violation_201,19,C4,10.18373,6.0,100
LOND,lond034,Violation_201,19,P7,-19.05991,6.0,100
LOND,lond034,Violation_201,19,P8,8.300899,6.0,100
LOND,lond034,Violation_201,19,O1,-13.47991,6.0,100
LOND,lond034,Violation_201,19,O2,-10.29967,6.0,100
LOND,lond034,Violation_201,20,Pz,17.13856,2.0,100
LOND,lond034,Violation_201,20,Cz,-2.82681,2.0,100
LOND,lond034,Violation_201,20,CP1,1.892311,2.0,100
LOND,lond034,Violation_201,20,CP2,19.36763,2.0,100
LOND,lond034,Violation_201,20,P3,17.0652,2.0,100
LOND,lond034,Violation_201,20,P4,28.92598,2.0,100
LOND,lond034,Violation_201,20,C3,16.59856,2.0,100
LOND,lond034,Violation_201,20,C4,28.07121,2.0,100
LOND,lond034,Violation_201,20,P7,9.146739,2.0,100
LOND,lond034,Violation_201,20,P8,28.31184,2.0,100
LOND,lond034,Violation_201,20,O1,31.18642,2.0,100
LOND,lond034,Violation_201,20,O2,25.25666,2.0,100
LOND,lond034,Control_202,21,Pz,14.29196,33.0,53
LOND,lond034,Control_202,21,Cz,7.444162,33.0,53
LOND,lond034,Control_202,21,CP1,10.56756,33.0,53
LOND,lond034,Control_202,21,CP2,10.73583,33.0,53
LOND,lond034,Control_202,21,P3,19.11027,33.0,53
LOND,lond034,Control_202,21,P4,2.898999,33.0,53
LOND,lond034,Control_202,21,C3,10.31962,33.0,53
LOND,lond034,Control_202,21,C4,9.150629,33.0,53
LOND,lond034,Control_202,21,P7,1.220389,33.0,53
LOND,lond034,Control_202,21,P8,-10.44514,33.0,53
LOND,lond034,Control_202,21,O1,-4.762264,33.0,53
LOND,lond034,Control_202,21,O2,8.851233,33.0,53
LOND,lond034,Control_202,22,Pz,11.31471,39.0,97
LOND,lond034,Control_202,22,Cz,2.89661,39.0,97
LOND,lond034,Control_202,22,CP1,-6.502239,39.0,97
LOND,lond034,Control_202,22,CP2,7.495917,39.0,97
LOND,lond034,Control_202,22,P3,17.66979,39.0,97
LOND,lond034,Control_202,22,P4,12.89902,39.0,97
LOND,lond034,Control_202,22,C3,9.442357,39.0,97
LOND,lond034,Control_202,22,C4,19.88914,39.0,97
LOND,lond034,Control_202,22,P7,21.33739,39.0,97
LOND,lond034,Control_202,22,P8,16.4361,39.0,97
LOND,lond034,Control_202,22,O1,24.42386,39.0,97
LOND,lond034,Control_202,22,O2,26.96956,39.0,97
LOND,lond034,Control_202,23,Pz,9.074295,32.0,80
LOND,lond034,Control_202,23,Cz,11.09022,32.0,80
LOND,lond034,Control_202,23,CP1,-3.318722,32.0,80
LOND,lond034,Control_202,23,CP2,9.628347,32.0,80
LOND,lond034,Control_202,23,P3,-4.957688,32.0,80
LOND,lond034,Control_202,23,P4,1.673791,32.0,80
LOND,lond034,Control_202,23,C3,7.994804,32.0,80
LOND,lond034,Control_202,23,C4,19.27798,32.0,80
LOND,lond034,Control_202,23,P7,-16.03082,32.0,80
LOND,lond034,Control_202,23,P8,-10.87557,32.0,80
LOND,lond034,Control_202,23,O1,-15.25288,32.0,80
LOND,lond034,Control_202,23,O2,-12.93173,32.0,80
LOND,lond034,Control_202,24,Pz,-0.3352632,23.0,93
LOND,lond034,Control_202,24,Cz,2.696537,23.0,93
LOND,lond034,Control_202,24,CP1,16.68996,23.0,93
LOND,lond034,Control_202,24,CP2,-3.94362,23.0,93
LOND,lond034,Control_202,24,P3,-4.171361,23.0,93
LOND,lond034,Control_202,24,P4,10.32371,23.0,93
LOND,lond034,Control_202,24,C3,-5.148123,23.0,93
LOND,lond034,Control_202,24,C4,-13.20346,23.0,93
LOND,lond034,Control_202,24,P7,5.815853,23.0,93
LOND,lond034,Control_202,24,P8,9.281117,23.0,93
LOND,lond034,Control_202,24,O1,20.23545,23.0,93
LOND,lond034,Control_202,24,O2,-6.768018,23.0,93
LOND,lond034,Violation_201,25,Pz,3.198369,38.0,93
LOND,lond034,Violation_201,25,Cz,-1.504359,38.0,93
LOND,lond034,Violation_201,25,CP1,5.693474,38.0,93
LOND,lond034,Violation_201,25,CP2,-0.7759353,38.0,93
LOND,lond034,Violation_201,25,P3,6.708512,38.0,93
LOND,lond034,Violation_201,25,P4,4.675414,38.0,93
LOND,lond034,Violation_201,25,C3,11.9473,38.0,93
LOND,lond034,Violation_201,25,C4,3.3182,38.0,93
LOND,lond034,Violation_201,25,P7,21.96862,38.0,93
LOND,lond034,Violation_201,25,P8,-0.3891283,38.0,93
LOND,lond034,Violation_201,25,O1,5.550285,38.0,93
LOND,lond034,Violation_201,25,O2,8.683939,38.0,93
LOND,lond034,Violation_201,26,Pz,4.264596,37.0,80
LOND,lond034,Violation_201,26,Cz,-2.800758,37.0,80
LOND,lond034,Violation_201,26,CP1,9.583277,37.0,80
LOND,lond034,Violation_201,26,CP2,0.7955531,37.0,80
LOND,lond034,Violation_201,26,P3,12.10017,37.0,80
LOND,lond034,Violation_201,26,P4,-4.671515,37.0,80
LOND,lond034,Violation_201,26,C3,2.630545,37.0,80
LOND,lond034,Violation_201,26,C4,-3.446382,37.0,80
LOND,lond034,Violation_201,26,P7,0.5977644,37.0,80
LOND,lond034,Violation_201,26,P8,3.062231,37.0,80
LOND,lond034,Violation_201,26,O1,-2.196604,37.0,80
LOND,lond034,Violation_201,26,O2,-4.166831,37.0,80
LOND,lond034,Violation_201,27,Pz,1.901667,22.0,53
LOND,lond034,Violation_201,27,Cz,-0.2117107,22.0,53
LOND,lond034,Violation_201,27,CP1,1.511656,22.0,53
LOND,lond034,Violation_201,27,CP2,-4.12003,22.0,53
LOND,lond034,Violation_201,27,P3,17.69125,22.0,53
LOND,lond034,Violation_201,27,P4,12.97037,22.0,53
LOND,lond034,Violation_201,27,C3,10.28942,22.0,53
LOND,lond034,Violation_201,27,C4,4.505795,22.0,53
LOND,lond034,Violation_201,27,P7,23.81786,22.0,53
LOND,lond034,Violation_201,27,P8,19.95885,22.0,53
LOND,lond034,Violation_201,27,O1,6.843012,22.0,53
LOND,lond034,Violation_201,27,O2,22.70433,22.0,53
LOND,lond034,Violation_201,28,Pz,-5.422525,26.0,87
LOND,lond034,Violation_201,28,Cz,-10.36771,26.0,87
LOND,lond034,Violation_201,28,CP1,-13.01885,26.0,87
LOND,lond034,Violation_201,28,CP2,-7.148554,26.0,87
LOND,lond034,Violation_201,28,P3,7.657227,26.0,87
LOND,lond034,Violation_201,28,P4,2.447292,26.0,87
LOND,lond034,Violation_201,28,C3,-10.10932,26.0,87
LOND,lond034,Violation_201,28,C4,-21.78089,26.0,87
LOND,lond034,Violation_201,28,P7,12.88882,26.0,87
LOND,lond034,Violation_201,28,P8,-2.056358,26.0,87
LOND,lond034,Violation_201,28,O1,-3.75016,26.0,87
LOND,lond034,Violation_201,28,O2,3.355444,26.0,87
LOND,lond034,Violation_201,29,Pz,13.39522,35.0,97
LOND,lond034,Violation_201,29,Cz,12.31488,35.0,97
LOND,lond034,Violation_201,29,CP1,14.25432,35.0,97
LOND,lond034,Violation_201,29,CP2,11.56761,35.0,97
LOND,lond034,Violation_201,29,P3,14.94837,35.0,97
LOND,lond034,Violation_201,29,P4,2.234916,35.0,97
LOND,lond034,Violation_201,29,C3,15.80232,35.0,97
LOND,lond034,Violation_201,29,C4,25.20873,35.0,97
LOND,lond034,Violation_201,29,P7,13.40379,35.0,97
LOND,lond034,Violation_201,29,P8,8.032292,35.0,97
LOND,lond034,Violation_201,29,O1,2.729146,35.0,97
LOND,lond034,Violation_201,29,O2,-13.69913,35.0,97
LOND,lond034,Control_202,30,Pz,7.304427,36.0,77
LOND,lond034,Control_202,30,Cz,7.158066,36.0,77
LOND,lond034,Control_202,30,CP1,-0.2006507,36.0,77
LOND,lond034,Control_202,30,CP2,1.823833,36.0,77
LOND,lond034,Control_202,30,P3,8.279121,36.0,77
LOND,lond034,Control_202,30,P4,7.049249,36.0,77
LOND,lond034,Control_202,30,C3,3.030976,36.0,77
LOND,lond034,Control_202,30,C4,12.73815,36.0,77
LOND,lond034,Control_202,30,P7,1.519497,36.0,77
LOND,lond034,Control_202,30,P8,-13.18472,36.0,77
LOND,lond034,Control_202,30,O1,6.272727,36.0,77
LOND,lond034,Control_202,30,O2,7.558398,36.0,77
LOND,lond034,Control_202,31,Pz,4.446011,30.0,90
LOND,lond034,Control_202,31,Cz,6.620378,30.0,90
LOND,lond034,Control_202,31,CP1,3.994051,30.0,90
LOND,lond034,Control_202,31,CP2,1.728091,30.0,90
LOND,lond034,Control_202,31,P3,-3.74534,30.0,90
LOND,lond034,Control_202,31,P4,3.124454,30.0,90
LOND,lond034,Control_202,31,C3,1.73439,30.0,90
LOND,lond034,Control_202,31,C4,-4.681956,30.0,90
LOND,lond034,Control_202,31,P7,-8.537478,30.0,90
LOND,lond034,Control_202,31,P8,3.42414,30.0,90
LOND,lond034,Control_202,31,O1,12.73869,30.0,90
LOND,lond034,Control_202,31,O2,-3.140582,30.0,90
LOND,lond034,Violation_201,32,Pz,0.8717381,29.0,90
LOND,lond034,Violation_201,32,Cz,-7.550858,29.0,90
LOND,lond034,Violation_201,32,CP1,-8.283715,29.0,90
LOND,lond034,Violation_201,32,CP2,2.57831,29.0,90
LOND,lond034,Violation_201,32,P3,-0.8720527,29.0,90
LOND,lond034,Violation_201,32,P4,13.09056,29.0,90
LOND,lond034,Violation_201,32,C3,3.896967,29.0,90
LOND,lond034,Violation_201,32,C4,4.462946,29.0,90
LOND,lond034,Violation_201,32,P7,20.04077,29.0,90
LOND,lond034,Violation_201,32,P8,2.012858,29.0,90
LOND,lond034,Violation_201,32,O1,10.35101,29.0,90
LOND,lond034,Violation_201,32,O2,6.63642,29.0,90
LOND,lond034,Control_202,33,Pz,18.22255,34.0,97
LOND,lond034,Control_202,33,Cz,19.21175,34.0,97
LOND,lond034,Control_202,33,CP1,13.42498,34.0,97
LOND,lond034,Control_202,33,CP2,18.36504,34.0,97
LOND,lond034,Control_202,33,P3,12.69273,34.0,97
LOND,lond034,Control_202,33,P4,17.64768,34.0,97
LOND,lond034,Control_202,33,C3,22.16767,34.0,97
LOND,lond034,Control_202,33,C4,-2.53972,34.0,97
LOND,lond034,Control_202,33,P7,40.78359,34.0,97
LOND,lond034,Control_202,33,P8,32.98575,34.0,97
LOND,lond034,Control_202,33,O1,22.97676,34.0,97
LOND,lond034,Control_202,33,O2,31.46485,34.0,97
LOND,lond034,Violation_201,34,Pz,19.29289,24.0,93
LOND,lond034,Violation_201,34,Cz,1.582589,24.0,93
LOND,lond034,Violation_201,34,CP1,6.369185,24.0,93
LOND,lond034,Violation_201,34,CP2,14.48863,24.0,93
LOND,lond034,Violation_201,34,P3,19.8861,24.0,93
LOND,lond034,Violation_201,34,P4,8.551251,24.0,93
LOND,lond034,Violation_201,34,C3,5.781349,24.0,93
LOND,lond034,Violation_201,34,C4,5.70114,24.0,93
LOND,lond034,Violation_201,34,P7,31.93843,24.0,93
LOND,lond034,Violation_201,34,P8,16.9777,24.0,93
LOND,lond034,Violation_201,34,O1,11.16305,24.0,93
LOND,lond034,Violation_201,34,O2,21.21688,24.0,93
LOND,lond034,Violation_201,35,Pz,1.855268,25.0,97
LOND,lond034,Violation_201,35,Cz,12.95826,25.0,97
LOND,lond034,Violation_201,35,CP1,7.212174,25.0,97
LOND,lond034,Violation_201,35,CP2,1.653511,25.0,97
LOND,lond034,Violation_201,35,P3,5.866211,25.0,97
LOND,lond034,Violation_201,35,P4,-8.685106,25.0,97
LOND,lond034,Violation_201,35,C3,2.037587,25.0,97
LOND,lond034,Violation_201,35,C4,-3.889151,25.0,97
LOND,lond034,Violation_201,35,P7,15.88013,25.0,97
LOND,lond034,Violation_201,35,P8,-22.73765,25.0,97
LOND,lond034,Violation_201,35,O1,-10.903,25.0,97
LOND,lond034,Violation_201,35,O2,1.313389,25.0,97
LOND,lond034,Violation_201,36,Pz,11.14022,27.0,97
LOND,lond034,Violation_201,36,Cz,16.28182,27.0,97
LOND,lond034,Violation_201,36,CP1,19.95186,27.0,97
LOND,lond034,Violation_201,36,CP2,11.11542,27.0,97
LOND,lond034,Violation_201,36,P3,8.400023,27.0,97
LOND,lond034,Violation_201,36,P4,2.229301,27.0,97
LOND,lond034,Violation_201,36,C3,5.456148,27.0,97
LOND,lond034,Violation_201,36,C4,-5.491257,27.0,97
LOND,lond034,Violation_201,36,P7,-8.848866,27.0,97
LOND,lond034,Violation_201,36,P8,11.76836,27.0,97
LOND,lond034,Violation_201,36,O1,-2.197504,27.0,97
LOND,lond034,Violation_201,36,O2,3.590008,27.0,97
LOND,lond034,Control_202,37,Pz,-7.594299,31.0,77
LOND,lond034,Control_202,37,Cz,-8.817987,31.0,77
LOND,lond034,Control_202,37,CP1,-13.65666,31.0,77
LOND,lond034,Control_202,37,CP2,-14.72065,31.0,77
LOND,lond034,Control_202,37,P3,-15.61802,31.0,77
LOND,lond034,Control_202,37,P4,-9.7224,31.0,77
LOND,lond034,Control_202,37,C3,-13.01772,31.0,77
LOND,lond034,Control_202,37,C4,-22.25562,31.0,77
LOND,lond034,Control_202,37,P7,-2.196791,31.0,77
LOND,lond034,Control_202,37,P8,-11.18783,31.0,77
LOND,lond034,Control_202,37,O1,6.25073,31.0,77
LOND,lond034,Control_202,37,O2,-8.49665,31.0,77
LOND,lond034,Control_202,38,Pz,-14.26742,28.0,27
LOND,lond034,Control_202,38,Cz,-2.287036,28.0,27
LOND,lond034,Control_202,38,CP1,-6.880451,28.0,27
LOND,lond034,Control_202,38,CP2,-6.190316,28.0,27
LOND,lond034,Control_202,38,P3,-11.7227,28.0,27
LOND,lond034,Control_202,38,P4,-13.45701,28.0,27
LOND,lond034,Control_202,38,C3,-8.687411,28.0,27
LOND,lond034,Control_202,38,C4,-3.951877,28.0,27
LOND,lond034,Control_202,38,P7,-14.81532,28.0,27
LOND,lond034,Control_202,38,P8,-22.82676,28.0,27
LOND,lond034,Control_202,38,O1,-20.59867,28.0,27
LOND,lond034,Control_202,38,O2,-17.10799,28.0,27
LOND,lond034,Control_202,39,Pz,-22.91298,21.0,77
LOND,lond034,Control_202,39,Cz,-26.97411,21.0,77
LOND,lond034,Control_202,39,CP1,-11.12776,21.0,77
LOND,lond034,Control_202,39,CP2,-21.94951,21.0,77
LOND,lond034,Control_202,39,P3,-10.95172,21.0,77
LOND,lond034,Control_202,39,P4,-34.97027,21.0,77
LOND,lond034,Control_202,39,C3,-26.27921,21.0,77
LOND,lond034,Control_202,39,C4,-16.35123,21.0,77
LOND,lond034,Control_202,39,P7,-42.80023,21.0,77
LOND,lond034,Control_202,39,P8,-22.94596,21.0,77
LOND,lond034,Control_202,39,O1,-17.02435,21.0,77
LOND,lond034,Control_202,39,O2,-28.05547,21.0,77
LOND,lond034,Violation_201,40,Pz,-0.5485438,40.0,93
LOND,lond034,Violation_201,40,Cz,-2.817063,40.0,93
LOND,lond034,Violation_201,40,CP1,-8.754282,40.0,93
LOND,lond034,Violation_201,40,CP2,-8.000294,40.0,93
LOND,lond034,Violation_201,40,P3,-7.344329,40.0,93
LOND,lond034,Violation_201,40,P4,1.607242,40.0,93
LOND,lond034,Violation_201,40,C3,2.758443,40.0,93
LOND,lond034,Violation_201,40,C4,9.515023,40.0,93
LOND,lond034,Violation_201,40,P7,-18.95944,40.0,93
LOND,lond034,Violation_201,40,P8,-13.3119,40.0,93
LOND,lond034,Violation_201,40,O1,-0.8080843,40.0,93
LOND,lond034,Violation_201,40,O2,-10.42294,40.0,93
LOND,lond035,Violation_201,1,Pz,-3.340829,7.0,80
LOND,lond035,Violation_201,1,Cz,-8.131958,7.0,80
LOND,lond035,Violation_201,1,CP1,0.7653282,7.0,80
LOND,lond035,Violation_201,1,CP2,-4.506821,7.0,80
LOND,lond035,Violation_201,1,P3,1.223587,7.0,80
LOND,lond035,Violation_201,1,P4,-3.465078,7.0,80
LOND,lond035,Violation_201,1,C3,1.61001,7.0,80
LOND,lond035,Violation_201,1,C4,4.925499,7.0,80
LOND,lond035,Violation_201,1,P7,0.96221,7.0,80
LOND,lond035,Violation_201,1,P8,1.300081,7.0,80
LOND,lond035,Violation_201,1,O1,0.0562277,7.0,80
LOND,lond035,Violation_201,1,O2,-3.856388,7.0,80
LOND,lond035,Violation_201,2,Pz,-17.14616,2.0,100
LOND,lond035,Violation_201,2,Cz,-13.73573,2.0,100
LOND,lond035,Violation_201,2,CP1,-19.13383,2.0,100
LOND,lond035,Violation_201,2,CP2,-19.15377,2.0,100
LOND,lond035,Violation_201,2,P3,-13.44264,2.0,100
LOND,lond035,Violation_201,2,P4,-14.25505,2.0,100
LOND,lond035,Violation_201,2,C3,-15.49076,2.0,100
LOND,lond035,Violation_201,2,C4,-15.19752,2.0,100
LOND,lond035,Violation_201,2,P7,-8.539357,2.0,100
LOND,lond035,Violation_201,2,P8,-14.30433,2.0,100
LOND,lond035,Violation_201,2,O1,-10.44697,2.0,100
LOND,lond035,Violation_201,2,O2,-17.11221,2.0,100
LOND,lond035,Control_202,3,Pz,-0.6064809,4.0,93
LOND,lond035,Control_202,3,Cz,-3.893126,4.0,93
LOND,lond035,Control_202,3,CP1,-4.993547,4.0,93
LOND,lond035,Control_202,3,CP2,8.018185,4.0,93
LOND,lond035,Control_202,3,P3,-2.700471,4.0,93
LOND,lond035,Control_202,3,P4,-0.8546225,4.0,93
LOND,lond035,Control_202,3,C3,-1.298736,4.0,93
LOND,lond035,Control_202,3,C4,-5.257213,4.0,93
LOND,lond035,Control_202,3,P7,3.086812,4.0,93
LOND,lond035,Control_202,3,P8,-1.06239,4.0,93
LOND,lond035,Control_202,3,O1,1.174079,4.0,93
LOND,lond035,Control_202,3,O2,-1.435099,4.0,93
LOND,lond035,Violation_201,4,Pz,4.449506,16.0,93
LOND,lond035,Violation_201,4,Cz,11.02468,16.0,93
LOND,lond035,Violation_201,4,CP1,5.281914,16.0,93
LOND,lond035,Violation_201,4,CP2,9.603916,16.0,93
LOND,lond035,Violation_201,4,P3,2.357022,16.0,93
LOND,lond035,Violation_201,4,P4,2.787446,16.0,93
LOND,lond035,Violation_201,4,C3,5.265435,16.0,93
LOND,lond035,Violation_201,4,C4,-6.463234,16.0,93
LOND,lond035,Violation_201,4,P7,3.865677,16.0,93
LOND,lond035,Violation_201,4,P8,0.1086141,16.0,93
LOND,lond035,Violation_201,4,O1,3.393717,16.0,93
LOND,lond035,Violation_201,4,O2,4.085105,16.0,93
LOND,lond035,Control_202,5,Pz,7.206645,15.0,90
LOND,lond035,Control_202,5,Cz,13.09491,15.0,90
LOND,lond035,Control_202,5,CP1,8.440742,15.0,90
LOND,lond035,Control_202,5,CP2,2.583407,15.0,90
LOND,lond035,Control_202,5,P3,11.31643,15.0,90
LOND,lond035,Control_202,5,P4,11.79187,15.0,90
LOND,lond035,Control_202,5,C3,9.303114,15.0,90
LOND,lond035,Control_202,5,C4,28.93097,15.0,90
LOND,lond035,Control_202,5,P7,10.3646,15.0,90
LOND,lond035,Control_202,5,P8,2.802057,15.0,90
LOND,lond035,Control_202,5,O1,9.426799,15.0,90
LOND,lond035,Control_202,5,O2,8.390474,15.0,90
LOND,lond035,Control_202,6,Pz,10.57165,6.0,100
LOND,lond035,Control_202,6,Cz,15.68948,6.0,100
LOND,lond035,Control_202,6,CP1,10.35078,6.0,100
LOND,lond035,Control_202,6,CP2,10.80633,6.0,100
LOND,lond035,Control_202,6,P3,8.663957,6.0,100
LOND,lond035,Control_202,6,P4,4.824088,6.0,100
LOND,lond035,Control_202,6,C3,13.39432,6.0,100
LOND,lond035,Control_202,6,C4,-2.173534,6.0,100
LOND,lond035,Control_202,6,P7,9.76965,6.0,100
LOND,lond035,Control_202,6,P8,7.043937,6.0,100
LOND,lond035,Control_202,6,O1,10.12948,6.0,100
LOND,lond035,Control_202,6,O2,10.56218,6.0,100
LOND,lond035,Control_202,7,Pz,23.0843,17.0,62
LOND,lond035,Control_202,7,Cz,34.22479,17.0,62
LOND,lond035,Control_202,7,CP1,27.31049,17.0,62
LOND,lond035,Control_202,7,CP2,36.44705,17.0,62
LOND,lond035,Control_202,7,P3,24.34529,17.0,62
LOND,lond035,Control_202,7,P4,26.21123,17.0,62
LOND,lond035,Control_202,7,C3,31.24703,17.0,62
LOND,lond035,Control_202,7,C4,45.71711,17.0,62
LOND,lond035,Control_202,7,P7,19.38805,17.0,62
LOND,lond035,Control_202,7,P8,23.35159,17.0,62
LOND,lond035,Control_202,7,O1,20.383,17.0,62
LOND,lond035,Control_202,7,O2,22.65613,17.0,62
LOND,lond035,Violation_201,8,Pz,-2.130307,3.0,100
LOND,lond035,Violation_201,8,Cz,-10.86151,3.0,100
LOND,lond035,Violation_201,8,CP1,-2.356266,3.0,100
LOND,lond035,Violation_201,8,CP2,-6.650403,3.0,100
LOND,lond035,Violation_201,8,P3,-5.495722,3.0,100
LOND,lond035,Violation_201,8,P4,-6.269955,3.0,100
LOND,lond035,Violation_201,8,C3,-3.76355,3.0,100
LOND,lond035,Violation_201,8,C4,-6.929665,3.0,100
LOND,lond035,Violation_201,8,P7,-0.5560442,3.0,100
LOND,lond035,Violation_201,8,P8,-3.040677,3.0,100
LOND,lond035,Violation_201,8,O1,-1.073604,3.0,100
LOND,lond035,Violation_201,8,O2,-3.010169,3.0,100
LOND,lond035,Violation_201,9,Pz,-3.118848,20.0,90
LOND,lond035,Violation_201,9,Cz,-12.46241,20.0,90
LOND,lond035,Violation_201,9,CP1,-6.071576,20.0,90
LOND,lond035,Violation_201,9,CP2,-3.637793,20.0,90
LOND,lond035,Violation_201,9,P3,-3.573572,20.0,90
LOND,lond035,Violation_201,9,P4,-2.522559,20.0,90
LOND,lond035,Violation_201,9,C3,-5.545703,20.0,90
LOND,lond035,Violation_201,9,C4,-0.758361,20.0,90
LOND,lond035,Violation_201,9,P7,-6.07806,20.0,90
LOND,lond035,Violation_201,9,P8,-7.410306,20.0,90
LOND,lond035,Violation_201,9,O1,-1.953742,20.0,90
LOND,lond035,Violation_201,9,O2,-2.687204,20.0,90
LOND,lond035,Control_202,10,Pz,2.5609,14.0,90
LOND,lond035,Control_202,10,Cz,3.288843,14.0,90
LOND,lond035,Control_202,10,CP1,1.468923,14.0,90
LOND,lond035,Control_202,10,CP2,-0.7717271,14.0,90
LOND,lond035,Control_202,10,P3,1.408521,14.0,90
LOND,lond035,Control_202,10,P4,2.913142,14.0,90
LOND,lond035,Control_202,10,C3,3.285735,14.0,90
LOND,lond035,Control_202,10,C4,3.015433,14.0,90
LOND,lond035,Control_202,10,P7,3.53072,14.0,90
LOND,lond035,Control_202,10,P8,-3.924815,14.0,90
LOND,lond035,Control_202,10,O1,3.06449,14.0,90
LOND,lond035,Control_202,10,O2,2.306479,14.0,90
LOND,lond035,Control_202,11,Pz,5.588367,11.0,87
LOND,lond035,Control_202,11,Cz,17.90692,11.0,87
LOND,lond035,Control_202,11,CP1,5.109923,11.0,87
LOND,lond035,Control_202,11,CP2,0.1263026,11.0,87
LOND,lond035,Control_202,11,P3,4.553501,11.0,87
LOND,lond035,Control_202,11,P4,2.834247,11.0,87
LOND,lond035,Control_202,11,C3,6.099895,11.0,87
LOND,lond035,Control_202,11,C4,-3.982597,11.0,87
LOND,lond035,Control_202,11,P7,5.314734,11.0,87
LOND,lond035,Control_202,11,P8,5.662779,11.0,87
LOND,lond035,Control_202,11,O1,4.232613,11.0,87
LOND,lond035,Control_202,11,O2,5.693988,11.0,87
LOND,lond035,Control_202,12,Pz,-9.814267,9.0,93
LOND,lond035,Control_202,12,Cz,-14.57625,9.0,93
LOND,lond035,Control_202,12,CP1,-12.05282,9.0,93
LOND,lond035,Control_202,12,CP2,-3.155935,9.0,93
LOND,lond035,Control_202,12,P3,-8.463981,9.0,93
LOND,lond035,Control_202,12,P4,-6.592383,9.0,93
LOND,lond035,Control_202,12,C3,-13.28089,9.0,93
LOND,lond035,Control_202,12,C4,-16.76516,9.0,93
LOND,lond035,Control_202,12,P7,-6.524732,9.0,93
LOND,lond035,Control_202,12,P8,-2.002482,9.0,93
LOND,lond035,Control_202,12,O1,-8.669744,9.0,93
LOND,lond035,Control_202,12,O2,-10.64588,9.0,93
LOND,lond035,Control_202,13,Pz,-3.600982,12.0,100
LOND,lond035,Control_202,13,Cz,-8.22667,12.0,100
LOND,lond035,Control_202,13,CP1,-0.9596085,12.0,100
LOND,lond035,Control_202,13,CP2,2.116332,12.0,100
LOND,lond035,Control_202,13,P3,-0.5210654,12.0,100
LOND,lond035,Control_202,13,P4,-1.48934,12.0,100
LOND,lond035,Control_202,13,C3,-0.9888513,12.0,100
LOND,lond035,Control_202,13,C4,7.839687,12.0,100
LOND,lond035,Control_202,13,P7,-2.6717,12.0,100
LOND,lond035,Control_202,13,P8,-1.491244,12.0,100
LOND,lond035,Control_202,13,O1,-4.323594,12.0,100
LOND,lond035,Control_202,13,O2,-2.94696,12.0,100
LOND,lond035,Violation_201,14,Pz,-10.82975,1.0,97
LOND,lond035,Violation_201,14,Cz,-14.74247,1.0,97
LOND,lond035,Violation_201,14,CP1,-18.45248,1.0,97
LOND,lond035,Violation_201,14,CP2,-11.61069,1.0,97
LOND,lond035,Violation_201,14,P3,-13.10726,1.0,97
LOND,lond035,Violation_201,14,P4,-14.16306,1.0,97
LOND,lond035,Violation_201,14,C3,-16.24991,1.0,97
LOND,lond035,Violation_201,14,C4,-18.06437,1.0,97
LOND,lond035,Violation_201,14,P7,-9.068274,1.0,97
LOND,lond035,Violation_201,14,P8,-7.44362,1.0,97
LOND,lond035,Violation_201,14,O1,-9.60195,1.0,97
LOND,lond035,Violation_201,14,O2,-11.24691,1.0,97
LOND,lond035,Violation_201,15,Pz,-18.23092,13.0,97
LOND,lond035,Violation_201,15,Cz,-18.2359,13.0,97
LOND,lond035,Violation_201,15,CP1,-17.56279,13.0,97
LOND,lond035,Violation_201,15,CP2,-23.67213,13.0,97
LOND,lond035,Violation_201,15,P3,-15.90148,13.0,97
LOND,lond035,Violation_201,15,P4,-16.4568,13.0,97
LOND,lond035,Violation_201,15,C3,-12.78714,13.0,97
LOND,lond035,Violation_201,15,C4,-14.15497,13.0,97
LOND,lond035,Violation_201,15,P7,-12.07434,13.0,97
LOND,lond035,Violation_201,15,P8,-18.97569,13.0,97
LOND,lond035,Violation_201,15,O1,-15.30385,13.0,97
LOND,lond035,Violation_201,15,O2,-17.3246,13.0,97
LOND,lond035,Violation_201,16,Pz,2.993371,10.0,80
LOND,lond035,Violation_201,16,Cz,4.417945,10.0,80
LOND,lond035,Violation_201,16,CP1,4.926967,10.0,80
LOND,lond035,Violation_201,16,CP2,8.040525,10.0,80
LOND,lond035,Violation_201,16,P3,3.651631,10.0,80
LOND,lond035,Violation_201,16,P4,2.774654,10.0,80
LOND,lond035,Violation_201,16,C3,2.611528,10.0,80
LOND,lond035,Violation_201,16,C4,3.729878,10.0,80
LOND,lond035,Violation_201,16,P7,1.529516,10.0,80
LOND,lond035,Violation_201,16,P8,3.540177,10.0,80
LOND,lond035,Violation_201,16,O1,3.72215,10.0,80
LOND,lond035,Violation_201,16,O2,3.733199,10.0,80
LOND,lond035,Violation_201,17,Pz,1.595396,18.0,87
LOND,lond035,Violation_201,17,Cz,4.861502,18.0,87
LOND,lond035,Violation_201,17,CP1,4.752272,18.0,87
LOND,lond035,Violation_201,17,CP2,0.9452521,18.0,87
LOND,lond035,Violation_201,17,P3,3.055505,18.0,87
LOND,lond035,Violation_201,17,P4,0.8801049,18.0,87
LOND,lond035,Violation_201,17,C3,5.394166,18.0,87
LOND,lond035,Violation_201,17,C4,12.96973,18.0,87
LOND,lond035,Violation_201,17,P7,1.019719,18.0,87
LOND,lond035,Violation_201,17,P8,15.49613,18.0,87
LOND,lond035,Violation_201,17,O1,2.412144,18.0,87
LOND,lond035,Violation_201,17,O2,1.484515,18.0,87
LOND,lond035,Violation_201,18,Pz,-6.221551,5.0,93
LOND,lond035,Violation_201,18,Cz,-7.904333,5.0,93
LOND,lond035,Violation_201,18,CP1,-5.359552,5.0,93
LOND,lond035,Violation_201,18,CP2,-8.318428,5.0,93
LOND,lond035,Violation_201,18,P3,-6.159779,5.0,93
LOND,lond035,Violation_201,18,P4,-6.170349,5.0,93
LOND,lond035,Violation_201,18,C3,-7.139627,5.0,93
LOND,lond035,Violation_201,18,C4,-3.458321,5.0,93
LOND,lond035,Violation_201,18,P7,-7.810245,5.0,93
LOND,lond035,Violation_201,18,P8,-0.6062641,5.0,93
LOND,lond035,Violation_201,18,O1,-6.799787,5.0,93
LOND,lond035,Violation_201,18,O2,-5.764113,5.0,93
LOND,lond035,Control_202,19,Pz,-10.42747,19.0,100
LOND,lond035,Control_202,19,Cz,0.522093,19.0,100
LOND,lond035,Control_202,19,CP1,-6.807269,19.0,100
LOND,lond035,Control_202,19,CP2,-5.10685,19.0,100
LOND,lond035,Control_202,19,P3,-9.327385,19.0,100
LOND,lond035,Control_202,19,P4,-9.979136,19.0,100
LOND,lond035,Control_202,19,C3,-6.446786,19.0,100
LOND,lond035,Control_202,19,C4,-8.221684,19.0,100
LOND,lond035,Control_202,19,P7,-7.853362,19.0,100
LOND,lond035,Control_202,19,P8,-12.52141,19.0,100
LOND,lond035,Control_202,19,O1,-10.01992,19.0,100
LOND,lond035,Control_202,19,O2,-10.5701,19.0,100
LOND,lond035,Violation_201,20,Pz,1.576243,8.0,97
LOND,lond035,Violation_201,20,Cz,3.935221,8.0,97
LOND,lond035,Violation_201,20,CP1,2.731598,8.0,97
LOND,lond035,Violation_201,20,CP2,8.888851,8.0,97
LOND,lond035,Violation_201,20,P3,1.703855,8.0,97
LOND,lond035,Violation_201,20,P4,1.963507,8.0,97
LOND,lond035,Violation_201,20,C3,0.8739223,8.0,97
LOND,lond035,Violation_201,20,C4,16.14639,8.0,97
LOND,lond035,Violation_201,20,P7,2.056905,8.0,97
LOND,lond035,Violation_201,20,P8,-2.993183,8.0,97
LOND,lond035,Violation_201,20,O1,5.202789,8.0,97
LOND,lond035,Violation_201,20,O2,1.358897,8.0,97
LOND,lond035,Violation_201,21,Pz,-10.87662,24.0,93
LOND,lond035,Violation_201,21,Cz,4.067696,24.0,93
LOND,lond035,Violation_201,21,CP1,-5.566031,24.0,93
LOND,lond035,Violation_201,21,CP2,-13.76303,24.0,93
LOND,lond035,Violation_201,21,P3,-11.36407,24.0,93
LOND,lond035,Violation_201,21,P4,-16.57146,24.0,93
LOND,lond035,Violation_201,21,C3,-4.604911,24.0,93
LOND,lond035,Violation_201,21,C4,3.937582,24.0,93
LOND,lond035,Violation_201,21,P7,-12.98828,24.0,93
LOND,lond035,Violation_201,21,P8,-12.62133,24.0,93
LOND,lond035,Violation_201,21,O1,-12.84882,24.0,93
LOND,lond035,Violation_201,21,O2,-11.87237,24.0,93
LOND,lond035,Control_202,22,Pz,-6.430214,40.0,93
LOND,lond035,Control_202,22,Cz,-7.909688,40.0,93
LOND,lond035,Control_202,22,CP1,-4.471388,40.0,93
LOND,lond035,Control_202,22,CP2,-1.763286,40.0,93
LOND,lond035,Control_202,22,P3,-5.388617,40.0,93
LOND,lond035,Control_202,22,P4,-5.979939,40.0,93
LOND,lond035,Control_202,22,C3,-4.847161,40.0,93
LOND,lond035,Control_202,22,C4,9.137009,40.0,93
LOND,lond035,Control_202,22,P7,-6.621615,40.0,93
LOND,lond035,Control_202,22,P8,2.478503,40.0,93
LOND,lond035,Control_202,22,O1,-7.621527,40.0,93
LOND,lond035,Control_202,22,O2,-6.022214,40.0,93
LOND,lond035,Control_202,23,Pz,9.876126,28.0,27
LOND,lond035,Control_202,23,Cz,-1.046961,28.0,27
LOND,lond035,Control_202,23,CP1,7.729857,28.0,27
LOND,lond035,Control_202,23,CP2,14.01708,28.0,27
LOND,lond035,Control_202,23,P3,7.550296,28.0,27
LOND,lond035,Control_202,23,P4,5.296591,28.0,27
LOND,lond035,Control_202,23,C3,6.683328,28.0,27
LOND,lond035,Control_202,23,C4,6.542043,28.0,27
LOND,lond035,Control_202,23,P7,8.383849,28.0,27
LOND,lond035,Control_202,23,P8,12.54188,28.0,27
LOND,lond035,Control_202,23,O1,8.110098,28.0,27
LOND,lond035,Control_202,23,O2,9.158342,28.0,27
LOND,lond035,Violation_201,24,Pz,-3.551746,25.0,97
LOND,lond035,Violation_201,24,Cz,-3.57885,25.0,97
LOND,lond035,Violation_201,24,CP1,-5.743284,25.0,97
LOND,lond035,Violation_201,24,CP2,2.009704,25.0,97
LOND,lond035,Violation_201,24,P3,-2.629671,25.0,97
LOND,lond035,Violation_201,24,P4,-4.640744,25.0,97
LOND,lond035,Violation_201,24,C3,-4.128795,25.0,97
LOND,lond035,Violation_201,24,C4,-4.030139,25.0,97
LOND,lond035,Violation_201,24,P7,-2.549389,25.0,97
LOND,lond035,Violation_201,24,P8,-1.027835,25.0,97
LOND,lond035,Violation_201,24,O1,-0.4167092,25.0,97
LOND,lond035,Violation_201,24,O2,-2.945832,25.0,97
LOND,lond035,Violation_201,25,Pz,-16.56976,31.0,77
LOND,lond035,Violation_201,25,Cz,-12.07647,31.0,77
LOND,lond035,Violation_201,25,CP1,-11.46,31.0,77
LOND,lond035,Violation_201,25,CP2,-0.5720705,31.0,77
LOND,lond035,Violation_201,25,P3,-13.16405,31.0,77
LOND,lond035,Violation_201,25,P4,-12.90022,31.0,77
LOND,lond035,Violation_201,25,C3,-10.1099,31.0,77
LOND,lond035,Violation_201,25,C4,13.46356,31.0,77
LOND,lond035,Violation_201,25,P7,-18.28985,31.0,77
LOND,lond035,Violation_201,25,P8,-9.948238,31.0,77
LOND,lond035,Violation_201,25,O1,-14.70344,31.0,77
LOND,lond035,Violation_201,25,O2,-17.12765,31.0,77
LOND,lond035,Control_202,26,Pz,-4.411325,23.0,93
LOND,lond035,Control_202,26,Cz,-6.530209,23.0,93
LOND,lond035,Control_202,26,CP1,-0.767415,23.0,93
LOND,lond035,Control_202,26,CP2,-2.271043,23.0,93
LOND,lond035,Control_202,26,P3,-0.09850126,23.0,93
LOND,lond035,Control_202,26,P4,0.2462227,23.0,93
LOND,lond035,Control_202,26,C3,-0.1624887,23.0,93
LOND,lond035,Control_202,26,C4,7.607223,23.0,93
LOND,lond035,Control_202,26,P7,-4.039586,23.0,93
LOND,lond035,Control_202,26,P8,-5.133183,23.0,93
LOND,lond035,Control_202,26,O1,-2.889563,23.0,93
LOND,lond035,Control_202,26,O2,-4.754187,23.0,93
LOND,lond035,Control_202,27,Pz,-15.74156,37.0,80
LOND,lond035,Control_202,27,Cz,-19.08609,37.0,80
LOND,lond035,Control_202,27,CP1,-13.11386,37.0,80
LOND,lond035,Control_202,27,CP2,-22.50439,37.0,80
LOND,lond035,Control_202,27,P3,-13.94366,37.0,80
LOND,lond035,Control_202,27,P4,-17.18904,37.0,80
LOND,lond035,Control_202,27,C3,-13.27277,37.0,80
LOND,lond035,Control_202,27,C4,-19.65577,37.0,80
LOND,lond035,Control_202,27,P7,-16.63366,37.0,80
LOND,lond035,Control_202,27,P8,-8.950812,37.0,80
LOND,lond035,Control_202,27,O1,-13.98787,37.0,80
LOND,lond035,Control_202,27,O2,-15.91297,37.0,80
LOND,lond035,Violation_201,28,Pz,4.391322,33.0,53
LOND,lond035,Violation_201,28,Cz,15.74069,33.0,53
LOND,lond035,Violation_201,28,CP1,9.159446,33.0,53
LOND,lond035,Violation_201,28,CP2,-4.615389,33.0,53
LOND,lond035,Violation_201,28,P3,7.538694,33.0,53
LOND,lond035,Violation_201,28,P4,4.346523,33.0,53
LOND,lond035,Violation_201,28,C3,5.897732,33.0,53
LOND,lond035,Violation_201,28,C4,9.065217,33.0,53
LOND,lond035,Violation_201,28,P7,1.813751,33.0,53
LOND,lond035,Violation_201,28,P8,-1.9299,33.0,53
LOND,lond035,Violation_201,28,O1,7.232105,33.0,53
LOND,lond035,Violation_201,28,O2,3.312331,33.0,53
LOND,lond035,Control_202,29,Pz,-1.063411,34.0,97
LOND,lond035,Control_202,29,Cz,-5.122892,34.0,97
LOND,lond035,Control_202,29,CP1,-4.840036,34.0,97
LOND,lond035,Control_202,29,CP2,-2.650064,34.0,97
LOND,lond035,Control_202,29,P3,-1.100056,34.0,97
LOND,lond035,Control_202,29,P4,-1.26796,34.0,97
LOND,lond035,Control_202,29,C3,-5.554473,34.0,97
LOND,lond035,Control_202,29,C4,4.494203,34.0,97
LOND,lond035,Control_202,29,P7,3.185219,34.0,97
LOND,lond035,Control_202,29,P8,7.753039,34.0,97
LOND,lond035,Control_202,29,O1,-0.3523337,34.0,97
LOND,lond035,Control_202,29,O2,-0.8663333,34.0,97
LOND,lond035,Violation_201,30,Pz,14.87809,39.0,97
LOND,lond035,Violation_201,30,Cz,5.512389,39.0,97
LOND,lond035,Violation_201,30,CP1,10.7767,39.0,97
LOND,lond035,Violation_201,30,CP2,-1.990081,39.0,97
LOND,lond035,Violation_201,30,P3,11.94554,39.0,97
LOND,lond035,Violation_201,30,P4,13.70194,39.0,97
LOND,lond035,Violation_201,30,C3,9.01668,39.0,97
LOND,lond035,Violation_201,30,C4,13.21552,39.0,97
LOND,lond035,Violation_201,30,P7,10.71897,39.0,97
LOND,lond035,Violation_201,30,P8,5.211458,39.0,97
LOND,lond035,Violation_201,30,O1,13.32482,39.0,97
LOND,lond035,Violation_201,30,O2,14.49173,39.0,97
LOND,lond035,Control_202,31,Pz,-11.1962,30.0,90
LOND,lond035,Control_202,31,Cz,-20.95957,30.0,90
LOND,lond035,Control_202,31,CP1,-15.78591,30.0,90
LOND,lond035,Control_202,31,CP2,-20.64038,30.0,90
LOND,lond035,Control_202,31,P3,-13.07734,30.0,90
LOND,lond035,Control_202,31,P4,-9.37994,30.0,90
LOND,lond035,Control_202,31,C3,-14.32277,30.0,90
LOND,lond035,Control_202,31,C4,-8.617343,30.0,90
LOND,lond035,Control_202,31,P7,-10.27654,30.0,90
LOND,lond035,Control_202,31,P8,-1.462685,30.0,90
LOND,lond035,Control_202,31,O1,-9.993267,30.0,90
LOND,lond035,Control_202,31,O2,-10.74567,30.0,90
LOND,lond035,Violation_201,32,Pz,10.38689,22.0,53
LOND,lond035,Violation_201,32,Cz,6.297146,22.0,53
LOND,lond035,Violation_201,32,CP1,8.186516,22.0,53
LOND,lond035,Violation_201,32,CP2,7.352265,22.0,53
LOND,lond035,Violation_201,32,P3,10.84421,22.0,53
LOND,lond035,Violation_201,32,P4,7.309263,22.0,53
LOND,lond035,Violation_201,32,C3,7.425132,22.0,53
LOND,lond035,Violation_201,32,C4,35.21581,22.0,53
LOND,lond035,Violation_201,32,P7,9.432263,22.0,53
LOND,lond035,Violation_201,32,P8,5.397581,22.0,53
LOND,lond035,Violation_201,32,O1,10.24574,22.0,53
LOND,lond035,Violation_201,32,O2,10.2832,22.0,53
LOND,lond035,Violation_201,33,Pz,-14.49799,26.0,87
LOND,lond035,Violation_201,33,Cz,-28.48409,26.0,87
LOND,lond035,Violation_201,33,CP1,-17.18577,26.0,87
LOND,lond035,Violation_201,33,CP2,-21.8722,26.0,87
LOND,lond035,Violation_201,33,P3,-14.90398,26.0,87
LOND,lond035,Violation_201,33,P4,-20.42234,26.0,87
LOND,lond035,Violation_201,33,C3,-18.29196,26.0,87
LOND,lond035,Violation_201,33,C4,-12.11994,26.0,87
LOND,lond035,Violation_201,33,P7,-9.78998,26.0,87
LOND,lond035,Violation_201,33,P8,-25.25063,26.0,87
LOND,lond035,Violation_201,33,O1,-13.14006,26.0,87
LOND,lond035,Violation_201,33,O2,-14.22869,26.0,87
LOND,lond035,Violation_201,34,Pz,4.017017,36.0,77
LOND,lond035,Violation_201,34,Cz,-1.752717,36.0,77
LOND,lond035,Violation_201,34,CP1,0.8331792,36.0,77
LOND,lond035,Violation_201,34,CP2,5.608668,36.0,77
LOND,lond035,Violation_201,34,P3,1.645826,36.0,77
LOND,lond035,Violation_201,34,P4,2.158768,36.0,77
LOND,lond035,Violation_201,34,C3,-0.6767213,36.0,77
LOND,lond035,Violation_201,34,C4,-9.549394,36.0,77
LOND,lond035,Violation_201,34,P7,-1.547489,36.0,77
LOND,lond035,Violation_201,34,P8,4.44697,36.0,77
LOND,lond035,Violation_201,34,O1,4.641123,36.0,77
LOND,lond035,Violation_201,34,O2,3.529223,36.0,77
LOND,lond035,Violation_201,35,Pz,-9.743968,27.0,97
LOND,lond035,Violation_201,35,Cz,-16.93716,27.0,97
LOND,lond035,Violation_201,35,CP1,-12.61858,27.0,97
LOND,lond035,Violation_201,35,CP2,-11.39121,27.0,97
LOND,lond035,Violation_201,35,P3,-9.467546,27.0,97
LOND,lond035,Violation_201,35,P4,-9.15151,27.0,97
LOND,lond035,Violation_201,35,C3,-15.60986,27.0,97
LOND,lond035,Violation_201,35,C4,-16.94161,27.0,97
LOND,lond035,Violation_201,35,P7,-12.60889,27.0,97
LOND,lond035,Violation_201,35,P8,-8.817476,27.0,97
LOND,lond035,Violation_201,35,O1,-10.06086,27.0,97
LOND,lond035,Violation_201,35,O2,-10.19538,27.0,97
LOND,lond035,Control_202,36,Pz,1.697341,38.0,93
LOND,lond035,Control_202,36,Cz,8.277152,38.0,93
LOND,lond035,Control_202,36,CP1,7.973833,38.0,93
LOND,lond035,Control_202,36,CP2,13.25946,38.0,93
LOND,lond035,Control_202,36,P3,4.596234,38.0,93
LOND,lond035,Control_202,36,P4,3.085909,38.0,93
LOND,lond035,Control_202,36,C3,10.11805,38.0,93
LOND,lond035,Control_202,36,C4,27.65434,38.0,93
LOND,lond035,Control_202,36,P7,2.676019,38.0,93
LOND,lond035,Control_202,36,P8,-1.728616,38.0,93
LOND,lond035,Control_202,36,O1,1.116587,38.0,93
LOND,lond035,Control_202,36,O2,0.642247,38.0,93
LOND,lond035,Control_202,37,Pz,3.622375,35.0,97
LOND,lond035,Control_202,37,Cz,-2.381774,35.0,97
LOND,lond035,Control_202,37,CP1,5.842635,35.0,97
LOND,lond035,Control_202,37,CP2,-19.36044,35.0,97
LOND,lond035,Control_202,37,P3,2.888308,35.0,97
LOND,lond035,Control_202,37,P4,1.736156,35.0,97
LOND,lond035,Control_202,37,C3,4.191881,35.0,97
LOND,lond035,Control_202,37,C4,-3.478177,35.0,97
LOND,lond035,Control_202,37,P7,0.5792593,35.0,97
LOND,lond035,Control_202,37,P8,-5.891393,35.0,97
LOND,lond035,Control_202,37,O1,2.433332,35.0,97
LOND,lond035,Control_202,37,O2,2.88961,35.0,97
LOND,lond035,Violation_201,38,Pz,-1.701686,21.0,77
LOND,lond035,Violation_201,38,Cz,7.146493,21.0,77
LOND,lond035,Violation_201,38,CP1,1.385314,21.0,77
LOND,lond035,Violation_201,38,CP2,-3.518085,21.0,77
LOND,lond035,Violation_201,38,P3,-1.541925,21.0,77
LOND,lond035,Violation_201,38,P4,-2.979051,21.0,77
LOND,lond035,Violation_201,38,C3,-0.621726,21.0,77
LOND,lond035,Violation_201,38,C4,-0.797332,21.0,77
LOND,lond035,Violation_201,38,P7,-5.18134,21.0,77
LOND,lond035,Violation_201,38,P8,4.286077,21.0,77
LOND,lond035,Violation_201,38,O1,-1.018656,21.0,77
LOND,lond035,Violation_201,38,O2,-2.035402,21.0,77
LOND,lond035,Control_202,39,Pz,-2.594969,32.0,80
LOND,lond035,Control_202,39,Cz,-3.119511,32.0,80
LOND,lond035,Control_202,39,CP1,-2.298207,32.0,80
LOND,lond035,Control_202,39,CP2,-22.04033,32.0,80
LOND,lond035,Control_202,39,P3,-0.4998566,32.0,80
LOND,lond035,Control_202,39,P4,-8.185863,32.0,80
LOND,lond035,Control_202,39,C3,-3.871904,32.0,80
LOND,lond035,Control_202,39,C4,-10.07719,32.0,80
LOND,lond035,Control_202,39,P7,2.441748,32.0,80
LOND,lond035,Control_202,39,P8,-13.86066,32.0,80
LOND,lond035,Control_202,39,O1,1.351346,32.0,80
LOND,lond035,Control_202,39,O2,-3.370275,32.0,80
LOND,lond035,Control_202,40,Pz,-9.007187,29.0,90
LOND,lond035,Control_202,40,Cz,2.406543,29.0,90
LOND,lond035,Control_202,40,CP1,-3.782898,29.0,90
LOND,lond035,Control_202,40,CP2,5.436301,29.0,90
LOND,lond035,Control_202,40,P3,-4.381373,29.0,90
LOND,lond035,Control_202,40,P4,-5.485052,29.0,90
LOND,lond035,Control_202,40,C3,-2.79403,29.0,90
LOND,lond035,Control_202,40,C4,11.34897,29.0,90
LOND,lond035,Control_202,40,P7,-7.736383,29.0,90
LOND,lond035,Control_202,40,P8,-11.96555,29.0,90
LOND,lond035,Control_202,40,O1,-7.630653,29.0,90
LOND,lond035,Control_202,40,O2,-8.024943,29.0,90
LOND,lond036,Control_202,1,Pz,11.60425,19.0,100
LOND,lond036,Control_202,1,Cz,14.36593,19.0,100
LOND,lond036,Control_202,1,CP1,11.64288,19.0,100
LOND,lond036,Control_202,1,CP2,9.119918,19.0,100
LOND,lond036,Control_202,1,P3,6.613712,19.0,100
LOND,lond036,Control_202,1,P4,20.95102,19.0,100
LOND,lond036,Control_202,1,C3,3.55601,19.0,100
LOND,lond036,Control_202,1,C4,11.77368,19.0,100
LOND,lond036,Control_202,1,P7,-5.477212,19.0,100
LOND,lond036,Control_202,1,P8,11.11285,19.0,100
LOND,lond036,Control_202,1,O1,5.209446,19.0,100
LOND,lond036,Control_202,1,O2,6.104747,19.0,100
LOND,lond036,Violation_201,2,Pz,12.86259,20.0,90
LOND,lond036,Violation_201,2,Cz,9.448485,20.0,90
LOND,lond036,Violation_201,2,CP1,8.548024,20.0,90
LOND,lond036,Violation_201,2,CP2,10.70654,20.0,90
LOND,lond036,Violation_201,2,P3,35.50436,20.0,90
LOND,lond036,Violation_201,2,P4,16.18937,20.0,90
LOND,lond036,Violation_201,2,C3,21.82813,20.0,90
LOND,lond036,Violation_201,2,C4,8.625372,20.0,90
LOND,lond036,Violation_201,2,P7,18.62634,20.0,90
LOND,lond036,Violation_201,2,P8,12.58266,20.0,90
LOND,lond036,Violation_201,2,O1,15.34762,20.0,90
LOND,lond036,Violation_201,2,O2,12.10608,20.0,90
LOND,lond036,Control_202,3,Pz,-9.133924,15.0,90
LOND,lond036,Control_202,3,Cz,-6.662359,15.0,90
LOND,lond036,Control_202,3,CP1,-8.800013,15.0,90
LOND,lond036,Control_202,3,CP2,-6.787594,15.0,90
LOND,lond036,Control_202,3,P3,-14.369,15.0,90
LOND,lond036,Control_202,3,P4,-4.306962,15.0,90
LOND,lond036,Control_202,3,C3,5.283865,15.0,90
LOND,lond036,Control_202,3,C4,1.394376,15.0,90
LOND,lond036,Control_202,3,P7,-6.554016,15.0,90
LOND,lond036,Control_202,3,P8,3.97089,15.0,90
LOND,lond036,Control_202,3,O1,-23.40935,15.0,90
LOND,lond036,Control_202,3,O2,-5.074127,15.0,90
LOND,lond036,Control_202,4,Pz,1.238223,11.0,87
LOND,lond036,Control_202,4,Cz,6.849916,11.0,87
LOND,lond036,Control_202,4,CP1,6.298356,11.0,87
LOND,lond036,Control_202,4,CP2,8.338612,11.0,87
LOND,lond036,Control_202,4,P3,8.428754,11.0,87
LOND,lond036,Control_202,4,P4,-0.4414893,11.0,87
LOND,lond036,Control_202,4,C3,4.763705,11.0,87
LOND,lond036,Control_202,4,C4,6.160808,11.0,87
LOND,lond036,Control_202,4,P7,10.71103,11.0,87
LOND,lond036,Control_202,4,P8,-2.634753,11.0,87
LOND,lond036,Control_202,4,O1,0.005657494,11.0,87
LOND,lond036,Control_202,4,O2,-0.6006079,11.0,87
LOND,lond036,Violation_201,5,Pz,-16.44226,18.0,87
LOND,lond036,Violation_201,5,Cz,-10.04364,18.0,87
LOND,lond036,Violation_201,5,CP1,-15.15124,18.0,87
LOND,lond036,Violation_201,5,CP2,-18.537,18.0,87
LOND,lond036,Violation_201,5,P3,-15.8425,18.0,87
LOND,lond036,Violation_201,5,P4,-19.93736,18.0,87
LOND,lond036,Violation_201,5,C3,-17.75666,18.0,87
LOND,lond036,Violation_201,5,C4,-18.1639,18.0,87
LOND,lond036,Violation_201,5,P7,-16.20853,18.0,87
LOND,lond036,Violation_201,5,P8,-9.868131,18.0,87
LOND,lond036,Violation_201,5,O1,-10.62082,18.0,87
LOND,lond036,Violation_201,5,O2,4.644776,18.0,87
LOND,lond036,Violation_201,6,Pz,5.339817,10.0,80
LOND,lond036,Violation_201,6,Cz,0.9577758,10.0,80
LOND,lond036,Violation_201,6,CP1,12.02955,10.0,80
LOND,lond036,Violation_201,6,CP2,10.58436,10.0,80
LOND,lond036,Violation_201,6,P3,14.05997,10.0,80
LOND,lond036,Violation_201,6,P4,16.56317,10.0,80
LOND,lond036,Violation_201,6,C3,-1.188628,10.0,80
LOND,lond036,Violation_201,6,C4,22.49176,10.0,80
LOND,lond036,Violation_201,6,P7,11.47933,10.0,80
LOND,lond036,Violation_201,6,P8,10.67606,10.0,80
LOND,lond036,Violation_201,6,O1,14.62247,10.0,80
LOND,lond036,Violation_201,6,O2,12.12923,10.0,80
LOND,lond036,Violation_201,7,Pz,0.3953398,8.0,97
LOND,lond036,Violation_201,7,Cz,0.4045303,8.0,97
LOND,lond036,Violation_201,7,CP1,7.468062,8.0,97
LOND,lond036,Violation_201,7,CP2,7.006177,8.0,97
LOND,lond036,Violation_201,7,P3,-1.638977,8.0,97
LOND,lond036,Violation_201,7,P4,-1.188401,8.0,97
LOND,lond036,Violation_201,7,C3,-1.383914,8.0,97
LOND,lond036,Violation_201,7,C4,7.173656,8.0,97
LOND,lond036,Violation_201,7,P7,3.397533,8.0,97
LOND,lond036,Violation_201,7,P8,6.092864,8.0,97
LOND,lond036,Violation_201,7,O1,9.562814,8.0,97
LOND,lond036,Violation_201,7,O2,8.825629,8.0,97
LOND,lond036,Violation_201,8,Pz,1.433217,16.0,93
LOND,lond036,Violation_201,8,Cz,-8.433814,16.0,93
LOND,lond036,Violation_201,8,CP1,2.229616,16.0,93
LOND,lond036,Violation_201,8,CP2,-7.304657,16.0,93
LOND,lond036,Violation_201,8,P3,-1.06629,16.0,93
LOND,lond036,Violation_201,8,P4,-15.30277,16.0,93
LOND,lond036,Violation_201,8,C3,-3.21031,16.0,93
LOND,lond036,Violation_201,8,C4,3.148021,16.0,93
LOND,lond036,Violation_201,8,P7,0.130368,16.0,93
LOND,lond036,Violation_201,8,P8,2.773388,16.0,93
LOND,lond036,Violation_201,8,O1,0.04410872,16.0,93
LOND,lond036,Violation_201,8,O2,5.378651,16.0,93
LOND,lond036,Control_202,9,Pz,5.205253,2.0,100
LOND,lond036,Control_202,9,Cz,3.680642,2.0,100
LOND,lond036,Control_202,9,CP1,7.364748,2.0,100
LOND,lond036,Control_202,9,CP2,3.246947,2.0,100
LOND,lond036,Control_202,9,P3,-5.4795,2.0,100
LOND,lond036,Control_202,9,P4,4.080596,2.0,100
LOND,lond036,Control_202,9,C3,-1.020448,2.0,100
LOND,lond036,Control_202,9,C4,9.752371,2.0,100
LOND,lond036,Control_202,9,P7,3.272393,2.0,100
LOND,lond036,Control_202,9,P8,-9.346365,2.0,100
LOND,lond036,Control_202,9,O1,0.9828598,2.0,100
LOND,lond036,Control_202,9,O2,-3.327766,2.0,100
LOND,lond036,Control_202,10,Pz,-2.362449,6.0,100
LOND,lond036,Control_202,10,Cz,-0.9398594,6.0,100
LOND,lond036,Control_202,10,CP1,0.06003534,6.0,100
LOND,lond036,Control_202,10,CP2,2.365325,6.0,100
LOND,lond036,Control_202,10,P3,7.060852,6.0,100
LOND,lond036,Control_202,10,P4,-12.15312,6.0,100
LOND,lond036,Control_202,10,C3,-4.922405,6.0,100
LOND,lond036,Control_202,10,C4,-10.80582,6.0,100
LOND,lond036,Control_202,10,P7,-9.068324,6.0,100
LOND,lond036,Control_202,10,P8,-5.52035,6.0,100
LOND,lond036,Control_202,10,O1,-27.45755,6.0,100
LOND,lond036,Control_202,10,O2,-2.62515,6.0,100
LOND,lond036,Control_202,11,Pz,-11.28793,5.0,93
LOND,lond036,Control_202,11,Cz,2.000708,5.0,93
LOND,lond036,Control_202,11,CP1,-12.2852,5.0,93
LOND,lond036,Control_202,11,CP2,1.587538,5.0,93
LOND,lond036,Control_202,11,P3,-14.37699,5.0,93
LOND,lond036,Control_202,11,P4,-8.242259,5.0,93
LOND,lond036,Control_202,11,C3,-5.580384,5.0,93
LOND,lond036,Control_202,11,C4,-3.069438,5.0,93
LOND,lond036,Control_202,11,P7,-13.75833,5.0,93
LOND,lond036,Control_202,11,P8,-2.381691,5.0,93
LOND,lond036,Control_202,11,O1,-9.043412,5.0,93
LOND,lond036,Control_202,11,O2,-4.9232,5.0,93
LOND,lond036,Violation_201,12,Pz,-4.886643,1.0,97
LOND,lond036,Violation_201,12,Cz,-3.190693,1.0,97
LOND,lond036,Violation_201,12,CP1,-0.3473933,1.0,97
LOND,lond036,Violation_201,12,CP2,-2.228357,1.0,97
LOND,lond036,Violation_201,12,P3,-10.82138,1.0,97
LOND,lond036,Violation_201,12,P4,-10.27925,1.0,97
LOND,lond036,Violation_201,12,C3,-5.217589,1.0,97
LOND,lond036,Violation_201,12,C4,1.469341,1.0,97
LOND,lond036,Violation_201,12,P7,-1.069709,1.0,97
LOND,lond036,Violation_201,12,P8,0.290936,1.0,97
LOND,lond036,Violation_201,12,O1,-5.255923,1.0,97
LOND,lond036,Violation_201,12,O2,0.09619574,1.0,97
LOND,lond036,Violation_201,13,Pz,21.17469,4.0,93
LOND,lond036,Violation_201,13,Cz,14.76101,4.0,93
LOND,lond036,Violation_201,13,CP1,26.48902,4.0,93
LOND,lond036,Violation_201,13,CP2,17.14859,4.0,93
LOND,lond036,Violation_201,13,P3,12.49011,4.0,93
LOND,lond036,Violation_201,13,P4,24.67009,4.0,93
LOND,lond036,Violation_201,13,C3,24.01399,4.0,93
LOND,lond036,Violation_201,13,C4,13.27363,4.0,93
LOND,lond036,Violation_201,13,P7,22.1056,4.0,93
LOND,lond036,Violation_201,13,P8,14.19741,4.0,93
LOND,lond036,Violation_201,13,O1,22.20239,4.0,93
LOND,lond036,Violation_201,13,O2,19.11324,4.0,93
LOND,lond036,Violation_201,14,Pz,6.400991,9.0,93
LOND,lond036,Violation_201,14,Cz,5.993132,9.0,93
LOND,lond036,Violation_201,14,CP1,1.570904,9.0,93
LOND,lond036,Violation_201,14,CP2,8.751535,9.0,93
LOND,lond036,Violation_201,14,P3,15.0972,9.0,93
LOND,lond036,Violation_201,14,P4,3.541511,9.0,93
LOND,lond036,Violation_201,14,C3,2.434673,9.0,93
LOND,lond036,Violation_201,14,C4,5.801276,9.0,93
LOND,lond036,Violation_201,14,P7,6.194709,9.0,93
LOND,lond036,Violation_201,14,P8,8.92659,9.0,93
LOND,lond036,Violation_201,14,O1,1.557667,9.0,93
LOND,lond036,Violation_201,14,O2,8.630013,9.0,93
LOND,lond036,Control_202,15,Pz,9.182712,14.0,90
LOND,lond036,Control_202,15,Cz,15.03369,14.0,90
LOND,lond036,Control_202,15,CP1,14.46937,14.0,90
LOND,lond036,Control_202,15,CP2,17.66432,14.0,90
LOND,lond036,Control_202,15,P3,20.59905,14.0,90
LOND,lond036,Control_202,15,P4,10.22666,14.0,90
LOND,lond036,Control_202,15,C3,24.83092,14.0,90
LOND,lond036,Control_202,15,C4,7.454929,14.0,90
LOND,lond036,Control_202,15,P7,5.4523,14.0,90
LOND,lond036,Control_202,15,P8,6.476487,14.0,90
LOND,lond036,Control_202,15,O1,19.22239,14.0,90
LOND,lond036,Control_202,15,O2,11.71519,14.0,90
LOND,lond036,Violation_201,16,Pz,1.567837,12.0,100
LOND,lond036,Violation_201,16,Cz,1.33431,12.0,100
LOND,lond036,Violation_201,16,CP1,-4.825524,12.0,100
LOND,lond036,Violation_201,16,CP2,5.720301,12.0,100
LOND,lond036,Violation_201,16,P3,-4.954914,12.0,100
LOND,lond036,Violation_201,16,P4,-4.721645,12.0,100
LOND,lond036,Violation_201,16,C3,-7.195746,12.0,100
LOND,lond036,Violation_201,16,C4,3.745078,12.0,100
LOND,lond036,Violation_201,16,P7,-2.203347,12.0,100
LOND,lond036,Violation_201,16,P8,2.297028,12.0,100
LOND,lond036,Violation_201,16,O1,-7.750585,12.0,100
LOND,lond036,Violation_201,16,O2,6.162493,12.0,100
LOND,lond036,Control_202,17,Pz,-9.675833,3.0,100
LOND,lond036,Control_202,17,Cz,-21.99206,3.0,100
LOND,lond036,Control_202,17,CP1,-13.40502,3.0,100
LOND,lond036,Control_202,17,CP2,-16.95173,3.0,100
LOND,lond036,Control_202,17,P3,-17.35573,3.0,100
LOND,lond036,Control_202,17,P4,-9.535225,3.0,100
LOND,lond036,Control_202,17,C3,-22.18014,3.0,100
LOND,lond036,Control_202,17,C4,-13.13045,3.0,100
LOND,lond036,Control_202,17,P7,-13.12232,3.0,100
LOND,lond036,Control_202,17,P8,-10.75208,3.0,100
LOND,lond036,Control_202,17,O1,-10.38203,3.0,100
LOND,lond036,Control_202,17,O2,-5.515184,3.0,100
LOND,lond036,Control_202,18,Pz,6.950215,13.0,97
LOND,lond036,Control_202,18,Cz,-0.5188985,13.0,97
LOND,lond036,Control_202,18,CP1,6.033988,13.0,97
LOND,lond036,Control_202,18,CP2,-5.182904,13.0,97
LOND,lond036,Control_202,18,P3,0.6835407,13.0,97
LOND,lond036,Control_202,18,P4,1.72605,13.0,97
LOND,lond036,Control_202,18,C3,13.08154,13.0,97
LOND,lond036,Control_202,18,C4,10.69887,13.0,97
LOND,lond036,Control_202,18,P7,11.07908,13.0,97
LOND,lond036,Control_202,18,P8,-1.655983,13.0,97
LOND,lond036,Control_202,18,O1,13.23862,13.0,97
LOND,lond036,Control_202,18,O2,0.4827282,13.0,97
LOND,lond036,Violation_201,19,Pz,9.090798,7.0,80
LOND,lond036,Violation_201,19,Cz,9.970096,7.0,80
LOND,lond036,Violation_201,19,CP1,4.448315,7.0,80
LOND,lond036,Violation_201,19,CP2,1.925944,7.0,80
LOND,lond036,Violation_201,19,P3,11.58442,7.0,80
LOND,lond036,Violation_201,19,P4,10.93674,7.0,80
LOND,lond036,Violation_201,19,C3,-0.1736468,7.0,80
LOND,lond036,Violation_201,19,C4,8.465319,7.0,80
LOND,lond036,Violation_201,19,P7,4.551761,7.0,80
LOND,lond036,Violation_201,19,P8,8.726089,7.0,80
LOND,lond036,Violation_201,19,O1,13.61395,7.0,80
LOND,lond036,Violation_201,19,O2,13.84517,7.0,80
LOND,lond036,Control_202,20,Pz,-5.658548,17.0,62
LOND,lond036,Control_202,20,Cz,-4.665111,17.0,62
LOND,lond036,Control_202,20,CP1,4.3075,17.0,62
LOND,lond036,Control_202,20,CP2,-4.980248,17.0,62
LOND,lond036,Control_202,20,P3,-5.896789,17.0,62
LOND,lond036,Control_202,20,P4,0.08108871,17.0,62
LOND,lond036,Control_202,20,C3,17.76536,17.0,62
LOND,lond036,Control_202,20,C4,2.243946,17.0,62
LOND,lond036,Control_202,20,P7,-7.694123,17.0,62
LOND,lond036,Control_202,20,P8,3.550188,17.0,62
LOND,lond036,Control_202,20,O1,0.8319427,17.0,62
LOND,lond036,Control_202,20,O2,4.650635,17.0,62
LOND,lond036,Violation_201,21,Pz,-10.00446,23.0,93
LOND,lond036,Violation_201,21,Cz,-0.5528172,23.0,93
LOND,lond036,Violation_201,21,CP1,-1.217494,23.0,93
LOND,lond036,Violation_201,21,CP2,-2.840423,23.0,93
LOND,lond036,Violation_201,21,P3,-7.511483,23.0,93
LOND,lond036,Violation_201,21,P4,0.2531741,23.0,93
LOND,lond036,Violation_201,21,C3,-5.625132,23.0,93
LOND,lond036,Violation_201,21,C4,2.435115,23.0,93
LOND,lond036,Violation_201,21,P7,-4.831613,23.0,93
LOND,lond036,Violation_201,21,P8,-3.117155,23.0,93
LOND,lond036,Violation_201,21,O1,-7.074014,23.0,93
LOND,lond036,Violation_201,21,O2,0.1050307,23.0,93
LOND,lond036,Violation_201,22,Pz,7.043542,36.0,77
LOND,lond036,Violation_201,22,Cz,-1.695023,36.0,77
LOND,lond036,Violation_201,22,CP1,-10.58113,36.0,77
LOND,lond036,Violation_201,22,CP2,6.922072,36.0,77
LOND,lond036,Violation_201,22,P3,-5.891343,36.0,77
LOND,lond036,Violation_201,22,P4,6.710714,36.0,77
LOND,lond036,Violation_201,22,C3,-16.7761,36.0,77
LOND,lond036,Violation_201,22,C4,13.0402,36.0,77
LOND,lond036,Violation_201,22,P7,-11.99283,36.0,77
LOND,lond036,Violation_201,22,P8,7.195565,36.0,77
LOND,lond036,Violation_201,22,O1,-0.4174258,36.0,77
LOND,lond036,Violation_201,22,O2,8.395364,36.0,77
LOND,lond036,Control_202,23,Pz,-7.415741,40.0,93
LOND,lond036,Control_202,23,Cz,-4.882481,40.0,93
LOND,lond036,Control_202,23,CP1,-7.402534,40.0,93
LOND,lond036,Control_202,23,CP2,-0.226735,40.0,93
LOND,lond036,Control_202,23,P3,-7.781942,40.0,93
LOND,lond036,Control_202,23,P4,-7.712338,40.0,93
LOND,lond036,Control_202,23,C3,-9.481885,40.0,93
LOND,lond036,Control_202,23,C4,-5.963835,40.0,93
LOND,lond036,Control_202,23,P7,-3.662441,40.0,93
LOND,lond036,Control_202,23,P8,-6.645185,40.0,93
LOND,lond036,Control_202,23,O1,-1.492698,40.0,93
LOND,lond036,Control_202,23,O2,0.3773843,40.0,93
LOND,lond036,Control_202,24,Pz,-1.7313,28.0,27
LOND,lond036,Control_202,24,Cz,-1.97727,28.0,27
LOND,lond036,Control_202,24,CP1,1.519009,28.0,27
LOND,lond036,Control_202,24,CP2,-5.813402,28.0,27
LOND,lond036,Control_202,24,P3,4.888469,28.0,27
LOND,lond036,Control_202,24,P4,7.648182,28.0,27
LOND,lond036,Control_202,24,C3,13.87751,28.0,27
LOND,lond036,Control_202,24,C4,4.91925,28.0,27
LOND,lond036,Control_202,24,P7,8.624933,28.0,27
LOND,lond036,Control_202,24,P8,2.603839,28.0,27
LOND,lond036,Control_202,24,O1,5.189837,28.0,27
LOND,lond036,Control_202,24,O2,5.378792,28.0,27
LOND,lond036,Control_202,25,Pz,-10.34988,37.0,80
LOND,lond036,Control_202,25,Cz,-9.497991,37.0,80
LOND,lond036,Control_202,25,CP1,-16.57344,37.0,80
LOND,lond036,Control_202,25,CP2,-9.4568,37.0,80
LOND,lond036,Control_202,25,P3,-4.422814,37.0,80
LOND,lond036,Control_202,25,P4,-6.042485,37.0,80
LOND,lond036,Control_202,25,C3,-12.12963,37.0,80
LOND,lond036,Control_202,25,C4,-13.21907,37.0,80
LOND,lond036,Control_202,25,P7,-12.60123,37.0,80
LOND,lond036,Control_202,25,P8,-1.919689,37.0,80
LOND,lond036,Control_202,25,O1,-0.4444201,37.0,80
LOND,lond036,Control_202,25,O2,-2.728043,37.0,80
LOND,lond036,Violation_201,26,Pz,-0.8987787,30.0,90
LOND,lond036,Violation_201,26,Cz,-6.63164,30.0,90
LOND,lond036,Violation_201,26,CP1,5.648563,30.0,90
LOND,lond036,Violation_201,26,CP2,-7.016855,30.0,90
LOND,lond036,Violation_201,26,P3,-5.058104,30.0,90
LOND,lond036,Violation_201,26,P4,-0.3621826,30.0,90
LOND,lond036,Violation_201,26,C3,-5.002295,30.0,90
LOND,lond036,Violation_201,26,C4,10.27032,30.0,90
LOND,lond036,Violation_201,26,P7,18.95473,30.0,90
LOND,lond036,Violation_201,26,P8,-1.814962,30.0,90
LOND,lond036,Violation_201,26,O1,12.81387,30.0,90
LOND,lond036,Violation_201,26,O2,2.70067,30.0,90
LOND,lond036,Violation_201,27,Pz,-8.951757,35.0,97
LOND,lond036,Violation_201,27,Cz,-7.981994,35.0,97
LOND,lond036,Violation_201,27,CP1,-25.3813,35.0,97
LOND,lond036,Violation_201,27,CP2,2.30871,35.0,97
LOND,lond036,Violation_201,27,P3,-10.96028,35.0,97
LOND,lond036,Violation_201,27,P4,-11.71292,35.0,97
LOND,lond036,Violation_201,27,C3,0.0606169,35.0,97
LOND,lond036,Violation_201,27,C4,3.751626,35.0,97
LOND,lond036,Violation_201,27,P7,-17.93807,35.0,97
LOND,lond036,Violation_201,27,P8,-6.783262,35.0,97
LOND,lond036,Violation_201,27,O1,-1.164041,35.0,97
LOND,lond036,Violation_201,27,O2,-4.452104,35.0,97
LOND,lond036,Control_202,28,Pz,7.586248,21.0,77
LOND,lond036,Control_202,28,Cz,5.072848,21.0,77
LOND,lond036,Control_202,28,CP1,11.20817,21.0,77
LOND,lond036,Control_202,28,CP2,1.200977,21.0,77
LOND,lond036,Control_202,28,P3,-0.04753864,21.0,77
LOND,lond036,Control_202,28,P4,3.406567,21.0,77
LOND,lond036,Control_202,28,C3,-17.09301,21.0,77
LOND,lond036,Control_202,28,C4,4.879157,21.0,77
LOND,lond036,Control_202,28,P7,1.86114,21.0,77
LOND,lond036,Control_202,28,P8,0.3238894,21.0,77
LOND,lond036,Control_202,28,O1,2.984242,21.0,77
LOND,lond036,Control_202,28,O2,4.245656,21.0,77
LOND,lond036,Control_202,29,Pz,-5.11589,24.0,93
LOND,lond036,Control_202,29,Cz,-3.658738,24.0,93
LOND,lond036,Control_202,29,CP1,8.925876,24.0,93
LOND,lond036,Control_202,29,CP2,8.948762,24.0,93
LOND,lond036,Control_202,29,P3,-12.01065,24.0,93
LOND,lond036,Control_202,29,P4,10.37772,24.0,93
LOND,lond036,Control_202,29,C3,3.566738,24.0,93
LOND,lond036,Control_202,29,C4,8.216758,24.0,93
LOND,lond036,Control_202,29,P7,-6.344718,24.0,93
LOND,lond036,Control_202,29,P8,-5.788086,24.0,93
LOND,lond036,Control_202,29,O1,6.519084,24.0,93
LOND,lond036,Control_202,29,O2,-5.770085,24.0,93
LOND,lond036,Violation_201,30,Pz,13.10019,33.0,53
LOND,lond036,Violation_201,30,Cz,8.860058,33.0,53
LOND,lond036,Violation_201,30,CP1,19.93287,33.0,53
LOND,lond036,Violation_201,30,CP2,6.057412,33.0,53
LOND,lond036,Violation_201,30,P3,18.30062,33.0,53
LOND,lond036,Violation_201,30,P4,8.496203,33.0,53
LOND,lond036,Violation_201,30,C3,9.898297,33.0,53
LOND,lond036,Violation_201,30,C4,17.36395,33.0,53
LOND,lond036,Violation_201,30,P7,27.88393,33.0,53
LOND,lond036,Violation_201,30,P8,7.782296,33.0,53
LOND,lond036,Violation_201,30,O1,10.1751,33.0,53
LOND,lond036,Violation_201,30,O2,9.027181,33.0,53
LOND,lond036,Control_202,31,Pz,-19.99021,39.0,97
LOND,lond036,Control_202,31,Cz,-14.71557,39.0,97
LOND,lond036,Control_202,31,CP1,-19.89262,39.0,97
LOND,lond036,Control_202,31,CP2,-23.63055,39.0,97
LOND,lond036,Control_202,31,P3,-10.44775,39.0,97
LOND,lond036,Control_202,31,P4,-15.9047,39.0,97
LOND,lond036,Control_202,31,C3,-22.11825,39.0,97
LOND,lond036,Control_202,31,C4,-14.93724,39.0,97
LOND,lond036,Control_202,31,P7,-10.2007,39.0,97
LOND,lond036,Control_202,31,P8,-12.18298,39.0,97
LOND,lond036,Control_202,31,O1,-25.56575,39.0,97
LOND,lond036,Control_202,31,O2,-14.38221,39.0,97
LOND,lond036,Control_202,32,Pz,7.564632,31.0,77
LOND,lond036,Control_202,32,Cz,1.543176,31.0,77
LOND,lond036,Control_202,32,CP1,5.036274,31.0,77
LOND,lond036,Control_202,32,CP2,0.8858166,31.0,77
LOND,lond036,Control_202,32,P3,12.45672,31.0,77
LOND,lond036,Control_202,32,P4,9.228135,31.0,77
LOND,lond036,Control_202,32,C3,-6.560347,31.0,77
LOND,lond036,Control_202,32,C4,1.67924,31.0,77
LOND,lond036,Control_202,32,P7,-5.863227,31.0,77
LOND,lond036,Control_202,32,P8,5.165557,31.0,77
LOND,lond036,Control_202,32,O1,8.999394,31.0,77
LOND,lond036,Control_202,32,O2,9.414875,31.0,77
LOND,lond036,Violation_201,33,Pz,5.601607,38.0,93
LOND,lond036,Violation_201,33,Cz,7.153718,38.0,93
LOND,lond036,Violation_201,33,CP1,2.72507,38.0,93
LOND,lond036,Violation_201,33,CP2,9.507453,38.0,93
LOND,lond036,Violation_201,33,P3,10.92371,38.0,93
LOND,lond036,Violation_201,33,P4,8.961226,38.0,93
LOND,lond036,Violation_201,33,C3,1.440859,38.0,93
LOND,lond036,Violation_201,33,C4,-15.77027,38.0,93
LOND,lond036,Violation_201,33,P7,3.258709,38.0,93
LOND,lond036,Violation_201,33,P8,11.17184,38.0,93
LOND,lond036,Violation_201,33,O1,14.2749,38.0,93
LOND,lond036,Violation_201,33,O2,14.92722,38.0,93
LOND,lond036,Violation_201,34,Pz,6.426207,32.0,80
LOND,lond036,Violation_201,34,Cz,3.274905,32.0,80
LOND,lond036,Violation_201,34,CP1,-6.031691,32.0,80
LOND,lond036,Violation_201,34,CP2,12.7955,32.0,80
LOND,lond036,Violation_201,34,P3,-0.3006881,32.0,80
LOND,lond036,Violation_201,34,P4,-1.758941,32.0,80
LOND,lond036,Violation_201,34,C3,-3.968617,32.0,80
LOND,lond036,Violation_201,34,C4,-0.2757909,32.0,80
LOND,lond036,Violation_201,34,P7,2.997025,32.0,80
LOND,lond036,Violation_201,34,P8,6.508988,32.0,80
LOND,lond036,Violation_201,34,O1,-3.172512,32.0,80
LOND,lond036,Violation_201,34,O2,5.080482,32.0,80
LOND,lond036,Violation_201,35,Pz,-4.949719,25.0,97
LOND,lond036,Violation_201,35,Cz,4.835222,25.0,97
LOND,lond036,Violation_201,35,CP1,3.178745,25.0,97
LOND,lond036,Violation_201,35,CP2,-1.846764,25.0,97
LOND,lond036,Violation_201,35,P3,-3.102261,25.0,97
LOND,lond036,Violation_201,35,P4,-9.800488,25.0,97
LOND,lond036,Violation_201,35,C3,-10.34694,25.0,97
LOND,lond036,Violation_201,35,C4,12.8459,25.0,97
LOND,lond036,Violation_201,35,P7,6.500496,25.0,97
LOND,lond036,Violation_201,35,P8,-3.274014,25.0,97
LOND,lond036,Violation_201,35,O1,3.694833,25.0,97
LOND,lond036,Violation_201,35,O2,-3.020322,25.0,97
LOND,lond036,Violation_201,36,Pz,-6.975028,26.0,87
LOND,lond036,Violation_201,36,Cz,-6.000506,26.0,87
LOND,lond036,Violation_201,36,CP1,0.2226025,26.0,87
LOND,lond036,Violation_201,36,CP2,-5.444669,26.0,87
LOND,lond036,Violation_201,36,P3,-2.443548,26.0,87
LOND,lond036,Violation_201,36,P4,-6.838977,26.0,87
LOND,lond036,Violation_201,36,C3,-39.14123,26.0,87
LOND,lond036,Violation_201,36,C4,-11.12938,26.0,87
LOND,lond036,Violation_201,36,P7,-16.52694,26.0,87
LOND,lond036,Violation_201,36,P8,-6.590701,26.0,87
LOND,lond036,Violation_201,36,O1,6.276834,26.0,87
LOND,lond036,Violation_201,36,O2,-5.122051,26.0,87
LOND,lond036,Violation_201,37,Pz,26.2425,27.0,97
LOND,lond036,Violation_201,37,Cz,33.0362,27.0,97
LOND,lond036,Violation_201,37,CP1,42.30107,27.0,97
LOND,lond036,Violation_201,37,CP2,27.1862,27.0,97
LOND,lond036,Violation_201,37,P3,27.85535,27.0,97
LOND,lond036,Violation_201,37,P4,23.19683,27.0,97
LOND,lond036,Violation_201,37,C3,19.20368,27.0,97
LOND,lond036,Violation_201,37,C4,5.707863,27.0,97
LOND,lond036,Violation_201,37,P7,18.39782,27.0,97
LOND,lond036,Violation_201,37,P8,12.92508,27.0,97
LOND,lond036,Violation_201,37,O1,20.42583,27.0,97
LOND,lond036,Violation_201,37,O2,18.52781,27.0,97
LOND,lond036,Control_202,38,Pz,1.512519,29.0,90
LOND,lond036,Control_202,38,Cz,-9.564066,29.0,90
LOND,lond036,Control_202,38,CP1,7.112289,29.0,90
LOND,lond036,Control_202,38,CP2,-5.858222,29.0,90
LOND,lond036,Control_202,38,P3,-5.724943,29.0,90
LOND,lond036,Control_202,38,P4,-6.384565,29.0,90
LOND,lond036,Control_202,38,C3,1.48159,29.0,90
LOND,lond036,Control_202,38,C4,-7.562921,29.0,90
LOND,lond036,Control_202,38,P7,5.699688,29.0,90
LOND,lond036,Control_202,38,P8,-14.50171,29.0,90
LOND,lond036,Control_202,38,O1,3.741447,29.0,90
LOND,lond036,Control_202,38,O2,-7.60587,29.0,90
LOND,lond036,Control_202,39,Pz,-9.763083,22.0,53
LOND,lond036,Control_202,39,Cz,-5.149271,22.0,53
LOND,lond036,Control_202,39,CP1,3.468472,22.0,53
LOND,lond036,Control_202,39,CP2,-6.425648,22.0,53
LOND,lond036,Control_202,39,P3,-8.418819,22.0,53
LOND,lond036,Control_202,39,P4,-12.04289,22.0,53
LOND,lond036,Control_202,39,C3,-24.84352,22.0,53
LOND,lond036,Control_202,39,C4,-3.961154,22.0,53
LOND,lond036,Control_202,39,P7,-15.69954,22.0,53
LOND,lond036,Control_202,39,P8,-12.86829,22.0,53
LOND,lond036,Control_202,39,O1,-15.70986,22.0,53
LOND,lond036,Control_202,39,O2,-10.29733,22.0,53
LOND,lond036,Control_202,40,Pz,4.104553,34.0,97
LOND,lond036,Control_202,40,Cz,4.550309,34.0,97
LOND,lond036,Control_202,40,CP1,3.010816,34.0,97
LOND,lond036,Control_202,40,CP2,-0.07407983,34.0,97
LOND,lond036,Control_202,40,P3,7.451344,34.0,97
LOND,lond036,Control_202,40,P4,-2.571768,34.0,97
LOND,lond036,Control_202,40,C3,27.27694,34.0,97
LOND,lond036,Control_202,40,C4,18.73808,34.0,97
LOND,lond036,Control_202,40,P7,4.025494,34.0,97
LOND,lond036,Control_202,40,P8,-2.21183,34.0,97
LOND,lond036,Control_202,40,O1,7.706585,34.0,97
LOND,lond036,Control_202,40,O2,1.500647,34.0,97
LOND,lond037,Control_202,1,Pz,17.15562,17.0,62
LOND,lond037,Control_202,1,Cz,14.60434,17.0,62
LOND,lond037,Control_202,1,CP1,15.9632,17.0,62
LOND,lond037,Control_202,1,CP2,19.00551,17.0,62
LOND,lond037,Control_202,1,P3,7.511722,17.0,62
LOND,lond037,Control_202,1,P4,20.24513,17.0,62
LOND,lond037,Control_202,1,C3,11.2491,17.0,62
LOND,lond037,Control_202,1,C4,17.3026,17.0,62
LOND,lond037,Control_202,1,P7,10.01982,17.0,62
LOND,lond037,Control_202,1,P8,20.75022,17.0,62
LOND,lond037,Control_202,1,O1,14.99536,17.0,62
LOND,lond037,Control_202,1,O2,13.95429,17.0,62
LOND,lond037,Violation_201,2,Pz,-5.919212,16.0,93
LOND,lond037,Violation_201,2,Cz,-3.187437,16.0,93
LOND,lond037,Violation_201,2,CP1,-8.80656,16.0,93
LOND,lond037,Violation_201,2,CP2,-6.651187,16.0,93
LOND,lond037,Violation_201,2,P3,-5.995716,16.0,93
LOND,lond037,Violation_201,2,P4,-8.785,16.0,93
LOND,lond037,Violation_201,2,C3,5.458979,16.0,93
LOND,lond037,Violation_201,2,C4,-0.04211038,16.0,93
LOND,lond037,Violation_201,2,P7,-4.969594,16.0,93
LOND,lond037,Violation_201,2,P8,-1.732282,16.0,93
LOND,lond037,Violation_201,2,O1,-3.992546,16.0,93
LOND,lond037,Violation_201,2,O2,-8.438865,16.0,93
LOND,lond037,Control_202,3,Pz,5.5884,8.0,97
LOND,lond037,Control_202,3,Cz,-7.42701,8.0,97
LOND,lond037,Control_202,3,CP1,9.748332,8.0,97
LOND,lond037,Control_202,3,CP2,-1.976034,8.0,97
LOND,lond037,Control_202,3,P3,12.23105,8.0,97
LOND,lond037,Control_202,3,P4,2.73547,8.0,97
LOND,lond037,Control_202,3,C3,-9.474349,8.0,97
LOND,lond037,Control_202,3,C4,-8.667052,8.0,97
LOND,lond037,Control_202,3,P7,0.4716847,8.0,97
LOND,lond037,Control_202,3,P8,-6.745414,8.0,97
LOND,lond037,Control_202,3,O1,5.390571,8.0,97
LOND,lond037,Control_202,3,O2,-5.107275,8.0,97
LOND,lond037,Violation_201,4,Pz,7.789992,11.0,87
LOND,lond037,Violation_201,4,Cz,1.891374,11.0,87
LOND,lond037,Violation_201,4,CP1,5.885046,11.0,87
LOND,lond037,Violation_201,4,CP2,8.843354,11.0,87
LOND,lond037,Violation_201,4,P3,-4.212771,11.0,87
LOND,lond037,Violation_201,4,P4,2.905802,11.0,87
LOND,lond037,Violation_201,4,C3,1.320843,11.0,87
LOND,lond037,Violation_201,4,C4,7.132203,11.0,87
LOND,lond037,Violation_201,4,P7,-4.531694,11.0,87
LOND,lond037,Violation_201,4,P8,2.781273,11.0,87
LOND,lond037,Violation_201,4,O1,-2.782405,11.0,87
LOND,lond037,Violation_201,4,O2,0.3790023,11.0,87
LOND,lond037,Control_202,5,Pz,-17.66128,12.0,100
LOND,lond037,Control_202,5,Cz,-11.24545,12.0,100
LOND,lond037,Control_202,5,CP1,-15.5727,12.0,100
LOND,lond037,Control_202,5,CP2,-22.53823,12.0,100
LOND,lond037,Control_202,5,P3,-18.20813,12.0,100
LOND,lond037,Control_202,5,P4,-14.24951,12.0,100
LOND,lond037,Control_202,5,C3,-16.83957,12.0,100
LOND,lond037,Control_202,5,C4,-20.86477,12.0,100
LOND,lond037,Control_202,5,P7,-9.426567,12.0,100
LOND,lond037,Control_202,5,P8,-10.41438,12.0,100
LOND,lond037,Control_202,5,O1,-20.24098,12.0,100
LOND,lond037,Control_202,5,O2,-16.17214,12.0,100
LOND,lond037,Control_202,6,Pz,-3.342354,18.0,87
LOND,lond037,Control_202,6,Cz,-17.25563,18.0,87
LOND,lond037,Control_202,6,CP1,-18.50669,18.0,87
LOND,lond037,Control_202,6,CP2,-11.09323,18.0,87
LOND,lond037,Control_202,6,P3,-8.093761,18.0,87
LOND,lond037,Control_202,6,P4,-7.129424,18.0,87
LOND,lond037,Control_202,6,C3,-13.06806,18.0,87
LOND,lond037,Control_202,6,C4,-12.08515,18.0,87
LOND,lond037,Control_202,6,P7,-17.48366,18.0,87
LOND,lond037,Control_202,6,P8,-18.07359,18.0,87
LOND,lond037,Control_202,6,O1,-7.952751,18.0,87
LOND,lond037,Control_202,6,O2,-10.69946,18.0,87
LOND,lond037,Violation_201,7,Pz,8.627507,15.0,90
LOND,lond037,Violation_201,7,Cz,7.545967,15.0,90
LOND,lond037,Violation_201,7,CP1,17.07393,15.0,90
LOND,lond037,Violation_201,7,CP2,7.840947,15.0,90
LOND,lond037,Violation_201,7,P3,11.38441,15.0,90
LOND,lond037,Violation_201,7,P4,4.800096,15.0,90
LOND,lond037,Violation_201,7,C3,21.65894,15.0,90
LOND,lond037,Violation_201,7,C4,8.910903,15.0,90
LOND,lond037,Violation_201,7,P7,19.1298,15.0,90
LOND,lond037,Violation_201,7,P8,14.61258,15.0,90
LOND,lond037,Violation_201,7,O1,13.2029,15.0,90
LOND,lond037,Violation_201,7,O2,4.349795,15.0,90
LOND,lond037,Violation_201,8,Pz,-11.37263,19.0,100
LOND,lond037,Violation_201,8,Cz,-4.258959,19.0,100
LOND,lond037,Violation_201,8,CP1,-4.395293,19.0,100
LOND,lond037,Violation_201,8,CP2,-5.929391,19.0,100
LOND,lond037,Violation_201,8,P3,-16.91137,19.0,100
LOND,lond037,Violation_201,8,P4,-6.917818,19.0,100
LOND,lond037,Violation_201,8,C3,-1.860428,19.0,100
LOND,lond037,Violation_201,8,C4,-10.37003,19.0,100
LOND,lond037,Violation_201,8,P7,-17.2664,19.0,100
LOND,lond037,Violation_201,8,P8,-14.67873,19.0,100
LOND,lond037,Violation_201,8,O1,-8.832386,19.0,100
LOND,lond037,Violation_201,8,O2,-7.295373,19.0,100
LOND,lond037,Control_202,9,Pz,-1.799117,5.0,93
LOND,lond037,Control_202,9,Cz,-0.04126405,5.0,93
LOND,lond037,Control_202,9,CP1,-4.072758,5.0,93
LOND,lond037,Control_202,9,CP2,3.838591,5.0,93
LOND,lond037,Control_202,9,P3,11.49729,5.0,93
LOND,lond037,Control_202,9,P4,-4.727449,5.0,93
LOND,lond037,Control_202,9,C3,3.351259,5.0,93
LOND,lond037,Control_202,9,C4,-4.044173,5.0,93
LOND,lond037,Control_202,9,P7,-2.867483,5.0,93
LOND,lond037,Control_202,9,P8,6.946634,5.0,93
LOND,lond037,Control_202,9,O1,0.6330474,5.0,93
LOND,lond037,Control_202,9,O2,3.845787,5.0,93
LOND,lond037,Violation_201,10,Pz,-13.0389,2.0,100
LOND,lond037,Violation_201,10,Cz,-16.96349,2.0,100
LOND,lond037,Violation_201,10,CP1,-12.87708,2.0,100
LOND,lond037,Violation_201,10,CP2,-13.10228,2.0,100
LOND,lond037,Violation_201,10,P3,-15.35825,2.0,100
LOND,lond037,Violation_201,10,P4,-14.46046,2.0,100
LOND,lond037,Violation_201,10,C3,-9.329217,2.0,100
LOND,lond037,Violation_201,10,C4,-6.122743,2.0,100
LOND,lond037,Violation_201,10,P7,-6.638412,2.0,100
LOND,lond037,Violation_201,10,P8,-7.980056,2.0,100
LOND,lond037,Violation_201,10,O1,0.2589893,2.0,100
LOND,lond037,Violation_201,10,O2,-1.940624,2.0,100
LOND,lond037,Control_202,11,Pz,-1.964998,13.0,97
LOND,lond037,Control_202,11,Cz,-11.00416,13.0,97
LOND,lond037,Control_202,11,CP1,3.545519,13.0,97
LOND,lond037,Control_202,11,CP2,1.145308,13.0,97
LOND,lond037,Control_202,11,P3,-9.113714,13.0,97
LOND,lond037,Control_202,11,P4,1.215658,13.0,97
LOND,lond037,Control_202,11,C3,-4.667361,13.0,97
LOND,lond037,Control_202,11,C4,6.11747,13.0,97
LOND,lond037,Control_202,11,P7,-6.705856,13.0,97
LOND,lond037,Control_202,11,P8,-1.96164,13.0,97
LOND,lond037,Control_202,11,O1,-4.590693,13.0,97
LOND,lond037,Control_202,11,O2,-5.611873,13.0,97
LOND,lond037,Violation_201,12,Pz,2.473251,1.0,97
LOND,lond037,Violation_201,12,Cz,-0.006890427,1.0,97
LOND,lond037,Violation_201,12,CP1,2.715336,1.0,97
LOND,lond037,Violation_201,12,CP2,7.788186,1.0,97
LOND,lond037,Violation_201,12,P3,5.718596,1.0,97
LOND,lond037,Violation_201,12,P4,13.66605,1.0,97
LOND,lond037,Violation_201,12,C3,3.053716,1.0,97
LOND,lond037,Violation_201,12,C4,-0.0582925,1.0,97
LOND,lond037,Violation_201,12,P7,0.9125785,1.0,97
LOND,lond037,Violation_201,12,P8,4.590364,1.0,97
LOND,lond037,Violation_201,12,O1,6.124121,1.0,97
LOND,lond037,Violation_201,12,O2,-0.26947,1.0,97
LOND,lond037,Violation_201,13,Pz,-10.43299,10.0,80
LOND,lond037,Violation_201,13,Cz,-18.73772,10.0,80
LOND,lond037,Violation_201,13,CP1,-18.31787,10.0,80
LOND,lond037,Violation_201,13,CP2,-6.862656,10.0,80
LOND,lond037,Violation_201,13,P3,-6.319498,10.0,80
LOND,lond037,Violation_201,13,P4,-15.49414,10.0,80
LOND,lond037,Violation_201,13,C3,-16.86822,10.0,80
LOND,lond037,Violation_201,13,C4,-14.10015,10.0,80
LOND,lond037,Violation_201,13,P7,-10.60663,10.0,80
LOND,lond037,Violation_201,13,P8,1.447247,10.0,80
LOND,lond037,Violation_201,13,O1,-8.72975,10.0,80
LOND,lond037,Violation_201,13,O2,-5.898798,10.0,80
LOND,lond037,Control_202,14,Pz,-25.59698,14.0,90
LOND,lond037,Control_202,14,Cz,-22.09598,14.0,90
LOND,lond037,Control_202,14,CP1,-10.69958,14.0,90
LOND,lond037,Control_202,14,CP2,-57.42078,14.0,90
LOND,lond037,Control_202,14,P3,-24.57862,14.0,90
LOND,lond037,Control_202,14,P4,-34.43324,14.0,90
LOND,lond037,Control_202,14,C3,-16.63865,14.0,90
LOND,lond037,Control_202,14,C4,-32.81572,14.0,90
LOND,lond037,Control_202,14,P7,-15.60342,14.0,90
LOND,lond037,Control_202,14,P8,-22.3477,14.0,90
LOND,lond037,Control_202,14,O1,-23.64598,14.0,90
LOND,lond037,Control_202,14,O2,-21.92106,14.0,90
LOND,lond037,Violation_201,15,Pz,13.19725,9.0,93
LOND,lond037,Violation_201,15,Cz,16.15278,9.0,93
LOND,lond037,Violation_201,15,CP1,25.79389,9.0,93
LOND,lond037,Violation_201,15,CP2,21.20632,9.0,93
LOND,lond037,Violation_201,15,P3,20.58294,9.0,93
LOND,lond037,Violation_201,15,P4,10.88921,9.0,93
LOND,lond037,Violation_201,15,C3,16.92015,9.0,93
LOND,lond037,Violation_201,15,C4,12.69773,9.0,93
LOND,lond037,Violation_201,15,P7,10.19188,9.0,93
LOND,lond037,Violation_201,15,P8,6.986149,9.0,93
LOND,lond037,Violation_201,15,O1,8.505535,9.0,93
LOND,lond037,Violation_201,15,O2,14.10281,9.0,93
LOND,lond037,Control_202,16,Pz,-2.458449,4.0,93
LOND,lond037,Control_202,16,Cz,0.4550611,4.0,93
LOND,lond037,Control_202,16,CP1,-2.03159,4.0,93
LOND,lond037,Control_202,16,CP2,2.941786,4.0,93
LOND,lond037,Control_202,16,P3,-13.64673,4.0,93
LOND,lond037,Control_202,16,P4,0.6607171,4.0,93
LOND,lond037,Control_202,16,C3,-8.518394,4.0,93
LOND,lond037,Control_202,16,C4,-0.6987093,4.0,93
LOND,lond037,Control_202,16,P7,-2.495495,4.0,93
LOND,lond037,Control_202,16,P8,-1.364202,4.0,93
LOND,lond037,Control_202,16,O1,2.62906,4.0,93
LOND,lond037,Control_202,16,O2,0.9629868,4.0,93
LOND,lond037,Violation_201,17,Pz,1.254314,7.0,80
LOND,lond037,Violation_201,17,Cz,-5.559319,7.0,80
LOND,lond037,Violation_201,17,CP1,-4.75719,7.0,80
LOND,lond037,Violation_201,17,CP2,-6.798162,7.0,80
LOND,lond037,Violation_201,17,P3,3.135625,7.0,80
LOND,lond037,Violation_201,17,P4,-20.03409,7.0,80
LOND,lond037,Violation_201,17,C3,-7.226387,7.0,80
LOND,lond037,Violation_201,17,C4,0.2334833,7.0,80
LOND,lond037,Violation_201,17,P7,-8.945423,7.0,80
LOND,lond037,Violation_201,17,P8,-14.60248,7.0,80
LOND,lond037,Violation_201,17,O1,-8.644154,7.0,80
LOND,lond037,Violation_201,17,O2,-9.483574,7.0,80
LOND,lond037,Violation_201,18,Pz,-20.65467,20.0,90
LOND,lond037,Violation_201,18,Cz,-12.02074,20.0,90
LOND,lond037,Violation_201,18,CP1,-26.18875,20.0,90
LOND,lond037,Violation_201,18,CP2,-16.31506,20.0,90
LOND,lond037,Violation_201,18,P3,-8.787987,20.0,90
LOND,lond037,Violation_201,18,P4,-19.97351,20.0,90
LOND,lond037,Violation_201,18,C3,-11.23024,20.0,90
LOND,lond037,Violation_201,18,C4,-20.44385,20.0,90
LOND,lond037,Violation_201,18,P7,-21.61313,20.0,90
LOND,lond037,Violation_201,18,P8,-19.60359,20.0,90
LOND,lond037,Violation_201,18,O1,-15.77574,20.0,90
LOND,lond037,Violation_201,18,O2,-17.46245,20.0,90
LOND,lond037,Control_202,19,Pz,1.987228,6.0,100
LOND,lond037,Control_202,19,Cz,-0.7952722,6.0,100
LOND,lond037,Control_202,19,CP1,-2.830652,6.0,100
LOND,lond037,Control_202,19,CP2,-2.877377,6.0,100
LOND,lond037,Control_202,19,P3,-0.5438927,6.0,100
LOND,lond037,Control_202,19,P4,-2.916492,6.0,100
LOND,lond037,Control_202,19,C3,16.85614,6.0,100
LOND,lond037,Control_202,19,C4,3.97539,6.0,100
LOND,lond037,Control_202,19,P7,-4.791588,6.0,100
LOND,lond037,Control_202,19,P8,6.557838,6.0,100
LOND,lond037,Control_202,19,O1,1.643963,6.0,100
LOND,lond037,Control_202,19,O2,4.000804,6.0,100
LOND,lond037,Violation_201,20,Pz,22.96117,3.0,100
LOND,lond037,Violation_201,20,Cz,28.65293,3.0,100
LOND,lond037,Violation_201,20,CP1,27.54783,3.0,100
LOND,lond037,Violation_201,20,CP2,21.43556,3.0,100
LOND,lond037,Violation_201,20,P3,13.88737,3.0,100
LOND,lond037,Violation_201,20,P4,16.36389,3.0,100
LOND,lond037,Violation_201,20,C3,23.57146,3.0,100
LOND,lond037,Violation_201,20,C4,22.80193,3.0,100
LOND,lond037,Violation_201,20,P7,19.50097,3.0,100
LOND,lond037,Violation_201,20,P8,22.04705,3.0,100
LOND,lond037,Violation_201,20,O1,16.00382,3.0,100
LOND,lond037,Violation_201,20,O2,22.7487,3.0,100
LOND,lond037,Control_202,21,Pz,-8.329251,21.0,77
LOND,lond037,Control_202,21,Cz,-7.220494,21.0,77
LOND,lond037,Control_202,21,CP1,-15.34042,21.0,77
LOND,lond037,Control_202,21,CP2,3.253279,21.0,77
LOND,lond037,Control_202,21,P3,6.636694,21.0,77
LOND,lond037,Control_202,21,P4,-4.490466,21.0,77
LOND,lond037,Control_202,21,C3,-5.752504,21.0,77
LOND,lond037,Control_202,21,C4,3.606484,21.0,77
LOND,lond037,Control_202,21,P7,-2.334496,21.0,77
LOND,lond037,Control_202,21,P8,-3.619314,21.0,77
LOND,lond037,Control_202,21,O1,5.741937,21.0,77
LOND,lond037,Control_202,21,O2,-4.52262,21.0,77
LOND,lond037,Violation_201,22,Pz,1.192097,34.0,97
LOND,lond037,Violation_201,22,Cz,6.204964,34.0,97
LOND,lond037,Violation_201,22,CP1,8.035617,34.0,97
LOND,lond037,Violation_201,22,CP2,10.44336,34.0,97
LOND,lond037,Violation_201,22,P3,3.760553,34.0,97
LOND,lond037,Violation_201,22,P4,-0.01834762,34.0,97
LOND,lond037,Violation_201,22,C3,13.39146,34.0,97
LOND,lond037,Violation_201,22,C4,3.528574,34.0,97
LOND,lond037,Violation_201,22,P7,-6.25316,34.0,97
LOND,lond037,Violation_201,22,P8,3.939336,34.0,97
LOND,lond037,Violation_201,22,O1,3.028047,34.0,97
LOND,lond037,Violation_201,22,O2,1.864101,34.0,97
LOND,lond037,Violation_201,23,Pz,16.06048,40.0,93
LOND,lond037,Violation_201,23,Cz,14.293,40.0,93
LOND,lond037,Violation_201,23,CP1,2.404665,40.0,93
LOND,lond037,Violation_201,23,CP2,12.47772,40.0,93
LOND,lond037,Violation_201,23,P3,22.66438,40.0,93
LOND,lond037,Violation_201,23,P4,11.12326,40.0,93
LOND,lond037,Violation_201,23,C3,12.46313,40.0,93
LOND,lond037,Violation_201,23,C4,9.644397,40.0,93
LOND,lond037,Violation_201,23,P7,19.29457,40.0,93
LOND,lond037,Violation_201,23,P8,7.067607,40.0,93
LOND,lond037,Violation_201,23,O1,14.60515,40.0,93
LOND,lond037,Violation_201,23,O2,15.01762,40.0,93
LOND,lond037,Violation_201,24,Pz,8.545218,26.0,87
LOND,lond037,Violation_201,24,Cz,12.32329,26.0,87
LOND,lond037,Violation_201,24,CP1,14.03445,26.0,87
LOND,lond037,Violation_201,24,CP2,11.36948,26.0,87
LOND,lond037,Violation_201,24,P3,9.32695,26.0,87
LOND,lond037,Violation_201,24,P4,5.534501,26.0,87
LOND,lond037,Violation_201,24,C3,19.20047,26.0,87
LOND,lond037,Violation_201,24,C4,3.619178,26.0,87
LOND,lond037,Violation_201,24,P7,9.263365,26.0,87
LOND,lond037,Violation_201,24,P8,6.748308,26.0,87
LOND,lond037,Violation_201,24,O1,10.88971,26.0,87
LOND,lond037,Violation_201,24,O2,11.33031,26.0,87
LOND,lond037,Control_202,25,Pz,10.3901,25.0,97
LOND,lond037,Control_202,25,Cz,8.983431,25.0,97
LOND,lond037,Control_202,25,CP1,14.1417,25.0,97
LOND,lond037,Control_202,25,CP2,12.79143,25.0,97
LOND,lond037,Control_202,25,P3,0.1109048,25.0,97
LOND,lond037,Control_202,25,P4,16.64588,25.0,97
LOND,lond037,Control_202,25,C3,12.59213,25.0,97
LOND,lond037,Control_202,25,C4,13.60963,25.0,97
LOND,lond037,Control_202,25,P7,5.313334,25.0,97
LOND,lond037,Control_202,25,P8,12.61428,25.0,97
LOND,lond037,Control_202,25,O1,2.93425,25.0,97
LOND,lond037,Control_202,25,O2,6.601741,25.0,97
LOND,lond037,Violation_201,26,Pz,13.27925,35.0,97
LOND,lond037,Violation_201,26,Cz,2.810114,35.0,97
LOND,lond037,Violation_201,26,CP1,12.24437,35.0,97
LOND,lond037,Violation_201,26,CP2,4.089438,35.0,97
LOND,lond037,Violation_201,26,P3,24.9135,35.0,97
LOND,lond037,Violation_201,26,P4,17.12089,35.0,97
LOND,lond037,Violation_201,26,C3,14.17319,35.0,97
LOND,lond037,Violation_201,26,C4,7.271006,35.0,97
LOND,lond037,Violation_201,26,P7,17.05717,35.0,97
LOND,lond037,Violation_201,26,P8,2.322057,35.0,97
LOND,lond037,Violation_201,26,O1,17.06984,35.0,97
LOND,lond037,Violation_201,26,O2,6.665425,35.0,97
LOND,lond037,Control_202,27,Pz,-21.37597,38.0,93
LOND,lond037,Control_202,27,Cz,-20.74382,38.0,93
LOND,lond037,Control_202,27,CP1,-27.36569,38.0,93
LOND,lond037,Control_202,27,CP2,-20.31308,38.0,93
LOND,lond037,Control_202,27,P3,-12.20783,38.0,93
LOND,lond037,Control_202,27,P4,-27.91571,38.0,93
LOND,lond037,Control_202,27,C3,-18.52913,38.0,93
LOND,lond037,Control_202,27,C4,-21.25307,38.0,93
LOND,lond037,Control_202,27,P7,-7.928667,38.0,93
LOND,lond037,Control_202,27,P8,-19.17756,38.0,93
LOND,lond037,Control_202,27,O1,-11.74376,38.0,93
LOND,lond037,Control_202,27,O2,-20.04097,38.0,93
LOND,lond037,Control_202,28,Pz,-2.660285,36.0,77
LOND,lond037,Control_202,28,Cz,2.939691,36.0,77
LOND,lond037,Control_202,28,CP1,-2.580412,36.0,77
LOND,lond037,Control_202,28,CP2,0.2965474,36.0,77
LOND,lond037,Control_202,28,P3,9.61548,36.0,77
LOND,lond037,Control_202,28,P4,-9.533773,36.0,77
LOND,lond037,Control_202,28,C3,4.734046,36.0,77
LOND,lond037,Control_202,28,C4,-0.2188874,36.0,77
LOND,lond037,Control_202,28,P7,2.209387,36.0,77
LOND,lond037,Control_202,28,P8,-1.879027,36.0,77
LOND,lond037,Control_202,28,O1,-2.17904,36.0,77
LOND,lond037,Control_202,28,O2,-8.437198,36.0,77
LOND,lond037,Control_202,29,Pz,5.943725,24.0,93
LOND,lond037,Control_202,29,Cz,4.063797,24.0,93
LOND,lond037,Control_202,29,CP1,5.661068,24.0,93
LOND,lond037,Control_202,29,CP2,10.86906,24.0,93
LOND,lond037,Control_202,29,P3,-2.690135,24.0,93
LOND,lond037,Control_202,29,P4,16.48897,24.0,93
LOND,lond037,Control_202,29,C3,-0.8911587,24.0,93
LOND,lond037,Control_202,29,C4,22.97369,24.0,93
LOND,lond037,Control_202,29,P7,-2.396521,24.0,93
LOND,lond037,Control_202,29,P8,7.946834,24.0,93
LOND,lond037,Control_202,29,O1,6.579155,24.0,93
LOND,lond037,Control_202,29,O2,9.971946,24.0,93
LOND,lond037,Violation_201,30,Pz,2.306248,23.0,93
LOND,lond037,Violation_201,30,Cz,6.157222,23.0,93
LOND,lond037,Violation_201,30,CP1,13.19061,23.0,93
LOND,lond037,Violation_201,30,CP2,2.603356,23.0,93
LOND,lond037,Violation_201,30,P3,-0.06316686,23.0,93
LOND,lond037,Violation_201,30,P4,10.2071,23.0,93
LOND,lond037,Violation_201,30,C3,3.297903,23.0,93
LOND,lond037,Violation_201,30,C4,12.37854,23.0,93
LOND,lond037,Violation_201,30,P7,3.854719,23.0,93
LOND,lond037,Violation_201,30,P8,5.301456,23.0,93
LOND,lond037,Violation_201,30,O1,-0.5751296,23.0,93
LOND,lond037,Violation_201,30,O2,0.6700627,23.0,93
LOND,lond037,Violation_201,31,Pz,-8.438931,37.0,80
LOND,lond037,Violation_201,31,Cz,-17.67755,37.0,80
LOND,lond037,Violation_201,31,CP1,-7.70593,37.0,80
LOND,lond037,Violation_201,31,CP2,-6.068437,37.0,80
LOND,lond037,Violation_201,31,P3,-24.11682,37.0,80
LOND,lond037,Violation_201,31,P4,1.544696,37.0,80
LOND,lond037,Violation_201,31,C3,-16.6585,37.0,80
LOND,lond037,Violation_201,31,C4,-16.0356,37.0,80
LOND,lond037,Violation_201,31,P7,-7.505574,37.0,80
LOND,lond037,Violation_201,31,P8,-6.958897,37.0,80
LOND,lond037,Violation_201,31,O1,-1.104378,37.0,80
LOND,lond037,Violation_201,31,O2,-3.677433,37.0,80
LOND,lond037,Control_202,32,Pz,6.020884,39.0,97
LOND,lond037,Control_202,32,Cz,4.589536,39.0,97
LOND,lond037,Control_202,32,CP1,6.067354,39.0,97
LOND,lond037,Control_202,32,CP2,11.24281,39.0,97
LOND,lond037,Control_202,32,P3,14.03617,39.0,97
LOND,lond037,Control_202,32,P4,13.21454,39.0,97
LOND,lond037,Control_202,32,C3,17.85987,39.0,97
LOND,lond037,Control_202,32,C4,8.490557,39.0,97
LOND,lond037,Control_202,32,P7,5.574481,39.0,97
LOND,lond037,Control_202,32,P8,8.655863,39.0,97
LOND,lond037,Control_202,32,O1,16.84977,39.0,97
LOND,lond037,Control_202,32,O2,9.469444,39.0,97
LOND,lond037,Control_202,33,Pz,-23.60771,28.0,27
LOND,lond037,Control_202,33,Cz,-27.59667,28.0,27
LOND,lond037,Control_202,33,CP1,-15.62731,28.0,27
LOND,lond037,Control_202,33,CP2,-26.92409,28.0,27
LOND,lond037,Control_202,33,P3,-35.45179,28.0,27
LOND,lond037,Control_202,33,P4,-25.93812,28.0,27
LOND,lond037,Control_202,33,C3,-29.60769,28.0,27
LOND,lond037,Control_202,33,C4,-28.77013,28.0,27
LOND,lond037,Control_202,33,P7,-19.66317,28.0,27
LOND,lond037,Control_202,33,P8,-23.15936,28.0,27
LOND,lond037,Control_202,33,O1,-21.75798,28.0,27
LOND,lond037,Control_202,33,O2,-16.1188,28.0,27
LOND,lond037,Violation_201,34,Pz,10.19033,29.0,90
LOND,lond037,Violation_201,34,Cz,4.342332,29.0,90
LOND,lond037,Violation_201,34,CP1,28.74871,29.0,90
LOND,lond037,Violation_201,34,CP2,10.75479,29.0,90
LOND,lond037,Violation_201,34,P3,19.67042,29.0,90
LOND,lond037,Violation_201,34,P4,11.66533,29.0,90
LOND,lond037,Violation_201,34,C3,3.774679,29.0,90
LOND,lond037,Violation_201,34,C4,-1.876172,29.0,90
LOND,lond037,Violation_201,34,P7,4.695599,29.0,90
LOND,lond037,Violation_201,34,P8,1.173502,29.0,90
LOND,lond037,Violation_201,34,O1,13.14729,29.0,90
LOND,lond037,Violation_201,34,O2,4.82679,29.0,90
LOND,lond037,Control_202,35,Pz,11.55863,30.0,90
LOND,lond037,Control_202,35,Cz,14.1754,30.0,90
LOND,lond037,Control_202,35,CP1,14.71798,30.0,90
LOND,lond037,Control_202,35,CP2,15.98302,30.0,90
LOND,lond037,Control_202,35,P3,6.756135,30.0,90
LOND,lond037,Control_202,35,P4,4.47749,30.0,90
LOND,lond037,Control_202,35,C3,14.64299,30.0,90
LOND,lond037,Control_202,35,C4,7.417029,30.0,90
LOND,lond037,Control_202,35,P7,4.720787,30.0,90
LOND,lond037,Control_202,35,P8,10.11145,30.0,90
LOND,lond037,Control_202,35,O1,6.859485,30.0,90
LOND,lond037,Control_202,35,O2,3.719647,30.0,90
LOND,lond037,Violation_201,36,Pz,2.045354,33.0,53
LOND,lond037,Violation_201,36,Cz,-1.353643,33.0,53
LOND,lond037,Violation_201,36,CP1,-11.75188,33.0,53
LOND,lond037,Violation_201,36,CP2,3.098766,33.0,53
LOND,lond037,Violation_201,36,P3,-10.90764,33.0,53
LOND,lond037,Violation_201,36,P4,13.83954,33.0,53
LOND,lond037,Violation_201,36,C3,7.348153,33.0,53
LOND,lond037,Violation_201,36,C4,1.570998,33.0,53
LOND,lond037,Violation_201,36,P7,3.356077,33.0,53
LOND,lond037,Violation_201,36,P8,4.491855,33.0,53
LOND,lond037,Violation_201,36,O1,5.738513,33.0,53
LOND,lond037,Violation_201,36,O2,3.169666,33.0,53
LOND,lond037,Control_202,37,Pz,7.075367,22.0,53
LOND,lond037,Control_202,37,Cz,5.658021,22.0,53
LOND,lond037,Control_202,37,CP1,12.83641,22.0,53
LOND,lond037,Control_202,37,CP2,7.125228,22.0,53
LOND,lond037,Control_202,37,P3,-16.76579,22.0,53
LOND,lond037,Control_202,37,P4,8.871192,22.0,53
LOND,lond037,Control_202,37,C3,4.731509,22.0,53
LOND,lond037,Control_202,37,C4,7.554518,22.0,53
LOND,lond037,Control_202,37,P7,-0.5367914,22.0,53
LOND,lond037,Control_202,37,P8,-2.737816,22.0,53
LOND,lond037,Control_202,37,O1,-2.558592,22.0,53
LOND,lond037,Control_202,37,O2,-3.749602,22.0,53
LOND,lond037,Control_202,38,Pz,-1.788666,27.0,97
LOND,lond037,Control_202,38,Cz,-17.319,27.0,97
LOND,lond037,Control_202,38,CP1,-22.11481,27.0,97
LOND,lond037,Control_202,38,CP2,-19.05568,27.0,97
LOND,lond037,Control_202,38,P3,-15.10209,27.0,97
LOND,lond037,Control_202,38,P4,-18.51985,27.0,97
LOND,lond037,Control_202,38,C3,-18.0898,27.0,97
LOND,lond037,Control_202,38,C4,-13.9075,27.0,97
LOND,lond037,Control_202,38,P7,-11.72439,27.0,97
LOND,lond037,Control_202,38,P8,-16.08293,27.0,97
LOND,lond037,Control_202,38,O1,-1.078391,27.0,97
LOND,lond037,Control_202,38,O2,-4.498363,27.0,97
LOND,lond037,Violation_201,39,Pz,-14.48813,31.0,77
LOND,lond037,Violation_201,39,Cz,-10.97406,31.0,77
LOND,lond037,Violation_201,39,CP1,-10.11601,31.0,77
LOND,lond037,Violation_201,39,CP2,-13.8418,31.0,77
LOND,lond037,Violation_201,39,P3,-15.99463,31.0,77
LOND,lond037,Violation_201,39,P4,-1.854337,31.0,77
LOND,lond037,Violation_201,39,C3,-17.73895,31.0,77
LOND,lond037,Violation_201,39,C4,-11.3872,31.0,77
LOND,lond037,Violation_201,39,P7,-2.703963,31.0,77
LOND,lond037,Violation_201,39,P8,-7.966056,31.0,77
LOND,lond037,Violation_201,39,O1,-4.632271,31.0,77
LOND,lond037,Violation_201,39,O2,-20.4088,31.0,77
LOND,lond037,Violation_201,40,Pz,-15.85159,32.0,80
LOND,lond037,Violation_201,40,Cz,-18.08166,32.0,80
LOND,lond037,Violation_201,40,CP1,-20.39402,32.0,80
LOND,lond037,Violation_201,40,CP2,-16.19427,32.0,80
LOND,lond037,Violation_201,40,P3,2.224405,32.0,80
LOND,lond037,Violation_201,40,P4,-26.92144,32.0,80
LOND,lond037,Violation_201,40,C3,-16.33047,32.0,80
LOND,lond037,Violation_201,40,C4,-24.21998,32.0,80
LOND,lond037,Violation_201,40,P7,-9.82756,32.0,80
LOND,lond037,Violation_201,40,P8,-9.942357,32.0,80
LOND,lond037,Violation_201,40,O1,-2.539025,32.0,80
LOND,lond037,Violation_201,40,O2,-8.037698,32.0,80
LOND,lond038,Control_202,1,Pz,-14.64141,5.0,93
LOND,lond038,Control_202,1,Cz,-6.899433,5.0,93
LOND,lond038,Control_202,1,CP1,-8.288219,5.0,93
LOND,lond038,Control_202,1,CP2,-2.778363,5.0,93
LOND,lond038,Control_202,1,P3,-8.462886,5.0,93
LOND,lond038,Control_202,1,P4,-26.46638,5.0,93
LOND,lond038,Control_202,1,C3,-3.887926,5.0,93
LOND,lond038,Control_202,1,C4,-3.688649,5.0,93
LOND,lond038,Control_202,1,P7,0.5665634,5.0,93
LOND,lond038,Control_202,1,P8,-13.88637,5.0,93
LOND,lond038,Control_202,1,O1,-5.883606,5.0,93
LOND,lond038,Control_202,1,O2,-18.3619,5.0,93
LOND,lond038,Violation_201,2,Pz,-16.62935,10.0,80
LOND,lond038,Violation_201,2,Cz,-24.10348,10.0,80
LOND,lond038,Violation_201,2,CP1,-26.55585,10.0,80
LOND,lond038,Violation_201,2,CP2,-23.31891,10.0,80
LOND,lond038,Violation_201,2,P3,-15.11409,10.0,80
LOND,lond038,Violation_201,2,P4,-11.17913,10.0,80
LOND,lond038,Violation_201,2,C3,-26.94947,10.0,80
LOND,lond038,Violation_201,2,C4,-26.91601,10.0,80
LOND,lond038,Violation_201,2,P7,-15.3201,10.0,80
LOND,lond038,Violation_201,2,P8,-15.68256,10.0,80
LOND,lond038,Violation_201,2,O1,-12.28312,10.0,80
LOND,lond038,Violation_201,2,O2,-11.66863,10.0,80
LOND,lond038,Violation_201,3,Pz,-8.322374,3.0,100
LOND,lond038,Violation_201,3,Cz,-10.62984,3.0,100
LOND,lond038,Violation_201,3,CP1,-11.02515,3.0,100
LOND,lond038,Violation_201,3,CP2,-10.99744,3.0,100
LOND,lond038,Violation_201,3,P3,-3.157392,3.0,100
LOND,lond038,Violation_201,3,P4,0.9627206,3.0,100
LOND,lond038,Violation_201,3,C3,-9.866244,3.0,100
LOND,lond038,Violation_201,3,C4,-12.97203,3.0,100
LOND,lond038,Violation_201,3,P7,-9.769222,3.0,100
LOND,lond038,Violation_201,3,P8,-7.003327,3.0,100
LOND,lond038,Violation_201,3,O1,-13.49476,3.0,100
LOND,lond038,Violation_201,3,O2,-10.49542,3.0,100
LOND,lond038,Violation_201,4,Pz,22.59943,12.0,100
LOND,lond038,Violation_201,4,Cz,18.54062,12.0,100
LOND,lond038,Violation_201,4,CP1,16.54738,12.0,100
LOND,lond038,Violation_201,4,CP2,17.17237,12.0,100
LOND,lond038,Violation_201,4,P3,17.28003,12.0,100
LOND,lond038,Violation_201,4,P4,20.5134,12.0,100
LOND,lond038,Violation_201,4,C3,12.85305,12.0,100
LOND,lond038,Violation_201,4,C4,14.34012,12.0,100
LOND,lond038,Violation_201,4,P7,11.44507,12.0,100
LOND,lond038,Violation_201,4,P8,14.19094,12.0,100
LOND,lond038,Violation_201,4,O1,18.72339,12.0,100
LOND,lond038,Violation_201,4,O2,16.30433,12.0,100
LOND,lond038,Control_202,5,Pz,-16.41899,8.0,97
LOND,lond038,Control_202,5,Cz,-17.91219,8.0,97
LOND,lond038,Control_202,5,CP1,-8.170741,8.0,97
LOND,lond038,Control_202,5,CP2,-6.613143,8.0,97
LOND,lond038,Control_202,5,P3,-15.01858,8.0,97
LOND,lond038,Control_202,5,P4,-11.97155,8.0,97
LOND,lond038,Control_202,5,C3,-8.647634,8.0,97
LOND,lond038,Control_202,5,C4,-14.58223,8.0,97
LOND,lond038,Control_202,5,P7,-3.302717,8.0,97
LOND,lond038,Control_202,5,P8,-1.659594,8.0,97
LOND,lond038,Control_202,5,O1,-3.570336,8.0,97
LOND,lond038,Control_202,5,O2,-4.860619,8.0,97
LOND,lond038,Violation_201,6,Pz,11.77882,6.0,100
LOND,lond038,Violation_201,6,Cz,16.28382,6.0,100
LOND,lond038,Violation_201,6,CP1,14.02478,6.0,100
LOND,lond038,Violation_201,6,CP2,20.20909,6.0,100
LOND,lond038,Violation_201,6,P3,17.32712,6.0,100
LOND,lond038,Violation_201,6,P4,9.146253,6.0,100
LOND,lond038,Violation_201,6,C3,16.00714,6.0,100
LOND,lond038,Violation_201,6,C4,6.817538,6.0,100
LOND,lond038,Violation_201,6,P7,17.75082,6.0,100
LOND,lond038,Violation_201,6,P8,1.610731,6.0,100
LOND,lond038,Violation_201,6,O1,13.46845,6.0,100
LOND,lond038,Violation_201,6,O2,14.80949,6.0,100
LOND,lond038,Control_202,7,Pz,-21.09906,4.0,93
LOND,lond038,Control_202,7,Cz,-23.19433,4.0,93
LOND,lond038,Control_202,7,CP1,-18.41792,4.0,93
LOND,lond038,Control_202,7,CP2,-13.75001,4.0,93
LOND,lond038,Control_202,7,P3,-18.24894,4.0,93
LOND,lond038,Control_202,7,P4,-21.12995,4.0,93
LOND,lond038,Control_202,7,C3,-23.98322,4.0,93
LOND,lond038,Control_202,7,C4,-17.9663,4.0,93
LOND,lond038,Control_202,7,P7,-19.89777,4.0,93
LOND,lond038,Control_202,7,P8,-26.3455,4.0,93
LOND,lond038,Control_202,7,O1,-23.695,4.0,93
LOND,lond038,Control_202,7,O2,-13.48134,4.0,93
LOND,lond038,Violation_201,8,Pz,22.81116,15.0,90
LOND,lond038,Violation_201,8,Cz,21.16473,15.0,90
LOND,lond038,Violation_201,8,CP1,25.93767,15.0,90
LOND,lond038,Violation_201,8,CP2,21.32738,15.0,90
LOND,lond038,Violation_201,8,P3,21.05878,15.0,90
LOND,lond038,Violation_201,8,P4,15.46029,15.0,90
LOND,lond038,Violation_201,8,C3,18.8651,15.0,90
LOND,lond038,Violation_201,8,C4,20.67911,15.0,90
LOND,lond038,Violation_201,8,P7,16.48306,15.0,90
LOND,lond038,Violation_201,8,P8,12.66135,15.0,90
LOND,lond038,Violation_201,8,O1,13.10878,15.0,90
LOND,lond038,Violation_201,8,O2,10.25406,15.0,90
LOND,lond038,Control_202,9,Pz,-4.256114,16.0,93
LOND,lond038,Control_202,9,Cz,0.5677913,16.0,93
LOND,lond038,Control_202,9,CP1,-8.990087,16.0,93
LOND,lond038,Control_202,9,CP2,-6.509003,16.0,93
LOND,lond038,Control_202,9,P3,-2.050324,16.0,93
LOND,lond038,Control_202,9,P4,1.193204,16.0,93
LOND,lond038,Control_202,9,C3,-0.2631738,16.0,93
LOND,lond038,Control_202,9,C4,-8.20613,16.0,93
LOND,lond038,Control_202,9,P7,1.784031,16.0,93
LOND,lond038,Control_202,9,P8,-9.667551,16.0,93
LOND,lond038,Control_202,9,O1,-3.64254,16.0,93
LOND,lond038,Control_202,9,O2,1.596109,16.0,93
LOND,lond038,Control_202,10,Pz,-12.47509,9.0,93
LOND,lond038,Control_202,10,Cz,-10.78273,9.0,93
LOND,lond038,Control_202,10,CP1,-8.753568,9.0,93
LOND,lond038,Control_202,10,CP2,-18.6966,9.0,93
LOND,lond038,Control_202,10,P3,-13.21,9.0,93
LOND,lond038,Control_202,10,P4,0.4464475,9.0,93
LOND,lond038,Control_202,10,C3,-15.4039,9.0,93
LOND,lond038,Control_202,10,C4,-9.791988,9.0,93
LOND,lond038,Control_202,10,P7,-21.93203,9.0,93
LOND,lond038,Control_202,10,P8,-13.28037,9.0,93
LOND,lond038,Control_202,10,O1,-16.74454,9.0,93
LOND,lond038,Control_202,10,O2,-6.940445,9.0,93
LOND,lond038,Control_202,11,Pz,20.95686,7.0,80
LOND,lond038,Control_202,11,Cz,23.17765,7.0,80
LOND,lond038,Control_202,11,CP1,21.08366,7.0,80
LOND,lond038,Control_202,11,CP2,15.51612,7.0,80
LOND,lond038,Control_202,11,P3,23.68982,7.0,80
LOND,lond038,Control_202,11,P4,31.88158,7.0,80
LOND,lond038,Control_202,11,C3,18.7707,7.0,80
LOND,lond038,Control_202,11,C4,38.01981,7.0,80
LOND,lond038,Control_202,11,P7,22.93601,7.0,80
LOND,lond038,Control_202,11,P8,19.834,7.0,80
LOND,lond038,Control_202,11,O1,23.73806,7.0,80
LOND,lond038,Control_202,11,O2,26.1945,7.0,80
LOND,lond038,Control_202,12,Pz,-16.85328,14.0,90
LOND,lond038,Control_202,12,Cz,-16.02817,14.0,90
LOND,lond038,Control_202,12,CP1,-14.98,14.0,90
LOND,lond038,Control_202,12,CP2,-11.6947,14.0,90
LOND,lond038,Control_202,12,P3,-19.0222,14.0,90
LOND,lond038,Control_202,12,P4,-13.48587,14.0,90
LOND,lond038,Control_202,12,C3,-17.65343,14.0,90
LOND,lond038,Control_202,12,C4,-18.01551,14.0,90
LOND,lond038,Control_202,12,P7,-17.30208,14.0,90
LOND,lond038,Control_202,12,P8,-12.86682,14.0,90
LOND,lond038,Control_202,12,O1,-12.39632,14.0,90
LOND,lond038,Control_202,12,O2,-14.37289,14.0,90
LOND,lond038,Control_202,13,Pz,23.39009,20.0,90
LOND,lond038,Control_202,13,Cz,29.57982,20.0,90
LOND,lond038,Control_202,13,CP1,22.91234,20.0,90
LOND,lond038,Control_202,13,CP2,19.09176,20.0,90
LOND,lond038,Control_202,13,P3,24.23525,20.0,90
LOND,lond038,Control_202,13,P4,17.95797,20.0,90
LOND,lond038,Control_202,13,C3,30.05996,20.0,90
LOND,lond038,Control_202,13,C4,26.3089,20.0,90
LOND,lond038,Control_202,13,P7,20.42373,20.0,90
LOND,lond038,Control_202,13,P8,19.10211,20.0,90
LOND,lond038,Control_202,13,O1,17.4458,20.0,90
LOND,lond038,Control_202,13,O2,8.831338,20.0,90
LOND,lond038,Violation_201,14,Pz,-1.40494,2.0,100
LOND,lond038,Violation_201,14,Cz,-8.61713,2.0,100
LOND,lond038,Violation_201,14,CP1,-8.579942,2.0,100
LOND,lond038,Violation_201,14,CP2,-5.051168,2.0,100
LOND,lond038,Violation_201,14,P3,-12.62307,2.0,100
LOND,lond038,Violation_201,14,P4,-7.014687,2.0,100
LOND,lond038,Violation_201,14,C3,-17.01274,2.0,100
LOND,lond038,Violation_201,14,C4,-6.087538,2.0,100
LOND,lond038,Violation_201,14,P7,-17.63956,2.0,100
LOND,lond038,Violation_201,14,P8,-3.958562,2.0,100
LOND,lond038,Violation_201,14,O1,-7.645762,2.0,100
LOND,lond038,Violation_201,14,O2,3.65612,2.0,100
LOND,lond038,Violation_201,15,Pz,18.40987,19.0,100
LOND,lond038,Violation_201,15,Cz,21.13434,19.0,100
LOND,lond038,Violation_201,15,CP1,22.49787,19.0,100
LOND,lond038,Violation_201,15,CP2,22.77542,19.0,100
LOND,lond038,Violation_201,15,P3,13.54755,19.0,100
LOND,lond038,Violation_201,15,P4,11.0369,19.0,100
LOND,lond038,Violation_201,15,C3,20.46503,19.0,100
LOND,lond038,Violation_201,15,C4,10.47023,19.0,100
LOND,lond038,Violation_201,15,P7,16.01464,19.0,100
LOND,lond038,Violation_201,15,P8,16.59315,19.0,100
LOND,lond038,Violation_201,15,O1,16.63012,19.0,100
LOND,lond038,Violation_201,15,O2,14.08613,19.0,100
LOND,lond038,Control_202,16,Pz,16.75497,17.0,62
LOND,lond038,Control_202,16,Cz,17.30818,17.0,62
LOND,lond038,Control_202,16,CP1,23.28419,17.0,62
LOND,lond038,Control_202,16,CP2,19.51486,17.0,62
LOND,lond038,Control_202,16,P3,30.09344,17.0,62
LOND,lond038,Control_202,16,P4,11.65451,17.0,62
LOND,lond038,Control_202,16,C3,24.8221,17.0,62
LOND,lond038,Control_202,16,C4,4.847246,17.0,62
LOND,lond038,Control_202,16,P7,29.87312,17.0,62
LOND,lond038,Control_202,16,P8,18.64398,17.0,62
LOND,lond038,Control_202,16,O1,37.6598,17.0,62
LOND,lond038,Control_202,16,O2,19.50666,17.0,62
LOND,lond038,Violation_201,17,Pz,-6.881982,1.0,97
LOND,lond038,Violation_201,17,Cz,-11.6708,1.0,97
LOND,lond038,Violation_201,17,CP1,-10.32382,1.0,97
LOND,lond038,Violation_201,17,CP2,-13.44221,1.0,97
LOND,lond038,Violation_201,17,P3,-8.300776,1.0,97
LOND,lond038,Violation_201,17,P4,-4.104784,1.0,97
LOND,lond038,Violation_201,17,C3,-16.38189,1.0,97
LOND,lond038,Violation_201,17,C4,0.9924095,1.0,97
LOND,lond038,Violation_201,17,P7,-14.20466,1.0,97
LOND,lond038,Violation_201,17,P8,-0.1288056,1.0,97
LOND,lond038,Violation_201,17,O1,-9.320978,1.0,97
LOND,lond038,Violation_201,17,O2,-4.475506,1.0,97
LOND,lond038,Control_202,18,Pz,-2.294448,18.0,87
LOND,lond038,Control_202,18,Cz,-3.139052,18.0,87
LOND,lond038,Control_202,18,CP1,-6.160225,18.0,87
LOND,lond038,Control_202,18,CP2,5.195441,18.0,87
LOND,lond038,Control_202,18,P3,0.581381,18.0,87
LOND,lond038,Control_202,18,P4,1.843869,18.0,87
LOND,lond038,Control_202,18,C3,-0.7289987,18.0,87
LOND,lond038,Control_202,18,C4,-2.566921,18.0,87
LOND,lond038,Control_202,18,P7,1.002335,18.0,87
LOND,lond038,Control_202,18,P8,0.459989,18.0,87
LOND,lond038,Control_202,18,O1,-1.282636,18.0,87
LOND,lond038,Control_202,18,O2,1.085864,18.0,87
LOND,lond038,Violation_201,19,Pz,17.429,13.0,97
LOND,lond038,Violation_201,19,Cz,17.12023,13.0,97
LOND,lond038,Violation_201,19,CP1,20.50793,13.0,97
LOND,lond038,Violation_201,19,CP2,17.82431,13.0,97
LOND,lond038,Violation_201,19,P3,19.10297,13.0,97
LOND,lond038,Violation_201,19,P4,21.31952,13.0,97
LOND,lond038,Violation_201,19,C3,21.32699,13.0,97
LOND,lond038,Violation_201,19,C4,18.10013,13.0,97
LOND,lond038,Violation_201,19,P7,15.31742,13.0,97
LOND,lond038,Violation_201,19,P8,23.09701,13.0,97
LOND,lond038,Violation_201,19,O1,18.32083,13.0,97
LOND,lond038,Violation_201,19,O2,19.07074,13.0,97
LOND,lond038,Violation_201,20,Pz,24.58149,11.0,87
LOND,lond038,Violation_201,20,Cz,34.59377,11.0,87
LOND,lond038,Violation_201,20,CP1,31.80228,11.0,87
LOND,lond038,Violation_201,20,CP2,22.04131,11.0,87
LOND,lond038,Violation_201,20,P3,22.72774,11.0,87
LOND,lond038,Violation_201,20,P4,21.67993,11.0,87
LOND,lond038,Violation_201,20,C3,26.84283,11.0,87
LOND,lond038,Violation_201,20,C4,30.43308,11.0,87
LOND,lond038,Violation_201,20,P7,12.60242,11.0,87
LOND,lond038,Violation_201,20,P8,13.06988,11.0,87
LOND,lond038,Violation_201,20,O1,11.31862,11.0,87
LOND,lond038,Violation_201,20,O2,12.87155,11.0,87
LOND,lond038,Violation_201,21,Pz,-17.61752,37.0,80
LOND,lond038,Violation_201,21,Cz,-27.94773,37.0,80
LOND,lond038,Violation_201,21,CP1,-15.78423,37.0,80
LOND,lond038,Violation_201,21,CP2,-24.48807,37.0,80
LOND,lond038,Violation_201,21,P3,-26.61979,37.0,80
LOND,lond038,Violation_201,21,P4,-15.55295,37.0,80
LOND,lond038,Violation_201,21,C3,-22.38762,37.0,80
LOND,lond038,Violation_201,21,C4,-23.53573,37.0,80
LOND,lond038,Violation_201,21,P7,-29.4453,37.0,80
LOND,lond038,Violation_201,21,P8,-15.00539,37.0,80
LOND,lond038,Violation_201,21,O1,-22.09268,37.0,80
LOND,lond038,Violation_201,21,O2,-11.36153,37.0,80
LOND,lond038,Control_202,22,Pz,7.288787,31.0,77
LOND,lond038,Control_202,22,Cz,11.96639,31.0,77
LOND,lond038,Control_202,22,CP1,8.914441,31.0,77
LOND,lond038,Control_202,22,CP2,0.2982651,31.0,77
LOND,lond038,Control_202,22,P3,12.44737,31.0,77
LOND,lond038,Control_202,22,P4,6.811903,31.0,77
LOND,lond038,Control_202,22,C3,7.666289,31.0,77
LOND,lond038,Control_202,22,C4,8.691069,31.0,77
LOND,lond038,Control_202,22,P7,6.989829,31.0,77
LOND,lond038,Control_202,22,P8,4.552378,31.0,77
LOND,lond038,Control_202,22,O1,4.58005,31.0,77
LOND,lond038,Control_202,22,O2,-1.961881,31.0,77
LOND,lond038,Control_202,23,Pz,-18.36343,30.0,90
LOND,lond038,Control_202,23,Cz,-21.01346,30.0,90
LOND,lond038,Control_202,23,CP1,-19.35069,30.0,90
LOND,lond038,Control_202,23,CP2,-20.25342,30.0,90
LOND,lond038,Control_202,23,P3,-24.64951,30.0,90
LOND,lond038,Control_202,23,P4,-16.3398,30.0,90
LOND,lond038,Control_202,23,C3,-25.09412,30.0,90
LOND,lond038,Control_202,23,C4,-8.871727,30.0,90
LOND,lond038,Control_202,23,P7,-14.81128,30.0,90
LOND,lond038,Control_202,23,P8,-8.896175,30.0,90
LOND,lond038,Control_202,23,O1,-17.18032,30.0,90
LOND,lond038,Control_202,23,O2,-11.1473,30.0,90
LOND,lond038,Violation_201,24,Pz,12.00471,38.0,93
LOND,lond038,Violation_201,24,Cz,9.630498,38.0,93
LOND,lond038,Violation_201,24,CP1,10.19854,38.0,93
LOND,lond038,Violation_201,24,CP2,4.423199,38.0,93
LOND,lond038,Violation_201,24,P3,12.31545,38.0,93
LOND,lond038,Violation_201,24,P4,10.96107,38.0,93
LOND,lond038,Violation_201,24,C3,10.86884,38.0,93
LOND,lond038,Violation_201,24,C4,19.82584,38.0,93
LOND,lond038,Violation_201,24,P7,14.00238,38.0,93
LOND,lond038,Violation_201,24,P8,10.56421,38.0,93
LOND,lond038,Violation_201,24,O1,14.70073,38.0,93
LOND,lond038,Violation_201,24,O2,14.16592,38.0,93
LOND,lond038,Violation_201,25,Pz,-27.04278,27.0,97
LOND,lond038,Violation_201,25,Cz,-30.76842,27.0,97
LOND,lond038,Violation_201,25,CP1,-32.57367,27.0,97
LOND,lond038,Violation_201,25,CP2,-29.25166,27.0,97
LOND,lond038,Violation_201,25,P3,-24.75584,27.0,97
LOND,lond038,Violation_201,25,P4,-31.52392,27.0,97
LOND,lond038,Violation_201,25,C3,-27.42821,27.0,97
LOND,lond038,Violation_201,25,C4,-34.94408,27.0,97
LOND,lond038,Violation_201,25,P7,-18.65577,27.0,97
LOND,lond038,Violation_201,25,P8,-17.69241,27.0,97
LOND,lond038,Violation_201,25,O1,-16.84763,27.0,97
LOND,lond038,Violation_201,25,O2,-19.86577,27.0,97
LOND,lond038,Violation_201,26,Pz,11.83707,23.0,93
LOND,lond038,Violation_201,26,Cz,17.40037,23.0,93
LOND,lond038,Violation_201,26,CP1,16.50467,23.0,93
LOND,lond038,Violation_201,26,CP2,22.96675,23.0,93
LOND,lond038,Violation_201,26,P3,8.063315,23.0,93
LOND,lond038,Violation_201,26,P4,12.15482,23.0,93
LOND,lond038,Violation_201,26,C3,18.02921,23.0,93
LOND,lond038,Violation_201,26,C4,20.26001,23.0,93
LOND,lond038,Violation_201,26,P7,13.97931,23.0,93
LOND,lond038,Violation_201,26,P8,4.858696,23.0,93
LOND,lond038,Violation_201,26,O1,8.554141,23.0,93
LOND,lond038,Violation_201,26,O2,7.366795,23.0,93
LOND,lond038,Control_202,27,Pz,-35.6843,40.0,93
LOND,lond038,Control_202,27,Cz,-33.68552,40.0,93
LOND,lond038,Control_202,27,CP1,-39.75796,40.0,93
LOND,lond038,Control_202,27,CP2,-43.04373,40.0,93
LOND,lond038,Control_202,27,P3,-26.15821,40.0,93
LOND,lond038,Control_202,27,P4,-39.66982,40.0,93
LOND,lond038,Control_202,27,C3,-25.36533,40.0,93
LOND,lond038,Control_202,27,C4,-39.45791,40.0,93
LOND,lond038,Control_202,27,P7,-6.730365,40.0,93
LOND,lond038,Control_202,27,P8,-41.48436,40.0,93
LOND,lond038,Control_202,27,O1,-28.62243,40.0,93
LOND,lond038,Control_202,27,O2,-37.76459,40.0,93
LOND,lond038,Control_202,28,Pz,-14.57917,32.0,80
LOND,lond038,Control_202,28,Cz,-11.31917,32.0,80
LOND,lond038,Control_202,28,CP1,-15.43782,32.0,80
LOND,lond038,Control_202,28,CP2,-13.90076,32.0,80
LOND,lond038,Control_202,28,P3,-12.36402,32.0,80
LOND,lond038,Control_202,28,P4,-10.45833,32.0,80
LOND,lond038,Control_202,28,C3,-10.87376,32.0,80
LOND,lond038,Control_202,28,C4,-8.693356,32.0,80
LOND,lond038,Control_202,28,P7,-7.753748,32.0,80
LOND,lond038,Control_202,28,P8,1.580639,32.0,80
LOND,lond038,Control_202,28,O1,-8.547533,32.0,80
LOND,lond038,Control_202,28,O2,-4.636647,32.0,80
LOND,lond038,Violation_201,29,Pz,16.25864,26.0,87
LOND,lond038,Violation_201,29,Cz,8.386147,26.0,87
LOND,lond038,Violation_201,29,CP1,12.04851,26.0,87
LOND,lond038,Violation_201,29,CP2,15.91238,26.0,87
LOND,lond038,Violation_201,29,P3,17.93221,26.0,87
LOND,lond038,Violation_201,29,P4,15.74735,26.0,87
LOND,lond038,Violation_201,29,C3,11.00447,26.0,87
LOND,lond038,Violation_201,29,C4,9.95716,26.0,87
LOND,lond038,Violation_201,29,P7,18.56943,26.0,87
LOND,lond038,Violation_201,29,P8,26.27938,26.0,87
LOND,lond038,Violation_201,29,O1,17.78679,26.0,87
LOND,lond038,Violation_201,29,O2,20.4308,26.0,87
LOND,lond038,Control_202,30,Pz,14.50605,25.0,97
LOND,lond038,Control_202,30,Cz,13.47429,25.0,97
LOND,lond038,Control_202,30,CP1,15.70079,25.0,97
LOND,lond038,Control_202,30,CP2,11.97966,25.0,97
LOND,lond038,Control_202,30,P3,16.06085,25.0,97
LOND,lond038,Control_202,30,P4,19.97418,25.0,97
LOND,lond038,Control_202,30,C3,16.75202,25.0,97
LOND,lond038,Control_202,30,C4,5.449075,25.0,97
LOND,lond038,Control_202,30,P7,13.5838,25.0,97
LOND,lond038,Control_202,30,P8,15.41485,25.0,97
LOND,lond038,Control_202,30,O1,9.748025,25.0,97
LOND,lond038,Control_202,30,O2,9.55514,25.0,97
LOND,lond038,Violation_201,31,Pz,8.248979,35.0,97
LOND,lond038,Violation_201,31,Cz,-5.655081,35.0,97
LOND,lond038,Violation_201,31,CP1,-4.022347,35.0,97
LOND,lond038,Violation_201,31,CP2,-6.075392,35.0,97
LOND,lond038,Violation_201,31,P3,0.01962759,35.0,97
LOND,lond038,Violation_201,31,P4,8.494948,35.0,97
LOND,lond038,Violation_201,31,C3,-7.696261,35.0,97
LOND,lond038,Violation_201,31,C4,-5.321732,35.0,97
LOND,lond038,Violation_201,31,P7,5.077188,35.0,97
LOND,lond038,Violation_201,31,P8,14.62468,35.0,97
LOND,lond038,Violation_201,31,O1,13.69184,35.0,97
LOND,lond038,Violation_201,31,O2,10.48587,35.0,97
LOND,lond038,Violation_201,32,Pz,-19.43266,28.0,27
LOND,lond038,Violation_201,32,Cz,-13.61793,28.0,27
LOND,lond038,Violation_201,32,CP1,-9.314942,28.0,27
LOND,lond038,Violation_201,32,CP2,-2.510649,28.0,27
LOND,lond038,Violation_201,32,P3,-26.1833,28.0,27
LOND,lond038,Violation_201,32,P4,-25.17661,28.0,27
LOND,lond038,Violation_201,32,C3,-18.20166,28.0,27
LOND,lond038,Violation_201,32,C4,-18.56266,28.0,27
LOND,lond038,Violation_201,32,P7,-28.63403,28.0,27
LOND,lond038,Violation_201,32,P8,-24.12806,28.0,27
LOND,lond038,Violation_201,32,O1,-29.6014,28.0,27
LOND,lond038,Violation_201,32,O2,-27.69373,28.0,27
LOND,lond038,Violation_201,33,Pz,18.42884,39.0,97
LOND,lond038,Violation_201,33,Cz,1.856154,39.0,97
LOND,lond038,Violation_201,33,CP1,-0.7988205,39.0,97
LOND,lond038,Violation_201,33,CP2,24.01205,39.0,97
LOND,lond038,Violation_201,33,P3,19.70346,39.0,97
LOND,lond038,Violation_201,33,P4,14.50165,39.0,97
LOND,lond038,Violation_201,33,C3,-2.835676,39.0,97
LOND,lond038,Violation_201,33,C4,-6.742545,39.0,97
LOND,lond038,Violation_201,33,P7,1.997845,39.0,97
LOND,lond038,Violation_201,33,P8,2.87903,39.0,97
LOND,lond038,Violation_201,33,O1,25.55929,39.0,97
LOND,lond038,Violation_201,33,O2,13.18204,39.0,97
LOND,lond038,Violation_201,34,Pz,29.57902,21.0,77
LOND,lond038,Violation_201,34,Cz,26.32876,21.0,77
LOND,lond038,Violation_201,34,CP1,37.89598,21.0,77
LOND,lond038,Violation_201,34,CP2,24.106,21.0,77
LOND,lond038,Violation_201,34,P3,36.32458,21.0,77
LOND,lond038,Violation_201,34,P4,40.39292,21.0,77
LOND,lond038,Violation_201,34,C3,26.25004,21.0,77
LOND,lond038,Violation_201,34,C4,37.02908,21.0,77
LOND,lond038,Violation_201,34,P7,36.19672,21.0,77
LOND,lond038,Violation_201,34,P8,33.21281,21.0,77
LOND,lond038,Violation_201,34,O1,33.05126,21.0,77
LOND,lond038,Violation_201,34,O2,42.79591,21.0,77
LOND,lond038,Violation_201,35,Pz,-29.12704,29.0,90
LOND,lond038,Violation_201,35,Cz,-33.76312,29.0,90
LOND,lond038,Violation_201,35,CP1,-35.05592,29.0,90
LOND,lond038,Violation_201,35,CP2,-18.11544,29.0,90
LOND,lond038,Violation_201,35,P3,-25.72861,29.0,90
LOND,lond038,Violation_201,35,P4,-22.05469,29.0,90
LOND,lond038,Violation_201,35,C3,-35.19241,29.0,90
LOND,lond038,Violation_201,35,C4,-39.33913,29.0,90
LOND,lond038,Violation_201,35,P7,-29.03654,29.0,90
LOND,lond038,Violation_201,35,P8,-27.78153,29.0,90
LOND,lond038,Violation_201,35,O1,-29.88345,29.0,90
LOND,lond038,Violation_201,35,O2,-13.97988,29.0,90
LOND,lond038,Control_202,36,Pz,-4.87361,22.0,53
LOND,lond038,Control_202,36,Cz,4.275516,22.0,53
LOND,lond038,Control_202,36,CP1,2.598779,22.0,53
LOND,lond038,Control_202,36,CP2,1.154432,22.0,53
LOND,lond038,Control_202,36,P3,-6.773681,22.0,53
LOND,lond038,Control_202,36,P4,-12.40928,22.0,53
LOND,lond038,Control_202,36,C3,6.724037,22.0,53
LOND,lond038,Control_202,36,C4,5.794952,22.0,53
LOND,lond038,Control_202,36,P7,3.184486,22.0,53
LOND,lond038,Control_202,36,P8,0.7432304,22.0,53
LOND,lond038,Control_202,36,O1,-6.760572,22.0,53
LOND,lond038,Control_202,36,O2,-9.376286,22.0,53
LOND,lond038,Control_202,37,Pz,-5.529405,24.0,93
LOND,lond038,Control_202,37,Cz,-17.71389,24.0,93
LOND,lond038,Control_202,37,CP1,-21.03462,24.0,93
LOND,lond038,Control_202,37,CP2,-18.97308,24.0,93
LOND,lond038,Control_202,37,P3,-7.734728,24.0,93
LOND,lond038,Control_202,37,P4,-11.61043,24.0,93
LOND,lond038,Control_202,37,C3,-15.23347,24.0,93
LOND,lond038,Control_202,37,C4,-21.6291,24.0,93
LOND,lond038,Control_202,37,P7,-12.67204,24.0,93
LOND,lond038,Control_202,37,P8,-17.1073,24.0,93
LOND,lond038,Control_202,37,O1,-14.96857,24.0,93
LOND,lond038,Control_202,37,O2,-10.44143,24.0,93
LOND,lond038,Control_202,38,Pz,26.50895,36.0,77
LOND,lond038,Control_202,38,Cz,28.84213,36.0,77
LOND,lond038,Control_202,38,CP1,31.84129,36.0,77
LOND,lond038,Control_202,38,CP2,35.63702,36.0,77
LOND,lond038,Control_202,38,P3,32.66449,36.0,77
LOND,lond038,Control_202,38,P4,21.99264,36.0,77
LOND,lond038,Control_202,38,C3,29.68851,36.0,77
LOND,lond038,Control_202,38,C4,12.48265,36.0,77
LOND,lond038,Control_202,38,P7,21.45448,36.0,77
LOND,lond038,Control_202,38,P8,23.44434,36.0,77
LOND,lond038,Control_202,38,O1,21.50807,36.0,77
LOND,lond038,Control_202,38,O2,27.62527,36.0,77
LOND,lond038,Control_202,39,Pz,-1.252078,33.0,53
LOND,lond038,Control_202,39,Cz,-1.59183,33.0,53
LOND,lond038,Control_202,39,CP1,0.7070033,33.0,53
LOND,lond038,Control_202,39,CP2,-5.417198,33.0,53
LOND,lond038,Control_202,39,P3,-5.745905,33.0,53
LOND,lond038,Control_202,39,P4,-8.797829,33.0,53
LOND,lond038,Control_202,39,C3,-3.087637,33.0,53
LOND,lond038,Control_202,39,C4,5.958565,33.0,53
LOND,lond038,Control_202,39,P7,4.644247,33.0,53
LOND,lond038,Control_202,39,P8,-0.1508898,33.0,53
LOND,lond038,Control_202,39,O1,-2.959639,33.0,53
LOND,lond038,Control_202,39,O2,-2.053049,33.0,53
LOND,lond038,Control_202,40,Pz,13.71886,34.0,97
LOND,lond038,Control_202,40,Cz,12.32073,34.0,97
LOND,lond038,Control_202,40,CP1,17.3525,34.0,97
LOND,lond038,Control_202,40,CP2,8.128482,34.0,97
LOND,lond038,Control_202,40,P3,22.00498,34.0,97
LOND,lond038,Control_202,40,P4,11.1491,34.0,97
LOND,lond038,Control_202,40,C3,13.80704,34.0,97
LOND,lond038,Control_202,40,C4,13.05272,34.0,97
LOND,lond038,Control_202,40,P7,17.74539,34.0,97
LOND,lond038,Control_202,40,P8,8.693209,34.0,97
LOND,lond038,Control_202,40,O1,16.14108,34.0,97
LOND,lond038,Control_202,40,O2,15.33689,34.0,97
