Lab,Subject,Condition,Trial,Electrode,Mean_Amplitude_uV,Subject_ID,Item Number,Norming
GLAS,glas001,Violation_201,1,Pz,10.48154,1,16.0,0.0
GLAS,glas001,Violation_201,1,Cz,12.00127,1,16.0,0.0
GLAS,glas001,Violation_201,1,CP1,9.7383,1,16.0,0.0
GLAS,glas001,Violation_201,1,CP2,15.31432,1,16.0,0.0
GLAS,glas001,Violation_201,1,P3,8.662754,1,16.0,0.0
GLAS,glas001,Violation_201,1,P4,9.755673,1,16.0,0.0
GLAS,glas001,Violation_201,1,C3,12.70772,1,16.0,0.0
GLAS,glas001,Violation_201,1,C4,10.8824,1,16.0,0.0
GLAS,glas001,Violation_201,1,P7,9.199825,1,16.0,0.0
GLAS,glas001,Violation_201,1,P8,6.425099,1,16.0,0.0
GLAS,glas001,Violation_201,1,O1,0.5543906,1,16.0,0.0
GLAS,glas001,Violation_201,1,O2,12.50156,1,16.0,0.0
GLAS,glas001,Control_202,2,Pz,-23.97522,1,15.0,90.0
GLAS,glas001,Control_202,2,Cz,-24.41319,1,15.0,90.0
GLAS,glas001,Control_202,2,CP1,-25.76196,1,15.0,90.0
GLAS,glas001,Control_202,2,CP2,-26.52956,1,15.0,90.0
GLAS,glas001,Control_202,2,P3,-24.20643,1,15.0,90.0
GLAS,glas001,Control_202,2,P4,-24.75829,1,15.0,90.0
GLAS,glas001,Control_202,2,C3,-23.14922,1,15.0,90.0
GLAS,glas001,Control_202,2,C4,-23.28903,1,15.0,90.0
GLAS,glas001,Control_202,2,P7,-25.34771,1,15.0,90.0
GLAS,glas001,Control_202,2,P8,-23.83821,1,15.0,90.0
GLAS,glas001,Control_202,2,O1,-22.62423,1,15.0,90.0
GLAS,glas001,Control_202,2,O2,-28.57125,1,15.0,90.0
GLAS,glas001,Violation_201,3,Pz,-5.051375,1,13.0,0.0
GLAS,glas001,Violation_201,3,Cz,-6.407147,1,13.0,0.0
GLAS,glas001,Violation_201,3,CP1,-5.005789,1,13.0,0.0
GLAS,glas001,Violation_201,3,CP2,-16.02983,1,13.0,0.0
GLAS,glas001,Violation_201,3,P3,-4.362802,1,13.0,0.0
GLAS,glas001,Violation_201,3,P4,-5.936609,1,13.0,0.0
GLAS,glas001,Violation_201,3,C3,-3.212746,1,13.0,0.0
GLAS,glas001,Violation_201,3,C4,-4.456582,1,13.0,0.0
GLAS,glas001,Violation_201,3,P7,-2.76201,1,13.0,0.0
GLAS,glas001,Violation_201,3,P8,-5.592552,1,13.0,0.0
GLAS,glas001,Violation_201,3,O1,1.892194,1,13.0,0.0
GLAS,glas001,Violation_201,3,O2,-41.0188,1,13.0,0.0
GLAS,glas001,Control_202,4,Pz,15.46148,1,2.0,100.0
GLAS,glas001,Control_202,4,Cz,14.0055,1,2.0,100.0
GLAS,glas001,Control_202,4,CP1,15.50279,1,2.0,100.0
GLAS,glas001,Control_202,4,CP2,20.51027,1,2.0,100.0
GLAS,glas001,Control_202,4,P3,16.48414,1,2.0,100.0
GLAS,glas001,Control_202,4,P4,17.09648,1,2.0,100.0
GLAS,glas001,Control_202,4,C3,19.79382,1,2.0,100.0
GLAS,glas001,Control_202,4,C4,16.11748,1,2.0,100.0
GLAS,glas001,Control_202,4,P7,14.78088,1,2.0,100.0
GLAS,glas001,Control_202,4,P8,14.61861,1,2.0,100.0
GLAS,glas001,Control_202,4,O1,9.260371,1,2.0,100.0
GLAS,glas001,Control_202,4,O2,11.62335,1,2.0,100.0
GLAS,glas001,Control_202,5,Pz,7.77361,1,12.0,100.0
GLAS,glas001,Control_202,5,Cz,8.93491,1,12.0,100.0
GLAS,glas001,Control_202,5,CP1,12.11605,1,12.0,100.0
GLAS,glas001,Control_202,5,CP2,2.597043,1,12.0,100.0
GLAS,glas001,Control_202,5,P3,10.40636,1,12.0,100.0
GLAS,glas001,Control_202,5,P4,6.596255,1,12.0,100.0
GLAS,glas001,Control_202,5,C3,7.45922,1,12.0,100.0
GLAS,glas001,Control_202,5,C4,5.533683,1,12.0,100.0
GLAS,glas001,Control_202,5,P7,11.91895,1,12.0,100.0
GLAS,glas001,Control_202,5,P8,6.423661,1,12.0,100.0
GLAS,glas001,Control_202,5,O1,18.75706,1,12.0,100.0
GLAS,glas001,Control_202,5,O2,23.43872,1,12.0,100.0
GLAS,glas001,Violation_201,6,Pz,14.52646,1,18.0,0.0
GLAS,glas001,Violation_201,6,Cz,17.41089,1,18.0,0.0
GLAS,glas001,Violation_201,6,CP1,16.86791,1,18.0,0.0
GLAS,glas001,Violation_201,6,CP2,21.31817,1,18.0,0.0
GLAS,glas001,Violation_201,6,P3,15.70094,1,18.0,0.0
GLAS,glas001,Violation_201,6,P4,14.52885,1,18.0,0.0
GLAS,glas001,Violation_201,6,C3,15.51581,1,18.0,0.0
GLAS,glas001,Violation_201,6,C4,14.27531,1,18.0,0.0
GLAS,glas001,Violation_201,6,P7,16.66076,1,18.0,0.0
GLAS,glas001,Violation_201,6,P8,16.6198,1,18.0,0.0
GLAS,glas001,Violation_201,6,O1,13.30178,1,18.0,0.0
GLAS,glas001,Violation_201,6,O2,21.6501,1,18.0,0.0
GLAS,glas001,Control_202,7,Pz,0.789434,1,10.0,80.0
GLAS,glas001,Control_202,7,Cz,1.088679,1,10.0,80.0
GLAS,glas001,Control_202,7,CP1,-2.38123,1,10.0,80.0
GLAS,glas001,Control_202,7,CP2,1.338541,1,10.0,80.0
GLAS,glas001,Control_202,7,P3,-1.387175,1,10.0,80.0
GLAS,glas001,Control_202,7,P4,-3.050073,1,10.0,80.0
GLAS,glas001,Control_202,7,C3,-3.331491,1,10.0,80.0
GLAS,glas001,Control_202,7,C4,-3.632544,1,10.0,80.0
GLAS,glas001,Control_202,7,P7,-0.516695,1,10.0,80.0
GLAS,glas001,Control_202,7,P8,-5.784387,1,10.0,80.0
GLAS,glas001,Control_202,7,O1,-8.063195,1,10.0,80.0
GLAS,glas001,Control_202,7,O2,-26.53127,1,10.0,80.0
GLAS,glas001,Violation_201,8,Pz,-4.306481,1,14.0,0.0
GLAS,glas001,Violation_201,8,Cz,-9.136962,1,14.0,0.0
GLAS,glas001,Violation_201,8,CP1,-5.010067,1,14.0,0.0
GLAS,glas001,Violation_201,8,CP2,2.37332,1,14.0,0.0
GLAS,glas001,Violation_201,8,P3,-1.537367,1,14.0,0.0
GLAS,glas001,Violation_201,8,P4,-9.964566,1,14.0,0.0
GLAS,glas001,Violation_201,8,C3,-9.433331,1,14.0,0.0
GLAS,glas001,Violation_201,8,C4,-10.99208,1,14.0,0.0
GLAS,glas001,Violation_201,8,P7,-1.32041,1,14.0,0.0
GLAS,glas001,Violation_201,8,P8,-18.94644,1,14.0,0.0
GLAS,glas001,Violation_201,8,O1,-6.043586,1,14.0,0.0
GLAS,glas001,Violation_201,8,O2,2.962049,1,14.0,0.0
GLAS,glas001,Control_202,9,Pz,18.81269,1,17.0,62.0
GLAS,glas001,Control_202,9,Cz,7.55529,1,17.0,62.0
GLAS,glas001,Control_202,9,CP1,15.80104,1,17.0,62.0
GLAS,glas001,Control_202,9,CP2,6.830537,1,17.0,62.0
GLAS,glas001,Control_202,9,P3,18.26601,1,17.0,62.0
GLAS,glas001,Control_202,9,P4,15.85931,1,17.0,62.0
GLAS,glas001,Control_202,9,C3,22.86505,1,17.0,62.0
GLAS,glas001,Control_202,9,C4,18.17725,1,17.0,62.0
GLAS,glas001,Control_202,9,P7,19.03335,1,17.0,62.0
GLAS,glas001,Control_202,9,P8,14.2171,1,17.0,62.0
GLAS,glas001,Control_202,9,O1,13.1029,1,17.0,62.0
GLAS,glas001,Control_202,9,O2,0.2554754,1,17.0,62.0
GLAS,glas001,Violation_201,10,Pz,-11.59201,1,20.0,0.0
GLAS,glas001,Violation_201,10,Cz,-11.20717,1,20.0,0.0
GLAS,glas001,Violation_201,10,CP1,-12.53354,1,20.0,0.0
GLAS,glas001,Violation_201,10,CP2,-12.30692,1,20.0,0.0
GLAS,glas001,Violation_201,10,P3,-13.36145,1,20.0,0.0
GLAS,glas001,Violation_201,10,P4,-13.45354,1,20.0,0.0
GLAS,glas001,Violation_201,10,C3,-12.44571,1,20.0,0.0
GLAS,glas001,Violation_201,10,C4,-11.82469,1,20.0,0.0
GLAS,glas001,Violation_201,10,P7,-11.56328,1,20.0,0.0
GLAS,glas001,Violation_201,10,P8,-15.0201,1,20.0,0.0
GLAS,glas001,Violation_201,10,O1,-9.767947,1,20.0,0.0
GLAS,glas001,Violation_201,10,O2,-7.343493,1,20.0,0.0
GLAS,glas001,Control_202,11,Pz,-28.45098,1,11.0,87.0
GLAS,glas001,Control_202,11,Cz,-27.67359,1,11.0,87.0
GLAS,glas001,Control_202,11,CP1,-19.56952,1,11.0,87.0
GLAS,glas001,Control_202,11,CP2,-23.50779,1,11.0,87.0
GLAS,glas001,Control_202,11,P3,-20.55374,1,11.0,87.0
GLAS,glas001,Control_202,11,P4,-29.19316,1,11.0,87.0
GLAS,glas001,Control_202,11,C3,-36.14781,1,11.0,87.0
GLAS,glas001,Control_202,11,C4,-32.94407,1,11.0,87.0
GLAS,glas001,Control_202,11,P7,-19.15208,1,11.0,87.0
GLAS,glas001,Control_202,11,P8,-30.81684,1,11.0,87.0
GLAS,glas001,Control_202,11,O1,-13.61803,1,11.0,87.0
GLAS,glas001,Control_202,11,O2,-16.31945,1,11.0,87.0
GLAS,glas001,Control_202,12,Pz,-11.90383,1,19.0,100.0
GLAS,glas001,Control_202,12,Cz,-12.74053,1,19.0,100.0
GLAS,glas001,Control_202,12,CP1,-14.42708,1,19.0,100.0
GLAS,glas001,Control_202,12,CP2,0.1893891,1,19.0,100.0
GLAS,glas001,Control_202,12,P3,-15.19697,1,19.0,100.0
GLAS,glas001,Control_202,12,P4,-7.348792,1,19.0,100.0
GLAS,glas001,Control_202,12,C3,-11.8914,1,19.0,100.0
GLAS,glas001,Control_202,12,C4,-9.008002,1,19.0,100.0
GLAS,glas001,Control_202,12,P7,-19.2915,1,19.0,100.0
GLAS,glas001,Control_202,12,P8,-4.837724,1,19.0,100.0
GLAS,glas001,Control_202,12,O1,-22.05966,1,19.0,100.0
GLAS,glas001,Control_202,12,O2,2.285574,1,19.0,100.0
GLAS,glas001,Violation_201,13,Pz,3.598922,1,9.0,3.0
GLAS,glas001,Violation_201,13,Cz,1.733576,1,9.0,3.0
GLAS,glas001,Violation_201,13,CP1,2.198664,1,9.0,3.0
GLAS,glas001,Violation_201,13,CP2,-3.772556,1,9.0,3.0
GLAS,glas001,Violation_201,13,P3,2.342681,1,9.0,3.0
GLAS,glas001,Violation_201,13,P4,6.274266,1,9.0,3.0
GLAS,glas001,Violation_201,13,C3,6.36208,1,9.0,3.0
GLAS,glas001,Violation_201,13,C4,4.254746,1,9.0,3.0
GLAS,glas001,Violation_201,13,P7,6.056293,1,9.0,3.0
GLAS,glas001,Violation_201,13,P8,8.198584,1,9.0,3.0
GLAS,glas001,Violation_201,13,O1,2.493934,1,9.0,3.0
GLAS,glas001,Violation_201,13,O2,15.82478,1,9.0,3.0
GLAS,glas001,Control_202,14,Pz,-1.478143,1,1.0,97.0
GLAS,glas001,Control_202,14,Cz,-5.297534,1,1.0,97.0
GLAS,glas001,Control_202,14,CP1,-1.759512,1,1.0,97.0
GLAS,glas001,Control_202,14,CP2,-19.41579,1,1.0,97.0
GLAS,glas001,Control_202,14,P3,-0.9403815,1,1.0,97.0
GLAS,glas001,Control_202,14,P4,-4.825423,1,1.0,97.0
GLAS,glas001,Control_202,14,C3,-6.318058,1,1.0,97.0
GLAS,glas001,Control_202,14,C4,-4.089723,1,1.0,97.0
GLAS,glas001,Control_202,14,P7,-0.5161981,1,1.0,97.0
GLAS,glas001,Control_202,14,P8,-5.591083,1,1.0,97.0
GLAS,glas001,Control_202,14,O1,-3.746509,1,1.0,97.0
GLAS,glas001,Control_202,14,O2,7.123403,1,1.0,97.0
GLAS,glas001,Violation_201,15,Pz,6.27017,1,4.0,20.0
GLAS,glas001,Violation_201,15,Cz,6.794352,1,4.0,20.0
GLAS,glas001,Violation_201,15,CP1,5.401347,1,4.0,20.0
GLAS,glas001,Violation_201,15,CP2,15.61592,1,4.0,20.0
GLAS,glas001,Violation_201,15,P3,6.380288,1,4.0,20.0
GLAS,glas001,Violation_201,15,P4,5.80346,1,4.0,20.0
GLAS,glas001,Violation_201,15,C3,1.428243,1,4.0,20.0
GLAS,glas001,Violation_201,15,C4,3.48503,1,4.0,20.0
GLAS,glas001,Violation_201,15,P7,5.862064,1,4.0,20.0
GLAS,glas001,Violation_201,15,P8,1.472319,1,4.0,20.0
GLAS,glas001,Violation_201,15,O1,5.585885,1,4.0,20.0
GLAS,glas001,Violation_201,15,O2,6.484781,1,4.0,20.0
GLAS,glas001,Control_202,16,Pz,15.27452,1,3.0,100.0
GLAS,glas001,Control_202,16,Cz,10.42741,1,3.0,100.0
GLAS,glas001,Control_202,16,CP1,13.55358,1,3.0,100.0
GLAS,glas001,Control_202,16,CP2,15.80135,1,3.0,100.0
GLAS,glas001,Control_202,16,P3,15.62532,1,3.0,100.0
GLAS,glas001,Control_202,16,P4,14.55025,1,3.0,100.0
GLAS,glas001,Control_202,16,C3,13.52992,1,3.0,100.0
GLAS,glas001,Control_202,16,C4,14.68341,1,3.0,100.0
GLAS,glas001,Control_202,16,P7,9.859394,1,3.0,100.0
GLAS,glas001,Control_202,16,P8,12.1275,1,3.0,100.0
GLAS,glas001,Control_202,16,O1,10.82118,1,3.0,100.0
GLAS,glas001,Control_202,16,O2,2.074949,1,3.0,100.0
GLAS,glas001,Control_202,17,Pz,6.258578,1,8.0,97.0
GLAS,glas001,Control_202,17,Cz,8.137701,1,8.0,97.0
GLAS,glas001,Control_202,17,CP1,6.017557,1,8.0,97.0
GLAS,glas001,Control_202,17,CP2,9.760178,1,8.0,97.0
GLAS,glas001,Control_202,17,P3,6.360413,1,8.0,97.0
GLAS,glas001,Control_202,17,P4,6.30063,1,8.0,97.0
GLAS,glas001,Control_202,17,C3,8.709486,1,8.0,97.0
GLAS,glas001,Control_202,17,C4,6.725437,1,8.0,97.0
GLAS,glas001,Control_202,17,P7,13.25297,1,8.0,97.0
GLAS,glas001,Control_202,17,P8,8.431945,1,8.0,97.0
GLAS,glas001,Control_202,17,O1,7.564533,1,8.0,97.0
GLAS,glas001,Control_202,17,O2,4.814076,1,8.0,97.0
GLAS,glas001,Control_202,18,Pz,8.063972,1,6.0,100.0
GLAS,glas001,Control_202,18,Cz,10.01999,1,6.0,100.0
GLAS,glas001,Control_202,18,CP1,5.542786,1,6.0,100.0
GLAS,glas001,Control_202,18,CP2,12.40733,1,6.0,100.0
GLAS,glas001,Control_202,18,P3,8.027292,1,6.0,100.0
GLAS,glas001,Control_202,18,P4,10.95805,1,6.0,100.0
GLAS,glas001,Control_202,18,C3,12.23744,1,6.0,100.0
GLAS,glas001,Control_202,18,C4,10.66635,1,6.0,100.0
GLAS,glas001,Control_202,18,P7,3.089453,1,6.0,100.0
GLAS,glas001,Control_202,18,P8,12.99496,1,6.0,100.0
GLAS,glas001,Control_202,18,O1,4.198073,1,6.0,100.0
GLAS,glas001,Control_202,18,O2,14.1083,1,6.0,100.0
GLAS,glas001,Control_202,19,Pz,10.05438,1,5.0,93.0
GLAS,glas001,Control_202,19,Cz,10.89643,1,5.0,93.0
GLAS,glas001,Control_202,19,CP1,6.256499,1,5.0,93.0
GLAS,glas001,Control_202,19,CP2,10.07426,1,5.0,93.0
GLAS,glas001,Control_202,19,P3,5.669605,1,5.0,93.0
GLAS,glas001,Control_202,19,P4,10.80612,1,5.0,93.0
GLAS,glas001,Control_202,19,C3,12.28705,1,5.0,93.0
GLAS,glas001,Control_202,19,C4,12.32085,1,5.0,93.0
GLAS,glas001,Control_202,19,P7,3.088659,1,5.0,93.0
GLAS,glas001,Control_202,19,P8,12.22992,1,5.0,93.0
GLAS,glas001,Control_202,19,O1,3.405233,1,5.0,93.0
GLAS,glas001,Control_202,19,O2,-1.603438,1,5.0,93.0
GLAS,glas001,Violation_201,20,Pz,-31.24535,1,7.0,0.0
GLAS,glas001,Violation_201,20,Cz,-29.67657,1,7.0,0.0
GLAS,glas001,Violation_201,20,CP1,-32.89915,1,7.0,0.0
GLAS,glas001,Violation_201,20,CP2,-21.39763,1,7.0,0.0
GLAS,glas001,Violation_201,20,P3,-35.30288,1,7.0,0.0
GLAS,glas001,Violation_201,20,P4,-27.08588,1,7.0,0.0
GLAS,glas001,Violation_201,20,C3,-28.16546,1,7.0,0.0
GLAS,glas001,Violation_201,20,C4,-24.91553,1,7.0,0.0
GLAS,glas001,Violation_201,20,P7,-31.02246,1,7.0,0.0
GLAS,glas001,Violation_201,20,P8,-25.28412,1,7.0,0.0
GLAS,glas001,Violation_201,20,O1,-17.55763,1,7.0,0.0
GLAS,glas001,Violation_201,20,O2,-24.13465,1,7.0,0.0
GLAS,glas001,Violation_201,21,Pz,-13.94542,1,30.0,0.0
GLAS,glas001,Violation_201,21,Cz,-12.75681,1,30.0,0.0
GLAS,glas001,Violation_201,21,CP1,-12.01973,1,30.0,0.0
GLAS,glas001,Violation_201,21,CP2,-4.596647,1,30.0,0.0
GLAS,glas001,Violation_201,21,P3,-14.80825,1,30.0,0.0
GLAS,glas001,Violation_201,21,P4,-11.67483,1,30.0,0.0
GLAS,glas001,Violation_201,21,C3,-19.02282,1,30.0,0.0
GLAS,glas001,Violation_201,21,C4,-14.40829,1,30.0,0.0
GLAS,glas001,Violation_201,21,P7,-12.98665,1,30.0,0.0
GLAS,glas001,Violation_201,21,P8,-12.60968,1,30.0,0.0
GLAS,glas001,Violation_201,21,O1,-19.40776,1,30.0,0.0
GLAS,glas001,Violation_201,21,O2,-11.4757,1,30.0,0.0
GLAS,glas001,Violation_201,22,Pz,-0.9408694,1,36.0,7.0
GLAS,glas001,Violation_201,22,Cz,0.5116575,1,36.0,7.0
GLAS,glas001,Violation_201,22,CP1,3.709799,1,36.0,7.0
GLAS,glas001,Violation_201,22,CP2,-2.60591,1,36.0,7.0
GLAS,glas001,Violation_201,22,P3,1.141432,1,36.0,7.0
GLAS,glas001,Violation_201,22,P4,-1.619082,1,36.0,7.0
GLAS,glas001,Violation_201,22,C3,-1.826414,1,36.0,7.0
GLAS,glas001,Violation_201,22,C4,-1.748872,1,36.0,7.0
GLAS,glas001,Violation_201,22,P7,1.181098,1,36.0,7.0
GLAS,glas001,Violation_201,22,P8,-0.5040405,1,36.0,7.0
GLAS,glas001,Violation_201,22,O1,-4.63852,1,36.0,7.0
GLAS,glas001,Violation_201,22,O2,22.23335,1,36.0,7.0
GLAS,glas001,Control_202,23,Pz,4.57494,1,24.0,93.0
GLAS,glas001,Control_202,23,Cz,4.326144,1,24.0,93.0
GLAS,glas001,Control_202,23,CP1,1.932266,1,24.0,93.0
GLAS,glas001,Control_202,23,CP2,0.587946,1,24.0,93.0
GLAS,glas001,Control_202,23,P3,3.661492,1,24.0,93.0
GLAS,glas001,Control_202,23,P4,3.452455,1,24.0,93.0
GLAS,glas001,Control_202,23,C3,10.33332,1,24.0,93.0
GLAS,glas001,Control_202,23,C4,5.41062,1,24.0,93.0
GLAS,glas001,Control_202,23,P7,2.437395,1,24.0,93.0
GLAS,glas001,Control_202,23,P8,2.760647,1,24.0,93.0
GLAS,glas001,Control_202,23,O1,-7.229902,1,24.0,93.0
GLAS,glas001,Control_202,23,O2,-7.471669,1,24.0,93.0
GLAS,glas001,Violation_201,24,Pz,-26.35226,1,31.0,0.0
GLAS,glas001,Violation_201,24,Cz,-23.70753,1,31.0,0.0
GLAS,glas001,Violation_201,24,CP1,-20.46591,1,31.0,0.0
GLAS,glas001,Violation_201,24,CP2,-22.12113,1,31.0,0.0
GLAS,glas001,Violation_201,24,P3,-21.33194,1,31.0,0.0
GLAS,glas001,Violation_201,24,P4,-25.84145,1,31.0,0.0
GLAS,glas001,Violation_201,24,C3,-29.3372,1,31.0,0.0
GLAS,glas001,Violation_201,24,C4,-26.5953,1,31.0,0.0
GLAS,glas001,Violation_201,24,P7,-21.06666,1,31.0,0.0
GLAS,glas001,Violation_201,24,P8,-24.17593,1,31.0,0.0
GLAS,glas001,Violation_201,24,O1,-20.10123,1,31.0,0.0
GLAS,glas001,Violation_201,24,O2,-11.58811,1,31.0,0.0
GLAS,glas001,Violation_201,25,Pz,2.263436,1,29.0,90.0
GLAS,glas001,Violation_201,25,Cz,6.685747,1,29.0,90.0
GLAS,glas001,Violation_201,25,CP1,-2.682268,1,29.0,90.0
GLAS,glas001,Violation_201,25,CP2,-11.4135,1,29.0,90.0
GLAS,glas001,Violation_201,25,P3,-5.042428,1,29.0,90.0
GLAS,glas001,Violation_201,25,P4,0.01240195,1,29.0,90.0
GLAS,glas001,Violation_201,25,C3,8.041352,1,29.0,90.0
GLAS,glas001,Violation_201,25,C4,4.207359,1,29.0,90.0
GLAS,glas001,Violation_201,25,P7,-5.752751,1,29.0,90.0
GLAS,glas001,Violation_201,25,P8,-0.6209583,1,29.0,90.0
GLAS,glas001,Violation_201,25,O1,-2.021247,1,29.0,90.0
GLAS,glas001,Violation_201,25,O2,-0.6046845,1,29.0,90.0
GLAS,glas001,Control_202,26,Pz,-28.36228,1,40.0,93.0
GLAS,glas001,Control_202,26,Cz,-27.80218,1,40.0,93.0
GLAS,glas001,Control_202,26,CP1,-28.73154,1,40.0,93.0
GLAS,glas001,Control_202,26,CP2,-20.17235,1,40.0,93.0
GLAS,glas001,Control_202,26,P3,-32.3406,1,40.0,93.0
GLAS,glas001,Control_202,26,P4,-23.70814,1,40.0,93.0
GLAS,glas001,Control_202,26,C3,-27.80613,1,40.0,93.0
GLAS,glas001,Control_202,26,C4,-24.35504,1,40.0,93.0
GLAS,glas001,Control_202,26,P7,-34.7942,1,40.0,93.0
GLAS,glas001,Control_202,26,P8,-21.4921,1,40.0,93.0
GLAS,glas001,Control_202,26,O1,-38.37784,1,40.0,93.0
GLAS,glas001,Control_202,26,O2,-3.696594,1,40.0,93.0
GLAS,glas001,Control_202,27,Pz,-5.440515,1,35.0,97.0
GLAS,glas001,Control_202,27,Cz,-3.776978,1,35.0,97.0
GLAS,glas001,Control_202,27,CP1,-10.8203,1,35.0,97.0
GLAS,glas001,Control_202,27,CP2,-11.67279,1,35.0,97.0
GLAS,glas001,Control_202,27,P3,-11.2433,1,35.0,97.0
GLAS,glas001,Control_202,27,P4,-6.270443,1,35.0,97.0
GLAS,glas001,Control_202,27,C3,-13.00082,1,35.0,97.0
GLAS,glas001,Control_202,27,C4,-3.739997,1,35.0,97.0
GLAS,glas001,Control_202,27,P7,-13.01528,1,35.0,97.0
GLAS,glas001,Control_202,27,P8,-1.441855,1,35.0,97.0
GLAS,glas001,Control_202,27,O1,-19.42006,1,35.0,97.0
GLAS,glas001,Control_202,27,O2,3.66028,1,35.0,97.0
GLAS,glas001,Control_202,28,Pz,-9.741573,1,34.0,97.0
GLAS,glas001,Control_202,28,Cz,-9.341651,1,34.0,97.0
GLAS,glas001,Control_202,28,CP1,-17.83263,1,34.0,97.0
GLAS,glas001,Control_202,28,CP2,-16.81753,1,34.0,97.0
GLAS,glas001,Control_202,28,P3,-18.98639,1,34.0,97.0
GLAS,glas001,Control_202,28,P4,-6.847996,1,34.0,97.0
GLAS,glas001,Control_202,28,C3,-9.980045,1,34.0,97.0
GLAS,glas001,Control_202,28,C4,-6.224639,1,34.0,97.0
GLAS,glas001,Control_202,28,P7,-27.58809,1,34.0,97.0
GLAS,glas001,Control_202,28,P8,-5.655367,1,34.0,97.0
GLAS,glas001,Control_202,28,O1,-26.58403,1,34.0,97.0
GLAS,glas001,Control_202,28,O2,-30.70219,1,34.0,97.0
GLAS,glas001,Violation_201,29,Pz,16.30944,1,26.0,0.0
GLAS,glas001,Violation_201,29,Cz,13.96161,1,26.0,0.0
GLAS,glas001,Violation_201,29,CP1,17.80091,1,26.0,0.0
GLAS,glas001,Violation_201,29,CP2,15.76123,1,26.0,0.0
GLAS,glas001,Violation_201,29,P3,17.80099,1,26.0,0.0
GLAS,glas001,Violation_201,29,P4,16.39541,1,26.0,0.0
GLAS,glas001,Violation_201,29,C3,0.05583527,1,26.0,0.0
GLAS,glas001,Violation_201,29,C4,14.7511,1,26.0,0.0
GLAS,glas001,Violation_201,29,P7,11.65893,1,26.0,0.0
GLAS,glas001,Violation_201,29,P8,16.2466,1,26.0,0.0
GLAS,glas001,Violation_201,29,O1,8.291783,1,26.0,0.0
GLAS,glas001,Violation_201,29,O2,7.273132,1,26.0,0.0
GLAS,glas001,Control_202,30,Pz,21.24335,1,21.0,77.0
GLAS,glas001,Control_202,30,Cz,16.7525,1,21.0,77.0
GLAS,glas001,Control_202,30,CP1,16.85083,1,21.0,77.0
GLAS,glas001,Control_202,30,CP2,20.519,1,21.0,77.0
GLAS,glas001,Control_202,30,P3,18.60466,1,21.0,77.0
GLAS,glas001,Control_202,30,P4,20.54315,1,21.0,77.0
GLAS,glas001,Control_202,30,C3,20.96358,1,21.0,77.0
GLAS,glas001,Control_202,30,C4,20.52449,1,21.0,77.0
GLAS,glas001,Control_202,30,P7,14.19474,1,21.0,77.0
GLAS,glas001,Control_202,30,P8,18.56269,1,21.0,77.0
GLAS,glas001,Control_202,30,O1,8.785129,1,21.0,77.0
GLAS,glas001,Control_202,30,O2,24.13812,1,21.0,77.0
GLAS,glas001,Violation_201,31,Pz,-3.379646,1,33.0,0.0
GLAS,glas001,Violation_201,31,Cz,-4.707435,1,33.0,0.0
GLAS,glas001,Violation_201,31,CP1,-2.899121,1,33.0,0.0
GLAS,glas001,Violation_201,31,CP2,-3.752853,1,33.0,0.0
GLAS,glas001,Violation_201,31,P3,-4.117603,1,33.0,0.0
GLAS,glas001,Violation_201,31,P4,-1.926518,1,33.0,0.0
GLAS,glas001,Violation_201,31,C3,-5.382472,1,33.0,0.0
GLAS,glas001,Violation_201,31,C4,-2.699139,1,33.0,0.0
GLAS,glas001,Violation_201,31,P7,-4.042363,1,33.0,0.0
GLAS,glas001,Violation_201,31,P8,-2.641208,1,33.0,0.0
GLAS,glas001,Violation_201,31,O1,-5.205811,1,33.0,0.0
GLAS,glas001,Violation_201,31,O2,13.80906,1,33.0,0.0
GLAS,glas002,Control_202,1,Pz,6.55511,2,17.0,62.0
GLAS,glas002,Control_202,1,Cz,2.105395,2,17.0,62.0
GLAS,glas002,Control_202,1,CP1,5.071486,2,17.0,62.0
GLAS,glas002,Control_202,1,CP2,4.014976,2,17.0,62.0
GLAS,glas002,Control_202,1,P3,1.437123,2,17.0,62.0
GLAS,glas002,Control_202,1,P4,4.120113,2,17.0,62.0
GLAS,glas002,Control_202,1,C3,2.16964,2,17.0,62.0
GLAS,glas002,Control_202,1,C4,23.37318,2,17.0,62.0
GLAS,glas002,Control_202,1,P7,2.740446,2,17.0,62.0
GLAS,glas002,Control_202,1,P8,2.80305,2,17.0,62.0
GLAS,glas002,Control_202,1,O1,-0.2986451,2,17.0,62.0
GLAS,glas002,Control_202,1,O2,16.50679,2,17.0,62.0
GLAS,glas002,Violation_201,2,Pz,-8.134246,2,16.0,0.0
GLAS,glas002,Violation_201,2,Cz,0.1645874,2,16.0,0.0
GLAS,glas002,Violation_201,2,CP1,9.503093,2,16.0,0.0
GLAS,glas002,Violation_201,2,CP2,-0.3251705,2,16.0,0.0
GLAS,glas002,Violation_201,2,P3,-10.00471,2,16.0,0.0
GLAS,glas002,Violation_201,2,P4,-0.9131264,2,16.0,0.0
GLAS,glas002,Violation_201,2,C3,0.01885371,2,16.0,0.0
GLAS,glas002,Violation_201,2,C4,-7.557816,2,16.0,0.0
GLAS,glas002,Violation_201,2,P7,-2.769835,2,16.0,0.0
GLAS,glas002,Violation_201,2,P8,0.9598193,2,16.0,0.0
GLAS,glas002,Violation_201,2,O1,4.175309,2,16.0,0.0
GLAS,glas002,Violation_201,2,O2,4.503437,2,16.0,0.0
GLAS,glas002,Control_202,3,Pz,-10.82848,2,14.0,90.0
GLAS,glas002,Control_202,3,Cz,-19.43708,2,14.0,90.0
GLAS,glas002,Control_202,3,CP1,-4.859572,2,14.0,90.0
GLAS,glas002,Control_202,3,CP2,-20.04487,2,14.0,90.0
GLAS,glas002,Control_202,3,P3,-15.23665,2,14.0,90.0
GLAS,glas002,Control_202,3,P4,-14.7869,2,14.0,90.0
GLAS,glas002,Control_202,3,C3,-18.38194,2,14.0,90.0
GLAS,glas002,Control_202,3,C4,-9.923782,2,14.0,90.0
GLAS,glas002,Control_202,3,P7,9.997997,2,14.0,90.0
GLAS,glas002,Control_202,3,P8,-18.06545,2,14.0,90.0
GLAS,glas002,Control_202,3,O1,-17.57075,2,14.0,90.0
GLAS,glas002,Control_202,3,O2,-14.76159,2,14.0,90.0
GLAS,glas002,Control_202,4,Pz,1.926638,2,12.0,100.0
GLAS,glas002,Control_202,4,Cz,-5.395413,2,12.0,100.0
GLAS,glas002,Control_202,4,CP1,0.9353978,2,12.0,100.0
GLAS,glas002,Control_202,4,CP2,-3.256108,2,12.0,100.0
GLAS,glas002,Control_202,4,P3,-6.078108,2,12.0,100.0
GLAS,glas002,Control_202,4,P4,-6.82061,2,12.0,100.0
GLAS,glas002,Control_202,4,C3,-5.066447,2,12.0,100.0
GLAS,glas002,Control_202,4,C4,-2.093068,2,12.0,100.0
GLAS,glas002,Control_202,4,P7,3.858905,2,12.0,100.0
GLAS,glas002,Control_202,4,P8,-7.211971,2,12.0,100.0
GLAS,glas002,Control_202,4,O1,1.432707,2,12.0,100.0
GLAS,glas002,Control_202,4,O2,-1.1859,2,12.0,100.0
GLAS,glas002,Violation_201,5,Pz,-17.97833,2,9.0,3.0
GLAS,glas002,Violation_201,5,Cz,-25.07648,2,9.0,3.0
GLAS,glas002,Violation_201,5,CP1,-10.41574,2,9.0,3.0
GLAS,glas002,Violation_201,5,CP2,-19.259,2,9.0,3.0
GLAS,glas002,Violation_201,5,P3,-22.33417,2,9.0,3.0
GLAS,glas002,Violation_201,5,P4,-21.69967,2,9.0,3.0
GLAS,glas002,Violation_201,5,C3,-25.49474,2,9.0,3.0
GLAS,glas002,Violation_201,5,C4,-18.32234,2,9.0,3.0
GLAS,glas002,Violation_201,5,P7,-20.26261,2,9.0,3.0
GLAS,glas002,Violation_201,5,P8,-17.55664,2,9.0,3.0
GLAS,glas002,Violation_201,5,O1,-19.54858,2,9.0,3.0
GLAS,glas002,Violation_201,5,O2,-8.152271,2,9.0,3.0
GLAS,glas002,Violation_201,6,Pz,-20.19488,2,20.0,0.0
GLAS,glas002,Violation_201,6,Cz,-17.68684,2,20.0,0.0
GLAS,glas002,Violation_201,6,CP1,-20.9697,2,20.0,0.0
GLAS,glas002,Violation_201,6,CP2,-18.12059,2,20.0,0.0
GLAS,glas002,Violation_201,6,P3,-28.87247,2,20.0,0.0
GLAS,glas002,Violation_201,6,P4,-19.43035,2,20.0,0.0
GLAS,glas002,Violation_201,6,C3,-17.07268,2,20.0,0.0
GLAS,glas002,Violation_201,6,C4,-12.14315,2,20.0,0.0
GLAS,glas002,Violation_201,6,P7,-19.88448,2,20.0,0.0
GLAS,glas002,Violation_201,6,P8,-16.67426,2,20.0,0.0
GLAS,glas002,Violation_201,6,O1,-14.96983,2,20.0,0.0
GLAS,glas002,Violation_201,6,O2,-16.19398,2,20.0,0.0
GLAS,glas002,Control_202,7,Pz,9.569139,2,13.0,97.0
GLAS,glas002,Control_202,7,Cz,21.76735,2,13.0,97.0
GLAS,glas002,Control_202,7,CP1,16.90568,2,13.0,97.0
GLAS,glas002,Control_202,7,CP2,11.07909,2,13.0,97.0
GLAS,glas002,Control_202,7,P3,22.07841,2,13.0,97.0
GLAS,glas002,Control_202,7,P4,18.71104,2,13.0,97.0
GLAS,glas002,Control_202,7,C3,19.93197,2,13.0,97.0
GLAS,glas002,Control_202,7,C4,24.57435,2,13.0,97.0
GLAS,glas002,Control_202,7,P7,7.895817,2,13.0,97.0
GLAS,glas002,Control_202,7,P8,19.47134,2,13.0,97.0
GLAS,glas002,Control_202,7,O1,9.274444,2,13.0,97.0
GLAS,glas002,Control_202,7,O2,0.5509379,2,13.0,97.0
GLAS,glas002,Violation_201,8,Pz,16.50952,2,3.0,7.0
GLAS,glas002,Violation_201,8,Cz,-1.511383,2,3.0,7.0
GLAS,glas002,Violation_201,8,CP1,4.397816,2,3.0,7.0
GLAS,glas002,Violation_201,8,CP2,-3.32496,2,3.0,7.0
GLAS,glas002,Violation_201,8,P3,14.6266,2,3.0,7.0
GLAS,glas002,Violation_201,8,P4,5.129213,2,3.0,7.0
GLAS,glas002,Violation_201,8,C3,-0.4120708,2,3.0,7.0
GLAS,glas002,Violation_201,8,C4,7.778047,2,3.0,7.0
GLAS,glas002,Violation_201,8,P7,12.79936,2,3.0,7.0
GLAS,glas002,Violation_201,8,P8,0.6233507,2,3.0,7.0
GLAS,glas002,Violation_201,8,O1,-1.928742,2,3.0,7.0
GLAS,glas002,Violation_201,8,O2,-6.827756,2,3.0,7.0
GLAS,glas002,Control_202,9,Pz,-3.168943,2,11.0,87.0
GLAS,glas002,Control_202,9,Cz,-0.6678679,2,11.0,87.0
GLAS,glas002,Control_202,9,CP1,-7.288805,2,11.0,87.0
GLAS,glas002,Control_202,9,CP2,1.133026,2,11.0,87.0
GLAS,glas002,Control_202,9,P3,-13.69179,2,11.0,87.0
GLAS,glas002,Control_202,9,P4,-0.2105626,2,11.0,87.0
GLAS,glas002,Control_202,9,C3,-0.6248836,2,11.0,87.0
GLAS,glas002,Control_202,9,C4,-4.023192,2,11.0,87.0
GLAS,glas002,Control_202,9,P7,1.039222,2,11.0,87.0
GLAS,glas002,Control_202,9,P8,0.8355438,2,11.0,87.0
GLAS,glas002,Control_202,9,O1,2.680285,2,11.0,87.0
GLAS,glas002,Control_202,9,O2,2.645263,2,11.0,87.0
GLAS,glas002,Violation_201,10,Pz,-0.4160556,2,7.0,0.0
GLAS,glas002,Violation_201,10,Cz,6.051558,2,7.0,0.0
GLAS,glas002,Violation_201,10,CP1,-7.975054,2,7.0,0.0
GLAS,glas002,Violation_201,10,CP2,-8.804962,2,7.0,0.0
GLAS,glas002,Violation_201,10,P3,-8.092613,2,7.0,0.0
GLAS,glas002,Violation_201,10,P4,-5.538274,2,7.0,0.0
GLAS,glas002,Violation_201,10,C3,4.927291,2,7.0,0.0
GLAS,glas002,Violation_201,10,C4,-2.108874,2,7.0,0.0
GLAS,glas002,Violation_201,10,P7,-1.367071,2,7.0,0.0
GLAS,glas002,Violation_201,10,P8,-3.163035,2,7.0,0.0
GLAS,glas002,Violation_201,10,O1,-5.205386,2,7.0,0.0
GLAS,glas002,Violation_201,10,O2,-7.808924,2,7.0,0.0
GLAS,glas002,Control_202,11,Pz,-28.24729,2,19.0,100.0
GLAS,glas002,Control_202,11,Cz,-23.10336,2,19.0,100.0
GLAS,glas002,Control_202,11,CP1,-40.21116,2,19.0,100.0
GLAS,glas002,Control_202,11,CP2,-10.06576,2,19.0,100.0
GLAS,glas002,Control_202,11,P3,-20.38568,2,19.0,100.0
GLAS,glas002,Control_202,11,P4,-25.39408,2,19.0,100.0
GLAS,glas002,Control_202,11,C3,-23.43741,2,19.0,100.0
GLAS,glas002,Control_202,11,C4,-27.59576,2,19.0,100.0
GLAS,glas002,Control_202,11,P7,-36.42511,2,19.0,100.0
GLAS,glas002,Control_202,11,P8,-20.0045,2,19.0,100.0
GLAS,glas002,Control_202,11,O1,-18.70193,2,19.0,100.0
GLAS,glas002,Control_202,11,O2,-10.18541,2,19.0,100.0
GLAS,glas002,Violation_201,12,Pz,-5.924138,2,18.0,0.0
GLAS,glas002,Violation_201,12,Cz,-7.19825,2,18.0,0.0
GLAS,glas002,Violation_201,12,CP1,-4.731278,2,18.0,0.0
GLAS,glas002,Violation_201,12,CP2,-12.32193,2,18.0,0.0
GLAS,glas002,Violation_201,12,P3,-5.863937,2,18.0,0.0
GLAS,glas002,Violation_201,12,P4,-8.142376,2,18.0,0.0
GLAS,glas002,Violation_201,12,C3,-6.472421,2,18.0,0.0
GLAS,glas002,Violation_201,12,C4,-4.803995,2,18.0,0.0
GLAS,glas002,Violation_201,12,P7,-5.354423,2,18.0,0.0
GLAS,glas002,Violation_201,12,P8,-9.548251,2,18.0,0.0
GLAS,glas002,Violation_201,12,O1,-8.559764,2,18.0,0.0
GLAS,glas002,Violation_201,12,O2,-7.613498,2,18.0,0.0
GLAS,glas002,Violation_201,13,Pz,10.66339,2,2.0,3.0
GLAS,glas002,Violation_201,13,Cz,19.00895,2,2.0,3.0
GLAS,glas002,Violation_201,13,CP1,6.784173,2,2.0,3.0
GLAS,glas002,Violation_201,13,CP2,11.05543,2,2.0,3.0
GLAS,glas002,Violation_201,13,P3,2.887808,2,2.0,3.0
GLAS,glas002,Violation_201,13,P4,17.16759,2,2.0,3.0
GLAS,glas002,Violation_201,13,C3,18.32648,2,2.0,3.0
GLAS,glas002,Violation_201,13,C4,26.64164,2,2.0,3.0
GLAS,glas002,Violation_201,13,P7,14.09369,2,2.0,3.0
GLAS,glas002,Violation_201,13,P8,17.19929,2,2.0,3.0
GLAS,glas002,Violation_201,13,O1,5.715838,2,2.0,3.0
GLAS,glas002,Violation_201,13,O2,19.79225,2,2.0,3.0
GLAS,glas002,Violation_201,14,Pz,-0.7854261,2,8.0,34.0
GLAS,glas002,Violation_201,14,Cz,-5.398475,2,8.0,34.0
GLAS,glas002,Violation_201,14,CP1,-4.379163,2,8.0,34.0
GLAS,glas002,Violation_201,14,CP2,1.978139,2,8.0,34.0
GLAS,glas002,Violation_201,14,P3,-3.487892,2,8.0,34.0
GLAS,glas002,Violation_201,14,P4,2.077425,2,8.0,34.0
GLAS,glas002,Violation_201,14,C3,-5.342561,2,8.0,34.0
GLAS,glas002,Violation_201,14,C4,-0.3610254,2,8.0,34.0
GLAS,glas002,Violation_201,14,P7,3.632324,2,8.0,34.0
GLAS,glas002,Violation_201,14,P8,0.06718941,2,8.0,34.0
GLAS,glas002,Violation_201,14,O1,3.600063,2,8.0,34.0
GLAS,glas002,Violation_201,14,O2,-4.677484,2,8.0,34.0
GLAS,glas002,Violation_201,15,Pz,-3.790708,2,15.0,0.0
GLAS,glas002,Violation_201,15,Cz,-9.758863,2,15.0,0.0
GLAS,glas002,Violation_201,15,CP1,13.62866,2,15.0,0.0
GLAS,glas002,Violation_201,15,CP2,-5.618384,2,15.0,0.0
GLAS,glas002,Violation_201,15,P3,6.360806,2,15.0,0.0
GLAS,glas002,Violation_201,15,P4,-8.237587,2,15.0,0.0
GLAS,glas002,Violation_201,15,C3,-8.850162,2,15.0,0.0
GLAS,glas002,Violation_201,15,C4,-7.841273,2,15.0,0.0
GLAS,glas002,Violation_201,15,P7,-6.251341,2,15.0,0.0
GLAS,glas002,Violation_201,15,P8,-7.273044,2,15.0,0.0
GLAS,glas002,Violation_201,15,O1,-5.611685,2,15.0,0.0
GLAS,glas002,Violation_201,15,O2,-4.606201,2,15.0,0.0
GLAS,glas002,Control_202,16,Pz,11.18219,2,1.0,97.0
GLAS,glas002,Control_202,16,Cz,8.999013,2,1.0,97.0
GLAS,glas002,Control_202,16,CP1,10.49377,2,1.0,97.0
GLAS,glas002,Control_202,16,CP2,13.25873,2,1.0,97.0
GLAS,glas002,Control_202,16,P3,14.62099,2,1.0,97.0
GLAS,glas002,Control_202,16,P4,15.67736,2,1.0,97.0
GLAS,glas002,Control_202,16,C3,9.13631,2,1.0,97.0
GLAS,glas002,Control_202,16,C4,11.40669,2,1.0,97.0
GLAS,glas002,Control_202,16,P7,-1.712949,2,1.0,97.0
GLAS,glas002,Control_202,16,P8,16.76564,2,1.0,97.0
GLAS,glas002,Control_202,16,O1,6.093813,2,1.0,97.0
GLAS,glas002,Control_202,16,O2,10.64873,2,1.0,97.0
GLAS,glas002,Violation_201,17,Pz,-32.82724,2,6.0,0.0
GLAS,glas002,Violation_201,17,Cz,-25.49141,2,6.0,0.0
GLAS,glas002,Violation_201,17,CP1,-36.12063,2,6.0,0.0
GLAS,glas002,Violation_201,17,CP2,-22.67447,2,6.0,0.0
GLAS,glas002,Violation_201,17,P3,-26.19139,2,6.0,0.0
GLAS,glas002,Violation_201,17,P4,-29.72348,2,6.0,0.0
GLAS,glas002,Violation_201,17,C3,-26.7612,2,6.0,0.0
GLAS,glas002,Violation_201,17,C4,-27.02796,2,6.0,0.0
GLAS,glas002,Violation_201,17,P7,-27.26548,2,6.0,0.0
GLAS,glas002,Violation_201,17,P8,-25.03458,2,6.0,0.0
GLAS,glas002,Violation_201,17,O1,-30.06388,2,6.0,0.0
GLAS,glas002,Violation_201,17,O2,-24.01896,2,6.0,0.0
GLAS,glas002,Control_202,18,Pz,-4.998073,2,4.0,93.0
GLAS,glas002,Control_202,18,Cz,-10.50552,2,4.0,93.0
GLAS,glas002,Control_202,18,CP1,-12.57101,2,4.0,93.0
GLAS,glas002,Control_202,18,CP2,-0.5793992,2,4.0,93.0
GLAS,glas002,Control_202,18,P3,-7.960455,2,4.0,93.0
GLAS,glas002,Control_202,18,P4,-10.61641,2,4.0,93.0
GLAS,glas002,Control_202,18,C3,-10.71883,2,4.0,93.0
GLAS,glas002,Control_202,18,C4,-7.134658,2,4.0,93.0
GLAS,glas002,Control_202,18,P7,2.940188,2,4.0,93.0
GLAS,glas002,Control_202,18,P8,-10.85762,2,4.0,93.0
GLAS,glas002,Control_202,18,O1,2.122919,2,4.0,93.0
GLAS,glas002,Control_202,18,O2,1.13493,2,4.0,93.0
GLAS,glas002,Violation_201,19,Pz,-13.88669,2,5.0,0.0
GLAS,glas002,Violation_201,19,Cz,-20.64927,2,5.0,0.0
GLAS,glas002,Violation_201,19,CP1,4.877001,2,5.0,0.0
GLAS,glas002,Violation_201,19,CP2,-17.22288,2,5.0,0.0
GLAS,glas002,Violation_201,19,P3,-8.707434,2,5.0,0.0
GLAS,glas002,Violation_201,19,P4,-16.52338,2,5.0,0.0
GLAS,glas002,Violation_201,19,C3,-19.78961,2,5.0,0.0
GLAS,glas002,Violation_201,19,C4,-13.19335,2,5.0,0.0
GLAS,glas002,Violation_201,19,P7,-12.81116,2,5.0,0.0
GLAS,glas002,Violation_201,19,P8,-19.76285,2,5.0,0.0
GLAS,glas002,Violation_201,19,O1,-14.24031,2,5.0,0.0
GLAS,glas002,Violation_201,19,O2,-14.03864,2,5.0,0.0
GLAS,glas002,Control_202,20,Pz,-6.414618,2,10.0,80.0
GLAS,glas002,Control_202,20,Cz,-0.1658945,2,10.0,80.0
GLAS,glas002,Control_202,20,CP1,-12.52176,2,10.0,80.0
GLAS,glas002,Control_202,20,CP2,-6.953663,2,10.0,80.0
GLAS,glas002,Control_202,20,P3,-5.017706,2,10.0,80.0
GLAS,glas002,Control_202,20,P4,-6.915267,2,10.0,80.0
GLAS,glas002,Control_202,20,C3,-0.8490192,2,10.0,80.0
GLAS,glas002,Control_202,20,C4,-1.735846,2,10.0,80.0
GLAS,glas002,Control_202,20,P7,-4.823311,2,10.0,80.0
GLAS,glas002,Control_202,20,P8,-5.766667,2,10.0,80.0
GLAS,glas002,Control_202,20,O1,5.124338,2,10.0,80.0
GLAS,glas002,Control_202,20,O2,-9.560043,2,10.0,80.0
GLAS,glas002,Violation_201,21,Pz,-19.45063,2,35.0,0.0
GLAS,glas002,Violation_201,21,Cz,-22.3213,2,35.0,0.0
GLAS,glas002,Violation_201,21,CP1,-27.58457,2,35.0,0.0
GLAS,glas002,Violation_201,21,CP2,-18.87426,2,35.0,0.0
GLAS,glas002,Violation_201,21,P3,-9.408725,2,35.0,0.0
GLAS,glas002,Violation_201,21,P4,-22.57948,2,35.0,0.0
GLAS,glas002,Violation_201,21,C3,-22.59506,2,35.0,0.0
GLAS,glas002,Violation_201,21,C4,-14.75505,2,35.0,0.0
GLAS,glas002,Violation_201,21,P7,-14.26966,2,35.0,0.0
GLAS,glas002,Violation_201,21,P8,-19.69559,2,35.0,0.0
GLAS,glas002,Violation_201,21,O1,-14.03859,2,35.0,0.0
GLAS,glas002,Violation_201,21,O2,-22.66473,2,35.0,0.0
GLAS,glas002,Control_202,22,Pz,9.189701,2,21.0,77.0
GLAS,glas002,Control_202,22,Cz,-16.76782,2,21.0,77.0
GLAS,glas002,Control_202,22,CP1,6.733849,2,21.0,77.0
GLAS,glas002,Control_202,22,CP2,11.46109,2,21.0,77.0
GLAS,glas002,Control_202,22,P3,14.9898,2,21.0,77.0
GLAS,glas002,Control_202,22,P4,2.504514,2,21.0,77.0
GLAS,glas002,Control_202,22,C3,-16.18611,2,21.0,77.0
GLAS,glas002,Control_202,22,C4,-0.9725785,2,21.0,77.0
GLAS,glas002,Control_202,22,P7,8.825996,2,21.0,77.0
GLAS,glas002,Control_202,22,P8,3.036063,2,21.0,77.0
GLAS,glas002,Control_202,22,O1,6.250262,2,21.0,77.0
GLAS,glas002,Control_202,22,O2,14.98212,2,21.0,77.0
GLAS,glas002,Control_202,23,Pz,29.09439,2,36.0,77.0
GLAS,glas002,Control_202,23,Cz,26.54186,2,36.0,77.0
GLAS,glas002,Control_202,23,CP1,31.55289,2,36.0,77.0
GLAS,glas002,Control_202,23,CP2,26.90386,2,36.0,77.0
GLAS,glas002,Control_202,23,P3,34.68495,2,36.0,77.0
GLAS,glas002,Control_202,23,P4,28.8911,2,36.0,77.0
GLAS,glas002,Control_202,23,C3,27.04686,2,36.0,77.0
GLAS,glas002,Control_202,23,C4,30.16354,2,36.0,77.0
GLAS,glas002,Control_202,23,P7,30.85956,2,36.0,77.0
GLAS,glas002,Control_202,23,P8,27.53427,2,36.0,77.0
GLAS,glas002,Control_202,23,O1,20.37419,2,36.0,77.0
GLAS,glas002,Control_202,23,O2,28.1246,2,36.0,77.0
GLAS,glas002,Violation_201,24,Pz,-2.630669,2,24.0,40.0
GLAS,glas002,Violation_201,24,Cz,1.077507,2,24.0,40.0
GLAS,glas002,Violation_201,24,CP1,-5.582843,2,24.0,40.0
GLAS,glas002,Violation_201,24,CP2,-13.61769,2,24.0,40.0
GLAS,glas002,Violation_201,24,P3,-16.927,2,24.0,40.0
GLAS,glas002,Violation_201,24,P4,-6.207514,2,24.0,40.0
GLAS,glas002,Violation_201,24,C3,0.2826546,2,24.0,40.0
GLAS,glas002,Violation_201,24,C4,-8.264694,2,24.0,40.0
GLAS,glas002,Violation_201,24,P7,-20.77766,2,24.0,40.0
GLAS,glas002,Violation_201,24,P8,-7.835876,2,24.0,40.0
GLAS,glas002,Violation_201,24,O1,-18.62607,2,24.0,40.0
GLAS,glas002,Violation_201,24,O2,-14.84037,2,24.0,40.0
GLAS,glas002,Violation_201,25,Pz,-13.61588,2,26.0,0.0
GLAS,glas002,Violation_201,25,Cz,-22.47877,2,26.0,0.0
GLAS,glas002,Violation_201,25,CP1,-7.505064,2,26.0,0.0
GLAS,glas002,Violation_201,25,CP2,-14.26719,2,26.0,0.0
GLAS,glas002,Violation_201,25,P3,6.109921,2,26.0,0.0
GLAS,glas002,Violation_201,25,P4,-21.32765,2,26.0,0.0
GLAS,glas002,Violation_201,25,C3,-22.58791,2,26.0,0.0
GLAS,glas002,Violation_201,25,C4,-19.4394,2,26.0,0.0
GLAS,glas002,Violation_201,25,P7,-5.493082,2,26.0,0.0
GLAS,glas002,Violation_201,25,P8,-22.03949,2,26.0,0.0
GLAS,glas002,Violation_201,25,O1,-6.404452,2,26.0,0.0
GLAS,glas002,Violation_201,25,O2,-6.460009,2,26.0,0.0
GLAS,glas002,Violation_201,26,Pz,19.62193,2,34.0,30.0
GLAS,glas002,Violation_201,26,Cz,20.44541,2,34.0,30.0
GLAS,glas002,Violation_201,26,CP1,17.51886,2,34.0,30.0
GLAS,glas002,Violation_201,26,CP2,8.682173,2,34.0,30.0
GLAS,glas002,Violation_201,26,P3,22.99652,2,34.0,30.0
GLAS,glas002,Violation_201,26,P4,15.40072,2,34.0,30.0
GLAS,glas002,Violation_201,26,C3,19.77782,2,34.0,30.0
GLAS,glas002,Violation_201,26,C4,17.85171,2,34.0,30.0
GLAS,glas002,Violation_201,26,P7,10.65066,2,34.0,30.0
GLAS,glas002,Violation_201,26,P8,18.98112,2,34.0,30.0
GLAS,glas002,Violation_201,26,O1,5.01801,2,34.0,30.0
GLAS,glas002,Violation_201,26,O2,9.532619,2,34.0,30.0
GLAS,glas002,Violation_201,27,Pz,9.75347,2,27.0,0.0
GLAS,glas002,Violation_201,27,Cz,4.551773,2,27.0,0.0
GLAS,glas002,Violation_201,27,CP1,11.5449,2,27.0,0.0
GLAS,glas002,Violation_201,27,CP2,-3.526968,2,27.0,0.0
GLAS,glas002,Violation_201,27,P3,20.15658,2,27.0,0.0
GLAS,glas002,Violation_201,27,P4,6.255144,2,27.0,0.0
GLAS,glas002,Violation_201,27,C3,5.040189,2,27.0,0.0
GLAS,glas002,Violation_201,27,C4,8.216102,2,27.0,0.0
GLAS,glas002,Violation_201,27,P7,-3.139395,2,27.0,0.0
GLAS,glas002,Violation_201,27,P8,-0.09893176,2,27.0,0.0
GLAS,glas002,Violation_201,27,O1,-3.562121,2,27.0,0.0
GLAS,glas002,Violation_201,27,O2,-8.767931,2,27.0,0.0
GLAS,glas002,Violation_201,28,Pz,5.430501,2,31.0,0.0
GLAS,glas002,Violation_201,28,Cz,-9.606078,2,31.0,0.0
GLAS,glas002,Violation_201,28,CP1,5.31498,2,31.0,0.0
GLAS,glas002,Violation_201,28,CP2,1.408711,2,31.0,0.0
GLAS,glas002,Violation_201,28,P3,16.47816,2,31.0,0.0
GLAS,glas002,Violation_201,28,P4,3.350337,2,31.0,0.0
GLAS,glas002,Violation_201,28,C3,-7.936774,2,31.0,0.0
GLAS,glas002,Violation_201,28,C4,-1.948436,2,31.0,0.0
GLAS,glas002,Violation_201,28,P7,5.617989,2,31.0,0.0
GLAS,glas002,Violation_201,28,P8,-2.248711,2,31.0,0.0
GLAS,glas002,Violation_201,28,O1,1.955813,2,31.0,0.0
GLAS,glas002,Violation_201,28,O2,2.589917,2,31.0,0.0
GLAS,glas002,Control_202,29,Pz,37.56454,2,23.0,93.0
GLAS,glas002,Control_202,29,Cz,47.69362,2,23.0,93.0
GLAS,glas002,Control_202,29,CP1,29.54486,2,23.0,93.0
GLAS,glas002,Control_202,29,CP2,43.65593,2,23.0,93.0
GLAS,glas002,Control_202,29,P3,28.83531,2,23.0,93.0
GLAS,glas002,Control_202,29,P4,41.23609,2,23.0,93.0
GLAS,glas002,Control_202,29,C3,47.18678,2,23.0,93.0
GLAS,glas002,Control_202,29,C4,35.91525,2,23.0,93.0
GLAS,glas002,Control_202,29,P7,22.35438,2,23.0,93.0
GLAS,glas002,Control_202,29,P8,42.74834,2,23.0,93.0
GLAS,glas002,Control_202,29,O1,27.96917,2,23.0,93.0
GLAS,glas002,Control_202,29,O2,43.79895,2,23.0,93.0
GLAS,glas002,Violation_201,30,Pz,-31.47552,2,29.0,90.0
GLAS,glas002,Violation_201,30,Cz,-30.00494,2,29.0,90.0
GLAS,glas002,Violation_201,30,CP1,-24.23555,2,29.0,90.0
GLAS,glas002,Violation_201,30,CP2,-32.71872,2,29.0,90.0
GLAS,glas002,Violation_201,30,P3,-21.78222,2,29.0,90.0
GLAS,glas002,Violation_201,30,P4,-35.87572,2,29.0,90.0
GLAS,glas002,Violation_201,30,C3,-32.23565,2,29.0,90.0
GLAS,glas002,Violation_201,30,C4,-31.70443,2,29.0,90.0
GLAS,glas002,Violation_201,30,P7,-34.50664,2,29.0,90.0
GLAS,glas002,Violation_201,30,P8,-32.60421,2,29.0,90.0
GLAS,glas002,Violation_201,30,O1,-38.58656,2,29.0,90.0
GLAS,glas002,Violation_201,30,O2,-27.53647,2,29.0,90.0
GLAS,glas002,Control_202,31,Pz,-37.43711,2,33.0,53.0
GLAS,glas002,Control_202,31,Cz,-58.06133,2,33.0,53.0
GLAS,glas002,Control_202,31,CP1,-34.80474,2,33.0,53.0
GLAS,glas002,Control_202,31,CP2,-36.10235,2,33.0,53.0
GLAS,glas002,Control_202,31,P3,-28.57075,2,33.0,53.0
GLAS,glas002,Control_202,31,P4,-47.7643,2,33.0,53.0
GLAS,glas002,Control_202,31,C3,-56.2276,2,33.0,53.0
GLAS,glas002,Control_202,31,C4,-52.38358,2,33.0,53.0
GLAS,glas002,Control_202,31,P7,-20.26842,2,33.0,53.0
GLAS,glas002,Control_202,31,P8,-53.37111,2,33.0,53.0
GLAS,glas002,Control_202,31,O1,-22.64109,2,33.0,53.0
GLAS,glas002,Control_202,31,O2,-77.21699,2,33.0,53.0
GLAS,glas002,Control_202,32,Pz,-11.4128,2,28.0,27.0
GLAS,glas002,Control_202,32,Cz,-8.522204,2,28.0,27.0
GLAS,glas002,Control_202,32,CP1,-20.22513,2,28.0,27.0
GLAS,glas002,Control_202,32,CP2,-1.500363,2,28.0,27.0
GLAS,glas002,Control_202,32,P3,-14.7704,2,28.0,27.0
GLAS,glas002,Control_202,32,P4,-8.730303,2,28.0,27.0
GLAS,glas002,Control_202,32,C3,-7.863866,2,28.0,27.0
GLAS,glas002,Control_202,32,C4,-11.05379,2,28.0,27.0
GLAS,glas002,Control_202,32,P7,-9.241278,2,28.0,27.0
GLAS,glas002,Control_202,32,P8,-6.692911,2,28.0,27.0
GLAS,glas002,Control_202,32,O1,-1.858704,2,28.0,27.0
GLAS,glas002,Control_202,32,O2,-2.311141,2,28.0,27.0
GLAS,glas002,Violation_201,33,Pz,-3.014512,2,40.0,0.0
GLAS,glas002,Violation_201,33,Cz,-0.3754623,2,40.0,0.0
GLAS,glas002,Violation_201,33,CP1,-8.751833,2,40.0,0.0
GLAS,glas002,Violation_201,33,CP2,-7.698978,2,40.0,0.0
GLAS,glas002,Violation_201,33,P3,0.9501923,2,40.0,0.0
GLAS,glas002,Violation_201,33,P4,-3.90075,2,40.0,0.0
GLAS,glas002,Violation_201,33,C3,-1.140469,2,40.0,0.0
GLAS,glas002,Violation_201,33,C4,-3.839204,2,40.0,0.0
GLAS,glas002,Violation_201,33,P7,-7.272198,2,40.0,0.0
GLAS,glas002,Violation_201,33,P8,-3.746856,2,40.0,0.0
GLAS,glas002,Violation_201,33,O1,-14.6205,2,40.0,0.0
GLAS,glas002,Violation_201,33,O2,-4.856603,2,40.0,0.0
GLAS,glas002,Violation_201,34,Pz,-22.68251,2,22.0,17.0
GLAS,glas002,Violation_201,34,Cz,-3.294602,2,22.0,17.0
GLAS,glas002,Violation_201,34,CP1,-19.30727,2,22.0,17.0
GLAS,glas002,Violation_201,34,CP2,1.133321,2,22.0,17.0
GLAS,glas002,Violation_201,34,P3,-17.43051,2,22.0,17.0
GLAS,glas002,Violation_201,34,P4,-7.339151,2,22.0,17.0
GLAS,glas002,Violation_201,34,C3,-5.297518,2,22.0,17.0
GLAS,glas002,Violation_201,34,C4,-10.96802,2,22.0,17.0
GLAS,glas002,Violation_201,34,P7,-24.21748,2,22.0,17.0
GLAS,glas002,Violation_201,34,P8,-0.3956927,2,22.0,17.0
GLAS,glas002,Violation_201,34,O1,-17.89646,2,22.0,17.0
GLAS,glas002,Violation_201,34,O2,4.11676,2,22.0,17.0
GLAS,glas003,Control_202,1,Pz,6.607273,3,6.0,100.0
GLAS,glas003,Control_202,1,Cz,7.514903,3,6.0,100.0
GLAS,glas003,Control_202,1,CP1,18.86739,3,6.0,100.0
GLAS,glas003,Control_202,1,CP2,1.730537,3,6.0,100.0
GLAS,glas003,Control_202,1,P3,5.648181,3,6.0,100.0
GLAS,glas003,Control_202,1,P4,6.375721,3,6.0,100.0
GLAS,glas003,Control_202,1,C3,5.465668,3,6.0,100.0
GLAS,glas003,Control_202,1,C4,6.504405,3,6.0,100.0
GLAS,glas003,Control_202,1,P7,7.385651,3,6.0,100.0
GLAS,glas003,Control_202,1,P8,7.537899,3,6.0,100.0
GLAS,glas003,Control_202,1,O1,8.739229,3,6.0,100.0
GLAS,glas003,Control_202,1,O2,4.810519,3,6.0,100.0
GLAS,glas003,Violation_201,2,Pz,-3.033292,3,10.0,3.0
GLAS,glas003,Violation_201,2,Cz,-7.290218,3,10.0,3.0
GLAS,glas003,Violation_201,2,CP1,-0.4148793,3,10.0,3.0
GLAS,glas003,Violation_201,2,CP2,-5.022254,3,10.0,3.0
GLAS,glas003,Violation_201,2,P3,-1.943589,3,10.0,3.0
GLAS,glas003,Violation_201,2,P4,-5.006014,3,10.0,3.0
GLAS,glas003,Violation_201,2,C3,-3.86169,3,10.0,3.0
GLAS,glas003,Violation_201,2,C4,-4.255383,3,10.0,3.0
GLAS,glas003,Violation_201,2,P7,-0.03657607,3,10.0,3.0
GLAS,glas003,Violation_201,2,P8,-6.136347,3,10.0,3.0
GLAS,glas003,Violation_201,2,O1,-2.95204,3,10.0,3.0
GLAS,glas003,Violation_201,2,O2,-6.989918,3,10.0,3.0
GLAS,glas003,Control_202,3,Pz,-3.697412,3,11.0,87.0
GLAS,glas003,Control_202,3,Cz,-1.786089,3,11.0,87.0
GLAS,glas003,Control_202,3,CP1,1.145529,3,11.0,87.0
GLAS,glas003,Control_202,3,CP2,10.35142,3,11.0,87.0
GLAS,glas003,Control_202,3,P3,-1.592368,3,11.0,87.0
GLAS,glas003,Control_202,3,P4,-1.395611,3,11.0,87.0
GLAS,glas003,Control_202,3,C3,-5.52517,3,11.0,87.0
GLAS,glas003,Control_202,3,C4,-2.316014,3,11.0,87.0
GLAS,glas003,Control_202,3,P7,4.944566,3,11.0,87.0
GLAS,glas003,Control_202,3,P8,0.3997283,3,11.0,87.0
GLAS,glas003,Control_202,3,O1,7.426158,3,11.0,87.0
GLAS,glas003,Control_202,3,O2,7.20364,3,11.0,87.0
GLAS,glas003,Violation_201,4,Pz,-0.07633573,3,9.0,3.0
GLAS,glas003,Violation_201,4,Cz,2.39017,3,9.0,3.0
GLAS,glas003,Violation_201,4,CP1,4.993374,3,9.0,3.0
GLAS,glas003,Violation_201,4,CP2,21.96787,3,9.0,3.0
GLAS,glas003,Violation_201,4,P3,5.71312,3,9.0,3.0
GLAS,glas003,Violation_201,4,P4,7.279399,3,9.0,3.0
GLAS,glas003,Violation_201,4,C3,3.09647,3,9.0,3.0
GLAS,glas003,Violation_201,4,C4,4.222318,3,9.0,3.0
GLAS,glas003,Violation_201,4,P7,11.48003,3,9.0,3.0
GLAS,glas003,Violation_201,4,P8,7.231463,3,9.0,3.0
GLAS,glas003,Violation_201,4,O1,8.695265,3,9.0,3.0
GLAS,glas003,Violation_201,4,O2,14.24717,3,9.0,3.0
GLAS,glas003,Control_202,5,Pz,9.181277,3,16.0,93.0
GLAS,glas003,Control_202,5,Cz,9.513989,3,16.0,93.0
GLAS,glas003,Control_202,5,CP1,8.194511,3,16.0,93.0
GLAS,glas003,Control_202,5,CP2,2.80611,3,16.0,93.0
GLAS,glas003,Control_202,5,P3,6.198102,3,16.0,93.0
GLAS,glas003,Control_202,5,P4,8.94212,3,16.0,93.0
GLAS,glas003,Control_202,5,C3,11.86265,3,16.0,93.0
GLAS,glas003,Control_202,5,C4,10.03454,3,16.0,93.0
GLAS,glas003,Control_202,5,P7,12.63904,3,16.0,93.0
GLAS,glas003,Control_202,5,P8,8.469113,3,16.0,93.0
GLAS,glas003,Control_202,5,O1,10.39764,3,16.0,93.0
GLAS,glas003,Control_202,5,O2,7.236159,3,16.0,93.0
GLAS,glas003,Control_202,6,Pz,-12.57913,3,19.0,100.0
GLAS,glas003,Control_202,6,Cz,-9.078966,3,19.0,100.0
GLAS,glas003,Control_202,6,CP1,-13.94626,3,19.0,100.0
GLAS,glas003,Control_202,6,CP2,-19.53845,3,19.0,100.0
GLAS,glas003,Control_202,6,P3,-4.126184,3,19.0,100.0
GLAS,glas003,Control_202,6,P4,-10.71545,3,19.0,100.0
GLAS,glas003,Control_202,6,C3,-13.24231,3,19.0,100.0
GLAS,glas003,Control_202,6,C4,-12.49228,3,19.0,100.0
GLAS,glas003,Control_202,6,P7,-13.89452,3,19.0,100.0
GLAS,glas003,Control_202,6,P8,-11.51236,3,19.0,100.0
GLAS,glas003,Control_202,6,O1,-11.06398,3,19.0,100.0
GLAS,glas003,Control_202,6,O2,-5.008724,3,19.0,100.0
GLAS,glas003,Violation_201,7,Pz,1.740815,3,12.0,13.0
GLAS,glas003,Violation_201,7,Cz,3.181309,3,12.0,13.0
GLAS,glas003,Violation_201,7,CP1,5.791679,3,12.0,13.0
GLAS,glas003,Violation_201,7,CP2,2.278685,3,12.0,13.0
GLAS,glas003,Violation_201,7,P3,3.268659,3,12.0,13.0
GLAS,glas003,Violation_201,7,P4,4.486001,3,12.0,13.0
GLAS,glas003,Violation_201,7,C3,-2.674936,3,12.0,13.0
GLAS,glas003,Violation_201,7,C4,2.931124,3,12.0,13.0
GLAS,glas003,Violation_201,7,P7,6.892546,3,12.0,13.0
GLAS,glas003,Violation_201,7,P8,4.291727,3,12.0,13.0
GLAS,glas003,Violation_201,7,O1,5.429234,3,12.0,13.0
GLAS,glas003,Violation_201,7,O2,7.767596,3,12.0,13.0
GLAS,glas003,Control_202,8,Pz,-9.832457,3,17.0,62.0
GLAS,glas003,Control_202,8,Cz,-11.04879,3,17.0,62.0
GLAS,glas003,Control_202,8,CP1,-22.28677,3,17.0,62.0
GLAS,glas003,Control_202,8,CP2,-7.206429,3,17.0,62.0
GLAS,glas003,Control_202,8,P3,-14.08644,3,17.0,62.0
GLAS,glas003,Control_202,8,P4,-10.27728,3,17.0,62.0
GLAS,glas003,Control_202,8,C3,-13.36604,3,17.0,62.0
GLAS,glas003,Control_202,8,C4,-9.626731,3,17.0,62.0
GLAS,glas003,Control_202,8,P7,-9.475191,3,17.0,62.0
GLAS,glas003,Control_202,8,P8,-8.700201,3,17.0,62.0
GLAS,glas003,Control_202,8,O1,-8.888083,3,17.0,62.0
GLAS,glas003,Control_202,8,O2,-6.428449,3,17.0,62.0
GLAS,glas003,Violation_201,9,Pz,3.678222,3,1.0,0.0
GLAS,glas003,Violation_201,9,Cz,1.166095,3,1.0,0.0
GLAS,glas003,Violation_201,9,CP1,12.65114,3,1.0,0.0
GLAS,glas003,Violation_201,9,CP2,1.789047,3,1.0,0.0
GLAS,glas003,Violation_201,9,P3,3.758727,3,1.0,0.0
GLAS,glas003,Violation_201,9,P4,2.175558,3,1.0,0.0
GLAS,glas003,Violation_201,9,C3,-0.1839586,3,1.0,0.0
GLAS,glas003,Violation_201,9,C4,2.504751,3,1.0,0.0
GLAS,glas003,Violation_201,9,P7,8.716063,3,1.0,0.0
GLAS,glas003,Violation_201,9,P8,0.8412886,3,1.0,0.0
GLAS,glas003,Violation_201,9,O1,10.73053,3,1.0,0.0
GLAS,glas003,Violation_201,9,O2,9.627699,3,1.0,0.0
GLAS,glas003,Violation_201,10,Pz,-13.91693,3,15.0,0.0
GLAS,glas003,Violation_201,10,Cz,-9.249393,3,15.0,0.0
GLAS,glas003,Violation_201,10,CP1,-7.978677,3,15.0,0.0
GLAS,glas003,Violation_201,10,CP2,-14.28994,3,15.0,0.0
GLAS,glas003,Violation_201,10,P3,-12.0044,3,15.0,0.0
GLAS,glas003,Violation_201,10,P4,-11.28014,3,15.0,0.0
GLAS,glas003,Violation_201,10,C3,-10.00565,3,15.0,0.0
GLAS,glas003,Violation_201,10,C4,-8.979529,3,15.0,0.0
GLAS,glas003,Violation_201,10,P7,-16.21863,3,15.0,0.0
GLAS,glas003,Violation_201,10,P8,-9.943449,3,15.0,0.0
GLAS,glas003,Violation_201,10,O1,-14.28502,3,15.0,0.0
GLAS,glas003,Violation_201,10,O2,-7.029624,3,15.0,0.0
GLAS,glas003,Control_202,11,Pz,12.41449,3,3.0,100.0
GLAS,glas003,Control_202,11,Cz,10.99405,3,3.0,100.0
GLAS,glas003,Control_202,11,CP1,7.217628,3,3.0,100.0
GLAS,glas003,Control_202,11,CP2,7.40701,3,3.0,100.0
GLAS,glas003,Control_202,11,P3,12.35646,3,3.0,100.0
GLAS,glas003,Control_202,11,P4,6.656297,3,3.0,100.0
GLAS,glas003,Control_202,11,C3,13.74617,3,3.0,100.0
GLAS,glas003,Control_202,11,C4,12.03335,3,3.0,100.0
GLAS,glas003,Control_202,11,P7,11.7408,3,3.0,100.0
GLAS,glas003,Control_202,11,P8,6.504365,3,3.0,100.0
GLAS,glas003,Control_202,11,O1,11.9022,3,3.0,100.0
GLAS,glas003,Control_202,11,O2,8.742269,3,3.0,100.0
GLAS,glas003,Control_202,12,Pz,-18.1569,3,18.0,87.0
GLAS,glas003,Control_202,12,Cz,-18.60739,3,18.0,87.0
GLAS,glas003,Control_202,12,CP1,-21.21138,3,18.0,87.0
GLAS,glas003,Control_202,12,CP2,-13.39733,3,18.0,87.0
GLAS,glas003,Control_202,12,P3,-19.47748,3,18.0,87.0
GLAS,glas003,Control_202,12,P4,-17.80644,3,18.0,87.0
GLAS,glas003,Control_202,12,C3,-21.95377,3,18.0,87.0
GLAS,glas003,Control_202,12,C4,-20.91173,3,18.0,87.0
GLAS,glas003,Control_202,12,P7,-16.69591,3,18.0,87.0
GLAS,glas003,Control_202,12,P8,-17.03173,3,18.0,87.0
GLAS,glas003,Control_202,12,O1,-16.25642,3,18.0,87.0
GLAS,glas003,Control_202,12,O2,-12.77971,3,18.0,87.0
GLAS,glas003,Violation_201,13,Pz,41.71936,3,13.0,0.0
GLAS,glas003,Violation_201,13,Cz,32.78205,3,13.0,0.0
GLAS,glas003,Violation_201,13,CP1,35.0792,3,13.0,0.0
GLAS,glas003,Violation_201,13,CP2,27.33932,3,13.0,0.0
GLAS,glas003,Violation_201,13,P3,36.49906,3,13.0,0.0
GLAS,glas003,Violation_201,13,P4,36.22073,3,13.0,0.0
GLAS,glas003,Violation_201,13,C3,35.66603,3,13.0,0.0
GLAS,glas003,Violation_201,13,C4,41.46749,3,13.0,0.0
GLAS,glas003,Violation_201,13,P7,35.34241,3,13.0,0.0
GLAS,glas003,Violation_201,13,P8,35.42063,3,13.0,0.0
GLAS,glas003,Violation_201,13,O1,35.99892,3,13.0,0.0
GLAS,glas003,Violation_201,13,O2,26.11648,3,13.0,0.0
GLAS,glas003,Violation_201,14,Pz,10.9724,3,5.0,0.0
GLAS,glas003,Violation_201,14,Cz,7.799587,3,5.0,0.0
GLAS,glas003,Violation_201,14,CP1,9.496741,3,5.0,0.0
GLAS,glas003,Violation_201,14,CP2,-5.0369,3,5.0,0.0
GLAS,glas003,Violation_201,14,P3,14.24962,3,5.0,0.0
GLAS,glas003,Violation_201,14,P4,5.704141,3,5.0,0.0
GLAS,glas003,Violation_201,14,C3,9.662753,3,5.0,0.0
GLAS,glas003,Violation_201,14,C4,8.595134,3,5.0,0.0
GLAS,glas003,Violation_201,14,P7,11.92945,3,5.0,0.0
GLAS,glas003,Violation_201,14,P8,2.830431,3,5.0,0.0
GLAS,glas003,Violation_201,14,O1,11.3158,3,5.0,0.0
GLAS,glas003,Violation_201,14,O2,4.652116,3,5.0,0.0
GLAS,glas003,Violation_201,15,Pz,14.61549,3,8.0,34.0
GLAS,glas003,Violation_201,15,Cz,9.894192,3,8.0,34.0
GLAS,glas003,Violation_201,15,CP1,21.05923,3,8.0,34.0
GLAS,glas003,Violation_201,15,CP2,5.564841,3,8.0,34.0
GLAS,glas003,Violation_201,15,P3,13.28432,3,8.0,34.0
GLAS,glas003,Violation_201,15,P4,9.351741,3,8.0,34.0
GLAS,glas003,Violation_201,15,C3,10.08836,3,8.0,34.0
GLAS,glas003,Violation_201,15,C4,7.773549,3,8.0,34.0
GLAS,glas003,Violation_201,15,P7,17.27315,3,8.0,34.0
GLAS,glas003,Violation_201,15,P8,8.689003,3,8.0,34.0
GLAS,glas003,Violation_201,15,O1,14.31351,3,8.0,34.0
GLAS,glas003,Violation_201,15,O2,11.91167,3,8.0,34.0
GLAS,glas003,Control_202,16,Pz,4.619053,3,7.0,80.0
GLAS,glas003,Control_202,16,Cz,4.245615,3,7.0,80.0
GLAS,glas003,Control_202,16,CP1,7.857698,3,7.0,80.0
GLAS,glas003,Control_202,16,CP2,18.05833,3,7.0,80.0
GLAS,glas003,Control_202,16,P3,-1.284822,3,7.0,80.0
GLAS,glas003,Control_202,16,P4,5.317016,3,7.0,80.0
GLAS,glas003,Control_202,16,C3,4.663601,3,7.0,80.0
GLAS,glas003,Control_202,16,C4,4.886539,3,7.0,80.0
GLAS,glas003,Control_202,16,P7,7.024504,3,7.0,80.0
GLAS,glas003,Control_202,16,P8,7.532109,3,7.0,80.0
GLAS,glas003,Control_202,16,O1,10.66552,3,7.0,80.0
GLAS,glas003,Control_202,16,O2,9.414854,3,7.0,80.0
GLAS,glas003,Violation_201,17,Pz,9.69198,3,14.0,0.0
GLAS,glas003,Violation_201,17,Cz,10.44769,3,14.0,0.0
GLAS,glas003,Violation_201,17,CP1,1.083836,3,14.0,0.0
GLAS,glas003,Violation_201,17,CP2,-3.522815,3,14.0,0.0
GLAS,glas003,Violation_201,17,P3,8.671834,3,14.0,0.0
GLAS,glas003,Violation_201,17,P4,10.53564,3,14.0,0.0
GLAS,glas003,Violation_201,17,C3,11.21489,3,14.0,0.0
GLAS,glas003,Violation_201,17,C4,9.833194,3,14.0,0.0
GLAS,glas003,Violation_201,17,P7,4.681026,3,14.0,0.0
GLAS,glas003,Violation_201,17,P8,9.926144,3,14.0,0.0
GLAS,glas003,Violation_201,17,O1,7.364951,3,14.0,0.0
GLAS,glas003,Violation_201,17,O2,3.825558,3,14.0,0.0
GLAS,glas003,Control_202,18,Pz,-12.83014,3,2.0,100.0
GLAS,glas003,Control_202,18,Cz,-17.82458,3,2.0,100.0
GLAS,glas003,Control_202,18,CP1,-16.19634,3,2.0,100.0
GLAS,glas003,Control_202,18,CP2,-14.15317,3,2.0,100.0
GLAS,glas003,Control_202,18,P3,-16.99559,3,2.0,100.0
GLAS,glas003,Control_202,18,P4,-16.77303,3,2.0,100.0
GLAS,glas003,Control_202,18,C3,-17.38331,3,2.0,100.0
GLAS,glas003,Control_202,18,C4,-14.53282,3,2.0,100.0
GLAS,glas003,Control_202,18,P7,-11.20703,3,2.0,100.0
GLAS,glas003,Control_202,18,P8,-17.28781,3,2.0,100.0
GLAS,glas003,Control_202,18,O1,-4.592822,3,2.0,100.0
GLAS,glas003,Control_202,18,O2,-9.582934,3,2.0,100.0
GLAS,glas003,Control_202,19,Pz,12.62871,3,4.0,93.0
GLAS,glas003,Control_202,19,Cz,6.668176,3,4.0,93.0
GLAS,glas003,Control_202,19,CP1,20.47624,3,4.0,93.0
GLAS,glas003,Control_202,19,CP2,18.38302,3,4.0,93.0
GLAS,glas003,Control_202,19,P3,20.21537,3,4.0,93.0
GLAS,glas003,Control_202,19,P4,8.941171,3,4.0,93.0
GLAS,glas003,Control_202,19,C3,6.320343,3,4.0,93.0
GLAS,glas003,Control_202,19,C4,9.380251,3,4.0,93.0
GLAS,glas003,Control_202,19,P7,20.44284,3,4.0,93.0
GLAS,glas003,Control_202,19,P8,7.721403,3,4.0,93.0
GLAS,glas003,Control_202,19,O1,18.9764,3,4.0,93.0
GLAS,glas003,Control_202,19,O2,9.339912,3,4.0,93.0
GLAS,glas003,Violation_201,20,Pz,7.964247,3,20.0,0.0
GLAS,glas003,Violation_201,20,Cz,13.69553,3,20.0,0.0
GLAS,glas003,Violation_201,20,CP1,19.48892,3,20.0,0.0
GLAS,glas003,Violation_201,20,CP2,17.68996,3,20.0,0.0
GLAS,glas003,Violation_201,20,P3,9.889658,3,20.0,0.0
GLAS,glas003,Violation_201,20,P4,15.26824,3,20.0,0.0
GLAS,glas003,Violation_201,20,C3,13.3213,3,20.0,0.0
GLAS,glas003,Violation_201,20,C4,13.80133,3,20.0,0.0
GLAS,glas003,Violation_201,20,P7,5.66461,3,20.0,0.0
GLAS,glas003,Violation_201,20,P8,16.23923,3,20.0,0.0
GLAS,glas003,Violation_201,20,O1,2.376415,3,20.0,0.0
GLAS,glas003,Violation_201,20,O2,3.992641,3,20.0,0.0
GLAS,glas003,Control_202,21,Pz,14.39161,3,23.0,93.0
GLAS,glas003,Control_202,21,Cz,15.9909,3,23.0,93.0
GLAS,glas003,Control_202,21,CP1,13.99813,3,23.0,93.0
GLAS,glas003,Control_202,21,CP2,15.06952,3,23.0,93.0
GLAS,glas003,Control_202,21,P3,12.29523,3,23.0,93.0
GLAS,glas003,Control_202,21,P4,9.307404,3,23.0,93.0
GLAS,glas003,Control_202,21,C3,8.682591,3,23.0,93.0
GLAS,glas003,Control_202,21,C4,9.770763,3,23.0,93.0
GLAS,glas003,Control_202,21,P7,12.72635,3,23.0,93.0
GLAS,glas003,Control_202,21,P8,9.494295,3,23.0,93.0
GLAS,glas003,Control_202,21,O1,9.047506,3,23.0,93.0
GLAS,glas003,Control_202,21,O2,14.10033,3,23.0,93.0
GLAS,glas003,Control_202,22,Pz,-22.26274,3,38.0,93.0
GLAS,glas003,Control_202,22,Cz,-24.27631,3,38.0,93.0
GLAS,glas003,Control_202,22,CP1,-21.75776,3,38.0,93.0
GLAS,glas003,Control_202,22,CP2,-33.70634,3,38.0,93.0
GLAS,glas003,Control_202,22,P3,-26.5011,3,38.0,93.0
GLAS,glas003,Control_202,22,P4,-25.87784,3,38.0,93.0
GLAS,glas003,Control_202,22,C3,-21.04233,3,38.0,93.0
GLAS,glas003,Control_202,22,C4,-23.43544,3,38.0,93.0
GLAS,glas003,Control_202,22,P7,-20.33412,3,38.0,93.0
GLAS,glas003,Control_202,22,P8,-26.33076,3,38.0,93.0
GLAS,glas003,Control_202,22,O1,-18.79087,3,38.0,93.0
GLAS,glas003,Control_202,22,O2,-15.24386,3,38.0,93.0
GLAS,glas003,Violation_201,23,Pz,17.55447,3,21.0,3.0
GLAS,glas003,Violation_201,23,Cz,14.80289,3,21.0,3.0
GLAS,glas003,Violation_201,23,CP1,24.18532,3,21.0,3.0
GLAS,glas003,Violation_201,23,CP2,7.015194,3,21.0,3.0
GLAS,glas003,Violation_201,23,P3,15.67836,3,21.0,3.0
GLAS,glas003,Violation_201,23,P4,10.76458,3,21.0,3.0
GLAS,glas003,Violation_201,23,C3,13.59915,3,21.0,3.0
GLAS,glas003,Violation_201,23,C4,15.64989,3,21.0,3.0
GLAS,glas003,Violation_201,23,P7,17.24694,3,21.0,3.0
GLAS,glas003,Violation_201,23,P8,10.21992,3,21.0,3.0
GLAS,glas003,Violation_201,23,O1,11.3505,3,21.0,3.0
GLAS,glas003,Violation_201,23,O2,10.74808,3,21.0,3.0
GLAS,glas003,Control_202,24,Pz,-0.7906338,3,39.0,97.0
GLAS,glas003,Control_202,24,Cz,3.726948,3,39.0,97.0
GLAS,glas003,Control_202,24,CP1,-2.775647,3,39.0,97.0
GLAS,glas003,Control_202,24,CP2,-0.7410882,3,39.0,97.0
GLAS,glas003,Control_202,24,P3,-3.627775,3,39.0,97.0
GLAS,glas003,Control_202,24,P4,3.725949,3,39.0,97.0
GLAS,glas003,Control_202,24,C3,3.257974,3,39.0,97.0
GLAS,glas003,Control_202,24,C4,1.348327,3,39.0,97.0
GLAS,glas003,Control_202,24,P7,1.024902,3,39.0,97.0
GLAS,glas003,Control_202,24,P8,4.240005,3,39.0,97.0
GLAS,glas003,Control_202,24,O1,2.549575,3,39.0,97.0
GLAS,glas003,Control_202,24,O2,12.3921,3,39.0,97.0
GLAS,glas003,Control_202,25,Pz,17.7168,3,34.0,97.0
GLAS,glas003,Control_202,25,Cz,18.49566,3,34.0,97.0
GLAS,glas003,Control_202,25,CP1,5.670835,3,34.0,97.0
GLAS,glas003,Control_202,25,CP2,21.85033,3,34.0,97.0
GLAS,glas003,Control_202,25,P3,14.43253,3,34.0,97.0
GLAS,glas003,Control_202,25,P4,21.07935,3,34.0,97.0
GLAS,glas003,Control_202,25,C3,19.58759,3,34.0,97.0
GLAS,glas003,Control_202,25,C4,18.35545,3,34.0,97.0
GLAS,glas003,Control_202,25,P7,17.83471,3,34.0,97.0
GLAS,glas003,Control_202,25,P8,20.37473,3,34.0,97.0
GLAS,glas003,Control_202,25,O1,11.4396,3,34.0,97.0
GLAS,glas003,Control_202,25,O2,13.74697,3,34.0,97.0
GLAS,glas003,Violation_201,26,Pz,7.389814,3,37.0,0.0
GLAS,glas003,Violation_201,26,Cz,8.27648,3,37.0,0.0
GLAS,glas003,Violation_201,26,CP1,5.057832,3,37.0,0.0
GLAS,glas003,Violation_201,26,CP2,24.61416,3,37.0,0.0
GLAS,glas003,Violation_201,26,P3,2.331015,3,37.0,0.0
GLAS,glas003,Violation_201,26,P4,7.785148,3,37.0,0.0
GLAS,glas003,Violation_201,26,C3,6.736188,3,37.0,0.0
GLAS,glas003,Violation_201,26,C4,5.784053,3,37.0,0.0
GLAS,glas003,Violation_201,26,P7,9.199517,3,37.0,0.0
GLAS,glas003,Violation_201,26,P8,7.955225,3,37.0,0.0
GLAS,glas003,Violation_201,26,O1,11.79419,3,37.0,0.0
GLAS,glas003,Violation_201,26,O2,16.32591,3,37.0,0.0
GLAS,glas003,Control_202,27,Pz,6.429694,3,24.0,93.0
GLAS,glas003,Control_202,27,Cz,3.032872,3,24.0,93.0
GLAS,glas003,Control_202,27,CP1,7.488428,3,24.0,93.0
GLAS,glas003,Control_202,27,CP2,13.75503,3,24.0,93.0
GLAS,glas003,Control_202,27,P3,10.30049,3,24.0,93.0
GLAS,glas003,Control_202,27,P4,7.806739,3,24.0,93.0
GLAS,glas003,Control_202,27,C3,8.209545,3,24.0,93.0
GLAS,glas003,Control_202,27,C4,7.160604,3,24.0,93.0
GLAS,glas003,Control_202,27,P7,10.45121,3,24.0,93.0
GLAS,glas003,Control_202,27,P8,6.556635,3,24.0,93.0
GLAS,glas003,Control_202,27,O1,6.400119,3,24.0,93.0
GLAS,glas003,Control_202,27,O2,4.604248,3,24.0,93.0
GLAS,glas003,Violation_201,28,Pz,-3.972294,3,32.0,3.0
GLAS,glas003,Violation_201,28,Cz,-3.99813,3,32.0,3.0
GLAS,glas003,Violation_201,28,CP1,-4.470649,3,32.0,3.0
GLAS,glas003,Violation_201,28,CP2,-7.412909,3,32.0,3.0
GLAS,glas003,Violation_201,28,P3,-4.886502,3,32.0,3.0
GLAS,glas003,Violation_201,28,P4,-4.382155,3,32.0,3.0
GLAS,glas003,Violation_201,28,C3,-11.06273,3,32.0,3.0
GLAS,glas003,Violation_201,28,C4,-8.954452,3,32.0,3.0
GLAS,glas003,Violation_201,28,P7,0.9527073,3,32.0,3.0
GLAS,glas003,Violation_201,28,P8,-4.587521,3,32.0,3.0
GLAS,glas003,Violation_201,28,O1,3.998498,3,32.0,3.0
GLAS,glas003,Violation_201,28,O2,1.8788,3,32.0,3.0
GLAS,glas003,Violation_201,29,Pz,11.87352,3,28.0,67.0
GLAS,glas003,Violation_201,29,Cz,7.69292,3,28.0,67.0
GLAS,glas003,Violation_201,29,CP1,11.08617,3,28.0,67.0
GLAS,glas003,Violation_201,29,CP2,10.20591,3,28.0,67.0
GLAS,glas003,Violation_201,29,P3,14.06319,3,28.0,67.0
GLAS,glas003,Violation_201,29,P4,10.68688,3,28.0,67.0
GLAS,glas003,Violation_201,29,C3,11.59455,3,28.0,67.0
GLAS,glas003,Violation_201,29,C4,12.50283,3,28.0,67.0
GLAS,glas003,Violation_201,29,P7,15.63325,3,28.0,67.0
GLAS,glas003,Violation_201,29,P8,7.635158,3,28.0,67.0
GLAS,glas003,Violation_201,29,O1,15.64108,3,28.0,67.0
GLAS,glas003,Violation_201,29,O2,5.405484,3,28.0,67.0
GLAS,glas003,Violation_201,30,Pz,4.652605,3,25.0,0.0
GLAS,glas003,Violation_201,30,Cz,3.583841,3,25.0,0.0
GLAS,glas003,Violation_201,30,CP1,-4.230753,3,25.0,0.0
GLAS,glas003,Violation_201,30,CP2,-13.43688,3,25.0,0.0
GLAS,glas003,Violation_201,30,P3,-0.2554722,3,25.0,0.0
GLAS,glas003,Violation_201,30,P4,2.952283,3,25.0,0.0
GLAS,glas003,Violation_201,30,C3,9.961357,3,25.0,0.0
GLAS,glas003,Violation_201,30,C4,6.247682,3,25.0,0.0
GLAS,glas003,Violation_201,30,P7,-3.291915,3,25.0,0.0
GLAS,glas003,Violation_201,30,P8,1.545197,3,25.0,0.0
GLAS,glas003,Violation_201,30,O1,2.06456,3,25.0,0.0
GLAS,glas003,Violation_201,30,O2,1.349761,3,25.0,0.0
GLAS,glas003,Violation_201,31,Pz,-3.092063,3,31.0,0.0
GLAS,glas003,Violation_201,31,Cz,-4.582657,3,31.0,0.0
GLAS,glas003,Violation_201,31,CP1,-4.240054,3,31.0,0.0
GLAS,glas003,Violation_201,31,CP2,-13.42418,3,31.0,0.0
GLAS,glas003,Violation_201,31,P3,-4.454957,3,31.0,0.0
GLAS,glas003,Violation_201,31,P4,-8.106619,3,31.0,0.0
GLAS,glas003,Violation_201,31,C3,-8.291844,3,31.0,0.0
GLAS,glas003,Violation_201,31,C4,-8.718202,3,31.0,0.0
GLAS,glas003,Violation_201,31,P7,-9.393766,3,31.0,0.0
GLAS,glas003,Violation_201,31,P8,-7.777188,3,31.0,0.0
GLAS,glas003,Violation_201,31,O1,-8.316848,3,31.0,0.0
GLAS,glas003,Violation_201,31,O2,-6.31691,3,31.0,0.0
GLAS,glas003,Control_202,32,Pz,-6.4155,3,22.0,53.0
GLAS,glas003,Control_202,32,Cz,-4.914773,3,22.0,53.0
GLAS,glas003,Control_202,32,CP1,-0.3946739,3,22.0,53.0
GLAS,glas003,Control_202,32,CP2,-1.972153,3,22.0,53.0
GLAS,glas003,Control_202,32,P3,-1.982375,3,22.0,53.0
GLAS,glas003,Control_202,32,P4,-5.62289,3,22.0,53.0
GLAS,glas003,Control_202,32,C3,-6.909425,3,22.0,53.0
GLAS,glas003,Control_202,32,C4,-0.8517283,3,22.0,53.0
GLAS,glas003,Control_202,32,P7,4.899771,3,22.0,53.0
GLAS,glas003,Control_202,32,P8,-3.67295,3,22.0,53.0
GLAS,glas003,Control_202,32,O1,3.634218,3,22.0,53.0
GLAS,glas003,Control_202,32,O2,4.762724,3,22.0,53.0
GLAS,glas003,Violation_201,33,Pz,-0.6950967,3,33.0,0.0
GLAS,glas003,Violation_201,33,Cz,3.264484,3,33.0,0.0
GLAS,glas003,Violation_201,33,CP1,4.173742,3,33.0,0.0
GLAS,glas003,Violation_201,33,CP2,8.445271,3,33.0,0.0
GLAS,glas003,Violation_201,33,P3,-8.018681,3,33.0,0.0
GLAS,glas003,Violation_201,33,P4,0.9111274,3,33.0,0.0
GLAS,glas003,Violation_201,33,C3,-3.737298,3,33.0,0.0
GLAS,glas003,Violation_201,33,C4,-2.632885,3,33.0,0.0
GLAS,glas003,Violation_201,33,P7,-1.31021,3,33.0,0.0
GLAS,glas003,Violation_201,33,P8,1.400221,3,33.0,0.0
GLAS,glas003,Violation_201,33,O1,2.529223,3,33.0,0.0
GLAS,glas003,Violation_201,33,O2,3.469688,3,33.0,0.0
GLAS,glas003,Control_202,34,Pz,1.733139,3,36.0,77.0
GLAS,glas003,Control_202,34,Cz,1.744032,3,36.0,77.0
GLAS,glas003,Control_202,34,CP1,-9.483031,3,36.0,77.0
GLAS,glas003,Control_202,34,CP2,-4.020087,3,36.0,77.0
GLAS,glas003,Control_202,34,P3,-0.682592,3,36.0,77.0
GLAS,glas003,Control_202,34,P4,-1.621509,3,36.0,77.0
GLAS,glas003,Control_202,34,C3,2.354226,3,36.0,77.0
GLAS,glas003,Control_202,34,C4,1.273978,3,36.0,77.0
GLAS,glas003,Control_202,34,P7,-4.734359,3,36.0,77.0
GLAS,glas003,Control_202,34,P8,0.3690557,3,36.0,77.0
GLAS,glas003,Control_202,34,O1,-3.808017,3,36.0,77.0
GLAS,glas003,Control_202,34,O2,-5.70808,3,36.0,77.0
GLAS,glas003,Violation_201,35,Pz,9.819586,3,29.0,90.0
GLAS,glas003,Violation_201,35,Cz,6.827944,3,29.0,90.0
GLAS,glas003,Violation_201,35,CP1,10.89997,3,29.0,90.0
GLAS,glas003,Violation_201,35,CP2,-0.1579089,3,29.0,90.0
GLAS,glas003,Violation_201,35,P3,5.020956,3,29.0,90.0
GLAS,glas003,Violation_201,35,P4,7.35015,3,29.0,90.0
GLAS,glas003,Violation_201,35,C3,10.57454,3,29.0,90.0
GLAS,glas003,Violation_201,35,C4,5.400545,3,29.0,90.0
GLAS,glas003,Violation_201,35,P7,5.309503,3,29.0,90.0
GLAS,glas003,Violation_201,35,P8,4.745605,3,29.0,90.0
GLAS,glas003,Violation_201,35,O1,4.059757,3,29.0,90.0
GLAS,glas003,Violation_201,35,O2,-1.928143,3,29.0,90.0
GLAS,glas003,Violation_201,36,Pz,-2.328045,3,26.0,0.0
GLAS,glas003,Violation_201,36,Cz,-5.623299,3,26.0,0.0
GLAS,glas003,Violation_201,36,CP1,-9.827406,3,26.0,0.0
GLAS,glas003,Violation_201,36,CP2,-8.309948,3,26.0,0.0
GLAS,glas003,Violation_201,36,P3,-1.925663,3,26.0,0.0
GLAS,glas003,Violation_201,36,P4,-3.973409,3,26.0,0.0
GLAS,glas003,Violation_201,36,C3,-4.775799,3,26.0,0.0
GLAS,glas003,Violation_201,36,C4,-4.28429,3,26.0,0.0
GLAS,glas003,Violation_201,36,P7,3.79555,3,26.0,0.0
GLAS,glas003,Violation_201,36,P8,-5.411265,3,26.0,0.0
GLAS,glas003,Violation_201,36,O1,4.441319,3,26.0,0.0
GLAS,glas003,Violation_201,36,O2,-1.044579,3,26.0,0.0
GLAS,glas003,Control_202,37,Pz,0.6226549,3,35.0,97.0
GLAS,glas003,Control_202,37,Cz,2.645761,3,35.0,97.0
GLAS,glas003,Control_202,37,CP1,-0.7210131,3,35.0,97.0
GLAS,glas003,Control_202,37,CP2,-8.519534,3,35.0,97.0
GLAS,glas003,Control_202,37,P3,-2.168109,3,35.0,97.0
GLAS,glas003,Control_202,37,P4,1.905518,3,35.0,97.0
GLAS,glas003,Control_202,37,C3,5.453259,3,35.0,97.0
GLAS,glas003,Control_202,37,C4,4.842782,3,35.0,97.0
GLAS,glas003,Control_202,37,P7,-5.588484,3,35.0,97.0
GLAS,glas003,Control_202,37,P8,2.647745,3,35.0,97.0
GLAS,glas003,Control_202,37,O1,-5.450099,3,35.0,97.0
GLAS,glas003,Control_202,37,O2,-1.31212,3,35.0,97.0
GLAS,glas003,Control_202,38,Pz,5.028145,3,30.0,90.0
GLAS,glas003,Control_202,38,Cz,7.385544,3,30.0,90.0
GLAS,glas003,Control_202,38,CP1,4.522301,3,30.0,90.0
GLAS,glas003,Control_202,38,CP2,6.095126,3,30.0,90.0
GLAS,glas003,Control_202,38,P3,3.707666,3,30.0,90.0
GLAS,glas003,Control_202,38,P4,6.871526,3,30.0,90.0
GLAS,glas003,Control_202,38,C3,11.39231,3,30.0,90.0
GLAS,glas003,Control_202,38,C4,6.919371,3,30.0,90.0
GLAS,glas003,Control_202,38,P7,-0.6496689,3,30.0,90.0
GLAS,glas003,Control_202,38,P8,8.093206,3,30.0,90.0
GLAS,glas003,Control_202,38,O1,-1.368699,3,30.0,90.0
GLAS,glas003,Control_202,38,O2,3.607076,3,30.0,90.0
GLAS,glas003,Control_202,39,Pz,-14.56574,3,27.0,97.0
GLAS,glas003,Control_202,39,Cz,-15.61838,3,27.0,97.0
GLAS,glas003,Control_202,39,CP1,-18.868,3,27.0,97.0
GLAS,glas003,Control_202,39,CP2,-11.70801,3,27.0,97.0
GLAS,glas003,Control_202,39,P3,-17.09595,3,27.0,97.0
GLAS,glas003,Control_202,39,P4,-11.75925,3,27.0,97.0
GLAS,glas003,Control_202,39,C3,-14.76454,3,27.0,97.0
GLAS,glas003,Control_202,39,C4,-12.09993,3,27.0,97.0
GLAS,glas003,Control_202,39,P7,-7.618077,3,27.0,97.0
GLAS,glas003,Control_202,39,P8,-10.30132,3,27.0,97.0
GLAS,glas003,Control_202,39,O1,-8.37267,3,27.0,97.0
GLAS,glas003,Control_202,39,O2,-3.719425,3,27.0,97.0
GLAS,glas003,Violation_201,40,Pz,-6.77807,3,40.0,0.0
GLAS,glas003,Violation_201,40,Cz,-4.698583,3,40.0,0.0
GLAS,glas003,Violation_201,40,CP1,-3.627388,3,40.0,0.0
GLAS,glas003,Violation_201,40,CP2,-4.66345,3,40.0,0.0
GLAS,glas003,Violation_201,40,P3,-4.303472,3,40.0,0.0
GLAS,glas003,Violation_201,40,P4,-3.658642,3,40.0,0.0
GLAS,glas003,Violation_201,40,C3,-1.511732,3,40.0,0.0
GLAS,glas003,Violation_201,40,C4,-2.007065,3,40.0,0.0
GLAS,glas003,Violation_201,40,P7,-3.715799,3,40.0,0.0
GLAS,glas003,Violation_201,40,P8,-3.023867,3,40.0,0.0
GLAS,glas003,Violation_201,40,O1,-1.936368,3,40.0,0.0
GLAS,glas003,Violation_201,40,O2,-1.463037,3,40.0,0.0
GLAS,glas004,Control_202,1,Pz,-5.948642,4,16.0,93.0
GLAS,glas004,Control_202,1,Cz,-0.5145937,4,16.0,93.0
GLAS,glas004,Control_202,1,CP1,0.6604789,4,16.0,93.0
GLAS,glas004,Control_202,1,CP2,-1.666259,4,16.0,93.0
GLAS,glas004,Control_202,1,P3,-3.462446,4,16.0,93.0
GLAS,glas004,Control_202,1,P4,-8.171787,4,16.0,93.0
GLAS,glas004,Control_202,1,C3,-0.0947496,4,16.0,93.0
GLAS,glas004,Control_202,1,C4,-0.1820365,4,16.0,93.0
GLAS,glas004,Control_202,1,P7,-4.235409,4,16.0,93.0
GLAS,glas004,Control_202,1,P8,-6.776506,4,16.0,93.0
GLAS,glas004,Control_202,1,O1,-10.69655,4,16.0,93.0
GLAS,glas004,Control_202,1,O2,6.583603,4,16.0,93.0
GLAS,glas004,Control_202,2,Pz,-20.4277,4,9.0,93.0
GLAS,glas004,Control_202,2,Cz,-15.69693,4,9.0,93.0
GLAS,glas004,Control_202,2,CP1,-36.37518,4,9.0,93.0
GLAS,glas004,Control_202,2,CP2,-2.426899,4,9.0,93.0
GLAS,glas004,Control_202,2,P3,-32.00381,4,9.0,93.0
GLAS,glas004,Control_202,2,P4,-17.55636,4,9.0,93.0
GLAS,glas004,Control_202,2,C3,-16.24744,4,9.0,93.0
GLAS,glas004,Control_202,2,C4,-16.3817,4,9.0,93.0
GLAS,glas004,Control_202,2,P7,-24.98417,4,9.0,93.0
GLAS,glas004,Control_202,2,P8,-5.04664,4,9.0,93.0
GLAS,glas004,Control_202,2,O1,-2.91338,4,9.0,93.0
GLAS,glas004,Control_202,2,O2,-6.268324,4,9.0,93.0
GLAS,glas004,Violation_201,3,Pz,-4.420841,4,8.0,34.0
GLAS,glas004,Violation_201,3,Cz,-4.350338,4,8.0,34.0
GLAS,glas004,Violation_201,3,CP1,-15.5957,4,8.0,34.0
GLAS,glas004,Violation_201,3,CP2,-0.1141153,4,8.0,34.0
GLAS,glas004,Violation_201,3,P3,6.682031,4,8.0,34.0
GLAS,glas004,Violation_201,3,P4,-1.625124,4,8.0,34.0
GLAS,glas004,Violation_201,3,C3,-4.171616,4,8.0,34.0
GLAS,glas004,Violation_201,3,C4,-4.382671,4,8.0,34.0
GLAS,glas004,Violation_201,3,P7,5.856594,4,8.0,34.0
GLAS,glas004,Violation_201,3,P8,-3.470994,4,8.0,34.0
GLAS,glas004,Violation_201,3,O1,-8.762397,4,8.0,34.0
GLAS,glas004,Violation_201,3,O2,-3.419184,4,8.0,34.0
GLAS,glas004,Violation_201,4,Pz,-18.05144,4,19.0,0.0
GLAS,glas004,Violation_201,4,Cz,-24.18979,4,19.0,0.0
GLAS,glas004,Violation_201,4,CP1,-21.19956,4,19.0,0.0
GLAS,glas004,Violation_201,4,CP2,-20.83467,4,19.0,0.0
GLAS,glas004,Violation_201,4,P3,-20.74875,4,19.0,0.0
GLAS,glas004,Violation_201,4,P4,-34.7461,4,19.0,0.0
GLAS,glas004,Violation_201,4,C3,-24.57583,4,19.0,0.0
GLAS,glas004,Violation_201,4,C4,-19.94787,4,19.0,0.0
GLAS,glas004,Violation_201,4,P7,-15.74081,4,19.0,0.0
GLAS,glas004,Violation_201,4,P8,-14.44824,4,19.0,0.0
GLAS,glas004,Violation_201,4,O1,10.96818,4,19.0,0.0
GLAS,glas004,Violation_201,4,O2,0.0810369,4,19.0,0.0
GLAS,glas004,Control_202,5,Pz,6.649389,4,17.0,62.0
GLAS,glas004,Control_202,5,Cz,6.596844,4,17.0,62.0
GLAS,glas004,Control_202,5,CP1,0.1363057,4,17.0,62.0
GLAS,glas004,Control_202,5,CP2,13.6046,4,17.0,62.0
GLAS,glas004,Control_202,5,P3,7.533751,4,17.0,62.0
GLAS,glas004,Control_202,5,P4,19.64346,4,17.0,62.0
GLAS,glas004,Control_202,5,C3,6.536086,4,17.0,62.0
GLAS,glas004,Control_202,5,C4,9.180552,4,17.0,62.0
GLAS,glas004,Control_202,5,P7,10.69221,4,17.0,62.0
GLAS,glas004,Control_202,5,P8,9.560407,4,17.0,62.0
GLAS,glas004,Control_202,5,O1,20.14479,4,17.0,62.0
GLAS,glas004,Control_202,5,O2,22.4197,4,17.0,62.0
GLAS,glas004,Violation_201,6,Pz,3.162698,4,12.0,13.0
GLAS,glas004,Violation_201,6,Cz,1.564156,4,12.0,13.0
GLAS,glas004,Violation_201,6,CP1,-7.360981,4,12.0,13.0
GLAS,glas004,Violation_201,6,CP2,1.093333,4,12.0,13.0
GLAS,glas004,Violation_201,6,P3,8.418047,4,12.0,13.0
GLAS,glas004,Violation_201,6,P4,4.993011,4,12.0,13.0
GLAS,glas004,Violation_201,6,C3,1.686369,4,12.0,13.0
GLAS,glas004,Violation_201,6,C4,1.853129,4,12.0,13.0
GLAS,glas004,Violation_201,6,P7,8.668567,4,12.0,13.0
GLAS,glas004,Violation_201,6,P8,7.218894,4,12.0,13.0
GLAS,glas004,Violation_201,6,O1,11.0163,4,12.0,13.0
GLAS,glas004,Violation_201,6,O2,18.88671,4,12.0,13.0
GLAS,glas004,Violation_201,7,Pz,-20.36588,4,2.0,3.0
GLAS,glas004,Violation_201,7,Cz,-14.82915,4,2.0,3.0
GLAS,glas004,Violation_201,7,CP1,-8.211967,4,2.0,3.0
GLAS,glas004,Violation_201,7,CP2,-24.37498,4,2.0,3.0
GLAS,glas004,Violation_201,7,P3,-16.10994,4,2.0,3.0
GLAS,glas004,Violation_201,7,P4,-29.46196,4,2.0,3.0
GLAS,glas004,Violation_201,7,C3,-16.13802,4,2.0,3.0
GLAS,glas004,Violation_201,7,C4,-13.83049,4,2.0,3.0
GLAS,glas004,Violation_201,7,P7,-13.50071,4,2.0,3.0
GLAS,glas004,Violation_201,7,P8,-15.20845,4,2.0,3.0
GLAS,glas004,Violation_201,7,O1,-7.653255,4,2.0,3.0
GLAS,glas004,Violation_201,7,O2,-18.55515,4,2.0,3.0
GLAS,glas004,Control_202,8,Pz,7.61706,4,18.0,87.0
GLAS,glas004,Control_202,8,Cz,2.936347,4,18.0,87.0
GLAS,glas004,Control_202,8,CP1,11.94763,4,18.0,87.0
GLAS,glas004,Control_202,8,CP2,0.9965643,4,18.0,87.0
GLAS,glas004,Control_202,8,P3,12.86543,4,18.0,87.0
GLAS,glas004,Control_202,8,P4,-2.348472,4,18.0,87.0
GLAS,glas004,Control_202,8,C3,1.228536,4,18.0,87.0
GLAS,glas004,Control_202,8,C4,6.855054,4,18.0,87.0
GLAS,glas004,Control_202,8,P7,12.00917,4,18.0,87.0
GLAS,glas004,Control_202,8,P8,7.17025,4,18.0,87.0
GLAS,glas004,Control_202,8,O1,-6.235865,4,18.0,87.0
GLAS,glas004,Control_202,8,O2,3.450226,4,18.0,87.0
GLAS,glas004,Violation_201,9,Pz,-16.81736,4,20.0,0.0
GLAS,glas004,Violation_201,9,Cz,-14.26672,4,20.0,0.0
GLAS,glas004,Violation_201,9,CP1,-16.25257,4,20.0,0.0
GLAS,glas004,Violation_201,9,CP2,-14.75395,4,20.0,0.0
GLAS,glas004,Violation_201,9,P3,-7.343019,4,20.0,0.0
GLAS,glas004,Violation_201,9,P4,-9.063622,4,20.0,0.0
GLAS,glas004,Violation_201,9,C3,-14.60298,4,20.0,0.0
GLAS,glas004,Violation_201,9,C4,-14.07517,4,20.0,0.0
GLAS,glas004,Violation_201,9,P7,-9.562897,4,20.0,0.0
GLAS,glas004,Violation_201,9,P8,-5.840972,4,20.0,0.0
GLAS,glas004,Violation_201,9,O1,-6.884116,4,20.0,0.0
GLAS,glas004,Violation_201,9,O2,-8.702131,4,20.0,0.0
GLAS,glas004,Violation_201,10,Pz,-9.721056,4,1.0,0.0
GLAS,glas004,Violation_201,10,Cz,-12.01675,4,1.0,0.0
GLAS,glas004,Violation_201,10,CP1,-13.29943,4,1.0,0.0
GLAS,glas004,Violation_201,10,CP2,-0.9830487,4,1.0,0.0
GLAS,glas004,Violation_201,10,P3,-20.73514,4,1.0,0.0
GLAS,glas004,Violation_201,10,P4,-3.681125,4,1.0,0.0
GLAS,glas004,Violation_201,10,C3,-12.27911,4,1.0,0.0
GLAS,glas004,Violation_201,10,C4,-10.61381,4,1.0,0.0
GLAS,glas004,Violation_201,10,P7,-19.26298,4,1.0,0.0
GLAS,glas004,Violation_201,10,P8,-7.54403,4,1.0,0.0
GLAS,glas004,Violation_201,10,O1,-5.325354,4,1.0,0.0
GLAS,glas004,Violation_201,10,O2,-6.060136,4,1.0,0.0
GLAS,glas004,Violation_201,11,Pz,13.61278,4,13.0,0.0
GLAS,glas004,Violation_201,11,Cz,18.66324,4,13.0,0.0
GLAS,glas004,Violation_201,11,CP1,15.28862,4,13.0,0.0
GLAS,glas004,Violation_201,11,CP2,2.780054,4,13.0,0.0
GLAS,glas004,Violation_201,11,P3,3.815757,4,13.0,0.0
GLAS,glas004,Violation_201,11,P4,13.32308,4,13.0,0.0
GLAS,glas004,Violation_201,11,C3,17.49955,4,13.0,0.0
GLAS,glas004,Violation_201,11,C4,22.00653,4,13.0,0.0
GLAS,glas004,Violation_201,11,P7,2.147225,4,13.0,0.0
GLAS,glas004,Violation_201,11,P8,10.54291,4,13.0,0.0
GLAS,glas004,Violation_201,11,O1,16.96021,4,13.0,0.0
GLAS,glas004,Violation_201,11,O2,7.414074,4,13.0,0.0
GLAS,glas004,Control_202,12,Pz,-19.737,4,10.0,80.0
GLAS,glas004,Control_202,12,Cz,-16.91094,4,10.0,80.0
GLAS,glas004,Control_202,12,CP1,-18.69489,4,10.0,80.0
GLAS,glas004,Control_202,12,CP2,-13.984,4,10.0,80.0
GLAS,glas004,Control_202,12,P3,-12.23433,4,10.0,80.0
GLAS,glas004,Control_202,12,P4,-15.62423,4,10.0,80.0
GLAS,glas004,Control_202,12,C3,-16.96219,4,10.0,80.0
GLAS,glas004,Control_202,12,C4,-20.58664,4,10.0,80.0
GLAS,glas004,Control_202,12,P7,-7.12727,4,10.0,80.0
GLAS,glas004,Control_202,12,P8,-7.388463,4,10.0,80.0
GLAS,glas004,Control_202,12,O1,-11.6114,4,10.0,80.0
GLAS,glas004,Control_202,12,O2,-1.799022,4,10.0,80.0
GLAS,glas004,Violation_201,13,Pz,-11.16002,4,14.0,0.0
GLAS,glas004,Violation_201,13,Cz,-13.38407,4,14.0,0.0
GLAS,glas004,Violation_201,13,CP1,-11.26581,4,14.0,0.0
GLAS,glas004,Violation_201,13,CP2,-13.36825,4,14.0,0.0
GLAS,glas004,Violation_201,13,P3,-5.741613,4,14.0,0.0
GLAS,glas004,Violation_201,13,P4,-0.1912627,4,14.0,0.0
GLAS,glas004,Violation_201,13,C3,-13.50535,4,14.0,0.0
GLAS,glas004,Violation_201,13,C4,-11.07334,4,14.0,0.0
GLAS,glas004,Violation_201,13,P7,-3.529325,4,14.0,0.0
GLAS,glas004,Violation_201,13,P8,-7.448532,4,14.0,0.0
GLAS,glas004,Violation_201,13,O1,-26.13079,4,14.0,0.0
GLAS,glas004,Violation_201,13,O2,7.132811,4,14.0,0.0
GLAS,glas004,Control_202,14,Pz,-0.8890538,4,5.0,93.0
GLAS,glas004,Control_202,14,Cz,1.427367,4,5.0,93.0
GLAS,glas004,Control_202,14,CP1,5.392276,4,5.0,93.0
GLAS,glas004,Control_202,14,CP2,12.22833,4,5.0,93.0
GLAS,glas004,Control_202,14,P3,2.908146,4,5.0,93.0
GLAS,glas004,Control_202,14,P4,6.902392,4,5.0,93.0
GLAS,glas004,Control_202,14,C3,1.382159,4,5.0,93.0
GLAS,glas004,Control_202,14,C4,2.887386,4,5.0,93.0
GLAS,glas004,Control_202,14,P7,3.95359,4,5.0,93.0
GLAS,glas004,Control_202,14,P8,7.164449,4,5.0,93.0
GLAS,glas004,Control_202,14,O1,4.761405,4,5.0,93.0
GLAS,glas004,Control_202,14,O2,12.48628,4,5.0,93.0
GLAS,glas004,Control_202,15,Pz,6.145143,4,7.0,80.0
GLAS,glas004,Control_202,15,Cz,11.73754,4,7.0,80.0
GLAS,glas004,Control_202,15,CP1,1.171574,4,7.0,80.0
GLAS,glas004,Control_202,15,CP2,14.10796,4,7.0,80.0
GLAS,glas004,Control_202,15,P3,4.187918,4,7.0,80.0
GLAS,glas004,Control_202,15,P4,9.973345,4,7.0,80.0
GLAS,glas004,Control_202,15,C3,11.27818,4,7.0,80.0
GLAS,glas004,Control_202,15,C4,12.04549,4,7.0,80.0
GLAS,glas004,Control_202,15,P7,5.731187,4,7.0,80.0
GLAS,glas004,Control_202,15,P8,5.981973,4,7.0,80.0
GLAS,glas004,Control_202,15,O1,20.49806,4,7.0,80.0
GLAS,glas004,Control_202,15,O2,3.837159,4,7.0,80.0
GLAS,glas004,Violation_201,16,Pz,-10.0869,4,3.0,7.0
GLAS,glas004,Violation_201,16,Cz,-3.8803,4,3.0,7.0
GLAS,glas004,Violation_201,16,CP1,-11.24129,4,3.0,7.0
GLAS,glas004,Violation_201,16,CP2,-6.315533,4,3.0,7.0
GLAS,glas004,Violation_201,16,P3,-13.33712,4,3.0,7.0
GLAS,glas004,Violation_201,16,P4,-13.09249,4,3.0,7.0
GLAS,glas004,Violation_201,16,C3,-4.13522,4,3.0,7.0
GLAS,glas004,Violation_201,16,C4,-3.759707,4,3.0,7.0
GLAS,glas004,Violation_201,16,P7,-13.69263,4,3.0,7.0
GLAS,glas004,Violation_201,16,P8,-0.4713906,4,3.0,7.0
GLAS,glas004,Violation_201,16,O1,13.27852,4,3.0,7.0
GLAS,glas004,Violation_201,16,O2,-10.00752,4,3.0,7.0
GLAS,glas004,Control_202,17,Pz,5.492115,4,6.0,100.0
GLAS,glas004,Control_202,17,Cz,-3.976286,4,6.0,100.0
GLAS,glas004,Control_202,17,CP1,-0.2962056,4,6.0,100.0
GLAS,glas004,Control_202,17,CP2,21.20227,4,6.0,100.0
GLAS,glas004,Control_202,17,P3,11.30355,4,6.0,100.0
GLAS,glas004,Control_202,17,P4,12.85976,4,6.0,100.0
GLAS,glas004,Control_202,17,C3,-4.334176,4,6.0,100.0
GLAS,glas004,Control_202,17,C4,-1.920262,4,6.0,100.0
GLAS,glas004,Control_202,17,P7,10.38231,4,6.0,100.0
GLAS,glas004,Control_202,17,P8,9.9855,4,6.0,100.0
GLAS,glas004,Control_202,17,O1,53.12715,4,6.0,100.0
GLAS,glas004,Control_202,17,O2,2.254003,4,6.0,100.0
GLAS,glas004,Violation_201,18,Pz,31.49047,4,15.0,0.0
GLAS,glas004,Violation_201,18,Cz,23.58673,4,15.0,0.0
GLAS,glas004,Violation_201,18,CP1,30.5815,4,15.0,0.0
GLAS,glas004,Violation_201,18,CP2,13.84788,4,15.0,0.0
GLAS,glas004,Violation_201,18,P3,25.42693,4,15.0,0.0
GLAS,glas004,Violation_201,18,P4,31.41037,4,15.0,0.0
GLAS,glas004,Violation_201,18,C3,24.22702,4,15.0,0.0
GLAS,glas004,Violation_201,18,C4,20.01549,4,15.0,0.0
GLAS,glas004,Violation_201,18,P7,19.24479,4,15.0,0.0
GLAS,glas004,Violation_201,18,P8,24.41749,4,15.0,0.0
GLAS,glas004,Violation_201,18,O1,16.90278,4,15.0,0.0
GLAS,glas004,Violation_201,18,O2,17.64255,4,15.0,0.0
GLAS,glas004,Violation_201,19,Pz,5.415969,4,11.0,7.0
GLAS,glas004,Violation_201,19,Cz,5.701109,4,11.0,7.0
GLAS,glas004,Violation_201,19,CP1,10.13983,4,11.0,7.0
GLAS,glas004,Violation_201,19,CP2,9.613316,4,11.0,7.0
GLAS,glas004,Violation_201,19,P3,3.099376,4,11.0,7.0
GLAS,glas004,Violation_201,19,P4,-4.949543,4,11.0,7.0
GLAS,glas004,Violation_201,19,C3,6.332731,4,11.0,7.0
GLAS,glas004,Violation_201,19,C4,4.260101,4,11.0,7.0
GLAS,glas004,Violation_201,19,P7,4.034392,4,11.0,7.0
GLAS,glas004,Violation_201,19,P8,2.347699,4,11.0,7.0
GLAS,glas004,Violation_201,19,O1,15.83763,4,11.0,7.0
GLAS,glas004,Violation_201,19,O2,13.09908,4,11.0,7.0
GLAS,glas004,Violation_201,20,Pz,12.98212,4,4.0,20.0
GLAS,glas004,Violation_201,20,Cz,18.74558,4,4.0,20.0
GLAS,glas004,Violation_201,20,CP1,13.47525,4,4.0,20.0
GLAS,glas004,Violation_201,20,CP2,8.611441,4,4.0,20.0
GLAS,glas004,Violation_201,20,P3,6.611139,4,4.0,20.0
GLAS,glas004,Violation_201,20,P4,11.12039,4,4.0,20.0
GLAS,glas004,Violation_201,20,C3,18.87591,4,4.0,20.0
GLAS,glas004,Violation_201,20,C4,15.98497,4,4.0,20.0
GLAS,glas004,Violation_201,20,P7,4.930021,4,4.0,20.0
GLAS,glas004,Violation_201,20,P8,8.776766,4,4.0,20.0
GLAS,glas004,Violation_201,20,O1,5.5143,4,4.0,20.0
GLAS,glas004,Violation_201,20,O2,8.461459,4,4.0,20.0
GLAS,glas004,Violation_201,21,Pz,9.727368,4,36.0,7.0
GLAS,glas004,Violation_201,21,Cz,11.45163,4,36.0,7.0
GLAS,glas004,Violation_201,21,CP1,5.105376,4,36.0,7.0
GLAS,glas004,Violation_201,21,CP2,11.83651,4,36.0,7.0
GLAS,glas004,Violation_201,21,P3,3.554013,4,36.0,7.0
GLAS,glas004,Violation_201,21,P4,4.503305,4,36.0,7.0
GLAS,glas004,Violation_201,21,C3,12.21707,4,36.0,7.0
GLAS,glas004,Violation_201,21,C4,10.40049,4,36.0,7.0
GLAS,glas004,Violation_201,21,P7,5.375459,4,36.0,7.0
GLAS,glas004,Violation_201,21,P8,8.303632,4,36.0,7.0
GLAS,glas004,Violation_201,21,O1,-23.58508,4,36.0,7.0
GLAS,glas004,Violation_201,21,O2,15.6953,4,36.0,7.0
GLAS,glas004,Control_202,22,Pz,-0.1337198,4,34.0,97.0
GLAS,glas004,Control_202,22,Cz,3.844718,4,34.0,97.0
GLAS,glas004,Control_202,22,CP1,-2.683266,4,34.0,97.0
GLAS,glas004,Control_202,22,CP2,14.05964,4,34.0,97.0
GLAS,glas004,Control_202,22,P3,-2.921139,4,34.0,97.0
GLAS,glas004,Control_202,22,P4,-12.7706,4,34.0,97.0
GLAS,glas004,Control_202,22,C3,4.17441,4,34.0,97.0
GLAS,glas004,Control_202,22,C4,2.620454,4,34.0,97.0
GLAS,glas004,Control_202,22,P7,-3.483859,4,34.0,97.0
GLAS,glas004,Control_202,22,P8,2.024581,4,34.0,97.0
GLAS,glas004,Control_202,22,O1,12.51187,4,34.0,97.0
GLAS,glas004,Control_202,22,O2,20.41633,4,34.0,97.0
GLAS,glas004,Control_202,23,Pz,-5.293142,4,30.0,90.0
GLAS,glas004,Control_202,23,Cz,-2.177693,4,30.0,90.0
GLAS,glas004,Control_202,23,CP1,-10.15976,4,30.0,90.0
GLAS,glas004,Control_202,23,CP2,-9.920608,4,30.0,90.0
GLAS,glas004,Control_202,23,P3,-8.829784,4,30.0,90.0
GLAS,glas004,Control_202,23,P4,1.938853,4,30.0,90.0
GLAS,glas004,Control_202,23,C3,-3.226624,4,30.0,90.0
GLAS,glas004,Control_202,23,C4,0.6149809,4,30.0,90.0
GLAS,glas004,Control_202,23,P7,-8.444533,4,30.0,90.0
GLAS,glas004,Control_202,23,P8,-5.835501,4,30.0,90.0
GLAS,glas004,Control_202,23,O1,-10.96234,4,30.0,90.0
GLAS,glas004,Control_202,23,O2,-5.898322,4,30.0,90.0
GLAS,glas004,Violation_201,24,Pz,1.423345,4,40.0,0.0
GLAS,glas004,Violation_201,24,Cz,-5.828679,4,40.0,0.0
GLAS,glas004,Violation_201,24,CP1,9.04542,4,40.0,0.0
GLAS,glas004,Violation_201,24,CP2,7.407657,4,40.0,0.0
GLAS,glas004,Violation_201,24,P3,13.61738,4,40.0,0.0
GLAS,glas004,Violation_201,24,P4,-0.1757831,4,40.0,0.0
GLAS,glas004,Violation_201,24,C3,-5.864051,4,40.0,0.0
GLAS,glas004,Violation_201,24,C4,-6.440113,4,40.0,0.0
GLAS,glas004,Violation_201,24,P7,12.6124,4,40.0,0.0
GLAS,glas004,Violation_201,24,P8,1.39483,4,40.0,0.0
GLAS,glas004,Violation_201,24,O1,7.048843,4,40.0,0.0
GLAS,glas004,Violation_201,24,O2,10.8526,4,40.0,0.0
GLAS,glas004,Control_202,25,Pz,-13.80482,4,35.0,97.0
GLAS,glas004,Control_202,25,Cz,-17.99344,4,35.0,97.0
GLAS,glas004,Control_202,25,CP1,2.898218,4,35.0,97.0
GLAS,glas004,Control_202,25,CP2,-20.3015,4,35.0,97.0
GLAS,glas004,Control_202,25,P3,-10.00859,4,35.0,97.0
GLAS,glas004,Control_202,25,P4,-14.31687,4,35.0,97.0
GLAS,glas004,Control_202,25,C3,-18.86266,4,35.0,97.0
GLAS,glas004,Control_202,25,C4,-13.82717,4,35.0,97.0
GLAS,glas004,Control_202,25,P7,-10.65119,4,35.0,97.0
GLAS,glas004,Control_202,25,P8,-18.99661,4,35.0,97.0
GLAS,glas004,Control_202,25,O1,-3.624528,4,35.0,97.0
GLAS,glas004,Control_202,25,O2,-13.13697,4,35.0,97.0
GLAS,glas004,Control_202,26,Pz,-8.553662,4,37.0,80.0
GLAS,glas004,Control_202,26,Cz,-3.884012,4,37.0,80.0
GLAS,glas004,Control_202,26,CP1,-10.72369,4,37.0,80.0
GLAS,glas004,Control_202,26,CP2,-8.794035,4,37.0,80.0
GLAS,glas004,Control_202,26,P3,-12.06293,4,37.0,80.0
GLAS,glas004,Control_202,26,P4,-13.78745,4,37.0,80.0
GLAS,glas004,Control_202,26,C3,-3.739308,4,37.0,80.0
GLAS,glas004,Control_202,26,C4,-5.02165,4,37.0,80.0
GLAS,glas004,Control_202,26,P7,-13.57136,4,37.0,80.0
GLAS,glas004,Control_202,26,P8,-15.49752,4,37.0,80.0
GLAS,glas004,Control_202,26,O1,-23.13737,4,37.0,80.0
GLAS,glas004,Control_202,26,O2,-10.47221,4,37.0,80.0
GLAS,glas004,Violation_201,27,Pz,7.266722,4,22.0,17.0
GLAS,glas004,Violation_201,27,Cz,7.491369,4,22.0,17.0
GLAS,glas004,Violation_201,27,CP1,10.5222,4,22.0,17.0
GLAS,glas004,Violation_201,27,CP2,2.129903,4,22.0,17.0
GLAS,glas004,Violation_201,27,P3,16.1167,4,22.0,17.0
GLAS,glas004,Violation_201,27,P4,8.439223,4,22.0,17.0
GLAS,glas004,Violation_201,27,C3,7.07805,4,22.0,17.0
GLAS,glas004,Violation_201,27,C4,5.858745,4,22.0,17.0
GLAS,glas004,Violation_201,27,P7,15.38227,4,22.0,17.0
GLAS,glas004,Violation_201,27,P8,10.21699,4,22.0,17.0
GLAS,glas004,Violation_201,27,O1,8.821652,4,22.0,17.0
GLAS,glas004,Violation_201,27,O2,1.417929,4,22.0,17.0
GLAS,glas004,Control_202,28,Pz,0.02206017,4,21.0,77.0
GLAS,glas004,Control_202,28,Cz,6.056267,4,21.0,77.0
GLAS,glas004,Control_202,28,CP1,0.3668366,4,21.0,77.0
GLAS,glas004,Control_202,28,CP2,-5.859219,4,21.0,77.0
GLAS,glas004,Control_202,28,P3,-0.4285577,4,21.0,77.0
GLAS,glas004,Control_202,28,P4,12.87807,4,21.0,77.0
GLAS,glas004,Control_202,28,C3,5.50204,4,21.0,77.0
GLAS,glas004,Control_202,28,C4,5.131771,4,21.0,77.0
GLAS,glas004,Control_202,28,P7,-3.680476,4,21.0,77.0
GLAS,glas004,Control_202,28,P8,-1.435104,4,21.0,77.0
GLAS,glas004,Control_202,28,O1,-11.74496,4,21.0,77.0
GLAS,glas004,Control_202,28,O2,5.757764,4,21.0,77.0
GLAS,glas004,Control_202,29,Pz,5.118875,4,32.0,80.0
GLAS,glas004,Control_202,29,Cz,4.003283,4,32.0,80.0
GLAS,glas004,Control_202,29,CP1,10.94264,4,32.0,80.0
GLAS,glas004,Control_202,29,CP2,10.8956,4,32.0,80.0
GLAS,glas004,Control_202,29,P3,5.660348,4,32.0,80.0
GLAS,glas004,Control_202,29,P4,7.401771,4,32.0,80.0
GLAS,glas004,Control_202,29,C3,4.624723,4,32.0,80.0
GLAS,glas004,Control_202,29,C4,4.236264,4,32.0,80.0
GLAS,glas004,Control_202,29,P7,9.746014,4,32.0,80.0
GLAS,glas004,Control_202,29,P8,3.3808,4,32.0,80.0
GLAS,glas004,Control_202,29,O1,-0.8687451,4,32.0,80.0
GLAS,glas004,Control_202,29,O2,3.894841,4,32.0,80.0
GLAS,glas004,Control_202,30,Pz,-23.18386,4,27.0,97.0
GLAS,glas004,Control_202,30,Cz,-23.56069,4,27.0,97.0
GLAS,glas004,Control_202,30,CP1,-15.03848,4,27.0,97.0
GLAS,glas004,Control_202,30,CP2,-6.812705,4,27.0,97.0
GLAS,glas004,Control_202,30,P3,-7.094009,4,27.0,97.0
GLAS,glas004,Control_202,30,P4,-23.7844,4,27.0,97.0
GLAS,glas004,Control_202,30,C3,-25.06987,4,27.0,97.0
GLAS,glas004,Control_202,30,C4,-21.96169,4,27.0,97.0
GLAS,glas004,Control_202,30,P7,-5.834966,4,27.0,97.0
GLAS,glas004,Control_202,30,P8,-5.260953,4,27.0,97.0
GLAS,glas004,Control_202,30,O1,-13.64538,4,27.0,97.0
GLAS,glas004,Control_202,30,O2,13.96363,4,27.0,97.0
GLAS,glas004,Violation_201,31,Pz,-14.97899,4,31.0,0.0
GLAS,glas004,Violation_201,31,Cz,-10.85089,4,31.0,0.0
GLAS,glas004,Violation_201,31,CP1,-19.09199,4,31.0,0.0
GLAS,glas004,Violation_201,31,CP2,-12.09102,4,31.0,0.0
GLAS,glas004,Violation_201,31,P3,-25.198,4,31.0,0.0
GLAS,glas004,Violation_201,31,P4,-9.930894,4,31.0,0.0
GLAS,glas004,Violation_201,31,C3,-10.70226,4,31.0,0.0
GLAS,glas004,Violation_201,31,C4,-10.75461,4,31.0,0.0
GLAS,glas004,Violation_201,31,P7,-24.53994,4,31.0,0.0
GLAS,glas004,Violation_201,31,P8,-4.245553,4,31.0,0.0
GLAS,glas004,Violation_201,31,O1,-12.58536,4,31.0,0.0
GLAS,glas004,Violation_201,31,O2,-2.120115,4,31.0,0.0
GLAS,glas004,Control_202,32,Pz,11.02038,4,33.0,53.0
GLAS,glas004,Control_202,32,Cz,13.20799,4,33.0,53.0
GLAS,glas004,Control_202,32,CP1,9.835272,4,33.0,53.0
GLAS,glas004,Control_202,32,CP2,16.06332,4,33.0,53.0
GLAS,glas004,Control_202,32,P3,10.34749,4,33.0,53.0
GLAS,glas004,Control_202,32,P4,12.86353,4,33.0,53.0
GLAS,glas004,Control_202,32,C3,13.5336,4,33.0,53.0
GLAS,glas004,Control_202,32,C4,9.307156,4,33.0,53.0
GLAS,glas004,Control_202,32,P7,5.520133,4,33.0,53.0
GLAS,glas004,Control_202,32,P8,9.694877,4,33.0,53.0
GLAS,glas004,Control_202,32,O1,6.478906,4,33.0,53.0
GLAS,glas004,Control_202,32,O2,8.428754,4,33.0,53.0
GLAS,glas004,Violation_201,33,Pz,-0.1947748,4,26.0,0.0
GLAS,glas004,Violation_201,33,Cz,6.454103,4,26.0,0.0
GLAS,glas004,Violation_201,33,CP1,-8.911699,4,26.0,0.0
GLAS,glas004,Violation_201,33,CP2,-3.345924,4,26.0,0.0
GLAS,glas004,Violation_201,33,P3,-9.451847,4,26.0,0.0
GLAS,glas004,Violation_201,33,P4,-1.016964,4,26.0,0.0
GLAS,glas004,Violation_201,33,C3,6.429655,4,26.0,0.0
GLAS,glas004,Violation_201,33,C4,4.421742,4,26.0,0.0
GLAS,glas004,Violation_201,33,P7,-7.999226,4,26.0,0.0
GLAS,glas004,Violation_201,33,P8,-0.09190929,4,26.0,0.0
GLAS,glas004,Violation_201,33,O1,7.605377,4,26.0,0.0
GLAS,glas004,Violation_201,33,O2,-3.150003,4,26.0,0.0
GLAS,glas004,Control_202,34,Pz,1.572821,4,24.0,93.0
GLAS,glas004,Control_202,34,Cz,2.697019,4,24.0,93.0
GLAS,glas004,Control_202,34,CP1,6.858443,4,24.0,93.0
GLAS,glas004,Control_202,34,CP2,12.04387,4,24.0,93.0
GLAS,glas004,Control_202,34,P3,14.23569,4,24.0,93.0
GLAS,glas004,Control_202,34,P4,3.296582,4,24.0,93.0
GLAS,glas004,Control_202,34,C3,2.592674,4,24.0,93.0
GLAS,glas004,Control_202,34,C4,2.111517,4,24.0,93.0
GLAS,glas004,Control_202,34,P7,12.26841,4,24.0,93.0
GLAS,glas004,Control_202,34,P8,8.848738,4,24.0,93.0
GLAS,glas004,Control_202,34,O1,6.030109,4,24.0,93.0
GLAS,glas004,Control_202,34,O2,5.847873,4,24.0,93.0
GLAS,glas004,Violation_201,35,Pz,7.265747,4,28.0,67.0
GLAS,glas004,Violation_201,35,Cz,3.760285,4,28.0,67.0
GLAS,glas004,Violation_201,35,CP1,11.77277,4,28.0,67.0
GLAS,glas004,Violation_201,35,CP2,-9.783371,4,28.0,67.0
GLAS,glas004,Violation_201,35,P3,-0.7425694,4,28.0,67.0
GLAS,glas004,Violation_201,35,P4,-3.872947,4,28.0,67.0
GLAS,glas004,Violation_201,35,C3,3.79623,4,28.0,67.0
GLAS,glas004,Violation_201,35,C4,2.419972,4,28.0,67.0
GLAS,glas004,Violation_201,35,P7,-5.366151,4,28.0,67.0
GLAS,glas004,Violation_201,35,P8,-1.652456,4,28.0,67.0
GLAS,glas004,Violation_201,35,O1,-10.45617,4,28.0,67.0
GLAS,glas004,Violation_201,35,O2,-7.02599,4,28.0,67.0
GLAS,glas004,Control_202,36,Pz,-23.36288,4,25.0,97.0
GLAS,glas004,Control_202,36,Cz,-23.9422,4,25.0,97.0
GLAS,glas004,Control_202,36,CP1,-21.5761,4,25.0,97.0
GLAS,glas004,Control_202,36,CP2,-13.3541,4,25.0,97.0
GLAS,glas004,Control_202,36,P3,-15.23533,4,25.0,97.0
GLAS,glas004,Control_202,36,P4,-5.567096,4,25.0,97.0
GLAS,glas004,Control_202,36,C3,-24.29664,4,25.0,97.0
GLAS,glas004,Control_202,36,C4,-23.19831,4,25.0,97.0
GLAS,glas004,Control_202,36,P7,-12.03575,4,25.0,97.0
GLAS,glas004,Control_202,36,P8,-16.35068,4,25.0,97.0
GLAS,glas004,Control_202,36,O1,-23.50597,4,25.0,97.0
GLAS,glas004,Control_202,36,O2,-3.912261,4,25.0,97.0
GLAS,glas004,Violation_201,37,Pz,-17.69542,4,39.0,0.0
GLAS,glas004,Violation_201,37,Cz,-18.82625,4,39.0,0.0
GLAS,glas004,Violation_201,37,CP1,-16.50657,4,39.0,0.0
GLAS,glas004,Violation_201,37,CP2,-9.099897,4,39.0,0.0
GLAS,glas004,Violation_201,37,P3,-11.86802,4,39.0,0.0
GLAS,glas004,Violation_201,37,P4,-24.33828,4,39.0,0.0
GLAS,glas004,Violation_201,37,C3,-19.65284,4,39.0,0.0
GLAS,glas004,Violation_201,37,C4,-17.55348,4,39.0,0.0
GLAS,glas004,Violation_201,37,P7,-11.63825,4,39.0,0.0
GLAS,glas004,Violation_201,37,P8,-27.51788,4,39.0,0.0
GLAS,glas004,Violation_201,37,O1,-5.107759,4,39.0,0.0
GLAS,glas004,Violation_201,37,O2,-27.76606,4,39.0,0.0
GLAS,glas004,Violation_201,38,Pz,-12.01336,4,29.0,90.0
GLAS,glas004,Violation_201,38,Cz,-6.336279,4,29.0,90.0
GLAS,glas004,Violation_201,38,CP1,-24.23474,4,29.0,90.0
GLAS,glas004,Violation_201,38,CP2,-10.05123,4,29.0,90.0
GLAS,glas004,Violation_201,38,P3,-17.08455,4,29.0,90.0
GLAS,glas004,Violation_201,38,P4,-11.67855,4,29.0,90.0
GLAS,glas004,Violation_201,38,C3,-5.960702,4,29.0,90.0
GLAS,glas004,Violation_201,38,C4,-6.137842,4,29.0,90.0
GLAS,glas004,Violation_201,38,P7,-12.42101,4,29.0,90.0
GLAS,glas004,Violation_201,38,P8,-9.767301,4,29.0,90.0
GLAS,glas004,Violation_201,38,O1,-11.27636,4,29.0,90.0
GLAS,glas004,Violation_201,38,O2,11.71095,4,29.0,90.0
GLAS,glas005,Control_202,1,Pz,4.823488,5,7.0,80.0
GLAS,glas005,Control_202,1,Cz,2.464896,5,7.0,80.0
GLAS,glas005,Control_202,1,CP1,16.85794,5,7.0,80.0
GLAS,glas005,Control_202,1,CP2,7.04962,5,7.0,80.0
GLAS,glas005,Control_202,1,P3,3.664067,5,7.0,80.0
GLAS,glas005,Control_202,1,P4,10.20365,5,7.0,80.0
GLAS,glas005,Control_202,1,C3,7.718188,5,7.0,80.0
GLAS,glas005,Control_202,1,C4,4.005472,5,7.0,80.0
GLAS,glas005,Control_202,1,P7,17.75557,5,7.0,80.0
GLAS,glas005,Control_202,1,P8,-7.410109,5,7.0,80.0
GLAS,glas005,Control_202,1,O1,11.86053,5,7.0,80.0
GLAS,glas005,Control_202,1,O2,-6.043958,5,7.0,80.0
GLAS,glas005,Violation_201,2,Pz,9.409019,5,19.0,0.0
GLAS,glas005,Violation_201,2,Cz,4.754175,5,19.0,0.0
GLAS,glas005,Violation_201,2,CP1,13.53723,5,19.0,0.0
GLAS,glas005,Violation_201,2,CP2,10.8408,5,19.0,0.0
GLAS,glas005,Violation_201,2,P3,0.6874352,5,19.0,0.0
GLAS,glas005,Violation_201,2,P4,2.765998,5,19.0,0.0
GLAS,glas005,Violation_201,2,C3,6.031284,5,19.0,0.0
GLAS,glas005,Violation_201,2,C4,4.16866,5,19.0,0.0
GLAS,glas005,Violation_201,2,P7,15.37597,5,19.0,0.0
GLAS,glas005,Violation_201,2,P8,14.01238,5,19.0,0.0
GLAS,glas005,Violation_201,2,O1,0.789298,5,19.0,0.0
GLAS,glas005,Violation_201,2,O2,0.9900939,5,19.0,0.0
GLAS,glas005,Violation_201,3,Pz,18.05363,5,8.0,34.0
GLAS,glas005,Violation_201,3,Cz,13.61894,5,8.0,34.0
GLAS,glas005,Violation_201,3,CP1,12.52553,5,8.0,34.0
GLAS,glas005,Violation_201,3,CP2,3.605122,5,8.0,34.0
GLAS,glas005,Violation_201,3,P3,15.24466,5,8.0,34.0
GLAS,glas005,Violation_201,3,P4,16.04098,5,8.0,34.0
GLAS,glas005,Violation_201,3,C3,18.46943,5,8.0,34.0
GLAS,glas005,Violation_201,3,C4,6.876501,5,8.0,34.0
GLAS,glas005,Violation_201,3,P7,9.137552,5,8.0,34.0
GLAS,glas005,Violation_201,3,P8,16.77671,5,8.0,34.0
GLAS,glas005,Violation_201,3,O1,0.8948714,5,8.0,34.0
GLAS,glas005,Violation_201,3,O2,7.640587,5,8.0,34.0
GLAS,glas005,Control_202,4,Pz,20.92571,5,16.0,93.0
GLAS,glas005,Control_202,4,Cz,12.18073,5,16.0,93.0
GLAS,glas005,Control_202,4,CP1,7.563824,5,16.0,93.0
GLAS,glas005,Control_202,4,CP2,15.74743,5,16.0,93.0
GLAS,glas005,Control_202,4,P3,7.598526,5,16.0,93.0
GLAS,glas005,Control_202,4,P4,25.60195,5,16.0,93.0
GLAS,glas005,Control_202,4,C3,21.44242,5,16.0,93.0
GLAS,glas005,Control_202,4,C4,15.46978,5,16.0,93.0
GLAS,glas005,Control_202,4,P7,12.92728,5,16.0,93.0
GLAS,glas005,Control_202,4,P8,19.54877,5,16.0,93.0
GLAS,glas005,Control_202,4,O1,11.36743,5,16.0,93.0
GLAS,glas005,Control_202,4,O2,4.070287,5,16.0,93.0
GLAS,glas005,Control_202,5,Pz,-0.1758303,5,13.0,97.0
GLAS,glas005,Control_202,5,Cz,-2.21342,5,13.0,97.0
GLAS,glas005,Control_202,5,CP1,4.680447,5,13.0,97.0
GLAS,glas005,Control_202,5,CP2,-4.921374,5,13.0,97.0
GLAS,glas005,Control_202,5,P3,11.95147,5,13.0,97.0
GLAS,glas005,Control_202,5,P4,-1.350094,5,13.0,97.0
GLAS,glas005,Control_202,5,C3,0.4321268,5,13.0,97.0
GLAS,glas005,Control_202,5,C4,-8.302949,5,13.0,97.0
GLAS,glas005,Control_202,5,P7,4.167611,5,13.0,97.0
GLAS,glas005,Control_202,5,P8,-1.933155,5,13.0,97.0
GLAS,glas005,Control_202,5,O1,3.320627,5,13.0,97.0
GLAS,glas005,Control_202,5,O2,2.17854,5,13.0,97.0
GLAS,glas005,Control_202,6,Pz,2.61979,5,15.0,90.0
GLAS,glas005,Control_202,6,Cz,5.85272,5,15.0,90.0
GLAS,glas005,Control_202,6,CP1,14.09624,5,15.0,90.0
GLAS,glas005,Control_202,6,CP2,6.927736,5,15.0,90.0
GLAS,glas005,Control_202,6,P3,-7.938615,5,15.0,90.0
GLAS,glas005,Control_202,6,P4,7.866741,5,15.0,90.0
GLAS,glas005,Control_202,6,C3,7.38459,5,15.0,90.0
GLAS,glas005,Control_202,6,C4,9.580137,5,15.0,90.0
GLAS,glas005,Control_202,6,P7,6.375425,5,15.0,90.0
GLAS,glas005,Control_202,6,P8,2.812571,5,15.0,90.0
GLAS,glas005,Control_202,6,O1,3.072655,5,15.0,90.0
GLAS,glas005,Control_202,6,O2,25.2711,5,15.0,90.0
GLAS,glas005,Violation_201,7,Pz,1.488808,5,18.0,0.0
GLAS,glas005,Violation_201,7,Cz,9.829194,5,18.0,0.0
GLAS,glas005,Violation_201,7,CP1,5.956586,5,18.0,0.0
GLAS,glas005,Violation_201,7,CP2,1.936895,5,18.0,0.0
GLAS,glas005,Violation_201,7,P3,-12.92055,5,18.0,0.0
GLAS,glas005,Violation_201,7,P4,3.756825,5,18.0,0.0
GLAS,glas005,Violation_201,7,C3,2.96824,5,18.0,0.0
GLAS,glas005,Violation_201,7,C4,5.065296,5,18.0,0.0
GLAS,glas005,Violation_201,7,P7,6.470212,5,18.0,0.0
GLAS,glas005,Violation_201,7,P8,-4.115813,5,18.0,0.0
GLAS,glas005,Violation_201,7,O1,2.836561,5,18.0,0.0
GLAS,glas005,Violation_201,7,O2,-8.929037,5,18.0,0.0
GLAS,glas005,Violation_201,8,Pz,-2.558711,5,6.0,0.0
GLAS,glas005,Violation_201,8,Cz,3.473448,5,6.0,0.0
GLAS,glas005,Violation_201,8,CP1,1.873454,5,6.0,0.0
GLAS,glas005,Violation_201,8,CP2,4.827629,5,6.0,0.0
GLAS,glas005,Violation_201,8,P3,-6.48707,5,6.0,0.0
GLAS,glas005,Violation_201,8,P4,-1.4205,5,6.0,0.0
GLAS,glas005,Violation_201,8,C3,0.4914595,5,6.0,0.0
GLAS,glas005,Violation_201,8,C4,1.700151,5,6.0,0.0
GLAS,glas005,Violation_201,8,P7,4.779492,5,6.0,0.0
GLAS,glas005,Violation_201,8,P8,-6.074404,5,6.0,0.0
GLAS,glas005,Violation_201,8,O1,14.28537,5,6.0,0.0
GLAS,glas005,Violation_201,8,O2,-11.52776,5,6.0,0.0
GLAS,glas005,Control_202,9,Pz,-5.437905,5,9.0,93.0
GLAS,glas005,Control_202,9,Cz,-6.493406,5,9.0,93.0
GLAS,glas005,Control_202,9,CP1,5.204959,5,9.0,93.0
GLAS,glas005,Control_202,9,CP2,-8.886307,5,9.0,93.0
GLAS,glas005,Control_202,9,P3,-8.255022,5,9.0,93.0
GLAS,glas005,Control_202,9,P4,-7.82527,5,9.0,93.0
GLAS,glas005,Control_202,9,C3,-6.349267,5,9.0,93.0
GLAS,glas005,Control_202,9,C4,-9.937433,5,9.0,93.0
GLAS,glas005,Control_202,9,P7,5.143762,5,9.0,93.0
GLAS,glas005,Control_202,9,P8,-4.02822,5,9.0,93.0
GLAS,glas005,Control_202,9,O1,-8.514928,5,9.0,93.0
GLAS,glas005,Control_202,9,O2,1.827176,5,9.0,93.0
GLAS,glas005,Violation_201,10,Pz,-17.94846,5,4.0,20.0
GLAS,glas005,Violation_201,10,Cz,-10.45613,5,4.0,20.0
GLAS,glas005,Violation_201,10,CP1,-11.24302,5,4.0,20.0
GLAS,glas005,Violation_201,10,CP2,-15.06306,5,4.0,20.0
GLAS,glas005,Violation_201,10,P3,-3.213784,5,4.0,20.0
GLAS,glas005,Violation_201,10,P4,-14.84752,5,4.0,20.0
GLAS,glas005,Violation_201,10,C3,-14.75152,5,4.0,20.0
GLAS,glas005,Violation_201,10,C4,-8.762678,5,4.0,20.0
GLAS,glas005,Violation_201,10,P7,-0.9876574,5,4.0,20.0
GLAS,glas005,Violation_201,10,P8,-1.538267,5,4.0,20.0
GLAS,glas005,Violation_201,10,O1,1.130772,5,4.0,20.0
GLAS,glas005,Violation_201,10,O2,-7.124631,5,4.0,20.0
GLAS,glas005,Violation_201,11,Pz,-13.19408,5,5.0,0.0
GLAS,glas005,Violation_201,11,Cz,-6.759048,5,5.0,0.0
GLAS,glas005,Violation_201,11,CP1,-8.675328,5,5.0,0.0
GLAS,glas005,Violation_201,11,CP2,-5.428688,5,5.0,0.0
GLAS,glas005,Violation_201,11,P3,1.829986,5,5.0,0.0
GLAS,glas005,Violation_201,11,P4,-5.192358,5,5.0,0.0
GLAS,glas005,Violation_201,11,C3,-1.75646,5,5.0,0.0
GLAS,glas005,Violation_201,11,C4,-9.696866,5,5.0,0.0
GLAS,glas005,Violation_201,11,P7,0.000715416,5,5.0,0.0
GLAS,glas005,Violation_201,11,P8,-3.645173,5,5.0,0.0
GLAS,glas005,Violation_201,11,O1,-11.69938,5,5.0,0.0
GLAS,glas005,Violation_201,11,O2,-6.384093,5,5.0,0.0
GLAS,glas005,Violation_201,12,Pz,-22.49914,5,14.0,0.0
GLAS,glas005,Violation_201,12,Cz,-12.95815,5,14.0,0.0
GLAS,glas005,Violation_201,12,CP1,-9.608018,5,14.0,0.0
GLAS,glas005,Violation_201,12,CP2,-13.00405,5,14.0,0.0
GLAS,glas005,Violation_201,12,P3,-30.99343,5,14.0,0.0
GLAS,glas005,Violation_201,12,P4,-19.81383,5,14.0,0.0
GLAS,glas005,Violation_201,12,C3,-21.90269,5,14.0,0.0
GLAS,glas005,Violation_201,12,C4,-12.64772,5,14.0,0.0
GLAS,glas005,Violation_201,12,P7,1.530972,5,14.0,0.0
GLAS,glas005,Violation_201,12,P8,-23.75056,5,14.0,0.0
GLAS,glas005,Violation_201,12,O1,-7.611864,5,14.0,0.0
GLAS,glas005,Violation_201,12,O2,-6.307667,5,14.0,0.0
GLAS,glas005,Control_202,13,Pz,0.2157074,5,12.0,100.0
GLAS,glas005,Control_202,13,Cz,0.1069265,5,12.0,100.0
GLAS,glas005,Control_202,13,CP1,-2.900917,5,12.0,100.0
GLAS,glas005,Control_202,13,CP2,2.023031,5,12.0,100.0
GLAS,glas005,Control_202,13,P3,-17.41449,5,12.0,100.0
GLAS,glas005,Control_202,13,P4,3.109748,5,12.0,100.0
GLAS,glas005,Control_202,13,C3,-3.519032,5,12.0,100.0
GLAS,glas005,Control_202,13,C4,-0.5799052,5,12.0,100.0
GLAS,glas005,Control_202,13,P7,-7.12928,5,12.0,100.0
GLAS,glas005,Control_202,13,P8,9.329799,5,12.0,100.0
GLAS,glas005,Control_202,13,O1,-0.4732708,5,12.0,100.0
GLAS,glas005,Control_202,13,O2,8.473885,5,12.0,100.0
GLAS,glas005,Violation_201,14,Pz,-13.37258,5,17.0,0.0
GLAS,glas005,Violation_201,14,Cz,-2.363514,5,17.0,0.0
GLAS,glas005,Violation_201,14,CP1,-5.672482,5,17.0,0.0
GLAS,glas005,Violation_201,14,CP2,-16.41413,5,17.0,0.0
GLAS,glas005,Violation_201,14,P3,-12.30919,5,17.0,0.0
GLAS,glas005,Violation_201,14,P4,-5.290921,5,17.0,0.0
GLAS,glas005,Violation_201,14,C3,-9.281267,5,17.0,0.0
GLAS,glas005,Violation_201,14,C4,-3.798718,5,17.0,0.0
GLAS,glas005,Violation_201,14,P7,-32.80144,5,17.0,0.0
GLAS,glas005,Violation_201,14,P8,-5.093278,5,17.0,0.0
GLAS,glas005,Violation_201,14,O1,-18.6275,5,17.0,0.0
GLAS,glas005,Violation_201,14,O2,-5.811533,5,17.0,0.0
GLAS,glas005,Control_202,15,Pz,-16.73219,5,20.0,90.0
GLAS,glas005,Control_202,15,Cz,-22.46673,5,20.0,90.0
GLAS,glas005,Control_202,15,CP1,-17.11124,5,20.0,90.0
GLAS,glas005,Control_202,15,CP2,-25.77075,5,20.0,90.0
GLAS,glas005,Control_202,15,P3,-13.52915,5,20.0,90.0
GLAS,glas005,Control_202,15,P4,-21.75851,5,20.0,90.0
GLAS,glas005,Control_202,15,C3,-19.26421,5,20.0,90.0
GLAS,glas005,Control_202,15,C4,-20.47291,5,20.0,90.0
GLAS,glas005,Control_202,15,P7,-14.9139,5,20.0,90.0
GLAS,glas005,Control_202,15,P8,-21.6017,5,20.0,90.0
GLAS,glas005,Control_202,15,O1,-21.54985,5,20.0,90.0
GLAS,glas005,Control_202,15,O2,-31.53744,5,20.0,90.0
GLAS,glas005,Control_202,16,Pz,-7.112279,5,10.0,80.0
GLAS,glas005,Control_202,16,Cz,-7.323788,5,10.0,80.0
GLAS,glas005,Control_202,16,CP1,-5.390026,5,10.0,80.0
GLAS,glas005,Control_202,16,CP2,-18.20476,5,10.0,80.0
GLAS,glas005,Control_202,16,P3,-23.39684,5,10.0,80.0
GLAS,glas005,Control_202,16,P4,-9.100279,5,10.0,80.0
GLAS,glas005,Control_202,16,C3,-4.799192,5,10.0,80.0
GLAS,glas005,Control_202,16,C4,-13.85065,5,10.0,80.0
GLAS,glas005,Control_202,16,P7,-7.514928,5,10.0,80.0
GLAS,glas005,Control_202,16,P8,-7.291876,5,10.0,80.0
GLAS,glas005,Control_202,16,O1,-9.186548,5,10.0,80.0
GLAS,glas005,Control_202,16,O2,-1.984006,5,10.0,80.0
GLAS,glas005,Control_202,17,Pz,-3.456865,5,11.0,87.0
GLAS,glas005,Control_202,17,Cz,-1.811155,5,11.0,87.0
GLAS,glas005,Control_202,17,CP1,7.085812,5,11.0,87.0
GLAS,glas005,Control_202,17,CP2,-2.766936,5,11.0,87.0
GLAS,glas005,Control_202,17,P3,-7.615994,5,11.0,87.0
GLAS,glas005,Control_202,17,P4,3.257338,5,11.0,87.0
GLAS,glas005,Control_202,17,C3,2.720847,5,11.0,87.0
GLAS,glas005,Control_202,17,C4,-5.666732,5,11.0,87.0
GLAS,glas005,Control_202,17,P7,-10.30121,5,11.0,87.0
GLAS,glas005,Control_202,17,P8,-4.276037,5,11.0,87.0
GLAS,glas005,Control_202,17,O1,-11.75054,5,11.0,87.0
GLAS,glas005,Control_202,17,O2,2.68576,5,11.0,87.0
GLAS,glas005,Violation_201,18,Pz,-18.30981,5,3.0,7.0
GLAS,glas005,Violation_201,18,Cz,-20.75471,5,3.0,7.0
GLAS,glas005,Violation_201,18,CP1,-11.23916,5,3.0,7.0
GLAS,glas005,Violation_201,18,CP2,-14.74028,5,3.0,7.0
GLAS,glas005,Violation_201,18,P3,-35.49702,5,3.0,7.0
GLAS,glas005,Violation_201,18,P4,-18.06806,5,3.0,7.0
GLAS,glas005,Violation_201,18,C3,-19.47032,5,3.0,7.0
GLAS,glas005,Violation_201,18,C4,-14.81854,5,3.0,7.0
GLAS,glas005,Violation_201,18,P7,-7.756739,5,3.0,7.0
GLAS,glas005,Violation_201,18,P8,-14.94046,5,3.0,7.0
GLAS,glas005,Violation_201,18,O1,-14.45874,5,3.0,7.0
GLAS,glas005,Violation_201,18,O2,-18.9838,5,3.0,7.0
GLAS,glas005,Violation_201,19,Pz,-4.301797,5,2.0,3.0
GLAS,glas005,Violation_201,19,Cz,-6.082885,5,2.0,3.0
GLAS,glas005,Violation_201,19,CP1,9.981008,5,2.0,3.0
GLAS,glas005,Violation_201,19,CP2,-4.28303,5,2.0,3.0
GLAS,glas005,Violation_201,19,P3,8.380201,5,2.0,3.0
GLAS,glas005,Violation_201,19,P4,-1.644389,5,2.0,3.0
GLAS,glas005,Violation_201,19,C3,-2.383886,5,2.0,3.0
GLAS,glas005,Violation_201,19,C4,-10.07975,5,2.0,3.0
GLAS,glas005,Violation_201,19,P7,-2.143657,5,2.0,3.0
GLAS,glas005,Violation_201,19,P8,4.355623,5,2.0,3.0
GLAS,glas005,Violation_201,19,O1,18.31069,5,2.0,3.0
GLAS,glas005,Violation_201,19,O2,-3.757265,5,2.0,3.0
GLAS,glas005,Control_202,20,Pz,4.305627,5,1.0,97.0
GLAS,glas005,Control_202,20,Cz,6.645065,5,1.0,97.0
GLAS,glas005,Control_202,20,CP1,-2.839772,5,1.0,97.0
GLAS,glas005,Control_202,20,CP2,6.402126,5,1.0,97.0
GLAS,glas005,Control_202,20,P3,4.691594,5,1.0,97.0
GLAS,glas005,Control_202,20,P4,5.031085,5,1.0,97.0
GLAS,glas005,Control_202,20,C3,5.023785,5,1.0,97.0
GLAS,glas005,Control_202,20,C4,-3.403483,5,1.0,97.0
GLAS,glas005,Control_202,20,P7,5.335163,5,1.0,97.0
GLAS,glas005,Control_202,20,P8,9.38405,5,1.0,97.0
GLAS,glas005,Control_202,20,O1,10.74661,5,1.0,97.0
GLAS,glas005,Control_202,20,O2,2.231518,5,1.0,97.0
GLAS,glas005,Violation_201,21,Pz,-5.593357,5,30.0,0.0
GLAS,glas005,Violation_201,21,Cz,-4.197907,5,30.0,0.0
GLAS,glas005,Violation_201,21,CP1,13.72871,5,30.0,0.0
GLAS,glas005,Violation_201,21,CP2,3.305532,5,30.0,0.0
GLAS,glas005,Violation_201,21,P3,-6.027411,5,30.0,0.0
GLAS,glas005,Violation_201,21,P4,-2.238323,5,30.0,0.0
GLAS,glas005,Violation_201,21,C3,-1.218398,5,30.0,0.0
GLAS,glas005,Violation_201,21,C4,2.046254,5,30.0,0.0
GLAS,glas005,Violation_201,21,P7,-7.607157,5,30.0,0.0
GLAS,glas005,Violation_201,21,P8,-9.142897,5,30.0,0.0
GLAS,glas005,Violation_201,21,O1,-10.66898,5,30.0,0.0
GLAS,glas005,Violation_201,21,O2,6.519857,5,30.0,0.0
GLAS,glas005,Control_202,22,Pz,-15.94628,5,28.0,27.0
GLAS,glas005,Control_202,22,Cz,-20.48808,5,28.0,27.0
GLAS,glas005,Control_202,22,CP1,-2.386509,5,28.0,27.0
GLAS,glas005,Control_202,22,CP2,-13.86978,5,28.0,27.0
GLAS,glas005,Control_202,22,P3,-5.454044,5,28.0,27.0
GLAS,glas005,Control_202,22,P4,-10.95458,5,28.0,27.0
GLAS,glas005,Control_202,22,C3,-13.33682,5,28.0,27.0
GLAS,glas005,Control_202,22,C4,-22.38349,5,28.0,27.0
GLAS,glas005,Control_202,22,P7,-10.55527,5,28.0,27.0
GLAS,glas005,Control_202,22,P8,-7.179676,5,28.0,27.0
GLAS,glas005,Control_202,22,O1,-13.81546,5,28.0,27.0
GLAS,glas005,Control_202,22,O2,-16.09974,5,28.0,27.0
GLAS,glas005,Control_202,23,Pz,-20.66203,5,29.0,90.0
GLAS,glas005,Control_202,23,Cz,-15.38951,5,29.0,90.0
GLAS,glas005,Control_202,23,CP1,-23.69935,5,29.0,90.0
GLAS,glas005,Control_202,23,CP2,-19.17378,5,29.0,90.0
GLAS,glas005,Control_202,23,P3,-10.89443,5,29.0,90.0
GLAS,glas005,Control_202,23,P4,-18.03844,5,29.0,90.0
GLAS,glas005,Control_202,23,C3,-20.1191,5,29.0,90.0
GLAS,glas005,Control_202,23,C4,-22.07842,5,29.0,90.0
GLAS,glas005,Control_202,23,P7,-20.96705,5,29.0,90.0
GLAS,glas005,Control_202,23,P8,-8.277868,5,29.0,90.0
GLAS,glas005,Control_202,23,O1,-10.20652,5,29.0,90.0
GLAS,glas005,Control_202,23,O2,-12.51146,5,29.0,90.0
GLAS,glas005,Control_202,24,Pz,-3.895654,5,26.0,87.0
GLAS,glas005,Control_202,24,Cz,-3.503365,5,26.0,87.0
GLAS,glas005,Control_202,24,CP1,-5.426101,5,26.0,87.0
GLAS,glas005,Control_202,24,CP2,-0.4855944,5,26.0,87.0
GLAS,glas005,Control_202,24,P3,1.297955,5,26.0,87.0
GLAS,glas005,Control_202,24,P4,-3.098126,5,26.0,87.0
GLAS,glas005,Control_202,24,C3,-2.218879,5,26.0,87.0
GLAS,glas005,Control_202,24,C4,-6.125823,5,26.0,87.0
GLAS,glas005,Control_202,24,P7,3.625857,5,26.0,87.0
GLAS,glas005,Control_202,24,P8,-0.8765926,5,26.0,87.0
GLAS,glas005,Control_202,24,O1,8.101703,5,26.0,87.0
GLAS,glas005,Control_202,24,O2,12.06915,5,26.0,87.0
GLAS,glas005,Violation_201,25,Pz,-2.848039,5,32.0,3.0
GLAS,glas005,Violation_201,25,Cz,-1.053925,5,32.0,3.0
GLAS,glas005,Violation_201,25,CP1,-2.710696,5,32.0,3.0
GLAS,glas005,Violation_201,25,CP2,-1.515547,5,32.0,3.0
GLAS,glas005,Violation_201,25,P3,6.111862,5,32.0,3.0
GLAS,glas005,Violation_201,25,P4,-3.94263,5,32.0,3.0
GLAS,glas005,Violation_201,25,C3,-5.81995,5,32.0,3.0
GLAS,glas005,Violation_201,25,C4,0.2276532,5,32.0,3.0
GLAS,glas005,Violation_201,25,P7,-3.870299,5,32.0,3.0
GLAS,glas005,Violation_201,25,P8,-0.02223833,5,32.0,3.0
GLAS,glas005,Violation_201,25,O1,-7.492101,5,32.0,3.0
GLAS,glas005,Violation_201,25,O2,-11.41679,5,32.0,3.0
GLAS,glas005,Violation_201,26,Pz,-15.91344,5,21.0,3.0
GLAS,glas005,Violation_201,26,Cz,-21.94241,5,21.0,3.0
GLAS,glas005,Violation_201,26,CP1,-12.78566,5,21.0,3.0
GLAS,glas005,Violation_201,26,CP2,-5.087739,5,21.0,3.0
GLAS,glas005,Violation_201,26,P3,-11.20703,5,21.0,3.0
GLAS,glas005,Violation_201,26,P4,-12.25375,5,21.0,3.0
GLAS,glas005,Violation_201,26,C3,-17.42466,5,21.0,3.0
GLAS,glas005,Violation_201,26,C4,-22.19087,5,21.0,3.0
GLAS,glas005,Violation_201,26,P7,-11.7403,5,21.0,3.0
GLAS,glas005,Violation_201,26,P8,-4.298409,5,21.0,3.0
GLAS,glas005,Violation_201,26,O1,-14.35955,5,21.0,3.0
GLAS,glas005,Violation_201,26,O2,-4.071908,5,21.0,3.0
GLAS,glas005,Violation_201,27,Pz,3.816926,5,35.0,0.0
GLAS,glas005,Violation_201,27,Cz,3.904802,5,35.0,0.0
GLAS,glas005,Violation_201,27,CP1,-0.677454,5,35.0,0.0
GLAS,glas005,Violation_201,27,CP2,3.186707,5,35.0,0.0
GLAS,glas005,Violation_201,27,P3,-9.23766,5,35.0,0.0
GLAS,glas005,Violation_201,27,P4,3.431745,5,35.0,0.0
GLAS,glas005,Violation_201,27,C3,5.857251,5,35.0,0.0
GLAS,glas005,Violation_201,27,C4,5.442181,5,35.0,0.0
GLAS,glas005,Violation_201,27,P7,0.7989933,5,35.0,0.0
GLAS,glas005,Violation_201,27,P8,10.20821,5,35.0,0.0
GLAS,glas005,Violation_201,27,O1,7.924929,5,35.0,0.0
GLAS,glas005,Violation_201,27,O2,0.006976803,5,35.0,0.0
GLAS,glas005,Violation_201,28,Pz,0.5052242,5,27.0,0.0
GLAS,glas005,Violation_201,28,Cz,-0.4702485,5,27.0,0.0
GLAS,glas005,Violation_201,28,CP1,11.36975,5,27.0,0.0
GLAS,glas005,Violation_201,28,CP2,-1.158446,5,27.0,0.0
GLAS,glas005,Violation_201,28,P3,2.202145,5,27.0,0.0
GLAS,glas005,Violation_201,28,P4,8.176231e-05,5,27.0,0.0
GLAS,glas005,Violation_201,28,C3,1.22802,5,27.0,0.0
GLAS,glas005,Violation_201,28,C4,-2.529078,5,27.0,0.0
GLAS,glas005,Violation_201,28,P7,6.52985,5,27.0,0.0
GLAS,glas005,Violation_201,28,P8,2.532597,5,27.0,0.0
GLAS,glas005,Violation_201,28,O1,-9.5667,5,27.0,0.0
GLAS,glas005,Violation_201,28,O2,1.598053,5,27.0,0.0
GLAS,glas005,Control_202,29,Pz,-3.835391,5,38.0,93.0
GLAS,glas005,Control_202,29,Cz,0.284542,5,38.0,93.0
GLAS,glas005,Control_202,29,CP1,-0.07317311,5,38.0,93.0
GLAS,glas005,Control_202,29,CP2,-9.603068,5,38.0,93.0
GLAS,glas005,Control_202,29,P3,2.129079,5,38.0,93.0
GLAS,glas005,Control_202,29,P4,-2.338874,5,38.0,93.0
GLAS,glas005,Control_202,29,C3,-2.734995,5,38.0,93.0
GLAS,glas005,Control_202,29,C4,-6.469605,5,38.0,93.0
GLAS,glas005,Control_202,29,P7,-17.31276,5,38.0,93.0
GLAS,glas005,Control_202,29,P8,-2.862185,5,38.0,93.0
GLAS,glas005,Control_202,29,O1,-9.620216,5,38.0,93.0
GLAS,glas005,Control_202,29,O2,-8.600883,5,38.0,93.0
GLAS,glas005,Violation_201,30,Pz,-4.018085,5,24.0,40.0
GLAS,glas005,Violation_201,30,Cz,4.748491,5,24.0,40.0
GLAS,glas005,Violation_201,30,CP1,-1.951195,5,24.0,40.0
GLAS,glas005,Violation_201,30,CP2,5.021483,5,24.0,40.0
GLAS,glas005,Violation_201,30,P3,1.819341,5,24.0,40.0
GLAS,glas005,Violation_201,30,P4,0.1518836,5,24.0,40.0
GLAS,glas005,Violation_201,30,C3,-0.7664339,5,24.0,40.0
GLAS,glas005,Violation_201,30,C4,-0.01359243,5,24.0,40.0
GLAS,glas005,Violation_201,30,P7,1.695277,5,24.0,40.0
GLAS,glas005,Violation_201,30,P8,1.857215,5,24.0,40.0
GLAS,glas005,Violation_201,30,O1,-0.739418,5,24.0,40.0
GLAS,glas005,Violation_201,30,O2,3.6366,5,24.0,40.0
GLAS,glas005,Control_202,31,Pz,0.8736852,5,40.0,93.0
GLAS,glas005,Control_202,31,Cz,12.6625,5,40.0,93.0
GLAS,glas005,Control_202,31,CP1,-0.3241826,5,40.0,93.0
GLAS,glas005,Control_202,31,CP2,4.765187,5,40.0,93.0
GLAS,glas005,Control_202,31,P3,-4.48915,5,40.0,93.0
GLAS,glas005,Control_202,31,P4,9.436235,5,40.0,93.0
GLAS,glas005,Control_202,31,C3,7.939944,5,40.0,93.0
GLAS,glas005,Control_202,31,C4,4.542124,5,40.0,93.0
GLAS,glas005,Control_202,31,P7,-2.875034,5,40.0,93.0
GLAS,glas005,Control_202,31,P8,11.94037,5,40.0,93.0
GLAS,glas005,Control_202,31,O1,7.447672,5,40.0,93.0
GLAS,glas005,Control_202,31,O2,8.990574,5,40.0,93.0
GLAS,glas005,Violation_201,32,Pz,9.306098,5,37.0,0.0
GLAS,glas005,Violation_201,32,Cz,7.990658,5,37.0,0.0
GLAS,glas005,Violation_201,32,CP1,2.674908,5,37.0,0.0
GLAS,glas005,Violation_201,32,CP2,5.351536,5,37.0,0.0
GLAS,glas005,Violation_201,32,P3,12.98143,5,37.0,0.0
GLAS,glas005,Violation_201,32,P4,4.5957,5,37.0,0.0
GLAS,glas005,Violation_201,32,C3,9.219479,5,37.0,0.0
GLAS,glas005,Violation_201,32,C4,7.969086,5,37.0,0.0
GLAS,glas005,Violation_201,32,P7,-2.357292,5,37.0,0.0
GLAS,glas005,Violation_201,32,P8,8.641003,5,37.0,0.0
GLAS,glas005,Violation_201,32,O1,10.37248,5,37.0,0.0
GLAS,glas005,Violation_201,32,O2,3.050622,5,37.0,0.0
GLAS,glas005,Control_202,33,Pz,-4.77395,5,36.0,77.0
GLAS,glas005,Control_202,33,Cz,-11.28506,5,36.0,77.0
GLAS,glas005,Control_202,33,CP1,-4.648801,5,36.0,77.0
GLAS,glas005,Control_202,33,CP2,-8.213392,5,36.0,77.0
GLAS,glas005,Control_202,33,P3,-12.65346,5,36.0,77.0
GLAS,glas005,Control_202,33,P4,-5.050356,5,36.0,77.0
GLAS,glas005,Control_202,33,C3,-6.614457,5,36.0,77.0
GLAS,glas005,Control_202,33,C4,-10.68335,5,36.0,77.0
GLAS,glas005,Control_202,33,P7,4.355495,5,36.0,77.0
GLAS,glas005,Control_202,33,P8,-10.29255,5,36.0,77.0
GLAS,glas005,Control_202,33,O1,0.02854046,5,36.0,77.0
GLAS,glas005,Control_202,33,O2,-3.144617,5,36.0,77.0
GLAS,glas005,Control_202,34,Pz,14.06554,5,25.0,97.0
GLAS,glas005,Control_202,34,Cz,23.00434,5,25.0,97.0
GLAS,glas005,Control_202,34,CP1,24.19844,5,25.0,97.0
GLAS,glas005,Control_202,34,CP2,13.10651,5,25.0,97.0
GLAS,glas005,Control_202,34,P3,34.52776,5,25.0,97.0
GLAS,glas005,Control_202,34,P4,19.75846,5,25.0,97.0
GLAS,glas005,Control_202,34,C3,19.94888,5,25.0,97.0
GLAS,glas005,Control_202,34,C4,27.86178,5,25.0,97.0
GLAS,glas005,Control_202,34,P7,15.30828,5,25.0,97.0
GLAS,glas005,Control_202,34,P8,16.69613,5,25.0,97.0
GLAS,glas005,Control_202,34,O1,20.07814,5,25.0,97.0
GLAS,glas005,Control_202,34,O2,8.795422,5,25.0,97.0
GLAS,glas005,Control_202,35,Pz,6.038213,5,39.0,97.0
GLAS,glas005,Control_202,35,Cz,7.355843,5,39.0,97.0
GLAS,glas005,Control_202,35,CP1,-1.052412,5,39.0,97.0
GLAS,glas005,Control_202,35,CP2,3.553475,5,39.0,97.0
GLAS,glas005,Control_202,35,P3,10.63878,5,39.0,97.0
GLAS,glas005,Control_202,35,P4,5.270771,5,39.0,97.0
GLAS,glas005,Control_202,35,C3,3.793562,5,39.0,97.0
GLAS,glas005,Control_202,35,C4,10.01381,5,39.0,97.0
GLAS,glas005,Control_202,35,P7,-2.206481,5,39.0,97.0
GLAS,glas005,Control_202,35,P8,-4.448464,5,39.0,97.0
GLAS,glas005,Control_202,35,O1,5.466635,5,39.0,97.0
GLAS,glas005,Control_202,35,O2,3.558435,5,39.0,97.0
GLAS,glas005,Violation_201,36,Pz,-4.277087,5,31.0,0.0
GLAS,glas005,Violation_201,36,Cz,-2.009821,5,31.0,0.0
GLAS,glas005,Violation_201,36,CP1,-9.155425,5,31.0,0.0
GLAS,glas005,Violation_201,36,CP2,-8.978426,5,31.0,0.0
GLAS,glas005,Violation_201,36,P3,-12.38702,5,31.0,0.0
GLAS,glas005,Violation_201,36,P4,-10.49379,5,31.0,0.0
GLAS,glas005,Violation_201,36,C3,-8.017912,5,31.0,0.0
GLAS,glas005,Violation_201,36,C4,-3.770446,5,31.0,0.0
GLAS,glas005,Violation_201,36,P7,-4.33435,5,31.0,0.0
GLAS,glas005,Violation_201,36,P8,-12.58393,5,31.0,0.0
GLAS,glas005,Violation_201,36,O1,-7.581313,5,31.0,0.0
GLAS,glas005,Violation_201,36,O2,-6.518453,5,31.0,0.0
GLAS,glas006,Violation_201,1,Pz,-6.788274,6,4.0,20.0
GLAS,glas006,Violation_201,1,Cz,5.597801,6,4.0,20.0
GLAS,glas006,Violation_201,1,CP1,-7.209151,6,4.0,20.0
GLAS,glas006,Violation_201,1,CP2,-4.659684,6,4.0,20.0
GLAS,glas006,Violation_201,1,P3,-15.13034,6,4.0,20.0
GLAS,glas006,Violation_201,1,P4,-3.169956,6,4.0,20.0
GLAS,glas006,Violation_201,1,C3,5.595795,6,4.0,20.0
GLAS,glas006,Violation_201,1,C4,-0.1633286,6,4.0,20.0
GLAS,glas006,Violation_201,1,P7,-5.465582,6,4.0,20.0
GLAS,glas006,Violation_201,1,P8,1.083033,6,4.0,20.0
GLAS,glas006,Violation_201,1,O1,0.8568158,6,4.0,20.0
GLAS,glas006,Violation_201,1,O2,-0.3264821,6,4.0,20.0
GLAS,glas006,Control_202,2,Pz,-4.05913,6,19.0,100.0
GLAS,glas006,Control_202,2,Cz,11.4717,6,19.0,100.0
GLAS,glas006,Control_202,2,CP1,-7.500257,6,19.0,100.0
GLAS,glas006,Control_202,2,CP2,5.287676,6,19.0,100.0
GLAS,glas006,Control_202,2,P3,-1.314267,6,19.0,100.0
GLAS,glas006,Control_202,2,P4,30.37033,6,19.0,100.0
GLAS,glas006,Control_202,2,C3,11.78369,6,19.0,100.0
GLAS,glas006,Control_202,2,C4,12.60771,6,19.0,100.0
GLAS,glas006,Control_202,2,P7,7.998545,6,19.0,100.0
GLAS,glas006,Control_202,2,P8,10.17509,6,19.0,100.0
GLAS,glas006,Control_202,2,O1,10.76075,6,19.0,100.0
GLAS,glas006,Control_202,2,O2,0.1770264,6,19.0,100.0
GLAS,glas006,Control_202,3,Pz,9.244813,6,3.0,100.0
GLAS,glas006,Control_202,3,Cz,-0.7112534,6,3.0,100.0
GLAS,glas006,Control_202,3,CP1,-16.95926,6,3.0,100.0
GLAS,glas006,Control_202,3,CP2,9.975903,6,3.0,100.0
GLAS,glas006,Control_202,3,P3,14.1597,6,3.0,100.0
GLAS,glas006,Control_202,3,P4,13.66538,6,3.0,100.0
GLAS,glas006,Control_202,3,C3,-0.1242955,6,3.0,100.0
GLAS,glas006,Control_202,3,C4,0.727817,6,3.0,100.0
GLAS,glas006,Control_202,3,P7,0.2615909,6,3.0,100.0
GLAS,glas006,Control_202,3,P8,2.490728,6,3.0,100.0
GLAS,glas006,Control_202,3,O1,3.413644,6,3.0,100.0
GLAS,glas006,Control_202,3,O2,11.36783,6,3.0,100.0
GLAS,glas006,Control_202,4,Pz,4.91607,6,7.0,80.0
GLAS,glas006,Control_202,4,Cz,-3.314742,6,7.0,80.0
GLAS,glas006,Control_202,4,CP1,9.424782,6,7.0,80.0
GLAS,glas006,Control_202,4,CP2,-1.086315,6,7.0,80.0
GLAS,glas006,Control_202,4,P3,-12.03775,6,7.0,80.0
GLAS,glas006,Control_202,4,P4,-3.213461,6,7.0,80.0
GLAS,glas006,Control_202,4,C3,-3.602017,6,7.0,80.0
GLAS,glas006,Control_202,4,C4,3.941993,6,7.0,80.0
GLAS,glas006,Control_202,4,P7,4.510337,6,7.0,80.0
GLAS,glas006,Control_202,4,P8,-6.313654,6,7.0,80.0
GLAS,glas006,Control_202,4,O1,4.238056,6,7.0,80.0
GLAS,glas006,Control_202,4,O2,-4.408781,6,7.0,80.0
GLAS,glas006,Violation_201,5,Pz,4.191351,6,6.0,0.0
GLAS,glas006,Violation_201,5,Cz,-5.320055,6,6.0,0.0
GLAS,glas006,Violation_201,5,CP1,-12.10088,6,6.0,0.0
GLAS,glas006,Violation_201,5,CP2,-6.710896,6,6.0,0.0
GLAS,glas006,Violation_201,5,P3,-1.832755,6,6.0,0.0
GLAS,glas006,Violation_201,5,P4,4.677605,6,6.0,0.0
GLAS,glas006,Violation_201,5,C3,-5.497885,6,6.0,0.0
GLAS,glas006,Violation_201,5,C4,-1.068312,6,6.0,0.0
GLAS,glas006,Violation_201,5,P7,-1.746552,6,6.0,0.0
GLAS,glas006,Violation_201,5,P8,-6.813603,6,6.0,0.0
GLAS,glas006,Violation_201,5,O1,3.031779,6,6.0,0.0
GLAS,glas006,Violation_201,5,O2,18.80788,6,6.0,0.0
GLAS,glas006,Control_202,6,Pz,-25.91702,6,2.0,100.0
GLAS,glas006,Control_202,6,Cz,-7.215657,6,2.0,100.0
GLAS,glas006,Control_202,6,CP1,-30.71458,6,2.0,100.0
GLAS,glas006,Control_202,6,CP2,-3.78118,6,2.0,100.0
GLAS,glas006,Control_202,6,P3,-18.36371,6,2.0,100.0
GLAS,glas006,Control_202,6,P4,-6.571074,6,2.0,100.0
GLAS,glas006,Control_202,6,C3,-7.117683,6,2.0,100.0
GLAS,glas006,Control_202,6,C4,-8.449822,6,2.0,100.0
GLAS,glas006,Control_202,6,P7,-15.40748,6,2.0,100.0
GLAS,glas006,Control_202,6,P8,-12.42274,6,2.0,100.0
GLAS,glas006,Control_202,6,O1,-5.460269,6,2.0,100.0
GLAS,glas006,Control_202,6,O2,-14.40821,6,2.0,100.0
GLAS,glas006,Control_202,7,Pz,17.3577,6,18.0,87.0
GLAS,glas006,Control_202,7,Cz,12.37395,6,18.0,87.0
GLAS,glas006,Control_202,7,CP1,31.37831,6,18.0,87.0
GLAS,glas006,Control_202,7,CP2,10.74214,6,18.0,87.0
GLAS,glas006,Control_202,7,P3,27.71302,6,18.0,87.0
GLAS,glas006,Control_202,7,P4,7.495678,6,18.0,87.0
GLAS,glas006,Control_202,7,C3,12.40779,6,18.0,87.0
GLAS,glas006,Control_202,7,C4,10.19769,6,18.0,87.0
GLAS,glas006,Control_202,7,P7,22.27668,6,18.0,87.0
GLAS,glas006,Control_202,7,P8,10.13737,6,18.0,87.0
GLAS,glas006,Control_202,7,O1,10.2682,6,18.0,87.0
GLAS,glas006,Control_202,7,O2,6.772961,6,18.0,87.0
GLAS,glas006,Violation_201,8,Pz,8.479401,6,8.0,34.0
GLAS,glas006,Violation_201,8,Cz,7.339473,6,8.0,34.0
GLAS,glas006,Violation_201,8,CP1,-4.761976,6,8.0,34.0
GLAS,glas006,Violation_201,8,CP2,14.05997,6,8.0,34.0
GLAS,glas006,Violation_201,8,P3,11.42494,6,8.0,34.0
GLAS,glas006,Violation_201,8,P4,10.04709,6,8.0,34.0
GLAS,glas006,Violation_201,8,C3,7.573471,6,8.0,34.0
GLAS,glas006,Violation_201,8,C4,1.3929,6,8.0,34.0
GLAS,glas006,Violation_201,8,P7,-4.010316,6,8.0,34.0
GLAS,glas006,Violation_201,8,P8,14.74826,6,8.0,34.0
GLAS,glas006,Violation_201,8,O1,3.958454,6,8.0,34.0
GLAS,glas006,Violation_201,8,O2,12.81998,6,8.0,34.0
GLAS,glas006,Violation_201,9,Pz,-13.07336,6,14.0,0.0
GLAS,glas006,Violation_201,9,Cz,-2.863356,6,14.0,0.0
GLAS,glas006,Violation_201,9,CP1,-11.75536,6,14.0,0.0
GLAS,glas006,Violation_201,9,CP2,-4.446751,6,14.0,0.0
GLAS,glas006,Violation_201,9,P3,6.915112,6,14.0,0.0
GLAS,glas006,Violation_201,9,P4,-2.323523,6,14.0,0.0
GLAS,glas006,Violation_201,9,C3,-3.052076,6,14.0,0.0
GLAS,glas006,Violation_201,9,C4,-7.106519,6,14.0,0.0
GLAS,glas006,Violation_201,9,P7,6.634447,6,14.0,0.0
GLAS,glas006,Violation_201,9,P8,-0.3881279,6,14.0,0.0
GLAS,glas006,Violation_201,9,O1,-4.012124,6,14.0,0.0
GLAS,glas006,Violation_201,9,O2,-14.88848,6,14.0,0.0
GLAS,glas006,Violation_201,10,Pz,4.207797,6,15.0,0.0
GLAS,glas006,Violation_201,10,Cz,1.102259,6,15.0,0.0
GLAS,glas006,Violation_201,10,CP1,-8.413254,6,15.0,0.0
GLAS,glas006,Violation_201,10,CP2,4.48953,6,15.0,0.0
GLAS,glas006,Violation_201,10,P3,1.380814,6,15.0,0.0
GLAS,glas006,Violation_201,10,P4,2.356597,6,15.0,0.0
GLAS,glas006,Violation_201,10,C3,1.777485,6,15.0,0.0
GLAS,glas006,Violation_201,10,C4,2.067806,6,15.0,0.0
GLAS,glas006,Violation_201,10,P7,-17.95225,6,15.0,0.0
GLAS,glas006,Violation_201,10,P8,-3.977353,6,15.0,0.0
GLAS,glas006,Violation_201,10,O1,-1.42398,6,15.0,0.0
GLAS,glas006,Violation_201,10,O2,-20.97786,6,15.0,0.0
GLAS,glas006,Control_202,11,Pz,10.33227,6,11.0,87.0
GLAS,glas006,Control_202,11,Cz,13.63199,6,11.0,87.0
GLAS,glas006,Control_202,11,CP1,3.142828,6,11.0,87.0
GLAS,glas006,Control_202,11,CP2,3.25008,6,11.0,87.0
GLAS,glas006,Control_202,11,P3,10.20441,6,11.0,87.0
GLAS,glas006,Control_202,11,P4,14.66948,6,11.0,87.0
GLAS,glas006,Control_202,11,C3,13.76625,6,11.0,87.0
GLAS,glas006,Control_202,11,C4,8.706869,6,11.0,87.0
GLAS,glas006,Control_202,11,P7,6.774798,6,11.0,87.0
GLAS,glas006,Control_202,11,P8,8.99058,6,11.0,87.0
GLAS,glas006,Control_202,11,O1,3.135301,6,11.0,87.0
GLAS,glas006,Control_202,11,O2,6.430818,6,11.0,87.0
GLAS,glas006,Violation_201,12,Pz,-1.068905,6,16.0,0.0
GLAS,glas006,Violation_201,12,Cz,-9.595908,6,16.0,0.0
GLAS,glas006,Violation_201,12,CP1,-18.7604,6,16.0,0.0
GLAS,glas006,Violation_201,12,CP2,-2.600156,6,16.0,0.0
GLAS,glas006,Violation_201,12,P3,-5.147047,6,16.0,0.0
GLAS,glas006,Violation_201,12,P4,2.218252,6,16.0,0.0
GLAS,glas006,Violation_201,12,C3,-9.424186,6,16.0,0.0
GLAS,glas006,Violation_201,12,C4,-7.811347,6,16.0,0.0
GLAS,glas006,Violation_201,12,P7,-7.566266,6,16.0,0.0
GLAS,glas006,Violation_201,12,P8,-4.989235,6,16.0,0.0
GLAS,glas006,Violation_201,12,O1,-13.85959,6,16.0,0.0
GLAS,glas006,Violation_201,12,O2,13.67863,6,16.0,0.0
GLAS,glas006,Violation_201,13,Pz,47.85015,6,13.0,0.0
GLAS,glas006,Violation_201,13,Cz,2.227365,6,13.0,0.0
GLAS,glas006,Violation_201,13,CP1,11.31475,6,13.0,0.0
GLAS,glas006,Violation_201,13,CP2,10.51146,6,13.0,0.0
GLAS,glas006,Violation_201,13,P3,-2.266968,6,13.0,0.0
GLAS,glas006,Violation_201,13,P4,2.058973,6,13.0,0.0
GLAS,glas006,Violation_201,13,C3,2.943587,6,13.0,0.0
GLAS,glas006,Violation_201,13,C4,6.378798,6,13.0,0.0
GLAS,glas006,Violation_201,13,P7,5.901004,6,13.0,0.0
GLAS,glas006,Violation_201,13,P8,2.585826,6,13.0,0.0
GLAS,glas006,Violation_201,13,O1,13.11541,6,13.0,0.0
GLAS,glas006,Violation_201,13,O2,6.008802,6,13.0,0.0
GLAS,glas006,Control_202,14,Pz,9.131893,6,20.0,90.0
GLAS,glas006,Control_202,14,Cz,-4.019302,6,20.0,90.0
GLAS,glas006,Control_202,14,CP1,-13.41259,6,20.0,90.0
GLAS,glas006,Control_202,14,CP2,2.216483,6,20.0,90.0
GLAS,glas006,Control_202,14,P3,-1.332398,6,20.0,90.0
GLAS,glas006,Control_202,14,P4,0.8588409,6,20.0,90.0
GLAS,glas006,Control_202,14,C3,-4.42128,6,20.0,90.0
GLAS,glas006,Control_202,14,C4,-3.548398,6,20.0,90.0
GLAS,glas006,Control_202,14,P7,-2.488501,6,20.0,90.0
GLAS,glas006,Control_202,14,P8,5.704879,6,20.0,90.0
GLAS,glas006,Control_202,14,O1,-2.293838,6,20.0,90.0
GLAS,glas006,Control_202,14,O2,-10.7767,6,20.0,90.0
GLAS,glas006,Violation_201,15,Pz,0.1865315,6,17.0,0.0
GLAS,glas006,Violation_201,15,Cz,4.7911,6,17.0,0.0
GLAS,glas006,Violation_201,15,CP1,-2.110583,6,17.0,0.0
GLAS,glas006,Violation_201,15,CP2,1.600668,6,17.0,0.0
GLAS,glas006,Violation_201,15,P3,7.343796,6,17.0,0.0
GLAS,glas006,Violation_201,15,P4,-6.019513,6,17.0,0.0
GLAS,glas006,Violation_201,15,C3,4.58305,6,17.0,0.0
GLAS,glas006,Violation_201,15,C4,1.877176,6,17.0,0.0
GLAS,glas006,Violation_201,15,P7,25.0291,6,17.0,0.0
GLAS,glas006,Violation_201,15,P8,1.988415,6,17.0,0.0
GLAS,glas006,Violation_201,15,O1,12.93999,6,17.0,0.0
GLAS,glas006,Violation_201,15,O2,4.012931,6,17.0,0.0
GLAS,glas006,Violation_201,16,Pz,-3.829775,6,12.0,13.0
GLAS,glas006,Violation_201,16,Cz,2.745902,6,12.0,13.0
GLAS,glas006,Violation_201,16,CP1,3.063107,6,12.0,13.0
GLAS,glas006,Violation_201,16,CP2,-0.3200894,6,12.0,13.0
GLAS,glas006,Violation_201,16,P3,18.85519,6,12.0,13.0
GLAS,glas006,Violation_201,16,P4,-11.25706,6,12.0,13.0
GLAS,glas006,Violation_201,16,C3,3.072361,6,12.0,13.0
GLAS,glas006,Violation_201,16,C4,4.726537,6,12.0,13.0
GLAS,glas006,Violation_201,16,P7,-16.73332,6,12.0,13.0
GLAS,glas006,Violation_201,16,P8,-1.61223,6,12.0,13.0
GLAS,glas006,Violation_201,16,O1,-4.435555,6,12.0,13.0
GLAS,glas006,Violation_201,16,O2,-4.196516,6,12.0,13.0
GLAS,glas006,Control_202,17,Pz,-7.080085,6,9.0,93.0
GLAS,glas006,Control_202,17,Cz,7.436127,6,9.0,93.0
GLAS,glas006,Control_202,17,CP1,-12.37571,6,9.0,93.0
GLAS,glas006,Control_202,17,CP2,-10.15149,6,9.0,93.0
GLAS,glas006,Control_202,17,P3,1.671704,6,9.0,93.0
GLAS,glas006,Control_202,17,P4,-5.488399,6,9.0,93.0
GLAS,glas006,Control_202,17,C3,7.249165,6,9.0,93.0
GLAS,glas006,Control_202,17,C4,6.960454,6,9.0,93.0
GLAS,glas006,Control_202,17,P7,7.128256,6,9.0,93.0
GLAS,glas006,Control_202,17,P8,4.647885,6,9.0,93.0
GLAS,glas006,Control_202,17,O1,4.638349,6,9.0,93.0
GLAS,glas006,Control_202,17,O2,5.588048,6,9.0,93.0
GLAS,glas006,Control_202,18,Pz,3.826341,6,1.0,97.0
GLAS,glas006,Control_202,18,Cz,1.327495,6,1.0,97.0
GLAS,glas006,Control_202,18,CP1,4.005586,6,1.0,97.0
GLAS,glas006,Control_202,18,CP2,-9.807075,6,1.0,97.0
GLAS,glas006,Control_202,18,P3,14.53247,6,1.0,97.0
GLAS,glas006,Control_202,18,P4,2.626406,6,1.0,97.0
GLAS,glas006,Control_202,18,C3,1.534576,6,1.0,97.0
GLAS,glas006,Control_202,18,C4,1.370402,6,1.0,97.0
GLAS,glas006,Control_202,18,P7,17.17427,6,1.0,97.0
GLAS,glas006,Control_202,18,P8,6.01229,6,1.0,97.0
GLAS,glas006,Control_202,18,O1,1.582313,6,1.0,97.0
GLAS,glas006,Control_202,18,O2,-12.72418,6,1.0,97.0
GLAS,glas006,Violation_201,19,Pz,-13.78052,6,10.0,3.0
GLAS,glas006,Violation_201,19,Cz,-7.426754,6,10.0,3.0
GLAS,glas006,Violation_201,19,CP1,7.688606,6,10.0,3.0
GLAS,glas006,Violation_201,19,CP2,-1.928409,6,10.0,3.0
GLAS,glas006,Violation_201,19,P3,-15.36721,6,10.0,3.0
GLAS,glas006,Violation_201,19,P4,2.552749,6,10.0,3.0
GLAS,glas006,Violation_201,19,C3,-7.321329,6,10.0,3.0
GLAS,glas006,Violation_201,19,C4,-4.498233,6,10.0,3.0
GLAS,glas006,Violation_201,19,P7,-8.627896,6,10.0,3.0
GLAS,glas006,Violation_201,19,P8,-7.487875,6,10.0,3.0
GLAS,glas006,Violation_201,19,O1,-2.067075,6,10.0,3.0
GLAS,glas006,Violation_201,19,O2,-23.20914,6,10.0,3.0
GLAS,glas006,Control_202,20,Pz,-0.00996006,6,5.0,93.0
GLAS,glas006,Control_202,20,Cz,8.669521,6,5.0,93.0
GLAS,glas006,Control_202,20,CP1,9.151278,6,5.0,93.0
GLAS,glas006,Control_202,20,CP2,18.70718,6,5.0,93.0
GLAS,glas006,Control_202,20,P3,33.07152,6,5.0,93.0
GLAS,glas006,Control_202,20,P4,8.987294,6,5.0,93.0
GLAS,glas006,Control_202,20,C3,8.226103,6,5.0,93.0
GLAS,glas006,Control_202,20,C4,8.746332,6,5.0,93.0
GLAS,glas006,Control_202,20,P7,27.83315,6,5.0,93.0
GLAS,glas006,Control_202,20,P8,17.7081,6,5.0,93.0
GLAS,glas006,Control_202,20,O1,18.95796,6,5.0,93.0
GLAS,glas006,Control_202,20,O2,26.67995,6,5.0,93.0
GLAS,glas006,Violation_201,21,Pz,-10.26902,6,39.0,0.0
GLAS,glas006,Violation_201,21,Cz,-8.892107,6,39.0,0.0
GLAS,glas006,Violation_201,21,CP1,24.96142,6,39.0,0.0
GLAS,glas006,Violation_201,21,CP2,-3.81518,6,39.0,0.0
GLAS,glas006,Violation_201,21,P3,15.5296,6,39.0,0.0
GLAS,glas006,Violation_201,21,P4,-11.32086,6,39.0,0.0
GLAS,glas006,Violation_201,21,C3,-8.573705,6,39.0,0.0
GLAS,glas006,Violation_201,21,C4,-5.417694,6,39.0,0.0
GLAS,glas006,Violation_201,21,P7,24.24299,6,39.0,0.0
GLAS,glas006,Violation_201,21,P8,-4.489588,6,39.0,0.0
GLAS,glas006,Violation_201,21,O1,5.136337,6,39.0,0.0
GLAS,glas006,Violation_201,21,O2,27.77178,6,39.0,0.0
GLAS,glas006,Control_202,22,Pz,-0.7021397,6,34.0,97.0
GLAS,glas006,Control_202,22,Cz,-1.340355,6,34.0,97.0
GLAS,glas006,Control_202,22,CP1,4.569966,6,34.0,97.0
GLAS,glas006,Control_202,22,CP2,-5.126245,6,34.0,97.0
GLAS,glas006,Control_202,22,P3,-2.268575,6,34.0,97.0
GLAS,glas006,Control_202,22,P4,-4.772822,6,34.0,97.0
GLAS,glas006,Control_202,22,C3,-1.512293,6,34.0,97.0
GLAS,glas006,Control_202,22,C4,-3.420044,6,34.0,97.0
GLAS,glas006,Control_202,22,P7,-0.2400785,6,34.0,97.0
GLAS,glas006,Control_202,22,P8,-5.924109,6,34.0,97.0
GLAS,glas006,Control_202,22,O1,7.817253,6,34.0,97.0
GLAS,glas006,Control_202,22,O2,-10.88532,6,34.0,97.0
GLAS,glas006,Control_202,23,Pz,-11.1613,6,32.0,80.0
GLAS,glas006,Control_202,23,Cz,-10.90374,6,32.0,80.0
GLAS,glas006,Control_202,23,CP1,-1.491355,6,32.0,80.0
GLAS,glas006,Control_202,23,CP2,-11.14021,6,32.0,80.0
GLAS,glas006,Control_202,23,P3,-10.69854,6,32.0,80.0
GLAS,glas006,Control_202,23,P4,-12.64991,6,32.0,80.0
GLAS,glas006,Control_202,23,C3,-10.98498,6,32.0,80.0
GLAS,glas006,Control_202,23,C4,-9.386279,6,32.0,80.0
GLAS,glas006,Control_202,23,P7,-2.543758,6,32.0,80.0
GLAS,glas006,Control_202,23,P8,-7.307622,6,32.0,80.0
GLAS,glas006,Control_202,23,O1,-10.76037,6,32.0,80.0
GLAS,glas006,Control_202,23,O2,20.45046,6,32.0,80.0
GLAS,glas006,Violation_201,24,Pz,5.116352,6,24.0,40.0
GLAS,glas006,Violation_201,24,Cz,9.29758,6,24.0,40.0
GLAS,glas006,Violation_201,24,CP1,28.85769,6,24.0,40.0
GLAS,glas006,Violation_201,24,CP2,2.838707,6,24.0,40.0
GLAS,glas006,Violation_201,24,P3,17.99012,6,24.0,40.0
GLAS,glas006,Violation_201,24,P4,-0.3914961,6,24.0,40.0
GLAS,glas006,Violation_201,24,C3,9.335988,6,24.0,40.0
GLAS,glas006,Violation_201,24,C4,10.96308,6,24.0,40.0
GLAS,glas006,Violation_201,24,P7,11.20137,6,24.0,40.0
GLAS,glas006,Violation_201,24,P8,10.65939,6,24.0,40.0
GLAS,glas006,Violation_201,24,O1,12.28925,6,24.0,40.0
GLAS,glas006,Violation_201,24,O2,26.20722,6,24.0,40.0
GLAS,glas006,Control_202,25,Pz,19.13475,6,37.0,80.0
GLAS,glas006,Control_202,25,Cz,-3.807476,6,37.0,80.0
GLAS,glas006,Control_202,25,CP1,-2.018796,6,37.0,80.0
GLAS,glas006,Control_202,25,CP2,18.5503,6,37.0,80.0
GLAS,glas006,Control_202,25,P3,9.050254,6,37.0,80.0
GLAS,glas006,Control_202,25,P4,15.24042,6,37.0,80.0
GLAS,glas006,Control_202,25,C3,-3.183403,6,37.0,80.0
GLAS,glas006,Control_202,25,C4,1.835847,6,37.0,80.0
GLAS,glas006,Control_202,25,P7,-0.7802751,6,37.0,80.0
GLAS,glas006,Control_202,25,P8,-11.24534,6,37.0,80.0
GLAS,glas006,Control_202,25,O1,7.693666,6,37.0,80.0
GLAS,glas006,Control_202,25,O2,16.4827,6,37.0,80.0
GLAS,glas006,Control_202,26,Pz,-11.73342,6,35.0,97.0
GLAS,glas006,Control_202,26,Cz,10.67409,6,35.0,97.0
GLAS,glas006,Control_202,26,CP1,1.780015,6,35.0,97.0
GLAS,glas006,Control_202,26,CP2,7.26264,6,35.0,97.0
GLAS,glas006,Control_202,26,P3,14.05221,6,35.0,97.0
GLAS,glas006,Control_202,26,P4,5.432239,6,35.0,97.0
GLAS,glas006,Control_202,26,C3,10.17813,6,35.0,97.0
GLAS,glas006,Control_202,26,C4,12.67765,6,35.0,97.0
GLAS,glas006,Control_202,26,P7,16.64903,6,35.0,97.0
GLAS,glas006,Control_202,26,P8,7.973387,6,35.0,97.0
GLAS,glas006,Control_202,26,O1,4.438195,6,35.0,97.0
GLAS,glas006,Control_202,26,O2,20.53452,6,35.0,97.0
GLAS,glas006,Violation_201,27,Pz,8.587749,6,36.0,7.0
GLAS,glas006,Violation_201,27,Cz,-8.282915,6,36.0,7.0
GLAS,glas006,Violation_201,27,CP1,-4.61838,6,36.0,7.0
GLAS,glas006,Violation_201,27,CP2,-4.568295,6,36.0,7.0
GLAS,glas006,Violation_201,27,P3,-13.67208,6,36.0,7.0
GLAS,glas006,Violation_201,27,P4,-13.3791,6,36.0,7.0
GLAS,glas006,Violation_201,27,C3,-8.455012,6,36.0,7.0
GLAS,glas006,Violation_201,27,C4,-3.587446,6,36.0,7.0
GLAS,glas006,Violation_201,27,P7,-11.78729,6,36.0,7.0
GLAS,glas006,Violation_201,27,P8,-9.322248,6,36.0,7.0
GLAS,glas006,Violation_201,27,O1,-4.019382,6,36.0,7.0
GLAS,glas006,Violation_201,27,O2,-3.265579,6,36.0,7.0
GLAS,glas006,Violation_201,28,Pz,20.30805,6,22.0,17.0
GLAS,glas006,Violation_201,28,Cz,9.746225,6,22.0,17.0
GLAS,glas006,Violation_201,28,CP1,15.77579,6,22.0,17.0
GLAS,glas006,Violation_201,28,CP2,2.091732,6,22.0,17.0
GLAS,glas006,Violation_201,28,P3,8.329201,6,22.0,17.0
GLAS,glas006,Violation_201,28,P4,1.720032,6,22.0,17.0
GLAS,glas006,Violation_201,28,C3,9.971248,6,22.0,17.0
GLAS,glas006,Violation_201,28,C4,14.19429,6,22.0,17.0
GLAS,glas006,Violation_201,28,P7,-2.945759,6,22.0,17.0
GLAS,glas006,Violation_201,28,P8,5.731377,6,22.0,17.0
GLAS,glas006,Violation_201,28,O1,-2.335771,6,22.0,17.0
GLAS,glas006,Violation_201,28,O2,-23.42838,6,22.0,17.0
GLAS,glas006,Violation_201,29,Pz,-23.10652,6,33.0,0.0
GLAS,glas006,Violation_201,29,Cz,0.8807886,6,33.0,0.0
GLAS,glas006,Violation_201,29,CP1,-5.76175,6,33.0,0.0
GLAS,glas006,Violation_201,29,CP2,-2.556701,6,33.0,0.0
GLAS,glas006,Violation_201,29,P3,-9.783055,6,33.0,0.0
GLAS,glas006,Violation_201,29,P4,-1.046396,6,33.0,0.0
GLAS,glas006,Violation_201,29,C3,0.5118614,6,33.0,0.0
GLAS,glas006,Violation_201,29,C4,4.22861,6,33.0,0.0
GLAS,glas006,Violation_201,29,P7,-9.313169,6,33.0,0.0
GLAS,glas006,Violation_201,29,P8,3.398534,6,33.0,0.0
GLAS,glas006,Violation_201,29,O1,-2.834815,6,33.0,0.0
GLAS,glas006,Violation_201,29,O2,-33.48237,6,33.0,0.0
GLAS,glas006,Control_202,30,Pz,-20.23739,6,25.0,97.0
GLAS,glas006,Control_202,30,Cz,-10.65028,6,25.0,97.0
GLAS,glas006,Control_202,30,CP1,-14.65812,6,25.0,97.0
GLAS,glas006,Control_202,30,CP2,-1.201488,6,25.0,97.0
GLAS,glas006,Control_202,30,P3,7.844275,6,25.0,97.0
GLAS,glas006,Control_202,30,P4,-13.49138,6,25.0,97.0
GLAS,glas006,Control_202,30,C3,-10.66137,6,25.0,97.0
GLAS,glas006,Control_202,30,C4,-13.40241,6,25.0,97.0
GLAS,glas006,Control_202,30,P7,-14.14953,6,25.0,97.0
GLAS,glas006,Control_202,30,P8,-7.820031,6,25.0,97.0
GLAS,glas006,Control_202,30,O1,-7.308121,6,25.0,97.0
GLAS,glas006,Control_202,30,O2,15.76549,6,25.0,97.0
GLAS,glas006,Control_202,31,Pz,-13.98723,6,40.0,93.0
GLAS,glas006,Control_202,31,Cz,-7.789036,6,40.0,93.0
GLAS,glas006,Control_202,31,CP1,-22.97047,6,40.0,93.0
GLAS,glas006,Control_202,31,CP2,-14.57922,6,40.0,93.0
GLAS,glas006,Control_202,31,P3,-24.82186,6,40.0,93.0
GLAS,glas006,Control_202,31,P4,-0.9086404,6,40.0,93.0
GLAS,glas006,Control_202,31,C3,-7.109826,6,40.0,93.0
GLAS,glas006,Control_202,31,C4,-3.358353,6,40.0,93.0
GLAS,glas006,Control_202,31,P7,-0.07547589,6,40.0,93.0
GLAS,glas006,Control_202,31,P8,-14.19581,6,40.0,93.0
GLAS,glas006,Control_202,31,O1,-12.45451,6,40.0,93.0
GLAS,glas006,Control_202,31,O2,-28.73839,6,40.0,93.0
GLAS,glas006,Control_202,32,Pz,16.56446,6,27.0,97.0
GLAS,glas006,Control_202,32,Cz,18.49376,6,27.0,97.0
GLAS,glas006,Control_202,32,CP1,-6.032526,6,27.0,97.0
GLAS,glas006,Control_202,32,CP2,4.689278,6,27.0,97.0
GLAS,glas006,Control_202,32,P3,33.01799,6,27.0,97.0
GLAS,glas006,Control_202,32,P4,13.75602,6,27.0,97.0
GLAS,glas006,Control_202,32,C3,18.23426,6,27.0,97.0
GLAS,glas006,Control_202,32,C4,17.21981,6,27.0,97.0
GLAS,glas006,Control_202,32,P7,22.29369,6,27.0,97.0
GLAS,glas006,Control_202,32,P8,20.22043,6,27.0,97.0
GLAS,glas006,Control_202,32,O1,17.47435,6,27.0,97.0
GLAS,glas006,Control_202,32,O2,24.30905,6,27.0,97.0
GLAS,glas006,Violation_201,33,Pz,0.5121111,6,21.0,3.0
GLAS,glas006,Violation_201,33,Cz,-10.4266,6,21.0,3.0
GLAS,glas006,Violation_201,33,CP1,-27.80434,6,21.0,3.0
GLAS,glas006,Violation_201,33,CP2,-27.73497,6,21.0,3.0
GLAS,glas006,Violation_201,33,P3,-5.937775,6,21.0,3.0
GLAS,glas006,Violation_201,33,P4,-21.26474,6,21.0,3.0
GLAS,glas006,Violation_201,33,C3,-10.92736,6,21.0,3.0
GLAS,glas006,Violation_201,33,C4,-11.42987,6,21.0,3.0
GLAS,glas006,Violation_201,33,P7,-38.51368,6,21.0,3.0
GLAS,glas006,Violation_201,33,P8,-10.81049,6,21.0,3.0
GLAS,glas006,Violation_201,33,O1,-10.38987,6,21.0,3.0
GLAS,glas006,Violation_201,33,O2,-8.82357,6,21.0,3.0
GLAS,glas006,Violation_201,34,Pz,-4.98892,6,30.0,0.0
GLAS,glas006,Violation_201,34,Cz,-9.079337,6,30.0,0.0
GLAS,glas006,Violation_201,34,CP1,-2.178873,6,30.0,0.0
GLAS,glas006,Violation_201,34,CP2,-16.68575,6,30.0,0.0
GLAS,glas006,Violation_201,34,P3,-28.18906,6,30.0,0.0
GLAS,glas006,Violation_201,34,P4,-16.34295,6,30.0,0.0
GLAS,glas006,Violation_201,34,C3,-9.857385,6,30.0,0.0
GLAS,glas006,Violation_201,34,C4,-13.7636,6,30.0,0.0
GLAS,glas006,Violation_201,34,P7,-25.27922,6,30.0,0.0
GLAS,glas006,Violation_201,34,P8,-8.859295,6,30.0,0.0
GLAS,glas006,Violation_201,34,O1,-15.19689,6,30.0,0.0
GLAS,glas006,Violation_201,34,O2,-46.66734,6,30.0,0.0
GLAS,glas006,Violation_201,35,Pz,-13.68346,6,31.0,0.0
GLAS,glas006,Violation_201,35,Cz,3.61441,6,31.0,0.0
GLAS,glas006,Violation_201,35,CP1,-14.51782,6,31.0,0.0
GLAS,glas006,Violation_201,35,CP2,-22.57341,6,31.0,0.0
GLAS,glas006,Violation_201,35,P3,-11.20773,6,31.0,0.0
GLAS,glas006,Violation_201,35,P4,-2.054838,6,31.0,0.0
GLAS,glas006,Violation_201,35,C3,3.399725,6,31.0,0.0
GLAS,glas006,Violation_201,35,C4,-5.710545,6,31.0,0.0
GLAS,glas006,Violation_201,35,P7,-27.02447,6,31.0,0.0
GLAS,glas006,Violation_201,35,P8,0.5269477,6,31.0,0.0
GLAS,glas006,Violation_201,35,O1,-23.26565,6,31.0,0.0
GLAS,glas006,Violation_201,35,O2,2.293295,6,31.0,0.0
GLAS,glas006,Violation_201,36,Pz,53.76917,6,29.0,90.0
GLAS,glas006,Violation_201,36,Cz,24.34432,6,29.0,90.0
GLAS,glas006,Violation_201,36,CP1,44.16727,6,29.0,90.0
GLAS,glas006,Violation_201,36,CP2,21.90814,6,29.0,90.0
GLAS,glas006,Violation_201,36,P3,32.03636,6,29.0,90.0
GLAS,glas006,Violation_201,36,P4,33.80074,6,29.0,90.0
GLAS,glas006,Violation_201,36,C3,23.96994,6,29.0,90.0
GLAS,glas006,Violation_201,36,C4,23.6905,6,29.0,90.0
GLAS,glas006,Violation_201,36,P7,36.4835,6,29.0,90.0
GLAS,glas006,Violation_201,36,P8,23.36234,6,29.0,90.0
GLAS,glas006,Violation_201,36,O1,44.12011,6,29.0,90.0
GLAS,glas006,Violation_201,36,O2,3.913171,6,29.0,90.0
GLAS,glas006,Control_202,37,Pz,-9.781549,6,28.0,27.0
GLAS,glas006,Control_202,37,Cz,-7.36938,6,28.0,27.0
GLAS,glas006,Control_202,37,CP1,-8.920705,6,28.0,27.0
GLAS,glas006,Control_202,37,CP2,-0.7670224,6,28.0,27.0
GLAS,glas006,Control_202,37,P3,19.05347,6,28.0,27.0
GLAS,glas006,Control_202,37,P4,-9.755424,6,28.0,27.0
GLAS,glas006,Control_202,37,C3,-6.461649,6,28.0,27.0
GLAS,glas006,Control_202,37,C4,-7.880492,6,28.0,27.0
GLAS,glas006,Control_202,37,P7,4.22918,6,28.0,27.0
GLAS,glas006,Control_202,37,P8,-2.426101,6,28.0,27.0
GLAS,glas006,Control_202,37,O1,-26.87244,6,28.0,27.0
GLAS,glas006,Control_202,37,O2,30.11642,6,28.0,27.0
GLAS,glas006,Control_202,38,Pz,0.8147218,6,23.0,93.0
GLAS,glas006,Control_202,38,Cz,6.724739,6,23.0,93.0
GLAS,glas006,Control_202,38,CP1,31.60518,6,23.0,93.0
GLAS,glas006,Control_202,38,CP2,24.45386,6,23.0,93.0
GLAS,glas006,Control_202,38,P3,-6.884158,6,23.0,93.0
GLAS,glas006,Control_202,38,P4,13.57571,6,23.0,93.0
GLAS,glas006,Control_202,38,C3,6.833937,6,23.0,93.0
GLAS,glas006,Control_202,38,C4,3.161926,6,23.0,93.0
GLAS,glas006,Control_202,38,P7,8.3859,6,23.0,93.0
GLAS,glas006,Control_202,38,P8,15.43619,6,23.0,93.0
GLAS,glas006,Control_202,38,O1,4.113711,6,23.0,93.0
GLAS,glas006,Control_202,38,O2,23.41885,6,23.0,93.0
GLAS,glas006,Control_202,39,Pz,-23.9341,6,26.0,87.0
GLAS,glas006,Control_202,39,Cz,-18.15541,6,26.0,87.0
GLAS,glas006,Control_202,39,CP1,-24.52126,6,26.0,87.0
GLAS,glas006,Control_202,39,CP2,-9.001116,6,26.0,87.0
GLAS,glas006,Control_202,39,P3,-20.59729,6,26.0,87.0
GLAS,glas006,Control_202,39,P4,-27.83616,6,26.0,87.0
GLAS,glas006,Control_202,39,C3,-17.81796,6,26.0,87.0
GLAS,glas006,Control_202,39,C4,-13.04762,6,26.0,87.0
GLAS,glas006,Control_202,39,P7,-20.98888,6,26.0,87.0
GLAS,glas006,Control_202,39,P8,-12.48722,6,26.0,87.0
GLAS,glas006,Control_202,39,O1,-15.0341,6,26.0,87.0
GLAS,glas006,Control_202,39,O2,-37.24754,6,26.0,87.0
GLAS,glas006,Violation_201,40,Pz,38.02758,6,38.0,0.0
GLAS,glas006,Violation_201,40,Cz,22.71298,6,38.0,0.0
GLAS,glas006,Violation_201,40,CP1,10.16309,6,38.0,0.0
GLAS,glas006,Violation_201,40,CP2,10.73776,6,38.0,0.0
GLAS,glas006,Violation_201,40,P3,27.91533,6,38.0,0.0
GLAS,glas006,Violation_201,40,P4,25.29515,6,38.0,0.0
GLAS,glas006,Violation_201,40,C3,23.0345,6,38.0,0.0
GLAS,glas006,Violation_201,40,C4,20.47897,6,38.0,0.0
GLAS,glas006,Violation_201,40,P7,8.887888,6,38.0,0.0
GLAS,glas006,Violation_201,40,P8,18.97828,6,38.0,0.0
GLAS,glas006,Violation_201,40,O1,22.76746,6,38.0,0.0
GLAS,glas006,Violation_201,40,O2,17.42268,6,38.0,0.0
GLAS,glas007,Violation_201,1,Pz,-32.11941,7,9.0,3.0
GLAS,glas007,Violation_201,1,Cz,-27.48578,7,9.0,3.0
GLAS,glas007,Violation_201,1,CP1,-16.42852,7,9.0,3.0
GLAS,glas007,Violation_201,1,CP2,-22.19798,7,9.0,3.0
GLAS,glas007,Violation_201,1,P3,-18.09589,7,9.0,3.0
GLAS,glas007,Violation_201,1,P4,-24.57408,7,9.0,3.0
GLAS,glas007,Violation_201,1,C3,-27.77459,7,9.0,3.0
GLAS,glas007,Violation_201,1,C4,-28.19975,7,9.0,3.0
GLAS,glas007,Violation_201,1,P7,-17.3683,7,9.0,3.0
GLAS,glas007,Violation_201,1,P8,-25.98021,7,9.0,3.0
GLAS,glas007,Violation_201,1,O1,-12.99992,7,9.0,3.0
GLAS,glas007,Violation_201,1,O2,-19.30443,7,9.0,3.0
GLAS,glas007,Control_202,2,Pz,14.97141,7,2.0,100.0
GLAS,glas007,Control_202,2,Cz,15.85737,7,2.0,100.0
GLAS,glas007,Control_202,2,CP1,-0.2531521,7,2.0,100.0
GLAS,glas007,Control_202,2,CP2,19.01354,7,2.0,100.0
GLAS,glas007,Control_202,2,P3,9.902246,7,2.0,100.0
GLAS,glas007,Control_202,2,P4,18.83708,7,2.0,100.0
GLAS,glas007,Control_202,2,C3,15.88174,7,2.0,100.0
GLAS,glas007,Control_202,2,C4,16.47208,7,2.0,100.0
GLAS,glas007,Control_202,2,P7,-2.323184,7,2.0,100.0
GLAS,glas007,Control_202,2,P8,14.28757,7,2.0,100.0
GLAS,glas007,Control_202,2,O1,-7.963519,7,2.0,100.0
GLAS,glas007,Control_202,2,O2,5.881869,7,2.0,100.0
GLAS,glas007,Violation_201,3,Pz,-4.01901,7,12.0,13.0
GLAS,glas007,Violation_201,3,Cz,-2.031642,7,12.0,13.0
GLAS,glas007,Violation_201,3,CP1,-7.571633,7,12.0,13.0
GLAS,glas007,Violation_201,3,CP2,-2.699721,7,12.0,13.0
GLAS,glas007,Violation_201,3,P3,-6.007144,7,12.0,13.0
GLAS,glas007,Violation_201,3,P4,-0.5312875,7,12.0,13.0
GLAS,glas007,Violation_201,3,C3,-6.889449,7,12.0,13.0
GLAS,glas007,Violation_201,3,C4,-1.424031,7,12.0,13.0
GLAS,glas007,Violation_201,3,P7,-8.731645,7,12.0,13.0
GLAS,glas007,Violation_201,3,P8,-1.619669,7,12.0,13.0
GLAS,glas007,Violation_201,3,O1,-8.74896,7,12.0,13.0
GLAS,glas007,Violation_201,3,O2,-9.173616,7,12.0,13.0
GLAS,glas007,Control_202,4,Pz,-24.81452,7,7.0,80.0
GLAS,glas007,Control_202,4,Cz,-22.27301,7,7.0,80.0
GLAS,glas007,Control_202,4,CP1,-32.52828,7,7.0,80.0
GLAS,glas007,Control_202,4,CP2,-24.00722,7,7.0,80.0
GLAS,glas007,Control_202,4,P3,-29.5991,7,7.0,80.0
GLAS,glas007,Control_202,4,P4,-17.23038,7,7.0,80.0
GLAS,glas007,Control_202,4,C3,-28.31601,7,7.0,80.0
GLAS,glas007,Control_202,4,C4,-17.07972,7,7.0,80.0
GLAS,glas007,Control_202,4,P7,-28.04916,7,7.0,80.0
GLAS,glas007,Control_202,4,P8,-30.51579,7,7.0,80.0
GLAS,glas007,Control_202,4,O1,-24.27142,7,7.0,80.0
GLAS,glas007,Control_202,4,O2,-23.71968,7,7.0,80.0
GLAS,glas007,Control_202,5,Pz,6.618303,7,5.0,93.0
GLAS,glas007,Control_202,5,Cz,-2.022702,7,5.0,93.0
GLAS,glas007,Control_202,5,CP1,2.219846,7,5.0,93.0
GLAS,glas007,Control_202,5,CP2,3.677225,7,5.0,93.0
GLAS,glas007,Control_202,5,P3,12.9146,7,5.0,93.0
GLAS,glas007,Control_202,5,P4,-1.685143,7,5.0,93.0
GLAS,glas007,Control_202,5,C3,0.1923858,7,5.0,93.0
GLAS,glas007,Control_202,5,C4,-6.576673,7,5.0,93.0
GLAS,glas007,Control_202,5,P7,9.482992,7,5.0,93.0
GLAS,glas007,Control_202,5,P8,-3.225859,7,5.0,93.0
GLAS,glas007,Control_202,5,O1,2.563305,7,5.0,93.0
GLAS,glas007,Control_202,5,O2,-1.847036,7,5.0,93.0
GLAS,glas007,Control_202,6,Pz,-16.46809,7,1.0,97.0
GLAS,glas007,Control_202,6,Cz,-15.03583,7,1.0,97.0
GLAS,glas007,Control_202,6,CP1,-12.93815,7,1.0,97.0
GLAS,glas007,Control_202,6,CP2,-11.93519,7,1.0,97.0
GLAS,glas007,Control_202,6,P3,-19.36157,7,1.0,97.0
GLAS,glas007,Control_202,6,P4,-3.560973,7,1.0,97.0
GLAS,glas007,Control_202,6,C3,-11.92868,7,1.0,97.0
GLAS,glas007,Control_202,6,C4,-11.84377,7,1.0,97.0
GLAS,glas007,Control_202,6,P7,-13.75261,7,1.0,97.0
GLAS,glas007,Control_202,6,P8,-10.42379,7,1.0,97.0
GLAS,glas007,Control_202,6,O1,-13.41128,7,1.0,97.0
GLAS,glas007,Control_202,6,O2,-20.69018,7,1.0,97.0
GLAS,glas007,Control_202,7,Pz,-9.366704,7,18.0,87.0
GLAS,glas007,Control_202,7,Cz,-7.769449,7,18.0,87.0
GLAS,glas007,Control_202,7,CP1,-10.76722,7,18.0,87.0
GLAS,glas007,Control_202,7,CP2,-8.585423,7,18.0,87.0
GLAS,glas007,Control_202,7,P3,-16.19506,7,18.0,87.0
GLAS,glas007,Control_202,7,P4,-30.32602,7,18.0,87.0
GLAS,glas007,Control_202,7,C3,-9.056656,7,18.0,87.0
GLAS,glas007,Control_202,7,C4,-9.874012,7,18.0,87.0
GLAS,glas007,Control_202,7,P7,-13.34171,7,18.0,87.0
GLAS,glas007,Control_202,7,P8,-15.41897,7,18.0,87.0
GLAS,glas007,Control_202,7,O1,-8.028548,7,18.0,87.0
GLAS,glas007,Control_202,7,O2,-22.46207,7,18.0,87.0
GLAS,glas007,Violation_201,8,Pz,5.679743,7,13.0,0.0
GLAS,glas007,Violation_201,8,Cz,-7.967573,7,13.0,0.0
GLAS,glas007,Violation_201,8,CP1,0.03111536,7,13.0,0.0
GLAS,glas007,Violation_201,8,CP2,-7.651278,7,13.0,0.0
GLAS,glas007,Violation_201,8,P3,6.353469,7,13.0,0.0
GLAS,glas007,Violation_201,8,P4,5.48043,7,13.0,0.0
GLAS,glas007,Violation_201,8,C3,-2.378067,7,13.0,0.0
GLAS,glas007,Violation_201,8,C4,-1.174941,7,13.0,0.0
GLAS,glas007,Violation_201,8,P7,-7.719679,7,13.0,0.0
GLAS,glas007,Violation_201,8,P8,-8.116648,7,13.0,0.0
GLAS,glas007,Violation_201,8,O1,-11.20344,7,13.0,0.0
GLAS,glas007,Violation_201,8,O2,-0.2426789,7,13.0,0.0
GLAS,glas007,Violation_201,9,Pz,20.65933,7,16.0,0.0
GLAS,glas007,Violation_201,9,Cz,5.19483,7,16.0,0.0
GLAS,glas007,Violation_201,9,CP1,16.49868,7,16.0,0.0
GLAS,glas007,Violation_201,9,CP2,10.02713,7,16.0,0.0
GLAS,glas007,Violation_201,9,P3,24.764,7,16.0,0.0
GLAS,glas007,Violation_201,9,P4,13.31486,7,16.0,0.0
GLAS,glas007,Violation_201,9,C3,9.469936,7,16.0,0.0
GLAS,glas007,Violation_201,9,C4,12.30959,7,16.0,0.0
GLAS,glas007,Violation_201,9,P7,6.840549,7,16.0,0.0
GLAS,glas007,Violation_201,9,P8,7.579481,7,16.0,0.0
GLAS,glas007,Violation_201,9,O1,7.75988,7,16.0,0.0
GLAS,glas007,Violation_201,9,O2,-3.957835,7,16.0,0.0
GLAS,glas007,Control_202,10,Pz,-14.36779,7,8.0,97.0
GLAS,glas007,Control_202,10,Cz,-0.3734698,7,8.0,97.0
GLAS,glas007,Control_202,10,CP1,-16.52975,7,8.0,97.0
GLAS,glas007,Control_202,10,CP2,-12.11877,7,8.0,97.0
GLAS,glas007,Control_202,10,P3,-17.00989,7,8.0,97.0
GLAS,glas007,Control_202,10,P4,-11.08754,7,8.0,97.0
GLAS,glas007,Control_202,10,C3,-3.863282,7,8.0,97.0
GLAS,glas007,Control_202,10,C4,-2.108999,7,8.0,97.0
GLAS,glas007,Control_202,10,P7,-13.85344,7,8.0,97.0
GLAS,glas007,Control_202,10,P8,-10.242,7,8.0,97.0
GLAS,glas007,Control_202,10,O1,-15.75031,7,8.0,97.0
GLAS,glas007,Control_202,10,O2,-2.345695,7,8.0,97.0
GLAS,glas007,Violation_201,11,Pz,-18.35969,7,3.0,7.0
GLAS,glas007,Violation_201,11,Cz,-14.04874,7,3.0,7.0
GLAS,glas007,Violation_201,11,CP1,-12.79083,7,3.0,7.0
GLAS,glas007,Violation_201,11,CP2,-17.29775,7,3.0,7.0
GLAS,glas007,Violation_201,11,P3,-23.22879,7,3.0,7.0
GLAS,glas007,Violation_201,11,P4,-14.23554,7,3.0,7.0
GLAS,glas007,Violation_201,11,C3,-17.46754,7,3.0,7.0
GLAS,glas007,Violation_201,11,C4,-21.54808,7,3.0,7.0
GLAS,glas007,Violation_201,11,P7,-26.75079,7,3.0,7.0
GLAS,glas007,Violation_201,11,P8,-10.84013,7,3.0,7.0
GLAS,glas007,Violation_201,11,O1,-26.66033,7,3.0,7.0
GLAS,glas007,Violation_201,11,O2,-12.76405,7,3.0,7.0
GLAS,glas007,Control_202,12,Pz,8.082386,7,10.0,80.0
GLAS,glas007,Control_202,12,Cz,0.7046899,7,10.0,80.0
GLAS,glas007,Control_202,12,CP1,0.2196615,7,10.0,80.0
GLAS,glas007,Control_202,12,CP2,-12.78259,7,10.0,80.0
GLAS,glas007,Control_202,12,P3,5.730519,7,10.0,80.0
GLAS,glas007,Control_202,12,P4,-2.412859,7,10.0,80.0
GLAS,glas007,Control_202,12,C3,2.409618,7,10.0,80.0
GLAS,glas007,Control_202,12,C4,5.260392,7,10.0,80.0
GLAS,glas007,Control_202,12,P7,-1.644084,7,10.0,80.0
GLAS,glas007,Control_202,12,P8,-1.8728,7,10.0,80.0
GLAS,glas007,Control_202,12,O1,0.3826323,7,10.0,80.0
GLAS,glas007,Control_202,12,O2,-5.287321,7,10.0,80.0
GLAS,glas007,Control_202,13,Pz,8.634077,7,11.0,87.0
GLAS,glas007,Control_202,13,Cz,-9.073787,7,11.0,87.0
GLAS,glas007,Control_202,13,CP1,-0.8779318,7,11.0,87.0
GLAS,glas007,Control_202,13,CP2,6.87248,7,11.0,87.0
GLAS,glas007,Control_202,13,P3,2.218567,7,11.0,87.0
GLAS,glas007,Control_202,13,P4,-0.2530033,7,11.0,87.0
GLAS,glas007,Control_202,13,C3,-5.830552,7,11.0,87.0
GLAS,glas007,Control_202,13,C4,0.1911671,7,11.0,87.0
GLAS,glas007,Control_202,13,P7,-2.862959,7,11.0,87.0
GLAS,glas007,Control_202,13,P8,-4.123779,7,11.0,87.0
GLAS,glas007,Control_202,13,O1,-6.15086,7,11.0,87.0
GLAS,glas007,Control_202,13,O2,-15.24816,7,11.0,87.0
GLAS,glas007,Control_202,14,Pz,-15.23342,7,6.0,100.0
GLAS,glas007,Control_202,14,Cz,-7.566711,7,6.0,100.0
GLAS,glas007,Control_202,14,CP1,-12.25336,7,6.0,100.0
GLAS,glas007,Control_202,14,CP2,-8.703994,7,6.0,100.0
GLAS,glas007,Control_202,14,P3,-15.54866,7,6.0,100.0
GLAS,glas007,Control_202,14,P4,-15.60083,7,6.0,100.0
GLAS,glas007,Control_202,14,C3,-9.519629,7,6.0,100.0
GLAS,glas007,Control_202,14,C4,-10.31555,7,6.0,100.0
GLAS,glas007,Control_202,14,P7,-2.567565,7,6.0,100.0
GLAS,glas007,Control_202,14,P8,-7.42668,7,6.0,100.0
GLAS,glas007,Control_202,14,O1,4.314156,7,6.0,100.0
GLAS,glas007,Control_202,14,O2,2.050741,7,6.0,100.0
GLAS,glas007,Violation_201,15,Pz,-21.36779,7,19.0,0.0
GLAS,glas007,Violation_201,15,Cz,-14.41287,7,19.0,0.0
GLAS,glas007,Violation_201,15,CP1,-14.12333,7,19.0,0.0
GLAS,glas007,Violation_201,15,CP2,-15.13756,7,19.0,0.0
GLAS,glas007,Violation_201,15,P3,-25.00228,7,19.0,0.0
GLAS,glas007,Violation_201,15,P4,-19.69459,7,19.0,0.0
GLAS,glas007,Violation_201,15,C3,-17.51095,7,19.0,0.0
GLAS,glas007,Violation_201,15,C4,-19.3128,7,19.0,0.0
GLAS,glas007,Violation_201,15,P7,-11.26336,7,19.0,0.0
GLAS,glas007,Violation_201,15,P8,-17.99978,7,19.0,0.0
GLAS,glas007,Violation_201,15,O1,-13.8402,7,19.0,0.0
GLAS,glas007,Violation_201,15,O2,-6.338932,7,19.0,0.0
GLAS,glas007,Violation_201,16,Pz,28.106,7,17.0,0.0
GLAS,glas007,Violation_201,16,Cz,23.84484,7,17.0,0.0
GLAS,glas007,Violation_201,16,CP1,21.78462,7,17.0,0.0
GLAS,glas007,Violation_201,16,CP2,14.5564,7,17.0,0.0
GLAS,glas007,Violation_201,16,P3,30.11636,7,17.0,0.0
GLAS,glas007,Violation_201,16,P4,24.29842,7,17.0,0.0
GLAS,glas007,Violation_201,16,C3,27.68004,7,17.0,0.0
GLAS,glas007,Violation_201,16,C4,27.36819,7,17.0,0.0
GLAS,glas007,Violation_201,16,P7,18.68358,7,17.0,0.0
GLAS,glas007,Violation_201,16,P8,23.59449,7,17.0,0.0
GLAS,glas007,Violation_201,16,O1,14.20759,7,17.0,0.0
GLAS,glas007,Violation_201,16,O2,7.034268,7,17.0,0.0
GLAS,glas007,Violation_201,17,Pz,14.0296,7,14.0,0.0
GLAS,glas007,Violation_201,17,Cz,13.67174,7,14.0,0.0
GLAS,glas007,Violation_201,17,CP1,21.59483,7,14.0,0.0
GLAS,glas007,Violation_201,17,CP2,0.2028028,7,14.0,0.0
GLAS,glas007,Violation_201,17,P3,14.10374,7,14.0,0.0
GLAS,glas007,Violation_201,17,P4,5.891848,7,14.0,0.0
GLAS,glas007,Violation_201,17,C3,14.89553,7,14.0,0.0
GLAS,glas007,Violation_201,17,C4,13.93137,7,14.0,0.0
GLAS,glas007,Violation_201,17,P7,2.912013,7,14.0,0.0
GLAS,glas007,Violation_201,17,P8,3.399328,7,14.0,0.0
GLAS,glas007,Violation_201,17,O1,-3.875592,7,14.0,0.0
GLAS,glas007,Violation_201,17,O2,-0.6669656,7,14.0,0.0
GLAS,glas007,Violation_201,18,Pz,9.401445,7,15.0,0.0
GLAS,glas007,Violation_201,18,Cz,5.403111,7,15.0,0.0
GLAS,glas007,Violation_201,18,CP1,2.233246,7,15.0,0.0
GLAS,glas007,Violation_201,18,CP2,4.5122,7,15.0,0.0
GLAS,glas007,Violation_201,18,P3,3.915583,7,15.0,0.0
GLAS,glas007,Violation_201,18,P4,10.9698,7,15.0,0.0
GLAS,glas007,Violation_201,18,C3,7.813804,7,15.0,0.0
GLAS,glas007,Violation_201,18,C4,5.891847,7,15.0,0.0
GLAS,glas007,Violation_201,18,P7,-6.86316,7,15.0,0.0
GLAS,glas007,Violation_201,18,P8,13.73436,7,15.0,0.0
GLAS,glas007,Violation_201,18,O1,3.778916,7,15.0,0.0
GLAS,glas007,Violation_201,18,O2,10.52589,7,15.0,0.0
GLAS,glas007,Control_202,19,Pz,-19.12181,7,20.0,90.0
GLAS,glas007,Control_202,19,Cz,-17.80793,7,20.0,90.0
GLAS,glas007,Control_202,19,CP1,-0.0454502,7,20.0,90.0
GLAS,glas007,Control_202,19,CP2,-5.988984,7,20.0,90.0
GLAS,glas007,Control_202,19,P3,-8.734748,7,20.0,90.0
GLAS,glas007,Control_202,19,P4,-10.27471,7,20.0,90.0
GLAS,glas007,Control_202,19,C3,-16.52683,7,20.0,90.0
GLAS,glas007,Control_202,19,C4,-19.497,7,20.0,90.0
GLAS,glas007,Control_202,19,P7,3.649843,7,20.0,90.0
GLAS,glas007,Control_202,19,P8,-9.458639,7,20.0,90.0
GLAS,glas007,Control_202,19,O1,-11.85727,7,20.0,90.0
GLAS,glas007,Control_202,19,O2,-13.74679,7,20.0,90.0
GLAS,glas007,Violation_201,20,Pz,21.12636,7,4.0,20.0
GLAS,glas007,Violation_201,20,Cz,17.67518,7,4.0,20.0
GLAS,glas007,Violation_201,20,CP1,11.18719,7,4.0,20.0
GLAS,glas007,Violation_201,20,CP2,10.25482,7,4.0,20.0
GLAS,glas007,Violation_201,20,P3,19.17929,7,4.0,20.0
GLAS,glas007,Violation_201,20,P4,16.53605,7,4.0,20.0
GLAS,glas007,Violation_201,20,C3,19.14408,7,4.0,20.0
GLAS,glas007,Violation_201,20,C4,21.1072,7,4.0,20.0
GLAS,glas007,Violation_201,20,P7,7.592225,7,4.0,20.0
GLAS,glas007,Violation_201,20,P8,16.98067,7,4.0,20.0
GLAS,glas007,Violation_201,20,O1,16.66887,7,4.0,20.0
GLAS,glas007,Violation_201,20,O2,5.493667,7,4.0,20.0
GLAS,glas007,Violation_201,21,Pz,-8.035012,7,35.0,0.0
GLAS,glas007,Violation_201,21,Cz,-15.95113,7,35.0,0.0
GLAS,glas007,Violation_201,21,CP1,-11.43728,7,35.0,0.0
GLAS,glas007,Violation_201,21,CP2,-18.73324,7,35.0,0.0
GLAS,glas007,Violation_201,21,P3,-4.677972,7,35.0,0.0
GLAS,glas007,Violation_201,21,P4,-13.6945,7,35.0,0.0
GLAS,glas007,Violation_201,21,C3,-12.73524,7,35.0,0.0
GLAS,glas007,Violation_201,21,C4,-17.43077,7,35.0,0.0
GLAS,glas007,Violation_201,21,P7,-15.08685,7,35.0,0.0
GLAS,glas007,Violation_201,21,P8,-13.94365,7,35.0,0.0
GLAS,glas007,Violation_201,21,O1,-14.74363,7,35.0,0.0
GLAS,glas007,Violation_201,21,O2,-23.77909,7,35.0,0.0
GLAS,glas007,Control_202,22,Pz,-20.66442,7,36.0,77.0
GLAS,glas007,Control_202,22,Cz,-24.69324,7,36.0,77.0
GLAS,glas007,Control_202,22,CP1,-13.64544,7,36.0,77.0
GLAS,glas007,Control_202,22,CP2,-23.68677,7,36.0,77.0
GLAS,glas007,Control_202,22,P3,-19.27961,7,36.0,77.0
GLAS,glas007,Control_202,22,P4,-21.5702,7,36.0,77.0
GLAS,glas007,Control_202,22,C3,-24.86072,7,36.0,77.0
GLAS,glas007,Control_202,22,C4,-29.62709,7,36.0,77.0
GLAS,glas007,Control_202,22,P7,-19.32508,7,36.0,77.0
GLAS,glas007,Control_202,22,P8,-20.0561,7,36.0,77.0
GLAS,glas007,Control_202,22,O1,-27.44518,7,36.0,77.0
GLAS,glas007,Control_202,22,O2,-22.14665,7,36.0,77.0
GLAS,glas007,Violation_201,23,Pz,-24.68514,7,27.0,0.0
GLAS,glas007,Violation_201,23,Cz,-30.14134,7,27.0,0.0
GLAS,glas007,Violation_201,23,CP1,-14.9346,7,27.0,0.0
GLAS,glas007,Violation_201,23,CP2,-25.35181,7,27.0,0.0
GLAS,glas007,Violation_201,23,P3,-10.23779,7,27.0,0.0
GLAS,glas007,Violation_201,23,P4,-26.36341,7,27.0,0.0
GLAS,glas007,Violation_201,23,C3,-23.28794,7,27.0,0.0
GLAS,glas007,Violation_201,23,C4,-28.74578,7,27.0,0.0
GLAS,glas007,Violation_201,23,P7,-16.4073,7,27.0,0.0
GLAS,glas007,Violation_201,23,P8,-32.3928,7,27.0,0.0
GLAS,glas007,Violation_201,23,O1,0.1579336,7,27.0,0.0
GLAS,glas007,Violation_201,23,O2,2.763165,7,27.0,0.0
GLAS,glas007,Control_202,24,Pz,-2.710415,7,37.0,80.0
GLAS,glas007,Control_202,24,Cz,-1.786796,7,37.0,80.0
GLAS,glas007,Control_202,24,CP1,-11.64272,7,37.0,80.0
GLAS,glas007,Control_202,24,CP2,-3.917766,7,37.0,80.0
GLAS,glas007,Control_202,24,P3,-3.960549,7,37.0,80.0
GLAS,glas007,Control_202,24,P4,-9.645491,7,37.0,80.0
GLAS,glas007,Control_202,24,C3,-1.430048,7,37.0,80.0
GLAS,glas007,Control_202,24,C4,2.019227,7,37.0,80.0
GLAS,glas007,Control_202,24,P7,-0.8438858,7,37.0,80.0
GLAS,glas007,Control_202,24,P8,-5.777845,7,37.0,80.0
GLAS,glas007,Control_202,24,O1,2.542688,7,37.0,80.0
GLAS,glas007,Control_202,24,O2,-10.382,7,37.0,80.0
GLAS,glas007,Control_202,25,Pz,-38.55704,7,38.0,93.0
GLAS,glas007,Control_202,25,Cz,-37.19693,7,38.0,93.0
GLAS,glas007,Control_202,25,CP1,-40.66012,7,38.0,93.0
GLAS,glas007,Control_202,25,CP2,-28.74994,7,38.0,93.0
GLAS,glas007,Control_202,25,P3,-33.97093,7,38.0,93.0
GLAS,glas007,Control_202,25,P4,-42.17184,7,38.0,93.0
GLAS,glas007,Control_202,25,C3,-41.40193,7,38.0,93.0
GLAS,glas007,Control_202,25,C4,-38.61227,7,38.0,93.0
GLAS,glas007,Control_202,25,P7,-18.30734,7,38.0,93.0
GLAS,glas007,Control_202,25,P8,-38.17673,7,38.0,93.0
GLAS,glas007,Control_202,25,O1,-22.31946,7,38.0,93.0
GLAS,glas007,Control_202,25,O2,-28.07285,7,38.0,93.0
GLAS,glas007,Control_202,26,Pz,1.309977,7,23.0,93.0
GLAS,glas007,Control_202,26,Cz,-2.590918,7,23.0,93.0
GLAS,glas007,Control_202,26,CP1,9.413649,7,23.0,93.0
GLAS,glas007,Control_202,26,CP2,-0.1717718,7,23.0,93.0
GLAS,glas007,Control_202,26,P3,3.830841,7,23.0,93.0
GLAS,glas007,Control_202,26,P4,3.320707,7,23.0,93.0
GLAS,glas007,Control_202,26,C3,-3.237479,7,23.0,93.0
GLAS,glas007,Control_202,26,C4,-0.117479,7,23.0,93.0
GLAS,glas007,Control_202,26,P7,4.165473,7,23.0,93.0
GLAS,glas007,Control_202,26,P8,1.605506,7,23.0,93.0
GLAS,glas007,Control_202,26,O1,2.871394,7,23.0,93.0
GLAS,glas007,Control_202,26,O2,2.80967,7,23.0,93.0
GLAS,glas007,Violation_201,27,Pz,-10.79808,7,34.0,30.0
GLAS,glas007,Violation_201,27,Cz,1.880824,7,34.0,30.0
GLAS,glas007,Violation_201,27,CP1,-0.1900286,7,34.0,30.0
GLAS,glas007,Violation_201,27,CP2,-1.832751,7,34.0,30.0
GLAS,glas007,Violation_201,27,P3,-4.359296,7,34.0,30.0
GLAS,glas007,Violation_201,27,P4,-6.513437,7,34.0,30.0
GLAS,glas007,Violation_201,27,C3,-4.139542,7,34.0,30.0
GLAS,glas007,Violation_201,27,C4,-6.39046,7,34.0,30.0
GLAS,glas007,Violation_201,27,P7,-2.564782,7,34.0,30.0
GLAS,glas007,Violation_201,27,P8,-0.6796104,7,34.0,30.0
GLAS,glas007,Violation_201,27,O1,-0.05129639,7,34.0,30.0
GLAS,glas007,Violation_201,27,O2,-7.252924,7,34.0,30.0
GLAS,glas007,Control_202,28,Pz,-11.63193,7,31.0,77.0
GLAS,glas007,Control_202,28,Cz,-6.249321,7,31.0,77.0
GLAS,glas007,Control_202,28,CP1,-2.018456,7,31.0,77.0
GLAS,glas007,Control_202,28,CP2,-5.102907,7,31.0,77.0
GLAS,glas007,Control_202,28,P3,-14.83084,7,31.0,77.0
GLAS,glas007,Control_202,28,P4,-5.107142,7,31.0,77.0
GLAS,glas007,Control_202,28,C3,-7.370692,7,31.0,77.0
GLAS,glas007,Control_202,28,C4,-8.774063,7,31.0,77.0
GLAS,glas007,Control_202,28,P7,-4.752562,7,31.0,77.0
GLAS,glas007,Control_202,28,P8,-4.11644,7,31.0,77.0
GLAS,glas007,Control_202,28,O1,-1.091292,7,31.0,77.0
GLAS,glas007,Control_202,28,O2,2.881756,7,31.0,77.0
GLAS,glas007,Control_202,29,Pz,24.91984,7,30.0,90.0
GLAS,glas007,Control_202,29,Cz,12.06113,7,30.0,90.0
GLAS,glas007,Control_202,29,CP1,23.64436,7,30.0,90.0
GLAS,glas007,Control_202,29,CP2,8.589052,7,30.0,90.0
GLAS,glas007,Control_202,29,P3,24.23085,7,30.0,90.0
GLAS,glas007,Control_202,29,P4,10.62211,7,30.0,90.0
GLAS,glas007,Control_202,29,C3,14.76496,7,30.0,90.0
GLAS,glas007,Control_202,29,C4,13.3182,7,30.0,90.0
GLAS,glas007,Control_202,29,P7,26.67982,7,30.0,90.0
GLAS,glas007,Control_202,29,P8,9.225791,7,30.0,90.0
GLAS,glas007,Control_202,29,O1,24.34361,7,30.0,90.0
GLAS,glas007,Control_202,29,O2,16.14986,7,30.0,90.0
GLAS,glas007,Control_202,30,Pz,8.898417,7,33.0,53.0
GLAS,glas007,Control_202,30,Cz,-3.987086,7,33.0,53.0
GLAS,glas007,Control_202,30,CP1,10.193,7,33.0,53.0
GLAS,glas007,Control_202,30,CP2,-4.548975,7,33.0,53.0
GLAS,glas007,Control_202,30,P3,17.48597,7,33.0,53.0
GLAS,glas007,Control_202,30,P4,6.291129,7,33.0,53.0
GLAS,glas007,Control_202,30,C3,3.715829,7,33.0,53.0
GLAS,glas007,Control_202,30,C4,8.475295,7,33.0,53.0
GLAS,glas007,Control_202,30,P7,8.555532,7,33.0,53.0
GLAS,glas007,Control_202,30,P8,-0.9048781,7,33.0,53.0
GLAS,glas007,Control_202,30,O1,5.276007,7,33.0,53.0
GLAS,glas007,Control_202,30,O2,-4.55005,7,33.0,53.0
GLAS,glas007,Violation_201,31,Pz,14.80997,7,25.0,0.0
GLAS,glas007,Violation_201,31,Cz,3.198022,7,25.0,0.0
GLAS,glas007,Violation_201,31,CP1,7.715752,7,25.0,0.0
GLAS,glas007,Violation_201,31,CP2,11.2022,7,25.0,0.0
GLAS,glas007,Violation_201,31,P3,11.60923,7,25.0,0.0
GLAS,glas007,Violation_201,31,P4,11.9465,7,25.0,0.0
GLAS,glas007,Violation_201,31,C3,9.812138,7,25.0,0.0
GLAS,glas007,Violation_201,31,C4,6.160234,7,25.0,0.0
GLAS,glas007,Violation_201,31,P7,8.712765,7,25.0,0.0
GLAS,glas007,Violation_201,31,P8,4.963489,7,25.0,0.0
GLAS,glas007,Violation_201,31,O1,4.597288,7,25.0,0.0
GLAS,glas007,Violation_201,31,O2,10.88175,7,25.0,0.0
GLAS,glas007,Control_202,32,Pz,13.02517,7,21.0,77.0
GLAS,glas007,Control_202,32,Cz,4.940522,7,21.0,77.0
GLAS,glas007,Control_202,32,CP1,-3.314709,7,21.0,77.0
GLAS,glas007,Control_202,32,CP2,-9.070501,7,21.0,77.0
GLAS,glas007,Control_202,32,P3,0.7292168,7,21.0,77.0
GLAS,glas007,Control_202,32,P4,6.61275,7,21.0,77.0
GLAS,glas007,Control_202,32,C3,4.694959,7,21.0,77.0
GLAS,glas007,Control_202,32,C4,7.673591,7,21.0,77.0
GLAS,glas007,Control_202,32,P7,-9.242759,7,21.0,77.0
GLAS,glas007,Control_202,32,P8,6.381507,7,21.0,77.0
GLAS,glas007,Control_202,32,O1,-11.94149,7,21.0,77.0
GLAS,glas007,Control_202,32,O2,-7.578709,7,21.0,77.0
GLAS,glas007,Control_202,33,Pz,11.81658,7,24.0,93.0
GLAS,glas007,Control_202,33,Cz,1.118151,7,24.0,93.0
GLAS,glas007,Control_202,33,CP1,10.21157,7,24.0,93.0
GLAS,glas007,Control_202,33,CP2,-3.742677,7,24.0,93.0
GLAS,glas007,Control_202,33,P3,16.24019,7,24.0,93.0
GLAS,glas007,Control_202,33,P4,3.629808,7,24.0,93.0
GLAS,glas007,Control_202,33,C3,3.842504,7,24.0,93.0
GLAS,glas007,Control_202,33,C4,2.770642,7,24.0,93.0
GLAS,glas007,Control_202,33,P7,6.047481,7,24.0,93.0
GLAS,glas007,Control_202,33,P8,1.585835,7,24.0,93.0
GLAS,glas007,Control_202,33,O1,4.619567,7,24.0,93.0
GLAS,glas007,Control_202,33,O2,-10.88318,7,24.0,93.0
GLAS,glas007,Violation_201,34,Pz,4.77665,7,28.0,67.0
GLAS,glas007,Violation_201,34,Cz,7.213837,7,28.0,67.0
GLAS,glas007,Violation_201,34,CP1,6.359096,7,28.0,67.0
GLAS,glas007,Violation_201,34,CP2,0.3852707,7,28.0,67.0
GLAS,glas007,Violation_201,34,P3,5.367954,7,28.0,67.0
GLAS,glas007,Violation_201,34,P4,5.962159,7,28.0,67.0
GLAS,glas007,Violation_201,34,C3,7.223127,7,28.0,67.0
GLAS,glas007,Violation_201,34,C4,4.943022,7,28.0,67.0
GLAS,glas007,Violation_201,34,P7,5.808998,7,28.0,67.0
GLAS,glas007,Violation_201,34,P8,0.9308195,7,28.0,67.0
GLAS,glas007,Violation_201,34,O1,1.119115,7,28.0,67.0
GLAS,glas007,Violation_201,34,O2,-5.874251,7,28.0,67.0
GLAS,glas007,Violation_201,35,Pz,-21.70146,7,32.0,3.0
GLAS,glas007,Violation_201,35,Cz,-20.03826,7,32.0,3.0
GLAS,glas007,Violation_201,35,CP1,-25.50883,7,32.0,3.0
GLAS,glas007,Violation_201,35,CP2,-23.5463,7,32.0,3.0
GLAS,glas007,Violation_201,35,P3,-29.36105,7,32.0,3.0
GLAS,glas007,Violation_201,35,P4,-22.4869,7,32.0,3.0
GLAS,glas007,Violation_201,35,C3,-23.60878,7,32.0,3.0
GLAS,glas007,Violation_201,35,C4,-18.79326,7,32.0,3.0
GLAS,glas007,Violation_201,35,P7,-30.39871,7,32.0,3.0
GLAS,glas007,Violation_201,35,P8,-17.89372,7,32.0,3.0
GLAS,glas007,Violation_201,35,O1,-34.18858,7,32.0,3.0
GLAS,glas007,Violation_201,35,O2,-15.57658,7,32.0,3.0
GLAS,glas007,Violation_201,36,Pz,-3.715706,7,26.0,0.0
GLAS,glas007,Violation_201,36,Cz,-11.9768,7,26.0,0.0
GLAS,glas007,Violation_201,36,CP1,4.374437,7,26.0,0.0
GLAS,glas007,Violation_201,36,CP2,12.2056,7,26.0,0.0
GLAS,glas007,Violation_201,36,P3,8.950859,7,26.0,0.0
GLAS,glas007,Violation_201,36,P4,0.6972985,7,26.0,0.0
GLAS,glas007,Violation_201,36,C3,-12.09866,7,26.0,0.0
GLAS,glas007,Violation_201,36,C4,-15.38274,7,26.0,0.0
GLAS,glas007,Violation_201,36,P7,8.296002,7,26.0,0.0
GLAS,glas007,Violation_201,36,P8,10.79121,7,26.0,0.0
GLAS,glas007,Violation_201,36,O1,4.625702,7,26.0,0.0
GLAS,glas007,Violation_201,36,O2,18.70442,7,26.0,0.0
GLAS,glas007,Violation_201,37,Pz,-36.1954,7,22.0,17.0
GLAS,glas007,Violation_201,37,Cz,-34.35191,7,22.0,17.0
GLAS,glas007,Violation_201,37,CP1,-41.50156,7,22.0,17.0
GLAS,glas007,Violation_201,37,CP2,-46.09851,7,22.0,17.0
GLAS,glas007,Violation_201,37,P3,-37.09784,7,22.0,17.0
GLAS,glas007,Violation_201,37,P4,-36.74794,7,22.0,17.0
GLAS,glas007,Violation_201,37,C3,-34.8641,7,22.0,17.0
GLAS,glas007,Violation_201,37,C4,-37.0368,7,22.0,17.0
GLAS,glas007,Violation_201,37,P7,-45.07537,7,22.0,17.0
GLAS,glas007,Violation_201,37,P8,-36.25449,7,22.0,17.0
GLAS,glas007,Violation_201,37,O1,-49.32489,7,22.0,17.0
GLAS,glas007,Violation_201,37,O2,-42.79651,7,22.0,17.0
GLAS,glas007,Control_202,38,Pz,17.4054,7,40.0,93.0
GLAS,glas007,Control_202,38,Cz,12.16161,7,40.0,93.0
GLAS,glas007,Control_202,38,CP1,10.41706,7,40.0,93.0
GLAS,glas007,Control_202,38,CP2,18.62991,7,40.0,93.0
GLAS,glas007,Control_202,38,P3,13.80378,7,40.0,93.0
GLAS,glas007,Control_202,38,P4,15.67753,7,40.0,93.0
GLAS,glas007,Control_202,38,C3,11.68712,7,40.0,93.0
GLAS,glas007,Control_202,38,C4,12.30641,7,40.0,93.0
GLAS,glas007,Control_202,38,P7,4.600874,7,40.0,93.0
GLAS,glas007,Control_202,38,P8,17.20724,7,40.0,93.0
GLAS,glas007,Control_202,38,O1,6.257391,7,40.0,93.0
GLAS,glas007,Control_202,38,O2,-0.1100249,7,40.0,93.0
GLAS,glas008,Violation_201,1,Pz,8.663964,8,16.0,0.0
GLAS,glas008,Violation_201,1,Cz,9.921231,8,16.0,0.0
GLAS,glas008,Violation_201,1,CP1,4.417056,8,16.0,0.0
GLAS,glas008,Violation_201,1,CP2,1.648482,8,16.0,0.0
GLAS,glas008,Violation_201,1,P3,2.445716,8,16.0,0.0
GLAS,glas008,Violation_201,1,P4,6.258531,8,16.0,0.0
GLAS,glas008,Violation_201,1,C3,9.616226,8,16.0,0.0
GLAS,glas008,Violation_201,1,C4,3.692664,8,16.0,0.0
GLAS,glas008,Violation_201,1,P7,5.097736,8,16.0,0.0
GLAS,glas008,Violation_201,1,P8,4.639718,8,16.0,0.0
GLAS,glas008,Violation_201,1,O1,2.192111,8,16.0,0.0
GLAS,glas008,Violation_201,1,O2,-7.562713,8,16.0,0.0
GLAS,glas008,Violation_201,2,Pz,-1.857334,8,10.0,3.0
GLAS,glas008,Violation_201,2,Cz,-11.18358,8,10.0,3.0
GLAS,glas008,Violation_201,2,CP1,-20.73355,8,10.0,3.0
GLAS,glas008,Violation_201,2,CP2,-6.119481,8,10.0,3.0
GLAS,glas008,Violation_201,2,P3,-4.660254,8,10.0,3.0
GLAS,glas008,Violation_201,2,P4,-5.276354,8,10.0,3.0
GLAS,glas008,Violation_201,2,C3,-4.132446,8,10.0,3.0
GLAS,glas008,Violation_201,2,C4,-8.773925,8,10.0,3.0
GLAS,glas008,Violation_201,2,P7,-7.059763,8,10.0,3.0
GLAS,glas008,Violation_201,2,P8,-6.894059,8,10.0,3.0
GLAS,glas008,Violation_201,2,O1,2.099727,8,10.0,3.0
GLAS,glas008,Violation_201,2,O2,-2.907839,8,10.0,3.0
GLAS,glas008,Control_202,3,Pz,-12.8945,8,7.0,80.0
GLAS,glas008,Control_202,3,Cz,-3.453738,8,7.0,80.0
GLAS,glas008,Control_202,3,CP1,-8.026106,8,7.0,80.0
GLAS,glas008,Control_202,3,CP2,-14.48519,8,7.0,80.0
GLAS,glas008,Control_202,3,P3,-4.96021,8,7.0,80.0
GLAS,glas008,Control_202,3,P4,-15.94821,8,7.0,80.0
GLAS,glas008,Control_202,3,C3,-14.77293,8,7.0,80.0
GLAS,glas008,Control_202,3,C4,-5.296755,8,7.0,80.0
GLAS,glas008,Control_202,3,P7,-2.50377,8,7.0,80.0
GLAS,glas008,Control_202,3,P8,-15.69667,8,7.0,80.0
GLAS,glas008,Control_202,3,O1,-14.95375,8,7.0,80.0
GLAS,glas008,Control_202,3,O2,-13.18285,8,7.0,80.0
GLAS,glas008,Control_202,4,Pz,13.1676,8,2.0,100.0
GLAS,glas008,Control_202,4,Cz,9.85826,8,2.0,100.0
GLAS,glas008,Control_202,4,CP1,14.68745,8,2.0,100.0
GLAS,glas008,Control_202,4,CP2,6.115858,8,2.0,100.0
GLAS,glas008,Control_202,4,P3,15.65102,8,2.0,100.0
GLAS,glas008,Control_202,4,P4,8.987299,8,2.0,100.0
GLAS,glas008,Control_202,4,C3,11.32684,8,2.0,100.0
GLAS,glas008,Control_202,4,C4,15.86155,8,2.0,100.0
GLAS,glas008,Control_202,4,P7,13.89858,8,2.0,100.0
GLAS,glas008,Control_202,4,P8,6.463581,8,2.0,100.0
GLAS,glas008,Control_202,4,O1,12.43926,8,2.0,100.0
GLAS,glas008,Control_202,4,O2,2.955326,8,2.0,100.0
GLAS,glas008,Violation_201,5,Pz,4.199959,8,19.0,0.0
GLAS,glas008,Violation_201,5,Cz,21.37384,8,19.0,0.0
GLAS,glas008,Violation_201,5,CP1,10.59144,8,19.0,0.0
GLAS,glas008,Violation_201,5,CP2,7.494911,8,19.0,0.0
GLAS,glas008,Violation_201,5,P3,8.706729,8,19.0,0.0
GLAS,glas008,Violation_201,5,P4,7.760413,8,19.0,0.0
GLAS,glas008,Violation_201,5,C3,7.630051,8,19.0,0.0
GLAS,glas008,Violation_201,5,C4,2.515516,8,19.0,0.0
GLAS,glas008,Violation_201,5,P7,2.860602,8,19.0,0.0
GLAS,glas008,Violation_201,5,P8,9.658033,8,19.0,0.0
GLAS,glas008,Violation_201,5,O1,1.076858,8,19.0,0.0
GLAS,glas008,Violation_201,5,O2,14.32877,8,19.0,0.0
GLAS,glas008,Control_202,6,Pz,23.12045,8,12.0,100.0
GLAS,glas008,Control_202,6,Cz,17.43518,8,12.0,100.0
GLAS,glas008,Control_202,6,CP1,19.96275,8,12.0,100.0
GLAS,glas008,Control_202,6,CP2,12.68401,8,12.0,100.0
GLAS,glas008,Control_202,6,P3,23.95364,8,12.0,100.0
GLAS,glas008,Control_202,6,P4,14.65651,8,12.0,100.0
GLAS,glas008,Control_202,6,C3,20.12951,8,12.0,100.0
GLAS,glas008,Control_202,6,C4,13.68846,8,12.0,100.0
GLAS,glas008,Control_202,6,P7,24.89498,8,12.0,100.0
GLAS,glas008,Control_202,6,P8,10.80342,8,12.0,100.0
GLAS,glas008,Control_202,6,O1,12.57501,8,12.0,100.0
GLAS,glas008,Control_202,6,O2,-1.242275,8,12.0,100.0
GLAS,glas008,Violation_201,7,Pz,-23.95038,8,1.0,0.0
GLAS,glas008,Violation_201,7,Cz,-23.19283,8,1.0,0.0
GLAS,glas008,Violation_201,7,CP1,-22.1492,8,1.0,0.0
GLAS,glas008,Violation_201,7,CP2,-23.17874,8,1.0,0.0
GLAS,glas008,Violation_201,7,P3,-22.93495,8,1.0,0.0
GLAS,glas008,Violation_201,7,P4,-22.7222,8,1.0,0.0
GLAS,glas008,Violation_201,7,C3,-21.41547,8,1.0,0.0
GLAS,glas008,Violation_201,7,C4,-20.38811,8,1.0,0.0
GLAS,glas008,Violation_201,7,P7,-20.75319,8,1.0,0.0
GLAS,glas008,Violation_201,7,P8,-23.12123,8,1.0,0.0
GLAS,glas008,Violation_201,7,O1,-19.69817,8,1.0,0.0
GLAS,glas008,Violation_201,7,O2,-25.15839,8,1.0,0.0
GLAS,glas008,Control_202,8,Pz,4.689825,8,17.0,62.0
GLAS,glas008,Control_202,8,Cz,2.618024,8,17.0,62.0
GLAS,glas008,Control_202,8,CP1,-1.807051,8,17.0,62.0
GLAS,glas008,Control_202,8,CP2,4.428157,8,17.0,62.0
GLAS,glas008,Control_202,8,P3,3.876789,8,17.0,62.0
GLAS,glas008,Control_202,8,P4,5.967067,8,17.0,62.0
GLAS,glas008,Control_202,8,C3,8.856766,8,17.0,62.0
GLAS,glas008,Control_202,8,C4,4.126821,8,17.0,62.0
GLAS,glas008,Control_202,8,P7,-2.393862,8,17.0,62.0
GLAS,glas008,Control_202,8,P8,4.760261,8,17.0,62.0
GLAS,glas008,Control_202,8,O1,-1.827292,8,17.0,62.0
GLAS,glas008,Control_202,8,O2,4.217535,8,17.0,62.0
GLAS,glas008,Violation_201,9,Pz,8.234679,8,6.0,0.0
GLAS,glas008,Violation_201,9,Cz,12.60526,8,6.0,0.0
GLAS,glas008,Violation_201,9,CP1,16.90559,8,6.0,0.0
GLAS,glas008,Violation_201,9,CP2,8.684074,8,6.0,0.0
GLAS,glas008,Violation_201,9,P3,14.05174,8,6.0,0.0
GLAS,glas008,Violation_201,9,P4,8.404192,8,6.0,0.0
GLAS,glas008,Violation_201,9,C3,8.966042,8,6.0,0.0
GLAS,glas008,Violation_201,9,C4,2.56811,8,6.0,0.0
GLAS,glas008,Violation_201,9,P7,1.728276,8,6.0,0.0
GLAS,glas008,Violation_201,9,P8,7.575109,8,6.0,0.0
GLAS,glas008,Violation_201,9,O1,11.22798,8,6.0,0.0
GLAS,glas008,Violation_201,9,O2,19.46114,8,6.0,0.0
GLAS,glas008,Control_202,10,Pz,12.77372,8,4.0,93.0
GLAS,glas008,Control_202,10,Cz,12.6663,8,4.0,93.0
GLAS,glas008,Control_202,10,CP1,14.51434,8,4.0,93.0
GLAS,glas008,Control_202,10,CP2,9.325747,8,4.0,93.0
GLAS,glas008,Control_202,10,P3,11.61822,8,4.0,93.0
GLAS,glas008,Control_202,10,P4,11.25775,8,4.0,93.0
GLAS,glas008,Control_202,10,C3,12.9061,8,4.0,93.0
GLAS,glas008,Control_202,10,C4,10.25287,8,4.0,93.0
GLAS,glas008,Control_202,10,P7,12.11148,8,4.0,93.0
GLAS,glas008,Control_202,10,P8,10.67826,8,4.0,93.0
GLAS,glas008,Control_202,10,O1,3.27054,8,4.0,93.0
GLAS,glas008,Control_202,10,O2,10.52953,8,4.0,93.0
GLAS,glas008,Violation_201,11,Pz,-13.84498,8,8.0,34.0
GLAS,glas008,Violation_201,11,Cz,-2.805261,8,8.0,34.0
GLAS,glas008,Violation_201,11,CP1,-18.86761,8,8.0,34.0
GLAS,glas008,Violation_201,11,CP2,-6.555924,8,8.0,34.0
GLAS,glas008,Violation_201,11,P3,-16.36521,8,8.0,34.0
GLAS,glas008,Violation_201,11,P4,-11.98343,8,8.0,34.0
GLAS,glas008,Violation_201,11,C3,-12.70258,8,8.0,34.0
GLAS,glas008,Violation_201,11,C4,-10.17656,8,8.0,34.0
GLAS,glas008,Violation_201,11,P7,-6.616961,8,8.0,34.0
GLAS,glas008,Violation_201,11,P8,-9.460541,8,8.0,34.0
GLAS,glas008,Violation_201,11,O1,-6.492004,8,8.0,34.0
GLAS,glas008,Violation_201,11,O2,13.43694,8,8.0,34.0
GLAS,glas008,Violation_201,12,Pz,21.0324,8,5.0,0.0
GLAS,glas008,Violation_201,12,Cz,23.10676,8,5.0,0.0
GLAS,glas008,Violation_201,12,CP1,11.04073,8,5.0,0.0
GLAS,glas008,Violation_201,12,CP2,14.21608,8,5.0,0.0
GLAS,glas008,Violation_201,12,P3,22.22968,8,5.0,0.0
GLAS,glas008,Violation_201,12,P4,18.18367,8,5.0,0.0
GLAS,glas008,Violation_201,12,C3,20.96389,8,5.0,0.0
GLAS,glas008,Violation_201,12,C4,12.97884,8,5.0,0.0
GLAS,glas008,Violation_201,12,P7,19.7162,8,5.0,0.0
GLAS,glas008,Violation_201,12,P8,13.87137,8,5.0,0.0
GLAS,glas008,Violation_201,12,O1,20.1382,8,5.0,0.0
GLAS,glas008,Violation_201,12,O2,-3.116626,8,5.0,0.0
GLAS,glas008,Violation_201,13,Pz,-5.189187,8,14.0,0.0
GLAS,glas008,Violation_201,13,Cz,-5.934248,8,14.0,0.0
GLAS,glas008,Violation_201,13,CP1,0.621774,8,14.0,0.0
GLAS,glas008,Violation_201,13,CP2,-1.75194,8,14.0,0.0
GLAS,glas008,Violation_201,13,P3,-1.206497,8,14.0,0.0
GLAS,glas008,Violation_201,13,P4,-3.158008,8,14.0,0.0
GLAS,glas008,Violation_201,13,C3,-4.132,8,14.0,0.0
GLAS,glas008,Violation_201,13,C4,-2.164981,8,14.0,0.0
GLAS,glas008,Violation_201,13,P7,-11.76368,8,14.0,0.0
GLAS,glas008,Violation_201,13,P8,-3.521423,8,14.0,0.0
GLAS,glas008,Violation_201,13,O1,-4.28728,8,14.0,0.0
GLAS,glas008,Violation_201,13,O2,2.259715,8,14.0,0.0
GLAS,glas008,Control_202,14,Pz,-5.966913,8,9.0,93.0
GLAS,glas008,Control_202,14,Cz,-9.961449,8,9.0,93.0
GLAS,glas008,Control_202,14,CP1,-5.96253,8,9.0,93.0
GLAS,glas008,Control_202,14,CP2,-0.9475451,8,9.0,93.0
GLAS,glas008,Control_202,14,P3,-4.66309,8,9.0,93.0
GLAS,glas008,Control_202,14,P4,-3.881,8,9.0,93.0
GLAS,glas008,Control_202,14,C3,-4.61886,8,9.0,93.0
GLAS,glas008,Control_202,14,C4,-5.293274,8,9.0,93.0
GLAS,glas008,Control_202,14,P7,-2.486257,8,9.0,93.0
GLAS,glas008,Control_202,14,P8,-2.073267,8,9.0,93.0
GLAS,glas008,Control_202,14,O1,-1.84224,8,9.0,93.0
GLAS,glas008,Control_202,14,O2,2.909902,8,9.0,93.0
GLAS,glas008,Violation_201,15,Pz,-0.02558125,8,15.0,0.0
GLAS,glas008,Violation_201,15,Cz,0.8448062,8,15.0,0.0
GLAS,glas008,Violation_201,15,CP1,-2.733066,8,15.0,0.0
GLAS,glas008,Violation_201,15,CP2,-2.917081,8,15.0,0.0
GLAS,glas008,Violation_201,15,P3,3.534838,8,15.0,0.0
GLAS,glas008,Violation_201,15,P4,0.7291841,8,15.0,0.0
GLAS,glas008,Violation_201,15,C3,1.147754,8,15.0,0.0
GLAS,glas008,Violation_201,15,C4,1.389052,8,15.0,0.0
GLAS,glas008,Violation_201,15,P7,-4.282701,8,15.0,0.0
GLAS,glas008,Violation_201,15,P8,0.2394104,8,15.0,0.0
GLAS,glas008,Violation_201,15,O1,-7.330576,8,15.0,0.0
GLAS,glas008,Violation_201,15,O2,9.980488,8,15.0,0.0
GLAS,glas008,Control_202,16,Pz,-1.463539,8,3.0,100.0
GLAS,glas008,Control_202,16,Cz,1.500699,8,3.0,100.0
GLAS,glas008,Control_202,16,CP1,-6.661095,8,3.0,100.0
GLAS,glas008,Control_202,16,CP2,1.998481,8,3.0,100.0
GLAS,glas008,Control_202,16,P3,-4.203527,8,3.0,100.0
GLAS,glas008,Control_202,16,P4,1.543686,8,3.0,100.0
GLAS,glas008,Control_202,16,C3,0.9213724,8,3.0,100.0
GLAS,glas008,Control_202,16,C4,-0.2412454,8,3.0,100.0
GLAS,glas008,Control_202,16,P7,-1.608235,8,3.0,100.0
GLAS,glas008,Control_202,16,P8,3.626274,8,3.0,100.0
GLAS,glas008,Control_202,16,O1,-8.280584,8,3.0,100.0
GLAS,glas008,Control_202,16,O2,12.22909,8,3.0,100.0
GLAS,glas008,Control_202,17,Pz,-12.89302,8,18.0,87.0
GLAS,glas008,Control_202,17,Cz,-12.40135,8,18.0,87.0
GLAS,glas008,Control_202,17,CP1,-16.90072,8,18.0,87.0
GLAS,glas008,Control_202,17,CP2,-8.944492,8,18.0,87.0
GLAS,glas008,Control_202,17,P3,-16.06711,8,18.0,87.0
GLAS,glas008,Control_202,17,P4,-12.52991,8,18.0,87.0
GLAS,glas008,Control_202,17,C3,-16.37518,8,18.0,87.0
GLAS,glas008,Control_202,17,C4,-12.73968,8,18.0,87.0
GLAS,glas008,Control_202,17,P7,-9.482143,8,18.0,87.0
GLAS,glas008,Control_202,17,P8,-10.92533,8,18.0,87.0
GLAS,glas008,Control_202,17,O1,-8.965363,8,18.0,87.0
GLAS,glas008,Control_202,17,O2,1.411955,8,18.0,87.0
GLAS,glas008,Violation_201,18,Pz,-4.037881,8,11.0,7.0
GLAS,glas008,Violation_201,18,Cz,-3.128659,8,11.0,7.0
GLAS,glas008,Violation_201,18,CP1,-4.556448,8,11.0,7.0
GLAS,glas008,Violation_201,18,CP2,-3.714251,8,11.0,7.0
GLAS,glas008,Violation_201,18,P3,-6.921771,8,11.0,7.0
GLAS,glas008,Violation_201,18,P4,-3.578052,8,11.0,7.0
GLAS,glas008,Violation_201,18,C3,-2.748823,8,11.0,7.0
GLAS,glas008,Violation_201,18,C4,-2.744109,8,11.0,7.0
GLAS,glas008,Violation_201,18,P7,-5.968849,8,11.0,7.0
GLAS,glas008,Violation_201,18,P8,-3.106852,8,11.0,7.0
GLAS,glas008,Violation_201,18,O1,-3.709087,8,11.0,7.0
GLAS,glas008,Violation_201,18,O2,0.4014404,8,11.0,7.0
GLAS,glas008,Violation_201,19,Pz,3.794897,8,13.0,0.0
GLAS,glas008,Violation_201,19,Cz,-6.338451,8,13.0,0.0
GLAS,glas008,Violation_201,19,CP1,1.718686,8,13.0,0.0
GLAS,glas008,Violation_201,19,CP2,3.876342,8,13.0,0.0
GLAS,glas008,Violation_201,19,P3,2.724686,8,13.0,0.0
GLAS,glas008,Violation_201,19,P4,2.257539,8,13.0,0.0
GLAS,glas008,Violation_201,19,C3,3.122931,8,13.0,0.0
GLAS,glas008,Violation_201,19,C4,0.490933,8,13.0,0.0
GLAS,glas008,Violation_201,19,P7,7.207613,8,13.0,0.0
GLAS,glas008,Violation_201,19,P8,0.7488651,8,13.0,0.0
GLAS,glas008,Violation_201,19,O1,7.321688,8,13.0,0.0
GLAS,glas008,Violation_201,19,O2,6.334793,8,13.0,0.0
GLAS,glas008,Control_202,20,Pz,-5.691902,8,20.0,90.0
GLAS,glas008,Control_202,20,Cz,-12.54734,8,20.0,90.0
GLAS,glas008,Control_202,20,CP1,-11.34461,8,20.0,90.0
GLAS,glas008,Control_202,20,CP2,-2.511418,8,20.0,90.0
GLAS,glas008,Control_202,20,P3,-2.484069,8,20.0,90.0
GLAS,glas008,Control_202,20,P4,-4.16188,8,20.0,90.0
GLAS,glas008,Control_202,20,C3,-7.798942,8,20.0,90.0
GLAS,glas008,Control_202,20,C4,-10.56572,8,20.0,90.0
GLAS,glas008,Control_202,20,P7,-0.6171309,8,20.0,90.0
GLAS,glas008,Control_202,20,P8,-3.610547,8,20.0,90.0
GLAS,glas008,Control_202,20,O1,1.710142,8,20.0,90.0
GLAS,glas008,Control_202,20,O2,6.186077,8,20.0,90.0
GLAS,glas008,Violation_201,21,Pz,8.638308,8,36.0,7.0
GLAS,glas008,Violation_201,21,Cz,-5.252357,8,36.0,7.0
GLAS,glas008,Violation_201,21,CP1,15.61063,8,36.0,7.0
GLAS,glas008,Violation_201,21,CP2,-2.152327,8,36.0,7.0
GLAS,glas008,Violation_201,21,P3,12.7061,8,36.0,7.0
GLAS,glas008,Violation_201,21,P4,-1.173357,8,36.0,7.0
GLAS,glas008,Violation_201,21,C3,0.04507222,8,36.0,7.0
GLAS,glas008,Violation_201,21,C4,-0.5639921,8,36.0,7.0
GLAS,glas008,Violation_201,21,P7,13.10445,8,36.0,7.0
GLAS,glas008,Violation_201,21,P8,-3.24022,8,36.0,7.0
GLAS,glas008,Violation_201,21,O1,8.218391,8,36.0,7.0
GLAS,glas008,Violation_201,21,O2,-7.834273,8,36.0,7.0
GLAS,glas008,Violation_201,22,Pz,13.44032,8,34.0,30.0
GLAS,glas008,Violation_201,22,Cz,15.56843,8,34.0,30.0
GLAS,glas008,Violation_201,22,CP1,0.712234,8,34.0,30.0
GLAS,glas008,Violation_201,22,CP2,9.209408,8,34.0,30.0
GLAS,glas008,Violation_201,22,P3,9.521426,8,34.0,30.0
GLAS,glas008,Violation_201,22,P4,12.63463,8,34.0,30.0
GLAS,glas008,Violation_201,22,C3,13.75776,8,34.0,30.0
GLAS,glas008,Violation_201,22,C4,7.276401,8,34.0,30.0
GLAS,glas008,Violation_201,22,P7,2.181283,8,34.0,30.0
GLAS,glas008,Violation_201,22,P8,12.6154,8,34.0,30.0
GLAS,glas008,Violation_201,22,O1,4.043612,8,34.0,30.0
GLAS,glas008,Violation_201,22,O2,-9.415627,8,34.0,30.0
GLAS,glas008,Control_202,23,Pz,6.881473,8,39.0,97.0
GLAS,glas008,Control_202,23,Cz,1.695722,8,39.0,97.0
GLAS,glas008,Control_202,23,CP1,1.60473,8,39.0,97.0
GLAS,glas008,Control_202,23,CP2,11.60344,8,39.0,97.0
GLAS,glas008,Control_202,23,P3,-0.07815221,8,39.0,97.0
GLAS,glas008,Control_202,23,P4,9.249219,8,39.0,97.0
GLAS,glas008,Control_202,23,C3,6.025496,8,39.0,97.0
GLAS,glas008,Control_202,23,C4,-4.588433,8,39.0,97.0
GLAS,glas008,Control_202,23,P7,6.586541,8,39.0,97.0
GLAS,glas008,Control_202,23,P8,9.480871,8,39.0,97.0
GLAS,glas008,Control_202,23,O1,11.06604,8,39.0,97.0
GLAS,glas008,Control_202,23,O2,13.65282,8,39.0,97.0
GLAS,glas008,Control_202,24,Pz,-18.1664,8,31.0,77.0
GLAS,glas008,Control_202,24,Cz,-13.00599,8,31.0,77.0
GLAS,glas008,Control_202,24,CP1,-15.9908,8,31.0,77.0
GLAS,glas008,Control_202,24,CP2,-12.2443,8,31.0,77.0
GLAS,glas008,Control_202,24,P3,-19.29875,8,31.0,77.0
GLAS,glas008,Control_202,24,P4,-12.57211,8,31.0,77.0
GLAS,glas008,Control_202,24,C3,-15.96605,8,31.0,77.0
GLAS,glas008,Control_202,24,C4,-15.64713,8,31.0,77.0
GLAS,glas008,Control_202,24,P7,-7.488557,8,31.0,77.0
GLAS,glas008,Control_202,24,P8,-12.69188,8,31.0,77.0
GLAS,glas008,Control_202,24,O1,-19.8134,8,31.0,77.0
GLAS,glas008,Control_202,24,O2,1.918598,8,31.0,77.0
GLAS,glas008,Control_202,25,Pz,-4.99739,8,26.0,87.0
GLAS,glas008,Control_202,25,Cz,1.288637,8,26.0,87.0
GLAS,glas008,Control_202,25,CP1,0.03440768,8,26.0,87.0
GLAS,glas008,Control_202,25,CP2,-6.181546,8,26.0,87.0
GLAS,glas008,Control_202,25,P3,-15.55481,8,26.0,87.0
GLAS,glas008,Control_202,25,P4,-7.286392,8,26.0,87.0
GLAS,glas008,Control_202,25,C3,-6.885789,8,26.0,87.0
GLAS,glas008,Control_202,25,C4,-3.915197,8,26.0,87.0
GLAS,glas008,Control_202,25,P7,-2.470278,8,26.0,87.0
GLAS,glas008,Control_202,25,P8,-8.251013,8,26.0,87.0
GLAS,glas008,Control_202,25,O1,-0.242984,8,26.0,87.0
GLAS,glas008,Control_202,25,O2,-10.4158,8,26.0,87.0
GLAS,glas008,Violation_201,26,Pz,11.11996,8,30.0,0.0
GLAS,glas008,Violation_201,26,Cz,9.043887,8,30.0,0.0
GLAS,glas008,Violation_201,26,CP1,5.618227,8,30.0,0.0
GLAS,glas008,Violation_201,26,CP2,9.468187,8,30.0,0.0
GLAS,glas008,Violation_201,26,P3,7.441428,8,30.0,0.0
GLAS,glas008,Violation_201,26,P4,7.809077,8,30.0,0.0
GLAS,glas008,Violation_201,26,C3,9.820908,8,30.0,0.0
GLAS,glas008,Violation_201,26,C4,3.815557,8,30.0,0.0
GLAS,glas008,Violation_201,26,P7,9.831268,8,30.0,0.0
GLAS,glas008,Violation_201,26,P8,8.934325,8,30.0,0.0
GLAS,glas008,Violation_201,26,O1,12.63794,8,30.0,0.0
GLAS,glas008,Violation_201,26,O2,23.88341,8,30.0,0.0
GLAS,glas008,Violation_201,27,Pz,2.819232,8,24.0,40.0
GLAS,glas008,Violation_201,27,Cz,12.8977,8,24.0,40.0
GLAS,glas008,Violation_201,27,CP1,-1.286038,8,24.0,40.0
GLAS,glas008,Violation_201,27,CP2,-0.2230166,8,24.0,40.0
GLAS,glas008,Violation_201,27,P3,1.411758,8,24.0,40.0
GLAS,glas008,Violation_201,27,P4,1.831846,8,24.0,40.0
GLAS,glas008,Violation_201,27,C3,3.76272,8,24.0,40.0
GLAS,glas008,Violation_201,27,C4,5.944473,8,24.0,40.0
GLAS,glas008,Violation_201,27,P7,-2.496742,8,24.0,40.0
GLAS,glas008,Violation_201,27,P8,0.6666095,8,24.0,40.0
GLAS,glas008,Violation_201,27,O1,-3.262428,8,24.0,40.0
GLAS,glas008,Violation_201,27,O2,-0.6003933,8,24.0,40.0
GLAS,glas008,Control_202,28,Pz,-5.701821,8,25.0,97.0
GLAS,glas008,Control_202,28,Cz,-7.247588,8,25.0,97.0
GLAS,glas008,Control_202,28,CP1,-11.73139,8,25.0,97.0
GLAS,glas008,Control_202,28,CP2,-6.901935,8,25.0,97.0
GLAS,glas008,Control_202,28,P3,-11.08216,8,25.0,97.0
GLAS,glas008,Control_202,28,P4,-5.112763,8,25.0,97.0
GLAS,glas008,Control_202,28,C3,-4.828336,8,25.0,97.0
GLAS,glas008,Control_202,28,C4,-10.63846,8,25.0,97.0
GLAS,glas008,Control_202,28,P7,-6.082576,8,25.0,97.0
GLAS,glas008,Control_202,28,P8,-4.919172,8,25.0,97.0
GLAS,glas008,Control_202,28,O1,-2.074895,8,25.0,97.0
GLAS,glas008,Control_202,28,O2,-6.382398,8,25.0,97.0
GLAS,glas008,Control_202,29,Pz,-8.852492,8,27.0,97.0
GLAS,glas008,Control_202,29,Cz,-4.975601,8,27.0,97.0
GLAS,glas008,Control_202,29,CP1,-4.812769,8,27.0,97.0
GLAS,glas008,Control_202,29,CP2,-2.744142,8,27.0,97.0
GLAS,glas008,Control_202,29,P3,-12.27698,8,27.0,97.0
GLAS,glas008,Control_202,29,P4,-5.141146,8,27.0,97.0
GLAS,glas008,Control_202,29,C3,-5.800173,8,27.0,97.0
GLAS,glas008,Control_202,29,C4,-10.66264,8,27.0,97.0
GLAS,glas008,Control_202,29,P7,-5.117957,8,27.0,97.0
GLAS,glas008,Control_202,29,P8,-3.494698,8,27.0,97.0
GLAS,glas008,Control_202,29,O1,-4.719397,8,27.0,97.0
GLAS,glas008,Control_202,29,O2,4.499381,8,27.0,97.0
GLAS,glas008,Control_202,30,Pz,-11.38451,8,22.0,53.0
GLAS,glas008,Control_202,30,Cz,1.660773,8,22.0,53.0
GLAS,glas008,Control_202,30,CP1,-9.062619,8,22.0,53.0
GLAS,glas008,Control_202,30,CP2,-1.403819,8,22.0,53.0
GLAS,glas008,Control_202,30,P3,6.310289,8,22.0,53.0
GLAS,glas008,Control_202,30,P4,-4.035338,8,22.0,53.0
GLAS,glas008,Control_202,30,C3,-8.628959,8,22.0,53.0
GLAS,glas008,Control_202,30,C4,-1.775284,8,22.0,53.0
GLAS,glas008,Control_202,30,P7,-1.571633,8,22.0,53.0
GLAS,glas008,Control_202,30,P8,-1.372834,8,22.0,53.0
GLAS,glas008,Control_202,30,O1,-5.69953,8,22.0,53.0
GLAS,glas008,Control_202,30,O2,4.996742,8,22.0,53.0
GLAS,glas008,Violation_201,31,Pz,-0.6637698,8,23.0,3.0
GLAS,glas008,Violation_201,31,Cz,-4.934735,8,23.0,3.0
GLAS,glas008,Violation_201,31,CP1,-4.357112,8,23.0,3.0
GLAS,glas008,Violation_201,31,CP2,-2.83945,8,23.0,3.0
GLAS,glas008,Violation_201,31,P3,1.276488,8,23.0,3.0
GLAS,glas008,Violation_201,31,P4,-1.321323,8,23.0,3.0
GLAS,glas008,Violation_201,31,C3,-4.208644,8,23.0,3.0
GLAS,glas008,Violation_201,31,C4,1.093988,8,23.0,3.0
GLAS,glas008,Violation_201,31,P7,3.300432,8,23.0,3.0
GLAS,glas008,Violation_201,31,P8,-3.195792,8,23.0,3.0
GLAS,glas008,Violation_201,31,O1,-3.174002,8,23.0,3.0
GLAS,glas008,Violation_201,31,O2,-8.57356,8,23.0,3.0
GLAS,glas008,Violation_201,32,Pz,-2.739372,8,32.0,3.0
GLAS,glas008,Violation_201,32,Cz,6.738696,8,32.0,3.0
GLAS,glas008,Violation_201,32,CP1,-3.509963,8,32.0,3.0
GLAS,glas008,Violation_201,32,CP2,-4.206159,8,32.0,3.0
GLAS,glas008,Violation_201,32,P3,-1.764073,8,32.0,3.0
GLAS,glas008,Violation_201,32,P4,-5.326962,8,32.0,3.0
GLAS,glas008,Violation_201,32,C3,-4.140821,8,32.0,3.0
GLAS,glas008,Violation_201,32,C4,3.605776,8,32.0,3.0
GLAS,glas008,Violation_201,32,P7,-3.198891,8,32.0,3.0
GLAS,glas008,Violation_201,32,P8,-5.001587,8,32.0,3.0
GLAS,glas008,Violation_201,32,O1,-7.710353,8,32.0,3.0
GLAS,glas008,Violation_201,32,O2,7.686144,8,32.0,3.0
GLAS,glas008,Control_202,33,Pz,5.941318,8,33.0,53.0
GLAS,glas008,Control_202,33,Cz,0.02093769,8,33.0,53.0
GLAS,glas008,Control_202,33,CP1,12.13317,8,33.0,53.0
GLAS,glas008,Control_202,33,CP2,2.861511,8,33.0,53.0
GLAS,glas008,Control_202,33,P3,7.216176,8,33.0,53.0
GLAS,glas008,Control_202,33,P4,1.89773,8,33.0,53.0
GLAS,glas008,Control_202,33,C3,3.298966,8,33.0,53.0
GLAS,glas008,Control_202,33,C4,-0.3878873,8,33.0,53.0
GLAS,glas008,Control_202,33,P7,2.372523,8,33.0,53.0
GLAS,glas008,Control_202,33,P8,0.9867046,8,33.0,53.0
GLAS,glas008,Control_202,33,O1,-8.107761,8,33.0,53.0
GLAS,glas008,Control_202,33,O2,24.79199,8,33.0,53.0
GLAS,glas008,Control_202,34,Pz,-10.82674,8,28.0,27.0
GLAS,glas008,Control_202,34,Cz,-5.049562,8,28.0,27.0
GLAS,glas008,Control_202,34,CP1,-4.330564,8,28.0,27.0
GLAS,glas008,Control_202,34,CP2,-7.265103,8,28.0,27.0
GLAS,glas008,Control_202,34,P3,-7.383392,8,28.0,27.0
GLAS,glas008,Control_202,34,P4,-7.486784,8,28.0,27.0
GLAS,glas008,Control_202,34,C3,-9.036708,8,28.0,27.0
GLAS,glas008,Control_202,34,C4,-2.577623,8,28.0,27.0
GLAS,glas008,Control_202,34,P7,-14.7202,8,28.0,27.0
GLAS,glas008,Control_202,34,P8,-7.109904,8,28.0,27.0
GLAS,glas008,Control_202,34,O1,-1.008719,8,28.0,27.0
GLAS,glas008,Control_202,34,O2,-0.5368093,8,28.0,27.0
GLAS,glas008,Violation_201,35,Pz,21.5012,8,21.0,3.0
GLAS,glas008,Violation_201,35,Cz,8.710991,8,21.0,3.0
GLAS,glas008,Violation_201,35,CP1,14.12015,8,21.0,3.0
GLAS,glas008,Violation_201,35,CP2,17.84181,8,21.0,3.0
GLAS,glas008,Violation_201,35,P3,18.77413,8,21.0,3.0
GLAS,glas008,Violation_201,35,P4,18.62841,8,21.0,3.0
GLAS,glas008,Violation_201,35,C3,16.52699,8,21.0,3.0
GLAS,glas008,Violation_201,35,C4,17.0832,8,21.0,3.0
GLAS,glas008,Violation_201,35,P7,13.85885,8,21.0,3.0
GLAS,glas008,Violation_201,35,P8,16.02798,8,21.0,3.0
GLAS,glas008,Violation_201,35,O1,12.77166,8,21.0,3.0
GLAS,glas008,Violation_201,35,O2,5.566449,8,21.0,3.0
GLAS,glas008,Control_202,36,Pz,7.968711,8,29.0,90.0
GLAS,glas008,Control_202,36,Cz,1.370338,8,29.0,90.0
GLAS,glas008,Control_202,36,CP1,6.922779,8,29.0,90.0
GLAS,glas008,Control_202,36,CP2,6.566106,8,29.0,90.0
GLAS,glas008,Control_202,36,P3,12.08122,8,29.0,90.0
GLAS,glas008,Control_202,36,P4,8.386509,8,29.0,90.0
GLAS,glas008,Control_202,36,C3,9.651012,8,29.0,90.0
GLAS,glas008,Control_202,36,C4,10.79499,8,29.0,90.0
GLAS,glas008,Control_202,36,P7,6.553247,8,29.0,90.0
GLAS,glas008,Control_202,36,P8,6.737252,8,29.0,90.0
GLAS,glas008,Control_202,36,O1,9.81719,8,29.0,90.0
GLAS,glas008,Control_202,36,O2,4.915072,8,29.0,90.0
GLAS,glas008,Control_202,37,Pz,5.67514,8,38.0,93.0
GLAS,glas008,Control_202,37,Cz,2.506435,8,38.0,93.0
GLAS,glas008,Control_202,37,CP1,1.57709,8,38.0,93.0
GLAS,glas008,Control_202,37,CP2,6.719729,8,38.0,93.0
GLAS,glas008,Control_202,37,P3,7.522879,8,38.0,93.0
GLAS,glas008,Control_202,37,P4,5.053479,8,38.0,93.0
GLAS,glas008,Control_202,37,C3,2.711639,8,38.0,93.0
GLAS,glas008,Control_202,37,C4,-6.53901,8,38.0,93.0
GLAS,glas008,Control_202,37,P7,6.197409,8,38.0,93.0
GLAS,glas008,Control_202,37,P8,5.513673,8,38.0,93.0
GLAS,glas008,Control_202,37,O1,6.015655,8,38.0,93.0
GLAS,glas008,Control_202,37,O2,-0.8504779,8,38.0,93.0
GLAS,glas008,Violation_201,38,Pz,9.684343,8,37.0,0.0
GLAS,glas008,Violation_201,38,Cz,6.309158,8,37.0,0.0
GLAS,glas008,Violation_201,38,CP1,14.18931,8,37.0,0.0
GLAS,glas008,Violation_201,38,CP2,0.05541927,8,37.0,0.0
GLAS,glas008,Violation_201,38,P3,3.101228,8,37.0,0.0
GLAS,glas008,Violation_201,38,P4,5.503204,8,37.0,0.0
GLAS,glas008,Violation_201,38,C3,9.332995,8,37.0,0.0
GLAS,glas008,Violation_201,38,C4,-12.08331,8,37.0,0.0
GLAS,glas008,Violation_201,38,P7,6.384871,8,37.0,0.0
GLAS,glas008,Violation_201,38,P8,4.354755,8,37.0,0.0
GLAS,glas008,Violation_201,38,O1,-2.012088,8,37.0,0.0
GLAS,glas008,Violation_201,38,O2,3.84519,8,37.0,0.0
GLAS,glas008,Violation_201,39,Pz,7.105322,8,35.0,0.0
GLAS,glas008,Violation_201,39,Cz,3.187396,8,35.0,0.0
GLAS,glas008,Violation_201,39,CP1,-2.270965,8,35.0,0.0
GLAS,glas008,Violation_201,39,CP2,8.380731,8,35.0,0.0
GLAS,glas008,Violation_201,39,P3,3.987672,8,35.0,0.0
GLAS,glas008,Violation_201,39,P4,6.918627,8,35.0,0.0
GLAS,glas008,Violation_201,39,C3,4.993008,8,35.0,0.0
GLAS,glas008,Violation_201,39,C4,0.7267247,8,35.0,0.0
GLAS,glas008,Violation_201,39,P7,2.934176,8,35.0,0.0
GLAS,glas008,Violation_201,39,P8,6.471898,8,35.0,0.0
GLAS,glas008,Violation_201,39,O1,5.190804,8,35.0,0.0
GLAS,glas008,Violation_201,39,O2,7.989224,8,35.0,0.0
GLAS,glas009,Control_202,1,Pz,36.82871,9,3.0,100.0
GLAS,glas009,Control_202,1,Cz,30.75917,9,3.0,100.0
GLAS,glas009,Control_202,1,CP1,36.93585,9,3.0,100.0
GLAS,glas009,Control_202,1,CP2,19.34963,9,3.0,100.0
GLAS,glas009,Control_202,1,P3,44.54522,9,3.0,100.0
GLAS,glas009,Control_202,1,P4,33.34505,9,3.0,100.0
GLAS,glas009,Control_202,1,C3,34.83659,9,3.0,100.0
GLAS,glas009,Control_202,1,C4,34.16833,9,3.0,100.0
GLAS,glas009,Control_202,1,P7,34.89513,9,3.0,100.0
GLAS,glas009,Control_202,1,P8,32.33154,9,3.0,100.0
GLAS,glas009,Control_202,1,O1,36.05154,9,3.0,100.0
GLAS,glas009,Control_202,1,O2,20.56219,9,3.0,100.0
GLAS,glas009,Control_202,2,Pz,-13.68039,9,11.0,87.0
GLAS,glas009,Control_202,2,Cz,-6.23253,9,11.0,87.0
GLAS,glas009,Control_202,2,CP1,-9.66773,9,11.0,87.0
GLAS,glas009,Control_202,2,CP2,-2.799215,9,11.0,87.0
GLAS,glas009,Control_202,2,P3,-9.15146,9,11.0,87.0
GLAS,glas009,Control_202,2,P4,-7.015465,9,11.0,87.0
GLAS,glas009,Control_202,2,C3,-9.473166,9,11.0,87.0
GLAS,glas009,Control_202,2,C4,-7.679444,9,11.0,87.0
GLAS,glas009,Control_202,2,P7,-14.859,9,11.0,87.0
GLAS,glas009,Control_202,2,P8,-6.420665,9,11.0,87.0
GLAS,glas009,Control_202,2,O1,-10.64647,9,11.0,87.0
GLAS,glas009,Control_202,2,O2,-18.45891,9,11.0,87.0
GLAS,glas009,Violation_201,3,Pz,5.523896,9,18.0,0.0
GLAS,glas009,Violation_201,3,Cz,0.5516937,9,18.0,0.0
GLAS,glas009,Violation_201,3,CP1,-1.537962,9,18.0,0.0
GLAS,glas009,Violation_201,3,CP2,5.660988,9,18.0,0.0
GLAS,glas009,Violation_201,3,P3,13.70943,9,18.0,0.0
GLAS,glas009,Violation_201,3,P4,0.8474399,9,18.0,0.0
GLAS,glas009,Violation_201,3,C3,4.197852,9,18.0,0.0
GLAS,glas009,Violation_201,3,C4,2.898803,9,18.0,0.0
GLAS,glas009,Violation_201,3,P7,3.556609,9,18.0,0.0
GLAS,glas009,Violation_201,3,P8,-0.3768963,9,18.0,0.0
GLAS,glas009,Violation_201,3,O1,1.592829,9,18.0,0.0
GLAS,glas009,Violation_201,3,O2,-19.04377,9,18.0,0.0
GLAS,glas009,Violation_201,4,Pz,27.75323,9,19.0,0.0
GLAS,glas009,Violation_201,4,Cz,31.9818,9,19.0,0.0
GLAS,glas009,Violation_201,4,CP1,26.76402,9,19.0,0.0
GLAS,glas009,Violation_201,4,CP2,34.36176,9,19.0,0.0
GLAS,glas009,Violation_201,4,P3,35.19538,9,19.0,0.0
GLAS,glas009,Violation_201,4,P4,27.67612,9,19.0,0.0
GLAS,glas009,Violation_201,4,C3,27.78341,9,19.0,0.0
GLAS,glas009,Violation_201,4,C4,28.58597,9,19.0,0.0
GLAS,glas009,Violation_201,4,P7,24.7058,9,19.0,0.0
GLAS,glas009,Violation_201,4,P8,29.62209,9,19.0,0.0
GLAS,glas009,Violation_201,4,O1,26.12673,9,19.0,0.0
GLAS,glas009,Violation_201,4,O2,25.50827,9,19.0,0.0
GLAS,glas009,Violation_201,5,Pz,-41.96377,9,6.0,0.0
GLAS,glas009,Violation_201,5,Cz,-42.27093,9,6.0,0.0
GLAS,glas009,Violation_201,5,CP1,-42.33639,9,6.0,0.0
GLAS,glas009,Violation_201,5,CP2,-44.97754,9,6.0,0.0
GLAS,glas009,Violation_201,5,P3,-56.24582,9,6.0,0.0
GLAS,glas009,Violation_201,5,P4,-44.02303,9,6.0,0.0
GLAS,glas009,Violation_201,5,C3,-41.07402,9,6.0,0.0
GLAS,glas009,Violation_201,5,C4,-42.9243,9,6.0,0.0
GLAS,glas009,Violation_201,5,P7,-39.54163,9,6.0,0.0
GLAS,glas009,Violation_201,5,P8,-46.85737,9,6.0,0.0
GLAS,glas009,Violation_201,5,O1,-40.75903,9,6.0,0.0
GLAS,glas009,Violation_201,5,O2,-53.56284,9,6.0,0.0
GLAS,glas009,Control_202,6,Pz,-26.38537,9,5.0,93.0
GLAS,glas009,Control_202,6,Cz,-16.8684,9,5.0,93.0
GLAS,glas009,Control_202,6,CP1,-24.95718,9,5.0,93.0
GLAS,glas009,Control_202,6,CP2,-22.11135,9,5.0,93.0
GLAS,glas009,Control_202,6,P3,-5.093723,9,5.0,93.0
GLAS,glas009,Control_202,6,P4,-22.39195,9,5.0,93.0
GLAS,glas009,Control_202,6,C3,-22.57757,9,5.0,93.0
GLAS,glas009,Control_202,6,C4,-22.34365,9,5.0,93.0
GLAS,glas009,Control_202,6,P7,-26.8535,9,5.0,93.0
GLAS,glas009,Control_202,6,P8,-21.78831,9,5.0,93.0
GLAS,glas009,Control_202,6,O1,-28.99104,9,5.0,93.0
GLAS,glas009,Control_202,6,O2,-14.1806,9,5.0,93.0
GLAS,glas009,Control_202,7,Pz,-15.40245,9,10.0,80.0
GLAS,glas009,Control_202,7,Cz,-6.31668,9,10.0,80.0
GLAS,glas009,Control_202,7,CP1,-15.79444,9,10.0,80.0
GLAS,glas009,Control_202,7,CP2,-15.7093,9,10.0,80.0
GLAS,glas009,Control_202,7,P3,-0.36406,9,10.0,80.0
GLAS,glas009,Control_202,7,P4,-15.02222,9,10.0,80.0
GLAS,glas009,Control_202,7,C3,-12.75243,9,10.0,80.0
GLAS,glas009,Control_202,7,C4,-13.22915,9,10.0,80.0
GLAS,glas009,Control_202,7,P7,-14.93046,9,10.0,80.0
GLAS,glas009,Control_202,7,P8,-11.46295,9,10.0,80.0
GLAS,glas009,Control_202,7,O1,-12.36524,9,10.0,80.0
GLAS,glas009,Control_202,7,O2,-3.086537,9,10.0,80.0
GLAS,glas009,Violation_201,8,Pz,-2.258697,9,16.0,0.0
GLAS,glas009,Violation_201,8,Cz,3.578368,9,16.0,0.0
GLAS,glas009,Violation_201,8,CP1,-2.967597,9,16.0,0.0
GLAS,glas009,Violation_201,8,CP2,-1.376354,9,16.0,0.0
GLAS,glas009,Violation_201,8,P3,25.69376,9,16.0,0.0
GLAS,glas009,Violation_201,8,P4,1.499388,9,16.0,0.0
GLAS,glas009,Violation_201,8,C3,1.107389,9,16.0,0.0
GLAS,glas009,Violation_201,8,C4,1.660454,9,16.0,0.0
GLAS,glas009,Violation_201,8,P7,-4.020371,9,16.0,0.0
GLAS,glas009,Violation_201,8,P8,-0.02186424,9,16.0,0.0
GLAS,glas009,Violation_201,8,O1,-2.218887,9,16.0,0.0
GLAS,glas009,Violation_201,8,O2,22.72963,9,16.0,0.0
GLAS,glas009,Violation_201,9,Pz,4.715286,9,20.0,0.0
GLAS,glas009,Violation_201,9,Cz,7.780765,9,20.0,0.0
GLAS,glas009,Violation_201,9,CP1,0.1379244,9,20.0,0.0
GLAS,glas009,Violation_201,9,CP2,7.706124,9,20.0,0.0
GLAS,glas009,Violation_201,9,P3,14.12022,9,20.0,0.0
GLAS,glas009,Violation_201,9,P4,4.144612,9,20.0,0.0
GLAS,glas009,Violation_201,9,C3,7.29551,9,20.0,0.0
GLAS,glas009,Violation_201,9,C4,6.601306,9,20.0,0.0
GLAS,glas009,Violation_201,9,P7,0.1555763,9,20.0,0.0
GLAS,glas009,Violation_201,9,P8,3.878976,9,20.0,0.0
GLAS,glas009,Violation_201,9,O1,1.07261,9,20.0,0.0
GLAS,glas009,Violation_201,9,O2,-3.241239,9,20.0,0.0
GLAS,glas009,Violation_201,10,Pz,4.291072,9,8.0,34.0
GLAS,glas009,Violation_201,10,Cz,-3.404461,9,8.0,34.0
GLAS,glas009,Violation_201,10,CP1,1.859724,9,8.0,34.0
GLAS,glas009,Violation_201,10,CP2,-9.569865,9,8.0,34.0
GLAS,glas009,Violation_201,10,P3,-2.64278,9,8.0,34.0
GLAS,glas009,Violation_201,10,P4,0.7389319,9,8.0,34.0
GLAS,glas009,Violation_201,10,C3,1.7444,9,8.0,34.0
GLAS,glas009,Violation_201,10,C4,1.238832,9,8.0,34.0
GLAS,glas009,Violation_201,10,P7,0.2105431,9,8.0,34.0
GLAS,glas009,Violation_201,10,P8,-2.387766,9,8.0,34.0
GLAS,glas009,Violation_201,10,O1,-2.976798,9,8.0,34.0
GLAS,glas009,Violation_201,10,O2,-6.672544,9,8.0,34.0
GLAS,glas009,Control_202,11,Pz,-13.31343,9,7.0,80.0
GLAS,glas009,Control_202,11,Cz,-15.87605,9,7.0,80.0
GLAS,glas009,Control_202,11,CP1,-12.36829,9,7.0,80.0
GLAS,glas009,Control_202,11,CP2,-1.697072,9,7.0,80.0
GLAS,glas009,Control_202,11,P3,-28.20646,9,7.0,80.0
GLAS,glas009,Control_202,11,P4,-10.14353,9,7.0,80.0
GLAS,glas009,Control_202,11,C3,-13.4441,9,7.0,80.0
GLAS,glas009,Control_202,11,C4,-13.32777,9,7.0,80.0
GLAS,glas009,Control_202,11,P7,-10.57223,9,7.0,80.0
GLAS,glas009,Control_202,11,P8,-10.03737,9,7.0,80.0
GLAS,glas009,Control_202,11,O1,-14.36916,9,7.0,80.0
GLAS,glas009,Control_202,11,O2,-5.626019,9,7.0,80.0
GLAS,glas009,Control_202,12,Pz,-15.07047,9,15.0,90.0
GLAS,glas009,Control_202,12,Cz,-23.24446,9,15.0,90.0
GLAS,glas009,Control_202,12,CP1,-16.51546,9,15.0,90.0
GLAS,glas009,Control_202,12,CP2,-2.99497,9,15.0,90.0
GLAS,glas009,Control_202,12,P3,-1.219248,9,15.0,90.0
GLAS,glas009,Control_202,12,P4,-13.01643,9,15.0,90.0
GLAS,glas009,Control_202,12,C3,-17.77115,9,15.0,90.0
GLAS,glas009,Control_202,12,C4,-16.78356,9,15.0,90.0
GLAS,glas009,Control_202,12,P7,-12.40837,9,15.0,90.0
GLAS,glas009,Control_202,12,P8,-17.43739,9,15.0,90.0
GLAS,glas009,Control_202,12,O1,-12.67534,9,15.0,90.0
GLAS,glas009,Control_202,12,O2,-15.81136,9,15.0,90.0
GLAS,glas009,Control_202,13,Pz,23.36635,9,13.0,97.0
GLAS,glas009,Control_202,13,Cz,16.5616,9,13.0,97.0
GLAS,glas009,Control_202,13,CP1,24.03341,9,13.0,97.0
GLAS,glas009,Control_202,13,CP2,23.34816,9,13.0,97.0
GLAS,glas009,Control_202,13,P3,10.48829,9,13.0,97.0
GLAS,glas009,Control_202,13,P4,21.23781,9,13.0,97.0
GLAS,glas009,Control_202,13,C3,21.91594,9,13.0,97.0
GLAS,glas009,Control_202,13,C4,19.84268,9,13.0,97.0
GLAS,glas009,Control_202,13,P7,27.25927,9,13.0,97.0
GLAS,glas009,Control_202,13,P8,16.32414,9,13.0,97.0
GLAS,glas009,Control_202,13,O1,24.56583,9,13.0,97.0
GLAS,glas009,Control_202,13,O2,23.2916,9,13.0,97.0
GLAS,glas009,Violation_201,14,Pz,11.23152,9,9.0,3.0
GLAS,glas009,Violation_201,14,Cz,16.76938,9,9.0,3.0
GLAS,glas009,Violation_201,14,CP1,14.02991,9,9.0,3.0
GLAS,glas009,Violation_201,14,CP2,4.491268,9,9.0,3.0
GLAS,glas009,Violation_201,14,P3,23.09432,9,9.0,3.0
GLAS,glas009,Violation_201,14,P4,14.33443,9,9.0,3.0
GLAS,glas009,Violation_201,14,C3,12.10012,9,9.0,3.0
GLAS,glas009,Violation_201,14,C4,14.13255,9,9.0,3.0
GLAS,glas009,Violation_201,14,P7,14.47512,9,9.0,3.0
GLAS,glas009,Violation_201,14,P8,14.54586,9,9.0,3.0
GLAS,glas009,Violation_201,14,O1,12.03677,9,9.0,3.0
GLAS,glas009,Violation_201,14,O2,5.26434,9,9.0,3.0
GLAS,glas009,Control_202,15,Pz,-20.66592,9,12.0,100.0
GLAS,glas009,Control_202,15,Cz,-14.59127,9,12.0,100.0
GLAS,glas009,Control_202,15,CP1,-13.60921,9,12.0,100.0
GLAS,glas009,Control_202,15,CP2,-20.42163,9,12.0,100.0
GLAS,glas009,Control_202,15,P3,-22.6139,9,12.0,100.0
GLAS,glas009,Control_202,15,P4,-19.62214,9,12.0,100.0
GLAS,glas009,Control_202,15,C3,-21.03569,9,12.0,100.0
GLAS,glas009,Control_202,15,C4,-19.34789,9,12.0,100.0
GLAS,glas009,Control_202,15,P7,-21.11862,9,12.0,100.0
GLAS,glas009,Control_202,15,P8,-14.44804,9,12.0,100.0
GLAS,glas009,Control_202,15,O1,-18.76004,9,12.0,100.0
GLAS,glas009,Control_202,15,O2,-23.08126,9,12.0,100.0
GLAS,glas009,Violation_201,16,Pz,4.326523,9,1.0,0.0
GLAS,glas009,Violation_201,16,Cz,-0.5437982,9,1.0,0.0
GLAS,glas009,Violation_201,16,CP1,9.045142,9,1.0,0.0
GLAS,glas009,Violation_201,16,CP2,1.373073,9,1.0,0.0
GLAS,glas009,Violation_201,16,P3,-4.41791,9,1.0,0.0
GLAS,glas009,Violation_201,16,P4,-2.562193,9,1.0,0.0
GLAS,glas009,Violation_201,16,C3,3.346952,9,1.0,0.0
GLAS,glas009,Violation_201,16,C4,-0.2270771,9,1.0,0.0
GLAS,glas009,Violation_201,16,P7,1.165531,9,1.0,0.0
GLAS,glas009,Violation_201,16,P8,-5.11695,9,1.0,0.0
GLAS,glas009,Violation_201,16,O1,0.7853678,9,1.0,0.0
GLAS,glas009,Violation_201,16,O2,8.696775,9,1.0,0.0
GLAS,glas009,Control_202,17,Pz,7.088416,9,4.0,93.0
GLAS,glas009,Control_202,17,Cz,0.9603853,9,4.0,93.0
GLAS,glas009,Control_202,17,CP1,13.76787,9,4.0,93.0
GLAS,glas009,Control_202,17,CP2,0.9784031,9,4.0,93.0
GLAS,glas009,Control_202,17,P3,9.401451,9,4.0,93.0
GLAS,glas009,Control_202,17,P4,3.953859,9,4.0,93.0
GLAS,glas009,Control_202,17,C3,4.120508,9,4.0,93.0
GLAS,glas009,Control_202,17,C4,4.308038,9,4.0,93.0
GLAS,glas009,Control_202,17,P7,10.10525,9,4.0,93.0
GLAS,glas009,Control_202,17,P8,1.718373,9,4.0,93.0
GLAS,glas009,Control_202,17,O1,11.28407,9,4.0,93.0
GLAS,glas009,Control_202,17,O2,25.27686,9,4.0,93.0
GLAS,glas009,Control_202,18,Pz,5.764662,9,14.0,90.0
GLAS,glas009,Control_202,18,Cz,-2.298271,9,14.0,90.0
GLAS,glas009,Control_202,18,CP1,1.605974,9,14.0,90.0
GLAS,glas009,Control_202,18,CP2,-11.91421,9,14.0,90.0
GLAS,glas009,Control_202,18,P3,14.70796,9,14.0,90.0
GLAS,glas009,Control_202,18,P4,-0.1179728,9,14.0,90.0
GLAS,glas009,Control_202,18,C3,3.157231,9,14.0,90.0
GLAS,glas009,Control_202,18,C4,1.920343,9,14.0,90.0
GLAS,glas009,Control_202,18,P7,4.713635,9,14.0,90.0
GLAS,glas009,Control_202,18,P8,-0.2699113,9,14.0,90.0
GLAS,glas009,Control_202,18,O1,-0.6752223,9,14.0,90.0
GLAS,glas009,Control_202,18,O2,-10.13958,9,14.0,90.0
GLAS,glas009,Violation_201,19,Pz,-33.0306,9,2.0,3.0
GLAS,glas009,Violation_201,19,Cz,-27.25003,9,2.0,3.0
GLAS,glas009,Violation_201,19,CP1,-34.92393,9,2.0,3.0
GLAS,glas009,Violation_201,19,CP2,-27.38749,9,2.0,3.0
GLAS,glas009,Violation_201,19,P3,-59.25844,9,2.0,3.0
GLAS,glas009,Violation_201,19,P4,-28.84564,9,2.0,3.0
GLAS,glas009,Violation_201,19,C3,-30.21722,9,2.0,3.0
GLAS,glas009,Violation_201,19,C4,-29.16501,9,2.0,3.0
GLAS,glas009,Violation_201,19,P7,-30.91891,9,2.0,3.0
GLAS,glas009,Violation_201,19,P8,-27.25271,9,2.0,3.0
GLAS,glas009,Violation_201,19,O1,-24.68472,9,2.0,3.0
GLAS,glas009,Violation_201,19,O2,-19.42131,9,2.0,3.0
GLAS,glas009,Violation_201,20,Pz,-21.33795,9,17.0,0.0
GLAS,glas009,Violation_201,20,Cz,-29.79634,9,17.0,0.0
GLAS,glas009,Violation_201,20,CP1,-16.4531,9,17.0,0.0
GLAS,glas009,Violation_201,20,CP2,-34.64127,9,17.0,0.0
GLAS,glas009,Violation_201,20,P3,13.67879,9,17.0,0.0
GLAS,glas009,Violation_201,20,P4,-29.05043,9,17.0,0.0
GLAS,glas009,Violation_201,20,C3,-24.46805,9,17.0,0.0
GLAS,glas009,Violation_201,20,C4,-26.81627,9,17.0,0.0
GLAS,glas009,Violation_201,20,P7,-20.60746,9,17.0,0.0
GLAS,glas009,Violation_201,20,P8,-29.93108,9,17.0,0.0
GLAS,glas009,Violation_201,20,O1,-21.07944,9,17.0,0.0
GLAS,glas009,Violation_201,20,O2,-37.50539,9,17.0,0.0
GLAS,glas009,Control_202,21,Pz,-7.205288,9,40.0,93.0
GLAS,glas009,Control_202,21,Cz,-5.713931,9,40.0,93.0
GLAS,glas009,Control_202,21,CP1,-3.779561,9,40.0,93.0
GLAS,glas009,Control_202,21,CP2,-9.850373,9,40.0,93.0
GLAS,glas009,Control_202,21,P3,-33.53139,9,40.0,93.0
GLAS,glas009,Control_202,21,P4,-7.280724,9,40.0,93.0
GLAS,glas009,Control_202,21,C3,-7.639496,9,40.0,93.0
GLAS,glas009,Control_202,21,C4,-7.730976,9,40.0,93.0
GLAS,glas009,Control_202,21,P7,-7.636564,9,40.0,93.0
GLAS,glas009,Control_202,21,P8,-6.154951,9,40.0,93.0
GLAS,glas009,Control_202,21,O1,-9.981512,9,40.0,93.0
GLAS,glas009,Control_202,21,O2,27.22821,9,40.0,93.0
GLAS,glas009,Control_202,22,Pz,23.95895,9,35.0,97.0
GLAS,glas009,Control_202,22,Cz,28.42108,9,35.0,97.0
GLAS,glas009,Control_202,22,CP1,30.5093,9,35.0,97.0
GLAS,glas009,Control_202,22,CP2,18.76452,9,35.0,97.0
GLAS,glas009,Control_202,22,P3,61.17627,9,35.0,97.0
GLAS,glas009,Control_202,22,P4,23.85398,9,35.0,97.0
GLAS,glas009,Control_202,22,C3,25.59772,9,35.0,97.0
GLAS,glas009,Control_202,22,C4,25.30903,9,35.0,97.0
GLAS,glas009,Control_202,22,P7,27.91862,9,35.0,97.0
GLAS,glas009,Control_202,22,P8,27.56063,9,35.0,97.0
GLAS,glas009,Control_202,22,O1,31.90899,9,35.0,97.0
GLAS,glas009,Control_202,22,O2,35.86832,9,35.0,97.0
GLAS,glas009,Control_202,23,Pz,-2.749068,9,33.0,53.0
GLAS,glas009,Control_202,23,Cz,0.820913,9,33.0,53.0
GLAS,glas009,Control_202,23,CP1,-0.9714782,9,33.0,53.0
GLAS,glas009,Control_202,23,CP2,-2.929918,9,33.0,53.0
GLAS,glas009,Control_202,23,P3,30.47464,9,33.0,53.0
GLAS,glas009,Control_202,23,P4,-1.663704,9,33.0,53.0
GLAS,glas009,Control_202,23,C3,0.1165231,9,33.0,53.0
GLAS,glas009,Control_202,23,C4,0.5114854,9,33.0,53.0
GLAS,glas009,Control_202,23,P7,-2.907227,9,33.0,53.0
GLAS,glas009,Control_202,23,P8,-1.926486,9,33.0,53.0
GLAS,glas009,Control_202,23,O1,-6.830994,9,33.0,53.0
GLAS,glas009,Control_202,23,O2,-12.2291,9,33.0,53.0
GLAS,glas009,Control_202,24,Pz,-30.29674,9,38.0,93.0
GLAS,glas009,Control_202,24,Cz,-25.09818,9,38.0,93.0
GLAS,glas009,Control_202,24,CP1,-35.50912,9,38.0,93.0
GLAS,glas009,Control_202,24,CP2,-26.83731,9,38.0,93.0
GLAS,glas009,Control_202,24,P3,-52.66177,9,38.0,93.0
GLAS,glas009,Control_202,24,P4,-25.04933,9,38.0,93.0
GLAS,glas009,Control_202,24,C3,-25.02218,9,38.0,93.0
GLAS,glas009,Control_202,24,C4,-25.21184,9,38.0,93.0
GLAS,glas009,Control_202,24,P7,-31.64027,9,38.0,93.0
GLAS,glas009,Control_202,24,P8,-23.32647,9,38.0,93.0
GLAS,glas009,Control_202,24,O1,-29.1525,9,38.0,93.0
GLAS,glas009,Control_202,24,O2,-62.05974,9,38.0,93.0
GLAS,glas009,Violation_201,25,Pz,5.024929,9,30.0,0.0
GLAS,glas009,Violation_201,25,Cz,-4.480233,9,30.0,0.0
GLAS,glas009,Violation_201,25,CP1,-1.158341,9,30.0,0.0
GLAS,glas009,Violation_201,25,CP2,1.54731,9,30.0,0.0
GLAS,glas009,Violation_201,25,P3,-10.62488,9,30.0,0.0
GLAS,glas009,Violation_201,25,P4,-3.830773,9,30.0,0.0
GLAS,glas009,Violation_201,25,C3,-0.0924172,9,30.0,0.0
GLAS,glas009,Violation_201,25,C4,-2.224878,9,30.0,0.0
GLAS,glas009,Violation_201,25,P7,2.718066,9,30.0,0.0
GLAS,glas009,Violation_201,25,P8,-6.786678,9,30.0,0.0
GLAS,glas009,Violation_201,25,O1,2.976887,9,30.0,0.0
GLAS,glas009,Violation_201,25,O2,3.490571,9,30.0,0.0
GLAS,glas009,Violation_201,26,Pz,-10.45476,9,26.0,0.0
GLAS,glas009,Violation_201,26,Cz,-16.19281,9,26.0,0.0
GLAS,glas009,Violation_201,26,CP1,-14.50858,9,26.0,0.0
GLAS,glas009,Violation_201,26,CP2,-3.642974,9,26.0,0.0
GLAS,glas009,Violation_201,26,P3,-8.838202,9,26.0,0.0
GLAS,glas009,Violation_201,26,P4,-14.308,9,26.0,0.0
GLAS,glas009,Violation_201,26,C3,-14.50391,9,26.0,0.0
GLAS,glas009,Violation_201,26,C4,-13.03651,9,26.0,0.0
GLAS,glas009,Violation_201,26,P7,-17.00475,9,26.0,0.0
GLAS,glas009,Violation_201,26,P8,-14.98832,9,26.0,0.0
GLAS,glas009,Violation_201,26,O1,-16.24247,9,26.0,0.0
GLAS,glas009,Violation_201,26,O2,-19.28613,9,26.0,0.0
GLAS,glas009,Control_202,27,Pz,-0.2706564,9,31.0,77.0
GLAS,glas009,Control_202,27,Cz,1.796312,9,31.0,77.0
GLAS,glas009,Control_202,27,CP1,2.111436,9,31.0,77.0
GLAS,glas009,Control_202,27,CP2,15.00573,9,31.0,77.0
GLAS,glas009,Control_202,27,P3,-16.95557,9,31.0,77.0
GLAS,glas009,Control_202,27,P4,-2.26573,9,31.0,77.0
GLAS,glas009,Control_202,27,C3,2.250767,9,31.0,77.0
GLAS,glas009,Control_202,27,C4,0.7707333,9,31.0,77.0
GLAS,glas009,Control_202,27,P7,-4.544963,9,31.0,77.0
GLAS,glas009,Control_202,27,P8,1.961123,9,31.0,77.0
GLAS,glas009,Control_202,27,O1,-7.328012,9,31.0,77.0
GLAS,glas009,Control_202,27,O2,6.709674,9,31.0,77.0
GLAS,glas009,Control_202,28,Pz,-36.3427,9,29.0,90.0
GLAS,glas009,Control_202,28,Cz,-32.43414,9,29.0,90.0
GLAS,glas009,Control_202,28,CP1,-38.99472,9,29.0,90.0
GLAS,glas009,Control_202,28,CP2,-25.15756,9,29.0,90.0
GLAS,glas009,Control_202,28,P3,-24.87539,9,29.0,90.0
GLAS,glas009,Control_202,28,P4,-33.54116,9,29.0,90.0
GLAS,glas009,Control_202,28,C3,-32.73785,9,29.0,90.0
GLAS,glas009,Control_202,28,C4,-33.38171,9,29.0,90.0
GLAS,glas009,Control_202,28,P7,-33.3832,9,29.0,90.0
GLAS,glas009,Control_202,28,P8,-32.7933,9,29.0,90.0
GLAS,glas009,Control_202,28,O1,-35.23928,9,29.0,90.0
GLAS,glas009,Control_202,28,O2,-29.24123,9,29.0,90.0
GLAS,glas009,Violation_201,29,Pz,17.95134,9,37.0,0.0
GLAS,glas009,Violation_201,29,Cz,15.77857,9,37.0,0.0
GLAS,glas009,Violation_201,29,CP1,25.68359,9,37.0,0.0
GLAS,glas009,Violation_201,29,CP2,5.579203,9,37.0,0.0
GLAS,glas009,Violation_201,29,P3,22.67236,9,37.0,0.0
GLAS,glas009,Violation_201,29,P4,15.78592,9,37.0,0.0
GLAS,glas009,Violation_201,29,C3,17.84854,9,37.0,0.0
GLAS,glas009,Violation_201,29,C4,16.97493,9,37.0,0.0
GLAS,glas009,Violation_201,29,P7,12.94381,9,37.0,0.0
GLAS,glas009,Violation_201,29,P8,14.18162,9,37.0,0.0
GLAS,glas009,Violation_201,29,O1,9.778318,9,37.0,0.0
GLAS,glas009,Violation_201,29,O2,7.871608,9,37.0,0.0
GLAS,glas009,Control_202,30,Pz,-13.62434,9,23.0,93.0
GLAS,glas009,Control_202,30,Cz,-2.199528,9,23.0,93.0
GLAS,glas009,Control_202,30,CP1,-0.5563025,9,23.0,93.0
GLAS,glas009,Control_202,30,CP2,-8.012047,9,23.0,93.0
GLAS,glas009,Control_202,30,P3,-22.52931,9,23.0,93.0
GLAS,glas009,Control_202,30,P4,-9.781192,9,23.0,93.0
GLAS,glas009,Control_202,30,C3,-7.745481,9,23.0,93.0
GLAS,glas009,Control_202,30,C4,-7.5836,9,23.0,93.0
GLAS,glas009,Control_202,30,P7,-13.99407,9,23.0,93.0
GLAS,glas009,Control_202,30,P8,-7.045811,9,23.0,93.0
GLAS,glas009,Control_202,30,O1,-15.15486,9,23.0,93.0
GLAS,glas009,Control_202,30,O2,-35.88736,9,23.0,93.0
GLAS,glas009,Violation_201,31,Pz,20.04109,9,36.0,7.0
GLAS,glas009,Violation_201,31,Cz,17.66549,9,36.0,7.0
GLAS,glas009,Violation_201,31,CP1,23.28413,9,36.0,7.0
GLAS,glas009,Violation_201,31,CP2,25.44382,9,36.0,7.0
GLAS,glas009,Violation_201,31,P3,29.66915,9,36.0,7.0
GLAS,glas009,Violation_201,31,P4,19.47643,9,36.0,7.0
GLAS,glas009,Violation_201,31,C3,20.47684,9,36.0,7.0
GLAS,glas009,Violation_201,31,C4,20.77968,9,36.0,7.0
GLAS,glas009,Violation_201,31,P7,23.07196,9,36.0,7.0
GLAS,glas009,Violation_201,31,P8,18.87686,9,36.0,7.0
GLAS,glas009,Violation_201,31,O1,16.92405,9,36.0,7.0
GLAS,glas009,Violation_201,31,O2,5.064941,9,36.0,7.0
GLAS,glas010,Violation_201,1,Pz,-1.50752,10,9.0,3.0
GLAS,glas010,Violation_201,1,Cz,-2.292506,10,9.0,3.0
GLAS,glas010,Violation_201,1,CP1,-3.142648,10,9.0,3.0
GLAS,glas010,Violation_201,1,CP2,-6.286393,10,9.0,3.0
GLAS,glas010,Violation_201,1,P3,9.914268,10,9.0,3.0
GLAS,glas010,Violation_201,1,P4,-9.438201,10,9.0,3.0
GLAS,glas010,Violation_201,1,C3,3.638561,10,9.0,3.0
GLAS,glas010,Violation_201,1,C4,6.222401,10,9.0,3.0
GLAS,glas010,Violation_201,1,P7,12.42248,10,9.0,3.0
GLAS,glas010,Violation_201,1,P8,-0.2600983,10,9.0,3.0
GLAS,glas010,Violation_201,1,O1,0.9295442,10,9.0,3.0
GLAS,glas010,Violation_201,1,O2,-2.600891,10,9.0,3.0
GLAS,glas010,Control_202,2,Pz,-2.710265,10,16.0,93.0
GLAS,glas010,Control_202,2,Cz,-2.986776,10,16.0,93.0
GLAS,glas010,Control_202,2,CP1,-2.345044,10,16.0,93.0
GLAS,glas010,Control_202,2,CP2,3.764481,10,16.0,93.0
GLAS,glas010,Control_202,2,P3,5.084114,10,16.0,93.0
GLAS,glas010,Control_202,2,P4,0.9204217,10,16.0,93.0
GLAS,glas010,Control_202,2,C3,-5.036386,10,16.0,93.0
GLAS,glas010,Control_202,2,C4,-5.46802,10,16.0,93.0
GLAS,glas010,Control_202,2,P7,-10.7775,10,16.0,93.0
GLAS,glas010,Control_202,2,P8,-0.8630832,10,16.0,93.0
GLAS,glas010,Control_202,2,O1,-5.458582,10,16.0,93.0
GLAS,glas010,Control_202,2,O2,3.853569,10,16.0,93.0
GLAS,glas010,Control_202,3,Pz,-9.406886,10,14.0,90.0
GLAS,glas010,Control_202,3,Cz,-9.290916,10,14.0,90.0
GLAS,glas010,Control_202,3,CP1,-5.402514,10,14.0,90.0
GLAS,glas010,Control_202,3,CP2,-10.7596,10,14.0,90.0
GLAS,glas010,Control_202,3,P3,-3.964312,10,14.0,90.0
GLAS,glas010,Control_202,3,P4,-13.34216,10,14.0,90.0
GLAS,glas010,Control_202,3,C3,-16.82136,10,14.0,90.0
GLAS,glas010,Control_202,3,C4,-14.76958,10,14.0,90.0
GLAS,glas010,Control_202,3,P7,-5.065154,10,14.0,90.0
GLAS,glas010,Control_202,3,P8,-8.671645,10,14.0,90.0
GLAS,glas010,Control_202,3,O1,0.7907563,10,14.0,90.0
GLAS,glas010,Control_202,3,O2,-9.346351,10,14.0,90.0
GLAS,glas010,Violation_201,4,Pz,6.295615,10,5.0,0.0
GLAS,glas010,Violation_201,4,Cz,16.41386,10,5.0,0.0
GLAS,glas010,Violation_201,4,CP1,4.772631,10,5.0,0.0
GLAS,glas010,Violation_201,4,CP2,9.934916,10,5.0,0.0
GLAS,glas010,Violation_201,4,P3,3.385691,10,5.0,0.0
GLAS,glas010,Violation_201,4,P4,9.924926,10,5.0,0.0
GLAS,glas010,Violation_201,4,C3,8.552387,10,5.0,0.0
GLAS,glas010,Violation_201,4,C4,15.97023,10,5.0,0.0
GLAS,glas010,Violation_201,4,P7,8.347252,10,5.0,0.0
GLAS,glas010,Violation_201,4,P8,15.69367,10,5.0,0.0
GLAS,glas010,Violation_201,4,O1,1.256258,10,5.0,0.0
GLAS,glas010,Violation_201,4,O2,7.137056,10,5.0,0.0
GLAS,glas010,Violation_201,5,Pz,-3.978382,10,17.0,0.0
GLAS,glas010,Violation_201,5,Cz,1.298712,10,17.0,0.0
GLAS,glas010,Violation_201,5,CP1,-5.779747,10,17.0,0.0
GLAS,glas010,Violation_201,5,CP2,-8.549463,10,17.0,0.0
GLAS,glas010,Violation_201,5,P3,-5.028347,10,17.0,0.0
GLAS,glas010,Violation_201,5,P4,-1.417019,10,17.0,0.0
GLAS,glas010,Violation_201,5,C3,-0.4580902,10,17.0,0.0
GLAS,glas010,Violation_201,5,C4,6.863255,10,17.0,0.0
GLAS,glas010,Violation_201,5,P7,-5.918025,10,17.0,0.0
GLAS,glas010,Violation_201,5,P8,4.260376,10,17.0,0.0
GLAS,glas010,Violation_201,5,O1,-10.56369,10,17.0,0.0
GLAS,glas010,Violation_201,5,O2,-1.691736,10,17.0,0.0
GLAS,glas010,Control_202,6,Pz,12.01309,10,10.0,80.0
GLAS,glas010,Control_202,6,Cz,10.05952,10,10.0,80.0
GLAS,glas010,Control_202,6,CP1,1.05846,10,10.0,80.0
GLAS,glas010,Control_202,6,CP2,6.964678,10,10.0,80.0
GLAS,glas010,Control_202,6,P3,11.10757,10,10.0,80.0
GLAS,glas010,Control_202,6,P4,8.672054,10,10.0,80.0
GLAS,glas010,Control_202,6,C3,10.76476,10,10.0,80.0
GLAS,glas010,Control_202,6,C4,7.832463,10,10.0,80.0
GLAS,glas010,Control_202,6,P7,2.805033,10,10.0,80.0
GLAS,glas010,Control_202,6,P8,9.841014,10,10.0,80.0
GLAS,glas010,Control_202,6,O1,4.478132,10,10.0,80.0
GLAS,glas010,Control_202,6,O2,6.402979,10,10.0,80.0
GLAS,glas010,Control_202,7,Pz,-9.372488,10,2.0,100.0
GLAS,glas010,Control_202,7,Cz,6.480486,10,2.0,100.0
GLAS,glas010,Control_202,7,CP1,-6.171501,10,2.0,100.0
GLAS,glas010,Control_202,7,CP2,0.07251137,10,2.0,100.0
GLAS,glas010,Control_202,7,P3,-4.635867,10,2.0,100.0
GLAS,glas010,Control_202,7,P4,-3.418128,10,2.0,100.0
GLAS,glas010,Control_202,7,C3,1.518472,10,2.0,100.0
GLAS,glas010,Control_202,7,C4,-4.842315,10,2.0,100.0
GLAS,glas010,Control_202,7,P7,-6.207577,10,2.0,100.0
GLAS,glas010,Control_202,7,P8,0.4417215,10,2.0,100.0
GLAS,glas010,Control_202,7,O1,-13.13192,10,2.0,100.0
GLAS,glas010,Control_202,7,O2,3.986133,10,2.0,100.0
GLAS,glas010,Violation_201,8,Pz,14.07403,10,3.0,7.0
GLAS,glas010,Violation_201,8,Cz,12.44168,10,3.0,7.0
GLAS,glas010,Violation_201,8,CP1,17.0035,10,3.0,7.0
GLAS,glas010,Violation_201,8,CP2,7.920463,10,3.0,7.0
GLAS,glas010,Violation_201,8,P3,14.08321,10,3.0,7.0
GLAS,glas010,Violation_201,8,P4,9.263361,10,3.0,7.0
GLAS,glas010,Violation_201,8,C3,16.10003,10,3.0,7.0
GLAS,glas010,Violation_201,8,C4,12.3895,10,3.0,7.0
GLAS,glas010,Violation_201,8,P7,20.36037,10,3.0,7.0
GLAS,glas010,Violation_201,8,P8,3.764546,10,3.0,7.0
GLAS,glas010,Violation_201,8,O1,20.25759,10,3.0,7.0
GLAS,glas010,Violation_201,8,O2,4.07188,10,3.0,7.0
GLAS,glas010,Control_202,9,Pz,-13.25571,10,1.0,97.0
GLAS,glas010,Control_202,9,Cz,-14.09346,10,1.0,97.0
GLAS,glas010,Control_202,9,CP1,-12.57797,10,1.0,97.0
GLAS,glas010,Control_202,9,CP2,-4.658407,10,1.0,97.0
GLAS,glas010,Control_202,9,P3,-16.98295,10,1.0,97.0
GLAS,glas010,Control_202,9,P4,-11.97497,10,1.0,97.0
GLAS,glas010,Control_202,9,C3,-19.94175,10,1.0,97.0
GLAS,glas010,Control_202,9,C4,-12.54587,10,1.0,97.0
GLAS,glas010,Control_202,9,P7,-12.56148,10,1.0,97.0
GLAS,glas010,Control_202,9,P8,-10.26882,10,1.0,97.0
GLAS,glas010,Control_202,9,O1,-16.62515,10,1.0,97.0
GLAS,glas010,Control_202,9,O2,-7.82652,10,1.0,97.0
GLAS,glas010,Control_202,10,Pz,10.09371,10,7.0,80.0
GLAS,glas010,Control_202,10,Cz,7.69765,10,7.0,80.0
GLAS,glas010,Control_202,10,CP1,9.693849,10,7.0,80.0
GLAS,glas010,Control_202,10,CP2,3.875957,10,7.0,80.0
GLAS,glas010,Control_202,10,P3,14.20468,10,7.0,80.0
GLAS,glas010,Control_202,10,P4,8.123526,10,7.0,80.0
GLAS,glas010,Control_202,10,C3,12.82165,10,7.0,80.0
GLAS,glas010,Control_202,10,C4,10.21714,10,7.0,80.0
GLAS,glas010,Control_202,10,P7,1.669803,10,7.0,80.0
GLAS,glas010,Control_202,10,P8,3.852841,10,7.0,80.0
GLAS,glas010,Control_202,10,O1,18.55215,10,7.0,80.0
GLAS,glas010,Control_202,10,O2,-2.193674,10,7.0,80.0
GLAS,glas010,Violation_201,11,Pz,0.8478398,10,4.0,20.0
GLAS,glas010,Violation_201,11,Cz,5.743987,10,4.0,20.0
GLAS,glas010,Violation_201,11,CP1,0.6723301,10,4.0,20.0
GLAS,glas010,Violation_201,11,CP2,-2.496253,10,4.0,20.0
GLAS,glas010,Violation_201,11,P3,-2.049505,10,4.0,20.0
GLAS,glas010,Violation_201,11,P4,-5.938282,10,4.0,20.0
GLAS,glas010,Violation_201,11,C3,-4.802816,10,4.0,20.0
GLAS,glas010,Violation_201,11,C4,1.657007,10,4.0,20.0
GLAS,glas010,Violation_201,11,P7,-4.015315,10,4.0,20.0
GLAS,glas010,Violation_201,11,P8,-0.2044324,10,4.0,20.0
GLAS,glas010,Violation_201,11,O1,20.20985,10,4.0,20.0
GLAS,glas010,Violation_201,11,O2,-4.529699,10,4.0,20.0
GLAS,glas010,Violation_201,12,Pz,-11.32201,10,8.0,34.0
GLAS,glas010,Violation_201,12,Cz,3.662756,10,8.0,34.0
GLAS,glas010,Violation_201,12,CP1,-10.97071,10,8.0,34.0
GLAS,glas010,Violation_201,12,CP2,2.433926,10,8.0,34.0
GLAS,glas010,Violation_201,12,P3,-14.10843,10,8.0,34.0
GLAS,glas010,Violation_201,12,P4,2.815197,10,8.0,34.0
GLAS,glas010,Violation_201,12,C3,3.620785,10,8.0,34.0
GLAS,glas010,Violation_201,12,C4,1.580964,10,8.0,34.0
GLAS,glas010,Violation_201,12,P7,-12.19637,10,8.0,34.0
GLAS,glas010,Violation_201,12,P8,-6.440031,10,8.0,34.0
GLAS,glas010,Violation_201,12,O1,-14.33,10,8.0,34.0
GLAS,glas010,Violation_201,12,O2,2.957743,10,8.0,34.0
GLAS,glas010,Violation_201,13,Pz,7.276445,10,19.0,0.0
GLAS,glas010,Violation_201,13,Cz,2.784465,10,19.0,0.0
GLAS,glas010,Violation_201,13,CP1,-5.204194,10,19.0,0.0
GLAS,glas010,Violation_201,13,CP2,0.4421271,10,19.0,0.0
GLAS,glas010,Violation_201,13,P3,3.59541,10,19.0,0.0
GLAS,glas010,Violation_201,13,P4,0.1394095,10,19.0,0.0
GLAS,glas010,Violation_201,13,C3,3.86066,10,19.0,0.0
GLAS,glas010,Violation_201,13,C4,4.451996,10,19.0,0.0
GLAS,glas010,Violation_201,13,P7,-7.89582,10,19.0,0.0
GLAS,glas010,Violation_201,13,P8,-1.163449,10,19.0,0.0
GLAS,glas010,Violation_201,13,O1,-15.98716,10,19.0,0.0
GLAS,glas010,Violation_201,13,O2,0.3359019,10,19.0,0.0
GLAS,glas010,Violation_201,14,Pz,-25.20481,10,15.0,0.0
GLAS,glas010,Violation_201,14,Cz,-25.56311,10,15.0,0.0
GLAS,glas010,Violation_201,14,CP1,-21.77361,10,15.0,0.0
GLAS,glas010,Violation_201,14,CP2,-20.01997,10,15.0,0.0
GLAS,glas010,Violation_201,14,P3,-23.58305,10,15.0,0.0
GLAS,glas010,Violation_201,14,P4,-22.14264,10,15.0,0.0
GLAS,glas010,Violation_201,14,C3,-22.22411,10,15.0,0.0
GLAS,glas010,Violation_201,14,C4,-28.12878,10,15.0,0.0
GLAS,glas010,Violation_201,14,P7,-22.54216,10,15.0,0.0
GLAS,glas010,Violation_201,14,P8,-20.57272,10,15.0,0.0
GLAS,glas010,Violation_201,14,O1,-9.148704,10,15.0,0.0
GLAS,glas010,Violation_201,14,O2,-17.83354,10,15.0,0.0
GLAS,glas010,Violation_201,15,Pz,-2.976032,10,6.0,0.0
GLAS,glas010,Violation_201,15,Cz,-7.90378,10,6.0,0.0
GLAS,glas010,Violation_201,15,CP1,-2.423797,10,6.0,0.0
GLAS,glas010,Violation_201,15,CP2,-7.843472,10,6.0,0.0
GLAS,glas010,Violation_201,15,P3,-0.8579041,10,6.0,0.0
GLAS,glas010,Violation_201,15,P4,-11.56762,10,6.0,0.0
GLAS,glas010,Violation_201,15,C3,-8.542603,10,6.0,0.0
GLAS,glas010,Violation_201,15,C4,0.992234,10,6.0,0.0
GLAS,glas010,Violation_201,15,P7,4.937342,10,6.0,0.0
GLAS,glas010,Violation_201,15,P8,-5.051747,10,6.0,0.0
GLAS,glas010,Violation_201,15,O1,5.206277,10,6.0,0.0
GLAS,glas010,Violation_201,15,O2,-3.826651,10,6.0,0.0
GLAS,glas010,Control_202,16,Pz,7.380608,10,11.0,87.0
GLAS,glas010,Control_202,16,Cz,8.273901,10,11.0,87.0
GLAS,glas010,Control_202,16,CP1,14.57633,10,11.0,87.0
GLAS,glas010,Control_202,16,CP2,10.18643,10,11.0,87.0
GLAS,glas010,Control_202,16,P3,10.02993,10,11.0,87.0
GLAS,glas010,Control_202,16,P4,9.91357,10,11.0,87.0
GLAS,glas010,Control_202,16,C3,4.308578,10,11.0,87.0
GLAS,glas010,Control_202,16,C4,5.524106,10,11.0,87.0
GLAS,glas010,Control_202,16,P7,12.35695,10,11.0,87.0
GLAS,glas010,Control_202,16,P8,1.981701,10,11.0,87.0
GLAS,glas010,Control_202,16,O1,23.19108,10,11.0,87.0
GLAS,glas010,Control_202,16,O2,8.96335,10,11.0,87.0
GLAS,glas010,Violation_201,17,Pz,-9.226022,10,20.0,0.0
GLAS,glas010,Violation_201,17,Cz,-2.657589,10,20.0,0.0
GLAS,glas010,Violation_201,17,CP1,-6.22847,10,20.0,0.0
GLAS,glas010,Violation_201,17,CP2,-2.948738,10,20.0,0.0
GLAS,glas010,Violation_201,17,P3,10.24891,10,20.0,0.0
GLAS,glas010,Violation_201,17,P4,-5.02208,10,20.0,0.0
GLAS,glas010,Violation_201,17,C3,-2.476628,10,20.0,0.0
GLAS,glas010,Violation_201,17,C4,0.1486151,10,20.0,0.0
GLAS,glas010,Violation_201,17,P7,-3.900861,10,20.0,0.0
GLAS,glas010,Violation_201,17,P8,3.811148,10,20.0,0.0
GLAS,glas010,Violation_201,17,O1,-14.61352,10,20.0,0.0
GLAS,glas010,Violation_201,17,O2,-4.339391,10,20.0,0.0
GLAS,glas010,Control_202,18,Pz,1.421621,10,13.0,97.0
GLAS,glas010,Control_202,18,Cz,-5.076288,10,13.0,97.0
GLAS,glas010,Control_202,18,CP1,4.467658,10,13.0,97.0
GLAS,glas010,Control_202,18,CP2,-5.190931,10,13.0,97.0
GLAS,glas010,Control_202,18,P3,4.695462,10,13.0,97.0
GLAS,glas010,Control_202,18,P4,-4.664058,10,13.0,97.0
GLAS,glas010,Control_202,18,C3,2.326475,10,13.0,97.0
GLAS,glas010,Control_202,18,C4,-2.868199,10,13.0,97.0
GLAS,glas010,Control_202,18,P7,5.469353,10,13.0,97.0
GLAS,glas010,Control_202,18,P8,2.921468,10,13.0,97.0
GLAS,glas010,Control_202,18,O1,0.4495803,10,13.0,97.0
GLAS,glas010,Control_202,18,O2,-2.381801,10,13.0,97.0
GLAS,glas010,Violation_201,19,Pz,-6.997524,10,12.0,13.0
GLAS,glas010,Violation_201,19,Cz,-2.18317,10,12.0,13.0
GLAS,glas010,Violation_201,19,CP1,-4.001301,10,12.0,13.0
GLAS,glas010,Violation_201,19,CP2,-4.33967,10,12.0,13.0
GLAS,glas010,Violation_201,19,P3,-6.034832,10,12.0,13.0
GLAS,glas010,Violation_201,19,P4,5.711235,10,12.0,13.0
GLAS,glas010,Violation_201,19,C3,4.975608,10,12.0,13.0
GLAS,glas010,Violation_201,19,C4,-0.721939,10,12.0,13.0
GLAS,glas010,Violation_201,19,P7,-9.433408,10,12.0,13.0
GLAS,glas010,Violation_201,19,P8,3.413147,10,12.0,13.0
GLAS,glas010,Violation_201,19,O1,-6.980307,10,12.0,13.0
GLAS,glas010,Violation_201,19,O2,-1.376286,10,12.0,13.0
GLAS,glas010,Control_202,20,Pz,1.696286,10,18.0,87.0
GLAS,glas010,Control_202,20,Cz,1.814313,10,18.0,87.0
GLAS,glas010,Control_202,20,CP1,3.796242,10,18.0,87.0
GLAS,glas010,Control_202,20,CP2,0.5159727,10,18.0,87.0
GLAS,glas010,Control_202,20,P3,-1.557295,10,18.0,87.0
GLAS,glas010,Control_202,20,P4,-3.136667,10,18.0,87.0
GLAS,glas010,Control_202,20,C3,-0.5856831,10,18.0,87.0
GLAS,glas010,Control_202,20,C4,-3.70065,10,18.0,87.0
GLAS,glas010,Control_202,20,P7,-6.898449,10,18.0,87.0
GLAS,glas010,Control_202,20,P8,-9.447998,10,18.0,87.0
GLAS,glas010,Control_202,20,O1,-3.874138,10,18.0,87.0
GLAS,glas010,Control_202,20,O2,1.739569,10,18.0,87.0
GLAS,glas010,Control_202,21,Pz,-8.303748,10,27.0,97.0
GLAS,glas010,Control_202,21,Cz,-13.65373,10,27.0,97.0
GLAS,glas010,Control_202,21,CP1,-1.829162,10,27.0,97.0
GLAS,glas010,Control_202,21,CP2,-2.34179,10,27.0,97.0
GLAS,glas010,Control_202,21,P3,-3.448639,10,27.0,97.0
GLAS,glas010,Control_202,21,P4,-9.591986,10,27.0,97.0
GLAS,glas010,Control_202,21,C3,-11.61656,10,27.0,97.0
GLAS,glas010,Control_202,21,C4,-6.914817,10,27.0,97.0
GLAS,glas010,Control_202,21,P7,-2.82083,10,27.0,97.0
GLAS,glas010,Control_202,21,P8,-15.71255,10,27.0,97.0
GLAS,glas010,Control_202,21,O1,-7.231319,10,27.0,97.0
GLAS,glas010,Control_202,21,O2,-9.14588,10,27.0,97.0
GLAS,glas010,Control_202,22,Pz,10.11424,10,24.0,93.0
GLAS,glas010,Control_202,22,Cz,6.490368,10,24.0,93.0
GLAS,glas010,Control_202,22,CP1,5.531988,10,24.0,93.0
GLAS,glas010,Control_202,22,CP2,8.067578,10,24.0,93.0
GLAS,glas010,Control_202,22,P3,9.795928,10,24.0,93.0
GLAS,glas010,Control_202,22,P4,7.733014,10,24.0,93.0
GLAS,glas010,Control_202,22,C3,4.162459,10,24.0,93.0
GLAS,glas010,Control_202,22,C4,1.84138,10,24.0,93.0
GLAS,glas010,Control_202,22,P7,9.406645,10,24.0,93.0
GLAS,glas010,Control_202,22,P8,16.2073,10,24.0,93.0
GLAS,glas010,Control_202,22,O1,13.82101,10,24.0,93.0
GLAS,glas010,Control_202,22,O2,8.314207,10,24.0,93.0
GLAS,glas010,Violation_201,23,Pz,-1.020847,10,25.0,0.0
GLAS,glas010,Violation_201,23,Cz,7.512566,10,25.0,0.0
GLAS,glas010,Violation_201,23,CP1,-1.282212,10,25.0,0.0
GLAS,glas010,Violation_201,23,CP2,-3.596907,10,25.0,0.0
GLAS,glas010,Violation_201,23,P3,-0.9310141,10,25.0,0.0
GLAS,glas010,Violation_201,23,P4,3.990603,10,25.0,0.0
GLAS,glas010,Violation_201,23,C3,2.14939,10,25.0,0.0
GLAS,glas010,Violation_201,23,C4,8.899684,10,25.0,0.0
GLAS,glas010,Violation_201,23,P7,-9.036915,10,25.0,0.0
GLAS,glas010,Violation_201,23,P8,6.82952,10,25.0,0.0
GLAS,glas010,Violation_201,23,O1,7.115859,10,25.0,0.0
GLAS,glas010,Violation_201,23,O2,-4.017759,10,25.0,0.0
GLAS,glas010,Control_202,24,Pz,-5.420337,10,21.0,77.0
GLAS,glas010,Control_202,24,Cz,-9.591303,10,21.0,77.0
GLAS,glas010,Control_202,24,CP1,-5.195972,10,21.0,77.0
GLAS,glas010,Control_202,24,CP2,-8.312811,10,21.0,77.0
GLAS,glas010,Control_202,24,P3,-4.718056,10,21.0,77.0
GLAS,glas010,Control_202,24,P4,-4.293905,10,21.0,77.0
GLAS,glas010,Control_202,24,C3,-8.219426,10,21.0,77.0
GLAS,glas010,Control_202,24,C4,-9.158331,10,21.0,77.0
GLAS,glas010,Control_202,24,P7,18.61087,10,21.0,77.0
GLAS,glas010,Control_202,24,P8,-1.95674,10,21.0,77.0
GLAS,glas010,Control_202,24,O1,6.183882,10,21.0,77.0
GLAS,glas010,Control_202,24,O2,-10.94314,10,21.0,77.0
GLAS,glas010,Control_202,25,Pz,-11.84872,10,23.0,93.0
GLAS,glas010,Control_202,25,Cz,-11.66582,10,23.0,93.0
GLAS,glas010,Control_202,25,CP1,-12.64807,10,23.0,93.0
GLAS,glas010,Control_202,25,CP2,-11.37194,10,23.0,93.0
GLAS,glas010,Control_202,25,P3,-20.09616,10,23.0,93.0
GLAS,glas010,Control_202,25,P4,-5.929817,10,23.0,93.0
GLAS,glas010,Control_202,25,C3,-13.43805,10,23.0,93.0
GLAS,glas010,Control_202,25,C4,-14.93055,10,23.0,93.0
GLAS,glas010,Control_202,25,P7,-3.323696,10,23.0,93.0
GLAS,glas010,Control_202,25,P8,-17.68578,10,23.0,93.0
GLAS,glas010,Control_202,25,O1,-3.586514,10,23.0,93.0
GLAS,glas010,Control_202,25,O2,-10.07231,10,23.0,93.0
GLAS,glas010,Violation_201,26,Pz,-4.261074,10,30.0,0.0
GLAS,glas010,Violation_201,26,Cz,-11.29685,10,30.0,0.0
GLAS,glas010,Violation_201,26,CP1,-5.048913,10,30.0,0.0
GLAS,glas010,Violation_201,26,CP2,-10.09787,10,30.0,0.0
GLAS,glas010,Violation_201,26,P3,-5.737451,10,30.0,0.0
GLAS,glas010,Violation_201,26,P4,-6.565496,10,30.0,0.0
GLAS,glas010,Violation_201,26,C3,-4.042692,10,30.0,0.0
GLAS,glas010,Violation_201,26,C4,-12.58751,10,30.0,0.0
GLAS,glas010,Violation_201,26,P7,3.10958,10,30.0,0.0
GLAS,glas010,Violation_201,26,P8,-6.74964,10,30.0,0.0
GLAS,glas010,Violation_201,26,O1,-1.482909,10,30.0,0.0
GLAS,glas010,Violation_201,26,O2,-11.78526,10,30.0,0.0
GLAS,glas010,Control_202,27,Pz,-0.9737458,10,35.0,97.0
GLAS,glas010,Control_202,27,Cz,-8.574329,10,35.0,97.0
GLAS,glas010,Control_202,27,CP1,-3.826049,10,35.0,97.0
GLAS,glas010,Control_202,27,CP2,1.818625,10,35.0,97.0
GLAS,glas010,Control_202,27,P3,-1.740201,10,35.0,97.0
GLAS,glas010,Control_202,27,P4,-1.840634,10,35.0,97.0
GLAS,glas010,Control_202,27,C3,-11.96479,10,35.0,97.0
GLAS,glas010,Control_202,27,C4,-7.939689,10,35.0,97.0
GLAS,glas010,Control_202,27,P7,8.283551,10,35.0,97.0
GLAS,glas010,Control_202,27,P8,-7.335561,10,35.0,97.0
GLAS,glas010,Control_202,27,O1,14.38194,10,35.0,97.0
GLAS,glas010,Control_202,27,O2,-9.906006e-05,10,35.0,97.0
GLAS,glas010,Violation_201,28,Pz,-10.12873,10,28.0,67.0
GLAS,glas010,Violation_201,28,Cz,-11.75739,10,28.0,67.0
GLAS,glas010,Violation_201,28,CP1,-6.273302,10,28.0,67.0
GLAS,glas010,Violation_201,28,CP2,-7.977479,10,28.0,67.0
GLAS,glas010,Violation_201,28,P3,10.02857,10,28.0,67.0
GLAS,glas010,Violation_201,28,P4,-15.9407,10,28.0,67.0
GLAS,glas010,Violation_201,28,C3,-12.84805,10,28.0,67.0
GLAS,glas010,Violation_201,28,C4,-18.62932,10,28.0,67.0
GLAS,glas010,Violation_201,28,P7,-1.64707,10,28.0,67.0
GLAS,glas010,Violation_201,28,P8,-4.883071,10,28.0,67.0
GLAS,glas010,Violation_201,28,O1,7.573065,10,28.0,67.0
GLAS,glas010,Violation_201,28,O2,-6.496655,10,28.0,67.0
GLAS,glas010,Control_202,29,Pz,-12.13453,10,32.0,80.0
GLAS,glas010,Control_202,29,Cz,-7.164863,10,32.0,80.0
GLAS,glas010,Control_202,29,CP1,-9.519261,10,32.0,80.0
GLAS,glas010,Control_202,29,CP2,-10.22029,10,32.0,80.0
GLAS,glas010,Control_202,29,P3,-8.677417,10,32.0,80.0
GLAS,glas010,Control_202,29,P4,-10.26701,10,32.0,80.0
GLAS,glas010,Control_202,29,C3,-6.263078,10,32.0,80.0
GLAS,glas010,Control_202,29,C4,-10.24107,10,32.0,80.0
GLAS,glas010,Control_202,29,P7,-12.4196,10,32.0,80.0
GLAS,glas010,Control_202,29,P8,-11.88411,10,32.0,80.0
GLAS,glas010,Control_202,29,O1,-15.38478,10,32.0,80.0
GLAS,glas010,Control_202,29,O2,-12.00231,10,32.0,80.0
GLAS,glas011,Control_202,1,Pz,-2.223291,11,20.0,90.0
GLAS,glas011,Control_202,1,Cz,0.04341917,11,20.0,90.0
GLAS,glas011,Control_202,1,CP1,3.821563,11,20.0,90.0
GLAS,glas011,Control_202,1,CP2,2.692161,11,20.0,90.0
GLAS,glas011,Control_202,1,P3,-6.353011,11,20.0,90.0
GLAS,glas011,Control_202,1,P4,-1.267951,11,20.0,90.0
GLAS,glas011,Control_202,1,C3,-0.3938956,11,20.0,90.0
GLAS,glas011,Control_202,1,C4,-1.677144,11,20.0,90.0
GLAS,glas011,Control_202,1,P7,6.533673,11,20.0,90.0
GLAS,glas011,Control_202,1,P8,-2.255573,11,20.0,90.0
GLAS,glas011,Control_202,1,O1,0.6082219,11,20.0,90.0
GLAS,glas011,Control_202,1,O2,3.242763,11,20.0,90.0
GLAS,glas011,Control_202,2,Pz,6.29358,11,19.0,100.0
GLAS,glas011,Control_202,2,Cz,5.60409,11,19.0,100.0
GLAS,glas011,Control_202,2,CP1,3.356752,11,19.0,100.0
GLAS,glas011,Control_202,2,CP2,0.7329763,11,19.0,100.0
GLAS,glas011,Control_202,2,P3,9.890484,11,19.0,100.0
GLAS,glas011,Control_202,2,P4,6.97452,11,19.0,100.0
GLAS,glas011,Control_202,2,C3,11.49617,11,19.0,100.0
GLAS,glas011,Control_202,2,C4,7.330748,11,19.0,100.0
GLAS,glas011,Control_202,2,P7,1.01898,11,19.0,100.0
GLAS,glas011,Control_202,2,P8,6.360975,11,19.0,100.0
GLAS,glas011,Control_202,2,O1,4.654186,11,19.0,100.0
GLAS,glas011,Control_202,2,O2,1.18939,11,19.0,100.0
GLAS,glas011,Control_202,3,Pz,8.671318,11,9.0,93.0
GLAS,glas011,Control_202,3,Cz,13.89687,11,9.0,93.0
GLAS,glas011,Control_202,3,CP1,3.319824,11,9.0,93.0
GLAS,glas011,Control_202,3,CP2,11.63636,11,9.0,93.0
GLAS,glas011,Control_202,3,P3,10.82607,11,9.0,93.0
GLAS,glas011,Control_202,3,P4,10.38597,11,9.0,93.0
GLAS,glas011,Control_202,3,C3,14.08404,11,9.0,93.0
GLAS,glas011,Control_202,3,C4,11.59885,11,9.0,93.0
GLAS,glas011,Control_202,3,P7,5.195691,11,9.0,93.0
GLAS,glas011,Control_202,3,P8,17.37901,11,9.0,93.0
GLAS,glas011,Control_202,3,O1,4.2504,11,9.0,93.0
GLAS,glas011,Control_202,3,O2,9.282688,11,9.0,93.0
GLAS,glas011,Violation_201,4,Pz,18.88378,11,1.0,0.0
GLAS,glas011,Violation_201,4,Cz,20.1058,11,1.0,0.0
GLAS,glas011,Violation_201,4,CP1,18.02854,11,1.0,0.0
GLAS,glas011,Violation_201,4,CP2,10.6202,11,1.0,0.0
GLAS,glas011,Violation_201,4,P3,10.09724,11,1.0,0.0
GLAS,glas011,Violation_201,4,P4,21.26016,11,1.0,0.0
GLAS,glas011,Violation_201,4,C3,23.80835,11,1.0,0.0
GLAS,glas011,Violation_201,4,C4,20.94771,11,1.0,0.0
GLAS,glas011,Violation_201,4,P7,16.66163,11,1.0,0.0
GLAS,glas011,Violation_201,4,P8,24.32539,11,1.0,0.0
GLAS,glas011,Violation_201,4,O1,7.388595,11,1.0,0.0
GLAS,glas011,Violation_201,4,O2,12.46619,11,1.0,0.0
GLAS,glas011,Violation_201,5,Pz,8.21725,11,12.0,13.0
GLAS,glas011,Violation_201,5,Cz,7.588135,11,12.0,13.0
GLAS,glas011,Violation_201,5,CP1,7.033596,11,12.0,13.0
GLAS,glas011,Violation_201,5,CP2,8.816522,11,12.0,13.0
GLAS,glas011,Violation_201,5,P3,11.97866,11,12.0,13.0
GLAS,glas011,Violation_201,5,P4,10.83026,11,12.0,13.0
GLAS,glas011,Violation_201,5,C3,4.906223,11,12.0,13.0
GLAS,glas011,Violation_201,5,C4,9.973946,11,12.0,13.0
GLAS,glas011,Violation_201,5,P7,11.04539,11,12.0,13.0
GLAS,glas011,Violation_201,5,P8,3.642844,11,12.0,13.0
GLAS,glas011,Violation_201,5,O1,14.0785,11,12.0,13.0
GLAS,glas011,Violation_201,5,O2,7.584652,11,12.0,13.0
GLAS,glas011,Violation_201,6,Pz,-10.24013,11,13.0,0.0
GLAS,glas011,Violation_201,6,Cz,-3.684645,11,13.0,0.0
GLAS,glas011,Violation_201,6,CP1,-5.672439,11,13.0,0.0
GLAS,glas011,Violation_201,6,CP2,-1.518096,11,13.0,0.0
GLAS,glas011,Violation_201,6,P3,-0.2691087,11,13.0,0.0
GLAS,glas011,Violation_201,6,P4,-5.520947,11,13.0,0.0
GLAS,glas011,Violation_201,6,C3,-5.638135,11,13.0,0.0
GLAS,glas011,Violation_201,6,C4,-5.53271,11,13.0,0.0
GLAS,glas011,Violation_201,6,P7,4.410132,11,13.0,0.0
GLAS,glas011,Violation_201,6,P8,-9.806281,11,13.0,0.0
GLAS,glas011,Violation_201,6,O1,3.949438,11,13.0,0.0
GLAS,glas011,Violation_201,6,O2,1.535411,11,13.0,0.0
GLAS,glas011,Control_202,7,Pz,-13.61428,11,11.0,87.0
GLAS,glas011,Control_202,7,Cz,-7.241398,11,11.0,87.0
GLAS,glas011,Control_202,7,CP1,-16.35866,11,11.0,87.0
GLAS,glas011,Control_202,7,CP2,4.09628,11,11.0,87.0
GLAS,glas011,Control_202,7,P3,-21.04984,11,11.0,87.0
GLAS,glas011,Control_202,7,P4,-3.87119,11,11.0,87.0
GLAS,glas011,Control_202,7,C3,-8.329475,11,11.0,87.0
GLAS,glas011,Control_202,7,C4,-7.398993,11,11.0,87.0
GLAS,glas011,Control_202,7,P7,-6.758401,11,11.0,87.0
GLAS,glas011,Control_202,7,P8,-2.347149,11,11.0,87.0
GLAS,glas011,Control_202,7,O1,-5.991475,11,11.0,87.0
GLAS,glas011,Control_202,7,O2,5.728527,11,11.0,87.0
GLAS,glas011,Violation_201,8,Pz,-2.683916,11,6.0,0.0
GLAS,glas011,Violation_201,8,Cz,2.615519,11,6.0,0.0
GLAS,glas011,Violation_201,8,CP1,-3.915769,11,6.0,0.0
GLAS,glas011,Violation_201,8,CP2,-2.398498,11,6.0,0.0
GLAS,glas011,Violation_201,8,P3,-8.158053,11,6.0,0.0
GLAS,glas011,Violation_201,8,P4,1.167866,11,6.0,0.0
GLAS,glas011,Violation_201,8,C3,4.821529,11,6.0,0.0
GLAS,glas011,Violation_201,8,C4,2.236188,11,6.0,0.0
GLAS,glas011,Violation_201,8,P7,-3.427787,11,6.0,0.0
GLAS,glas011,Violation_201,8,P8,-7.973902,11,6.0,0.0
GLAS,glas011,Violation_201,8,O1,3.593397,11,6.0,0.0
GLAS,glas011,Violation_201,8,O2,3.08382,11,6.0,0.0
GLAS,glas011,Control_202,9,Pz,1.241022,11,3.0,100.0
GLAS,glas011,Control_202,9,Cz,3.906317,11,3.0,100.0
GLAS,glas011,Control_202,9,CP1,-0.5592839,11,3.0,100.0
GLAS,glas011,Control_202,9,CP2,8.916125,11,3.0,100.0
GLAS,glas011,Control_202,9,P3,-5.302492,11,3.0,100.0
GLAS,glas011,Control_202,9,P4,5.48154,11,3.0,100.0
GLAS,glas011,Control_202,9,C3,6.095235,11,3.0,100.0
GLAS,glas011,Control_202,9,C4,5.204652,11,3.0,100.0
GLAS,glas011,Control_202,9,P7,1.957713,11,3.0,100.0
GLAS,glas011,Control_202,9,P8,3.749316,11,3.0,100.0
GLAS,glas011,Control_202,9,O1,-4.618415,11,3.0,100.0
GLAS,glas011,Control_202,9,O2,8.24718,11,3.0,100.0
GLAS,glas011,Violation_201,10,Pz,-17.6722,11,7.0,0.0
GLAS,glas011,Violation_201,10,Cz,-22.42366,11,7.0,0.0
GLAS,glas011,Violation_201,10,CP1,-21.01925,11,7.0,0.0
GLAS,glas011,Violation_201,10,CP2,-27.41796,11,7.0,0.0
GLAS,glas011,Violation_201,10,P3,-15.36774,11,7.0,0.0
GLAS,glas011,Violation_201,10,P4,-20.49934,11,7.0,0.0
GLAS,glas011,Violation_201,10,C3,-14.87663,11,7.0,0.0
GLAS,glas011,Violation_201,10,C4,-18.87249,11,7.0,0.0
GLAS,glas011,Violation_201,10,P7,-24.76166,11,7.0,0.0
GLAS,glas011,Violation_201,10,P8,-26.29255,11,7.0,0.0
GLAS,glas011,Violation_201,10,O1,-21.64363,11,7.0,0.0
GLAS,glas011,Violation_201,10,O2,-24.20449,11,7.0,0.0
GLAS,glas011,Violation_201,11,Pz,13.38519,11,4.0,20.0
GLAS,glas011,Violation_201,11,Cz,15.78885,11,4.0,20.0
GLAS,glas011,Violation_201,11,CP1,10.06818,11,4.0,20.0
GLAS,glas011,Violation_201,11,CP2,15.59939,11,4.0,20.0
GLAS,glas011,Violation_201,11,P3,14.08522,11,4.0,20.0
GLAS,glas011,Violation_201,11,P4,15.94634,11,4.0,20.0
GLAS,glas011,Violation_201,11,C3,17.65106,11,4.0,20.0
GLAS,glas011,Violation_201,11,C4,15.72465,11,4.0,20.0
GLAS,glas011,Violation_201,11,P7,12.88254,11,4.0,20.0
GLAS,glas011,Violation_201,11,P8,17.52134,11,4.0,20.0
GLAS,glas011,Violation_201,11,O1,12.69165,11,4.0,20.0
GLAS,glas011,Violation_201,11,O2,13.09071,11,4.0,20.0
GLAS,glas011,Control_202,12,Pz,-2.748093,11,16.0,93.0
GLAS,glas011,Control_202,12,Cz,-0.8426274,11,16.0,93.0
GLAS,glas011,Control_202,12,CP1,-1.968989,11,16.0,93.0
GLAS,glas011,Control_202,12,CP2,-0.2711914,11,16.0,93.0
GLAS,glas011,Control_202,12,P3,-1.518577,11,16.0,93.0
GLAS,glas011,Control_202,12,P4,-0.9713636,11,16.0,93.0
GLAS,glas011,Control_202,12,C3,-6.617899,11,16.0,93.0
GLAS,glas011,Control_202,12,C4,-1.598765,11,16.0,93.0
GLAS,glas011,Control_202,12,P7,8.885063,11,16.0,93.0
GLAS,glas011,Control_202,12,P8,-4.811176,11,16.0,93.0
GLAS,glas011,Control_202,12,O1,3.649959,11,16.0,93.0
GLAS,glas011,Control_202,12,O2,5.894692,11,16.0,93.0
GLAS,glas011,Violation_201,13,Pz,5.981616,11,2.0,3.0
GLAS,glas011,Violation_201,13,Cz,7.543091,11,2.0,3.0
GLAS,glas011,Violation_201,13,CP1,5.735414,11,2.0,3.0
GLAS,glas011,Violation_201,13,CP2,2.930097,11,2.0,3.0
GLAS,glas011,Violation_201,13,P3,15.26894,11,2.0,3.0
GLAS,glas011,Violation_201,13,P4,6.701404,11,2.0,3.0
GLAS,glas011,Violation_201,13,C3,5.996269,11,2.0,3.0
GLAS,glas011,Violation_201,13,C4,7.32967,11,2.0,3.0
GLAS,glas011,Violation_201,13,P7,2.810549,11,2.0,3.0
GLAS,glas011,Violation_201,13,P8,4.550613,11,2.0,3.0
GLAS,glas011,Violation_201,13,O1,0.1601967,11,2.0,3.0
GLAS,glas011,Violation_201,13,O2,-3.318632,11,2.0,3.0
GLAS,glas011,Violation_201,14,Pz,4.002358,11,14.0,0.0
GLAS,glas011,Violation_201,14,Cz,8.479049,11,14.0,0.0
GLAS,glas011,Violation_201,14,CP1,7.076066,11,14.0,0.0
GLAS,glas011,Violation_201,14,CP2,3.12203,11,14.0,0.0
GLAS,glas011,Violation_201,14,P3,3.011462,11,14.0,0.0
GLAS,glas011,Violation_201,14,P4,6.669849,11,14.0,0.0
GLAS,glas011,Violation_201,14,C3,7.23352,11,14.0,0.0
GLAS,glas011,Violation_201,14,C4,6.719721,11,14.0,0.0
GLAS,glas011,Violation_201,14,P7,5.521904,11,14.0,0.0
GLAS,glas011,Violation_201,14,P8,9.322821,11,14.0,0.0
GLAS,glas011,Violation_201,14,O1,1.625861,11,14.0,0.0
GLAS,glas011,Violation_201,14,O2,9.140734,11,14.0,0.0
GLAS,glas011,Violation_201,15,Pz,-4.938415,11,17.0,0.0
GLAS,glas011,Violation_201,15,Cz,-2.654873,11,17.0,0.0
GLAS,glas011,Violation_201,15,CP1,-4.292771,11,17.0,0.0
GLAS,glas011,Violation_201,15,CP2,-3.532304,11,17.0,0.0
GLAS,glas011,Violation_201,15,P3,-8.655766,11,17.0,0.0
GLAS,glas011,Violation_201,15,P4,-2.276089,11,17.0,0.0
GLAS,glas011,Violation_201,15,C3,-1.500756,11,17.0,0.0
GLAS,glas011,Violation_201,15,C4,-3.806256,11,17.0,0.0
GLAS,glas011,Violation_201,15,P7,-5.001263,11,17.0,0.0
GLAS,glas011,Violation_201,15,P8,-3.717105,11,17.0,0.0
GLAS,glas011,Violation_201,15,O1,-10.80671,11,17.0,0.0
GLAS,glas011,Violation_201,15,O2,-1.349826,11,17.0,0.0
GLAS,glas011,Control_202,16,Pz,-12.32857,11,18.0,87.0
GLAS,glas011,Control_202,16,Cz,-8.406912,11,18.0,87.0
GLAS,glas011,Control_202,16,CP1,-15.44555,11,18.0,87.0
GLAS,glas011,Control_202,16,CP2,-2.960818,11,18.0,87.0
GLAS,glas011,Control_202,16,P3,3.461201,11,18.0,87.0
GLAS,glas011,Control_202,16,P4,-7.322542,11,18.0,87.0
GLAS,glas011,Control_202,16,C3,-11.23943,11,18.0,87.0
GLAS,glas011,Control_202,16,C4,-9.844796,11,18.0,87.0
GLAS,glas011,Control_202,16,P7,-7.335295,11,18.0,87.0
GLAS,glas011,Control_202,16,P8,-2.715557,11,18.0,87.0
GLAS,glas011,Control_202,16,O1,-3.670009,11,18.0,87.0
GLAS,glas011,Control_202,16,O2,-1.648922,11,18.0,87.0
GLAS,glas011,Violation_201,17,Pz,0.3097151,11,5.0,0.0
GLAS,glas011,Violation_201,17,Cz,3.596706,11,5.0,0.0
GLAS,glas011,Violation_201,17,CP1,1.666041,11,5.0,0.0
GLAS,glas011,Violation_201,17,CP2,-1.101753,11,5.0,0.0
GLAS,glas011,Violation_201,17,P3,-1.105633,11,5.0,0.0
GLAS,glas011,Violation_201,17,P4,2.829822,11,5.0,0.0
GLAS,glas011,Violation_201,17,C3,-1.38801,11,5.0,0.0
GLAS,glas011,Violation_201,17,C4,2.468382,11,5.0,0.0
GLAS,glas011,Violation_201,17,P7,-3.280488,11,5.0,0.0
GLAS,glas011,Violation_201,17,P8,9.283739,11,5.0,0.0
GLAS,glas011,Violation_201,17,O1,4.149257,11,5.0,0.0
GLAS,glas011,Violation_201,17,O2,-1.298275,11,5.0,0.0
GLAS,glas011,Control_202,18,Pz,-0.1026026,11,8.0,97.0
GLAS,glas011,Control_202,18,Cz,1.354122,11,8.0,97.0
GLAS,glas011,Control_202,18,CP1,0.7857206,11,8.0,97.0
GLAS,glas011,Control_202,18,CP2,-6.040389,11,8.0,97.0
GLAS,glas011,Control_202,18,P3,-1.170654,11,8.0,97.0
GLAS,glas011,Control_202,18,P4,-2.155432,11,8.0,97.0
GLAS,glas011,Control_202,18,C3,1.276593,11,8.0,97.0
GLAS,glas011,Control_202,18,C4,-0.4391209,11,8.0,97.0
GLAS,glas011,Control_202,18,P7,3.675398,11,8.0,97.0
GLAS,glas011,Control_202,18,P8,-9.968261,11,8.0,97.0
GLAS,glas011,Control_202,18,O1,5.751084,11,8.0,97.0
GLAS,glas011,Control_202,18,O2,-1.217314,11,8.0,97.0
GLAS,glas011,Control_202,19,Pz,-10.42166,11,10.0,80.0
GLAS,glas011,Control_202,19,Cz,-17.36584,11,10.0,80.0
GLAS,glas011,Control_202,19,CP1,-1.956635,11,10.0,80.0
GLAS,glas011,Control_202,19,CP2,-9.748672,11,10.0,80.0
GLAS,glas011,Control_202,19,P3,1.179552,11,10.0,80.0
GLAS,glas011,Control_202,19,P4,-15.13175,11,10.0,80.0
GLAS,glas011,Control_202,19,C3,-20.54061,11,10.0,80.0
GLAS,glas011,Control_202,19,C4,-16.20192,11,10.0,80.0
GLAS,glas011,Control_202,19,P7,4.771726,11,10.0,80.0
GLAS,glas011,Control_202,19,P8,-18.3868,11,10.0,80.0
GLAS,glas011,Control_202,19,O1,-2.781007,11,10.0,80.0
GLAS,glas011,Control_202,19,O2,-8.677911,11,10.0,80.0
GLAS,glas011,Violation_201,20,Pz,-1.799554,11,15.0,0.0
GLAS,glas011,Violation_201,20,Cz,-0.5416551,11,15.0,0.0
GLAS,glas011,Violation_201,20,CP1,-3.675648,11,15.0,0.0
GLAS,glas011,Violation_201,20,CP2,6.082949,11,15.0,0.0
GLAS,glas011,Violation_201,20,P3,-5.490226,11,15.0,0.0
GLAS,glas011,Violation_201,20,P4,4.293329,11,15.0,0.0
GLAS,glas011,Violation_201,20,C3,0.9425966,11,15.0,0.0
GLAS,glas011,Violation_201,20,C4,1.599341,11,15.0,0.0
GLAS,glas011,Violation_201,20,P7,-4.90414,11,15.0,0.0
GLAS,glas011,Violation_201,20,P8,5.495637,11,15.0,0.0
GLAS,glas011,Violation_201,20,O1,-5.609118,11,15.0,0.0
GLAS,glas011,Violation_201,20,O2,7.789013,11,15.0,0.0
GLAS,glas011,Violation_201,21,Pz,2.115056,11,31.0,0.0
GLAS,glas011,Violation_201,21,Cz,7.958066,11,31.0,0.0
GLAS,glas011,Violation_201,21,CP1,-1.575396,11,31.0,0.0
GLAS,glas011,Violation_201,21,CP2,0.8172529,11,31.0,0.0
GLAS,glas011,Violation_201,21,P3,-2.063716,11,31.0,0.0
GLAS,glas011,Violation_201,21,P4,2.475731,11,31.0,0.0
GLAS,glas011,Violation_201,21,C3,9.196552,11,31.0,0.0
GLAS,glas011,Violation_201,21,C4,4.600838,11,31.0,0.0
GLAS,glas011,Violation_201,21,P7,4.961246,11,31.0,0.0
GLAS,glas011,Violation_201,21,P8,-0.3484339,11,31.0,0.0
GLAS,glas011,Violation_201,21,O1,-3.412193,11,31.0,0.0
GLAS,glas011,Violation_201,21,O2,-1.737534,11,31.0,0.0
GLAS,glas011,Control_202,22,Pz,-5.288656,11,40.0,93.0
GLAS,glas011,Control_202,22,Cz,-0.3997388,11,40.0,93.0
GLAS,glas011,Control_202,22,CP1,-2.94327,11,40.0,93.0
GLAS,glas011,Control_202,22,CP2,-7.373739,11,40.0,93.0
GLAS,glas011,Control_202,22,P3,-14.67084,11,40.0,93.0
GLAS,glas011,Control_202,22,P4,-2.12759,11,40.0,93.0
GLAS,glas011,Control_202,22,C3,-4.308558,11,40.0,93.0
GLAS,glas011,Control_202,22,C4,-1.831535,11,40.0,93.0
GLAS,glas011,Control_202,22,P7,-6.131784,11,40.0,93.0
GLAS,glas011,Control_202,22,P8,-3.236421,11,40.0,93.0
GLAS,glas011,Control_202,22,O1,-5.467782,11,40.0,93.0
GLAS,glas011,Control_202,22,O2,0.3963216,11,40.0,93.0
GLAS,glas011,Control_202,23,Pz,10.46474,11,36.0,77.0
GLAS,glas011,Control_202,23,Cz,9.437035,11,36.0,77.0
GLAS,glas011,Control_202,23,CP1,8.189687,11,36.0,77.0
GLAS,glas011,Control_202,23,CP2,7.218035,11,36.0,77.0
GLAS,glas011,Control_202,23,P3,13.155,11,36.0,77.0
GLAS,glas011,Control_202,23,P4,7.947773,11,36.0,77.0
GLAS,glas011,Control_202,23,C3,12.06256,11,36.0,77.0
GLAS,glas011,Control_202,23,C4,9.372492,11,36.0,77.0
GLAS,glas011,Control_202,23,P7,6.58856,11,36.0,77.0
GLAS,glas011,Control_202,23,P8,7.333355,11,36.0,77.0
GLAS,glas011,Control_202,23,O1,12.48338,11,36.0,77.0
GLAS,glas011,Control_202,23,O2,6.36853,11,36.0,77.0
GLAS,glas011,Control_202,24,Pz,20.10011,11,29.0,90.0
GLAS,glas011,Control_202,24,Cz,12.92641,11,29.0,90.0
GLAS,glas011,Control_202,24,CP1,20.09555,11,29.0,90.0
GLAS,glas011,Control_202,24,CP2,2.896709,11,29.0,90.0
GLAS,glas011,Control_202,24,P3,28.35855,11,29.0,90.0
GLAS,glas011,Control_202,24,P4,11.28477,11,29.0,90.0
GLAS,glas011,Control_202,24,C3,12.86206,11,29.0,90.0
GLAS,glas011,Control_202,24,C4,14.75263,11,29.0,90.0
GLAS,glas011,Control_202,24,P7,3.843864,11,29.0,90.0
GLAS,glas011,Control_202,24,P8,1.786456,11,29.0,90.0
GLAS,glas011,Control_202,24,O1,8.75135,11,29.0,90.0
GLAS,glas011,Control_202,24,O2,-0.8346187,11,29.0,90.0
GLAS,glas011,Violation_201,25,Pz,2.535856,11,35.0,0.0
GLAS,glas011,Violation_201,25,Cz,4.715561,11,35.0,0.0
GLAS,glas011,Violation_201,25,CP1,0.4791351,11,35.0,0.0
GLAS,glas011,Violation_201,25,CP2,3.544424,11,35.0,0.0
GLAS,glas011,Violation_201,25,P3,5.256998,11,35.0,0.0
GLAS,glas011,Violation_201,25,P4,3.48272,11,35.0,0.0
GLAS,glas011,Violation_201,25,C3,0.2608545,11,35.0,0.0
GLAS,glas011,Violation_201,25,C4,3.207294,11,35.0,0.0
GLAS,glas011,Violation_201,25,P7,8.489519,11,35.0,0.0
GLAS,glas011,Violation_201,25,P8,4.395576,11,35.0,0.0
GLAS,glas011,Violation_201,25,O1,1.803369,11,35.0,0.0
GLAS,glas011,Violation_201,25,O2,7.382552,11,35.0,0.0
GLAS,glas011,Control_202,26,Pz,-0.3976929,11,25.0,97.0
GLAS,glas011,Control_202,26,Cz,-0.2433198,11,25.0,97.0
GLAS,glas011,Control_202,26,CP1,0.3934851,11,25.0,97.0
GLAS,glas011,Control_202,26,CP2,-1.092227,11,25.0,97.0
GLAS,glas011,Control_202,26,P3,5.457909,11,25.0,97.0
GLAS,glas011,Control_202,26,P4,2.604505,11,25.0,97.0
GLAS,glas011,Control_202,26,C3,-1.294195,11,25.0,97.0
GLAS,glas011,Control_202,26,C4,1.165143,11,25.0,97.0
GLAS,glas011,Control_202,26,P7,-5.642758,11,25.0,97.0
GLAS,glas011,Control_202,26,P8,0.4992501,11,25.0,97.0
GLAS,glas011,Control_202,26,O1,-6.439509,11,25.0,97.0
GLAS,glas011,Control_202,26,O2,0.5963975,11,25.0,97.0
GLAS,glas011,Control_202,27,Pz,3.605304,11,28.0,27.0
GLAS,glas011,Control_202,27,Cz,1.103161,11,28.0,27.0
GLAS,glas011,Control_202,27,CP1,4.445323,11,28.0,27.0
GLAS,glas011,Control_202,27,CP2,8.467031,11,28.0,27.0
GLAS,glas011,Control_202,27,P3,7.459655,11,28.0,27.0
GLAS,glas011,Control_202,27,P4,-0.3651184,11,28.0,27.0
GLAS,glas011,Control_202,27,C3,2.786049,11,28.0,27.0
GLAS,glas011,Control_202,27,C4,-0.3278702,11,28.0,27.0
GLAS,glas011,Control_202,27,P7,6.005081,11,28.0,27.0
GLAS,glas011,Control_202,27,P8,-5.226593,11,28.0,27.0
GLAS,glas011,Control_202,27,O1,6.342391,11,28.0,27.0
GLAS,glas011,Control_202,27,O2,3.653918,11,28.0,27.0
GLAS,glas011,Violation_201,28,Pz,-1.573908,11,32.0,3.0
GLAS,glas011,Violation_201,28,Cz,-7.863168,11,32.0,3.0
GLAS,glas011,Violation_201,28,CP1,4.217861,11,32.0,3.0
GLAS,glas011,Violation_201,28,CP2,-2.052306,11,32.0,3.0
GLAS,glas011,Violation_201,28,P3,9.042298,11,32.0,3.0
GLAS,glas011,Violation_201,28,P4,-3.834668,11,32.0,3.0
GLAS,glas011,Violation_201,28,C3,-11.97341,11,32.0,3.0
GLAS,glas011,Violation_201,28,C4,-5.541495,11,32.0,3.0
GLAS,glas011,Violation_201,28,P7,8.062403,11,32.0,3.0
GLAS,glas011,Violation_201,28,P8,-10.05339,11,32.0,3.0
GLAS,glas011,Violation_201,28,O1,11.29798,11,32.0,3.0
GLAS,glas011,Violation_201,28,O2,-1.555805,11,32.0,3.0
GLAS,glas011,Violation_201,29,Pz,4.229845,11,38.0,0.0
GLAS,glas011,Violation_201,29,Cz,7.303256,11,38.0,0.0
GLAS,glas011,Violation_201,29,CP1,6.959975,11,38.0,0.0
GLAS,glas011,Violation_201,29,CP2,5.089166,11,38.0,0.0
GLAS,glas011,Violation_201,29,P3,-4.706174,11,38.0,0.0
GLAS,glas011,Violation_201,29,P4,6.364312,11,38.0,0.0
GLAS,glas011,Violation_201,29,C3,13.80474,11,38.0,0.0
GLAS,glas011,Violation_201,29,C4,5.787966,11,38.0,0.0
GLAS,glas011,Violation_201,29,P7,-2.219728,11,38.0,0.0
GLAS,glas011,Violation_201,29,P8,10.266,11,38.0,0.0
GLAS,glas011,Violation_201,29,O1,0.5500942,11,38.0,0.0
GLAS,glas011,Violation_201,29,O2,9.240771,11,38.0,0.0
GLAS,glas011,Violation_201,30,Pz,0.5974706,11,30.0,0.0
GLAS,glas011,Violation_201,30,Cz,1.481413,11,30.0,0.0
GLAS,glas011,Violation_201,30,CP1,-2.830111,11,30.0,0.0
GLAS,glas011,Violation_201,30,CP2,0.1031291,11,30.0,0.0
GLAS,glas011,Violation_201,30,P3,0.9409795,11,30.0,0.0
GLAS,glas011,Violation_201,30,P4,3.567324,11,30.0,0.0
GLAS,glas011,Violation_201,30,C3,1.270296,11,30.0,0.0
GLAS,glas011,Violation_201,30,C4,3.265501,11,30.0,0.0
GLAS,glas011,Violation_201,30,P7,3.36139,11,30.0,0.0
GLAS,glas011,Violation_201,30,P8,-7.323687,11,30.0,0.0
GLAS,glas011,Violation_201,30,O1,3.627085,11,30.0,0.0
GLAS,glas011,Violation_201,30,O2,3.416001,11,30.0,0.0
GLAS,glas011,Violation_201,31,Pz,-24.25757,11,24.0,40.0
GLAS,glas011,Violation_201,31,Cz,-22.50718,11,24.0,40.0
GLAS,glas011,Violation_201,31,CP1,-27.10828,11,24.0,40.0
GLAS,glas011,Violation_201,31,CP2,-26.46401,11,24.0,40.0
GLAS,glas011,Violation_201,31,P3,-42.09007,11,24.0,40.0
GLAS,glas011,Violation_201,31,P4,-25.0595,11,24.0,40.0
GLAS,glas011,Violation_201,31,C3,-19.63338,11,24.0,40.0
GLAS,glas011,Violation_201,31,C4,-23.8389,11,24.0,40.0
GLAS,glas011,Violation_201,31,P7,-20.67161,11,24.0,40.0
GLAS,glas011,Violation_201,31,P8,-24.02756,11,24.0,40.0
GLAS,glas011,Violation_201,31,O1,-18.04255,11,24.0,40.0
GLAS,glas011,Violation_201,31,O2,-25.09655,11,24.0,40.0
GLAS,glas011,Control_202,32,Pz,5.339318,11,34.0,97.0
GLAS,glas011,Control_202,32,Cz,1.834244,11,34.0,97.0
GLAS,glas011,Control_202,32,CP1,6.370737,11,34.0,97.0
GLAS,glas011,Control_202,32,CP2,0.3691016,11,34.0,97.0
GLAS,glas011,Control_202,32,P3,1.275685,11,34.0,97.0
GLAS,glas011,Control_202,32,P4,1.315208,11,34.0,97.0
GLAS,glas011,Control_202,32,C3,3.688403,11,34.0,97.0
GLAS,glas011,Control_202,32,C4,2.645381,11,34.0,97.0
GLAS,glas011,Control_202,32,P7,1.786083,11,34.0,97.0
GLAS,glas011,Control_202,32,P8,-3.288123,11,34.0,97.0
GLAS,glas011,Control_202,32,O1,-0.8418707,11,34.0,97.0
GLAS,glas011,Control_202,32,O2,-0.9914304,11,34.0,97.0
GLAS,glas011,Violation_201,33,Pz,12.42648,11,39.0,0.0
GLAS,glas011,Violation_201,33,Cz,11.90155,11,39.0,0.0
GLAS,glas011,Violation_201,33,CP1,10.36224,11,39.0,0.0
GLAS,glas011,Violation_201,33,CP2,5.27057,11,39.0,0.0
GLAS,glas011,Violation_201,33,P3,14.12108,11,39.0,0.0
GLAS,glas011,Violation_201,33,P4,8.493891,11,39.0,0.0
GLAS,glas011,Violation_201,33,C3,10.95024,11,39.0,0.0
GLAS,glas011,Violation_201,33,C4,10.28564,11,39.0,0.0
GLAS,glas011,Violation_201,33,P7,7.08051,11,39.0,0.0
GLAS,glas011,Violation_201,33,P8,2.342224,11,39.0,0.0
GLAS,glas011,Violation_201,33,O1,0.1964722,11,39.0,0.0
GLAS,glas011,Violation_201,33,O2,2.281783,11,39.0,0.0
GLAS,glas011,Control_202,34,Pz,-2.033899,11,37.0,80.0
GLAS,glas011,Control_202,34,Cz,2.028465,11,37.0,80.0
GLAS,glas011,Control_202,34,CP1,-1.794171,11,37.0,80.0
GLAS,glas011,Control_202,34,CP2,4.675593,11,37.0,80.0
GLAS,glas011,Control_202,34,P3,9.641894,11,37.0,80.0
GLAS,glas011,Control_202,34,P4,2.721008,11,37.0,80.0
GLAS,glas011,Control_202,34,C3,1.414965,11,37.0,80.0
GLAS,glas011,Control_202,34,C4,0.6606588,11,37.0,80.0
GLAS,glas011,Control_202,34,P7,-1.421327,11,37.0,80.0
GLAS,glas011,Control_202,34,P8,8.236625,11,37.0,80.0
GLAS,glas011,Control_202,34,O1,8.519386,11,37.0,80.0
GLAS,glas011,Control_202,34,O2,6.406167,11,37.0,80.0
GLAS,glas011,Violation_201,35,Pz,-25.73248,11,26.0,0.0
GLAS,glas011,Violation_201,35,Cz,-27.91274,11,26.0,0.0
GLAS,glas011,Violation_201,35,CP1,-25.54556,11,26.0,0.0
GLAS,glas011,Violation_201,35,CP2,-26.11802,11,26.0,0.0
GLAS,glas011,Violation_201,35,P3,-29.38654,11,26.0,0.0
GLAS,glas011,Violation_201,35,P4,-29.95418,11,26.0,0.0
GLAS,glas011,Violation_201,35,C3,-27.01135,11,26.0,0.0
GLAS,glas011,Violation_201,35,C4,-28.60375,11,26.0,0.0
GLAS,glas011,Violation_201,35,P7,-25.75304,11,26.0,0.0
GLAS,glas011,Violation_201,35,P8,-35.04596,11,26.0,0.0
GLAS,glas011,Violation_201,35,O1,-30.10687,11,26.0,0.0
GLAS,glas011,Violation_201,35,O2,-27.3057,11,26.0,0.0
GLAS,glas011,Control_202,36,Pz,-19.17617,11,27.0,97.0
GLAS,glas011,Control_202,36,Cz,-18.33311,11,27.0,97.0
GLAS,glas011,Control_202,36,CP1,-14.80289,11,27.0,97.0
GLAS,glas011,Control_202,36,CP2,-9.472114,11,27.0,97.0
GLAS,glas011,Control_202,36,P3,-16.0503,11,27.0,97.0
GLAS,glas011,Control_202,36,P4,-19.1093,11,27.0,97.0
GLAS,glas011,Control_202,36,C3,-15.46387,11,27.0,97.0
GLAS,glas011,Control_202,36,C4,-19.78866,11,27.0,97.0
GLAS,glas011,Control_202,36,P7,-18.98148,11,27.0,97.0
GLAS,glas011,Control_202,36,P8,-15.10339,11,27.0,97.0
GLAS,glas011,Control_202,36,O1,-20.40143,11,27.0,97.0
GLAS,glas011,Control_202,36,O2,-16.08623,11,27.0,97.0
GLAS,glas011,Violation_201,37,Pz,3.882159,11,23.0,3.0
GLAS,glas011,Violation_201,37,Cz,3.289427,11,23.0,3.0
GLAS,glas011,Violation_201,37,CP1,-0.5236316,11,23.0,3.0
GLAS,glas011,Violation_201,37,CP2,0.611814,11,23.0,3.0
GLAS,glas011,Violation_201,37,P3,7.127958,11,23.0,3.0
GLAS,glas011,Violation_201,37,P4,4.143833,11,23.0,3.0
GLAS,glas011,Violation_201,37,C3,4.232543,11,23.0,3.0
GLAS,glas011,Violation_201,37,C4,3.950141,11,23.0,3.0
GLAS,glas011,Violation_201,37,P7,2.710625,11,23.0,3.0
GLAS,glas011,Violation_201,37,P8,4.780501,11,23.0,3.0
GLAS,glas011,Violation_201,37,O1,-3.130844,11,23.0,3.0
GLAS,glas011,Violation_201,37,O2,-0.8225886,11,23.0,3.0
GLAS,glas011,Control_202,38,Pz,-3.643039,11,21.0,77.0
GLAS,glas011,Control_202,38,Cz,-4.615479,11,21.0,77.0
GLAS,glas011,Control_202,38,CP1,-7.323465,11,21.0,77.0
GLAS,glas011,Control_202,38,CP2,-4.626691,11,21.0,77.0
GLAS,glas011,Control_202,38,P3,-1.166597,11,21.0,77.0
GLAS,glas011,Control_202,38,P4,-1.876302,11,21.0,77.0
GLAS,glas011,Control_202,38,C3,-7.960759,11,21.0,77.0
GLAS,glas011,Control_202,38,C4,-3.706986,11,21.0,77.0
GLAS,glas011,Control_202,38,P7,-6.17117,11,21.0,77.0
GLAS,glas011,Control_202,38,P8,5.845705,11,21.0,77.0
GLAS,glas011,Control_202,38,O1,-9.687586,11,21.0,77.0
GLAS,glas011,Control_202,38,O2,-2.916261,11,21.0,77.0
GLAS,glas011,Violation_201,39,Pz,13.62614,11,33.0,0.0
GLAS,glas011,Violation_201,39,Cz,13.9776,11,33.0,0.0
GLAS,glas011,Violation_201,39,CP1,11.78684,11,33.0,0.0
GLAS,glas011,Violation_201,39,CP2,11.65556,11,33.0,0.0
GLAS,glas011,Violation_201,39,P3,13.41135,11,33.0,0.0
GLAS,glas011,Violation_201,39,P4,11.90886,11,33.0,0.0
GLAS,glas011,Violation_201,39,C3,4.608881,11,33.0,0.0
GLAS,glas011,Violation_201,39,C4,11.74117,11,33.0,0.0
GLAS,glas011,Violation_201,39,P7,3.983567,11,33.0,0.0
GLAS,glas011,Violation_201,39,P8,10.81107,11,33.0,0.0
GLAS,glas011,Violation_201,39,O1,10.92905,11,33.0,0.0
GLAS,glas011,Violation_201,39,O2,11.00542,11,33.0,0.0
GLAS,glas011,Control_202,40,Pz,9.72204,11,22.0,53.0
GLAS,glas011,Control_202,40,Cz,8.851084,11,22.0,53.0
GLAS,glas011,Control_202,40,CP1,5.713645,11,22.0,53.0
GLAS,glas011,Control_202,40,CP2,7.902337,11,22.0,53.0
GLAS,glas011,Control_202,40,P3,17.25582,11,22.0,53.0
GLAS,glas011,Control_202,40,P4,9.714555,11,22.0,53.0
GLAS,glas011,Control_202,40,C3,9.175772,11,22.0,53.0
GLAS,glas011,Control_202,40,C4,9.628244,11,22.0,53.0
GLAS,glas011,Control_202,40,P7,2.370276,11,22.0,53.0
GLAS,glas011,Control_202,40,P8,10.33344,11,22.0,53.0
GLAS,glas011,Control_202,40,O1,2.596654,11,22.0,53.0
GLAS,glas011,Control_202,40,O2,7.622029,11,22.0,53.0
GLAS,glas012,Violation_201,1,Pz,-6.732158,12,18.0,0.0
GLAS,glas012,Violation_201,1,Cz,2.430323,12,18.0,0.0
GLAS,glas012,Violation_201,1,CP1,-1.779774,12,18.0,0.0
GLAS,glas012,Violation_201,1,CP2,2.687626,12,18.0,0.0
GLAS,glas012,Violation_201,1,P3,-6.48186,12,18.0,0.0
GLAS,glas012,Violation_201,1,P4,0.2442536,12,18.0,0.0
GLAS,glas012,Violation_201,1,C3,6.71516,12,18.0,0.0
GLAS,glas012,Violation_201,1,C4,-6.372021,12,18.0,0.0
GLAS,glas012,Violation_201,1,P7,-1.202332,12,18.0,0.0
GLAS,glas012,Violation_201,1,P8,-5.971717,12,18.0,0.0
GLAS,glas012,Violation_201,1,O1,0.05725037,12,18.0,0.0
GLAS,glas012,Violation_201,1,O2,11.09924,12,18.0,0.0
GLAS,glas012,Control_202,2,Pz,14.14955,12,20.0,90.0
GLAS,glas012,Control_202,2,Cz,-3.322246,12,20.0,90.0
GLAS,glas012,Control_202,2,CP1,-10.8922,12,20.0,90.0
GLAS,glas012,Control_202,2,CP2,-0.1485008,12,20.0,90.0
GLAS,glas012,Control_202,2,P3,6.315592,12,20.0,90.0
GLAS,glas012,Control_202,2,P4,-4.389617,12,20.0,90.0
GLAS,glas012,Control_202,2,C3,0.2149404,12,20.0,90.0
GLAS,glas012,Control_202,2,C4,2.044136,12,20.0,90.0
GLAS,glas012,Control_202,2,P7,-3.821417,12,20.0,90.0
GLAS,glas012,Control_202,2,P8,16.16349,12,20.0,90.0
GLAS,glas012,Control_202,2,O1,-5.136978,12,20.0,90.0
GLAS,glas012,Control_202,2,O2,1.03092,12,20.0,90.0
GLAS,glas012,Control_202,3,Pz,18.03117,12,11.0,87.0
GLAS,glas012,Control_202,3,Cz,8.69735,12,11.0,87.0
GLAS,glas012,Control_202,3,CP1,1.092017,12,11.0,87.0
GLAS,glas012,Control_202,3,CP2,10.74577,12,11.0,87.0
GLAS,glas012,Control_202,3,P3,6.926929,12,11.0,87.0
GLAS,glas012,Control_202,3,P4,3.448245,12,11.0,87.0
GLAS,glas012,Control_202,3,C3,15.90224,12,11.0,87.0
GLAS,glas012,Control_202,3,C4,17.58824,12,11.0,87.0
GLAS,glas012,Control_202,3,P7,7.763313,12,11.0,87.0
GLAS,glas012,Control_202,3,P8,-8.081242,12,11.0,87.0
GLAS,glas012,Control_202,3,O1,12.91273,12,11.0,87.0
GLAS,glas012,Control_202,3,O2,10.08981,12,11.0,87.0
GLAS,glas012,Control_202,4,Pz,-32.84694,12,3.0,100.0
GLAS,glas012,Control_202,4,Cz,-17.41297,12,3.0,100.0
GLAS,glas012,Control_202,4,CP1,-15.14446,12,3.0,100.0
GLAS,glas012,Control_202,4,CP2,-12.77091,12,3.0,100.0
GLAS,glas012,Control_202,4,P3,-23.3667,12,3.0,100.0
GLAS,glas012,Control_202,4,P4,-18.30076,12,3.0,100.0
GLAS,glas012,Control_202,4,C3,-30.77445,12,3.0,100.0
GLAS,glas012,Control_202,4,C4,-24.21584,12,3.0,100.0
GLAS,glas012,Control_202,4,P7,-13.2778,12,3.0,100.0
GLAS,glas012,Control_202,4,P8,-33.79781,12,3.0,100.0
GLAS,glas012,Control_202,4,O1,-9.030724,12,3.0,100.0
GLAS,glas012,Control_202,4,O2,-5.100153,12,3.0,100.0
GLAS,glas012,Violation_201,5,Pz,-7.747594,12,19.0,0.0
GLAS,glas012,Violation_201,5,Cz,-8.813957,12,19.0,0.0
GLAS,glas012,Violation_201,5,CP1,-8.134855,12,19.0,0.0
GLAS,glas012,Violation_201,5,CP2,-5.522547,12,19.0,0.0
GLAS,glas012,Violation_201,5,P3,20.44269,12,19.0,0.0
GLAS,glas012,Violation_201,5,P4,-17.80528,12,19.0,0.0
GLAS,glas012,Violation_201,5,C3,-20.9751,12,19.0,0.0
GLAS,glas012,Violation_201,5,C4,-11.50888,12,19.0,0.0
GLAS,glas012,Violation_201,5,P7,-7.897993,12,19.0,0.0
GLAS,glas012,Violation_201,5,P8,2.307256,12,19.0,0.0
GLAS,glas012,Violation_201,5,O1,-5.546127,12,19.0,0.0
GLAS,glas012,Violation_201,5,O2,-10.97529,12,19.0,0.0
GLAS,glas012,Control_202,6,Pz,16.88013,12,1.0,97.0
GLAS,glas012,Control_202,6,Cz,7.379295,12,1.0,97.0
GLAS,glas012,Control_202,6,CP1,10.55694,12,1.0,97.0
GLAS,glas012,Control_202,6,CP2,6.340371,12,1.0,97.0
GLAS,glas012,Control_202,6,P3,28.92448,12,1.0,97.0
GLAS,glas012,Control_202,6,P4,2.673687,12,1.0,97.0
GLAS,glas012,Control_202,6,C3,6.526338,12,1.0,97.0
GLAS,glas012,Control_202,6,C4,4.750633,12,1.0,97.0
GLAS,glas012,Control_202,6,P7,7.644242,12,1.0,97.0
GLAS,glas012,Control_202,6,P8,23.12601,12,1.0,97.0
GLAS,glas012,Control_202,6,O1,17.38572,12,1.0,97.0
GLAS,glas012,Control_202,6,O2,25.97987,12,1.0,97.0
GLAS,glas012,Control_202,7,Pz,17.55184,12,14.0,90.0
GLAS,glas012,Control_202,7,Cz,6.595567,12,14.0,90.0
GLAS,glas012,Control_202,7,CP1,3.881325,12,14.0,90.0
GLAS,glas012,Control_202,7,CP2,1.440632,12,14.0,90.0
GLAS,glas012,Control_202,7,P3,-2.550896,12,14.0,90.0
GLAS,glas012,Control_202,7,P4,0.1820586,12,14.0,90.0
GLAS,glas012,Control_202,7,C3,14.23525,12,14.0,90.0
GLAS,glas012,Control_202,7,C4,15.68416,12,14.0,90.0
GLAS,glas012,Control_202,7,P7,-2.083589,12,14.0,90.0
GLAS,glas012,Control_202,7,P8,4.379919,12,14.0,90.0
GLAS,glas012,Control_202,7,O1,4.902376,12,14.0,90.0
GLAS,glas012,Control_202,7,O2,3.364431,12,14.0,90.0
GLAS,glas012,Violation_201,8,Pz,-21.86781,12,5.0,0.0
GLAS,glas012,Violation_201,8,Cz,-16.32625,12,5.0,0.0
GLAS,glas012,Violation_201,8,CP1,-11.89429,12,5.0,0.0
GLAS,glas012,Violation_201,8,CP2,-17.06057,12,5.0,0.0
GLAS,glas012,Violation_201,8,P3,-17.92655,12,5.0,0.0
GLAS,glas012,Violation_201,8,P4,-25.63673,12,5.0,0.0
GLAS,glas012,Violation_201,8,C3,-22.40066,12,5.0,0.0
GLAS,glas012,Violation_201,8,C4,-26.7838,12,5.0,0.0
GLAS,glas012,Violation_201,8,P7,-15.73174,12,5.0,0.0
GLAS,glas012,Violation_201,8,P8,-19.93691,12,5.0,0.0
GLAS,glas012,Violation_201,8,O1,-21.78427,12,5.0,0.0
GLAS,glas012,Violation_201,8,O2,-15.64433,12,5.0,0.0
GLAS,glas012,Violation_201,9,Pz,18.16376,12,4.0,20.0
GLAS,glas012,Violation_201,9,Cz,17.35576,12,4.0,20.0
GLAS,glas012,Violation_201,9,CP1,25.95265,12,4.0,20.0
GLAS,glas012,Violation_201,9,CP2,18.79074,12,4.0,20.0
GLAS,glas012,Violation_201,9,P3,21.52813,12,4.0,20.0
GLAS,glas012,Violation_201,9,P4,30.78055,12,4.0,20.0
GLAS,glas012,Violation_201,9,C3,25.72576,12,4.0,20.0
GLAS,glas012,Violation_201,9,C4,12.06852,12,4.0,20.0
GLAS,glas012,Violation_201,9,P7,26.34143,12,4.0,20.0
GLAS,glas012,Violation_201,9,P8,37.15469,12,4.0,20.0
GLAS,glas012,Violation_201,9,O1,29.71278,12,4.0,20.0
GLAS,glas012,Violation_201,9,O2,21.68496,12,4.0,20.0
GLAS,glas012,Violation_201,10,Pz,-0.7728161,12,13.0,0.0
GLAS,glas012,Violation_201,10,Cz,-3.158033,12,13.0,0.0
GLAS,glas012,Violation_201,10,CP1,-2.659578,12,13.0,0.0
GLAS,glas012,Violation_201,10,CP2,-9.817422,12,13.0,0.0
GLAS,glas012,Violation_201,10,P3,5.604402,12,13.0,0.0
GLAS,glas012,Violation_201,10,P4,-5.625428,12,13.0,0.0
GLAS,glas012,Violation_201,10,C3,-3.217672,12,13.0,0.0
GLAS,glas012,Violation_201,10,C4,-7.626896,12,13.0,0.0
GLAS,glas012,Violation_201,10,P7,-8.757687,12,13.0,0.0
GLAS,glas012,Violation_201,10,P8,8.07126,12,13.0,0.0
GLAS,glas012,Violation_201,10,O1,-11.65543,12,13.0,0.0
GLAS,glas012,Violation_201,10,O2,-27.07359,12,13.0,0.0
GLAS,glas012,Violation_201,11,Pz,-8.839684,12,9.0,3.0
GLAS,glas012,Violation_201,11,Cz,-18.96974,12,9.0,3.0
GLAS,glas012,Violation_201,11,CP1,-9.2402,12,9.0,3.0
GLAS,glas012,Violation_201,11,CP2,-15.77258,12,9.0,3.0
GLAS,glas012,Violation_201,11,P3,-8.324282,12,9.0,3.0
GLAS,glas012,Violation_201,11,P4,-27.70889,12,9.0,3.0
GLAS,glas012,Violation_201,11,C3,-8.316326,12,9.0,3.0
GLAS,glas012,Violation_201,11,C4,-16.19322,12,9.0,3.0
GLAS,glas012,Violation_201,11,P7,-12.20363,12,9.0,3.0
GLAS,glas012,Violation_201,11,P8,4.053287,12,9.0,3.0
GLAS,glas012,Violation_201,11,O1,-13.03235,12,9.0,3.0
GLAS,glas012,Violation_201,11,O2,-13.53013,12,9.0,3.0
GLAS,glas012,Violation_201,12,Pz,12.19945,12,10.0,3.0
GLAS,glas012,Violation_201,12,Cz,1.010745,12,10.0,3.0
GLAS,glas012,Violation_201,12,CP1,2.009792,12,10.0,3.0
GLAS,glas012,Violation_201,12,CP2,-0.9578001,12,10.0,3.0
GLAS,glas012,Violation_201,12,P3,1.325727,12,10.0,3.0
GLAS,glas012,Violation_201,12,P4,-9.353649,12,10.0,3.0
GLAS,glas012,Violation_201,12,C3,6.670387,12,10.0,3.0
GLAS,glas012,Violation_201,12,C4,14.49044,12,10.0,3.0
GLAS,glas012,Violation_201,12,P7,3.901819,12,10.0,3.0
GLAS,glas012,Violation_201,12,P8,2.313025,12,10.0,3.0
GLAS,glas012,Violation_201,12,O1,0.06997081,12,10.0,3.0
GLAS,glas012,Violation_201,12,O2,-8.248041,12,10.0,3.0
GLAS,glas012,Control_202,13,Pz,-23.50082,12,7.0,80.0
GLAS,glas012,Control_202,13,Cz,-20.65766,12,7.0,80.0
GLAS,glas012,Control_202,13,CP1,-8.372441,12,7.0,80.0
GLAS,glas012,Control_202,13,CP2,-16.39167,12,7.0,80.0
GLAS,glas012,Control_202,13,P3,-6.58472,12,7.0,80.0
GLAS,glas012,Control_202,13,P4,-18.01025,12,7.0,80.0
GLAS,glas012,Control_202,13,C3,-20.86079,12,7.0,80.0
GLAS,glas012,Control_202,13,C4,-5.028156,12,7.0,80.0
GLAS,glas012,Control_202,13,P7,-15.07439,12,7.0,80.0
GLAS,glas012,Control_202,13,P8,2.24993,12,7.0,80.0
GLAS,glas012,Control_202,13,O1,-17.90661,12,7.0,80.0
GLAS,glas012,Control_202,13,O2,-10.05108,12,7.0,80.0
GLAS,glas012,Control_202,14,Pz,5.593796,12,15.0,90.0
GLAS,glas012,Control_202,14,Cz,-15.59022,12,15.0,90.0
GLAS,glas012,Control_202,14,CP1,-12.15002,12,15.0,90.0
GLAS,glas012,Control_202,14,CP2,-10.55847,12,15.0,90.0
GLAS,glas012,Control_202,14,P3,-12.83709,12,15.0,90.0
GLAS,glas012,Control_202,14,P4,-0.6662932,12,15.0,90.0
GLAS,glas012,Control_202,14,C3,-6.077721,12,15.0,90.0
GLAS,glas012,Control_202,14,C4,-20.72756,12,15.0,90.0
GLAS,glas012,Control_202,14,P7,-17.13456,12,15.0,90.0
GLAS,glas012,Control_202,14,P8,-15.53868,12,15.0,90.0
GLAS,glas012,Control_202,14,O1,-15.29025,12,15.0,90.0
GLAS,glas012,Control_202,14,O2,-5.227836,12,15.0,90.0
GLAS,glas012,Control_202,15,Pz,0.8743333,12,2.0,100.0
GLAS,glas012,Control_202,15,Cz,0.1276525,12,2.0,100.0
GLAS,glas012,Control_202,15,CP1,4.655628,12,2.0,100.0
GLAS,glas012,Control_202,15,CP2,0.2602375,12,2.0,100.0
GLAS,glas012,Control_202,15,P3,-3.560855,12,2.0,100.0
GLAS,glas012,Control_202,15,P4,-8.114131,12,2.0,100.0
GLAS,glas012,Control_202,15,C3,-8.232106,12,2.0,100.0
GLAS,glas012,Control_202,15,C4,-9.320237,12,2.0,100.0
GLAS,glas012,Control_202,15,P7,-2.368725,12,2.0,100.0
GLAS,glas012,Control_202,15,P8,1.765637,12,2.0,100.0
GLAS,glas012,Control_202,15,O1,-5.670266,12,2.0,100.0
GLAS,glas012,Control_202,15,O2,-9.173656,12,2.0,100.0
GLAS,glas012,Control_202,16,Pz,-34.49317,12,8.0,97.0
GLAS,glas012,Control_202,16,Cz,-26.11666,12,8.0,97.0
GLAS,glas012,Control_202,16,CP1,-33.58474,12,8.0,97.0
GLAS,glas012,Control_202,16,CP2,-23.73318,12,8.0,97.0
GLAS,glas012,Control_202,16,P3,-32.0346,12,8.0,97.0
GLAS,glas012,Control_202,16,P4,-32.38956,12,8.0,97.0
GLAS,glas012,Control_202,16,C3,-34.09576,12,8.0,97.0
GLAS,glas012,Control_202,16,C4,-41.85791,12,8.0,97.0
GLAS,glas012,Control_202,16,P7,-21.97073,12,8.0,97.0
GLAS,glas012,Control_202,16,P8,-30.1381,12,8.0,97.0
GLAS,glas012,Control_202,16,O1,-25.04729,12,8.0,97.0
GLAS,glas012,Control_202,16,O2,-19.73946,12,8.0,97.0
GLAS,glas012,Violation_201,17,Pz,1.833633,12,17.0,0.0
GLAS,glas012,Violation_201,17,Cz,17.91429,12,17.0,0.0
GLAS,glas012,Violation_201,17,CP1,14.54503,12,17.0,0.0
GLAS,glas012,Violation_201,17,CP2,16.12894,12,17.0,0.0
GLAS,glas012,Violation_201,17,P3,12.7836,12,17.0,0.0
GLAS,glas012,Violation_201,17,P4,15.22218,12,17.0,0.0
GLAS,glas012,Violation_201,17,C3,4.747565,12,17.0,0.0
GLAS,glas012,Violation_201,17,C4,13.18736,12,17.0,0.0
GLAS,glas012,Violation_201,17,P7,23.37786,12,17.0,0.0
GLAS,glas012,Violation_201,17,P8,8.890685,12,17.0,0.0
GLAS,glas012,Violation_201,17,O1,3.821303,12,17.0,0.0
GLAS,glas012,Violation_201,17,O2,7.394439,12,17.0,0.0
GLAS,glas012,Violation_201,18,Pz,-17.92038,12,16.0,0.0
GLAS,glas012,Violation_201,18,Cz,-10.8553,12,16.0,0.0
GLAS,glas012,Violation_201,18,CP1,-4.518802,12,16.0,0.0
GLAS,glas012,Violation_201,18,CP2,-10.65872,12,16.0,0.0
GLAS,glas012,Violation_201,18,P3,-13.26594,12,16.0,0.0
GLAS,glas012,Violation_201,18,P4,2.62057,12,16.0,0.0
GLAS,glas012,Violation_201,18,C3,-7.962795,12,16.0,0.0
GLAS,glas012,Violation_201,18,C4,-15.46855,12,16.0,0.0
GLAS,glas012,Violation_201,18,P7,-11.69196,12,16.0,0.0
GLAS,glas012,Violation_201,18,P8,2.712872,12,16.0,0.0
GLAS,glas012,Violation_201,18,O1,-12.90682,12,16.0,0.0
GLAS,glas012,Violation_201,18,O2,-0.5084407,12,16.0,0.0
GLAS,glas012,Violation_201,19,Pz,-15.18878,12,12.0,13.0
GLAS,glas012,Violation_201,19,Cz,-27.79667,12,12.0,13.0
GLAS,glas012,Violation_201,19,CP1,-24.15459,12,12.0,13.0
GLAS,glas012,Violation_201,19,CP2,-28.48695,12,12.0,13.0
GLAS,glas012,Violation_201,19,P3,-14.58985,12,12.0,13.0
GLAS,glas012,Violation_201,19,P4,-36.63999,12,12.0,13.0
GLAS,glas012,Violation_201,19,C3,-6.671167,12,12.0,13.0
GLAS,glas012,Violation_201,19,C4,-21.87309,12,12.0,13.0
GLAS,glas012,Violation_201,19,P7,-26.52308,12,12.0,13.0
GLAS,glas012,Violation_201,19,P8,-42.09853,12,12.0,13.0
GLAS,glas012,Violation_201,19,O1,-28.74248,12,12.0,13.0
GLAS,glas012,Violation_201,19,O2,-31.03902,12,12.0,13.0
GLAS,glas012,Control_202,20,Pz,12.76655,12,6.0,100.0
GLAS,glas012,Control_202,20,Cz,3.436278,12,6.0,100.0
GLAS,glas012,Control_202,20,CP1,-6.045179,12,6.0,100.0
GLAS,glas012,Control_202,20,CP2,-0.1339707,12,6.0,100.0
GLAS,glas012,Control_202,20,P3,-7.533577,12,6.0,100.0
GLAS,glas012,Control_202,20,P4,3.264842,12,6.0,100.0
GLAS,glas012,Control_202,20,C3,-1.643036,12,6.0,100.0
GLAS,glas012,Control_202,20,C4,7.742793,12,6.0,100.0
GLAS,glas012,Control_202,20,P7,1.923461,12,6.0,100.0
GLAS,glas012,Control_202,20,P8,-3.239645,12,6.0,100.0
GLAS,glas012,Control_202,20,O1,3.647397,12,6.0,100.0
GLAS,glas012,Control_202,20,O2,-0.1438434,12,6.0,100.0
GLAS,glas012,Violation_201,21,Pz,10.9704,12,36.0,7.0
GLAS,glas012,Violation_201,21,Cz,9.807085,12,36.0,7.0
GLAS,glas012,Violation_201,21,CP1,10.88038,12,36.0,7.0
GLAS,glas012,Violation_201,21,CP2,11.38497,12,36.0,7.0
GLAS,glas012,Violation_201,21,P3,2.935625,12,36.0,7.0
GLAS,glas012,Violation_201,21,P4,27.46494,12,36.0,7.0
GLAS,glas012,Violation_201,21,C3,3.839805,12,36.0,7.0
GLAS,glas012,Violation_201,21,C4,-6.716586,12,36.0,7.0
GLAS,glas012,Violation_201,21,P7,4.891295,12,36.0,7.0
GLAS,glas012,Violation_201,21,P8,8.529497,12,36.0,7.0
GLAS,glas012,Violation_201,21,O1,16.75523,12,36.0,7.0
GLAS,glas012,Violation_201,21,O2,12.04327,12,36.0,7.0
GLAS,glas012,Violation_201,22,Pz,-12.71277,12,33.0,0.0
GLAS,glas012,Violation_201,22,Cz,-14.50049,12,33.0,0.0
GLAS,glas012,Violation_201,22,CP1,-8.694137,12,33.0,0.0
GLAS,glas012,Violation_201,22,CP2,-11.20533,12,33.0,0.0
GLAS,glas012,Violation_201,22,P3,-9.273935,12,33.0,0.0
GLAS,glas012,Violation_201,22,P4,12.8468,12,33.0,0.0
GLAS,glas012,Violation_201,22,C3,-8.704498,12,33.0,0.0
GLAS,glas012,Violation_201,22,C4,0.3593017,12,33.0,0.0
GLAS,glas012,Violation_201,22,P7,-5.353523,12,33.0,0.0
GLAS,glas012,Violation_201,22,P8,-7.62626,12,33.0,0.0
GLAS,glas012,Violation_201,22,O1,-10.3468,12,33.0,0.0
GLAS,glas012,Violation_201,22,O2,-28.08039,12,33.0,0.0
GLAS,glas012,Control_202,23,Pz,11.7656,12,24.0,93.0
GLAS,glas012,Control_202,23,Cz,5.958786,12,24.0,93.0
GLAS,glas012,Control_202,23,CP1,9.935883,12,24.0,93.0
GLAS,glas012,Control_202,23,CP2,5.522929,12,24.0,93.0
GLAS,glas012,Control_202,23,P3,-2.50081,12,24.0,93.0
GLAS,glas012,Control_202,23,P4,0.4670733,12,24.0,93.0
GLAS,glas012,Control_202,23,C3,3.586824,12,24.0,93.0
GLAS,glas012,Control_202,23,C4,4.259928,12,24.0,93.0
GLAS,glas012,Control_202,23,P7,5.199262,12,24.0,93.0
GLAS,glas012,Control_202,23,P8,-0.8618176,12,24.0,93.0
GLAS,glas012,Control_202,23,O1,1.619545,12,24.0,93.0
GLAS,glas012,Control_202,23,O2,15.69362,12,24.0,93.0
GLAS,glas012,Violation_201,24,Pz,-11.25054,12,27.0,0.0
GLAS,glas012,Violation_201,24,Cz,-10.86291,12,27.0,0.0
GLAS,glas012,Violation_201,24,CP1,0.3212037,12,27.0,0.0
GLAS,glas012,Violation_201,24,CP2,-3.718826,12,27.0,0.0
GLAS,glas012,Violation_201,24,P3,0.9849786,12,27.0,0.0
GLAS,glas012,Violation_201,24,P4,-2.591959,12,27.0,0.0
GLAS,glas012,Violation_201,24,C3,-18.29419,12,27.0,0.0
GLAS,glas012,Violation_201,24,C4,-16.97462,12,27.0,0.0
GLAS,glas012,Violation_201,24,P7,-1.466844,12,27.0,0.0
GLAS,glas012,Violation_201,24,P8,-14.16834,12,27.0,0.0
GLAS,glas012,Violation_201,24,O1,2.889795,12,27.0,0.0
GLAS,glas012,Violation_201,24,O2,-17.48847,12,27.0,0.0
GLAS,glas012,Control_202,25,Pz,-1.646198,12,37.0,80.0
GLAS,glas012,Control_202,25,Cz,-1.269909,12,37.0,80.0
GLAS,glas012,Control_202,25,CP1,-0.7155253,12,37.0,80.0
GLAS,glas012,Control_202,25,CP2,-2.639979,12,37.0,80.0
GLAS,glas012,Control_202,25,P3,-10.28664,12,37.0,80.0
GLAS,glas012,Control_202,25,P4,-5.142132,12,37.0,80.0
GLAS,glas012,Control_202,25,C3,-0.5969191,12,37.0,80.0
GLAS,glas012,Control_202,25,C4,6.983532,12,37.0,80.0
GLAS,glas012,Control_202,25,P7,-1.89823,12,37.0,80.0
GLAS,glas012,Control_202,25,P8,-7.600581,12,37.0,80.0
GLAS,glas012,Control_202,25,O1,-8.026877,12,37.0,80.0
GLAS,glas012,Control_202,25,O2,-15.23179,12,37.0,80.0
GLAS,glas012,Control_202,26,Pz,-12.77924,12,29.0,90.0
GLAS,glas012,Control_202,26,Cz,-16.5942,12,29.0,90.0
GLAS,glas012,Control_202,26,CP1,-23.91898,12,29.0,90.0
GLAS,glas012,Control_202,26,CP2,-13.96281,12,29.0,90.0
GLAS,glas012,Control_202,26,P3,-13.2714,12,29.0,90.0
GLAS,glas012,Control_202,26,P4,-6.198929,12,29.0,90.0
GLAS,glas012,Control_202,26,C3,-20.36605,12,29.0,90.0
GLAS,glas012,Control_202,26,C4,-6.401912,12,29.0,90.0
GLAS,glas012,Control_202,26,P7,-16.73557,12,29.0,90.0
GLAS,glas012,Control_202,26,P8,-21.3693,12,29.0,90.0
GLAS,glas012,Control_202,26,O1,-8.751156,12,29.0,90.0
GLAS,glas012,Control_202,26,O2,6.757256,12,29.0,90.0
GLAS,glas012,Control_202,27,Pz,-12.97034,12,30.0,90.0
GLAS,glas012,Control_202,27,Cz,-5.840125,12,30.0,90.0
GLAS,glas012,Control_202,27,CP1,-9.079971,12,30.0,90.0
GLAS,glas012,Control_202,27,CP2,-5.871346,12,30.0,90.0
GLAS,glas012,Control_202,27,P3,-15.54256,12,30.0,90.0
GLAS,glas012,Control_202,27,P4,-3.918345,12,30.0,90.0
GLAS,glas012,Control_202,27,C3,-15.10072,12,30.0,90.0
GLAS,glas012,Control_202,27,C4,-13.19411,12,30.0,90.0
GLAS,glas012,Control_202,27,P7,-9.600677,12,30.0,90.0
GLAS,glas012,Control_202,27,P8,-3.207286,12,30.0,90.0
GLAS,glas012,Control_202,27,O1,-9.782982,12,30.0,90.0
GLAS,glas012,Control_202,27,O2,-12.57452,12,30.0,90.0
GLAS,glas012,Violation_201,28,Pz,-16.36732,12,31.0,0.0
GLAS,glas012,Violation_201,28,Cz,-17.91826,12,31.0,0.0
GLAS,glas012,Violation_201,28,CP1,-12.94029,12,31.0,0.0
GLAS,glas012,Violation_201,28,CP2,-14.96467,12,31.0,0.0
GLAS,glas012,Violation_201,28,P3,-0.7811013,12,31.0,0.0
GLAS,glas012,Violation_201,28,P4,-14.98369,12,31.0,0.0
GLAS,glas012,Violation_201,28,C3,-20.62458,12,31.0,0.0
GLAS,glas012,Violation_201,28,C4,-19.3322,12,31.0,0.0
GLAS,glas012,Violation_201,28,P7,-8.169385,12,31.0,0.0
GLAS,glas012,Violation_201,28,P8,-5.008814,12,31.0,0.0
GLAS,glas012,Violation_201,28,O1,-10.54417,12,31.0,0.0
GLAS,glas012,Violation_201,28,O2,-16.95144,12,31.0,0.0
GLAS,glas012,Control_202,29,Pz,3.118263,12,38.0,93.0
GLAS,glas012,Control_202,29,Cz,10.16886,12,38.0,93.0
GLAS,glas012,Control_202,29,CP1,19.02888,12,38.0,93.0
GLAS,glas012,Control_202,29,CP2,10.73419,12,38.0,93.0
GLAS,glas012,Control_202,29,P3,11.76323,12,38.0,93.0
GLAS,glas012,Control_202,29,P4,-0.05925171,12,38.0,93.0
GLAS,glas012,Control_202,29,C3,4.250222,12,38.0,93.0
GLAS,glas012,Control_202,29,C4,1.424197,12,38.0,93.0
GLAS,glas012,Control_202,29,P7,10.25121,12,38.0,93.0
GLAS,glas012,Control_202,29,P8,10.69168,12,38.0,93.0
GLAS,glas012,Control_202,29,O1,8.42024,12,38.0,93.0
GLAS,glas012,Control_202,29,O2,0.06481934,12,38.0,93.0
GLAS,glas012,Violation_201,30,Pz,4.126946,12,39.0,0.0
GLAS,glas012,Violation_201,30,Cz,1.987847,12,39.0,0.0
GLAS,glas012,Violation_201,30,CP1,11.50976,12,39.0,0.0
GLAS,glas012,Violation_201,30,CP2,-0.1405314,12,39.0,0.0
GLAS,glas012,Violation_201,30,P3,7.985818,12,39.0,0.0
GLAS,glas012,Violation_201,30,P4,1.184285,12,39.0,0.0
GLAS,glas012,Violation_201,30,C3,-2.431609,12,39.0,0.0
GLAS,glas012,Violation_201,30,C4,-3.149531,12,39.0,0.0
GLAS,glas012,Violation_201,30,P7,0.1064089,12,39.0,0.0
GLAS,glas012,Violation_201,30,P8,13.54561,12,39.0,0.0
GLAS,glas012,Violation_201,30,O1,-3.558646,12,39.0,0.0
GLAS,glas012,Violation_201,30,O2,-3.146546,12,39.0,0.0
GLAS,glas012,Control_202,31,Pz,-17.94032,12,35.0,97.0
GLAS,glas012,Control_202,31,Cz,-9.348018,12,35.0,97.0
GLAS,glas012,Control_202,31,CP1,-6.774407,12,35.0,97.0
GLAS,glas012,Control_202,31,CP2,-7.924323,12,35.0,97.0
GLAS,glas012,Control_202,31,P3,-20.73839,12,35.0,97.0
GLAS,glas012,Control_202,31,P4,-12.07189,12,35.0,97.0
GLAS,glas012,Control_202,31,C3,-14.07855,12,35.0,97.0
GLAS,glas012,Control_202,31,C4,-5.284369,12,35.0,97.0
GLAS,glas012,Control_202,31,P7,-12.48368,12,35.0,97.0
GLAS,glas012,Control_202,31,P8,-13.02549,12,35.0,97.0
GLAS,glas012,Control_202,31,O1,-11.37332,12,35.0,97.0
GLAS,glas012,Control_202,31,O2,11.07594,12,35.0,97.0
GLAS,glas012,Violation_201,32,Pz,-6.924176,12,21.0,3.0
GLAS,glas012,Violation_201,32,Cz,-1.724485,12,21.0,3.0
GLAS,glas012,Violation_201,32,CP1,11.7792,12,21.0,3.0
GLAS,glas012,Violation_201,32,CP2,3.876519,12,21.0,3.0
GLAS,glas012,Violation_201,32,P3,8.347312,12,21.0,3.0
GLAS,glas012,Violation_201,32,P4,-0.2674032,12,21.0,3.0
GLAS,glas012,Violation_201,32,C3,9.233441,12,21.0,3.0
GLAS,glas012,Violation_201,32,C4,-11.66331,12,21.0,3.0
GLAS,glas012,Violation_201,32,P7,5.671679,12,21.0,3.0
GLAS,glas012,Violation_201,32,P8,3.461648,12,21.0,3.0
GLAS,glas012,Violation_201,32,O1,15.46188,12,21.0,3.0
GLAS,glas012,Violation_201,32,O2,21.91226,12,21.0,3.0
GLAS,glas012,Violation_201,33,Pz,11.89109,12,40.0,0.0
GLAS,glas012,Violation_201,33,Cz,1.975309,12,40.0,0.0
GLAS,glas012,Violation_201,33,CP1,5.90231,12,40.0,0.0
GLAS,glas012,Violation_201,33,CP2,1.185015,12,40.0,0.0
GLAS,glas012,Violation_201,33,P3,-6.776165,12,40.0,0.0
GLAS,glas012,Violation_201,33,P4,-13.32164,12,40.0,0.0
GLAS,glas012,Violation_201,33,C3,15.4341,12,40.0,0.0
GLAS,glas012,Violation_201,33,C4,-12.32084,12,40.0,0.0
GLAS,glas012,Violation_201,33,P7,3.04338,12,40.0,0.0
GLAS,glas012,Violation_201,33,P8,2.315845,12,40.0,0.0
GLAS,glas012,Violation_201,33,O1,2.053178,12,40.0,0.0
GLAS,glas012,Violation_201,33,O2,-0.7067008,12,40.0,0.0
GLAS,glas012,Control_202,34,Pz,-13.41485,12,34.0,97.0
GLAS,glas012,Control_202,34,Cz,-21.07396,12,34.0,97.0
GLAS,glas012,Control_202,34,CP1,-0.9773966,12,34.0,97.0
GLAS,glas012,Control_202,34,CP2,-9.408654,12,34.0,97.0
GLAS,glas012,Control_202,34,P3,-2.784511,12,34.0,97.0
GLAS,glas012,Control_202,34,P4,-13.72088,12,34.0,97.0
GLAS,glas012,Control_202,34,C3,-15.97536,12,34.0,97.0
GLAS,glas012,Control_202,34,C4,-16.33992,12,34.0,97.0
GLAS,glas012,Control_202,34,P7,-6.885566,12,34.0,97.0
GLAS,glas012,Control_202,34,P8,-2.147865,12,34.0,97.0
GLAS,glas012,Control_202,34,O1,-10.72999,12,34.0,97.0
GLAS,glas012,Control_202,34,O2,-16.26415,12,34.0,97.0
GLAS,glas012,Control_202,35,Pz,-9.435347,12,28.0,27.0
GLAS,glas012,Control_202,35,Cz,-13.31633,12,28.0,27.0
GLAS,glas012,Control_202,35,CP1,-4.874928,12,28.0,27.0
GLAS,glas012,Control_202,35,CP2,-10.34709,12,28.0,27.0
GLAS,glas012,Control_202,35,P3,-8.96799,12,28.0,27.0
GLAS,glas012,Control_202,35,P4,-7.064303,12,28.0,27.0
GLAS,glas012,Control_202,35,C3,-15.19753,12,28.0,27.0
GLAS,glas012,Control_202,35,C4,-19.99634,12,28.0,27.0
GLAS,glas012,Control_202,35,P7,-10.91856,12,28.0,27.0
GLAS,glas012,Control_202,35,P8,-20.89189,12,28.0,27.0
GLAS,glas012,Control_202,35,O1,-4.127033,12,28.0,27.0
GLAS,glas012,Control_202,35,O2,-6.152293,12,28.0,27.0
GLAS,glas012,Control_202,36,Pz,-7.065555,12,32.0,80.0
GLAS,glas012,Control_202,36,Cz,-8.888972,12,32.0,80.0
GLAS,glas012,Control_202,36,CP1,-14.4538,12,32.0,80.0
GLAS,glas012,Control_202,36,CP2,-12.27852,12,32.0,80.0
GLAS,glas012,Control_202,36,P3,-10.10967,12,32.0,80.0
GLAS,glas012,Control_202,36,P4,-12.05875,12,32.0,80.0
GLAS,glas012,Control_202,36,C3,-4.038023,12,32.0,80.0
GLAS,glas012,Control_202,36,C4,-11.44041,12,32.0,80.0
GLAS,glas012,Control_202,36,P7,-13.47665,12,32.0,80.0
GLAS,glas012,Control_202,36,P8,-15.7509,12,32.0,80.0
GLAS,glas012,Control_202,36,O1,-14.34163,12,32.0,80.0
GLAS,glas012,Control_202,36,O2,-13.04315,12,32.0,80.0
GLAS,glas012,Control_202,37,Pz,2.702735,12,26.0,87.0
GLAS,glas012,Control_202,37,Cz,7.783283,12,26.0,87.0
GLAS,glas012,Control_202,37,CP1,9.084729,12,26.0,87.0
GLAS,glas012,Control_202,37,CP2,3.776402,12,26.0,87.0
GLAS,glas012,Control_202,37,P3,-2.615981,12,26.0,87.0
GLAS,glas012,Control_202,37,P4,13.88783,12,26.0,87.0
GLAS,glas012,Control_202,37,C3,-6.600696,12,26.0,87.0
GLAS,glas012,Control_202,37,C4,-7.769735,12,26.0,87.0
GLAS,glas012,Control_202,37,P7,-0.2457129,12,26.0,87.0
GLAS,glas012,Control_202,37,P8,10.00035,12,26.0,87.0
GLAS,glas012,Control_202,37,O1,13.6343,12,26.0,87.0
GLAS,glas012,Control_202,37,O2,8.256229,12,26.0,87.0
GLAS,glas012,Violation_201,38,Pz,-9.99139,12,25.0,0.0
GLAS,glas012,Violation_201,38,Cz,-16.47223,12,25.0,0.0
GLAS,glas012,Violation_201,38,CP1,-22.06943,12,25.0,0.0
GLAS,glas012,Violation_201,38,CP2,-18.93727,12,25.0,0.0
GLAS,glas012,Violation_201,38,P3,-14.81784,12,25.0,0.0
GLAS,glas012,Violation_201,38,P4,-7.170593,12,25.0,0.0
GLAS,glas012,Violation_201,38,C3,-8.955325,12,25.0,0.0
GLAS,glas012,Violation_201,38,C4,-3.479405,12,25.0,0.0
GLAS,glas012,Violation_201,38,P7,-18.21271,12,25.0,0.0
GLAS,glas012,Violation_201,38,P8,-19.29086,12,25.0,0.0
GLAS,glas012,Violation_201,38,O1,-19.79946,12,25.0,0.0
GLAS,glas012,Violation_201,38,O2,-23.79831,12,25.0,0.0
GLAS,glas013,Violation_201,1,Pz,-27.54157,13,8.0,34.0
GLAS,glas013,Violation_201,1,Cz,-26.66302,13,8.0,34.0
GLAS,glas013,Violation_201,1,CP1,-41.24387,13,8.0,34.0
GLAS,glas013,Violation_201,1,CP2,-28.82714,13,8.0,34.0
GLAS,glas013,Violation_201,1,P3,-38.28476,13,8.0,34.0
GLAS,glas013,Violation_201,1,P4,-29.06543,13,8.0,34.0
GLAS,glas013,Violation_201,1,C3,-26.31397,13,8.0,34.0
GLAS,glas013,Violation_201,1,C4,-31.40629,13,8.0,34.0
GLAS,glas013,Violation_201,1,P7,-34.39581,13,8.0,34.0
GLAS,glas013,Violation_201,1,P8,-29.4102,13,8.0,34.0
GLAS,glas013,Violation_201,1,O1,-27.49084,13,8.0,34.0
GLAS,glas013,Violation_201,1,O2,-16.66304,13,8.0,34.0
GLAS,glas013,Violation_201,2,Pz,-20.30079,13,10.0,3.0
GLAS,glas013,Violation_201,2,Cz,-11.52961,13,10.0,3.0
GLAS,glas013,Violation_201,2,CP1,-18.69026,13,10.0,3.0
GLAS,glas013,Violation_201,2,CP2,-16.63115,13,10.0,3.0
GLAS,glas013,Violation_201,2,P3,-7.0119,13,10.0,3.0
GLAS,glas013,Violation_201,2,P4,-15.90135,13,10.0,3.0
GLAS,glas013,Violation_201,2,C3,-8.526042,13,10.0,3.0
GLAS,glas013,Violation_201,2,C4,-17.11305,13,10.0,3.0
GLAS,glas013,Violation_201,2,P7,-22.68159,13,10.0,3.0
GLAS,glas013,Violation_201,2,P8,-12.21222,13,10.0,3.0
GLAS,glas013,Violation_201,2,O1,-18.89568,13,10.0,3.0
GLAS,glas013,Violation_201,2,O2,-3.296232,13,10.0,3.0
GLAS,glas013,Control_202,3,Pz,-23.26522,13,14.0,90.0
GLAS,glas013,Control_202,3,Cz,-12.88504,13,14.0,90.0
GLAS,glas013,Control_202,3,CP1,-26.98337,13,14.0,90.0
GLAS,glas013,Control_202,3,CP2,-5.235803,13,14.0,90.0
GLAS,glas013,Control_202,3,P3,-12.26161,13,14.0,90.0
GLAS,glas013,Control_202,3,P4,-23.43214,13,14.0,90.0
GLAS,glas013,Control_202,3,C3,-8.631558,13,14.0,90.0
GLAS,glas013,Control_202,3,C4,-22.81186,13,14.0,90.0
GLAS,glas013,Control_202,3,P7,-29.43183,13,14.0,90.0
GLAS,glas013,Control_202,3,P8,-19.41636,13,14.0,90.0
GLAS,glas013,Control_202,3,O1,-28.14665,13,14.0,90.0
GLAS,glas013,Control_202,3,O2,-21.09303,13,14.0,90.0
GLAS,glas013,Control_202,4,Pz,-2.583035,13,17.0,62.0
GLAS,glas013,Control_202,4,Cz,-3.351323,13,17.0,62.0
GLAS,glas013,Control_202,4,CP1,-5.709661,13,17.0,62.0
GLAS,glas013,Control_202,4,CP2,3.372631,13,17.0,62.0
GLAS,glas013,Control_202,4,P3,15.39376,13,17.0,62.0
GLAS,glas013,Control_202,4,P4,26.41128,13,17.0,62.0
GLAS,glas013,Control_202,4,C3,1.975125,13,17.0,62.0
GLAS,glas013,Control_202,4,C4,11.38872,13,17.0,62.0
GLAS,glas013,Control_202,4,P7,-5.268549,13,17.0,62.0
GLAS,glas013,Control_202,4,P8,9.156533,13,17.0,62.0
GLAS,glas013,Control_202,4,O1,3.179956,13,17.0,62.0
GLAS,glas013,Control_202,4,O2,5.311787,13,17.0,62.0
GLAS,glas013,Violation_201,5,Pz,-21.29196,13,5.0,0.0
GLAS,glas013,Violation_201,5,Cz,-23.03857,13,5.0,0.0
GLAS,glas013,Violation_201,5,CP1,-16.57313,13,5.0,0.0
GLAS,glas013,Violation_201,5,CP2,-24.07459,13,5.0,0.0
GLAS,glas013,Violation_201,5,P3,-21.26334,13,5.0,0.0
GLAS,glas013,Violation_201,5,P4,-19.78731,13,5.0,0.0
GLAS,glas013,Violation_201,5,C3,-41.98273,13,5.0,0.0
GLAS,glas013,Violation_201,5,C4,-32.71619,13,5.0,0.0
GLAS,glas013,Violation_201,5,P7,-34.0187,13,5.0,0.0
GLAS,glas013,Violation_201,5,P8,-19.05707,13,5.0,0.0
GLAS,glas013,Violation_201,5,O1,-21.77587,13,5.0,0.0
GLAS,glas013,Violation_201,5,O2,-16.15131,13,5.0,0.0
GLAS,glas013,Control_202,6,Pz,-1.361098,13,2.0,100.0
GLAS,glas013,Control_202,6,Cz,-3.261856,13,2.0,100.0
GLAS,glas013,Control_202,6,CP1,10.03278,13,2.0,100.0
GLAS,glas013,Control_202,6,CP2,1.557379,13,2.0,100.0
GLAS,glas013,Control_202,6,P3,-20.91168,13,2.0,100.0
GLAS,glas013,Control_202,6,P4,12.17145,13,2.0,100.0
GLAS,glas013,Control_202,6,C3,12.46021,13,2.0,100.0
GLAS,glas013,Control_202,6,C4,16.05859,13,2.0,100.0
GLAS,glas013,Control_202,6,P7,-8.296996,13,2.0,100.0
GLAS,glas013,Control_202,6,P8,-5.336375,13,2.0,100.0
GLAS,glas013,Control_202,6,O1,-11.57313,13,2.0,100.0
GLAS,glas013,Control_202,6,O2,-6.630388,13,2.0,100.0
GLAS,glas013,Violation_201,7,Pz,-5.504109,13,16.0,0.0
GLAS,glas013,Violation_201,7,Cz,-4.030627,13,16.0,0.0
GLAS,glas013,Violation_201,7,CP1,0.8133122,13,16.0,0.0
GLAS,glas013,Violation_201,7,CP2,-10.06043,13,16.0,0.0
GLAS,glas013,Violation_201,7,P3,-2.577927,13,16.0,0.0
GLAS,glas013,Violation_201,7,P4,-6.708808,13,16.0,0.0
GLAS,glas013,Violation_201,7,C3,1.768033,13,16.0,0.0
GLAS,glas013,Violation_201,7,C4,8.157946,13,16.0,0.0
GLAS,glas013,Violation_201,7,P7,4.938604,13,16.0,0.0
GLAS,glas013,Violation_201,7,P8,-0.6235395,13,16.0,0.0
GLAS,glas013,Violation_201,7,O1,-1.030107,13,16.0,0.0
GLAS,glas013,Violation_201,7,O2,2.849285,13,16.0,0.0
GLAS,glas013,Violation_201,8,Pz,3.979895,13,12.0,13.0
GLAS,glas013,Violation_201,8,Cz,5.215673,13,12.0,13.0
GLAS,glas013,Violation_201,8,CP1,6.886061,13,12.0,13.0
GLAS,glas013,Violation_201,8,CP2,9.150197,13,12.0,13.0
GLAS,glas013,Violation_201,8,P3,10.82885,13,12.0,13.0
GLAS,glas013,Violation_201,8,P4,-1.056413,13,12.0,13.0
GLAS,glas013,Violation_201,8,C3,7.966341,13,12.0,13.0
GLAS,glas013,Violation_201,8,C4,7.140817,13,12.0,13.0
GLAS,glas013,Violation_201,8,P7,11.96401,13,12.0,13.0
GLAS,glas013,Violation_201,8,P8,1.882627,13,12.0,13.0
GLAS,glas013,Violation_201,8,O1,5.774362,13,12.0,13.0
GLAS,glas013,Violation_201,8,O2,15.31258,13,12.0,13.0
GLAS,glas013,Control_202,9,Pz,12.08709,13,7.0,80.0
GLAS,glas013,Control_202,9,Cz,4.179444,13,7.0,80.0
GLAS,glas013,Control_202,9,CP1,11.00383,13,7.0,80.0
GLAS,glas013,Control_202,9,CP2,10.1256,13,7.0,80.0
GLAS,glas013,Control_202,9,P3,5.908,13,7.0,80.0
GLAS,glas013,Control_202,9,P4,23.38746,13,7.0,80.0
GLAS,glas013,Control_202,9,C3,10.46575,13,7.0,80.0
GLAS,glas013,Control_202,9,C4,26.67796,13,7.0,80.0
GLAS,glas013,Control_202,9,P7,7.857597,13,7.0,80.0
GLAS,glas013,Control_202,9,P8,7.428578,13,7.0,80.0
GLAS,glas013,Control_202,9,O1,10.73141,13,7.0,80.0
GLAS,glas013,Control_202,9,O2,6.606083,13,7.0,80.0
GLAS,glas013,Control_202,10,Pz,-10.5361,13,11.0,87.0
GLAS,glas013,Control_202,10,Cz,-7.442294,13,11.0,87.0
GLAS,glas013,Control_202,10,CP1,-21.25993,13,11.0,87.0
GLAS,glas013,Control_202,10,CP2,-10.00775,13,11.0,87.0
GLAS,glas013,Control_202,10,P3,-16.91404,13,11.0,87.0
GLAS,glas013,Control_202,10,P4,-10.48537,13,11.0,87.0
GLAS,glas013,Control_202,10,C3,-21.42021,13,11.0,87.0
GLAS,glas013,Control_202,10,C4,-11.10063,13,11.0,87.0
GLAS,glas013,Control_202,10,P7,-18.29905,13,11.0,87.0
GLAS,glas013,Control_202,10,P8,-3.033579,13,11.0,87.0
GLAS,glas013,Control_202,10,O1,-20.09818,13,11.0,87.0
GLAS,glas013,Control_202,10,O2,-10.34056,13,11.0,87.0
GLAS,glas013,Control_202,11,Pz,-14.74791,13,4.0,93.0
GLAS,glas013,Control_202,11,Cz,-9.179045,13,4.0,93.0
GLAS,glas013,Control_202,11,CP1,-7.098619,13,4.0,93.0
GLAS,glas013,Control_202,11,CP2,-6.754346,13,4.0,93.0
GLAS,glas013,Control_202,11,P3,0.2891918,13,4.0,93.0
GLAS,glas013,Control_202,11,P4,-8.575643,13,4.0,93.0
GLAS,glas013,Control_202,11,C3,-7.296835,13,4.0,93.0
GLAS,glas013,Control_202,11,C4,0.9960691,13,4.0,93.0
GLAS,glas013,Control_202,11,P7,4.596806,13,4.0,93.0
GLAS,glas013,Control_202,11,P8,-3.017855,13,4.0,93.0
GLAS,glas013,Control_202,11,O1,2.610466,13,4.0,93.0
GLAS,glas013,Control_202,11,O2,-9.064537,13,4.0,93.0
GLAS,glas013,Violation_201,12,Pz,-20.31921,13,3.0,7.0
GLAS,glas013,Violation_201,12,Cz,-14.67724,13,3.0,7.0
GLAS,glas013,Violation_201,12,CP1,-17.72595,13,3.0,7.0
GLAS,glas013,Violation_201,12,CP2,-5.257425,13,3.0,7.0
GLAS,glas013,Violation_201,12,P3,-10.37699,13,3.0,7.0
GLAS,glas013,Violation_201,12,P4,-9.435336,13,3.0,7.0
GLAS,glas013,Violation_201,12,C3,-31.95143,13,3.0,7.0
GLAS,glas013,Violation_201,12,C4,-24.34222,13,3.0,7.0
GLAS,glas013,Violation_201,12,P7,-9.360471,13,3.0,7.0
GLAS,glas013,Violation_201,12,P8,-7.994701,13,3.0,7.0
GLAS,glas013,Violation_201,12,O1,-11.49001,13,3.0,7.0
GLAS,glas013,Violation_201,12,O2,-1.228136,13,3.0,7.0
GLAS,glas013,Violation_201,13,Pz,-3.363054,13,15.0,0.0
GLAS,glas013,Violation_201,13,Cz,-5.581295,13,15.0,0.0
GLAS,glas013,Violation_201,13,CP1,-3.372612,13,15.0,0.0
GLAS,glas013,Violation_201,13,CP2,3.175087,13,15.0,0.0
GLAS,glas013,Violation_201,13,P3,-4.032144,13,15.0,0.0
GLAS,glas013,Violation_201,13,P4,-9.196334,13,15.0,0.0
GLAS,glas013,Violation_201,13,C3,-19.7845,13,15.0,0.0
GLAS,glas013,Violation_201,13,C4,-15.31236,13,15.0,0.0
GLAS,glas013,Violation_201,13,P7,7.309215,13,15.0,0.0
GLAS,glas013,Violation_201,13,P8,-4.053244,13,15.0,0.0
GLAS,glas013,Violation_201,13,O1,-1.118483,13,15.0,0.0
GLAS,glas013,Violation_201,13,O2,-3.056378,13,15.0,0.0
GLAS,glas013,Violation_201,14,Pz,0.1032168,13,20.0,0.0
GLAS,glas013,Violation_201,14,Cz,3.372278,13,20.0,0.0
GLAS,glas013,Violation_201,14,CP1,8.08519,13,20.0,0.0
GLAS,glas013,Violation_201,14,CP2,0.9390249,13,20.0,0.0
GLAS,glas013,Violation_201,14,P3,2.764282,13,20.0,0.0
GLAS,glas013,Violation_201,14,P4,5.989817,13,20.0,0.0
GLAS,glas013,Violation_201,14,C3,-6.644528,13,20.0,0.0
GLAS,glas013,Violation_201,14,C4,10.0973,13,20.0,0.0
GLAS,glas013,Violation_201,14,P7,4.989769,13,20.0,0.0
GLAS,glas013,Violation_201,14,P8,5.394366,13,20.0,0.0
GLAS,glas013,Violation_201,14,O1,-5.204943,13,20.0,0.0
GLAS,glas013,Violation_201,14,O2,3.392007,13,20.0,0.0
GLAS,glas013,Control_202,15,Pz,0.3062737,13,13.0,97.0
GLAS,glas013,Control_202,15,Cz,-2.71143,13,13.0,97.0
GLAS,glas013,Control_202,15,CP1,-4.677843,13,13.0,97.0
GLAS,glas013,Control_202,15,CP2,3.850707,13,13.0,97.0
GLAS,glas013,Control_202,15,P3,-3.419952,13,13.0,97.0
GLAS,glas013,Control_202,15,P4,2.930106,13,13.0,97.0
GLAS,glas013,Control_202,15,C3,-4.167799,13,13.0,97.0
GLAS,glas013,Control_202,15,C4,5.652653,13,13.0,97.0
GLAS,glas013,Control_202,15,P7,-1.02845,13,13.0,97.0
GLAS,glas013,Control_202,15,P8,-1.310042,13,13.0,97.0
GLAS,glas013,Control_202,15,O1,0.921241,13,13.0,97.0
GLAS,glas013,Control_202,15,O2,2.879806,13,13.0,97.0
GLAS,glas013,Violation_201,16,Pz,-31.35526,13,6.0,0.0
GLAS,glas013,Violation_201,16,Cz,-32.77106,13,6.0,0.0
GLAS,glas013,Violation_201,16,CP1,-22.9367,13,6.0,0.0
GLAS,glas013,Violation_201,16,CP2,-6.167457,13,6.0,0.0
GLAS,glas013,Violation_201,16,P3,-26.02365,13,6.0,0.0
GLAS,glas013,Violation_201,16,P4,-32.60611,13,6.0,0.0
GLAS,glas013,Violation_201,16,C3,-27.71534,13,6.0,0.0
GLAS,glas013,Violation_201,16,C4,-27.58288,13,6.0,0.0
GLAS,glas013,Violation_201,16,P7,-21.89001,13,6.0,0.0
GLAS,glas013,Violation_201,16,P8,-17.67477,13,6.0,0.0
GLAS,glas013,Violation_201,16,O1,-21.38408,13,6.0,0.0
GLAS,glas013,Violation_201,16,O2,-11.44526,13,6.0,0.0
GLAS,glas013,Control_202,17,Pz,-2.467319,13,19.0,100.0
GLAS,glas013,Control_202,17,Cz,7.891386,13,19.0,100.0
GLAS,glas013,Control_202,17,CP1,-8.176563,13,19.0,100.0
GLAS,glas013,Control_202,17,CP2,-0.6542596,13,19.0,100.0
GLAS,glas013,Control_202,17,P3,-1.008804,13,19.0,100.0
GLAS,glas013,Control_202,17,P4,-6.212475,13,19.0,100.0
GLAS,glas013,Control_202,17,C3,-1.95859,13,19.0,100.0
GLAS,glas013,Control_202,17,C4,4.261885,13,19.0,100.0
GLAS,glas013,Control_202,17,P7,-6.397768,13,19.0,100.0
GLAS,glas013,Control_202,17,P8,2.346781,13,19.0,100.0
GLAS,glas013,Control_202,17,O1,-0.2831252,13,19.0,100.0
GLAS,glas013,Control_202,17,O2,3.871316,13,19.0,100.0
GLAS,glas013,Violation_201,18,Pz,8.187044,13,18.0,0.0
GLAS,glas013,Violation_201,18,Cz,5.675396,13,18.0,0.0
GLAS,glas013,Violation_201,18,CP1,0.7301068,13,18.0,0.0
GLAS,glas013,Violation_201,18,CP2,1.126323,13,18.0,0.0
GLAS,glas013,Violation_201,18,P3,4.349296,13,18.0,0.0
GLAS,glas013,Violation_201,18,P4,27.06393,13,18.0,0.0
GLAS,glas013,Violation_201,18,C3,2.207035,13,18.0,0.0
GLAS,glas013,Violation_201,18,C4,4.830021,13,18.0,0.0
GLAS,glas013,Violation_201,18,P7,6.943601,13,18.0,0.0
GLAS,glas013,Violation_201,18,P8,6.67372,13,18.0,0.0
GLAS,glas013,Violation_201,18,O1,2.366975,13,18.0,0.0
GLAS,glas013,Violation_201,18,O2,-0.523423,13,18.0,0.0
GLAS,glas013,Violation_201,19,Pz,15.18761,13,1.0,0.0
GLAS,glas013,Violation_201,19,Cz,16.00502,13,1.0,0.0
GLAS,glas013,Violation_201,19,CP1,21.73902,13,1.0,0.0
GLAS,glas013,Violation_201,19,CP2,10.56393,13,1.0,0.0
GLAS,glas013,Violation_201,19,P3,16.85797,13,1.0,0.0
GLAS,glas013,Violation_201,19,P4,16.34096,13,1.0,0.0
GLAS,glas013,Violation_201,19,C3,19.419,13,1.0,0.0
GLAS,glas013,Violation_201,19,C4,20.31714,13,1.0,0.0
GLAS,glas013,Violation_201,19,P7,16.94705,13,1.0,0.0
GLAS,glas013,Violation_201,19,P8,9.858283,13,1.0,0.0
GLAS,glas013,Violation_201,19,O1,7.531415,13,1.0,0.0
GLAS,glas013,Violation_201,19,O2,6.906292,13,1.0,0.0
GLAS,glas013,Control_202,20,Pz,-1.062217,13,9.0,93.0
GLAS,glas013,Control_202,20,Cz,-3.084512,13,9.0,93.0
GLAS,glas013,Control_202,20,CP1,0.5498145,13,9.0,93.0
GLAS,glas013,Control_202,20,CP2,-2.202618,13,9.0,93.0
GLAS,glas013,Control_202,20,P3,-2.864217,13,9.0,93.0
GLAS,glas013,Control_202,20,P4,-3.443808,13,9.0,93.0
GLAS,glas013,Control_202,20,C3,-4.376592,13,9.0,93.0
GLAS,glas013,Control_202,20,C4,-2.326631,13,9.0,93.0
GLAS,glas013,Control_202,20,P7,-1.715455,13,9.0,93.0
GLAS,glas013,Control_202,20,P8,-1.087752,13,9.0,93.0
GLAS,glas013,Control_202,20,O1,-10.89203,13,9.0,93.0
GLAS,glas013,Control_202,20,O2,-3.171488,13,9.0,93.0
GLAS,glas013,Control_202,21,Pz,-2.426279,13,37.0,80.0
GLAS,glas013,Control_202,21,Cz,-1.219198,13,37.0,80.0
GLAS,glas013,Control_202,21,CP1,-0.3246556,13,37.0,80.0
GLAS,glas013,Control_202,21,CP2,-1.151708,13,37.0,80.0
GLAS,glas013,Control_202,21,P3,-0.1950763,13,37.0,80.0
GLAS,glas013,Control_202,21,P4,-3.066762,13,37.0,80.0
GLAS,glas013,Control_202,21,C3,-6.081367,13,37.0,80.0
GLAS,glas013,Control_202,21,C4,-6.680768,13,37.0,80.0
GLAS,glas013,Control_202,21,P7,6.99487,13,37.0,80.0
GLAS,glas013,Control_202,21,P8,-0.3754484,13,37.0,80.0
GLAS,glas013,Control_202,21,O1,-2.64649,13,37.0,80.0
GLAS,glas013,Control_202,21,O2,-1.139632,13,37.0,80.0
GLAS,glas013,Violation_201,22,Pz,4.964518,13,40.0,0.0
GLAS,glas013,Violation_201,22,Cz,1.638837,13,40.0,0.0
GLAS,glas013,Violation_201,22,CP1,8.065742,13,40.0,0.0
GLAS,glas013,Violation_201,22,CP2,1.217033,13,40.0,0.0
GLAS,glas013,Violation_201,22,P3,3.341281,13,40.0,0.0
GLAS,glas013,Violation_201,22,P4,18.06101,13,40.0,0.0
GLAS,glas013,Violation_201,22,C3,3.949319,13,40.0,0.0
GLAS,glas013,Violation_201,22,C4,5.797633,13,40.0,0.0
GLAS,glas013,Violation_201,22,P7,5.015437,13,40.0,0.0
GLAS,glas013,Violation_201,22,P8,3.437186,13,40.0,0.0
GLAS,glas013,Violation_201,22,O1,0.7990261,13,40.0,0.0
GLAS,glas013,Violation_201,22,O2,6.677216,13,40.0,0.0
GLAS,glas013,Violation_201,23,Pz,3.073415,13,21.0,3.0
GLAS,glas013,Violation_201,23,Cz,1.129759,13,21.0,3.0
GLAS,glas013,Violation_201,23,CP1,0.8722433,13,21.0,3.0
GLAS,glas013,Violation_201,23,CP2,23.88226,13,21.0,3.0
GLAS,glas013,Violation_201,23,P3,4.732681,13,21.0,3.0
GLAS,glas013,Violation_201,23,P4,-2.056113,13,21.0,3.0
GLAS,glas013,Violation_201,23,C3,-16.08601,13,21.0,3.0
GLAS,glas013,Violation_201,23,C4,-5.998377,13,21.0,3.0
GLAS,glas013,Violation_201,23,P7,1.29189,13,21.0,3.0
GLAS,glas013,Violation_201,23,P8,4.061077,13,21.0,3.0
GLAS,glas013,Violation_201,23,O1,-6.518176,13,21.0,3.0
GLAS,glas013,Violation_201,23,O2,6.191921,13,21.0,3.0
GLAS,glas013,Violation_201,24,Pz,23.48873,13,32.0,3.0
GLAS,glas013,Violation_201,24,Cz,24.7374,13,32.0,3.0
GLAS,glas013,Violation_201,24,CP1,17.75171,13,32.0,3.0
GLAS,glas013,Violation_201,24,CP2,23.78212,13,32.0,3.0
GLAS,glas013,Violation_201,24,P3,23.41881,13,32.0,3.0
GLAS,glas013,Violation_201,24,P4,26.7993,13,32.0,3.0
GLAS,glas013,Violation_201,24,C3,20.84394,13,32.0,3.0
GLAS,glas013,Violation_201,24,C4,32.02038,13,32.0,3.0
GLAS,glas013,Violation_201,24,P7,14.96708,13,32.0,3.0
GLAS,glas013,Violation_201,24,P8,24.61938,13,32.0,3.0
GLAS,glas013,Violation_201,24,O1,20.84392,13,32.0,3.0
GLAS,glas013,Violation_201,24,O2,25.80177,13,32.0,3.0
GLAS,glas013,Violation_201,25,Pz,-10.94911,13,23.0,3.0
GLAS,glas013,Violation_201,25,Cz,-14.49401,13,23.0,3.0
GLAS,glas013,Violation_201,25,CP1,-10.96691,13,23.0,3.0
GLAS,glas013,Violation_201,25,CP2,-24.80928,13,23.0,3.0
GLAS,glas013,Violation_201,25,P3,-14.84613,13,23.0,3.0
GLAS,glas013,Violation_201,25,P4,-14.8166,13,23.0,3.0
GLAS,glas013,Violation_201,25,C3,-17.19305,13,23.0,3.0
GLAS,glas013,Violation_201,25,C4,-16.11839,13,23.0,3.0
GLAS,glas013,Violation_201,25,P7,-8.358351,13,23.0,3.0
GLAS,glas013,Violation_201,25,P8,-14.34572,13,23.0,3.0
GLAS,glas013,Violation_201,25,O1,-18.87173,13,23.0,3.0
GLAS,glas013,Violation_201,25,O2,-12.91336,13,23.0,3.0
GLAS,glas013,Control_202,26,Pz,-29.79883,13,36.0,77.0
GLAS,glas013,Control_202,26,Cz,-25.42511,13,36.0,77.0
GLAS,glas013,Control_202,26,CP1,-17.43563,13,36.0,77.0
GLAS,glas013,Control_202,26,CP2,-19.11164,13,36.0,77.0
GLAS,glas013,Control_202,26,P3,-25.04116,13,36.0,77.0
GLAS,glas013,Control_202,26,P4,-30.95482,13,36.0,77.0
GLAS,glas013,Control_202,26,C3,-36.53628,13,36.0,77.0
GLAS,glas013,Control_202,26,C4,-36.57735,13,36.0,77.0
GLAS,glas013,Control_202,26,P7,-25.20809,13,36.0,77.0
GLAS,glas013,Control_202,26,P8,-32.48369,13,36.0,77.0
GLAS,glas013,Control_202,26,O1,-29.44959,13,36.0,77.0
GLAS,glas013,Control_202,26,O2,-33.00126,13,36.0,77.0
GLAS,glas013,Violation_201,27,Pz,-14.31591,13,22.0,17.0
GLAS,glas013,Violation_201,27,Cz,-8.129323,13,22.0,17.0
GLAS,glas013,Violation_201,27,CP1,-3.982039,13,22.0,17.0
GLAS,glas013,Violation_201,27,CP2,-14.67864,13,22.0,17.0
GLAS,glas013,Violation_201,27,P3,-14.41974,13,22.0,17.0
GLAS,glas013,Violation_201,27,P4,-13.88694,13,22.0,17.0
GLAS,glas013,Violation_201,27,C3,-7.628438,13,22.0,17.0
GLAS,glas013,Violation_201,27,C4,-19.8636,13,22.0,17.0
GLAS,glas013,Violation_201,27,P7,-12.66923,13,22.0,17.0
GLAS,glas013,Violation_201,27,P8,-14.49947,13,22.0,17.0
GLAS,glas013,Violation_201,27,O1,-24.38047,13,22.0,17.0
GLAS,glas013,Violation_201,27,O2,-21.20797,13,22.0,17.0
GLAS,glas013,Control_202,28,Pz,6.785879,13,28.0,27.0
GLAS,glas013,Control_202,28,Cz,8.375498,13,28.0,27.0
GLAS,glas013,Control_202,28,CP1,8.491455,13,28.0,27.0
GLAS,glas013,Control_202,28,CP2,6.527224,13,28.0,27.0
GLAS,glas013,Control_202,28,P3,16.18279,13,28.0,27.0
GLAS,glas013,Control_202,28,P4,-4.174328,13,28.0,27.0
GLAS,glas013,Control_202,28,C3,-2.062249,13,28.0,27.0
GLAS,glas013,Control_202,28,C4,-3.996099,13,28.0,27.0
GLAS,glas013,Control_202,28,P7,13.43372,13,28.0,27.0
GLAS,glas013,Control_202,28,P8,6.767408,13,28.0,27.0
GLAS,glas013,Control_202,28,O1,14.85019,13,28.0,27.0
GLAS,glas013,Control_202,28,O2,7.783027,13,28.0,27.0
GLAS,glas013,Violation_201,29,Pz,13.93391,13,30.0,0.0
GLAS,glas013,Violation_201,29,Cz,11.17212,13,30.0,0.0
GLAS,glas013,Violation_201,29,CP1,10.03129,13,30.0,0.0
GLAS,glas013,Violation_201,29,CP2,6.20042,13,30.0,0.0
GLAS,glas013,Violation_201,29,P3,3.517233,13,30.0,0.0
GLAS,glas013,Violation_201,29,P4,18.37004,13,30.0,0.0
GLAS,glas013,Violation_201,29,C3,0.423129,13,30.0,0.0
GLAS,glas013,Violation_201,29,C4,15.57619,13,30.0,0.0
GLAS,glas013,Violation_201,29,P7,2.02685,13,30.0,0.0
GLAS,glas013,Violation_201,29,P8,9.096584,13,30.0,0.0
GLAS,glas013,Violation_201,29,O1,10.04138,13,30.0,0.0
GLAS,glas013,Violation_201,29,O2,-2.007295,13,30.0,0.0
GLAS,glas013,Control_202,30,Pz,21.45314,13,26.0,87.0
GLAS,glas013,Control_202,30,Cz,24.79566,13,26.0,87.0
GLAS,glas013,Control_202,30,CP1,9.840206,13,26.0,87.0
GLAS,glas013,Control_202,30,CP2,16.40558,13,26.0,87.0
GLAS,glas013,Control_202,30,P3,4.561898,13,26.0,87.0
GLAS,glas013,Control_202,30,P4,27.82244,13,26.0,87.0
GLAS,glas013,Control_202,30,C3,36.84456,13,26.0,87.0
GLAS,glas013,Control_202,30,C4,23.8362,13,26.0,87.0
GLAS,glas013,Control_202,30,P7,9.7185,13,26.0,87.0
GLAS,glas013,Control_202,30,P8,19.59092,13,26.0,87.0
GLAS,glas013,Control_202,30,O1,13.86554,13,26.0,87.0
GLAS,glas013,Control_202,30,O2,18.65112,13,26.0,87.0
GLAS,glas013,Control_202,31,Pz,10.49438,13,24.0,93.0
GLAS,glas013,Control_202,31,Cz,10.51241,13,24.0,93.0
GLAS,glas013,Control_202,31,CP1,17.23031,13,24.0,93.0
GLAS,glas013,Control_202,31,CP2,6.078234,13,24.0,93.0
GLAS,glas013,Control_202,31,P3,-1.300282,13,24.0,93.0
GLAS,glas013,Control_202,31,P4,19.25498,13,24.0,93.0
GLAS,glas013,Control_202,31,C3,26.18627,13,24.0,93.0
GLAS,glas013,Control_202,31,C4,20.64946,13,24.0,93.0
GLAS,glas013,Control_202,31,P7,-3.483087,13,24.0,93.0
GLAS,glas013,Control_202,31,P8,6.136315,13,24.0,93.0
GLAS,glas013,Control_202,31,O1,-9.607924,13,24.0,93.0
GLAS,glas013,Control_202,31,O2,0.7599347,13,24.0,93.0
GLAS,glas013,Violation_201,32,Pz,23.75231,13,35.0,0.0
GLAS,glas013,Violation_201,32,Cz,20.2284,13,35.0,0.0
GLAS,glas013,Violation_201,32,CP1,21.48412,13,35.0,0.0
GLAS,glas013,Violation_201,32,CP2,21.17551,13,35.0,0.0
GLAS,glas013,Violation_201,32,P3,30.30301,13,35.0,0.0
GLAS,glas013,Violation_201,32,P4,22.0987,13,35.0,0.0
GLAS,glas013,Violation_201,32,C3,14.26635,13,35.0,0.0
GLAS,glas013,Violation_201,32,C4,23.86841,13,35.0,0.0
GLAS,glas013,Violation_201,32,P7,28.92062,13,35.0,0.0
GLAS,glas013,Violation_201,32,P8,23.32458,13,35.0,0.0
GLAS,glas013,Violation_201,32,O1,17.05184,13,35.0,0.0
GLAS,glas013,Violation_201,32,O2,14.43756,13,35.0,0.0
GLAS,glas013,Control_202,33,Pz,-20.80082,13,33.0,53.0
GLAS,glas013,Control_202,33,Cz,-25.43875,13,33.0,53.0
GLAS,glas013,Control_202,33,CP1,-25.37389,13,33.0,53.0
GLAS,glas013,Control_202,33,CP2,-23.1465,13,33.0,53.0
GLAS,glas013,Control_202,33,P3,-22.0038,13,33.0,53.0
GLAS,glas013,Control_202,33,P4,-27.26818,13,33.0,53.0
GLAS,glas013,Control_202,33,C3,-31.97812,13,33.0,53.0
GLAS,glas013,Control_202,33,C4,-30.08156,13,33.0,53.0
GLAS,glas013,Control_202,33,P7,-31.36711,13,33.0,53.0
GLAS,glas013,Control_202,33,P8,-27.11739,13,33.0,53.0
GLAS,glas013,Control_202,33,O1,-36.10395,13,33.0,53.0
GLAS,glas013,Control_202,33,O2,-32.66569,13,33.0,53.0
GLAS,glas013,Control_202,34,Pz,-1.212864,13,27.0,97.0
GLAS,glas013,Control_202,34,Cz,5.909287,13,27.0,97.0
GLAS,glas013,Control_202,34,CP1,-2.115231,13,27.0,97.0
GLAS,glas013,Control_202,34,CP2,-2.805153,13,27.0,97.0
GLAS,glas013,Control_202,34,P3,2.631957,13,27.0,97.0
GLAS,glas013,Control_202,34,P4,5.476353,13,27.0,97.0
GLAS,glas013,Control_202,34,C3,20.86682,13,27.0,97.0
GLAS,glas013,Control_202,34,C4,7.199171,13,27.0,97.0
GLAS,glas013,Control_202,34,P7,-5.490608,13,27.0,97.0
GLAS,glas013,Control_202,34,P8,-1.753523,13,27.0,97.0
GLAS,glas013,Control_202,34,O1,5.48281,13,27.0,97.0
GLAS,glas013,Control_202,34,O2,-1.451634,13,27.0,97.0
GLAS,glas013,Violation_201,35,Pz,23.01283,13,29.0,90.0
GLAS,glas013,Violation_201,35,Cz,25.91536,13,29.0,90.0
GLAS,glas013,Violation_201,35,CP1,21.81847,13,29.0,90.0
GLAS,glas013,Violation_201,35,CP2,18.73272,13,29.0,90.0
GLAS,glas013,Violation_201,35,P3,20.41444,13,29.0,90.0
GLAS,glas013,Violation_201,35,P4,32.86233,13,29.0,90.0
GLAS,glas013,Violation_201,35,C3,15.2044,13,29.0,90.0
GLAS,glas013,Violation_201,35,C4,22.86931,13,29.0,90.0
GLAS,glas013,Violation_201,35,P7,15.88418,13,29.0,90.0
GLAS,glas013,Violation_201,35,P8,22.45313,13,29.0,90.0
GLAS,glas013,Violation_201,35,O1,12.45157,13,29.0,90.0
GLAS,glas013,Violation_201,35,O2,29.12436,13,29.0,90.0
GLAS,glas014,Violation_201,1,Pz,11.4836,14,14.0,0.0
GLAS,glas014,Violation_201,1,Cz,11.64282,14,14.0,0.0
GLAS,glas014,Violation_201,1,CP1,24.77809,14,14.0,0.0
GLAS,glas014,Violation_201,1,CP2,-0.4996654,14,14.0,0.0
GLAS,glas014,Violation_201,1,P3,17.19967,14,14.0,0.0
GLAS,glas014,Violation_201,1,P4,-7.299948,14,14.0,0.0
GLAS,glas014,Violation_201,1,C3,10.74698,14,14.0,0.0
GLAS,glas014,Violation_201,1,C4,4.801304,14,14.0,0.0
GLAS,glas014,Violation_201,1,P7,9.659904,14,14.0,0.0
GLAS,glas014,Violation_201,1,P8,4.837113,14,14.0,0.0
GLAS,glas014,Violation_201,1,O1,15.4925,14,14.0,0.0
GLAS,glas014,Violation_201,1,O2,-10.36236,14,14.0,0.0
GLAS,glas014,Control_202,2,Pz,-19.5903,14,9.0,93.0
GLAS,glas014,Control_202,2,Cz,-21.31878,14,9.0,93.0
GLAS,glas014,Control_202,2,CP1,-27.93915,14,9.0,93.0
GLAS,glas014,Control_202,2,CP2,-16.07557,14,9.0,93.0
GLAS,glas014,Control_202,2,P3,-22.01643,14,9.0,93.0
GLAS,glas014,Control_202,2,P4,-14.68051,14,9.0,93.0
GLAS,glas014,Control_202,2,C3,-17.39489,14,9.0,93.0
GLAS,glas014,Control_202,2,C4,-16.76946,14,9.0,93.0
GLAS,glas014,Control_202,2,P7,-24.79427,14,9.0,93.0
GLAS,glas014,Control_202,2,P8,-14.03976,14,9.0,93.0
GLAS,glas014,Control_202,2,O1,-16.7625,14,9.0,93.0
GLAS,glas014,Control_202,2,O2,1.476768,14,9.0,93.0
GLAS,glas014,Violation_201,3,Pz,19.69166,14,17.0,0.0
GLAS,glas014,Violation_201,3,Cz,17.79379,14,17.0,0.0
GLAS,glas014,Violation_201,3,CP1,24.35636,14,17.0,0.0
GLAS,glas014,Violation_201,3,CP2,6.204996,14,17.0,0.0
GLAS,glas014,Violation_201,3,P3,35.97117,14,17.0,0.0
GLAS,glas014,Violation_201,3,P4,-10.60279,14,17.0,0.0
GLAS,glas014,Violation_201,3,C3,16.64203,14,17.0,0.0
GLAS,glas014,Violation_201,3,C4,13.54207,14,17.0,0.0
GLAS,glas014,Violation_201,3,P7,19.05393,14,17.0,0.0
GLAS,glas014,Violation_201,3,P8,9.787136,14,17.0,0.0
GLAS,glas014,Violation_201,3,O1,21.14561,14,17.0,0.0
GLAS,glas014,Violation_201,3,O2,12.93687,14,17.0,0.0
GLAS,glas014,Control_202,4,Pz,-5.642457,14,5.0,93.0
GLAS,glas014,Control_202,4,Cz,-6.868703,14,5.0,93.0
GLAS,glas014,Control_202,4,CP1,-6.370213,14,5.0,93.0
GLAS,glas014,Control_202,4,CP2,-2.90949,14,5.0,93.0
GLAS,glas014,Control_202,4,P3,2.16576,14,5.0,93.0
GLAS,glas014,Control_202,4,P4,-6.873533,14,5.0,93.0
GLAS,glas014,Control_202,4,C3,-8.819196,14,5.0,93.0
GLAS,glas014,Control_202,4,C4,-6.173652,14,5.0,93.0
GLAS,glas014,Control_202,4,P7,-0.457886,14,5.0,93.0
GLAS,glas014,Control_202,4,P8,-9.50617,14,5.0,93.0
GLAS,glas014,Control_202,4,O1,8.526395,14,5.0,93.0
GLAS,glas014,Control_202,4,O2,3.265316,14,5.0,93.0
GLAS,glas014,Violation_201,5,Pz,-19.82013,14,8.0,34.0
GLAS,glas014,Violation_201,5,Cz,-20.96776,14,8.0,34.0
GLAS,glas014,Violation_201,5,CP1,-18.26406,14,8.0,34.0
GLAS,glas014,Violation_201,5,CP2,-18.46685,14,8.0,34.0
GLAS,glas014,Violation_201,5,P3,-20.57081,14,8.0,34.0
GLAS,glas014,Violation_201,5,P4,-15.56153,14,8.0,34.0
GLAS,glas014,Violation_201,5,C3,-19.17973,14,8.0,34.0
GLAS,glas014,Violation_201,5,C4,-16.96751,14,8.0,34.0
GLAS,glas014,Violation_201,5,P7,-21.94648,14,8.0,34.0
GLAS,glas014,Violation_201,5,P8,-19.40559,14,8.0,34.0
GLAS,glas014,Violation_201,5,O1,-33.25177,14,8.0,34.0
GLAS,glas014,Violation_201,5,O2,-19.80667,14,8.0,34.0
GLAS,glas014,Control_202,6,Pz,11.048,14,19.0,100.0
GLAS,glas014,Control_202,6,Cz,12.83865,14,19.0,100.0
GLAS,glas014,Control_202,6,CP1,0.4956946,14,19.0,100.0
GLAS,glas014,Control_202,6,CP2,1.468602,14,19.0,100.0
GLAS,glas014,Control_202,6,P3,15.25321,14,19.0,100.0
GLAS,glas014,Control_202,6,P4,3.611977,14,19.0,100.0
GLAS,glas014,Control_202,6,C3,12.55317,14,19.0,100.0
GLAS,glas014,Control_202,6,C4,8.29251,14,19.0,100.0
GLAS,glas014,Control_202,6,P7,13.75572,14,19.0,100.0
GLAS,glas014,Control_202,6,P8,11.2338,14,19.0,100.0
GLAS,glas014,Control_202,6,O1,12.72892,14,19.0,100.0
GLAS,glas014,Control_202,6,O2,3.374372,14,19.0,100.0
GLAS,glas014,Control_202,7,Pz,17.75935,14,11.0,87.0
GLAS,glas014,Control_202,7,Cz,17.06071,14,11.0,87.0
GLAS,glas014,Control_202,7,CP1,22.6295,14,11.0,87.0
GLAS,glas014,Control_202,7,CP2,23.21514,14,11.0,87.0
GLAS,glas014,Control_202,7,P3,22.63901,14,11.0,87.0
GLAS,glas014,Control_202,7,P4,14.22181,14,11.0,87.0
GLAS,glas014,Control_202,7,C3,13.82666,14,11.0,87.0
GLAS,glas014,Control_202,7,C4,14.20903,14,11.0,87.0
GLAS,glas014,Control_202,7,P7,21.11058,14,11.0,87.0
GLAS,glas014,Control_202,7,P8,8.602713,14,11.0,87.0
GLAS,glas014,Control_202,7,O1,31.97681,14,11.0,87.0
GLAS,glas014,Control_202,7,O2,18.10077,14,11.0,87.0
GLAS,glas014,Violation_201,8,Pz,-24.51825,14,4.0,20.0
GLAS,glas014,Violation_201,8,Cz,-26.05493,14,4.0,20.0
GLAS,glas014,Violation_201,8,CP1,-25.83135,14,4.0,20.0
GLAS,glas014,Violation_201,8,CP2,-29.10053,14,4.0,20.0
GLAS,glas014,Violation_201,8,P3,-26.40369,14,4.0,20.0
GLAS,glas014,Violation_201,8,P4,-21.02573,14,4.0,20.0
GLAS,glas014,Violation_201,8,C3,-24.38095,14,4.0,20.0
GLAS,glas014,Violation_201,8,C4,-23.25594,14,4.0,20.0
GLAS,glas014,Violation_201,8,P7,-28.49459,14,4.0,20.0
GLAS,glas014,Violation_201,8,P8,-18.76399,14,4.0,20.0
GLAS,glas014,Violation_201,8,O1,-15.19962,14,4.0,20.0
GLAS,glas014,Violation_201,8,O2,-18.17751,14,4.0,20.0
GLAS,glas014,Violation_201,9,Pz,-9.744884,14,10.0,3.0
GLAS,glas014,Violation_201,9,Cz,-7.533611,14,10.0,3.0
GLAS,glas014,Violation_201,9,CP1,-0.9476909,14,10.0,3.0
GLAS,glas014,Violation_201,9,CP2,-7.7651,14,10.0,3.0
GLAS,glas014,Violation_201,9,P3,-4.488571,14,10.0,3.0
GLAS,glas014,Violation_201,9,P4,-25.82502,14,10.0,3.0
GLAS,glas014,Violation_201,9,C3,-10.67364,14,10.0,3.0
GLAS,glas014,Violation_201,9,C4,-13.68034,14,10.0,3.0
GLAS,glas014,Violation_201,9,P7,-2.215104,14,10.0,3.0
GLAS,glas014,Violation_201,9,P8,-12.26459,14,10.0,3.0
GLAS,glas014,Violation_201,9,O1,1.536773,14,10.0,3.0
GLAS,glas014,Violation_201,9,O2,0.4344252,14,10.0,3.0
GLAS,glas014,Control_202,10,Pz,-4.44136,14,15.0,90.0
GLAS,glas014,Control_202,10,Cz,-3.45678,14,15.0,90.0
GLAS,glas014,Control_202,10,CP1,-6.897443,14,15.0,90.0
GLAS,glas014,Control_202,10,CP2,-13.09452,14,15.0,90.0
GLAS,glas014,Control_202,10,P3,-0.2029529,14,15.0,90.0
GLAS,glas014,Control_202,10,P4,-1.16547,14,15.0,90.0
GLAS,glas014,Control_202,10,C3,-5.820152,14,15.0,90.0
GLAS,glas014,Control_202,10,C4,-6.215597,14,15.0,90.0
GLAS,glas014,Control_202,10,P7,-2.51437,14,15.0,90.0
GLAS,glas014,Control_202,10,P8,-7.787352,14,15.0,90.0
GLAS,glas014,Control_202,10,O1,-5.040789,14,15.0,90.0
GLAS,glas014,Control_202,10,O2,-23.86058,14,15.0,90.0
GLAS,glas014,Violation_201,11,Pz,1.508269,14,12.0,13.0
GLAS,glas014,Violation_201,11,Cz,4.072303,14,12.0,13.0
GLAS,glas014,Violation_201,11,CP1,4.346884,14,12.0,13.0
GLAS,glas014,Violation_201,11,CP2,1.0544,14,12.0,13.0
GLAS,glas014,Violation_201,11,P3,0.6233138,14,12.0,13.0
GLAS,glas014,Violation_201,11,P4,3.377177,14,12.0,13.0
GLAS,glas014,Violation_201,11,C3,1.679094,14,12.0,13.0
GLAS,glas014,Violation_201,11,C4,-0.6337604,14,12.0,13.0
GLAS,glas014,Violation_201,11,P7,0.3616009,14,12.0,13.0
GLAS,glas014,Violation_201,11,P8,3.550546,14,12.0,13.0
GLAS,glas014,Violation_201,11,O1,4.782568,14,12.0,13.0
GLAS,glas014,Violation_201,11,O2,11.99896,14,12.0,13.0
GLAS,glas014,Control_202,12,Pz,-8.40876,14,3.0,100.0
GLAS,glas014,Control_202,12,Cz,-6.671861,14,3.0,100.0
GLAS,glas014,Control_202,12,CP1,-2.346359,14,3.0,100.0
GLAS,glas014,Control_202,12,CP2,-10.61535,14,3.0,100.0
GLAS,glas014,Control_202,12,P3,0.06963236,14,3.0,100.0
GLAS,glas014,Control_202,12,P4,-18.16131,14,3.0,100.0
GLAS,glas014,Control_202,12,C3,-10.78008,14,3.0,100.0
GLAS,glas014,Control_202,12,C4,-10.41711,14,3.0,100.0
GLAS,glas014,Control_202,12,P7,-2.734254,14,3.0,100.0
GLAS,glas014,Control_202,12,P8,-19.31028,14,3.0,100.0
GLAS,glas014,Control_202,12,O1,-0.1599302,14,3.0,100.0
GLAS,glas014,Control_202,12,O2,-8.640757,14,3.0,100.0
GLAS,glas014,Violation_201,13,Pz,0.3235343,14,1.0,0.0
GLAS,glas014,Violation_201,13,Cz,-1.337017,14,1.0,0.0
GLAS,glas014,Violation_201,13,CP1,-2.685209,14,1.0,0.0
GLAS,glas014,Violation_201,13,CP2,0.4284101,14,1.0,0.0
GLAS,glas014,Violation_201,13,P3,0.8489437,14,1.0,0.0
GLAS,glas014,Violation_201,13,P4,2.076446,14,1.0,0.0
GLAS,glas014,Violation_201,13,C3,-1.313363,14,1.0,0.0
GLAS,glas014,Violation_201,13,C4,1.582001,14,1.0,0.0
GLAS,glas014,Violation_201,13,P7,2.271837,14,1.0,0.0
GLAS,glas014,Violation_201,13,P8,0.4331766,14,1.0,0.0
GLAS,glas014,Violation_201,13,O1,15.3141,14,1.0,0.0
GLAS,glas014,Violation_201,13,O2,-15.47986,14,1.0,0.0
GLAS,glas014,Violation_201,14,Pz,12.6722,14,6.0,0.0
GLAS,glas014,Violation_201,14,Cz,10.50018,14,6.0,0.0
GLAS,glas014,Violation_201,14,CP1,6.532696,14,6.0,0.0
GLAS,glas014,Violation_201,14,CP2,15.51411,14,6.0,0.0
GLAS,glas014,Violation_201,14,P3,18.00988,14,6.0,0.0
GLAS,glas014,Violation_201,14,P4,13.04238,14,6.0,0.0
GLAS,glas014,Violation_201,14,C3,11.2151,14,6.0,0.0
GLAS,glas014,Violation_201,14,C4,10.01416,14,6.0,0.0
GLAS,glas014,Violation_201,14,P7,11.15765,14,6.0,0.0
GLAS,glas014,Violation_201,14,P8,11.25177,14,6.0,0.0
GLAS,glas014,Violation_201,14,O1,13.71118,14,6.0,0.0
GLAS,glas014,Violation_201,14,O2,9.796268,14,6.0,0.0
GLAS,glas014,Violation_201,15,Pz,-28.68332,14,7.0,0.0
GLAS,glas014,Violation_201,15,Cz,-30.57193,14,7.0,0.0
GLAS,glas014,Violation_201,15,CP1,-28.71336,14,7.0,0.0
GLAS,glas014,Violation_201,15,CP2,-21.79766,14,7.0,0.0
GLAS,glas014,Violation_201,15,P3,-26.95382,14,7.0,0.0
GLAS,glas014,Violation_201,15,P4,-29.4889,14,7.0,0.0
GLAS,glas014,Violation_201,15,C3,-30.19857,14,7.0,0.0
GLAS,glas014,Violation_201,15,C4,-29.22447,14,7.0,0.0
GLAS,glas014,Violation_201,15,P7,-27.38832,14,7.0,0.0
GLAS,glas014,Violation_201,15,P8,-27.01449,14,7.0,0.0
GLAS,glas014,Violation_201,15,O1,-27.10318,14,7.0,0.0
GLAS,glas014,Violation_201,15,O2,-24.28232,14,7.0,0.0
GLAS,glas014,Control_202,16,Pz,-2.421897,14,2.0,100.0
GLAS,glas014,Control_202,16,Cz,-1.391041,14,2.0,100.0
GLAS,glas014,Control_202,16,CP1,-3.124127,14,2.0,100.0
GLAS,glas014,Control_202,16,CP2,5.444417,14,2.0,100.0
GLAS,glas014,Control_202,16,P3,-1.446196,14,2.0,100.0
GLAS,glas014,Control_202,16,P4,-1.59959,14,2.0,100.0
GLAS,glas014,Control_202,16,C3,-2.08351,14,2.0,100.0
GLAS,glas014,Control_202,16,C4,-2.46788,14,2.0,100.0
GLAS,glas014,Control_202,16,P7,-1.789287,14,2.0,100.0
GLAS,glas014,Control_202,16,P8,4.029292,14,2.0,100.0
GLAS,glas014,Control_202,16,O1,-9.950789,14,2.0,100.0
GLAS,glas014,Control_202,16,O2,-3.930576,14,2.0,100.0
GLAS,glas014,Control_202,17,Pz,24.9397,14,13.0,97.0
GLAS,glas014,Control_202,17,Cz,14.38025,14,13.0,97.0
GLAS,glas014,Control_202,17,CP1,23.79845,14,13.0,97.0
GLAS,glas014,Control_202,17,CP2,16.45116,14,13.0,97.0
GLAS,glas014,Control_202,17,P3,29.02131,14,13.0,97.0
GLAS,glas014,Control_202,17,P4,25.52957,14,13.0,97.0
GLAS,glas014,Control_202,17,C3,20.08331,14,13.0,97.0
GLAS,glas014,Control_202,17,C4,23.02893,14,13.0,97.0
GLAS,glas014,Control_202,17,P7,25.4382,14,13.0,97.0
GLAS,glas014,Control_202,17,P8,18.56211,14,13.0,97.0
GLAS,glas014,Control_202,17,O1,30.23987,14,13.0,97.0
GLAS,glas014,Control_202,17,O2,27.55093,14,13.0,97.0
GLAS,glas014,Violation_201,18,Pz,4.754951,14,18.0,0.0
GLAS,glas014,Violation_201,18,Cz,3.376779,14,18.0,0.0
GLAS,glas014,Violation_201,18,CP1,3.044956,14,18.0,0.0
GLAS,glas014,Violation_201,18,CP2,2.151524,14,18.0,0.0
GLAS,glas014,Violation_201,18,P3,4.19359,14,18.0,0.0
GLAS,glas014,Violation_201,18,P4,2.620857,14,18.0,0.0
GLAS,glas014,Violation_201,18,C3,4.136296,14,18.0,0.0
GLAS,glas014,Violation_201,18,C4,4.528083,14,18.0,0.0
GLAS,glas014,Violation_201,18,P7,7.296181,14,18.0,0.0
GLAS,glas014,Violation_201,18,P8,-0.05738053,14,18.0,0.0
GLAS,glas014,Violation_201,18,O1,8.523278,14,18.0,0.0
GLAS,glas014,Violation_201,18,O2,-9.108531,14,18.0,0.0
GLAS,glas014,Violation_201,19,Pz,-0.6932086,14,16.0,0.0
GLAS,glas014,Violation_201,19,Cz,-0.4388078,14,16.0,0.0
GLAS,glas014,Violation_201,19,CP1,-11.95786,14,16.0,0.0
GLAS,glas014,Violation_201,19,CP2,7.161664,14,16.0,0.0
GLAS,glas014,Violation_201,19,P3,-8.927559,14,16.0,0.0
GLAS,glas014,Violation_201,19,P4,2.017148,14,16.0,0.0
GLAS,glas014,Violation_201,19,C3,3.931462,14,16.0,0.0
GLAS,glas014,Violation_201,19,C4,6.312756,14,16.0,0.0
GLAS,glas014,Violation_201,19,P7,-7.439396,14,16.0,0.0
GLAS,glas014,Violation_201,19,P8,7.347789,14,16.0,0.0
GLAS,glas014,Violation_201,19,O1,-7.085183,14,16.0,0.0
GLAS,glas014,Violation_201,19,O2,13.3466,14,16.0,0.0
GLAS,glas014,Control_202,20,Pz,-11.99551,14,20.0,90.0
GLAS,glas014,Control_202,20,Cz,-10.77023,14,20.0,90.0
GLAS,glas014,Control_202,20,CP1,-12.61146,14,20.0,90.0
GLAS,glas014,Control_202,20,CP2,-5.240528,14,20.0,90.0
GLAS,glas014,Control_202,20,P3,-14.56097,14,20.0,90.0
GLAS,glas014,Control_202,20,P4,-8.278173,14,20.0,90.0
GLAS,glas014,Control_202,20,C3,-8.291403,14,20.0,90.0
GLAS,glas014,Control_202,20,C4,-6.794794,14,20.0,90.0
GLAS,glas014,Control_202,20,P7,-17.18052,14,20.0,90.0
GLAS,glas014,Control_202,20,P8,-4.474376,14,20.0,90.0
GLAS,glas014,Control_202,20,O1,-22.06624,14,20.0,90.0
GLAS,glas014,Control_202,20,O2,-20.85455,14,20.0,90.0
GLAS,glas014,Control_202,21,Pz,-2.845414,14,33.0,53.0
GLAS,glas014,Control_202,21,Cz,-4.235699,14,33.0,53.0
GLAS,glas014,Control_202,21,CP1,3.535845,14,33.0,53.0
GLAS,glas014,Control_202,21,CP2,-10.13441,14,33.0,53.0
GLAS,glas014,Control_202,21,P3,-4.856074,14,33.0,53.0
GLAS,glas014,Control_202,21,P4,-6.865843,14,33.0,53.0
GLAS,glas014,Control_202,21,C3,-5.165952,14,33.0,53.0
GLAS,glas014,Control_202,21,C4,-7.420289,14,33.0,53.0
GLAS,glas014,Control_202,21,P7,0.4996611,14,33.0,53.0
GLAS,glas014,Control_202,21,P8,-11.55311,14,33.0,53.0
GLAS,glas014,Control_202,21,O1,7.980999,14,33.0,53.0
GLAS,glas014,Control_202,21,O2,-9.560886,14,33.0,53.0
GLAS,glas014,Control_202,22,Pz,-22.30393,14,30.0,90.0
GLAS,glas014,Control_202,22,Cz,-21.28739,14,30.0,90.0
GLAS,glas014,Control_202,22,CP1,-19.7504,14,30.0,90.0
GLAS,glas014,Control_202,22,CP2,-16.25564,14,30.0,90.0
GLAS,glas014,Control_202,22,P3,-22.435,14,30.0,90.0
GLAS,glas014,Control_202,22,P4,-18.65408,14,30.0,90.0
GLAS,glas014,Control_202,22,C3,-19.77128,14,30.0,90.0
GLAS,glas014,Control_202,22,C4,-20.12227,14,30.0,90.0
GLAS,glas014,Control_202,22,P7,-23.73172,14,30.0,90.0
GLAS,glas014,Control_202,22,P8,-21.02647,14,30.0,90.0
GLAS,glas014,Control_202,22,O1,-27.15304,14,30.0,90.0
GLAS,glas014,Control_202,22,O2,-14.55709,14,30.0,90.0
GLAS,glas014,Control_202,23,Pz,-4.885313,14,37.0,80.0
GLAS,glas014,Control_202,23,Cz,-4.95146,14,37.0,80.0
GLAS,glas014,Control_202,23,CP1,2.584515,14,37.0,80.0
GLAS,glas014,Control_202,23,CP2,-1.549838,14,37.0,80.0
GLAS,glas014,Control_202,23,P3,-8.55451,14,37.0,80.0
GLAS,glas014,Control_202,23,P4,-1.80874,14,37.0,80.0
GLAS,glas014,Control_202,23,C3,-3.375512,14,37.0,80.0
GLAS,glas014,Control_202,23,C4,-2.926619,14,37.0,80.0
GLAS,glas014,Control_202,23,P7,-6.353672,14,37.0,80.0
GLAS,glas014,Control_202,23,P8,-4.118117,14,37.0,80.0
GLAS,glas014,Control_202,23,O1,3.390177,14,37.0,80.0
GLAS,glas014,Control_202,23,O2,-11.31616,14,37.0,80.0
GLAS,glas014,Violation_201,24,Pz,-3.711313,14,27.0,0.0
GLAS,glas014,Violation_201,24,Cz,-3.010362,14,27.0,0.0
GLAS,glas014,Violation_201,24,CP1,-2.147667,14,27.0,0.0
GLAS,glas014,Violation_201,24,CP2,4.525921,14,27.0,0.0
GLAS,glas014,Violation_201,24,P3,0.2427868,14,27.0,0.0
GLAS,glas014,Violation_201,24,P4,-2.62984,14,27.0,0.0
GLAS,glas014,Violation_201,24,C3,-4.035203,14,27.0,0.0
GLAS,glas014,Violation_201,24,C4,-2.141279,14,27.0,0.0
GLAS,glas014,Violation_201,24,P7,0.5195804,14,27.0,0.0
GLAS,glas014,Violation_201,24,P8,-0.05986405,14,27.0,0.0
GLAS,glas014,Violation_201,24,O1,-1.780076,14,27.0,0.0
GLAS,glas014,Violation_201,24,O2,11.27661,14,27.0,0.0
GLAS,glas014,Violation_201,25,Pz,4.134316,14,23.0,3.0
GLAS,glas014,Violation_201,25,Cz,2.798145,14,23.0,3.0
GLAS,glas014,Violation_201,25,CP1,6.942024,14,23.0,3.0
GLAS,glas014,Violation_201,25,CP2,-0.1333865,14,23.0,3.0
GLAS,glas014,Violation_201,25,P3,13.29765,14,23.0,3.0
GLAS,glas014,Violation_201,25,P4,2.112764,14,23.0,3.0
GLAS,glas014,Violation_201,25,C3,-1.497086,14,23.0,3.0
GLAS,glas014,Violation_201,25,C4,-1.040696,14,23.0,3.0
GLAS,glas014,Violation_201,25,P7,14.8194,14,23.0,3.0
GLAS,glas014,Violation_201,25,P8,-1.398249,14,23.0,3.0
GLAS,glas014,Violation_201,25,O1,13.56527,14,23.0,3.0
GLAS,glas014,Violation_201,25,O2,-1.687214,14,23.0,3.0
GLAS,glas014,Control_202,26,Pz,-4.908008,14,24.0,93.0
GLAS,glas014,Control_202,26,Cz,-0.1717612,14,24.0,93.0
GLAS,glas014,Control_202,26,CP1,-3.120089,14,24.0,93.0
GLAS,glas014,Control_202,26,CP2,5.729326,14,24.0,93.0
GLAS,glas014,Control_202,26,P3,-8.484666,14,24.0,93.0
GLAS,glas014,Control_202,26,P4,0.2548475,14,24.0,93.0
GLAS,glas014,Control_202,26,C3,-1.495002,14,24.0,93.0
GLAS,glas014,Control_202,26,C4,-2.441463,14,24.0,93.0
GLAS,glas014,Control_202,26,P7,-8.646095,14,24.0,93.0
GLAS,glas014,Control_202,26,P8,3.439686,14,24.0,93.0
GLAS,glas014,Control_202,26,O1,-17.10367,14,24.0,93.0
GLAS,glas014,Control_202,26,O2,10.60649,14,24.0,93.0
GLAS,glas014,Violation_201,27,Pz,-21.25194,14,29.0,90.0
GLAS,glas014,Violation_201,27,Cz,-18.66925,14,29.0,90.0
GLAS,glas014,Violation_201,27,CP1,-31.24144,14,29.0,90.0
GLAS,glas014,Violation_201,27,CP2,-11.56239,14,29.0,90.0
GLAS,glas014,Violation_201,27,P3,-26.41459,14,29.0,90.0
GLAS,glas014,Violation_201,27,P4,-18.6885,14,29.0,90.0
GLAS,glas014,Violation_201,27,C3,-17.09445,14,29.0,90.0
GLAS,glas014,Violation_201,27,C4,-19.16048,14,29.0,90.0
GLAS,glas014,Violation_201,27,P7,-24.69237,14,29.0,90.0
GLAS,glas014,Violation_201,27,P8,-16.03992,14,29.0,90.0
GLAS,glas014,Violation_201,27,O1,-21.40778,14,29.0,90.0
GLAS,glas014,Violation_201,27,O2,-11.2469,14,29.0,90.0
GLAS,glas014,Violation_201,28,Pz,-12.36289,14,22.0,17.0
GLAS,glas014,Violation_201,28,Cz,-12.66916,14,22.0,17.0
GLAS,glas014,Violation_201,28,CP1,-18.4874,14,22.0,17.0
GLAS,glas014,Violation_201,28,CP2,-10.03806,14,22.0,17.0
GLAS,glas014,Violation_201,28,P3,-16.35517,14,22.0,17.0
GLAS,glas014,Violation_201,28,P4,-9.029825,14,22.0,17.0
GLAS,glas014,Violation_201,28,C3,-10.94292,14,22.0,17.0
GLAS,glas014,Violation_201,28,C4,-5.88361,14,22.0,17.0
GLAS,glas014,Violation_201,28,P7,-19.6702,14,22.0,17.0
GLAS,glas014,Violation_201,28,P8,-10.1435,14,22.0,17.0
GLAS,glas014,Violation_201,28,O1,-18.57921,14,22.0,17.0
GLAS,glas014,Violation_201,28,O2,-8.462708,14,22.0,17.0
GLAS,glas014,Control_202,29,Pz,15.17148,14,26.0,87.0
GLAS,glas014,Control_202,29,Cz,16.46534,14,26.0,87.0
GLAS,glas014,Control_202,29,CP1,16.85832,14,26.0,87.0
GLAS,glas014,Control_202,29,CP2,13.9469,14,26.0,87.0
GLAS,glas014,Control_202,29,P3,13.71087,14,26.0,87.0
GLAS,glas014,Control_202,29,P4,10.12077,14,26.0,87.0
GLAS,glas014,Control_202,29,C3,16.94577,14,26.0,87.0
GLAS,glas014,Control_202,29,C4,15.23746,14,26.0,87.0
GLAS,glas014,Control_202,29,P7,15.23572,14,26.0,87.0
GLAS,glas014,Control_202,29,P8,10.36496,14,26.0,87.0
GLAS,glas014,Control_202,29,O1,7.048658,14,26.0,87.0
GLAS,glas014,Control_202,29,O2,9.922682,14,26.0,87.0
GLAS,glas014,Control_202,30,Pz,-23.54262,14,39.0,97.0
GLAS,glas014,Control_202,30,Cz,-22.00022,14,39.0,97.0
GLAS,glas014,Control_202,30,CP1,-8.652839,14,39.0,97.0
GLAS,glas014,Control_202,30,CP2,-13.23098,14,39.0,97.0
GLAS,glas014,Control_202,30,P3,-23.99094,14,39.0,97.0
GLAS,glas014,Control_202,30,P4,-23.46701,14,39.0,97.0
GLAS,glas014,Control_202,30,C3,-21.69178,14,39.0,97.0
GLAS,glas014,Control_202,30,C4,-22.08113,14,39.0,97.0
GLAS,glas014,Control_202,30,P7,-21.57615,14,39.0,97.0
GLAS,glas014,Control_202,30,P8,-18.81858,14,39.0,97.0
GLAS,glas014,Control_202,30,O1,-16.63818,14,39.0,97.0
GLAS,glas014,Control_202,30,O2,4.082062,14,39.0,97.0
GLAS,glas014,Control_202,31,Pz,7.195866,14,32.0,80.0
GLAS,glas014,Control_202,31,Cz,7.197761,14,32.0,80.0
GLAS,glas014,Control_202,31,CP1,0.1644413,14,32.0,80.0
GLAS,glas014,Control_202,31,CP2,11.12341,14,32.0,80.0
GLAS,glas014,Control_202,31,P3,1.583646,14,32.0,80.0
GLAS,glas014,Control_202,31,P4,8.473887,14,32.0,80.0
GLAS,glas014,Control_202,31,C3,6.88269,14,32.0,80.0
GLAS,glas014,Control_202,31,C4,6.809122,14,32.0,80.0
GLAS,glas014,Control_202,31,P7,6.025492,14,32.0,80.0
GLAS,glas014,Control_202,31,P8,5.500118,14,32.0,80.0
GLAS,glas014,Control_202,31,O1,-1.132904,14,32.0,80.0
GLAS,glas014,Control_202,31,O2,6.431741,14,32.0,80.0
GLAS,glas014,Violation_201,32,Pz,-9.622242,14,40.0,0.0
GLAS,glas014,Violation_201,32,Cz,-6.821152,14,40.0,0.0
GLAS,glas014,Violation_201,32,CP1,5.260374,14,40.0,0.0
GLAS,glas014,Violation_201,32,CP2,-8.558851,14,40.0,0.0
GLAS,glas014,Violation_201,32,P3,-2.051632,14,40.0,0.0
GLAS,glas014,Violation_201,32,P4,-9.942246,14,40.0,0.0
GLAS,glas014,Violation_201,32,C3,-13.76999,14,40.0,0.0
GLAS,glas014,Violation_201,32,C4,-15.28324,14,40.0,0.0
GLAS,glas014,Violation_201,32,P7,-3.436965,14,40.0,0.0
GLAS,glas014,Violation_201,32,P8,-15.41448,14,40.0,0.0
GLAS,glas014,Violation_201,32,O1,-1.063938,14,40.0,0.0
GLAS,glas014,Violation_201,32,O2,-5.561575,14,40.0,0.0
GLAS,glas014,Violation_201,33,Pz,-11.25114,14,38.0,0.0
GLAS,glas014,Violation_201,33,Cz,-9.723721,14,38.0,0.0
GLAS,glas014,Violation_201,33,CP1,-1.231385,14,38.0,0.0
GLAS,glas014,Violation_201,33,CP2,-16.11113,14,38.0,0.0
GLAS,glas014,Violation_201,33,P3,-3.73658,14,38.0,0.0
GLAS,glas014,Violation_201,33,P4,-16.90543,14,38.0,0.0
GLAS,glas014,Violation_201,33,C3,-13.73583,14,38.0,0.0
GLAS,glas014,Violation_201,33,C4,-15.60512,14,38.0,0.0
GLAS,glas014,Violation_201,33,P7,-5.107523,14,38.0,0.0
GLAS,glas014,Violation_201,33,P8,-19.34443,14,38.0,0.0
GLAS,glas014,Violation_201,33,O1,3.910569,14,38.0,0.0
GLAS,glas014,Violation_201,33,O2,-16.18796,14,38.0,0.0
GLAS,glas014,Control_202,34,Pz,-2.371176,14,28.0,27.0
GLAS,glas014,Control_202,34,Cz,-2.618835,14,28.0,27.0
GLAS,glas014,Control_202,34,CP1,-8.042953,14,28.0,27.0
GLAS,glas014,Control_202,34,CP2,8.863146,14,28.0,27.0
GLAS,glas014,Control_202,34,P3,-2.526336,14,28.0,27.0
GLAS,glas014,Control_202,34,P4,-4.81224,14,28.0,27.0
GLAS,glas014,Control_202,34,C3,-1.541393,14,28.0,27.0
GLAS,glas014,Control_202,34,C4,2.478911,14,28.0,27.0
GLAS,glas014,Control_202,34,P7,-2.884941,14,28.0,27.0
GLAS,glas014,Control_202,34,P8,-2.699225,14,28.0,27.0
GLAS,glas014,Control_202,34,O1,-2.164406,14,28.0,27.0
GLAS,glas014,Control_202,34,O2,3.702956,14,28.0,27.0
GLAS,glas014,Violation_201,35,Pz,22.06205,14,31.0,0.0
GLAS,glas014,Violation_201,35,Cz,22.47534,14,31.0,0.0
GLAS,glas014,Violation_201,35,CP1,21.39845,14,31.0,0.0
GLAS,glas014,Violation_201,35,CP2,25.26192,14,31.0,0.0
GLAS,glas014,Violation_201,35,P3,24.69016,14,31.0,0.0
GLAS,glas014,Violation_201,35,P4,23.55368,14,31.0,0.0
GLAS,glas014,Violation_201,35,C3,21.99641,14,31.0,0.0
GLAS,glas014,Violation_201,35,C4,25.24635,14,31.0,0.0
GLAS,glas014,Violation_201,35,P7,22.13768,14,31.0,0.0
GLAS,glas014,Violation_201,35,P8,25.94803,14,31.0,0.0
GLAS,glas014,Violation_201,35,O1,17.78252,14,31.0,0.0
GLAS,glas014,Violation_201,35,O2,35.76541,14,31.0,0.0
GLAS,glas014,Control_202,36,Pz,-0.2041646,14,35.0,97.0
GLAS,glas014,Control_202,36,Cz,-1.286175,14,35.0,97.0
GLAS,glas014,Control_202,36,CP1,6.099236,14,35.0,97.0
GLAS,glas014,Control_202,36,CP2,-4.239647,14,35.0,97.0
GLAS,glas014,Control_202,36,P3,2.546607,14,35.0,97.0
GLAS,glas014,Control_202,36,P4,-0.9971319,14,35.0,97.0
GLAS,glas014,Control_202,36,C3,-2.334628,14,35.0,97.0
GLAS,glas014,Control_202,36,C4,-0.9321169,14,35.0,97.0
GLAS,glas014,Control_202,36,P7,3.252118,14,35.0,97.0
GLAS,glas014,Control_202,36,P8,-4.115795,14,35.0,97.0
GLAS,glas014,Control_202,36,O1,11.90381,14,35.0,97.0
GLAS,glas014,Control_202,36,O2,-13.12819,14,35.0,97.0
GLAS,glas015,Control_202,1,Pz,-8.648683,15,11.0,87.0
GLAS,glas015,Control_202,1,Cz,-6.57336,15,11.0,87.0
GLAS,glas015,Control_202,1,CP1,1.542274,15,11.0,87.0
GLAS,glas015,Control_202,1,CP2,-6.89928,15,11.0,87.0
GLAS,glas015,Control_202,1,P3,-4.340567,15,11.0,87.0
GLAS,glas015,Control_202,1,P4,-12.2329,15,11.0,87.0
GLAS,glas015,Control_202,1,C3,-9.627576,15,11.0,87.0
GLAS,glas015,Control_202,1,C4,-10.99642,15,11.0,87.0
GLAS,glas015,Control_202,1,P7,8.578392,15,11.0,87.0
GLAS,glas015,Control_202,1,P8,-11.30074,15,11.0,87.0
GLAS,glas015,Control_202,1,O1,9.271652,15,11.0,87.0
GLAS,glas015,Control_202,1,O2,-9.128002,15,11.0,87.0
GLAS,glas015,Violation_201,2,Pz,-17.26473,15,13.0,0.0
GLAS,glas015,Violation_201,2,Cz,-18.46991,15,13.0,0.0
GLAS,glas015,Violation_201,2,CP1,-14.85968,15,13.0,0.0
GLAS,glas015,Violation_201,2,CP2,-28.6017,15,13.0,0.0
GLAS,glas015,Violation_201,2,P3,-21.39716,15,13.0,0.0
GLAS,glas015,Violation_201,2,P4,-17.84702,15,13.0,0.0
GLAS,glas015,Violation_201,2,C3,-16.51396,15,13.0,0.0
GLAS,glas015,Violation_201,2,C4,-17.52378,15,13.0,0.0
GLAS,glas015,Violation_201,2,P7,-28.59682,15,13.0,0.0
GLAS,glas015,Violation_201,2,P8,-17.18363,15,13.0,0.0
GLAS,glas015,Violation_201,2,O1,-16.51617,15,13.0,0.0
GLAS,glas015,Violation_201,2,O2,-15.29254,15,13.0,0.0
GLAS,glas015,Violation_201,3,Pz,-26.44242,15,6.0,0.0
GLAS,glas015,Violation_201,3,Cz,-29.58303,15,6.0,0.0
GLAS,glas015,Violation_201,3,CP1,-30.13907,15,6.0,0.0
GLAS,glas015,Violation_201,3,CP2,-19.86413,15,6.0,0.0
GLAS,glas015,Violation_201,3,P3,-27.7258,15,6.0,0.0
GLAS,glas015,Violation_201,3,P4,-22.35571,15,6.0,0.0
GLAS,glas015,Violation_201,3,C3,-24.2996,15,6.0,0.0
GLAS,glas015,Violation_201,3,C4,-22.10032,15,6.0,0.0
GLAS,glas015,Violation_201,3,P7,-17.79951,15,6.0,0.0
GLAS,glas015,Violation_201,3,P8,-19.18007,15,6.0,0.0
GLAS,glas015,Violation_201,3,O1,-35.3824,15,6.0,0.0
GLAS,glas015,Violation_201,3,O2,-11.66003,15,6.0,0.0
GLAS,glas015,Control_202,4,Pz,-0.9839036,15,18.0,87.0
GLAS,glas015,Control_202,4,Cz,-3.994771,15,18.0,87.0
GLAS,glas015,Control_202,4,CP1,0.6618859,15,18.0,87.0
GLAS,glas015,Control_202,4,CP2,-5.236796,15,18.0,87.0
GLAS,glas015,Control_202,4,P3,-5.696027,15,18.0,87.0
GLAS,glas015,Control_202,4,P4,2.225987,15,18.0,87.0
GLAS,glas015,Control_202,4,C3,-1.524454,15,18.0,87.0
GLAS,glas015,Control_202,4,C4,0.3922257,15,18.0,87.0
GLAS,glas015,Control_202,4,P7,3.722683,15,18.0,87.0
GLAS,glas015,Control_202,4,P8,-1.803924,15,18.0,87.0
GLAS,glas015,Control_202,4,O1,-0.1965449,15,18.0,87.0
GLAS,glas015,Control_202,4,O2,-1.077924,15,18.0,87.0
GLAS,glas015,Violation_201,5,Pz,-6.53874,15,15.0,0.0
GLAS,glas015,Violation_201,5,Cz,-10.83476,15,15.0,0.0
GLAS,glas015,Violation_201,5,CP1,-6.448092,15,15.0,0.0
GLAS,glas015,Violation_201,5,CP2,-9.494626,15,15.0,0.0
GLAS,glas015,Violation_201,5,P3,-6.145099,15,15.0,0.0
GLAS,glas015,Violation_201,5,P4,-6.504715,15,15.0,0.0
GLAS,glas015,Violation_201,5,C3,-7.784886,15,15.0,0.0
GLAS,glas015,Violation_201,5,C4,-7.506099,15,15.0,0.0
GLAS,glas015,Violation_201,5,P7,-12.22492,15,15.0,0.0
GLAS,glas015,Violation_201,5,P8,-6.284231,15,15.0,0.0
GLAS,glas015,Violation_201,5,O1,2.618141,15,15.0,0.0
GLAS,glas015,Violation_201,5,O2,-3.383474,15,15.0,0.0
GLAS,glas015,Control_202,6,Pz,6.304464,15,17.0,62.0
GLAS,glas015,Control_202,6,Cz,1.42986,15,17.0,62.0
GLAS,glas015,Control_202,6,CP1,13.28436,15,17.0,62.0
GLAS,glas015,Control_202,6,CP2,-8.240047,15,17.0,62.0
GLAS,glas015,Control_202,6,P3,-0.7614956,15,17.0,62.0
GLAS,glas015,Control_202,6,P4,-0.6240816,15,17.0,62.0
GLAS,glas015,Control_202,6,C3,3.519018,15,17.0,62.0
GLAS,glas015,Control_202,6,C4,1.972099,15,17.0,62.0
GLAS,glas015,Control_202,6,P7,6.898749,15,17.0,62.0
GLAS,glas015,Control_202,6,P8,-4.562766,15,17.0,62.0
GLAS,glas015,Control_202,6,O1,-5.377639,15,17.0,62.0
GLAS,glas015,Control_202,6,O2,-8.901494,15,17.0,62.0
GLAS,glas015,Control_202,7,Pz,-4.455086,15,10.0,80.0
GLAS,glas015,Control_202,7,Cz,-2.959782,15,10.0,80.0
GLAS,glas015,Control_202,7,CP1,2.213675,15,10.0,80.0
GLAS,glas015,Control_202,7,CP2,-4.902265,15,10.0,80.0
GLAS,glas015,Control_202,7,P3,-7.880533,15,10.0,80.0
GLAS,glas015,Control_202,7,P4,-6.284958,15,10.0,80.0
GLAS,glas015,Control_202,7,C3,-4.503506,15,10.0,80.0
GLAS,glas015,Control_202,7,C4,-4.765246,15,10.0,80.0
GLAS,glas015,Control_202,7,P7,0.7244405,15,10.0,80.0
GLAS,glas015,Control_202,7,P8,-1.941573,15,10.0,80.0
GLAS,glas015,Control_202,7,O1,-1.208199,15,10.0,80.0
GLAS,glas015,Control_202,7,O2,-0.6222057,15,10.0,80.0
GLAS,glas015,Control_202,8,Pz,2.206306,15,14.0,90.0
GLAS,glas015,Control_202,8,Cz,3.135657,15,14.0,90.0
GLAS,glas015,Control_202,8,CP1,4.8471,15,14.0,90.0
GLAS,glas015,Control_202,8,CP2,2.789886,15,14.0,90.0
GLAS,glas015,Control_202,8,P3,3.535252,15,14.0,90.0
GLAS,glas015,Control_202,8,P4,2.118013,15,14.0,90.0
GLAS,glas015,Control_202,8,C3,1.781215,15,14.0,90.0
GLAS,glas015,Control_202,8,C4,1.827145,15,14.0,90.0
GLAS,glas015,Control_202,8,P7,2.125195,15,14.0,90.0
GLAS,glas015,Control_202,8,P8,1.70721,15,14.0,90.0
GLAS,glas015,Control_202,8,O1,2.601341,15,14.0,90.0
GLAS,glas015,Control_202,8,O2,6.146287,15,14.0,90.0
GLAS,glas015,Violation_201,9,Pz,-18.10686,15,1.0,0.0
GLAS,glas015,Violation_201,9,Cz,-25.50705,15,1.0,0.0
GLAS,glas015,Violation_201,9,CP1,-19.68264,15,1.0,0.0
GLAS,glas015,Violation_201,9,CP2,-7.06211,15,1.0,0.0
GLAS,glas015,Violation_201,9,P3,-24.06728,15,1.0,0.0
GLAS,glas015,Violation_201,9,P4,-8.620409,15,1.0,0.0
GLAS,glas015,Violation_201,9,C3,-17.43135,15,1.0,0.0
GLAS,glas015,Violation_201,9,C4,-13.20521,15,1.0,0.0
GLAS,glas015,Violation_201,9,P7,-8.88985,15,1.0,0.0
GLAS,glas015,Violation_201,9,P8,-14.14437,15,1.0,0.0
GLAS,glas015,Violation_201,9,O1,-18.79255,15,1.0,0.0
GLAS,glas015,Violation_201,9,O2,0.8711061,15,1.0,0.0
GLAS,glas015,Violation_201,10,Pz,-8.608935,15,16.0,0.0
GLAS,glas015,Violation_201,10,Cz,-10.5614,15,16.0,0.0
GLAS,glas015,Violation_201,10,CP1,-9.63211,15,16.0,0.0
GLAS,glas015,Violation_201,10,CP2,-3.876414,15,16.0,0.0
GLAS,glas015,Violation_201,10,P3,-16.61929,15,16.0,0.0
GLAS,glas015,Violation_201,10,P4,-9.022273,15,16.0,0.0
GLAS,glas015,Violation_201,10,C3,-6.055182,15,16.0,0.0
GLAS,glas015,Violation_201,10,C4,-6.962804,15,16.0,0.0
GLAS,glas015,Violation_201,10,P7,-10.78514,15,16.0,0.0
GLAS,glas015,Violation_201,10,P8,-9.669404,15,16.0,0.0
GLAS,glas015,Violation_201,10,O1,-15.76405,15,16.0,0.0
GLAS,glas015,Violation_201,10,O2,-8.40163,15,16.0,0.0
GLAS,glas015,Violation_201,11,Pz,2.563202,15,4.0,20.0
GLAS,glas015,Violation_201,11,Cz,3.442409,15,4.0,20.0
GLAS,glas015,Violation_201,11,CP1,3.887257,15,4.0,20.0
GLAS,glas015,Violation_201,11,CP2,-1.831208,15,4.0,20.0
GLAS,glas015,Violation_201,11,P3,1.312943,15,4.0,20.0
GLAS,glas015,Violation_201,11,P4,1.049987,15,4.0,20.0
GLAS,glas015,Violation_201,11,C3,0.6913199,15,4.0,20.0
GLAS,glas015,Violation_201,11,C4,0.1789648,15,4.0,20.0
GLAS,glas015,Violation_201,11,P7,1.42507,15,4.0,20.0
GLAS,glas015,Violation_201,11,P8,-3.897237,15,4.0,20.0
GLAS,glas015,Violation_201,11,O1,1.749614,15,4.0,20.0
GLAS,glas015,Violation_201,11,O2,-6.424018,15,4.0,20.0
GLAS,glas015,Control_202,12,Pz,-12.53055,15,9.0,93.0
GLAS,glas015,Control_202,12,Cz,-11.58801,15,9.0,93.0
GLAS,glas015,Control_202,12,CP1,-17.26223,15,9.0,93.0
GLAS,glas015,Control_202,12,CP2,-8.995677,15,9.0,93.0
GLAS,glas015,Control_202,12,P3,-13.54892,15,9.0,93.0
GLAS,glas015,Control_202,12,P4,-8.298795,15,9.0,93.0
GLAS,glas015,Control_202,12,C3,-8.88202,15,9.0,93.0
GLAS,glas015,Control_202,12,C4,-7.945427,15,9.0,93.0
GLAS,glas015,Control_202,12,P7,-20.76717,15,9.0,93.0
GLAS,glas015,Control_202,12,P8,-6.318764,15,9.0,93.0
GLAS,glas015,Control_202,12,O1,-5.637748,15,9.0,93.0
GLAS,glas015,Control_202,12,O2,-6.328865,15,9.0,93.0
GLAS,glas015,Violation_201,13,Pz,-4.410819,15,8.0,34.0
GLAS,glas015,Violation_201,13,Cz,-9.932605,15,8.0,34.0
GLAS,glas015,Violation_201,13,CP1,5.602058,15,8.0,34.0
GLAS,glas015,Violation_201,13,CP2,8.509547,15,8.0,34.0
GLAS,glas015,Violation_201,13,P3,-3.45826,15,8.0,34.0
GLAS,glas015,Violation_201,13,P4,-1.17645,15,8.0,34.0
GLAS,glas015,Violation_201,13,C3,-4.94883,15,8.0,34.0
GLAS,glas015,Violation_201,13,C4,-3.545952,15,8.0,34.0
GLAS,glas015,Violation_201,13,P7,-1.026844,15,8.0,34.0
GLAS,glas015,Violation_201,13,P8,-3.515347,15,8.0,34.0
GLAS,glas015,Violation_201,13,O1,11.10074,15,8.0,34.0
GLAS,glas015,Violation_201,13,O2,4.918777,15,8.0,34.0
GLAS,glas015,Control_202,14,Pz,1.752496,15,19.0,100.0
GLAS,glas015,Control_202,14,Cz,0.3117326,15,19.0,100.0
GLAS,glas015,Control_202,14,CP1,4.723746,15,19.0,100.0
GLAS,glas015,Control_202,14,CP2,4.887928,15,19.0,100.0
GLAS,glas015,Control_202,14,P3,10.47532,15,19.0,100.0
GLAS,glas015,Control_202,14,P4,-1.240299,15,19.0,100.0
GLAS,glas015,Control_202,14,C3,-1.624878,15,19.0,100.0
GLAS,glas015,Control_202,14,C4,-1.937622,15,19.0,100.0
GLAS,glas015,Control_202,14,P7,9.315319,15,19.0,100.0
GLAS,glas015,Control_202,14,P8,-1.512943,15,19.0,100.0
GLAS,glas015,Control_202,14,O1,12.44804,15,19.0,100.0
GLAS,glas015,Control_202,14,O2,0.3770141,15,19.0,100.0
GLAS,glas015,Violation_201,15,Pz,5.909215,15,5.0,0.0
GLAS,glas015,Violation_201,15,Cz,13.46562,15,5.0,0.0
GLAS,glas015,Violation_201,15,CP1,5.744188,15,5.0,0.0
GLAS,glas015,Violation_201,15,CP2,17.03373,15,5.0,0.0
GLAS,glas015,Violation_201,15,P3,7.318275,15,5.0,0.0
GLAS,glas015,Violation_201,15,P4,12.69923,15,5.0,0.0
GLAS,glas015,Violation_201,15,C3,9.600664,15,5.0,0.0
GLAS,glas015,Violation_201,15,C4,11.76707,15,5.0,0.0
GLAS,glas015,Violation_201,15,P7,1.773349,15,5.0,0.0
GLAS,glas015,Violation_201,15,P8,19.73725,15,5.0,0.0
GLAS,glas015,Violation_201,15,O1,3.607636,15,5.0,0.0
GLAS,glas015,Violation_201,15,O2,16.05564,15,5.0,0.0
GLAS,glas015,Violation_201,16,Pz,-5.128239,15,2.0,3.0
GLAS,glas015,Violation_201,16,Cz,-8.236211,15,2.0,3.0
GLAS,glas015,Violation_201,16,CP1,-4.154014,15,2.0,3.0
GLAS,glas015,Violation_201,16,CP2,-5.341246,15,2.0,3.0
GLAS,glas015,Violation_201,16,P3,1.039104,15,2.0,3.0
GLAS,glas015,Violation_201,16,P4,-5.040042,15,2.0,3.0
GLAS,glas015,Violation_201,16,C3,-7.5887,15,2.0,3.0
GLAS,glas015,Violation_201,16,C4,-7.447679,15,2.0,3.0
GLAS,glas015,Violation_201,16,P7,-1.260307,15,2.0,3.0
GLAS,glas015,Violation_201,16,P8,-10.72321,15,2.0,3.0
GLAS,glas015,Violation_201,16,O1,0.4410214,15,2.0,3.0
GLAS,glas015,Violation_201,16,O2,0.9893597,15,2.0,3.0
GLAS,glas015,Violation_201,17,Pz,-0.6242417,15,12.0,13.0
GLAS,glas015,Violation_201,17,Cz,-0.3791454,15,12.0,13.0
GLAS,glas015,Violation_201,17,CP1,-3.576494,15,12.0,13.0
GLAS,glas015,Violation_201,17,CP2,1.191963,15,12.0,13.0
GLAS,glas015,Violation_201,17,P3,6.475214,15,12.0,13.0
GLAS,glas015,Violation_201,17,P4,1.328097,15,12.0,13.0
GLAS,glas015,Violation_201,17,C3,1.223497,15,12.0,13.0
GLAS,glas015,Violation_201,17,C4,1.907266,15,12.0,13.0
GLAS,glas015,Violation_201,17,P7,-11.82048,15,12.0,13.0
GLAS,glas015,Violation_201,17,P8,0.907685,15,12.0,13.0
GLAS,glas015,Violation_201,17,O1,-2.121562,15,12.0,13.0
GLAS,glas015,Violation_201,17,O2,-0.06427445,15,12.0,13.0
GLAS,glas015,Control_202,18,Pz,-16.75982,15,20.0,90.0
GLAS,glas015,Control_202,18,Cz,-16.46276,15,20.0,90.0
GLAS,glas015,Control_202,18,CP1,-1.974293,15,20.0,90.0
GLAS,glas015,Control_202,18,CP2,-20.97669,15,20.0,90.0
GLAS,glas015,Control_202,18,P3,-18.1441,15,20.0,90.0
GLAS,glas015,Control_202,18,P4,-26.72438,15,20.0,90.0
GLAS,glas015,Control_202,18,C3,-18.00689,15,20.0,90.0
GLAS,glas015,Control_202,18,C4,-22.0204,15,20.0,90.0
GLAS,glas015,Control_202,18,P7,5.049563,15,20.0,90.0
GLAS,glas015,Control_202,18,P8,-23.75266,15,20.0,90.0
GLAS,glas015,Control_202,18,O1,-8.966102,15,20.0,90.0
GLAS,glas015,Control_202,18,O2,-15.08411,15,20.0,90.0
GLAS,glas015,Control_202,19,Pz,-10.51735,15,3.0,100.0
GLAS,glas015,Control_202,19,Cz,-10.74386,15,3.0,100.0
GLAS,glas015,Control_202,19,CP1,-14.03822,15,3.0,100.0
GLAS,glas015,Control_202,19,CP2,-14.91339,15,3.0,100.0
GLAS,glas015,Control_202,19,P3,-14.10866,15,3.0,100.0
GLAS,glas015,Control_202,19,P4,-10.2695,15,3.0,100.0
GLAS,glas015,Control_202,19,C3,-9.228875,15,3.0,100.0
GLAS,glas015,Control_202,19,C4,-9.894094,15,3.0,100.0
GLAS,glas015,Control_202,19,P7,-18.08395,15,3.0,100.0
GLAS,glas015,Control_202,19,P8,-9.838347,15,3.0,100.0
GLAS,glas015,Control_202,19,O1,-13.73183,15,3.0,100.0
GLAS,glas015,Control_202,19,O2,-3.468842,15,3.0,100.0
GLAS,glas015,Violation_201,20,Pz,-1.166536,15,7.0,0.0
GLAS,glas015,Violation_201,20,Cz,-5.183805,15,7.0,0.0
GLAS,glas015,Violation_201,20,CP1,1.720658,15,7.0,0.0
GLAS,glas015,Violation_201,20,CP2,0.9296636,15,7.0,0.0
GLAS,glas015,Violation_201,20,P3,-6.386521,15,7.0,0.0
GLAS,glas015,Violation_201,20,P4,1.77957,15,7.0,0.0
GLAS,glas015,Violation_201,20,C3,-1.355597,15,7.0,0.0
GLAS,glas015,Violation_201,20,C4,-0.2285108,15,7.0,0.0
GLAS,glas015,Violation_201,20,P7,1.136558,15,7.0,0.0
GLAS,glas015,Violation_201,20,P8,-0.1336273,15,7.0,0.0
GLAS,glas015,Violation_201,20,O1,-0.05169313,15,7.0,0.0
GLAS,glas015,Violation_201,20,O2,2.922028,15,7.0,0.0
GLAS,glas015,Control_202,21,Pz,3.879093,15,23.0,93.0
GLAS,glas015,Control_202,21,Cz,-2.621593,15,23.0,93.0
GLAS,glas015,Control_202,21,CP1,2.900172,15,23.0,93.0
GLAS,glas015,Control_202,21,CP2,11.39409,15,23.0,93.0
GLAS,glas015,Control_202,21,P3,-1.189656,15,23.0,93.0
GLAS,glas015,Control_202,21,P4,6.753235,15,23.0,93.0
GLAS,glas015,Control_202,21,C3,4.299467,15,23.0,93.0
GLAS,glas015,Control_202,21,C4,5.599676,15,23.0,93.0
GLAS,glas015,Control_202,21,P7,20.59579,15,23.0,93.0
GLAS,glas015,Control_202,21,P8,4.7939,15,23.0,93.0
GLAS,glas015,Control_202,21,O1,4.104698,15,23.0,93.0
GLAS,glas015,Control_202,21,O2,7.528746,15,23.0,93.0
GLAS,glas015,Control_202,22,Pz,5.922204,15,36.0,77.0
GLAS,glas015,Control_202,22,Cz,4.952606,15,36.0,77.0
GLAS,glas015,Control_202,22,CP1,9.92069,15,36.0,77.0
GLAS,glas015,Control_202,22,CP2,11.9685,15,36.0,77.0
GLAS,glas015,Control_202,22,P3,0.6289089,15,36.0,77.0
GLAS,glas015,Control_202,22,P4,10.76092,15,36.0,77.0
GLAS,glas015,Control_202,22,C3,7.11191,15,36.0,77.0
GLAS,glas015,Control_202,22,C4,9.253649,15,36.0,77.0
GLAS,glas015,Control_202,22,P7,9.891589,15,36.0,77.0
GLAS,glas015,Control_202,22,P8,18.2234,15,36.0,77.0
GLAS,glas015,Control_202,22,O1,0.6091589,15,36.0,77.0
GLAS,glas015,Control_202,22,O2,7.817738,15,36.0,77.0
GLAS,glas015,Violation_201,23,Pz,-14.55854,15,32.0,3.0
GLAS,glas015,Violation_201,23,Cz,-16.82651,15,32.0,3.0
GLAS,glas015,Violation_201,23,CP1,-6.95452,15,32.0,3.0
GLAS,glas015,Violation_201,23,CP2,-10.30946,15,32.0,3.0
GLAS,glas015,Violation_201,23,P3,-18.85446,15,32.0,3.0
GLAS,glas015,Violation_201,23,P4,-13.78854,15,32.0,3.0
GLAS,glas015,Violation_201,23,C3,-15.96583,15,32.0,3.0
GLAS,glas015,Violation_201,23,C4,-14.75301,15,32.0,3.0
GLAS,glas015,Violation_201,23,P7,-13.61142,15,32.0,3.0
GLAS,glas015,Violation_201,23,P8,-12.23047,15,32.0,3.0
GLAS,glas015,Violation_201,23,O1,-9.138038,15,32.0,3.0
GLAS,glas015,Violation_201,23,O2,-7.003599,15,32.0,3.0
GLAS,glas015,Violation_201,24,Pz,-7.34951,15,22.0,17.0
GLAS,glas015,Violation_201,24,Cz,2.302055,15,22.0,17.0
GLAS,glas015,Violation_201,24,CP1,2.480243,15,22.0,17.0
GLAS,glas015,Violation_201,24,CP2,-4.577157,15,22.0,17.0
GLAS,glas015,Violation_201,24,P3,-3.065439,15,22.0,17.0
GLAS,glas015,Violation_201,24,P4,-8.971701,15,22.0,17.0
GLAS,glas015,Violation_201,24,C3,-9.372269,15,22.0,17.0
GLAS,glas015,Violation_201,24,C4,-10.34773,15,22.0,17.0
GLAS,glas015,Violation_201,24,P7,-0.08036592,15,22.0,17.0
GLAS,glas015,Violation_201,24,P8,-12.06478,15,22.0,17.0
GLAS,glas015,Violation_201,24,O1,1.926582,15,22.0,17.0
GLAS,glas015,Violation_201,24,O2,-1.917227,15,22.0,17.0
GLAS,glas015,Control_202,25,Pz,-5.097861,15,29.0,90.0
GLAS,glas015,Control_202,25,Cz,-0.8479377,15,29.0,90.0
GLAS,glas015,Control_202,25,CP1,0.1273004,15,29.0,90.0
GLAS,glas015,Control_202,25,CP2,10.95303,15,29.0,90.0
GLAS,glas015,Control_202,25,P3,-4.65216,15,29.0,90.0
GLAS,glas015,Control_202,25,P4,-2.117496,15,29.0,90.0
GLAS,glas015,Control_202,25,C3,-4.751877,15,29.0,90.0
GLAS,glas015,Control_202,25,C4,-3.811251,15,29.0,90.0
GLAS,glas015,Control_202,25,P7,3.817827,15,29.0,90.0
GLAS,glas015,Control_202,25,P8,-2.290153,15,29.0,90.0
GLAS,glas015,Control_202,25,O1,-4.803724,15,29.0,90.0
GLAS,glas015,Control_202,25,O2,0.1253002,15,29.0,90.0
GLAS,glas015,Control_202,26,Pz,-9.927358,15,39.0,97.0
GLAS,glas015,Control_202,26,Cz,-15.75067,15,39.0,97.0
GLAS,glas015,Control_202,26,CP1,-10.53453,15,39.0,97.0
GLAS,glas015,Control_202,26,CP2,1.39362,15,39.0,97.0
GLAS,glas015,Control_202,26,P3,-17.0067,15,39.0,97.0
GLAS,glas015,Control_202,26,P4,-1.648307,15,39.0,97.0
GLAS,glas015,Control_202,26,C3,-7.422734,15,39.0,97.0
GLAS,glas015,Control_202,26,C4,-5.242061,15,39.0,97.0
GLAS,glas015,Control_202,26,P7,-14.89267,15,39.0,97.0
GLAS,glas015,Control_202,26,P8,-1.665003,15,39.0,97.0
GLAS,glas015,Control_202,26,O1,-4.325485,15,39.0,97.0
GLAS,glas015,Control_202,26,O2,2.392568,15,39.0,97.0
GLAS,glas015,Violation_201,27,Pz,2.875594,15,21.0,3.0
GLAS,glas015,Violation_201,27,Cz,4.49168,15,21.0,3.0
GLAS,glas015,Violation_201,27,CP1,14.55152,15,21.0,3.0
GLAS,glas015,Violation_201,27,CP2,8.134628,15,21.0,3.0
GLAS,glas015,Violation_201,27,P3,9.818555,15,21.0,3.0
GLAS,glas015,Violation_201,27,P4,3.454973,15,21.0,3.0
GLAS,glas015,Violation_201,27,C3,1.531987,15,21.0,3.0
GLAS,glas015,Violation_201,27,C4,2.324925,15,21.0,3.0
GLAS,glas015,Violation_201,27,P7,-0.5417815,15,21.0,3.0
GLAS,glas015,Violation_201,27,P8,-1.742654,15,21.0,3.0
GLAS,glas015,Violation_201,27,O1,18.79592,15,21.0,3.0
GLAS,glas015,Violation_201,27,O2,-3.811124,15,21.0,3.0
GLAS,glas015,Violation_201,28,Pz,-15.73007,15,40.0,0.0
GLAS,glas015,Violation_201,28,Cz,-13.4946,15,40.0,0.0
GLAS,glas015,Violation_201,28,CP1,-16.19741,15,40.0,0.0
GLAS,glas015,Violation_201,28,CP2,-15.82253,15,40.0,0.0
GLAS,glas015,Violation_201,28,P3,-13.17547,15,40.0,0.0
GLAS,glas015,Violation_201,28,P4,-14.05296,15,40.0,0.0
GLAS,glas015,Violation_201,28,C3,-17.20446,15,40.0,0.0
GLAS,glas015,Violation_201,28,C4,-15.89542,15,40.0,0.0
GLAS,glas015,Violation_201,28,P7,-14.62964,15,40.0,0.0
GLAS,glas015,Violation_201,28,P8,-17.28327,15,40.0,0.0
GLAS,glas015,Violation_201,28,O1,-12.53542,15,40.0,0.0
GLAS,glas015,Violation_201,28,O2,-15.95636,15,40.0,0.0
GLAS,glas015,Violation_201,29,Pz,-10.28683,15,30.0,0.0
GLAS,glas015,Violation_201,29,Cz,-10.29261,15,30.0,0.0
GLAS,glas015,Violation_201,29,CP1,-8.694435,15,30.0,0.0
GLAS,glas015,Violation_201,29,CP2,-5.169502,15,30.0,0.0
GLAS,glas015,Violation_201,29,P3,-7.961051,15,30.0,0.0
GLAS,glas015,Violation_201,29,P4,-7.34955,15,30.0,0.0
GLAS,glas015,Violation_201,29,C3,-7.477874,15,30.0,0.0
GLAS,glas015,Violation_201,29,C4,-6.673753,15,30.0,0.0
GLAS,glas015,Violation_201,29,P7,-14.87202,15,30.0,0.0
GLAS,glas015,Violation_201,29,P8,-6.510506,15,30.0,0.0
GLAS,glas015,Violation_201,29,O1,-3.675236,15,30.0,0.0
GLAS,glas015,Violation_201,29,O2,2.082188,15,30.0,0.0
GLAS,glas015,Violation_201,30,Pz,0.03995552,15,35.0,0.0
GLAS,glas015,Violation_201,30,Cz,-0.6014794,15,35.0,0.0
GLAS,glas015,Violation_201,30,CP1,-2.451019,15,35.0,0.0
GLAS,glas015,Violation_201,30,CP2,10.26913,15,35.0,0.0
GLAS,glas015,Violation_201,30,P3,-6.701543,15,35.0,0.0
GLAS,glas015,Violation_201,30,P4,4.397296,15,35.0,0.0
GLAS,glas015,Violation_201,30,C3,3.261287,15,35.0,0.0
GLAS,glas015,Violation_201,30,C4,3.986452,15,35.0,0.0
GLAS,glas015,Violation_201,30,P7,-6.882131,15,35.0,0.0
GLAS,glas015,Violation_201,30,P8,8.99744,15,35.0,0.0
GLAS,glas015,Violation_201,30,O1,-8.09693,15,35.0,0.0
GLAS,glas015,Violation_201,30,O2,2.81944,15,35.0,0.0
GLAS,glas015,Control_202,31,Pz,-0.01016964,15,25.0,97.0
GLAS,glas015,Control_202,31,Cz,7.667759,15,25.0,97.0
GLAS,glas015,Control_202,31,CP1,-8.301846,15,25.0,97.0
GLAS,glas015,Control_202,31,CP2,1.15339,15,25.0,97.0
GLAS,glas015,Control_202,31,P3,-4.319797,15,25.0,97.0
GLAS,glas015,Control_202,31,P4,-0.4645778,15,25.0,97.0
GLAS,glas015,Control_202,31,C3,0.3745385,15,25.0,97.0
GLAS,glas015,Control_202,31,C4,-0.4030625,15,25.0,97.0
GLAS,glas015,Control_202,31,P7,-16.92082,15,25.0,97.0
GLAS,glas015,Control_202,31,P8,-1.693786,15,25.0,97.0
GLAS,glas015,Control_202,31,O1,-12.28334,15,25.0,97.0
GLAS,glas015,Control_202,31,O2,-6.405627,15,25.0,97.0
GLAS,glas015,Violation_201,32,Pz,-12.72136,15,34.0,30.0
GLAS,glas015,Violation_201,32,Cz,-15.28296,15,34.0,30.0
GLAS,glas015,Violation_201,32,CP1,-10.8566,15,34.0,30.0
GLAS,glas015,Violation_201,32,CP2,-9.024391,15,34.0,30.0
GLAS,glas015,Violation_201,32,P3,-12.29218,15,34.0,30.0
GLAS,glas015,Violation_201,32,P4,-11.67909,15,34.0,30.0
GLAS,glas015,Violation_201,32,C3,-10.74558,15,34.0,30.0
GLAS,glas015,Violation_201,32,C4,-11.63605,15,34.0,30.0
GLAS,glas015,Violation_201,32,P7,-28.47636,15,34.0,30.0
GLAS,glas015,Violation_201,32,P8,-9.472345,15,34.0,30.0
GLAS,glas015,Violation_201,32,O1,-11.04873,15,34.0,30.0
GLAS,glas015,Violation_201,32,O2,-5.174087,15,34.0,30.0
GLAS,glas016,Violation_201,1,Pz,18.53669,16,6.0,0.0
GLAS,glas016,Violation_201,1,Cz,16.40647,16,6.0,0.0
GLAS,glas016,Violation_201,1,CP1,10.88282,16,6.0,0.0
GLAS,glas016,Violation_201,1,CP2,11.28351,16,6.0,0.0
GLAS,glas016,Violation_201,1,P3,22.60368,16,6.0,0.0
GLAS,glas016,Violation_201,1,P4,13.32352,16,6.0,0.0
GLAS,glas016,Violation_201,1,C3,16.69173,16,6.0,0.0
GLAS,glas016,Violation_201,1,C4,14.93359,16,6.0,0.0
GLAS,glas016,Violation_201,1,P7,10.92461,16,6.0,0.0
GLAS,glas016,Violation_201,1,P8,12.47081,16,6.0,0.0
GLAS,glas016,Violation_201,1,O1,9.575158,16,6.0,0.0
GLAS,glas016,Violation_201,1,O2,9.53547,16,6.0,0.0
GLAS,glas016,Control_202,2,Pz,-23.0381,16,12.0,100.0
GLAS,glas016,Control_202,2,Cz,-18.51554,16,12.0,100.0
GLAS,glas016,Control_202,2,CP1,-26.44634,16,12.0,100.0
GLAS,glas016,Control_202,2,CP2,-18.46992,16,12.0,100.0
GLAS,glas016,Control_202,2,P3,-27.21515,16,12.0,100.0
GLAS,glas016,Control_202,2,P4,-18.66315,16,12.0,100.0
GLAS,glas016,Control_202,2,C3,-19.42002,16,12.0,100.0
GLAS,glas016,Control_202,2,C4,-18.447,16,12.0,100.0
GLAS,glas016,Control_202,2,P7,-17.62098,16,12.0,100.0
GLAS,glas016,Control_202,2,P8,-17.68855,16,12.0,100.0
GLAS,glas016,Control_202,2,O1,-21.50503,16,12.0,100.0
GLAS,glas016,Control_202,2,O2,-15.20634,16,12.0,100.0
GLAS,glas016,Control_202,3,Pz,12.094,16,17.0,62.0
GLAS,glas016,Control_202,3,Cz,3.408986,16,17.0,62.0
GLAS,glas016,Control_202,3,CP1,1.156187,16,17.0,62.0
GLAS,glas016,Control_202,3,CP2,3.19196,16,17.0,62.0
GLAS,glas016,Control_202,3,P3,-4.071733,16,17.0,62.0
GLAS,glas016,Control_202,3,P4,2.438073,16,17.0,62.0
GLAS,glas016,Control_202,3,C3,2.923238,16,17.0,62.0
GLAS,glas016,Control_202,3,C4,5.533638,16,17.0,62.0
GLAS,glas016,Control_202,3,P7,-0.07983667,16,17.0,62.0
GLAS,glas016,Control_202,3,P8,3.425813,16,17.0,62.0
GLAS,glas016,Control_202,3,O1,2.249603,16,17.0,62.0
GLAS,glas016,Control_202,3,O2,2.97794,16,17.0,62.0
GLAS,glas016,Control_202,4,Pz,1.819809,16,3.0,100.0
GLAS,glas016,Control_202,4,Cz,2.470565,16,3.0,100.0
GLAS,glas016,Control_202,4,CP1,1.915401,16,3.0,100.0
GLAS,glas016,Control_202,4,CP2,4.75142,16,3.0,100.0
GLAS,glas016,Control_202,4,P3,-2.072052,16,3.0,100.0
GLAS,glas016,Control_202,4,P4,3.817452,16,3.0,100.0
GLAS,glas016,Control_202,4,C3,4.470886,16,3.0,100.0
GLAS,glas016,Control_202,4,C4,6.142621,16,3.0,100.0
GLAS,glas016,Control_202,4,P7,6.849571,16,3.0,100.0
GLAS,glas016,Control_202,4,P8,3.612976,16,3.0,100.0
GLAS,glas016,Control_202,4,O1,3.742597,16,3.0,100.0
GLAS,glas016,Control_202,4,O2,-1.985799,16,3.0,100.0
GLAS,glas016,Violation_201,5,Pz,-0.5342022,16,9.0,3.0
GLAS,glas016,Violation_201,5,Cz,-5.853276,16,9.0,3.0
GLAS,glas016,Violation_201,5,CP1,-1.400407,16,9.0,3.0
GLAS,glas016,Violation_201,5,CP2,-3.78697,16,9.0,3.0
GLAS,glas016,Violation_201,5,P3,7.14668,16,9.0,3.0
GLAS,glas016,Violation_201,5,P4,-3.068114,16,9.0,3.0
GLAS,glas016,Violation_201,5,C3,-5.355466,16,9.0,3.0
GLAS,glas016,Violation_201,5,C4,-5.847326,16,9.0,3.0
GLAS,glas016,Violation_201,5,P7,0.00880011,16,9.0,3.0
GLAS,glas016,Violation_201,5,P8,-4.61315,16,9.0,3.0
GLAS,glas016,Violation_201,5,O1,2.953906,16,9.0,3.0
GLAS,glas016,Violation_201,5,O2,-7.148348,16,9.0,3.0
GLAS,glas016,Violation_201,6,Pz,-8.391058,16,19.0,0.0
GLAS,glas016,Violation_201,6,Cz,-15.0353,16,19.0,0.0
GLAS,glas016,Violation_201,6,CP1,-11.65092,16,19.0,0.0
GLAS,glas016,Violation_201,6,CP2,-11.32451,16,19.0,0.0
GLAS,glas016,Violation_201,6,P3,-11.07537,16,19.0,0.0
GLAS,glas016,Violation_201,6,P4,-13.84705,16,19.0,0.0
GLAS,glas016,Violation_201,6,C3,-11.83833,16,19.0,0.0
GLAS,glas016,Violation_201,6,C4,-16.62154,16,19.0,0.0
GLAS,glas016,Violation_201,6,P7,-13.38792,16,19.0,0.0
GLAS,glas016,Violation_201,6,P8,-12.68113,16,19.0,0.0
GLAS,glas016,Violation_201,6,O1,-8.870959,16,19.0,0.0
GLAS,glas016,Violation_201,6,O2,-6.80675,16,19.0,0.0
GLAS,glas016,Violation_201,7,Pz,20.61241,16,11.0,7.0
GLAS,glas016,Violation_201,7,Cz,14.59484,16,11.0,7.0
GLAS,glas016,Violation_201,7,CP1,11.37082,16,11.0,7.0
GLAS,glas016,Violation_201,7,CP2,12.32798,16,11.0,7.0
GLAS,glas016,Violation_201,7,P3,-1.050222,16,11.0,7.0
GLAS,glas016,Violation_201,7,P4,14.0476,16,11.0,7.0
GLAS,glas016,Violation_201,7,C3,15.88024,16,11.0,7.0
GLAS,glas016,Violation_201,7,C4,15.68635,16,11.0,7.0
GLAS,glas016,Violation_201,7,P7,9.697482,16,11.0,7.0
GLAS,glas016,Violation_201,7,P8,12.73457,16,11.0,7.0
GLAS,glas016,Violation_201,7,O1,9.381218,16,11.0,7.0
GLAS,glas016,Violation_201,7,O2,2.602767,16,11.0,7.0
GLAS,glas016,Violation_201,8,Pz,16.66962,16,7.0,0.0
GLAS,glas016,Violation_201,8,Cz,15.08527,16,7.0,0.0
GLAS,glas016,Violation_201,8,CP1,13.53864,16,7.0,0.0
GLAS,glas016,Violation_201,8,CP2,8.906414,16,7.0,0.0
GLAS,glas016,Violation_201,8,P3,17.69016,16,7.0,0.0
GLAS,glas016,Violation_201,8,P4,14.29417,16,7.0,0.0
GLAS,glas016,Violation_201,8,C3,15.88604,16,7.0,0.0
GLAS,glas016,Violation_201,8,C4,17.5519,16,7.0,0.0
GLAS,glas016,Violation_201,8,P7,8.859795,16,7.0,0.0
GLAS,glas016,Violation_201,8,P8,11.44115,16,7.0,0.0
GLAS,glas016,Violation_201,8,O1,8.8283,16,7.0,0.0
GLAS,glas016,Violation_201,8,O2,-1.599337,16,7.0,0.0
GLAS,glas016,Control_202,9,Pz,-4.404847,16,8.0,97.0
GLAS,glas016,Control_202,9,Cz,-10.31346,16,8.0,97.0
GLAS,glas016,Control_202,9,CP1,0.1331426,16,8.0,97.0
GLAS,glas016,Control_202,9,CP2,-0.4752246,16,8.0,97.0
GLAS,glas016,Control_202,9,P3,-7.534714,16,8.0,97.0
GLAS,glas016,Control_202,9,P4,-2.064484,16,8.0,97.0
GLAS,glas016,Control_202,9,C3,-4.845893,16,8.0,97.0
GLAS,glas016,Control_202,9,C4,-7.217554,16,8.0,97.0
GLAS,glas016,Control_202,9,P7,2.36911,16,8.0,97.0
GLAS,glas016,Control_202,9,P8,-1.242955,16,8.0,97.0
GLAS,glas016,Control_202,9,O1,1.943173,16,8.0,97.0
GLAS,glas016,Control_202,9,O2,5.257961,16,8.0,97.0
GLAS,glas016,Violation_201,10,Pz,-7.580729,16,16.0,0.0
GLAS,glas016,Violation_201,10,Cz,-7.58752,16,16.0,0.0
GLAS,glas016,Violation_201,10,CP1,-4.808556,16,16.0,0.0
GLAS,glas016,Violation_201,10,CP2,3.176398,16,16.0,0.0
GLAS,glas016,Violation_201,10,P3,-5.783736,16,16.0,0.0
GLAS,glas016,Violation_201,10,P4,-4.164562,16,16.0,0.0
GLAS,glas016,Violation_201,10,C3,-5.494292,16,16.0,0.0
GLAS,glas016,Violation_201,10,C4,-4.761725,16,16.0,0.0
GLAS,glas016,Violation_201,10,P7,-2.131574,16,16.0,0.0
GLAS,glas016,Violation_201,10,P8,-4.094123,16,16.0,0.0
GLAS,glas016,Violation_201,10,O1,-2.576636,16,16.0,0.0
GLAS,glas016,Violation_201,10,O2,0.1341625,16,16.0,0.0
GLAS,glas016,Violation_201,11,Pz,2.394335,16,20.0,0.0
GLAS,glas016,Violation_201,11,Cz,3.909729,16,20.0,0.0
GLAS,glas016,Violation_201,11,CP1,-4.535547,16,20.0,0.0
GLAS,glas016,Violation_201,11,CP2,3.429046,16,20.0,0.0
GLAS,glas016,Violation_201,11,P3,0.7572636,16,20.0,0.0
GLAS,glas016,Violation_201,11,P4,2.571938,16,20.0,0.0
GLAS,glas016,Violation_201,11,C3,5.431578,16,20.0,0.0
GLAS,glas016,Violation_201,11,C4,7.360503,16,20.0,0.0
GLAS,glas016,Violation_201,11,P7,-1.243745,16,20.0,0.0
GLAS,glas016,Violation_201,11,P8,1.339196,16,20.0,0.0
GLAS,glas016,Violation_201,11,O1,-5.020723,16,20.0,0.0
GLAS,glas016,Violation_201,11,O2,-2.789106,16,20.0,0.0
GLAS,glas016,Control_202,12,Pz,-16.26102,16,1.0,97.0
GLAS,glas016,Control_202,12,Cz,-18.86137,16,1.0,97.0
GLAS,glas016,Control_202,12,CP1,-14.04303,16,1.0,97.0
GLAS,glas016,Control_202,12,CP2,-8.460316,16,1.0,97.0
GLAS,glas016,Control_202,12,P3,-18.91158,16,1.0,97.0
GLAS,glas016,Control_202,12,P4,-16.97126,16,1.0,97.0
GLAS,glas016,Control_202,12,C3,-18.12428,16,1.0,97.0
GLAS,glas016,Control_202,12,C4,-23.44974,16,1.0,97.0
GLAS,glas016,Control_202,12,P7,-17.42464,16,1.0,97.0
GLAS,glas016,Control_202,12,P8,-14.59173,16,1.0,97.0
GLAS,glas016,Control_202,12,O1,-14.07913,16,1.0,97.0
GLAS,glas016,Control_202,12,O2,-2.265453,16,1.0,97.0
GLAS,glas016,Control_202,13,Pz,-9.213276,16,4.0,93.0
GLAS,glas016,Control_202,13,Cz,-8.027627,16,4.0,93.0
GLAS,glas016,Control_202,13,CP1,-9.59541,16,4.0,93.0
GLAS,glas016,Control_202,13,CP2,-10.94037,16,4.0,93.0
GLAS,glas016,Control_202,13,P3,-3.103102,16,4.0,93.0
GLAS,glas016,Control_202,13,P4,-7.368286,16,4.0,93.0
GLAS,glas016,Control_202,13,C3,-6.837849,16,4.0,93.0
GLAS,glas016,Control_202,13,C4,-6.187204,16,4.0,93.0
GLAS,glas016,Control_202,13,P7,-7.22727,16,4.0,93.0
GLAS,glas016,Control_202,13,P8,-7.085543,16,4.0,93.0
GLAS,glas016,Control_202,13,O1,-4.604322,16,4.0,93.0
GLAS,glas016,Control_202,13,O2,-7.005004,16,4.0,93.0
GLAS,glas016,Violation_201,14,Pz,-7.363787,16,15.0,0.0
GLAS,glas016,Violation_201,14,Cz,-8.486854,16,15.0,0.0
GLAS,glas016,Violation_201,14,CP1,-9.765115,16,15.0,0.0
GLAS,glas016,Violation_201,14,CP2,-11.3664,16,15.0,0.0
GLAS,glas016,Violation_201,14,P3,-9.892815,16,15.0,0.0
GLAS,glas016,Violation_201,14,P4,-6.462333,16,15.0,0.0
GLAS,glas016,Violation_201,14,C3,-6.535444,16,15.0,0.0
GLAS,glas016,Violation_201,14,C4,-4.87991,16,15.0,0.0
GLAS,glas016,Violation_201,14,P7,-11.15713,16,15.0,0.0
GLAS,glas016,Violation_201,14,P8,-5.742202,16,15.0,0.0
GLAS,glas016,Violation_201,14,O1,-13.65879,16,15.0,0.0
GLAS,glas016,Violation_201,14,O2,-6.971699,16,15.0,0.0
GLAS,glas016,Control_202,15,Pz,8.260528,16,10.0,80.0
GLAS,glas016,Control_202,15,Cz,7.582299,16,10.0,80.0
GLAS,glas016,Control_202,15,CP1,6.861203,16,10.0,80.0
GLAS,glas016,Control_202,15,CP2,9.131516,16,10.0,80.0
GLAS,glas016,Control_202,15,P3,8.383091,16,10.0,80.0
GLAS,glas016,Control_202,15,P4,7.349458,16,10.0,80.0
GLAS,glas016,Control_202,15,C3,6.099693,16,10.0,80.0
GLAS,glas016,Control_202,15,C4,4.556066,16,10.0,80.0
GLAS,glas016,Control_202,15,P7,7.099464,16,10.0,80.0
GLAS,glas016,Control_202,15,P8,6.959436,16,10.0,80.0
GLAS,glas016,Control_202,15,O1,5.917486,16,10.0,80.0
GLAS,glas016,Control_202,15,O2,-2.014621,16,10.0,80.0
GLAS,glas016,Violation_201,16,Pz,18.29721,16,14.0,0.0
GLAS,glas016,Violation_201,16,Cz,17.03618,16,14.0,0.0
GLAS,glas016,Violation_201,16,CP1,19.21794,16,14.0,0.0
GLAS,glas016,Violation_201,16,CP2,8.655359,16,14.0,0.0
GLAS,glas016,Violation_201,16,P3,14.26569,16,14.0,0.0
GLAS,glas016,Violation_201,16,P4,16.02896,16,14.0,0.0
GLAS,glas016,Violation_201,16,C3,18.79488,16,14.0,0.0
GLAS,glas016,Violation_201,16,C4,11.20662,16,14.0,0.0
GLAS,glas016,Violation_201,16,P7,19.42037,16,14.0,0.0
GLAS,glas016,Violation_201,16,P8,17.01098,16,14.0,0.0
GLAS,glas016,Violation_201,16,O1,18.81787,16,14.0,0.0
GLAS,glas016,Violation_201,16,O2,17.51627,16,14.0,0.0
GLAS,glas016,Violation_201,17,Pz,7.314398,16,18.0,0.0
GLAS,glas016,Violation_201,17,Cz,6.390137,16,18.0,0.0
GLAS,glas016,Violation_201,17,CP1,2.56983,16,18.0,0.0
GLAS,glas016,Violation_201,17,CP2,7.753669,16,18.0,0.0
GLAS,glas016,Violation_201,17,P3,1.553944,16,18.0,0.0
GLAS,glas016,Violation_201,17,P4,5.104129,16,18.0,0.0
GLAS,glas016,Violation_201,17,C3,4.589999,16,18.0,0.0
GLAS,glas016,Violation_201,17,C4,7.384012,16,18.0,0.0
GLAS,glas016,Violation_201,17,P7,4.754169,16,18.0,0.0
GLAS,glas016,Violation_201,17,P8,3.79008,16,18.0,0.0
GLAS,glas016,Violation_201,17,O1,6.386255,16,18.0,0.0
GLAS,glas016,Violation_201,17,O2,2.493443,16,18.0,0.0
GLAS,glas016,Control_202,18,Pz,-8.300479,16,13.0,97.0
GLAS,glas016,Control_202,18,Cz,-11.52437,16,13.0,97.0
GLAS,glas016,Control_202,18,CP1,-4.396941,16,13.0,97.0
GLAS,glas016,Control_202,18,CP2,-9.406918,16,13.0,97.0
GLAS,glas016,Control_202,18,P3,-8.622698,16,13.0,97.0
GLAS,glas016,Control_202,18,P4,-10.46197,16,13.0,97.0
GLAS,glas016,Control_202,18,C3,-12.53738,16,13.0,97.0
GLAS,glas016,Control_202,18,C4,-12.87899,16,13.0,97.0
GLAS,glas016,Control_202,18,P7,-2.986848,16,13.0,97.0
GLAS,glas016,Control_202,18,P8,-9.715923,16,13.0,97.0
GLAS,glas016,Control_202,18,O1,-1.152094,16,13.0,97.0
GLAS,glas016,Control_202,18,O2,-5.993545,16,13.0,97.0
GLAS,glas016,Control_202,19,Pz,6.799559,16,2.0,100.0
GLAS,glas016,Control_202,19,Cz,7.971163,16,2.0,100.0
GLAS,glas016,Control_202,19,CP1,-1.988085,16,2.0,100.0
GLAS,glas016,Control_202,19,CP2,-2.802939,16,2.0,100.0
GLAS,glas016,Control_202,19,P3,4.69384,16,2.0,100.0
GLAS,glas016,Control_202,19,P4,5.514816,16,2.0,100.0
GLAS,glas016,Control_202,19,C3,6.825099,16,2.0,100.0
GLAS,glas016,Control_202,19,C4,8.575056,16,2.0,100.0
GLAS,glas016,Control_202,19,P7,-0.3354347,16,2.0,100.0
GLAS,glas016,Control_202,19,P8,4.263114,16,2.0,100.0
GLAS,glas016,Control_202,19,O1,-5.3031,16,2.0,100.0
GLAS,glas016,Control_202,19,O2,-9.706395,16,2.0,100.0
GLAS,glas016,Violation_201,20,Pz,3.432984,16,5.0,0.0
GLAS,glas016,Violation_201,20,Cz,4.223475,16,5.0,0.0
GLAS,glas016,Violation_201,20,CP1,-6.103913,16,5.0,0.0
GLAS,glas016,Violation_201,20,CP2,13.00804,16,5.0,0.0
GLAS,glas016,Violation_201,20,P3,-0.3880805,16,5.0,0.0
GLAS,glas016,Violation_201,20,P4,7.897526,16,5.0,0.0
GLAS,glas016,Violation_201,20,C3,6.450125,16,5.0,0.0
GLAS,glas016,Violation_201,20,C4,6.925343,16,5.0,0.0
GLAS,glas016,Violation_201,20,P7,7.044343,16,5.0,0.0
GLAS,glas016,Violation_201,20,P8,10.24226,16,5.0,0.0
GLAS,glas016,Violation_201,20,O1,7.090603,16,5.0,0.0
GLAS,glas016,Violation_201,20,O2,15.18396,16,5.0,0.0
GLAS,glas016,Violation_201,21,Pz,6.308915,16,32.0,3.0
GLAS,glas016,Violation_201,21,Cz,3.17232,16,32.0,3.0
GLAS,glas016,Violation_201,21,CP1,15.66012,16,32.0,3.0
GLAS,glas016,Violation_201,21,CP2,1.262787,16,32.0,3.0
GLAS,glas016,Violation_201,21,P3,-1.121977,16,32.0,3.0
GLAS,glas016,Violation_201,21,P4,5.025139,16,32.0,3.0
GLAS,glas016,Violation_201,21,C3,5.747896,16,32.0,3.0
GLAS,glas016,Violation_201,21,C4,3.792562,16,32.0,3.0
GLAS,glas016,Violation_201,21,P7,7.250659,16,32.0,3.0
GLAS,glas016,Violation_201,21,P8,7.002971,16,32.0,3.0
GLAS,glas016,Violation_201,21,O1,6.523791,16,32.0,3.0
GLAS,glas016,Violation_201,21,O2,5.439509,16,32.0,3.0
GLAS,glas016,Violation_201,22,Pz,-9.943795,16,25.0,0.0
GLAS,glas016,Violation_201,22,Cz,-7.60927,16,25.0,0.0
GLAS,glas016,Violation_201,22,CP1,-11.41839,16,25.0,0.0
GLAS,glas016,Violation_201,22,CP2,-7.034709,16,25.0,0.0
GLAS,glas016,Violation_201,22,P3,0.9624263,16,25.0,0.0
GLAS,glas016,Violation_201,22,P4,-6.871857,16,25.0,0.0
GLAS,glas016,Violation_201,22,C3,-7.728457,16,25.0,0.0
GLAS,glas016,Violation_201,22,C4,-4.86215,16,25.0,0.0
GLAS,glas016,Violation_201,22,P7,-12.63421,16,25.0,0.0
GLAS,glas016,Violation_201,22,P8,-5.126161,16,25.0,0.0
GLAS,glas016,Violation_201,22,O1,-12.09607,16,25.0,0.0
GLAS,glas016,Violation_201,22,O2,2.122241,16,25.0,0.0
GLAS,glas016,Control_202,23,Pz,-6.090448,16,40.0,93.0
GLAS,glas016,Control_202,23,Cz,-2.068452,16,40.0,93.0
GLAS,glas016,Control_202,23,CP1,-7.208504,16,40.0,93.0
GLAS,glas016,Control_202,23,CP2,-5.644111,16,40.0,93.0
GLAS,glas016,Control_202,23,P3,1.567063,16,40.0,93.0
GLAS,glas016,Control_202,23,P4,-2.815465,16,40.0,93.0
GLAS,glas016,Control_202,23,C3,-2.278582,16,40.0,93.0
GLAS,glas016,Control_202,23,C4,-2.060502,16,40.0,93.0
GLAS,glas016,Control_202,23,P7,-8.489445,16,40.0,93.0
GLAS,glas016,Control_202,23,P8,-3.860384,16,40.0,93.0
GLAS,glas016,Control_202,23,O1,-6.867125,16,40.0,93.0
GLAS,glas016,Control_202,23,O2,-9.170955,16,40.0,93.0
GLAS,glas016,Control_202,24,Pz,8.536271,16,31.0,77.0
GLAS,glas016,Control_202,24,Cz,5.841821,16,31.0,77.0
GLAS,glas016,Control_202,24,CP1,5.790352,16,31.0,77.0
GLAS,glas016,Control_202,24,CP2,4.720154,16,31.0,77.0
GLAS,glas016,Control_202,24,P3,11.67747,16,31.0,77.0
GLAS,glas016,Control_202,24,P4,9.028199,16,31.0,77.0
GLAS,glas016,Control_202,24,C3,11.02557,16,31.0,77.0
GLAS,glas016,Control_202,24,C4,8.90941,16,31.0,77.0
GLAS,glas016,Control_202,24,P7,13.97523,16,31.0,77.0
GLAS,glas016,Control_202,24,P8,10.23112,16,31.0,77.0
GLAS,glas016,Control_202,24,O1,13.07917,16,31.0,77.0
GLAS,glas016,Control_202,24,O2,3.759539,16,31.0,77.0
GLAS,glas016,Violation_201,25,Pz,-16.17182,16,35.0,0.0
GLAS,glas016,Violation_201,25,Cz,-10.79907,16,35.0,0.0
GLAS,glas016,Violation_201,25,CP1,-1.571083,16,35.0,0.0
GLAS,glas016,Violation_201,25,CP2,-6.527004,16,35.0,0.0
GLAS,glas016,Violation_201,25,P3,-8.602237,16,35.0,0.0
GLAS,glas016,Violation_201,25,P4,-9.876204,16,35.0,0.0
GLAS,glas016,Violation_201,25,C3,-10.68839,16,35.0,0.0
GLAS,glas016,Violation_201,25,C4,-16.48902,16,35.0,0.0
GLAS,glas016,Violation_201,25,P7,-8.117279,16,35.0,0.0
GLAS,glas016,Violation_201,25,P8,-7.728924,16,35.0,0.0
GLAS,glas016,Violation_201,25,O1,-7.67958,16,35.0,0.0
GLAS,glas016,Violation_201,25,O2,-8.512182,16,35.0,0.0
GLAS,glas016,Violation_201,26,Pz,-15.69159,16,28.0,67.0
GLAS,glas016,Violation_201,26,Cz,-18.25309,16,28.0,67.0
GLAS,glas016,Violation_201,26,CP1,-7.872693,16,28.0,67.0
GLAS,glas016,Violation_201,26,CP2,-15.02637,16,28.0,67.0
GLAS,glas016,Violation_201,26,P3,-13.95075,16,28.0,67.0
GLAS,glas016,Violation_201,26,P4,-14.42373,16,28.0,67.0
GLAS,glas016,Violation_201,26,C3,-15.3641,16,28.0,67.0
GLAS,glas016,Violation_201,26,C4,-14.24942,16,28.0,67.0
GLAS,glas016,Violation_201,26,P7,-13.44278,16,28.0,67.0
GLAS,glas016,Violation_201,26,P8,-14.40664,16,28.0,67.0
GLAS,glas016,Violation_201,26,O1,-9.013705,16,28.0,67.0
GLAS,glas016,Violation_201,26,O2,-9.490783,16,28.0,67.0
GLAS,glas016,Control_202,27,Pz,-22.90339,16,27.0,97.0
GLAS,glas016,Control_202,27,Cz,-20.7023,16,27.0,97.0
GLAS,glas016,Control_202,27,CP1,-17.5162,16,27.0,97.0
GLAS,glas016,Control_202,27,CP2,-10.82867,16,27.0,97.0
GLAS,glas016,Control_202,27,P3,-11.7055,16,27.0,97.0
GLAS,glas016,Control_202,27,P4,-16.09501,16,27.0,97.0
GLAS,glas016,Control_202,27,C3,-19.922,16,27.0,97.0
GLAS,glas016,Control_202,27,C4,-16.89213,16,27.0,97.0
GLAS,glas016,Control_202,27,P7,-12.83209,16,27.0,97.0
GLAS,glas016,Control_202,27,P8,-14.06533,16,27.0,97.0
GLAS,glas016,Control_202,27,O1,-7.508465,16,27.0,97.0
GLAS,glas016,Control_202,27,O2,-2.136519,16,27.0,97.0
GLAS,glas016,Control_202,28,Pz,8.977427,16,24.0,93.0
GLAS,glas016,Control_202,28,Cz,3.976455,16,24.0,93.0
GLAS,glas016,Control_202,28,CP1,0.2120818,16,24.0,93.0
GLAS,glas016,Control_202,28,CP2,5.052181,16,24.0,93.0
GLAS,glas016,Control_202,28,P3,-1.416433,16,24.0,93.0
GLAS,glas016,Control_202,28,P4,7.835246,16,24.0,93.0
GLAS,glas016,Control_202,28,C3,7.370542,16,24.0,93.0
GLAS,glas016,Control_202,28,C4,6.899528,16,24.0,93.0
GLAS,glas016,Control_202,28,P7,2.281111,16,24.0,93.0
GLAS,glas016,Control_202,28,P8,7.741835,16,24.0,93.0
GLAS,glas016,Control_202,28,O1,4.662139,16,24.0,93.0
GLAS,glas016,Control_202,28,O2,1.502645,16,24.0,93.0
GLAS,glas016,Control_202,29,Pz,-7.068514,16,38.0,93.0
GLAS,glas016,Control_202,29,Cz,-8.937759,16,38.0,93.0
GLAS,glas016,Control_202,29,CP1,-2.573714,16,38.0,93.0
GLAS,glas016,Control_202,29,CP2,-8.770789,16,38.0,93.0
GLAS,glas016,Control_202,29,P3,-6.738076,16,38.0,93.0
GLAS,glas016,Control_202,29,P4,-8.513394,16,38.0,93.0
GLAS,glas016,Control_202,29,C3,-8.592459,16,38.0,93.0
GLAS,glas016,Control_202,29,C4,-10.99495,16,38.0,93.0
GLAS,glas016,Control_202,29,P7,0.6245444,16,38.0,93.0
GLAS,glas016,Control_202,29,P8,-7.31882,16,38.0,93.0
GLAS,glas016,Control_202,29,O1,1.555014,16,38.0,93.0
GLAS,glas016,Control_202,29,O2,-4.725029,16,38.0,93.0
GLAS,glas016,Violation_201,30,Pz,13.72527,16,22.0,17.0
GLAS,glas016,Violation_201,30,Cz,15.7103,16,22.0,17.0
GLAS,glas016,Violation_201,30,CP1,10.13237,16,22.0,17.0
GLAS,glas016,Violation_201,30,CP2,9.876376,16,22.0,17.0
GLAS,glas016,Violation_201,30,P3,5.785721,16,22.0,17.0
GLAS,glas016,Violation_201,30,P4,16.76485,16,22.0,17.0
GLAS,glas016,Violation_201,30,C3,17.80295,16,22.0,17.0
GLAS,glas016,Violation_201,30,C4,12.72059,16,22.0,17.0
GLAS,glas016,Violation_201,30,P7,3.25905,16,22.0,17.0
GLAS,glas016,Violation_201,30,P8,17.29189,16,22.0,17.0
GLAS,glas016,Violation_201,30,O1,5.675607,16,22.0,17.0
GLAS,glas016,Violation_201,30,O2,9.506322,16,22.0,17.0
GLAS,glas016,Control_202,31,Pz,-12.35326,16,37.0,80.0
GLAS,glas016,Control_202,31,Cz,-5.795038,16,37.0,80.0
GLAS,glas016,Control_202,31,CP1,-12.88715,16,37.0,80.0
GLAS,glas016,Control_202,31,CP2,-5.491285,16,37.0,80.0
GLAS,glas016,Control_202,31,P3,-19.12695,16,37.0,80.0
GLAS,glas016,Control_202,31,P4,-5.423416,16,37.0,80.0
GLAS,glas016,Control_202,31,C3,-3.967795,16,37.0,80.0
GLAS,glas016,Control_202,31,C4,-2.105275,16,37.0,80.0
GLAS,glas016,Control_202,31,P7,-14.38694,16,37.0,80.0
GLAS,glas016,Control_202,31,P8,-2.752177,16,37.0,80.0
GLAS,glas016,Control_202,31,O1,-13.23871,16,37.0,80.0
GLAS,glas016,Control_202,31,O2,-5.492342,16,37.0,80.0
GLAS,glas016,Control_202,32,Pz,-8.507609,16,33.0,53.0
GLAS,glas016,Control_202,32,Cz,-6.357432,16,33.0,53.0
GLAS,glas016,Control_202,32,CP1,-4.439202,16,33.0,53.0
GLAS,glas016,Control_202,32,CP2,-2.783368,16,33.0,53.0
GLAS,glas016,Control_202,32,P3,6.787976,16,33.0,53.0
GLAS,glas016,Control_202,32,P4,-6.971153,16,33.0,53.0
GLAS,glas016,Control_202,32,C3,-7.196757,16,33.0,53.0
GLAS,glas016,Control_202,32,C4,-7.195874,16,33.0,53.0
GLAS,glas016,Control_202,32,P7,-4.406977,16,33.0,53.0
GLAS,glas016,Control_202,32,P8,-6.058941,16,33.0,53.0
GLAS,glas016,Control_202,32,O1,-1.21809,16,33.0,53.0
GLAS,glas016,Control_202,32,O2,-4.616954,16,33.0,53.0
GLAS,glas016,Violation_201,33,Pz,9.322664,16,30.0,0.0
GLAS,glas016,Violation_201,33,Cz,3.092993,16,30.0,0.0
GLAS,glas016,Violation_201,33,CP1,10.33124,16,30.0,0.0
GLAS,glas016,Violation_201,33,CP2,6.434505,16,30.0,0.0
GLAS,glas016,Violation_201,33,P3,10.08685,16,30.0,0.0
GLAS,glas016,Violation_201,33,P4,3.669875,16,30.0,0.0
GLAS,glas016,Violation_201,33,C3,3.182317,16,30.0,0.0
GLAS,glas016,Violation_201,33,C4,4.761566,16,30.0,0.0
GLAS,glas016,Violation_201,33,P7,10.73266,16,30.0,0.0
GLAS,glas016,Violation_201,33,P8,3.660166,16,30.0,0.0
GLAS,glas016,Violation_201,33,O1,12.47392,16,30.0,0.0
GLAS,glas016,Violation_201,33,O2,4.90414,16,30.0,0.0
GLAS,glas016,Violation_201,34,Pz,-9.310568,16,34.0,30.0
GLAS,glas016,Violation_201,34,Cz,-12.20592,16,34.0,30.0
GLAS,glas016,Violation_201,34,CP1,-9.814301,16,34.0,30.0
GLAS,glas016,Violation_201,34,CP2,-9.789751,16,34.0,30.0
GLAS,glas016,Violation_201,34,P3,-2.624633,16,34.0,30.0
GLAS,glas016,Violation_201,34,P4,-9.064261,16,34.0,30.0
GLAS,glas016,Violation_201,34,C3,-5.176733,16,34.0,30.0
GLAS,glas016,Violation_201,34,C4,-3.209311,16,34.0,30.0
GLAS,glas016,Violation_201,34,P7,-4.301003,16,34.0,30.0
GLAS,glas016,Violation_201,34,P8,-9.220047,16,34.0,30.0
GLAS,glas016,Violation_201,34,O1,-3.171465,16,34.0,30.0
GLAS,glas016,Violation_201,34,O2,-5.11789,16,34.0,30.0
GLAS,glas016,Control_202,35,Pz,11.68932,16,29.0,90.0
GLAS,glas016,Control_202,35,Cz,7.513835,16,29.0,90.0
GLAS,glas016,Control_202,35,CP1,9.010483,16,29.0,90.0
GLAS,glas016,Control_202,35,CP2,8.678122,16,29.0,90.0
GLAS,glas016,Control_202,35,P3,15.03348,16,29.0,90.0
GLAS,glas016,Control_202,35,P4,7.709451,16,29.0,90.0
GLAS,glas016,Control_202,35,C3,8.334459,16,29.0,90.0
GLAS,glas016,Control_202,35,C4,9.837725,16,29.0,90.0
GLAS,glas016,Control_202,35,P7,12.05024,16,29.0,90.0
GLAS,glas016,Control_202,35,P8,5.483877,16,29.0,90.0
GLAS,glas016,Control_202,35,O1,15.68981,16,29.0,90.0
GLAS,glas016,Control_202,35,O2,6.735839,16,29.0,90.0
GLAS,glas016,Control_202,36,Pz,-2.011405,16,26.0,87.0
GLAS,glas016,Control_202,36,Cz,-4.737008,16,26.0,87.0
GLAS,glas016,Control_202,36,CP1,-4.34085,16,26.0,87.0
GLAS,glas016,Control_202,36,CP2,-5.02102,16,26.0,87.0
GLAS,glas016,Control_202,36,P3,-3.944429,16,26.0,87.0
GLAS,glas016,Control_202,36,P4,-5.352317,16,26.0,87.0
GLAS,glas016,Control_202,36,C3,-3.862085,16,26.0,87.0
GLAS,glas016,Control_202,36,C4,-6.455512,16,26.0,87.0
GLAS,glas016,Control_202,36,P7,-7.256307,16,26.0,87.0
GLAS,glas016,Control_202,36,P8,-4.044618,16,26.0,87.0
GLAS,glas016,Control_202,36,O1,-3.991238,16,26.0,87.0
GLAS,glas016,Control_202,36,O2,-1.810788,16,26.0,87.0
GLAS,glas016,Violation_201,37,Pz,4.719291,16,36.0,7.0
GLAS,glas016,Violation_201,37,Cz,5.918966,16,36.0,7.0
GLAS,glas016,Violation_201,37,CP1,9.491299,16,36.0,7.0
GLAS,glas016,Violation_201,37,CP2,11.75994,16,36.0,7.0
GLAS,glas016,Violation_201,37,P3,7.779043,16,36.0,7.0
GLAS,glas016,Violation_201,37,P4,4.350215,16,36.0,7.0
GLAS,glas016,Violation_201,37,C3,2.351008,16,36.0,7.0
GLAS,glas016,Violation_201,37,C4,-0.3027948,16,36.0,7.0
GLAS,glas016,Violation_201,37,P7,9.889115,16,36.0,7.0
GLAS,glas016,Violation_201,37,P8,4.963289,16,36.0,7.0
GLAS,glas016,Violation_201,37,O1,7.490156,16,36.0,7.0
GLAS,glas016,Violation_201,37,O2,7.229742,16,36.0,7.0
GLAS,glas017,Violation_201,1,Pz,-18.50032,17,3.0,7.0
GLAS,glas017,Violation_201,1,Cz,-19.19591,17,3.0,7.0
GLAS,glas017,Violation_201,1,CP1,-15.39773,17,3.0,7.0
GLAS,glas017,Violation_201,1,CP2,-7.100069,17,3.0,7.0
GLAS,glas017,Violation_201,1,P3,-14.8788,17,3.0,7.0
GLAS,glas017,Violation_201,1,P4,-16.26622,17,3.0,7.0
GLAS,glas017,Violation_201,1,C3,-19.66551,17,3.0,7.0
GLAS,glas017,Violation_201,1,C4,-24.89501,17,3.0,7.0
GLAS,glas017,Violation_201,1,P7,-5.582762,17,3.0,7.0
GLAS,glas017,Violation_201,1,P8,-12.72012,17,3.0,7.0
GLAS,glas017,Violation_201,1,O1,-9.687531,17,3.0,7.0
GLAS,glas017,Violation_201,1,O2,-2.543529,17,3.0,7.0
GLAS,glas017,Violation_201,2,Pz,-18.45874,17,7.0,0.0
GLAS,glas017,Violation_201,2,Cz,-11.29292,17,7.0,0.0
GLAS,glas017,Violation_201,2,CP1,-17.95356,17,7.0,0.0
GLAS,glas017,Violation_201,2,CP2,-13.11347,17,7.0,0.0
GLAS,glas017,Violation_201,2,P3,-6.938352,17,7.0,0.0
GLAS,glas017,Violation_201,2,P4,-11.02909,17,7.0,0.0
GLAS,glas017,Violation_201,2,C3,-10.9476,17,7.0,0.0
GLAS,glas017,Violation_201,2,C4,-10.80092,17,7.0,0.0
GLAS,glas017,Violation_201,2,P7,2.857073,17,7.0,0.0
GLAS,glas017,Violation_201,2,P8,-9.972053,17,7.0,0.0
GLAS,glas017,Violation_201,2,O1,2.587816,17,7.0,0.0
GLAS,glas017,Violation_201,2,O2,-9.843209,17,7.0,0.0
GLAS,glas017,Violation_201,3,Pz,11.03844,17,20.0,0.0
GLAS,glas017,Violation_201,3,Cz,10.60682,17,20.0,0.0
GLAS,glas017,Violation_201,3,CP1,7.103714,17,20.0,0.0
GLAS,glas017,Violation_201,3,CP2,6.888747,17,20.0,0.0
GLAS,glas017,Violation_201,3,P3,10.19264,17,20.0,0.0
GLAS,glas017,Violation_201,3,P4,9.037786,17,20.0,0.0
GLAS,glas017,Violation_201,3,C3,12.04802,17,20.0,0.0
GLAS,glas017,Violation_201,3,C4,9.778321,17,20.0,0.0
GLAS,glas017,Violation_201,3,P7,9.772355,17,20.0,0.0
GLAS,glas017,Violation_201,3,P8,7.519451,17,20.0,0.0
GLAS,glas017,Violation_201,3,O1,1.463318,17,20.0,0.0
GLAS,glas017,Violation_201,3,O2,0.6463413,17,20.0,0.0
GLAS,glas017,Violation_201,4,Pz,-3.160184,17,6.0,0.0
GLAS,glas017,Violation_201,4,Cz,-6.649093,17,6.0,0.0
GLAS,glas017,Violation_201,4,CP1,2.021133,17,6.0,0.0
GLAS,glas017,Violation_201,4,CP2,0.2288265,17,6.0,0.0
GLAS,glas017,Violation_201,4,P3,-2.248039,17,6.0,0.0
GLAS,glas017,Violation_201,4,P4,-4.005562,17,6.0,0.0
GLAS,glas017,Violation_201,4,C3,-6.708727,17,6.0,0.0
GLAS,glas017,Violation_201,4,C4,-5.952041,17,6.0,0.0
GLAS,glas017,Violation_201,4,P7,4.829573,17,6.0,0.0
GLAS,glas017,Violation_201,4,P8,-4.686952,17,6.0,0.0
GLAS,glas017,Violation_201,4,O1,8.876493,17,6.0,0.0
GLAS,glas017,Violation_201,4,O2,2.696266,17,6.0,0.0
GLAS,glas017,Violation_201,5,Pz,-9.115071,17,8.0,34.0
GLAS,glas017,Violation_201,5,Cz,-5.595789,17,8.0,34.0
GLAS,glas017,Violation_201,5,CP1,-13.21454,17,8.0,34.0
GLAS,glas017,Violation_201,5,CP2,-8.837223,17,8.0,34.0
GLAS,glas017,Violation_201,5,P3,-8.190635,17,8.0,34.0
GLAS,glas017,Violation_201,5,P4,-4.049481,17,8.0,34.0
GLAS,glas017,Violation_201,5,C3,-3.605512,17,8.0,34.0
GLAS,glas017,Violation_201,5,C4,-1.257925,17,8.0,34.0
GLAS,glas017,Violation_201,5,P7,-5.328534,17,8.0,34.0
GLAS,glas017,Violation_201,5,P8,-2.083327,17,8.0,34.0
GLAS,glas017,Violation_201,5,O1,-38.40569,17,8.0,34.0
GLAS,glas017,Violation_201,5,O2,-9.215111,17,8.0,34.0
GLAS,glas017,Control_202,6,Pz,2.008008,17,12.0,100.0
GLAS,glas017,Control_202,6,Cz,5.385021,17,12.0,100.0
GLAS,glas017,Control_202,6,CP1,-1.154452,17,12.0,100.0
GLAS,glas017,Control_202,6,CP2,8.421275,17,12.0,100.0
GLAS,glas017,Control_202,6,P3,4.214265,17,12.0,100.0
GLAS,glas017,Control_202,6,P4,4.746423,17,12.0,100.0
GLAS,glas017,Control_202,6,C3,5.656514,17,12.0,100.0
GLAS,glas017,Control_202,6,C4,3.92011,17,12.0,100.0
GLAS,glas017,Control_202,6,P7,26.6488,17,12.0,100.0
GLAS,glas017,Control_202,6,P8,6.479003,17,12.0,100.0
GLAS,glas017,Control_202,6,O1,10.12721,17,12.0,100.0
GLAS,glas017,Control_202,6,O2,13.00757,17,12.0,100.0
GLAS,glas017,Control_202,7,Pz,-9.85993,17,19.0,100.0
GLAS,glas017,Control_202,7,Cz,-8.285225,17,19.0,100.0
GLAS,glas017,Control_202,7,CP1,-6.432225,17,19.0,100.0
GLAS,glas017,Control_202,7,CP2,-2.107882,17,19.0,100.0
GLAS,glas017,Control_202,7,P3,-3.504422,17,19.0,100.0
GLAS,glas017,Control_202,7,P4,-6.117651,17,19.0,100.0
GLAS,glas017,Control_202,7,C3,-8.73072,17,19.0,100.0
GLAS,glas017,Control_202,7,C4,-9.102963,17,19.0,100.0
GLAS,glas017,Control_202,7,P7,-6.7229,17,19.0,100.0
GLAS,glas017,Control_202,7,P8,-7.048159,17,19.0,100.0
GLAS,glas017,Control_202,7,O1,3.12923,17,19.0,100.0
GLAS,glas017,Control_202,7,O2,-1.780458,17,19.0,100.0
GLAS,glas017,Control_202,8,Pz,8.984274,17,16.0,93.0
GLAS,glas017,Control_202,8,Cz,10.56933,17,16.0,93.0
GLAS,glas017,Control_202,8,CP1,9.878592,17,16.0,93.0
GLAS,glas017,Control_202,8,CP2,5.425167,17,16.0,93.0
GLAS,glas017,Control_202,8,P3,10.23051,17,16.0,93.0
GLAS,glas017,Control_202,8,P4,7.7793,17,16.0,93.0
GLAS,glas017,Control_202,8,C3,10.73145,17,16.0,93.0
GLAS,glas017,Control_202,8,C4,9.18582,17,16.0,93.0
GLAS,glas017,Control_202,8,P7,12.40032,17,16.0,93.0
GLAS,glas017,Control_202,8,P8,8.690256,17,16.0,93.0
GLAS,glas017,Control_202,8,O1,7.328378,17,16.0,93.0
GLAS,glas017,Control_202,8,O2,1.094865,17,16.0,93.0
GLAS,glas017,Control_202,9,Pz,13.77738,17,18.0,87.0
GLAS,glas017,Control_202,9,Cz,10.70308,17,18.0,87.0
GLAS,glas017,Control_202,9,CP1,12.7386,17,18.0,87.0
GLAS,glas017,Control_202,9,CP2,7.358801,17,18.0,87.0
GLAS,glas017,Control_202,9,P3,15.64041,17,18.0,87.0
GLAS,glas017,Control_202,9,P4,8.175796,17,18.0,87.0
GLAS,glas017,Control_202,9,C3,7.582226,17,18.0,87.0
GLAS,glas017,Control_202,9,C4,8.497929,17,18.0,87.0
GLAS,glas017,Control_202,9,P7,15.38099,17,18.0,87.0
GLAS,glas017,Control_202,9,P8,2.814497,17,18.0,87.0
GLAS,glas017,Control_202,9,O1,15.01127,17,18.0,87.0
GLAS,glas017,Control_202,9,O2,0.9479781,17,18.0,87.0
GLAS,glas017,Control_202,10,Pz,-10.46521,17,2.0,100.0
GLAS,glas017,Control_202,10,Cz,-8.275824,17,2.0,100.0
GLAS,glas017,Control_202,10,CP1,-8.964361,17,2.0,100.0
GLAS,glas017,Control_202,10,CP2,-11.74368,17,2.0,100.0
GLAS,glas017,Control_202,10,P3,-6.791403,17,2.0,100.0
GLAS,glas017,Control_202,10,P4,-9.095109,17,2.0,100.0
GLAS,glas017,Control_202,10,C3,-9.942862,17,2.0,100.0
GLAS,glas017,Control_202,10,C4,-7.996411,17,2.0,100.0
GLAS,glas017,Control_202,10,P7,-11.21515,17,2.0,100.0
GLAS,glas017,Control_202,10,P8,-9.488906,17,2.0,100.0
GLAS,glas017,Control_202,10,O1,-10.79198,17,2.0,100.0
GLAS,glas017,Control_202,10,O2,-8.272647,17,2.0,100.0
GLAS,glas017,Violation_201,11,Pz,-2.562741,17,10.0,3.0
GLAS,glas017,Violation_201,11,Cz,-0.392128,17,10.0,3.0
GLAS,glas017,Violation_201,11,CP1,8.489214,17,10.0,3.0
GLAS,glas017,Violation_201,11,CP2,3.434572,17,10.0,3.0
GLAS,glas017,Violation_201,11,P3,3.811645,17,10.0,3.0
GLAS,glas017,Violation_201,11,P4,-1.191592,17,10.0,3.0
GLAS,glas017,Violation_201,11,C3,-5.783454,17,10.0,3.0
GLAS,glas017,Violation_201,11,C4,-5.814737,17,10.0,3.0
GLAS,glas017,Violation_201,11,P7,19.2498,17,10.0,3.0
GLAS,glas017,Violation_201,11,P8,-2.768211,17,10.0,3.0
GLAS,glas017,Violation_201,11,O1,10.587,17,10.0,3.0
GLAS,glas017,Violation_201,11,O2,3.109642,17,10.0,3.0
GLAS,glas017,Violation_201,12,Pz,-6.342193,17,11.0,7.0
GLAS,glas017,Violation_201,12,Cz,-9.512848,17,11.0,7.0
GLAS,glas017,Violation_201,12,CP1,-8.729969,17,11.0,7.0
GLAS,glas017,Violation_201,12,CP2,-5.899245,17,11.0,7.0
GLAS,glas017,Violation_201,12,P3,-8.974508,17,11.0,7.0
GLAS,glas017,Violation_201,12,P4,-8.553274,17,11.0,7.0
GLAS,glas017,Violation_201,12,C3,-8.255248,17,11.0,7.0
GLAS,glas017,Violation_201,12,C4,-11.44938,17,11.0,7.0
GLAS,glas017,Violation_201,12,P7,-5.870815,17,11.0,7.0
GLAS,glas017,Violation_201,12,P8,-7.435852,17,11.0,7.0
GLAS,glas017,Violation_201,12,O1,-9.270933,17,11.0,7.0
GLAS,glas017,Violation_201,12,O2,-8.70022,17,11.0,7.0
GLAS,glas017,Control_202,13,Pz,3.596572,17,14.0,90.0
GLAS,glas017,Control_202,13,Cz,-1.618083,17,14.0,90.0
GLAS,glas017,Control_202,13,CP1,6.883526,17,14.0,90.0
GLAS,glas017,Control_202,13,CP2,-3.992515,17,14.0,90.0
GLAS,glas017,Control_202,13,P3,5.659317,17,14.0,90.0
GLAS,glas017,Control_202,13,P4,-7.673136,17,14.0,90.0
GLAS,glas017,Control_202,13,C3,-6.003148,17,14.0,90.0
GLAS,glas017,Control_202,13,C4,-7.279562,17,14.0,90.0
GLAS,glas017,Control_202,13,P7,2.543561,17,14.0,90.0
GLAS,glas017,Control_202,13,P8,-9.505679,17,14.0,90.0
GLAS,glas017,Control_202,13,O1,0.2564791,17,14.0,90.0
GLAS,glas017,Control_202,13,O2,-3.635492,17,14.0,90.0
GLAS,glas017,Violation_201,14,Pz,-13.06648,17,13.0,0.0
GLAS,glas017,Violation_201,14,Cz,-11.25363,17,13.0,0.0
GLAS,glas017,Violation_201,14,CP1,-12.23153,17,13.0,0.0
GLAS,glas017,Violation_201,14,CP2,-6.037334,17,13.0,0.0
GLAS,glas017,Violation_201,14,P3,-7.959975,17,13.0,0.0
GLAS,glas017,Violation_201,14,P4,-9.869504,17,13.0,0.0
GLAS,glas017,Violation_201,14,C3,-11.05958,17,13.0,0.0
GLAS,glas017,Violation_201,14,C4,-8.295906,17,13.0,0.0
GLAS,glas017,Violation_201,14,P7,8.26622,17,13.0,0.0
GLAS,glas017,Violation_201,14,P8,-9.944714,17,13.0,0.0
GLAS,glas017,Violation_201,14,O1,-1.483516,17,13.0,0.0
GLAS,glas017,Violation_201,14,O2,-8.670194,17,13.0,0.0
GLAS,glas017,Violation_201,15,Pz,9.618197,17,15.0,0.0
GLAS,glas017,Violation_201,15,Cz,9.133426,17,15.0,0.0
GLAS,glas017,Violation_201,15,CP1,7.618343,17,15.0,0.0
GLAS,glas017,Violation_201,15,CP2,5.295459,17,15.0,0.0
GLAS,glas017,Violation_201,15,P3,8.535302,17,15.0,0.0
GLAS,glas017,Violation_201,15,P4,8.29796,17,15.0,0.0
GLAS,glas017,Violation_201,15,C3,9.218156,17,15.0,0.0
GLAS,glas017,Violation_201,15,C4,9.659402,17,15.0,0.0
GLAS,glas017,Violation_201,15,P7,10.72868,17,15.0,0.0
GLAS,glas017,Violation_201,15,P8,8.292248,17,15.0,0.0
GLAS,glas017,Violation_201,15,O1,13.87143,17,15.0,0.0
GLAS,glas017,Violation_201,15,O2,6.807025,17,15.0,0.0
GLAS,glas017,Control_202,16,Pz,-11.0731,17,17.0,62.0
GLAS,glas017,Control_202,16,Cz,-9.571574,17,17.0,62.0
GLAS,glas017,Control_202,16,CP1,-3.265992,17,17.0,62.0
GLAS,glas017,Control_202,16,CP2,-0.441764,17,17.0,62.0
GLAS,glas017,Control_202,16,P3,-1.702592,17,17.0,62.0
GLAS,glas017,Control_202,16,P4,-12.33278,17,17.0,62.0
GLAS,glas017,Control_202,16,C3,-16.2441,17,17.0,62.0
GLAS,glas017,Control_202,16,C4,-13.28893,17,17.0,62.0
GLAS,glas017,Control_202,16,P7,11.99161,17,17.0,62.0
GLAS,glas017,Control_202,16,P8,-14.96069,17,17.0,62.0
GLAS,glas017,Control_202,16,O1,-3.013493,17,17.0,62.0
GLAS,glas017,Control_202,16,O2,0.9925513,17,17.0,62.0
GLAS,glas017,Violation_201,17,Pz,0.1237222,17,4.0,20.0
GLAS,glas017,Violation_201,17,Cz,-3.474701,17,4.0,20.0
GLAS,glas017,Violation_201,17,CP1,0.318149,17,4.0,20.0
GLAS,glas017,Violation_201,17,CP2,-2.108962,17,4.0,20.0
GLAS,glas017,Violation_201,17,P3,4.105323,17,4.0,20.0
GLAS,glas017,Violation_201,17,P4,0.5501821,17,4.0,20.0
GLAS,glas017,Violation_201,17,C3,-3.629745,17,4.0,20.0
GLAS,glas017,Violation_201,17,C4,-1.106287,17,4.0,20.0
GLAS,glas017,Violation_201,17,P7,-0.850203,17,4.0,20.0
GLAS,glas017,Violation_201,17,P8,-1.416317,17,4.0,20.0
GLAS,glas017,Violation_201,17,O1,-3.686143,17,4.0,20.0
GLAS,glas017,Violation_201,17,O2,-2.575463,17,4.0,20.0
GLAS,glas017,Control_202,18,Pz,6.360685,17,5.0,93.0
GLAS,glas017,Control_202,18,Cz,-3.89083,17,5.0,93.0
GLAS,glas017,Control_202,18,CP1,-5.625326,17,5.0,93.0
GLAS,glas017,Control_202,18,CP2,-6.268552,17,5.0,93.0
GLAS,glas017,Control_202,18,P3,-4.416667,17,5.0,93.0
GLAS,glas017,Control_202,18,P4,-2.163357,17,5.0,93.0
GLAS,glas017,Control_202,18,C3,-2.637977,17,5.0,93.0
GLAS,glas017,Control_202,18,C4,-1.29878,17,5.0,93.0
GLAS,glas017,Control_202,18,P7,-0.1180195,17,5.0,93.0
GLAS,glas017,Control_202,18,P8,-4.22261,17,5.0,93.0
GLAS,glas017,Control_202,18,O1,-3.953799,17,5.0,93.0
GLAS,glas017,Control_202,18,O2,-7.695919,17,5.0,93.0
GLAS,glas017,Violation_201,19,Pz,-1.40001,17,1.0,0.0
GLAS,glas017,Violation_201,19,Cz,1.106666,17,1.0,0.0
GLAS,glas017,Violation_201,19,CP1,-1.453766,17,1.0,0.0
GLAS,glas017,Violation_201,19,CP2,2.230467,17,1.0,0.0
GLAS,glas017,Violation_201,19,P3,0.2013395,17,1.0,0.0
GLAS,glas017,Violation_201,19,P4,1.143351,17,1.0,0.0
GLAS,glas017,Violation_201,19,C3,0.8143195,17,1.0,0.0
GLAS,glas017,Violation_201,19,C4,2.154564,17,1.0,0.0
GLAS,glas017,Violation_201,19,P7,-3.585976,17,1.0,0.0
GLAS,glas017,Violation_201,19,P8,1.998658,17,1.0,0.0
GLAS,glas017,Violation_201,19,O1,3.20552,17,1.0,0.0
GLAS,glas017,Violation_201,19,O2,2.703091,17,1.0,0.0
GLAS,glas017,Control_202,20,Pz,20.69536,17,9.0,93.0
GLAS,glas017,Control_202,20,Cz,18.04191,17,9.0,93.0
GLAS,glas017,Control_202,20,CP1,23.17937,17,9.0,93.0
GLAS,glas017,Control_202,20,CP2,11.8368,17,9.0,93.0
GLAS,glas017,Control_202,20,P3,18.34294,17,9.0,93.0
GLAS,glas017,Control_202,20,P4,16.29219,17,9.0,93.0
GLAS,glas017,Control_202,20,C3,16.94534,17,9.0,93.0
GLAS,glas017,Control_202,20,C4,20.81281,17,9.0,93.0
GLAS,glas017,Control_202,20,P7,16.6896,17,9.0,93.0
GLAS,glas017,Control_202,20,P8,15.29903,17,9.0,93.0
GLAS,glas017,Control_202,20,O1,18.17745,17,9.0,93.0
GLAS,glas017,Control_202,20,O2,5.572475,17,9.0,93.0
GLAS,glas017,Violation_201,21,Pz,3.291588,17,27.0,0.0
GLAS,glas017,Violation_201,21,Cz,-1.94678,17,27.0,0.0
GLAS,glas017,Violation_201,21,CP1,-3.319999,17,27.0,0.0
GLAS,glas017,Violation_201,21,CP2,-0.06524099,17,27.0,0.0
GLAS,glas017,Violation_201,21,P3,0.6081851,17,27.0,0.0
GLAS,glas017,Violation_201,21,P4,-1.126626,17,27.0,0.0
GLAS,glas017,Violation_201,21,C3,-1.478665,17,27.0,0.0
GLAS,glas017,Violation_201,21,C4,-2.181349,17,27.0,0.0
GLAS,glas017,Violation_201,21,P7,7.623428,17,27.0,0.0
GLAS,glas017,Violation_201,21,P8,-1.17221,17,27.0,0.0
GLAS,glas017,Violation_201,21,O1,4.529049,17,27.0,0.0
GLAS,glas017,Violation_201,21,O2,1.037726,17,27.0,0.0
GLAS,glas017,Violation_201,22,Pz,-8.854622,17,22.0,17.0
GLAS,glas017,Violation_201,22,Cz,-11.88022,17,22.0,17.0
GLAS,glas017,Violation_201,22,CP1,-11.43017,17,22.0,17.0
GLAS,glas017,Violation_201,22,CP2,-7.176465,17,22.0,17.0
GLAS,glas017,Violation_201,22,P3,-9.066718,17,22.0,17.0
GLAS,glas017,Violation_201,22,P4,-9.032022,17,22.0,17.0
GLAS,glas017,Violation_201,22,C3,-11.83265,17,22.0,17.0
GLAS,glas017,Violation_201,22,C4,-12.2929,17,22.0,17.0
GLAS,glas017,Violation_201,22,P7,-15.34645,17,22.0,17.0
GLAS,glas017,Violation_201,22,P8,-10.63306,17,22.0,17.0
GLAS,glas017,Violation_201,22,O1,-7.256299,17,22.0,17.0
GLAS,glas017,Violation_201,22,O2,-5.34223,17,22.0,17.0
GLAS,glas017,Violation_201,23,Pz,3.495265,17,23.0,3.0
GLAS,glas017,Violation_201,23,Cz,1.031978,17,23.0,3.0
GLAS,glas017,Violation_201,23,CP1,4.520764,17,23.0,3.0
GLAS,glas017,Violation_201,23,CP2,-4.906053,17,23.0,3.0
GLAS,glas017,Violation_201,23,P3,5.731253,17,23.0,3.0
GLAS,glas017,Violation_201,23,P4,-1.395569,17,23.0,3.0
GLAS,glas017,Violation_201,23,C3,0.2813749,17,23.0,3.0
GLAS,glas017,Violation_201,23,C4,1.373517,17,23.0,3.0
GLAS,glas017,Violation_201,23,P7,8.580115,17,23.0,3.0
GLAS,glas017,Violation_201,23,P8,-3.714704,17,23.0,3.0
GLAS,glas017,Violation_201,23,O1,4.717835,17,23.0,3.0
GLAS,glas017,Violation_201,23,O2,-4.814874,17,23.0,3.0
GLAS,glas017,Control_202,24,Pz,-4.753995,17,31.0,77.0
GLAS,glas017,Control_202,24,Cz,-7.258265,17,31.0,77.0
GLAS,glas017,Control_202,24,CP1,-5.537753,17,31.0,77.0
GLAS,glas017,Control_202,24,CP2,-2.414948,17,31.0,77.0
GLAS,glas017,Control_202,24,P3,-8.319858,17,31.0,77.0
GLAS,glas017,Control_202,24,P4,-6.106645,17,31.0,77.0
GLAS,glas017,Control_202,24,C3,-6.926319,17,31.0,77.0
GLAS,glas017,Control_202,24,C4,-9.884793,17,31.0,77.0
GLAS,glas017,Control_202,24,P7,-0.7211434,17,31.0,77.0
GLAS,glas017,Control_202,24,P8,-5.136662,17,31.0,77.0
GLAS,glas017,Control_202,24,O1,-2.827854,17,31.0,77.0
GLAS,glas017,Control_202,24,O2,-4.707095,17,31.0,77.0
GLAS,glas017,Control_202,25,Pz,-7.962319,17,32.0,80.0
GLAS,glas017,Control_202,25,Cz,-3.05993,17,32.0,80.0
GLAS,glas017,Control_202,25,CP1,-6.633477,17,32.0,80.0
GLAS,glas017,Control_202,25,CP2,-1.51705,17,32.0,80.0
GLAS,glas017,Control_202,25,P3,-10.56665,17,32.0,80.0
GLAS,glas017,Control_202,25,P4,-1.632043,17,32.0,80.0
GLAS,glas017,Control_202,25,C3,-3.761011,17,32.0,80.0
GLAS,glas017,Control_202,25,C4,-1.537895,17,32.0,80.0
GLAS,glas017,Control_202,25,P7,-13.28703,17,32.0,80.0
GLAS,glas017,Control_202,25,P8,1.771041,17,32.0,80.0
GLAS,glas017,Control_202,25,O1,-10.82298,17,32.0,80.0
GLAS,glas017,Control_202,25,O2,-0.1383694,17,32.0,80.0
GLAS,glas017,Violation_201,26,Pz,-12.48668,17,40.0,0.0
GLAS,glas017,Violation_201,26,Cz,-9.402758,17,40.0,0.0
GLAS,glas017,Violation_201,26,CP1,-7.470921,17,40.0,0.0
GLAS,glas017,Violation_201,26,CP2,-7.769881,17,40.0,0.0
GLAS,glas017,Violation_201,26,P3,-10.31988,17,40.0,0.0
GLAS,glas017,Violation_201,26,P4,-11.96179,17,40.0,0.0
GLAS,glas017,Violation_201,26,C3,-14.1167,17,40.0,0.0
GLAS,glas017,Violation_201,26,C4,-10.58346,17,40.0,0.0
GLAS,glas017,Violation_201,26,P7,-2.119685,17,40.0,0.0
GLAS,glas017,Violation_201,26,P8,-12.04667,17,40.0,0.0
GLAS,glas017,Violation_201,26,O1,-3.188291,17,40.0,0.0
GLAS,glas017,Violation_201,26,O2,-5.880882,17,40.0,0.0
GLAS,glas017,Violation_201,27,Pz,-6.744769,17,39.0,0.0
GLAS,glas017,Violation_201,27,Cz,-2.392664,17,39.0,0.0
GLAS,glas017,Violation_201,27,CP1,-9.247007,17,39.0,0.0
GLAS,glas017,Violation_201,27,CP2,-0.5434055,17,39.0,0.0
GLAS,glas017,Violation_201,27,P3,-6.623692,17,39.0,0.0
GLAS,glas017,Violation_201,27,P4,-0.1748002,17,39.0,0.0
GLAS,glas017,Violation_201,27,C3,-2.214415,17,39.0,0.0
GLAS,glas017,Violation_201,27,C4,-0.5501922,17,39.0,0.0
GLAS,glas017,Violation_201,27,P7,-7.265896,17,39.0,0.0
GLAS,glas017,Violation_201,27,P8,2.137349,17,39.0,0.0
GLAS,glas017,Violation_201,27,O1,-1.351419,17,39.0,0.0
GLAS,glas017,Violation_201,27,O2,4.305399,17,39.0,0.0
GLAS,glas017,Control_202,28,Pz,-7.682059,17,30.0,90.0
GLAS,glas017,Control_202,28,Cz,-2.349291,17,30.0,90.0
GLAS,glas017,Control_202,28,CP1,-3.305462,17,30.0,90.0
GLAS,glas017,Control_202,28,CP2,2.684693,17,30.0,90.0
GLAS,glas017,Control_202,28,P3,-3.203654,17,30.0,90.0
GLAS,glas017,Control_202,28,P4,-3.075726,17,30.0,90.0
GLAS,glas017,Control_202,28,C3,-3.977725,17,30.0,90.0
GLAS,glas017,Control_202,28,C4,-4.927422,17,30.0,90.0
GLAS,glas017,Control_202,28,P7,-2.242348,17,30.0,90.0
GLAS,glas017,Control_202,28,P8,0.135577,17,30.0,90.0
GLAS,glas017,Control_202,28,O1,-2.1609,17,30.0,90.0
GLAS,glas017,Control_202,28,O2,4.680819,17,30.0,90.0
GLAS,glas017,Violation_201,29,Pz,7.245389,17,25.0,0.0
GLAS,glas017,Violation_201,29,Cz,6.545672,17,25.0,0.0
GLAS,glas017,Violation_201,29,CP1,4.008091,17,25.0,0.0
GLAS,glas017,Violation_201,29,CP2,3.895996,17,25.0,0.0
GLAS,glas017,Violation_201,29,P3,4.725802,17,25.0,0.0
GLAS,glas017,Violation_201,29,P4,6.476885,17,25.0,0.0
GLAS,glas017,Violation_201,29,C3,9.351809,17,25.0,0.0
GLAS,glas017,Violation_201,29,C4,1.65256,17,25.0,0.0
GLAS,glas017,Violation_201,29,P7,13.22728,17,25.0,0.0
GLAS,glas017,Violation_201,29,P8,7.252017,17,25.0,0.0
GLAS,glas017,Violation_201,29,O1,2.259065,17,25.0,0.0
GLAS,glas017,Violation_201,29,O2,4.577029,17,25.0,0.0
GLAS,glas017,Control_202,30,Pz,-5.55766,17,26.0,87.0
GLAS,glas017,Control_202,30,Cz,-4.162535,17,26.0,87.0
GLAS,glas017,Control_202,30,CP1,-10.48892,17,26.0,87.0
GLAS,glas017,Control_202,30,CP2,-6.204397,17,26.0,87.0
GLAS,glas017,Control_202,30,P3,-8.268463,17,26.0,87.0
GLAS,glas017,Control_202,30,P4,-5.054262,17,26.0,87.0
GLAS,glas017,Control_202,30,C3,-4.066085,17,26.0,87.0
GLAS,glas017,Control_202,30,C4,-4.644431,17,26.0,87.0
GLAS,glas017,Control_202,30,P7,-4.816488,17,26.0,87.0
GLAS,glas017,Control_202,30,P8,-4.817017,17,26.0,87.0
GLAS,glas017,Control_202,30,O1,-3.387478,17,26.0,87.0
GLAS,glas017,Control_202,30,O2,-8.383762,17,26.0,87.0
GLAS,glas017,Control_202,31,Pz,6.90822,17,33.0,53.0
GLAS,glas017,Control_202,31,Cz,4.895693,17,33.0,53.0
GLAS,glas017,Control_202,31,CP1,4.148682,17,33.0,53.0
GLAS,glas017,Control_202,31,CP2,-0.6008905,17,33.0,53.0
GLAS,glas017,Control_202,31,P3,3.198682,17,33.0,53.0
GLAS,glas017,Control_202,31,P4,2.177993,17,33.0,53.0
GLAS,glas017,Control_202,31,C3,4.612873,17,33.0,53.0
GLAS,glas017,Control_202,31,C4,5.93854,17,33.0,53.0
GLAS,glas017,Control_202,31,P7,-0.6698077,17,33.0,53.0
GLAS,glas017,Control_202,31,P8,2.43649,17,33.0,53.0
GLAS,glas017,Control_202,31,O1,5.491551,17,33.0,53.0
GLAS,glas017,Control_202,31,O2,-5.336722,17,33.0,53.0
GLAS,glas017,Violation_201,32,Pz,8.350376,17,38.0,0.0
GLAS,glas017,Violation_201,32,Cz,8.042081,17,38.0,0.0
GLAS,glas017,Violation_201,32,CP1,7.092712,17,38.0,0.0
GLAS,glas017,Violation_201,32,CP2,10.3764,17,38.0,0.0
GLAS,glas017,Violation_201,32,P3,8.301583,17,38.0,0.0
GLAS,glas017,Violation_201,32,P4,9.920328,17,38.0,0.0
GLAS,glas017,Violation_201,32,C3,9.545074,17,38.0,0.0
GLAS,glas017,Violation_201,32,C4,8.630814,17,38.0,0.0
GLAS,glas017,Violation_201,32,P7,2.098819,17,38.0,0.0
GLAS,glas017,Violation_201,32,P8,7.907679,17,38.0,0.0
GLAS,glas017,Violation_201,32,O1,8.998701,17,38.0,0.0
GLAS,glas017,Violation_201,32,O2,7.40566,17,38.0,0.0
GLAS,glas017,Control_202,33,Pz,5.87943,17,28.0,27.0
GLAS,glas017,Control_202,33,Cz,5.66993,17,28.0,27.0
GLAS,glas017,Control_202,33,CP1,8.835912,17,28.0,27.0
GLAS,glas017,Control_202,33,CP2,7.060473,17,28.0,27.0
GLAS,glas017,Control_202,33,P3,6.472167,17,28.0,27.0
GLAS,glas017,Control_202,33,P4,8.069839,17,28.0,27.0
GLAS,glas017,Control_202,33,C3,5.999048,17,28.0,27.0
GLAS,glas017,Control_202,33,C4,5.651174,17,28.0,27.0
GLAS,glas017,Control_202,33,P7,8.677789,17,28.0,27.0
GLAS,glas017,Control_202,33,P8,6.467694,17,28.0,27.0
GLAS,glas017,Control_202,33,O1,10.26066,17,28.0,27.0
GLAS,glas017,Control_202,33,O2,3.856906,17,28.0,27.0
GLAS,glas017,Violation_201,34,Pz,1.14785,17,37.0,0.0
GLAS,glas017,Violation_201,34,Cz,-1.591782,17,37.0,0.0
GLAS,glas017,Violation_201,34,CP1,4.523994,17,37.0,0.0
GLAS,glas017,Violation_201,34,CP2,-7.142236,17,37.0,0.0
GLAS,glas017,Violation_201,34,P3,-0.1003467,17,37.0,0.0
GLAS,glas017,Violation_201,34,P4,-1.311258,17,37.0,0.0
GLAS,glas017,Violation_201,34,C3,-0.06633309,17,37.0,0.0
GLAS,glas017,Violation_201,34,C4,-3.194954,17,37.0,0.0
GLAS,glas017,Violation_201,34,P7,-3.520754,17,37.0,0.0
GLAS,glas017,Violation_201,34,P8,-5.063882,17,37.0,0.0
GLAS,glas017,Violation_201,34,O1,-2.372835,17,37.0,0.0
GLAS,glas017,Violation_201,34,O2,-6.564302,17,37.0,0.0
GLAS,glas017,Control_202,35,Pz,-7.281459,17,36.0,77.0
GLAS,glas017,Control_202,35,Cz,-9.061059,17,36.0,77.0
GLAS,glas017,Control_202,35,CP1,-2.480435,17,36.0,77.0
GLAS,glas017,Control_202,35,CP2,-10.17197,17,36.0,77.0
GLAS,glas017,Control_202,35,P3,-11.72732,17,36.0,77.0
GLAS,glas017,Control_202,35,P4,-9.948236,17,36.0,77.0
GLAS,glas017,Control_202,35,C3,-7.518361,17,36.0,77.0
GLAS,glas017,Control_202,35,C4,-12.78321,17,36.0,77.0
GLAS,glas017,Control_202,35,P7,-12.81623,17,36.0,77.0
GLAS,glas017,Control_202,35,P8,-8.769785,17,36.0,77.0
GLAS,glas017,Control_202,35,O1,-9.425266,17,36.0,77.0
GLAS,glas017,Control_202,35,O2,-6.428667,17,36.0,77.0
GLAS,glas017,Violation_201,36,Pz,17.70265,17,34.0,30.0
GLAS,glas017,Violation_201,36,Cz,14.45912,17,34.0,30.0
GLAS,glas017,Violation_201,36,CP1,2.68995,17,34.0,30.0
GLAS,glas017,Violation_201,36,CP2,13.65357,17,34.0,30.0
GLAS,glas017,Violation_201,36,P3,13.42508,17,34.0,30.0
GLAS,glas017,Violation_201,36,P4,12.55321,17,34.0,30.0
GLAS,glas017,Violation_201,36,C3,12.21534,17,34.0,30.0
GLAS,glas017,Violation_201,36,C4,13.6958,17,34.0,30.0
GLAS,glas017,Violation_201,36,P7,7.462141,17,34.0,30.0
GLAS,glas017,Violation_201,36,P8,10.79732,17,34.0,30.0
GLAS,glas017,Violation_201,36,O1,9.700066,17,34.0,30.0
GLAS,glas017,Violation_201,36,O2,8.099159,17,34.0,30.0
GLAS,glas017,Control_202,37,Pz,-7.212605,17,35.0,97.0
GLAS,glas017,Control_202,37,Cz,-8.753512,17,35.0,97.0
GLAS,glas017,Control_202,37,CP1,-11.4153,17,35.0,97.0
GLAS,glas017,Control_202,37,CP2,-10.89579,17,35.0,97.0
GLAS,glas017,Control_202,37,P3,-9.595437,17,35.0,97.0
GLAS,glas017,Control_202,37,P4,-8.686736,17,35.0,97.0
GLAS,glas017,Control_202,37,C3,-8.888078,17,35.0,97.0
GLAS,glas017,Control_202,37,C4,-9.951736,17,35.0,97.0
GLAS,glas017,Control_202,37,P7,-11.80427,17,35.0,97.0
GLAS,glas017,Control_202,37,P8,-8.877713,17,35.0,97.0
GLAS,glas017,Control_202,37,O1,-12.64258,17,35.0,97.0
GLAS,glas017,Control_202,37,O2,-10.24232,17,35.0,97.0
GLAS,glas017,Violation_201,38,Pz,-8.556313,17,21.0,3.0
GLAS,glas017,Violation_201,38,Cz,-12.23465,17,21.0,3.0
GLAS,glas017,Violation_201,38,CP1,-6.570718,17,21.0,3.0
GLAS,glas017,Violation_201,38,CP2,-12.633,17,21.0,3.0
GLAS,glas017,Violation_201,38,P3,-10.4361,17,21.0,3.0
GLAS,glas017,Violation_201,38,P4,-15.12064,17,21.0,3.0
GLAS,glas017,Violation_201,38,C3,-12.14403,17,21.0,3.0
GLAS,glas017,Violation_201,38,C4,-16.05023,17,21.0,3.0
GLAS,glas017,Violation_201,38,P7,-4.979555,17,21.0,3.0
GLAS,glas017,Violation_201,38,P8,-15.18399,17,21.0,3.0
GLAS,glas017,Violation_201,38,O1,-10.15599,17,21.0,3.0
GLAS,glas017,Violation_201,38,O2,-10.70636,17,21.0,3.0
GLAS,glas018,Violation_201,1,Pz,-16.05461,18,13.0,0.0
GLAS,glas018,Violation_201,1,Cz,-16.57737,18,13.0,0.0
GLAS,glas018,Violation_201,1,CP1,-16.92088,18,13.0,0.0
GLAS,glas018,Violation_201,1,CP2,-14.48013,18,13.0,0.0
GLAS,glas018,Violation_201,1,P3,-11.01658,18,13.0,0.0
GLAS,glas018,Violation_201,1,P4,-14.53064,18,13.0,0.0
GLAS,glas018,Violation_201,1,C3,-19.40577,18,13.0,0.0
GLAS,glas018,Violation_201,1,C4,-14.3714,18,13.0,0.0
GLAS,glas018,Violation_201,1,P7,-10.78165,18,13.0,0.0
GLAS,glas018,Violation_201,1,P8,-2.446409,18,13.0,0.0
GLAS,glas018,Violation_201,1,O1,-11.06284,18,13.0,0.0
GLAS,glas018,Violation_201,1,O2,-9.415873,18,13.0,0.0
GLAS,glas018,Violation_201,2,Pz,-14.52682,18,10.0,3.0
GLAS,glas018,Violation_201,2,Cz,-12.9698,18,10.0,3.0
GLAS,glas018,Violation_201,2,CP1,-14.62479,18,10.0,3.0
GLAS,glas018,Violation_201,2,CP2,-24.21906,18,10.0,3.0
GLAS,glas018,Violation_201,2,P3,-12.14623,18,10.0,3.0
GLAS,glas018,Violation_201,2,P4,-21.13377,18,10.0,3.0
GLAS,glas018,Violation_201,2,C3,-15.76134,18,10.0,3.0
GLAS,glas018,Violation_201,2,C4,-23.23001,18,10.0,3.0
GLAS,glas018,Violation_201,2,P7,-15.4552,18,10.0,3.0
GLAS,glas018,Violation_201,2,P8,-12.87125,18,10.0,3.0
GLAS,glas018,Violation_201,2,O1,-21.33354,18,10.0,3.0
GLAS,glas018,Violation_201,2,O2,-26.41343,18,10.0,3.0
GLAS,glas018,Control_202,3,Pz,-4.761813,18,8.0,97.0
GLAS,glas018,Control_202,3,Cz,-5.544078,18,8.0,97.0
GLAS,glas018,Control_202,3,CP1,-8.594013,18,8.0,97.0
GLAS,glas018,Control_202,3,CP2,-4.975595,18,8.0,97.0
GLAS,glas018,Control_202,3,P3,-10.59007,18,8.0,97.0
GLAS,glas018,Control_202,3,P4,-5.752785,18,8.0,97.0
GLAS,glas018,Control_202,3,C3,-4.682975,18,8.0,97.0
GLAS,glas018,Control_202,3,C4,-1.604798,18,8.0,97.0
GLAS,glas018,Control_202,3,P7,-19.44252,18,8.0,97.0
GLAS,glas018,Control_202,3,P8,4.300323,18,8.0,97.0
GLAS,glas018,Control_202,3,O1,-15.82142,18,8.0,97.0
GLAS,glas018,Control_202,3,O2,31.20151,18,8.0,97.0
GLAS,glas018,Control_202,4,Pz,6.384398,18,20.0,90.0
GLAS,glas018,Control_202,4,Cz,4.496459,18,20.0,90.0
GLAS,glas018,Control_202,4,CP1,5.555339,18,20.0,90.0
GLAS,glas018,Control_202,4,CP2,8.691379,18,20.0,90.0
GLAS,glas018,Control_202,4,P3,11.81005,18,20.0,90.0
GLAS,glas018,Control_202,4,P4,8.697606,18,20.0,90.0
GLAS,glas018,Control_202,4,C3,2.535648,18,20.0,90.0
GLAS,glas018,Control_202,4,C4,4.194204,18,20.0,90.0
GLAS,glas018,Control_202,4,P7,11.89505,18,20.0,90.0
GLAS,glas018,Control_202,4,P8,6.341926,18,20.0,90.0
GLAS,glas018,Control_202,4,O1,17.56982,18,20.0,90.0
GLAS,glas018,Control_202,4,O2,11.406,18,20.0,90.0
GLAS,glas018,Control_202,5,Pz,-3.933183,18,11.0,87.0
GLAS,glas018,Control_202,5,Cz,-4.401642,18,11.0,87.0
GLAS,glas018,Control_202,5,CP1,-8.592381,18,11.0,87.0
GLAS,glas018,Control_202,5,CP2,-10.12024,18,11.0,87.0
GLAS,glas018,Control_202,5,P3,-10.04644,18,11.0,87.0
GLAS,glas018,Control_202,5,P4,-1.623921,18,11.0,87.0
GLAS,glas018,Control_202,5,C3,-4.699559,18,11.0,87.0
GLAS,glas018,Control_202,5,C4,-1.985662,18,11.0,87.0
GLAS,glas018,Control_202,5,P7,-13.48547,18,11.0,87.0
GLAS,glas018,Control_202,5,P8,0.822615,18,11.0,87.0
GLAS,glas018,Control_202,5,O1,-19.13916,18,11.0,87.0
GLAS,glas018,Control_202,5,O2,-5.009646,18,11.0,87.0
GLAS,glas018,Control_202,6,Pz,4.936491,18,17.0,62.0
GLAS,glas018,Control_202,6,Cz,5.107349,18,17.0,62.0
GLAS,glas018,Control_202,6,CP1,7.006953,18,17.0,62.0
GLAS,glas018,Control_202,6,CP2,5.990892,18,17.0,62.0
GLAS,glas018,Control_202,6,P3,4.065886,18,17.0,62.0
GLAS,glas018,Control_202,6,P4,3.013058,18,17.0,62.0
GLAS,glas018,Control_202,6,C3,5.269333,18,17.0,62.0
GLAS,glas018,Control_202,6,C4,2.564914,18,17.0,62.0
GLAS,glas018,Control_202,6,P7,10.6711,18,17.0,62.0
GLAS,glas018,Control_202,6,P8,-24.18081,18,17.0,62.0
GLAS,glas018,Control_202,6,O1,5.19768,18,17.0,62.0
GLAS,glas018,Control_202,6,O2,7.842488,18,17.0,62.0
GLAS,glas018,Control_202,7,Pz,20.96027,18,15.0,90.0
GLAS,glas018,Control_202,7,Cz,20.25213,18,15.0,90.0
GLAS,glas018,Control_202,7,CP1,17.68474,18,15.0,90.0
GLAS,glas018,Control_202,7,CP2,17.11442,18,15.0,90.0
GLAS,glas018,Control_202,7,P3,25.76122,18,15.0,90.0
GLAS,glas018,Control_202,7,P4,17.23184,18,15.0,90.0
GLAS,glas018,Control_202,7,C3,18.15957,18,15.0,90.0
GLAS,glas018,Control_202,7,C4,20.07218,18,15.0,90.0
GLAS,glas018,Control_202,7,P7,22.16109,18,15.0,90.0
GLAS,glas018,Control_202,7,P8,13.68774,18,15.0,90.0
GLAS,glas018,Control_202,7,O1,15.28856,18,15.0,90.0
GLAS,glas018,Control_202,7,O2,11.65775,18,15.0,90.0
GLAS,glas018,Violation_201,8,Pz,2.450112,18,19.0,0.0
GLAS,glas018,Violation_201,8,Cz,5.446847,18,19.0,0.0
GLAS,glas018,Violation_201,8,CP1,4.215149,18,19.0,0.0
GLAS,glas018,Violation_201,8,CP2,7.313389,18,19.0,0.0
GLAS,glas018,Violation_201,8,P3,-0.173823,18,19.0,0.0
GLAS,glas018,Violation_201,8,P4,5.047321,18,19.0,0.0
GLAS,glas018,Violation_201,8,C3,6.356088,18,19.0,0.0
GLAS,glas018,Violation_201,8,C4,4.433949,18,19.0,0.0
GLAS,glas018,Violation_201,8,P7,3.870625,18,19.0,0.0
GLAS,glas018,Violation_201,8,P8,-16.74637,18,19.0,0.0
GLAS,glas018,Violation_201,8,O1,4.773169,18,19.0,0.0
GLAS,glas018,Violation_201,8,O2,4.327731,18,19.0,0.0
GLAS,glas018,Violation_201,9,Pz,-14.94741,18,18.0,0.0
GLAS,glas018,Violation_201,9,Cz,-11.06249,18,18.0,0.0
GLAS,glas018,Violation_201,9,CP1,-15.23717,18,18.0,0.0
GLAS,glas018,Violation_201,9,CP2,-19.1556,18,18.0,0.0
GLAS,glas018,Violation_201,9,P3,-16.16427,18,18.0,0.0
GLAS,glas018,Violation_201,9,P4,-12.57426,18,18.0,0.0
GLAS,glas018,Violation_201,9,C3,-10.42026,18,18.0,0.0
GLAS,glas018,Violation_201,9,C4,-14.80336,18,18.0,0.0
GLAS,glas018,Violation_201,9,P7,-13.21843,18,18.0,0.0
GLAS,glas018,Violation_201,9,P8,-10.65146,18,18.0,0.0
GLAS,glas018,Violation_201,9,O1,-12.04086,18,18.0,0.0
GLAS,glas018,Violation_201,9,O2,-14.86706,18,18.0,0.0
GLAS,glas018,Control_202,10,Pz,-10.37955,18,7.0,80.0
GLAS,glas018,Control_202,10,Cz,-11.24753,18,7.0,80.0
GLAS,glas018,Control_202,10,CP1,-14.70817,18,7.0,80.0
GLAS,glas018,Control_202,10,CP2,-26.93374,18,7.0,80.0
GLAS,glas018,Control_202,10,P3,-7.423637,18,7.0,80.0
GLAS,glas018,Control_202,10,P4,-15.67936,18,7.0,80.0
GLAS,glas018,Control_202,10,C3,-12.52818,18,7.0,80.0
GLAS,glas018,Control_202,10,C4,-9.803289,18,7.0,80.0
GLAS,glas018,Control_202,10,P7,-10.4793,18,7.0,80.0
GLAS,glas018,Control_202,10,P8,-28.04366,18,7.0,80.0
GLAS,glas018,Control_202,10,O1,-9.747188,18,7.0,80.0
GLAS,glas018,Control_202,10,O2,-22.69654,18,7.0,80.0
GLAS,glas018,Violation_201,11,Pz,5.871967,18,3.0,7.0
GLAS,glas018,Violation_201,11,Cz,7.56331,18,3.0,7.0
GLAS,glas018,Violation_201,11,CP1,7.94224,18,3.0,7.0
GLAS,glas018,Violation_201,11,CP2,8.601641,18,3.0,7.0
GLAS,glas018,Violation_201,11,P3,3.731215,18,3.0,7.0
GLAS,glas018,Violation_201,11,P4,3.479114,18,3.0,7.0
GLAS,glas018,Violation_201,11,C3,3.966592,18,3.0,7.0
GLAS,glas018,Violation_201,11,C4,0.9841232,18,3.0,7.0
GLAS,glas018,Violation_201,11,P7,9.409405,18,3.0,7.0
GLAS,glas018,Violation_201,11,P8,9.016373,18,3.0,7.0
GLAS,glas018,Violation_201,11,O1,3.245818,18,3.0,7.0
GLAS,glas018,Violation_201,11,O2,4.849973,18,3.0,7.0
GLAS,glas018,Violation_201,12,Pz,-12.25977,18,9.0,3.0
GLAS,glas018,Violation_201,12,Cz,-7.468927,18,9.0,3.0
GLAS,glas018,Violation_201,12,CP1,-16.4497,18,9.0,3.0
GLAS,glas018,Violation_201,12,CP2,-7.72621,18,9.0,3.0
GLAS,glas018,Violation_201,12,P3,-14.57832,18,9.0,3.0
GLAS,glas018,Violation_201,12,P4,-9.438029,18,9.0,3.0
GLAS,glas018,Violation_201,12,C3,-7.518932,18,9.0,3.0
GLAS,glas018,Violation_201,12,C4,-10.39407,18,9.0,3.0
GLAS,glas018,Violation_201,12,P7,-16.6182,18,9.0,3.0
GLAS,glas018,Violation_201,12,P8,-8.376566,18,9.0,3.0
GLAS,glas018,Violation_201,12,O1,-12.78305,18,9.0,3.0
GLAS,glas018,Violation_201,12,O2,-7.931365,18,9.0,3.0
GLAS,glas018,Control_202,13,Pz,21.91993,18,5.0,93.0
GLAS,glas018,Control_202,13,Cz,21.13274,18,5.0,93.0
GLAS,glas018,Control_202,13,CP1,24.27899,18,5.0,93.0
GLAS,glas018,Control_202,13,CP2,25.33781,18,5.0,93.0
GLAS,glas018,Control_202,13,P3,30.16745,18,5.0,93.0
GLAS,glas018,Control_202,13,P4,17.32313,18,5.0,93.0
GLAS,glas018,Control_202,13,C3,20.15652,18,5.0,93.0
GLAS,glas018,Control_202,13,C4,21.65413,18,5.0,93.0
GLAS,glas018,Control_202,13,P7,27.58635,18,5.0,93.0
GLAS,glas018,Control_202,13,P8,9.32354,18,5.0,93.0
GLAS,glas018,Control_202,13,O1,29.06348,18,5.0,93.0
GLAS,glas018,Control_202,13,O2,21.60629,18,5.0,93.0
GLAS,glas018,Violation_201,14,Pz,17.95609,18,1.0,0.0
GLAS,glas018,Violation_201,14,Cz,13.68496,18,1.0,0.0
GLAS,glas018,Violation_201,14,CP1,16.17563,18,1.0,0.0
GLAS,glas018,Violation_201,14,CP2,12.03115,18,1.0,0.0
GLAS,glas018,Violation_201,14,P3,20.16152,18,1.0,0.0
GLAS,glas018,Violation_201,14,P4,15.84871,18,1.0,0.0
GLAS,glas018,Violation_201,14,C3,13.75919,18,1.0,0.0
GLAS,glas018,Violation_201,14,C4,14.36537,18,1.0,0.0
GLAS,glas018,Violation_201,14,P7,13.42748,18,1.0,0.0
GLAS,glas018,Violation_201,14,P8,15.7066,18,1.0,0.0
GLAS,glas018,Violation_201,14,O1,11.09105,18,1.0,0.0
GLAS,glas018,Violation_201,14,O2,3.595452,18,1.0,0.0
GLAS,glas018,Control_202,15,Pz,-12.1881,18,14.0,90.0
GLAS,glas018,Control_202,15,Cz,-10.0583,18,14.0,90.0
GLAS,glas018,Control_202,15,CP1,-5.767483,18,14.0,90.0
GLAS,glas018,Control_202,15,CP2,-8.752271,18,14.0,90.0
GLAS,glas018,Control_202,15,P3,-15.99702,18,14.0,90.0
GLAS,glas018,Control_202,15,P4,-7.365741,18,14.0,90.0
GLAS,glas018,Control_202,15,C3,-13.11258,18,14.0,90.0
GLAS,glas018,Control_202,15,C4,-11.96909,18,14.0,90.0
GLAS,glas018,Control_202,15,P7,-7.730413,18,14.0,90.0
GLAS,glas018,Control_202,15,P8,7.275876,18,14.0,90.0
GLAS,glas018,Control_202,15,O1,-13.29658,18,14.0,90.0
GLAS,glas018,Control_202,15,O2,2.973472,18,14.0,90.0
GLAS,glas018,Control_202,16,Pz,21.38831,18,12.0,100.0
GLAS,glas018,Control_202,16,Cz,16.79246,18,12.0,100.0
GLAS,glas018,Control_202,16,CP1,17.24437,18,12.0,100.0
GLAS,glas018,Control_202,16,CP2,7.093839,18,12.0,100.0
GLAS,glas018,Control_202,16,P3,17.94624,18,12.0,100.0
GLAS,glas018,Control_202,16,P4,8.598024,18,12.0,100.0
GLAS,glas018,Control_202,16,C3,12.99007,18,12.0,100.0
GLAS,glas018,Control_202,16,C4,11.49987,18,12.0,100.0
GLAS,glas018,Control_202,16,P7,12.93784,18,12.0,100.0
GLAS,glas018,Control_202,16,P8,-1.11048,18,12.0,100.0
GLAS,glas018,Control_202,16,O1,8.033,18,12.0,100.0
GLAS,glas018,Control_202,16,O2,1.398799,18,12.0,100.0
GLAS,glas018,Violation_201,17,Pz,9.437905,18,4.0,20.0
GLAS,glas018,Violation_201,17,Cz,13.77969,18,4.0,20.0
GLAS,glas018,Violation_201,17,CP1,4.915095,18,4.0,20.0
GLAS,glas018,Violation_201,17,CP2,4.344262,18,4.0,20.0
GLAS,glas018,Violation_201,17,P3,7.692299,18,4.0,20.0
GLAS,glas018,Violation_201,17,P4,5.87489,18,4.0,20.0
GLAS,glas018,Violation_201,17,C3,14.05429,18,4.0,20.0
GLAS,glas018,Violation_201,17,C4,10.30456,18,4.0,20.0
GLAS,glas018,Violation_201,17,P7,0.02317477,18,4.0,20.0
GLAS,glas018,Violation_201,17,P8,12.57222,18,4.0,20.0
GLAS,glas018,Violation_201,17,O1,2.29509,18,4.0,20.0
GLAS,glas018,Violation_201,17,O2,0.1682562,18,4.0,20.0
GLAS,glas018,Control_202,18,Pz,9.648252,18,2.0,100.0
GLAS,glas018,Control_202,18,Cz,3.715279,18,2.0,100.0
GLAS,glas018,Control_202,18,CP1,9.548439,18,2.0,100.0
GLAS,glas018,Control_202,18,CP2,-2.366713,18,2.0,100.0
GLAS,glas018,Control_202,18,P3,12.91161,18,2.0,100.0
GLAS,glas018,Control_202,18,P4,-0.08874765,18,2.0,100.0
GLAS,glas018,Control_202,18,C3,4.501074,18,2.0,100.0
GLAS,glas018,Control_202,18,C4,0.1301279,18,2.0,100.0
GLAS,glas018,Control_202,18,P7,0.6092699,18,2.0,100.0
GLAS,glas018,Control_202,18,P8,6.553244,18,2.0,100.0
GLAS,glas018,Control_202,18,O1,-3.62562,18,2.0,100.0
GLAS,glas018,Control_202,18,O2,7.655284,18,2.0,100.0
GLAS,glas018,Violation_201,19,Pz,9.859739,18,6.0,0.0
GLAS,glas018,Violation_201,19,Cz,7.696159,18,6.0,0.0
GLAS,glas018,Violation_201,19,CP1,18.14713,18,6.0,0.0
GLAS,glas018,Violation_201,19,CP2,15.09953,18,6.0,0.0
GLAS,glas018,Violation_201,19,P3,17.66503,18,6.0,0.0
GLAS,glas018,Violation_201,19,P4,3.315635,18,6.0,0.0
GLAS,glas018,Violation_201,19,C3,4.927406,18,6.0,0.0
GLAS,glas018,Violation_201,19,C4,3.504799,18,6.0,0.0
GLAS,glas018,Violation_201,19,P7,25.27269,18,6.0,0.0
GLAS,glas018,Violation_201,19,P8,11.78111,18,6.0,0.0
GLAS,glas018,Violation_201,19,O1,13.73642,18,6.0,0.0
GLAS,glas018,Violation_201,19,O2,6.976974,18,6.0,0.0
GLAS,glas018,Violation_201,20,Pz,-5.739177,18,16.0,0.0
GLAS,glas018,Violation_201,20,Cz,-9.168122,18,16.0,0.0
GLAS,glas018,Violation_201,20,CP1,-8.734885,18,16.0,0.0
GLAS,glas018,Violation_201,20,CP2,-2.666246,18,16.0,0.0
GLAS,glas018,Violation_201,20,P3,-4.416298,18,16.0,0.0
GLAS,glas018,Violation_201,20,P4,-3.03924,18,16.0,0.0
GLAS,glas018,Violation_201,20,C3,-5.388108,18,16.0,0.0
GLAS,glas018,Violation_201,20,C4,-1.392575,18,16.0,0.0
GLAS,glas018,Violation_201,20,P7,1.529543,18,16.0,0.0
GLAS,glas018,Violation_201,20,P8,-9.381223,18,16.0,0.0
GLAS,glas018,Violation_201,20,O1,5.233856,18,16.0,0.0
GLAS,glas018,Violation_201,20,O2,0.657656,18,16.0,0.0
GLAS,glas018,Control_202,21,Pz,15.73327,18,21.0,77.0
GLAS,glas018,Control_202,21,Cz,11.92084,18,21.0,77.0
GLAS,glas018,Control_202,21,CP1,13.02224,18,21.0,77.0
GLAS,glas018,Control_202,21,CP2,13.53397,18,21.0,77.0
GLAS,glas018,Control_202,21,P3,15.84301,18,21.0,77.0
GLAS,glas018,Control_202,21,P4,16.25873,18,21.0,77.0
GLAS,glas018,Control_202,21,C3,10.61021,18,21.0,77.0
GLAS,glas018,Control_202,21,C4,16.3493,18,21.0,77.0
GLAS,glas018,Control_202,21,P7,15.57543,18,21.0,77.0
GLAS,glas018,Control_202,21,P8,18.3033,18,21.0,77.0
GLAS,glas018,Control_202,21,O1,14.18438,18,21.0,77.0
GLAS,glas018,Control_202,21,O2,-0.5319222,18,21.0,77.0
GLAS,glas018,Control_202,22,Pz,-4.412952,18,24.0,93.0
GLAS,glas018,Control_202,22,Cz,-3.986708,18,24.0,93.0
GLAS,glas018,Control_202,22,CP1,-3.890833,18,24.0,93.0
GLAS,glas018,Control_202,22,CP2,-7.950093,18,24.0,93.0
GLAS,glas018,Control_202,22,P3,-7.70311,18,24.0,93.0
GLAS,glas018,Control_202,22,P4,-4.98528,18,24.0,93.0
GLAS,glas018,Control_202,22,C3,-3.44854,18,24.0,93.0
GLAS,glas018,Control_202,22,C4,-7.113109,18,24.0,93.0
GLAS,glas018,Control_202,22,P7,-9.562749,18,24.0,93.0
GLAS,glas018,Control_202,22,P8,6.665281,18,24.0,93.0
GLAS,glas018,Control_202,22,O1,-4.249618,18,24.0,93.0
GLAS,glas018,Control_202,22,O2,-8.046829,18,24.0,93.0
GLAS,glas018,Control_202,23,Pz,28.33185,18,25.0,97.0
GLAS,glas018,Control_202,23,Cz,26.8,18,25.0,97.0
GLAS,glas018,Control_202,23,CP1,25.57999,18,25.0,97.0
GLAS,glas018,Control_202,23,CP2,24.96455,18,25.0,97.0
GLAS,glas018,Control_202,23,P3,34.79821,18,25.0,97.0
GLAS,glas018,Control_202,23,P4,23.9175,18,25.0,97.0
GLAS,glas018,Control_202,23,C3,26.01507,18,25.0,97.0
GLAS,glas018,Control_202,23,C4,24.843,18,25.0,97.0
GLAS,glas018,Control_202,23,P7,30.68628,18,25.0,97.0
GLAS,glas018,Control_202,23,P8,27.90641,18,25.0,97.0
GLAS,glas018,Control_202,23,O1,31.0792,18,25.0,97.0
GLAS,glas018,Control_202,23,O2,25.21075,18,25.0,97.0
GLAS,glas018,Control_202,24,Pz,10.2526,18,27.0,97.0
GLAS,glas018,Control_202,24,Cz,8.013242,18,27.0,97.0
GLAS,glas018,Control_202,24,CP1,16.01592,18,27.0,97.0
GLAS,glas018,Control_202,24,CP2,6.8941,18,27.0,97.0
GLAS,glas018,Control_202,24,P3,10.22152,18,27.0,97.0
GLAS,glas018,Control_202,24,P4,10.50429,18,27.0,97.0
GLAS,glas018,Control_202,24,C3,9.164376,18,27.0,97.0
GLAS,glas018,Control_202,24,C4,11.77941,18,27.0,97.0
GLAS,glas018,Control_202,24,P7,9.518364,18,27.0,97.0
GLAS,glas018,Control_202,24,P8,11.91103,18,27.0,97.0
GLAS,glas018,Control_202,24,O1,5.127922,18,27.0,97.0
GLAS,glas018,Control_202,24,O2,3.929387,18,27.0,97.0
GLAS,glas018,Violation_201,25,Pz,12.07337,18,38.0,0.0
GLAS,glas018,Violation_201,25,Cz,10.63029,18,38.0,0.0
GLAS,glas018,Violation_201,25,CP1,15.08383,18,38.0,0.0
GLAS,glas018,Violation_201,25,CP2,11.50428,18,38.0,0.0
GLAS,glas018,Violation_201,25,P3,10.30469,18,38.0,0.0
GLAS,glas018,Violation_201,25,P4,15.6004,18,38.0,0.0
GLAS,glas018,Violation_201,25,C3,14.3552,18,38.0,0.0
GLAS,glas018,Violation_201,25,C4,18.06741,18,38.0,0.0
GLAS,glas018,Violation_201,25,P7,16.78227,18,38.0,0.0
GLAS,glas018,Violation_201,25,P8,0.9601544,18,38.0,0.0
GLAS,glas018,Violation_201,25,O1,14.8364,18,38.0,0.0
GLAS,glas018,Violation_201,25,O2,7.964123,18,38.0,0.0
GLAS,glas018,Violation_201,26,Pz,2.482229,18,28.0,67.0
GLAS,glas018,Violation_201,26,Cz,4.977691,18,28.0,67.0
GLAS,glas018,Violation_201,26,CP1,5.932158,18,28.0,67.0
GLAS,glas018,Violation_201,26,CP2,11.89186,18,28.0,67.0
GLAS,glas018,Violation_201,26,P3,-3.209275,18,28.0,67.0
GLAS,glas018,Violation_201,26,P4,6.877906,18,28.0,67.0
GLAS,glas018,Violation_201,26,C3,4.517938,18,28.0,67.0
GLAS,glas018,Violation_201,26,C4,15.34451,18,28.0,67.0
GLAS,glas018,Violation_201,26,P7,4.903027,18,28.0,67.0
GLAS,glas018,Violation_201,26,P8,15.34461,18,28.0,67.0
GLAS,glas018,Violation_201,26,O1,3.178718,18,28.0,67.0
GLAS,glas018,Violation_201,26,O2,6.444479,18,28.0,67.0
GLAS,glas018,Control_202,27,Pz,11.14532,18,40.0,93.0
GLAS,glas018,Control_202,27,Cz,9.207578,18,40.0,93.0
GLAS,glas018,Control_202,27,CP1,15.80236,18,40.0,93.0
GLAS,glas018,Control_202,27,CP2,13.9193,18,40.0,93.0
GLAS,glas018,Control_202,27,P3,17.07596,18,40.0,93.0
GLAS,glas018,Control_202,27,P4,9.115902,18,40.0,93.0
GLAS,glas018,Control_202,27,C3,6.328457,18,40.0,93.0
GLAS,glas018,Control_202,27,C4,5.116202,18,40.0,93.0
GLAS,glas018,Control_202,27,P7,24.79955,18,40.0,93.0
GLAS,glas018,Control_202,27,P8,7.96029,18,40.0,93.0
GLAS,glas018,Control_202,27,O1,18.83726,18,40.0,93.0
GLAS,glas018,Control_202,27,O2,14.92095,18,40.0,93.0
GLAS,glas018,Violation_201,28,Pz,16.09147,18,31.0,0.0
GLAS,glas018,Violation_201,28,Cz,13.92701,18,31.0,0.0
GLAS,glas018,Violation_201,28,CP1,14.20036,18,31.0,0.0
GLAS,glas018,Violation_201,28,CP2,0.1580011,18,31.0,0.0
GLAS,glas018,Violation_201,28,P3,19.61281,18,31.0,0.0
GLAS,glas018,Violation_201,28,P4,6.215896,18,31.0,0.0
GLAS,glas018,Violation_201,28,C3,13.43668,18,31.0,0.0
GLAS,glas018,Violation_201,28,C4,10.30387,18,31.0,0.0
GLAS,glas018,Violation_201,28,P7,17.65042,18,31.0,0.0
GLAS,glas018,Violation_201,28,P8,3.034744,18,31.0,0.0
GLAS,glas018,Violation_201,28,O1,14.51794,18,31.0,0.0
GLAS,glas018,Violation_201,28,O2,1.615052,18,31.0,0.0
GLAS,glas018,Control_202,29,Pz,-23.28731,18,22.0,53.0
GLAS,glas018,Control_202,29,Cz,-23.7542,18,22.0,53.0
GLAS,glas018,Control_202,29,CP1,-23.04508,18,22.0,53.0
GLAS,glas018,Control_202,29,CP2,-23.67764,18,22.0,53.0
GLAS,glas018,Control_202,29,P3,-22.7495,18,22.0,53.0
GLAS,glas018,Control_202,29,P4,-22.29211,18,22.0,53.0
GLAS,glas018,Control_202,29,C3,-23.42305,18,22.0,53.0
GLAS,glas018,Control_202,29,C4,-23.82679,18,22.0,53.0
GLAS,glas018,Control_202,29,P7,-31.34692,18,22.0,53.0
GLAS,glas018,Control_202,29,P8,-24.2816,18,22.0,53.0
GLAS,glas018,Control_202,29,O1,-24.44631,18,22.0,53.0
GLAS,glas018,Control_202,29,O2,-12.90207,18,22.0,53.0
GLAS,glas018,Violation_201,30,Pz,11.3331,18,34.0,30.0
GLAS,glas018,Violation_201,30,Cz,12.56571,18,34.0,30.0
GLAS,glas018,Violation_201,30,CP1,5.737528,18,34.0,30.0
GLAS,glas018,Violation_201,30,CP2,-2.805378,18,34.0,30.0
GLAS,glas018,Violation_201,30,P3,9.885731,18,34.0,30.0
GLAS,glas018,Violation_201,30,P4,6.552376,18,34.0,30.0
GLAS,glas018,Violation_201,30,C3,14.2702,18,34.0,30.0
GLAS,glas018,Violation_201,30,C4,16.07893,18,34.0,30.0
GLAS,glas018,Violation_201,30,P7,7.764092,18,34.0,30.0
GLAS,glas018,Violation_201,30,P8,4.594616,18,34.0,30.0
GLAS,glas018,Violation_201,30,O1,2.506404,18,34.0,30.0
GLAS,glas018,Violation_201,30,O2,1.698439,18,34.0,30.0
GLAS,glas019,Control_202,1,Pz,6.593509,19,7.0,80.0
GLAS,glas019,Control_202,1,Cz,5.553031,19,7.0,80.0
GLAS,glas019,Control_202,1,CP1,-1.71116,19,7.0,80.0
GLAS,glas019,Control_202,1,CP2,5.093658,19,7.0,80.0
GLAS,glas019,Control_202,1,P3,6.243142,19,7.0,80.0
GLAS,glas019,Control_202,1,P4,8.045048,19,7.0,80.0
GLAS,glas019,Control_202,1,C3,6.194437,19,7.0,80.0
GLAS,glas019,Control_202,1,C4,5.262485,19,7.0,80.0
GLAS,glas019,Control_202,1,P7,1.320214,19,7.0,80.0
GLAS,glas019,Control_202,1,P8,6.608293,19,7.0,80.0
GLAS,glas019,Control_202,1,O1,4.623245,19,7.0,80.0
GLAS,glas019,Control_202,1,O2,8.195527,19,7.0,80.0
GLAS,glas019,Violation_201,2,Pz,-14.55095,19,4.0,20.0
GLAS,glas019,Violation_201,2,Cz,-19.95684,19,4.0,20.0
GLAS,glas019,Violation_201,2,CP1,-17.07877,19,4.0,20.0
GLAS,glas019,Violation_201,2,CP2,-12.82652,19,4.0,20.0
GLAS,glas019,Violation_201,2,P3,-16.26635,19,4.0,20.0
GLAS,glas019,Violation_201,2,P4,-13.95207,19,4.0,20.0
GLAS,glas019,Violation_201,2,C3,-15.93237,19,4.0,20.0
GLAS,glas019,Violation_201,2,C4,-15.42018,19,4.0,20.0
GLAS,glas019,Violation_201,2,P7,-11.93796,19,4.0,20.0
GLAS,glas019,Violation_201,2,P8,-16.33331,19,4.0,20.0
GLAS,glas019,Violation_201,2,O1,-15.93632,19,4.0,20.0
GLAS,glas019,Violation_201,2,O2,-27.83368,19,4.0,20.0
GLAS,glas019,Control_202,3,Pz,-1.89166,19,15.0,90.0
GLAS,glas019,Control_202,3,Cz,-1.731673,19,15.0,90.0
GLAS,glas019,Control_202,3,CP1,2.988565,19,15.0,90.0
GLAS,glas019,Control_202,3,CP2,19.95342,19,15.0,90.0
GLAS,glas019,Control_202,3,P3,-5.599064,19,15.0,90.0
GLAS,glas019,Control_202,3,P4,0.4938596,19,15.0,90.0
GLAS,glas019,Control_202,3,C3,-0.4937386,19,15.0,90.0
GLAS,glas019,Control_202,3,C4,-0.6283261,19,15.0,90.0
GLAS,glas019,Control_202,3,P7,0.5929533,19,15.0,90.0
GLAS,glas019,Control_202,3,P8,2.991884,19,15.0,90.0
GLAS,glas019,Control_202,3,O1,0.2432455,19,15.0,90.0
GLAS,glas019,Control_202,3,O2,5.912195,19,15.0,90.0
GLAS,glas019,Control_202,4,Pz,-9.364797,19,18.0,87.0
GLAS,glas019,Control_202,4,Cz,-12.48693,19,18.0,87.0
GLAS,glas019,Control_202,4,CP1,-9.090737,19,18.0,87.0
GLAS,glas019,Control_202,4,CP2,-14.15685,19,18.0,87.0
GLAS,glas019,Control_202,4,P3,-10.60857,19,18.0,87.0
GLAS,glas019,Control_202,4,P4,-10.06647,19,18.0,87.0
GLAS,glas019,Control_202,4,C3,-9.391031,19,18.0,87.0
GLAS,glas019,Control_202,4,C4,-9.672549,19,18.0,87.0
GLAS,glas019,Control_202,4,P7,-16.91822,19,18.0,87.0
GLAS,glas019,Control_202,4,P8,-11.53098,19,18.0,87.0
GLAS,glas019,Control_202,4,O1,-13.69471,19,18.0,87.0
GLAS,glas019,Control_202,4,O2,-6.369426,19,18.0,87.0
GLAS,glas019,Violation_201,5,Pz,5.825493,19,3.0,7.0
GLAS,glas019,Violation_201,5,Cz,10.22261,19,3.0,7.0
GLAS,glas019,Violation_201,5,CP1,0.1431833,19,3.0,7.0
GLAS,glas019,Violation_201,5,CP2,-6.313096,19,3.0,7.0
GLAS,glas019,Violation_201,5,P3,0.4021758,19,3.0,7.0
GLAS,glas019,Violation_201,5,P4,6.725753,19,3.0,7.0
GLAS,glas019,Violation_201,5,C3,6.529602,19,3.0,7.0
GLAS,glas019,Violation_201,5,C4,7.261535,19,3.0,7.0
GLAS,glas019,Violation_201,5,P7,14.20186,19,3.0,7.0
GLAS,glas019,Violation_201,5,P8,4.685433,19,3.0,7.0
GLAS,glas019,Violation_201,5,O1,-2.933849,19,3.0,7.0
GLAS,glas019,Violation_201,5,O2,-12.29214,19,3.0,7.0
GLAS,glas019,Control_202,6,Pz,14.21944,19,20.0,90.0
GLAS,glas019,Control_202,6,Cz,18.02927,19,20.0,90.0
GLAS,glas019,Control_202,6,CP1,23.23021,19,20.0,90.0
GLAS,glas019,Control_202,6,CP2,3.462538,19,20.0,90.0
GLAS,glas019,Control_202,6,P3,13.94586,19,20.0,90.0
GLAS,glas019,Control_202,6,P4,12.63142,19,20.0,90.0
GLAS,glas019,Control_202,6,C3,14.11989,19,20.0,90.0
GLAS,glas019,Control_202,6,C4,13.03325,19,20.0,90.0
GLAS,glas019,Control_202,6,P7,10.04599,19,20.0,90.0
GLAS,glas019,Control_202,6,P8,11.35142,19,20.0,90.0
GLAS,glas019,Control_202,6,O1,11.4818,19,20.0,90.0
GLAS,glas019,Control_202,6,O2,14.38276,19,20.0,90.0
GLAS,glas019,Violation_201,7,Pz,-2.869737,19,13.0,0.0
GLAS,glas019,Violation_201,7,Cz,-0.3318568,19,13.0,0.0
GLAS,glas019,Violation_201,7,CP1,-2.275859,19,13.0,0.0
GLAS,glas019,Violation_201,7,CP2,-3.321811,19,13.0,0.0
GLAS,glas019,Violation_201,7,P3,-0.997799,19,13.0,0.0
GLAS,glas019,Violation_201,7,P4,-1.086735,19,13.0,0.0
GLAS,glas019,Violation_201,7,C3,-2.467416,19,13.0,0.0
GLAS,glas019,Violation_201,7,C4,-0.6878291,19,13.0,0.0
GLAS,glas019,Violation_201,7,P7,1.270213,19,13.0,0.0
GLAS,glas019,Violation_201,7,P8,-0.8457405,19,13.0,0.0
GLAS,glas019,Violation_201,7,O1,-4.689708,19,13.0,0.0
GLAS,glas019,Violation_201,7,O2,-24.34551,19,13.0,0.0
GLAS,glas019,Control_202,8,Pz,1.520762,19,19.0,100.0
GLAS,glas019,Control_202,8,Cz,0.5920054,19,19.0,100.0
GLAS,glas019,Control_202,8,CP1,-4.295578,19,19.0,100.0
GLAS,glas019,Control_202,8,CP2,1.735993,19,19.0,100.0
GLAS,glas019,Control_202,8,P3,-2.801322,19,19.0,100.0
GLAS,glas019,Control_202,8,P4,-0.6176013,19,19.0,100.0
GLAS,glas019,Control_202,8,C3,1.801633,19,19.0,100.0
GLAS,glas019,Control_202,8,C4,0.04080457,19,19.0,100.0
GLAS,glas019,Control_202,8,P7,-8.146955,19,19.0,100.0
GLAS,glas019,Control_202,8,P8,-2.568291,19,19.0,100.0
GLAS,glas019,Control_202,8,O1,-3.794029,19,19.0,100.0
GLAS,glas019,Control_202,8,O2,0.4131513,19,19.0,100.0
GLAS,glas019,Violation_201,9,Pz,6.094335,19,12.0,13.0
GLAS,glas019,Violation_201,9,Cz,9.80554,19,12.0,13.0
GLAS,glas019,Violation_201,9,CP1,-2.81841,19,12.0,13.0
GLAS,glas019,Violation_201,9,CP2,-13.91167,19,12.0,13.0
GLAS,glas019,Violation_201,9,P3,-2.256552,19,12.0,13.0
GLAS,glas019,Violation_201,9,P4,1.853041,19,12.0,13.0
GLAS,glas019,Violation_201,9,C3,6.501561,19,12.0,13.0
GLAS,glas019,Violation_201,9,C4,3.282522,19,12.0,13.0
GLAS,glas019,Violation_201,9,P7,6.986124,19,12.0,13.0
GLAS,glas019,Violation_201,9,P8,4.457645,19,12.0,13.0
GLAS,glas019,Violation_201,9,O1,-8.946829,19,12.0,13.0
GLAS,glas019,Violation_201,9,O2,8.208453,19,12.0,13.0
GLAS,glas019,Violation_201,10,Pz,6.942072,19,2.0,3.0
GLAS,glas019,Violation_201,10,Cz,5.660141,19,2.0,3.0
GLAS,glas019,Violation_201,10,CP1,3.310466,19,2.0,3.0
GLAS,glas019,Violation_201,10,CP2,22.03972,19,2.0,3.0
GLAS,glas019,Violation_201,10,P3,6.368273,19,2.0,3.0
GLAS,glas019,Violation_201,10,P4,8.439926,19,2.0,3.0
GLAS,glas019,Violation_201,10,C3,6.541457,19,2.0,3.0
GLAS,glas019,Violation_201,10,C4,5.315516,19,2.0,3.0
GLAS,glas019,Violation_201,10,P7,0.5622698,19,2.0,3.0
GLAS,glas019,Violation_201,10,P8,7.023482,19,2.0,3.0
GLAS,glas019,Violation_201,10,O1,6.71838,19,2.0,3.0
GLAS,glas019,Violation_201,10,O2,19.57478,19,2.0,3.0
GLAS,glas019,Violation_201,11,Pz,-9.233218,19,10.0,3.0
GLAS,glas019,Violation_201,11,Cz,-6.076773,19,10.0,3.0
GLAS,glas019,Violation_201,11,CP1,-10.42038,19,10.0,3.0
GLAS,glas019,Violation_201,11,CP2,-15.56717,19,10.0,3.0
GLAS,glas019,Violation_201,11,P3,-3.643901,19,10.0,3.0
GLAS,glas019,Violation_201,11,P4,-10.82021,19,10.0,3.0
GLAS,glas019,Violation_201,11,C3,-10.39735,19,10.0,3.0
GLAS,glas019,Violation_201,11,C4,-9.590807,19,10.0,3.0
GLAS,glas019,Violation_201,11,P7,-8.741111,19,10.0,3.0
GLAS,glas019,Violation_201,11,P8,-11.84178,19,10.0,3.0
GLAS,glas019,Violation_201,11,O1,-8.781829,19,10.0,3.0
GLAS,glas019,Violation_201,11,O2,-26.01608,19,10.0,3.0
GLAS,glas019,Control_202,12,Pz,-13.20291,19,11.0,87.0
GLAS,glas019,Control_202,12,Cz,-13.27877,19,11.0,87.0
GLAS,glas019,Control_202,12,CP1,-21.58935,19,11.0,87.0
GLAS,glas019,Control_202,12,CP2,-6.717305,19,11.0,87.0
GLAS,glas019,Control_202,12,P3,-14.80428,19,11.0,87.0
GLAS,glas019,Control_202,12,P4,-14.07481,19,11.0,87.0
GLAS,glas019,Control_202,12,C3,-13.03936,19,11.0,87.0
GLAS,glas019,Control_202,12,C4,-12.29399,19,11.0,87.0
GLAS,glas019,Control_202,12,P7,-22.03894,19,11.0,87.0
GLAS,glas019,Control_202,12,P8,-13.30598,19,11.0,87.0
GLAS,glas019,Control_202,12,O1,-22.42076,19,11.0,87.0
GLAS,glas019,Control_202,12,O2,-17.61054,19,11.0,87.0
GLAS,glas019,Violation_201,13,Pz,5.862156,19,16.0,0.0
GLAS,glas019,Violation_201,13,Cz,11.09255,19,16.0,0.0
GLAS,glas019,Violation_201,13,CP1,0.9495644,19,16.0,0.0
GLAS,glas019,Violation_201,13,CP2,8.801459,19,16.0,0.0
GLAS,glas019,Violation_201,13,P3,3.066769,19,16.0,0.0
GLAS,glas019,Violation_201,13,P4,8.11722,19,16.0,0.0
GLAS,glas019,Violation_201,13,C3,7.170154,19,16.0,0.0
GLAS,glas019,Violation_201,13,C4,7.51196,19,16.0,0.0
GLAS,glas019,Violation_201,13,P7,-0.4110191,19,16.0,0.0
GLAS,glas019,Violation_201,13,P8,7.328286,19,16.0,0.0
GLAS,glas019,Violation_201,13,O1,0.7168152,19,16.0,0.0
GLAS,glas019,Violation_201,13,O2,21.57604,19,16.0,0.0
GLAS,glas019,Violation_201,14,Pz,6.42014,19,6.0,0.0
GLAS,glas019,Violation_201,14,Cz,6.37256,19,6.0,0.0
GLAS,glas019,Violation_201,14,CP1,15.92776,19,6.0,0.0
GLAS,glas019,Violation_201,14,CP2,4.828184,19,6.0,0.0
GLAS,glas019,Violation_201,14,P3,8.708647,19,6.0,0.0
GLAS,glas019,Violation_201,14,P4,3.387672,19,6.0,0.0
GLAS,glas019,Violation_201,14,C3,5.375683,19,6.0,0.0
GLAS,glas019,Violation_201,14,C4,4.345475,19,6.0,0.0
GLAS,glas019,Violation_201,14,P7,-5.298965,19,6.0,0.0
GLAS,glas019,Violation_201,14,P8,0.7761502,19,6.0,0.0
GLAS,glas019,Violation_201,14,O1,1.437773,19,6.0,0.0
GLAS,glas019,Violation_201,14,O2,-15.40575,19,6.0,0.0
GLAS,glas019,Control_202,15,Pz,-4.414138,19,17.0,62.0
GLAS,glas019,Control_202,15,Cz,-7.500748,19,17.0,62.0
GLAS,glas019,Control_202,15,CP1,-12.09789,19,17.0,62.0
GLAS,glas019,Control_202,15,CP2,-1.562581,19,17.0,62.0
GLAS,glas019,Control_202,15,P3,-12.3742,19,17.0,62.0
GLAS,glas019,Control_202,15,P4,-4.158949,19,17.0,62.0
GLAS,glas019,Control_202,15,C3,-2.850065,19,17.0,62.0
GLAS,glas019,Control_202,15,C4,-3.488195,19,17.0,62.0
GLAS,glas019,Control_202,15,P7,-12.5199,19,17.0,62.0
GLAS,glas019,Control_202,15,P8,-1.979871,19,17.0,62.0
GLAS,glas019,Control_202,15,O1,-7.138855,19,17.0,62.0
GLAS,glas019,Control_202,15,O2,-3.015456,19,17.0,62.0
GLAS,glas019,Control_202,16,Pz,7.266037,19,1.0,97.0
GLAS,glas019,Control_202,16,Cz,8.269369,19,1.0,97.0
GLAS,glas019,Control_202,16,CP1,8.927455,19,1.0,97.0
GLAS,glas019,Control_202,16,CP2,14.35805,19,1.0,97.0
GLAS,glas019,Control_202,16,P3,6.935229,19,1.0,97.0
GLAS,glas019,Control_202,16,P4,4.536129,19,1.0,97.0
GLAS,glas019,Control_202,16,C3,6.902471,19,1.0,97.0
GLAS,glas019,Control_202,16,C4,5.587936,19,1.0,97.0
GLAS,glas019,Control_202,16,P7,1.439171,19,1.0,97.0
GLAS,glas019,Control_202,16,P8,3.84748,19,1.0,97.0
GLAS,glas019,Control_202,16,O1,-0.6728109,19,1.0,97.0
GLAS,glas019,Control_202,16,O2,-4.601385,19,1.0,97.0
GLAS,glas019,Violation_201,17,Pz,19.69792,19,8.0,34.0
GLAS,glas019,Violation_201,17,Cz,15.69088,19,8.0,34.0
GLAS,glas019,Violation_201,17,CP1,19.04834,19,8.0,34.0
GLAS,glas019,Violation_201,17,CP2,33.42154,19,8.0,34.0
GLAS,glas019,Violation_201,17,P3,22.94198,19,8.0,34.0
GLAS,glas019,Violation_201,17,P4,20.83315,19,8.0,34.0
GLAS,glas019,Violation_201,17,C3,20.02954,19,8.0,34.0
GLAS,glas019,Violation_201,17,C4,20.3011,19,8.0,34.0
GLAS,glas019,Violation_201,17,P7,18.70601,19,8.0,34.0
GLAS,glas019,Violation_201,17,P8,20.97544,19,8.0,34.0
GLAS,glas019,Violation_201,17,O1,20.31534,19,8.0,34.0
GLAS,glas019,Violation_201,17,O2,22.71825,19,8.0,34.0
GLAS,glas019,Control_202,18,Pz,9.75762,19,14.0,90.0
GLAS,glas019,Control_202,18,Cz,13.0952,19,14.0,90.0
GLAS,glas019,Control_202,18,CP1,10.25535,19,14.0,90.0
GLAS,glas019,Control_202,18,CP2,3.641363,19,14.0,90.0
GLAS,glas019,Control_202,18,P3,5.147595,19,14.0,90.0
GLAS,glas019,Control_202,18,P4,10.22358,19,14.0,90.0
GLAS,glas019,Control_202,18,C3,9.858122,19,14.0,90.0
GLAS,glas019,Control_202,18,C4,9.718194,19,14.0,90.0
GLAS,glas019,Control_202,18,P7,2.235887,19,14.0,90.0
GLAS,glas019,Control_202,18,P8,7.446728,19,14.0,90.0
GLAS,glas019,Control_202,18,O1,3.310047,19,14.0,90.0
GLAS,glas019,Control_202,18,O2,21.28022,19,14.0,90.0
GLAS,glas019,Control_202,19,Pz,12.15031,19,9.0,93.0
GLAS,glas019,Control_202,19,Cz,10.54584,19,9.0,93.0
GLAS,glas019,Control_202,19,CP1,17.99333,19,9.0,93.0
GLAS,glas019,Control_202,19,CP2,13.47,19,9.0,93.0
GLAS,glas019,Control_202,19,P3,8.613587,19,9.0,93.0
GLAS,glas019,Control_202,19,P4,13.72488,19,9.0,93.0
GLAS,glas019,Control_202,19,C3,12.05198,19,9.0,93.0
GLAS,glas019,Control_202,19,C4,13.10682,19,9.0,93.0
GLAS,glas019,Control_202,19,P7,7.330236,19,9.0,93.0
GLAS,glas019,Control_202,19,P8,11.561,19,9.0,93.0
GLAS,glas019,Control_202,19,O1,8.81749,19,9.0,93.0
GLAS,glas019,Control_202,19,O2,21.64116,19,9.0,93.0
GLAS,glas019,Control_202,20,Pz,-20.41975,19,5.0,93.0
GLAS,glas019,Control_202,20,Cz,-21.79398,19,5.0,93.0
GLAS,glas019,Control_202,20,CP1,-27.72824,19,5.0,93.0
GLAS,glas019,Control_202,20,CP2,-30.77136,19,5.0,93.0
GLAS,glas019,Control_202,20,P3,-18.49118,19,5.0,93.0
GLAS,glas019,Control_202,20,P4,-18.32692,19,5.0,93.0
GLAS,glas019,Control_202,20,C3,-19.58562,19,5.0,93.0
GLAS,glas019,Control_202,20,C4,-17.19396,19,5.0,93.0
GLAS,glas019,Control_202,20,P7,-31.55264,19,5.0,93.0
GLAS,glas019,Control_202,20,P8,-14.3712,19,5.0,93.0
GLAS,glas019,Control_202,20,O1,-25.48262,19,5.0,93.0
GLAS,glas019,Control_202,20,O2,-6.584088,19,5.0,93.0
GLAS,glas019,Violation_201,21,Pz,17.93995,19,34.0,30.0
GLAS,glas019,Violation_201,21,Cz,18.20226,19,34.0,30.0
GLAS,glas019,Violation_201,21,CP1,11.91061,19,34.0,30.0
GLAS,glas019,Violation_201,21,CP2,2.173148,19,34.0,30.0
GLAS,glas019,Violation_201,21,P3,16.9838,19,34.0,30.0
GLAS,glas019,Violation_201,21,P4,12.46091,19,34.0,30.0
GLAS,glas019,Violation_201,21,C3,17.83666,19,34.0,30.0
GLAS,glas019,Violation_201,21,C4,15.15491,19,34.0,30.0
GLAS,glas019,Violation_201,21,P7,13.13291,19,34.0,30.0
GLAS,glas019,Violation_201,21,P8,12.2114,19,34.0,30.0
GLAS,glas019,Violation_201,21,O1,18.67035,19,34.0,30.0
GLAS,glas019,Violation_201,21,O2,-16.59969,19,34.0,30.0
GLAS,glas019,Violation_201,22,Pz,6.567245,19,28.0,67.0
GLAS,glas019,Violation_201,22,Cz,7.69724,19,28.0,67.0
GLAS,glas019,Violation_201,22,CP1,-2.774264,19,28.0,67.0
GLAS,glas019,Violation_201,22,CP2,10.17762,19,28.0,67.0
GLAS,glas019,Violation_201,22,P3,2.552416,19,28.0,67.0
GLAS,glas019,Violation_201,22,P4,8.232141,19,28.0,67.0
GLAS,glas019,Violation_201,22,C3,6.848185,19,28.0,67.0
GLAS,glas019,Violation_201,22,C4,6.640415,19,28.0,67.0
GLAS,glas019,Violation_201,22,P7,1.793059,19,28.0,67.0
GLAS,glas019,Violation_201,22,P8,9.423374,19,28.0,67.0
GLAS,glas019,Violation_201,22,O1,3.873852,19,28.0,67.0
GLAS,glas019,Violation_201,22,O2,7.608922,19,28.0,67.0
GLAS,glas019,Control_202,23,Pz,7.836779,19,22.0,53.0
GLAS,glas019,Control_202,23,Cz,7.886529,19,22.0,53.0
GLAS,glas019,Control_202,23,CP1,8.862901,19,22.0,53.0
GLAS,glas019,Control_202,23,CP2,15.1676,19,22.0,53.0
GLAS,glas019,Control_202,23,P3,9.51507,19,22.0,53.0
GLAS,glas019,Control_202,23,P4,7.705981,19,22.0,53.0
GLAS,glas019,Control_202,23,C3,7.179042,19,22.0,53.0
GLAS,glas019,Control_202,23,C4,6.898206,19,22.0,53.0
GLAS,glas019,Control_202,23,P7,5.446497,19,22.0,53.0
GLAS,glas019,Control_202,23,P8,7.405498,19,22.0,53.0
GLAS,glas019,Control_202,23,O1,10.01188,19,22.0,53.0
GLAS,glas019,Control_202,23,O2,5.024324,19,22.0,53.0
GLAS,glas019,Violation_201,24,Pz,10.64306,19,39.0,0.0
GLAS,glas019,Violation_201,24,Cz,11.99681,19,39.0,0.0
GLAS,glas019,Violation_201,24,CP1,1.004266,19,39.0,0.0
GLAS,glas019,Violation_201,24,CP2,13.43491,19,39.0,0.0
GLAS,glas019,Violation_201,24,P3,4.855555,19,39.0,0.0
GLAS,glas019,Violation_201,24,P4,9.206861,19,39.0,0.0
GLAS,glas019,Violation_201,24,C3,11.39871,19,39.0,0.0
GLAS,glas019,Violation_201,24,C4,9.201998,19,39.0,0.0
GLAS,glas019,Violation_201,24,P7,3.920086,19,39.0,0.0
GLAS,glas019,Violation_201,24,P8,8.36826,19,39.0,0.0
GLAS,glas019,Violation_201,24,O1,5.205078,19,39.0,0.0
GLAS,glas019,Violation_201,24,O2,19.28905,19,39.0,0.0
GLAS,glas019,Violation_201,25,Pz,11.02595,19,21.0,3.0
GLAS,glas019,Violation_201,25,Cz,6.195789,19,21.0,3.0
GLAS,glas019,Violation_201,25,CP1,6.561327,19,21.0,3.0
GLAS,glas019,Violation_201,25,CP2,20.5476,19,21.0,3.0
GLAS,glas019,Violation_201,25,P3,16.9464,19,21.0,3.0
GLAS,glas019,Violation_201,25,P4,13.87978,19,21.0,3.0
GLAS,glas019,Violation_201,25,C3,10.57068,19,21.0,3.0
GLAS,glas019,Violation_201,25,C4,10.58548,19,21.0,3.0
GLAS,glas019,Violation_201,25,P7,20.27396,19,21.0,3.0
GLAS,glas019,Violation_201,25,P8,14.77688,19,21.0,3.0
GLAS,glas019,Violation_201,25,O1,23.00155,19,21.0,3.0
GLAS,glas019,Violation_201,25,O2,27.3878,19,21.0,3.0
GLAS,glas019,Violation_201,26,Pz,10.21437,19,26.0,0.0
GLAS,glas019,Violation_201,26,Cz,11.91986,19,26.0,0.0
GLAS,glas019,Violation_201,26,CP1,10.54677,19,26.0,0.0
GLAS,glas019,Violation_201,26,CP2,14.2551,19,26.0,0.0
GLAS,glas019,Violation_201,26,P3,14.67777,19,26.0,0.0
GLAS,glas019,Violation_201,26,P4,8.014627,19,26.0,0.0
GLAS,glas019,Violation_201,26,C3,9.186018,19,26.0,0.0
GLAS,glas019,Violation_201,26,C4,8.802256,19,26.0,0.0
GLAS,glas019,Violation_201,26,P7,16.60508,19,26.0,0.0
GLAS,glas019,Violation_201,26,P8,7.9918,19,26.0,0.0
GLAS,glas019,Violation_201,26,O1,10.82148,19,26.0,0.0
GLAS,glas019,Violation_201,26,O2,5.329486,19,26.0,0.0
GLAS,glas019,Control_202,27,Pz,5.276915,19,33.0,53.0
GLAS,glas019,Control_202,27,Cz,3.948615,19,33.0,53.0
GLAS,glas019,Control_202,27,CP1,10.66743,19,33.0,53.0
GLAS,glas019,Control_202,27,CP2,5.793058,19,33.0,53.0
GLAS,glas019,Control_202,27,P3,7.172254,19,33.0,53.0
GLAS,glas019,Control_202,27,P4,5.187069,19,33.0,53.0
GLAS,glas019,Control_202,27,C3,5.91967,19,33.0,53.0
GLAS,glas019,Control_202,27,C4,6.100967,19,33.0,53.0
GLAS,glas019,Control_202,27,P7,0.86005,19,33.0,53.0
GLAS,glas019,Control_202,27,P8,7.553576,19,33.0,53.0
GLAS,glas019,Control_202,27,O1,4.275074,19,33.0,53.0
GLAS,glas019,Control_202,27,O2,4.866417,19,33.0,53.0
GLAS,glas019,Control_202,28,Pz,16.29669,19,37.0,80.0
GLAS,glas019,Control_202,28,Cz,24.23685,19,37.0,80.0
GLAS,glas019,Control_202,28,CP1,28.89491,19,37.0,80.0
GLAS,glas019,Control_202,28,CP2,22.16405,19,37.0,80.0
GLAS,glas019,Control_202,28,P3,19.1861,19,37.0,80.0
GLAS,glas019,Control_202,28,P4,18.13995,19,37.0,80.0
GLAS,glas019,Control_202,28,C3,15.31912,19,37.0,80.0
GLAS,glas019,Control_202,28,C4,15.46189,19,37.0,80.0
GLAS,glas019,Control_202,28,P7,20.98269,19,37.0,80.0
GLAS,glas019,Control_202,28,P8,14.99508,19,37.0,80.0
GLAS,glas019,Control_202,28,O1,20.98787,19,37.0,80.0
GLAS,glas019,Control_202,28,O2,22.73697,19,37.0,80.0
GLAS,glas019,Control_202,29,Pz,-17.21614,19,40.0,93.0
GLAS,glas019,Control_202,29,Cz,-12.6651,19,40.0,93.0
GLAS,glas019,Control_202,29,CP1,-10.18169,19,40.0,93.0
GLAS,glas019,Control_202,29,CP2,-24.95786,19,40.0,93.0
GLAS,glas019,Control_202,29,P3,-15.19986,19,40.0,93.0
GLAS,glas019,Control_202,29,P4,-22.39744,19,40.0,93.0
GLAS,glas019,Control_202,29,C3,-18.80293,19,40.0,93.0
GLAS,glas019,Control_202,29,C4,-19.70703,19,40.0,93.0
GLAS,glas019,Control_202,29,P7,-16.12744,19,40.0,93.0
GLAS,glas019,Control_202,29,P8,-25.41529,19,40.0,93.0
GLAS,glas019,Control_202,29,O1,-14.17622,19,40.0,93.0
GLAS,glas019,Control_202,29,O2,-4.322165,19,40.0,93.0
GLAS,glas019,Violation_201,30,Pz,-8.069921,19,36.0,7.0
GLAS,glas019,Violation_201,30,Cz,-12.60131,19,36.0,7.0
GLAS,glas019,Violation_201,30,CP1,-6.528699,19,36.0,7.0
GLAS,glas019,Violation_201,30,CP2,-7.139753,19,36.0,7.0
GLAS,glas019,Violation_201,30,P3,-10.54845,19,36.0,7.0
GLAS,glas019,Violation_201,30,P4,-7.769186,19,36.0,7.0
GLAS,glas019,Violation_201,30,C3,-8.457438,19,36.0,7.0
GLAS,glas019,Violation_201,30,C4,-9.271662,19,36.0,7.0
GLAS,glas019,Violation_201,30,P7,-4.262059,19,36.0,7.0
GLAS,glas019,Violation_201,30,P8,-8.057554,19,36.0,7.0
GLAS,glas019,Violation_201,30,O1,-6.580783,19,36.0,7.0
GLAS,glas019,Violation_201,30,O2,-4.187503,19,36.0,7.0
GLAS,glas019,Control_202,31,Pz,3.11428,19,23.0,93.0
GLAS,glas019,Control_202,31,Cz,2.508169,19,23.0,93.0
GLAS,glas019,Control_202,31,CP1,8.66368,19,23.0,93.0
GLAS,glas019,Control_202,31,CP2,-5.305716,19,23.0,93.0
GLAS,glas019,Control_202,31,P3,8.87823,19,23.0,93.0
GLAS,glas019,Control_202,31,P4,1.811952,19,23.0,93.0
GLAS,glas019,Control_202,31,C3,0.4894572,19,23.0,93.0
GLAS,glas019,Control_202,31,C4,0.8452905,19,23.0,93.0
GLAS,glas019,Control_202,31,P7,5.938448,19,23.0,93.0
GLAS,glas019,Control_202,31,P8,-1.027409,19,23.0,93.0
GLAS,glas019,Control_202,31,O1,-1.767743,19,23.0,93.0
GLAS,glas019,Control_202,31,O2,-0.07475139,19,23.0,93.0
GLAS,glas019,Violation_201,32,Pz,-8.144311,19,38.0,0.0
GLAS,glas019,Violation_201,32,Cz,-8.128138,19,38.0,0.0
GLAS,glas019,Violation_201,32,CP1,-25.05913,19,38.0,0.0
GLAS,glas019,Violation_201,32,CP2,-16.37093,19,38.0,0.0
GLAS,glas019,Violation_201,32,P3,-14.7342,19,38.0,0.0
GLAS,glas019,Violation_201,32,P4,-13.89418,19,38.0,0.0
GLAS,glas019,Violation_201,32,C3,-6.630094,19,38.0,0.0
GLAS,glas019,Violation_201,32,C4,-9.380008,19,38.0,0.0
GLAS,glas019,Violation_201,32,P7,-19.12795,19,38.0,0.0
GLAS,glas019,Violation_201,32,P8,-10.34856,19,38.0,0.0
GLAS,glas019,Violation_201,32,O1,-19.31365,19,38.0,0.0
GLAS,glas019,Violation_201,32,O2,-10.32788,19,38.0,0.0
GLAS,glas019,Control_202,33,Pz,-3.568562,19,32.0,80.0
GLAS,glas019,Control_202,33,Cz,-4.692884,19,32.0,80.0
GLAS,glas019,Control_202,33,CP1,-10.85029,19,32.0,80.0
GLAS,glas019,Control_202,33,CP2,-8.332029,19,32.0,80.0
GLAS,glas019,Control_202,33,P3,-7.845168,19,32.0,80.0
GLAS,glas019,Control_202,33,P4,-4.046029,19,32.0,80.0
GLAS,glas019,Control_202,33,C3,-2.723148,19,32.0,80.0
GLAS,glas019,Control_202,33,C4,-2.708008,19,32.0,80.0
GLAS,glas019,Control_202,33,P7,-14.40369,19,32.0,80.0
GLAS,glas019,Control_202,33,P8,-4.605656,19,32.0,80.0
GLAS,glas019,Control_202,33,O1,-12.66349,19,32.0,80.0
GLAS,glas019,Control_202,33,O2,-2.872796,19,32.0,80.0
GLAS,glas019,Violation_201,34,Pz,4.695725,19,31.0,0.0
GLAS,glas019,Violation_201,34,Cz,5.103631,19,31.0,0.0
GLAS,glas019,Violation_201,34,CP1,3.823092,19,31.0,0.0
GLAS,glas019,Violation_201,34,CP2,15.58588,19,31.0,0.0
GLAS,glas019,Violation_201,34,P3,2.477759,19,31.0,0.0
GLAS,glas019,Violation_201,34,P4,3.541649,19,31.0,0.0
GLAS,glas019,Violation_201,34,C3,4.7799,19,31.0,0.0
GLAS,glas019,Violation_201,34,C4,2.881028,19,31.0,0.0
GLAS,glas019,Violation_201,34,P7,1.356607,19,31.0,0.0
GLAS,glas019,Violation_201,34,P8,7.695971,19,31.0,0.0
GLAS,glas019,Violation_201,34,O1,-1.694134,19,31.0,0.0
GLAS,glas019,Violation_201,34,O2,22.08083,19,31.0,0.0
GLAS,glas019,Control_202,35,Pz,-3.845758,19,24.0,93.0
GLAS,glas019,Control_202,35,Cz,-3.957134,19,24.0,93.0
GLAS,glas019,Control_202,35,CP1,-4.438661,19,24.0,93.0
GLAS,glas019,Control_202,35,CP2,9.633245,19,24.0,93.0
GLAS,glas019,Control_202,35,P3,-10.3849,19,24.0,93.0
GLAS,glas019,Control_202,35,P4,-3.338542,19,24.0,93.0
GLAS,glas019,Control_202,35,C3,-1.796039,19,24.0,93.0
GLAS,glas019,Control_202,35,C4,-3.089412,19,24.0,93.0
GLAS,glas019,Control_202,35,P7,-12.74513,19,24.0,93.0
GLAS,glas019,Control_202,35,P8,-0.9667578,19,24.0,93.0
GLAS,glas019,Control_202,35,O1,-7.678236,19,24.0,93.0
GLAS,glas019,Control_202,35,O2,-3.247401,19,24.0,93.0
GLAS,glas019,Violation_201,36,Pz,-8.493452,19,35.0,0.0
GLAS,glas019,Violation_201,36,Cz,-7.654809,19,35.0,0.0
GLAS,glas019,Violation_201,36,CP1,-18.17089,19,35.0,0.0
GLAS,glas019,Violation_201,36,CP2,1.706412,19,35.0,0.0
GLAS,glas019,Violation_201,36,P3,-10.90836,19,35.0,0.0
GLAS,glas019,Violation_201,36,P4,-1.339729,19,35.0,0.0
GLAS,glas019,Violation_201,36,C3,-6.527187,19,35.0,0.0
GLAS,glas019,Violation_201,36,C4,-4.046847,19,35.0,0.0
GLAS,glas019,Violation_201,36,P7,-10.58499,19,35.0,0.0
GLAS,glas019,Violation_201,36,P8,-0.2816639,19,35.0,0.0
GLAS,glas019,Violation_201,36,O1,-5.142285,19,35.0,0.0
GLAS,glas019,Violation_201,36,O2,15.68404,19,35.0,0.0
GLAS,glas019,Violation_201,37,Pz,8.377057,19,30.0,0.0
GLAS,glas019,Violation_201,37,Cz,11.5719,19,30.0,0.0
GLAS,glas019,Violation_201,37,CP1,5.71552,19,30.0,0.0
GLAS,glas019,Violation_201,37,CP2,6.530296,19,30.0,0.0
GLAS,glas019,Violation_201,37,P3,4.850656,19,30.0,0.0
GLAS,glas019,Violation_201,37,P4,5.362849,19,30.0,0.0
GLAS,glas019,Violation_201,37,C3,7.955387,19,30.0,0.0
GLAS,glas019,Violation_201,37,C4,6.623588,19,30.0,0.0
GLAS,glas019,Violation_201,37,P7,-2.277973,19,30.0,0.0
GLAS,glas019,Violation_201,37,P8,6.073851,19,30.0,0.0
GLAS,glas019,Violation_201,37,O1,-3.783853,19,30.0,0.0
GLAS,glas019,Violation_201,37,O2,4.357213,19,30.0,0.0
GLAS,glas019,Control_202,38,Pz,12.07798,19,29.0,90.0
GLAS,glas019,Control_202,38,Cz,12.88813,19,29.0,90.0
GLAS,glas019,Control_202,38,CP1,2.105639,19,29.0,90.0
GLAS,glas019,Control_202,38,CP2,-4.083719,19,29.0,90.0
GLAS,glas019,Control_202,38,P3,15.49047,19,29.0,90.0
GLAS,glas019,Control_202,38,P4,6.577908,19,29.0,90.0
GLAS,glas019,Control_202,38,C3,11.28469,19,29.0,90.0
GLAS,glas019,Control_202,38,C4,7.814647,19,29.0,90.0
GLAS,glas019,Control_202,38,P7,3.934039,19,29.0,90.0
GLAS,glas019,Control_202,38,P8,6.132056,19,29.0,90.0
GLAS,glas019,Control_202,38,O1,-1.712367,19,29.0,90.0
GLAS,glas019,Control_202,38,O2,15.59396,19,29.0,90.0
GLAS,glas020,Violation_201,1,Pz,0.3643931,20,7.0,0.0
GLAS,glas020,Violation_201,1,Cz,-3.73237,20,7.0,0.0
GLAS,glas020,Violation_201,1,CP1,-1.422229,20,7.0,0.0
GLAS,glas020,Violation_201,1,CP2,3.199722,20,7.0,0.0
GLAS,glas020,Violation_201,1,P3,0.7746169,20,7.0,0.0
GLAS,glas020,Violation_201,1,P4,3.128766,20,7.0,0.0
GLAS,glas020,Violation_201,1,C3,-3.106861,20,7.0,0.0
GLAS,glas020,Violation_201,1,C4,-0.922848,20,7.0,0.0
GLAS,glas020,Violation_201,1,P7,1.084125,20,7.0,0.0
GLAS,glas020,Violation_201,1,P8,1.940379,20,7.0,0.0
GLAS,glas020,Violation_201,1,O1,-4.165697,20,7.0,0.0
GLAS,glas020,Violation_201,1,O2,-1.826649,20,7.0,0.0
GLAS,glas020,Violation_201,2,Pz,22.30785,20,11.0,7.0
GLAS,glas020,Violation_201,2,Cz,17.72556,20,11.0,7.0
GLAS,glas020,Violation_201,2,CP1,20.30625,20,11.0,7.0
GLAS,glas020,Violation_201,2,CP2,18.89241,20,11.0,7.0
GLAS,glas020,Violation_201,2,P3,22.97129,20,11.0,7.0
GLAS,glas020,Violation_201,2,P4,17.93757,20,11.0,7.0
GLAS,glas020,Violation_201,2,C3,16.01949,20,11.0,7.0
GLAS,glas020,Violation_201,2,C4,17.08577,20,11.0,7.0
GLAS,glas020,Violation_201,2,P7,20.18233,20,11.0,7.0
GLAS,glas020,Violation_201,2,P8,14.43843,20,11.0,7.0
GLAS,glas020,Violation_201,2,O1,14.5701,20,11.0,7.0
GLAS,glas020,Violation_201,2,O2,8.786451,20,11.0,7.0
GLAS,glas020,Control_202,3,Pz,6.673337,20,19.0,100.0
GLAS,glas020,Control_202,3,Cz,5.334941,20,19.0,100.0
GLAS,glas020,Control_202,3,CP1,7.284953,20,19.0,100.0
GLAS,glas020,Control_202,3,CP2,12.69406,20,19.0,100.0
GLAS,glas020,Control_202,3,P3,8.397255,20,19.0,100.0
GLAS,glas020,Control_202,3,P4,3.261992,20,19.0,100.0
GLAS,glas020,Control_202,3,C3,3.893552,20,19.0,100.0
GLAS,glas020,Control_202,3,C4,5.086338,20,19.0,100.0
GLAS,glas020,Control_202,3,P7,6.143292,20,19.0,100.0
GLAS,glas020,Control_202,3,P8,4.020727,20,19.0,100.0
GLAS,glas020,Control_202,3,O1,5.351518,20,19.0,100.0
GLAS,glas020,Control_202,3,O2,8.542364,20,19.0,100.0
GLAS,glas020,Violation_201,4,Pz,-21.05721,20,10.0,3.0
GLAS,glas020,Violation_201,4,Cz,-18.509,20,10.0,3.0
GLAS,glas020,Violation_201,4,CP1,-20.83655,20,10.0,3.0
GLAS,glas020,Violation_201,4,CP2,-15.228,20,10.0,3.0
GLAS,glas020,Violation_201,4,P3,-21.74129,20,10.0,3.0
GLAS,glas020,Violation_201,4,P4,-22.0666,20,10.0,3.0
GLAS,glas020,Violation_201,4,C3,-19.94142,20,10.0,3.0
GLAS,glas020,Violation_201,4,C4,-20.73182,20,10.0,3.0
GLAS,glas020,Violation_201,4,P7,-19.96724,20,10.0,3.0
GLAS,glas020,Violation_201,4,P8,-18.80731,20,10.0,3.0
GLAS,glas020,Violation_201,4,O1,-20.1829,20,10.0,3.0
GLAS,glas020,Violation_201,4,O2,-13.85383,20,10.0,3.0
GLAS,glas020,Control_202,5,Pz,-9.011458,20,18.0,87.0
GLAS,glas020,Control_202,5,Cz,-15.61175,20,18.0,87.0
GLAS,glas020,Control_202,5,CP1,-12.44446,20,18.0,87.0
GLAS,glas020,Control_202,5,CP2,0.06309336,20,18.0,87.0
GLAS,glas020,Control_202,5,P3,-7.168087,20,18.0,87.0
GLAS,glas020,Control_202,5,P4,-8.330135,20,18.0,87.0
GLAS,glas020,Control_202,5,C3,-16.11984,20,18.0,87.0
GLAS,glas020,Control_202,5,C4,-12.65587,20,18.0,87.0
GLAS,glas020,Control_202,5,P7,-6.155351,20,18.0,87.0
GLAS,glas020,Control_202,5,P8,-9.280603,20,18.0,87.0
GLAS,glas020,Control_202,5,O1,-4.106371,20,18.0,87.0
GLAS,glas020,Control_202,5,O2,-0.874599,20,18.0,87.0
GLAS,glas020,Violation_201,6,Pz,-3.369322,20,1.0,0.0
GLAS,glas020,Violation_201,6,Cz,-4.347345,20,1.0,0.0
GLAS,glas020,Violation_201,6,CP1,-5.832456,20,1.0,0.0
GLAS,glas020,Violation_201,6,CP2,-5.369276,20,1.0,0.0
GLAS,glas020,Violation_201,6,P3,-8.124717,20,1.0,0.0
GLAS,glas020,Violation_201,6,P4,-1.842816,20,1.0,0.0
GLAS,glas020,Violation_201,6,C3,-1.556264,20,1.0,0.0
GLAS,glas020,Violation_201,6,C4,-1.904413,20,1.0,0.0
GLAS,glas020,Violation_201,6,P7,-11.38643,20,1.0,0.0
GLAS,glas020,Violation_201,6,P8,-1.057277,20,1.0,0.0
GLAS,glas020,Violation_201,6,O1,-11.6887,20,1.0,0.0
GLAS,glas020,Violation_201,6,O2,-0.38826,20,1.0,0.0
GLAS,glas020,Control_202,7,Pz,-5.808027,20,4.0,93.0
GLAS,glas020,Control_202,7,Cz,-10.43872,20,4.0,93.0
GLAS,glas020,Control_202,7,CP1,-6.095531,20,4.0,93.0
GLAS,glas020,Control_202,7,CP2,-11.06906,20,4.0,93.0
GLAS,glas020,Control_202,7,P3,-3.690936,20,4.0,93.0
GLAS,glas020,Control_202,7,P4,-10.20848,20,4.0,93.0
GLAS,glas020,Control_202,7,C3,-10.21134,20,4.0,93.0
GLAS,glas020,Control_202,7,C4,-10.20118,20,4.0,93.0
GLAS,glas020,Control_202,7,P7,0.1675588,20,4.0,93.0
GLAS,glas020,Control_202,7,P8,-10.55143,20,4.0,93.0
GLAS,glas020,Control_202,7,O1,-4.204798,20,4.0,93.0
GLAS,glas020,Control_202,7,O2,-9.838496,20,4.0,93.0
GLAS,glas020,Control_202,8,Pz,9.264494,20,14.0,90.0
GLAS,glas020,Control_202,8,Cz,8.812426,20,14.0,90.0
GLAS,glas020,Control_202,8,CP1,7.699893,20,14.0,90.0
GLAS,glas020,Control_202,8,CP2,3.516404,20,14.0,90.0
GLAS,glas020,Control_202,8,P3,9.41801,20,14.0,90.0
GLAS,glas020,Control_202,8,P4,6.198867,20,14.0,90.0
GLAS,glas020,Control_202,8,C3,9.040684,20,14.0,90.0
GLAS,glas020,Control_202,8,C4,6.695329,20,14.0,90.0
GLAS,glas020,Control_202,8,P7,9.197307,20,14.0,90.0
GLAS,glas020,Control_202,8,P8,6.055846,20,14.0,90.0
GLAS,glas020,Control_202,8,O1,2.45423,20,14.0,90.0
GLAS,glas020,Control_202,8,O2,-2.014221,20,14.0,90.0
GLAS,glas020,Violation_201,9,Pz,-23.29445,20,17.0,0.0
GLAS,glas020,Violation_201,9,Cz,-21.748,20,17.0,0.0
GLAS,glas020,Violation_201,9,CP1,-22.12587,20,17.0,0.0
GLAS,glas020,Violation_201,9,CP2,-10.01885,20,17.0,0.0
GLAS,glas020,Violation_201,9,P3,-23.72451,20,17.0,0.0
GLAS,glas020,Violation_201,9,P4,-16.84612,20,17.0,0.0
GLAS,glas020,Violation_201,9,C3,-20.96474,20,17.0,0.0
GLAS,glas020,Violation_201,9,C4,-18.56824,20,17.0,0.0
GLAS,glas020,Violation_201,9,P7,-22.0515,20,17.0,0.0
GLAS,glas020,Violation_201,9,P8,-15.00614,20,17.0,0.0
GLAS,glas020,Violation_201,9,O1,-13.2269,20,17.0,0.0
GLAS,glas020,Violation_201,9,O2,-15.46303,20,17.0,0.0
GLAS,glas020,Violation_201,10,Pz,9.378695,20,2.0,3.0
GLAS,glas020,Violation_201,10,Cz,6.936854,20,2.0,3.0
GLAS,glas020,Violation_201,10,CP1,10.0726,20,2.0,3.0
GLAS,glas020,Violation_201,10,CP2,9.639214,20,2.0,3.0
GLAS,glas020,Violation_201,10,P3,12.52416,20,2.0,3.0
GLAS,glas020,Violation_201,10,P4,6.98164,20,2.0,3.0
GLAS,glas020,Violation_201,10,C3,6.192454,20,2.0,3.0
GLAS,glas020,Violation_201,10,C4,5.787321,20,2.0,3.0
GLAS,glas020,Violation_201,10,P7,10.43032,20,2.0,3.0
GLAS,glas020,Violation_201,10,P8,6.353488,20,2.0,3.0
GLAS,glas020,Violation_201,10,O1,12.87745,20,2.0,3.0
GLAS,glas020,Violation_201,10,O2,4.270148,20,2.0,3.0
GLAS,glas020,Control_202,11,Pz,-0.899085,20,3.0,100.0
GLAS,glas020,Control_202,11,Cz,-0.7701061,20,3.0,100.0
GLAS,glas020,Control_202,11,CP1,1.962371,20,3.0,100.0
GLAS,glas020,Control_202,11,CP2,-4.852811,20,3.0,100.0
GLAS,glas020,Control_202,11,P3,-0.4320644,20,3.0,100.0
GLAS,glas020,Control_202,11,P4,-3.649295,20,3.0,100.0
GLAS,glas020,Control_202,11,C3,1.302868,20,3.0,100.0
GLAS,glas020,Control_202,11,C4,-1.0623,20,3.0,100.0
GLAS,glas020,Control_202,11,P7,-1.769816,20,3.0,100.0
GLAS,glas020,Control_202,11,P8,-3.019738,20,3.0,100.0
GLAS,glas020,Control_202,11,O1,-2.17329,20,3.0,100.0
GLAS,glas020,Control_202,11,O2,-3.912149,20,3.0,100.0
GLAS,glas020,Control_202,12,Pz,-11.71428,20,20.0,90.0
GLAS,glas020,Control_202,12,Cz,-11.18876,20,20.0,90.0
GLAS,glas020,Control_202,12,CP1,-9.967545,20,20.0,90.0
GLAS,glas020,Control_202,12,CP2,3.980267,20,20.0,90.0
GLAS,glas020,Control_202,12,P3,-12.30516,20,20.0,90.0
GLAS,glas020,Control_202,12,P4,-4.582897,20,20.0,90.0
GLAS,glas020,Control_202,12,C3,-11.75572,20,20.0,90.0
GLAS,glas020,Control_202,12,C4,-7.650908,20,20.0,90.0
GLAS,glas020,Control_202,12,P7,-8.621771,20,20.0,90.0
GLAS,glas020,Control_202,12,P8,-1.225837,20,20.0,90.0
GLAS,glas020,Control_202,12,O1,-10.43438,20,20.0,90.0
GLAS,glas020,Control_202,12,O2,6.047125,20,20.0,90.0
GLAS,glas020,Violation_201,13,Pz,16.79697,20,6.0,0.0
GLAS,glas020,Violation_201,13,Cz,17.67327,20,6.0,0.0
GLAS,glas020,Violation_201,13,CP1,15.56187,20,6.0,0.0
GLAS,glas020,Violation_201,13,CP2,17.67765,20,6.0,0.0
GLAS,glas020,Violation_201,13,P3,13.51868,20,6.0,0.0
GLAS,glas020,Violation_201,13,P4,21.77001,20,6.0,0.0
GLAS,glas020,Violation_201,13,C3,18.86206,20,6.0,0.0
GLAS,glas020,Violation_201,13,C4,19.81564,20,6.0,0.0
GLAS,glas020,Violation_201,13,P7,15.4164,20,6.0,0.0
GLAS,glas020,Violation_201,13,P8,23.56915,20,6.0,0.0
GLAS,glas020,Violation_201,13,O1,15.531,20,6.0,0.0
GLAS,glas020,Violation_201,13,O2,15.63365,20,6.0,0.0
GLAS,glas020,Control_202,14,Pz,-18.72493,20,5.0,93.0
GLAS,glas020,Control_202,14,Cz,-23.11658,20,5.0,93.0
GLAS,glas020,Control_202,14,CP1,-16.72471,20,5.0,93.0
GLAS,glas020,Control_202,14,CP2,-28.64949,20,5.0,93.0
GLAS,glas020,Control_202,14,P3,-14.27198,20,5.0,93.0
GLAS,glas020,Control_202,14,P4,-27.5528,20,5.0,93.0
GLAS,glas020,Control_202,14,C3,-22.81804,20,5.0,93.0
GLAS,glas020,Control_202,14,C4,-27.28141,20,5.0,93.0
GLAS,glas020,Control_202,14,P7,-10.23507,20,5.0,93.0
GLAS,glas020,Control_202,14,P8,-29.98739,20,5.0,93.0
GLAS,glas020,Control_202,14,O1,-10.37854,20,5.0,93.0
GLAS,glas020,Control_202,14,O2,-28.74096,20,5.0,93.0
GLAS,glas020,Violation_201,15,Pz,9.612525,20,15.0,0.0
GLAS,glas020,Violation_201,15,Cz,12.11669,20,15.0,0.0
GLAS,glas020,Violation_201,15,CP1,11.53195,20,15.0,0.0
GLAS,glas020,Violation_201,15,CP2,10.15757,20,15.0,0.0
GLAS,glas020,Violation_201,15,P3,8.988194,20,15.0,0.0
GLAS,glas020,Violation_201,15,P4,10.8637,20,15.0,0.0
GLAS,glas020,Violation_201,15,C3,12.79672,20,15.0,0.0
GLAS,glas020,Violation_201,15,C4,14.03833,20,15.0,0.0
GLAS,glas020,Violation_201,15,P7,8.398326,20,15.0,0.0
GLAS,glas020,Violation_201,15,P8,11.32184,20,15.0,0.0
GLAS,glas020,Violation_201,15,O1,9.89653,20,15.0,0.0
GLAS,glas020,Violation_201,15,O2,9.97839,20,15.0,0.0
GLAS,glas020,Control_202,16,Pz,-18.59392,20,12.0,100.0
GLAS,glas020,Control_202,16,Cz,-17.44378,20,12.0,100.0
GLAS,glas020,Control_202,16,CP1,-17.77947,20,12.0,100.0
GLAS,glas020,Control_202,16,CP2,-9.079726,20,12.0,100.0
GLAS,glas020,Control_202,16,P3,-15.91415,20,12.0,100.0
GLAS,glas020,Control_202,16,P4,-11.12607,20,12.0,100.0
GLAS,glas020,Control_202,16,C3,-14.85789,20,12.0,100.0
GLAS,glas020,Control_202,16,C4,-11.49605,20,12.0,100.0
GLAS,glas020,Control_202,16,P7,-12.84887,20,12.0,100.0
GLAS,glas020,Control_202,16,P8,-8.765011,20,12.0,100.0
GLAS,glas020,Control_202,16,O1,-10.93353,20,12.0,100.0
GLAS,glas020,Control_202,16,O2,-6.999111,20,12.0,100.0
GLAS,glas020,Violation_201,17,Pz,-10.86147,20,8.0,34.0
GLAS,glas020,Violation_201,17,Cz,-10.83616,20,8.0,34.0
GLAS,glas020,Violation_201,17,CP1,-16.7293,20,8.0,34.0
GLAS,glas020,Violation_201,17,CP2,-11.7882,20,8.0,34.0
GLAS,glas020,Violation_201,17,P3,-14.59649,20,8.0,34.0
GLAS,glas020,Violation_201,17,P4,-11.3234,20,8.0,34.0
GLAS,glas020,Violation_201,17,C3,-8.057809,20,8.0,34.0
GLAS,glas020,Violation_201,17,C4,-10.18794,20,8.0,34.0
GLAS,glas020,Violation_201,17,P7,-12.6658,20,8.0,34.0
GLAS,glas020,Violation_201,17,P8,-11.92596,20,8.0,34.0
GLAS,glas020,Violation_201,17,O1,-13.55841,20,8.0,34.0
GLAS,glas020,Violation_201,17,O2,-13.27956,20,8.0,34.0
GLAS,glas020,Violation_201,18,Pz,4.029502,20,16.0,0.0
GLAS,glas020,Violation_201,18,Cz,5.634199,20,16.0,0.0
GLAS,glas020,Violation_201,18,CP1,5.5942,20,16.0,0.0
GLAS,glas020,Violation_201,18,CP2,-1.034804,20,16.0,0.0
GLAS,glas020,Violation_201,18,P3,3.469321,20,16.0,0.0
GLAS,glas020,Violation_201,18,P4,4.819457,20,16.0,0.0
GLAS,glas020,Violation_201,18,C3,6.551371,20,16.0,0.0
GLAS,glas020,Violation_201,18,C4,5.412975,20,16.0,0.0
GLAS,glas020,Violation_201,18,P7,-0.1267135,20,16.0,0.0
GLAS,glas020,Violation_201,18,P8,7.015377,20,16.0,0.0
GLAS,glas020,Violation_201,18,O1,-8.3999,20,16.0,0.0
GLAS,glas020,Violation_201,18,O2,1.199246,20,16.0,0.0
GLAS,glas020,Control_202,19,Pz,2.106467,20,9.0,93.0
GLAS,glas020,Control_202,19,Cz,0.6701297,20,9.0,93.0
GLAS,glas020,Control_202,19,CP1,-3.456575,20,9.0,93.0
GLAS,glas020,Control_202,19,CP2,-6.540973,20,9.0,93.0
GLAS,glas020,Control_202,19,P3,-0.9069377,20,9.0,93.0
GLAS,glas020,Control_202,19,P4,-2.331039,20,9.0,93.0
GLAS,glas020,Control_202,19,C3,1.777131,20,9.0,93.0
GLAS,glas020,Control_202,19,C4,-0.03051178,20,9.0,93.0
GLAS,glas020,Control_202,19,P7,-4.26958,20,9.0,93.0
GLAS,glas020,Control_202,19,P8,-5.201577,20,9.0,93.0
GLAS,glas020,Control_202,19,O1,-11.35146,20,9.0,93.0
GLAS,glas020,Control_202,19,O2,-4.195387,20,9.0,93.0
GLAS,glas020,Violation_201,20,Pz,-11.4356,20,13.0,0.0
GLAS,glas020,Violation_201,20,Cz,-14.4238,20,13.0,0.0
GLAS,glas020,Violation_201,20,CP1,-9.33382,20,13.0,0.0
GLAS,glas020,Violation_201,20,CP2,-5.65696,20,13.0,0.0
GLAS,glas020,Violation_201,20,P3,-7.660285,20,13.0,0.0
GLAS,glas020,Violation_201,20,P4,-5.637902,20,13.0,0.0
GLAS,glas020,Violation_201,20,C3,-13.86592,20,13.0,0.0
GLAS,glas020,Violation_201,20,C4,-8.310866,20,13.0,0.0
GLAS,glas020,Violation_201,20,P7,-3.586995,20,13.0,0.0
GLAS,glas020,Violation_201,20,P8,-3.873101,20,13.0,0.0
GLAS,glas020,Violation_201,20,O1,-2.13853,20,13.0,0.0
GLAS,glas020,Violation_201,20,O2,0.6488534,20,13.0,0.0
GLAS,glas020,Control_202,21,Pz,16.93663,20,39.0,97.0
GLAS,glas020,Control_202,21,Cz,15.87726,20,39.0,97.0
GLAS,glas020,Control_202,21,CP1,14.55112,20,39.0,97.0
GLAS,glas020,Control_202,21,CP2,-1.723768,20,39.0,97.0
GLAS,glas020,Control_202,21,P3,13.28758,20,39.0,97.0
GLAS,glas020,Control_202,21,P4,9.679433,20,39.0,97.0
GLAS,glas020,Control_202,21,C3,13.86865,20,39.0,97.0
GLAS,glas020,Control_202,21,C4,11.02934,20,39.0,97.0
GLAS,glas020,Control_202,21,P7,6.85468,20,39.0,97.0
GLAS,glas020,Control_202,21,P8,8.796741,20,39.0,97.0
GLAS,glas020,Control_202,21,O1,-1.507362,20,39.0,97.0
GLAS,glas020,Control_202,21,O2,-13.59516,20,39.0,97.0
GLAS,glas020,Control_202,22,Pz,-2.425571,20,22.0,53.0
GLAS,glas020,Control_202,22,Cz,0.05176161,20,22.0,53.0
GLAS,glas020,Control_202,22,CP1,-7.963123,20,22.0,53.0
GLAS,glas020,Control_202,22,CP2,1.278708,20,22.0,53.0
GLAS,glas020,Control_202,22,P3,-8.755039,20,22.0,53.0
GLAS,glas020,Control_202,22,P4,0.3373743,20,22.0,53.0
GLAS,glas020,Control_202,22,C3,-0.6333895,20,22.0,53.0
GLAS,glas020,Control_202,22,C4,0.5083639,20,22.0,53.0
GLAS,glas020,Control_202,22,P7,-8.06626,20,22.0,53.0
GLAS,glas020,Control_202,22,P8,1.039312,20,22.0,53.0
GLAS,glas020,Control_202,22,O1,-13.32257,20,22.0,53.0
GLAS,glas020,Control_202,22,O2,7.348165,20,22.0,53.0
GLAS,glas020,Violation_201,23,Pz,1.104341,20,29.0,90.0
GLAS,glas020,Violation_201,23,Cz,-0.8259216,20,29.0,90.0
GLAS,glas020,Violation_201,23,CP1,4.365279,20,29.0,90.0
GLAS,glas020,Violation_201,23,CP2,3.605446,20,29.0,90.0
GLAS,glas020,Violation_201,23,P3,4.478758,20,29.0,90.0
GLAS,glas020,Violation_201,23,P4,-2.239036,20,29.0,90.0
GLAS,glas020,Violation_201,23,C3,-3.981689,20,29.0,90.0
GLAS,glas020,Violation_201,23,C4,-3.783577,20,29.0,90.0
GLAS,glas020,Violation_201,23,P7,4.070395,20,29.0,90.0
GLAS,glas020,Violation_201,23,P8,-1.982677,20,29.0,90.0
GLAS,glas020,Violation_201,23,O1,5.296451,20,29.0,90.0
GLAS,glas020,Violation_201,23,O2,8.22054,20,29.0,90.0
GLAS,glas020,Control_202,24,Pz,-6.617132,20,24.0,93.0
GLAS,glas020,Control_202,24,Cz,-3.181654,20,24.0,93.0
GLAS,glas020,Control_202,24,CP1,-10.79372,20,24.0,93.0
GLAS,glas020,Control_202,24,CP2,9.424844,20,24.0,93.0
GLAS,glas020,Control_202,24,P3,-11.41472,20,24.0,93.0
GLAS,glas020,Control_202,24,P4,3.421908,20,24.0,93.0
GLAS,glas020,Control_202,24,C3,1.224372,20,24.0,93.0
GLAS,glas020,Control_202,24,C4,5.390651,20,24.0,93.0
GLAS,glas020,Control_202,24,P7,-10.76583,20,24.0,93.0
GLAS,glas020,Control_202,24,P8,7.447504,20,24.0,93.0
GLAS,glas020,Control_202,24,O1,-6.952874,20,24.0,93.0
GLAS,glas020,Control_202,24,O2,7.144029,20,24.0,93.0
GLAS,glas020,Violation_201,25,Pz,-0.4269024,20,25.0,0.0
GLAS,glas020,Violation_201,25,Cz,0.6656869,20,25.0,0.0
GLAS,glas020,Violation_201,25,CP1,-0.5904689,20,25.0,0.0
GLAS,glas020,Violation_201,25,CP2,0.4030322,20,25.0,0.0
GLAS,glas020,Violation_201,25,P3,-1.91078,20,25.0,0.0
GLAS,glas020,Violation_201,25,P4,-2.189136,20,25.0,0.0
GLAS,glas020,Violation_201,25,C3,1.119426,20,25.0,0.0
GLAS,glas020,Violation_201,25,C4,0.4917579,20,25.0,0.0
GLAS,glas020,Violation_201,25,P7,-2.431157,20,25.0,0.0
GLAS,glas020,Violation_201,25,P8,-0.07188124,20,25.0,0.0
GLAS,glas020,Violation_201,25,O1,-5.48872,20,25.0,0.0
GLAS,glas020,Violation_201,25,O2,-16.07362,20,25.0,0.0
GLAS,glas020,Control_202,26,Pz,-2.804471,20,23.0,93.0
GLAS,glas020,Control_202,26,Cz,-3.940503,20,23.0,93.0
GLAS,glas020,Control_202,26,CP1,2.269514,20,23.0,93.0
GLAS,glas020,Control_202,26,CP2,-4.321898,20,23.0,93.0
GLAS,glas020,Control_202,26,P3,3.06965,20,23.0,93.0
GLAS,glas020,Control_202,26,P4,-5.132723,20,23.0,93.0
GLAS,glas020,Control_202,26,C3,-4.764119,20,23.0,93.0
GLAS,glas020,Control_202,26,C4,-3.171941,20,23.0,93.0
GLAS,glas020,Control_202,26,P7,1.911901,20,23.0,93.0
GLAS,glas020,Control_202,26,P8,-4.755369,20,23.0,93.0
GLAS,glas020,Control_202,26,O1,4.187621,20,23.0,93.0
GLAS,glas020,Control_202,26,O2,-2.796963,20,23.0,93.0
GLAS,glas020,Violation_201,27,Pz,1.114585,20,31.0,0.0
GLAS,glas020,Violation_201,27,Cz,3.095762,20,31.0,0.0
GLAS,glas020,Violation_201,27,CP1,3.05108,20,31.0,0.0
GLAS,glas020,Violation_201,27,CP2,-13.1804,20,31.0,0.0
GLAS,glas020,Violation_201,27,P3,2.41346,20,31.0,0.0
GLAS,glas020,Violation_201,27,P4,-2.664665,20,31.0,0.0
GLAS,glas020,Violation_201,27,C3,3.02806,20,31.0,0.0
GLAS,glas020,Violation_201,27,C4,1.920747,20,31.0,0.0
GLAS,glas020,Violation_201,27,P7,-1.136079,20,31.0,0.0
GLAS,glas020,Violation_201,27,P8,-1.731347,20,31.0,0.0
GLAS,glas020,Violation_201,27,O1,-3.22043,20,31.0,0.0
GLAS,glas020,Violation_201,27,O2,-10.83444,20,31.0,0.0
GLAS,glas020,Control_202,28,Pz,-12.57448,20,27.0,97.0
GLAS,glas020,Control_202,28,Cz,-10.70844,20,27.0,97.0
GLAS,glas020,Control_202,28,CP1,-12.4552,20,27.0,97.0
GLAS,glas020,Control_202,28,CP2,-10.5843,20,27.0,97.0
GLAS,glas020,Control_202,28,P3,-13.58578,20,27.0,97.0
GLAS,glas020,Control_202,28,P4,-9.930163,20,27.0,97.0
GLAS,glas020,Control_202,28,C3,-7.651873,20,27.0,97.0
GLAS,glas020,Control_202,28,C4,-9.134107,20,27.0,97.0
GLAS,glas020,Control_202,28,P7,-9.977738,20,27.0,97.0
GLAS,glas020,Control_202,28,P8,-8.124376,20,27.0,97.0
GLAS,glas020,Control_202,28,O1,-8.082127,20,27.0,97.0
GLAS,glas020,Control_202,28,O2,-3.316095,20,27.0,97.0
GLAS,glas020,Violation_201,29,Pz,-8.54493,20,28.0,67.0
GLAS,glas020,Violation_201,29,Cz,-8.921969,20,28.0,67.0
GLAS,glas020,Violation_201,29,CP1,-12.68749,20,28.0,67.0
GLAS,glas020,Violation_201,29,CP2,-1.704341,20,28.0,67.0
GLAS,glas020,Violation_201,29,P3,-15.26195,20,28.0,67.0
GLAS,glas020,Violation_201,29,P4,-6.909057,20,28.0,67.0
GLAS,glas020,Violation_201,29,C3,-7.944178,20,28.0,67.0
GLAS,glas020,Violation_201,29,C4,-6.08016,20,28.0,67.0
GLAS,glas020,Violation_201,29,P7,-12.9804,20,28.0,67.0
GLAS,glas020,Violation_201,29,P8,-7.891537,20,28.0,67.0
GLAS,glas020,Violation_201,29,O1,-15.52786,20,28.0,67.0
GLAS,glas020,Violation_201,29,O2,3.13962,20,28.0,67.0
GLAS,glas020,Control_202,30,Pz,-17.73422,20,33.0,53.0
GLAS,glas020,Control_202,30,Cz,-16.5179,20,33.0,53.0
GLAS,glas020,Control_202,30,CP1,-11.42931,20,33.0,53.0
GLAS,glas020,Control_202,30,CP2,-5.636218,20,33.0,53.0
GLAS,glas020,Control_202,30,P3,-12.84849,20,33.0,53.0
GLAS,glas020,Control_202,30,P4,-9.663309,20,33.0,53.0
GLAS,glas020,Control_202,30,C3,-17.6503,20,33.0,53.0
GLAS,glas020,Control_202,30,C4,-12.49487,20,33.0,53.0
GLAS,glas020,Control_202,30,P7,-5.848551,20,33.0,53.0
GLAS,glas020,Control_202,30,P8,-6.839917,20,33.0,53.0
GLAS,glas020,Control_202,30,O1,-8.589819,20,33.0,53.0
GLAS,glas020,Control_202,30,O2,0.3144542,20,33.0,53.0
GLAS,glas020,Control_202,31,Pz,1.836652,20,38.0,93.0
GLAS,glas020,Control_202,31,Cz,-0.8180572,20,38.0,93.0
GLAS,glas020,Control_202,31,CP1,1.879371,20,38.0,93.0
GLAS,glas020,Control_202,31,CP2,3.935707,20,38.0,93.0
GLAS,glas020,Control_202,31,P3,3.892204,20,38.0,93.0
GLAS,glas020,Control_202,31,P4,1.3827,20,38.0,93.0
GLAS,glas020,Control_202,31,C3,-2.534916,20,38.0,93.0
GLAS,glas020,Control_202,31,C4,0.5366742,20,38.0,93.0
GLAS,glas020,Control_202,31,P7,5.46943,20,38.0,93.0
GLAS,glas020,Control_202,31,P8,-0.1971809,20,38.0,93.0
GLAS,glas020,Control_202,31,O1,8.849349,20,38.0,93.0
GLAS,glas020,Control_202,31,O2,-4.364268,20,38.0,93.0
GLAS,glas020,Control_202,32,Pz,-15.22268,20,37.0,80.0
GLAS,glas020,Control_202,32,Cz,-17.0597,20,37.0,80.0
GLAS,glas020,Control_202,32,CP1,-16.49501,20,37.0,80.0
GLAS,glas020,Control_202,32,CP2,-7.036397,20,37.0,80.0
GLAS,glas020,Control_202,32,P3,-14.44665,20,37.0,80.0
GLAS,glas020,Control_202,32,P4,-10.91858,20,37.0,80.0
GLAS,glas020,Control_202,32,C3,-16.59879,20,37.0,80.0
GLAS,glas020,Control_202,32,C4,-14.85792,20,37.0,80.0
GLAS,glas020,Control_202,32,P7,-13.16206,20,37.0,80.0
GLAS,glas020,Control_202,32,P8,-12.08873,20,37.0,80.0
GLAS,glas020,Control_202,32,O1,-12.77504,20,37.0,80.0
GLAS,glas020,Control_202,32,O2,-1.791948,20,37.0,80.0
GLAS,glas020,Violation_201,33,Pz,-1.268795,20,32.0,3.0
GLAS,glas020,Violation_201,33,Cz,-1.302799,20,32.0,3.0
GLAS,glas020,Violation_201,33,CP1,3.570906,20,32.0,3.0
GLAS,glas020,Violation_201,33,CP2,-8.055734,20,32.0,3.0
GLAS,glas020,Violation_201,33,P3,2.0915,20,32.0,3.0
GLAS,glas020,Violation_201,33,P4,-1.649627,20,32.0,3.0
GLAS,glas020,Violation_201,33,C3,-3.684264,20,32.0,3.0
GLAS,glas020,Violation_201,33,C4,-1.989559,20,32.0,3.0
GLAS,glas020,Violation_201,33,P7,0.4352928,20,32.0,3.0
GLAS,glas020,Violation_201,33,P8,-4.974027,20,32.0,3.0
GLAS,glas020,Violation_201,33,O1,-0.6230366,20,32.0,3.0
GLAS,glas020,Violation_201,33,O2,-21.0727,20,32.0,3.0
GLAS,glas020,Violation_201,34,Pz,17.61862,20,26.0,0.0
GLAS,glas020,Violation_201,34,Cz,16.66798,20,26.0,0.0
GLAS,glas020,Violation_201,34,CP1,18.06594,20,26.0,0.0
GLAS,glas020,Violation_201,34,CP2,19.14416,20,26.0,0.0
GLAS,glas020,Violation_201,34,P3,17.44639,20,26.0,0.0
GLAS,glas020,Violation_201,34,P4,15.78087,20,26.0,0.0
GLAS,glas020,Violation_201,34,C3,19.3182,20,26.0,0.0
GLAS,glas020,Violation_201,34,C4,17.70032,20,26.0,0.0
GLAS,glas020,Violation_201,34,P7,19.85956,20,26.0,0.0
GLAS,glas020,Violation_201,34,P8,13.48929,20,26.0,0.0
GLAS,glas020,Violation_201,34,O1,19.65761,20,26.0,0.0
GLAS,glas020,Violation_201,34,O2,18.10629,20,26.0,0.0
GLAS,glas020,Violation_201,35,Pz,8.030534,20,36.0,7.0
GLAS,glas020,Violation_201,35,Cz,2.44466,20,36.0,7.0
GLAS,glas020,Violation_201,35,CP1,7.207379,20,36.0,7.0
GLAS,glas020,Violation_201,35,CP2,11.75717,20,36.0,7.0
GLAS,glas020,Violation_201,35,P3,9.467843,20,36.0,7.0
GLAS,glas020,Violation_201,35,P4,2.612615,20,36.0,7.0
GLAS,glas020,Violation_201,35,C3,1.176094,20,36.0,7.0
GLAS,glas020,Violation_201,35,C4,0.1231182,20,36.0,7.0
GLAS,glas020,Violation_201,35,P7,10.86617,20,36.0,7.0
GLAS,glas020,Violation_201,35,P8,2.731092,20,36.0,7.0
GLAS,glas020,Violation_201,35,O1,8.00206,20,36.0,7.0
GLAS,glas020,Violation_201,35,O2,6.055872,20,36.0,7.0
GLAS,glas020,Control_202,36,Pz,2.480038,20,35.0,97.0
GLAS,glas020,Control_202,36,Cz,3.153322,20,35.0,97.0
GLAS,glas020,Control_202,36,CP1,8.937629,20,35.0,97.0
GLAS,glas020,Control_202,36,CP2,10.36204,20,35.0,97.0
GLAS,glas020,Control_202,36,P3,7.664452,20,35.0,97.0
GLAS,glas020,Control_202,36,P4,3.912408,20,35.0,97.0
GLAS,glas020,Control_202,36,C3,0.6239206,20,35.0,97.0
GLAS,glas020,Control_202,36,C4,2.715653,20,35.0,97.0
GLAS,glas020,Control_202,36,P7,9.012341,20,35.0,97.0
GLAS,glas020,Control_202,36,P8,3.19644,20,35.0,97.0
GLAS,glas020,Control_202,36,O1,11.48823,20,35.0,97.0
GLAS,glas020,Control_202,36,O2,-1.709529,20,35.0,97.0
GLAS,glas020,Violation_201,37,Pz,13.10953,20,21.0,3.0
GLAS,glas020,Violation_201,37,Cz,12.33538,20,21.0,3.0
GLAS,glas020,Violation_201,37,CP1,14.4677,20,21.0,3.0
GLAS,glas020,Violation_201,37,CP2,7.121381,20,21.0,3.0
GLAS,glas020,Violation_201,37,P3,16.17162,20,21.0,3.0
GLAS,glas020,Violation_201,37,P4,9.239496,20,21.0,3.0
GLAS,glas020,Violation_201,37,C3,7.880056,20,21.0,3.0
GLAS,glas020,Violation_201,37,C4,8.874555,20,21.0,3.0
GLAS,glas020,Violation_201,37,P7,16.08804,20,21.0,3.0
GLAS,glas020,Violation_201,37,P8,8.362808,20,21.0,3.0
GLAS,glas020,Violation_201,37,O1,14.78746,20,21.0,3.0
GLAS,glas020,Violation_201,37,O2,-0.5675179,20,21.0,3.0
GLAS,glas021,Violation_201,1,Pz,-22.83878,21,10.0,3.0
GLAS,glas021,Violation_201,1,Cz,-17.64582,21,10.0,3.0
GLAS,glas021,Violation_201,1,CP1,-17.46625,21,10.0,3.0
GLAS,glas021,Violation_201,1,CP2,-13.23266,21,10.0,3.0
GLAS,glas021,Violation_201,1,P3,-16.33482,21,10.0,3.0
GLAS,glas021,Violation_201,1,P4,-19.16715,21,10.0,3.0
GLAS,glas021,Violation_201,1,C3,-20.83315,21,10.0,3.0
GLAS,glas021,Violation_201,1,C4,-19.02963,21,10.0,3.0
GLAS,glas021,Violation_201,1,P7,-15.32748,21,10.0,3.0
GLAS,glas021,Violation_201,1,P8,-16.70153,21,10.0,3.0
GLAS,glas021,Violation_201,1,O1,-9.759482,21,10.0,3.0
GLAS,glas021,Violation_201,1,O2,-17.72518,21,10.0,3.0
GLAS,glas021,Control_202,2,Pz,-16.41685,21,12.0,100.0
GLAS,glas021,Control_202,2,Cz,-12.43798,21,12.0,100.0
GLAS,glas021,Control_202,2,CP1,-10.25696,21,12.0,100.0
GLAS,glas021,Control_202,2,CP2,-8.705259,21,12.0,100.0
GLAS,glas021,Control_202,2,P3,-16.06094,21,12.0,100.0
GLAS,glas021,Control_202,2,P4,-15.17281,21,12.0,100.0
GLAS,glas021,Control_202,2,C3,-13.96288,21,12.0,100.0
GLAS,glas021,Control_202,2,C4,-14.80117,21,12.0,100.0
GLAS,glas021,Control_202,2,P7,-11.58841,21,12.0,100.0
GLAS,glas021,Control_202,2,P8,-14.73118,21,12.0,100.0
GLAS,glas021,Control_202,2,O1,-15.21054,21,12.0,100.0
GLAS,glas021,Control_202,2,O2,-23.32904,21,12.0,100.0
GLAS,glas021,Violation_201,3,Pz,8.867205,21,20.0,0.0
GLAS,glas021,Violation_201,3,Cz,12.27825,21,20.0,0.0
GLAS,glas021,Violation_201,3,CP1,13.06894,21,20.0,0.0
GLAS,glas021,Violation_201,3,CP2,10.06778,21,20.0,0.0
GLAS,glas021,Violation_201,3,P3,5.107282,21,20.0,0.0
GLAS,glas021,Violation_201,3,P4,14.9318,21,20.0,0.0
GLAS,glas021,Violation_201,3,C3,13.3061,21,20.0,0.0
GLAS,glas021,Violation_201,3,C4,15.83578,21,20.0,0.0
GLAS,glas021,Violation_201,3,P7,14.96791,21,20.0,0.0
GLAS,glas021,Violation_201,3,P8,14.79365,21,20.0,0.0
GLAS,glas021,Violation_201,3,O1,3.997969,21,20.0,0.0
GLAS,glas021,Violation_201,3,O2,15.50615,21,20.0,0.0
GLAS,glas021,Control_202,4,Pz,-12.8572,21,13.0,97.0
GLAS,glas021,Control_202,4,Cz,-18.57835,21,13.0,97.0
GLAS,glas021,Control_202,4,CP1,-10.50758,21,13.0,97.0
GLAS,glas021,Control_202,4,CP2,-18.81064,21,13.0,97.0
GLAS,glas021,Control_202,4,P3,-19.64304,21,13.0,97.0
GLAS,glas021,Control_202,4,P4,-12.6362,21,13.0,97.0
GLAS,glas021,Control_202,4,C3,-12.19559,21,13.0,97.0
GLAS,glas021,Control_202,4,C4,-12.59433,21,13.0,97.0
GLAS,glas021,Control_202,4,P7,-5.467011,21,13.0,97.0
GLAS,glas021,Control_202,4,P8,-6.870407,21,13.0,97.0
GLAS,glas021,Control_202,4,O1,-20.07575,21,13.0,97.0
GLAS,glas021,Control_202,4,O2,-5.410369,21,13.0,97.0
GLAS,glas021,Control_202,5,Pz,-6.877171,21,3.0,100.0
GLAS,glas021,Control_202,5,Cz,-6.130722,21,3.0,100.0
GLAS,glas021,Control_202,5,CP1,-3.663098,21,3.0,100.0
GLAS,glas021,Control_202,5,CP2,-34.07222,21,3.0,100.0
GLAS,glas021,Control_202,5,P3,-6.630777,21,3.0,100.0
GLAS,glas021,Control_202,5,P4,-6.172643,21,3.0,100.0
GLAS,glas021,Control_202,5,C3,-6.955967,21,3.0,100.0
GLAS,glas021,Control_202,5,C4,-6.752348,21,3.0,100.0
GLAS,glas021,Control_202,5,P7,-4.700421,21,3.0,100.0
GLAS,glas021,Control_202,5,P8,-7.987643,21,3.0,100.0
GLAS,glas021,Control_202,5,O1,3.114948,21,3.0,100.0
GLAS,glas021,Control_202,5,O2,-6.113033,21,3.0,100.0
GLAS,glas021,Violation_201,6,Pz,2.342196,21,6.0,0.0
GLAS,glas021,Violation_201,6,Cz,1.008793,21,6.0,0.0
GLAS,glas021,Violation_201,6,CP1,1.801665,21,6.0,0.0
GLAS,glas021,Violation_201,6,CP2,13.87578,21,6.0,0.0
GLAS,glas021,Violation_201,6,P3,2.21649,21,6.0,0.0
GLAS,glas021,Violation_201,6,P4,1.557244,21,6.0,0.0
GLAS,glas021,Violation_201,6,C3,2.186853,21,6.0,0.0
GLAS,glas021,Violation_201,6,C4,2.720769,21,6.0,0.0
GLAS,glas021,Violation_201,6,P7,4.319221,21,6.0,0.0
GLAS,glas021,Violation_201,6,P8,-0.3511289,21,6.0,0.0
GLAS,glas021,Violation_201,6,O1,3.72748,21,6.0,0.0
GLAS,glas021,Violation_201,6,O2,-9.875221,21,6.0,0.0
GLAS,glas021,Control_202,7,Pz,0.5497557,21,5.0,93.0
GLAS,glas021,Control_202,7,Cz,0.4881996,21,5.0,93.0
GLAS,glas021,Control_202,7,CP1,-5.775438,21,5.0,93.0
GLAS,glas021,Control_202,7,CP2,24.74368,21,5.0,93.0
GLAS,glas021,Control_202,7,P3,-2.198235,21,5.0,93.0
GLAS,glas021,Control_202,7,P4,2.862792,21,5.0,93.0
GLAS,glas021,Control_202,7,C3,-1.177777,21,5.0,93.0
GLAS,glas021,Control_202,7,C4,2.552556,21,5.0,93.0
GLAS,glas021,Control_202,7,P7,-4.520133,21,5.0,93.0
GLAS,glas021,Control_202,7,P8,2.918394,21,5.0,93.0
GLAS,glas021,Control_202,7,O1,-2.125839,21,5.0,93.0
GLAS,glas021,Control_202,7,O2,15.34293,21,5.0,93.0
GLAS,glas021,Violation_201,8,Pz,5.400565,21,8.0,34.0
GLAS,glas021,Violation_201,8,Cz,5.713071,21,8.0,34.0
GLAS,glas021,Violation_201,8,CP1,-5.697064,21,8.0,34.0
GLAS,glas021,Violation_201,8,CP2,-2.07413,21,8.0,34.0
GLAS,glas021,Violation_201,8,P3,1.009135,21,8.0,34.0
GLAS,glas021,Violation_201,8,P4,3.878592,21,8.0,34.0
GLAS,glas021,Violation_201,8,C3,8.480297,21,8.0,34.0
GLAS,glas021,Violation_201,8,C4,6.150781,21,8.0,34.0
GLAS,glas021,Violation_201,8,P7,14.89521,21,8.0,34.0
GLAS,glas021,Violation_201,8,P8,2.990313,21,8.0,34.0
GLAS,glas021,Violation_201,8,O1,5.291906,21,8.0,34.0
GLAS,glas021,Violation_201,8,O2,1.502692,21,8.0,34.0
GLAS,glas021,Control_202,9,Pz,-14.35632,21,19.0,100.0
GLAS,glas021,Control_202,9,Cz,-13.2061,21,19.0,100.0
GLAS,glas021,Control_202,9,CP1,-16.41005,21,19.0,100.0
GLAS,glas021,Control_202,9,CP2,-3.388655,21,19.0,100.0
GLAS,glas021,Control_202,9,P3,-12.38126,21,19.0,100.0
GLAS,glas021,Control_202,9,P4,-12.06891,21,19.0,100.0
GLAS,glas021,Control_202,9,C3,-15.5211,21,19.0,100.0
GLAS,glas021,Control_202,9,C4,-13.71249,21,19.0,100.0
GLAS,glas021,Control_202,9,P7,-12.60285,21,19.0,100.0
GLAS,glas021,Control_202,9,P8,-11.44765,21,19.0,100.0
GLAS,glas021,Control_202,9,O1,-11.70883,21,19.0,100.0
GLAS,glas021,Control_202,9,O2,-9.166097,21,19.0,100.0
GLAS,glas021,Violation_201,10,Pz,17.4173,21,17.0,0.0
GLAS,glas021,Violation_201,10,Cz,13.08294,21,17.0,0.0
GLAS,glas021,Violation_201,10,CP1,1.064078,21,17.0,0.0
GLAS,glas021,Violation_201,10,CP2,-1.917542,21,17.0,0.0
GLAS,glas021,Violation_201,10,P3,8.604677,21,17.0,0.0
GLAS,glas021,Violation_201,10,P4,12.77212,21,17.0,0.0
GLAS,glas021,Violation_201,10,C3,11.20382,21,17.0,0.0
GLAS,glas021,Violation_201,10,C4,13.64443,21,17.0,0.0
GLAS,glas021,Violation_201,10,P7,7.494075,21,17.0,0.0
GLAS,glas021,Violation_201,10,P8,10.62195,21,17.0,0.0
GLAS,glas021,Violation_201,10,O1,10.95706,21,17.0,0.0
GLAS,glas021,Violation_201,10,O2,13.09849,21,17.0,0.0
GLAS,glas021,Violation_201,11,Pz,1.822422,21,18.0,0.0
GLAS,glas021,Violation_201,11,Cz,4.355911,21,18.0,0.0
GLAS,glas021,Violation_201,11,CP1,-6.079272,21,18.0,0.0
GLAS,glas021,Violation_201,11,CP2,5.234478,21,18.0,0.0
GLAS,glas021,Violation_201,11,P3,-0.0305993,21,18.0,0.0
GLAS,glas021,Violation_201,11,P4,-0.1402999,21,18.0,0.0
GLAS,glas021,Violation_201,11,C3,1.684971,21,18.0,0.0
GLAS,glas021,Violation_201,11,C4,1.658099,21,18.0,0.0
GLAS,glas021,Violation_201,11,P7,-0.8955414,21,18.0,0.0
GLAS,glas021,Violation_201,11,P8,-3.407039,21,18.0,0.0
GLAS,glas021,Violation_201,11,O1,-2.826453,21,18.0,0.0
GLAS,glas021,Violation_201,11,O2,-13.58887,21,18.0,0.0
GLAS,glas021,Violation_201,12,Pz,16.63391,21,11.0,7.0
GLAS,glas021,Violation_201,12,Cz,4.73684,21,11.0,7.0
GLAS,glas021,Violation_201,12,CP1,12.0645,21,11.0,7.0
GLAS,glas021,Violation_201,12,CP2,11.16895,21,11.0,7.0
GLAS,glas021,Violation_201,12,P3,18.79732,21,11.0,7.0
GLAS,glas021,Violation_201,12,P4,1.875812,21,11.0,7.0
GLAS,glas021,Violation_201,12,C3,0.3174211,21,11.0,7.0
GLAS,glas021,Violation_201,12,C4,0.2484784,21,11.0,7.0
GLAS,glas021,Violation_201,12,P7,21.93615,21,11.0,7.0
GLAS,glas021,Violation_201,12,P8,-1.319181,21,11.0,7.0
GLAS,glas021,Violation_201,12,O1,16.30444,21,11.0,7.0
GLAS,glas021,Violation_201,12,O2,-7.114948,21,11.0,7.0
GLAS,glas021,Violation_201,13,Pz,12.07882,21,7.0,0.0
GLAS,glas021,Violation_201,13,Cz,16.61348,21,7.0,0.0
GLAS,glas021,Violation_201,13,CP1,0.6454325,21,7.0,0.0
GLAS,glas021,Violation_201,13,CP2,-2.361079,21,7.0,0.0
GLAS,glas021,Violation_201,13,P3,6.405854,21,7.0,0.0
GLAS,glas021,Violation_201,13,P4,13.57412,21,7.0,0.0
GLAS,glas021,Violation_201,13,C3,13.83389,21,7.0,0.0
GLAS,glas021,Violation_201,13,C4,14.19548,21,7.0,0.0
GLAS,glas021,Violation_201,13,P7,2.273056,21,7.0,0.0
GLAS,glas021,Violation_201,13,P8,12.73402,21,7.0,0.0
GLAS,glas021,Violation_201,13,O1,4.255909,21,7.0,0.0
GLAS,glas021,Violation_201,13,O2,-1.107619,21,7.0,0.0
GLAS,glas021,Control_202,14,Pz,-1.977381,21,1.0,97.0
GLAS,glas021,Control_202,14,Cz,-5.818208,21,1.0,97.0
GLAS,glas021,Control_202,14,CP1,6.089924,21,1.0,97.0
GLAS,glas021,Control_202,14,CP2,-18.13999,21,1.0,97.0
GLAS,glas021,Control_202,14,P3,9.639771,21,1.0,97.0
GLAS,glas021,Control_202,14,P4,-7.457657,21,1.0,97.0
GLAS,glas021,Control_202,14,C3,-7.592576,21,1.0,97.0
GLAS,glas021,Control_202,14,C4,-8.685582,21,1.0,97.0
GLAS,glas021,Control_202,14,P7,5.335999,21,1.0,97.0
GLAS,glas021,Control_202,14,P8,-11.18285,21,1.0,97.0
GLAS,glas021,Control_202,14,O1,9.673929,21,1.0,97.0
GLAS,glas021,Control_202,14,O2,-7.278178,21,1.0,97.0
GLAS,glas021,Control_202,15,Pz,-16.26496,21,15.0,90.0
GLAS,glas021,Control_202,15,Cz,-14.70499,21,15.0,90.0
GLAS,glas021,Control_202,15,CP1,-3.192353,21,15.0,90.0
GLAS,glas021,Control_202,15,CP2,-15.06736,21,15.0,90.0
GLAS,glas021,Control_202,15,P3,-17.44484,21,15.0,90.0
GLAS,glas021,Control_202,15,P4,-14.60387,21,15.0,90.0
GLAS,glas021,Control_202,15,C3,-14.0342,21,15.0,90.0
GLAS,glas021,Control_202,15,C4,-14.58098,21,15.0,90.0
GLAS,glas021,Control_202,15,P7,-14.03939,21,15.0,90.0
GLAS,glas021,Control_202,15,P8,-13.62558,21,15.0,90.0
GLAS,glas021,Control_202,15,O1,-11.84759,21,15.0,90.0
GLAS,glas021,Control_202,15,O2,-22.65181,21,15.0,90.0
GLAS,glas021,Violation_201,16,Pz,4.652428,21,4.0,20.0
GLAS,glas021,Violation_201,16,Cz,-1.342536,21,4.0,20.0
GLAS,glas021,Violation_201,16,CP1,4.734571,21,4.0,20.0
GLAS,glas021,Violation_201,16,CP2,1.05909,21,4.0,20.0
GLAS,glas021,Violation_201,16,P3,4.623462,21,4.0,20.0
GLAS,glas021,Violation_201,16,P4,0.9353907,21,4.0,20.0
GLAS,glas021,Violation_201,16,C3,-0.6127,21,4.0,20.0
GLAS,glas021,Violation_201,16,C4,-1.547778,21,4.0,20.0
GLAS,glas021,Violation_201,16,P7,3.708044,21,4.0,20.0
GLAS,glas021,Violation_201,16,P8,0.3817104,21,4.0,20.0
GLAS,glas021,Violation_201,16,O1,3.623759,21,4.0,20.0
GLAS,glas021,Violation_201,16,O2,-11.97372,21,4.0,20.0
GLAS,glas021,Control_202,17,Pz,-1.143737,21,14.0,90.0
GLAS,glas021,Control_202,17,Cz,-5.819395,21,14.0,90.0
GLAS,glas021,Control_202,17,CP1,-4.62377,21,14.0,90.0
GLAS,glas021,Control_202,17,CP2,-16.70221,21,14.0,90.0
GLAS,glas021,Control_202,17,P3,4.818753,21,14.0,90.0
GLAS,glas021,Control_202,17,P4,-7.343193,21,14.0,90.0
GLAS,glas021,Control_202,17,C3,-6.57126,21,14.0,90.0
GLAS,glas021,Control_202,17,C4,-6.709199,21,14.0,90.0
GLAS,glas021,Control_202,17,P7,-6.760007,21,14.0,90.0
GLAS,glas021,Control_202,17,P8,-7.831703,21,14.0,90.0
GLAS,glas021,Control_202,17,O1,-5.158918,21,14.0,90.0
GLAS,glas021,Control_202,17,O2,-14.84846,21,14.0,90.0
GLAS,glas021,Violation_201,18,Pz,12.30859,21,16.0,0.0
GLAS,glas021,Violation_201,18,Cz,4.55564,21,16.0,0.0
GLAS,glas021,Violation_201,18,CP1,5.813028,21,16.0,0.0
GLAS,glas021,Violation_201,18,CP2,19.81666,21,16.0,0.0
GLAS,glas021,Violation_201,18,P3,11.70509,21,16.0,0.0
GLAS,glas021,Violation_201,18,P4,10.37068,21,16.0,0.0
GLAS,glas021,Violation_201,18,C3,9.665294,21,16.0,0.0
GLAS,glas021,Violation_201,18,C4,11.92355,21,16.0,0.0
GLAS,glas021,Violation_201,18,P7,7.703861,21,16.0,0.0
GLAS,glas021,Violation_201,18,P8,8.898266,21,16.0,0.0
GLAS,glas021,Violation_201,18,O1,7.751771,21,16.0,0.0
GLAS,glas021,Violation_201,18,O2,-4.634139,21,16.0,0.0
GLAS,glas021,Control_202,19,Pz,-7.70975,21,9.0,93.0
GLAS,glas021,Control_202,19,Cz,-12.68001,21,9.0,93.0
GLAS,glas021,Control_202,19,CP1,-9.836142,21,9.0,93.0
GLAS,glas021,Control_202,19,CP2,-3.745695,21,9.0,93.0
GLAS,glas021,Control_202,19,P3,-6.707169,21,9.0,93.0
GLAS,glas021,Control_202,19,P4,-16.59261,21,9.0,93.0
GLAS,glas021,Control_202,19,C3,-10.93901,21,9.0,93.0
GLAS,glas021,Control_202,19,C4,-15.61762,21,9.0,93.0
GLAS,glas021,Control_202,19,P7,-8.768939,21,9.0,93.0
GLAS,glas021,Control_202,19,P8,-18.12658,21,9.0,93.0
GLAS,glas021,Control_202,19,O1,-13.20848,21,9.0,93.0
GLAS,glas021,Control_202,19,O2,-12.17263,21,9.0,93.0
GLAS,glas021,Control_202,20,Pz,-1.712815,21,2.0,100.0
GLAS,glas021,Control_202,20,Cz,10.49169,21,2.0,100.0
GLAS,glas021,Control_202,20,CP1,-6.837208,21,2.0,100.0
GLAS,glas021,Control_202,20,CP2,-13.69443,21,2.0,100.0
GLAS,glas021,Control_202,20,P3,-5.324719,21,2.0,100.0
GLAS,glas021,Control_202,20,P4,2.609262,21,2.0,100.0
GLAS,glas021,Control_202,20,C3,3.479869,21,2.0,100.0
GLAS,glas021,Control_202,20,C4,3.81761,21,2.0,100.0
GLAS,glas021,Control_202,20,P7,6.089592,21,2.0,100.0
GLAS,glas021,Control_202,20,P8,1.36447,21,2.0,100.0
GLAS,glas021,Control_202,20,O1,5.814375,21,2.0,100.0
GLAS,glas021,Control_202,20,O2,-2.988053,21,2.0,100.0
GLAS,glas021,Violation_201,21,Pz,-4.316362,21,28.0,67.0
GLAS,glas021,Violation_201,21,Cz,0.8210331,21,28.0,67.0
GLAS,glas021,Violation_201,21,CP1,-10.13783,21,28.0,67.0
GLAS,glas021,Violation_201,21,CP2,-2.413377,21,28.0,67.0
GLAS,glas021,Violation_201,21,P3,-2.70473,21,28.0,67.0
GLAS,glas021,Violation_201,21,P4,-0.2644701,21,28.0,67.0
GLAS,glas021,Violation_201,21,C3,1.457618,21,28.0,67.0
GLAS,glas021,Violation_201,21,C4,0.1680781,21,28.0,67.0
GLAS,glas021,Violation_201,21,P7,-2.624435,21,28.0,67.0
GLAS,glas021,Violation_201,21,P8,0.9783965,21,28.0,67.0
GLAS,glas021,Violation_201,21,O1,-5.767452,21,28.0,67.0
GLAS,glas021,Violation_201,21,O2,-12.27492,21,28.0,67.0
GLAS,glas021,Control_202,22,Pz,0.2503943,21,39.0,97.0
GLAS,glas021,Control_202,22,Cz,-6.006409,21,39.0,97.0
GLAS,glas021,Control_202,22,CP1,-15.19944,21,39.0,97.0
GLAS,glas021,Control_202,22,CP2,-2.51272,21,39.0,97.0
GLAS,glas021,Control_202,22,P3,-7.444332,21,39.0,97.0
GLAS,glas021,Control_202,22,P4,0.2241347,21,39.0,97.0
GLAS,glas021,Control_202,22,C3,-4.089802,21,39.0,97.0
GLAS,glas021,Control_202,22,C4,-0.3678502,21,39.0,97.0
GLAS,glas021,Control_202,22,P7,-7.847942,21,39.0,97.0
GLAS,glas021,Control_202,22,P8,-0.1014938,21,39.0,97.0
GLAS,glas021,Control_202,22,O1,-0.6070397,21,39.0,97.0
GLAS,glas021,Control_202,22,O2,5.194386,21,39.0,97.0
GLAS,glas021,Control_202,23,Pz,15.85889,21,22.0,53.0
GLAS,glas021,Control_202,23,Cz,19.5073,21,22.0,53.0
GLAS,glas021,Control_202,23,CP1,4.393811,21,22.0,53.0
GLAS,glas021,Control_202,23,CP2,10.90198,21,22.0,53.0
GLAS,glas021,Control_202,23,P3,7.459864,21,22.0,53.0
GLAS,glas021,Control_202,23,P4,14.35636,21,22.0,53.0
GLAS,glas021,Control_202,23,C3,18.93872,21,22.0,53.0
GLAS,glas021,Control_202,23,C4,17.67663,21,22.0,53.0
GLAS,glas021,Control_202,23,P7,1.750005,21,22.0,53.0
GLAS,glas021,Control_202,23,P8,14.85272,21,22.0,53.0
GLAS,glas021,Control_202,23,O1,6.172088,21,22.0,53.0
GLAS,glas021,Control_202,23,O2,-3.110445,21,22.0,53.0
GLAS,glas021,Violation_201,24,Pz,13.88984,21,23.0,3.0
GLAS,glas021,Violation_201,24,Cz,14.16849,21,23.0,3.0
GLAS,glas021,Violation_201,24,CP1,1.81108,21,23.0,3.0
GLAS,glas021,Violation_201,24,CP2,9.561566,21,23.0,3.0
GLAS,glas021,Violation_201,24,P3,7.590854,21,23.0,3.0
GLAS,glas021,Violation_201,24,P4,11.60468,21,23.0,3.0
GLAS,glas021,Violation_201,24,C3,12.80475,21,23.0,3.0
GLAS,glas021,Violation_201,24,C4,11.87494,21,23.0,3.0
GLAS,glas021,Violation_201,24,P7,3.964808,21,23.0,3.0
GLAS,glas021,Violation_201,24,P8,9.29455,21,23.0,3.0
GLAS,glas021,Violation_201,24,O1,12.01591,21,23.0,3.0
GLAS,glas021,Violation_201,24,O2,-6.65732,21,23.0,3.0
GLAS,glas021,Violation_201,25,Pz,9.368245,21,34.0,30.0
GLAS,glas021,Violation_201,25,Cz,4.521777,21,34.0,30.0
GLAS,glas021,Violation_201,25,CP1,17.75057,21,34.0,30.0
GLAS,glas021,Violation_201,25,CP2,4.5252,21,34.0,30.0
GLAS,glas021,Violation_201,25,P3,11.8174,21,34.0,30.0
GLAS,glas021,Violation_201,25,P4,11.52215,21,34.0,30.0
GLAS,glas021,Violation_201,25,C3,6.847151,21,34.0,30.0
GLAS,glas021,Violation_201,25,C4,7.713397,21,34.0,30.0
GLAS,glas021,Violation_201,25,P7,3.435237,21,34.0,30.0
GLAS,glas021,Violation_201,25,P8,10.68825,21,34.0,30.0
GLAS,glas021,Violation_201,25,O1,9.692082,21,34.0,30.0
GLAS,glas021,Violation_201,25,O2,7.938925,21,34.0,30.0
GLAS,glas021,Violation_201,26,Pz,-20.61329,21,26.0,0.0
GLAS,glas021,Violation_201,26,Cz,-22.4464,21,26.0,0.0
GLAS,glas021,Violation_201,26,CP1,-18.81834,21,26.0,0.0
GLAS,glas021,Violation_201,26,CP2,-8.607318,21,26.0,0.0
GLAS,glas021,Violation_201,26,P3,-17.60148,21,26.0,0.0
GLAS,glas021,Violation_201,26,P4,-19.38472,21,26.0,0.0
GLAS,glas021,Violation_201,26,C3,-21.81948,21,26.0,0.0
GLAS,glas021,Violation_201,26,C4,-21.33612,21,26.0,0.0
GLAS,glas021,Violation_201,26,P7,-22.36425,21,26.0,0.0
GLAS,glas021,Violation_201,26,P8,-18.33801,21,26.0,0.0
GLAS,glas021,Violation_201,26,O1,-12.53528,21,26.0,0.0
GLAS,glas021,Violation_201,26,O2,-14.84688,21,26.0,0.0
GLAS,glas021,Control_202,27,Pz,0.04709733,21,25.0,97.0
GLAS,glas021,Control_202,27,Cz,1.391498,21,25.0,97.0
GLAS,glas021,Control_202,27,CP1,6.697655,21,25.0,97.0
GLAS,glas021,Control_202,27,CP2,23.86658,21,25.0,97.0
GLAS,glas021,Control_202,27,P3,4.771689,21,25.0,97.0
GLAS,glas021,Control_202,27,P4,2.216642,21,25.0,97.0
GLAS,glas021,Control_202,27,C3,1.261715,21,25.0,97.0
GLAS,glas021,Control_202,27,C4,3.51059,21,25.0,97.0
GLAS,glas021,Control_202,27,P7,9.244189,21,25.0,97.0
GLAS,glas021,Control_202,27,P8,3.955172,21,25.0,97.0
GLAS,glas021,Control_202,27,O1,11.17111,21,25.0,97.0
GLAS,glas021,Control_202,27,O2,6.154381,21,25.0,97.0
GLAS,glas021,Control_202,28,Pz,5.299812,21,32.0,80.0
GLAS,glas021,Control_202,28,Cz,5.140169,21,32.0,80.0
GLAS,glas021,Control_202,28,CP1,7.98562,21,32.0,80.0
GLAS,glas021,Control_202,28,CP2,5.765644,21,32.0,80.0
GLAS,glas021,Control_202,28,P3,9.825715,21,32.0,80.0
GLAS,glas021,Control_202,28,P4,13.98958,21,32.0,80.0
GLAS,glas021,Control_202,28,C3,10.25539,21,32.0,80.0
GLAS,glas021,Control_202,28,C4,11.89203,21,32.0,80.0
GLAS,glas021,Control_202,28,P7,17.50686,21,32.0,80.0
GLAS,glas021,Control_202,28,P8,12.94962,21,32.0,80.0
GLAS,glas021,Control_202,28,O1,9.670192,21,32.0,80.0
GLAS,glas021,Control_202,28,O2,10.54422,21,32.0,80.0
GLAS,glas021,Violation_201,29,Pz,-6.936016,21,37.0,0.0
GLAS,glas021,Violation_201,29,Cz,-3.733075,21,37.0,0.0
GLAS,glas021,Violation_201,29,CP1,-13.88603,21,37.0,0.0
GLAS,glas021,Violation_201,29,CP2,-6.915881,21,37.0,0.0
GLAS,glas021,Violation_201,29,P3,-3.707045,21,37.0,0.0
GLAS,glas021,Violation_201,29,P4,-4.760876,21,37.0,0.0
GLAS,glas021,Violation_201,29,C3,-3.816923,21,37.0,0.0
GLAS,glas021,Violation_201,29,C4,-5.619158,21,37.0,0.0
GLAS,glas021,Violation_201,29,P7,-9.32092,21,37.0,0.0
GLAS,glas021,Violation_201,29,P8,-3.897544,21,37.0,0.0
GLAS,glas021,Violation_201,29,O1,3.979124,21,37.0,0.0
GLAS,glas021,Violation_201,29,O2,6.885691,21,37.0,0.0
GLAS,glas021,Violation_201,30,Pz,-7.877008,21,35.0,0.0
GLAS,glas021,Violation_201,30,Cz,-4.958391,21,35.0,0.0
GLAS,glas021,Violation_201,30,CP1,-7.141587,21,35.0,0.0
GLAS,glas021,Violation_201,30,CP2,3.211864,21,35.0,0.0
GLAS,glas021,Violation_201,30,P3,-4.36655,21,35.0,0.0
GLAS,glas021,Violation_201,30,P4,-1.804898,21,35.0,0.0
GLAS,glas021,Violation_201,30,C3,-6.29566,21,35.0,0.0
GLAS,glas021,Violation_201,30,C4,-4.021818,21,35.0,0.0
GLAS,glas021,Violation_201,30,P7,-9.396916,21,35.0,0.0
GLAS,glas021,Violation_201,30,P8,-1.459283,21,35.0,0.0
GLAS,glas021,Violation_201,30,O1,4.32644,21,35.0,0.0
GLAS,glas021,Violation_201,30,O2,4.28069,21,35.0,0.0
GLAS,glas021,Control_202,31,Pz,22.80314,21,31.0,77.0
GLAS,glas021,Control_202,31,Cz,21.12259,21,31.0,77.0
GLAS,glas021,Control_202,31,CP1,11.51563,21,31.0,77.0
GLAS,glas021,Control_202,31,CP2,11.9721,21,31.0,77.0
GLAS,glas021,Control_202,31,P3,17.14282,21,31.0,77.0
GLAS,glas021,Control_202,31,P4,19.27289,21,31.0,77.0
GLAS,glas021,Control_202,31,C3,19.68751,21,31.0,77.0
GLAS,glas021,Control_202,31,C4,19.6693,21,31.0,77.0
GLAS,glas021,Control_202,31,P7,6.025142,21,31.0,77.0
GLAS,glas021,Control_202,31,P8,18.2215,21,31.0,77.0
GLAS,glas021,Control_202,31,O1,11.14472,21,31.0,77.0
GLAS,glas021,Control_202,31,O2,12.2715,21,31.0,77.0
GLAS,glas021,Violation_201,32,Pz,-18.83166,21,36.0,7.0
GLAS,glas021,Violation_201,32,Cz,-15.60641,21,36.0,7.0
GLAS,glas021,Violation_201,32,CP1,-13.7641,21,36.0,7.0
GLAS,glas021,Violation_201,32,CP2,-16.6572,21,36.0,7.0
GLAS,glas021,Violation_201,32,P3,-15.64966,21,36.0,7.0
GLAS,glas021,Violation_201,32,P4,-11.98131,21,36.0,7.0
GLAS,glas021,Violation_201,32,C3,-16.48562,21,36.0,7.0
GLAS,glas021,Violation_201,32,C4,-12.8024,21,36.0,7.0
GLAS,glas021,Violation_201,32,P7,-16.18031,21,36.0,7.0
GLAS,glas021,Violation_201,32,P8,-11.30364,21,36.0,7.0
GLAS,glas021,Violation_201,32,O1,-7.11992,21,36.0,7.0
GLAS,glas021,Violation_201,32,O2,5.586377,21,36.0,7.0
GLAS,glas021,Control_202,33,Pz,-0.1754246,21,29.0,90.0
GLAS,glas021,Control_202,33,Cz,-4.4656,21,29.0,90.0
GLAS,glas021,Control_202,33,CP1,-3.400962,21,29.0,90.0
GLAS,glas021,Control_202,33,CP2,-2.395049,21,29.0,90.0
GLAS,glas021,Control_202,33,P3,-0.2949038,21,29.0,90.0
GLAS,glas021,Control_202,33,P4,-2.115781,21,29.0,90.0
GLAS,glas021,Control_202,33,C3,-2.537716,21,29.0,90.0
GLAS,glas021,Control_202,33,C4,-3.742107,21,29.0,90.0
GLAS,glas021,Control_202,33,P7,5.640187,21,29.0,90.0
GLAS,glas021,Control_202,33,P8,-1.983904,21,29.0,90.0
GLAS,glas021,Control_202,33,O1,-0.8803433,21,29.0,90.0
GLAS,glas021,Control_202,33,O2,-6.654037,21,29.0,90.0
GLAS,glas021,Violation_201,34,Pz,0.8845016,21,30.0,0.0
GLAS,glas021,Violation_201,34,Cz,-1.281783,21,30.0,0.0
GLAS,glas021,Violation_201,34,CP1,-1.577442,21,30.0,0.0
GLAS,glas021,Violation_201,34,CP2,-12.68328,21,30.0,0.0
GLAS,glas021,Violation_201,34,P3,3.20839,21,30.0,0.0
GLAS,glas021,Violation_201,34,P4,-2.361056,21,30.0,0.0
GLAS,glas021,Violation_201,34,C3,-2.404076,21,30.0,0.0
GLAS,glas021,Violation_201,34,C4,-2.270219,21,30.0,0.0
GLAS,glas021,Violation_201,34,P7,-2.894983,21,30.0,0.0
GLAS,glas021,Violation_201,34,P8,-2.274541,21,30.0,0.0
GLAS,glas021,Violation_201,34,O1,0.0320433,21,30.0,0.0
GLAS,glas021,Violation_201,34,O2,0.8045278,21,30.0,0.0
GLAS,glas021,Control_202,35,Pz,-8.963109,21,40.0,93.0
GLAS,glas021,Control_202,35,Cz,-3.398704,21,40.0,93.0
GLAS,glas021,Control_202,35,CP1,9.41726,21,40.0,93.0
GLAS,glas021,Control_202,35,CP2,-9.533469,21,40.0,93.0
GLAS,glas021,Control_202,35,P3,-5.32167,21,40.0,93.0
GLAS,glas021,Control_202,35,P4,-1.796579,21,40.0,93.0
GLAS,glas021,Control_202,35,C3,-3.882054,21,40.0,93.0
GLAS,glas021,Control_202,35,C4,-1.991771,21,40.0,93.0
GLAS,glas021,Control_202,35,P7,-7.123785,21,40.0,93.0
GLAS,glas021,Control_202,35,P8,-1.796254,21,40.0,93.0
GLAS,glas021,Control_202,35,O1,-5.93946,21,40.0,93.0
GLAS,glas021,Control_202,35,O2,3.117806,21,40.0,93.0
GLAS,glas021,Control_202,36,Pz,-6.67697,21,27.0,97.0
GLAS,glas021,Control_202,36,Cz,-4.822659,21,27.0,97.0
GLAS,glas021,Control_202,36,CP1,-5.771221,21,27.0,97.0
GLAS,glas021,Control_202,36,CP2,2.93256,21,27.0,97.0
GLAS,glas021,Control_202,36,P3,-1.558411,21,27.0,97.0
GLAS,glas021,Control_202,36,P4,-2.634941,21,27.0,97.0
GLAS,glas021,Control_202,36,C3,-5.758051,21,27.0,97.0
GLAS,glas021,Control_202,36,C4,-3.330366,21,27.0,97.0
GLAS,glas021,Control_202,36,P7,1.31164,21,27.0,97.0
GLAS,glas021,Control_202,36,P8,-1.046614,21,27.0,97.0
GLAS,glas021,Control_202,36,O1,1.95364,21,27.0,97.0
GLAS,glas021,Control_202,36,O2,5.517138,21,27.0,97.0
GLAS,glas021,Control_202,37,Pz,7.81404,21,21.0,77.0
GLAS,glas021,Control_202,37,Cz,7.547264,21,21.0,77.0
GLAS,glas021,Control_202,37,CP1,8.554151,21,21.0,77.0
GLAS,glas021,Control_202,37,CP2,4.456935,21,21.0,77.0
GLAS,glas021,Control_202,37,P3,12.34947,21,21.0,77.0
GLAS,glas021,Control_202,37,P4,12.35213,21,21.0,77.0
GLAS,glas021,Control_202,37,C3,11.06753,21,21.0,77.0
GLAS,glas021,Control_202,37,C4,11.12979,21,21.0,77.0
GLAS,glas021,Control_202,37,P7,5.459303,21,21.0,77.0
GLAS,glas021,Control_202,37,P8,11.76784,21,21.0,77.0
GLAS,glas021,Control_202,37,O1,13.98514,21,21.0,77.0
GLAS,glas021,Control_202,37,O2,4.043568,21,21.0,77.0
GLAS,glas021,Violation_201,38,Pz,-0.4766718,21,38.0,0.0
GLAS,glas021,Violation_201,38,Cz,0.5944749,21,38.0,0.0
GLAS,glas021,Violation_201,38,CP1,4.47286,21,38.0,0.0
GLAS,glas021,Violation_201,38,CP2,19.25766,21,38.0,0.0
GLAS,glas021,Violation_201,38,P3,4.209394,21,38.0,0.0
GLAS,glas021,Violation_201,38,P4,0.9901226,21,38.0,0.0
GLAS,glas021,Violation_201,38,C3,0.224294,21,38.0,0.0
GLAS,glas021,Violation_201,38,C4,-0.460522,21,38.0,0.0
GLAS,glas021,Violation_201,38,P7,6.257037,21,38.0,0.0
GLAS,glas021,Violation_201,38,P8,0.3307084,21,38.0,0.0
GLAS,glas021,Violation_201,38,O1,5.360976,21,38.0,0.0
GLAS,glas021,Violation_201,38,O2,5.855855,21,38.0,0.0
GLAS,glas021,Violation_201,39,Pz,2.789336,21,24.0,40.0
GLAS,glas021,Violation_201,39,Cz,-1.364889,21,24.0,40.0
GLAS,glas021,Violation_201,39,CP1,-6.132346,21,24.0,40.0
GLAS,glas021,Violation_201,39,CP2,-0.4389238,21,24.0,40.0
GLAS,glas021,Violation_201,39,P3,3.746212,21,24.0,40.0
GLAS,glas021,Violation_201,39,P4,0.4251014,21,24.0,40.0
GLAS,glas021,Violation_201,39,C3,-1.336619,21,24.0,40.0
GLAS,glas021,Violation_201,39,C4,-0.6570011,21,24.0,40.0
GLAS,glas021,Violation_201,39,P7,-10.79911,21,24.0,40.0
GLAS,glas021,Violation_201,39,P8,2.069067,21,24.0,40.0
GLAS,glas021,Violation_201,39,O1,-1.135627,21,24.0,40.0
GLAS,glas021,Violation_201,39,O2,5.814037,21,24.0,40.0
GLAS,glas022,Control_202,1,Pz,-5.194414,22,3.0,100.0
GLAS,glas022,Control_202,1,Cz,-11.16597,22,3.0,100.0
GLAS,glas022,Control_202,1,CP1,-3.307409,22,3.0,100.0
GLAS,glas022,Control_202,1,CP2,-13.09338,22,3.0,100.0
GLAS,glas022,Control_202,1,P3,-6.702164,22,3.0,100.0
GLAS,glas022,Control_202,1,P4,-12.19929,22,3.0,100.0
GLAS,glas022,Control_202,1,C3,-10.0781,22,3.0,100.0
GLAS,glas022,Control_202,1,C4,-11.56025,22,3.0,100.0
GLAS,glas022,Control_202,1,P7,-9.434045,22,3.0,100.0
GLAS,glas022,Control_202,1,P8,-13.15691,22,3.0,100.0
GLAS,glas022,Control_202,1,O1,-5.302011,22,3.0,100.0
GLAS,glas022,Control_202,1,O2,-14.81896,22,3.0,100.0
GLAS,glas022,Control_202,2,Pz,-19.8086,22,11.0,87.0
GLAS,glas022,Control_202,2,Cz,-15.91934,22,11.0,87.0
GLAS,glas022,Control_202,2,CP1,-22.24041,22,11.0,87.0
GLAS,glas022,Control_202,2,CP2,-12.51971,22,11.0,87.0
GLAS,glas022,Control_202,2,P3,-18.69563,22,11.0,87.0
GLAS,glas022,Control_202,2,P4,-17.50955,22,11.0,87.0
GLAS,glas022,Control_202,2,C3,-15.75372,22,11.0,87.0
GLAS,glas022,Control_202,2,C4,-17.20887,22,11.0,87.0
GLAS,glas022,Control_202,2,P7,-13.91195,22,11.0,87.0
GLAS,glas022,Control_202,2,P8,-11.85204,22,11.0,87.0
GLAS,glas022,Control_202,2,O1,-17.93143,22,11.0,87.0
GLAS,glas022,Control_202,2,O2,-1.147701,22,11.0,87.0
GLAS,glas022,Violation_201,3,Pz,1.912734,22,12.0,13.0
GLAS,glas022,Violation_201,3,Cz,2.349654,22,12.0,13.0
GLAS,glas022,Violation_201,3,CP1,6.272936,22,12.0,13.0
GLAS,glas022,Violation_201,3,CP2,-3.592336,22,12.0,13.0
GLAS,glas022,Violation_201,3,P3,0.9663601,22,12.0,13.0
GLAS,glas022,Violation_201,3,P4,1.338386,22,12.0,13.0
GLAS,glas022,Violation_201,3,C3,2.935831,22,12.0,13.0
GLAS,glas022,Violation_201,3,C4,1.776286,22,12.0,13.0
GLAS,glas022,Violation_201,3,P7,-13.82719,22,12.0,13.0
GLAS,glas022,Violation_201,3,P8,2.402338,22,12.0,13.0
GLAS,glas022,Violation_201,3,O1,-1.60122,22,12.0,13.0
GLAS,glas022,Violation_201,3,O2,-5.309533,22,12.0,13.0
GLAS,glas022,Control_202,4,Pz,-12.37323,22,10.0,80.0
GLAS,glas022,Control_202,4,Cz,-11.91043,22,10.0,80.0
GLAS,glas022,Control_202,4,CP1,-8.668912,22,10.0,80.0
GLAS,glas022,Control_202,4,CP2,-15.32386,22,10.0,80.0
GLAS,glas022,Control_202,4,P3,-10.16617,22,10.0,80.0
GLAS,glas022,Control_202,4,P4,-9.993104,22,10.0,80.0
GLAS,glas022,Control_202,4,C3,-11.21888,22,10.0,80.0
GLAS,glas022,Control_202,4,C4,-12.73841,22,10.0,80.0
GLAS,glas022,Control_202,4,P7,1.85549,22,10.0,80.0
GLAS,glas022,Control_202,4,P8,-12.10532,22,10.0,80.0
GLAS,glas022,Control_202,4,O1,-7.515477,22,10.0,80.0
GLAS,glas022,Control_202,4,O2,-3.997016,22,10.0,80.0
GLAS,glas022,Control_202,5,Pz,15.82928,22,15.0,90.0
GLAS,glas022,Control_202,5,Cz,16.51263,22,15.0,90.0
GLAS,glas022,Control_202,5,CP1,10.6037,22,15.0,90.0
GLAS,glas022,Control_202,5,CP2,16.0488,22,15.0,90.0
GLAS,glas022,Control_202,5,P3,17.70337,22,15.0,90.0
GLAS,glas022,Control_202,5,P4,15.53835,22,15.0,90.0
GLAS,glas022,Control_202,5,C3,16.10643,22,15.0,90.0
GLAS,glas022,Control_202,5,C4,16.2336,22,15.0,90.0
GLAS,glas022,Control_202,5,P7,25.3875,22,15.0,90.0
GLAS,glas022,Control_202,5,P8,16.04628,22,15.0,90.0
GLAS,glas022,Control_202,5,O1,22.15332,22,15.0,90.0
GLAS,glas022,Control_202,5,O2,18.41665,22,15.0,90.0
GLAS,glas022,Violation_201,6,Pz,29.22911,22,5.0,0.0
GLAS,glas022,Violation_201,6,Cz,30.94509,22,5.0,0.0
GLAS,glas022,Violation_201,6,CP1,34.73203,22,5.0,0.0
GLAS,glas022,Violation_201,6,CP2,23.59461,22,5.0,0.0
GLAS,glas022,Violation_201,6,P3,30.89366,22,5.0,0.0
GLAS,glas022,Violation_201,6,P4,30.7428,22,5.0,0.0
GLAS,glas022,Violation_201,6,C3,30.50954,22,5.0,0.0
GLAS,glas022,Violation_201,6,C4,31.84527,22,5.0,0.0
GLAS,glas022,Violation_201,6,P7,31.40241,22,5.0,0.0
GLAS,glas022,Violation_201,6,P8,31.53252,22,5.0,0.0
GLAS,glas022,Violation_201,6,O1,22.33288,22,5.0,0.0
GLAS,glas022,Violation_201,6,O2,18.71665,22,5.0,0.0
GLAS,glas022,Violation_201,7,Pz,-5.488669,22,19.0,0.0
GLAS,glas022,Violation_201,7,Cz,-3.386642,22,19.0,0.0
GLAS,glas022,Violation_201,7,CP1,-8.170441,22,19.0,0.0
GLAS,glas022,Violation_201,7,CP2,2.939187,22,19.0,0.0
GLAS,glas022,Violation_201,7,P3,-4.72718,22,19.0,0.0
GLAS,glas022,Violation_201,7,P4,-0.136415,22,19.0,0.0
GLAS,glas022,Violation_201,7,C3,-4.843869,22,19.0,0.0
GLAS,glas022,Violation_201,7,C4,-3.836488,22,19.0,0.0
GLAS,glas022,Violation_201,7,P7,-10.48243,22,19.0,0.0
GLAS,glas022,Violation_201,7,P8,-1.094574,22,19.0,0.0
GLAS,glas022,Violation_201,7,O1,-4.540442,22,19.0,0.0
GLAS,glas022,Violation_201,7,O2,8.725738,22,19.0,0.0
GLAS,glas022,Control_202,8,Pz,-10.33925,22,18.0,87.0
GLAS,glas022,Control_202,8,Cz,-12.88769,22,18.0,87.0
GLAS,glas022,Control_202,8,CP1,-9.232513,22,18.0,87.0
GLAS,glas022,Control_202,8,CP2,-9.841413,22,18.0,87.0
GLAS,glas022,Control_202,8,P3,-11.17797,22,18.0,87.0
GLAS,glas022,Control_202,8,P4,-14.61335,22,18.0,87.0
GLAS,glas022,Control_202,8,C3,-12.403,22,18.0,87.0
GLAS,glas022,Control_202,8,C4,-13.69067,22,18.0,87.0
GLAS,glas022,Control_202,8,P7,-11.60873,22,18.0,87.0
GLAS,glas022,Control_202,8,P8,-12.02347,22,18.0,87.0
GLAS,glas022,Control_202,8,O1,-9.195948,22,18.0,87.0
GLAS,glas022,Control_202,8,O2,-3.672609,22,18.0,87.0
GLAS,glas022,Violation_201,9,Pz,-26.06506,22,6.0,0.0
GLAS,glas022,Violation_201,9,Cz,-27.50386,22,6.0,0.0
GLAS,glas022,Violation_201,9,CP1,-21.74326,22,6.0,0.0
GLAS,glas022,Violation_201,9,CP2,-26.7557,22,6.0,0.0
GLAS,glas022,Violation_201,9,P3,-23.55165,22,6.0,0.0
GLAS,glas022,Violation_201,9,P4,-24.99456,22,6.0,0.0
GLAS,glas022,Violation_201,9,C3,-26.43424,22,6.0,0.0
GLAS,glas022,Violation_201,9,C4,-23.45298,22,6.0,0.0
GLAS,glas022,Violation_201,9,P7,-26.46484,22,6.0,0.0
GLAS,glas022,Violation_201,9,P8,-25.88996,22,6.0,0.0
GLAS,glas022,Violation_201,9,O1,-22.42244,22,6.0,0.0
GLAS,glas022,Violation_201,9,O2,-30.73631,22,6.0,0.0
GLAS,glas022,Violation_201,10,Pz,-4.176982,22,8.0,34.0
GLAS,glas022,Violation_201,10,Cz,-6.665403,22,8.0,34.0
GLAS,glas022,Violation_201,10,CP1,-5.302464,22,8.0,34.0
GLAS,glas022,Violation_201,10,CP2,-5.760145,22,8.0,34.0
GLAS,glas022,Violation_201,10,P3,-4.658787,22,8.0,34.0
GLAS,glas022,Violation_201,10,P4,-5.111086,22,8.0,34.0
GLAS,glas022,Violation_201,10,C3,-5.577478,22,8.0,34.0
GLAS,glas022,Violation_201,10,C4,-4.995792,22,8.0,34.0
GLAS,glas022,Violation_201,10,P7,-5.316931,22,8.0,34.0
GLAS,glas022,Violation_201,10,P8,-8.415689,22,8.0,34.0
GLAS,glas022,Violation_201,10,O1,-3.738998,22,8.0,34.0
GLAS,glas022,Violation_201,10,O2,-4.750915,22,8.0,34.0
GLAS,glas022,Violation_201,11,Pz,-15.55538,22,2.0,3.0
GLAS,glas022,Violation_201,11,Cz,-14.95835,22,2.0,3.0
GLAS,glas022,Violation_201,11,CP1,-17.18275,22,2.0,3.0
GLAS,glas022,Violation_201,11,CP2,-15.81698,22,2.0,3.0
GLAS,glas022,Violation_201,11,P3,-15.30337,22,2.0,3.0
GLAS,glas022,Violation_201,11,P4,-15.18928,22,2.0,3.0
GLAS,glas022,Violation_201,11,C3,-11.55627,22,2.0,3.0
GLAS,glas022,Violation_201,11,C4,-13.69037,22,2.0,3.0
GLAS,glas022,Violation_201,11,P7,-27.83145,22,2.0,3.0
GLAS,glas022,Violation_201,11,P8,-11.96044,22,2.0,3.0
GLAS,glas022,Violation_201,11,O1,-17.56275,22,2.0,3.0
GLAS,glas022,Violation_201,11,O2,-8.437738,22,2.0,3.0
GLAS,glas022,Control_202,12,Pz,15.24966,22,20.0,90.0
GLAS,glas022,Control_202,12,Cz,16.06706,22,20.0,90.0
GLAS,glas022,Control_202,12,CP1,16.30482,22,20.0,90.0
GLAS,glas022,Control_202,12,CP2,18.14201,22,20.0,90.0
GLAS,glas022,Control_202,12,P3,9.732887,22,20.0,90.0
GLAS,glas022,Control_202,12,P4,15.85924,22,20.0,90.0
GLAS,glas022,Control_202,12,C3,16.35185,22,20.0,90.0
GLAS,glas022,Control_202,12,C4,15.27703,22,20.0,90.0
GLAS,glas022,Control_202,12,P7,14.71294,22,20.0,90.0
GLAS,glas022,Control_202,12,P8,14.72431,22,20.0,90.0
GLAS,glas022,Control_202,12,O1,14.7021,22,20.0,90.0
GLAS,glas022,Control_202,12,O2,11.82547,22,20.0,90.0
GLAS,glas022,Control_202,13,Pz,14.30471,22,7.0,80.0
GLAS,glas022,Control_202,13,Cz,11.3293,22,7.0,80.0
GLAS,glas022,Control_202,13,CP1,20.58619,22,7.0,80.0
GLAS,glas022,Control_202,13,CP2,12.60865,22,7.0,80.0
GLAS,glas022,Control_202,13,P3,15.57104,22,7.0,80.0
GLAS,glas022,Control_202,13,P4,15.55727,22,7.0,80.0
GLAS,glas022,Control_202,13,C3,14.64245,22,7.0,80.0
GLAS,glas022,Control_202,13,C4,14.53229,22,7.0,80.0
GLAS,glas022,Control_202,13,P7,2.648189,22,7.0,80.0
GLAS,glas022,Control_202,13,P8,14.35486,22,7.0,80.0
GLAS,glas022,Control_202,13,O1,4.110963,22,7.0,80.0
GLAS,glas022,Control_202,13,O2,9.01868,22,7.0,80.0
GLAS,glas022,Control_202,14,Pz,8.809186,22,14.0,90.0
GLAS,glas022,Control_202,14,Cz,10.08326,22,14.0,90.0
GLAS,glas022,Control_202,14,CP1,4.252478,22,14.0,90.0
GLAS,glas022,Control_202,14,CP2,2.31501,22,14.0,90.0
GLAS,glas022,Control_202,14,P3,5.991115,22,14.0,90.0
GLAS,glas022,Control_202,14,P4,8.922563,22,14.0,90.0
GLAS,glas022,Control_202,14,C3,9.830215,22,14.0,90.0
GLAS,glas022,Control_202,14,C4,9.090363,22,14.0,90.0
GLAS,glas022,Control_202,14,P7,-4.837402,22,14.0,90.0
GLAS,glas022,Control_202,14,P8,9.650904,22,14.0,90.0
GLAS,glas022,Control_202,14,O1,4.198319,22,14.0,90.0
GLAS,glas022,Control_202,14,O2,7.272089,22,14.0,90.0
GLAS,glas022,Control_202,15,Pz,-0.4594713,22,9.0,93.0
GLAS,glas022,Control_202,15,Cz,0.4329562,22,9.0,93.0
GLAS,glas022,Control_202,15,CP1,2.488232,22,9.0,93.0
GLAS,glas022,Control_202,15,CP2,-0.2079956,22,9.0,93.0
GLAS,glas022,Control_202,15,P3,2.91079,22,9.0,93.0
GLAS,glas022,Control_202,15,P4,-2.604913,22,9.0,93.0
GLAS,glas022,Control_202,15,C3,0.7129996,22,9.0,93.0
GLAS,glas022,Control_202,15,C4,-2.401136,22,9.0,93.0
GLAS,glas022,Control_202,15,P7,4.844212,22,9.0,93.0
GLAS,glas022,Control_202,15,P8,-0.3581109,22,9.0,93.0
GLAS,glas022,Control_202,15,O1,8.613119,22,9.0,93.0
GLAS,glas022,Control_202,15,O2,-2.364068,22,9.0,93.0
GLAS,glas022,Violation_201,16,Pz,-17.32821,22,17.0,0.0
GLAS,glas022,Violation_201,16,Cz,-18.16058,22,17.0,0.0
GLAS,glas022,Violation_201,16,CP1,-13.58156,22,17.0,0.0
GLAS,glas022,Violation_201,16,CP2,-17.46306,22,17.0,0.0
GLAS,glas022,Violation_201,16,P3,-15.01049,22,17.0,0.0
GLAS,glas022,Violation_201,16,P4,-15.88157,22,17.0,0.0
GLAS,glas022,Violation_201,16,C3,-21.92461,22,17.0,0.0
GLAS,glas022,Violation_201,16,C4,-19.40434,22,17.0,0.0
GLAS,glas022,Violation_201,16,P7,-1.59577,22,17.0,0.0
GLAS,glas022,Violation_201,16,P8,-15.85763,22,17.0,0.0
GLAS,glas022,Violation_201,16,O1,-15.11869,22,17.0,0.0
GLAS,glas022,Violation_201,16,O2,-13.43834,22,17.0,0.0
GLAS,glas022,Violation_201,17,Pz,-1.502247,22,1.0,0.0
GLAS,glas022,Violation_201,17,Cz,-6.107363,22,1.0,0.0
GLAS,glas022,Violation_201,17,CP1,1.763314,22,1.0,0.0
GLAS,glas022,Violation_201,17,CP2,-1.204809,22,1.0,0.0
GLAS,glas022,Violation_201,17,P3,1.422527,22,1.0,0.0
GLAS,glas022,Violation_201,17,P4,-0.6612397,22,1.0,0.0
GLAS,glas022,Violation_201,17,C3,-3.528706,22,1.0,0.0
GLAS,glas022,Violation_201,17,C4,-2.757076,22,1.0,0.0
GLAS,glas022,Violation_201,17,P7,2.464371,22,1.0,0.0
GLAS,glas022,Violation_201,17,P8,-0.4148925,22,1.0,0.0
GLAS,glas022,Violation_201,17,O1,-4.842331,22,1.0,0.0
GLAS,glas022,Violation_201,17,O2,0.3174865,22,1.0,0.0
GLAS,glas022,Control_202,18,Pz,14.20736,22,4.0,93.0
GLAS,glas022,Control_202,18,Cz,10.54992,22,4.0,93.0
GLAS,glas022,Control_202,18,CP1,4.746466,22,4.0,93.0
GLAS,glas022,Control_202,18,CP2,9.887115,22,4.0,93.0
GLAS,glas022,Control_202,18,P3,13.79355,22,4.0,93.0
GLAS,glas022,Control_202,18,P4,13.82147,22,4.0,93.0
GLAS,glas022,Control_202,18,C3,13.31786,22,4.0,93.0
GLAS,glas022,Control_202,18,C4,13.62247,22,4.0,93.0
GLAS,glas022,Control_202,18,P7,-0.3178686,22,4.0,93.0
GLAS,glas022,Control_202,18,P8,14.42957,22,4.0,93.0
GLAS,glas022,Control_202,18,O1,11.82488,22,4.0,93.0
GLAS,glas022,Control_202,18,O2,7.689891,22,4.0,93.0
GLAS,glas022,Violation_201,19,Pz,10.6701,22,13.0,0.0
GLAS,glas022,Violation_201,19,Cz,14.05767,22,13.0,0.0
GLAS,glas022,Violation_201,19,CP1,15.44547,22,13.0,0.0
GLAS,glas022,Violation_201,19,CP2,11.34999,22,13.0,0.0
GLAS,glas022,Violation_201,19,P3,9.07738,22,13.0,0.0
GLAS,glas022,Violation_201,19,P4,10.13275,22,13.0,0.0
GLAS,glas022,Violation_201,19,C3,7.596538,22,13.0,0.0
GLAS,glas022,Violation_201,19,C4,10.96708,22,13.0,0.0
GLAS,glas022,Violation_201,19,P7,14.44006,22,13.0,0.0
GLAS,glas022,Violation_201,19,P8,5.019954,22,13.0,0.0
GLAS,glas022,Violation_201,19,O1,9.016865,22,13.0,0.0
GLAS,glas022,Violation_201,19,O2,11.25543,22,13.0,0.0
GLAS,glas022,Violation_201,20,Pz,16.19706,22,16.0,0.0
GLAS,glas022,Violation_201,20,Cz,18.84072,22,16.0,0.0
GLAS,glas022,Violation_201,20,CP1,21.33456,22,16.0,0.0
GLAS,glas022,Violation_201,20,CP2,12.1391,22,16.0,0.0
GLAS,glas022,Violation_201,20,P3,17.12515,22,16.0,0.0
GLAS,glas022,Violation_201,20,P4,15.38151,22,16.0,0.0
GLAS,glas022,Violation_201,20,C3,20.35378,22,16.0,0.0
GLAS,glas022,Violation_201,20,C4,17.52275,22,16.0,0.0
GLAS,glas022,Violation_201,20,P7,9.701971,22,16.0,0.0
GLAS,glas022,Violation_201,20,P8,19.47088,22,16.0,0.0
GLAS,glas022,Violation_201,20,O1,12.51346,22,16.0,0.0
GLAS,glas022,Violation_201,20,O2,9.147332,22,16.0,0.0
GLAS,glas022,Control_202,21,Pz,8.221952,22,32.0,80.0
GLAS,glas022,Control_202,21,Cz,10.98726,22,32.0,80.0
GLAS,glas022,Control_202,21,CP1,14.78633,22,32.0,80.0
GLAS,glas022,Control_202,21,CP2,4.094467,22,32.0,80.0
GLAS,glas022,Control_202,21,P3,14.35814,22,32.0,80.0
GLAS,glas022,Control_202,21,P4,5.720531,22,32.0,80.0
GLAS,glas022,Control_202,21,C3,12.33023,22,32.0,80.0
GLAS,glas022,Control_202,21,C4,6.956316,22,32.0,80.0
GLAS,glas022,Control_202,21,P7,11.30278,22,32.0,80.0
GLAS,glas022,Control_202,21,P8,8.677655,22,32.0,80.0
GLAS,glas022,Control_202,21,O1,4.24601,22,32.0,80.0
GLAS,glas022,Control_202,21,O2,-1.114618,22,32.0,80.0
GLAS,glas022,Control_202,22,Pz,15.37452,22,23.0,93.0
GLAS,glas022,Control_202,22,Cz,12.46809,22,23.0,93.0
GLAS,glas022,Control_202,22,CP1,11.60903,22,23.0,93.0
GLAS,glas022,Control_202,22,CP2,11.46086,22,23.0,93.0
GLAS,glas022,Control_202,22,P3,17.89589,22,23.0,93.0
GLAS,glas022,Control_202,22,P4,15.53134,22,23.0,93.0
GLAS,glas022,Control_202,22,C3,12.26531,22,23.0,93.0
GLAS,glas022,Control_202,22,C4,15.21698,22,23.0,93.0
GLAS,glas022,Control_202,22,P7,19.28008,22,23.0,93.0
GLAS,glas022,Control_202,22,P8,18.09843,22,23.0,93.0
GLAS,glas022,Control_202,22,O1,8.172531,22,23.0,93.0
GLAS,glas022,Control_202,22,O2,4.630181,22,23.0,93.0
GLAS,glas022,Violation_201,23,Pz,11.05403,22,35.0,0.0
GLAS,glas022,Violation_201,23,Cz,6.646683,22,35.0,0.0
GLAS,glas022,Violation_201,23,CP1,7.190656,22,35.0,0.0
GLAS,glas022,Violation_201,23,CP2,4.39808,22,35.0,0.0
GLAS,glas022,Violation_201,23,P3,10.57276,22,35.0,0.0
GLAS,glas022,Violation_201,23,P4,8.079689,22,35.0,0.0
GLAS,glas022,Violation_201,23,C3,6.87035,22,35.0,0.0
GLAS,glas022,Violation_201,23,C4,7.645443,22,35.0,0.0
GLAS,glas022,Violation_201,23,P7,-0.215418,22,35.0,0.0
GLAS,glas022,Violation_201,23,P8,3.279772,22,35.0,0.0
GLAS,glas022,Violation_201,23,O1,5.261476,22,35.0,0.0
GLAS,glas022,Violation_201,23,O2,-4.407773,22,35.0,0.0
GLAS,glas022,Violation_201,24,Pz,4.694362,22,33.0,0.0
GLAS,glas022,Violation_201,24,Cz,5.760413,22,33.0,0.0
GLAS,glas022,Violation_201,24,CP1,9.056611,22,33.0,0.0
GLAS,glas022,Violation_201,24,CP2,-2.526676,22,33.0,0.0
GLAS,glas022,Violation_201,24,P3,8.391477,22,33.0,0.0
GLAS,glas022,Violation_201,24,P4,1.19758,22,33.0,0.0
GLAS,glas022,Violation_201,24,C3,5.073815,22,33.0,0.0
GLAS,glas022,Violation_201,24,C4,3.097495,22,33.0,0.0
GLAS,glas022,Violation_201,24,P7,2.831659,22,33.0,0.0
GLAS,glas022,Violation_201,24,P8,0.3460003,22,33.0,0.0
GLAS,glas022,Violation_201,24,O1,9.84833,22,33.0,0.0
GLAS,glas022,Violation_201,24,O2,-8.681364,22,33.0,0.0
GLAS,glas022,Control_202,25,Pz,0.5686021,22,37.0,80.0
GLAS,glas022,Control_202,25,Cz,1.301059,22,37.0,80.0
GLAS,glas022,Control_202,25,CP1,-1.717082,22,37.0,80.0
GLAS,glas022,Control_202,25,CP2,10.6623,22,37.0,80.0
GLAS,glas022,Control_202,25,P3,2.111186,22,37.0,80.0
GLAS,glas022,Control_202,25,P4,4.194314,22,37.0,80.0
GLAS,glas022,Control_202,25,C3,0.1576086,22,37.0,80.0
GLAS,glas022,Control_202,25,C4,3.247495,22,37.0,80.0
GLAS,glas022,Control_202,25,P7,-2.329998,22,37.0,80.0
GLAS,glas022,Control_202,25,P8,4.705489,22,37.0,80.0
GLAS,glas022,Control_202,25,O1,7.877822,22,37.0,80.0
GLAS,glas022,Control_202,25,O2,15.05169,22,37.0,80.0
GLAS,glas022,Violation_201,26,Pz,7.985817,22,39.0,0.0
GLAS,glas022,Violation_201,26,Cz,7.309685,22,39.0,0.0
GLAS,glas022,Violation_201,26,CP1,0.6793172,22,39.0,0.0
GLAS,glas022,Violation_201,26,CP2,8.778419,22,39.0,0.0
GLAS,glas022,Violation_201,26,P3,7.129096,22,39.0,0.0
GLAS,glas022,Violation_201,26,P4,11.22578,22,39.0,0.0
GLAS,glas022,Violation_201,26,C3,11.22169,22,39.0,0.0
GLAS,glas022,Violation_201,26,C4,10.96371,22,39.0,0.0
GLAS,glas022,Violation_201,26,P7,3.237486,22,39.0,0.0
GLAS,glas022,Violation_201,26,P8,9.408629,22,39.0,0.0
GLAS,glas022,Violation_201,26,O1,0.7511322,22,39.0,0.0
GLAS,glas022,Violation_201,26,O2,7.620755,22,39.0,0.0
GLAS,glas022,Violation_201,27,Pz,-23.35345,22,21.0,3.0
GLAS,glas022,Violation_201,27,Cz,-29.64989,22,21.0,3.0
GLAS,glas022,Violation_201,27,CP1,-24.93797,22,21.0,3.0
GLAS,glas022,Violation_201,27,CP2,-28.20189,22,21.0,3.0
GLAS,glas022,Violation_201,27,P3,-26.48231,22,21.0,3.0
GLAS,glas022,Violation_201,27,P4,-29.9716,22,21.0,3.0
GLAS,glas022,Violation_201,27,C3,-27.73789,22,21.0,3.0
GLAS,glas022,Violation_201,27,C4,-29.15511,22,21.0,3.0
GLAS,glas022,Violation_201,27,P7,-32.02084,22,21.0,3.0
GLAS,glas022,Violation_201,27,P8,-31.39924,22,21.0,3.0
GLAS,glas022,Violation_201,27,O1,-25.38658,22,21.0,3.0
GLAS,glas022,Violation_201,27,O2,-33.35164,22,21.0,3.0
GLAS,glas022,Control_202,28,Pz,26.47345,22,31.0,77.0
GLAS,glas022,Control_202,28,Cz,23.13488,22,31.0,77.0
GLAS,glas022,Control_202,28,CP1,23.36884,22,31.0,77.0
GLAS,glas022,Control_202,28,CP2,18.2183,22,31.0,77.0
GLAS,glas022,Control_202,28,P3,27.43816,22,31.0,77.0
GLAS,glas022,Control_202,28,P4,26.38558,22,31.0,77.0
GLAS,glas022,Control_202,28,C3,23.08522,22,31.0,77.0
GLAS,glas022,Control_202,28,C4,25.59572,22,31.0,77.0
GLAS,glas022,Control_202,28,P7,17.68894,22,31.0,77.0
GLAS,glas022,Control_202,28,P8,26.2899,22,31.0,77.0
GLAS,glas022,Control_202,28,O1,17.80145,22,31.0,77.0
GLAS,glas022,Control_202,28,O2,18.05019,22,31.0,77.0
GLAS,glas022,Control_202,29,Pz,-3.837886,22,38.0,93.0
GLAS,glas022,Control_202,29,Cz,-6.618888,22,38.0,93.0
GLAS,glas022,Control_202,29,CP1,-5.689087,22,38.0,93.0
GLAS,glas022,Control_202,29,CP2,-5.518188,22,38.0,93.0
GLAS,glas022,Control_202,29,P3,-6.418464,22,38.0,93.0
GLAS,glas022,Control_202,29,P4,-6.496585,22,38.0,93.0
GLAS,glas022,Control_202,29,C3,-4.951665,22,38.0,93.0
GLAS,glas022,Control_202,29,C4,-8.820297,22,38.0,93.0
GLAS,glas022,Control_202,29,P7,-13.81886,22,38.0,93.0
GLAS,glas022,Control_202,29,P8,-4.728191,22,38.0,93.0
GLAS,glas022,Control_202,29,O1,-8.109279,22,38.0,93.0
GLAS,glas022,Control_202,29,O2,2.734085,22,38.0,93.0
GLAS,glas022,Control_202,30,Pz,17.83844,22,36.0,77.0
GLAS,glas022,Control_202,30,Cz,13.11482,22,36.0,77.0
GLAS,glas022,Control_202,30,CP1,24.29312,22,36.0,77.0
GLAS,glas022,Control_202,30,CP2,13.42846,22,36.0,77.0
GLAS,glas022,Control_202,30,P3,17.11502,22,36.0,77.0
GLAS,glas022,Control_202,30,P4,12.14648,22,36.0,77.0
GLAS,glas022,Control_202,30,C3,14.71799,22,36.0,77.0
GLAS,glas022,Control_202,30,C4,13.24293,22,36.0,77.0
GLAS,glas022,Control_202,30,P7,32.41669,22,36.0,77.0
GLAS,glas022,Control_202,30,P8,12.21649,22,36.0,77.0
GLAS,glas022,Control_202,30,O1,10.13229,22,36.0,77.0
GLAS,glas022,Control_202,30,O2,6.145472,22,36.0,77.0
GLAS,glas022,Violation_201,31,Pz,8.788704,22,26.0,0.0
GLAS,glas022,Violation_201,31,Cz,7.120455,22,26.0,0.0
GLAS,glas022,Violation_201,31,CP1,14.51737,22,26.0,0.0
GLAS,glas022,Violation_201,31,CP2,2.671562,22,26.0,0.0
GLAS,glas022,Violation_201,31,P3,8.548947,22,26.0,0.0
GLAS,glas022,Violation_201,31,P4,4.942641,22,26.0,0.0
GLAS,glas022,Violation_201,31,C3,6.123992,22,26.0,0.0
GLAS,glas022,Violation_201,31,C4,4.688855,22,26.0,0.0
GLAS,glas022,Violation_201,31,P7,13.40278,22,26.0,0.0
GLAS,glas022,Violation_201,31,P8,1.187315,22,26.0,0.0
GLAS,glas022,Violation_201,31,O1,11.37572,22,26.0,0.0
GLAS,glas022,Violation_201,31,O2,1.215453,22,26.0,0.0
GLAS,glas022,Control_202,32,Pz,9.679379,22,28.0,27.0
GLAS,glas022,Control_202,32,Cz,10.94182,22,28.0,27.0
GLAS,glas022,Control_202,32,CP1,13.00659,22,28.0,27.0
GLAS,glas022,Control_202,32,CP2,18.40231,22,28.0,27.0
GLAS,glas022,Control_202,32,P3,12.74116,22,28.0,27.0
GLAS,glas022,Control_202,32,P4,14.86157,22,28.0,27.0
GLAS,glas022,Control_202,32,C3,11.88043,22,28.0,27.0
GLAS,glas022,Control_202,32,C4,12.28766,22,28.0,27.0
GLAS,glas022,Control_202,32,P7,0.74578,22,28.0,27.0
GLAS,glas022,Control_202,32,P8,14.41948,22,28.0,27.0
GLAS,glas022,Control_202,32,O1,12.01754,22,28.0,27.0
GLAS,glas022,Control_202,32,O2,16.628,22,28.0,27.0
GLAS,glas022,Violation_201,33,Pz,9.637757,22,22.0,17.0
GLAS,glas022,Violation_201,33,Cz,7.246636,22,22.0,17.0
GLAS,glas022,Violation_201,33,CP1,9.907398,22,22.0,17.0
GLAS,glas022,Violation_201,33,CP2,3.204284,22,22.0,17.0
GLAS,glas022,Violation_201,33,P3,10.69488,22,22.0,17.0
GLAS,glas022,Violation_201,33,P4,8.506855,22,22.0,17.0
GLAS,glas022,Violation_201,33,C3,10.63714,22,22.0,17.0
GLAS,glas022,Violation_201,33,C4,7.045339,22,22.0,17.0
GLAS,glas022,Violation_201,33,P7,3.354715,22,22.0,17.0
GLAS,glas022,Violation_201,33,P8,7.223577,22,22.0,17.0
GLAS,glas022,Violation_201,33,O1,4.071403,22,22.0,17.0
GLAS,glas022,Violation_201,33,O2,2.482421,22,22.0,17.0
GLAS,glas022,Control_202,34,Pz,12.09672,22,34.0,97.0
GLAS,glas022,Control_202,34,Cz,11.26813,22,34.0,97.0
GLAS,glas022,Control_202,34,CP1,5.996493,22,34.0,97.0
GLAS,glas022,Control_202,34,CP2,7.090792,22,34.0,97.0
GLAS,glas022,Control_202,34,P3,9.011694,22,34.0,97.0
GLAS,glas022,Control_202,34,P4,10.64901,22,34.0,97.0
GLAS,glas022,Control_202,34,C3,14.14886,22,34.0,97.0
GLAS,glas022,Control_202,34,C4,12.42784,22,34.0,97.0
GLAS,glas022,Control_202,34,P7,3.111665,22,34.0,97.0
GLAS,glas022,Control_202,34,P8,9.7355,22,34.0,97.0
GLAS,glas022,Control_202,34,O1,6.447729,22,34.0,97.0
GLAS,glas022,Control_202,34,O2,6.120644,22,34.0,97.0
GLAS,glas022,Violation_201,35,Pz,10.26486,22,27.0,0.0
GLAS,glas022,Violation_201,35,Cz,11.10913,22,27.0,0.0
GLAS,glas022,Violation_201,35,CP1,16.39404,22,27.0,0.0
GLAS,glas022,Violation_201,35,CP2,10.91842,22,27.0,0.0
GLAS,glas022,Violation_201,35,P3,8.785163,22,27.0,0.0
GLAS,glas022,Violation_201,35,P4,10.38633,22,27.0,0.0
GLAS,glas022,Violation_201,35,C3,8.614946,22,27.0,0.0
GLAS,glas022,Violation_201,35,C4,9.048766,22,27.0,0.0
GLAS,glas022,Violation_201,35,P7,13.47498,22,27.0,0.0
GLAS,glas022,Violation_201,35,P8,8.249261,22,27.0,0.0
GLAS,glas022,Violation_201,35,O1,4.324661,22,27.0,0.0
GLAS,glas022,Violation_201,35,O2,6.072511,22,27.0,0.0
GLAS,glas022,Control_202,36,Pz,-22.32702,22,30.0,90.0
GLAS,glas022,Control_202,36,Cz,-22.37755,22,30.0,90.0
GLAS,glas022,Control_202,36,CP1,-26.20565,22,30.0,90.0
GLAS,glas022,Control_202,36,CP2,-25.95621,22,30.0,90.0
GLAS,glas022,Control_202,36,P3,-24.98333,22,30.0,90.0
GLAS,glas022,Control_202,36,P4,-22.97154,22,30.0,90.0
GLAS,glas022,Control_202,36,C3,-23.32652,22,30.0,90.0
GLAS,glas022,Control_202,36,C4,-22.26229,22,30.0,90.0
GLAS,glas022,Control_202,36,P7,-11.50039,22,30.0,90.0
GLAS,glas022,Control_202,36,P8,-23.55826,22,30.0,90.0
GLAS,glas022,Control_202,36,O1,-20.23026,22,30.0,90.0
GLAS,glas022,Control_202,36,O2,-28.39396,22,30.0,90.0
GLAS,glas022,Violation_201,37,Pz,-5.71834,22,29.0,90.0
GLAS,glas022,Violation_201,37,Cz,-0.9535901,22,29.0,90.0
GLAS,glas022,Violation_201,37,CP1,-7.201196,22,29.0,90.0
GLAS,glas022,Violation_201,37,CP2,-6.304358,22,29.0,90.0
GLAS,glas022,Violation_201,37,P3,-9.603733,22,29.0,90.0
GLAS,glas022,Violation_201,37,P4,-3.739092,22,29.0,90.0
GLAS,glas022,Violation_201,37,C3,-3.833816,22,29.0,90.0
GLAS,glas022,Violation_201,37,C4,0.04414668,22,29.0,90.0
GLAS,glas022,Violation_201,37,P7,-5.660694,22,29.0,90.0
GLAS,glas022,Violation_201,37,P8,-2.22829,22,29.0,90.0
GLAS,glas022,Violation_201,37,O1,-6.950655,22,29.0,90.0
GLAS,glas022,Violation_201,37,O2,-3.243984,22,29.0,90.0
GLAS,glas022,Control_202,38,Pz,16.79809,22,25.0,97.0
GLAS,glas022,Control_202,38,Cz,19.44219,22,25.0,97.0
GLAS,glas022,Control_202,38,CP1,22.6641,22,25.0,97.0
GLAS,glas022,Control_202,38,CP2,16.02546,22,25.0,97.0
GLAS,glas022,Control_202,38,P3,15.88472,22,25.0,97.0
GLAS,glas022,Control_202,38,P4,21.30163,22,25.0,97.0
GLAS,glas022,Control_202,38,C3,21.84014,22,25.0,97.0
GLAS,glas022,Control_202,38,C4,22.01514,22,25.0,97.0
GLAS,glas022,Control_202,38,P7,11.42977,22,25.0,97.0
GLAS,glas022,Control_202,38,P8,22.05549,22,25.0,97.0
GLAS,glas022,Control_202,38,O1,0.5523657,22,25.0,97.0
GLAS,glas022,Control_202,38,O2,11.77809,22,25.0,97.0
GLAS,glas022,Violation_201,39,Pz,-16.52326,22,40.0,0.0
GLAS,glas022,Violation_201,39,Cz,-18.0627,22,40.0,0.0
GLAS,glas022,Violation_201,39,CP1,-18.58193,22,40.0,0.0
GLAS,glas022,Violation_201,39,CP2,-13.65774,22,40.0,0.0
GLAS,glas022,Violation_201,39,P3,-16.71644,22,40.0,0.0
GLAS,glas022,Violation_201,39,P4,-15.13828,22,40.0,0.0
GLAS,glas022,Violation_201,39,C3,-16.96458,22,40.0,0.0
GLAS,glas022,Violation_201,39,C4,-15.43057,22,40.0,0.0
GLAS,glas022,Violation_201,39,P7,-8.642953,22,40.0,0.0
GLAS,glas022,Violation_201,39,P8,-13.41753,22,40.0,0.0
GLAS,glas022,Violation_201,39,O1,-12.26546,22,40.0,0.0
GLAS,glas022,Violation_201,39,O2,-17.88692,22,40.0,0.0
GLAS,glas023,Control_202,1,Pz,-1.934455,23,12.0,100.0
GLAS,glas023,Control_202,1,Cz,-4.111854,23,12.0,100.0
GLAS,glas023,Control_202,1,CP1,-3.660163,23,12.0,100.0
GLAS,glas023,Control_202,1,CP2,-6.916562,23,12.0,100.0
GLAS,glas023,Control_202,1,P3,1.847466,23,12.0,100.0
GLAS,glas023,Control_202,1,P4,-1.46454,23,12.0,100.0
GLAS,glas023,Control_202,1,C3,-2.993182,23,12.0,100.0
GLAS,glas023,Control_202,1,C4,-4.813992,23,12.0,100.0
GLAS,glas023,Control_202,1,P7,-1.72517,23,12.0,100.0
GLAS,glas023,Control_202,1,P8,-1.770241,23,12.0,100.0
GLAS,glas023,Control_202,1,O1,-3.984584,23,12.0,100.0
GLAS,glas023,Control_202,1,O2,-35.79097,23,12.0,100.0
GLAS,glas023,Violation_201,2,Pz,18.22157,23,1.0,0.0
GLAS,glas023,Violation_201,2,Cz,24.27289,23,1.0,0.0
GLAS,glas023,Violation_201,2,CP1,14.36929,23,1.0,0.0
GLAS,glas023,Violation_201,2,CP2,28.4038,23,1.0,0.0
GLAS,glas023,Violation_201,2,P3,17.73776,23,1.0,0.0
GLAS,glas023,Violation_201,2,P4,23.33267,23,1.0,0.0
GLAS,glas023,Violation_201,2,C3,23.11134,23,1.0,0.0
GLAS,glas023,Violation_201,2,C4,21.54467,23,1.0,0.0
GLAS,glas023,Violation_201,2,P7,15.66524,23,1.0,0.0
GLAS,glas023,Violation_201,2,P8,25.9346,23,1.0,0.0
GLAS,glas023,Violation_201,2,O1,18.56534,23,1.0,0.0
GLAS,glas023,Violation_201,2,O2,43.55487,23,1.0,0.0
GLAS,glas023,Violation_201,3,Pz,-6.670019,23,7.0,0.0
GLAS,glas023,Violation_201,3,Cz,-4.754093,23,7.0,0.0
GLAS,glas023,Violation_201,3,CP1,-5.577658,23,7.0,0.0
GLAS,glas023,Violation_201,3,CP2,-1.750087,23,7.0,0.0
GLAS,glas023,Violation_201,3,P3,-4.074208,23,7.0,0.0
GLAS,glas023,Violation_201,3,P4,0.3156751,23,7.0,0.0
GLAS,glas023,Violation_201,3,C3,-5.199462,23,7.0,0.0
GLAS,glas023,Violation_201,3,C4,-3.685184,23,7.0,0.0
GLAS,glas023,Violation_201,3,P7,-2.232434,23,7.0,0.0
GLAS,glas023,Violation_201,3,P8,-1.74141,23,7.0,0.0
GLAS,glas023,Violation_201,3,O1,1.822447,23,7.0,0.0
GLAS,glas023,Violation_201,3,O2,7.876414,23,7.0,0.0
GLAS,glas023,Violation_201,4,Pz,-15.97353,23,6.0,0.0
GLAS,glas023,Violation_201,4,Cz,-13.17749,23,6.0,0.0
GLAS,glas023,Violation_201,4,CP1,-13.13989,23,6.0,0.0
GLAS,glas023,Violation_201,4,CP2,-4.378745,23,6.0,0.0
GLAS,glas023,Violation_201,4,P3,-17.58447,23,6.0,0.0
GLAS,glas023,Violation_201,4,P4,-11.93145,23,6.0,0.0
GLAS,glas023,Violation_201,4,C3,-11.95453,23,6.0,0.0
GLAS,glas023,Violation_201,4,C4,-10.70622,23,6.0,0.0
GLAS,glas023,Violation_201,4,P7,-10.78475,23,6.0,0.0
GLAS,glas023,Violation_201,4,P8,-5.285058,23,6.0,0.0
GLAS,glas023,Violation_201,4,O1,-4.092753,23,6.0,0.0
GLAS,glas023,Violation_201,4,O2,1.302277,23,6.0,0.0
GLAS,glas023,Violation_201,5,Pz,7.224708,23,19.0,0.0
GLAS,glas023,Violation_201,5,Cz,8.613791,23,19.0,0.0
GLAS,glas023,Violation_201,5,CP1,5.903239,23,19.0,0.0
GLAS,glas023,Violation_201,5,CP2,1.359749,23,19.0,0.0
GLAS,glas023,Violation_201,5,P3,5.985024,23,19.0,0.0
GLAS,glas023,Violation_201,5,P4,4.3195,23,19.0,0.0
GLAS,glas023,Violation_201,5,C3,8.681471,23,19.0,0.0
GLAS,glas023,Violation_201,5,C4,6.175336,23,19.0,0.0
GLAS,glas023,Violation_201,5,P7,-0.2074673,23,19.0,0.0
GLAS,glas023,Violation_201,5,P8,11.32299,23,19.0,0.0
GLAS,glas023,Violation_201,5,O1,-1.614373,23,19.0,0.0
GLAS,glas023,Violation_201,5,O2,-0.3977486,23,19.0,0.0
GLAS,glas023,Control_202,6,Pz,-40.04037,23,18.0,87.0
GLAS,glas023,Control_202,6,Cz,-40.85334,23,18.0,87.0
GLAS,glas023,Control_202,6,CP1,-37.39481,23,18.0,87.0
GLAS,glas023,Control_202,6,CP2,-37.44551,23,18.0,87.0
GLAS,glas023,Control_202,6,P3,-36.33326,23,18.0,87.0
GLAS,glas023,Control_202,6,P4,-34.14627,23,18.0,87.0
GLAS,glas023,Control_202,6,C3,-39.64975,23,18.0,87.0
GLAS,glas023,Control_202,6,C4,-37.76416,23,18.0,87.0
GLAS,glas023,Control_202,6,P7,-36.27483,23,18.0,87.0
GLAS,glas023,Control_202,6,P8,-38.48569,23,18.0,87.0
GLAS,glas023,Control_202,6,O1,-38.30837,23,18.0,87.0
GLAS,glas023,Control_202,6,O2,-33.7479,23,18.0,87.0
GLAS,glas023,Control_202,7,Pz,16.45527,23,5.0,93.0
GLAS,glas023,Control_202,7,Cz,11.41922,23,5.0,93.0
GLAS,glas023,Control_202,7,CP1,14.97915,23,5.0,93.0
GLAS,glas023,Control_202,7,CP2,10.8945,23,5.0,93.0
GLAS,glas023,Control_202,7,P3,13.30699,23,5.0,93.0
GLAS,glas023,Control_202,7,P4,15.05176,23,5.0,93.0
GLAS,glas023,Control_202,7,C3,12.02595,23,5.0,93.0
GLAS,glas023,Control_202,7,C4,11.88927,23,5.0,93.0
GLAS,glas023,Control_202,7,P7,11.0055,23,5.0,93.0
GLAS,glas023,Control_202,7,P8,13.96073,23,5.0,93.0
GLAS,glas023,Control_202,7,O1,8.038905,23,5.0,93.0
GLAS,glas023,Control_202,7,O2,10.44974,23,5.0,93.0
GLAS,glas023,Control_202,8,Pz,-26.87571,23,20.0,90.0
GLAS,glas023,Control_202,8,Cz,-24.25644,23,20.0,90.0
GLAS,glas023,Control_202,8,CP1,-26.09359,23,20.0,90.0
GLAS,glas023,Control_202,8,CP2,-22.54059,23,20.0,90.0
GLAS,glas023,Control_202,8,P3,-21.1566,23,20.0,90.0
GLAS,glas023,Control_202,8,P4,-22.42874,23,20.0,90.0
GLAS,glas023,Control_202,8,C3,-21.55089,23,20.0,90.0
GLAS,glas023,Control_202,8,C4,-21.81857,23,20.0,90.0
GLAS,glas023,Control_202,8,P7,-19.86733,23,20.0,90.0
GLAS,glas023,Control_202,8,P8,-19.25766,23,20.0,90.0
GLAS,glas023,Control_202,8,O1,-17.38618,23,20.0,90.0
GLAS,glas023,Control_202,8,O2,-8.165113,23,20.0,90.0
GLAS,glas023,Control_202,9,Pz,39.79954,23,8.0,97.0
GLAS,glas023,Control_202,9,Cz,36.16677,23,8.0,97.0
GLAS,glas023,Control_202,9,CP1,38.01387,23,8.0,97.0
GLAS,glas023,Control_202,9,CP2,32.19468,23,8.0,97.0
GLAS,glas023,Control_202,9,P3,40.94913,23,8.0,97.0
GLAS,glas023,Control_202,9,P4,35.73751,23,8.0,97.0
GLAS,glas023,Control_202,9,C3,35.16081,23,8.0,97.0
GLAS,glas023,Control_202,9,C4,34.77434,23,8.0,97.0
GLAS,glas023,Control_202,9,P7,38.34815,23,8.0,97.0
GLAS,glas023,Control_202,9,P8,27.72064,23,8.0,97.0
GLAS,glas023,Control_202,9,O1,37.68097,23,8.0,97.0
GLAS,glas023,Control_202,9,O2,17.4689,23,8.0,97.0
GLAS,glas023,Control_202,10,Pz,-13.01438,23,14.0,90.0
GLAS,glas023,Control_202,10,Cz,-14.19214,23,14.0,90.0
GLAS,glas023,Control_202,10,CP1,-9.260809,23,14.0,90.0
GLAS,glas023,Control_202,10,CP2,-11.97132,23,14.0,90.0
GLAS,glas023,Control_202,10,P3,-10.72095,23,14.0,90.0
GLAS,glas023,Control_202,10,P4,-20.83815,23,14.0,90.0
GLAS,glas023,Control_202,10,C3,-14.26638,23,14.0,90.0
GLAS,glas023,Control_202,10,C4,-17.98252,23,14.0,90.0
GLAS,glas023,Control_202,10,P7,-8.984606,23,14.0,90.0
GLAS,glas023,Control_202,10,P8,-19.2693,23,14.0,90.0
GLAS,glas023,Control_202,10,O1,-7.091148,23,14.0,90.0
GLAS,glas023,Control_202,10,O2,-29.52364,23,14.0,90.0
GLAS,glas023,Violation_201,11,Pz,-10.55701,23,2.0,3.0
GLAS,glas023,Violation_201,11,Cz,-6.956635,23,2.0,3.0
GLAS,glas023,Violation_201,11,CP1,-12.73505,23,2.0,3.0
GLAS,glas023,Violation_201,11,CP2,-6.164909,23,2.0,3.0
GLAS,glas023,Violation_201,11,P3,-21.59203,23,2.0,3.0
GLAS,glas023,Violation_201,11,P4,-3.839041,23,2.0,3.0
GLAS,glas023,Violation_201,11,C3,-4.230864,23,2.0,3.0
GLAS,glas023,Violation_201,11,C4,-4.784719,23,2.0,3.0
GLAS,glas023,Violation_201,11,P7,-13.69502,23,2.0,3.0
GLAS,glas023,Violation_201,11,P8,-7.445242,23,2.0,3.0
GLAS,glas023,Violation_201,11,O1,-14.77544,23,2.0,3.0
GLAS,glas023,Violation_201,11,O2,-11.86957,23,2.0,3.0
GLAS,glas023,Violation_201,12,Pz,28.95769,23,16.0,0.0
GLAS,glas023,Violation_201,12,Cz,29.61929,23,16.0,0.0
GLAS,glas023,Violation_201,12,CP1,22.71095,23,16.0,0.0
GLAS,glas023,Violation_201,12,CP2,22.70972,23,16.0,0.0
GLAS,glas023,Violation_201,12,P3,31.3926,23,16.0,0.0
GLAS,glas023,Violation_201,12,P4,29.84146,23,16.0,0.0
GLAS,glas023,Violation_201,12,C3,31.89193,23,16.0,0.0
GLAS,glas023,Violation_201,12,C4,30.02134,23,16.0,0.0
GLAS,glas023,Violation_201,12,P7,23.35539,23,16.0,0.0
GLAS,glas023,Violation_201,12,P8,24.93592,23,16.0,0.0
GLAS,glas023,Violation_201,12,O1,22.63409,23,16.0,0.0
GLAS,glas023,Violation_201,12,O2,37.03976,23,16.0,0.0
GLAS,glas023,Violation_201,13,Pz,-13.81676,23,4.0,20.0
GLAS,glas023,Violation_201,13,Cz,-15.70033,23,4.0,20.0
GLAS,glas023,Violation_201,13,CP1,-19.93004,23,4.0,20.0
GLAS,glas023,Violation_201,13,CP2,-14.37011,23,4.0,20.0
GLAS,glas023,Violation_201,13,P3,-17.38158,23,4.0,20.0
GLAS,glas023,Violation_201,13,P4,-10.39859,23,4.0,20.0
GLAS,glas023,Violation_201,13,C3,-6.873002,23,4.0,20.0
GLAS,glas023,Violation_201,13,C4,-6.816889,23,4.0,20.0
GLAS,glas023,Violation_201,13,P7,-18.62084,23,4.0,20.0
GLAS,glas023,Violation_201,13,P8,-3.42346,23,4.0,20.0
GLAS,glas023,Violation_201,13,O1,-18.63544,23,4.0,20.0
GLAS,glas023,Violation_201,13,O2,-12.40034,23,4.0,20.0
GLAS,glas023,Violation_201,14,Pz,18.17749,23,10.0,3.0
GLAS,glas023,Violation_201,14,Cz,13.05454,23,10.0,3.0
GLAS,glas023,Violation_201,14,CP1,20.73335,23,10.0,3.0
GLAS,glas023,Violation_201,14,CP2,10.50209,23,10.0,3.0
GLAS,glas023,Violation_201,14,P3,25.3848,23,10.0,3.0
GLAS,glas023,Violation_201,14,P4,7.076145,23,10.0,3.0
GLAS,glas023,Violation_201,14,C3,11.46984,23,10.0,3.0
GLAS,glas023,Violation_201,14,C4,10.33714,23,10.0,3.0
GLAS,glas023,Violation_201,14,P7,21.22536,23,10.0,3.0
GLAS,glas023,Violation_201,14,P8,5.979683,23,10.0,3.0
GLAS,glas023,Violation_201,14,O1,18.92983,23,10.0,3.0
GLAS,glas023,Violation_201,14,O2,-1.254759,23,10.0,3.0
GLAS,glas023,Violation_201,15,Pz,-15.45501,23,13.0,0.0
GLAS,glas023,Violation_201,15,Cz,-18.73289,23,13.0,0.0
GLAS,glas023,Violation_201,15,CP1,-11.87019,23,13.0,0.0
GLAS,glas023,Violation_201,15,CP2,-11.04406,23,13.0,0.0
GLAS,glas023,Violation_201,15,P3,-17.12574,23,13.0,0.0
GLAS,glas023,Violation_201,15,P4,-10.68552,23,13.0,0.0
GLAS,glas023,Violation_201,15,C3,-17.37078,23,13.0,0.0
GLAS,glas023,Violation_201,15,C4,-11.50802,23,13.0,0.0
GLAS,glas023,Violation_201,15,P7,-9.092898,23,13.0,0.0
GLAS,glas023,Violation_201,15,P8,-13.50768,23,13.0,0.0
GLAS,glas023,Violation_201,15,O1,-11.06536,23,13.0,0.0
GLAS,glas023,Violation_201,15,O2,-11.99722,23,13.0,0.0
GLAS,glas023,Control_202,16,Pz,-14.41882,23,9.0,93.0
GLAS,glas023,Control_202,16,Cz,-17.03896,23,9.0,93.0
GLAS,glas023,Control_202,16,CP1,-16.63065,23,9.0,93.0
GLAS,glas023,Control_202,16,CP2,-8.364033,23,9.0,93.0
GLAS,glas023,Control_202,16,P3,-17.9583,23,9.0,93.0
GLAS,glas023,Control_202,16,P4,-12.98599,23,9.0,93.0
GLAS,glas023,Control_202,16,C3,-14.62075,23,9.0,93.0
GLAS,glas023,Control_202,16,C4,-12.77281,23,9.0,93.0
GLAS,glas023,Control_202,16,P7,-14.46639,23,9.0,93.0
GLAS,glas023,Control_202,16,P8,-9.052047,23,9.0,93.0
GLAS,glas023,Control_202,16,O1,-11.12366,23,9.0,93.0
GLAS,glas023,Control_202,16,O2,-33.5616,23,9.0,93.0
GLAS,glas023,Violation_201,17,Pz,14.79485,23,3.0,7.0
GLAS,glas023,Violation_201,17,Cz,13.67726,23,3.0,7.0
GLAS,glas023,Violation_201,17,CP1,18.96223,23,3.0,7.0
GLAS,glas023,Violation_201,17,CP2,16.20701,23,3.0,7.0
GLAS,glas023,Violation_201,17,P3,22.05544,23,3.0,7.0
GLAS,glas023,Violation_201,17,P4,12.7629,23,3.0,7.0
GLAS,glas023,Violation_201,17,C3,16.04212,23,3.0,7.0
GLAS,glas023,Violation_201,17,C4,15.72505,23,3.0,7.0
GLAS,glas023,Violation_201,17,P7,19.52017,23,3.0,7.0
GLAS,glas023,Violation_201,17,P8,19.1652,23,3.0,7.0
GLAS,glas023,Violation_201,17,O1,16.44973,23,3.0,7.0
GLAS,glas023,Violation_201,17,O2,10.45878,23,3.0,7.0
GLAS,glas023,Control_202,18,Pz,-21.89251,23,17.0,62.0
GLAS,glas023,Control_202,18,Cz,-24.78563,23,17.0,62.0
GLAS,glas023,Control_202,18,CP1,-26.17831,23,17.0,62.0
GLAS,glas023,Control_202,18,CP2,-39.79182,23,17.0,62.0
GLAS,glas023,Control_202,18,P3,-20.02868,23,17.0,62.0
GLAS,glas023,Control_202,18,P4,-30.09192,23,17.0,62.0
GLAS,glas023,Control_202,18,C3,-26.85832,23,17.0,62.0
GLAS,glas023,Control_202,18,C4,-26.03387,23,17.0,62.0
GLAS,glas023,Control_202,18,P7,-36.69426,23,17.0,62.0
GLAS,glas023,Control_202,18,P8,-25.35507,23,17.0,62.0
GLAS,glas023,Control_202,18,O1,-41.26672,23,17.0,62.0
GLAS,glas023,Control_202,18,O2,-53.65617,23,17.0,62.0
GLAS,glas023,Control_202,19,Pz,-38.65833,23,11.0,87.0
GLAS,glas023,Control_202,19,Cz,-35.00773,23,11.0,87.0
GLAS,glas023,Control_202,19,CP1,-39.60697,23,11.0,87.0
GLAS,glas023,Control_202,19,CP2,-36.06026,23,11.0,87.0
GLAS,glas023,Control_202,19,P3,-36.16109,23,11.0,87.0
GLAS,glas023,Control_202,19,P4,-38.0239,23,11.0,87.0
GLAS,glas023,Control_202,19,C3,-34.14414,23,11.0,87.0
GLAS,glas023,Control_202,19,C4,-32.63488,23,11.0,87.0
GLAS,glas023,Control_202,19,P7,-40.09203,23,11.0,87.0
GLAS,glas023,Control_202,19,P8,-31.25097,23,11.0,87.0
GLAS,glas023,Control_202,19,O1,-38.81509,23,11.0,87.0
GLAS,glas023,Control_202,19,O2,-43.89351,23,11.0,87.0
GLAS,glas023,Violation_201,20,Pz,10.79865,23,15.0,0.0
GLAS,glas023,Violation_201,20,Cz,11.90785,23,15.0,0.0
GLAS,glas023,Violation_201,20,CP1,12.92733,23,15.0,0.0
GLAS,glas023,Violation_201,20,CP2,18.71764,23,15.0,0.0
GLAS,glas023,Violation_201,20,P3,10.91745,23,15.0,0.0
GLAS,glas023,Violation_201,20,P4,13.80956,23,15.0,0.0
GLAS,glas023,Violation_201,20,C3,13.51858,23,15.0,0.0
GLAS,glas023,Violation_201,20,C4,13.9503,23,15.0,0.0
GLAS,glas023,Violation_201,20,P7,15.44289,23,15.0,0.0
GLAS,glas023,Violation_201,20,P8,12.79751,23,15.0,0.0
GLAS,glas023,Violation_201,20,O1,14.68957,23,15.0,0.0
GLAS,glas023,Violation_201,20,O2,19.5447,23,15.0,0.0
GLAS,glas023,Control_202,21,Pz,-15.39041,23,39.0,97.0
GLAS,glas023,Control_202,21,Cz,-18.16593,23,39.0,97.0
GLAS,glas023,Control_202,21,CP1,-1.445435,23,39.0,97.0
GLAS,glas023,Control_202,21,CP2,-17.26323,23,39.0,97.0
GLAS,glas023,Control_202,21,P3,-10.74209,23,39.0,97.0
GLAS,glas023,Control_202,21,P4,-22.00436,23,39.0,97.0
GLAS,glas023,Control_202,21,C3,-22.15755,23,39.0,97.0
GLAS,glas023,Control_202,21,C4,-24.572,23,39.0,97.0
GLAS,glas023,Control_202,21,P7,-10.06225,23,39.0,97.0
GLAS,glas023,Control_202,21,P8,-30.0611,23,39.0,97.0
GLAS,glas023,Control_202,21,O1,-12.62699,23,39.0,97.0
GLAS,glas023,Control_202,21,O2,-16.87057,23,39.0,97.0
GLAS,glas023,Violation_201,22,Pz,-35.20257,23,37.0,0.0
GLAS,glas023,Violation_201,22,Cz,-28.08215,23,37.0,0.0
GLAS,glas023,Violation_201,22,CP1,-35.17234,23,37.0,0.0
GLAS,glas023,Violation_201,22,CP2,-18.57277,23,37.0,0.0
GLAS,glas023,Violation_201,22,P3,-39.66221,23,37.0,0.0
GLAS,glas023,Violation_201,22,P4,-32.86255,23,37.0,0.0
GLAS,glas023,Violation_201,22,C3,-27.73952,23,37.0,0.0
GLAS,glas023,Violation_201,22,C4,-26.65086,23,37.0,0.0
GLAS,glas023,Violation_201,22,P7,-30.23862,23,37.0,0.0
GLAS,glas023,Violation_201,22,P8,-27.14934,23,37.0,0.0
GLAS,glas023,Violation_201,22,O1,-26.015,23,37.0,0.0
GLAS,glas023,Violation_201,22,O2,-18.40458,23,37.0,0.0
GLAS,glas023,Violation_201,23,Pz,12.3558,23,28.0,67.0
GLAS,glas023,Violation_201,23,Cz,10.31622,23,28.0,67.0
GLAS,glas023,Violation_201,23,CP1,12.99194,23,28.0,67.0
GLAS,glas023,Violation_201,23,CP2,22.02039,23,28.0,67.0
GLAS,glas023,Violation_201,23,P3,9.246022,23,28.0,67.0
GLAS,glas023,Violation_201,23,P4,10.62688,23,28.0,67.0
GLAS,glas023,Violation_201,23,C3,10.68394,23,28.0,67.0
GLAS,glas023,Violation_201,23,C4,12.41192,23,28.0,67.0
GLAS,glas023,Violation_201,23,P7,15.23656,23,28.0,67.0
GLAS,glas023,Violation_201,23,P8,17.10724,23,28.0,67.0
GLAS,glas023,Violation_201,23,O1,16.0753,23,28.0,67.0
GLAS,glas023,Violation_201,23,O2,28.16385,23,28.0,67.0
GLAS,glas023,Control_202,24,Pz,-12.47865,23,25.0,97.0
GLAS,glas023,Control_202,24,Cz,-14.54904,23,25.0,97.0
GLAS,glas023,Control_202,24,CP1,-7.540611,23,25.0,97.0
GLAS,glas023,Control_202,24,CP2,-1.84065,23,25.0,97.0
GLAS,glas023,Control_202,24,P3,-11.25075,23,25.0,97.0
GLAS,glas023,Control_202,24,P4,-5.458849,23,25.0,97.0
GLAS,glas023,Control_202,24,C3,-15.95006,23,25.0,97.0
GLAS,glas023,Control_202,24,C4,-13.03448,23,25.0,97.0
GLAS,glas023,Control_202,24,P7,-0.3282298,23,25.0,97.0
GLAS,glas023,Control_202,24,P8,-10.21366,23,25.0,97.0
GLAS,glas023,Control_202,24,O1,5.830685,23,25.0,97.0
GLAS,glas023,Control_202,24,O2,8.125857,23,25.0,97.0
GLAS,glas023,Control_202,25,Pz,-28.27297,23,36.0,77.0
GLAS,glas023,Control_202,25,Cz,-22.24791,23,36.0,77.0
GLAS,glas023,Control_202,25,CP1,-25.63043,23,36.0,77.0
GLAS,glas023,Control_202,25,CP2,-18.86817,23,36.0,77.0
GLAS,glas023,Control_202,25,P3,-27.64652,23,36.0,77.0
GLAS,glas023,Control_202,25,P4,-9.520092,23,36.0,77.0
GLAS,glas023,Control_202,25,C3,-22.21326,23,36.0,77.0
GLAS,glas023,Control_202,25,C4,-22.61352,23,36.0,77.0
GLAS,glas023,Control_202,25,P7,-25.64543,23,36.0,77.0
GLAS,glas023,Control_202,25,P8,-16.84203,23,36.0,77.0
GLAS,glas023,Control_202,25,O1,-27.53503,23,36.0,77.0
GLAS,glas023,Control_202,25,O2,-13.43658,23,36.0,77.0
GLAS,glas023,Control_202,26,Pz,-30.26814,23,35.0,97.0
GLAS,glas023,Control_202,26,Cz,-27.55085,23,35.0,97.0
GLAS,glas023,Control_202,26,CP1,-32.68013,23,35.0,97.0
GLAS,glas023,Control_202,26,CP2,-21.46366,23,35.0,97.0
GLAS,glas023,Control_202,26,P3,-31.8748,23,35.0,97.0
GLAS,glas023,Control_202,26,P4,-20.34694,23,35.0,97.0
GLAS,glas023,Control_202,26,C3,-25.34654,23,35.0,97.0
GLAS,glas023,Control_202,26,C4,-23.15189,23,35.0,97.0
GLAS,glas023,Control_202,26,P7,-33.4738,23,35.0,97.0
GLAS,glas023,Control_202,26,P8,-23.41332,23,35.0,97.0
GLAS,glas023,Control_202,26,O1,-32.71374,23,35.0,97.0
GLAS,glas023,Control_202,26,O2,-19.46305,23,35.0,97.0
GLAS,glas023,Violation_201,27,Pz,0.6973798,23,23.0,3.0
GLAS,glas023,Violation_201,27,Cz,-1.130821,23,23.0,3.0
GLAS,glas023,Violation_201,27,CP1,1.660446,23,23.0,3.0
GLAS,glas023,Violation_201,27,CP2,-3.136116,23,23.0,3.0
GLAS,glas023,Violation_201,27,P3,-2.250301,23,23.0,3.0
GLAS,glas023,Violation_201,27,P4,-7.788806,23,23.0,3.0
GLAS,glas023,Violation_201,27,C3,-2.072944,23,23.0,3.0
GLAS,glas023,Violation_201,27,C4,-3.138948,23,23.0,3.0
GLAS,glas023,Violation_201,27,P7,0.6336166,23,23.0,3.0
GLAS,glas023,Violation_201,27,P8,-8.016494,23,23.0,3.0
GLAS,glas023,Violation_201,27,O1,-1.835156,23,23.0,3.0
GLAS,glas023,Violation_201,27,O2,-14.94568,23,23.0,3.0
GLAS,glas024,Control_202,1,Pz,-13.14618,24,5.0,93.0
GLAS,glas024,Control_202,1,Cz,-14.6693,24,5.0,93.0
GLAS,glas024,Control_202,1,CP1,-15.37766,24,5.0,93.0
GLAS,glas024,Control_202,1,CP2,-12.72451,24,5.0,93.0
GLAS,glas024,Control_202,1,P3,-12.69392,24,5.0,93.0
GLAS,glas024,Control_202,1,P4,-10.95263,24,5.0,93.0
GLAS,glas024,Control_202,1,C3,-10.87243,24,5.0,93.0
GLAS,glas024,Control_202,1,C4,-11.86474,24,5.0,93.0
GLAS,glas024,Control_202,1,P7,-1.193228,24,5.0,93.0
GLAS,glas024,Control_202,1,P8,-10.35733,24,5.0,93.0
GLAS,glas024,Control_202,1,O1,-13.38447,24,5.0,93.0
GLAS,glas024,Control_202,1,O2,-8.694403,24,5.0,93.0
GLAS,glas024,Control_202,2,Pz,14.85136,24,2.0,100.0
GLAS,glas024,Control_202,2,Cz,11.7371,24,2.0,100.0
GLAS,glas024,Control_202,2,CP1,14.5794,24,2.0,100.0
GLAS,glas024,Control_202,2,CP2,10.28623,24,2.0,100.0
GLAS,glas024,Control_202,2,P3,14.79579,24,2.0,100.0
GLAS,glas024,Control_202,2,P4,13.31546,24,2.0,100.0
GLAS,glas024,Control_202,2,C3,13.14376,24,2.0,100.0
GLAS,glas024,Control_202,2,C4,11.82409,24,2.0,100.0
GLAS,glas024,Control_202,2,P7,20.15835,24,2.0,100.0
GLAS,glas024,Control_202,2,P8,10.19962,24,2.0,100.0
GLAS,glas024,Control_202,2,O1,14.71363,24,2.0,100.0
GLAS,glas024,Control_202,2,O2,2.592319,24,2.0,100.0
GLAS,glas024,Control_202,3,Pz,0.7566402,24,11.0,87.0
GLAS,glas024,Control_202,3,Cz,2.570876,24,11.0,87.0
GLAS,glas024,Control_202,3,CP1,-9.048586,24,11.0,87.0
GLAS,glas024,Control_202,3,CP2,5.506181,24,11.0,87.0
GLAS,glas024,Control_202,3,P3,-5.710718,24,11.0,87.0
GLAS,glas024,Control_202,3,P4,6.083259,24,11.0,87.0
GLAS,glas024,Control_202,3,C3,7.63036,24,11.0,87.0
GLAS,glas024,Control_202,3,C4,9.27323,24,11.0,87.0
GLAS,glas024,Control_202,3,P7,-4.262097,24,11.0,87.0
GLAS,glas024,Control_202,3,P8,9.565801,24,11.0,87.0
GLAS,glas024,Control_202,3,O1,-8.771613,24,11.0,87.0
GLAS,glas024,Control_202,3,O2,4.818321,24,11.0,87.0
GLAS,glas024,Violation_201,4,Pz,-5.295791,24,3.0,7.0
GLAS,glas024,Violation_201,4,Cz,-3.564113,24,3.0,7.0
GLAS,glas024,Violation_201,4,CP1,6.394574,24,3.0,7.0
GLAS,glas024,Violation_201,4,CP2,0.2040176,24,3.0,7.0
GLAS,glas024,Violation_201,4,P3,-7.36948,24,3.0,7.0
GLAS,glas024,Violation_201,4,P4,-1.195721,24,3.0,7.0
GLAS,glas024,Violation_201,4,C3,-6.771376,24,3.0,7.0
GLAS,glas024,Violation_201,4,C4,-3.22722,24,3.0,7.0
GLAS,glas024,Violation_201,4,P7,-3.503252,24,3.0,7.0
GLAS,glas024,Violation_201,4,P8,-1.020043,24,3.0,7.0
GLAS,glas024,Violation_201,4,O1,-0.2714945,24,3.0,7.0
GLAS,glas024,Violation_201,4,O2,4.222675,24,3.0,7.0
GLAS,glas024,Violation_201,5,Pz,19.12379,24,15.0,0.0
GLAS,glas024,Violation_201,5,Cz,18.89489,24,15.0,0.0
GLAS,glas024,Violation_201,5,CP1,15.57382,24,15.0,0.0
GLAS,glas024,Violation_201,5,CP2,12.28166,24,15.0,0.0
GLAS,glas024,Violation_201,5,P3,16.03732,24,15.0,0.0
GLAS,glas024,Violation_201,5,P4,18.62146,24,15.0,0.0
GLAS,glas024,Violation_201,5,C3,23.59672,24,15.0,0.0
GLAS,glas024,Violation_201,5,C4,22.44815,24,15.0,0.0
GLAS,glas024,Violation_201,5,P7,13.18867,24,15.0,0.0
GLAS,glas024,Violation_201,5,P8,16.41282,24,15.0,0.0
GLAS,glas024,Violation_201,5,O1,6.294087,24,15.0,0.0
GLAS,glas024,Violation_201,5,O2,4.914254,24,15.0,0.0
GLAS,glas024,Violation_201,6,Pz,14.22138,24,17.0,0.0
GLAS,glas024,Violation_201,6,Cz,9.82783,24,17.0,0.0
GLAS,glas024,Violation_201,6,CP1,16.43397,24,17.0,0.0
GLAS,glas024,Violation_201,6,CP2,9.016727,24,17.0,0.0
GLAS,glas024,Violation_201,6,P3,15.78763,24,17.0,0.0
GLAS,glas024,Violation_201,6,P4,16.20544,24,17.0,0.0
GLAS,glas024,Violation_201,6,C3,13.26756,24,17.0,0.0
GLAS,glas024,Violation_201,6,C4,14.10528,24,17.0,0.0
GLAS,glas024,Violation_201,6,P7,21.5444,24,17.0,0.0
GLAS,glas024,Violation_201,6,P8,14.31214,24,17.0,0.0
GLAS,glas024,Violation_201,6,O1,7.36119,24,17.0,0.0
GLAS,glas024,Violation_201,6,O2,7.514665,24,17.0,0.0
GLAS,glas024,Control_202,7,Pz,1.100523,24,20.0,90.0
GLAS,glas024,Control_202,7,Cz,5.505147,24,20.0,90.0
GLAS,glas024,Control_202,7,CP1,-0.1088131,24,20.0,90.0
GLAS,glas024,Control_202,7,CP2,4.400769,24,20.0,90.0
GLAS,glas024,Control_202,7,P3,-0.08840359,24,20.0,90.0
GLAS,glas024,Control_202,7,P4,2.463835,24,20.0,90.0
GLAS,glas024,Control_202,7,C3,1.399268,24,20.0,90.0
GLAS,glas024,Control_202,7,C4,1.250178,24,20.0,90.0
GLAS,glas024,Control_202,7,P7,2.454196,24,20.0,90.0
GLAS,glas024,Control_202,7,P8,3.057789,24,20.0,90.0
GLAS,glas024,Control_202,7,O1,-11.79545,24,20.0,90.0
GLAS,glas024,Control_202,7,O2,7.549463,24,20.0,90.0
GLAS,glas024,Violation_201,8,Pz,15.7055,24,4.0,20.0
GLAS,glas024,Violation_201,8,Cz,13.39231,24,4.0,20.0
GLAS,glas024,Violation_201,8,CP1,17.53981,24,4.0,20.0
GLAS,glas024,Violation_201,8,CP2,7.813917,24,4.0,20.0
GLAS,glas024,Violation_201,8,P3,14.99025,24,4.0,20.0
GLAS,glas024,Violation_201,8,P4,15.12629,24,4.0,20.0
GLAS,glas024,Violation_201,8,C3,17.32164,24,4.0,20.0
GLAS,glas024,Violation_201,8,C4,15.73395,24,4.0,20.0
GLAS,glas024,Violation_201,8,P7,15.16244,24,4.0,20.0
GLAS,glas024,Violation_201,8,P8,14.54033,24,4.0,20.0
GLAS,glas024,Violation_201,8,O1,17.65197,24,4.0,20.0
GLAS,glas024,Violation_201,8,O2,8.976167,24,4.0,20.0
GLAS,glas024,Control_202,9,Pz,-7.027872,24,10.0,80.0
GLAS,glas024,Control_202,9,Cz,-4.209399,24,10.0,80.0
GLAS,glas024,Control_202,9,CP1,-24.77442,24,10.0,80.0
GLAS,glas024,Control_202,9,CP2,-4.599957,24,10.0,80.0
GLAS,glas024,Control_202,9,P3,-9.625762,24,10.0,80.0
GLAS,glas024,Control_202,9,P4,-5.251627,24,10.0,80.0
GLAS,glas024,Control_202,9,C3,-4.821525,24,10.0,80.0
GLAS,glas024,Control_202,9,C4,-6.772152,24,10.0,80.0
GLAS,glas024,Control_202,9,P7,-14.63509,24,10.0,80.0
GLAS,glas024,Control_202,9,P8,-4.373351,24,10.0,80.0
GLAS,glas024,Control_202,9,O1,-15.52372,24,10.0,80.0
GLAS,glas024,Control_202,9,O2,-3.849594,24,10.0,80.0
GLAS,glas024,Violation_201,10,Pz,-2.925177,24,18.0,0.0
GLAS,glas024,Violation_201,10,Cz,-5.882785,24,18.0,0.0
GLAS,glas024,Violation_201,10,CP1,-12.94371,24,18.0,0.0
GLAS,glas024,Violation_201,10,CP2,2.331027,24,18.0,0.0
GLAS,glas024,Violation_201,10,P3,-35.13866,24,18.0,0.0
GLAS,glas024,Violation_201,10,P4,-2.73138,24,18.0,0.0
GLAS,glas024,Violation_201,10,C3,-5.105616,24,18.0,0.0
GLAS,glas024,Violation_201,10,C4,0.9303539,24,18.0,0.0
GLAS,glas024,Violation_201,10,P7,-13.85273,24,18.0,0.0
GLAS,glas024,Violation_201,10,P8,0.3964576,24,18.0,0.0
GLAS,glas024,Violation_201,10,O1,-8.694634,24,18.0,0.0
GLAS,glas024,Violation_201,10,O2,11.62972,24,18.0,0.0
GLAS,glas024,Control_202,11,Pz,-6.977827,24,12.0,100.0
GLAS,glas024,Control_202,11,Cz,-6.222178,24,12.0,100.0
GLAS,glas024,Control_202,11,CP1,-7.492854,24,12.0,100.0
GLAS,glas024,Control_202,11,CP2,0.7997431,24,12.0,100.0
GLAS,glas024,Control_202,11,P3,-6.535892,24,12.0,100.0
GLAS,glas024,Control_202,11,P4,-5.890628,24,12.0,100.0
GLAS,glas024,Control_202,11,C3,-4.295115,24,12.0,100.0
GLAS,glas024,Control_202,11,C4,-6.346333,24,12.0,100.0
GLAS,glas024,Control_202,11,P7,-7.0811,24,12.0,100.0
GLAS,glas024,Control_202,11,P8,-3.38342,24,12.0,100.0
GLAS,glas024,Control_202,11,O1,-0.457852,24,12.0,100.0
GLAS,glas024,Control_202,11,O2,0.2765988,24,12.0,100.0
GLAS,glas024,Violation_201,12,Pz,-15.38076,24,19.0,0.0
GLAS,glas024,Violation_201,12,Cz,-18.27584,24,19.0,0.0
GLAS,glas024,Violation_201,12,CP1,-14.10998,24,19.0,0.0
GLAS,glas024,Violation_201,12,CP2,-13.4433,24,19.0,0.0
GLAS,glas024,Violation_201,12,P3,-11.3398,24,19.0,0.0
GLAS,glas024,Violation_201,12,P4,-18.90146,24,19.0,0.0
GLAS,glas024,Violation_201,12,C3,-19.09441,24,19.0,0.0
GLAS,glas024,Violation_201,12,C4,-20.82581,24,19.0,0.0
GLAS,glas024,Violation_201,12,P7,-15.70006,24,19.0,0.0
GLAS,glas024,Violation_201,12,P8,-17.878,24,19.0,0.0
GLAS,glas024,Violation_201,12,O1,-9.827188,24,19.0,0.0
GLAS,glas024,Violation_201,12,O2,-9.446715,24,19.0,0.0
GLAS,glas024,Violation_201,13,Pz,-11.59244,24,16.0,0.0
GLAS,glas024,Violation_201,13,Cz,-10.08377,24,16.0,0.0
GLAS,glas024,Violation_201,13,CP1,-30.93777,24,16.0,0.0
GLAS,glas024,Violation_201,13,CP2,-10.74249,24,16.0,0.0
GLAS,glas024,Violation_201,13,P3,-14.68053,24,16.0,0.0
GLAS,glas024,Violation_201,13,P4,-11.04664,24,16.0,0.0
GLAS,glas024,Violation_201,13,C3,-9.96127,24,16.0,0.0
GLAS,glas024,Violation_201,13,C4,-11.41176,24,16.0,0.0
GLAS,glas024,Violation_201,13,P7,-13.7085,24,16.0,0.0
GLAS,glas024,Violation_201,13,P8,-10.47159,24,16.0,0.0
GLAS,glas024,Violation_201,13,O1,-14.8038,24,16.0,0.0
GLAS,glas024,Violation_201,13,O2,-11.34494,24,16.0,0.0
GLAS,glas024,Violation_201,14,Pz,7.353395,24,9.0,3.0
GLAS,glas024,Violation_201,14,Cz,5.636864,24,9.0,3.0
GLAS,glas024,Violation_201,14,CP1,5.309856,24,9.0,3.0
GLAS,glas024,Violation_201,14,CP2,4.496661,24,9.0,3.0
GLAS,glas024,Violation_201,14,P3,5.180051,24,9.0,3.0
GLAS,glas024,Violation_201,14,P4,6.00109,24,9.0,3.0
GLAS,glas024,Violation_201,14,C3,3.686281,24,9.0,3.0
GLAS,glas024,Violation_201,14,C4,5.819116,24,9.0,3.0
GLAS,glas024,Violation_201,14,P7,3.401028,24,9.0,3.0
GLAS,glas024,Violation_201,14,P8,5.203249,24,9.0,3.0
GLAS,glas024,Violation_201,14,O1,7.801081,24,9.0,3.0
GLAS,glas024,Violation_201,14,O2,4.26022,24,9.0,3.0
GLAS,glas024,Violation_201,15,Pz,-4.288765,24,13.0,0.0
GLAS,glas024,Violation_201,15,Cz,-4.66809,24,13.0,0.0
GLAS,glas024,Violation_201,15,CP1,-0.7993921,24,13.0,0.0
GLAS,glas024,Violation_201,15,CP2,-3.536436,24,13.0,0.0
GLAS,glas024,Violation_201,15,P3,-3.22564,24,13.0,0.0
GLAS,glas024,Violation_201,15,P4,-5.503877,24,13.0,0.0
GLAS,glas024,Violation_201,15,C3,-3.224984,24,13.0,0.0
GLAS,glas024,Violation_201,15,C4,-4.195677,24,13.0,0.0
GLAS,glas024,Violation_201,15,P7,-4.970959,24,13.0,0.0
GLAS,glas024,Violation_201,15,P8,-5.905386,24,13.0,0.0
GLAS,glas024,Violation_201,15,O1,-0.7189097,24,13.0,0.0
GLAS,glas024,Violation_201,15,O2,-5.000165,24,13.0,0.0
GLAS,glas024,Violation_201,16,Pz,3.677536,24,6.0,0.0
GLAS,glas024,Violation_201,16,Cz,2.194876,24,6.0,0.0
GLAS,glas024,Violation_201,16,CP1,-8.771027,24,6.0,0.0
GLAS,glas024,Violation_201,16,CP2,0.1884666,24,6.0,0.0
GLAS,glas024,Violation_201,16,P3,-1.478704,24,6.0,0.0
GLAS,glas024,Violation_201,16,P4,3.135778,24,6.0,0.0
GLAS,glas024,Violation_201,16,C3,4.362292,24,6.0,0.0
GLAS,glas024,Violation_201,16,C4,4.80594,24,6.0,0.0
GLAS,glas024,Violation_201,16,P7,-3.68885,24,6.0,0.0
GLAS,glas024,Violation_201,16,P8,3.357698,24,6.0,0.0
GLAS,glas024,Violation_201,16,O1,-7.883647,24,6.0,0.0
GLAS,glas024,Violation_201,16,O2,-5.905637,24,6.0,0.0
GLAS,glas024,Control_202,17,Pz,-3.190127,24,1.0,97.0
GLAS,glas024,Control_202,17,Cz,-5.213273,24,1.0,97.0
GLAS,glas024,Control_202,17,CP1,-1.654074,24,1.0,97.0
GLAS,glas024,Control_202,17,CP2,-2.775709,24,1.0,97.0
GLAS,glas024,Control_202,17,P3,-2.146125,24,1.0,97.0
GLAS,glas024,Control_202,17,P4,-5.310691,24,1.0,97.0
GLAS,glas024,Control_202,17,C3,-7.012794,24,1.0,97.0
GLAS,glas024,Control_202,17,C4,-7.412382,24,1.0,97.0
GLAS,glas024,Control_202,17,P7,-1.748578,24,1.0,97.0
GLAS,glas024,Control_202,17,P8,-4.78755,24,1.0,97.0
GLAS,glas024,Control_202,17,O1,-1.163107,24,1.0,97.0
GLAS,glas024,Control_202,17,O2,4.009753,24,1.0,97.0
GLAS,glas024,Control_202,18,Pz,-6.872948,24,7.0,80.0
GLAS,glas024,Control_202,18,Cz,-4.042665,24,7.0,80.0
GLAS,glas024,Control_202,18,CP1,-12.47732,24,7.0,80.0
GLAS,glas024,Control_202,18,CP2,-5.157418,24,7.0,80.0
GLAS,glas024,Control_202,18,P3,-8.209446,24,7.0,80.0
GLAS,glas024,Control_202,18,P4,-3.95427,24,7.0,80.0
GLAS,glas024,Control_202,18,C3,-3.969022,24,7.0,80.0
GLAS,glas024,Control_202,18,C4,-6.548433,24,7.0,80.0
GLAS,glas024,Control_202,18,P7,-2.908337,24,7.0,80.0
GLAS,glas024,Control_202,18,P8,-3.493645,24,7.0,80.0
GLAS,glas024,Control_202,18,O1,-12.02676,24,7.0,80.0
GLAS,glas024,Control_202,18,O2,-4.74582,24,7.0,80.0
GLAS,glas024,Control_202,19,Pz,0.1706015,24,14.0,90.0
GLAS,glas024,Control_202,19,Cz,-3.725515,24,14.0,90.0
GLAS,glas024,Control_202,19,CP1,2.467021,24,14.0,90.0
GLAS,glas024,Control_202,19,CP2,-0.03837227,24,14.0,90.0
GLAS,glas024,Control_202,19,P3,1.777137,24,14.0,90.0
GLAS,glas024,Control_202,19,P4,0.3405734,24,14.0,90.0
GLAS,glas024,Control_202,19,C3,-2.309118,24,14.0,90.0
GLAS,glas024,Control_202,19,C4,-1.70403,24,14.0,90.0
GLAS,glas024,Control_202,19,P7,4.585921,24,14.0,90.0
GLAS,glas024,Control_202,19,P8,-2.546947,24,14.0,90.0
GLAS,glas024,Control_202,19,O1,-4.903476,24,14.0,90.0
GLAS,glas024,Control_202,19,O2,-3.682893,24,14.0,90.0
GLAS,glas024,Control_202,20,Pz,-4.933938,24,8.0,97.0
GLAS,glas024,Control_202,20,Cz,-4.198905,24,8.0,97.0
GLAS,glas024,Control_202,20,CP1,-12.89991,24,8.0,97.0
GLAS,glas024,Control_202,20,CP2,-6.423409,24,8.0,97.0
GLAS,glas024,Control_202,20,P3,-5.576534,24,8.0,97.0
GLAS,glas024,Control_202,20,P4,-3.710903,24,8.0,97.0
GLAS,glas024,Control_202,20,C3,-2.290056,24,8.0,97.0
GLAS,glas024,Control_202,20,C4,-6.470578,24,8.0,97.0
GLAS,glas024,Control_202,20,P7,-4.740728,24,8.0,97.0
GLAS,glas024,Control_202,20,P8,-4.063641,24,8.0,97.0
GLAS,glas024,Control_202,20,O1,2.096066,24,8.0,97.0
GLAS,glas024,Control_202,20,O2,-6.297908,24,8.0,97.0
GLAS,glas024,Control_202,21,Pz,-0.2231345,24,34.0,97.0
GLAS,glas024,Control_202,21,Cz,4.006873,24,34.0,97.0
GLAS,glas024,Control_202,21,CP1,-7.398932,24,34.0,97.0
GLAS,glas024,Control_202,21,CP2,5.529476,24,34.0,97.0
GLAS,glas024,Control_202,21,P3,-1.841777,24,34.0,97.0
GLAS,glas024,Control_202,21,P4,5.453618,24,34.0,97.0
GLAS,glas024,Control_202,21,C3,3.663476,24,34.0,97.0
GLAS,glas024,Control_202,21,C4,3.93581,24,34.0,97.0
GLAS,glas024,Control_202,21,P7,-3.560952,24,34.0,97.0
GLAS,glas024,Control_202,21,P8,7.193571,24,34.0,97.0
GLAS,glas024,Control_202,21,O1,-10.4816,24,34.0,97.0
GLAS,glas024,Control_202,21,O2,10.82801,24,34.0,97.0
GLAS,glas024,Violation_201,22,Pz,-15.06799,24,27.0,0.0
GLAS,glas024,Violation_201,22,Cz,-15.59622,24,27.0,0.0
GLAS,glas024,Violation_201,22,CP1,-21.80851,24,27.0,0.0
GLAS,glas024,Violation_201,22,CP2,-9.589572,24,27.0,0.0
GLAS,glas024,Violation_201,22,P3,-17.93485,24,27.0,0.0
GLAS,glas024,Violation_201,22,P4,-8.763433,24,27.0,0.0
GLAS,glas024,Violation_201,22,C3,-12.27294,24,27.0,0.0
GLAS,glas024,Violation_201,22,C4,-11.42637,24,27.0,0.0
GLAS,glas024,Violation_201,22,P7,-18.74994,24,27.0,0.0
GLAS,glas024,Violation_201,22,P8,-8.877685,24,27.0,0.0
GLAS,glas024,Violation_201,22,O1,-25.53582,24,27.0,0.0
GLAS,glas024,Violation_201,22,O2,-9.839812,24,27.0,0.0
GLAS,glas024,Violation_201,23,Pz,4.45072,24,37.0,0.0
GLAS,glas024,Violation_201,23,Cz,2.558074,24,37.0,0.0
GLAS,glas024,Violation_201,23,CP1,16.336,24,37.0,0.0
GLAS,glas024,Violation_201,23,CP2,-2.856569,24,37.0,0.0
GLAS,glas024,Violation_201,23,P3,5.743847,24,37.0,0.0
GLAS,glas024,Violation_201,23,P4,1.215722,24,37.0,0.0
GLAS,glas024,Violation_201,23,C3,2.282587,24,37.0,0.0
GLAS,glas024,Violation_201,23,C4,-2.37061,24,37.0,0.0
GLAS,glas024,Violation_201,23,P7,5.123544,24,37.0,0.0
GLAS,glas024,Violation_201,23,P8,-1.009334,24,37.0,0.0
GLAS,glas024,Violation_201,23,O1,3.836663,24,37.0,0.0
GLAS,glas024,Violation_201,23,O2,-3.213013,24,37.0,0.0
GLAS,glas024,Control_202,24,Pz,-4.091615,24,25.0,97.0
GLAS,glas024,Control_202,24,Cz,-5.80376,24,25.0,97.0
GLAS,glas024,Control_202,24,CP1,-2.802833,24,25.0,97.0
GLAS,glas024,Control_202,24,CP2,-6.711711,24,25.0,97.0
GLAS,glas024,Control_202,24,P3,-9.263124,24,25.0,97.0
GLAS,glas024,Control_202,24,P4,-5.949121,24,25.0,97.0
GLAS,glas024,Control_202,24,C3,-5.758598,24,25.0,97.0
GLAS,glas024,Control_202,24,C4,-1.542944,24,25.0,97.0
GLAS,glas024,Control_202,24,P7,-15.96463,24,25.0,97.0
GLAS,glas024,Control_202,24,P8,-6.737187,24,25.0,97.0
GLAS,glas024,Control_202,24,O1,-4.790698,24,25.0,97.0
GLAS,glas024,Control_202,24,O2,-10.39071,24,25.0,97.0
GLAS,glas024,Control_202,25,Pz,9.844921,24,30.0,90.0
GLAS,glas024,Control_202,25,Cz,6.048,24,30.0,90.0
GLAS,glas024,Control_202,25,CP1,7.823275,24,30.0,90.0
GLAS,glas024,Control_202,25,CP2,6.674845,24,30.0,90.0
GLAS,glas024,Control_202,25,P3,10.2669,24,30.0,90.0
GLAS,glas024,Control_202,25,P4,13.97305,24,30.0,90.0
GLAS,glas024,Control_202,25,C3,11.84632,24,30.0,90.0
GLAS,glas024,Control_202,25,C4,12.20544,24,30.0,90.0
GLAS,glas024,Control_202,25,P7,19.94519,24,30.0,90.0
GLAS,glas024,Control_202,25,P8,13.28932,24,30.0,90.0
GLAS,glas024,Control_202,25,O1,10.22495,24,30.0,90.0
GLAS,glas024,Control_202,25,O2,-1.244883,24,30.0,90.0
GLAS,glas024,Violation_201,26,Pz,2.038199,24,36.0,7.0
GLAS,glas024,Violation_201,26,Cz,4.010303,24,36.0,7.0
GLAS,glas024,Violation_201,26,CP1,5.645151,24,36.0,7.0
GLAS,glas024,Violation_201,26,CP2,-2.026084,24,36.0,7.0
GLAS,glas024,Violation_201,26,P3,-1.286547,24,36.0,7.0
GLAS,glas024,Violation_201,26,P4,2.612039,24,36.0,7.0
GLAS,glas024,Violation_201,26,C3,-1.314312,24,36.0,7.0
GLAS,glas024,Violation_201,26,C4,1.867931,24,36.0,7.0
GLAS,glas024,Violation_201,26,P7,2.646891,24,36.0,7.0
GLAS,glas024,Violation_201,26,P8,0.2440158,24,36.0,7.0
GLAS,glas024,Violation_201,26,O1,-7.857805,24,36.0,7.0
GLAS,glas024,Violation_201,26,O2,-8.739573,24,36.0,7.0
GLAS,glas024,Control_202,27,Pz,14.62562,24,28.0,27.0
GLAS,glas024,Control_202,27,Cz,18.62364,24,28.0,27.0
GLAS,glas024,Control_202,27,CP1,26.16895,24,28.0,27.0
GLAS,glas024,Control_202,27,CP2,6.442667,24,28.0,27.0
GLAS,glas024,Control_202,27,P3,14.08206,24,28.0,27.0
GLAS,glas024,Control_202,27,P4,10.62816,24,28.0,27.0
GLAS,glas024,Control_202,27,C3,12.16794,24,28.0,27.0
GLAS,glas024,Control_202,27,C4,10.587,24,28.0,27.0
GLAS,glas024,Control_202,27,P7,20.69332,24,28.0,27.0
GLAS,glas024,Control_202,27,P8,7.269484,24,28.0,27.0
GLAS,glas024,Control_202,27,O1,-0.9516878,24,28.0,27.0
GLAS,glas024,Control_202,27,O2,1.853977,24,28.0,27.0
GLAS,glas024,Control_202,28,Pz,20.62764,24,26.0,87.0
GLAS,glas024,Control_202,28,Cz,19.458,24,26.0,87.0
GLAS,glas024,Control_202,28,CP1,34.29753,24,26.0,87.0
GLAS,glas024,Control_202,28,CP2,16.74966,24,26.0,87.0
GLAS,glas024,Control_202,28,P3,21.17024,24,26.0,87.0
GLAS,glas024,Control_202,28,P4,19.68955,24,26.0,87.0
GLAS,glas024,Control_202,28,C3,22.95884,24,26.0,87.0
GLAS,glas024,Control_202,28,C4,19.41774,24,26.0,87.0
GLAS,glas024,Control_202,28,P7,20.35563,24,26.0,87.0
GLAS,glas024,Control_202,28,P8,18.22323,24,26.0,87.0
GLAS,glas024,Control_202,28,O1,10.7077,24,26.0,87.0
GLAS,glas024,Control_202,28,O2,12.84597,24,26.0,87.0
GLAS,glas024,Violation_201,29,Pz,-21.12002,24,33.0,0.0
GLAS,glas024,Violation_201,29,Cz,-22.0247,24,33.0,0.0
GLAS,glas024,Violation_201,29,CP1,-2.956017,24,33.0,0.0
GLAS,glas024,Violation_201,29,CP2,-12.4743,24,33.0,0.0
GLAS,glas024,Violation_201,29,P3,-19.31093,24,33.0,0.0
GLAS,glas024,Violation_201,29,P4,-17.4449,24,33.0,0.0
GLAS,glas024,Violation_201,29,C3,-24.18131,24,33.0,0.0
GLAS,glas024,Violation_201,29,C4,-22.08647,24,33.0,0.0
GLAS,glas024,Violation_201,29,P7,-24.79969,24,33.0,0.0
GLAS,glas024,Violation_201,29,P8,-15.96286,24,33.0,0.0
GLAS,glas024,Violation_201,29,O1,-12.1662,24,33.0,0.0
GLAS,glas024,Violation_201,29,O2,-13.91045,24,33.0,0.0
GLAS,glas024,Violation_201,30,Pz,1.513226,24,40.0,0.0
GLAS,glas024,Violation_201,30,Cz,3.361,24,40.0,0.0
GLAS,glas024,Violation_201,30,CP1,-7.201386,24,40.0,0.0
GLAS,glas024,Violation_201,30,CP2,-0.3035942,24,40.0,0.0
GLAS,glas024,Violation_201,30,P3,0.2268571,24,40.0,0.0
GLAS,glas024,Violation_201,30,P4,-2.787384,24,40.0,0.0
GLAS,glas024,Violation_201,30,C3,-0.9986527,24,40.0,0.0
GLAS,glas024,Violation_201,30,C4,9.18668,24,40.0,0.0
GLAS,glas024,Violation_201,30,P7,-3.95825,24,40.0,0.0
GLAS,glas024,Violation_201,30,P8,-1.888009,24,40.0,0.0
GLAS,glas024,Violation_201,30,O1,0.6345221,24,40.0,0.0
GLAS,glas024,Violation_201,30,O2,-1.854887,24,40.0,0.0
GLAS,glas024,Violation_201,31,Pz,-19.72433,24,24.0,40.0
GLAS,glas024,Violation_201,31,Cz,-22.84259,24,24.0,40.0
GLAS,glas024,Violation_201,31,CP1,-26.17154,24,24.0,40.0
GLAS,glas024,Violation_201,31,CP2,-13.71582,24,24.0,40.0
GLAS,glas024,Violation_201,31,P3,-23.09296,24,24.0,40.0
GLAS,glas024,Violation_201,31,P4,-12.90088,24,24.0,40.0
GLAS,glas024,Violation_201,31,C3,-17.7366,24,24.0,40.0
GLAS,glas024,Violation_201,31,C4,-15.88782,24,24.0,40.0
GLAS,glas024,Violation_201,31,P7,-25.2064,24,24.0,40.0
GLAS,glas024,Violation_201,31,P8,-9.422992,24,24.0,40.0
GLAS,glas024,Violation_201,31,O1,-19.08926,24,24.0,40.0
GLAS,glas024,Violation_201,31,O2,-11.0441,24,24.0,40.0
GLAS,glas024,Violation_201,32,Pz,-22.91423,24,32.0,3.0
GLAS,glas024,Violation_201,32,Cz,-21.20595,24,32.0,3.0
GLAS,glas024,Violation_201,32,CP1,-34.82999,24,32.0,3.0
GLAS,glas024,Violation_201,32,CP2,-14.39662,24,32.0,3.0
GLAS,glas024,Violation_201,32,P3,-26.17227,24,32.0,3.0
GLAS,glas024,Violation_201,32,P4,-17.15721,24,32.0,3.0
GLAS,glas024,Violation_201,32,C3,-19.339,24,32.0,3.0
GLAS,glas024,Violation_201,32,C4,-19.89942,24,32.0,3.0
GLAS,glas024,Violation_201,32,P7,-20.94492,24,32.0,3.0
GLAS,glas024,Violation_201,32,P8,-14.99339,24,32.0,3.0
GLAS,glas024,Violation_201,32,O1,-21.47243,24,32.0,3.0
GLAS,glas024,Violation_201,32,O2,-4.160115,24,32.0,3.0
GLAS,glas024,Control_202,33,Pz,-1.207132,24,23.0,93.0
GLAS,glas024,Control_202,33,Cz,-3.669344,24,23.0,93.0
GLAS,glas024,Control_202,33,CP1,7.581493,24,23.0,93.0
GLAS,glas024,Control_202,33,CP2,-4.205809,24,23.0,93.0
GLAS,glas024,Control_202,33,P3,-1.579428,24,23.0,93.0
GLAS,glas024,Control_202,33,P4,-2.195754,24,23.0,93.0
GLAS,glas024,Control_202,33,C3,0.03391577,24,23.0,93.0
GLAS,glas024,Control_202,33,C4,-3.346891,24,23.0,93.0
GLAS,glas024,Control_202,33,P7,-5.653466,24,23.0,93.0
GLAS,glas024,Control_202,33,P8,-4.066101,24,23.0,93.0
GLAS,glas024,Control_202,33,O1,-8.829417,24,23.0,93.0
GLAS,glas024,Control_202,33,O2,-3.803933,24,23.0,93.0
GLAS,glas024,Violation_201,34,Pz,12.80038,24,39.0,0.0
GLAS,glas024,Violation_201,34,Cz,10.8844,24,39.0,0.0
GLAS,glas024,Violation_201,34,CP1,15.91804,24,39.0,0.0
GLAS,glas024,Violation_201,34,CP2,7.468127,24,39.0,0.0
GLAS,glas024,Violation_201,34,P3,15.98435,24,39.0,0.0
GLAS,glas024,Violation_201,34,P4,8.82382,24,39.0,0.0
GLAS,glas024,Violation_201,34,C3,11.21756,24,39.0,0.0
GLAS,glas024,Violation_201,34,C4,13.70846,24,39.0,0.0
GLAS,glas024,Violation_201,34,P7,3.698118,24,39.0,0.0
GLAS,glas024,Violation_201,34,P8,7.96963,24,39.0,0.0
GLAS,glas024,Violation_201,34,O1,7.933618,24,39.0,0.0
GLAS,glas024,Violation_201,34,O2,5.239844,24,39.0,0.0
GLAS,glas024,Control_202,35,Pz,0.9252261,24,21.0,77.0
GLAS,glas024,Control_202,35,Cz,-3.646537,24,21.0,77.0
GLAS,glas024,Control_202,35,CP1,-3.591934,24,21.0,77.0
GLAS,glas024,Control_202,35,CP2,-0.2315709,24,21.0,77.0
GLAS,glas024,Control_202,35,P3,0.122529,24,21.0,77.0
GLAS,glas024,Control_202,35,P4,-1.22488,24,21.0,77.0
GLAS,glas024,Control_202,35,C3,-1.079323,24,21.0,77.0
GLAS,glas024,Control_202,35,C4,-1.362086,24,21.0,77.0
GLAS,glas024,Control_202,35,P7,-1.602046,24,21.0,77.0
GLAS,glas024,Control_202,35,P8,-1.943602,24,21.0,77.0
GLAS,glas024,Control_202,35,O1,-0.6383203,24,21.0,77.0
GLAS,glas024,Control_202,35,O2,6.456899,24,21.0,77.0
GLAS,glas024,Control_202,36,Pz,-0.5934319,24,22.0,53.0
GLAS,glas024,Control_202,36,Cz,0.4544125,24,22.0,53.0
GLAS,glas024,Control_202,36,CP1,5.251933,24,22.0,53.0
GLAS,glas024,Control_202,36,CP2,2.474933,24,22.0,53.0
GLAS,glas024,Control_202,36,P3,2.308937,24,22.0,53.0
GLAS,glas024,Control_202,36,P4,-3.391671,24,22.0,53.0
GLAS,glas024,Control_202,36,C3,-2.389792,24,22.0,53.0
GLAS,glas024,Control_202,36,C4,-5.874961,24,22.0,53.0
GLAS,glas024,Control_202,36,P7,15.25838,24,22.0,53.0
GLAS,glas024,Control_202,36,P8,-3.565355,24,22.0,53.0
GLAS,glas024,Control_202,36,O1,7.32337,24,22.0,53.0
GLAS,glas024,Control_202,36,O2,5.447208,24,22.0,53.0
GLAS,glas024,Control_202,37,Pz,4.560934,24,38.0,93.0
GLAS,glas024,Control_202,37,Cz,5.261959,24,38.0,93.0
GLAS,glas024,Control_202,37,CP1,3.710019,24,38.0,93.0
GLAS,glas024,Control_202,37,CP2,4.536184,24,38.0,93.0
GLAS,glas024,Control_202,37,P3,6.932396,24,38.0,93.0
GLAS,glas024,Control_202,37,P4,4.156189,24,38.0,93.0
GLAS,glas024,Control_202,37,C3,5.423273,24,38.0,93.0
GLAS,glas024,Control_202,37,C4,3.860627,24,38.0,93.0
GLAS,glas024,Control_202,37,P7,6.581522,24,38.0,93.0
GLAS,glas024,Control_202,37,P8,3.950859,24,38.0,93.0
GLAS,glas024,Control_202,37,O1,8.097087,24,38.0,93.0
GLAS,glas024,Control_202,37,O2,8.720779,24,38.0,93.0
GLAS,glas024,Violation_201,38,Pz,-0.4887092,24,31.0,0.0
GLAS,glas024,Violation_201,38,Cz,-3.606292,24,31.0,0.0
GLAS,glas024,Violation_201,38,CP1,-1.824089,24,31.0,0.0
GLAS,glas024,Violation_201,38,CP2,2.062015,24,31.0,0.0
GLAS,glas024,Violation_201,38,P3,4.600381,24,31.0,0.0
GLAS,glas024,Violation_201,38,P4,-5.017639,24,31.0,0.0
GLAS,glas024,Violation_201,38,C3,-7.219926,24,31.0,0.0
GLAS,glas024,Violation_201,38,C4,-12.03592,24,31.0,0.0
GLAS,glas024,Violation_201,38,P7,5.224794,24,31.0,0.0
GLAS,glas024,Violation_201,38,P8,-7.66808,24,31.0,0.0
GLAS,glas024,Violation_201,38,O1,11.33322,24,31.0,0.0
GLAS,glas024,Violation_201,38,O2,6.068243,24,31.0,0.0
GLAS,glas024,Control_202,39,Pz,-4.089611,24,35.0,97.0
GLAS,glas024,Control_202,39,Cz,-3.482193,24,35.0,97.0
GLAS,glas024,Control_202,39,CP1,2.188346,24,35.0,97.0
GLAS,glas024,Control_202,39,CP2,2.121561,24,35.0,97.0
GLAS,glas024,Control_202,39,P3,-2.178666,24,35.0,97.0
GLAS,glas024,Control_202,39,P4,-3.296469,24,35.0,97.0
GLAS,glas024,Control_202,39,C3,-8.331017,24,35.0,97.0
GLAS,glas024,Control_202,39,C4,-10.66329,24,35.0,97.0
GLAS,glas024,Control_202,39,P7,-0.1407665,24,35.0,97.0
GLAS,glas024,Control_202,39,P8,-3.657135,24,35.0,97.0
GLAS,glas024,Control_202,39,O1,-5.390174,24,35.0,97.0
GLAS,glas024,Control_202,39,O2,-2.450547,24,35.0,97.0
GLAS,glas024,Violation_201,40,Pz,7.195716,24,29.0,90.0
GLAS,glas024,Violation_201,40,Cz,5.0697,24,29.0,90.0
GLAS,glas024,Violation_201,40,CP1,20.65453,24,29.0,90.0
GLAS,glas024,Violation_201,40,CP2,5.28344,24,29.0,90.0
GLAS,glas024,Violation_201,40,P3,11.08703,24,29.0,90.0
GLAS,glas024,Violation_201,40,P4,4.846186,24,29.0,90.0
GLAS,glas024,Violation_201,40,C3,3.719907,24,29.0,90.0
GLAS,glas024,Violation_201,40,C4,7.055879,24,29.0,90.0
GLAS,glas024,Violation_201,40,P7,5.938241,24,29.0,90.0
GLAS,glas024,Violation_201,40,P8,4.642223,24,29.0,90.0
GLAS,glas024,Violation_201,40,O1,9.71265,24,29.0,90.0
GLAS,glas024,Violation_201,40,O2,3.292584,24,29.0,90.0
GLAS,glas025,Violation_201,1,Pz,28.9169,25,8.0,34.0
GLAS,glas025,Violation_201,1,Cz,17.60398,25,8.0,34.0
GLAS,glas025,Violation_201,1,CP1,-1.370234,25,8.0,34.0
GLAS,glas025,Violation_201,1,CP2,19.06457,25,8.0,34.0
GLAS,glas025,Violation_201,1,P3,14.67413,25,8.0,34.0
GLAS,glas025,Violation_201,1,P4,22.20678,25,8.0,34.0
GLAS,glas025,Violation_201,1,C3,21.48194,25,8.0,34.0
GLAS,glas025,Violation_201,1,C4,16.19769,25,8.0,34.0
GLAS,glas025,Violation_201,1,P7,29.27721,25,8.0,34.0
GLAS,glas025,Violation_201,1,P8,14.10606,25,8.0,34.0
GLAS,glas025,Violation_201,1,O1,18.11329,25,8.0,34.0
GLAS,glas025,Violation_201,1,O2,15.23289,25,8.0,34.0
GLAS,glas025,Violation_201,2,Pz,-14.45,25,19.0,0.0
GLAS,glas025,Violation_201,2,Cz,-9.862948,25,19.0,0.0
GLAS,glas025,Violation_201,2,CP1,-25.1559,25,19.0,0.0
GLAS,glas025,Violation_201,2,CP2,-12.98563,25,19.0,0.0
GLAS,glas025,Violation_201,2,P3,-26.64826,25,19.0,0.0
GLAS,glas025,Violation_201,2,P4,-9.898388,25,19.0,0.0
GLAS,glas025,Violation_201,2,C3,-11.9304,25,19.0,0.0
GLAS,glas025,Violation_201,2,C4,-13.01722,25,19.0,0.0
GLAS,glas025,Violation_201,2,P7,-27.33645,25,19.0,0.0
GLAS,glas025,Violation_201,2,P8,-14.3759,25,19.0,0.0
GLAS,glas025,Violation_201,2,O1,-21.67466,25,19.0,0.0
GLAS,glas025,Violation_201,2,O2,-17.47447,25,19.0,0.0
GLAS,glas025,Violation_201,3,Pz,-2.370634,25,9.0,3.0
GLAS,glas025,Violation_201,3,Cz,-3.563043,25,9.0,3.0
GLAS,glas025,Violation_201,3,CP1,-3.228838,25,9.0,3.0
GLAS,glas025,Violation_201,3,CP2,-10.76126,25,9.0,3.0
GLAS,glas025,Violation_201,3,P3,2.028728,25,9.0,3.0
GLAS,glas025,Violation_201,3,P4,-4.14941,25,9.0,3.0
GLAS,glas025,Violation_201,3,C3,-3.048427,25,9.0,3.0
GLAS,glas025,Violation_201,3,C4,-4.64267,25,9.0,3.0
GLAS,glas025,Violation_201,3,P7,-19.63914,25,9.0,3.0
GLAS,glas025,Violation_201,3,P8,0.7465943,25,9.0,3.0
GLAS,glas025,Violation_201,3,O1,-14.07444,25,9.0,3.0
GLAS,glas025,Violation_201,3,O2,-5.832026,25,9.0,3.0
GLAS,glas025,Violation_201,4,Pz,35.23746,25,14.0,0.0
GLAS,glas025,Violation_201,4,Cz,22.97555,25,14.0,0.0
GLAS,glas025,Violation_201,4,CP1,36.41351,25,14.0,0.0
GLAS,glas025,Violation_201,4,CP2,23.5265,25,14.0,0.0
GLAS,glas025,Violation_201,4,P3,43.70959,25,14.0,0.0
GLAS,glas025,Violation_201,4,P4,17.39573,25,14.0,0.0
GLAS,glas025,Violation_201,4,C3,18.81279,25,14.0,0.0
GLAS,glas025,Violation_201,4,C4,25.03621,25,14.0,0.0
GLAS,glas025,Violation_201,4,P7,42.52226,25,14.0,0.0
GLAS,glas025,Violation_201,4,P8,21.03395,25,14.0,0.0
GLAS,glas025,Violation_201,4,O1,21.88407,25,14.0,0.0
GLAS,glas025,Violation_201,4,O2,25.88046,25,14.0,0.0
GLAS,glas025,Violation_201,5,Pz,-12.97406,25,20.0,0.0
GLAS,glas025,Violation_201,5,Cz,4.750108,25,20.0,0.0
GLAS,glas025,Violation_201,5,CP1,23.17205,25,20.0,0.0
GLAS,glas025,Violation_201,5,CP2,-1.138211,25,20.0,0.0
GLAS,glas025,Violation_201,5,P3,5.019779,25,20.0,0.0
GLAS,glas025,Violation_201,5,P4,1.596431,25,20.0,0.0
GLAS,glas025,Violation_201,5,C3,2.151794,25,20.0,0.0
GLAS,glas025,Violation_201,5,C4,-1.181199,25,20.0,0.0
GLAS,glas025,Violation_201,5,P7,-20.22318,25,20.0,0.0
GLAS,glas025,Violation_201,5,P8,-5.333289,25,20.0,0.0
GLAS,glas025,Violation_201,5,O1,0.02356631,25,20.0,0.0
GLAS,glas025,Violation_201,5,O2,-1.572934,25,20.0,0.0
GLAS,glas025,Control_202,6,Pz,-7.014376,25,3.0,100.0
GLAS,glas025,Control_202,6,Cz,-10.16749,25,3.0,100.0
GLAS,glas025,Control_202,6,CP1,-13.09933,25,3.0,100.0
GLAS,glas025,Control_202,6,CP2,-19.21983,25,3.0,100.0
GLAS,glas025,Control_202,6,P3,-8.055085,25,3.0,100.0
GLAS,glas025,Control_202,6,P4,-12.45394,25,3.0,100.0
GLAS,glas025,Control_202,6,C3,-9.307938,25,3.0,100.0
GLAS,glas025,Control_202,6,C4,-4.467556,25,3.0,100.0
GLAS,glas025,Control_202,6,P7,-9.602816,25,3.0,100.0
GLAS,glas025,Control_202,6,P8,-18.27246,25,3.0,100.0
GLAS,glas025,Control_202,6,O1,-18.06865,25,3.0,100.0
GLAS,glas025,Control_202,6,O2,-10.30259,25,3.0,100.0
GLAS,glas026,Control_202,1,Pz,7.076774,26,5.0,93.0
GLAS,glas026,Control_202,1,Cz,6.963193,26,5.0,93.0
GLAS,glas026,Control_202,1,CP1,6.6882,26,5.0,93.0
GLAS,glas026,Control_202,1,CP2,-29.66139,26,5.0,93.0
GLAS,glas026,Control_202,1,P3,6.693499,26,5.0,93.0
GLAS,glas026,Control_202,1,P4,5.231699,26,5.0,93.0
GLAS,glas026,Control_202,1,C3,6.859564,26,5.0,93.0
GLAS,glas026,Control_202,1,C4,6.804259,26,5.0,93.0
GLAS,glas026,Control_202,1,P7,7.408968,26,5.0,93.0
GLAS,glas026,Control_202,1,P8,7.276709,26,5.0,93.0
GLAS,glas026,Control_202,1,O1,4.695793,26,5.0,93.0
GLAS,glas026,Control_202,1,O2,4.463435,26,5.0,93.0
GLAS,glas026,Control_202,2,Pz,-5.025533,26,1.0,97.0
GLAS,glas026,Control_202,2,Cz,-4.29223,26,1.0,97.0
GLAS,glas026,Control_202,2,CP1,-17.83737,26,1.0,97.0
GLAS,glas026,Control_202,2,CP2,16.45966,26,1.0,97.0
GLAS,glas026,Control_202,2,P3,-5.325313,26,1.0,97.0
GLAS,glas026,Control_202,2,P4,-1.547217,26,1.0,97.0
GLAS,glas026,Control_202,2,C3,-4.118277,26,1.0,97.0
GLAS,glas026,Control_202,2,C4,-3.507313,26,1.0,97.0
GLAS,glas026,Control_202,2,P7,-5.073132,26,1.0,97.0
GLAS,glas026,Control_202,2,P8,-2.355768,26,1.0,97.0
GLAS,glas026,Control_202,2,O1,-13.84195,26,1.0,97.0
GLAS,glas026,Control_202,2,O2,3.411227,26,1.0,97.0
GLAS,glas026,Control_202,3,Pz,-12.77282,26,16.0,93.0
GLAS,glas026,Control_202,3,Cz,-13.76151,26,16.0,93.0
GLAS,glas026,Control_202,3,CP1,-23.92535,26,16.0,93.0
GLAS,glas026,Control_202,3,CP2,1.941942,26,16.0,93.0
GLAS,glas026,Control_202,3,P3,-11.82011,26,16.0,93.0
GLAS,glas026,Control_202,3,P4,-8.192205,26,16.0,93.0
GLAS,glas026,Control_202,3,C3,-12.46852,26,16.0,93.0
GLAS,glas026,Control_202,3,C4,-10.34607,26,16.0,93.0
GLAS,glas026,Control_202,3,P7,-10.21434,26,16.0,93.0
GLAS,glas026,Control_202,3,P8,-10.131,26,16.0,93.0
GLAS,glas026,Control_202,3,O1,-2.43618,26,16.0,93.0
GLAS,glas026,Control_202,3,O2,37.10051,26,16.0,93.0
GLAS,glas026,Control_202,4,Pz,13.61469,26,19.0,100.0
GLAS,glas026,Control_202,4,Cz,16.20871,26,19.0,100.0
GLAS,glas026,Control_202,4,CP1,-5.582783,26,19.0,100.0
GLAS,glas026,Control_202,4,CP2,-4.932961,26,19.0,100.0
GLAS,glas026,Control_202,4,P3,12.77475,26,19.0,100.0
GLAS,glas026,Control_202,4,P4,15.53415,26,19.0,100.0
GLAS,glas026,Control_202,4,C3,17.19782,26,19.0,100.0
GLAS,glas026,Control_202,4,C4,16.80238,26,19.0,100.0
GLAS,glas026,Control_202,4,P7,8.339587,26,19.0,100.0
GLAS,glas026,Control_202,4,P8,9.255673,26,19.0,100.0
GLAS,glas026,Control_202,4,O1,-11.80865,26,19.0,100.0
GLAS,glas026,Control_202,4,O2,16.71389,26,19.0,100.0
GLAS,glas026,Violation_201,5,Pz,-2.121591,26,3.0,7.0
GLAS,glas026,Violation_201,5,Cz,0.3814703,26,3.0,7.0
GLAS,glas026,Violation_201,5,CP1,-10.82549,26,3.0,7.0
GLAS,glas026,Violation_201,5,CP2,21.3089,26,3.0,7.0
GLAS,glas026,Violation_201,5,P3,-1.684328,26,3.0,7.0
GLAS,glas026,Violation_201,5,P4,-4.303416,26,3.0,7.0
GLAS,glas026,Violation_201,5,C3,-0.3316074,26,3.0,7.0
GLAS,glas026,Violation_201,5,C4,-1.780186,26,3.0,7.0
GLAS,glas026,Violation_201,5,P7,6.202671,26,3.0,7.0
GLAS,glas026,Violation_201,5,P8,0.03956068,26,3.0,7.0
GLAS,glas026,Violation_201,5,O1,19.85576,26,3.0,7.0
GLAS,glas026,Violation_201,5,O2,-15.84317,26,3.0,7.0
GLAS,glas026,Violation_201,6,Pz,11.90673,26,13.0,0.0
GLAS,glas026,Violation_201,6,Cz,10.24145,26,13.0,0.0
GLAS,glas026,Violation_201,6,CP1,16.62984,26,13.0,0.0
GLAS,glas026,Violation_201,6,CP2,15.66079,26,13.0,0.0
GLAS,glas026,Violation_201,6,P3,10.20116,26,13.0,0.0
GLAS,glas026,Violation_201,6,P4,11.54138,26,13.0,0.0
GLAS,glas026,Violation_201,6,C3,10.67404,26,13.0,0.0
GLAS,glas026,Violation_201,6,C4,11.03348,26,13.0,0.0
GLAS,glas026,Violation_201,6,P7,6.174059,26,13.0,0.0
GLAS,glas026,Violation_201,6,P8,11.95596,26,13.0,0.0
GLAS,glas026,Violation_201,6,O1,44.03492,26,13.0,0.0
GLAS,glas026,Violation_201,6,O2,18.85559,26,13.0,0.0
GLAS,glas026,Violation_201,7,Pz,10.64138,26,17.0,0.0
GLAS,glas026,Violation_201,7,Cz,7.49764,26,17.0,0.0
GLAS,glas026,Violation_201,7,CP1,-0.4802018,26,17.0,0.0
GLAS,glas026,Violation_201,7,CP2,-8.210956,26,17.0,0.0
GLAS,glas026,Violation_201,7,P3,9.422034,26,17.0,0.0
GLAS,glas026,Violation_201,7,P4,0.7535381,26,17.0,0.0
GLAS,glas026,Violation_201,7,C3,6.59905,26,17.0,0.0
GLAS,glas026,Violation_201,7,C4,3.894498,26,17.0,0.0
GLAS,glas026,Violation_201,7,P7,6.981156,26,17.0,0.0
GLAS,glas026,Violation_201,7,P8,-9.286477,26,17.0,0.0
GLAS,glas026,Violation_201,7,O1,-4.791343,26,17.0,0.0
GLAS,glas026,Violation_201,7,O2,0.5555575,26,17.0,0.0
GLAS,glas026,Control_202,8,Pz,11.05805,26,9.0,93.0
GLAS,glas026,Control_202,8,Cz,8.690334,26,9.0,93.0
GLAS,glas026,Control_202,8,CP1,14.33512,26,9.0,93.0
GLAS,glas026,Control_202,8,CP2,-69.43358,26,9.0,93.0
GLAS,glas026,Control_202,8,P3,9.791187,26,9.0,93.0
GLAS,glas026,Control_202,8,P4,5.61287,26,9.0,93.0
GLAS,glas026,Control_202,8,C3,9.443227,26,9.0,93.0
GLAS,glas026,Control_202,8,C4,8.827226,26,9.0,93.0
GLAS,glas026,Control_202,8,P7,7.46489,26,9.0,93.0
GLAS,glas026,Control_202,8,P8,3.786639,26,9.0,93.0
GLAS,glas026,Control_202,8,O1,-5.368478,26,9.0,93.0
GLAS,glas026,Control_202,8,O2,-2.641837,26,9.0,93.0
GLAS,glas026,Violation_201,9,Pz,-14.44252,26,20.0,0.0
GLAS,glas026,Violation_201,9,Cz,-13.15833,26,20.0,0.0
GLAS,glas026,Violation_201,9,CP1,-21.43735,26,20.0,0.0
GLAS,glas026,Violation_201,9,CP2,1.622523,26,20.0,0.0
GLAS,glas026,Violation_201,9,P3,-13.45061,26,20.0,0.0
GLAS,glas026,Violation_201,9,P4,-8.537403,26,20.0,0.0
GLAS,glas026,Violation_201,9,C3,-13.22632,26,20.0,0.0
GLAS,glas026,Violation_201,9,C4,-11.12713,26,20.0,0.0
GLAS,glas026,Violation_201,9,P7,-10.72957,26,20.0,0.0
GLAS,glas026,Violation_201,9,P8,-6.85656,26,20.0,0.0
GLAS,glas026,Violation_201,9,O1,-5.765252,26,20.0,0.0
GLAS,glas026,Violation_201,9,O2,-10.61711,26,20.0,0.0
GLAS,glas026,Violation_201,10,Pz,-14.02422,26,14.0,0.0
GLAS,glas026,Violation_201,10,Cz,-14.4982,26,14.0,0.0
GLAS,glas026,Violation_201,10,CP1,-11.55546,26,14.0,0.0
GLAS,glas026,Violation_201,10,CP2,9.579401,26,14.0,0.0
GLAS,glas026,Violation_201,10,P3,-13.43867,26,14.0,0.0
GLAS,glas026,Violation_201,10,P4,-11.91785,26,14.0,0.0
GLAS,glas026,Violation_201,10,C3,-14.09597,26,14.0,0.0
GLAS,glas026,Violation_201,10,C4,-13.444,26,14.0,0.0
GLAS,glas026,Violation_201,10,P7,-10.80614,26,14.0,0.0
GLAS,glas026,Violation_201,10,P8,-5.994302,26,14.0,0.0
GLAS,glas026,Violation_201,10,O1,-18.18584,26,14.0,0.0
GLAS,glas026,Violation_201,10,O2,-7.367229,26,14.0,0.0
GLAS,glas026,Violation_201,11,Pz,-12.65819,26,12.0,13.0
GLAS,glas026,Violation_201,11,Cz,-10.82092,26,12.0,13.0
GLAS,glas026,Violation_201,11,CP1,-13.98317,26,12.0,13.0
GLAS,glas026,Violation_201,11,CP2,12.48105,26,12.0,13.0
GLAS,glas026,Violation_201,11,P3,-11.83064,26,12.0,13.0
GLAS,glas026,Violation_201,11,P4,-10.2382,26,12.0,13.0
GLAS,glas026,Violation_201,11,C3,-10.05316,26,12.0,13.0
GLAS,glas026,Violation_201,11,C4,-10.47311,26,12.0,13.0
GLAS,glas026,Violation_201,11,P7,-10.07298,26,12.0,13.0
GLAS,glas026,Violation_201,11,P8,-9.915459,26,12.0,13.0
GLAS,glas026,Violation_201,11,O1,8.865622,26,12.0,13.0
GLAS,glas026,Violation_201,11,O2,16.09134,26,12.0,13.0
GLAS,glas026,Violation_201,12,Pz,7.357701,26,8.0,34.0
GLAS,glas026,Violation_201,12,Cz,8.047136,26,8.0,34.0
GLAS,glas026,Violation_201,12,CP1,14.29067,26,8.0,34.0
GLAS,glas026,Violation_201,12,CP2,28.44803,26,8.0,34.0
GLAS,glas026,Violation_201,12,P3,9.053705,26,8.0,34.0
GLAS,glas026,Violation_201,12,P4,10.57214,26,8.0,34.0
GLAS,glas026,Violation_201,12,C3,7.464779,26,8.0,34.0
GLAS,glas026,Violation_201,12,C4,8.38305,26,8.0,34.0
GLAS,glas026,Violation_201,12,P7,8.399604,26,8.0,34.0
GLAS,glas026,Violation_201,12,P8,12.59984,26,8.0,34.0
GLAS,glas026,Violation_201,12,O1,-16.54977,26,8.0,34.0
GLAS,glas026,Violation_201,12,O2,17.94264,26,8.0,34.0
GLAS,glas026,Violation_201,13,Pz,-6.462716,26,15.0,0.0
GLAS,glas026,Violation_201,13,Cz,-5.30398,26,15.0,0.0
GLAS,glas026,Violation_201,13,CP1,-13.49592,26,15.0,0.0
GLAS,glas026,Violation_201,13,CP2,-6.001063,26,15.0,0.0
GLAS,glas026,Violation_201,13,P3,-7.430616,26,15.0,0.0
GLAS,glas026,Violation_201,13,P4,-6.338806,26,15.0,0.0
GLAS,glas026,Violation_201,13,C3,-3.941886,26,15.0,0.0
GLAS,glas026,Violation_201,13,C4,-4.45927,26,15.0,0.0
GLAS,glas026,Violation_201,13,P7,-6.114894,26,15.0,0.0
GLAS,glas026,Violation_201,13,P8,-7.81973,26,15.0,0.0
GLAS,glas026,Violation_201,13,O1,-1.375376,26,15.0,0.0
GLAS,glas026,Violation_201,13,O2,17.16311,26,15.0,0.0
GLAS,glas026,Control_202,14,Pz,-3.952766,26,11.0,87.0
GLAS,glas026,Control_202,14,Cz,-0.4294657,26,11.0,87.0
GLAS,glas026,Control_202,14,CP1,-15.46129,26,11.0,87.0
GLAS,glas026,Control_202,14,CP2,-9.067303,26,11.0,87.0
GLAS,glas026,Control_202,14,P3,-5.769627,26,11.0,87.0
GLAS,glas026,Control_202,14,P4,-1.661492,26,11.0,87.0
GLAS,glas026,Control_202,14,C3,2.273246,26,11.0,87.0
GLAS,glas026,Control_202,14,C4,0.7094386,26,11.0,87.0
GLAS,glas026,Control_202,14,P7,-6.788955,26,11.0,87.0
GLAS,glas026,Control_202,14,P8,2.628009,26,11.0,87.0
GLAS,glas026,Control_202,14,O1,-14.25221,26,11.0,87.0
GLAS,glas026,Control_202,14,O2,-4.488017,26,11.0,87.0
GLAS,glas026,Violation_201,15,Pz,6.695419,26,18.0,0.0
GLAS,glas026,Violation_201,15,Cz,9.309714,26,18.0,0.0
GLAS,glas026,Violation_201,15,CP1,2.949429,26,18.0,0.0
GLAS,glas026,Violation_201,15,CP2,-60.01557,26,18.0,0.0
GLAS,glas026,Violation_201,15,P3,9.130705,26,18.0,0.0
GLAS,glas026,Violation_201,15,P4,8.107276,26,18.0,0.0
GLAS,glas026,Violation_201,15,C3,8.827603,26,18.0,0.0
GLAS,glas026,Violation_201,15,C4,8.137198,26,18.0,0.0
GLAS,glas026,Violation_201,15,P7,10.93723,26,18.0,0.0
GLAS,glas026,Violation_201,15,P8,8.794031,26,18.0,0.0
GLAS,glas026,Violation_201,15,O1,3.557002,26,18.0,0.0
GLAS,glas026,Violation_201,15,O2,-1.16374,26,18.0,0.0
GLAS,glas026,Control_202,16,Pz,-0.4832916,26,6.0,100.0
GLAS,glas026,Control_202,16,Cz,-8.46679,26,6.0,100.0
GLAS,glas026,Control_202,16,CP1,-2.065864,26,6.0,100.0
GLAS,glas026,Control_202,16,CP2,-14.31569,26,6.0,100.0
GLAS,glas026,Control_202,16,P3,3.956194,26,6.0,100.0
GLAS,glas026,Control_202,16,P4,-8.472101,26,6.0,100.0
GLAS,glas026,Control_202,16,C3,-5.266399,26,6.0,100.0
GLAS,glas026,Control_202,16,C4,-6.977362,26,6.0,100.0
GLAS,glas026,Control_202,16,P7,5.073972,26,6.0,100.0
GLAS,glas026,Control_202,16,P8,-7.926755,26,6.0,100.0
GLAS,glas026,Control_202,16,O1,5.844313,26,6.0,100.0
GLAS,glas026,Control_202,16,O2,17.19508,26,6.0,100.0
GLAS,glas026,Control_202,17,Pz,11.05311,26,10.0,80.0
GLAS,glas026,Control_202,17,Cz,10.22596,26,10.0,80.0
GLAS,glas026,Control_202,17,CP1,9.808174,26,10.0,80.0
GLAS,glas026,Control_202,17,CP2,-1.377145,26,10.0,80.0
GLAS,glas026,Control_202,17,P3,10.63592,26,10.0,80.0
GLAS,glas026,Control_202,17,P4,9.929534,26,10.0,80.0
GLAS,glas026,Control_202,17,C3,12.28014,26,10.0,80.0
GLAS,glas026,Control_202,17,C4,11.44161,26,10.0,80.0
GLAS,glas026,Control_202,17,P7,12.34783,26,10.0,80.0
GLAS,glas026,Control_202,17,P8,11.71053,26,10.0,80.0
GLAS,glas026,Control_202,17,O1,-13.54285,26,10.0,80.0
GLAS,glas026,Control_202,17,O2,8.780817,26,10.0,80.0
GLAS,glas026,Violation_201,18,Pz,24.56933,26,4.0,20.0
GLAS,glas026,Violation_201,18,Cz,25.69713,26,4.0,20.0
GLAS,glas026,Violation_201,18,CP1,26.62749,26,4.0,20.0
GLAS,glas026,Violation_201,18,CP2,34.61439,26,4.0,20.0
GLAS,glas026,Violation_201,18,P3,26.21818,26,4.0,20.0
GLAS,glas026,Violation_201,18,P4,19.81877,26,4.0,20.0
GLAS,glas026,Violation_201,18,C3,20.30908,26,4.0,20.0
GLAS,glas026,Violation_201,18,C4,18.8445,26,4.0,20.0
GLAS,glas026,Violation_201,18,P7,26.70141,26,4.0,20.0
GLAS,glas026,Violation_201,18,P8,17.54746,26,4.0,20.0
GLAS,glas026,Violation_201,18,O1,15.53914,26,4.0,20.0
GLAS,glas026,Violation_201,18,O2,18.46241,26,4.0,20.0
GLAS,glas026,Control_202,19,Pz,8.045171,26,2.0,100.0
GLAS,glas026,Control_202,19,Cz,10.30488,26,2.0,100.0
GLAS,glas026,Control_202,19,CP1,-11.76689,26,2.0,100.0
GLAS,glas026,Control_202,19,CP2,26.72425,26,2.0,100.0
GLAS,glas026,Control_202,19,P3,5.57462,26,2.0,100.0
GLAS,glas026,Control_202,19,P4,14.9928,26,2.0,100.0
GLAS,glas026,Control_202,19,C3,11.36731,26,2.0,100.0
GLAS,glas026,Control_202,19,C4,13.53439,26,2.0,100.0
GLAS,glas026,Control_202,19,P7,3.210666,26,2.0,100.0
GLAS,glas026,Control_202,19,P8,13.94449,26,2.0,100.0
GLAS,glas026,Control_202,19,O1,2.260259,26,2.0,100.0
GLAS,glas026,Control_202,19,O2,9.79546,26,2.0,100.0
GLAS,glas026,Violation_201,20,Pz,9.051764,26,7.0,0.0
GLAS,glas026,Violation_201,20,Cz,7.169632,26,7.0,0.0
GLAS,glas026,Violation_201,20,CP1,6.048572,26,7.0,0.0
GLAS,glas026,Violation_201,20,CP2,8.295417,26,7.0,0.0
GLAS,glas026,Violation_201,20,P3,10.54956,26,7.0,0.0
GLAS,glas026,Violation_201,20,P4,3.485574,26,7.0,0.0
GLAS,glas026,Violation_201,20,C3,5.566626,26,7.0,0.0
GLAS,glas026,Violation_201,20,C4,4.290164,26,7.0,0.0
GLAS,glas026,Violation_201,20,P7,11.0289,26,7.0,0.0
GLAS,glas026,Violation_201,20,P8,1.139465,26,7.0,0.0
GLAS,glas026,Violation_201,20,O1,12.07411,26,7.0,0.0
GLAS,glas026,Violation_201,20,O2,-11.48808,26,7.0,0.0
GLAS,glas026,Violation_201,21,Pz,-17.53661,26,25.0,0.0
GLAS,glas026,Violation_201,21,Cz,-13.12308,26,25.0,0.0
GLAS,glas026,Violation_201,21,CP1,-6.796373,26,25.0,0.0
GLAS,glas026,Violation_201,21,CP2,1.210776,26,25.0,0.0
GLAS,glas026,Violation_201,21,P3,-17.44971,26,25.0,0.0
GLAS,glas026,Violation_201,21,P4,-8.381533,26,25.0,0.0
GLAS,glas026,Violation_201,21,C3,-13.3671,26,25.0,0.0
GLAS,glas026,Violation_201,21,C4,-11.81151,26,25.0,0.0
GLAS,glas026,Violation_201,21,P7,-17.44862,26,25.0,0.0
GLAS,glas026,Violation_201,21,P8,-7.184319,26,25.0,0.0
GLAS,glas026,Violation_201,21,O1,-7.543482,26,25.0,0.0
GLAS,glas026,Violation_201,21,O2,-18.62155,26,25.0,0.0
GLAS,glas026,Violation_201,22,Pz,-5.109494,26,32.0,3.0
GLAS,glas026,Violation_201,22,Cz,-2.001175,26,32.0,3.0
GLAS,glas026,Violation_201,22,CP1,15.45116,26,32.0,3.0
GLAS,glas026,Violation_201,22,CP2,-27.44111,26,32.0,3.0
GLAS,glas026,Violation_201,22,P3,-5.463101,26,32.0,3.0
GLAS,glas026,Violation_201,22,P4,-5.326034,26,32.0,3.0
GLAS,glas026,Violation_201,22,C3,-2.796125,26,32.0,3.0
GLAS,glas026,Violation_201,22,C4,-3.646934,26,32.0,3.0
GLAS,glas026,Violation_201,22,P7,-5.349749,26,32.0,3.0
GLAS,glas026,Violation_201,22,P8,-3.559205,26,32.0,3.0
GLAS,glas026,Violation_201,22,O1,22.67869,26,32.0,3.0
GLAS,glas026,Violation_201,22,O2,15.54022,26,32.0,3.0
GLAS,glas026,Violation_201,23,Pz,-2.567034,26,24.0,40.0
GLAS,glas026,Violation_201,23,Cz,-5.813381,26,24.0,40.0
GLAS,glas026,Violation_201,23,CP1,-17.82905,26,24.0,40.0
GLAS,glas026,Violation_201,23,CP2,-41.97105,26,24.0,40.0
GLAS,glas026,Violation_201,23,P3,-0.9857298,26,24.0,40.0
GLAS,glas026,Violation_201,23,P4,-19.24523,26,24.0,40.0
GLAS,glas026,Violation_201,23,C3,-10.78069,26,24.0,40.0
GLAS,glas026,Violation_201,23,C4,-14.68974,26,24.0,40.0
GLAS,glas026,Violation_201,23,P7,-2.1349,26,24.0,40.0
GLAS,glas026,Violation_201,23,P8,-26.48141,26,24.0,40.0
GLAS,glas026,Violation_201,23,O1,2.27852,26,24.0,40.0
GLAS,glas026,Violation_201,23,O2,-25.09589,26,24.0,40.0
GLAS,glas026,Control_202,24,Pz,7.003604,26,31.0,77.0
GLAS,glas026,Control_202,24,Cz,13.97655,26,31.0,77.0
GLAS,glas026,Control_202,24,CP1,24.7798,26,31.0,77.0
GLAS,glas026,Control_202,24,CP2,19.08609,26,31.0,77.0
GLAS,glas026,Control_202,24,P3,6.812887,26,31.0,77.0
GLAS,glas026,Control_202,24,P4,15.69614,26,31.0,77.0
GLAS,glas026,Control_202,24,C3,16.72342,26,31.0,77.0
GLAS,glas026,Control_202,24,C4,16.43516,26,31.0,77.0
GLAS,glas026,Control_202,24,P7,8.256075,26,31.0,77.0
GLAS,glas026,Control_202,24,P8,21.4286,26,31.0,77.0
GLAS,glas026,Control_202,24,O1,11.1522,26,31.0,77.0
GLAS,glas026,Control_202,24,O2,14.72899,26,31.0,77.0
GLAS,glas026,Control_202,25,Pz,-14.28167,26,37.0,80.0
GLAS,glas026,Control_202,25,Cz,-8.941578,26,37.0,80.0
GLAS,glas026,Control_202,25,CP1,-20.30989,26,37.0,80.0
GLAS,glas026,Control_202,25,CP2,-20.32444,26,37.0,80.0
GLAS,glas026,Control_202,25,P3,-17.33504,26,37.0,80.0
GLAS,glas026,Control_202,25,P4,-7.792532,26,37.0,80.0
GLAS,glas026,Control_202,25,C3,-8.148975,26,37.0,80.0
GLAS,glas026,Control_202,25,C4,-7.198611,26,37.0,80.0
GLAS,glas026,Control_202,25,P7,-19.08063,26,37.0,80.0
GLAS,glas026,Control_202,25,P8,-6.267428,26,37.0,80.0
GLAS,glas026,Control_202,25,O1,-15.69499,26,37.0,80.0
GLAS,glas026,Control_202,25,O2,-11.78947,26,37.0,80.0
GLAS,glas026,Violation_201,26,Pz,6.312788,26,27.0,0.0
GLAS,glas026,Violation_201,26,Cz,4.590704,26,27.0,0.0
GLAS,glas026,Violation_201,26,CP1,9.563976,26,27.0,0.0
GLAS,glas026,Violation_201,26,CP2,-5.560506,26,27.0,0.0
GLAS,glas026,Violation_201,26,P3,6.580708,26,27.0,0.0
GLAS,glas026,Violation_201,26,P4,3.846781,26,27.0,0.0
GLAS,glas026,Violation_201,26,C3,0.6568181,26,27.0,0.0
GLAS,glas026,Violation_201,26,C4,2.295254,26,27.0,0.0
GLAS,glas026,Violation_201,26,P7,7.607581,26,27.0,0.0
GLAS,glas026,Violation_201,26,P8,3.768816,26,27.0,0.0
GLAS,glas026,Violation_201,26,O1,20.49302,26,27.0,0.0
GLAS,glas026,Violation_201,26,O2,7.263426,26,27.0,0.0
GLAS,glas026,Control_202,27,Pz,-24.33964,26,30.0,90.0
GLAS,glas026,Control_202,27,Cz,-24.79247,26,30.0,90.0
GLAS,glas026,Control_202,27,CP1,-37.97332,26,30.0,90.0
GLAS,glas026,Control_202,27,CP2,30.4037,26,30.0,90.0
GLAS,glas026,Control_202,27,P3,-26.99724,26,30.0,90.0
GLAS,glas026,Control_202,27,P4,-25.24119,26,30.0,90.0
GLAS,glas026,Control_202,27,C3,-25.37538,26,30.0,90.0
GLAS,glas026,Control_202,27,C4,-25.44396,26,30.0,90.0
GLAS,glas026,Control_202,27,P7,-29.16635,26,30.0,90.0
GLAS,glas026,Control_202,27,P8,-23.31302,26,30.0,90.0
GLAS,glas026,Control_202,27,O1,28.03572,26,30.0,90.0
GLAS,glas026,Control_202,27,O2,-45.77919,26,30.0,90.0
GLAS,glas026,Violation_201,28,Pz,3.61768,26,36.0,7.0
GLAS,glas026,Violation_201,28,Cz,1.115841,26,36.0,7.0
GLAS,glas026,Violation_201,28,CP1,5.424773,26,36.0,7.0
GLAS,glas026,Violation_201,28,CP2,6.428625,26,36.0,7.0
GLAS,glas026,Violation_201,28,P3,4.351884,26,36.0,7.0
GLAS,glas026,Violation_201,28,P4,1.512885,26,36.0,7.0
GLAS,glas026,Violation_201,28,C3,-0.1252524,26,36.0,7.0
GLAS,glas026,Violation_201,28,C4,0.9379953,26,36.0,7.0
GLAS,glas026,Violation_201,28,P7,6.624235,26,36.0,7.0
GLAS,glas026,Violation_201,28,P8,1.418414,26,36.0,7.0
GLAS,glas026,Violation_201,28,O1,-5.099531,26,36.0,7.0
GLAS,glas026,Violation_201,28,O2,7.741222,26,36.0,7.0
GLAS,glas026,Control_202,29,Pz,-13.527,26,38.0,93.0
GLAS,glas026,Control_202,29,Cz,-17.04817,26,38.0,93.0
GLAS,glas026,Control_202,29,CP1,-8.262575,26,38.0,93.0
GLAS,glas026,Control_202,29,CP2,-20.5385,26,38.0,93.0
GLAS,glas026,Control_202,29,P3,-13.16595,26,38.0,93.0
GLAS,glas026,Control_202,29,P4,-17.12535,26,38.0,93.0
GLAS,glas026,Control_202,29,C3,-18.24118,26,38.0,93.0
GLAS,glas026,Control_202,29,C4,-16.9378,26,38.0,93.0
GLAS,glas026,Control_202,29,P7,-12.16198,26,38.0,93.0
GLAS,glas026,Control_202,29,P8,-22.11664,26,38.0,93.0
GLAS,glas026,Control_202,29,O1,-10.85811,26,38.0,93.0
GLAS,glas026,Control_202,29,O2,-11.91213,26,38.0,93.0
GLAS,glas026,Violation_201,30,Pz,7.660217,26,28.0,67.0
GLAS,glas026,Violation_201,30,Cz,11.54057,26,28.0,67.0
GLAS,glas026,Violation_201,30,CP1,2.544274,26,28.0,67.0
GLAS,glas026,Violation_201,30,CP2,-45.00363,26,28.0,67.0
GLAS,glas026,Violation_201,30,P3,4.027052,26,28.0,67.0
GLAS,glas026,Violation_201,30,P4,7.933024,26,28.0,67.0
GLAS,glas026,Violation_201,30,C3,11.78963,26,28.0,67.0
GLAS,glas026,Violation_201,30,C4,10.85315,26,28.0,67.0
GLAS,glas026,Violation_201,30,P7,1.454361,26,28.0,67.0
GLAS,glas026,Violation_201,30,P8,5.59824,26,28.0,67.0
GLAS,glas026,Violation_201,30,O1,-7.169338,26,28.0,67.0
GLAS,glas026,Violation_201,30,O2,21.81623,26,28.0,67.0
GLAS,glas026,Control_202,31,Pz,-25.56611,26,21.0,77.0
GLAS,glas026,Control_202,31,Cz,-25.21402,26,21.0,77.0
GLAS,glas026,Control_202,31,CP1,-24.42016,26,21.0,77.0
GLAS,glas026,Control_202,31,CP2,15.80848,26,21.0,77.0
GLAS,glas026,Control_202,31,P3,-22.67588,26,21.0,77.0
GLAS,glas026,Control_202,31,P4,-19.16622,26,21.0,77.0
GLAS,glas026,Control_202,31,C3,-23.34987,26,21.0,77.0
GLAS,glas026,Control_202,31,C4,-22.71039,26,21.0,77.0
GLAS,glas026,Control_202,31,P7,-22.55476,26,21.0,77.0
GLAS,glas026,Control_202,31,P8,-18.64213,26,21.0,77.0
GLAS,glas026,Control_202,31,O1,-19.16742,26,21.0,77.0
GLAS,glas026,Control_202,31,O2,-8.080751,26,21.0,77.0
GLAS,glas026,Violation_201,32,Pz,18.16768,26,39.0,0.0
GLAS,glas026,Violation_201,32,Cz,7.063138,26,39.0,0.0
GLAS,glas026,Violation_201,32,CP1,22.97052,26,39.0,0.0
GLAS,glas026,Violation_201,32,CP2,0.197335,26,39.0,0.0
GLAS,glas026,Violation_201,32,P3,25.47737,26,39.0,0.0
GLAS,glas026,Violation_201,32,P4,3.227787,26,39.0,0.0
GLAS,glas026,Violation_201,32,C3,3.413755,26,39.0,0.0
GLAS,glas026,Violation_201,32,C4,1.860379,26,39.0,0.0
GLAS,glas026,Violation_201,32,P7,28.21371,26,39.0,0.0
GLAS,glas026,Violation_201,32,P8,-2.496952,26,39.0,0.0
GLAS,glas026,Violation_201,32,O1,21.87588,26,39.0,0.0
GLAS,glas026,Violation_201,32,O2,19.61032,26,39.0,0.0
GLAS,glas026,Violation_201,33,Pz,-12.83043,26,26.0,0.0
GLAS,glas026,Violation_201,33,Cz,-11.26646,26,26.0,0.0
GLAS,glas026,Violation_201,33,CP1,-1.261947,26,26.0,0.0
GLAS,glas026,Violation_201,33,CP2,18.99594,26,26.0,0.0
GLAS,glas026,Violation_201,33,P3,-12.87137,26,26.0,0.0
GLAS,glas026,Violation_201,33,P4,-10.04605,26,26.0,0.0
GLAS,glas026,Violation_201,33,C3,-15.05688,26,26.0,0.0
GLAS,glas026,Violation_201,33,C4,-12.97177,26,26.0,0.0
GLAS,glas026,Violation_201,33,P7,-12.51554,26,26.0,0.0
GLAS,glas026,Violation_201,33,P8,-9.464553,26,26.0,0.0
GLAS,glas026,Violation_201,33,O1,-25.62902,26,26.0,0.0
GLAS,glas026,Violation_201,33,O2,-11.19507,26,26.0,0.0
GLAS,glas027,Control_202,1,Pz,-11.72219,27,17.0,62.0
GLAS,glas027,Control_202,1,Cz,-12.78854,27,17.0,62.0
GLAS,glas027,Control_202,1,CP1,-27.53522,27,17.0,62.0
GLAS,glas027,Control_202,1,CP2,-16.81452,27,17.0,62.0
GLAS,glas027,Control_202,1,P3,-63.0961,27,17.0,62.0
GLAS,glas027,Control_202,1,P4,-8.308605,27,17.0,62.0
GLAS,glas027,Control_202,1,C3,-13.16633,27,17.0,62.0
GLAS,glas027,Control_202,1,C4,-9.466583,27,17.0,62.0
GLAS,glas027,Control_202,1,P7,-10.23308,27,17.0,62.0
GLAS,glas027,Control_202,1,P8,-6.939393,27,17.0,62.0
GLAS,glas027,Control_202,1,O1,-4.719647,27,17.0,62.0
GLAS,glas027,Control_202,1,O2,-5.566941,27,17.0,62.0
GLAS,glas027,Violation_201,2,Pz,7.920638,27,10.0,3.0
GLAS,glas027,Violation_201,2,Cz,7.548285,27,10.0,3.0
GLAS,glas027,Violation_201,2,CP1,0.8707921,27,10.0,3.0
GLAS,glas027,Violation_201,2,CP2,0.205356,27,10.0,3.0
GLAS,glas027,Violation_201,2,P3,11.28601,27,10.0,3.0
GLAS,glas027,Violation_201,2,P4,10.34958,27,10.0,3.0
GLAS,glas027,Violation_201,2,C3,9.251239,27,10.0,3.0
GLAS,glas027,Violation_201,2,C4,18.09247,27,10.0,3.0
GLAS,glas027,Violation_201,2,P7,0.1753274,27,10.0,3.0
GLAS,glas027,Violation_201,2,P8,14.10795,27,10.0,3.0
GLAS,glas027,Violation_201,2,O1,-3.452799,27,10.0,3.0
GLAS,glas027,Violation_201,2,O2,7.03847,27,10.0,3.0
GLAS,glas027,Control_202,3,Pz,-11.19724,27,1.0,97.0
GLAS,glas027,Control_202,3,Cz,-7.265663,27,1.0,97.0
GLAS,glas027,Control_202,3,CP1,-12.92898,27,1.0,97.0
GLAS,glas027,Control_202,3,CP2,-7.000381,27,1.0,97.0
GLAS,glas027,Control_202,3,P3,-7.795878,27,1.0,97.0
GLAS,glas027,Control_202,3,P4,-5.530829,27,1.0,97.0
GLAS,glas027,Control_202,3,C3,-6.75558,27,1.0,97.0
GLAS,glas027,Control_202,3,C4,-5.266008,27,1.0,97.0
GLAS,glas027,Control_202,3,P7,-9.839371,27,1.0,97.0
GLAS,glas027,Control_202,3,P8,-2.766901,27,1.0,97.0
GLAS,glas027,Control_202,3,O1,-10.86815,27,1.0,97.0
GLAS,glas027,Control_202,3,O2,-3.165642,27,1.0,97.0
GLAS,glas027,Control_202,4,Pz,-9.684436,27,16.0,93.0
GLAS,glas027,Control_202,4,Cz,-6.138348,27,16.0,93.0
GLAS,glas027,Control_202,4,CP1,-7.852209,27,16.0,93.0
GLAS,glas027,Control_202,4,CP2,-7.564347,27,16.0,93.0
GLAS,glas027,Control_202,4,P3,-3.745266,27,16.0,93.0
GLAS,glas027,Control_202,4,P4,-9.224136,27,16.0,93.0
GLAS,glas027,Control_202,4,C3,-10.91733,27,16.0,93.0
GLAS,glas027,Control_202,4,C4,-7.953915,27,16.0,93.0
GLAS,glas027,Control_202,4,P7,-4.37161,27,16.0,93.0
GLAS,glas027,Control_202,4,P8,-8.194481,27,16.0,93.0
GLAS,glas027,Control_202,4,O1,-4.596673,27,16.0,93.0
GLAS,glas027,Control_202,4,O2,-6.097691,27,16.0,93.0
GLAS,glas027,Violation_201,5,Pz,8.375507,27,6.0,0.0
GLAS,glas027,Violation_201,5,Cz,6.136686,27,6.0,0.0
GLAS,glas027,Violation_201,5,CP1,3.118687,27,6.0,0.0
GLAS,glas027,Violation_201,5,CP2,2.467833,27,6.0,0.0
GLAS,glas027,Violation_201,5,P3,-13.03105,27,6.0,0.0
GLAS,glas027,Violation_201,5,P4,5.366001,27,6.0,0.0
GLAS,glas027,Violation_201,5,C3,5.011757,27,6.0,0.0
GLAS,glas027,Violation_201,5,C4,6.788337,27,6.0,0.0
GLAS,glas027,Violation_201,5,P7,2.762541,27,6.0,0.0
GLAS,glas027,Violation_201,5,P8,1.838827,27,6.0,0.0
GLAS,glas027,Violation_201,5,O1,0.518115,27,6.0,0.0
GLAS,glas027,Violation_201,5,O2,-5.451947,27,6.0,0.0
GLAS,glas027,Violation_201,6,Pz,-8.599649,27,12.0,13.0
GLAS,glas027,Violation_201,6,Cz,-9.107172,27,12.0,13.0
GLAS,glas027,Violation_201,6,CP1,-6.165758,27,12.0,13.0
GLAS,glas027,Violation_201,6,CP2,-3.155308,27,12.0,13.0
GLAS,glas027,Violation_201,6,P3,-11.38584,27,12.0,13.0
GLAS,glas027,Violation_201,6,P4,-8.287412,27,12.0,13.0
GLAS,glas027,Violation_201,6,C3,-10.40469,27,12.0,13.0
GLAS,glas027,Violation_201,6,C4,-12.69709,27,12.0,13.0
GLAS,glas027,Violation_201,6,P7,-7.544153,27,12.0,13.0
GLAS,glas027,Violation_201,6,P8,-8.856046,27,12.0,13.0
GLAS,glas027,Violation_201,6,O1,0.08016886,27,12.0,13.0
GLAS,glas027,Violation_201,6,O2,-2.100312,27,12.0,13.0
GLAS,glas027,Control_202,7,Pz,-14.63372,27,3.0,100.0
GLAS,glas027,Control_202,7,Cz,-11.47973,27,3.0,100.0
GLAS,glas027,Control_202,7,CP1,-18.3933,27,3.0,100.0
GLAS,glas027,Control_202,7,CP2,-10.20619,27,3.0,100.0
GLAS,glas027,Control_202,7,P3,4.372271,27,3.0,100.0
GLAS,glas027,Control_202,7,P4,-13.83732,27,3.0,100.0
GLAS,glas027,Control_202,7,C3,-13.73162,27,3.0,100.0
GLAS,glas027,Control_202,7,C4,-13.63486,27,3.0,100.0
GLAS,glas027,Control_202,7,P7,-7.494821,27,3.0,100.0
GLAS,glas027,Control_202,7,P8,-15.23077,27,3.0,100.0
GLAS,glas027,Control_202,7,O1,-9.33655,27,3.0,100.0
GLAS,glas027,Control_202,7,O2,-2.395943,27,3.0,100.0
GLAS,glas027,Violation_201,8,Pz,-20.8775,27,15.0,0.0
GLAS,glas027,Violation_201,8,Cz,-22.09958,27,15.0,0.0
GLAS,glas027,Violation_201,8,CP1,-20.66565,27,15.0,0.0
GLAS,glas027,Violation_201,8,CP2,-18.2287,27,15.0,0.0
GLAS,glas027,Violation_201,8,P3,-12.3308,27,15.0,0.0
GLAS,glas027,Violation_201,8,P4,-21.00263,27,15.0,0.0
GLAS,glas027,Violation_201,8,C3,-23.04192,27,15.0,0.0
GLAS,glas027,Violation_201,8,C4,-22.99888,27,15.0,0.0
GLAS,glas027,Violation_201,8,P7,-21.87696,27,15.0,0.0
GLAS,glas027,Violation_201,8,P8,-24.14469,27,15.0,0.0
GLAS,glas027,Violation_201,8,O1,-23.73849,27,15.0,0.0
GLAS,glas027,Violation_201,8,O2,-28.78751,27,15.0,0.0
GLAS,glas027,Control_202,9,Pz,12.48767,27,13.0,97.0
GLAS,glas027,Control_202,9,Cz,10.71641,27,13.0,97.0
GLAS,glas027,Control_202,9,CP1,17.63689,27,13.0,97.0
GLAS,glas027,Control_202,9,CP2,16.23342,27,13.0,97.0
GLAS,glas027,Control_202,9,P3,-32.6591,27,13.0,97.0
GLAS,glas027,Control_202,9,P4,14.71867,27,13.0,97.0
GLAS,glas027,Control_202,9,C3,14.14931,27,13.0,97.0
GLAS,glas027,Control_202,9,C4,9.393048,27,13.0,97.0
GLAS,glas027,Control_202,9,P7,10.70566,27,13.0,97.0
GLAS,glas027,Control_202,9,P8,12.90845,27,13.0,97.0
GLAS,glas027,Control_202,9,O1,14.3608,27,13.0,97.0
GLAS,glas027,Control_202,9,O2,13.74734,27,13.0,97.0
GLAS,glas027,Violation_201,10,Pz,-11.28496,27,2.0,3.0
GLAS,glas027,Violation_201,10,Cz,-15.22397,27,2.0,3.0
GLAS,glas027,Violation_201,10,CP1,-7.026587,27,2.0,3.0
GLAS,glas027,Violation_201,10,CP2,0.3025467,27,2.0,3.0
GLAS,glas027,Violation_201,10,P3,-13.10735,27,2.0,3.0
GLAS,glas027,Violation_201,10,P4,-11.96763,27,2.0,3.0
GLAS,glas027,Violation_201,10,C3,-13.82746,27,2.0,3.0
GLAS,glas027,Violation_201,10,C4,-10.06714,27,2.0,3.0
GLAS,glas027,Violation_201,10,P7,-2.540586,27,2.0,3.0
GLAS,glas027,Violation_201,10,P8,-14.17746,27,2.0,3.0
GLAS,glas027,Violation_201,10,O1,-9.96069,27,2.0,3.0
GLAS,glas027,Violation_201,10,O2,-5.015545,27,2.0,3.0
GLAS,glas027,Control_202,11,Pz,-18.08959,27,18.0,87.0
GLAS,glas027,Control_202,11,Cz,-18.82001,27,18.0,87.0
GLAS,glas027,Control_202,11,CP1,-18.05503,27,18.0,87.0
GLAS,glas027,Control_202,11,CP2,-18.982,27,18.0,87.0
GLAS,glas027,Control_202,11,P3,-30.51412,27,18.0,87.0
GLAS,glas027,Control_202,11,P4,-14.28325,27,18.0,87.0
GLAS,glas027,Control_202,11,C3,-17.05871,27,18.0,87.0
GLAS,glas027,Control_202,11,C4,-14.56956,27,18.0,87.0
GLAS,glas027,Control_202,11,P7,-16.73746,27,18.0,87.0
GLAS,glas027,Control_202,11,P8,-12.07268,27,18.0,87.0
GLAS,glas027,Control_202,11,O1,-15.34877,27,18.0,87.0
GLAS,glas027,Control_202,11,O2,-13.817,27,18.0,87.0
GLAS,glas027,Violation_201,12,Pz,-9.498809,27,8.0,34.0
GLAS,glas027,Violation_201,12,Cz,-7.070882,27,8.0,34.0
GLAS,glas027,Violation_201,12,CP1,-3.835338,27,8.0,34.0
GLAS,glas027,Violation_201,12,CP2,0.6988112,27,8.0,34.0
GLAS,glas027,Violation_201,12,P3,-12.56769,27,8.0,34.0
GLAS,glas027,Violation_201,12,P4,-4.987834,27,8.0,34.0
GLAS,glas027,Violation_201,12,C3,-7.912707,27,8.0,34.0
GLAS,glas027,Violation_201,12,C4,-7.312061,27,8.0,34.0
GLAS,glas027,Violation_201,12,P7,-3.014518,27,8.0,34.0
GLAS,glas027,Violation_201,12,P8,-4.394199,27,8.0,34.0
GLAS,glas027,Violation_201,12,O1,1.615245,27,8.0,34.0
GLAS,glas027,Violation_201,12,O2,0.6056196,27,8.0,34.0
GLAS,glas027,Violation_201,13,Pz,-3.638364,27,11.0,7.0
GLAS,glas027,Violation_201,13,Cz,-4.898511,27,11.0,7.0
GLAS,glas027,Violation_201,13,CP1,-9.69901,27,11.0,7.0
GLAS,glas027,Violation_201,13,CP2,-5.200433,27,11.0,7.0
GLAS,glas027,Violation_201,13,P3,-9.412581,27,11.0,7.0
GLAS,glas027,Violation_201,13,P4,-2.542981,27,11.0,7.0
GLAS,glas027,Violation_201,13,C3,-4.355418,27,11.0,7.0
GLAS,glas027,Violation_201,13,C4,-2.302501,27,11.0,7.0
GLAS,glas027,Violation_201,13,P7,4.160943,27,11.0,7.0
GLAS,glas027,Violation_201,13,P8,-3.248791,27,11.0,7.0
GLAS,glas027,Violation_201,13,O1,3.020559,27,11.0,7.0
GLAS,glas027,Violation_201,13,O2,-0.89672,27,11.0,7.0
GLAS,glas027,Violation_201,14,Pz,-20.90652,27,5.0,0.0
GLAS,glas027,Violation_201,14,Cz,-24.02227,27,5.0,0.0
GLAS,glas027,Violation_201,14,CP1,-18.03636,27,5.0,0.0
GLAS,glas027,Violation_201,14,CP2,-16.22922,27,5.0,0.0
GLAS,glas027,Violation_201,14,P3,-7.028832,27,5.0,0.0
GLAS,glas027,Violation_201,14,P4,-18.80481,27,5.0,0.0
GLAS,glas027,Violation_201,14,C3,-22.21613,27,5.0,0.0
GLAS,glas027,Violation_201,14,C4,-25.74614,27,5.0,0.0
GLAS,glas027,Violation_201,14,P7,-24.99906,27,5.0,0.0
GLAS,glas027,Violation_201,14,P8,-20.68347,27,5.0,0.0
GLAS,glas027,Violation_201,14,O1,-12.69212,27,5.0,0.0
GLAS,glas027,Violation_201,14,O2,-16.74484,27,5.0,0.0
GLAS,glas027,Control_202,15,Pz,2.90448,27,7.0,80.0
GLAS,glas027,Control_202,15,Cz,1.891806,27,7.0,80.0
GLAS,glas027,Control_202,15,CP1,-1.90554,27,7.0,80.0
GLAS,glas027,Control_202,15,CP2,11.11395,27,7.0,80.0
GLAS,glas027,Control_202,15,P3,12.15138,27,7.0,80.0
GLAS,glas027,Control_202,15,P4,4.46944,27,7.0,80.0
GLAS,glas027,Control_202,15,C3,0.2462942,27,7.0,80.0
GLAS,glas027,Control_202,15,C4,1.699362,27,7.0,80.0
GLAS,glas027,Control_202,15,P7,10.62454,27,7.0,80.0
GLAS,glas027,Control_202,15,P8,7.711546,27,7.0,80.0
GLAS,glas027,Control_202,15,O1,9.836988,27,7.0,80.0
GLAS,glas027,Control_202,15,O2,13.69644,27,7.0,80.0
GLAS,glas027,Control_202,16,Pz,3.688367,27,19.0,100.0
GLAS,glas027,Control_202,16,Cz,2.90197,27,19.0,100.0
GLAS,glas027,Control_202,16,CP1,-2.439136,27,19.0,100.0
GLAS,glas027,Control_202,16,CP2,1.642413,27,19.0,100.0
GLAS,glas027,Control_202,16,P3,3.570544,27,19.0,100.0
GLAS,glas027,Control_202,16,P4,-0.2722317,27,19.0,100.0
GLAS,glas027,Control_202,16,C3,2.289582,27,19.0,100.0
GLAS,glas027,Control_202,16,C4,-0.04918259,27,19.0,100.0
GLAS,glas027,Control_202,16,P7,-1.401773,27,19.0,100.0
GLAS,glas027,Control_202,16,P8,-1.08377,27,19.0,100.0
GLAS,glas027,Control_202,16,O1,2.684937,27,19.0,100.0
GLAS,glas027,Control_202,16,O2,0.7554932,27,19.0,100.0
GLAS,glas027,Violation_201,17,Pz,-5.878152,27,14.0,0.0
GLAS,glas027,Violation_201,17,Cz,-9.161135,27,14.0,0.0
GLAS,glas027,Violation_201,17,CP1,-7.982139,27,14.0,0.0
GLAS,glas027,Violation_201,17,CP2,-13.78728,27,14.0,0.0
GLAS,glas027,Violation_201,17,P3,0.9130217,27,14.0,0.0
GLAS,glas027,Violation_201,17,P4,-3.490454,27,14.0,0.0
GLAS,glas027,Violation_201,17,C3,-6.363025,27,14.0,0.0
GLAS,glas027,Violation_201,17,C4,-6.693041,27,14.0,0.0
GLAS,glas027,Violation_201,17,P7,-15.18749,27,14.0,0.0
GLAS,glas027,Violation_201,17,P8,-1.721297,27,14.0,0.0
GLAS,glas027,Violation_201,17,O1,-13.87743,27,14.0,0.0
GLAS,glas027,Violation_201,17,O2,-8.4379,27,14.0,0.0
GLAS,glas027,Control_202,18,Pz,-10.69057,27,20.0,90.0
GLAS,glas027,Control_202,18,Cz,-11.47014,27,20.0,90.0
GLAS,glas027,Control_202,18,CP1,-15.44989,27,20.0,90.0
GLAS,glas027,Control_202,18,CP2,-14.17619,27,20.0,90.0
GLAS,glas027,Control_202,18,P3,-14.02609,27,20.0,90.0
GLAS,glas027,Control_202,18,P4,-9.046863,27,20.0,90.0
GLAS,glas027,Control_202,18,C3,-9.281781,27,20.0,90.0
GLAS,glas027,Control_202,18,C4,-7.64648,27,20.0,90.0
GLAS,glas027,Control_202,18,P7,-8.440366,27,20.0,90.0
GLAS,glas027,Control_202,18,P8,-8.683199,27,20.0,90.0
GLAS,glas027,Control_202,18,O1,-2.713695,27,20.0,90.0
GLAS,glas027,Control_202,18,O2,-4.764837,27,20.0,90.0
GLAS,glas027,Control_202,19,Pz,-0.2646179,27,4.0,93.0
GLAS,glas027,Control_202,19,Cz,-2.663544,27,4.0,93.0
GLAS,glas027,Control_202,19,CP1,-2.026194,27,4.0,93.0
GLAS,glas027,Control_202,19,CP2,-7.895901,27,4.0,93.0
GLAS,glas027,Control_202,19,P3,-0.340915,27,4.0,93.0
GLAS,glas027,Control_202,19,P4,-5.560312,27,4.0,93.0
GLAS,glas027,Control_202,19,C3,-2.779076,27,4.0,93.0
GLAS,glas027,Control_202,19,C4,-5.374346,27,4.0,93.0
GLAS,glas027,Control_202,19,P7,-0.01948275,27,4.0,93.0
GLAS,glas027,Control_202,19,P8,-6.44721,27,4.0,93.0
GLAS,glas027,Control_202,19,O1,6.95242,27,4.0,93.0
GLAS,glas027,Control_202,19,O2,-10.29157,27,4.0,93.0
GLAS,glas027,Violation_201,20,Pz,7.625716,27,9.0,3.0
GLAS,glas027,Violation_201,20,Cz,7.917426,27,9.0,3.0
GLAS,glas027,Violation_201,20,CP1,3.406532,27,9.0,3.0
GLAS,glas027,Violation_201,20,CP2,15.78684,27,9.0,3.0
GLAS,glas027,Violation_201,20,P3,9.300873,27,9.0,3.0
GLAS,glas027,Violation_201,20,P4,6.594094,27,9.0,3.0
GLAS,glas027,Violation_201,20,C3,6.081094,27,9.0,3.0
GLAS,glas027,Violation_201,20,C4,5.971815,27,9.0,3.0
GLAS,glas027,Violation_201,20,P7,10.79862,27,9.0,3.0
GLAS,glas027,Violation_201,20,P8,9.459933,27,9.0,3.0
GLAS,glas027,Violation_201,20,O1,12.27934,27,9.0,3.0
GLAS,glas027,Violation_201,20,O2,13.71819,27,9.0,3.0
GLAS,glas027,Violation_201,21,Pz,4.224006,27,28.0,67.0
GLAS,glas027,Violation_201,21,Cz,1.901555,27,28.0,67.0
GLAS,glas027,Violation_201,21,CP1,-1.717999,27,28.0,67.0
GLAS,glas027,Violation_201,21,CP2,5.925524,27,28.0,67.0
GLAS,glas027,Violation_201,21,P3,-3.104103,27,28.0,67.0
GLAS,glas027,Violation_201,21,P4,1.56536,27,28.0,67.0
GLAS,glas027,Violation_201,21,C3,0.3377922,27,28.0,67.0
GLAS,glas027,Violation_201,21,C4,0.07454331,27,28.0,67.0
GLAS,glas027,Violation_201,21,P7,4.821926,27,28.0,67.0
GLAS,glas027,Violation_201,21,P8,-2.422231,27,28.0,67.0
GLAS,glas027,Violation_201,21,O1,5.034051,27,28.0,67.0
GLAS,glas027,Violation_201,21,O2,-3.474602,27,28.0,67.0
GLAS,glas027,Violation_201,22,Pz,-7.290811,27,40.0,0.0
GLAS,glas027,Violation_201,22,Cz,-7.545255,27,40.0,0.0
GLAS,glas027,Violation_201,22,CP1,-8.288101,27,40.0,0.0
GLAS,glas027,Violation_201,22,CP2,-13.29566,27,40.0,0.0
GLAS,glas027,Violation_201,22,P3,-1.736264,27,40.0,0.0
GLAS,glas027,Violation_201,22,P4,-5.806972,27,40.0,0.0
GLAS,glas027,Violation_201,22,C3,-6.269901,27,40.0,0.0
GLAS,glas027,Violation_201,22,C4,-7.008175,27,40.0,0.0
GLAS,glas027,Violation_201,22,P7,-8.970941,27,40.0,0.0
GLAS,glas027,Violation_201,22,P8,-7.085947,27,40.0,0.0
GLAS,glas027,Violation_201,22,O1,-7.34225,27,40.0,0.0
GLAS,glas027,Violation_201,22,O2,-2.508749,27,40.0,0.0
GLAS,glas027,Control_202,23,Pz,-23.62189,27,22.0,53.0
GLAS,glas027,Control_202,23,Cz,-24.48021,27,22.0,53.0
GLAS,glas027,Control_202,23,CP1,-19.6566,27,22.0,53.0
GLAS,glas027,Control_202,23,CP2,-21.79563,27,22.0,53.0
GLAS,glas027,Control_202,23,P3,-28.02551,27,22.0,53.0
GLAS,glas027,Control_202,23,P4,-20.38718,27,22.0,53.0
GLAS,glas027,Control_202,23,C3,-20.25817,27,22.0,53.0
GLAS,glas027,Control_202,23,C4,-19.94427,27,22.0,53.0
GLAS,glas027,Control_202,23,P7,-21.51731,27,22.0,53.0
GLAS,glas027,Control_202,23,P8,-17.38258,27,22.0,53.0
GLAS,glas027,Control_202,23,O1,-28.19203,27,22.0,53.0
GLAS,glas027,Control_202,23,O2,-21.16668,27,22.0,53.0
GLAS,glas027,Control_202,24,Pz,5.598323,27,36.0,77.0
GLAS,glas027,Control_202,24,Cz,8.429877,27,36.0,77.0
GLAS,glas027,Control_202,24,CP1,11.36557,27,36.0,77.0
GLAS,glas027,Control_202,24,CP2,26.79039,27,36.0,77.0
GLAS,glas027,Control_202,24,P3,6.687925,27,36.0,77.0
GLAS,glas027,Control_202,24,P4,9.741879,27,36.0,77.0
GLAS,glas027,Control_202,24,C3,8.181557,27,36.0,77.0
GLAS,glas027,Control_202,24,C4,7.307969,27,36.0,77.0
GLAS,glas027,Control_202,24,P7,7.201726,27,36.0,77.0
GLAS,glas027,Control_202,24,P8,10.7669,27,36.0,77.0
GLAS,glas027,Control_202,24,O1,6.777564,27,36.0,77.0
GLAS,glas027,Control_202,24,O2,16.88852,27,36.0,77.0
GLAS,glas027,Control_202,25,Pz,-15.61204,27,31.0,77.0
GLAS,glas027,Control_202,25,Cz,-15.56692,27,31.0,77.0
GLAS,glas027,Control_202,25,CP1,-9.527857,27,31.0,77.0
GLAS,glas027,Control_202,25,CP2,-4.974754,27,31.0,77.0
GLAS,glas027,Control_202,25,P3,-22.8199,27,31.0,77.0
GLAS,glas027,Control_202,25,P4,-14.06979,27,31.0,77.0
GLAS,glas027,Control_202,25,C3,-11.62385,27,31.0,77.0
GLAS,glas027,Control_202,25,C4,-8.144506,27,31.0,77.0
GLAS,glas027,Control_202,25,P7,-19.42028,27,31.0,77.0
GLAS,glas027,Control_202,25,P8,-14.23576,27,31.0,77.0
GLAS,glas027,Control_202,25,O1,-19.37365,27,31.0,77.0
GLAS,glas027,Control_202,25,O2,-10.16073,27,31.0,77.0
GLAS,glas027,Control_202,26,Pz,16.60332,27,21.0,77.0
GLAS,glas027,Control_202,26,Cz,13.75035,27,21.0,77.0
GLAS,glas027,Control_202,26,CP1,8.495703,27,21.0,77.0
GLAS,glas027,Control_202,26,CP2,11.12342,27,21.0,77.0
GLAS,glas027,Control_202,26,P3,8.233957,27,21.0,77.0
GLAS,glas027,Control_202,26,P4,15.84448,27,21.0,77.0
GLAS,glas027,Control_202,26,C3,14.19055,27,21.0,77.0
GLAS,glas027,Control_202,26,C4,11.46466,27,21.0,77.0
GLAS,glas027,Control_202,26,P7,11.07296,27,21.0,77.0
GLAS,glas027,Control_202,26,P8,17.40811,27,21.0,77.0
GLAS,glas027,Control_202,26,O1,13.9759,27,21.0,77.0
GLAS,glas027,Control_202,26,O2,14.7881,27,21.0,77.0
GLAS,glas027,Violation_201,27,Pz,14.77103,27,32.0,3.0
GLAS,glas027,Violation_201,27,Cz,11.035,27,32.0,3.0
GLAS,glas027,Violation_201,27,CP1,13.27812,27,32.0,3.0
GLAS,glas027,Violation_201,27,CP2,-0.06853388,27,32.0,3.0
GLAS,glas027,Violation_201,27,P3,-3.967416,27,32.0,3.0
GLAS,glas027,Violation_201,27,P4,7.883222,27,32.0,3.0
GLAS,glas027,Violation_201,27,C3,10.10597,27,32.0,3.0
GLAS,glas027,Violation_201,27,C4,9.82828,27,32.0,3.0
GLAS,glas027,Violation_201,27,P7,15.1361,27,32.0,3.0
GLAS,glas027,Violation_201,27,P8,3.039065,27,32.0,3.0
GLAS,glas027,Violation_201,27,O1,13.64295,27,32.0,3.0
GLAS,glas027,Violation_201,27,O2,-2.631857,27,32.0,3.0
GLAS,glas027,Violation_201,28,Pz,0.1769419,27,39.0,0.0
GLAS,glas027,Violation_201,28,Cz,-1.902126,27,39.0,0.0
GLAS,glas027,Violation_201,28,CP1,5.267454,27,39.0,0.0
GLAS,glas027,Violation_201,28,CP2,-14.22214,27,39.0,0.0
GLAS,glas027,Violation_201,28,P3,1.772718,27,39.0,0.0
GLAS,glas027,Violation_201,28,P4,-0.7464818,27,39.0,0.0
GLAS,glas027,Violation_201,28,C3,-2.1858,27,39.0,0.0
GLAS,glas027,Violation_201,28,C4,-6.178344,27,39.0,0.0
GLAS,glas027,Violation_201,28,P7,-7.175562,27,39.0,0.0
GLAS,glas027,Violation_201,28,P8,1.72209,27,39.0,0.0
GLAS,glas027,Violation_201,28,O1,3.430409,27,39.0,0.0
GLAS,glas027,Violation_201,28,O2,-5.90704,27,39.0,0.0
GLAS,glas027,Control_202,29,Pz,-0.4637661,27,30.0,90.0
GLAS,glas027,Control_202,29,Cz,2.229532,27,30.0,90.0
GLAS,glas027,Control_202,29,CP1,9.423677,27,30.0,90.0
GLAS,glas027,Control_202,29,CP2,24.77486,27,30.0,90.0
GLAS,glas027,Control_202,29,P3,13.22819,27,30.0,90.0
GLAS,glas027,Control_202,29,P4,-0.06661873,27,30.0,90.0
GLAS,glas027,Control_202,29,C3,-0.03650166,27,30.0,90.0
GLAS,glas027,Control_202,29,C4,-1.782657,27,30.0,90.0
GLAS,glas027,Control_202,29,P7,2.977595,27,30.0,90.0
GLAS,glas027,Control_202,29,P8,-1.513692,27,30.0,90.0
GLAS,glas027,Control_202,29,O1,3.067907,27,30.0,90.0
GLAS,glas027,Control_202,29,O2,2.148112,27,30.0,90.0
GLAS,glas027,Violation_201,30,Pz,21.14193,27,24.0,40.0
GLAS,glas027,Violation_201,30,Cz,16.78794,27,24.0,40.0
GLAS,glas027,Violation_201,30,CP1,19.94176,27,24.0,40.0
GLAS,glas027,Violation_201,30,CP2,2.628221,27,24.0,40.0
GLAS,glas027,Violation_201,30,P3,16.30127,27,24.0,40.0
GLAS,glas027,Violation_201,30,P4,16.7994,27,24.0,40.0
GLAS,glas027,Violation_201,30,C3,18.3529,27,24.0,40.0
GLAS,glas027,Violation_201,30,C4,23.21018,27,24.0,40.0
GLAS,glas027,Violation_201,30,P7,11.12311,27,24.0,40.0
GLAS,glas027,Violation_201,30,P8,16.66067,27,24.0,40.0
GLAS,glas027,Violation_201,30,O1,9.371635,27,24.0,40.0
GLAS,glas027,Violation_201,30,O2,8.132115,27,24.0,40.0
GLAS,glas027,Control_202,31,Pz,5.238015,27,29.0,90.0
GLAS,glas027,Control_202,31,Cz,5.588404,27,29.0,90.0
GLAS,glas027,Control_202,31,CP1,-2.301013,27,29.0,90.0
GLAS,glas027,Control_202,31,CP2,1.334433,27,29.0,90.0
GLAS,glas027,Control_202,31,P3,-4.981417,27,29.0,90.0
GLAS,glas027,Control_202,31,P4,2.849949,27,29.0,90.0
GLAS,glas027,Control_202,31,C3,5.121047,27,29.0,90.0
GLAS,glas027,Control_202,31,C4,2.709123,27,29.0,90.0
GLAS,glas027,Control_202,31,P7,-3.512067,27,29.0,90.0
GLAS,glas027,Control_202,31,P8,2.139954,27,29.0,90.0
GLAS,glas027,Control_202,31,O1,-6.252048,27,29.0,90.0
GLAS,glas027,Control_202,31,O2,2.921318,27,29.0,90.0
GLAS,glas027,Control_202,32,Pz,-13.04772,27,34.0,97.0
GLAS,glas027,Control_202,32,Cz,-18.03614,27,34.0,97.0
GLAS,glas027,Control_202,32,CP1,-8.334521,27,34.0,97.0
GLAS,glas027,Control_202,32,CP2,-22.65047,27,34.0,97.0
GLAS,glas027,Control_202,32,P3,-24.36893,27,34.0,97.0
GLAS,glas027,Control_202,32,P4,-18.01515,27,34.0,97.0
GLAS,glas027,Control_202,32,C3,-15.61232,27,34.0,97.0
GLAS,glas027,Control_202,32,C4,-9.249649,27,34.0,97.0
GLAS,glas027,Control_202,32,P7,-18.59961,27,34.0,97.0
GLAS,glas027,Control_202,32,P8,-17.6336,27,34.0,97.0
GLAS,glas027,Control_202,32,O1,-14.1277,27,34.0,97.0
GLAS,glas027,Control_202,32,O2,-14.43284,27,34.0,97.0
GLAS,glas027,Violation_201,33,Pz,3.086006,27,23.0,3.0
GLAS,glas027,Violation_201,33,Cz,1.855649,27,23.0,3.0
GLAS,glas027,Violation_201,33,CP1,8.135276,27,23.0,3.0
GLAS,glas027,Violation_201,33,CP2,11.1297,27,23.0,3.0
GLAS,glas027,Violation_201,33,P3,16.75354,27,23.0,3.0
GLAS,glas027,Violation_201,33,P4,4.910829,27,23.0,3.0
GLAS,glas027,Violation_201,33,C3,3.642923,27,23.0,3.0
GLAS,glas027,Violation_201,33,C4,12.20806,27,23.0,3.0
GLAS,glas027,Violation_201,33,P7,10.72549,27,23.0,3.0
GLAS,glas027,Violation_201,33,P8,8.105033,27,23.0,3.0
GLAS,glas027,Violation_201,33,O1,6.573813,27,23.0,3.0
GLAS,glas027,Violation_201,33,O2,13.68006,27,23.0,3.0
GLAS,glas027,Violation_201,34,Pz,-3.978413,27,25.0,0.0
GLAS,glas027,Violation_201,34,Cz,-4.21452,27,25.0,0.0
GLAS,glas027,Violation_201,34,CP1,0.2664258,27,25.0,0.0
GLAS,glas027,Violation_201,34,CP2,-6.773337,27,25.0,0.0
GLAS,glas027,Violation_201,34,P3,4.456971,27,25.0,0.0
GLAS,glas027,Violation_201,34,P4,-8.640079,27,25.0,0.0
GLAS,glas027,Violation_201,34,C3,-6.354692,27,25.0,0.0
GLAS,glas027,Violation_201,34,C4,7.250426,27,25.0,0.0
GLAS,glas027,Violation_201,34,P7,-3.317941,27,25.0,0.0
GLAS,glas027,Violation_201,34,P8,-7.060812,27,25.0,0.0
GLAS,glas027,Violation_201,34,O1,-5.544688,27,25.0,0.0
GLAS,glas027,Violation_201,34,O2,-0.5201571,27,25.0,0.0
GLAS,glas028,Control_202,1,Pz,3.325433,28,3.0,100.0
GLAS,glas028,Control_202,1,Cz,2.856464,28,3.0,100.0
GLAS,glas028,Control_202,1,CP1,3.320269,28,3.0,100.0
GLAS,glas028,Control_202,1,CP2,0.8958802,28,3.0,100.0
GLAS,glas028,Control_202,1,P3,1.042461,28,3.0,100.0
GLAS,glas028,Control_202,1,P4,-0.5371938,28,3.0,100.0
GLAS,glas028,Control_202,1,C3,1.501812,28,3.0,100.0
GLAS,glas028,Control_202,1,C4,1.290695,28,3.0,100.0
GLAS,glas028,Control_202,1,P7,0.4799354,28,3.0,100.0
GLAS,glas028,Control_202,1,P8,-9.267161,28,3.0,100.0
GLAS,glas028,Control_202,1,O1,1.566306,28,3.0,100.0
GLAS,glas028,Control_202,1,O2,0.2095953,28,3.0,100.0
GLAS,glas028,Violation_201,2,Pz,-3.40453,28,20.0,0.0
GLAS,glas028,Violation_201,2,Cz,-5.416701,28,20.0,0.0
GLAS,glas028,Violation_201,2,CP1,-8.095518,28,20.0,0.0
GLAS,glas028,Violation_201,2,CP2,-11.5806,28,20.0,0.0
GLAS,glas028,Violation_201,2,P3,-4.349694,28,20.0,0.0
GLAS,glas028,Violation_201,2,P4,-10.25263,28,20.0,0.0
GLAS,glas028,Violation_201,2,C3,-3.163091,28,20.0,0.0
GLAS,glas028,Violation_201,2,C4,-5.353351,28,20.0,0.0
GLAS,glas028,Violation_201,2,P7,-2.740683,28,20.0,0.0
GLAS,glas028,Violation_201,2,P8,-3.152083,28,20.0,0.0
GLAS,glas028,Violation_201,2,O1,-1.990752,28,20.0,0.0
GLAS,glas028,Violation_201,2,O2,-9.992969,28,20.0,0.0
GLAS,glas028,Violation_201,3,Pz,-5.514463,28,17.0,0.0
GLAS,glas028,Violation_201,3,Cz,-7.683379,28,17.0,0.0
GLAS,glas028,Violation_201,3,CP1,-12.09845,28,17.0,0.0
GLAS,glas028,Violation_201,3,CP2,-10.8687,28,17.0,0.0
GLAS,glas028,Violation_201,3,P3,-5.755155,28,17.0,0.0
GLAS,glas028,Violation_201,3,P4,-7.29993,28,17.0,0.0
GLAS,glas028,Violation_201,3,C3,-7.641977,28,17.0,0.0
GLAS,glas028,Violation_201,3,C4,-8.641119,28,17.0,0.0
GLAS,glas028,Violation_201,3,P7,-8.264261,28,17.0,0.0
GLAS,glas028,Violation_201,3,P8,-14.70544,28,17.0,0.0
GLAS,glas028,Violation_201,3,O1,-8.987054,28,17.0,0.0
GLAS,glas028,Violation_201,3,O2,-7.357327,28,17.0,0.0
GLAS,glas028,Control_202,4,Pz,16.64038,28,4.0,93.0
GLAS,glas028,Control_202,4,Cz,15.17843,28,4.0,93.0
GLAS,glas028,Control_202,4,CP1,20.38591,28,4.0,93.0
GLAS,glas028,Control_202,4,CP2,7.264346,28,4.0,93.0
GLAS,glas028,Control_202,4,P3,17.26148,28,4.0,93.0
GLAS,glas028,Control_202,4,P4,10.78842,28,4.0,93.0
GLAS,glas028,Control_202,4,C3,13.09624,28,4.0,93.0
GLAS,glas028,Control_202,4,C4,11.05202,28,4.0,93.0
GLAS,glas028,Control_202,4,P7,17.22193,28,4.0,93.0
GLAS,glas028,Control_202,4,P8,0.574765,28,4.0,93.0
GLAS,glas028,Control_202,4,O1,13.64563,28,4.0,93.0
GLAS,glas028,Control_202,4,O2,2.613032,28,4.0,93.0
GLAS,glas028,Control_202,5,Pz,13.10572,28,10.0,80.0
GLAS,glas028,Control_202,5,Cz,14.43336,28,10.0,80.0
GLAS,glas028,Control_202,5,CP1,21.19967,28,10.0,80.0
GLAS,glas028,Control_202,5,CP2,13.29205,28,10.0,80.0
GLAS,glas028,Control_202,5,P3,16.87157,28,10.0,80.0
GLAS,glas028,Control_202,5,P4,11.89042,28,10.0,80.0
GLAS,glas028,Control_202,5,C3,11.46287,28,10.0,80.0
GLAS,glas028,Control_202,5,C4,13.37496,28,10.0,80.0
GLAS,glas028,Control_202,5,P7,13.79949,28,10.0,80.0
GLAS,glas028,Control_202,5,P8,11.461,28,10.0,80.0
GLAS,glas028,Control_202,5,O1,13.18363,28,10.0,80.0
GLAS,glas028,Control_202,5,O2,13.9644,28,10.0,80.0
GLAS,glas028,Violation_201,6,Pz,-0.2321063,28,13.0,0.0
GLAS,glas028,Violation_201,6,Cz,0.3439814,28,13.0,0.0
GLAS,glas028,Violation_201,6,CP1,8.037461,28,13.0,0.0
GLAS,glas028,Violation_201,6,CP2,-3.569477,28,13.0,0.0
GLAS,glas028,Violation_201,6,P3,1.05049,28,13.0,0.0
GLAS,glas028,Violation_201,6,P4,0.3798271,28,13.0,0.0
GLAS,glas028,Violation_201,6,C3,-0.1721573,28,13.0,0.0
GLAS,glas028,Violation_201,6,C4,0.08007216,28,13.0,0.0
GLAS,glas028,Violation_201,6,P7,3.835796,28,13.0,0.0
GLAS,glas028,Violation_201,6,P8,2.997371,28,13.0,0.0
GLAS,glas028,Violation_201,6,O1,3.210413,28,13.0,0.0
GLAS,glas028,Violation_201,6,O2,-5.480747,28,13.0,0.0
GLAS,glas028,Control_202,7,Pz,-27.15166,28,19.0,100.0
GLAS,glas028,Control_202,7,Cz,-25.23203,28,19.0,100.0
GLAS,glas028,Control_202,7,CP1,-25.91488,28,19.0,100.0
GLAS,glas028,Control_202,7,CP2,-19.4514,28,19.0,100.0
GLAS,glas028,Control_202,7,P3,-22.90701,28,19.0,100.0
GLAS,glas028,Control_202,7,P4,-31.80529,28,19.0,100.0
GLAS,glas028,Control_202,7,C3,-27.30791,28,19.0,100.0
GLAS,glas028,Control_202,7,C4,-29.79168,28,19.0,100.0
GLAS,glas028,Control_202,7,P7,-16.97342,28,19.0,100.0
GLAS,glas028,Control_202,7,P8,-35.31319,28,19.0,100.0
GLAS,glas028,Control_202,7,O1,-17.61307,28,19.0,100.0
GLAS,glas028,Control_202,7,O2,-14.51899,28,19.0,100.0
GLAS,glas028,Violation_201,8,Pz,-10.2312,28,14.0,0.0
GLAS,glas028,Violation_201,8,Cz,-10.59623,28,14.0,0.0
GLAS,glas028,Violation_201,8,CP1,-12.00945,28,14.0,0.0
GLAS,glas028,Violation_201,8,CP2,-12.46286,28,14.0,0.0
GLAS,glas028,Violation_201,8,P3,-11.21919,28,14.0,0.0
GLAS,glas028,Violation_201,8,P4,-12.44233,28,14.0,0.0
GLAS,glas028,Violation_201,8,C3,-10.4857,28,14.0,0.0
GLAS,glas028,Violation_201,8,C4,-10.38375,28,14.0,0.0
GLAS,glas028,Violation_201,8,P7,-10.68824,28,14.0,0.0
GLAS,glas028,Violation_201,8,P8,-15.07792,28,14.0,0.0
GLAS,glas028,Violation_201,8,O1,-13.07774,28,14.0,0.0
GLAS,glas028,Violation_201,8,O2,-15.63655,28,14.0,0.0
GLAS,glas028,Violation_201,9,Pz,-22.99737,28,5.0,0.0
GLAS,glas028,Violation_201,9,Cz,-27.48524,28,5.0,0.0
GLAS,glas028,Violation_201,9,CP1,-23.67464,28,5.0,0.0
GLAS,glas028,Violation_201,9,CP2,-22.4716,28,5.0,0.0
GLAS,glas028,Violation_201,9,P3,-21.10189,28,5.0,0.0
GLAS,glas028,Violation_201,9,P4,-25.87984,28,5.0,0.0
GLAS,glas028,Violation_201,9,C3,-25.18663,28,5.0,0.0
GLAS,glas028,Violation_201,9,C4,-27.4235,28,5.0,0.0
GLAS,glas028,Violation_201,9,P7,-18.92825,28,5.0,0.0
GLAS,glas028,Violation_201,9,P8,-28.48248,28,5.0,0.0
GLAS,glas028,Violation_201,9,O1,-19.01503,28,5.0,0.0
GLAS,glas028,Violation_201,9,O2,-21.88345,28,5.0,0.0
GLAS,glas028,Violation_201,10,Pz,-10.47349,28,1.0,0.0
GLAS,glas028,Violation_201,10,Cz,-11.19726,28,1.0,0.0
GLAS,glas028,Violation_201,10,CP1,-17.15945,28,1.0,0.0
GLAS,glas028,Violation_201,10,CP2,-18.34042,28,1.0,0.0
GLAS,glas028,Violation_201,10,P3,-10.84024,28,1.0,0.0
GLAS,glas028,Violation_201,10,P4,-13.83263,28,1.0,0.0
GLAS,glas028,Violation_201,10,C3,-15.33127,28,1.0,0.0
GLAS,glas028,Violation_201,10,C4,-15.94046,28,1.0,0.0
GLAS,glas028,Violation_201,10,P7,-17.78017,28,1.0,0.0
GLAS,glas028,Violation_201,10,P8,-18.95642,28,1.0,0.0
GLAS,glas028,Violation_201,10,O1,-18.78048,28,1.0,0.0
GLAS,glas028,Violation_201,10,O2,-16.66996,28,1.0,0.0
GLAS,glas028,Control_202,11,Pz,-6.755822,28,15.0,90.0
GLAS,glas028,Control_202,11,Cz,-7.432726,28,15.0,90.0
GLAS,glas028,Control_202,11,CP1,-2.379082,28,15.0,90.0
GLAS,glas028,Control_202,11,CP2,0.832975,28,15.0,90.0
GLAS,glas028,Control_202,11,P3,-4.828664,28,15.0,90.0
GLAS,glas028,Control_202,11,P4,-10.97232,28,15.0,90.0
GLAS,glas028,Control_202,11,C3,-7.181203,28,15.0,90.0
GLAS,glas028,Control_202,11,C4,-8.785046,28,15.0,90.0
GLAS,glas028,Control_202,11,P7,4.972077,28,15.0,90.0
GLAS,glas028,Control_202,11,P8,-5.576754,28,15.0,90.0
GLAS,glas028,Control_202,11,O1,5.774806,28,15.0,90.0
GLAS,glas028,Control_202,11,O2,-0.896947,28,15.0,90.0
GLAS,glas028,Control_202,12,Pz,8.770871,28,12.0,100.0
GLAS,glas028,Control_202,12,Cz,8.368326,28,12.0,100.0
GLAS,glas028,Control_202,12,CP1,9.817107,28,12.0,100.0
GLAS,glas028,Control_202,12,CP2,6.663558,28,12.0,100.0
GLAS,glas028,Control_202,12,P3,12.78562,28,12.0,100.0
GLAS,glas028,Control_202,12,P4,3.936411,28,12.0,100.0
GLAS,glas028,Control_202,12,C3,10.62331,28,12.0,100.0
GLAS,glas028,Control_202,12,C4,6.68152,28,12.0,100.0
GLAS,glas028,Control_202,12,P7,12.5355,28,12.0,100.0
GLAS,glas028,Control_202,12,P8,4.772233,28,12.0,100.0
GLAS,glas028,Control_202,12,O1,12.08968,28,12.0,100.0
GLAS,glas028,Control_202,12,O2,3.881719,28,12.0,100.0
GLAS,glas028,Control_202,13,Pz,12.4245,28,11.0,87.0
GLAS,glas028,Control_202,13,Cz,10.86153,28,11.0,87.0
GLAS,glas028,Control_202,13,CP1,10.48967,28,11.0,87.0
GLAS,glas028,Control_202,13,CP2,15.40723,28,11.0,87.0
GLAS,glas028,Control_202,13,P3,10.32912,28,11.0,87.0
GLAS,glas028,Control_202,13,P4,5.616412,28,11.0,87.0
GLAS,glas028,Control_202,13,C3,11.74041,28,11.0,87.0
GLAS,glas028,Control_202,13,C4,9.171582,28,11.0,87.0
GLAS,glas028,Control_202,13,P7,17.68452,28,11.0,87.0
GLAS,glas028,Control_202,13,P8,2.838552,28,11.0,87.0
GLAS,glas028,Control_202,13,O1,24.93181,28,11.0,87.0
GLAS,glas028,Control_202,13,O2,13.44212,28,11.0,87.0
GLAS,glas028,Violation_201,14,Pz,-20.15517,28,9.0,3.0
GLAS,glas028,Violation_201,14,Cz,-18.57614,28,9.0,3.0
GLAS,glas028,Violation_201,14,CP1,-17.51235,28,9.0,3.0
GLAS,glas028,Violation_201,14,CP2,-16.85203,28,9.0,3.0
GLAS,glas028,Violation_201,14,P3,-16.98715,28,9.0,3.0
GLAS,glas028,Violation_201,14,P4,-22.64502,28,9.0,3.0
GLAS,glas028,Violation_201,14,C3,-18.80232,28,9.0,3.0
GLAS,glas028,Violation_201,14,C4,-22.0759,28,9.0,3.0
GLAS,glas028,Violation_201,14,P7,-8.921389,28,9.0,3.0
GLAS,glas028,Violation_201,14,P8,-29.92467,28,9.0,3.0
GLAS,glas028,Violation_201,14,O1,-9.779222,28,9.0,3.0
GLAS,glas028,Violation_201,14,O2,-19.11942,28,9.0,3.0
GLAS,glas028,Control_202,15,Pz,13.38976,28,18.0,87.0
GLAS,glas028,Control_202,15,Cz,12.22897,28,18.0,87.0
GLAS,glas028,Control_202,15,CP1,2.738381,28,18.0,87.0
GLAS,glas028,Control_202,15,CP2,6.87693,28,18.0,87.0
GLAS,glas028,Control_202,15,P3,10.08914,28,18.0,87.0
GLAS,glas028,Control_202,15,P4,3.559232,28,18.0,87.0
GLAS,glas028,Control_202,15,C3,12.60804,28,18.0,87.0
GLAS,glas028,Control_202,15,C4,10.23233,28,18.0,87.0
GLAS,glas028,Control_202,15,P7,4.605107,28,18.0,87.0
GLAS,glas028,Control_202,15,P8,7.559472,28,18.0,87.0
GLAS,glas028,Control_202,15,O1,6.573617,28,18.0,87.0
GLAS,glas028,Control_202,15,O2,6.928578,28,18.0,87.0
GLAS,glas028,Violation_201,16,Pz,-26.79672,28,16.0,0.0
GLAS,glas028,Violation_201,16,Cz,-25.13925,28,16.0,0.0
GLAS,glas028,Violation_201,16,CP1,-14.90104,28,16.0,0.0
GLAS,glas028,Violation_201,16,CP2,-25.12961,28,16.0,0.0
GLAS,glas028,Violation_201,16,P3,-23.16333,28,16.0,0.0
GLAS,glas028,Violation_201,16,P4,-32.21272,28,16.0,0.0
GLAS,glas028,Violation_201,16,C3,-25.83141,28,16.0,0.0
GLAS,glas028,Violation_201,16,C4,-25.59259,28,16.0,0.0
GLAS,glas028,Violation_201,16,P7,-17.95464,28,16.0,0.0
GLAS,glas028,Violation_201,16,P8,-28.45838,28,16.0,0.0
GLAS,glas028,Violation_201,16,O1,-18.51616,28,16.0,0.0
GLAS,glas028,Violation_201,16,O2,-20.00568,28,16.0,0.0
GLAS,glas028,Violation_201,17,Pz,-4.9788,28,7.0,0.0
GLAS,glas028,Violation_201,17,Cz,-5.027927,28,7.0,0.0
GLAS,glas028,Violation_201,17,CP1,-10.77152,28,7.0,0.0
GLAS,glas028,Violation_201,17,CP2,0.6092424,28,7.0,0.0
GLAS,glas028,Violation_201,17,P3,-6.146978,28,7.0,0.0
GLAS,glas028,Violation_201,17,P4,-0.6888787,28,7.0,0.0
GLAS,glas028,Violation_201,17,C3,0.2743382,28,7.0,0.0
GLAS,glas028,Violation_201,17,C4,3.318668,28,7.0,0.0
GLAS,glas028,Violation_201,17,P7,-2.016924,28,7.0,0.0
GLAS,glas028,Violation_201,17,P8,-2.582894,28,7.0,0.0
GLAS,glas028,Violation_201,17,O1,-2.953162,28,7.0,0.0
GLAS,glas028,Violation_201,17,O2,0.9761599,28,7.0,0.0
GLAS,glas028,Violation_201,18,Pz,1.854397,28,2.0,3.0
GLAS,glas028,Violation_201,18,Cz,-1.794593,28,2.0,3.0
GLAS,glas028,Violation_201,18,CP1,-25.21458,28,2.0,3.0
GLAS,glas028,Violation_201,18,CP2,-11.50053,28,2.0,3.0
GLAS,glas028,Violation_201,18,P3,-5.885124,28,2.0,3.0
GLAS,glas028,Violation_201,18,P4,-5.829607,28,2.0,3.0
GLAS,glas028,Violation_201,18,C3,2.441809,28,2.0,3.0
GLAS,glas028,Violation_201,18,C4,0.7524018,28,2.0,3.0
GLAS,glas028,Violation_201,18,P7,-15.41596,28,2.0,3.0
GLAS,glas028,Violation_201,18,P8,-7.444472,28,2.0,3.0
GLAS,glas028,Violation_201,18,O1,-10.32298,28,2.0,3.0
GLAS,glas028,Violation_201,18,O2,-9.584068,28,2.0,3.0
GLAS,glas028,Control_202,19,Pz,-31.79826,28,8.0,97.0
GLAS,glas028,Control_202,19,Cz,-29.40976,28,8.0,97.0
GLAS,glas028,Control_202,19,CP1,-26.51181,28,8.0,97.0
GLAS,glas028,Control_202,19,CP2,-21.49669,28,8.0,97.0
GLAS,glas028,Control_202,19,P3,-30.82068,28,8.0,97.0
GLAS,glas028,Control_202,19,P4,-19.89619,28,8.0,97.0
GLAS,glas028,Control_202,19,C3,-24.33396,28,8.0,97.0
GLAS,glas028,Control_202,19,C4,-19.83125,28,8.0,97.0
GLAS,glas028,Control_202,19,P7,-30.95454,28,8.0,97.0
GLAS,glas028,Control_202,19,P8,-9.912099,28,8.0,97.0
GLAS,glas028,Control_202,19,O1,-32.16465,28,8.0,97.0
GLAS,glas028,Control_202,19,O2,-13.08299,28,8.0,97.0
GLAS,glas028,Violation_201,20,Pz,20.99264,28,6.0,0.0
GLAS,glas028,Violation_201,20,Cz,17.80303,28,6.0,0.0
GLAS,glas028,Violation_201,20,CP1,18.43046,28,6.0,0.0
GLAS,glas028,Violation_201,20,CP2,19.67762,28,6.0,0.0
GLAS,glas028,Violation_201,20,P3,19.3371,28,6.0,0.0
GLAS,glas028,Violation_201,20,P4,18.51694,28,6.0,0.0
GLAS,glas028,Violation_201,20,C3,23.69581,28,6.0,0.0
GLAS,glas028,Violation_201,20,C4,19.82644,28,6.0,0.0
GLAS,glas028,Violation_201,20,P7,16.90392,28,6.0,0.0
GLAS,glas028,Violation_201,20,P8,14.42583,28,6.0,0.0
GLAS,glas028,Violation_201,20,O1,18.31385,28,6.0,0.0
GLAS,glas028,Violation_201,20,O2,17.94122,28,6.0,0.0
GLAS,glas028,Control_202,21,Pz,-16.70857,28,29.0,90.0
GLAS,glas028,Control_202,21,Cz,-17.34365,28,29.0,90.0
GLAS,glas028,Control_202,21,CP1,-8.118851,28,29.0,90.0
GLAS,glas028,Control_202,21,CP2,-10.27076,28,29.0,90.0
GLAS,glas028,Control_202,21,P3,-15.95038,28,29.0,90.0
GLAS,glas028,Control_202,21,P4,-20.04099,28,29.0,90.0
GLAS,glas028,Control_202,21,C3,-23.08288,28,29.0,90.0
GLAS,glas028,Control_202,21,C4,-23.5523,28,29.0,90.0
GLAS,glas028,Control_202,21,P7,-2.722964,28,29.0,90.0
GLAS,glas028,Control_202,21,P8,-23.47973,28,29.0,90.0
GLAS,glas028,Control_202,21,O1,1.024086,28,29.0,90.0
GLAS,glas028,Control_202,21,O2,-20.84811,28,29.0,90.0
GLAS,glas028,Violation_201,22,Pz,-0.504768,28,26.0,0.0
GLAS,glas028,Violation_201,22,Cz,-3.194549,28,26.0,0.0
GLAS,glas028,Violation_201,22,CP1,3.459603,28,26.0,0.0
GLAS,glas028,Violation_201,22,CP2,-9.806659,28,26.0,0.0
GLAS,glas028,Violation_201,22,P3,5.195284,28,26.0,0.0
GLAS,glas028,Violation_201,22,P4,-5.83895,28,26.0,0.0
GLAS,glas028,Violation_201,22,C3,-7.178648,28,26.0,0.0
GLAS,glas028,Violation_201,22,C4,-8.569288,28,26.0,0.0
GLAS,glas028,Violation_201,22,P7,2.977025,28,26.0,0.0
GLAS,glas028,Violation_201,22,P8,-5.626018,28,26.0,0.0
GLAS,glas028,Violation_201,22,O1,-0.1664325,28,26.0,0.0
GLAS,glas028,Violation_201,22,O2,-14.06046,28,26.0,0.0
GLAS,glas028,Control_202,23,Pz,2.83749,28,33.0,53.0
GLAS,glas028,Control_202,23,Cz,1.864517,28,33.0,53.0
GLAS,glas028,Control_202,23,CP1,2.093826,28,33.0,53.0
GLAS,glas028,Control_202,23,CP2,5.208316,28,33.0,53.0
GLAS,glas028,Control_202,23,P3,-1.07633,28,33.0,53.0
GLAS,glas028,Control_202,23,P4,12.56756,28,33.0,53.0
GLAS,glas028,Control_202,23,C3,1.680759,28,33.0,53.0
GLAS,glas028,Control_202,23,C4,6.284186,28,33.0,53.0
GLAS,glas028,Control_202,23,P7,2.159203,28,33.0,53.0
GLAS,glas028,Control_202,23,P8,7.630327,28,33.0,53.0
GLAS,glas028,Control_202,23,O1,4.645503,28,33.0,53.0
GLAS,glas028,Control_202,23,O2,8.530725,28,33.0,53.0
GLAS,glas028,Violation_201,24,Pz,-5.311224,28,36.0,7.0
GLAS,glas028,Violation_201,24,Cz,-9.119541,28,36.0,7.0
GLAS,glas028,Violation_201,24,CP1,-7.605057,28,36.0,7.0
GLAS,glas028,Violation_201,24,CP2,-9.848091,28,36.0,7.0
GLAS,glas028,Violation_201,24,P3,-5.384842,28,36.0,7.0
GLAS,glas028,Violation_201,24,P4,-12.82681,28,36.0,7.0
GLAS,glas028,Violation_201,24,C3,-11.84393,28,36.0,7.0
GLAS,glas028,Violation_201,24,C4,-13.99135,28,36.0,7.0
GLAS,glas028,Violation_201,24,P7,-1.21223,28,36.0,7.0
GLAS,glas028,Violation_201,24,P8,-23.2356,28,36.0,7.0
GLAS,glas028,Violation_201,24,O1,1.260925,28,36.0,7.0
GLAS,glas028,Violation_201,24,O2,-9.728795,28,36.0,7.0
GLAS,glas029,Violation_201,1,Pz,-9.080612,29,17.0,0.0
GLAS,glas029,Violation_201,1,Cz,-10.09416,29,17.0,0.0
GLAS,glas029,Violation_201,1,CP1,-7.454148,29,17.0,0.0
GLAS,glas029,Violation_201,1,CP2,-9.833972,29,17.0,0.0
GLAS,glas029,Violation_201,1,P3,-6.396691,29,17.0,0.0
GLAS,glas029,Violation_201,1,P4,-8.788223,29,17.0,0.0
GLAS,glas029,Violation_201,1,C3,-9.989421,29,17.0,0.0
GLAS,glas029,Violation_201,1,C4,-10.67447,29,17.0,0.0
GLAS,glas029,Violation_201,1,P7,-5.701113,29,17.0,0.0
GLAS,glas029,Violation_201,1,P8,-8.741767,29,17.0,0.0
GLAS,glas029,Violation_201,1,O1,-3.506444,29,17.0,0.0
GLAS,glas029,Violation_201,1,O2,-9.302509,29,17.0,0.0
GLAS,glas029,Control_202,2,Pz,21.75116,29,10.0,80.0
GLAS,glas029,Control_202,2,Cz,20.33714,29,10.0,80.0
GLAS,glas029,Control_202,2,CP1,20.25114,29,10.0,80.0
GLAS,glas029,Control_202,2,CP2,22.84973,29,10.0,80.0
GLAS,glas029,Control_202,2,P3,23.6252,29,10.0,80.0
GLAS,glas029,Control_202,2,P4,21.17649,29,10.0,80.0
GLAS,glas029,Control_202,2,C3,22.39002,29,10.0,80.0
GLAS,glas029,Control_202,2,C4,22.21362,29,10.0,80.0
GLAS,glas029,Control_202,2,P7,21.0214,29,10.0,80.0
GLAS,glas029,Control_202,2,P8,23.67541,29,10.0,80.0
GLAS,glas029,Control_202,2,O1,21.37961,29,10.0,80.0
GLAS,glas029,Control_202,2,O2,21.15016,29,10.0,80.0
GLAS,glas029,Violation_201,3,Pz,1.822183,29,6.0,0.0
GLAS,glas029,Violation_201,3,Cz,4.035703,29,6.0,0.0
GLAS,glas029,Violation_201,3,CP1,-0.4194394,29,6.0,0.0
GLAS,glas029,Violation_201,3,CP2,-5.679302,29,6.0,0.0
GLAS,glas029,Violation_201,3,P3,-0.3577144,29,6.0,0.0
GLAS,glas029,Violation_201,3,P4,0.9534641,29,6.0,0.0
GLAS,glas029,Violation_201,3,C3,2.311366,29,6.0,0.0
GLAS,glas029,Violation_201,3,C4,1.186469,29,6.0,0.0
GLAS,glas029,Violation_201,3,P7,-0.3840645,29,6.0,0.0
GLAS,glas029,Violation_201,3,P8,1.283636,29,6.0,0.0
GLAS,glas029,Violation_201,3,O1,-0.6487752,29,6.0,0.0
GLAS,glas029,Violation_201,3,O2,1.918608,29,6.0,0.0
GLAS,glas029,Control_202,4,Pz,5.435982,29,13.0,97.0
GLAS,glas029,Control_202,4,Cz,6.766785,29,13.0,97.0
GLAS,glas029,Control_202,4,CP1,6.47682,29,13.0,97.0
GLAS,glas029,Control_202,4,CP2,9.131524,29,13.0,97.0
GLAS,glas029,Control_202,4,P3,2.290536,29,13.0,97.0
GLAS,glas029,Control_202,4,P4,4.29065,29,13.0,97.0
GLAS,glas029,Control_202,4,C3,8.36305,29,13.0,97.0
GLAS,glas029,Control_202,4,C4,8.674396,29,13.0,97.0
GLAS,glas029,Control_202,4,P7,4.813453,29,13.0,97.0
GLAS,glas029,Control_202,4,P8,7.649912,29,13.0,97.0
GLAS,glas029,Control_202,4,O1,3.085191,29,13.0,97.0
GLAS,glas029,Control_202,4,O2,7.110925,29,13.0,97.0
GLAS,glas029,Violation_201,5,Pz,-11.66331,29,14.0,0.0
GLAS,glas029,Violation_201,5,Cz,-15.33279,29,14.0,0.0
GLAS,glas029,Violation_201,5,CP1,-10.91709,29,14.0,0.0
GLAS,glas029,Violation_201,5,CP2,-11.72461,29,14.0,0.0
GLAS,glas029,Violation_201,5,P3,-11.21193,29,14.0,0.0
GLAS,glas029,Violation_201,5,P4,-13.62553,29,14.0,0.0
GLAS,glas029,Violation_201,5,C3,-12.74859,29,14.0,0.0
GLAS,glas029,Violation_201,5,C4,-13.18641,29,14.0,0.0
GLAS,glas029,Violation_201,5,P7,-10.13341,29,14.0,0.0
GLAS,glas029,Violation_201,5,P8,-14.28162,29,14.0,0.0
GLAS,glas029,Violation_201,5,O1,-9.690238,29,14.0,0.0
GLAS,glas029,Violation_201,5,O2,-10.81202,29,14.0,0.0
GLAS,glas029,Violation_201,6,Pz,3.23869,29,4.0,20.0
GLAS,glas029,Violation_201,6,Cz,5.721947,29,4.0,20.0
GLAS,glas029,Violation_201,6,CP1,5.253489,29,4.0,20.0
GLAS,glas029,Violation_201,6,CP2,-0.384386,29,4.0,20.0
GLAS,glas029,Violation_201,6,P3,3.168731,29,4.0,20.0
GLAS,glas029,Violation_201,6,P4,2.922988,29,4.0,20.0
GLAS,glas029,Violation_201,6,C3,4.015453,29,4.0,20.0
GLAS,glas029,Violation_201,6,C4,4.431269,29,4.0,20.0
GLAS,glas029,Violation_201,6,P7,1.667812,29,4.0,20.0
GLAS,glas029,Violation_201,6,P8,4.838232,29,4.0,20.0
GLAS,glas029,Violation_201,6,O1,1.585433,29,4.0,20.0
GLAS,glas029,Violation_201,6,O2,3.774017,29,4.0,20.0
GLAS,glas029,Violation_201,7,Pz,15.108,29,11.0,7.0
GLAS,glas029,Violation_201,7,Cz,12.59533,29,11.0,7.0
GLAS,glas029,Violation_201,7,CP1,15.00169,29,11.0,7.0
GLAS,glas029,Violation_201,7,CP2,13.78716,29,11.0,7.0
GLAS,glas029,Violation_201,7,P3,15.4097,29,11.0,7.0
GLAS,glas029,Violation_201,7,P4,14.72588,29,11.0,7.0
GLAS,glas029,Violation_201,7,C3,15.60755,29,11.0,7.0
GLAS,glas029,Violation_201,7,C4,14.91407,29,11.0,7.0
GLAS,glas029,Violation_201,7,P7,14.94963,29,11.0,7.0
GLAS,glas029,Violation_201,7,P8,14.64361,29,11.0,7.0
GLAS,glas029,Violation_201,7,O1,10.48163,29,11.0,7.0
GLAS,glas029,Violation_201,7,O2,21.71862,29,11.0,7.0
GLAS,glas029,Violation_201,8,Pz,-16.79356,29,15.0,0.0
GLAS,glas029,Violation_201,8,Cz,-11.21557,29,15.0,0.0
GLAS,glas029,Violation_201,8,CP1,-12.43766,29,15.0,0.0
GLAS,glas029,Violation_201,8,CP2,-9.107026,29,15.0,0.0
GLAS,glas029,Violation_201,8,P3,-16.86989,29,15.0,0.0
GLAS,glas029,Violation_201,8,P4,-16.98952,29,15.0,0.0
GLAS,glas029,Violation_201,8,C3,-15.32803,29,15.0,0.0
GLAS,glas029,Violation_201,8,C4,-15.43841,29,15.0,0.0
GLAS,glas029,Violation_201,8,P7,-15.64931,29,15.0,0.0
GLAS,glas029,Violation_201,8,P8,-10.51508,29,15.0,0.0
GLAS,glas029,Violation_201,8,O1,-15.04232,29,15.0,0.0
GLAS,glas029,Violation_201,8,O2,-16.30053,29,15.0,0.0
GLAS,glas029,Violation_201,9,Pz,1.670958,29,7.0,0.0
GLAS,glas029,Violation_201,9,Cz,-5.310675,29,7.0,0.0
GLAS,glas029,Violation_201,9,CP1,0.9410307,29,7.0,0.0
GLAS,glas029,Violation_201,9,CP2,3.901236,29,7.0,0.0
GLAS,glas029,Violation_201,9,P3,1.929987,29,7.0,0.0
GLAS,glas029,Violation_201,9,P4,4.282802,29,7.0,0.0
GLAS,glas029,Violation_201,9,C3,1.24448,29,7.0,0.0
GLAS,glas029,Violation_201,9,C4,3.178126,29,7.0,0.0
GLAS,glas029,Violation_201,9,P7,2.143162,29,7.0,0.0
GLAS,glas029,Violation_201,9,P8,2.024026,29,7.0,0.0
GLAS,glas029,Violation_201,9,O1,2.772208,29,7.0,0.0
GLAS,glas029,Violation_201,9,O2,3.346172,29,7.0,0.0
GLAS,glas029,Violation_201,10,Pz,-2.942974,29,19.0,0.0
GLAS,glas029,Violation_201,10,Cz,-4.181919,29,19.0,0.0
GLAS,glas029,Violation_201,10,CP1,-1.819188,29,19.0,0.0
GLAS,glas029,Violation_201,10,CP2,6.110599,29,19.0,0.0
GLAS,glas029,Violation_201,10,P3,-0.473311,29,19.0,0.0
GLAS,glas029,Violation_201,10,P4,-1.837241,29,19.0,0.0
GLAS,glas029,Violation_201,10,C3,-2.995713,29,19.0,0.0
GLAS,glas029,Violation_201,10,C4,-1.826157,29,19.0,0.0
GLAS,glas029,Violation_201,10,P7,1.610626,29,19.0,0.0
GLAS,glas029,Violation_201,10,P8,-0.2616997,29,19.0,0.0
GLAS,glas029,Violation_201,10,O1,4.176512,29,19.0,0.0
GLAS,glas029,Violation_201,10,O2,-2.311162,29,19.0,0.0
GLAS,glas029,Control_202,11,Pz,12.55945,29,20.0,90.0
GLAS,glas029,Control_202,11,Cz,10.06858,29,20.0,90.0
GLAS,glas029,Control_202,11,CP1,9.953117,29,20.0,90.0
GLAS,glas029,Control_202,11,CP2,9.833239,29,20.0,90.0
GLAS,glas029,Control_202,11,P3,13.01993,29,20.0,90.0
GLAS,glas029,Control_202,11,P4,11.06681,29,20.0,90.0
GLAS,glas029,Control_202,11,C3,12.38509,29,20.0,90.0
GLAS,glas029,Control_202,11,C4,11.13749,29,20.0,90.0
GLAS,glas029,Control_202,11,P7,8.708014,29,20.0,90.0
GLAS,glas029,Control_202,11,P8,11.55413,29,20.0,90.0
GLAS,glas029,Control_202,11,O1,7.469681,29,20.0,90.0
GLAS,glas029,Control_202,11,O2,14.46753,29,20.0,90.0
GLAS,glas029,Control_202,12,Pz,-8.138126,29,16.0,93.0
GLAS,glas029,Control_202,12,Cz,0.8580365,29,16.0,93.0
GLAS,glas029,Control_202,12,CP1,-9.762848,29,16.0,93.0
GLAS,glas029,Control_202,12,CP2,-6.100241,29,16.0,93.0
GLAS,glas029,Control_202,12,P3,-9.951495,29,16.0,93.0
GLAS,glas029,Control_202,12,P4,-6.815065,29,16.0,93.0
GLAS,glas029,Control_202,12,C3,-6.186254,29,16.0,93.0
GLAS,glas029,Control_202,12,C4,-5.719064,29,16.0,93.0
GLAS,glas029,Control_202,12,P7,-9.400699,29,16.0,93.0
GLAS,glas029,Control_202,12,P8,-5.144087,29,16.0,93.0
GLAS,glas029,Control_202,12,O1,-8.495937,29,16.0,93.0
GLAS,glas029,Control_202,12,O2,-15.03811,29,16.0,93.0
GLAS,glas029,Violation_201,13,Pz,-3.53978,29,3.0,7.0
GLAS,glas029,Violation_201,13,Cz,0.2742543,29,3.0,7.0
GLAS,glas029,Violation_201,13,CP1,-4.147546,29,3.0,7.0
GLAS,glas029,Violation_201,13,CP2,-3.145422,29,3.0,7.0
GLAS,glas029,Violation_201,13,P3,-3.016398,29,3.0,7.0
GLAS,glas029,Violation_201,13,P4,-3.73103,29,3.0,7.0
GLAS,glas029,Violation_201,13,C3,-2.927745,29,3.0,7.0
GLAS,glas029,Violation_201,13,C4,-2.972034,29,3.0,7.0
GLAS,glas029,Violation_201,13,P7,-3.24305,29,3.0,7.0
GLAS,glas029,Violation_201,13,P8,-2.294678,29,3.0,7.0
GLAS,glas029,Violation_201,13,O1,-3.2881,29,3.0,7.0
GLAS,glas029,Violation_201,13,O2,-7.978115,29,3.0,7.0
GLAS,glas029,Control_202,14,Pz,-3.612728,29,12.0,100.0
GLAS,glas029,Control_202,14,Cz,-5.333808,29,12.0,100.0
GLAS,glas029,Control_202,14,CP1,-1.401863,29,12.0,100.0
GLAS,glas029,Control_202,14,CP2,-2.348608,29,12.0,100.0
GLAS,glas029,Control_202,14,P3,-3.056524,29,12.0,100.0
GLAS,glas029,Control_202,14,P4,-3.991707,29,12.0,100.0
GLAS,glas029,Control_202,14,C3,-4.320328,29,12.0,100.0
GLAS,glas029,Control_202,14,C4,-4.747026,29,12.0,100.0
GLAS,glas029,Control_202,14,P7,-4.330925,29,12.0,100.0
GLAS,glas029,Control_202,14,P8,-4.959162,29,12.0,100.0
GLAS,glas029,Control_202,14,O1,-3.495191,29,12.0,100.0
GLAS,glas029,Control_202,14,O2,-1.415384,29,12.0,100.0
GLAS,glas029,Control_202,15,Pz,-11.40511,29,5.0,93.0
GLAS,glas029,Control_202,15,Cz,-7.770256,29,5.0,93.0
GLAS,glas029,Control_202,15,CP1,-9.30268,29,5.0,93.0
GLAS,glas029,Control_202,15,CP2,-11.91161,29,5.0,93.0
GLAS,glas029,Control_202,15,P3,-10.34626,29,5.0,93.0
GLAS,glas029,Control_202,15,P4,-9.690689,29,5.0,93.0
GLAS,glas029,Control_202,15,C3,-10.51649,29,5.0,93.0
GLAS,glas029,Control_202,15,C4,-9.837576,29,5.0,93.0
GLAS,glas029,Control_202,15,P7,-6.3607,29,5.0,93.0
GLAS,glas029,Control_202,15,P8,-8.71693,29,5.0,93.0
GLAS,glas029,Control_202,15,O1,-10.3995,29,5.0,93.0
GLAS,glas029,Control_202,15,O2,-13.8431,29,5.0,93.0
GLAS,glas029,Violation_201,16,Pz,-0.4477734,29,9.0,3.0
GLAS,glas029,Violation_201,16,Cz,4.438303,29,9.0,3.0
GLAS,glas029,Violation_201,16,CP1,-1.577337,29,9.0,3.0
GLAS,glas029,Violation_201,16,CP2,-9.438163,29,9.0,3.0
GLAS,glas029,Violation_201,16,P3,-2.961478,29,9.0,3.0
GLAS,glas029,Violation_201,16,P4,-2.352036,29,9.0,3.0
GLAS,glas029,Violation_201,16,C3,0.8348284,29,9.0,3.0
GLAS,glas029,Violation_201,16,C4,0.4606337,29,9.0,3.0
GLAS,glas029,Violation_201,16,P7,-6.083946,29,9.0,3.0
GLAS,glas029,Violation_201,16,P8,-2.463353,29,9.0,3.0
GLAS,glas029,Violation_201,16,O1,-6.794366,29,9.0,3.0
GLAS,glas029,Violation_201,16,O2,-4.924602,29,9.0,3.0
GLAS,glas029,Control_202,17,Pz,8.283727,29,18.0,87.0
GLAS,glas029,Control_202,17,Cz,13.90683,29,18.0,87.0
GLAS,glas029,Control_202,17,CP1,6.755144,29,18.0,87.0
GLAS,glas029,Control_202,17,CP2,6.584557,29,18.0,87.0
GLAS,glas029,Control_202,17,P3,7.271121,29,18.0,87.0
GLAS,glas029,Control_202,17,P4,8.526674,29,18.0,87.0
GLAS,glas029,Control_202,17,C3,9.57698,29,18.0,87.0
GLAS,glas029,Control_202,17,C4,8.807824,29,18.0,87.0
GLAS,glas029,Control_202,17,P7,4.241835,29,18.0,87.0
GLAS,glas029,Control_202,17,P8,8.868125,29,18.0,87.0
GLAS,glas029,Control_202,17,O1,1.615138,29,18.0,87.0
GLAS,glas029,Control_202,17,O2,5.370043,29,18.0,87.0
GLAS,glas029,Violation_201,18,Pz,-5.362303,29,1.0,0.0
GLAS,glas029,Violation_201,18,Cz,-4.894966,29,1.0,0.0
GLAS,glas029,Violation_201,18,CP1,-6.575264,29,1.0,0.0
GLAS,glas029,Violation_201,18,CP2,-9.97716,29,1.0,0.0
GLAS,glas029,Violation_201,18,P3,-5.96134,29,1.0,0.0
GLAS,glas029,Violation_201,18,P4,-4.826556,29,1.0,0.0
GLAS,glas029,Violation_201,18,C3,-4.480811,29,1.0,0.0
GLAS,glas029,Violation_201,18,C4,-5.46232,29,1.0,0.0
GLAS,glas029,Violation_201,18,P7,-5.8875,29,1.0,0.0
GLAS,glas029,Violation_201,18,P8,-6.915105,29,1.0,0.0
GLAS,glas029,Violation_201,18,O1,-6.072967,29,1.0,0.0
GLAS,glas029,Violation_201,18,O2,-5.320789,29,1.0,0.0
GLAS,glas029,Violation_201,19,Pz,15.95222,29,2.0,3.0
GLAS,glas029,Violation_201,19,Cz,17.10949,29,2.0,3.0
GLAS,glas029,Violation_201,19,CP1,17.97665,29,2.0,3.0
GLAS,glas029,Violation_201,19,CP2,15.67327,29,2.0,3.0
GLAS,glas029,Violation_201,19,P3,17.16183,29,2.0,3.0
GLAS,glas029,Violation_201,19,P4,15.91606,29,2.0,3.0
GLAS,glas029,Violation_201,19,C3,14.47259,29,2.0,3.0
GLAS,glas029,Violation_201,19,C4,14.81013,29,2.0,3.0
GLAS,glas029,Violation_201,19,P7,14.76703,29,2.0,3.0
GLAS,glas029,Violation_201,19,P8,14.26706,29,2.0,3.0
GLAS,glas029,Violation_201,19,O1,15.23749,29,2.0,3.0
GLAS,glas029,Violation_201,19,O2,18.54869,29,2.0,3.0
GLAS,glas029,Control_202,20,Pz,16.61273,29,8.0,97.0
GLAS,glas029,Control_202,20,Cz,14.03501,29,8.0,97.0
GLAS,glas029,Control_202,20,CP1,20.15718,29,8.0,97.0
GLAS,glas029,Control_202,20,CP2,11.34093,29,8.0,97.0
GLAS,glas029,Control_202,20,P3,20.36478,29,8.0,97.0
GLAS,glas029,Control_202,20,P4,12.19797,29,8.0,97.0
GLAS,glas029,Control_202,20,C3,13.94607,29,8.0,97.0
GLAS,glas029,Control_202,20,C4,12.79068,29,8.0,97.0
GLAS,glas029,Control_202,20,P7,25.16447,29,8.0,97.0
GLAS,glas029,Control_202,20,P8,11.20086,29,8.0,97.0
GLAS,glas029,Control_202,20,O1,24.09369,29,8.0,97.0
GLAS,glas029,Control_202,20,O2,12.50753,29,8.0,97.0
GLAS,glas029,Violation_201,21,Pz,-3.708812,29,25.0,0.0
GLAS,glas029,Violation_201,21,Cz,-6.432058,29,25.0,0.0
GLAS,glas029,Violation_201,21,CP1,-4.958769,29,25.0,0.0
GLAS,glas029,Violation_201,21,CP2,-5.44555,29,25.0,0.0
GLAS,glas029,Violation_201,21,P3,-4.951867,29,25.0,0.0
GLAS,glas029,Violation_201,21,P4,-5.414502,29,25.0,0.0
GLAS,glas029,Violation_201,21,C3,-3.779428,29,25.0,0.0
GLAS,glas029,Violation_201,21,C4,-4.099384,29,25.0,0.0
GLAS,glas029,Violation_201,21,P7,-4.752061,29,25.0,0.0
GLAS,glas029,Violation_201,21,P8,-5.964755,29,25.0,0.0
GLAS,glas029,Violation_201,21,O1,-4.682107,29,25.0,0.0
GLAS,glas029,Violation_201,21,O2,0.3580412,29,25.0,0.0
GLAS,glas030,Violation_201,1,Pz,-6.134174,30,10.0,3.0
GLAS,glas030,Violation_201,1,Cz,-5.752753,30,10.0,3.0
GLAS,glas030,Violation_201,1,CP1,-5.133921,30,10.0,3.0
GLAS,glas030,Violation_201,1,CP2,-12.2008,30,10.0,3.0
GLAS,glas030,Violation_201,1,P3,-10.58102,30,10.0,3.0
GLAS,glas030,Violation_201,1,P4,-8.476302,30,10.0,3.0
GLAS,glas030,Violation_201,1,C3,-6.934199,30,10.0,3.0
GLAS,glas030,Violation_201,1,C4,-9.743857,30,10.0,3.0
GLAS,glas030,Violation_201,1,P7,-8.275461,30,10.0,3.0
GLAS,glas030,Violation_201,1,P8,-10.87111,30,10.0,3.0
GLAS,glas030,Violation_201,1,O1,-13.63913,30,10.0,3.0
GLAS,glas030,Violation_201,1,O2,-9.27747,30,10.0,3.0
GLAS,glas030,Control_202,2,Pz,7.997887,30,5.0,93.0
GLAS,glas030,Control_202,2,Cz,6.422004,30,5.0,93.0
GLAS,glas030,Control_202,2,CP1,9.63903,30,5.0,93.0
GLAS,glas030,Control_202,2,CP2,0.1456687,30,5.0,93.0
GLAS,glas030,Control_202,2,P3,8.763895,30,5.0,93.0
GLAS,glas030,Control_202,2,P4,10.51979,30,5.0,93.0
GLAS,glas030,Control_202,2,C3,9.019499,30,5.0,93.0
GLAS,glas030,Control_202,2,C4,12.2165,30,5.0,93.0
GLAS,glas030,Control_202,2,P7,7.702155,30,5.0,93.0
GLAS,glas030,Control_202,2,P8,5.295787,30,5.0,93.0
GLAS,glas030,Control_202,2,O1,11.94369,30,5.0,93.0
GLAS,glas030,Control_202,2,O2,-1.647521,30,5.0,93.0
GLAS,glas030,Control_202,3,Pz,4.551654,30,13.0,97.0
GLAS,glas030,Control_202,3,Cz,-0.5866746,30,13.0,97.0
GLAS,glas030,Control_202,3,CP1,5.97992,30,13.0,97.0
GLAS,glas030,Control_202,3,CP2,4.341021,30,13.0,97.0
GLAS,glas030,Control_202,3,P3,8.42444,30,13.0,97.0
GLAS,glas030,Control_202,3,P4,0.5981726,30,13.0,97.0
GLAS,glas030,Control_202,3,C3,2.534491,30,13.0,97.0
GLAS,glas030,Control_202,3,C4,-1.208951,30,13.0,97.0
GLAS,glas030,Control_202,3,P7,10.76574,30,13.0,97.0
GLAS,glas030,Control_202,3,P8,1.330077,30,13.0,97.0
GLAS,glas030,Control_202,3,O1,15.88556,30,13.0,97.0
GLAS,glas030,Control_202,3,O2,3.358232,30,13.0,97.0
GLAS,glas030,Control_202,4,Pz,-9.174488,30,2.0,100.0
GLAS,glas030,Control_202,4,Cz,-4.82893,30,2.0,100.0
GLAS,glas030,Control_202,4,CP1,-8.285532,30,2.0,100.0
GLAS,glas030,Control_202,4,CP2,-12.10746,30,2.0,100.0
GLAS,glas030,Control_202,4,P3,-10.2225,30,2.0,100.0
GLAS,glas030,Control_202,4,P4,-1.028235,30,2.0,100.0
GLAS,glas030,Control_202,4,C3,-4.46539,30,2.0,100.0
GLAS,glas030,Control_202,4,C4,11.51127,30,2.0,100.0
GLAS,glas030,Control_202,4,P7,-13.7864,30,2.0,100.0
GLAS,glas030,Control_202,4,P8,-3.046929,30,2.0,100.0
GLAS,glas030,Control_202,4,O1,-4.614459,30,2.0,100.0
GLAS,glas030,Control_202,4,O2,-6.623357,30,2.0,100.0
GLAS,glas030,Violation_201,5,Pz,-10.3998,30,19.0,0.0
GLAS,glas030,Violation_201,5,Cz,-11.70965,30,19.0,0.0
GLAS,glas030,Violation_201,5,CP1,-12.07741,30,19.0,0.0
GLAS,glas030,Violation_201,5,CP2,-12.03238,30,19.0,0.0
GLAS,glas030,Violation_201,5,P3,-12.50481,30,19.0,0.0
GLAS,glas030,Violation_201,5,P4,-7.136663,30,19.0,0.0
GLAS,glas030,Violation_201,5,C3,-10.27145,30,19.0,0.0
GLAS,glas030,Violation_201,5,C4,2.697047,30,19.0,0.0
GLAS,glas030,Violation_201,5,P7,-10.76218,30,19.0,0.0
GLAS,glas030,Violation_201,5,P8,-11.75028,30,19.0,0.0
GLAS,glas030,Violation_201,5,O1,-6.64716,30,19.0,0.0
GLAS,glas030,Violation_201,5,O2,-5.75375,30,19.0,0.0
GLAS,glas030,Violation_201,6,Pz,-2.671483,30,8.0,34.0
GLAS,glas030,Violation_201,6,Cz,-3.887625,30,8.0,34.0
GLAS,glas030,Violation_201,6,CP1,-0.7305555,30,8.0,34.0
GLAS,glas030,Violation_201,6,CP2,-8.559502,30,8.0,34.0
GLAS,glas030,Violation_201,6,P3,1.027009,30,8.0,34.0
GLAS,glas030,Violation_201,6,P4,-2.578579,30,8.0,34.0
GLAS,glas030,Violation_201,6,C3,-4.59803,30,8.0,34.0
GLAS,glas030,Violation_201,6,C4,-2.969727,30,8.0,34.0
GLAS,glas030,Violation_201,6,P7,1.411669,30,8.0,34.0
GLAS,glas030,Violation_201,6,P8,-4.574395,30,8.0,34.0
GLAS,glas030,Violation_201,6,O1,7.171374,30,8.0,34.0
GLAS,glas030,Violation_201,6,O2,0.3071046,30,8.0,34.0
GLAS,glas030,Control_202,7,Pz,9.448143,30,12.0,100.0
GLAS,glas030,Control_202,7,Cz,8.809233,30,12.0,100.0
GLAS,glas030,Control_202,7,CP1,9.014857,30,12.0,100.0
GLAS,glas030,Control_202,7,CP2,6.303225,30,12.0,100.0
GLAS,glas030,Control_202,7,P3,13.91268,30,12.0,100.0
GLAS,glas030,Control_202,7,P4,9.1127,30,12.0,100.0
GLAS,glas030,Control_202,7,C3,7.703349,30,12.0,100.0
GLAS,glas030,Control_202,7,C4,11.60735,30,12.0,100.0
GLAS,glas030,Control_202,7,P7,12.20537,30,12.0,100.0
GLAS,glas030,Control_202,7,P8,8.172443,30,12.0,100.0
GLAS,glas030,Control_202,7,O1,9.399812,30,12.0,100.0
GLAS,glas030,Control_202,7,O2,2.576219,30,12.0,100.0
GLAS,glas030,Violation_201,8,Pz,-2.607069,30,15.0,0.0
GLAS,glas030,Violation_201,8,Cz,-1.895947,30,15.0,0.0
GLAS,glas030,Violation_201,8,CP1,-6.439579,30,15.0,0.0
GLAS,glas030,Violation_201,8,CP2,-1.647719,30,15.0,0.0
GLAS,glas030,Violation_201,8,P3,-2.808024,30,15.0,0.0
GLAS,glas030,Violation_201,8,P4,-4.914946,30,15.0,0.0
GLAS,glas030,Violation_201,8,C3,-2.104831,30,15.0,0.0
GLAS,glas030,Violation_201,8,C4,-4.020602,30,15.0,0.0
GLAS,glas030,Violation_201,8,P7,-5.16151,30,15.0,0.0
GLAS,glas030,Violation_201,8,P8,-1.486924,30,15.0,0.0
GLAS,glas030,Violation_201,8,O1,-8.720158,30,15.0,0.0
GLAS,glas030,Violation_201,8,O2,-3.701656,30,15.0,0.0
GLAS,glas030,Violation_201,9,Pz,-10.5397,30,20.0,0.0
GLAS,glas030,Violation_201,9,Cz,-12.2413,30,20.0,0.0
GLAS,glas030,Violation_201,9,CP1,-9.907698,30,20.0,0.0
GLAS,glas030,Violation_201,9,CP2,-10.18976,30,20.0,0.0
GLAS,glas030,Violation_201,9,P3,-5.711947,30,20.0,0.0
GLAS,glas030,Violation_201,9,P4,-12.43213,30,20.0,0.0
GLAS,glas030,Violation_201,9,C3,-15.26302,30,20.0,0.0
GLAS,glas030,Violation_201,9,C4,-2.898945,30,20.0,0.0
GLAS,glas030,Violation_201,9,P7,-5.79854,30,20.0,0.0
GLAS,glas030,Violation_201,9,P8,-15.37357,30,20.0,0.0
GLAS,glas030,Violation_201,9,O1,-5.764033,30,20.0,0.0
GLAS,glas030,Violation_201,9,O2,-4.758952,30,20.0,0.0
GLAS,glas030,Control_202,10,Pz,-8.520735,30,7.0,80.0
GLAS,glas030,Control_202,10,Cz,-13.48907,30,7.0,80.0
GLAS,glas030,Control_202,10,CP1,-4.63467,30,7.0,80.0
GLAS,glas030,Control_202,10,CP2,-3.842564,30,7.0,80.0
GLAS,glas030,Control_202,10,P3,-2.668526,30,7.0,80.0
GLAS,glas030,Control_202,10,P4,-16.81009,30,7.0,80.0
GLAS,glas030,Control_202,10,C3,-10.40665,30,7.0,80.0
GLAS,glas030,Control_202,10,C4,-0.1162933,30,7.0,80.0
GLAS,glas030,Control_202,10,P7,-0.3257039,30,7.0,80.0
GLAS,glas030,Control_202,10,P8,-9.184084,30,7.0,80.0
GLAS,glas030,Control_202,10,O1,7.806106,30,7.0,80.0
GLAS,glas030,Control_202,10,O2,1.527137,30,7.0,80.0
GLAS,glas030,Violation_201,11,Pz,4.124479,30,3.0,7.0
GLAS,glas030,Violation_201,11,Cz,5.450462,30,3.0,7.0
GLAS,glas030,Violation_201,11,CP1,3.31612,30,3.0,7.0
GLAS,glas030,Violation_201,11,CP2,0.440323,30,3.0,7.0
GLAS,glas030,Violation_201,11,P3,3.372956,30,3.0,7.0
GLAS,glas030,Violation_201,11,P4,-3.709315,30,3.0,7.0
GLAS,glas030,Violation_201,11,C3,3.377891,30,3.0,7.0
GLAS,glas030,Violation_201,11,C4,3.528759,30,3.0,7.0
GLAS,glas030,Violation_201,11,P7,1.613618,30,3.0,7.0
GLAS,glas030,Violation_201,11,P8,2.90123,30,3.0,7.0
GLAS,glas030,Violation_201,11,O1,-2.364618,30,3.0,7.0
GLAS,glas030,Violation_201,11,O2,-0.4944468,30,3.0,7.0
GLAS,glas030,Control_202,12,Pz,-11.6575,30,17.0,62.0
GLAS,glas030,Control_202,12,Cz,-12.08918,30,17.0,62.0
GLAS,glas030,Control_202,12,CP1,-8.0675,30,17.0,62.0
GLAS,glas030,Control_202,12,CP2,-9.214778,30,17.0,62.0
GLAS,glas030,Control_202,12,P3,-8.868881,30,17.0,62.0
GLAS,glas030,Control_202,12,P4,-18.76251,30,17.0,62.0
GLAS,glas030,Control_202,12,C3,-14.29722,30,17.0,62.0
GLAS,glas030,Control_202,12,C4,-12.34187,30,17.0,62.0
GLAS,glas030,Control_202,12,P7,-4.230304,30,17.0,62.0
GLAS,glas030,Control_202,12,P8,-9.043617,30,17.0,62.0
GLAS,glas030,Control_202,12,O1,-5.685676,30,17.0,62.0
GLAS,glas030,Control_202,12,O2,4.842215,30,17.0,62.0
GLAS,glas030,Violation_201,13,Pz,4.188405,30,1.0,0.0
GLAS,glas030,Violation_201,13,Cz,5.27779,30,1.0,0.0
GLAS,glas030,Violation_201,13,CP1,-0.07682919,30,1.0,0.0
GLAS,glas030,Violation_201,13,CP2,3.874994,30,1.0,0.0
GLAS,glas030,Violation_201,13,P3,-0.3511662,30,1.0,0.0
GLAS,glas030,Violation_201,13,P4,-1.227938,30,1.0,0.0
GLAS,glas030,Violation_201,13,C3,4.709623,30,1.0,0.0
GLAS,glas030,Violation_201,13,C4,6.217534,30,1.0,0.0
GLAS,glas030,Violation_201,13,P7,0.4040768,30,1.0,0.0
GLAS,glas030,Violation_201,13,P8,4.641989,30,1.0,0.0
GLAS,glas030,Violation_201,13,O1,1.361904,30,1.0,0.0
GLAS,glas030,Violation_201,13,O2,5.361776,30,1.0,0.0
GLAS,glas030,Control_202,14,Pz,-11.37394,30,4.0,93.0
GLAS,glas030,Control_202,14,Cz,-16.31543,30,4.0,93.0
GLAS,glas030,Control_202,14,CP1,-16.25679,30,4.0,93.0
GLAS,glas030,Control_202,14,CP2,-15.30816,30,4.0,93.0
GLAS,glas030,Control_202,14,P3,-29.76376,30,4.0,93.0
GLAS,glas030,Control_202,14,P4,-20.38409,30,4.0,93.0
GLAS,glas030,Control_202,14,C3,-16.90704,30,4.0,93.0
GLAS,glas030,Control_202,14,C4,-14.88864,30,4.0,93.0
GLAS,glas030,Control_202,14,P7,-15.01079,30,4.0,93.0
GLAS,glas030,Control_202,14,P8,-16.53534,30,4.0,93.0
GLAS,glas030,Control_202,14,O1,-22.64842,30,4.0,93.0
GLAS,glas030,Control_202,14,O2,-15.89335,30,4.0,93.0
GLAS,glas030,Control_202,15,Pz,13.54738,30,9.0,93.0
GLAS,glas030,Control_202,15,Cz,4.015067,30,9.0,93.0
GLAS,glas030,Control_202,15,CP1,6.250297,30,9.0,93.0
GLAS,glas030,Control_202,15,CP2,11.64819,30,9.0,93.0
GLAS,glas030,Control_202,15,P3,10.39543,30,9.0,93.0
GLAS,glas030,Control_202,15,P4,18.63882,30,9.0,93.0
GLAS,glas030,Control_202,15,C3,6.655042,30,9.0,93.0
GLAS,glas030,Control_202,15,C4,3.228132,30,9.0,93.0
GLAS,glas030,Control_202,15,P7,4.336054,30,9.0,93.0
GLAS,glas030,Control_202,15,P8,6.817969,30,9.0,93.0
GLAS,glas030,Control_202,15,O1,9.168658,30,9.0,93.0
GLAS,glas030,Control_202,15,O2,3.352903,30,9.0,93.0
GLAS,glas030,Control_202,16,Pz,1.613474,30,16.0,93.0
GLAS,glas030,Control_202,16,Cz,2.652485,30,16.0,93.0
GLAS,glas030,Control_202,16,CP1,-1.031758,30,16.0,93.0
GLAS,glas030,Control_202,16,CP2,0.2284935,30,16.0,93.0
GLAS,glas030,Control_202,16,P3,2.682536,30,16.0,93.0
GLAS,glas030,Control_202,16,P4,-1.616665,30,16.0,93.0
GLAS,glas030,Control_202,16,C3,1.82952,30,16.0,93.0
GLAS,glas030,Control_202,16,C4,1.182572,30,16.0,93.0
GLAS,glas030,Control_202,16,P7,0.1490483,30,16.0,93.0
GLAS,glas030,Control_202,16,P8,1.506034,30,16.0,93.0
GLAS,glas030,Control_202,16,O1,-4.72985,30,16.0,93.0
GLAS,glas030,Control_202,16,O2,1.1285,30,16.0,93.0
GLAS,glas030,Control_202,17,Pz,5.556302,30,11.0,87.0
GLAS,glas030,Control_202,17,Cz,2.331804,30,11.0,87.0
GLAS,glas030,Control_202,17,CP1,0.6297588,30,11.0,87.0
GLAS,glas030,Control_202,17,CP2,-1.38632,30,11.0,87.0
GLAS,glas030,Control_202,17,P3,4.562602,30,11.0,87.0
GLAS,glas030,Control_202,17,P4,-0.1032858,30,11.0,87.0
GLAS,glas030,Control_202,17,C3,2.163433,30,11.0,87.0
GLAS,glas030,Control_202,17,C4,5.771698,30,11.0,87.0
GLAS,glas030,Control_202,17,P7,2.520143,30,11.0,87.0
GLAS,glas030,Control_202,17,P8,1.113304,30,11.0,87.0
GLAS,glas030,Control_202,17,O1,2.699775,30,11.0,87.0
GLAS,glas030,Control_202,17,O2,-0.6498171,30,11.0,87.0
GLAS,glas030,Violation_201,18,Pz,3.10901,30,6.0,0.0
GLAS,glas030,Violation_201,18,Cz,1.115067,30,6.0,0.0
GLAS,glas030,Violation_201,18,CP1,8.85249,30,6.0,0.0
GLAS,glas030,Violation_201,18,CP2,11.60299,30,6.0,0.0
GLAS,glas030,Violation_201,18,P3,13.68621,30,6.0,0.0
GLAS,glas030,Violation_201,18,P4,-1.703264,30,6.0,0.0
GLAS,glas030,Violation_201,18,C3,1.706806,30,6.0,0.0
GLAS,glas030,Violation_201,18,C4,5.49128,30,6.0,0.0
GLAS,glas030,Violation_201,18,P7,7.869788,30,6.0,0.0
GLAS,glas030,Violation_201,18,P8,6.884972,30,6.0,0.0
GLAS,glas030,Violation_201,18,O1,8.014223,30,6.0,0.0
GLAS,glas030,Violation_201,18,O2,10.11185,30,6.0,0.0
GLAS,glas030,Control_202,19,Pz,-2.296048,30,14.0,90.0
GLAS,glas030,Control_202,19,Cz,-0.005031128,30,14.0,90.0
GLAS,glas030,Control_202,19,CP1,-3.303079,30,14.0,90.0
GLAS,glas030,Control_202,19,CP2,-4.459304,30,14.0,90.0
GLAS,glas030,Control_202,19,P3,-6.181099,30,14.0,90.0
GLAS,glas030,Control_202,19,P4,-1.949493,30,14.0,90.0
GLAS,glas030,Control_202,19,C3,-0.08228114,30,14.0,90.0
GLAS,glas030,Control_202,19,C4,6.47211,30,14.0,90.0
GLAS,glas030,Control_202,19,P7,-3.427431,30,14.0,90.0
GLAS,glas030,Control_202,19,P8,-3.034802,30,14.0,90.0
GLAS,glas030,Control_202,19,O1,3.76128,30,14.0,90.0
GLAS,glas030,Control_202,19,O2,-1.83839,30,14.0,90.0
GLAS,glas030,Control_202,20,Pz,4.31451,30,18.0,87.0
GLAS,glas030,Control_202,20,Cz,4.175838,30,18.0,87.0
GLAS,glas030,Control_202,20,CP1,-0.04863444,30,18.0,87.0
GLAS,glas030,Control_202,20,CP2,9.37995,30,18.0,87.0
GLAS,glas030,Control_202,20,P3,7.304805,30,18.0,87.0
GLAS,glas030,Control_202,20,P4,5.809785,30,18.0,87.0
GLAS,glas030,Control_202,20,C3,4.924351,30,18.0,87.0
GLAS,glas030,Control_202,20,C4,0.1711295,30,18.0,87.0
GLAS,glas030,Control_202,20,P7,4.67701,30,18.0,87.0
GLAS,glas030,Control_202,20,P8,10.19574,30,18.0,87.0
GLAS,glas030,Control_202,20,O1,7.03909,30,18.0,87.0
GLAS,glas030,Control_202,20,O2,6.881732,30,18.0,87.0
GLAS,glas030,Violation_201,21,Pz,-0.1073215,30,28.0,67.0
GLAS,glas030,Violation_201,21,Cz,2.102582,30,28.0,67.0
GLAS,glas030,Violation_201,21,CP1,-0.9303731,30,28.0,67.0
GLAS,glas030,Violation_201,21,CP2,2.023589,30,28.0,67.0
GLAS,glas030,Violation_201,21,P3,0.132563,30,28.0,67.0
GLAS,glas030,Violation_201,21,P4,-2.633945,30,28.0,67.0
GLAS,glas030,Violation_201,21,C3,0.2450786,30,28.0,67.0
GLAS,glas030,Violation_201,21,C4,-0.2455673,30,28.0,67.0
GLAS,glas030,Violation_201,21,P7,1.269741,30,28.0,67.0
GLAS,glas030,Violation_201,21,P8,4.215006,30,28.0,67.0
GLAS,glas030,Violation_201,21,O1,-0.5427837,30,28.0,67.0
GLAS,glas030,Violation_201,21,O2,-0.06412034,30,28.0,67.0
GLAS,glas030,Control_202,22,Pz,-5.107271,30,22.0,53.0
GLAS,glas030,Control_202,22,Cz,-5.090134,30,22.0,53.0
GLAS,glas030,Control_202,22,CP1,-5.937201,30,22.0,53.0
GLAS,glas030,Control_202,22,CP2,-14.3415,30,22.0,53.0
GLAS,glas030,Control_202,22,P3,-8.395023,30,22.0,53.0
GLAS,glas030,Control_202,22,P4,-13.86946,30,22.0,53.0
GLAS,glas030,Control_202,22,C3,-5.945094,30,22.0,53.0
GLAS,glas030,Control_202,22,C4,-9.054168,30,22.0,53.0
GLAS,glas030,Control_202,22,P7,-8.692636,30,22.0,53.0
GLAS,glas030,Control_202,22,P8,-7.681753,30,22.0,53.0
GLAS,glas030,Control_202,22,O1,-6.35228,30,22.0,53.0
GLAS,glas030,Control_202,22,O2,-9.608381,30,22.0,53.0
GLAS,glas030,Control_202,23,Pz,-6.846267,30,25.0,97.0
GLAS,glas030,Control_202,23,Cz,-10.57437,30,25.0,97.0
GLAS,glas030,Control_202,23,CP1,-6.646673,30,25.0,97.0
GLAS,glas030,Control_202,23,CP2,-5.409483,30,25.0,97.0
GLAS,glas030,Control_202,23,P3,-5.763319,30,25.0,97.0
GLAS,glas030,Control_202,23,P4,-5.380426,30,25.0,97.0
GLAS,glas030,Control_202,23,C3,-9.880995,30,25.0,97.0
GLAS,glas030,Control_202,23,C4,-6.981337,30,25.0,97.0
GLAS,glas030,Control_202,23,P7,-3.405393,30,25.0,97.0
GLAS,glas030,Control_202,23,P8,-9.145694,30,25.0,97.0
GLAS,glas030,Control_202,23,O1,-5.337573,30,25.0,97.0
GLAS,glas030,Control_202,23,O2,-5.022304,30,25.0,97.0
GLAS,glas030,Violation_201,24,Pz,-10.55221,30,36.0,7.0
GLAS,glas030,Violation_201,24,Cz,-7.014126,30,36.0,7.0
GLAS,glas030,Violation_201,24,CP1,-7.676038,30,36.0,7.0
GLAS,glas030,Violation_201,24,CP2,-9.221387,30,36.0,7.0
GLAS,glas030,Violation_201,24,P3,-10.26264,30,36.0,7.0
GLAS,glas030,Violation_201,24,P4,-10.03,30,36.0,7.0
GLAS,glas030,Violation_201,24,C3,-6.634169,30,36.0,7.0
GLAS,glas030,Violation_201,24,C4,-0.2648393,30,36.0,7.0
GLAS,glas030,Violation_201,24,P7,-9.852059,30,36.0,7.0
GLAS,glas030,Violation_201,24,P8,-5.229021,30,36.0,7.0
GLAS,glas030,Violation_201,24,O1,-10.78225,30,36.0,7.0
GLAS,glas030,Violation_201,24,O2,-2.299166,30,36.0,7.0
GLAS,glas030,Control_202,25,Pz,-2.119015,30,40.0,93.0
GLAS,glas030,Control_202,25,Cz,-1.814289,30,40.0,93.0
GLAS,glas030,Control_202,25,CP1,-3.636963,30,40.0,93.0
GLAS,glas030,Control_202,25,CP2,-3.106259,30,40.0,93.0
GLAS,glas030,Control_202,25,P3,-1.191198,30,40.0,93.0
GLAS,glas030,Control_202,25,P4,-2.999096,30,40.0,93.0
GLAS,glas030,Control_202,25,C3,-1.841486,30,40.0,93.0
GLAS,glas030,Control_202,25,C4,-2.309805,30,40.0,93.0
GLAS,glas030,Control_202,25,P7,-2.133244,30,40.0,93.0
GLAS,glas030,Control_202,25,P8,-0.6801686,30,40.0,93.0
GLAS,glas030,Control_202,25,O1,2.427691,30,40.0,93.0
GLAS,glas030,Control_202,25,O2,1.707922,30,40.0,93.0
GLAS,glas031,Control_202,1,Pz,-11.7153,31,7.0,80.0
GLAS,glas031,Control_202,1,Cz,-14.34456,31,7.0,80.0
GLAS,glas031,Control_202,1,CP1,-16.89327,31,7.0,80.0
GLAS,glas031,Control_202,1,CP2,-7.552173,31,7.0,80.0
GLAS,glas031,Control_202,1,P3,-14.18326,31,7.0,80.0
GLAS,glas031,Control_202,1,P4,-11.40364,31,7.0,80.0
GLAS,glas031,Control_202,1,C3,-13.66498,31,7.0,80.0
GLAS,glas031,Control_202,1,C4,-15.61259,31,7.0,80.0
GLAS,glas031,Control_202,1,P7,-13.49215,31,7.0,80.0
GLAS,glas031,Control_202,1,P8,-7.685834,31,7.0,80.0
GLAS,glas031,Control_202,1,O1,-13.69581,31,7.0,80.0
GLAS,glas031,Control_202,1,O2,-2.093018,31,7.0,80.0
GLAS,glas031,Control_202,2,Pz,-2.04007,31,19.0,100.0
GLAS,glas031,Control_202,2,Cz,-9.032297,31,19.0,100.0
GLAS,glas031,Control_202,2,CP1,-4.819374,31,19.0,100.0
GLAS,glas031,Control_202,2,CP2,-1.021919,31,19.0,100.0
GLAS,glas031,Control_202,2,P3,5.072556,31,19.0,100.0
GLAS,glas031,Control_202,2,P4,0.08125902,31,19.0,100.0
GLAS,glas031,Control_202,2,C3,-7.250374,31,19.0,100.0
GLAS,glas031,Control_202,2,C4,-3.765958,31,19.0,100.0
GLAS,glas031,Control_202,2,P7,-0.06111814,31,19.0,100.0
GLAS,glas031,Control_202,2,P8,-5.358313,31,19.0,100.0
GLAS,glas031,Control_202,2,O1,-4.834284,31,19.0,100.0
GLAS,glas031,Control_202,2,O2,-6.563783,31,19.0,100.0
GLAS,glas031,Violation_201,3,Pz,0.17584,31,16.0,0.0
GLAS,glas031,Violation_201,3,Cz,-3.262908,31,16.0,0.0
GLAS,glas031,Violation_201,3,CP1,13.40812,31,16.0,0.0
GLAS,glas031,Violation_201,3,CP2,-2.222582,31,16.0,0.0
GLAS,glas031,Violation_201,3,P3,-0.7517665,31,16.0,0.0
GLAS,glas031,Violation_201,3,P4,-6.956236,31,16.0,0.0
GLAS,glas031,Violation_201,3,C3,-3.940111,31,16.0,0.0
GLAS,glas031,Violation_201,3,C4,-5.6589,31,16.0,0.0
GLAS,glas031,Violation_201,3,P7,-1.57736,31,16.0,0.0
GLAS,glas031,Violation_201,3,P8,-1.687187,31,16.0,0.0
GLAS,glas031,Violation_201,3,O1,-2.274503,31,16.0,0.0
GLAS,glas031,Violation_201,3,O2,-0.008771452,31,16.0,0.0
GLAS,glas031,Violation_201,4,Pz,1.993268,31,8.0,34.0
GLAS,glas031,Violation_201,4,Cz,-0.92001,31,8.0,34.0
GLAS,glas031,Violation_201,4,CP1,0.1255635,31,8.0,34.0
GLAS,glas031,Violation_201,4,CP2,2.066279,31,8.0,34.0
GLAS,glas031,Violation_201,4,P3,-3.031115,31,8.0,34.0
GLAS,glas031,Violation_201,4,P4,7.744548,31,8.0,34.0
GLAS,glas031,Violation_201,4,C3,7.876523,31,8.0,34.0
GLAS,glas031,Violation_201,4,C4,6.600289,31,8.0,34.0
GLAS,glas031,Violation_201,4,P7,-2.298615,31,8.0,34.0
GLAS,glas031,Violation_201,4,P8,15.18725,31,8.0,34.0
GLAS,glas031,Violation_201,4,O1,-1.691847,31,8.0,34.0
GLAS,glas031,Violation_201,4,O2,9.223901,31,8.0,34.0
GLAS,glas031,Control_202,5,Pz,-15.59955,31,14.0,90.0
GLAS,glas031,Control_202,5,Cz,-13.61036,31,14.0,90.0
GLAS,glas031,Control_202,5,CP1,-4.769818,31,14.0,90.0
GLAS,glas031,Control_202,5,CP2,-12.98047,31,14.0,90.0
GLAS,glas031,Control_202,5,P3,-9.26285,31,14.0,90.0
GLAS,glas031,Control_202,5,P4,-21.4671,31,14.0,90.0
GLAS,glas031,Control_202,5,C3,-17.94371,31,14.0,90.0
GLAS,glas031,Control_202,5,C4,-16.01272,31,14.0,90.0
GLAS,glas031,Control_202,5,P7,-6.202209,31,14.0,90.0
GLAS,glas031,Control_202,5,P8,-21.88055,31,14.0,90.0
GLAS,glas031,Control_202,5,O1,-10.1572,31,14.0,90.0
GLAS,glas031,Control_202,5,O2,-8.669501,31,14.0,90.0
GLAS,glas031,Violation_201,6,Pz,9.489088,31,6.0,0.0
GLAS,glas031,Violation_201,6,Cz,4.881257,31,6.0,0.0
GLAS,glas031,Violation_201,6,CP1,23.12215,31,6.0,0.0
GLAS,glas031,Violation_201,6,CP2,0.01067638,31,6.0,0.0
GLAS,glas031,Violation_201,6,P3,9.846102,31,6.0,0.0
GLAS,glas031,Violation_201,6,P4,1.804858,31,6.0,0.0
GLAS,glas031,Violation_201,6,C3,7.053875,31,6.0,0.0
GLAS,glas031,Violation_201,6,C4,6.040479,31,6.0,0.0
GLAS,glas031,Violation_201,6,P7,8.743582,31,6.0,0.0
GLAS,glas031,Violation_201,6,P8,9.903762,31,6.0,0.0
GLAS,glas031,Violation_201,6,O1,7.670939,31,6.0,0.0
GLAS,glas031,Violation_201,6,O2,-1.233226,31,6.0,0.0
GLAS,glas031,Control_202,7,Pz,7.483563,31,17.0,62.0
GLAS,glas031,Control_202,7,Cz,10.77703,31,17.0,62.0
GLAS,glas031,Control_202,7,CP1,10.73817,31,17.0,62.0
GLAS,glas031,Control_202,7,CP2,9.426132,31,17.0,62.0
GLAS,glas031,Control_202,7,P3,9.623399,31,17.0,62.0
GLAS,glas031,Control_202,7,P4,2.243619,31,17.0,62.0
GLAS,glas031,Control_202,7,C3,10.07112,31,17.0,62.0
GLAS,glas031,Control_202,7,C4,10.41844,31,17.0,62.0
GLAS,glas031,Control_202,7,P7,10.43838,31,17.0,62.0
GLAS,glas031,Control_202,7,P8,2.689806,31,17.0,62.0
GLAS,glas031,Control_202,7,O1,10.30575,31,17.0,62.0
GLAS,glas031,Control_202,7,O2,6.954821,31,17.0,62.0
GLAS,glas031,Violation_201,8,Pz,-27.70564,31,5.0,0.0
GLAS,glas031,Violation_201,8,Cz,-27.87228,31,5.0,0.0
GLAS,glas031,Violation_201,8,CP1,-18.14144,31,5.0,0.0
GLAS,glas031,Violation_201,8,CP2,-18.23699,31,5.0,0.0
GLAS,glas031,Violation_201,8,P3,-24.714,31,5.0,0.0
GLAS,glas031,Violation_201,8,P4,-29.78192,31,5.0,0.0
GLAS,glas031,Violation_201,8,C3,-31.15832,31,5.0,0.0
GLAS,glas031,Violation_201,8,C4,-30.90656,31,5.0,0.0
GLAS,glas031,Violation_201,8,P7,-21.86094,31,5.0,0.0
GLAS,glas031,Violation_201,8,P8,-27.99414,31,5.0,0.0
GLAS,glas031,Violation_201,8,O1,-23.68458,31,5.0,0.0
GLAS,glas031,Violation_201,8,O2,-10.13527,31,5.0,0.0
GLAS,glas031,Control_202,9,Pz,-14.4272,31,3.0,100.0
GLAS,glas031,Control_202,9,Cz,-13.41279,31,3.0,100.0
GLAS,glas031,Control_202,9,CP1,-9.579519,31,3.0,100.0
GLAS,glas031,Control_202,9,CP2,-2.013993,31,3.0,100.0
GLAS,glas031,Control_202,9,P3,-4.717312,31,3.0,100.0
GLAS,glas031,Control_202,9,P4,-10.8055,31,3.0,100.0
GLAS,glas031,Control_202,9,C3,-11.30964,31,3.0,100.0
GLAS,glas031,Control_202,9,C4,-14.552,31,3.0,100.0
GLAS,glas031,Control_202,9,P7,1.288441,31,3.0,100.0
GLAS,glas031,Control_202,9,P8,-10.31737,31,3.0,100.0
GLAS,glas031,Control_202,9,O1,0.8656151,31,3.0,100.0
GLAS,glas031,Control_202,9,O2,-2.997204,31,3.0,100.0
GLAS,glas031,Violation_201,10,Pz,-4.066757,31,20.0,0.0
GLAS,glas031,Violation_201,10,Cz,-1.764903,31,20.0,0.0
GLAS,glas031,Violation_201,10,CP1,-18.39997,31,20.0,0.0
GLAS,glas031,Violation_201,10,CP2,-0.3044493,31,20.0,0.0
GLAS,glas031,Violation_201,10,P3,-2.395447,31,20.0,0.0
GLAS,glas031,Violation_201,10,P4,-0.3552333,31,20.0,0.0
GLAS,glas031,Violation_201,10,C3,1.368634,31,20.0,0.0
GLAS,glas031,Violation_201,10,C4,2.365575,31,20.0,0.0
GLAS,glas031,Violation_201,10,P7,-3.799614,31,20.0,0.0
GLAS,glas031,Violation_201,10,P8,-4.15661,31,20.0,0.0
GLAS,glas031,Violation_201,10,O1,-0.5610089,31,20.0,0.0
GLAS,glas031,Violation_201,10,O2,-4.805869,31,20.0,0.0
GLAS,glas031,Violation_201,11,Pz,9.6038,31,13.0,0.0
GLAS,glas031,Violation_201,11,Cz,4.61967,31,13.0,0.0
GLAS,glas031,Violation_201,11,CP1,11.80514,31,13.0,0.0
GLAS,glas031,Violation_201,11,CP2,6.433293,31,13.0,0.0
GLAS,glas031,Violation_201,11,P3,6.087753,31,13.0,0.0
GLAS,glas031,Violation_201,11,P4,7.652485,31,13.0,0.0
GLAS,glas031,Violation_201,11,C3,6.4289,31,13.0,0.0
GLAS,glas031,Violation_201,11,C4,6.062685,31,13.0,0.0
GLAS,glas031,Violation_201,11,P7,3.909613,31,13.0,0.0
GLAS,glas031,Violation_201,11,P8,6.960777,31,13.0,0.0
GLAS,glas031,Violation_201,11,O1,3.441297,31,13.0,0.0
GLAS,glas031,Violation_201,11,O2,5.021708,31,13.0,0.0
GLAS,glas031,Violation_201,12,Pz,0.05731943,31,9.0,3.0
GLAS,glas031,Violation_201,12,Cz,-1.834548,31,9.0,3.0
GLAS,glas031,Violation_201,12,CP1,-27.41065,31,9.0,3.0
GLAS,glas031,Violation_201,12,CP2,0.5126533,31,9.0,3.0
GLAS,glas031,Violation_201,12,P3,-0.7747437,31,9.0,3.0
GLAS,glas031,Violation_201,12,P4,-2.512575,31,9.0,3.0
GLAS,glas031,Violation_201,12,C3,-1.826435,31,9.0,3.0
GLAS,glas031,Violation_201,12,C4,0.9178932,31,9.0,3.0
GLAS,glas031,Violation_201,12,P7,-0.5603162,31,9.0,3.0
GLAS,glas031,Violation_201,12,P8,-1.098565,31,9.0,3.0
GLAS,glas031,Violation_201,12,O1,-3.030202,31,9.0,3.0
GLAS,glas031,Violation_201,12,O2,-5.803582,31,9.0,3.0
GLAS,glas031,Control_202,13,Pz,12.79808,31,12.0,100.0
GLAS,glas031,Control_202,13,Cz,9.212464,31,12.0,100.0
GLAS,glas031,Control_202,13,CP1,14.55164,31,12.0,100.0
GLAS,glas031,Control_202,13,CP2,13.85883,31,12.0,100.0
GLAS,glas031,Control_202,13,P3,9.121097,31,12.0,100.0
GLAS,glas031,Control_202,13,P4,14.31013,31,12.0,100.0
GLAS,glas031,Control_202,13,C3,10.28665,31,12.0,100.0
GLAS,glas031,Control_202,13,C4,9.049346,31,12.0,100.0
GLAS,glas031,Control_202,13,P7,14.86789,31,12.0,100.0
GLAS,glas031,Control_202,13,P8,10.92751,31,12.0,100.0
GLAS,glas031,Control_202,13,O1,13.13389,31,12.0,100.0
GLAS,glas031,Control_202,13,O2,11.80307,31,12.0,100.0
GLAS,glas031,Control_202,14,Pz,3.228422,31,2.0,100.0
GLAS,glas031,Control_202,14,Cz,1.984402,31,2.0,100.0
GLAS,glas031,Control_202,14,CP1,3.597137,31,2.0,100.0
GLAS,glas031,Control_202,14,CP2,2.02484,31,2.0,100.0
GLAS,glas031,Control_202,14,P3,6.95357,31,2.0,100.0
GLAS,glas031,Control_202,14,P4,5.040519,31,2.0,100.0
GLAS,glas031,Control_202,14,C3,3.771513,31,2.0,100.0
GLAS,glas031,Control_202,14,C4,4.215966,31,2.0,100.0
GLAS,glas031,Control_202,14,P7,3.751265,31,2.0,100.0
GLAS,glas031,Control_202,14,P8,2.4932,31,2.0,100.0
GLAS,glas031,Control_202,14,O1,0.4994887,31,2.0,100.0
GLAS,glas031,Control_202,14,O2,4.236651,31,2.0,100.0
GLAS,glas031,Violation_201,15,Pz,4.520229,31,11.0,7.0
GLAS,glas031,Violation_201,15,Cz,5.061523,31,11.0,7.0
GLAS,glas031,Violation_201,15,CP1,2.49697,31,11.0,7.0
GLAS,glas031,Violation_201,15,CP2,1.769435,31,11.0,7.0
GLAS,glas031,Violation_201,15,P3,2.402094,31,11.0,7.0
GLAS,glas031,Violation_201,15,P4,-0.4160882,31,11.0,7.0
GLAS,glas031,Violation_201,15,C3,1.265421,31,11.0,7.0
GLAS,glas031,Violation_201,15,C4,0.3358783,31,11.0,7.0
GLAS,glas031,Violation_201,15,P7,6.730283,31,11.0,7.0
GLAS,glas031,Violation_201,15,P8,-2.151916,31,11.0,7.0
GLAS,glas031,Violation_201,15,O1,6.180554,31,11.0,7.0
GLAS,glas031,Violation_201,15,O2,5.981503,31,11.0,7.0
GLAS,glas031,Control_202,16,Pz,-1.752135,31,10.0,80.0
GLAS,glas031,Control_202,16,Cz,-0.8875511,31,10.0,80.0
GLAS,glas031,Control_202,16,CP1,-10.15199,31,10.0,80.0
GLAS,glas031,Control_202,16,CP2,5.319037,31,10.0,80.0
GLAS,glas031,Control_202,16,P3,2.028182,31,10.0,80.0
GLAS,glas031,Control_202,16,P4,4.65,31,10.0,80.0
GLAS,glas031,Control_202,16,C3,-0.08476021,31,10.0,80.0
GLAS,glas031,Control_202,16,C4,1.369125,31,10.0,80.0
GLAS,glas031,Control_202,16,P7,1.253055,31,10.0,80.0
GLAS,glas031,Control_202,16,P8,7.916622,31,10.0,80.0
GLAS,glas031,Control_202,16,O1,-0.1063121,31,10.0,80.0
GLAS,glas031,Control_202,16,O2,5.871263,31,10.0,80.0
GLAS,glas031,Control_202,17,Pz,-32.6828,31,4.0,93.0
GLAS,glas031,Control_202,17,Cz,-32.94226,31,4.0,93.0
GLAS,glas031,Control_202,17,CP1,-6.342199,31,4.0,93.0
GLAS,glas031,Control_202,17,CP2,-24.47375,31,4.0,93.0
GLAS,glas031,Control_202,17,P3,-30.36123,31,4.0,93.0
GLAS,glas031,Control_202,17,P4,-40.72742,31,4.0,93.0
GLAS,glas031,Control_202,17,C3,-38.29768,31,4.0,93.0
GLAS,glas031,Control_202,17,C4,-39.06602,31,4.0,93.0
GLAS,glas031,Control_202,17,P7,-23.75034,31,4.0,93.0
GLAS,glas031,Control_202,17,P8,-44.83324,31,4.0,93.0
GLAS,glas031,Control_202,17,O1,-28.96311,31,4.0,93.0
GLAS,glas031,Control_202,17,O2,-30.37744,31,4.0,93.0
GLAS,glas031,Control_202,18,Pz,16.23161,31,18.0,87.0
GLAS,glas031,Control_202,18,Cz,17.04345,31,18.0,87.0
GLAS,glas031,Control_202,18,CP1,7.183602,31,18.0,87.0
GLAS,glas031,Control_202,18,CP2,9.968944,31,18.0,87.0
GLAS,glas031,Control_202,18,P3,10.69844,31,18.0,87.0
GLAS,glas031,Control_202,18,P4,18.69154,31,18.0,87.0
GLAS,glas031,Control_202,18,C3,18.42782,31,18.0,87.0
GLAS,glas031,Control_202,18,C4,20.48639,31,18.0,87.0
GLAS,glas031,Control_202,18,P7,8.53895,31,18.0,87.0
GLAS,glas031,Control_202,18,P8,11.09727,31,18.0,87.0
GLAS,glas031,Control_202,18,O1,6.777301,31,18.0,87.0
GLAS,glas031,Control_202,18,O2,11.44804,31,18.0,87.0
GLAS,glas031,Violation_201,19,Pz,0.3371973,31,15.0,0.0
GLAS,glas031,Violation_201,19,Cz,-1.924463,31,15.0,0.0
GLAS,glas031,Violation_201,19,CP1,5.08694,31,15.0,0.0
GLAS,glas031,Violation_201,19,CP2,0.8155367,31,15.0,0.0
GLAS,glas031,Violation_201,19,P3,10.20864,31,15.0,0.0
GLAS,glas031,Violation_201,19,P4,-2.574942,31,15.0,0.0
GLAS,glas031,Violation_201,19,C3,-3.02706,31,15.0,0.0
GLAS,glas031,Violation_201,19,C4,-3.88193,31,15.0,0.0
GLAS,glas031,Violation_201,19,P7,10.70471,31,15.0,0.0
GLAS,glas031,Violation_201,19,P8,0.5195293,31,15.0,0.0
GLAS,glas031,Violation_201,19,O1,12.57297,31,15.0,0.0
GLAS,glas031,Violation_201,19,O2,2.180617,31,15.0,0.0
GLAS,glas031,Violation_201,20,Pz,17.56901,31,1.0,0.0
GLAS,glas031,Violation_201,20,Cz,21.27728,31,1.0,0.0
GLAS,glas031,Violation_201,20,CP1,21.38343,31,1.0,0.0
GLAS,glas031,Violation_201,20,CP2,12.41069,31,1.0,0.0
GLAS,glas031,Violation_201,20,P3,9.514078,31,1.0,0.0
GLAS,glas031,Violation_201,20,P4,19.54403,31,1.0,0.0
GLAS,glas031,Violation_201,20,C3,23.13873,31,1.0,0.0
GLAS,glas031,Violation_201,20,C4,22.1004,31,1.0,0.0
GLAS,glas031,Violation_201,20,P7,13.45296,31,1.0,0.0
GLAS,glas031,Violation_201,20,P8,21.20492,31,1.0,0.0
GLAS,glas031,Violation_201,20,O1,11.48501,31,1.0,0.0
GLAS,glas031,Violation_201,20,O2,10.43899,31,1.0,0.0
GLAS,glas031,Violation_201,21,Pz,-11.59119,31,33.0,0.0
GLAS,glas031,Violation_201,21,Cz,-12.45709,31,33.0,0.0
GLAS,glas031,Violation_201,21,CP1,-5.886005,31,33.0,0.0
GLAS,glas031,Violation_201,21,CP2,-15.852,31,33.0,0.0
GLAS,glas031,Violation_201,21,P3,-15.00122,31,33.0,0.0
GLAS,glas031,Violation_201,21,P4,-8.382298,31,33.0,0.0
GLAS,glas031,Violation_201,21,C3,-6.269029,31,33.0,0.0
GLAS,glas031,Violation_201,21,C4,-8.421106,31,33.0,0.0
GLAS,glas031,Violation_201,21,P7,-12.10444,31,33.0,0.0
GLAS,glas031,Violation_201,21,P8,-10.02147,31,33.0,0.0
GLAS,glas031,Violation_201,21,O1,-13.75864,31,33.0,0.0
GLAS,glas031,Violation_201,21,O2,-10.33382,31,33.0,0.0
GLAS,glas031,Control_202,22,Pz,8.860216,31,34.0,97.0
GLAS,glas031,Control_202,22,Cz,4.486555,31,34.0,97.0
GLAS,glas031,Control_202,22,CP1,-12.33115,31,34.0,97.0
GLAS,glas031,Control_202,22,CP2,5.740952,31,34.0,97.0
GLAS,glas031,Control_202,22,P3,2.759648,31,34.0,97.0
GLAS,glas031,Control_202,22,P4,5.081792,31,34.0,97.0
GLAS,glas031,Control_202,22,C3,9.813447,31,34.0,97.0
GLAS,glas031,Control_202,22,C4,11.8273,31,34.0,97.0
GLAS,glas031,Control_202,22,P7,-1.57921,31,34.0,97.0
GLAS,glas031,Control_202,22,P8,12.00742,31,34.0,97.0
GLAS,glas031,Control_202,22,O1,0.03485307,31,34.0,97.0
GLAS,glas031,Control_202,22,O2,4.555355,31,34.0,97.0
GLAS,glas031,Control_202,23,Pz,-11.63737,31,22.0,53.0
GLAS,glas031,Control_202,23,Cz,-10.76523,31,22.0,53.0
GLAS,glas031,Control_202,23,CP1,-16.76717,31,22.0,53.0
GLAS,glas031,Control_202,23,CP2,-10.36473,31,22.0,53.0
GLAS,glas031,Control_202,23,P3,-10.78256,31,22.0,53.0
GLAS,glas031,Control_202,23,P4,-13.38297,31,22.0,53.0
GLAS,glas031,Control_202,23,C3,-15.66185,31,22.0,53.0
GLAS,glas031,Control_202,23,C4,-17.94113,31,22.0,53.0
GLAS,glas031,Control_202,23,P7,-14.86269,31,22.0,53.0
GLAS,glas031,Control_202,23,P8,-11.76293,31,22.0,53.0
GLAS,glas031,Control_202,23,O1,-15.52503,31,22.0,53.0
GLAS,glas031,Control_202,23,O2,-8.767599,31,22.0,53.0
GLAS,glas031,Violation_201,24,Pz,-18.55355,31,36.0,7.0
GLAS,glas031,Violation_201,24,Cz,-20.45891,31,36.0,7.0
GLAS,glas031,Violation_201,24,CP1,-16.51247,31,36.0,7.0
GLAS,glas031,Violation_201,24,CP2,-13.46403,31,36.0,7.0
GLAS,glas031,Violation_201,24,P3,-18.34785,31,36.0,7.0
GLAS,glas031,Violation_201,24,P4,-16.09087,31,36.0,7.0
GLAS,glas031,Violation_201,24,C3,-20.43729,31,36.0,7.0
GLAS,glas031,Violation_201,24,C4,-19.15374,31,36.0,7.0
GLAS,glas031,Violation_201,24,P7,-18.07994,31,36.0,7.0
GLAS,glas031,Violation_201,24,P8,-9.608675,31,36.0,7.0
GLAS,glas031,Violation_201,24,O1,-17.82863,31,36.0,7.0
GLAS,glas031,Violation_201,24,O2,-16.38815,31,36.0,7.0
GLAS,glas031,Control_202,25,Pz,11.60251,31,21.0,77.0
GLAS,glas031,Control_202,25,Cz,11.82586,31,21.0,77.0
GLAS,glas031,Control_202,25,CP1,1.482969,31,21.0,77.0
GLAS,glas031,Control_202,25,CP2,5.307886,31,21.0,77.0
GLAS,glas031,Control_202,25,P3,10.10208,31,21.0,77.0
GLAS,glas031,Control_202,25,P4,12.53048,31,21.0,77.0
GLAS,glas031,Control_202,25,C3,15.12458,31,21.0,77.0
GLAS,glas031,Control_202,25,C4,10.59833,31,21.0,77.0
GLAS,glas031,Control_202,25,P7,11.78316,31,21.0,77.0
GLAS,glas031,Control_202,25,P8,12.83197,31,21.0,77.0
GLAS,glas031,Control_202,25,O1,7.597266,31,21.0,77.0
GLAS,glas031,Control_202,25,O2,5.378852,31,21.0,77.0
GLAS,glas031,Violation_201,26,Pz,7.544305,31,24.0,40.0
GLAS,glas031,Violation_201,26,Cz,9.881115,31,24.0,40.0
GLAS,glas031,Violation_201,26,CP1,7.408041,31,24.0,40.0
GLAS,glas031,Violation_201,26,CP2,7.967702,31,24.0,40.0
GLAS,glas031,Violation_201,26,P3,15.50737,31,24.0,40.0
GLAS,glas031,Violation_201,26,P4,6.548915,31,24.0,40.0
GLAS,glas031,Violation_201,26,C3,5.173601,31,24.0,40.0
GLAS,glas031,Violation_201,26,C4,5.766739,31,24.0,40.0
GLAS,glas031,Violation_201,26,P7,13.85639,31,24.0,40.0
GLAS,glas031,Violation_201,26,P8,7.499275,31,24.0,40.0
GLAS,glas031,Violation_201,26,O1,13.82212,31,24.0,40.0
GLAS,glas031,Violation_201,26,O2,3.895296,31,24.0,40.0
GLAS,glas031,Control_202,27,Pz,-5.746132,31,40.0,93.0
GLAS,glas031,Control_202,27,Cz,-6.932418,31,40.0,93.0
GLAS,glas031,Control_202,27,CP1,-14.2208,31,40.0,93.0
GLAS,glas031,Control_202,27,CP2,-10.36758,31,40.0,93.0
GLAS,glas031,Control_202,27,P3,-6.081924,31,40.0,93.0
GLAS,glas031,Control_202,27,P4,-7.951441,31,40.0,93.0
GLAS,glas031,Control_202,27,C3,-8.741624,31,40.0,93.0
GLAS,glas031,Control_202,27,C4,-8.748657,31,40.0,93.0
GLAS,glas031,Control_202,27,P7,-8.356564,31,40.0,93.0
GLAS,glas031,Control_202,27,P8,-13.7934,31,40.0,93.0
GLAS,glas031,Control_202,27,O1,-10.58703,31,40.0,93.0
GLAS,glas031,Control_202,27,O2,-15.47122,31,40.0,93.0
GLAS,glas031,Control_202,28,Pz,8.72759,31,23.0,93.0
GLAS,glas031,Control_202,28,Cz,6.318873,31,23.0,93.0
GLAS,glas031,Control_202,28,CP1,11.93293,31,23.0,93.0
GLAS,glas031,Control_202,28,CP2,11.5844,31,23.0,93.0
GLAS,glas031,Control_202,28,P3,10.17778,31,23.0,93.0
GLAS,glas031,Control_202,28,P4,8.354139,31,23.0,93.0
GLAS,glas031,Control_202,28,C3,4.858661,31,23.0,93.0
GLAS,glas031,Control_202,28,C4,3.601222,31,23.0,93.0
GLAS,glas031,Control_202,28,P7,14.1029,31,23.0,93.0
GLAS,glas031,Control_202,28,P8,17.59408,31,23.0,93.0
GLAS,glas031,Control_202,28,O1,9.340199,31,23.0,93.0
GLAS,glas031,Control_202,28,O2,9.279583,31,23.0,93.0
GLAS,glas031,Violation_201,29,Pz,3.219263,31,31.0,0.0
GLAS,glas031,Violation_201,29,Cz,0.05865564,31,31.0,0.0
GLAS,glas031,Violation_201,29,CP1,-12.671,31,31.0,0.0
GLAS,glas031,Violation_201,29,CP2,4.206176,31,31.0,0.0
GLAS,glas031,Violation_201,29,P3,3.135116,31,31.0,0.0
GLAS,glas031,Violation_201,29,P4,0.4296249,31,31.0,0.0
GLAS,glas031,Violation_201,29,C3,0.347344,31,31.0,0.0
GLAS,glas031,Violation_201,29,C4,-1.499815,31,31.0,0.0
GLAS,glas031,Violation_201,29,P7,5.521724,31,31.0,0.0
GLAS,glas031,Violation_201,29,P8,0.3529525,31,31.0,0.0
GLAS,glas031,Violation_201,29,O1,8.624182,31,31.0,0.0
GLAS,glas031,Violation_201,29,O2,5.475911,31,31.0,0.0
GLAS,glas031,Control_202,30,Pz,-6.10718,31,37.0,80.0
GLAS,glas031,Control_202,30,Cz,-10.03475,31,37.0,80.0
GLAS,glas031,Control_202,30,CP1,-15.84979,31,37.0,80.0
GLAS,glas031,Control_202,30,CP2,-4.559346,31,37.0,80.0
GLAS,glas031,Control_202,30,P3,-9.268566,31,37.0,80.0
GLAS,glas031,Control_202,30,P4,-6.022852,31,37.0,80.0
GLAS,glas031,Control_202,30,C3,-2.476074,31,37.0,80.0
GLAS,glas031,Control_202,30,C4,-5.174046,31,37.0,80.0
GLAS,glas031,Control_202,30,P7,-6.336826,31,37.0,80.0
GLAS,glas031,Control_202,30,P8,7.594245,31,37.0,80.0
GLAS,glas031,Control_202,30,O1,-8.136214,31,37.0,80.0
GLAS,glas031,Control_202,30,O2,-1.64085,31,37.0,80.0
GLAS,glas031,Violation_201,31,Pz,-29.57686,31,25.0,0.0
GLAS,glas031,Violation_201,31,Cz,-32.22944,31,25.0,0.0
GLAS,glas031,Violation_201,31,CP1,-29.22672,31,25.0,0.0
GLAS,glas031,Violation_201,31,CP2,-20.72671,31,25.0,0.0
GLAS,glas031,Violation_201,31,P3,-28.1035,31,25.0,0.0
GLAS,glas031,Violation_201,31,P4,-34.58044,31,25.0,0.0
GLAS,glas031,Violation_201,31,C3,-39.91869,31,25.0,0.0
GLAS,glas031,Violation_201,31,C4,-33.56035,31,25.0,0.0
GLAS,glas031,Violation_201,31,P7,-23.76518,31,25.0,0.0
GLAS,glas031,Violation_201,31,P8,-32.45799,31,25.0,0.0
GLAS,glas031,Violation_201,31,O1,-14.30788,31,25.0,0.0
GLAS,glas031,Violation_201,31,O2,-15.43176,31,25.0,0.0
GLAS,glas031,Violation_201,32,Pz,-26.50905,31,28.0,67.0
GLAS,glas031,Violation_201,32,Cz,-26.66218,31,28.0,67.0
GLAS,glas031,Violation_201,32,CP1,-14.59358,31,28.0,67.0
GLAS,glas031,Violation_201,32,CP2,-23.46404,31,28.0,67.0
GLAS,glas031,Violation_201,32,P3,-23.04319,31,28.0,67.0
GLAS,glas031,Violation_201,32,P4,-29.8352,31,28.0,67.0
GLAS,glas031,Violation_201,32,C3,-28.52729,31,28.0,67.0
GLAS,glas031,Violation_201,32,C4,-29.4917,31,28.0,67.0
GLAS,glas031,Violation_201,32,P7,-21.28461,31,28.0,67.0
GLAS,glas031,Violation_201,32,P8,-33.8259,31,28.0,67.0
GLAS,glas031,Violation_201,32,O1,-25.27673,31,28.0,67.0
GLAS,glas031,Violation_201,32,O2,-18.67811,31,28.0,67.0
GLAS,glas031,Control_202,33,Pz,-4.996843,31,35.0,97.0
GLAS,glas031,Control_202,33,Cz,-6.999684,31,35.0,97.0
GLAS,glas031,Control_202,33,CP1,-14.62614,31,35.0,97.0
GLAS,glas031,Control_202,33,CP2,-10.94075,31,35.0,97.0
GLAS,glas031,Control_202,33,P3,-7.906785,31,35.0,97.0
GLAS,glas031,Control_202,33,P4,-5.229098,31,35.0,97.0
GLAS,glas031,Control_202,33,C3,-5.788709,31,35.0,97.0
GLAS,glas031,Control_202,33,C4,-3.835948,31,35.0,97.0
GLAS,glas031,Control_202,33,P7,-6.531816,31,35.0,97.0
GLAS,glas031,Control_202,33,P8,-12.09548,31,35.0,97.0
GLAS,glas031,Control_202,33,O1,-9.680379,31,35.0,97.0
GLAS,glas031,Control_202,33,O2,-15.98792,31,35.0,97.0
GLAS,glas031,Violation_201,34,Pz,-0.02959765,31,27.0,0.0
GLAS,glas031,Violation_201,34,Cz,-4.63115,31,27.0,0.0
GLAS,glas031,Violation_201,34,CP1,-9.217375,31,27.0,0.0
GLAS,glas031,Violation_201,34,CP2,-5.450657,31,27.0,0.0
GLAS,glas031,Violation_201,34,P3,2.254663,31,27.0,0.0
GLAS,glas031,Violation_201,34,P4,-2.557475,31,27.0,0.0
GLAS,glas031,Violation_201,34,C3,-6.382926,31,27.0,0.0
GLAS,glas031,Violation_201,34,C4,-6.621305,31,27.0,0.0
GLAS,glas031,Violation_201,34,P7,4.711889,31,27.0,0.0
GLAS,glas031,Violation_201,34,P8,-13.47486,31,27.0,0.0
GLAS,glas031,Violation_201,34,O1,2.665224,31,27.0,0.0
GLAS,glas031,Violation_201,34,O2,-3.930207,31,27.0,0.0
GLAS,glas031,Violation_201,35,Pz,-8.729615,31,29.0,90.0
GLAS,glas031,Violation_201,35,Cz,-4.695252,31,29.0,90.0
GLAS,glas031,Violation_201,35,CP1,-17.79516,31,29.0,90.0
GLAS,glas031,Violation_201,35,CP2,-3.284574,31,29.0,90.0
GLAS,glas031,Violation_201,35,P3,-14.1464,31,29.0,90.0
GLAS,glas031,Violation_201,35,P4,1.376978,31,29.0,90.0
GLAS,glas031,Violation_201,35,C3,-4.628631,31,29.0,90.0
GLAS,glas031,Violation_201,35,C4,0.1596072,31,29.0,90.0
GLAS,glas031,Violation_201,35,P7,-9.925267,31,29.0,90.0
GLAS,glas031,Violation_201,35,P8,-1.444199,31,29.0,90.0
GLAS,glas031,Violation_201,35,O1,-3.413203,31,29.0,90.0
GLAS,glas031,Violation_201,35,O2,0.1466606,31,29.0,90.0
GLAS,glas031,Control_202,36,Pz,-9.998518,31,30.0,90.0
GLAS,glas031,Control_202,36,Cz,-10.97035,31,30.0,90.0
GLAS,glas031,Control_202,36,CP1,-23.45519,31,30.0,90.0
GLAS,glas031,Control_202,36,CP2,-7.691264,31,30.0,90.0
GLAS,glas031,Control_202,36,P3,-14.70191,31,30.0,90.0
GLAS,glas031,Control_202,36,P4,-6.73644,31,30.0,90.0
GLAS,glas031,Control_202,36,C3,-10.81802,31,30.0,90.0
GLAS,glas031,Control_202,36,C4,-7.344588,31,30.0,90.0
GLAS,glas031,Control_202,36,P7,-15.48263,31,30.0,90.0
GLAS,glas031,Control_202,36,P8,-7.710787,31,30.0,90.0
GLAS,glas031,Control_202,36,O1,-10.86491,31,30.0,90.0
GLAS,glas031,Control_202,36,O2,-11.86026,31,30.0,90.0
GLAS,glas031,Violation_201,37,Pz,-4.120142,31,38.0,0.0
GLAS,glas031,Violation_201,37,Cz,-2.470027,31,38.0,0.0
GLAS,glas031,Violation_201,37,CP1,-14.81499,31,38.0,0.0
GLAS,glas031,Violation_201,37,CP2,0.1132453,31,38.0,0.0
GLAS,glas031,Violation_201,37,P3,-4.204612,31,38.0,0.0
GLAS,glas031,Violation_201,37,P4,-4.709747,31,38.0,0.0
GLAS,glas031,Violation_201,37,C3,-0.3657532,31,38.0,0.0
GLAS,glas031,Violation_201,37,C4,1.066534,31,38.0,0.0
GLAS,glas031,Violation_201,37,P7,-4.471245,31,38.0,0.0
GLAS,glas031,Violation_201,37,P8,-1.546259,31,38.0,0.0
GLAS,glas031,Violation_201,37,O1,-7.829615,31,38.0,0.0
GLAS,glas031,Violation_201,37,O2,0.5540681,31,38.0,0.0
GLAS,glas031,Control_202,38,Pz,-5.926788,31,26.0,87.0
GLAS,glas031,Control_202,38,Cz,-5.021667,31,26.0,87.0
GLAS,glas031,Control_202,38,CP1,-20.97666,31,26.0,87.0
GLAS,glas031,Control_202,38,CP2,-9.224537,31,26.0,87.0
GLAS,glas031,Control_202,38,P3,-11.20433,31,26.0,87.0
GLAS,glas031,Control_202,38,P4,-8.790475,31,26.0,87.0
GLAS,glas031,Control_202,38,C3,-7.119343,31,26.0,87.0
GLAS,glas031,Control_202,38,C4,-9.004277,31,26.0,87.0
GLAS,glas031,Control_202,38,P7,-3.459987,31,26.0,87.0
GLAS,glas031,Control_202,38,P8,-14.57625,31,26.0,87.0
GLAS,glas031,Control_202,38,O1,-4.642073,31,26.0,87.0
GLAS,glas031,Control_202,38,O2,-6.551845,31,26.0,87.0
GLAS,glas032,Violation_201,1,Pz,21.28645,32,18.0,0.0
GLAS,glas032,Violation_201,1,Cz,19.40013,32,18.0,0.0
GLAS,glas032,Violation_201,1,CP1,15.76532,32,18.0,0.0
GLAS,glas032,Violation_201,1,CP2,12.22993,32,18.0,0.0
GLAS,glas032,Violation_201,1,P3,15.08144,32,18.0,0.0
GLAS,glas032,Violation_201,1,P4,18.89434,32,18.0,0.0
GLAS,glas032,Violation_201,1,C3,18.33921,32,18.0,0.0
GLAS,glas032,Violation_201,1,C4,17.76451,32,18.0,0.0
GLAS,glas032,Violation_201,1,P7,12.12697,32,18.0,0.0
GLAS,glas032,Violation_201,1,P8,15.2116,32,18.0,0.0
GLAS,glas032,Violation_201,1,O1,10.8433,32,18.0,0.0
GLAS,glas032,Violation_201,1,O2,7.260401,32,18.0,0.0
GLAS,glas032,Violation_201,2,Pz,2.804453,32,3.0,7.0
GLAS,glas032,Violation_201,2,Cz,2.10888,32,3.0,7.0
GLAS,glas032,Violation_201,2,CP1,8.777987,32,3.0,7.0
GLAS,glas032,Violation_201,2,CP2,2.918326,32,3.0,7.0
GLAS,glas032,Violation_201,2,P3,5.673131,32,3.0,7.0
GLAS,glas032,Violation_201,2,P4,1.939687,32,3.0,7.0
GLAS,glas032,Violation_201,2,C3,5.084079,32,3.0,7.0
GLAS,glas032,Violation_201,2,C4,6.364737,32,3.0,7.0
GLAS,glas032,Violation_201,2,P7,2.884565,32,3.0,7.0
GLAS,glas032,Violation_201,2,P8,-0.863134,32,3.0,7.0
GLAS,glas032,Violation_201,2,O1,5.590833,32,3.0,7.0
GLAS,glas032,Violation_201,2,O2,9.336804,32,3.0,7.0
GLAS,glas032,Control_202,3,Pz,-1.205137,32,10.0,80.0
GLAS,glas032,Control_202,3,Cz,0.08564483,32,10.0,80.0
GLAS,glas032,Control_202,3,CP1,-6.578832,32,10.0,80.0
GLAS,glas032,Control_202,3,CP2,-4.269669,32,10.0,80.0
GLAS,glas032,Control_202,3,P3,-4.84203,32,10.0,80.0
GLAS,glas032,Control_202,3,P4,-0.6899907,32,10.0,80.0
GLAS,glas032,Control_202,3,C3,3.702307,32,10.0,80.0
GLAS,glas032,Control_202,3,C4,1.981684,32,10.0,80.0
GLAS,glas032,Control_202,3,P7,-4.547831,32,10.0,80.0
GLAS,glas032,Control_202,3,P8,7.656209,32,10.0,80.0
GLAS,glas032,Control_202,3,O1,-3.915756,32,10.0,80.0
GLAS,glas032,Control_202,3,O2,-3.253465,32,10.0,80.0
GLAS,glas032,Violation_201,4,Pz,2.862069,32,6.0,0.0
GLAS,glas032,Violation_201,4,Cz,2.84066,32,6.0,0.0
GLAS,glas032,Violation_201,4,CP1,13.49379,32,6.0,0.0
GLAS,glas032,Violation_201,4,CP2,-1.657652,32,6.0,0.0
GLAS,glas032,Violation_201,4,P3,4.993056,32,6.0,0.0
GLAS,glas032,Violation_201,4,P4,-1.859944,32,6.0,0.0
GLAS,glas032,Violation_201,4,C3,-0.6525589,32,6.0,0.0
GLAS,glas032,Violation_201,4,C4,8.294361,32,6.0,0.0
GLAS,glas032,Violation_201,4,P7,-2.541255,32,6.0,0.0
GLAS,glas032,Violation_201,4,P8,-5.18101,32,6.0,0.0
GLAS,glas032,Violation_201,4,O1,2.904768,32,6.0,0.0
GLAS,glas032,Violation_201,4,O2,-0.9282518,32,6.0,0.0
GLAS,glas032,Control_202,5,Pz,-7.450358,32,9.0,93.0
GLAS,glas032,Control_202,5,Cz,-8.474364,32,9.0,93.0
GLAS,glas032,Control_202,5,CP1,-8.453339,32,9.0,93.0
GLAS,glas032,Control_202,5,CP2,-9.942811,32,9.0,93.0
GLAS,glas032,Control_202,5,P3,-10.13556,32,9.0,93.0
GLAS,glas032,Control_202,5,P4,-7.12428,32,9.0,93.0
GLAS,glas032,Control_202,5,C3,-4.533674,32,9.0,93.0
GLAS,glas032,Control_202,5,C4,-10.41072,32,9.0,93.0
GLAS,glas032,Control_202,5,P7,-9.168713,32,9.0,93.0
GLAS,glas032,Control_202,5,P8,-6.418308,32,9.0,93.0
GLAS,glas032,Control_202,5,O1,-8.810832,32,9.0,93.0
GLAS,glas032,Control_202,5,O2,-27.52496,32,9.0,93.0
GLAS,glas032,Violation_201,6,Pz,-8.482147,32,19.0,0.0
GLAS,glas032,Violation_201,6,Cz,-6.36758,32,19.0,0.0
GLAS,glas032,Violation_201,6,CP1,-3.210714,32,19.0,0.0
GLAS,glas032,Violation_201,6,CP2,-10.14079,32,19.0,0.0
GLAS,glas032,Violation_201,6,P3,-9.26919,32,19.0,0.0
GLAS,glas032,Violation_201,6,P4,-7.4801,32,19.0,0.0
GLAS,glas032,Violation_201,6,C3,-4.641487,32,19.0,0.0
GLAS,glas032,Violation_201,6,C4,-8.066281,32,19.0,0.0
GLAS,glas032,Violation_201,6,P7,-12.42844,32,19.0,0.0
GLAS,glas032,Violation_201,6,P8,-3.895293,32,19.0,0.0
GLAS,glas032,Violation_201,6,O1,-13.74175,32,19.0,0.0
GLAS,glas032,Violation_201,6,O2,3.26007,32,19.0,0.0
GLAS,glas032,Control_202,7,Pz,4.574668,32,8.0,97.0
GLAS,glas032,Control_202,7,Cz,2.777614,32,8.0,97.0
GLAS,glas032,Control_202,7,CP1,8.865551,32,8.0,97.0
GLAS,glas032,Control_202,7,CP2,4.672453,32,8.0,97.0
GLAS,glas032,Control_202,7,P3,6.706603,32,8.0,97.0
GLAS,glas032,Control_202,7,P4,2.609905,32,8.0,97.0
GLAS,glas032,Control_202,7,C3,2.574723,32,8.0,97.0
GLAS,glas032,Control_202,7,C4,2.49293,32,8.0,97.0
GLAS,glas032,Control_202,7,P7,1.234187,32,8.0,97.0
GLAS,glas032,Control_202,7,P8,3.348789,32,8.0,97.0
GLAS,glas032,Control_202,7,O1,3.588301,32,8.0,97.0
GLAS,glas032,Control_202,7,O2,8.883095,32,8.0,97.0
GLAS,glas032,Violation_201,8,Pz,-2.56965,32,5.0,0.0
GLAS,glas032,Violation_201,8,Cz,-1.45155,32,5.0,0.0
GLAS,glas032,Violation_201,8,CP1,-4.743089,32,5.0,0.0
GLAS,glas032,Violation_201,8,CP2,-4.138031,32,5.0,0.0
GLAS,glas032,Violation_201,8,P3,-5.242862,32,5.0,0.0
GLAS,glas032,Violation_201,8,P4,-2.771587,32,5.0,0.0
GLAS,glas032,Violation_201,8,C3,3.987072,32,5.0,0.0
GLAS,glas032,Violation_201,8,C4,2.925541,32,5.0,0.0
GLAS,glas032,Violation_201,8,P7,-6.57139,32,5.0,0.0
GLAS,glas032,Violation_201,8,P8,4.694016,32,5.0,0.0
GLAS,glas032,Violation_201,8,O1,-11.2125,32,5.0,0.0
GLAS,glas032,Violation_201,8,O2,7.446556,32,5.0,0.0
GLAS,glas032,Violation_201,9,Pz,14.45678,32,11.0,7.0
GLAS,glas032,Violation_201,9,Cz,13.23472,32,11.0,7.0
GLAS,glas032,Violation_201,9,CP1,15.00517,32,11.0,7.0
GLAS,glas032,Violation_201,9,CP2,6.505627,32,11.0,7.0
GLAS,glas032,Violation_201,9,P3,15.96637,32,11.0,7.0
GLAS,glas032,Violation_201,9,P4,9.431579,32,11.0,7.0
GLAS,glas032,Violation_201,9,C3,12.48264,32,11.0,7.0
GLAS,glas032,Violation_201,9,C4,12.32178,32,11.0,7.0
GLAS,glas032,Violation_201,9,P7,11.7343,32,11.0,7.0
GLAS,glas032,Violation_201,9,P8,6.269192,32,11.0,7.0
GLAS,glas032,Violation_201,9,O1,14.78231,32,11.0,7.0
GLAS,glas032,Violation_201,9,O2,25.00505,32,11.0,7.0
GLAS,glas032,Violation_201,10,Pz,0.9906445,32,12.0,13.0
GLAS,glas032,Violation_201,10,Cz,0.7890424,32,12.0,13.0
GLAS,glas032,Violation_201,10,CP1,3.949888,32,12.0,13.0
GLAS,glas032,Violation_201,10,CP2,0.3302361,32,12.0,13.0
GLAS,glas032,Violation_201,10,P3,2.633157,32,12.0,13.0
GLAS,glas032,Violation_201,10,P4,-2.342378,32,12.0,13.0
GLAS,glas032,Violation_201,10,C3,-2.949629,32,12.0,13.0
GLAS,glas032,Violation_201,10,C4,-4.65589,32,12.0,13.0
GLAS,glas032,Violation_201,10,P7,6.401278,32,12.0,13.0
GLAS,glas032,Violation_201,10,P8,-2.22913,32,12.0,13.0
GLAS,glas032,Violation_201,10,O1,3.764635,32,12.0,13.0
GLAS,glas032,Violation_201,10,O2,6.413533,32,12.0,13.0
GLAS,glas032,Control_202,11,Pz,-2.169051,32,7.0,80.0
GLAS,glas032,Control_202,11,Cz,-4.518942,32,7.0,80.0
GLAS,glas032,Control_202,11,CP1,2.11983,32,7.0,80.0
GLAS,glas032,Control_202,11,CP2,-5.137306,32,7.0,80.0
GLAS,glas032,Control_202,11,P3,0.2837744,32,7.0,80.0
GLAS,glas032,Control_202,11,P4,-6.183636,32,7.0,80.0
GLAS,glas032,Control_202,11,C3,-10.44336,32,7.0,80.0
GLAS,glas032,Control_202,11,C4,-8.361797,32,7.0,80.0
GLAS,glas032,Control_202,11,P7,3.154115,32,7.0,80.0
GLAS,glas032,Control_202,11,P8,-10.69131,32,7.0,80.0
GLAS,glas032,Control_202,11,O1,5.638793,32,7.0,80.0
GLAS,glas032,Control_202,11,O2,-16.48856,32,7.0,80.0
GLAS,glas032,Violation_201,12,Pz,-5.922156,32,2.0,3.0
GLAS,glas032,Violation_201,12,Cz,-2.31814,32,2.0,3.0
GLAS,glas032,Violation_201,12,CP1,-5.811963,32,2.0,3.0
GLAS,glas032,Violation_201,12,CP2,3.793959,32,2.0,3.0
GLAS,glas032,Violation_201,12,P3,-6.239765,32,2.0,3.0
GLAS,glas032,Violation_201,12,P4,-1.1384,32,2.0,3.0
GLAS,glas032,Violation_201,12,C3,-7.088566,32,2.0,3.0
GLAS,glas032,Violation_201,12,C4,0.07113055,32,2.0,3.0
GLAS,glas032,Violation_201,12,P7,-9.176646,32,2.0,3.0
GLAS,glas032,Violation_201,12,P8,0.00615078,32,2.0,3.0
GLAS,glas032,Violation_201,12,O1,2.304233,32,2.0,3.0
GLAS,glas032,Violation_201,12,O2,2.480184,32,2.0,3.0
GLAS,glas032,Control_202,13,Pz,6.837058,32,17.0,62.0
GLAS,glas032,Control_202,13,Cz,6.61947,32,17.0,62.0
GLAS,glas032,Control_202,13,CP1,23.23868,32,17.0,62.0
GLAS,glas032,Control_202,13,CP2,4.394157,32,17.0,62.0
GLAS,glas032,Control_202,13,P3,10.93421,32,17.0,62.0
GLAS,glas032,Control_202,13,P4,5.293621,32,17.0,62.0
GLAS,glas032,Control_202,13,C3,6.488624,32,17.0,62.0
GLAS,glas032,Control_202,13,C4,8.126501,32,17.0,62.0
GLAS,glas032,Control_202,13,P7,10.46481,32,17.0,62.0
GLAS,glas032,Control_202,13,P8,2.565842,32,17.0,62.0
GLAS,glas032,Control_202,13,O1,9.377417,32,17.0,62.0
GLAS,glas032,Control_202,13,O2,4.804895,32,17.0,62.0
GLAS,glas032,Violation_201,14,Pz,11.89007,32,16.0,0.0
GLAS,glas032,Violation_201,14,Cz,11.18156,32,16.0,0.0
GLAS,glas032,Violation_201,14,CP1,15.84031,32,16.0,0.0
GLAS,glas032,Violation_201,14,CP2,10.53066,32,16.0,0.0
GLAS,glas032,Violation_201,14,P3,14.72578,32,16.0,0.0
GLAS,glas032,Violation_201,14,P4,9.992797,32,16.0,0.0
GLAS,glas032,Violation_201,14,C3,8.874779,32,16.0,0.0
GLAS,glas032,Violation_201,14,C4,11.25441,32,16.0,0.0
GLAS,glas032,Violation_201,14,P7,18.86941,32,16.0,0.0
GLAS,glas032,Violation_201,14,P8,11.49663,32,16.0,0.0
GLAS,glas032,Violation_201,14,O1,15.16428,32,16.0,0.0
GLAS,glas032,Violation_201,14,O2,6.690213,32,16.0,0.0
GLAS,glas032,Control_202,15,Pz,7.801703,32,13.0,97.0
GLAS,glas032,Control_202,15,Cz,7.185735,32,13.0,97.0
GLAS,glas032,Control_202,15,CP1,4.931031,32,13.0,97.0
GLAS,glas032,Control_202,15,CP2,4.164708,32,13.0,97.0
GLAS,glas032,Control_202,15,P3,8.672716,32,13.0,97.0
GLAS,glas032,Control_202,15,P4,5.117091,32,13.0,97.0
GLAS,glas032,Control_202,15,C3,13.11102,32,13.0,97.0
GLAS,glas032,Control_202,15,C4,11.4255,32,13.0,97.0
GLAS,glas032,Control_202,15,P7,3.089677,32,13.0,97.0
GLAS,glas032,Control_202,15,P8,0.5968207,32,13.0,97.0
GLAS,glas032,Control_202,15,O1,3.394516,32,13.0,97.0
GLAS,glas032,Control_202,15,O2,8.485184,32,13.0,97.0
GLAS,glas032,Control_202,16,Pz,9.500003,32,20.0,90.0
GLAS,glas032,Control_202,16,Cz,11.03591,32,20.0,90.0
GLAS,glas032,Control_202,16,CP1,13.49037,32,20.0,90.0
GLAS,glas032,Control_202,16,CP2,5.971147,32,20.0,90.0
GLAS,glas032,Control_202,16,P3,8.668482,32,20.0,90.0
GLAS,glas032,Control_202,16,P4,6.29859,32,20.0,90.0
GLAS,glas032,Control_202,16,C3,9.302114,32,20.0,90.0
GLAS,glas032,Control_202,16,C4,8.824996,32,20.0,90.0
GLAS,glas032,Control_202,16,P7,1.805644,32,20.0,90.0
GLAS,glas032,Control_202,16,P8,8.121936,32,20.0,90.0
GLAS,glas032,Control_202,16,O1,4.662929,32,20.0,90.0
GLAS,glas032,Control_202,16,O2,9.988899,32,20.0,90.0
GLAS,glas032,Control_202,17,Pz,-14.57614,32,15.0,90.0
GLAS,glas032,Control_202,17,Cz,-12.59481,32,15.0,90.0
GLAS,glas032,Control_202,17,CP1,-16.07213,32,15.0,90.0
GLAS,glas032,Control_202,17,CP2,-15.72465,32,15.0,90.0
GLAS,glas032,Control_202,17,P3,-18.07034,32,15.0,90.0
GLAS,glas032,Control_202,17,P4,-12.38612,32,15.0,90.0
GLAS,glas032,Control_202,17,C3,-10.41737,32,15.0,90.0
GLAS,glas032,Control_202,17,C4,-9.415811,32,15.0,90.0
GLAS,glas032,Control_202,17,P7,-16.64592,32,15.0,90.0
GLAS,glas032,Control_202,17,P8,-7.205317,32,15.0,90.0
GLAS,glas032,Control_202,17,O1,-22.3819,32,15.0,90.0
GLAS,glas032,Control_202,17,O2,-15.3548,32,15.0,90.0
GLAS,glas032,Violation_201,18,Pz,-5.093796,32,4.0,20.0
GLAS,glas032,Violation_201,18,Cz,-5.684314,32,4.0,20.0
GLAS,glas032,Violation_201,18,CP1,-1.756282,32,4.0,20.0
GLAS,glas032,Violation_201,18,CP2,-5.61084,32,4.0,20.0
GLAS,glas032,Violation_201,18,P3,-1.526272,32,4.0,20.0
GLAS,glas032,Violation_201,18,P4,-5.511204,32,4.0,20.0
GLAS,glas032,Violation_201,18,C3,-5.914483,32,4.0,20.0
GLAS,glas032,Violation_201,18,C4,-8.832311,32,4.0,20.0
GLAS,glas032,Violation_201,18,P7,1.070693,32,4.0,20.0
GLAS,glas032,Violation_201,18,P8,-5.723234,32,4.0,20.0
GLAS,glas032,Violation_201,18,O1,2.200891,32,4.0,20.0
GLAS,glas032,Violation_201,18,O2,-6.474903,32,4.0,20.0
GLAS,glas032,Violation_201,19,Pz,-14.44447,32,14.0,0.0
GLAS,glas032,Violation_201,19,Cz,-13.06878,32,14.0,0.0
GLAS,glas032,Violation_201,19,CP1,-15.92239,32,14.0,0.0
GLAS,glas032,Violation_201,19,CP2,-15.25501,32,14.0,0.0
GLAS,glas032,Violation_201,19,P3,-13.3449,32,14.0,0.0
GLAS,glas032,Violation_201,19,P4,-16.52445,32,14.0,0.0
GLAS,glas032,Violation_201,19,C3,-13.62617,32,14.0,0.0
GLAS,glas032,Violation_201,19,C4,-10.85416,32,14.0,0.0
GLAS,glas032,Violation_201,19,P7,-11.56663,32,14.0,0.0
GLAS,glas032,Violation_201,19,P8,-13.76762,32,14.0,0.0
GLAS,glas032,Violation_201,19,O1,-12.34731,32,14.0,0.0
GLAS,glas032,Violation_201,19,O2,-13.96539,32,14.0,0.0
GLAS,glas032,Control_202,20,Pz,-22.75433,32,1.0,97.0
GLAS,glas032,Control_202,20,Cz,-22.83203,32,1.0,97.0
GLAS,glas032,Control_202,20,CP1,-17.41612,32,1.0,97.0
GLAS,glas032,Control_202,20,CP2,-21.60851,32,1.0,97.0
GLAS,glas032,Control_202,20,P3,-17.53655,32,1.0,97.0
GLAS,glas032,Control_202,20,P4,-23.97683,32,1.0,97.0
GLAS,glas032,Control_202,20,C3,-28.8105,32,1.0,97.0
GLAS,glas032,Control_202,20,C4,-27.2725,32,1.0,97.0
GLAS,glas032,Control_202,20,P7,-14.95785,32,1.0,97.0
GLAS,glas032,Control_202,20,P8,-23.59082,32,1.0,97.0
GLAS,glas032,Control_202,20,O1,-13.47952,32,1.0,97.0
GLAS,glas032,Control_202,20,O2,-16.26599,32,1.0,97.0
GLAS,glas032,Violation_201,21,Pz,1.575555,32,30.0,0.0
GLAS,glas032,Violation_201,21,Cz,0.7534569,32,30.0,0.0
GLAS,glas032,Violation_201,21,CP1,4.420535,32,30.0,0.0
GLAS,glas032,Violation_201,21,CP2,-0.2323113,32,30.0,0.0
GLAS,glas032,Violation_201,21,P3,6.436018,32,30.0,0.0
GLAS,glas032,Violation_201,21,P4,-0.6104184,32,30.0,0.0
GLAS,glas032,Violation_201,21,C3,5.31984,32,30.0,0.0
GLAS,glas032,Violation_201,21,C4,4.693328,32,30.0,0.0
GLAS,glas032,Violation_201,21,P7,9.567801,32,30.0,0.0
GLAS,glas032,Violation_201,21,P8,1.885484,32,30.0,0.0
GLAS,glas032,Violation_201,21,O1,6.02879,32,30.0,0.0
GLAS,glas032,Violation_201,21,O2,-2.665763,32,30.0,0.0
GLAS,glas032,Violation_201,22,Pz,14.74018,32,31.0,0.0
GLAS,glas032,Violation_201,22,Cz,15.47365,32,31.0,0.0
GLAS,glas032,Violation_201,22,CP1,13.09555,32,31.0,0.0
GLAS,glas032,Violation_201,22,CP2,11.13802,32,31.0,0.0
GLAS,glas032,Violation_201,22,P3,12.2553,32,31.0,0.0
GLAS,glas032,Violation_201,22,P4,15.37227,32,31.0,0.0
GLAS,glas032,Violation_201,22,C3,15.9851,32,31.0,0.0
GLAS,glas032,Violation_201,22,C4,10.85913,32,31.0,0.0
GLAS,glas032,Violation_201,22,P7,7.07573,32,31.0,0.0
GLAS,glas032,Violation_201,22,P8,14.65788,32,31.0,0.0
GLAS,glas032,Violation_201,22,O1,3.327947,32,31.0,0.0
GLAS,glas032,Violation_201,22,O2,11.1383,32,31.0,0.0
GLAS,glas032,Control_202,23,Pz,7.359627,32,35.0,97.0
GLAS,glas032,Control_202,23,Cz,6.469101,32,35.0,97.0
GLAS,glas032,Control_202,23,CP1,16.27805,32,35.0,97.0
GLAS,glas032,Control_202,23,CP2,6.839469,32,35.0,97.0
GLAS,glas032,Control_202,23,P3,3.193688,32,35.0,97.0
GLAS,glas032,Control_202,23,P4,7.88623,32,35.0,97.0
GLAS,glas032,Control_202,23,C3,4.833115,32,35.0,97.0
GLAS,glas032,Control_202,23,C4,3.216022,32,35.0,97.0
GLAS,glas032,Control_202,23,P7,1.898836,32,35.0,97.0
GLAS,glas032,Control_202,23,P8,10.77136,32,35.0,97.0
GLAS,glas032,Control_202,23,O1,0.3895244,32,35.0,97.0
GLAS,glas032,Control_202,23,O2,5.971182,32,35.0,97.0
GLAS,glas032,Violation_201,24,Pz,5.723567,32,26.0,0.0
GLAS,glas032,Violation_201,24,Cz,7.494686,32,26.0,0.0
GLAS,glas032,Violation_201,24,CP1,7.938503,32,26.0,0.0
GLAS,glas032,Violation_201,24,CP2,5.6794,32,26.0,0.0
GLAS,glas032,Violation_201,24,P3,6.511054,32,26.0,0.0
GLAS,glas032,Violation_201,24,P4,5.065791,32,26.0,0.0
GLAS,glas032,Violation_201,24,C3,17.33632,32,26.0,0.0
GLAS,glas032,Violation_201,24,C4,12.23057,32,26.0,0.0
GLAS,glas032,Violation_201,24,P7,5.736675,32,26.0,0.0
GLAS,glas032,Violation_201,24,P8,11.62645,32,26.0,0.0
GLAS,glas032,Violation_201,24,O1,2.948602,32,26.0,0.0
GLAS,glas032,Violation_201,24,O2,9.046686,32,26.0,0.0
GLAS,glas032,Control_202,25,Pz,11.70342,32,32.0,80.0
GLAS,glas032,Control_202,25,Cz,11.4616,32,32.0,80.0
GLAS,glas032,Control_202,25,CP1,15.95785,32,32.0,80.0
GLAS,glas032,Control_202,25,CP2,8.007731,32,32.0,80.0
GLAS,glas032,Control_202,25,P3,13.40176,32,32.0,80.0
GLAS,glas032,Control_202,25,P4,9.140876,32,32.0,80.0
GLAS,glas032,Control_202,25,C3,9.223142,32,32.0,80.0
GLAS,glas032,Control_202,25,C4,10.33997,32,32.0,80.0
GLAS,glas032,Control_202,25,P7,12.87608,32,32.0,80.0
GLAS,glas032,Control_202,25,P8,6.197502,32,32.0,80.0
GLAS,glas032,Control_202,25,O1,10.50875,32,32.0,80.0
GLAS,glas032,Control_202,25,O2,4.010279,32,32.0,80.0
GLAS,glas032,Violation_201,26,Pz,-26.76828,32,38.0,0.0
GLAS,glas032,Violation_201,26,Cz,-23.21824,32,38.0,0.0
GLAS,glas032,Violation_201,26,CP1,-18.93105,32,38.0,0.0
GLAS,glas032,Violation_201,26,CP2,-21.16033,32,38.0,0.0
GLAS,glas032,Violation_201,26,P3,-23.0907,32,38.0,0.0
GLAS,glas032,Violation_201,26,P4,-24.9942,32,38.0,0.0
GLAS,glas032,Violation_201,26,C3,-19.53968,32,38.0,0.0
GLAS,glas032,Violation_201,26,C4,-21.73356,32,38.0,0.0
GLAS,glas032,Violation_201,26,P7,-20.323,32,38.0,0.0
GLAS,glas032,Violation_201,26,P8,-21.85201,32,38.0,0.0
GLAS,glas032,Violation_201,26,O1,-15.69286,32,38.0,0.0
GLAS,glas032,Violation_201,26,O2,-18.77988,32,38.0,0.0
GLAS,glas032,Violation_201,27,Pz,-2.2809,32,21.0,3.0
GLAS,glas032,Violation_201,27,Cz,-2.085721,32,21.0,3.0
GLAS,glas032,Violation_201,27,CP1,-3.897071,32,21.0,3.0
GLAS,glas032,Violation_201,27,CP2,-5.799837,32,21.0,3.0
GLAS,glas032,Violation_201,27,P3,-4.602073,32,21.0,3.0
GLAS,glas032,Violation_201,27,P4,-4.030008,32,21.0,3.0
GLAS,glas032,Violation_201,27,C3,-3.703568,32,21.0,3.0
GLAS,glas032,Violation_201,27,C4,-4.665493,32,21.0,3.0
GLAS,glas032,Violation_201,27,P7,-3.183012,32,21.0,3.0
GLAS,glas032,Violation_201,27,P8,-5.239961,32,21.0,3.0
GLAS,glas032,Violation_201,27,O1,-3.386512,32,21.0,3.0
GLAS,glas032,Violation_201,27,O2,-8.03487,32,21.0,3.0
GLAS,glas032,Control_202,28,Pz,10.14739,32,39.0,97.0
GLAS,glas032,Control_202,28,Cz,9.667356,32,39.0,97.0
GLAS,glas032,Control_202,28,CP1,11.42065,32,39.0,97.0
GLAS,glas032,Control_202,28,CP2,5.570168,32,39.0,97.0
GLAS,glas032,Control_202,28,P3,8.637673,32,39.0,97.0
GLAS,glas032,Control_202,28,P4,7.706408,32,39.0,97.0
GLAS,glas032,Control_202,28,C3,8.587385,32,39.0,97.0
GLAS,glas032,Control_202,28,C4,7.102654,32,39.0,97.0
GLAS,glas032,Control_202,28,P7,6.833653,32,39.0,97.0
GLAS,glas032,Control_202,28,P8,8.221807,32,39.0,97.0
GLAS,glas032,Control_202,28,O1,4.548146,32,39.0,97.0
GLAS,glas032,Control_202,28,O2,8.739249,32,39.0,97.0
GLAS,glas032,Control_202,29,Pz,-6.905628,32,27.0,97.0
GLAS,glas032,Control_202,29,Cz,-4.852917,32,27.0,97.0
GLAS,glas032,Control_202,29,CP1,-5.571298,32,27.0,97.0
GLAS,glas032,Control_202,29,CP2,-1.494433,32,27.0,97.0
GLAS,glas032,Control_202,29,P3,-7.121755,32,27.0,97.0
GLAS,glas032,Control_202,29,P4,-3.410096,32,27.0,97.0
GLAS,glas032,Control_202,29,C3,-3.672753,32,27.0,97.0
GLAS,glas032,Control_202,29,C4,-3.673723,32,27.0,97.0
GLAS,glas032,Control_202,29,P7,-6.499655,32,27.0,97.0
GLAS,glas032,Control_202,29,P8,-3.231486,32,27.0,97.0
GLAS,glas032,Control_202,29,O1,-2.069633,32,27.0,97.0
GLAS,glas032,Control_202,29,O2,4.611195,32,27.0,97.0
GLAS,glas032,Violation_201,30,Pz,-7.813623,32,24.0,40.0
GLAS,glas032,Violation_201,30,Cz,-8.372317,32,24.0,40.0
GLAS,glas032,Violation_201,30,CP1,10.99156,32,24.0,40.0
GLAS,glas032,Violation_201,30,CP2,-4.401731,32,24.0,40.0
GLAS,glas032,Violation_201,30,P3,-8.679604,32,24.0,40.0
GLAS,glas032,Violation_201,30,P4,-5.898633,32,24.0,40.0
GLAS,glas032,Violation_201,30,C3,-9.409555,32,24.0,40.0
GLAS,glas032,Violation_201,30,C4,-7.027483,32,24.0,40.0
GLAS,glas032,Violation_201,30,P7,-16.93517,32,24.0,40.0
GLAS,glas032,Violation_201,30,P8,-11.32376,32,24.0,40.0
GLAS,glas032,Violation_201,30,O1,-20.7451,32,24.0,40.0
GLAS,glas032,Violation_201,30,O2,0.2617267,32,24.0,40.0
GLAS,glas033,Violation_201,1,Pz,2.062713,33,16.0,0.0
GLAS,glas033,Violation_201,1,Cz,1.789944,33,16.0,0.0
GLAS,glas033,Violation_201,1,CP1,-2.990452,33,16.0,0.0
GLAS,glas033,Violation_201,1,CP2,-9.870495,33,16.0,0.0
GLAS,glas033,Violation_201,1,P3,1.792365,33,16.0,0.0
GLAS,glas033,Violation_201,1,P4,-0.08226943,33,16.0,0.0
GLAS,glas033,Violation_201,1,C3,3.34005,33,16.0,0.0
GLAS,glas033,Violation_201,1,C4,1.656742,33,16.0,0.0
GLAS,glas033,Violation_201,1,P7,-1.043775,33,16.0,0.0
GLAS,glas033,Violation_201,1,P8,-1.850466,33,16.0,0.0
GLAS,glas033,Violation_201,1,O1,-5.244922,33,16.0,0.0
GLAS,glas033,Violation_201,1,O2,-6.458228,33,16.0,0.0
GLAS,glas033,Control_202,2,Pz,-4.555148,33,3.0,100.0
GLAS,glas033,Control_202,2,Cz,-1.009119,33,3.0,100.0
GLAS,glas033,Control_202,2,CP1,-6.749238,33,3.0,100.0
GLAS,glas033,Control_202,2,CP2,-6.146639,33,3.0,100.0
GLAS,glas033,Control_202,2,P3,-5.519679,33,3.0,100.0
GLAS,glas033,Control_202,2,P4,-0.9905418,33,3.0,100.0
GLAS,glas033,Control_202,2,C3,-1.999014,33,3.0,100.0
GLAS,glas033,Control_202,2,C4,-1.670627,33,3.0,100.0
GLAS,glas033,Control_202,2,P7,-4.512717,33,3.0,100.0
GLAS,glas033,Control_202,2,P8,-0.9573889,33,3.0,100.0
GLAS,glas033,Control_202,2,O1,-2.889011,33,3.0,100.0
GLAS,glas033,Control_202,2,O2,3.651141,33,3.0,100.0
GLAS,glas033,Violation_201,3,Pz,-10.88928,33,4.0,20.0
GLAS,glas033,Violation_201,3,Cz,-8.655505,33,4.0,20.0
GLAS,glas033,Violation_201,3,CP1,-6.842446,33,4.0,20.0
GLAS,glas033,Violation_201,3,CP2,-9.311943,33,4.0,20.0
GLAS,glas033,Violation_201,3,P3,-2.890743,33,4.0,20.0
GLAS,glas033,Violation_201,3,P4,-7.025588,33,4.0,20.0
GLAS,glas033,Violation_201,3,C3,-5.841779,33,4.0,20.0
GLAS,glas033,Violation_201,3,C4,-6.049188,33,4.0,20.0
GLAS,glas033,Violation_201,3,P7,-15.96158,33,4.0,20.0
GLAS,glas033,Violation_201,3,P8,-3.778876,33,4.0,20.0
GLAS,glas033,Violation_201,3,O1,-5.965478,33,4.0,20.0
GLAS,glas033,Violation_201,3,O2,2.453067,33,4.0,20.0
GLAS,glas033,Control_202,4,Pz,-2.962082,33,15.0,90.0
GLAS,glas033,Control_202,4,Cz,-0.8342125,33,15.0,90.0
GLAS,glas033,Control_202,4,CP1,-8.100491,33,15.0,90.0
GLAS,glas033,Control_202,4,CP2,-3.804537,33,15.0,90.0
GLAS,glas033,Control_202,4,P3,-11.67082,33,15.0,90.0
GLAS,glas033,Control_202,4,P4,-0.3839368,33,15.0,90.0
GLAS,glas033,Control_202,4,C3,1.771054,33,15.0,90.0
GLAS,glas033,Control_202,4,C4,1.731315,33,15.0,90.0
GLAS,glas033,Control_202,4,P7,-6.995162,33,15.0,90.0
GLAS,glas033,Control_202,4,P8,2.374207,33,15.0,90.0
GLAS,glas033,Control_202,4,O1,-9.889363,33,15.0,90.0
GLAS,glas033,Control_202,4,O2,4.528795,33,15.0,90.0
GLAS,glas033,Control_202,5,Pz,18.44106,33,5.0,93.0
GLAS,glas033,Control_202,5,Cz,17.93726,33,5.0,93.0
GLAS,glas033,Control_202,5,CP1,17.4774,33,5.0,93.0
GLAS,glas033,Control_202,5,CP2,13.09317,33,5.0,93.0
GLAS,glas033,Control_202,5,P3,22.03525,33,5.0,93.0
GLAS,glas033,Control_202,5,P4,18.09269,33,5.0,93.0
GLAS,glas033,Control_202,5,C3,16.04345,33,5.0,93.0
GLAS,glas033,Control_202,5,C4,18.00571,33,5.0,93.0
GLAS,glas033,Control_202,5,P7,11.64939,33,5.0,93.0
GLAS,glas033,Control_202,5,P8,18.68138,33,5.0,93.0
GLAS,glas033,Control_202,5,O1,12.48188,33,5.0,93.0
GLAS,glas033,Control_202,5,O2,12.95199,33,5.0,93.0
GLAS,glas033,Control_202,6,Pz,-30.23478,33,10.0,80.0
GLAS,glas033,Control_202,6,Cz,-34.19727,33,10.0,80.0
GLAS,glas033,Control_202,6,CP1,-34.08418,33,10.0,80.0
GLAS,glas033,Control_202,6,CP2,-22.0751,33,10.0,80.0
GLAS,glas033,Control_202,6,P3,-34.50883,33,10.0,80.0
GLAS,glas033,Control_202,6,P4,-30.65221,33,10.0,80.0
GLAS,glas033,Control_202,6,C3,-34.39809,33,10.0,80.0
GLAS,glas033,Control_202,6,C4,-34.20961,33,10.0,80.0
GLAS,glas033,Control_202,6,P7,-25.25,33,10.0,80.0
GLAS,glas033,Control_202,6,P8,-30.84751,33,10.0,80.0
GLAS,glas033,Control_202,6,O1,-24.54603,33,10.0,80.0
GLAS,glas033,Control_202,6,O2,-27.36644,33,10.0,80.0
GLAS,glas033,Violation_201,7,Pz,-4.146614,33,7.0,0.0
GLAS,glas033,Violation_201,7,Cz,-0.7387786,33,7.0,0.0
GLAS,glas033,Violation_201,7,CP1,-5.023419,33,7.0,0.0
GLAS,glas033,Violation_201,7,CP2,2.841784,33,7.0,0.0
GLAS,glas033,Violation_201,7,P3,-0.1773223,33,7.0,0.0
GLAS,glas033,Violation_201,7,P4,0.4086149,33,7.0,0.0
GLAS,glas033,Violation_201,7,C3,0.0855156,33,7.0,0.0
GLAS,glas033,Violation_201,7,C4,0.9009072,33,7.0,0.0
GLAS,glas033,Violation_201,7,P7,-0.8792108,33,7.0,0.0
GLAS,glas033,Violation_201,7,P8,3.034811,33,7.0,0.0
GLAS,glas033,Violation_201,7,O1,-0.9663253,33,7.0,0.0
GLAS,glas033,Violation_201,7,O2,8.004779,33,7.0,0.0
GLAS,glas033,Violation_201,8,Pz,-37.52383,33,12.0,13.0
GLAS,glas033,Violation_201,8,Cz,-36.03143,33,12.0,13.0
GLAS,glas033,Violation_201,8,CP1,-45.06727,33,12.0,13.0
GLAS,glas033,Violation_201,8,CP2,-33.91299,33,12.0,13.0
GLAS,glas033,Violation_201,8,P3,-32.83316,33,12.0,13.0
GLAS,glas033,Violation_201,8,P4,-31.38985,33,12.0,13.0
GLAS,glas033,Violation_201,8,C3,-32.43829,33,12.0,13.0
GLAS,glas033,Violation_201,8,C4,-32.18546,33,12.0,13.0
GLAS,glas033,Violation_201,8,P7,-30.57419,33,12.0,13.0
GLAS,glas033,Violation_201,8,P8,-27.24709,33,12.0,13.0
GLAS,glas033,Violation_201,8,O1,-30.81301,33,12.0,13.0
GLAS,glas033,Violation_201,8,O2,-21.04879,33,12.0,13.0
GLAS,glas033,Violation_201,9,Pz,-11.92227,33,6.0,0.0
GLAS,glas033,Violation_201,9,Cz,-14.26768,33,6.0,0.0
GLAS,glas033,Violation_201,9,CP1,-11.9315,33,6.0,0.0
GLAS,glas033,Violation_201,9,CP2,-16.45931,33,6.0,0.0
GLAS,glas033,Violation_201,9,P3,-14.20709,33,6.0,0.0
GLAS,glas033,Violation_201,9,P4,-11.67698,33,6.0,0.0
GLAS,glas033,Violation_201,9,C3,-15.23888,33,6.0,0.0
GLAS,glas033,Violation_201,9,C4,-12.83365,33,6.0,0.0
GLAS,glas033,Violation_201,9,P7,-6.425673,33,6.0,0.0
GLAS,glas033,Violation_201,9,P8,-10.48757,33,6.0,0.0
GLAS,glas033,Violation_201,9,O1,-7.106177,33,6.0,0.0
GLAS,glas033,Violation_201,9,O2,-4.159769,33,6.0,0.0
GLAS,glas033,Control_202,10,Pz,-1.263347,33,9.0,93.0
GLAS,glas033,Control_202,10,Cz,-0.5762575,33,9.0,93.0
GLAS,glas033,Control_202,10,CP1,-3.089087,33,9.0,93.0
GLAS,glas033,Control_202,10,CP2,10.72394,33,9.0,93.0
GLAS,glas033,Control_202,10,P3,-8.421391,33,9.0,93.0
GLAS,glas033,Control_202,10,P4,6.129916,33,9.0,93.0
GLAS,glas033,Control_202,10,C3,3.895895,33,9.0,93.0
GLAS,glas033,Control_202,10,C4,4.247859,33,9.0,93.0
GLAS,glas033,Control_202,10,P7,-3.098064,33,9.0,93.0
GLAS,glas033,Control_202,10,P8,6.528727,33,9.0,93.0
GLAS,glas033,Control_202,10,O1,-3.802224,33,9.0,93.0
GLAS,glas033,Control_202,10,O2,8.267111,33,9.0,93.0
GLAS,glas033,Control_202,11,Pz,-8.920714,33,8.0,97.0
GLAS,glas033,Control_202,11,Cz,-7.499683,33,8.0,97.0
GLAS,glas033,Control_202,11,CP1,-16.88064,33,8.0,97.0
GLAS,glas033,Control_202,11,CP2,-8.336182,33,8.0,97.0
GLAS,glas033,Control_202,11,P3,-7.161912,33,8.0,97.0
GLAS,glas033,Control_202,11,P4,-3.472308,33,8.0,97.0
GLAS,glas033,Control_202,11,C3,-6.481893,33,8.0,97.0
GLAS,glas033,Control_202,11,C4,-6.466574,33,8.0,97.0
GLAS,glas033,Control_202,11,P7,-7.299908,33,8.0,97.0
GLAS,glas033,Control_202,11,P8,-1.037106,33,8.0,97.0
GLAS,glas033,Control_202,11,O1,-10.23438,33,8.0,97.0
GLAS,glas033,Control_202,11,O2,-1.12804,33,8.0,97.0
GLAS,glas033,Violation_201,12,Pz,-11.08988,33,20.0,0.0
GLAS,glas033,Violation_201,12,Cz,-13.20812,33,20.0,0.0
GLAS,glas033,Violation_201,12,CP1,6.737383,33,20.0,0.0
GLAS,glas033,Violation_201,12,CP2,-14.72756,33,20.0,0.0
GLAS,glas033,Violation_201,12,P3,-10.36731,33,20.0,0.0
GLAS,glas033,Violation_201,12,P4,-15.45255,33,20.0,0.0
GLAS,glas033,Violation_201,12,C3,-14.76436,33,20.0,0.0
GLAS,glas033,Violation_201,12,C4,-13.77836,33,20.0,0.0
GLAS,glas033,Violation_201,12,P7,-5.215316,33,20.0,0.0
GLAS,glas033,Violation_201,12,P8,-14.49016,33,20.0,0.0
GLAS,glas033,Violation_201,12,O1,-4.294397,33,20.0,0.0
GLAS,glas033,Violation_201,12,O2,-19.98305,33,20.0,0.0
GLAS,glas033,Violation_201,13,Pz,-25.37482,33,18.0,0.0
GLAS,glas033,Violation_201,13,Cz,-21.71002,33,18.0,0.0
GLAS,glas033,Violation_201,13,CP1,-32.72474,33,18.0,0.0
GLAS,glas033,Violation_201,13,CP2,-23.77264,33,18.0,0.0
GLAS,glas033,Violation_201,13,P3,-15.12862,33,18.0,0.0
GLAS,glas033,Violation_201,13,P4,-21.45785,33,18.0,0.0
GLAS,glas033,Violation_201,13,C3,-18.4071,33,18.0,0.0
GLAS,glas033,Violation_201,13,C4,-19.5887,33,18.0,0.0
GLAS,glas033,Violation_201,13,P7,-26.04078,33,18.0,0.0
GLAS,glas033,Violation_201,13,P8,-17.92391,33,18.0,0.0
GLAS,glas033,Violation_201,13,O1,-28.13411,33,18.0,0.0
GLAS,glas033,Violation_201,13,O2,-11.22271,33,18.0,0.0
GLAS,glas033,Control_202,14,Pz,-24.76542,33,13.0,97.0
GLAS,glas033,Control_202,14,Cz,-16.71453,33,13.0,97.0
GLAS,glas033,Control_202,14,CP1,-18.49748,33,13.0,97.0
GLAS,glas033,Control_202,14,CP2,-25.28437,33,13.0,97.0
GLAS,glas033,Control_202,14,P3,-26.82965,33,13.0,97.0
GLAS,glas033,Control_202,14,P4,-16.89439,33,13.0,97.0
GLAS,glas033,Control_202,14,C3,-18.5564,33,13.0,97.0
GLAS,glas033,Control_202,14,C4,-17.4477,33,13.0,97.0
GLAS,glas033,Control_202,14,P7,-18.56516,33,13.0,97.0
GLAS,glas033,Control_202,14,P8,-14.87956,33,13.0,97.0
GLAS,glas033,Control_202,14,O1,-20.31686,33,13.0,97.0
GLAS,glas033,Control_202,14,O2,-8.900087,33,13.0,97.0
GLAS,glas033,Violation_201,15,Pz,-25.35221,33,17.0,0.0
GLAS,glas033,Violation_201,15,Cz,-22.79554,33,17.0,0.0
GLAS,glas033,Violation_201,15,CP1,-28.73119,33,17.0,0.0
GLAS,glas033,Violation_201,15,CP2,-12.20117,33,17.0,0.0
GLAS,glas033,Violation_201,15,P3,-23.25729,33,17.0,0.0
GLAS,glas033,Violation_201,15,P4,-20.68741,33,17.0,0.0
GLAS,glas033,Violation_201,15,C3,-23.23806,33,17.0,0.0
GLAS,glas033,Violation_201,15,C4,-20.52993,33,17.0,0.0
GLAS,glas033,Violation_201,15,P7,-22.06791,33,17.0,0.0
GLAS,glas033,Violation_201,15,P8,-17.12448,33,17.0,0.0
GLAS,glas033,Violation_201,15,O1,-12.43104,33,17.0,0.0
GLAS,glas033,Violation_201,15,O2,-12.19044,33,17.0,0.0
GLAS,glas033,Control_202,16,Pz,4.169236,33,11.0,87.0
GLAS,glas033,Control_202,16,Cz,1.90677,33,11.0,87.0
GLAS,glas033,Control_202,16,CP1,1.99318,33,11.0,87.0
GLAS,glas033,Control_202,16,CP2,8.317118,33,11.0,87.0
GLAS,glas033,Control_202,16,P3,5.12393,33,11.0,87.0
GLAS,glas033,Control_202,16,P4,4.154934,33,11.0,87.0
GLAS,glas033,Control_202,16,C3,2.616785,33,11.0,87.0
GLAS,glas033,Control_202,16,C4,2.623963,33,11.0,87.0
GLAS,glas033,Control_202,16,P7,5.432052,33,11.0,87.0
GLAS,glas033,Control_202,16,P8,3.535713,33,11.0,87.0
GLAS,glas033,Control_202,16,O1,-1.050696,33,11.0,87.0
GLAS,glas033,Control_202,16,O2,4.323853,33,11.0,87.0
GLAS,glas033,Violation_201,17,Pz,25.98917,33,14.0,0.0
GLAS,glas033,Violation_201,17,Cz,24.27167,33,14.0,0.0
GLAS,glas033,Violation_201,17,CP1,20.0391,33,14.0,0.0
GLAS,glas033,Violation_201,17,CP2,23.61684,33,14.0,0.0
GLAS,glas033,Violation_201,17,P3,24.59774,33,14.0,0.0
GLAS,glas033,Violation_201,17,P4,31.26011,33,14.0,0.0
GLAS,glas033,Violation_201,17,C3,26.53176,33,14.0,0.0
GLAS,glas033,Violation_201,17,C4,30.10282,33,14.0,0.0
GLAS,glas033,Violation_201,17,P7,13.32462,33,14.0,0.0
GLAS,glas033,Violation_201,17,P8,29.63647,33,14.0,0.0
GLAS,glas033,Violation_201,17,O1,10.1165,33,14.0,0.0
GLAS,glas033,Violation_201,17,O2,21.29784,33,14.0,0.0
GLAS,glas033,Violation_201,18,Pz,19.15788,33,19.0,0.0
GLAS,glas033,Violation_201,18,Cz,15.0894,33,19.0,0.0
GLAS,glas033,Violation_201,18,CP1,22.26766,33,19.0,0.0
GLAS,glas033,Violation_201,18,CP2,16.81169,33,19.0,0.0
GLAS,glas033,Violation_201,18,P3,24.30891,33,19.0,0.0
GLAS,glas033,Violation_201,18,P4,10.62745,33,19.0,0.0
GLAS,glas033,Violation_201,18,C3,12.20838,33,19.0,0.0
GLAS,glas033,Violation_201,18,C4,10.30614,33,19.0,0.0
GLAS,glas033,Violation_201,18,P7,22.94566,33,19.0,0.0
GLAS,glas033,Violation_201,18,P8,6.544796,33,19.0,0.0
GLAS,glas033,Violation_201,18,O1,23.5399,33,19.0,0.0
GLAS,glas033,Violation_201,18,O2,11.38889,33,19.0,0.0
GLAS,glas033,Control_202,19,Pz,-12.64706,33,2.0,100.0
GLAS,glas033,Control_202,19,Cz,-11.50523,33,2.0,100.0
GLAS,glas033,Control_202,19,CP1,-13.56942,33,2.0,100.0
GLAS,glas033,Control_202,19,CP2,-9.281288,33,2.0,100.0
GLAS,glas033,Control_202,19,P3,-6.49098,33,2.0,100.0
GLAS,glas033,Control_202,19,P4,-12.95502,33,2.0,100.0
GLAS,glas033,Control_202,19,C3,-15.43527,33,2.0,100.0
GLAS,glas033,Control_202,19,C4,-14.17032,33,2.0,100.0
GLAS,glas033,Control_202,19,P7,-8.995906,33,2.0,100.0
GLAS,glas033,Control_202,19,P8,-10.94395,33,2.0,100.0
GLAS,glas033,Control_202,19,O1,-4.949702,33,2.0,100.0
GLAS,glas033,Control_202,19,O2,-3.802003,33,2.0,100.0
GLAS,glas033,Control_202,20,Pz,3.881371,33,1.0,97.0
GLAS,glas033,Control_202,20,Cz,2.400612,33,1.0,97.0
GLAS,glas033,Control_202,20,CP1,1.384751,33,1.0,97.0
GLAS,glas033,Control_202,20,CP2,5.083275,33,1.0,97.0
GLAS,glas033,Control_202,20,P3,-6.994842,33,1.0,97.0
GLAS,glas033,Control_202,20,P4,4.736852,33,1.0,97.0
GLAS,glas033,Control_202,20,C3,4.056227,33,1.0,97.0
GLAS,glas033,Control_202,20,C4,3.9246,33,1.0,97.0
GLAS,glas033,Control_202,20,P7,-0.7105927,33,1.0,97.0
GLAS,glas033,Control_202,20,P8,8.772282,33,1.0,97.0
GLAS,glas033,Control_202,20,O1,-3.401381,33,1.0,97.0
GLAS,glas033,Control_202,20,O2,8.241162,33,1.0,97.0
GLAS,glas033,Control_202,21,Pz,-10.04654,33,25.0,97.0
GLAS,glas033,Control_202,21,Cz,-10.63624,33,25.0,97.0
GLAS,glas033,Control_202,21,CP1,-9.426517,33,25.0,97.0
GLAS,glas033,Control_202,21,CP2,-9.349192,33,25.0,97.0
GLAS,glas033,Control_202,21,P3,-5.275896,33,25.0,97.0
GLAS,glas033,Control_202,21,P4,-11.13851,33,25.0,97.0
GLAS,glas033,Control_202,21,C3,-10.47278,33,25.0,97.0
GLAS,glas033,Control_202,21,C4,-12.24128,33,25.0,97.0
GLAS,glas033,Control_202,21,P7,-10.27231,33,25.0,97.0
GLAS,glas033,Control_202,21,P8,-13.87484,33,25.0,97.0
GLAS,glas033,Control_202,21,O1,-9.282241,33,25.0,97.0
GLAS,glas033,Control_202,21,O2,-17.96452,33,25.0,97.0
GLAS,glas033,Control_202,22,Pz,-24.7332,33,23.0,93.0
GLAS,glas033,Control_202,22,Cz,-20.74833,33,23.0,93.0
GLAS,glas033,Control_202,22,CP1,-32.15133,33,23.0,93.0
GLAS,glas033,Control_202,22,CP2,-15.77407,33,23.0,93.0
GLAS,glas033,Control_202,22,P3,-29.79718,33,23.0,93.0
GLAS,glas033,Control_202,22,P4,-19.84013,33,23.0,93.0
GLAS,glas033,Control_202,22,C3,-22.31701,33,23.0,93.0
GLAS,glas033,Control_202,22,C4,-21.80619,33,23.0,93.0
GLAS,glas033,Control_202,22,P7,-15.08962,33,23.0,93.0
GLAS,glas033,Control_202,22,P8,-17.66344,33,23.0,93.0
GLAS,glas033,Control_202,22,O1,-24.53235,33,23.0,93.0
GLAS,glas033,Control_202,22,O2,-12.33279,33,23.0,93.0
GLAS,glas033,Violation_201,23,Pz,-27.13006,33,27.0,0.0
GLAS,glas033,Violation_201,23,Cz,-25.82066,33,27.0,0.0
GLAS,glas033,Violation_201,23,CP1,-26.65229,33,27.0,0.0
GLAS,glas033,Violation_201,23,CP2,-19.77249,33,27.0,0.0
GLAS,glas033,Violation_201,23,P3,-29.7868,33,27.0,0.0
GLAS,glas033,Violation_201,23,P4,-27.47727,33,27.0,0.0
GLAS,glas033,Violation_201,23,C3,-28.26049,33,27.0,0.0
GLAS,glas033,Violation_201,23,C4,-27.9182,33,27.0,0.0
GLAS,glas033,Violation_201,23,P7,-18.72852,33,27.0,0.0
GLAS,glas033,Violation_201,23,P8,-22.31566,33,27.0,0.0
GLAS,glas033,Violation_201,23,O1,-19.25402,33,27.0,0.0
GLAS,glas033,Violation_201,23,O2,-15.30861,33,27.0,0.0
GLAS,glas033,Violation_201,24,Pz,-8.705978,33,35.0,0.0
GLAS,glas033,Violation_201,24,Cz,-6.512727,33,35.0,0.0
GLAS,glas033,Violation_201,24,CP1,-5.893184,33,35.0,0.0
GLAS,glas033,Violation_201,24,CP2,-15.67341,33,35.0,0.0
GLAS,glas033,Violation_201,24,P3,-3.849807,33,35.0,0.0
GLAS,glas033,Violation_201,24,P4,-5.736054,33,35.0,0.0
GLAS,glas033,Violation_201,24,C3,-5.60018,33,35.0,0.0
GLAS,glas033,Violation_201,24,C4,-5.700617,33,35.0,0.0
GLAS,glas033,Violation_201,24,P7,-5.395625,33,35.0,0.0
GLAS,glas033,Violation_201,24,P8,-4.350929,33,35.0,0.0
GLAS,glas033,Violation_201,24,O1,-13.113,33,35.0,0.0
GLAS,glas033,Violation_201,24,O2,-6.771326,33,35.0,0.0
GLAS,glas033,Violation_201,25,Pz,-6.548436,33,24.0,40.0
GLAS,glas033,Violation_201,25,Cz,-6.844303,33,24.0,40.0
GLAS,glas033,Violation_201,25,CP1,-6.141822,33,24.0,40.0
GLAS,glas033,Violation_201,25,CP2,-11.76869,33,24.0,40.0
GLAS,glas033,Violation_201,25,P3,-9.552433,33,24.0,40.0
GLAS,glas033,Violation_201,25,P4,-9.710092,33,24.0,40.0
GLAS,glas033,Violation_201,25,C3,-6.884794,33,24.0,40.0
GLAS,glas033,Violation_201,25,C4,-7.729755,33,24.0,40.0
GLAS,glas033,Violation_201,25,P7,-14.24919,33,24.0,40.0
GLAS,glas033,Violation_201,25,P8,-6.688185,33,24.0,40.0
GLAS,glas033,Violation_201,25,O1,-6.134432,33,24.0,40.0
GLAS,glas033,Violation_201,25,O2,-6.819901,33,24.0,40.0
GLAS,glas033,Control_202,26,Pz,-4.059511,33,36.0,77.0
GLAS,glas033,Control_202,26,Cz,-4.251889,33,36.0,77.0
GLAS,glas033,Control_202,26,CP1,-9.523866,33,36.0,77.0
GLAS,glas033,Control_202,26,CP2,-3.443761,33,36.0,77.0
GLAS,glas033,Control_202,26,P3,1.386932,33,36.0,77.0
GLAS,glas033,Control_202,26,P4,-5.477442,33,36.0,77.0
GLAS,glas033,Control_202,26,C3,-4.434028,33,36.0,77.0
GLAS,glas033,Control_202,26,C4,-6.143366,33,36.0,77.0
GLAS,glas033,Control_202,26,P7,-10.59312,33,36.0,77.0
GLAS,glas033,Control_202,26,P8,-3.809419,33,36.0,77.0
GLAS,glas033,Control_202,26,O1,-5.571638,33,36.0,77.0
GLAS,glas033,Control_202,26,O2,-0.746187,33,36.0,77.0
GLAS,glas033,Control_202,27,Pz,5.555181,33,32.0,80.0
GLAS,glas033,Control_202,27,Cz,5.938223,33,32.0,80.0
GLAS,glas033,Control_202,27,CP1,16.09855,33,32.0,80.0
GLAS,glas033,Control_202,27,CP2,5.163902,33,32.0,80.0
GLAS,glas033,Control_202,27,P3,4.062262,33,32.0,80.0
GLAS,glas033,Control_202,27,P4,2.826467,33,32.0,80.0
GLAS,glas033,Control_202,27,C3,2.981322,33,32.0,80.0
GLAS,glas033,Control_202,27,C4,2.112859,33,32.0,80.0
GLAS,glas033,Control_202,27,P7,10.33529,33,32.0,80.0
GLAS,glas033,Control_202,27,P8,2.29183,33,32.0,80.0
GLAS,glas033,Control_202,27,O1,15.1818,33,32.0,80.0
GLAS,glas033,Control_202,27,O2,1.349622,33,32.0,80.0
GLAS,glas033,Violation_201,28,Pz,-13.93792,33,40.0,0.0
GLAS,glas033,Violation_201,28,Cz,-14.08437,33,40.0,0.0
GLAS,glas033,Violation_201,28,CP1,-12.07633,33,40.0,0.0
GLAS,glas033,Violation_201,28,CP2,-10.72866,33,40.0,0.0
GLAS,glas033,Violation_201,28,P3,-11.75031,33,40.0,0.0
GLAS,glas033,Violation_201,28,P4,-16.58306,33,40.0,0.0
GLAS,glas033,Violation_201,28,C3,-15.64932,33,40.0,0.0
GLAS,glas033,Violation_201,28,C4,-15.91411,33,40.0,0.0
GLAS,glas033,Violation_201,28,P7,-10.50338,33,40.0,0.0
GLAS,glas033,Violation_201,28,P8,-17.16991,33,40.0,0.0
GLAS,glas033,Violation_201,28,O1,-9.943987,33,40.0,0.0
GLAS,glas033,Violation_201,28,O2,-13.25239,33,40.0,0.0
GLAS,glas033,Control_202,29,Pz,5.801761,33,21.0,77.0
GLAS,glas033,Control_202,29,Cz,4.945521,33,21.0,77.0
GLAS,glas033,Control_202,29,CP1,5.517366,33,21.0,77.0
GLAS,glas033,Control_202,29,CP2,-7.385741,33,21.0,77.0
GLAS,glas033,Control_202,29,P3,11.42047,33,21.0,77.0
GLAS,glas033,Control_202,29,P4,3.564795,33,21.0,77.0
GLAS,glas033,Control_202,29,C3,4.473245,33,21.0,77.0
GLAS,glas033,Control_202,29,C4,4.344049,33,21.0,77.0
GLAS,glas033,Control_202,29,P7,3.55507,33,21.0,77.0
GLAS,glas033,Control_202,29,P8,2.870211,33,21.0,77.0
GLAS,glas033,Control_202,29,O1,3.334427,33,21.0,77.0
GLAS,glas033,Control_202,29,O2,1.480382,33,21.0,77.0
GLAS,glas034,Control_202,1,Pz,-16.40508,34,13.0,97.0
GLAS,glas034,Control_202,1,Cz,-19.25272,34,13.0,97.0
GLAS,glas034,Control_202,1,CP1,-25.79362,34,13.0,97.0
GLAS,glas034,Control_202,1,CP2,-23.63773,34,13.0,97.0
GLAS,glas034,Control_202,1,P3,-35.7056,34,13.0,97.0
GLAS,glas034,Control_202,1,P4,-21.84918,34,13.0,97.0
GLAS,glas034,Control_202,1,C3,-19.81723,34,13.0,97.0
GLAS,glas034,Control_202,1,C4,-21.92341,34,13.0,97.0
GLAS,glas034,Control_202,1,P7,-34.79836,34,13.0,97.0
GLAS,glas034,Control_202,1,P8,-20.99311,34,13.0,97.0
GLAS,glas034,Control_202,1,O1,-28.00601,34,13.0,97.0
GLAS,glas034,Control_202,1,O2,-20.83471,34,13.0,97.0
GLAS,glas034,Violation_201,2,Pz,-17.54866,34,7.0,0.0
GLAS,glas034,Violation_201,2,Cz,-9.693009,34,7.0,0.0
GLAS,glas034,Violation_201,2,CP1,-3.391727,34,7.0,0.0
GLAS,glas034,Violation_201,2,CP2,-16.4785,34,7.0,0.0
GLAS,glas034,Violation_201,2,P3,-11.43715,34,7.0,0.0
GLAS,glas034,Violation_201,2,P4,-7.581678,34,7.0,0.0
GLAS,glas034,Violation_201,2,C3,-11.19951,34,7.0,0.0
GLAS,glas034,Violation_201,2,C4,-11.12167,34,7.0,0.0
GLAS,glas034,Violation_201,2,P7,-12.21285,34,7.0,0.0
GLAS,glas034,Violation_201,2,P8,-9.455376,34,7.0,0.0
GLAS,glas034,Violation_201,2,O1,-13.53423,34,7.0,0.0
GLAS,glas034,Violation_201,2,O2,-24.58324,34,7.0,0.0
GLAS,glas034,Violation_201,3,Pz,20.81445,34,8.0,34.0
GLAS,glas034,Violation_201,3,Cz,5.658587,34,8.0,34.0
GLAS,glas034,Violation_201,3,CP1,2.900806,34,8.0,34.0
GLAS,glas034,Violation_201,3,CP2,0.3258566,34,8.0,34.0
GLAS,glas034,Violation_201,3,P3,2.304907,34,8.0,34.0
GLAS,glas034,Violation_201,3,P4,33.07191,34,8.0,34.0
GLAS,glas034,Violation_201,3,C3,3.873591,34,8.0,34.0
GLAS,glas034,Violation_201,3,C4,5.325498,34,8.0,34.0
GLAS,glas034,Violation_201,3,P7,4.10183,34,8.0,34.0
GLAS,glas034,Violation_201,3,P8,7.539278,34,8.0,34.0
GLAS,glas034,Violation_201,3,O1,9.885342,34,8.0,34.0
GLAS,glas034,Violation_201,3,O2,1.012458,34,8.0,34.0
GLAS,glas034,Control_202,4,Pz,0.954837,34,3.0,100.0
GLAS,glas034,Control_202,4,Cz,-14.24148,34,3.0,100.0
GLAS,glas034,Control_202,4,CP1,8.910049,34,3.0,100.0
GLAS,glas034,Control_202,4,CP2,7.366711,34,3.0,100.0
GLAS,glas034,Control_202,4,P3,-1.146694,34,3.0,100.0
GLAS,glas034,Control_202,4,P4,-5.679117,34,3.0,100.0
GLAS,glas034,Control_202,4,C3,-5.593665,34,3.0,100.0
GLAS,glas034,Control_202,4,C4,-2.811145,34,3.0,100.0
GLAS,glas034,Control_202,4,P7,-0.4709609,34,3.0,100.0
GLAS,glas034,Control_202,4,P8,1.210581,34,3.0,100.0
GLAS,glas034,Control_202,4,O1,-4.619989,34,3.0,100.0
GLAS,glas034,Control_202,4,O2,10.2273,34,3.0,100.0
GLAS,glas034,Violation_201,5,Pz,3.942628,34,17.0,0.0
GLAS,glas034,Violation_201,5,Cz,-1.717939,34,17.0,0.0
GLAS,glas034,Violation_201,5,CP1,-7.199143,34,17.0,0.0
GLAS,glas034,Violation_201,5,CP2,6.933052,34,17.0,0.0
GLAS,glas034,Violation_201,5,P3,6.465717,34,17.0,0.0
GLAS,glas034,Violation_201,5,P4,7.318956,34,17.0,0.0
GLAS,glas034,Violation_201,5,C3,-2.535067,34,17.0,0.0
GLAS,glas034,Violation_201,5,C4,-1.857747,34,17.0,0.0
GLAS,glas034,Violation_201,5,P7,7.097918,34,17.0,0.0
GLAS,glas034,Violation_201,5,P8,0.7814295,34,17.0,0.0
GLAS,glas034,Violation_201,5,O1,-0.502571,34,17.0,0.0
GLAS,glas034,Violation_201,5,O2,4.012168,34,17.0,0.0
GLAS,glas034,Control_202,6,Pz,-5.408566,34,6.0,100.0
GLAS,glas034,Control_202,6,Cz,-0.771978,34,6.0,100.0
GLAS,glas034,Control_202,6,CP1,11.0553,34,6.0,100.0
GLAS,glas034,Control_202,6,CP2,-7.856884,34,6.0,100.0
GLAS,glas034,Control_202,6,P3,-6.546482,34,6.0,100.0
GLAS,glas034,Control_202,6,P4,7.216301,34,6.0,100.0
GLAS,glas034,Control_202,6,C3,0.8410172,34,6.0,100.0
GLAS,glas034,Control_202,6,C4,-1.424289,34,6.0,100.0
GLAS,glas034,Control_202,6,P7,-7.276762,34,6.0,100.0
GLAS,glas034,Control_202,6,P8,-0.1692366,34,6.0,100.0
GLAS,glas034,Control_202,6,O1,-12.74936,34,6.0,100.0
GLAS,glas034,Control_202,6,O2,-9.317807,34,6.0,100.0
GLAS,glas034,Control_202,7,Pz,-1.376427,34,18.0,87.0
GLAS,glas034,Control_202,7,Cz,4.480013,34,18.0,87.0
GLAS,glas034,Control_202,7,CP1,-2.101902,34,18.0,87.0
GLAS,glas034,Control_202,7,CP2,-3.876799,34,18.0,87.0
GLAS,glas034,Control_202,7,P3,-12.96788,34,18.0,87.0
GLAS,glas034,Control_202,7,P4,-1.567438,34,18.0,87.0
GLAS,glas034,Control_202,7,C3,0.6369231,34,18.0,87.0
GLAS,glas034,Control_202,7,C4,-5.330961,34,18.0,87.0
GLAS,glas034,Control_202,7,P7,-12.69991,34,18.0,87.0
GLAS,glas034,Control_202,7,P8,-0.7401441,34,18.0,87.0
GLAS,glas034,Control_202,7,O1,0.4741049,34,18.0,87.0
GLAS,glas034,Control_202,7,O2,-11.93819,34,18.0,87.0
GLAS,glas034,Control_202,8,Pz,0.9403375,34,2.0,100.0
GLAS,glas034,Control_202,8,Cz,-7.125616,34,2.0,100.0
GLAS,glas034,Control_202,8,CP1,-17.47551,34,2.0,100.0
GLAS,glas034,Control_202,8,CP2,-13.90015,34,2.0,100.0
GLAS,glas034,Control_202,8,P3,-0.8595035,34,2.0,100.0
GLAS,glas034,Control_202,8,P4,-11.38439,34,2.0,100.0
GLAS,glas034,Control_202,8,C3,-10.21042,34,2.0,100.0
GLAS,glas034,Control_202,8,C4,-9.670724,34,2.0,100.0
GLAS,glas034,Control_202,8,P7,-1.788011,34,2.0,100.0
GLAS,glas034,Control_202,8,P8,-1.838894,34,2.0,100.0
GLAS,glas034,Control_202,8,O1,-14.48485,34,2.0,100.0
GLAS,glas034,Control_202,8,O2,10.02776,34,2.0,100.0
GLAS,glas034,Control_202,9,Pz,0.8649827,34,15.0,90.0
GLAS,glas034,Control_202,9,Cz,-8.635373,34,15.0,90.0
GLAS,glas034,Control_202,9,CP1,-14.45949,34,15.0,90.0
GLAS,glas034,Control_202,9,CP2,-14.86303,34,15.0,90.0
GLAS,glas034,Control_202,9,P3,-4.031337,34,15.0,90.0
GLAS,glas034,Control_202,9,P4,9.964152,34,15.0,90.0
GLAS,glas034,Control_202,9,C3,-14.37949,34,15.0,90.0
GLAS,glas034,Control_202,9,C4,-10.65483,34,15.0,90.0
GLAS,glas034,Control_202,9,P7,-3.679358,34,15.0,90.0
GLAS,glas034,Control_202,9,P8,-0.9800053,34,15.0,90.0
GLAS,glas034,Control_202,9,O1,-10.76293,34,15.0,90.0
GLAS,glas034,Control_202,9,O2,-7.61993,34,15.0,90.0
GLAS,glas034,Violation_201,10,Pz,-9.574523,34,5.0,0.0
GLAS,glas034,Violation_201,10,Cz,-1.441729,34,5.0,0.0
GLAS,glas034,Violation_201,10,CP1,-11.57281,34,5.0,0.0
GLAS,glas034,Violation_201,10,CP2,4.649248,34,5.0,0.0
GLAS,glas034,Violation_201,10,P3,-11.83869,34,5.0,0.0
GLAS,glas034,Violation_201,10,P4,6.756688,34,5.0,0.0
GLAS,glas034,Violation_201,10,C3,-0.7712229,34,5.0,0.0
GLAS,glas034,Violation_201,10,C4,1.474951,34,5.0,0.0
GLAS,glas034,Violation_201,10,P7,-11.08269,34,5.0,0.0
GLAS,glas034,Violation_201,10,P8,5.569338,34,5.0,0.0
GLAS,glas034,Violation_201,10,O1,-6.905729,34,5.0,0.0
GLAS,glas034,Violation_201,10,O2,9.833795,34,5.0,0.0
GLAS,glas034,Violation_201,11,Pz,0.8955081,34,16.0,0.0
GLAS,glas034,Violation_201,11,Cz,-9.77871,34,16.0,0.0
GLAS,glas034,Violation_201,11,CP1,28.56363,34,16.0,0.0
GLAS,glas034,Violation_201,11,CP2,-7.407731,34,16.0,0.0
GLAS,glas034,Violation_201,11,P3,14.31688,34,16.0,0.0
GLAS,glas034,Violation_201,11,P4,-1.881974,34,16.0,0.0
GLAS,glas034,Violation_201,11,C3,-6.685725,34,16.0,0.0
GLAS,glas034,Violation_201,11,C4,-5.570266,34,16.0,0.0
GLAS,glas034,Violation_201,11,P7,13.87819,34,16.0,0.0
GLAS,glas034,Violation_201,11,P8,-2.021444,34,16.0,0.0
GLAS,glas034,Violation_201,11,O1,10.427,34,16.0,0.0
GLAS,glas034,Violation_201,11,O2,-4.243712,34,16.0,0.0
GLAS,glas034,Violation_201,12,Pz,16.68021,34,14.0,0.0
GLAS,glas034,Violation_201,12,Cz,16.55904,34,14.0,0.0
GLAS,glas034,Violation_201,12,CP1,0.1299343,34,14.0,0.0
GLAS,glas034,Violation_201,12,CP2,13.90182,34,14.0,0.0
GLAS,glas034,Violation_201,12,P3,18.71711,34,14.0,0.0
GLAS,glas034,Violation_201,12,P4,21.35652,34,14.0,0.0
GLAS,glas034,Violation_201,12,C3,14.41557,34,14.0,0.0
GLAS,glas034,Violation_201,12,C4,12.92027,34,14.0,0.0
GLAS,glas034,Violation_201,12,P7,17.83227,34,14.0,0.0
GLAS,glas034,Violation_201,12,P8,9.728961,34,14.0,0.0
GLAS,glas034,Violation_201,12,O1,16.56031,34,14.0,0.0
GLAS,glas034,Violation_201,12,O2,9.045206,34,14.0,0.0
GLAS,glas034,Violation_201,13,Pz,17.21474,34,4.0,20.0
GLAS,glas034,Violation_201,13,Cz,-3.620647,34,4.0,20.0
GLAS,glas034,Violation_201,13,CP1,-1.250859,34,4.0,20.0
GLAS,glas034,Violation_201,13,CP2,-9.387552,34,4.0,20.0
GLAS,glas034,Violation_201,13,P3,11.07473,34,4.0,20.0
GLAS,glas034,Violation_201,13,P4,6.89582,34,4.0,20.0
GLAS,glas034,Violation_201,13,C3,-0.5671532,34,4.0,20.0
GLAS,glas034,Violation_201,13,C4,-2.137902,34,4.0,20.0
GLAS,glas034,Violation_201,13,P7,10.82665,34,4.0,20.0
GLAS,glas034,Violation_201,13,P8,-1.50086,34,4.0,20.0
GLAS,glas034,Violation_201,13,O1,3.617059,34,4.0,20.0
GLAS,glas034,Violation_201,13,O2,-7.761915,34,4.0,20.0
GLAS,glas034,Violation_201,14,Pz,23.57306,34,19.0,0.0
GLAS,glas034,Violation_201,14,Cz,3.474488,34,19.0,0.0
GLAS,glas034,Violation_201,14,CP1,-5.609086,34,19.0,0.0
GLAS,glas034,Violation_201,14,CP2,0.6519348,34,19.0,0.0
GLAS,glas034,Violation_201,14,P3,0.9099198,34,19.0,0.0
GLAS,glas034,Violation_201,14,P4,5.452847,34,19.0,0.0
GLAS,glas034,Violation_201,14,C3,4.882566,34,19.0,0.0
GLAS,glas034,Violation_201,14,C4,3.280896,34,19.0,0.0
GLAS,glas034,Violation_201,14,P7,0.8842168,34,19.0,0.0
GLAS,glas034,Violation_201,14,P8,7.393421,34,19.0,0.0
GLAS,glas034,Violation_201,14,O1,2.336211,34,19.0,0.0
GLAS,glas034,Violation_201,14,O2,0.7626995,34,19.0,0.0
GLAS,glas034,Violation_201,15,Pz,-32.47446,34,1.0,0.0
GLAS,glas034,Violation_201,15,Cz,-27.46768,34,1.0,0.0
GLAS,glas034,Violation_201,15,CP1,-16.80025,34,1.0,0.0
GLAS,glas034,Violation_201,15,CP2,-26.98026,34,1.0,0.0
GLAS,glas034,Violation_201,15,P3,-22.94255,34,1.0,0.0
GLAS,glas034,Violation_201,15,P4,-33.31992,34,1.0,0.0
GLAS,glas034,Violation_201,15,C3,-25.54143,34,1.0,0.0
GLAS,glas034,Violation_201,15,C4,-30.08676,34,1.0,0.0
GLAS,glas034,Violation_201,15,P7,-23.56097,34,1.0,0.0
GLAS,glas034,Violation_201,15,P8,-27.24375,34,1.0,0.0
GLAS,glas034,Violation_201,15,O1,-30.16328,34,1.0,0.0
GLAS,glas034,Violation_201,15,O2,-25.40336,34,1.0,0.0
GLAS,glas034,Control_202,16,Pz,10.6876,34,12.0,100.0
GLAS,glas034,Control_202,16,Cz,-3.336017,34,12.0,100.0
GLAS,glas034,Control_202,16,CP1,6.387477,34,12.0,100.0
GLAS,glas034,Control_202,16,CP2,6.127429,34,12.0,100.0
GLAS,glas034,Control_202,16,P3,1.858663,34,12.0,100.0
GLAS,glas034,Control_202,16,P4,27.71896,34,12.0,100.0
GLAS,glas034,Control_202,16,C3,2.562351,34,12.0,100.0
GLAS,glas034,Control_202,16,C4,4.886306,34,12.0,100.0
GLAS,glas034,Control_202,16,P7,3.031005,34,12.0,100.0
GLAS,glas034,Control_202,16,P8,18.13705,34,12.0,100.0
GLAS,glas034,Control_202,16,O1,7.915047,34,12.0,100.0
GLAS,glas034,Control_202,16,O2,5.839661,34,12.0,100.0
GLAS,glas034,Control_202,17,Pz,12.44133,34,9.0,93.0
GLAS,glas034,Control_202,17,Cz,-1.990214,34,9.0,93.0
GLAS,glas034,Control_202,17,CP1,-5.603124,34,9.0,93.0
GLAS,glas034,Control_202,17,CP2,4.884789,34,9.0,93.0
GLAS,glas034,Control_202,17,P3,8.999139,34,9.0,93.0
GLAS,glas034,Control_202,17,P4,8.070348,34,9.0,93.0
GLAS,glas034,Control_202,17,C3,0.6203065,34,9.0,93.0
GLAS,glas034,Control_202,17,C4,0.1844377,34,9.0,93.0
GLAS,glas034,Control_202,17,P7,8.441871,34,9.0,93.0
GLAS,glas034,Control_202,17,P8,7.72236,34,9.0,93.0
GLAS,glas034,Control_202,17,O1,3.468023,34,9.0,93.0
GLAS,glas034,Control_202,17,O2,5.384532,34,9.0,93.0
GLAS,glas034,Violation_201,18,Pz,7.824375,34,10.0,3.0
GLAS,glas034,Violation_201,18,Cz,-1.325693,34,10.0,3.0
GLAS,glas034,Violation_201,18,CP1,8.358184,34,10.0,3.0
GLAS,glas034,Violation_201,18,CP2,2.60653,34,10.0,3.0
GLAS,glas034,Violation_201,18,P3,8.367882,34,10.0,3.0
GLAS,glas034,Violation_201,18,P4,1.243403,34,10.0,3.0
GLAS,glas034,Violation_201,18,C3,-2.483645,34,10.0,3.0
GLAS,glas034,Violation_201,18,C4,0.06774765,34,10.0,3.0
GLAS,glas034,Violation_201,18,P7,8.677972,34,10.0,3.0
GLAS,glas034,Violation_201,18,P8,2.350063,34,10.0,3.0
GLAS,glas034,Violation_201,18,O1,10.16556,34,10.0,3.0
GLAS,glas034,Violation_201,18,O2,7.36586,34,10.0,3.0
GLAS,glas034,Violation_201,19,Pz,0.3632059,34,20.0,0.0
GLAS,glas034,Violation_201,19,Cz,-1.897057,34,20.0,0.0
GLAS,glas034,Violation_201,19,CP1,-20.20187,34,20.0,0.0
GLAS,glas034,Violation_201,19,CP2,3.134077,34,20.0,0.0
GLAS,glas034,Violation_201,19,P3,5.728222,34,20.0,0.0
GLAS,glas034,Violation_201,19,P4,0.5477461,34,20.0,0.0
GLAS,glas034,Violation_201,19,C3,-1.717849,34,20.0,0.0
GLAS,glas034,Violation_201,19,C4,0.0268256,34,20.0,0.0
GLAS,glas034,Violation_201,19,P7,5.316,34,20.0,0.0
GLAS,glas034,Violation_201,19,P8,2.054246,34,20.0,0.0
GLAS,glas034,Violation_201,19,O1,5.459589,34,20.0,0.0
GLAS,glas034,Violation_201,19,O2,5.303273,34,20.0,0.0
GLAS,glas034,Control_202,20,Pz,24.1147,34,11.0,87.0
GLAS,glas034,Control_202,20,Cz,19.87511,34,11.0,87.0
GLAS,glas034,Control_202,20,CP1,29.36239,34,11.0,87.0
GLAS,glas034,Control_202,20,CP2,15.80315,34,11.0,87.0
GLAS,glas034,Control_202,20,P3,22.92935,34,11.0,87.0
GLAS,glas034,Control_202,20,P4,29.22387,34,11.0,87.0
GLAS,glas034,Control_202,20,C3,25.84769,34,11.0,87.0
GLAS,glas034,Control_202,20,C4,21.38464,34,11.0,87.0
GLAS,glas034,Control_202,20,P7,22.69584,34,11.0,87.0
GLAS,glas034,Control_202,20,P8,12.49722,34,11.0,87.0
GLAS,glas034,Control_202,20,O1,31.53462,34,11.0,87.0
GLAS,glas034,Control_202,20,O2,7.857036,34,11.0,87.0
GLAS,glas034,Violation_201,21,Pz,-16.04902,34,33.0,0.0
GLAS,glas034,Violation_201,21,Cz,-13.24561,34,33.0,0.0
GLAS,glas034,Violation_201,21,CP1,1.411644,34,33.0,0.0
GLAS,glas034,Violation_201,21,CP2,-8.318063,34,33.0,0.0
GLAS,glas034,Violation_201,21,P3,-6.947386,34,33.0,0.0
GLAS,glas034,Violation_201,21,P4,-12.71999,34,33.0,0.0
GLAS,glas034,Violation_201,21,C3,-14.12771,34,33.0,0.0
GLAS,glas034,Violation_201,21,C4,-15.37396,34,33.0,0.0
GLAS,glas034,Violation_201,21,P7,-6.259683,34,33.0,0.0
GLAS,glas034,Violation_201,21,P8,-16.11287,34,33.0,0.0
GLAS,glas034,Violation_201,21,O1,-3.460187,34,33.0,0.0
GLAS,glas034,Violation_201,21,O2,-6.661625,34,33.0,0.0
GLAS,glas034,Control_202,22,Pz,-14.49685,34,23.0,93.0
GLAS,glas034,Control_202,22,Cz,-22.00662,34,23.0,93.0
GLAS,glas034,Control_202,22,CP1,26.69206,34,23.0,93.0
GLAS,glas034,Control_202,22,CP2,-20.2988,34,23.0,93.0
GLAS,glas034,Control_202,22,P3,-18.49961,34,23.0,93.0
GLAS,glas034,Control_202,22,P4,-30.40978,34,23.0,93.0
GLAS,glas034,Control_202,22,C3,-18.93587,34,23.0,93.0
GLAS,glas034,Control_202,22,C4,-18.1189,34,23.0,93.0
GLAS,glas034,Control_202,22,P7,-19.01931,34,23.0,93.0
GLAS,glas034,Control_202,22,P8,-20.86532,34,23.0,93.0
GLAS,glas034,Control_202,22,O1,-17.44344,34,23.0,93.0
GLAS,glas034,Control_202,22,O2,-10.31402,34,23.0,93.0
GLAS,glas034,Violation_201,23,Pz,3.804032,34,37.0,0.0
GLAS,glas034,Violation_201,23,Cz,6.7007,34,37.0,0.0
GLAS,glas034,Violation_201,23,CP1,-3.840965,34,37.0,0.0
GLAS,glas034,Violation_201,23,CP2,13.41338,34,37.0,0.0
GLAS,glas034,Violation_201,23,P3,10.04372,34,37.0,0.0
GLAS,glas034,Violation_201,23,P4,8.957623,34,37.0,0.0
GLAS,glas034,Violation_201,23,C3,13.56998,34,37.0,0.0
GLAS,glas034,Violation_201,23,C4,13.82247,34,37.0,0.0
GLAS,glas034,Violation_201,23,P7,9.37159,34,37.0,0.0
GLAS,glas034,Violation_201,23,P8,8.939883,34,37.0,0.0
GLAS,glas034,Violation_201,23,O1,3.659585,34,37.0,0.0
GLAS,glas034,Violation_201,23,O2,2.658707,34,37.0,0.0
GLAS,glas034,Violation_201,24,Pz,-15.77602,34,27.0,0.0
GLAS,glas034,Violation_201,24,Cz,-22.47109,34,27.0,0.0
GLAS,glas034,Violation_201,24,CP1,-18.51077,34,27.0,0.0
GLAS,glas034,Violation_201,24,CP2,-17.31444,34,27.0,0.0
GLAS,glas034,Violation_201,24,P3,-10.06771,34,27.0,0.0
GLAS,glas034,Violation_201,24,P4,-29.09222,34,27.0,0.0
GLAS,glas034,Violation_201,24,C3,-23.11668,34,27.0,0.0
GLAS,glas034,Violation_201,24,C4,-20.07679,34,27.0,0.0
GLAS,glas034,Violation_201,24,P7,-10.26334,34,27.0,0.0
GLAS,glas034,Violation_201,24,P8,-6.670221,34,27.0,0.0
GLAS,glas034,Violation_201,24,O1,-5.444966,34,27.0,0.0
GLAS,glas034,Violation_201,24,O2,-12.55187,34,27.0,0.0
GLAS,glas034,Violation_201,25,Pz,-12.51784,34,25.0,0.0
GLAS,glas034,Violation_201,25,Cz,-10.82892,34,25.0,0.0
GLAS,glas034,Violation_201,25,CP1,-7.924316,34,25.0,0.0
GLAS,glas034,Violation_201,25,CP2,-3.803394,34,25.0,0.0
GLAS,glas034,Violation_201,25,P3,-12.0065,34,25.0,0.0
GLAS,glas034,Violation_201,25,P4,-7.977865,34,25.0,0.0
GLAS,glas034,Violation_201,25,C3,-4.600521,34,25.0,0.0
GLAS,glas034,Violation_201,25,C4,-6.711668,34,25.0,0.0
GLAS,glas034,Violation_201,25,P7,-11.95028,34,25.0,0.0
GLAS,glas034,Violation_201,25,P8,-14.05492,34,25.0,0.0
GLAS,glas034,Violation_201,25,O1,-5.057329,34,25.0,0.0
GLAS,glas034,Violation_201,25,O2,-7.344619,34,25.0,0.0
GLAS,glas035,Control_202,1,Pz,-4.194325,35,13.0,97.0
GLAS,glas035,Control_202,1,Cz,-5.388671,35,13.0,97.0
GLAS,glas035,Control_202,1,CP1,0.02092678,35,13.0,97.0
GLAS,glas035,Control_202,1,CP2,-1.997505,35,13.0,97.0
GLAS,glas035,Control_202,1,P3,-3.103896,35,13.0,97.0
GLAS,glas035,Control_202,1,P4,-2.140094,35,13.0,97.0
GLAS,glas035,Control_202,1,C3,-1.138374,35,13.0,97.0
GLAS,glas035,Control_202,1,C4,-3.477371,35,13.0,97.0
GLAS,glas035,Control_202,1,P7,-4.266368,35,13.0,97.0
GLAS,glas035,Control_202,1,P8,-0.7487833,35,13.0,97.0
GLAS,glas035,Control_202,1,O1,-6.825855,35,13.0,97.0
GLAS,glas035,Control_202,1,O2,-10.93051,35,13.0,97.0
GLAS,glas035,Violation_201,2,Pz,15.92086,35,10.0,3.0
GLAS,glas035,Violation_201,2,Cz,13.82853,35,10.0,3.0
GLAS,glas035,Violation_201,2,CP1,17.02279,35,10.0,3.0
GLAS,glas035,Violation_201,2,CP2,11.61634,35,10.0,3.0
GLAS,glas035,Violation_201,2,P3,23.10751,35,10.0,3.0
GLAS,glas035,Violation_201,2,P4,14.44194,35,10.0,3.0
GLAS,glas035,Violation_201,2,C3,15.51258,35,10.0,3.0
GLAS,glas035,Violation_201,2,C4,16.86809,35,10.0,3.0
GLAS,glas035,Violation_201,2,P7,16.55726,35,10.0,3.0
GLAS,glas035,Violation_201,2,P8,15.71777,35,10.0,3.0
GLAS,glas035,Violation_201,2,O1,10.43917,35,10.0,3.0
GLAS,glas035,Violation_201,2,O2,11.23287,35,10.0,3.0
GLAS,glas035,Violation_201,3,Pz,5.771726,35,16.0,0.0
GLAS,glas035,Violation_201,3,Cz,9.32819,35,16.0,0.0
GLAS,glas035,Violation_201,3,CP1,6.706709,35,16.0,0.0
GLAS,glas035,Violation_201,3,CP2,2.853611,35,16.0,0.0
GLAS,glas035,Violation_201,3,P3,2.337872,35,16.0,0.0
GLAS,glas035,Violation_201,3,P4,8.992051,35,16.0,0.0
GLAS,glas035,Violation_201,3,C3,7.560989,35,16.0,0.0
GLAS,glas035,Violation_201,3,C4,15.58247,35,16.0,0.0
GLAS,glas035,Violation_201,3,P7,11.59238,35,16.0,0.0
GLAS,glas035,Violation_201,3,P8,11.19276,35,16.0,0.0
GLAS,glas035,Violation_201,3,O1,0.9733137,35,16.0,0.0
GLAS,glas035,Violation_201,3,O2,5.005491,35,16.0,0.0
GLAS,glas035,Control_202,4,Pz,-3.631312,35,9.0,93.0
GLAS,glas035,Control_202,4,Cz,-2.243763,35,9.0,93.0
GLAS,glas035,Control_202,4,CP1,-8.80172,35,9.0,93.0
GLAS,glas035,Control_202,4,CP2,-6.3471,35,9.0,93.0
GLAS,glas035,Control_202,4,P3,-8.262526,35,9.0,93.0
GLAS,glas035,Control_202,4,P4,-2.374365,35,9.0,93.0
GLAS,glas035,Control_202,4,C3,-1.68071,35,9.0,93.0
GLAS,glas035,Control_202,4,C4,7.98682,35,9.0,93.0
GLAS,glas035,Control_202,4,P7,-6.495734,35,9.0,93.0
GLAS,glas035,Control_202,4,P8,-2.479518,35,9.0,93.0
GLAS,glas035,Control_202,4,O1,-7.033341,35,9.0,93.0
GLAS,glas035,Control_202,4,O2,-0.8436681,35,9.0,93.0
GLAS,glas035,Violation_201,5,Pz,-24.25031,35,8.0,34.0
GLAS,glas035,Violation_201,5,Cz,-21.72893,35,8.0,34.0
GLAS,glas035,Violation_201,5,CP1,-17.95039,35,8.0,34.0
GLAS,glas035,Violation_201,5,CP2,-1.48052,35,8.0,34.0
GLAS,glas035,Violation_201,5,P3,-19.21936,35,8.0,34.0
GLAS,glas035,Violation_201,5,P4,-12.3033,35,8.0,34.0
GLAS,glas035,Violation_201,5,C3,-21.50546,35,8.0,34.0
GLAS,glas035,Violation_201,5,C4,-19.04345,35,8.0,34.0
GLAS,glas035,Violation_201,5,P7,-8.716475,35,8.0,34.0
GLAS,glas035,Violation_201,5,P8,-12.62098,35,8.0,34.0
GLAS,glas035,Violation_201,5,O1,1.115191,35,8.0,34.0
GLAS,glas035,Violation_201,5,O2,5.691841,35,8.0,34.0
GLAS,glas035,Control_202,6,Pz,-10.84147,35,2.0,100.0
GLAS,glas035,Control_202,6,Cz,-9.225479,35,2.0,100.0
GLAS,glas035,Control_202,6,CP1,-7.740486,35,2.0,100.0
GLAS,glas035,Control_202,6,CP2,-11.4834,35,2.0,100.0
GLAS,glas035,Control_202,6,P3,-11.48712,35,2.0,100.0
GLAS,glas035,Control_202,6,P4,-10.21457,35,2.0,100.0
GLAS,glas035,Control_202,6,C3,-10.63108,35,2.0,100.0
GLAS,glas035,Control_202,6,C4,-13.72776,35,2.0,100.0
GLAS,glas035,Control_202,6,P7,-12.66568,35,2.0,100.0
GLAS,glas035,Control_202,6,P8,-15.26253,35,2.0,100.0
GLAS,glas035,Control_202,6,O1,-5.183305,35,2.0,100.0
GLAS,glas035,Control_202,6,O2,-3.214982,35,2.0,100.0
GLAS,glas035,Violation_201,7,Pz,20.61208,35,1.0,0.0
GLAS,glas035,Violation_201,7,Cz,20.06471,35,1.0,0.0
GLAS,glas035,Violation_201,7,CP1,14.07421,35,1.0,0.0
GLAS,glas035,Violation_201,7,CP2,-5.805922,35,1.0,0.0
GLAS,glas035,Violation_201,7,P3,15.17586,35,1.0,0.0
GLAS,glas035,Violation_201,7,P4,17.48041,35,1.0,0.0
GLAS,glas035,Violation_201,7,C3,22.87205,35,1.0,0.0
GLAS,glas035,Violation_201,7,C4,24.48864,35,1.0,0.0
GLAS,glas035,Violation_201,7,P7,9.862937,35,1.0,0.0
GLAS,glas035,Violation_201,7,P8,15.72577,35,1.0,0.0
GLAS,glas035,Violation_201,7,O1,-5.693643,35,1.0,0.0
GLAS,glas035,Violation_201,7,O2,0.7191595,35,1.0,0.0
GLAS,glas035,Control_202,8,Pz,14.33919,35,5.0,93.0
GLAS,glas035,Control_202,8,Cz,13.76965,35,5.0,93.0
GLAS,glas035,Control_202,8,CP1,14.15074,35,5.0,93.0
GLAS,glas035,Control_202,8,CP2,43.46008,35,5.0,93.0
GLAS,glas035,Control_202,8,P3,11.21967,35,5.0,93.0
GLAS,glas035,Control_202,8,P4,13.06289,35,5.0,93.0
GLAS,glas035,Control_202,8,C3,13.44252,35,5.0,93.0
GLAS,glas035,Control_202,8,C4,12.51419,35,5.0,93.0
GLAS,glas035,Control_202,8,P7,14.12808,35,5.0,93.0
GLAS,glas035,Control_202,8,P8,11.09943,35,5.0,93.0
GLAS,glas035,Control_202,8,O1,-2.001523,35,5.0,93.0
GLAS,glas035,Control_202,8,O2,3.274439,35,5.0,93.0
GLAS,glas035,Violation_201,9,Pz,3.813299,35,4.0,20.0
GLAS,glas035,Violation_201,9,Cz,11.03361,35,4.0,20.0
GLAS,glas035,Violation_201,9,CP1,11.74693,35,4.0,20.0
GLAS,glas035,Violation_201,9,CP2,5.325661,35,4.0,20.0
GLAS,glas035,Violation_201,9,P3,6.375843,35,4.0,20.0
GLAS,glas035,Violation_201,9,P4,5.610819,35,4.0,20.0
GLAS,glas035,Violation_201,9,C3,7.637276,35,4.0,20.0
GLAS,glas035,Violation_201,9,C4,1.528013,35,4.0,20.0
GLAS,glas035,Violation_201,9,P7,8.864705,35,4.0,20.0
GLAS,glas035,Violation_201,9,P8,2.388832,35,4.0,20.0
GLAS,glas035,Violation_201,9,O1,7.456191,35,4.0,20.0
GLAS,glas035,Violation_201,9,O2,5.274866,35,4.0,20.0
GLAS,glas035,Violation_201,10,Pz,1.844663,35,3.0,7.0
GLAS,glas035,Violation_201,10,Cz,-1.378316,35,3.0,7.0
GLAS,glas035,Violation_201,10,CP1,8.268133,35,3.0,7.0
GLAS,glas035,Violation_201,10,CP2,8.839755,35,3.0,7.0
GLAS,glas035,Violation_201,10,P3,3.431048,35,3.0,7.0
GLAS,glas035,Violation_201,10,P4,-5.37977,35,3.0,7.0
GLAS,glas035,Violation_201,10,C3,-4.164748,35,3.0,7.0
GLAS,glas035,Violation_201,10,C4,-21.27025,35,3.0,7.0
GLAS,glas035,Violation_201,10,P7,4.719889,35,3.0,7.0
GLAS,glas035,Violation_201,10,P8,-13.0215,35,3.0,7.0
GLAS,glas035,Violation_201,10,O1,8.117955,35,3.0,7.0
GLAS,glas035,Violation_201,10,O2,-2.017121,35,3.0,7.0
GLAS,glas035,Violation_201,11,Pz,-24.05994,35,6.0,0.0
GLAS,glas035,Violation_201,11,Cz,-18.25528,35,6.0,0.0
GLAS,glas035,Violation_201,11,CP1,-10.96686,35,6.0,0.0
GLAS,glas035,Violation_201,11,CP2,-18.15014,35,6.0,0.0
GLAS,glas035,Violation_201,11,P3,-13.12086,35,6.0,0.0
GLAS,glas035,Violation_201,11,P4,-18.81074,35,6.0,0.0
GLAS,glas035,Violation_201,11,C3,-22.94378,35,6.0,0.0
GLAS,glas035,Violation_201,11,C4,-19.51903,35,6.0,0.0
GLAS,glas035,Violation_201,11,P7,-9.135231,35,6.0,0.0
GLAS,glas035,Violation_201,11,P8,-14.54416,35,6.0,0.0
GLAS,glas035,Violation_201,11,O1,1.543148,35,6.0,0.0
GLAS,glas035,Violation_201,11,O2,-12.21832,35,6.0,0.0
GLAS,glas035,Control_202,12,Pz,-6.240266,35,20.0,90.0
GLAS,glas035,Control_202,12,Cz,-8.822381,35,20.0,90.0
GLAS,glas035,Control_202,12,CP1,-3.014881,35,20.0,90.0
GLAS,glas035,Control_202,12,CP2,3.74867,35,20.0,90.0
GLAS,glas035,Control_202,12,P3,4.674908,35,20.0,90.0
GLAS,glas035,Control_202,12,P4,-8.614877,35,20.0,90.0
GLAS,glas035,Control_202,12,C3,-10.70221,35,20.0,90.0
GLAS,glas035,Control_202,12,C4,-14.65941,35,20.0,90.0
GLAS,glas035,Control_202,12,P7,-1.690158,35,20.0,90.0
GLAS,glas035,Control_202,12,P8,-7.745556,35,20.0,90.0
GLAS,glas035,Control_202,12,O1,0.06737051,35,20.0,90.0
GLAS,glas035,Control_202,12,O2,3.037951,35,20.0,90.0
GLAS,glas035,Violation_201,13,Pz,3.447505,35,19.0,0.0
GLAS,glas035,Violation_201,13,Cz,-4.149495,35,19.0,0.0
GLAS,glas035,Violation_201,13,CP1,-7.78959,35,19.0,0.0
GLAS,glas035,Violation_201,13,CP2,11.86483,35,19.0,0.0
GLAS,glas035,Violation_201,13,P3,-3.334376,35,19.0,0.0
GLAS,glas035,Violation_201,13,P4,2.385802,35,19.0,0.0
GLAS,glas035,Violation_201,13,C3,1.464221,35,19.0,0.0
GLAS,glas035,Violation_201,13,C4,-2.197945,35,19.0,0.0
GLAS,glas035,Violation_201,13,P7,3.97851,35,19.0,0.0
GLAS,glas035,Violation_201,13,P8,2.536572,35,19.0,0.0
GLAS,glas035,Violation_201,13,O1,-12.51988,35,19.0,0.0
GLAS,glas035,Violation_201,13,O2,12.88074,35,19.0,0.0
GLAS,glas035,Control_202,14,Pz,-28.88666,35,15.0,90.0
GLAS,glas035,Control_202,14,Cz,-28.73623,35,15.0,90.0
GLAS,glas035,Control_202,14,CP1,-25.17395,35,15.0,90.0
GLAS,glas035,Control_202,14,CP2,-24.94294,35,15.0,90.0
GLAS,glas035,Control_202,14,P3,-26.60142,35,15.0,90.0
GLAS,glas035,Control_202,14,P4,-32.13297,35,15.0,90.0
GLAS,glas035,Control_202,14,C3,-28.50344,35,15.0,90.0
GLAS,glas035,Control_202,14,C4,-33.26526,35,15.0,90.0
GLAS,glas035,Control_202,14,P7,-25.3336,35,15.0,90.0
GLAS,glas035,Control_202,14,P8,-29.77492,35,15.0,90.0
GLAS,glas035,Control_202,14,O1,-29.92196,35,15.0,90.0
GLAS,glas035,Control_202,14,O2,-24.8275,35,15.0,90.0
GLAS,glas035,Violation_201,15,Pz,-12.07266,35,12.0,13.0
GLAS,glas035,Violation_201,15,Cz,-12.15549,35,12.0,13.0
GLAS,glas035,Violation_201,15,CP1,-11.122,35,12.0,13.0
GLAS,glas035,Violation_201,15,CP2,6.127307,35,12.0,13.0
GLAS,glas035,Violation_201,15,P3,-6.214913,35,12.0,13.0
GLAS,glas035,Violation_201,15,P4,-15.21313,35,12.0,13.0
GLAS,glas035,Violation_201,15,C3,-14.45883,35,12.0,13.0
GLAS,glas035,Violation_201,15,C4,12.49622,35,12.0,13.0
GLAS,glas035,Violation_201,15,P7,-3.837204,35,12.0,13.0
GLAS,glas035,Violation_201,15,P8,-16.73976,35,12.0,13.0
GLAS,glas035,Violation_201,15,O1,-10.72442,35,12.0,13.0
GLAS,glas035,Violation_201,15,O2,-13.2102,35,12.0,13.0
GLAS,glas035,Violation_201,16,Pz,-10.76783,35,18.0,0.0
GLAS,glas035,Violation_201,16,Cz,-12.05795,35,18.0,0.0
GLAS,glas035,Violation_201,16,CP1,-10.85476,35,18.0,0.0
GLAS,glas035,Violation_201,16,CP2,-14.13748,35,18.0,0.0
GLAS,glas035,Violation_201,16,P3,-7.271543,35,18.0,0.0
GLAS,glas035,Violation_201,16,P4,-16.28561,35,18.0,0.0
GLAS,glas035,Violation_201,16,C3,-12.4133,35,18.0,0.0
GLAS,glas035,Violation_201,16,C4,-18.22474,35,18.0,0.0
GLAS,glas035,Violation_201,16,P7,-21.6258,35,18.0,0.0
GLAS,glas035,Violation_201,16,P8,-13.70085,35,18.0,0.0
GLAS,glas035,Violation_201,16,O1,-10.38601,35,18.0,0.0
GLAS,glas035,Violation_201,16,O2,-7.710993,35,18.0,0.0
GLAS,glas035,Violation_201,17,Pz,-9.450737,35,11.0,7.0
GLAS,glas035,Violation_201,17,Cz,-5.511621,35,11.0,7.0
GLAS,glas035,Violation_201,17,CP1,-3.501261,35,11.0,7.0
GLAS,glas035,Violation_201,17,CP2,2.535942,35,11.0,7.0
GLAS,glas035,Violation_201,17,P3,-6.998659,35,11.0,7.0
GLAS,glas035,Violation_201,17,P4,-4.695958,35,11.0,7.0
GLAS,glas035,Violation_201,17,C3,-5.665101,35,11.0,7.0
GLAS,glas035,Violation_201,17,C4,6.690864,35,11.0,7.0
GLAS,glas035,Violation_201,17,P7,2.429924,35,11.0,7.0
GLAS,glas035,Violation_201,17,P8,-5.231737,35,11.0,7.0
GLAS,glas035,Violation_201,17,O1,12.55145,35,11.0,7.0
GLAS,glas035,Violation_201,17,O2,3.633532,35,11.0,7.0
GLAS,glas035,Violation_201,18,Pz,-9.359679,35,14.0,0.0
GLAS,glas035,Violation_201,18,Cz,-14.58423,35,14.0,0.0
GLAS,glas035,Violation_201,18,CP1,-7.809441,35,14.0,0.0
GLAS,glas035,Violation_201,18,CP2,2.535994,35,14.0,0.0
GLAS,glas035,Violation_201,18,P3,-3.142975,35,14.0,0.0
GLAS,glas035,Violation_201,18,P4,-11.70293,35,14.0,0.0
GLAS,glas035,Violation_201,18,C3,-12.31046,35,14.0,0.0
GLAS,glas035,Violation_201,18,C4,-10.53113,35,14.0,0.0
GLAS,glas035,Violation_201,18,P7,6.191418,35,14.0,0.0
GLAS,glas035,Violation_201,18,P8,-6.018942,35,14.0,0.0
GLAS,glas035,Violation_201,18,O1,1.784842,35,14.0,0.0
GLAS,glas035,Violation_201,18,O2,-8.203404,35,14.0,0.0
GLAS,glas035,Control_202,19,Pz,25.31185,35,7.0,80.0
GLAS,glas035,Control_202,19,Cz,19.13926,35,7.0,80.0
GLAS,glas035,Control_202,19,CP1,17.81661,35,7.0,80.0
GLAS,glas035,Control_202,19,CP2,19.34825,35,7.0,80.0
GLAS,glas035,Control_202,19,P3,18.55419,35,7.0,80.0
GLAS,glas035,Control_202,19,P4,19.59435,35,7.0,80.0
GLAS,glas035,Control_202,19,C3,20.22005,35,7.0,80.0
GLAS,glas035,Control_202,19,C4,17.95844,35,7.0,80.0
GLAS,glas035,Control_202,19,P7,15.30015,35,7.0,80.0
GLAS,glas035,Control_202,19,P8,12.75093,35,7.0,80.0
GLAS,glas035,Control_202,19,O1,23.47075,35,7.0,80.0
GLAS,glas035,Control_202,19,O2,21.30845,35,7.0,80.0
GLAS,glas035,Control_202,20,Pz,-9.183334,35,17.0,62.0
GLAS,glas035,Control_202,20,Cz,-4.245955,35,17.0,62.0
GLAS,glas035,Control_202,20,CP1,-5.95249,35,17.0,62.0
GLAS,glas035,Control_202,20,CP2,-8.760014,35,17.0,62.0
GLAS,glas035,Control_202,20,P3,-16.85454,35,17.0,62.0
GLAS,glas035,Control_202,20,P4,-7.233648,35,17.0,62.0
GLAS,glas035,Control_202,20,C3,-6.364792,35,17.0,62.0
GLAS,glas035,Control_202,20,C4,-10.51131,35,17.0,62.0
GLAS,glas035,Control_202,20,P7,-12.8822,35,17.0,62.0
GLAS,glas035,Control_202,20,P8,-7.586149,35,17.0,62.0
GLAS,glas035,Control_202,20,O1,-17.58769,35,17.0,62.0
GLAS,glas035,Control_202,20,O2,-2.778428,35,17.0,62.0
GLAS,glas035,Violation_201,21,Pz,-5.53616,35,37.0,0.0
GLAS,glas035,Violation_201,21,Cz,-5.013339,35,37.0,0.0
GLAS,glas035,Violation_201,21,CP1,-15.40883,35,37.0,0.0
GLAS,glas035,Violation_201,21,CP2,-23.1945,35,37.0,0.0
GLAS,glas035,Violation_201,21,P3,-16.43526,35,37.0,0.0
GLAS,glas035,Violation_201,21,P4,-5.710447,35,37.0,0.0
GLAS,glas035,Violation_201,21,C3,-4.581573,35,37.0,0.0
GLAS,glas035,Violation_201,21,C4,3.980656,35,37.0,0.0
GLAS,glas035,Violation_201,21,P7,-25.93471,35,37.0,0.0
GLAS,glas035,Violation_201,21,P8,-3.15481,35,37.0,0.0
GLAS,glas035,Violation_201,21,O1,-26.85679,35,37.0,0.0
GLAS,glas035,Violation_201,21,O2,-9.276077,35,37.0,0.0
GLAS,glas035,Control_202,22,Pz,-7.536474,35,29.0,90.0
GLAS,glas035,Control_202,22,Cz,-0.7702097,35,29.0,90.0
GLAS,glas035,Control_202,22,CP1,-3.272213,35,29.0,90.0
GLAS,glas035,Control_202,22,CP2,-4.82998,35,29.0,90.0
GLAS,glas035,Control_202,22,P3,-11.29123,35,29.0,90.0
GLAS,glas035,Control_202,22,P4,-6.052799,35,29.0,90.0
GLAS,glas035,Control_202,22,C3,4.122781,35,29.0,90.0
GLAS,glas035,Control_202,22,C4,1.45254,35,29.0,90.0
GLAS,glas035,Control_202,22,P7,-15.79271,35,29.0,90.0
GLAS,glas035,Control_202,22,P8,-5.480597,35,29.0,90.0
GLAS,glas035,Control_202,22,O1,-16.65408,35,29.0,90.0
GLAS,glas035,Control_202,22,O2,-8.127637,35,29.0,90.0
GLAS,glas035,Control_202,23,Pz,15.09326,35,21.0,77.0
GLAS,glas035,Control_202,23,Cz,20.83835,35,21.0,77.0
GLAS,glas035,Control_202,23,CP1,17.40533,35,21.0,77.0
GLAS,glas035,Control_202,23,CP2,14.28776,35,21.0,77.0
GLAS,glas035,Control_202,23,P3,12.84622,35,21.0,77.0
GLAS,glas035,Control_202,23,P4,18.35471,35,21.0,77.0
GLAS,glas035,Control_202,23,C3,20.17041,35,21.0,77.0
GLAS,glas035,Control_202,23,C4,39.43906,35,21.0,77.0
GLAS,glas035,Control_202,23,P7,4.239028,35,21.0,77.0
GLAS,glas035,Control_202,23,P8,18.71075,35,21.0,77.0
GLAS,glas035,Control_202,23,O1,-3.106476,35,21.0,77.0
GLAS,glas035,Control_202,23,O2,6.548909,35,21.0,77.0
GLAS,glas035,Violation_201,24,Pz,-10.14773,35,34.0,30.0
GLAS,glas035,Violation_201,24,Cz,-5.382627,35,34.0,30.0
GLAS,glas035,Violation_201,24,CP1,-7.433141,35,34.0,30.0
GLAS,glas035,Violation_201,24,CP2,-0.9931203,35,34.0,30.0
GLAS,glas035,Violation_201,24,P3,-12.3548,35,34.0,30.0
GLAS,glas035,Violation_201,24,P4,-6.132952,35,34.0,30.0
GLAS,glas035,Violation_201,24,C3,-7.863949,35,34.0,30.0
GLAS,glas035,Violation_201,24,C4,-1.294053,35,34.0,30.0
GLAS,glas035,Violation_201,24,P7,-16.73867,35,34.0,30.0
GLAS,glas035,Violation_201,24,P8,-4.758223,35,34.0,30.0
GLAS,glas035,Violation_201,24,O1,-20.67785,35,34.0,30.0
GLAS,glas035,Violation_201,24,O2,-12.6286,35,34.0,30.0
GLAS,glas035,Control_202,25,Pz,8.583177,35,36.0,77.0
GLAS,glas035,Control_202,25,Cz,5.780291,35,36.0,77.0
GLAS,glas035,Control_202,25,CP1,6.590121,35,36.0,77.0
GLAS,glas035,Control_202,25,CP2,19.0249,35,36.0,77.0
GLAS,glas035,Control_202,25,P3,7.785495,35,36.0,77.0
GLAS,glas035,Control_202,25,P4,13.37282,35,36.0,77.0
GLAS,glas035,Control_202,25,C3,7.20399,35,36.0,77.0
GLAS,glas035,Control_202,25,C4,19.34391,35,36.0,77.0
GLAS,glas035,Control_202,25,P7,3.053978,35,36.0,77.0
GLAS,glas035,Control_202,25,P8,6.857861,35,36.0,77.0
GLAS,glas035,Control_202,25,O1,7.574903,35,36.0,77.0
GLAS,glas035,Control_202,25,O2,13.14378,35,36.0,77.0
GLAS,glas035,Control_202,26,Pz,-17.8123,35,30.0,90.0
GLAS,glas035,Control_202,26,Cz,-21.14426,35,30.0,90.0
GLAS,glas035,Control_202,26,CP1,-16.2913,35,30.0,90.0
GLAS,glas035,Control_202,26,CP2,-29.66794,35,30.0,90.0
GLAS,glas035,Control_202,26,P3,-15.90019,35,30.0,90.0
GLAS,glas035,Control_202,26,P4,-25.18715,35,30.0,90.0
GLAS,glas035,Control_202,26,C3,-24.22697,35,30.0,90.0
GLAS,glas035,Control_202,26,C4,-21.4102,35,30.0,90.0
GLAS,glas035,Control_202,26,P7,-13.80748,35,30.0,90.0
GLAS,glas035,Control_202,26,P8,-29.39083,35,30.0,90.0
GLAS,glas035,Control_202,26,O1,8.097495,35,30.0,90.0
GLAS,glas035,Control_202,26,O2,-31.57945,35,30.0,90.0
GLAS,glas035,Violation_201,27,Pz,-24.02105,35,27.0,0.0
GLAS,glas035,Violation_201,27,Cz,-22.04096,35,27.0,0.0
GLAS,glas035,Violation_201,27,CP1,-22.14985,35,27.0,0.0
GLAS,glas035,Violation_201,27,CP2,-7.356943,35,27.0,0.0
GLAS,glas035,Violation_201,27,P3,-23.23022,35,27.0,0.0
GLAS,glas035,Violation_201,27,P4,-18.10182,35,27.0,0.0
GLAS,glas035,Violation_201,27,C3,-22.39797,35,27.0,0.0
GLAS,glas035,Violation_201,27,C4,-26.20468,35,27.0,0.0
GLAS,glas035,Violation_201,27,P7,-35.07264,35,27.0,0.0
GLAS,glas035,Violation_201,27,P8,-9.031466,35,27.0,0.0
GLAS,glas035,Violation_201,27,O1,-20.08786,35,27.0,0.0
GLAS,glas035,Violation_201,27,O2,-10.63245,35,27.0,0.0
GLAS,glas035,Control_202,28,Pz,-24.66576,35,26.0,87.0
GLAS,glas035,Control_202,28,Cz,-27.18252,35,26.0,87.0
GLAS,glas035,Control_202,28,CP1,-30.35468,35,26.0,87.0
GLAS,glas035,Control_202,28,CP2,-26.32385,35,26.0,87.0
GLAS,glas035,Control_202,28,P3,-31.89573,35,26.0,87.0
GLAS,glas035,Control_202,28,P4,-29.83969,35,26.0,87.0
GLAS,glas035,Control_202,28,C3,-25.22969,35,26.0,87.0
GLAS,glas035,Control_202,28,C4,-35.46689,35,26.0,87.0
GLAS,glas035,Control_202,28,P7,-31.23087,35,26.0,87.0
GLAS,glas035,Control_202,28,P8,-22.95367,35,26.0,87.0
GLAS,glas035,Control_202,28,O1,-27.58496,35,26.0,87.0
GLAS,glas035,Control_202,28,O2,-18.5911,35,26.0,87.0
GLAS,glas035,Control_202,29,Pz,14.83271,35,31.0,77.0
GLAS,glas035,Control_202,29,Cz,-8.775518,35,31.0,77.0
GLAS,glas035,Control_202,29,CP1,-14.41824,35,31.0,77.0
GLAS,glas035,Control_202,29,CP2,-7.59098,35,31.0,77.0
GLAS,glas035,Control_202,29,P3,-11.04341,35,31.0,77.0
GLAS,glas035,Control_202,29,P4,-2.605543,35,31.0,77.0
GLAS,glas035,Control_202,29,C3,-4.685662,35,31.0,77.0
GLAS,glas035,Control_202,29,C4,13.55481,35,31.0,77.0
GLAS,glas035,Control_202,29,P7,-19.11658,35,31.0,77.0
GLAS,glas035,Control_202,29,P8,1.327474,35,31.0,77.0
GLAS,glas035,Control_202,29,O1,-9.439864,35,31.0,77.0
GLAS,glas035,Control_202,29,O2,-12.24767,35,31.0,77.0
GLAS,glas035,Violation_201,30,Pz,-29.36612,35,25.0,0.0
GLAS,glas035,Violation_201,30,Cz,-33.08746,35,25.0,0.0
GLAS,glas035,Violation_201,30,CP1,-36.63535,35,25.0,0.0
GLAS,glas035,Violation_201,30,CP2,-26.43281,35,25.0,0.0
GLAS,glas035,Violation_201,30,P3,-32.05641,35,25.0,0.0
GLAS,glas035,Violation_201,30,P4,-29.48967,35,25.0,0.0
GLAS,glas035,Violation_201,30,C3,-34.12754,35,25.0,0.0
GLAS,glas035,Violation_201,30,C4,-24.60393,35,25.0,0.0
GLAS,glas035,Violation_201,30,P7,-24.84517,35,25.0,0.0
GLAS,glas035,Violation_201,30,P8,-30.06771,35,25.0,0.0
GLAS,glas035,Violation_201,30,O1,21.46754,35,25.0,0.0
GLAS,glas035,Violation_201,30,O2,-31.95439,35,25.0,0.0
GLAS,glas035,Violation_201,31,Pz,-9.097142,35,24.0,40.0
GLAS,glas035,Violation_201,31,Cz,-12.77395,35,24.0,40.0
GLAS,glas035,Violation_201,31,CP1,-10.33737,35,24.0,40.0
GLAS,glas035,Violation_201,31,CP2,-33.44919,35,24.0,40.0
GLAS,glas035,Violation_201,31,P3,-5.519702,35,24.0,40.0
GLAS,glas035,Violation_201,31,P4,-21.0385,35,24.0,40.0
GLAS,glas035,Violation_201,31,C3,-11.36407,35,24.0,40.0
GLAS,glas035,Violation_201,31,C4,-3.990183,35,24.0,40.0
GLAS,glas035,Violation_201,31,P7,-15.15674,35,24.0,40.0
GLAS,glas035,Violation_201,31,P8,-27.37337,35,24.0,40.0
GLAS,glas035,Violation_201,31,O1,-3.766489,35,24.0,40.0
GLAS,glas035,Violation_201,31,O2,-28.42216,35,24.0,40.0
GLAS,glas036,Control_202,1,Pz,2.409429,36,15.0,90.0
GLAS,glas036,Control_202,1,Cz,4.270197,36,15.0,90.0
GLAS,glas036,Control_202,1,CP1,2.453961,36,15.0,90.0
GLAS,glas036,Control_202,1,CP2,4.167378,36,15.0,90.0
GLAS,glas036,Control_202,1,P3,-2.172559,36,15.0,90.0
GLAS,glas036,Control_202,1,P4,8.821214,36,15.0,90.0
GLAS,glas036,Control_202,1,C3,9.014117,36,15.0,90.0
GLAS,glas036,Control_202,1,C4,8.52669,36,15.0,90.0
GLAS,glas036,Control_202,1,P7,5.34147,36,15.0,90.0
GLAS,glas036,Control_202,1,P8,15.31478,36,15.0,90.0
GLAS,glas036,Control_202,1,O1,6.617908,36,15.0,90.0
GLAS,glas036,Control_202,1,O2,6.504003,36,15.0,90.0
GLAS,glas036,Violation_201,2,Pz,-8.276887,36,12.0,13.0
GLAS,glas036,Violation_201,2,Cz,-5.578344,36,12.0,13.0
GLAS,glas036,Violation_201,2,CP1,-9.012244,36,12.0,13.0
GLAS,glas036,Violation_201,2,CP2,-8.201325,36,12.0,13.0
GLAS,glas036,Violation_201,2,P3,-9.664488,36,12.0,13.0
GLAS,glas036,Violation_201,2,P4,-5.740043,36,12.0,13.0
GLAS,glas036,Violation_201,2,C3,-2.722888,36,12.0,13.0
GLAS,glas036,Violation_201,2,C4,-2.991259,36,12.0,13.0
GLAS,glas036,Violation_201,2,P7,-21.3266,36,12.0,13.0
GLAS,glas036,Violation_201,2,P8,-9.972067,36,12.0,13.0
GLAS,glas036,Violation_201,2,O1,-12.05669,36,12.0,13.0
GLAS,glas036,Violation_201,2,O2,-6.49985,36,12.0,13.0
GLAS,glas036,Violation_201,3,Pz,2.389275,36,16.0,0.0
GLAS,glas036,Violation_201,3,Cz,4.295558,36,16.0,0.0
GLAS,glas036,Violation_201,3,CP1,2.374041,36,16.0,0.0
GLAS,glas036,Violation_201,3,CP2,-1.262139,36,16.0,0.0
GLAS,glas036,Violation_201,3,P3,-9.925895,36,16.0,0.0
GLAS,glas036,Violation_201,3,P4,-3.930657,36,16.0,0.0
GLAS,glas036,Violation_201,3,C3,3.919892,36,16.0,0.0
GLAS,glas036,Violation_201,3,C4,4.501387,36,16.0,0.0
GLAS,glas036,Violation_201,3,P7,3.183299,36,16.0,0.0
GLAS,glas036,Violation_201,3,P8,-0.6211867,36,16.0,0.0
GLAS,glas036,Violation_201,3,O1,-8.191035,36,16.0,0.0
GLAS,glas036,Violation_201,3,O2,-4.392034,36,16.0,0.0
GLAS,glas036,Control_202,4,Pz,16.22198,36,6.0,100.0
GLAS,glas036,Control_202,4,Cz,14.17893,36,6.0,100.0
GLAS,glas036,Control_202,4,CP1,2.583445,36,6.0,100.0
GLAS,glas036,Control_202,4,CP2,2.679201,36,6.0,100.0
GLAS,glas036,Control_202,4,P3,4.351734,36,6.0,100.0
GLAS,glas036,Control_202,4,P4,12.81998,36,6.0,100.0
GLAS,glas036,Control_202,4,C3,14.41668,36,6.0,100.0
GLAS,glas036,Control_202,4,C4,15.8442,36,6.0,100.0
GLAS,glas036,Control_202,4,P7,0.2966908,36,6.0,100.0
GLAS,glas036,Control_202,4,P8,10.39984,36,6.0,100.0
GLAS,glas036,Control_202,4,O1,-5.903684,36,6.0,100.0
GLAS,glas036,Control_202,4,O2,-2.206628,36,6.0,100.0
GLAS,glas036,Control_202,5,Pz,13.86973,36,11.0,87.0
GLAS,glas036,Control_202,5,Cz,6.168694,36,11.0,87.0
GLAS,glas036,Control_202,5,CP1,10.10658,36,11.0,87.0
GLAS,glas036,Control_202,5,CP2,-2.281889,36,11.0,87.0
GLAS,glas036,Control_202,5,P3,-7.342881,36,11.0,87.0
GLAS,glas036,Control_202,5,P4,4.716455,36,11.0,87.0
GLAS,glas036,Control_202,5,C3,4.267006,36,11.0,87.0
GLAS,glas036,Control_202,5,C4,4.787361,36,11.0,87.0
GLAS,glas036,Control_202,5,P7,-3.082005,36,11.0,87.0
GLAS,glas036,Control_202,5,P8,9.581063,36,11.0,87.0
GLAS,glas036,Control_202,5,O1,-5.280357,36,11.0,87.0
GLAS,glas036,Control_202,5,O2,5.421012,36,11.0,87.0
GLAS,glas036,Violation_201,6,Pz,-4.606549,36,3.0,7.0
GLAS,glas036,Violation_201,6,Cz,1.394604,36,3.0,7.0
GLAS,glas036,Violation_201,6,CP1,-1.46273,36,3.0,7.0
GLAS,glas036,Violation_201,6,CP2,1.608718,36,3.0,7.0
GLAS,glas036,Violation_201,6,P3,-3.855143,36,3.0,7.0
GLAS,glas036,Violation_201,6,P4,-1.22241,36,3.0,7.0
GLAS,glas036,Violation_201,6,C3,1.123953,36,3.0,7.0
GLAS,glas036,Violation_201,6,C4,1.31428,36,3.0,7.0
GLAS,glas036,Violation_201,6,P7,9.684593,36,3.0,7.0
GLAS,glas036,Violation_201,6,P8,9.419287,36,3.0,7.0
GLAS,glas036,Violation_201,6,O1,9.369535,36,3.0,7.0
GLAS,glas036,Violation_201,6,O2,0.9908937,36,3.0,7.0
GLAS,glas036,Control_202,7,Pz,-3.218834,36,20.0,90.0
GLAS,glas036,Control_202,7,Cz,-2.996479,36,20.0,90.0
GLAS,glas036,Control_202,7,CP1,-1.967936,36,20.0,90.0
GLAS,glas036,Control_202,7,CP2,-1.380938,36,20.0,90.0
GLAS,glas036,Control_202,7,P3,-14.99325,36,20.0,90.0
GLAS,glas036,Control_202,7,P4,-3.011147,36,20.0,90.0
GLAS,glas036,Control_202,7,C3,-3.762577,36,20.0,90.0
GLAS,glas036,Control_202,7,C4,-4.138864,36,20.0,90.0
GLAS,glas036,Control_202,7,P7,-10.52162,36,20.0,90.0
GLAS,glas036,Control_202,7,P8,-4.874047,36,20.0,90.0
GLAS,glas036,Control_202,7,O1,-9.733253,36,20.0,90.0
GLAS,glas036,Control_202,7,O2,-6.156623,36,20.0,90.0
GLAS,glas036,Violation_201,8,Pz,-3.584431,36,19.0,0.0
GLAS,glas036,Violation_201,8,Cz,-6.694406,36,19.0,0.0
GLAS,glas036,Violation_201,8,CP1,8.172072,36,19.0,0.0
GLAS,glas036,Violation_201,8,CP2,0.5483059,36,19.0,0.0
GLAS,glas036,Violation_201,8,P3,-19.08025,36,19.0,0.0
GLAS,glas036,Violation_201,8,P4,-4.100151,36,19.0,0.0
GLAS,glas036,Violation_201,8,C3,-8.096326,36,19.0,0.0
GLAS,glas036,Violation_201,8,C4,-6.207813,36,19.0,0.0
GLAS,glas036,Violation_201,8,P7,-6.024821,36,19.0,0.0
GLAS,glas036,Violation_201,8,P8,-10.07876,36,19.0,0.0
GLAS,glas036,Violation_201,8,O1,0.1605997,36,19.0,0.0
GLAS,glas036,Violation_201,8,O2,4.682425,36,19.0,0.0
GLAS,glas036,Control_202,9,Pz,-20.95228,36,18.0,87.0
GLAS,glas036,Control_202,9,Cz,-18.30931,36,18.0,87.0
GLAS,glas036,Control_202,9,CP1,-18.37621,36,18.0,87.0
GLAS,glas036,Control_202,9,CP2,-23.6849,36,18.0,87.0
GLAS,glas036,Control_202,9,P3,-19.60217,36,18.0,87.0
GLAS,glas036,Control_202,9,P4,-23.20325,36,18.0,87.0
GLAS,glas036,Control_202,9,C3,-22.84302,36,18.0,87.0
GLAS,glas036,Control_202,9,C4,-21.49025,36,18.0,87.0
GLAS,glas036,Control_202,9,P7,-18.66398,36,18.0,87.0
GLAS,glas036,Control_202,9,P8,-26.17286,36,18.0,87.0
GLAS,glas036,Control_202,9,O1,-20.44216,36,18.0,87.0
GLAS,glas036,Control_202,9,O2,-20.75226,36,18.0,87.0
GLAS,glas036,Violation_201,10,Pz,-20.2739,36,9.0,3.0
GLAS,glas036,Violation_201,10,Cz,-18.10691,36,9.0,3.0
GLAS,glas036,Violation_201,10,CP1,-12.61583,36,9.0,3.0
GLAS,glas036,Violation_201,10,CP2,-16.02275,36,9.0,3.0
GLAS,glas036,Violation_201,10,P3,-6.938698,36,9.0,3.0
GLAS,glas036,Violation_201,10,P4,-13.61422,36,9.0,3.0
GLAS,glas036,Violation_201,10,C3,-16.31197,36,9.0,3.0
GLAS,glas036,Violation_201,10,C4,-19.45234,36,9.0,3.0
GLAS,glas036,Violation_201,10,P7,-16.56788,36,9.0,3.0
GLAS,glas036,Violation_201,10,P8,-15.03983,36,9.0,3.0
GLAS,glas036,Violation_201,10,O1,-16.51373,36,9.0,3.0
GLAS,glas036,Violation_201,10,O2,-16.63974,36,9.0,3.0
GLAS,glas036,Control_202,11,Pz,-10.33879,36,17.0,62.0
GLAS,glas036,Control_202,11,Cz,-17.0233,36,17.0,62.0
GLAS,glas036,Control_202,11,CP1,-15.20614,36,17.0,62.0
GLAS,glas036,Control_202,11,CP2,-12.38548,36,17.0,62.0
GLAS,glas036,Control_202,11,P3,-20.85848,36,17.0,62.0
GLAS,glas036,Control_202,11,P4,-6.425341,36,17.0,62.0
GLAS,glas036,Control_202,11,C3,-9.891162,36,17.0,62.0
GLAS,glas036,Control_202,11,C4,-13.64158,36,17.0,62.0
GLAS,glas036,Control_202,11,P7,-14.79008,36,17.0,62.0
GLAS,glas036,Control_202,11,P8,-14.12314,36,17.0,62.0
GLAS,glas036,Control_202,11,O1,-13.89556,36,17.0,62.0
GLAS,glas036,Control_202,11,O2,-7.447346,36,17.0,62.0
GLAS,glas036,Violation_201,12,Pz,1.525428,36,5.0,0.0
GLAS,glas036,Violation_201,12,Cz,6.191236,36,5.0,0.0
GLAS,glas036,Violation_201,12,CP1,-1.487984,36,5.0,0.0
GLAS,glas036,Violation_201,12,CP2,9.109174,36,5.0,0.0
GLAS,glas036,Violation_201,12,P3,16.13259,36,5.0,0.0
GLAS,glas036,Violation_201,12,P4,8.623611,36,5.0,0.0
GLAS,glas036,Violation_201,12,C3,8.681217,36,5.0,0.0
GLAS,glas036,Violation_201,12,C4,8.58909,36,5.0,0.0
GLAS,glas036,Violation_201,12,P7,-4.568938,36,5.0,0.0
GLAS,glas036,Violation_201,12,P8,11.26589,36,5.0,0.0
GLAS,glas036,Violation_201,12,O1,11.83314,36,5.0,0.0
GLAS,glas036,Violation_201,12,O2,7.89027,36,5.0,0.0
GLAS,glas036,Violation_201,13,Pz,-11.03169,36,4.0,20.0
GLAS,glas036,Violation_201,13,Cz,-11.36665,36,4.0,20.0
GLAS,glas036,Violation_201,13,CP1,-11.22209,36,4.0,20.0
GLAS,glas036,Violation_201,13,CP2,-9.821418,36,4.0,20.0
GLAS,glas036,Violation_201,13,P3,-12.72516,36,4.0,20.0
GLAS,glas036,Violation_201,13,P4,-11.45702,36,4.0,20.0
GLAS,glas036,Violation_201,13,C3,-11.49772,36,4.0,20.0
GLAS,glas036,Violation_201,13,C4,-14.56383,36,4.0,20.0
GLAS,glas036,Violation_201,13,P7,-8.558534,36,4.0,20.0
GLAS,glas036,Violation_201,13,P8,-10.85664,36,4.0,20.0
GLAS,glas036,Violation_201,13,O1,-8.942606,36,4.0,20.0
GLAS,glas036,Violation_201,13,O2,-2.180255,36,4.0,20.0
GLAS,glas036,Control_202,14,Pz,18.45923,36,14.0,90.0
GLAS,glas036,Control_202,14,Cz,16.53671,36,14.0,90.0
GLAS,glas036,Control_202,14,CP1,20.37208,36,14.0,90.0
GLAS,glas036,Control_202,14,CP2,13.26692,36,14.0,90.0
GLAS,glas036,Control_202,14,P3,26.52182,36,14.0,90.0
GLAS,glas036,Control_202,14,P4,21.84216,36,14.0,90.0
GLAS,glas036,Control_202,14,C3,15.82314,36,14.0,90.0
GLAS,glas036,Control_202,14,C4,17.11355,36,14.0,90.0
GLAS,glas036,Control_202,14,P7,8.64368,36,14.0,90.0
GLAS,glas036,Control_202,14,P8,11.90941,36,14.0,90.0
GLAS,glas036,Control_202,14,O1,13.36292,36,14.0,90.0
GLAS,glas036,Control_202,14,O2,13.81777,36,14.0,90.0
GLAS,glas036,Control_202,15,Pz,7.730974,36,7.0,80.0
GLAS,glas036,Control_202,15,Cz,8.805633,36,7.0,80.0
GLAS,glas036,Control_202,15,CP1,-3.245732,36,7.0,80.0
GLAS,glas036,Control_202,15,CP2,2.609729,36,7.0,80.0
GLAS,glas036,Control_202,15,P3,8.88374,36,7.0,80.0
GLAS,glas036,Control_202,15,P4,5.536712,36,7.0,80.0
GLAS,glas036,Control_202,15,C3,9.846547,36,7.0,80.0
GLAS,glas036,Control_202,15,C4,11.58136,36,7.0,80.0
GLAS,glas036,Control_202,15,P7,2.077799,36,7.0,80.0
GLAS,glas036,Control_202,15,P8,5.962617,36,7.0,80.0
GLAS,glas036,Control_202,15,O1,-3.487303,36,7.0,80.0
GLAS,glas036,Control_202,15,O2,10.00121,36,7.0,80.0
GLAS,glas036,Violation_201,16,Pz,2.609538,36,2.0,3.0
GLAS,glas036,Violation_201,16,Cz,2.866504,36,2.0,3.0
GLAS,glas036,Violation_201,16,CP1,13.00365,36,2.0,3.0
GLAS,glas036,Violation_201,16,CP2,6.154545,36,2.0,3.0
GLAS,glas036,Violation_201,16,P3,8.108673,36,2.0,3.0
GLAS,glas036,Violation_201,16,P4,-2.524956,36,2.0,3.0
GLAS,glas036,Violation_201,16,C3,-2.765553,36,2.0,3.0
GLAS,glas036,Violation_201,16,C4,-1.66129,36,2.0,3.0
GLAS,glas036,Violation_201,16,P7,11.92552,36,2.0,3.0
GLAS,glas036,Violation_201,16,P8,-12.28543,36,2.0,3.0
GLAS,glas036,Violation_201,16,O1,11.88321,36,2.0,3.0
GLAS,glas036,Violation_201,16,O2,2.790615,36,2.0,3.0
GLAS,glas036,Control_202,17,Pz,-8.393767,36,10.0,80.0
GLAS,glas036,Control_202,17,Cz,-14.40179,36,10.0,80.0
GLAS,glas036,Control_202,17,CP1,-15.93037,36,10.0,80.0
GLAS,glas036,Control_202,17,CP2,-13.54193,36,10.0,80.0
GLAS,glas036,Control_202,17,P3,-11.35677,36,10.0,80.0
GLAS,glas036,Control_202,17,P4,-16.72578,36,10.0,80.0
GLAS,glas036,Control_202,17,C3,-16.4547,36,10.0,80.0
GLAS,glas036,Control_202,17,C4,-15.41192,36,10.0,80.0
GLAS,glas036,Control_202,17,P7,-17.10275,36,10.0,80.0
GLAS,glas036,Control_202,17,P8,-17.03026,36,10.0,80.0
GLAS,glas036,Control_202,17,O1,-15.94461,36,10.0,80.0
GLAS,glas036,Control_202,17,O2,-14.29577,36,10.0,80.0
GLAS,glas036,Violation_201,18,Pz,0.008242942,36,8.0,34.0
GLAS,glas036,Violation_201,18,Cz,-4.22314,36,8.0,34.0
GLAS,glas036,Violation_201,18,CP1,-6.738043,36,8.0,34.0
GLAS,glas036,Violation_201,18,CP2,7.94965,36,8.0,34.0
GLAS,glas036,Violation_201,18,P3,-4.812562,36,8.0,34.0
GLAS,glas036,Violation_201,18,P4,-4.224361,36,8.0,34.0
GLAS,glas036,Violation_201,18,C3,-4.835594,36,8.0,34.0
GLAS,glas036,Violation_201,18,C4,-5.994617,36,8.0,34.0
GLAS,glas036,Violation_201,18,P7,2.449715,36,8.0,34.0
GLAS,glas036,Violation_201,18,P8,-5.095992,36,8.0,34.0
GLAS,glas036,Violation_201,18,O1,-2.408559,36,8.0,34.0
GLAS,glas036,Violation_201,18,O2,7.742334,36,8.0,34.0
GLAS,glas036,Violation_201,19,Pz,-2.545218,36,13.0,0.0
GLAS,glas036,Violation_201,19,Cz,0.09776612,36,13.0,0.0
GLAS,glas036,Violation_201,19,CP1,5.052372,36,13.0,0.0
GLAS,glas036,Violation_201,19,CP2,3.135408,36,13.0,0.0
GLAS,glas036,Violation_201,19,P3,8.18014,36,13.0,0.0
GLAS,glas036,Violation_201,19,P4,3.079561,36,13.0,0.0
GLAS,glas036,Violation_201,19,C3,0.7711585,36,13.0,0.0
GLAS,glas036,Violation_201,19,C4,3.552406,36,13.0,0.0
GLAS,glas036,Violation_201,19,P7,1.206643,36,13.0,0.0
GLAS,glas036,Violation_201,19,P8,-6.532902,36,13.0,0.0
GLAS,glas036,Violation_201,19,O1,-2.10151,36,13.0,0.0
GLAS,glas036,Violation_201,19,O2,3.522797,36,13.0,0.0
GLAS,glas036,Violation_201,20,Pz,-12.75576,36,1.0,0.0
GLAS,glas036,Violation_201,20,Cz,-14.04918,36,1.0,0.0
GLAS,glas036,Violation_201,20,CP1,-16.05502,36,1.0,0.0
GLAS,glas036,Violation_201,20,CP2,-14.37074,36,1.0,0.0
GLAS,glas036,Violation_201,20,P3,-10.79369,36,1.0,0.0
GLAS,glas036,Violation_201,20,P4,-18.62564,36,1.0,0.0
GLAS,glas036,Violation_201,20,C3,-12.21908,36,1.0,0.0
GLAS,glas036,Violation_201,20,C4,-16.19497,36,1.0,0.0
GLAS,glas036,Violation_201,20,P7,-15.63155,36,1.0,0.0
GLAS,glas036,Violation_201,20,P8,-17.00066,36,1.0,0.0
GLAS,glas036,Violation_201,20,O1,-19.46116,36,1.0,0.0
GLAS,glas036,Violation_201,20,O2,-18.88484,36,1.0,0.0
GLAS,glas036,Violation_201,21,Pz,-17.82205,36,31.0,0.0
GLAS,glas036,Violation_201,21,Cz,-22.7239,36,31.0,0.0
GLAS,glas036,Violation_201,21,CP1,-21.13025,36,31.0,0.0
GLAS,glas036,Violation_201,21,CP2,-14.14233,36,31.0,0.0
GLAS,glas036,Violation_201,21,P3,-22.75607,36,31.0,0.0
GLAS,glas036,Violation_201,21,P4,-18.56031,36,31.0,0.0
GLAS,glas036,Violation_201,21,C3,-20.07842,36,31.0,0.0
GLAS,glas036,Violation_201,21,C4,-19.66519,36,31.0,0.0
GLAS,glas036,Violation_201,21,P7,-18.0188,36,31.0,0.0
GLAS,glas036,Violation_201,21,P8,-19.38802,36,31.0,0.0
GLAS,glas036,Violation_201,21,O1,-11.83551,36,31.0,0.0
GLAS,glas036,Violation_201,21,O2,-14.05424,36,31.0,0.0
GLAS,glas036,Control_202,22,Pz,3.28064,36,32.0,80.0
GLAS,glas036,Control_202,22,Cz,11.52266,36,32.0,80.0
GLAS,glas036,Control_202,22,CP1,13.10843,36,32.0,80.0
GLAS,glas036,Control_202,22,CP2,2.02851,36,32.0,80.0
GLAS,glas036,Control_202,22,P3,0.7303706,36,32.0,80.0
GLAS,glas036,Control_202,22,P4,12.11963,36,32.0,80.0
GLAS,glas036,Control_202,22,C3,7.239252,36,32.0,80.0
GLAS,glas036,Control_202,22,C4,12.81087,36,32.0,80.0
GLAS,glas036,Control_202,22,P7,5.196181,36,32.0,80.0
GLAS,glas036,Control_202,22,P8,-1.013392,36,32.0,80.0
GLAS,glas036,Control_202,22,O1,2.464987,36,32.0,80.0
GLAS,glas036,Control_202,22,O2,8.705534,36,32.0,80.0
GLAS,glas036,Violation_201,23,Pz,6.014203,36,28.0,67.0
GLAS,glas036,Violation_201,23,Cz,1.156549,36,28.0,67.0
GLAS,glas036,Violation_201,23,CP1,5.225211,36,28.0,67.0
GLAS,glas036,Violation_201,23,CP2,4.769951,36,28.0,67.0
GLAS,glas036,Violation_201,23,P3,-4.158665,36,28.0,67.0
GLAS,glas036,Violation_201,23,P4,-0.200901,36,28.0,67.0
GLAS,glas036,Violation_201,23,C3,-1.49525,36,28.0,67.0
GLAS,glas036,Violation_201,23,C4,0.9531658,36,28.0,67.0
GLAS,glas036,Violation_201,23,P7,7.988929,36,28.0,67.0
GLAS,glas036,Violation_201,23,P8,4.578702,36,28.0,67.0
GLAS,glas036,Violation_201,23,O1,3.896589,36,28.0,67.0
GLAS,glas036,Violation_201,23,O2,3.183357,36,28.0,67.0
GLAS,glas036,Violation_201,24,Pz,8.122142,36,27.0,0.0
GLAS,glas036,Violation_201,24,Cz,1.502241,36,27.0,0.0
GLAS,glas036,Violation_201,24,CP1,5.972385,36,27.0,0.0
GLAS,glas036,Violation_201,24,CP2,2.316509,36,27.0,0.0
GLAS,glas036,Violation_201,24,P3,11.69188,36,27.0,0.0
GLAS,glas036,Violation_201,24,P4,5.328183,36,27.0,0.0
GLAS,glas036,Violation_201,24,C3,3.557259,36,27.0,0.0
GLAS,glas036,Violation_201,24,C4,3.167475,36,27.0,0.0
GLAS,glas036,Violation_201,24,P7,4.778674,36,27.0,0.0
GLAS,glas036,Violation_201,24,P8,5.848476,36,27.0,0.0
GLAS,glas036,Violation_201,24,O1,-33.94176,36,27.0,0.0
GLAS,glas036,Violation_201,24,O2,0.9162644,36,27.0,0.0
GLAS,glas036,Violation_201,25,Pz,0.1365028,36,33.0,0.0
GLAS,glas036,Violation_201,25,Cz,2.675579,36,33.0,0.0
GLAS,glas036,Violation_201,25,CP1,5.426593,36,33.0,0.0
GLAS,glas036,Violation_201,25,CP2,9.566659,36,33.0,0.0
GLAS,glas036,Violation_201,25,P3,-10.95509,36,33.0,0.0
GLAS,glas036,Violation_201,25,P4,5.50948,36,33.0,0.0
GLAS,glas036,Violation_201,25,C3,7.291495,36,33.0,0.0
GLAS,glas036,Violation_201,25,C4,5.854882,36,33.0,0.0
GLAS,glas036,Violation_201,25,P7,3.744668,36,33.0,0.0
GLAS,glas036,Violation_201,25,P8,8.018723,36,33.0,0.0
GLAS,glas036,Violation_201,25,O1,8.010917,36,33.0,0.0
GLAS,glas036,Violation_201,25,O2,14.15413,36,33.0,0.0
GLAS,glas036,Control_202,26,Pz,3.895133,36,21.0,77.0
GLAS,glas036,Control_202,26,Cz,-1.742697,36,21.0,77.0
GLAS,glas036,Control_202,26,CP1,3.69692,36,21.0,77.0
GLAS,glas036,Control_202,26,CP2,-0.658444,36,21.0,77.0
GLAS,glas036,Control_202,26,P3,2.490976,36,21.0,77.0
GLAS,glas036,Control_202,26,P4,-0.5313061,36,21.0,77.0
GLAS,glas036,Control_202,26,C3,-4.008774,36,21.0,77.0
GLAS,glas036,Control_202,26,C4,-5.067601,36,21.0,77.0
GLAS,glas036,Control_202,26,P7,6.356608,36,21.0,77.0
GLAS,glas036,Control_202,26,P8,-2.646459,36,21.0,77.0
GLAS,glas036,Control_202,26,O1,-16.79643,36,21.0,77.0
GLAS,glas036,Control_202,26,O2,4.140648,36,21.0,77.0
GLAS,glas036,Control_202,27,Pz,-20.87131,36,35.0,97.0
GLAS,glas036,Control_202,27,Cz,-21.05352,36,35.0,97.0
GLAS,glas036,Control_202,27,CP1,-19.89961,36,35.0,97.0
GLAS,glas036,Control_202,27,CP2,-12.60563,36,35.0,97.0
GLAS,glas036,Control_202,27,P3,-16.69121,36,35.0,97.0
GLAS,glas036,Control_202,27,P4,-17.42514,36,35.0,97.0
GLAS,glas036,Control_202,27,C3,-16.09642,36,35.0,97.0
GLAS,glas036,Control_202,27,C4,-22.17212,36,35.0,97.0
GLAS,glas036,Control_202,27,P7,-25.10049,36,35.0,97.0
GLAS,glas036,Control_202,27,P8,-19.35864,36,35.0,97.0
GLAS,glas036,Control_202,27,O1,-39.72451,36,35.0,97.0
GLAS,glas036,Control_202,27,O2,-12.9693,36,35.0,97.0
GLAS,glas036,Control_202,28,Pz,-27.47424,36,22.0,53.0
GLAS,glas036,Control_202,28,Cz,-31.91588,36,22.0,53.0
GLAS,glas036,Control_202,28,CP1,-28.33616,36,22.0,53.0
GLAS,glas036,Control_202,28,CP2,-23.75601,36,22.0,53.0
GLAS,glas036,Control_202,28,P3,-23.52831,36,22.0,53.0
GLAS,glas036,Control_202,28,P4,-31.08708,36,22.0,53.0
GLAS,glas036,Control_202,28,C3,-35.33726,36,22.0,53.0
GLAS,glas036,Control_202,28,C4,-32.76614,36,22.0,53.0
GLAS,glas036,Control_202,28,P7,-24.78344,36,22.0,53.0
GLAS,glas036,Control_202,28,P8,-29.24318,36,22.0,53.0
GLAS,glas036,Control_202,28,O1,-19.3048,36,22.0,53.0
GLAS,glas036,Control_202,28,O2,-30.03043,36,22.0,53.0
GLAS,glas036,Control_202,29,Pz,-5.745028,36,29.0,90.0
GLAS,glas036,Control_202,29,Cz,-5.298607,36,29.0,90.0
GLAS,glas036,Control_202,29,CP1,-8.555934,36,29.0,90.0
GLAS,glas036,Control_202,29,CP2,-3.655976,36,29.0,90.0
GLAS,glas036,Control_202,29,P3,-10.7506,36,29.0,90.0
GLAS,glas036,Control_202,29,P4,-4.873954,36,29.0,90.0
GLAS,glas036,Control_202,29,C3,-5.725766,36,29.0,90.0
GLAS,glas036,Control_202,29,C4,-5.803815,36,29.0,90.0
GLAS,glas036,Control_202,29,P7,-1.831466,36,29.0,90.0
GLAS,glas036,Control_202,29,P8,2.662108,36,29.0,90.0
GLAS,glas036,Control_202,29,O1,-9.222155,36,29.0,90.0
GLAS,glas036,Control_202,29,O2,-4.685164,36,29.0,90.0
GLAS,glas036,Violation_201,30,Pz,-16.84745,36,36.0,7.0
GLAS,glas036,Violation_201,30,Cz,-12.64563,36,36.0,7.0
GLAS,glas036,Violation_201,30,CP1,-5.605659,36,36.0,7.0
GLAS,glas036,Violation_201,30,CP2,-1.845429,36,36.0,7.0
GLAS,glas036,Violation_201,30,P3,-9.531052,36,36.0,7.0
GLAS,glas036,Violation_201,30,P4,-9.278604,36,36.0,7.0
GLAS,glas036,Violation_201,30,C3,-16.18852,36,36.0,7.0
GLAS,glas036,Violation_201,30,C4,-13.09281,36,36.0,7.0
GLAS,glas036,Violation_201,30,P7,-4.96899,36,36.0,7.0
GLAS,glas036,Violation_201,30,P8,-2.537553,36,36.0,7.0
GLAS,glas036,Violation_201,30,O1,-4.268078,36,36.0,7.0
GLAS,glas036,Violation_201,30,O2,-0.4627492,36,36.0,7.0
GLAS,glas036,Control_202,31,Pz,-3.672691,36,34.0,97.0
GLAS,glas036,Control_202,31,Cz,2.319778,36,34.0,97.0
GLAS,glas036,Control_202,31,CP1,11.388,36,34.0,97.0
GLAS,glas036,Control_202,31,CP2,1.059881,36,34.0,97.0
GLAS,glas036,Control_202,31,P3,2.723871,36,34.0,97.0
GLAS,glas036,Control_202,31,P4,4.919713,36,34.0,97.0
GLAS,glas036,Control_202,31,C3,4.150152,36,34.0,97.0
GLAS,glas036,Control_202,31,C4,1.331266,36,34.0,97.0
GLAS,glas036,Control_202,31,P7,2.756587,36,34.0,97.0
GLAS,glas036,Control_202,31,P8,4.956974,36,34.0,97.0
GLAS,glas036,Control_202,31,O1,-15.58819,36,34.0,97.0
GLAS,glas036,Control_202,31,O2,4.174995,36,34.0,97.0
GLAS,glas036,Violation_201,32,Pz,12.31794,36,39.0,0.0
GLAS,glas036,Violation_201,32,Cz,15.51047,36,39.0,0.0
GLAS,glas036,Violation_201,32,CP1,15.7284,36,39.0,0.0
GLAS,glas036,Violation_201,32,CP2,14.42493,36,39.0,0.0
GLAS,glas036,Violation_201,32,P3,12.15728,36,39.0,0.0
GLAS,glas036,Violation_201,32,P4,17.40423,36,39.0,0.0
GLAS,glas036,Violation_201,32,C3,15.64496,36,39.0,0.0
GLAS,glas036,Violation_201,32,C4,19.0072,36,39.0,0.0
GLAS,glas036,Violation_201,32,P7,13.51423,36,39.0,0.0
GLAS,glas036,Violation_201,32,P8,18.41451,36,39.0,0.0
GLAS,glas036,Violation_201,32,O1,13.81485,36,39.0,0.0
GLAS,glas036,Violation_201,32,O2,18.08123,36,39.0,0.0
GLAS,glas036,Violation_201,33,Pz,-7.645659,36,26.0,0.0
GLAS,glas036,Violation_201,33,Cz,-10.8272,36,26.0,0.0
GLAS,glas036,Violation_201,33,CP1,-9.821819,36,26.0,0.0
GLAS,glas036,Violation_201,33,CP2,-9.314404,36,26.0,0.0
GLAS,glas036,Violation_201,33,P3,7.787878,36,26.0,0.0
GLAS,glas036,Violation_201,33,P4,-9.621737,36,26.0,0.0
GLAS,glas036,Violation_201,33,C3,-7.352772,36,26.0,0.0
GLAS,glas036,Violation_201,33,C4,-14.48391,36,26.0,0.0
GLAS,glas036,Violation_201,33,P7,-4.754611,36,26.0,0.0
GLAS,glas036,Violation_201,33,P8,-12.49145,36,26.0,0.0
GLAS,glas036,Violation_201,33,O1,-2.579455,36,26.0,0.0
GLAS,glas036,Violation_201,33,O2,-9.854547,36,26.0,0.0
GLAS,glas036,Control_202,34,Pz,9.508275,36,38.0,93.0
GLAS,glas036,Control_202,34,Cz,6.422717,36,38.0,93.0
GLAS,glas036,Control_202,34,CP1,10.59563,36,38.0,93.0
GLAS,glas036,Control_202,34,CP2,-0.3526071,36,38.0,93.0
GLAS,glas036,Control_202,34,P3,-3.442456,36,38.0,93.0
GLAS,glas036,Control_202,34,P4,5.728507,36,38.0,93.0
GLAS,glas036,Control_202,34,C3,4.908265,36,38.0,93.0
GLAS,glas036,Control_202,34,C4,7.523353,36,38.0,93.0
GLAS,glas036,Control_202,34,P7,6.431879,36,38.0,93.0
GLAS,glas036,Control_202,34,P8,14.09614,36,38.0,93.0
GLAS,glas036,Control_202,34,O1,1.880373,36,38.0,93.0
GLAS,glas036,Control_202,34,O2,12.57444,36,38.0,93.0
GLAS,glas036,Violation_201,35,Pz,9.092552,36,23.0,3.0
GLAS,glas036,Violation_201,35,Cz,3.465772,36,23.0,3.0
GLAS,glas036,Violation_201,35,CP1,-3.623417,36,23.0,3.0
GLAS,glas036,Violation_201,35,CP2,9.190974,36,23.0,3.0
GLAS,glas036,Violation_201,35,P3,-12.42886,36,23.0,3.0
GLAS,glas036,Violation_201,35,P4,5.792331,36,23.0,3.0
GLAS,glas036,Violation_201,35,C3,6.234298,36,23.0,3.0
GLAS,glas036,Violation_201,35,C4,4.345803,36,23.0,3.0
GLAS,glas036,Violation_201,35,P7,9.460454,36,23.0,3.0
GLAS,glas036,Violation_201,35,P8,16.05701,36,23.0,3.0
GLAS,glas036,Violation_201,35,O1,17.0855,36,23.0,3.0
GLAS,glas036,Violation_201,35,O2,10.81336,36,23.0,3.0
GLAS,glas036,Violation_201,36,Pz,-21.45821,36,37.0,0.0
GLAS,glas036,Violation_201,36,Cz,-12.55702,36,37.0,0.0
GLAS,glas036,Violation_201,36,CP1,-4.910876,36,37.0,0.0
GLAS,glas036,Violation_201,36,CP2,-7.296482,36,37.0,0.0
GLAS,glas036,Violation_201,36,P3,-8.29681,36,37.0,0.0
GLAS,glas036,Violation_201,36,P4,-14.08358,36,37.0,0.0
GLAS,glas036,Violation_201,36,C3,-17.17408,36,37.0,0.0
GLAS,glas036,Violation_201,36,C4,-18.80972,36,37.0,0.0
GLAS,glas036,Violation_201,36,P7,-8.275238,36,37.0,0.0
GLAS,glas036,Violation_201,36,P8,-17.25177,36,37.0,0.0
GLAS,glas036,Violation_201,36,O1,-2.63551,36,37.0,0.0
GLAS,glas036,Violation_201,36,O2,-8.415879,36,37.0,0.0
GLAS,glas036,Control_202,37,Pz,-20.65847,36,25.0,97.0
GLAS,glas036,Control_202,37,Cz,-13.71026,36,25.0,97.0
GLAS,glas036,Control_202,37,CP1,-10.92077,36,25.0,97.0
GLAS,glas036,Control_202,37,CP2,-14.02045,36,25.0,97.0
GLAS,glas036,Control_202,37,P3,-19.10007,36,25.0,97.0
GLAS,glas036,Control_202,37,P4,-18.7925,36,25.0,97.0
GLAS,glas036,Control_202,37,C3,-20.25272,36,25.0,97.0
GLAS,glas036,Control_202,37,C4,-16.05634,36,25.0,97.0
GLAS,glas036,Control_202,37,P7,-12.05268,36,25.0,97.0
GLAS,glas036,Control_202,37,P8,-19.53839,36,25.0,97.0
GLAS,glas036,Control_202,37,O1,-5.419648,36,25.0,97.0
GLAS,glas036,Control_202,37,O2,-18.49962,36,25.0,97.0
GLAS,glas036,Control_202,38,Pz,-17.76981,36,40.0,93.0
GLAS,glas036,Control_202,38,Cz,-16.30248,36,40.0,93.0
GLAS,glas036,Control_202,38,CP1,-10.16796,36,40.0,93.0
GLAS,glas036,Control_202,38,CP2,-15.58493,36,40.0,93.0
GLAS,glas036,Control_202,38,P3,-10.21876,36,40.0,93.0
GLAS,glas036,Control_202,38,P4,-15.50084,36,40.0,93.0
GLAS,glas036,Control_202,38,C3,-24.19268,36,40.0,93.0
GLAS,glas036,Control_202,38,C4,-12.99865,36,40.0,93.0
GLAS,glas036,Control_202,38,P7,2.195419,36,40.0,93.0
GLAS,glas036,Control_202,38,P8,-14.63686,36,40.0,93.0
GLAS,glas036,Control_202,38,O1,-4.863898,36,40.0,93.0
GLAS,glas036,Control_202,38,O2,-7.038262,36,40.0,93.0
GLAS,glas036,Control_202,39,Pz,-23.34443,36,24.0,93.0
GLAS,glas036,Control_202,39,Cz,-25.07431,36,24.0,93.0
GLAS,glas036,Control_202,39,CP1,-23.7621,36,24.0,93.0
GLAS,glas036,Control_202,39,CP2,-24.50244,36,24.0,93.0
GLAS,glas036,Control_202,39,P3,-17.67745,36,24.0,93.0
GLAS,glas036,Control_202,39,P4,-30.13367,36,24.0,93.0
GLAS,glas036,Control_202,39,C3,-24.3675,36,24.0,93.0
GLAS,glas036,Control_202,39,C4,-27.16337,36,24.0,93.0
GLAS,glas036,Control_202,39,P7,-22.83764,36,24.0,93.0
GLAS,glas036,Control_202,39,P8,-34.48713,36,24.0,93.0
GLAS,glas036,Control_202,39,O1,-19.27964,36,24.0,93.0
GLAS,glas036,Control_202,39,O2,-30.21479,36,24.0,93.0
GLAS,glas037,Control_202,1,Pz,-7.602234,37,14.0,90.0
GLAS,glas037,Control_202,1,Cz,-5.627325,37,14.0,90.0
GLAS,glas037,Control_202,1,CP1,-1.999678,37,14.0,90.0
GLAS,glas037,Control_202,1,CP2,-6.906688,37,14.0,90.0
GLAS,glas037,Control_202,1,P3,-6.117697,37,14.0,90.0
GLAS,glas037,Control_202,1,P4,-7.189452,37,14.0,90.0
GLAS,glas037,Control_202,1,C3,-6.169452,37,14.0,90.0
GLAS,glas037,Control_202,1,C4,-6.785984,37,14.0,90.0
GLAS,glas037,Control_202,1,P7,-9.465481,37,14.0,90.0
GLAS,glas037,Control_202,1,P8,-11.94374,37,14.0,90.0
GLAS,glas037,Control_202,1,O1,-11.18703,37,14.0,90.0
GLAS,glas037,Control_202,1,O2,-4.80619,37,14.0,90.0
GLAS,glas037,Control_202,2,Pz,0.7956654,37,15.0,90.0
GLAS,glas037,Control_202,2,Cz,-2.61211,37,15.0,90.0
GLAS,glas037,Control_202,2,CP1,-1.449976,37,15.0,90.0
GLAS,glas037,Control_202,2,CP2,-3.892191,37,15.0,90.0
GLAS,glas037,Control_202,2,P3,-0.6600605,37,15.0,90.0
GLAS,glas037,Control_202,2,P4,-2.435339,37,15.0,90.0
GLAS,glas037,Control_202,2,C3,0.3470217,37,15.0,90.0
GLAS,glas037,Control_202,2,C4,-1.226006,37,15.0,90.0
GLAS,glas037,Control_202,2,P7,-1.386739,37,15.0,90.0
GLAS,glas037,Control_202,2,P8,-4.787539,37,15.0,90.0
GLAS,glas037,Control_202,2,O1,0.4054359,37,15.0,90.0
GLAS,glas037,Control_202,2,O2,1.506106,37,15.0,90.0
GLAS,glas037,Control_202,3,Pz,-0.6985396,37,13.0,97.0
GLAS,glas037,Control_202,3,Cz,-3.976695,37,13.0,97.0
GLAS,glas037,Control_202,3,CP1,-4.907096,37,13.0,97.0
GLAS,glas037,Control_202,3,CP2,-1.709056,37,13.0,97.0
GLAS,glas037,Control_202,3,P3,-0.3632884,37,13.0,97.0
GLAS,glas037,Control_202,3,P4,-2.754292,37,13.0,97.0
GLAS,glas037,Control_202,3,C3,-2.148859,37,13.0,97.0
GLAS,glas037,Control_202,3,C4,-3.146126,37,13.0,97.0
GLAS,glas037,Control_202,3,P7,1.602488,37,13.0,97.0
GLAS,glas037,Control_202,3,P8,-4.439812,37,13.0,97.0
GLAS,glas037,Control_202,3,O1,2.220555,37,13.0,97.0
GLAS,glas037,Control_202,3,O2,-1.252022,37,13.0,97.0
GLAS,glas037,Violation_201,4,Pz,-3.702434,37,10.0,3.0
GLAS,glas037,Violation_201,4,Cz,3.423724,37,10.0,3.0
GLAS,glas037,Violation_201,4,CP1,-5.099541,37,10.0,3.0
GLAS,glas037,Violation_201,4,CP2,-3.940724,37,10.0,3.0
GLAS,glas037,Violation_201,4,P3,-2.632139,37,10.0,3.0
GLAS,glas037,Violation_201,4,P4,-4.606877,37,10.0,3.0
GLAS,glas037,Violation_201,4,C3,-4.62184,37,10.0,3.0
GLAS,glas037,Violation_201,4,C4,-4.262208,37,10.0,3.0
GLAS,glas037,Violation_201,4,P7,3.322487,37,10.0,3.0
GLAS,glas037,Violation_201,4,P8,-4.162969,37,10.0,3.0
GLAS,glas037,Violation_201,4,O1,-0.5222926,37,10.0,3.0
GLAS,glas037,Violation_201,4,O2,-2.229747,37,10.0,3.0
GLAS,glas037,Violation_201,5,Pz,-10.89863,37,5.0,0.0
GLAS,glas037,Violation_201,5,Cz,-8.574648,37,5.0,0.0
GLAS,glas037,Violation_201,5,CP1,-8.334605,37,5.0,0.0
GLAS,glas037,Violation_201,5,CP2,-8.699629,37,5.0,0.0
GLAS,glas037,Violation_201,5,P3,-10.46191,37,5.0,0.0
GLAS,glas037,Violation_201,5,P4,-9.274049,37,5.0,0.0
GLAS,glas037,Violation_201,5,C3,-8.194768,37,5.0,0.0
GLAS,glas037,Violation_201,5,C4,-8.187098,37,5.0,0.0
GLAS,glas037,Violation_201,5,P7,-14.55417,37,5.0,0.0
GLAS,glas037,Violation_201,5,P8,-11.1758,37,5.0,0.0
GLAS,glas037,Violation_201,5,O1,-13.03675,37,5.0,0.0
GLAS,glas037,Violation_201,5,O2,-10.82952,37,5.0,0.0
GLAS,glas037,Violation_201,6,Pz,-7.510766,37,18.0,0.0
GLAS,glas037,Violation_201,6,Cz,-9.321917,37,18.0,0.0
GLAS,glas037,Violation_201,6,CP1,-11.45989,37,18.0,0.0
GLAS,glas037,Violation_201,6,CP2,-1.61154,37,18.0,0.0
GLAS,glas037,Violation_201,6,P3,-8.359787,37,18.0,0.0
GLAS,glas037,Violation_201,6,P4,-5.868168,37,18.0,0.0
GLAS,glas037,Violation_201,6,C3,-5.545952,37,18.0,0.0
GLAS,glas037,Violation_201,6,C4,-4.59305,37,18.0,0.0
GLAS,glas037,Violation_201,6,P7,-17.36672,37,18.0,0.0
GLAS,glas037,Violation_201,6,P8,-5.832213,37,18.0,0.0
GLAS,glas037,Violation_201,6,O1,-8.661043,37,18.0,0.0
GLAS,glas037,Violation_201,6,O2,0.5527197,37,18.0,0.0
GLAS,glas037,Control_202,7,Pz,5.385436,37,3.0,100.0
GLAS,glas037,Control_202,7,Cz,7.491188,37,3.0,100.0
GLAS,glas037,Control_202,7,CP1,9.471483,37,3.0,100.0
GLAS,glas037,Control_202,7,CP2,7.799857,37,3.0,100.0
GLAS,glas037,Control_202,7,P3,6.58517,37,3.0,100.0
GLAS,glas037,Control_202,7,P4,6.262764,37,3.0,100.0
GLAS,glas037,Control_202,7,C3,7.45254,37,3.0,100.0
GLAS,glas037,Control_202,7,C4,7.130611,37,3.0,100.0
GLAS,glas037,Control_202,7,P7,-0.3364412,37,3.0,100.0
GLAS,glas037,Control_202,7,P8,8.650037,37,3.0,100.0
GLAS,glas037,Control_202,7,O1,1.513356,37,3.0,100.0
GLAS,glas037,Control_202,7,O2,9.160169,37,3.0,100.0
GLAS,glas037,Violation_201,8,Pz,0.9564652,37,17.0,0.0
GLAS,glas037,Violation_201,8,Cz,-0.293498,37,17.0,0.0
GLAS,glas037,Violation_201,8,CP1,-3.554499,37,17.0,0.0
GLAS,glas037,Violation_201,8,CP2,-4.6577,37,17.0,0.0
GLAS,glas037,Violation_201,8,P3,-1.561106,37,17.0,0.0
GLAS,glas037,Violation_201,8,P4,-1.106458,37,17.0,0.0
GLAS,glas037,Violation_201,8,C3,0.5744576,37,17.0,0.0
GLAS,glas037,Violation_201,8,C4,0.8710461,37,17.0,0.0
GLAS,glas037,Violation_201,8,P7,-3.005298,37,17.0,0.0
GLAS,glas037,Violation_201,8,P8,-1.555389,37,17.0,0.0
GLAS,glas037,Violation_201,8,O1,-0.1010002,37,17.0,0.0
GLAS,glas037,Violation_201,8,O2,-4.143909,37,17.0,0.0
GLAS,glas037,Violation_201,9,Pz,16.16548,37,19.0,0.0
GLAS,glas037,Violation_201,9,Cz,13.54351,37,19.0,0.0
GLAS,glas037,Violation_201,9,CP1,12.96292,37,19.0,0.0
GLAS,glas037,Violation_201,9,CP2,12.80908,37,19.0,0.0
GLAS,glas037,Violation_201,9,P3,13.6778,37,19.0,0.0
GLAS,glas037,Violation_201,9,P4,13.38373,37,19.0,0.0
GLAS,glas037,Violation_201,9,C3,13.41503,37,19.0,0.0
GLAS,glas037,Violation_201,9,C4,13.52168,37,19.0,0.0
GLAS,glas037,Violation_201,9,P7,10.16753,37,19.0,0.0
GLAS,glas037,Violation_201,9,P8,4.808702,37,19.0,0.0
GLAS,glas037,Violation_201,9,O1,11.84699,37,19.0,0.0
GLAS,glas037,Violation_201,9,O2,6.704663,37,19.0,0.0
GLAS,glas037,Violation_201,10,Pz,11.46948,37,12.0,13.0
GLAS,glas037,Violation_201,10,Cz,6.427202,37,12.0,13.0
GLAS,glas037,Violation_201,10,CP1,2.462379,37,12.0,13.0
GLAS,glas037,Violation_201,10,CP2,-0.8151233,37,12.0,13.0
GLAS,glas037,Violation_201,10,P3,2.49205,37,12.0,13.0
GLAS,glas037,Violation_201,10,P4,6.308122,37,12.0,13.0
GLAS,glas037,Violation_201,10,C3,9.566934,37,12.0,13.0
GLAS,glas037,Violation_201,10,C4,7.492712,37,12.0,13.0
GLAS,glas037,Violation_201,10,P7,-11.3,37,12.0,13.0
GLAS,glas037,Violation_201,10,P8,7.797709,37,12.0,13.0
GLAS,glas037,Violation_201,10,O1,-3.863787,37,12.0,13.0
GLAS,glas037,Violation_201,10,O2,0.2007049,37,12.0,13.0
GLAS,glas037,Violation_201,11,Pz,-19.63812,37,16.0,0.0
GLAS,glas037,Violation_201,11,Cz,-16.55786,37,16.0,0.0
GLAS,glas037,Violation_201,11,CP1,-21.11833,37,16.0,0.0
GLAS,glas037,Violation_201,11,CP2,-23.04185,37,16.0,0.0
GLAS,glas037,Violation_201,11,P3,-17.14263,37,16.0,0.0
GLAS,glas037,Violation_201,11,P4,-21.79516,37,16.0,0.0
GLAS,glas037,Violation_201,11,C3,-20.25305,37,16.0,0.0
GLAS,glas037,Violation_201,11,C4,-20.44002,37,16.0,0.0
GLAS,glas037,Violation_201,11,P7,-24.13252,37,16.0,0.0
GLAS,glas037,Violation_201,11,P8,-23.8344,37,16.0,0.0
GLAS,glas037,Violation_201,11,O1,-19.87464,37,16.0,0.0
GLAS,glas037,Violation_201,11,O2,-23.54225,37,16.0,0.0
GLAS,glas037,Control_202,12,Pz,-21.43792,37,9.0,93.0
GLAS,glas037,Control_202,12,Cz,-21.41936,37,9.0,93.0
GLAS,glas037,Control_202,12,CP1,-19.17021,37,9.0,93.0
GLAS,glas037,Control_202,12,CP2,-14.50052,37,9.0,93.0
GLAS,glas037,Control_202,12,P3,-20.12912,37,9.0,93.0
GLAS,glas037,Control_202,12,P4,-17.51678,37,9.0,93.0
GLAS,glas037,Control_202,12,C3,-20.40194,37,9.0,93.0
GLAS,glas037,Control_202,12,C4,-18.95915,37,9.0,93.0
GLAS,glas037,Control_202,12,P7,-22.09333,37,9.0,93.0
GLAS,glas037,Control_202,12,P8,-17.84889,37,9.0,93.0
GLAS,glas037,Control_202,12,O1,-11.38639,37,9.0,93.0
GLAS,glas037,Control_202,12,O2,-9.29511,37,9.0,93.0
GLAS,glas037,Violation_201,13,Pz,-5.068299,37,7.0,0.0
GLAS,glas037,Violation_201,13,Cz,-6.648538,37,7.0,0.0
GLAS,glas037,Violation_201,13,CP1,-3.059612,37,7.0,0.0
GLAS,glas037,Violation_201,13,CP2,-5.904209,37,7.0,0.0
GLAS,glas037,Violation_201,13,P3,-4.401886,37,7.0,0.0
GLAS,glas037,Violation_201,13,P4,-6.525481,37,7.0,0.0
GLAS,glas037,Violation_201,13,C3,-9.852648,37,7.0,0.0
GLAS,glas037,Violation_201,13,C4,-8.518228,37,7.0,0.0
GLAS,glas037,Violation_201,13,P7,-3.719965,37,7.0,0.0
GLAS,glas037,Violation_201,13,P8,-8.577623,37,7.0,0.0
GLAS,glas037,Violation_201,13,O1,-5.694778,37,7.0,0.0
GLAS,glas037,Violation_201,13,O2,-7.814757,37,7.0,0.0
GLAS,glas037,Control_202,14,Pz,-10.75004,37,1.0,97.0
GLAS,glas037,Control_202,14,Cz,-10.7486,37,1.0,97.0
GLAS,glas037,Control_202,14,CP1,-7.792788,37,1.0,97.0
GLAS,glas037,Control_202,14,CP2,-7.662476,37,1.0,97.0
GLAS,glas037,Control_202,14,P3,-12.11613,37,1.0,97.0
GLAS,glas037,Control_202,14,P4,-8.662437,37,1.0,97.0
GLAS,glas037,Control_202,14,C3,-8.695795,37,1.0,97.0
GLAS,glas037,Control_202,14,C4,-8.864928,37,1.0,97.0
GLAS,glas037,Control_202,14,P7,-4.656424,37,1.0,97.0
GLAS,glas037,Control_202,14,P8,-9.254024,37,1.0,97.0
GLAS,glas037,Control_202,14,O1,-5.233582,37,1.0,97.0
GLAS,glas037,Control_202,14,O2,-3.353229,37,1.0,97.0
GLAS,glas037,Violation_201,15,Pz,-0.7174075,37,2.0,3.0
GLAS,glas037,Violation_201,15,Cz,-0.9518582,37,2.0,3.0
GLAS,glas037,Violation_201,15,CP1,-0.1294053,37,2.0,3.0
GLAS,glas037,Violation_201,15,CP2,-4.694769,37,2.0,3.0
GLAS,glas037,Violation_201,15,P3,-2.360027,37,2.0,3.0
GLAS,glas037,Violation_201,15,P4,-3.303874,37,2.0,3.0
GLAS,glas037,Violation_201,15,C3,-1.938258,37,2.0,3.0
GLAS,glas037,Violation_201,15,C4,-2.184231,37,2.0,3.0
GLAS,glas037,Violation_201,15,P7,5.027045,37,2.0,3.0
GLAS,glas037,Violation_201,15,P8,-5.690099,37,2.0,3.0
GLAS,glas037,Violation_201,15,O1,-0.23766,37,2.0,3.0
GLAS,glas037,Violation_201,15,O2,-5.593348,37,2.0,3.0
GLAS,glas037,Control_202,16,Pz,9.958,37,8.0,97.0
GLAS,glas037,Control_202,16,Cz,9.684755,37,8.0,97.0
GLAS,glas037,Control_202,16,CP1,16.89278,37,8.0,97.0
GLAS,glas037,Control_202,16,CP2,4.971204,37,8.0,97.0
GLAS,glas037,Control_202,16,P3,13.86347,37,8.0,97.0
GLAS,glas037,Control_202,16,P4,8.296369,37,8.0,97.0
GLAS,glas037,Control_202,16,C3,10.04763,37,8.0,97.0
GLAS,glas037,Control_202,16,C4,8.721048,37,8.0,97.0
GLAS,glas037,Control_202,16,P7,13.04777,37,8.0,97.0
GLAS,glas037,Control_202,16,P8,4.457386,37,8.0,97.0
GLAS,glas037,Control_202,16,O1,18.30248,37,8.0,97.0
GLAS,glas037,Control_202,16,O2,-1.381404,37,8.0,97.0
GLAS,glas037,Violation_201,17,Pz,12.63389,37,11.0,7.0
GLAS,glas037,Violation_201,17,Cz,14.42687,37,11.0,7.0
GLAS,glas037,Violation_201,17,CP1,12.34106,37,11.0,7.0
GLAS,glas037,Violation_201,17,CP2,6.133505,37,11.0,7.0
GLAS,glas037,Violation_201,17,P3,12.49436,37,11.0,7.0
GLAS,glas037,Violation_201,17,P4,9.660112,37,11.0,7.0
GLAS,glas037,Violation_201,17,C3,11.19332,37,11.0,7.0
GLAS,glas037,Violation_201,17,C4,10.75886,37,11.0,7.0
GLAS,glas037,Violation_201,17,P7,5.045721,37,11.0,7.0
GLAS,glas037,Violation_201,17,P8,9.725314,37,11.0,7.0
GLAS,glas037,Violation_201,17,O1,4.72065,37,11.0,7.0
GLAS,glas037,Violation_201,17,O2,5.432123,37,11.0,7.0
GLAS,glas037,Control_202,18,Pz,19.42591,37,6.0,100.0
GLAS,glas037,Control_202,18,Cz,18.34557,37,6.0,100.0
GLAS,glas037,Control_202,18,CP1,19.55266,37,6.0,100.0
GLAS,glas037,Control_202,18,CP2,20.88667,37,6.0,100.0
GLAS,glas037,Control_202,18,P3,24.18276,37,6.0,100.0
GLAS,glas037,Control_202,18,P4,20.56479,37,6.0,100.0
GLAS,glas037,Control_202,18,C3,17.2639,37,6.0,100.0
GLAS,glas037,Control_202,18,C4,18.67089,37,6.0,100.0
GLAS,glas037,Control_202,18,P7,22.61125,37,6.0,100.0
GLAS,glas037,Control_202,18,P8,13.60947,37,6.0,100.0
GLAS,glas037,Control_202,18,O1,25.31878,37,6.0,100.0
GLAS,glas037,Control_202,18,O2,15.5182,37,6.0,100.0
GLAS,glas037,Violation_201,19,Pz,-16.21162,37,4.0,20.0
GLAS,glas037,Violation_201,19,Cz,-15.69937,37,4.0,20.0
GLAS,glas037,Violation_201,19,CP1,-6.838745,37,4.0,20.0
GLAS,glas037,Violation_201,19,CP2,-15.57829,37,4.0,20.0
GLAS,glas037,Violation_201,19,P3,-19.07413,37,4.0,20.0
GLAS,glas037,Violation_201,19,P4,-17.59216,37,4.0,20.0
GLAS,glas037,Violation_201,19,C3,-16.82025,37,4.0,20.0
GLAS,glas037,Violation_201,19,C4,-17.32977,37,4.0,20.0
GLAS,glas037,Violation_201,19,P7,-7.224719,37,4.0,20.0
GLAS,glas037,Violation_201,19,P8,-16.56586,37,4.0,20.0
GLAS,glas037,Violation_201,19,O1,-8.633247,37,4.0,20.0
GLAS,glas037,Violation_201,19,O2,-14.32835,37,4.0,20.0
GLAS,glas037,Violation_201,20,Pz,-4.260478,37,20.0,0.0
GLAS,glas037,Violation_201,20,Cz,-14.0289,37,20.0,0.0
GLAS,glas037,Violation_201,20,CP1,-1.297644,37,20.0,0.0
GLAS,glas037,Violation_201,20,CP2,-1.724148,37,20.0,0.0
GLAS,glas037,Violation_201,20,P3,-2.86464,37,20.0,0.0
GLAS,glas037,Violation_201,20,P4,-5.799552,37,20.0,0.0
GLAS,glas037,Violation_201,20,C3,-12.3982,37,20.0,0.0
GLAS,glas037,Violation_201,20,C4,-9.484617,37,20.0,0.0
GLAS,glas037,Violation_201,20,P7,-5.475179,37,20.0,0.0
GLAS,glas037,Violation_201,20,P8,-7.309287,37,20.0,0.0
GLAS,glas037,Violation_201,20,O1,-1.262929,37,20.0,0.0
GLAS,glas037,Violation_201,20,O2,-2.480257,37,20.0,0.0
GLAS,glas037,Violation_201,21,Pz,13.49768,37,32.0,3.0
GLAS,glas037,Violation_201,21,Cz,16.95948,37,32.0,3.0
GLAS,glas037,Violation_201,21,CP1,14.38822,37,32.0,3.0
GLAS,glas037,Violation_201,21,CP2,10.16319,37,32.0,3.0
GLAS,glas037,Violation_201,21,P3,13.29557,37,32.0,3.0
GLAS,glas037,Violation_201,21,P4,12.96149,37,32.0,3.0
GLAS,glas037,Violation_201,21,C3,15.82653,37,32.0,3.0
GLAS,glas037,Violation_201,21,C4,13.45497,37,32.0,3.0
GLAS,glas037,Violation_201,21,P7,22.11973,37,32.0,3.0
GLAS,glas037,Violation_201,21,P8,9.222885,37,32.0,3.0
GLAS,glas037,Violation_201,21,O1,18.22052,37,32.0,3.0
GLAS,glas037,Violation_201,21,O2,5.892596,37,32.0,3.0
GLAS,glas037,Control_202,22,Pz,-24.14361,37,24.0,93.0
GLAS,glas037,Control_202,22,Cz,-21.708,37,24.0,93.0
GLAS,glas037,Control_202,22,CP1,-17.79161,37,24.0,93.0
GLAS,glas037,Control_202,22,CP2,-10.07666,37,24.0,93.0
GLAS,glas037,Control_202,22,P3,-20.4739,37,24.0,93.0
GLAS,glas037,Control_202,22,P4,-16.1785,37,24.0,93.0
GLAS,glas037,Control_202,22,C3,-20.37282,37,24.0,93.0
GLAS,glas037,Control_202,22,C4,-18.33083,37,24.0,93.0
GLAS,glas037,Control_202,22,P7,-15.64288,37,24.0,93.0
GLAS,glas037,Control_202,22,P8,-12.10158,37,24.0,93.0
GLAS,glas037,Control_202,22,O1,-14.23831,37,24.0,93.0
GLAS,glas037,Control_202,22,O2,-3.869205,37,24.0,93.0
GLAS,glas037,Control_202,23,Pz,17.70346,37,25.0,97.0
GLAS,glas037,Control_202,23,Cz,22.08632,37,25.0,97.0
GLAS,glas037,Control_202,23,CP1,10.07525,37,25.0,97.0
GLAS,glas037,Control_202,23,CP2,10.24281,37,25.0,97.0
GLAS,glas037,Control_202,23,P3,18.3053,37,25.0,97.0
GLAS,glas037,Control_202,23,P4,14.084,37,25.0,97.0
GLAS,glas037,Control_202,23,C3,18.24637,37,25.0,97.0
GLAS,glas037,Control_202,23,C4,15.60338,37,25.0,97.0
GLAS,glas037,Control_202,23,P7,9.927587,37,25.0,97.0
GLAS,glas037,Control_202,23,P8,16.89923,37,25.0,97.0
GLAS,glas037,Control_202,23,O1,8.958768,37,25.0,97.0
GLAS,glas037,Control_202,23,O2,3.642406,37,25.0,97.0
GLAS,glas037,Control_202,24,Pz,6.066913,37,23.0,93.0
GLAS,glas037,Control_202,24,Cz,6.492144,37,23.0,93.0
GLAS,glas037,Control_202,24,CP1,5.85721,37,23.0,93.0
GLAS,glas037,Control_202,24,CP2,3.238689,37,23.0,93.0
GLAS,glas037,Control_202,24,P3,2.457043,37,23.0,93.0
GLAS,glas037,Control_202,24,P4,8.334061,37,23.0,93.0
GLAS,glas037,Control_202,24,C3,13.68927,37,23.0,93.0
GLAS,glas037,Control_202,24,C4,12.13952,37,23.0,93.0
GLAS,glas037,Control_202,24,P7,-2.339951,37,23.0,93.0
GLAS,glas037,Control_202,24,P8,3.310278,37,23.0,93.0
GLAS,glas037,Control_202,24,O1,2.298232,37,23.0,93.0
GLAS,glas037,Control_202,24,O2,2.888579,37,23.0,93.0
GLAS,glas037,Violation_201,25,Pz,-4.867211,37,31.0,0.0
GLAS,glas037,Violation_201,25,Cz,-4.031258,37,31.0,0.0
GLAS,glas037,Violation_201,25,CP1,-9.646409,37,31.0,0.0
GLAS,glas037,Violation_201,25,CP2,-13.22382,37,31.0,0.0
GLAS,glas037,Violation_201,25,P3,-6.733402,37,31.0,0.0
GLAS,glas037,Violation_201,25,P4,-6.84459,37,31.0,0.0
GLAS,glas037,Violation_201,25,C3,-5.19539,37,31.0,0.0
GLAS,glas037,Violation_201,25,C4,-7.582604,37,31.0,0.0
GLAS,glas037,Violation_201,25,P7,0.9018834,37,31.0,0.0
GLAS,glas037,Violation_201,25,P8,4.361037,37,31.0,0.0
GLAS,glas037,Violation_201,25,O1,-1.476646,37,31.0,0.0
GLAS,glas037,Violation_201,25,O2,-11.02393,37,31.0,0.0
GLAS,glas037,Control_202,26,Pz,3.495687,37,36.0,77.0
GLAS,glas037,Control_202,26,Cz,4.751606,37,36.0,77.0
GLAS,glas037,Control_202,26,CP1,3.625104,37,36.0,77.0
GLAS,glas037,Control_202,26,CP2,7.612971,37,36.0,77.0
GLAS,glas037,Control_202,26,P3,3.031929,37,36.0,77.0
GLAS,glas037,Control_202,26,P4,7.516072,37,36.0,77.0
GLAS,glas037,Control_202,26,C3,8.159417,37,36.0,77.0
GLAS,glas037,Control_202,26,C4,7.684219,37,36.0,77.0
GLAS,glas037,Control_202,26,P7,5.482714,37,36.0,77.0
GLAS,glas037,Control_202,26,P8,9.549024,37,36.0,77.0
GLAS,glas037,Control_202,26,O1,2.924201,37,36.0,77.0
GLAS,glas037,Control_202,26,O2,7.018696,37,36.0,77.0
GLAS,glas037,Violation_201,27,Pz,4.945916,37,33.0,0.0
GLAS,glas037,Violation_201,27,Cz,3.570553,37,33.0,0.0
GLAS,glas037,Violation_201,27,CP1,16.52262,37,33.0,0.0
GLAS,glas037,Violation_201,27,CP2,6.644729,37,33.0,0.0
GLAS,glas037,Violation_201,27,P3,7.718373,37,33.0,0.0
GLAS,glas037,Violation_201,27,P4,5.671841,37,33.0,0.0
GLAS,glas037,Violation_201,27,C3,5.822012,37,33.0,0.0
GLAS,glas037,Violation_201,27,C4,6.906779,37,33.0,0.0
GLAS,glas037,Violation_201,27,P7,8.005333,37,33.0,0.0
GLAS,glas037,Violation_201,27,P8,1.197797,37,33.0,0.0
GLAS,glas037,Violation_201,27,O1,10.95817,37,33.0,0.0
GLAS,glas037,Violation_201,27,O2,10.07829,37,33.0,0.0
GLAS,glas037,Control_202,28,Pz,7.770647,37,39.0,97.0
GLAS,glas037,Control_202,28,Cz,7.069375,37,39.0,97.0
GLAS,glas037,Control_202,28,CP1,0.754564,37,39.0,97.0
GLAS,glas037,Control_202,28,CP2,8.586785,37,39.0,97.0
GLAS,glas037,Control_202,28,P3,4.236111,37,39.0,97.0
GLAS,glas037,Control_202,28,P4,7.228856,37,39.0,97.0
GLAS,glas037,Control_202,28,C3,5.801871,37,39.0,97.0
GLAS,glas037,Control_202,28,C4,6.274302,37,39.0,97.0
GLAS,glas037,Control_202,28,P7,1.336557,37,39.0,97.0
GLAS,glas037,Control_202,28,P8,7.285943,37,39.0,97.0
GLAS,glas037,Control_202,28,O1,6.269726,37,39.0,97.0
GLAS,glas037,Control_202,28,O2,6.951741,37,39.0,97.0
GLAS,glas037,Violation_201,29,Pz,-7.784314,37,37.0,0.0
GLAS,glas037,Violation_201,29,Cz,-4.690073,37,37.0,0.0
GLAS,glas037,Violation_201,29,CP1,-14.08968,37,37.0,0.0
GLAS,glas037,Violation_201,29,CP2,-13.37931,37,37.0,0.0
GLAS,glas037,Violation_201,29,P3,-8.038085,37,37.0,0.0
GLAS,glas037,Violation_201,29,P4,-10.44096,37,37.0,0.0
GLAS,glas037,Violation_201,29,C3,-7.215284,37,37.0,0.0
GLAS,glas037,Violation_201,29,C4,-7.933042,37,37.0,0.0
GLAS,glas037,Violation_201,29,P7,-10.90036,37,37.0,0.0
GLAS,glas037,Violation_201,29,P8,-10.79604,37,37.0,0.0
GLAS,glas037,Violation_201,29,O1,-12.56143,37,37.0,0.0
GLAS,glas037,Violation_201,29,O2,-13.39719,37,37.0,0.0
GLAS,glas037,Violation_201,30,Pz,-5.732949,37,34.0,30.0
GLAS,glas037,Violation_201,30,Cz,-1.402887,37,34.0,30.0
GLAS,glas037,Violation_201,30,CP1,-7.027378,37,34.0,30.0
GLAS,glas037,Violation_201,30,CP2,4.050804,37,34.0,30.0
GLAS,glas037,Violation_201,30,P3,-3.073411,37,34.0,30.0
GLAS,glas037,Violation_201,30,P4,1.700149,37,34.0,30.0
GLAS,glas037,Violation_201,30,C3,1.693882,37,34.0,30.0
GLAS,glas037,Violation_201,30,C4,-1.010197,37,34.0,30.0
GLAS,glas037,Violation_201,30,P7,-1.206125,37,34.0,30.0
GLAS,glas037,Violation_201,30,P8,2.067067,37,34.0,30.0
GLAS,glas037,Violation_201,30,O1,-2.547273,37,34.0,30.0
GLAS,glas037,Violation_201,30,O2,6.665984,37,34.0,30.0
GLAS,glas037,Control_202,31,Pz,-6.002269,37,29.0,90.0
GLAS,glas037,Control_202,31,Cz,-4.041792,37,29.0,90.0
GLAS,glas037,Control_202,31,CP1,2.234599,37,29.0,90.0
GLAS,glas037,Control_202,31,CP2,-5.349474,37,29.0,90.0
GLAS,glas037,Control_202,31,P3,-4.88118,37,29.0,90.0
GLAS,glas037,Control_202,31,P4,-7.094367,37,29.0,90.0
GLAS,glas037,Control_202,31,C3,-7.140548,37,29.0,90.0
GLAS,glas037,Control_202,31,C4,-8.330633,37,29.0,90.0
GLAS,glas037,Control_202,31,P7,-4.533594,37,29.0,90.0
GLAS,glas037,Control_202,31,P8,-8.655005,37,29.0,90.0
GLAS,glas037,Control_202,31,O1,-4.676798,37,29.0,90.0
GLAS,glas037,Control_202,31,O2,-5.924088,37,29.0,90.0
GLAS,glas037,Violation_201,32,Pz,-10.77381,37,30.0,0.0
GLAS,glas037,Violation_201,32,Cz,-7.539369,37,30.0,0.0
GLAS,glas037,Violation_201,32,CP1,-1.527704,37,30.0,0.0
GLAS,glas037,Violation_201,32,CP2,-7.806247,37,30.0,0.0
GLAS,glas037,Violation_201,32,P3,-10.51555,37,30.0,0.0
GLAS,glas037,Violation_201,32,P4,-8.747998,37,30.0,0.0
GLAS,glas037,Violation_201,32,C3,-5.23156,37,30.0,0.0
GLAS,glas037,Violation_201,32,C4,-7.237143,37,30.0,0.0
GLAS,glas037,Violation_201,32,P7,-2.098111,37,30.0,0.0
GLAS,glas037,Violation_201,32,P8,-6.581408,37,30.0,0.0
GLAS,glas037,Violation_201,32,O1,-5.522731,37,30.0,0.0
GLAS,glas037,Violation_201,32,O2,-6.135446,37,30.0,0.0
GLAS,glas037,Control_202,33,Pz,-1.202835,37,21.0,77.0
GLAS,glas037,Control_202,33,Cz,-2.047631,37,21.0,77.0
GLAS,glas037,Control_202,33,CP1,2.572291,37,21.0,77.0
GLAS,glas037,Control_202,33,CP2,-6.275244,37,21.0,77.0
GLAS,glas037,Control_202,33,P3,0.439053,37,21.0,77.0
GLAS,glas037,Control_202,33,P4,0.02869137,37,21.0,77.0
GLAS,glas037,Control_202,33,C3,4.018327,37,21.0,77.0
GLAS,glas037,Control_202,33,C4,1.479773,37,21.0,77.0
GLAS,glas037,Control_202,33,P7,-7.372602,37,21.0,77.0
GLAS,glas037,Control_202,33,P8,-0.8165902,37,21.0,77.0
GLAS,glas037,Control_202,33,O1,-12.21341,37,21.0,77.0
GLAS,glas037,Control_202,33,O2,-8.500028,37,21.0,77.0
GLAS,glas037,Control_202,34,Pz,-21.44648,37,35.0,97.0
GLAS,glas037,Control_202,34,Cz,-17.94627,37,35.0,97.0
GLAS,glas037,Control_202,34,CP1,-10.54932,37,35.0,97.0
GLAS,glas037,Control_202,34,CP2,-22.75776,37,35.0,97.0
GLAS,glas037,Control_202,34,P3,-20.47169,37,35.0,97.0
GLAS,glas037,Control_202,34,P4,-20.74097,37,35.0,97.0
GLAS,glas037,Control_202,34,C3,-23.62571,37,35.0,97.0
GLAS,glas037,Control_202,34,C4,-21.51189,37,35.0,97.0
GLAS,glas037,Control_202,34,P7,-19.26722,37,35.0,97.0
GLAS,glas037,Control_202,34,P8,-19.74058,37,35.0,97.0
GLAS,glas037,Control_202,34,O1,-23.54207,37,35.0,97.0
GLAS,glas037,Control_202,34,O2,-17.67237,37,35.0,97.0
GLAS,glas038,Control_202,1,Pz,-31.00661,38,18.0,87.0
GLAS,glas038,Control_202,1,Cz,-27.76364,38,18.0,87.0
GLAS,glas038,Control_202,1,CP1,-27.02875,38,18.0,87.0
GLAS,glas038,Control_202,1,CP2,-15.49641,38,18.0,87.0
GLAS,glas038,Control_202,1,P3,-26.083,38,18.0,87.0
GLAS,glas038,Control_202,1,P4,-20.02124,38,18.0,87.0
GLAS,glas038,Control_202,1,C3,-23.99018,38,18.0,87.0
GLAS,glas038,Control_202,1,C4,-21.02131,38,18.0,87.0
GLAS,glas038,Control_202,1,P7,-22.70321,38,18.0,87.0
GLAS,glas038,Control_202,1,P8,-16.21255,38,18.0,87.0
GLAS,glas038,Control_202,1,O1,-17.53067,38,18.0,87.0
GLAS,glas038,Control_202,1,O2,-8.146741,38,18.0,87.0
GLAS,glas038,Violation_201,2,Pz,8.031242,38,9.0,3.0
GLAS,glas038,Violation_201,2,Cz,2.886007,38,9.0,3.0
GLAS,glas038,Violation_201,2,CP1,7.021421,38,9.0,3.0
GLAS,glas038,Violation_201,2,CP2,12.2124,38,9.0,3.0
GLAS,glas038,Violation_201,2,P3,9.607612,38,9.0,3.0
GLAS,glas038,Violation_201,2,P4,0.6800997,38,9.0,3.0
GLAS,glas038,Violation_201,2,C3,1.762384,38,9.0,3.0
GLAS,glas038,Violation_201,2,C4,-1.188569,38,9.0,3.0
GLAS,glas038,Violation_201,2,P7,9.387705,38,9.0,3.0
GLAS,glas038,Violation_201,2,P8,-3.864988,38,9.0,3.0
GLAS,glas038,Violation_201,2,O1,8.954524,38,9.0,3.0
GLAS,glas038,Violation_201,2,O2,-10.22063,38,9.0,3.0
GLAS,glas038,Control_202,3,Pz,18.43249,38,1.0,97.0
GLAS,glas038,Control_202,3,Cz,21.10129,38,1.0,97.0
GLAS,glas038,Control_202,3,CP1,14.95177,38,1.0,97.0
GLAS,glas038,Control_202,3,CP2,8.218471,38,1.0,97.0
GLAS,glas038,Control_202,3,P3,15.14596,38,1.0,97.0
GLAS,glas038,Control_202,3,P4,16.40872,38,1.0,97.0
GLAS,glas038,Control_202,3,C3,18.08797,38,1.0,97.0
GLAS,glas038,Control_202,3,C4,17.71051,38,1.0,97.0
GLAS,glas038,Control_202,3,P7,14.73466,38,1.0,97.0
GLAS,glas038,Control_202,3,P8,16.68487,38,1.0,97.0
GLAS,glas038,Control_202,3,O1,11.63486,38,1.0,97.0
GLAS,glas038,Control_202,3,O2,6.899956,38,1.0,97.0
GLAS,glas038,Violation_201,4,Pz,-28.79127,38,10.0,3.0
GLAS,glas038,Violation_201,4,Cz,-26.17426,38,10.0,3.0
GLAS,glas038,Violation_201,4,CP1,-21.33276,38,10.0,3.0
GLAS,glas038,Violation_201,4,CP2,-10.8039,38,10.0,3.0
GLAS,glas038,Violation_201,4,P3,-20.98494,38,10.0,3.0
GLAS,glas038,Violation_201,4,P4,-24.3114,38,10.0,3.0
GLAS,glas038,Violation_201,4,C3,-28.89186,38,10.0,3.0
GLAS,glas038,Violation_201,4,C4,-26.09116,38,10.0,3.0
GLAS,glas038,Violation_201,4,P7,-17.29832,38,10.0,3.0
GLAS,glas038,Violation_201,4,P8,-22.94077,38,10.0,3.0
GLAS,glas038,Violation_201,4,O1,-9.036172,38,10.0,3.0
GLAS,glas038,Violation_201,4,O2,-7.486448,38,10.0,3.0
GLAS,glas038,Violation_201,5,Pz,17.91189,38,2.0,3.0
GLAS,glas038,Violation_201,5,Cz,16.11282,38,2.0,3.0
GLAS,glas038,Violation_201,5,CP1,18.13167,38,2.0,3.0
GLAS,glas038,Violation_201,5,CP2,19.69451,38,2.0,3.0
GLAS,glas038,Violation_201,5,P3,20.26306,38,2.0,3.0
GLAS,glas038,Violation_201,5,P4,15.03558,38,2.0,3.0
GLAS,glas038,Violation_201,5,C3,14.20124,38,2.0,3.0
GLAS,glas038,Violation_201,5,C4,17.63522,38,2.0,3.0
GLAS,glas038,Violation_201,5,P7,21.75432,38,2.0,3.0
GLAS,glas038,Violation_201,5,P8,13.99817,38,2.0,3.0
GLAS,glas038,Violation_201,5,O1,25.5782,38,2.0,3.0
GLAS,glas038,Violation_201,5,O2,12.83798,38,2.0,3.0
GLAS,glas038,Control_202,6,Pz,-22.65869,38,15.0,90.0
GLAS,glas038,Control_202,6,Cz,-19.70872,38,15.0,90.0
GLAS,glas038,Control_202,6,CP1,-18.27022,38,15.0,90.0
GLAS,glas038,Control_202,6,CP2,-15.78784,38,15.0,90.0
GLAS,glas038,Control_202,6,P3,-18.57573,38,15.0,90.0
GLAS,glas038,Control_202,6,P4,-20.06158,38,15.0,90.0
GLAS,glas038,Control_202,6,C3,-21.8958,38,15.0,90.0
GLAS,glas038,Control_202,6,C4,-15.67486,38,15.0,90.0
GLAS,glas038,Control_202,6,P7,-16.61692,38,15.0,90.0
GLAS,glas038,Control_202,6,P8,-15.63367,38,15.0,90.0
GLAS,glas038,Control_202,6,O1,-14.36924,38,15.0,90.0
GLAS,glas038,Control_202,6,O2,-14.87877,38,15.0,90.0
GLAS,glas038,Control_202,7,Pz,-2.377804,38,20.0,90.0
GLAS,glas038,Control_202,7,Cz,-4.724379,38,20.0,90.0
GLAS,glas038,Control_202,7,CP1,-5.349876,38,20.0,90.0
GLAS,glas038,Control_202,7,CP2,5.737003,38,20.0,90.0
GLAS,glas038,Control_202,7,P3,-3.510346,38,20.0,90.0
GLAS,glas038,Control_202,7,P4,1.00914,38,20.0,90.0
GLAS,glas038,Control_202,7,C3,-1.395548,38,20.0,90.0
GLAS,glas038,Control_202,7,C4,-0.4881721,38,20.0,90.0
GLAS,glas038,Control_202,7,P7,-2.833515,38,20.0,90.0
GLAS,glas038,Control_202,7,P8,0.7899954,38,20.0,90.0
GLAS,glas038,Control_202,7,O1,0.3911435,38,20.0,90.0
GLAS,glas038,Control_202,7,O2,11.87138,38,20.0,90.0
GLAS,glas038,Violation_201,8,Pz,-7.664773,38,19.0,0.0
GLAS,glas038,Violation_201,8,Cz,-6.746644,38,19.0,0.0
GLAS,glas038,Violation_201,8,CP1,-3.16429,38,19.0,0.0
GLAS,glas038,Violation_201,8,CP2,-8.616425,38,19.0,0.0
GLAS,glas038,Violation_201,8,P3,-4.289426,38,19.0,0.0
GLAS,glas038,Violation_201,8,P4,-7.244124,38,19.0,0.0
GLAS,glas038,Violation_201,8,C3,-5.944571,38,19.0,0.0
GLAS,glas038,Violation_201,8,C4,-7.017479,38,19.0,0.0
GLAS,glas038,Violation_201,8,P7,-3.566918,38,19.0,0.0
GLAS,glas038,Violation_201,8,P8,-8.150109,38,19.0,0.0
GLAS,glas038,Violation_201,8,O1,-3.829178,38,19.0,0.0
GLAS,glas038,Violation_201,8,O2,-3.246103,38,19.0,0.0
GLAS,glas038,Violation_201,9,Pz,-9.353993,38,16.0,0.0
GLAS,glas038,Violation_201,9,Cz,-6.743619,38,16.0,0.0
GLAS,glas038,Violation_201,9,CP1,-1.549284,38,16.0,0.0
GLAS,glas038,Violation_201,9,CP2,7.749239,38,16.0,0.0
GLAS,glas038,Violation_201,9,P3,-1.165919,38,16.0,0.0
GLAS,glas038,Violation_201,9,P4,-6.996724,38,16.0,0.0
GLAS,glas038,Violation_201,9,C3,-12.84708,38,16.0,0.0
GLAS,glas038,Violation_201,9,C4,-7.328991,38,16.0,0.0
GLAS,glas038,Violation_201,9,P7,1.896727,38,16.0,0.0
GLAS,glas038,Violation_201,9,P8,-6.120672,38,16.0,0.0
GLAS,glas038,Violation_201,9,O1,9.991693,38,16.0,0.0
GLAS,glas038,Violation_201,9,O2,2.76888,38,16.0,0.0
GLAS,glas038,Violation_201,10,Pz,-13.72542,38,7.0,0.0
GLAS,glas038,Violation_201,10,Cz,-14.25939,38,7.0,0.0
GLAS,glas038,Violation_201,10,CP1,-13.73593,38,7.0,0.0
GLAS,glas038,Violation_201,10,CP2,-5.541315,38,7.0,0.0
GLAS,glas038,Violation_201,10,P3,-11.64311,38,7.0,0.0
GLAS,glas038,Violation_201,10,P4,-7.159097,38,7.0,0.0
GLAS,glas038,Violation_201,10,C3,-8.100146,38,7.0,0.0
GLAS,glas038,Violation_201,10,C4,-6.84928,38,7.0,0.0
GLAS,glas038,Violation_201,10,P7,-9.841816,38,7.0,0.0
GLAS,glas038,Violation_201,10,P8,-3.156253,38,7.0,0.0
GLAS,glas038,Violation_201,10,O1,-8.707273,38,7.0,0.0
GLAS,glas038,Violation_201,10,O2,-3.252103,38,7.0,0.0
GLAS,glas038,Violation_201,11,Pz,-0.6165556,38,11.0,7.0
GLAS,glas038,Violation_201,11,Cz,1.355665,38,11.0,7.0
GLAS,glas038,Violation_201,11,CP1,0.3375609,38,11.0,7.0
GLAS,glas038,Violation_201,11,CP2,5.378755,38,11.0,7.0
GLAS,glas038,Violation_201,11,P3,1.353479,38,11.0,7.0
GLAS,glas038,Violation_201,11,P4,4.647001,38,11.0,7.0
GLAS,glas038,Violation_201,11,C3,8.95556,38,11.0,7.0
GLAS,glas038,Violation_201,11,C4,3.270028,38,11.0,7.0
GLAS,glas038,Violation_201,11,P7,1.055999,38,11.0,7.0
GLAS,glas038,Violation_201,11,P8,2.750654,38,11.0,7.0
GLAS,glas038,Violation_201,11,O1,4.351402,38,11.0,7.0
GLAS,glas038,Violation_201,11,O2,6.53848,38,11.0,7.0
GLAS,glas038,Control_202,12,Pz,-11.00602,38,13.0,97.0
GLAS,glas038,Control_202,12,Cz,-10.28123,38,13.0,97.0
GLAS,glas038,Control_202,12,CP1,-6.996608,38,13.0,97.0
GLAS,glas038,Control_202,12,CP2,2.623389,38,13.0,97.0
GLAS,glas038,Control_202,12,P3,-8.135307,38,13.0,97.0
GLAS,glas038,Control_202,12,P4,-9.701695,38,13.0,97.0
GLAS,glas038,Control_202,12,C3,-13.29272,38,13.0,97.0
GLAS,glas038,Control_202,12,C4,-9.951463,38,13.0,97.0
GLAS,glas038,Control_202,12,P7,-7.952862,38,13.0,97.0
GLAS,glas038,Control_202,12,P8,-8.958501,38,13.0,97.0
GLAS,glas038,Control_202,12,O1,-1.844526,38,13.0,97.0
GLAS,glas038,Control_202,12,O2,7.135001,38,13.0,97.0
GLAS,glas038,Control_202,13,Pz,-17.32055,38,8.0,97.0
GLAS,glas038,Control_202,13,Cz,-16.05773,38,8.0,97.0
GLAS,glas038,Control_202,13,CP1,-15.6721,38,8.0,97.0
GLAS,glas038,Control_202,13,CP2,-1.756559,38,8.0,97.0
GLAS,glas038,Control_202,13,P3,-15.64196,38,8.0,97.0
GLAS,glas038,Control_202,13,P4,-11.69371,38,8.0,97.0
GLAS,glas038,Control_202,13,C3,-14.03616,38,8.0,97.0
GLAS,glas038,Control_202,13,C4,-13.82126,38,8.0,97.0
GLAS,glas038,Control_202,13,P7,-16.14281,38,8.0,97.0
GLAS,glas038,Control_202,13,P8,-10.53368,38,8.0,97.0
GLAS,glas038,Control_202,13,O1,-9.273223,38,8.0,97.0
GLAS,glas038,Control_202,13,O2,1.602254,38,8.0,97.0
GLAS,glas038,Control_202,14,Pz,0.302164,38,14.0,90.0
GLAS,glas038,Control_202,14,Cz,0.410814,38,14.0,90.0
GLAS,glas038,Control_202,14,CP1,0.2334189,38,14.0,90.0
GLAS,glas038,Control_202,14,CP2,-8.583649,38,14.0,90.0
GLAS,glas038,Control_202,14,P3,0.2465026,38,14.0,90.0
GLAS,glas038,Control_202,14,P4,-1.838173,38,14.0,90.0
GLAS,glas038,Control_202,14,C3,-5.734669,38,14.0,90.0
GLAS,glas038,Control_202,14,C4,-0.007635651,38,14.0,90.0
GLAS,glas038,Control_202,14,P7,-1.21794,38,14.0,90.0
GLAS,glas038,Control_202,14,P8,-2.002329,38,14.0,90.0
GLAS,glas038,Control_202,14,O1,-5.351474,38,14.0,90.0
GLAS,glas038,Control_202,14,O2,-12.31214,38,14.0,90.0
GLAS,glas038,Control_202,15,Pz,-3.000975,38,4.0,93.0
GLAS,glas038,Control_202,15,Cz,-4.953484,38,4.0,93.0
GLAS,glas038,Control_202,15,CP1,-1.315747,38,4.0,93.0
GLAS,glas038,Control_202,15,CP2,-11.87778,38,4.0,93.0
GLAS,glas038,Control_202,15,P3,0.6682354,38,4.0,93.0
GLAS,glas038,Control_202,15,P4,-7.680912,38,4.0,93.0
GLAS,glas038,Control_202,15,C3,-7.640558,38,4.0,93.0
GLAS,glas038,Control_202,15,C4,-1.983149,38,4.0,93.0
GLAS,glas038,Control_202,15,P7,1.420374,38,4.0,93.0
GLAS,glas038,Control_202,15,P8,-7.694953,38,4.0,93.0
GLAS,glas038,Control_202,15,O1,2.372044,38,4.0,93.0
GLAS,glas038,Control_202,15,O2,-13.02556,38,4.0,93.0
GLAS,glas038,Violation_201,16,Pz,-1.839437,38,6.0,0.0
GLAS,glas038,Violation_201,16,Cz,-4.197029,38,6.0,0.0
GLAS,glas038,Violation_201,16,CP1,-2.532684,38,6.0,0.0
GLAS,glas038,Violation_201,16,CP2,-0.1507567,38,6.0,0.0
GLAS,glas038,Violation_201,16,P3,-1.23022,38,6.0,0.0
GLAS,glas038,Violation_201,16,P4,-1.08335,38,6.0,0.0
GLAS,glas038,Violation_201,16,C3,-0.6490076,38,6.0,0.0
GLAS,glas038,Violation_201,16,C4,-1.828601,38,6.0,0.0
GLAS,glas038,Violation_201,16,P7,-2.112084,38,6.0,0.0
GLAS,glas038,Violation_201,16,P8,1.784694,38,6.0,0.0
GLAS,glas038,Violation_201,16,O1,-1.936979,38,6.0,0.0
GLAS,glas038,Violation_201,16,O2,2.145863,38,6.0,0.0
GLAS,glas038,Control_202,17,Pz,-13.52856,38,17.0,62.0
GLAS,glas038,Control_202,17,Cz,-14.16438,38,17.0,62.0
GLAS,glas038,Control_202,17,CP1,-13.5998,38,17.0,62.0
GLAS,glas038,Control_202,17,CP2,-12.14736,38,17.0,62.0
GLAS,glas038,Control_202,17,P3,-14.79581,38,17.0,62.0
GLAS,glas038,Control_202,17,P4,-19.40522,38,17.0,62.0
GLAS,glas038,Control_202,17,C3,-14.31071,38,17.0,62.0
GLAS,glas038,Control_202,17,C4,-12.67007,38,17.0,62.0
GLAS,glas038,Control_202,17,P7,-14.61686,38,17.0,62.0
GLAS,glas038,Control_202,17,P8,-14.11572,38,17.0,62.0
GLAS,glas038,Control_202,17,O1,-13.44597,38,17.0,62.0
GLAS,glas038,Control_202,17,O2,-10.64289,38,17.0,62.0
GLAS,glas038,Violation_201,18,Pz,14.98486,38,3.0,7.0
GLAS,glas038,Violation_201,18,Cz,15.07842,38,3.0,7.0
GLAS,glas038,Violation_201,18,CP1,10.52813,38,3.0,7.0
GLAS,glas038,Violation_201,18,CP2,10.46999,38,3.0,7.0
GLAS,glas038,Violation_201,18,P3,10.60338,38,3.0,7.0
GLAS,glas038,Violation_201,18,P4,13.42863,38,3.0,7.0
GLAS,glas038,Violation_201,18,C3,14.26469,38,3.0,7.0
GLAS,glas038,Violation_201,18,C4,16.31706,38,3.0,7.0
GLAS,glas038,Violation_201,18,P7,8.971939,38,3.0,7.0
GLAS,glas038,Violation_201,18,P8,14.66621,38,3.0,7.0
GLAS,glas038,Violation_201,18,O1,4.845971,38,3.0,7.0
GLAS,glas038,Violation_201,18,O2,3.945079,38,3.0,7.0
GLAS,glas038,Violation_201,19,Pz,2.365372,38,12.0,13.0
GLAS,glas038,Violation_201,19,Cz,4.940641,38,12.0,13.0
GLAS,glas038,Violation_201,19,CP1,2.811152,38,12.0,13.0
GLAS,glas038,Violation_201,19,CP2,-1.70368,38,12.0,13.0
GLAS,glas038,Violation_201,19,P3,3.211172,38,12.0,13.0
GLAS,glas038,Violation_201,19,P4,0.1833821,38,12.0,13.0
GLAS,glas038,Violation_201,19,C3,-3.095747,38,12.0,13.0
GLAS,glas038,Violation_201,19,C4,2.25914,38,12.0,13.0
GLAS,glas038,Violation_201,19,P7,2.361569,38,12.0,13.0
GLAS,glas038,Violation_201,19,P8,2.847435,38,12.0,13.0
GLAS,glas038,Violation_201,19,O1,0.1800033,38,12.0,13.0
GLAS,glas038,Violation_201,19,O2,-5.647831,38,12.0,13.0
GLAS,glas038,Violation_201,20,Pz,15.36841,38,5.0,0.0
GLAS,glas038,Violation_201,20,Cz,16.65955,38,5.0,0.0
GLAS,glas038,Violation_201,20,CP1,16.87175,38,5.0,0.0
GLAS,glas038,Violation_201,20,CP2,18.49352,38,5.0,0.0
GLAS,glas038,Violation_201,20,P3,17.77541,38,5.0,0.0
GLAS,glas038,Violation_201,20,P4,18.48712,38,5.0,0.0
GLAS,glas038,Violation_201,20,C3,14.72067,38,5.0,0.0
GLAS,glas038,Violation_201,20,C4,16.54699,38,5.0,0.0
GLAS,glas038,Violation_201,20,P7,17.396,38,5.0,0.0
GLAS,glas038,Violation_201,20,P8,19.65304,38,5.0,0.0
GLAS,glas038,Violation_201,20,O1,11.57548,38,5.0,0.0
GLAS,glas038,Violation_201,20,O2,20.7171,38,5.0,0.0
GLAS,glas038,Control_202,21,Pz,-9.02537,38,38.0,93.0
GLAS,glas038,Control_202,21,Cz,-10.51201,38,38.0,93.0
GLAS,glas038,Control_202,21,CP1,-11.39552,38,38.0,93.0
GLAS,glas038,Control_202,21,CP2,-0.3637142,38,38.0,93.0
GLAS,glas038,Control_202,21,P3,-10.13671,38,38.0,93.0
GLAS,glas038,Control_202,21,P4,-10.23566,38,38.0,93.0
GLAS,glas038,Control_202,21,C3,-8.712042,38,38.0,93.0
GLAS,glas038,Control_202,21,C4,-10.48625,38,38.0,93.0
GLAS,glas038,Control_202,21,P7,-8.426066,38,38.0,93.0
GLAS,glas038,Control_202,21,P8,-11.46504,38,38.0,93.0
GLAS,glas038,Control_202,21,O1,0.2106209,38,38.0,93.0
GLAS,glas038,Control_202,21,O2,-1.980061,38,38.0,93.0
GLAS,glas038,Control_202,22,Pz,-15.7195,38,35.0,97.0
GLAS,glas038,Control_202,22,Cz,-16.78427,38,35.0,97.0
GLAS,glas038,Control_202,22,CP1,-11.65055,38,35.0,97.0
GLAS,glas038,Control_202,22,CP2,-8.833052,38,35.0,97.0
GLAS,glas038,Control_202,22,P3,-12.71018,38,35.0,97.0
GLAS,glas038,Control_202,22,P4,-17.75317,38,35.0,97.0
GLAS,glas038,Control_202,22,C3,-19.94121,38,35.0,97.0
GLAS,glas038,Control_202,22,C4,-15.77366,38,35.0,97.0
GLAS,glas038,Control_202,22,P7,-8.72417,38,35.0,97.0
GLAS,glas038,Control_202,22,P8,-15.18887,38,35.0,97.0
GLAS,glas038,Control_202,22,O1,2.100317,38,35.0,97.0
GLAS,glas038,Control_202,22,O2,-0.8222379,38,35.0,97.0
GLAS,glas038,Control_202,23,Pz,-1.750758,38,27.0,97.0
GLAS,glas038,Control_202,23,Cz,-0.3285016,38,27.0,97.0
GLAS,glas038,Control_202,23,CP1,-4.845619,38,27.0,97.0
GLAS,glas038,Control_202,23,CP2,-6.596346,38,27.0,97.0
GLAS,glas038,Control_202,23,P3,-2.565979,38,27.0,97.0
GLAS,glas038,Control_202,23,P4,-3.967082,38,27.0,97.0
GLAS,glas038,Control_202,23,C3,2.786616,38,27.0,97.0
GLAS,glas038,Control_202,23,C4,5.80617,38,27.0,97.0
GLAS,glas038,Control_202,23,P7,-4.633388,38,27.0,97.0
GLAS,glas038,Control_202,23,P8,-4.43737,38,27.0,97.0
GLAS,glas038,Control_202,23,O1,-9.421519,38,27.0,97.0
GLAS,glas038,Control_202,23,O2,-9.886033,38,27.0,97.0
GLAS,glas038,Violation_201,24,Pz,-5.842118,38,29.0,90.0
GLAS,glas038,Violation_201,24,Cz,-2.119261,38,29.0,90.0
GLAS,glas038,Violation_201,24,CP1,-6.255304,38,29.0,90.0
GLAS,glas038,Violation_201,24,CP2,3.698539,38,29.0,90.0
GLAS,glas038,Violation_201,24,P3,-6.501098,38,29.0,90.0
GLAS,glas038,Violation_201,24,P4,-1.83679,38,29.0,90.0
GLAS,glas038,Violation_201,24,C3,0.3795028,38,29.0,90.0
GLAS,glas038,Violation_201,24,C4,0.1809723,38,29.0,90.0
GLAS,glas038,Violation_201,24,P7,-4.963988,38,29.0,90.0
GLAS,glas038,Violation_201,24,P8,2.229245,38,29.0,90.0
GLAS,glas038,Violation_201,24,O1,-1.987502,38,29.0,90.0
GLAS,glas038,Violation_201,24,O2,9.313307,38,29.0,90.0
GLAS,glas038,Control_202,25,Pz,1.919983,38,31.0,77.0
GLAS,glas038,Control_202,25,Cz,4.564175,38,31.0,77.0
GLAS,glas038,Control_202,25,CP1,7.346546,38,31.0,77.0
GLAS,glas038,Control_202,25,CP2,2.821914,38,31.0,77.0
GLAS,glas038,Control_202,25,P3,8.071267,38,31.0,77.0
GLAS,glas038,Control_202,25,P4,6.465238,38,31.0,77.0
GLAS,glas038,Control_202,25,C3,11.29968,38,31.0,77.0
GLAS,glas038,Control_202,25,C4,5.208055,38,31.0,77.0
GLAS,glas038,Control_202,25,P7,8.17473,38,31.0,77.0
GLAS,glas038,Control_202,25,P8,5.278186,38,31.0,77.0
GLAS,glas038,Control_202,25,O1,9.145463,38,31.0,77.0
GLAS,glas038,Control_202,25,O2,4.188148,38,31.0,77.0
GLAS,glas038,Violation_201,26,Pz,-3.343931,38,26.0,0.0
GLAS,glas038,Violation_201,26,Cz,-1.541022,38,26.0,0.0
GLAS,glas038,Violation_201,26,CP1,-6.421731,38,26.0,0.0
GLAS,glas038,Violation_201,26,CP2,-8.491393,38,26.0,0.0
GLAS,glas038,Violation_201,26,P3,-6.728867,38,26.0,0.0
GLAS,glas038,Violation_201,26,P4,-2.737085,38,26.0,0.0
GLAS,glas038,Violation_201,26,C3,2.989104,38,26.0,0.0
GLAS,glas038,Violation_201,26,C4,-0.7679362,38,26.0,0.0
GLAS,glas038,Violation_201,26,P7,-8.288593,38,26.0,0.0
GLAS,glas038,Violation_201,26,P8,-2.333239,38,26.0,0.0
GLAS,glas038,Violation_201,26,O1,-9.641353,38,26.0,0.0
GLAS,glas038,Violation_201,26,O2,-5.622419,38,26.0,0.0
GLAS,glas038,Control_202,27,Pz,1.084409,38,30.0,90.0
GLAS,glas038,Control_202,27,Cz,-2.725414,38,30.0,90.0
GLAS,glas038,Control_202,27,CP1,1.257039,38,30.0,90.0
GLAS,glas038,Control_202,27,CP2,0.1234384,38,30.0,90.0
GLAS,glas038,Control_202,27,P3,3.821038,38,30.0,90.0
GLAS,glas038,Control_202,27,P4,-4.618338,38,30.0,90.0
GLAS,glas038,Control_202,27,C3,-13.48689,38,30.0,90.0
GLAS,glas038,Control_202,27,C4,-4.542489,38,30.0,90.0
GLAS,glas038,Control_202,27,P7,4.848791,38,30.0,90.0
GLAS,glas038,Control_202,27,P8,-5.802269,38,30.0,90.0
GLAS,glas038,Control_202,27,O1,1.683124,38,30.0,90.0
GLAS,glas038,Control_202,27,O2,-7.708841,38,30.0,90.0
GLAS,glas038,Control_202,28,Pz,-34.17392,38,22.0,53.0
GLAS,glas038,Control_202,28,Cz,-30.93913,38,22.0,53.0
GLAS,glas038,Control_202,28,CP1,-33.44847,38,22.0,53.0
GLAS,glas038,Control_202,28,CP2,-20.83796,38,22.0,53.0
GLAS,glas038,Control_202,28,P3,-33.22521,38,22.0,53.0
GLAS,glas038,Control_202,28,P4,-30.51192,38,22.0,53.0
GLAS,glas038,Control_202,28,C3,-31.98332,38,22.0,53.0
GLAS,glas038,Control_202,28,C4,-31.81629,38,22.0,53.0
GLAS,glas038,Control_202,28,P7,-31.76429,38,22.0,53.0
GLAS,glas038,Control_202,28,P8,-27.5501,38,22.0,53.0
GLAS,glas038,Control_202,28,O1,-25.04646,38,22.0,53.0
GLAS,glas038,Control_202,28,O2,-10.79818,38,22.0,53.0
GLAS,glas038,Violation_201,29,Pz,-5.02356,38,23.0,3.0
GLAS,glas038,Violation_201,29,Cz,-5.058149,38,23.0,3.0
GLAS,glas038,Violation_201,29,CP1,2.315671,38,23.0,3.0
GLAS,glas038,Violation_201,29,CP2,-9.512548,38,23.0,3.0
GLAS,glas038,Violation_201,29,P3,2.666173,38,23.0,3.0
GLAS,glas038,Violation_201,29,P4,-9.670506,38,23.0,3.0
GLAS,glas038,Violation_201,29,C3,-8.459694,38,23.0,3.0
GLAS,glas038,Violation_201,29,C4,-7.518327,38,23.0,3.0
GLAS,glas038,Violation_201,29,P7,3.197144,38,23.0,3.0
GLAS,glas038,Violation_201,29,P8,-10.60239,38,23.0,3.0
GLAS,glas038,Violation_201,29,O1,-0.2260208,38,23.0,3.0
GLAS,glas038,Violation_201,29,O2,-15.28094,38,23.0,3.0
GLAS,glas038,Control_202,30,Pz,-20.89002,38,34.0,97.0
GLAS,glas038,Control_202,30,Cz,-22.34703,38,34.0,97.0
GLAS,glas038,Control_202,30,CP1,-21.97232,38,34.0,97.0
GLAS,glas038,Control_202,30,CP2,-26.92099,38,34.0,97.0
GLAS,glas038,Control_202,30,P3,-20.12973,38,34.0,97.0
GLAS,glas038,Control_202,30,P4,-23.06405,38,34.0,97.0
GLAS,glas038,Control_202,30,C3,-19.5656,38,34.0,97.0
GLAS,glas038,Control_202,30,C4,-20.96918,38,34.0,97.0
GLAS,glas038,Control_202,30,P7,-20.47675,38,34.0,97.0
GLAS,glas038,Control_202,30,P8,-23.71477,38,34.0,97.0
GLAS,glas038,Control_202,30,O1,-22.51195,38,34.0,97.0
GLAS,glas038,Control_202,30,O2,-19.77927,38,34.0,97.0
GLAS,glas039,Violation_201,1,Pz,-22.35651,39,11.0,7.0
GLAS,glas039,Violation_201,1,Cz,-24.26622,39,11.0,7.0
GLAS,glas039,Violation_201,1,CP1,-12.51716,39,11.0,7.0
GLAS,glas039,Violation_201,1,CP2,-19.54435,39,11.0,7.0
GLAS,glas039,Violation_201,1,P3,-18.38914,39,11.0,7.0
GLAS,glas039,Violation_201,1,P4,-17.17075,39,11.0,7.0
GLAS,glas039,Violation_201,1,C3,-18.94168,39,11.0,7.0
GLAS,glas039,Violation_201,1,C4,-20.59909,39,11.0,7.0
GLAS,glas039,Violation_201,1,P7,-18.6616,39,11.0,7.0
GLAS,glas039,Violation_201,1,P8,-24.34262,39,11.0,7.0
GLAS,glas039,Violation_201,1,O1,-14.54536,39,11.0,7.0
GLAS,glas039,Violation_201,1,O2,-11.21335,39,11.0,7.0
GLAS,glas039,Violation_201,2,Pz,-2.708434,39,12.0,13.0
GLAS,glas039,Violation_201,2,Cz,-6.039517,39,12.0,13.0
GLAS,glas039,Violation_201,2,CP1,-1.912733,39,12.0,13.0
GLAS,glas039,Violation_201,2,CP2,-4.084982,39,12.0,13.0
GLAS,glas039,Violation_201,2,P3,0.5466554,39,12.0,13.0
GLAS,glas039,Violation_201,2,P4,-3.369048,39,12.0,13.0
GLAS,glas039,Violation_201,2,C3,-6.225757,39,12.0,13.0
GLAS,glas039,Violation_201,2,C4,-5.217237,39,12.0,13.0
GLAS,glas039,Violation_201,2,P7,-1.251484,39,12.0,13.0
GLAS,glas039,Violation_201,2,P8,-0.2611969,39,12.0,13.0
GLAS,glas039,Violation_201,2,O1,3.402194,39,12.0,13.0
GLAS,glas039,Violation_201,2,O2,29.47631,39,12.0,13.0
GLAS,glas039,Violation_201,3,Pz,-13.54405,39,3.0,7.0
GLAS,glas039,Violation_201,3,Cz,-15.13937,39,3.0,7.0
GLAS,glas039,Violation_201,3,CP1,-12.94841,39,3.0,7.0
GLAS,glas039,Violation_201,3,CP2,-18.88225,39,3.0,7.0
GLAS,glas039,Violation_201,3,P3,-13.02194,39,3.0,7.0
GLAS,glas039,Violation_201,3,P4,-14.21561,39,3.0,7.0
GLAS,glas039,Violation_201,3,C3,-12.98581,39,3.0,7.0
GLAS,glas039,Violation_201,3,C4,-13.58766,39,3.0,7.0
GLAS,glas039,Violation_201,3,P7,-11.86044,39,3.0,7.0
GLAS,glas039,Violation_201,3,P8,-11.51269,39,3.0,7.0
GLAS,glas039,Violation_201,3,O1,-10.83705,39,3.0,7.0
GLAS,glas039,Violation_201,3,O2,3.789264,39,3.0,7.0
GLAS,glas039,Control_202,4,Pz,16.78445,39,10.0,80.0
GLAS,glas039,Control_202,4,Cz,13.12344,39,10.0,80.0
GLAS,glas039,Control_202,4,CP1,6.897707,39,10.0,80.0
GLAS,glas039,Control_202,4,CP2,10.82683,39,10.0,80.0
GLAS,glas039,Control_202,4,P3,13.06971,39,10.0,80.0
GLAS,glas039,Control_202,4,P4,16.97148,39,10.0,80.0
GLAS,glas039,Control_202,4,C3,18.22925,39,10.0,80.0
GLAS,glas039,Control_202,4,C4,17.79402,39,10.0,80.0
GLAS,glas039,Control_202,4,P7,0.07252449,39,10.0,80.0
GLAS,glas039,Control_202,4,P8,17.4436,39,10.0,80.0
GLAS,glas039,Control_202,4,O1,-8.814412,39,10.0,80.0
GLAS,glas039,Control_202,4,O2,-1.102749,39,10.0,80.0
GLAS,glas039,Control_202,5,Pz,-2.527907,39,15.0,90.0
GLAS,glas039,Control_202,5,Cz,0.1359576,39,15.0,90.0
GLAS,glas039,Control_202,5,CP1,-2.930539,39,15.0,90.0
GLAS,glas039,Control_202,5,CP2,-22.52101,39,15.0,90.0
GLAS,glas039,Control_202,5,P3,-8.358263,39,15.0,90.0
GLAS,glas039,Control_202,5,P4,-13.8006,39,15.0,90.0
GLAS,glas039,Control_202,5,C3,-5.723121,39,15.0,90.0
GLAS,glas039,Control_202,5,C4,-8.766792,39,15.0,90.0
GLAS,glas039,Control_202,5,P7,-13.27892,39,15.0,90.0
GLAS,glas039,Control_202,5,P8,-13.2793,39,15.0,90.0
GLAS,glas039,Control_202,5,O1,-22.95777,39,15.0,90.0
GLAS,glas039,Control_202,5,O2,-14.31429,39,15.0,90.0
GLAS,glas039,Control_202,6,Pz,7.769778,39,8.0,97.0
GLAS,glas039,Control_202,6,Cz,9.548938,39,8.0,97.0
GLAS,glas039,Control_202,6,CP1,1.990644,39,8.0,97.0
GLAS,glas039,Control_202,6,CP2,9.446375,39,8.0,97.0
GLAS,glas039,Control_202,6,P3,11.19314,39,8.0,97.0
GLAS,glas039,Control_202,6,P4,4.076224,39,8.0,97.0
GLAS,glas039,Control_202,6,C3,4.066095,39,8.0,97.0
GLAS,glas039,Control_202,6,C4,4.11518,39,8.0,97.0
GLAS,glas039,Control_202,6,P7,13.35788,39,8.0,97.0
GLAS,glas039,Control_202,6,P8,4.109085,39,8.0,97.0
GLAS,glas039,Control_202,6,O1,-1.45918,39,8.0,97.0
GLAS,glas039,Control_202,6,O2,5.948184,39,8.0,97.0
GLAS,glas039,Control_202,7,Pz,-5.123549,39,20.0,90.0
GLAS,glas039,Control_202,7,Cz,-0.79111,39,20.0,90.0
GLAS,glas039,Control_202,7,CP1,2.030291,39,20.0,90.0
GLAS,glas039,Control_202,7,CP2,-1.797893,39,20.0,90.0
GLAS,glas039,Control_202,7,P3,8.032031,39,20.0,90.0
GLAS,glas039,Control_202,7,P4,-2.21823,39,20.0,90.0
GLAS,glas039,Control_202,7,C3,-4.507687,39,20.0,90.0
GLAS,glas039,Control_202,7,C4,-3.432149,39,20.0,90.0
GLAS,glas039,Control_202,7,P7,-0.5162484,39,20.0,90.0
GLAS,glas039,Control_202,7,P8,-1.769323,39,20.0,90.0
GLAS,glas039,Control_202,7,O1,-3.700318,39,20.0,90.0
GLAS,glas039,Control_202,7,O2,-6.000545,39,20.0,90.0
GLAS,glas039,Control_202,8,Pz,6.906586,39,4.0,93.0
GLAS,glas039,Control_202,8,Cz,10.87134,39,4.0,93.0
GLAS,glas039,Control_202,8,CP1,-9.239215,39,4.0,93.0
GLAS,glas039,Control_202,8,CP2,-4.684769,39,4.0,93.0
GLAS,glas039,Control_202,8,P3,-6.922187,39,4.0,93.0
GLAS,glas039,Control_202,8,P4,-2.737062,39,4.0,93.0
GLAS,glas039,Control_202,8,C3,4.250035,39,4.0,93.0
GLAS,glas039,Control_202,8,C4,1.849652,39,4.0,93.0
GLAS,glas039,Control_202,8,P7,-6.995221,39,4.0,93.0
GLAS,glas039,Control_202,8,P8,3.038409,39,4.0,93.0
GLAS,glas039,Control_202,8,O1,-8.640793,39,4.0,93.0
GLAS,glas039,Control_202,8,O2,-10.29625,39,4.0,93.0
GLAS,glas039,Violation_201,9,Pz,-14.33886,39,18.0,0.0
GLAS,glas039,Violation_201,9,Cz,-15.57083,39,18.0,0.0
GLAS,glas039,Violation_201,9,CP1,-12.97016,39,18.0,0.0
GLAS,glas039,Violation_201,9,CP2,-3.559749,39,18.0,0.0
GLAS,glas039,Violation_201,9,P3,-10.0023,39,18.0,0.0
GLAS,glas039,Violation_201,9,P4,-9.571523,39,18.0,0.0
GLAS,glas039,Violation_201,9,C3,-9.368034,39,18.0,0.0
GLAS,glas039,Violation_201,9,C4,-8.435249,39,18.0,0.0
GLAS,glas039,Violation_201,9,P7,-11.92903,39,18.0,0.0
GLAS,glas039,Violation_201,9,P8,-2.609882,39,18.0,0.0
GLAS,glas039,Violation_201,9,O1,-8.568436,39,18.0,0.0
GLAS,glas039,Violation_201,9,O2,-10.78177,39,18.0,0.0
GLAS,glas039,Violation_201,10,Pz,-7.892711,39,7.0,0.0
GLAS,glas039,Violation_201,10,Cz,-11.06677,39,7.0,0.0
GLAS,glas039,Violation_201,10,CP1,-4.901285,39,7.0,0.0
GLAS,glas039,Violation_201,10,CP2,-13.61662,39,7.0,0.0
GLAS,glas039,Violation_201,10,P3,-4.532297,39,7.0,0.0
GLAS,glas039,Violation_201,10,P4,-22.83968,39,7.0,0.0
GLAS,glas039,Violation_201,10,C3,-16.77256,39,7.0,0.0
GLAS,glas039,Violation_201,10,C4,-19.14273,39,7.0,0.0
GLAS,glas039,Violation_201,10,P7,-9.074219,39,7.0,0.0
GLAS,glas039,Violation_201,10,P8,-24.83678,39,7.0,0.0
GLAS,glas039,Violation_201,10,O1,-6.842471,39,7.0,0.0
GLAS,glas039,Violation_201,10,O2,-9.192358,39,7.0,0.0
GLAS,glas039,Control_202,11,Pz,-13.27455,39,16.0,93.0
GLAS,glas039,Control_202,11,Cz,-13.6285,39,16.0,93.0
GLAS,glas039,Control_202,11,CP1,-3.231629,39,16.0,93.0
GLAS,glas039,Control_202,11,CP2,-6.629831,39,16.0,93.0
GLAS,glas039,Control_202,11,P3,-4.879931,39,16.0,93.0
GLAS,glas039,Control_202,11,P4,-16.07654,39,16.0,93.0
GLAS,glas039,Control_202,11,C3,-11.32657,39,16.0,93.0
GLAS,glas039,Control_202,11,C4,-11.98526,39,16.0,93.0
GLAS,glas039,Control_202,11,P7,-2.344719,39,16.0,93.0
GLAS,glas039,Control_202,11,P8,-7.103395,39,16.0,93.0
GLAS,glas039,Control_202,11,O1,-19.65169,39,16.0,93.0
GLAS,glas039,Control_202,11,O2,1.205108,39,16.0,93.0
GLAS,glas039,Violation_201,12,Pz,-9.856686,39,19.0,0.0
GLAS,glas039,Violation_201,12,Cz,-16.82694,39,19.0,0.0
GLAS,glas039,Violation_201,12,CP1,-8.249689,39,19.0,0.0
GLAS,glas039,Violation_201,12,CP2,1.621459,39,19.0,0.0
GLAS,glas039,Violation_201,12,P3,-12.57342,39,19.0,0.0
GLAS,glas039,Violation_201,12,P4,-13.25171,39,19.0,0.0
GLAS,glas039,Violation_201,12,C3,-8.076291,39,19.0,0.0
GLAS,glas039,Violation_201,12,C4,-10.28764,39,19.0,0.0
GLAS,glas039,Violation_201,12,P7,-7.002295,39,19.0,0.0
GLAS,glas039,Violation_201,12,P8,-16.43012,39,19.0,0.0
GLAS,glas039,Violation_201,12,O1,-17.87377,39,19.0,0.0
GLAS,glas039,Violation_201,12,O2,-15.21525,39,19.0,0.0
GLAS,glas039,Violation_201,13,Pz,-19.76525,39,14.0,0.0
GLAS,glas039,Violation_201,13,Cz,-20.17178,39,14.0,0.0
GLAS,glas039,Violation_201,13,CP1,-14.41179,39,14.0,0.0
GLAS,glas039,Violation_201,13,CP2,-1.242974,39,14.0,0.0
GLAS,glas039,Violation_201,13,P3,-13.10214,39,14.0,0.0
GLAS,glas039,Violation_201,13,P4,-14.00784,39,14.0,0.0
GLAS,glas039,Violation_201,13,C3,-18.23677,39,14.0,0.0
GLAS,glas039,Violation_201,13,C4,-16.57942,39,14.0,0.0
GLAS,glas039,Violation_201,13,P7,-17.22607,39,14.0,0.0
GLAS,glas039,Violation_201,13,P8,-11.38615,39,14.0,0.0
GLAS,glas039,Violation_201,13,O1,-24.30091,39,14.0,0.0
GLAS,glas039,Violation_201,13,O2,-12.36463,39,14.0,0.0
GLAS,glas039,Control_202,14,Pz,-2.610276,39,2.0,100.0
GLAS,glas039,Control_202,14,Cz,1.000664,39,2.0,100.0
GLAS,glas039,Control_202,14,CP1,-9.66387,39,2.0,100.0
GLAS,glas039,Control_202,14,CP2,6.271309,39,2.0,100.0
GLAS,glas039,Control_202,14,P3,-9.047863,39,2.0,100.0
GLAS,glas039,Control_202,14,P4,1.103313,39,2.0,100.0
GLAS,glas039,Control_202,14,C3,-8.109227,39,2.0,100.0
GLAS,glas039,Control_202,14,C4,-7.174874,39,2.0,100.0
GLAS,glas039,Control_202,14,P7,-9.592863,39,2.0,100.0
GLAS,glas039,Control_202,14,P8,-6.806402,39,2.0,100.0
GLAS,glas039,Control_202,14,O1,-5.435437,39,2.0,100.0
GLAS,glas039,Control_202,14,O2,-5.728953,39,2.0,100.0
GLAS,glas039,Control_202,15,Pz,17.51459,39,6.0,100.0
GLAS,glas039,Control_202,15,Cz,5.343989,39,6.0,100.0
GLAS,glas039,Control_202,15,CP1,24.11358,39,6.0,100.0
GLAS,glas039,Control_202,15,CP2,8.211123,39,6.0,100.0
GLAS,glas039,Control_202,15,P3,24.57378,39,6.0,100.0
GLAS,glas039,Control_202,15,P4,16.25241,39,6.0,100.0
GLAS,glas039,Control_202,15,C3,15.55415,39,6.0,100.0
GLAS,glas039,Control_202,15,C4,16.0454,39,6.0,100.0
GLAS,glas039,Control_202,15,P7,28.12343,39,6.0,100.0
GLAS,glas039,Control_202,15,P8,15.13963,39,6.0,100.0
GLAS,glas039,Control_202,15,O1,28.99845,39,6.0,100.0
GLAS,glas039,Control_202,15,O2,14.29011,39,6.0,100.0
GLAS,glas039,Violation_201,16,Pz,24.99202,39,13.0,0.0
GLAS,glas039,Violation_201,16,Cz,23.29316,39,13.0,0.0
GLAS,glas039,Violation_201,16,CP1,20.33624,39,13.0,0.0
GLAS,glas039,Violation_201,16,CP2,21.1778,39,13.0,0.0
GLAS,glas039,Violation_201,16,P3,18.66373,39,13.0,0.0
GLAS,glas039,Violation_201,16,P4,30.40841,39,13.0,0.0
GLAS,glas039,Violation_201,16,C3,30.64029,39,13.0,0.0
GLAS,glas039,Violation_201,16,C4,30.49884,39,13.0,0.0
GLAS,glas039,Violation_201,16,P7,19.33193,39,13.0,0.0
GLAS,glas039,Violation_201,16,P8,27.12203,39,13.0,0.0
GLAS,glas039,Violation_201,16,O1,12.36832,39,13.0,0.0
GLAS,glas039,Violation_201,16,O2,21.69037,39,13.0,0.0
GLAS,glas039,Control_202,17,Pz,-10.21219,39,17.0,62.0
GLAS,glas039,Control_202,17,Cz,-19.02219,39,17.0,62.0
GLAS,glas039,Control_202,17,CP1,-12.43578,39,17.0,62.0
GLAS,glas039,Control_202,17,CP2,-4.206645,39,17.0,62.0
GLAS,glas039,Control_202,17,P3,-7.002773,39,17.0,62.0
GLAS,glas039,Control_202,17,P4,-17.93334,39,17.0,62.0
GLAS,glas039,Control_202,17,C3,-19.29202,39,17.0,62.0
GLAS,glas039,Control_202,17,C4,-19.42316,39,17.0,62.0
GLAS,glas039,Control_202,17,P7,-8.796225,39,17.0,62.0
GLAS,glas039,Control_202,17,P8,-25.17086,39,17.0,62.0
GLAS,glas039,Control_202,17,O1,-8.496544,39,17.0,62.0
GLAS,glas039,Control_202,17,O2,-4.489898,39,17.0,62.0
GLAS,glas039,Control_202,18,Pz,-5.457015,39,9.0,93.0
GLAS,glas039,Control_202,18,Cz,0.9563377,39,9.0,93.0
GLAS,glas039,Control_202,18,CP1,1.588196,39,9.0,93.0
GLAS,glas039,Control_202,18,CP2,12.4469,39,9.0,93.0
GLAS,glas039,Control_202,18,P3,-4.671875,39,9.0,93.0
GLAS,glas039,Control_202,18,P4,0.1620487,39,9.0,93.0
GLAS,glas039,Control_202,18,C3,-0.381076,39,9.0,93.0
GLAS,glas039,Control_202,18,C4,1.195542,39,9.0,93.0
GLAS,glas039,Control_202,18,P7,5.639164,39,9.0,93.0
GLAS,glas039,Control_202,18,P8,4.358938,39,9.0,93.0
GLAS,glas039,Control_202,18,O1,21.66495,39,9.0,93.0
GLAS,glas039,Control_202,18,O2,-3.271841,39,9.0,93.0
GLAS,glas039,Violation_201,19,Pz,-4.611001,39,1.0,0.0
GLAS,glas039,Violation_201,19,Cz,-6.150434,39,1.0,0.0
GLAS,glas039,Violation_201,19,CP1,10.87054,39,1.0,0.0
GLAS,glas039,Violation_201,19,CP2,-12.07947,39,1.0,0.0
GLAS,glas039,Violation_201,19,P3,13.27749,39,1.0,0.0
GLAS,glas039,Violation_201,19,P4,0.8509541,39,1.0,0.0
GLAS,glas039,Violation_201,19,C3,-0.5636949,39,1.0,0.0
GLAS,glas039,Violation_201,19,C4,0.2074182,39,1.0,0.0
GLAS,glas039,Violation_201,19,P7,9.642735,39,1.0,0.0
GLAS,glas039,Violation_201,19,P8,4.539647,39,1.0,0.0
GLAS,glas039,Violation_201,19,O1,17.01525,39,1.0,0.0
GLAS,glas039,Violation_201,19,O2,1.581305,39,1.0,0.0
GLAS,glas039,Control_202,20,Pz,0.7195978,39,5.0,93.0
GLAS,glas039,Control_202,20,Cz,-2.193945,39,5.0,93.0
GLAS,glas039,Control_202,20,CP1,6.201196,39,5.0,93.0
GLAS,glas039,Control_202,20,CP2,2.954886,39,5.0,93.0
GLAS,glas039,Control_202,20,P3,5.856825,39,5.0,93.0
GLAS,glas039,Control_202,20,P4,-2.93209,39,5.0,93.0
GLAS,glas039,Control_202,20,C3,3.731856,39,5.0,93.0
GLAS,glas039,Control_202,20,C4,1.825825,39,5.0,93.0
GLAS,glas039,Control_202,20,P7,7.670224,39,5.0,93.0
GLAS,glas039,Control_202,20,P8,3.243705,39,5.0,93.0
GLAS,glas039,Control_202,20,O1,-1.666877,39,5.0,93.0
GLAS,glas039,Control_202,20,O2,-3.279134,39,5.0,93.0
GLAS,glas039,Violation_201,21,Pz,-24.42723,39,25.0,0.0
GLAS,glas039,Violation_201,21,Cz,-27.96807,39,25.0,0.0
GLAS,glas039,Violation_201,21,CP1,-26.0877,39,25.0,0.0
GLAS,glas039,Violation_201,21,CP2,-32.41842,39,25.0,0.0
GLAS,glas039,Violation_201,21,P3,-25.62961,39,25.0,0.0
GLAS,glas039,Violation_201,21,P4,-28.36833,39,25.0,0.0
GLAS,glas039,Violation_201,21,C3,-22.49676,39,25.0,0.0
GLAS,glas039,Violation_201,21,C4,-24.46946,39,25.0,0.0
GLAS,glas039,Violation_201,21,P7,-23.40877,39,25.0,0.0
GLAS,glas039,Violation_201,21,P8,-25.08756,39,25.0,0.0
GLAS,glas039,Violation_201,21,O1,-13.56419,39,25.0,0.0
GLAS,glas039,Violation_201,21,O2,-21.16624,39,25.0,0.0
GLAS,glas039,Violation_201,22,Pz,-6.341936,39,39.0,0.0
GLAS,glas039,Violation_201,22,Cz,-11.0813,39,39.0,0.0
GLAS,glas039,Violation_201,22,CP1,-5.007775,39,39.0,0.0
GLAS,glas039,Violation_201,22,CP2,7.426446,39,39.0,0.0
GLAS,glas039,Violation_201,22,P3,-7.019945,39,39.0,0.0
GLAS,glas039,Violation_201,22,P4,0.6370649,39,39.0,0.0
GLAS,glas039,Violation_201,22,C3,0.05671239,39,39.0,0.0
GLAS,glas039,Violation_201,22,C4,0.1503042,39,39.0,0.0
GLAS,glas039,Violation_201,22,P7,0.3881769,39,39.0,0.0
GLAS,glas039,Violation_201,22,P8,7.235209,39,39.0,0.0
GLAS,glas039,Violation_201,22,O1,14.80877,39,39.0,0.0
GLAS,glas039,Violation_201,22,O2,16.08599,39,39.0,0.0
GLAS,glas039,Violation_201,23,Pz,-26.82535,39,38.0,0.0
GLAS,glas039,Violation_201,23,Cz,-13.48352,39,38.0,0.0
GLAS,glas039,Violation_201,23,CP1,-20.19285,39,38.0,0.0
GLAS,glas039,Violation_201,23,CP2,-32.17825,39,38.0,0.0
GLAS,glas039,Violation_201,23,P3,-25.62719,39,38.0,0.0
GLAS,glas039,Violation_201,23,P4,-30.08444,39,38.0,0.0
GLAS,glas039,Violation_201,23,C3,-24.184,39,38.0,0.0
GLAS,glas039,Violation_201,23,C4,-27.15412,39,38.0,0.0
GLAS,glas039,Violation_201,23,P7,-28.15439,39,38.0,0.0
GLAS,glas039,Violation_201,23,P8,-28.48004,39,38.0,0.0
GLAS,glas039,Violation_201,23,O1,-31.53977,39,38.0,0.0
GLAS,glas039,Violation_201,23,O2,-19.95613,39,38.0,0.0
GLAS,glas039,Control_202,24,Pz,-11.89522,39,32.0,80.0
GLAS,glas039,Control_202,24,Cz,-16.00253,39,32.0,80.0
GLAS,glas039,Control_202,24,CP1,-9.6088,39,32.0,80.0
GLAS,glas039,Control_202,24,CP2,-9.77043,39,32.0,80.0
GLAS,glas039,Control_202,24,P3,-11.35766,39,32.0,80.0
GLAS,glas039,Control_202,24,P4,-11.50961,39,32.0,80.0
GLAS,glas039,Control_202,24,C3,-8.929229,39,32.0,80.0
GLAS,glas039,Control_202,24,C4,-8.090707,39,32.0,80.0
GLAS,glas039,Control_202,24,P7,-11.04428,39,32.0,80.0
GLAS,glas039,Control_202,24,P8,-7.174332,39,32.0,80.0
GLAS,glas039,Control_202,24,O1,-17.79253,39,32.0,80.0
GLAS,glas039,Control_202,24,O2,-17.29598,39,32.0,80.0
GLAS,glas039,Control_202,25,Pz,12.04985,39,26.0,87.0
GLAS,glas039,Control_202,25,Cz,5.227238,39,26.0,87.0
GLAS,glas039,Control_202,25,CP1,15.77981,39,26.0,87.0
GLAS,glas039,Control_202,25,CP2,2.454369,39,26.0,87.0
GLAS,glas039,Control_202,25,P3,10.5673,39,26.0,87.0
GLAS,glas039,Control_202,25,P4,5.725684,39,26.0,87.0
GLAS,glas039,Control_202,25,C3,5.224009,39,26.0,87.0
GLAS,glas039,Control_202,25,C4,6.08458,39,26.0,87.0
GLAS,glas039,Control_202,25,P7,19.12524,39,26.0,87.0
GLAS,glas039,Control_202,25,P8,-0.02816727,39,26.0,87.0
GLAS,glas039,Control_202,25,O1,12.08027,39,26.0,87.0
GLAS,glas039,Control_202,25,O2,4.414787,39,26.0,87.0
GLAS,glas039,Violation_201,26,Pz,14.75019,39,34.0,30.0
GLAS,glas039,Violation_201,26,Cz,14.47154,39,34.0,30.0
GLAS,glas039,Violation_201,26,CP1,17.66928,39,34.0,30.0
GLAS,glas039,Violation_201,26,CP2,3.674445,39,34.0,30.0
GLAS,glas039,Violation_201,26,P3,16.45168,39,34.0,30.0
GLAS,glas039,Violation_201,26,P4,8.930312,39,34.0,30.0
GLAS,glas039,Violation_201,26,C3,6.418729,39,34.0,30.0
GLAS,glas039,Violation_201,26,C4,8.012469,39,34.0,30.0
GLAS,glas039,Violation_201,26,P7,20.12036,39,34.0,30.0
GLAS,glas039,Violation_201,26,P8,10.96026,39,34.0,30.0
GLAS,glas039,Violation_201,26,O1,19.00216,39,34.0,30.0
GLAS,glas039,Violation_201,26,O2,14.63413,39,34.0,30.0
GLAS,glas040,Violation_201,1,Pz,1.078199,40,14.0,0.0
GLAS,glas040,Violation_201,1,Cz,0.4777752,40,14.0,0.0
GLAS,glas040,Violation_201,1,CP1,-2.918744,40,14.0,0.0
GLAS,glas040,Violation_201,1,CP2,1.865872,40,14.0,0.0
GLAS,glas040,Violation_201,1,P3,2.639289,40,14.0,0.0
GLAS,glas040,Violation_201,1,P4,3.90998,40,14.0,0.0
GLAS,glas040,Violation_201,1,C3,1.948795,40,14.0,0.0
GLAS,glas040,Violation_201,1,C4,0.1566107,40,14.0,0.0
GLAS,glas040,Violation_201,1,P7,-7.381912,40,14.0,0.0
GLAS,glas040,Violation_201,1,P8,0.9792768,40,14.0,0.0
GLAS,glas040,Violation_201,1,O1,5.820248,40,14.0,0.0
GLAS,glas040,Violation_201,1,O2,15.7075,40,14.0,0.0
GLAS,glas040,Control_202,2,Pz,-17.26698,40,17.0,62.0
GLAS,glas040,Control_202,2,Cz,-12.36986,40,17.0,62.0
GLAS,glas040,Control_202,2,CP1,-11.18091,40,17.0,62.0
GLAS,glas040,Control_202,2,CP2,-6.105116,40,17.0,62.0
GLAS,glas040,Control_202,2,P3,-6.910346,40,17.0,62.0
GLAS,glas040,Control_202,2,P4,-10.99481,40,17.0,62.0
GLAS,glas040,Control_202,2,C3,-13.56773,40,17.0,62.0
GLAS,glas040,Control_202,2,C4,-13.53795,40,17.0,62.0
GLAS,glas040,Control_202,2,P7,-3.224717,40,17.0,62.0
GLAS,glas040,Control_202,2,P8,-15.27033,40,17.0,62.0
GLAS,glas040,Control_202,2,O1,-8.496675,40,17.0,62.0
GLAS,glas040,Control_202,2,O2,-14.10006,40,17.0,62.0
GLAS,glas040,Control_202,3,Pz,6.140963,40,1.0,97.0
GLAS,glas040,Control_202,3,Cz,-1.329866,40,1.0,97.0
GLAS,glas040,Control_202,3,CP1,-3.184803,40,1.0,97.0
GLAS,glas040,Control_202,3,CP2,-3.43574,40,1.0,97.0
GLAS,glas040,Control_202,3,P3,4.182607,40,1.0,97.0
GLAS,glas040,Control_202,3,P4,-5.409177,40,1.0,97.0
GLAS,glas040,Control_202,3,C3,-1.008806,40,1.0,97.0
GLAS,glas040,Control_202,3,C4,0.6279103,40,1.0,97.0
GLAS,glas040,Control_202,3,P7,2.054677,40,1.0,97.0
GLAS,glas040,Control_202,3,P8,2.450023,40,1.0,97.0
GLAS,glas040,Control_202,3,O1,3.90893,40,1.0,97.0
GLAS,glas040,Control_202,3,O2,-4.758162,40,1.0,97.0
GLAS,glas040,Violation_201,4,Pz,27.28106,40,12.0,13.0
GLAS,glas040,Violation_201,4,Cz,25.95684,40,12.0,13.0
GLAS,glas040,Violation_201,4,CP1,19.48822,40,12.0,13.0
GLAS,glas040,Violation_201,4,CP2,22.78848,40,12.0,13.0
GLAS,glas040,Violation_201,4,P3,19.85062,40,12.0,13.0
GLAS,glas040,Violation_201,4,P4,28.06827,40,12.0,13.0
GLAS,glas040,Violation_201,4,C3,30.11202,40,12.0,13.0
GLAS,glas040,Violation_201,4,C4,29.63394,40,12.0,13.0
GLAS,glas040,Violation_201,4,P7,18.98015,40,12.0,13.0
GLAS,glas040,Violation_201,4,P8,23.33914,40,12.0,13.0
GLAS,glas040,Violation_201,4,O1,16.32144,40,12.0,13.0
GLAS,glas040,Violation_201,4,O2,11.69703,40,12.0,13.0
GLAS,glas040,Control_202,5,Pz,-13.59103,40,7.0,80.0
GLAS,glas040,Control_202,5,Cz,-14.40499,40,7.0,80.0
GLAS,glas040,Control_202,5,CP1,-10.05658,40,7.0,80.0
GLAS,glas040,Control_202,5,CP2,-5.868956,40,7.0,80.0
GLAS,glas040,Control_202,5,P3,-10.74924,40,7.0,80.0
GLAS,glas040,Control_202,5,P4,-12.29963,40,7.0,80.0
GLAS,glas040,Control_202,5,C3,-14.48769,40,7.0,80.0
GLAS,glas040,Control_202,5,C4,-17.22773,40,7.0,80.0
GLAS,glas040,Control_202,5,P7,-2.664769,40,7.0,80.0
GLAS,glas040,Control_202,5,P8,-7.031755,40,7.0,80.0
GLAS,glas040,Control_202,5,O1,-10.82644,40,7.0,80.0
GLAS,glas040,Control_202,5,O2,-5.647765,40,7.0,80.0
GLAS,glas040,Control_202,6,Pz,8.636378,40,11.0,87.0
GLAS,glas040,Control_202,6,Cz,7.995291,40,11.0,87.0
GLAS,glas040,Control_202,6,CP1,11.92683,40,11.0,87.0
GLAS,glas040,Control_202,6,CP2,7.496363,40,11.0,87.0
GLAS,glas040,Control_202,6,P3,7.348462,40,11.0,87.0
GLAS,glas040,Control_202,6,P4,16.67176,40,11.0,87.0
GLAS,glas040,Control_202,6,C3,12.2701,40,11.0,87.0
GLAS,glas040,Control_202,6,C4,12.46128,40,11.0,87.0
GLAS,glas040,Control_202,6,P7,6.004673,40,11.0,87.0
GLAS,glas040,Control_202,6,P8,11.71593,40,11.0,87.0
GLAS,glas040,Control_202,6,O1,21.61924,40,11.0,87.0
GLAS,glas040,Control_202,6,O2,9.749566,40,11.0,87.0
GLAS,glas040,Violation_201,7,Pz,-17.45193,40,16.0,0.0
GLAS,glas040,Violation_201,7,Cz,-17.26915,40,16.0,0.0
GLAS,glas040,Violation_201,7,CP1,-18.00019,40,16.0,0.0
GLAS,glas040,Violation_201,7,CP2,-11.94567,40,16.0,0.0
GLAS,glas040,Violation_201,7,P3,-11.65131,40,16.0,0.0
GLAS,glas040,Violation_201,7,P4,-21.21759,40,16.0,0.0
GLAS,glas040,Violation_201,7,C3,-17.80852,40,16.0,0.0
GLAS,glas040,Violation_201,7,C4,-14.41648,40,16.0,0.0
GLAS,glas040,Violation_201,7,P7,-8.131838,40,16.0,0.0
GLAS,glas040,Violation_201,7,P8,-24.00493,40,16.0,0.0
GLAS,glas040,Violation_201,7,O1,-9.930178,40,16.0,0.0
GLAS,glas040,Violation_201,7,O2,-8.092277,40,16.0,0.0
GLAS,glas040,Violation_201,8,Pz,8.455768,40,15.0,0.0
GLAS,glas040,Violation_201,8,Cz,10.65953,40,15.0,0.0
GLAS,glas040,Violation_201,8,CP1,3.765178,40,15.0,0.0
GLAS,glas040,Violation_201,8,CP2,10.02488,40,15.0,0.0
GLAS,glas040,Violation_201,8,P3,11.05484,40,15.0,0.0
GLAS,glas040,Violation_201,8,P4,8.617873,40,15.0,0.0
GLAS,glas040,Violation_201,8,C3,12.59403,40,15.0,0.0
GLAS,glas040,Violation_201,8,C4,10.83566,40,15.0,0.0
GLAS,glas040,Violation_201,8,P7,12.88122,40,15.0,0.0
GLAS,glas040,Violation_201,8,P8,6.008416,40,15.0,0.0
GLAS,glas040,Violation_201,8,O1,17.57199,40,15.0,0.0
GLAS,glas040,Violation_201,8,O2,5.128274,40,15.0,0.0
GLAS,glas040,Control_202,9,Pz,8.303654,40,18.0,87.0
GLAS,glas040,Control_202,9,Cz,10.67753,40,18.0,87.0
GLAS,glas040,Control_202,9,CP1,6.478403,40,18.0,87.0
GLAS,glas040,Control_202,9,CP2,3.089014,40,18.0,87.0
GLAS,glas040,Control_202,9,P3,7.572715,40,18.0,87.0
GLAS,glas040,Control_202,9,P4,1.788516,40,18.0,87.0
GLAS,glas040,Control_202,9,C3,12.09455,40,18.0,87.0
GLAS,glas040,Control_202,9,C4,8.616909,40,18.0,87.0
GLAS,glas040,Control_202,9,P7,18.47522,40,18.0,87.0
GLAS,glas040,Control_202,9,P8,14.04679,40,18.0,87.0
GLAS,glas040,Control_202,9,O1,10.75094,40,18.0,87.0
GLAS,glas040,Control_202,9,O2,1.70176,40,18.0,87.0
GLAS,glas040,Control_202,10,Pz,1.726689,40,2.0,100.0
GLAS,glas040,Control_202,10,Cz,1.102112,40,2.0,100.0
GLAS,glas040,Control_202,10,CP1,7.973439,40,2.0,100.0
GLAS,glas040,Control_202,10,CP2,3.685111,40,2.0,100.0
GLAS,glas040,Control_202,10,P3,4.403465,40,2.0,100.0
GLAS,glas040,Control_202,10,P4,-1.863591,40,2.0,100.0
GLAS,glas040,Control_202,10,C3,-1.510634,40,2.0,100.0
GLAS,glas040,Control_202,10,C4,-1.715024,40,2.0,100.0
GLAS,glas040,Control_202,10,P7,12.28211,40,2.0,100.0
GLAS,glas040,Control_202,10,P8,0.5951617,40,2.0,100.0
GLAS,glas040,Control_202,10,O1,1.385637,40,2.0,100.0
GLAS,glas040,Control_202,10,O2,2.262878,40,2.0,100.0
GLAS,glas040,Violation_201,11,Pz,-4.436675,40,19.0,0.0
GLAS,glas040,Violation_201,11,Cz,-1.302309,40,19.0,0.0
GLAS,glas040,Violation_201,11,CP1,3.603254,40,19.0,0.0
GLAS,glas040,Violation_201,11,CP2,-1.533164,40,19.0,0.0
GLAS,glas040,Violation_201,11,P3,-0.3477421,40,19.0,0.0
GLAS,glas040,Violation_201,11,P4,-2.650148,40,19.0,0.0
GLAS,glas040,Violation_201,11,C3,-3.547374,40,19.0,0.0
GLAS,glas040,Violation_201,11,C4,-4.275258,40,19.0,0.0
GLAS,glas040,Violation_201,11,P7,3.515307,40,19.0,0.0
GLAS,glas040,Violation_201,11,P8,0.2908939,40,19.0,0.0
GLAS,glas040,Violation_201,11,O1,5.77244,40,19.0,0.0
GLAS,glas040,Violation_201,11,O2,1.859423,40,19.0,0.0
GLAS,glas040,Control_202,12,Pz,-9.506538,40,20.0,90.0
GLAS,glas040,Control_202,12,Cz,0.2336864,40,20.0,90.0
GLAS,glas040,Control_202,12,CP1,-3.865801,40,20.0,90.0
GLAS,glas040,Control_202,12,CP2,1.577042,40,20.0,90.0
GLAS,glas040,Control_202,12,P3,-2.866712,40,20.0,90.0
GLAS,glas040,Control_202,12,P4,-2.62623,40,20.0,90.0
GLAS,glas040,Control_202,12,C3,1.590849,40,20.0,90.0
GLAS,glas040,Control_202,12,C4,1.47405,40,20.0,90.0
GLAS,glas040,Control_202,12,P7,-8.174107,40,20.0,90.0
GLAS,glas040,Control_202,12,P8,-3.097807,40,20.0,90.0
GLAS,glas040,Control_202,12,O1,-9.201824,40,20.0,90.0
GLAS,glas040,Control_202,12,O2,0.8597521,40,20.0,90.0
GLAS,glas040,Control_202,13,Pz,8.320178,40,4.0,93.0
GLAS,glas040,Control_202,13,Cz,8.550973,40,4.0,93.0
GLAS,glas040,Control_202,13,CP1,2.862233,40,4.0,93.0
GLAS,glas040,Control_202,13,CP2,-0.2310545,40,4.0,93.0
GLAS,glas040,Control_202,13,P3,5.326788,40,4.0,93.0
GLAS,glas040,Control_202,13,P4,4.074744,40,4.0,93.0
GLAS,glas040,Control_202,13,C3,7.679634,40,4.0,93.0
GLAS,glas040,Control_202,13,C4,5.633702,40,4.0,93.0
GLAS,glas040,Control_202,13,P7,-1.481774,40,4.0,93.0
GLAS,glas040,Control_202,13,P8,6.190707,40,4.0,93.0
GLAS,glas040,Control_202,13,O1,-1.328021,40,4.0,93.0
GLAS,glas040,Control_202,13,O2,-2.663126,40,4.0,93.0
GLAS,glas040,Control_202,14,Pz,-15.47536,40,5.0,93.0
GLAS,glas040,Control_202,14,Cz,-15.29963,40,5.0,93.0
GLAS,glas040,Control_202,14,CP1,-8.945193,40,5.0,93.0
GLAS,glas040,Control_202,14,CP2,-7.48292,40,5.0,93.0
GLAS,glas040,Control_202,14,P3,-2.424547,40,5.0,93.0
GLAS,glas040,Control_202,14,P4,-9.252316,40,5.0,93.0
GLAS,glas040,Control_202,14,C3,-14.69659,40,5.0,93.0
GLAS,glas040,Control_202,14,C4,-17.28811,40,5.0,93.0
GLAS,glas040,Control_202,14,P7,-5.252136,40,5.0,93.0
GLAS,glas040,Control_202,14,P8,-10.36504,40,5.0,93.0
GLAS,glas040,Control_202,14,O1,1.301293,40,5.0,93.0
GLAS,glas040,Control_202,14,O2,-8.010848,40,5.0,93.0
GLAS,glas040,Violation_201,15,Pz,-8.073672,40,9.0,3.0
GLAS,glas040,Violation_201,15,Cz,-3.746986,40,9.0,3.0
GLAS,glas040,Violation_201,15,CP1,-3.962458,40,9.0,3.0
GLAS,glas040,Violation_201,15,CP2,2.746302,40,9.0,3.0
GLAS,glas040,Violation_201,15,P3,-2.665211,40,9.0,3.0
GLAS,glas040,Violation_201,15,P4,6.874776,40,9.0,3.0
GLAS,glas040,Violation_201,15,C3,-3.784486,40,9.0,3.0
GLAS,glas040,Violation_201,15,C4,-2.322135,40,9.0,3.0
GLAS,glas040,Violation_201,15,P7,-3.877261,40,9.0,3.0
GLAS,glas040,Violation_201,15,P8,6.895874,40,9.0,3.0
GLAS,glas040,Violation_201,15,O1,-4.295208,40,9.0,3.0
GLAS,glas040,Violation_201,15,O2,5.767148,40,9.0,3.0
GLAS,glas040,Violation_201,16,Pz,-25.42798,40,3.0,7.0
GLAS,glas040,Violation_201,16,Cz,-13.0327,40,3.0,7.0
GLAS,glas040,Violation_201,16,CP1,-8.369553,40,3.0,7.0
GLAS,glas040,Violation_201,16,CP2,-15.37836,40,3.0,7.0
GLAS,glas040,Violation_201,16,P3,-10.2864,40,3.0,7.0
GLAS,glas040,Violation_201,16,P4,-11.59167,40,3.0,7.0
GLAS,glas040,Violation_201,16,C3,-16.22898,40,3.0,7.0
GLAS,glas040,Violation_201,16,C4,-13.01085,40,3.0,7.0
GLAS,glas040,Violation_201,16,P7,-7.446637,40,3.0,7.0
GLAS,glas040,Violation_201,16,P8,-18.25603,40,3.0,7.0
GLAS,glas040,Violation_201,16,O1,-3.825116,40,3.0,7.0
GLAS,glas040,Violation_201,16,O2,-14.65512,40,3.0,7.0
GLAS,glas040,Control_202,17,Pz,10.75597,40,10.0,80.0
GLAS,glas040,Control_202,17,Cz,10.96754,40,10.0,80.0
GLAS,glas040,Control_202,17,CP1,17.88719,40,10.0,80.0
GLAS,glas040,Control_202,17,CP2,14.02128,40,10.0,80.0
GLAS,glas040,Control_202,17,P3,11.18548,40,10.0,80.0
GLAS,glas040,Control_202,17,P4,19.0026,40,10.0,80.0
GLAS,glas040,Control_202,17,C3,12.44146,40,10.0,80.0
GLAS,glas040,Control_202,17,C4,7.976433,40,10.0,80.0
GLAS,glas040,Control_202,17,P7,7.875623,40,10.0,80.0
GLAS,glas040,Control_202,17,P8,16.61191,40,10.0,80.0
GLAS,glas040,Control_202,17,O1,10.50537,40,10.0,80.0
GLAS,glas040,Control_202,17,O2,23.20146,40,10.0,80.0
GLAS,glas040,Control_202,18,Pz,-3.451654,40,6.0,100.0
GLAS,glas040,Control_202,18,Cz,-0.7432504,40,6.0,100.0
GLAS,glas040,Control_202,18,CP1,-3.894944,40,6.0,100.0
GLAS,glas040,Control_202,18,CP2,-3.23043,40,6.0,100.0
GLAS,glas040,Control_202,18,P3,-2.409668,40,6.0,100.0
GLAS,glas040,Control_202,18,P4,3.238259,40,6.0,100.0
GLAS,glas040,Control_202,18,C3,-0.3260107,40,6.0,100.0
GLAS,glas040,Control_202,18,C4,-1.745087,40,6.0,100.0
GLAS,glas040,Control_202,18,P7,-16.5161,40,6.0,100.0
GLAS,glas040,Control_202,18,P8,-3.488689,40,6.0,100.0
GLAS,glas040,Control_202,18,O1,-4.651414,40,6.0,100.0
GLAS,glas040,Control_202,18,O2,-9.639682,40,6.0,100.0
GLAS,glas040,Violation_201,19,Pz,13.92688,40,8.0,34.0
GLAS,glas040,Violation_201,19,Cz,13.26837,40,8.0,34.0
GLAS,glas040,Violation_201,19,CP1,5.183857,40,8.0,34.0
GLAS,glas040,Violation_201,19,CP2,3.027827,40,8.0,34.0
GLAS,glas040,Violation_201,19,P3,8.224476,40,8.0,34.0
GLAS,glas040,Violation_201,19,P4,4.622804,40,8.0,34.0
GLAS,glas040,Violation_201,19,C3,9.732573,40,8.0,34.0
GLAS,glas040,Violation_201,19,C4,16.19753,40,8.0,34.0
GLAS,glas040,Violation_201,19,P7,5.323631,40,8.0,34.0
GLAS,glas040,Violation_201,19,P8,-1.436445,40,8.0,34.0
GLAS,glas040,Violation_201,19,O1,11.18354,40,8.0,34.0
GLAS,glas040,Violation_201,19,O2,9.16428,40,8.0,34.0
GLAS,glas040,Violation_201,20,Pz,-1.96036,40,13.0,0.0
GLAS,glas040,Violation_201,20,Cz,-5.934764,40,13.0,0.0
GLAS,glas040,Violation_201,20,CP1,-0.3887712,40,13.0,0.0
GLAS,glas040,Violation_201,20,CP2,-1.315767,40,13.0,0.0
GLAS,glas040,Violation_201,20,P3,5.218268,40,13.0,0.0
GLAS,glas040,Violation_201,20,P4,1.179209,40,13.0,0.0
GLAS,glas040,Violation_201,20,C3,-3.69349,40,13.0,0.0
GLAS,glas040,Violation_201,20,C4,-4.283938,40,13.0,0.0
GLAS,glas040,Violation_201,20,P7,-2.403077,40,13.0,0.0
GLAS,glas040,Violation_201,20,P8,-2.321505,40,13.0,0.0
GLAS,glas040,Violation_201,20,O1,-4.16206,40,13.0,0.0
GLAS,glas040,Violation_201,20,O2,-4.970695,40,13.0,0.0
GLAS,glas040,Violation_201,21,Pz,-7.237532,40,25.0,0.0
GLAS,glas040,Violation_201,21,Cz,-11.932,40,25.0,0.0
GLAS,glas040,Violation_201,21,CP1,-8.04152,40,25.0,0.0
GLAS,glas040,Violation_201,21,CP2,-10.79428,40,25.0,0.0
GLAS,glas040,Violation_201,21,P3,-15.27905,40,25.0,0.0
GLAS,glas040,Violation_201,21,P4,4.679886,40,25.0,0.0
GLAS,glas040,Violation_201,21,C3,-7.770054,40,25.0,0.0
GLAS,glas040,Violation_201,21,C4,-8.981657,40,25.0,0.0
GLAS,glas040,Violation_201,21,P7,-10.54696,40,25.0,0.0
GLAS,glas040,Violation_201,21,P8,-6.535906,40,25.0,0.0
GLAS,glas040,Violation_201,21,O1,-16.73731,40,25.0,0.0
GLAS,glas040,Violation_201,21,O2,-6.524731,40,25.0,0.0
GLAS,glas040,Violation_201,22,Pz,-12.88728,40,28.0,67.0
GLAS,glas040,Violation_201,22,Cz,-6.939228,40,28.0,67.0
GLAS,glas040,Violation_201,22,CP1,0.3389475,40,28.0,67.0
GLAS,glas040,Violation_201,22,CP2,0.786728,40,28.0,67.0
GLAS,glas040,Violation_201,22,P3,-7.487425,40,28.0,67.0
GLAS,glas040,Violation_201,22,P4,-0.3675537,40,28.0,67.0
GLAS,glas040,Violation_201,22,C3,-5.446554,40,28.0,67.0
GLAS,glas040,Violation_201,22,C4,-3.129063,40,28.0,67.0
GLAS,glas040,Violation_201,22,P7,4.294849,40,28.0,67.0
GLAS,glas040,Violation_201,22,P8,-4.758048,40,28.0,67.0
GLAS,glas040,Violation_201,22,O1,-5.939835,40,28.0,67.0
GLAS,glas040,Violation_201,22,O2,4.441371,40,28.0,67.0
GLAS,glas040,Control_202,23,Pz,22.93666,40,40.0,93.0
GLAS,glas040,Control_202,23,Cz,16.92159,40,40.0,93.0
GLAS,glas040,Control_202,23,CP1,24.28605,40,40.0,93.0
GLAS,glas040,Control_202,23,CP2,15.00839,40,40.0,93.0
GLAS,glas040,Control_202,23,P3,19.79268,40,40.0,93.0
GLAS,glas040,Control_202,23,P4,21.2557,40,40.0,93.0
GLAS,glas040,Control_202,23,C3,17.15687,40,40.0,93.0
GLAS,glas040,Control_202,23,C4,14.3418,40,40.0,93.0
GLAS,glas040,Control_202,23,P7,22.62144,40,40.0,93.0
GLAS,glas040,Control_202,23,P8,21.8811,40,40.0,93.0
GLAS,glas040,Control_202,23,O1,11.05874,40,40.0,93.0
GLAS,glas040,Control_202,23,O2,6.339114,40,40.0,93.0
GLAS,glas040,Violation_201,24,Pz,16.20087,40,22.0,17.0
GLAS,glas040,Violation_201,24,Cz,15.96337,40,22.0,17.0
GLAS,glas040,Violation_201,24,CP1,17.28724,40,22.0,17.0
GLAS,glas040,Violation_201,24,CP2,13.5214,40,22.0,17.0
GLAS,glas040,Violation_201,24,P3,14.28583,40,22.0,17.0
GLAS,glas040,Violation_201,24,P4,18.13601,40,22.0,17.0
GLAS,glas040,Violation_201,24,C3,12.89711,40,22.0,17.0
GLAS,glas040,Violation_201,24,C4,11.83109,40,22.0,17.0
GLAS,glas040,Violation_201,24,P7,12.6321,40,22.0,17.0
GLAS,glas040,Violation_201,24,P8,7.647982,40,22.0,17.0
GLAS,glas040,Violation_201,24,O1,15.2194,40,22.0,17.0
GLAS,glas040,Violation_201,24,O2,14.3497,40,22.0,17.0
GLAS,glas040,Control_202,25,Pz,-26.03911,40,31.0,77.0
GLAS,glas040,Control_202,25,Cz,-32.77381,40,31.0,77.0
GLAS,glas040,Control_202,25,CP1,-31.23462,40,31.0,77.0
GLAS,glas040,Control_202,25,CP2,-26.17662,40,31.0,77.0
GLAS,glas040,Control_202,25,P3,-29.30388,40,31.0,77.0
GLAS,glas040,Control_202,25,P4,-32.03576,40,31.0,77.0
GLAS,glas040,Control_202,25,C3,-33.60566,40,31.0,77.0
GLAS,glas040,Control_202,25,C4,-31.39366,40,31.0,77.0
GLAS,glas040,Control_202,25,P7,-35.52272,40,31.0,77.0
GLAS,glas040,Control_202,25,P8,-28.08981,40,31.0,77.0
GLAS,glas040,Control_202,25,O1,-29.29539,40,31.0,77.0
GLAS,glas040,Control_202,25,O2,-24.97186,40,31.0,77.0
GLAS,glas040,Control_202,26,Pz,17.52234,40,21.0,77.0
GLAS,glas040,Control_202,26,Cz,18.20783,40,21.0,77.0
GLAS,glas040,Control_202,26,CP1,7.274095,40,21.0,77.0
GLAS,glas040,Control_202,26,CP2,15.32342,40,21.0,77.0
GLAS,glas040,Control_202,26,P3,16.062,40,21.0,77.0
GLAS,glas040,Control_202,26,P4,17.16711,40,21.0,77.0
GLAS,glas040,Control_202,26,C3,16.7531,40,21.0,77.0
GLAS,glas040,Control_202,26,C4,15.15636,40,21.0,77.0
GLAS,glas040,Control_202,26,P7,10.39093,40,21.0,77.0
GLAS,glas040,Control_202,26,P8,16.29345,40,21.0,77.0
GLAS,glas040,Control_202,26,O1,11.76276,40,21.0,77.0
GLAS,glas040,Control_202,26,O2,16.34166,40,21.0,77.0
GLAS,glas040,Violation_201,27,Pz,-30.00616,40,34.0,30.0
GLAS,glas040,Violation_201,27,Cz,-28.69921,40,34.0,30.0
GLAS,glas040,Violation_201,27,CP1,-28.32738,40,34.0,30.0
GLAS,glas040,Violation_201,27,CP2,-23.9936,40,34.0,30.0
GLAS,glas040,Violation_201,27,P3,-29.64883,40,34.0,30.0
GLAS,glas040,Violation_201,27,P4,-24.66061,40,34.0,30.0
GLAS,glas040,Violation_201,27,C3,-23.53918,40,34.0,30.0
GLAS,glas040,Violation_201,27,C4,-36.37833,40,34.0,30.0
GLAS,glas040,Violation_201,27,P7,-31.40115,40,34.0,30.0
GLAS,glas040,Violation_201,27,P8,-23.7787,40,34.0,30.0
GLAS,glas040,Violation_201,27,O1,-25.30498,40,34.0,30.0
GLAS,glas040,Violation_201,27,O2,-16.77891,40,34.0,30.0
GLAS,glas040,Control_202,28,Pz,-17.91338,40,38.0,93.0
GLAS,glas040,Control_202,28,Cz,-19.3065,40,38.0,93.0
GLAS,glas040,Control_202,28,CP1,-21.104,40,38.0,93.0
GLAS,glas040,Control_202,28,CP2,-8.973123,40,38.0,93.0
GLAS,glas040,Control_202,28,P3,-22.98807,40,38.0,93.0
GLAS,glas040,Control_202,28,P4,-20.63515,40,38.0,93.0
GLAS,glas040,Control_202,28,C3,-16.66465,40,38.0,93.0
GLAS,glas040,Control_202,28,C4,-19.6775,40,38.0,93.0
GLAS,glas040,Control_202,28,P7,-15.84283,40,38.0,93.0
GLAS,glas040,Control_202,28,P8,-14.15304,40,38.0,93.0
GLAS,glas040,Control_202,28,O1,-19.01217,40,38.0,93.0
GLAS,glas040,Control_202,28,O2,-6.203163,40,38.0,93.0
GLAS,glas040,Control_202,29,Pz,-4.637663,40,36.0,77.0
GLAS,glas040,Control_202,29,Cz,-10.72927,40,36.0,77.0
GLAS,glas040,Control_202,29,CP1,-7.938021,40,36.0,77.0
GLAS,glas040,Control_202,29,CP2,-6.183352,40,36.0,77.0
GLAS,glas040,Control_202,29,P3,-9.351974,40,36.0,77.0
GLAS,glas040,Control_202,29,P4,-8.008007,40,36.0,77.0
GLAS,glas040,Control_202,29,C3,-7.935484,40,36.0,77.0
GLAS,glas040,Control_202,29,C4,-4.465971,40,36.0,77.0
GLAS,glas040,Control_202,29,P7,8.157906,40,36.0,77.0
GLAS,glas040,Control_202,29,P8,-4.364116,40,36.0,77.0
GLAS,glas040,Control_202,29,O1,-3.066293,40,36.0,77.0
GLAS,glas040,Control_202,29,O2,-9.674602,40,36.0,77.0
GLAS,glas040,Control_202,30,Pz,-0.1935347,40,35.0,97.0
GLAS,glas040,Control_202,30,Cz,-1.47509,40,35.0,97.0
GLAS,glas040,Control_202,30,CP1,-2.341214,40,35.0,97.0
GLAS,glas040,Control_202,30,CP2,-2.167098,40,35.0,97.0
GLAS,glas040,Control_202,30,P3,-0.1848098,40,35.0,97.0
GLAS,glas040,Control_202,30,P4,0.6454082,40,35.0,97.0
GLAS,glas040,Control_202,30,C3,-0.9978883,40,35.0,97.0
GLAS,glas040,Control_202,30,C4,-2.380678,40,35.0,97.0
GLAS,glas040,Control_202,30,P7,3.200601,40,35.0,97.0
GLAS,glas040,Control_202,30,P8,-0.1099699,40,35.0,97.0
GLAS,glas040,Control_202,30,O1,16.94681,40,35.0,97.0
GLAS,glas040,Control_202,30,O2,-6.643613,40,35.0,97.0
GLAS,glas040,Violation_201,31,Pz,9.913295,40,27.0,0.0
GLAS,glas040,Violation_201,31,Cz,14.72607,40,27.0,0.0
GLAS,glas040,Violation_201,31,CP1,10.88839,40,27.0,0.0
GLAS,glas040,Violation_201,31,CP2,18.39744,40,27.0,0.0
GLAS,glas040,Violation_201,31,P3,5.788828,40,27.0,0.0
GLAS,glas040,Violation_201,31,P4,17.6495,40,27.0,0.0
GLAS,glas040,Violation_201,31,C3,16.3535,40,27.0,0.0
GLAS,glas040,Violation_201,31,C4,16.51272,40,27.0,0.0
GLAS,glas040,Violation_201,31,P7,9.1525,40,27.0,0.0
GLAS,glas040,Violation_201,31,P8,16.14914,40,27.0,0.0
GLAS,glas040,Violation_201,31,O1,13.70878,40,27.0,0.0
GLAS,glas040,Violation_201,31,O2,11.97836,40,27.0,0.0
GLAS,glas040,Control_202,32,Pz,-24.0727,40,33.0,53.0
GLAS,glas040,Control_202,32,Cz,-19.83791,40,33.0,53.0
GLAS,glas040,Control_202,32,CP1,-4.48094,40,33.0,53.0
GLAS,glas040,Control_202,32,CP2,-11.5205,40,33.0,53.0
GLAS,glas040,Control_202,32,P3,-11.77666,40,33.0,53.0
GLAS,glas040,Control_202,32,P4,-29.85969,40,33.0,53.0
GLAS,glas040,Control_202,32,C3,-20.89237,40,33.0,53.0
GLAS,glas040,Control_202,32,C4,-21.67958,40,33.0,53.0
GLAS,glas040,Control_202,32,P7,-0.1012103,40,33.0,53.0
GLAS,glas040,Control_202,32,P8,-25.53275,40,33.0,53.0
GLAS,glas040,Control_202,32,O1,-0.988273,40,33.0,53.0
GLAS,glas040,Control_202,32,O2,-14.92715,40,33.0,53.0
GLAS,glas040,Violation_201,33,Pz,-3.055736,40,39.0,0.0
GLAS,glas040,Violation_201,33,Cz,-3.02687,40,39.0,0.0
GLAS,glas040,Violation_201,33,CP1,-8.187631,40,39.0,0.0
GLAS,glas040,Violation_201,33,CP2,2.397896,40,39.0,0.0
GLAS,glas040,Violation_201,33,P3,-6.024689,40,39.0,0.0
GLAS,glas040,Violation_201,33,P4,-8.604887,40,39.0,0.0
GLAS,glas040,Violation_201,33,C3,-2.457068,40,39.0,0.0
GLAS,glas040,Violation_201,33,C4,0.4968679,40,39.0,0.0
GLAS,glas040,Violation_201,33,P7,-2.22069,40,39.0,0.0
GLAS,glas040,Violation_201,33,P8,-5.062025,40,39.0,0.0
GLAS,glas040,Violation_201,33,O1,-3.174353,40,39.0,0.0
GLAS,glas040,Violation_201,33,O2,1.373792,40,39.0,0.0
GLAS,glas040,Control_202,34,Pz,-2.681745,40,32.0,80.0
GLAS,glas040,Control_202,34,Cz,7.4231,40,32.0,80.0
GLAS,glas040,Control_202,34,CP1,0.2990079,40,32.0,80.0
GLAS,glas040,Control_202,34,CP2,1.700626,40,32.0,80.0
GLAS,glas040,Control_202,34,P3,3.653781,40,32.0,80.0
GLAS,glas040,Control_202,34,P4,-3.86337,40,32.0,80.0
GLAS,glas040,Control_202,34,C3,2.354947,40,32.0,80.0
GLAS,glas040,Control_202,34,C4,-1.782376,40,32.0,80.0
GLAS,glas040,Control_202,34,P7,3.587927,40,32.0,80.0
GLAS,glas040,Control_202,34,P8,-1.887762,40,32.0,80.0
GLAS,glas040,Control_202,34,O1,10.21322,40,32.0,80.0
GLAS,glas040,Control_202,34,O2,7.085007,40,32.0,80.0
GLAS,glas040,Violation_201,35,Pz,4.216481,40,24.0,40.0
GLAS,glas040,Violation_201,35,Cz,-3.180443,40,24.0,40.0
GLAS,glas040,Violation_201,35,CP1,-1.527722,40,24.0,40.0
GLAS,glas040,Violation_201,35,CP2,1.894386,40,24.0,40.0
GLAS,glas040,Violation_201,35,P3,0.9588889,40,24.0,40.0
GLAS,glas040,Violation_201,35,P4,-0.04785998,40,24.0,40.0
GLAS,glas040,Violation_201,35,C3,-2.082184,40,24.0,40.0
GLAS,glas040,Violation_201,35,C4,-0.7857091,40,24.0,40.0
GLAS,glas040,Violation_201,35,P7,-0.812564,40,24.0,40.0
GLAS,glas040,Violation_201,35,P8,-0.1034756,40,24.0,40.0
GLAS,glas040,Violation_201,35,O1,0.5112186,40,24.0,40.0
GLAS,glas040,Violation_201,35,O2,3.576531,40,24.0,40.0
